{"type":"FeatureCollection","features":[{"type":"Feature","id":"Central Coast","properties":{"id":"Central Coast","name":"Central Coast","name_full":"Central Coast","name_ja":"Central Coast","center_lonlat":[151.2877,-33.3099]},"geometry":{"type":"MultiPolygon","coordinates":[[[[151.0684,-33.4601],[151.0639,-33.4544],[151.0635,-33.4504],[151.0643,-33.4455],[151.0631,-33.4424],[151.052,-33.4409],[151.0488,-33.4383],[151.0465,-33.4319],[151.0446,-33.43],[151.0428,-33.4292],[151.0358,-33.4293],[151.0322,-33.4272],[151.0309,-33.4217],[151.0334,-33.413],[151.0337,-33.4087],[151.032,-33.4054],[151.0271,-33.4023],[151.0215,-33.4006],[151.0162,-33.4001],[151.0012,-33.4016],[150.9978,-33.4009],[150.994,-33.3987],[150.9933,-33.397],[150.9925,-33.3841],[150.9907,-33.3808],[150.9885,-33.3792],[150.99,-33.3779],[150.985,-33.3752],[150.985,-33.3729],[150.9841,-33.3716],[150.9855,-33.3689],[150.9873,-33.3684],[150.986,-33.3675],[150.9862,-33.3669],[150.9873,-33.3661],[150.988,-33.3671],[150.9875,-33.3645],[150.9914,-33.3643],[150.9937,-33.3633],[150.9946,-33.3605],[150.9987,-33.355],[150.9985,-33.3533],[151.0006,-33.3504],[151.003,-33.3513],[151.004,-33.3498],[151.0087,-33.3496],[151.0114,-33.3486],[151.0126,-33.3495],[151.0136,-33.3523],[151.0155,-33.3536],[151.0202,-33.3531],[151.0238,-33.3514],[151.0245,-33.3496],[151.0278,-33.3507],[151.0308,-33.3506],[151.0312,-33.3516],[151.0323,-33.3502],[151.035,-33.35],[151.0353,-33.3492],[151.0395,-33.3471],[151.0422,-33.3433],[151.0447,-33.3442],[151.0471,-33.3429],[151.0492,-33.344],[151.0496,-33.3418],[151.0513,-33.3409],[151.0537,-33.3411],[151.0561,-33.3431],[151.0602,-33.342],[151.0644,-33.3419],[151.0668,-33.34],[151.066,-33.3381],[151.0662,-33.3339],[151.0702,-33.3329],[151.0718,-33.3341],[151.0736,-33.3335],[151.074,-33.3343],[151.0784,-33.3355],[151.0818,-33.3338],[151.0851,-33.3302],[151.0894,-33.3273],[151.09,-33.3244],[151.0871,-33.3204],[151.0842,-33.3185],[151.0864,-33.3178],[151.0865,-33.3168],[151.0884,-33.3159],[151.0904,-33.3157],[151.0898,-33.3137],[151.091,-33.3126],[151.0939,-33.312],[151.0937,-33.3095],[151.0945,-33.3084],[151.0921,-33.307],[151.0933,-33.3039],[151.0955,-33.3029],[151.0946,-33.301],[151.0961,-33.2998],[151.0948,-33.2991],[151.0948,-33.2971],[151.0936,-33.2959],[151.0951,-33.294],[151.0953,-33.2918],[151.0933,-33.2897],[151.0938,-33.2847],[151.0923,-33.2842],[151.0926,-33.2832],[151.0908,-33.2815],[151.0892,-33.2814],[151.0915,-33.2794],[151.0915,-33.2778],[151.0897,-33.2755],[151.09,-33.271],[151.0869,-33.269],[151.09,-33.2685],[151.0921,-33.2648],[151.0941,-33.2643],[151.0947,-33.2618],[151.1,-33.2616],[151.0969,-33.2595],[151.0971,-33.258],[151.0983,-33.2569],[151.0975,-33.2549],[151.0997,-33.2532],[151.0984,-33.2501],[151.1006,-33.2488],[151.0992,-33.2473],[151.0994,-33.2452],[151.1006,-33.244],[151.1003,-33.2416],[151.1025,-33.2392],[151.104,-33.2358],[151.1063,-33.2339],[151.1061,-33.2323],[151.1068,-33.2315],[151.1063,-33.2283],[151.104,-33.2271],[151.1025,-33.2241],[151.1028,-33.2222],[151.1009,-33.2222],[151.0987,-33.2209],[151.0983,-33.2141],[151.0999,-33.212],[151.0989,-33.2106],[151.0982,-33.203],[151.0996,-33.1986],[151.1012,-33.1977],[151.1003,-33.1955],[151.0989,-33.1953],[151.0967,-33.1935],[151.0985,-33.1903],[151.098,-33.1889],[151.0995,-33.1845],[151.1042,-33.1814],[151.101,-33.1772],[151.1006,-33.1704],[151.1019,-33.1675],[151.1008,-33.1663],[151.1007,-33.1648],[151.101,-33.1623],[151.1058,-33.1512],[151.1054,-33.15],[151.0997,-33.1445],[151.1011,-33.1419],[151.101,-33.1365],[151.1053,-33.1307],[151.1071,-33.1299],[151.1079,-33.1277],[151.1098,-33.1268],[151.1113,-33.1272],[151.1147,-33.1252],[151.117,-33.1249],[151.1206,-33.1203],[151.1234,-33.119],[151.1239,-33.1169],[151.1256,-33.1151],[151.1285,-33.1143],[151.1358,-33.11],[151.1384,-33.1112],[151.1427,-33.1111],[151.1509,-33.1133],[151.1549,-33.1179],[151.1607,-33.1212],[151.1635,-33.1247],[151.1728,-33.1285],[151.1764,-33.129],[151.1819,-33.1311],[151.1867,-33.134],[151.1934,-33.1344],[151.1954,-33.1371],[151.2006,-33.1377],[151.2024,-33.139],[151.2049,-33.1369],[151.2047,-33.1346],[151.206,-33.1335],[151.2092,-33.133],[151.2107,-33.1312],[151.2143,-33.1292],[151.2168,-33.1296],[151.2183,-33.1308],[151.2191,-33.1302],[151.22,-33.1287],[151.2188,-33.1272],[151.2189,-33.1236],[151.2212,-33.1204],[151.2277,-33.1166],[151.2298,-33.1144],[151.2317,-33.1143],[151.2323,-33.1132],[151.2311,-33.11],[151.2324,-33.1085],[151.2363,-33.1077],[151.2382,-33.1089],[151.241,-33.1079],[151.2443,-33.1052],[151.2448,-33.1031],[151.2488,-33.1001],[151.2522,-33.0999],[151.254,-33.1011],[151.2561,-33.1012],[151.26,-33.1004],[151.262,-33.0985],[151.2621,-33.0971],[151.2601,-33.0941],[151.2638,-33.0895],[151.2623,-33.0846],[151.2642,-33.081],[151.2643,-33.0791],[151.2623,-33.0774],[151.2622,-33.075],[151.2646,-33.073],[151.2665,-33.0678],[151.2673,-33.0636],[151.2664,-33.0576],[151.2688,-33.058],[151.2727,-33.057],[151.2755,-33.0579],[151.2781,-33.0567],[151.2816,-33.0584],[151.2839,-33.0567],[151.2887,-33.0552],[151.2923,-33.0559],[151.2941,-33.0546],[151.2963,-33.0548],[151.2979,-33.0526],[151.3,-33.0514],[151.3016,-33.0454],[151.3035,-33.0437],[151.3059,-33.0438],[151.309,-33.0473],[151.3157,-33.0485],[151.3176,-33.0501],[151.3194,-33.0532],[151.3234,-33.0554],[151.3256,-33.0597],[151.3315,-33.0622],[151.3319,-33.0662],[151.3333,-33.0696],[151.3395,-33.0735],[151.3481,-33.0761],[151.3571,-33.0818],[151.3572,-33.085],[151.356,-33.0876],[151.3566,-33.09],[151.3607,-33.0908],[151.3639,-33.0943],[151.3682,-33.094],[151.3693,-33.0956],[151.3731,-33.0947],[151.3742,-33.0971],[151.3774,-33.0981],[151.379,-33.0998],[151.38,-33.1066],[151.3824,-33.109],[151.3804,-33.1128],[151.3822,-33.1165],[151.3801,-33.1192],[151.38,-33.1208],[151.3813,-33.1229],[151.3809,-33.1267],[151.3839,-33.1296],[151.3828,-33.1357],[151.383,-33.1397],[151.3848,-33.1421],[151.3874,-33.1432],[151.3883,-33.1501],[151.3923,-33.152],[151.3924,-33.1577],[151.3975,-33.1649],[151.3962,-33.1672],[151.39,-33.17],[151.3978,-33.1702],[151.3992,-33.1728],[151.4041,-33.1736],[151.4035,-33.1763],[151.4006,-33.1759],[151.3986,-33.1857],[151.411,-33.1874],[151.4124,-33.1893],[151.411,-33.1941],[151.4179,-33.1952],[151.4185,-33.1921],[151.4332,-33.1942],[151.4315,-33.1993],[151.4354,-33.1999],[151.4363,-33.1973],[151.4386,-33.1954],[151.4447,-33.1934],[151.4432,-33.201],[151.4554,-33.2028],[151.4613,-33.1995],[151.4641,-33.194],[151.4684,-33.1934],[151.4746,-33.1896],[151.4819,-33.19],[151.4845,-33.1886],[151.488,-33.1891],[151.4905,-33.1868],[151.492,-33.1868],[151.493,-33.188],[151.504,-33.1928],[151.5122,-33.1943],[151.513,-33.1906],[151.5145,-33.1889],[151.5155,-33.1839],[151.5183,-33.1825],[151.5208,-33.1828],[151.5213,-33.1815],[151.5242,-33.1818],[151.5277,-33.18],[151.5262,-33.1745],[151.5297,-33.169],[151.5293,-33.1646],[151.527,-33.16],[151.5262,-33.1561],[151.5268,-33.1568],[151.5284,-33.1558],[151.5275,-33.1569],[151.5283,-33.158],[151.5291,-33.1578],[151.5279,-33.1591],[151.5301,-33.1608],[151.531,-33.16],[151.5331,-33.154],[151.535,-33.1521],[151.5352,-33.1482],[151.5377,-33.1455],[151.5375,-33.1445],[151.5358,-33.1433],[151.5403,-33.1433],[151.5417,-33.1443],[151.5421,-33.1455],[151.5411,-33.1482],[151.5442,-33.1508],[151.5439,-33.1553],[151.5449,-33.1574],[151.5482,-33.1572],[151.5537,-33.1598],[151.5535,-33.1629],[151.5578,-33.1676],[151.5592,-33.1713],[151.5606,-33.1718],[151.5611,-33.1731],[151.5679,-33.1753],[151.5691,-33.1704],[151.5685,-33.1676],[151.5664,-33.1671],[151.5649,-33.1683],[151.5647,-33.1676],[151.567,-33.1628],[151.5715,-33.1582],[151.5719,-33.1548],[151.5673,-33.1506],[151.5565,-33.1473],[151.5548,-33.1457],[151.5528,-33.1457],[151.556,-33.1409],[151.5566,-33.1379],[151.5557,-33.1358],[151.557,-33.1347],[151.5572,-33.1316],[151.5667,-33.1363],[151.5685,-33.1341],[151.5667,-33.1303],[151.5706,-33.1324],[151.5732,-33.1321],[151.5741,-33.1307],[151.5774,-33.1289],[151.579,-33.1269],[151.5794,-33.1249],[151.5821,-33.1243],[151.5839,-33.1229],[151.5851,-33.1189],[151.5828,-33.1127],[151.583,-33.1102],[151.5791,-33.1039],[151.5794,-33.1031],[151.5815,-33.1027],[151.5805,-33.1054],[151.5845,-33.1087],[151.5853,-33.112],[151.5895,-33.1157],[151.5888,-33.1186],[151.5905,-33.1201],[151.589,-33.1238],[151.585,-33.1254],[151.5844,-33.127],[151.5855,-33.1295],[151.5871,-33.1309],[151.5887,-33.1318],[151.5913,-33.1318],[151.5904,-33.1343],[151.588,-33.136],[151.5872,-33.1376],[151.5886,-33.1394],[151.5904,-33.1396],[151.5913,-33.1413],[151.5895,-33.1457],[151.5899,-33.1473],[151.5879,-33.1499],[151.5905,-33.1517],[151.5948,-33.1571],[151.5953,-33.1588],[151.5948,-33.1611],[151.5961,-33.1617],[151.5959,-33.1633],[151.5987,-33.1637],[151.597,-33.172],[151.6305,-33.1771],[151.6283,-33.1791],[151.629,-33.18],[151.6291,-33.1836],[151.6301,-33.185],[151.6287,-33.1846],[151.6295,-33.1858],[151.6282,-33.1856],[151.6293,-33.1871],[151.6278,-33.1878],[151.6267,-33.1867],[151.6242,-33.1869],[151.622,-33.1894],[151.6221,-33.191],[151.6238,-33.192],[151.623,-33.1924],[151.6231,-33.1935],[151.6241,-33.1935],[151.624,-33.1944],[151.6226,-33.1944],[151.6222,-33.1954],[151.6255,-33.1975],[151.625,-33.1981],[151.6234,-33.1975],[151.6202,-33.198],[151.6202,-33.1996],[151.6181,-33.1995],[151.6183,-33.2006],[151.6167,-33.2014],[151.6164,-33.2024],[151.6121,-33.2021],[151.5998,-33.2107],[151.5911,-33.2192],[151.5761,-33.2316],[151.5719,-33.2362],[151.5658,-33.2457],[151.5631,-33.2529],[151.5637,-33.2579],[151.5618,-33.2621],[151.5627,-33.2673],[151.5639,-33.268],[151.5636,-33.2717],[151.5673,-33.276],[151.5667,-33.2773],[151.5675,-33.2785],[151.5703,-33.2783],[151.5714,-33.2792],[151.5722,-33.2787],[151.574,-33.2807],[151.5765,-33.2794],[151.5793,-33.2814],[151.5791,-33.2821],[151.5778,-33.282],[151.5781,-33.2828],[151.5769,-33.2832],[151.5758,-33.2826],[151.5754,-33.2846],[151.5721,-33.2853],[151.5705,-33.2872],[151.5705,-33.2894],[151.5683,-33.2896],[151.5642,-33.2918],[151.5626,-33.2944],[151.5644,-33.296],[151.564,-33.2966],[151.5579,-33.2966],[151.5503,-33.2998],[151.5373,-33.3067],[151.5242,-33.3158],[151.5175,-33.322],[151.509,-33.3315],[151.5057,-33.3368],[151.5031,-33.3439],[151.502,-33.344],[151.5029,-33.3413],[151.5018,-33.3366],[151.502,-33.3288],[151.5028,-33.3269],[151.5089,-33.3264],[151.5107,-33.3252],[151.5124,-33.3213],[151.5147,-33.3195],[151.5181,-33.3103],[151.5206,-33.3068],[151.5219,-33.3013],[151.5266,-33.2961],[151.529,-33.2948],[151.5336,-33.2899],[151.5366,-33.2883],[151.5391,-33.2852],[151.5431,-33.2821],[151.5456,-33.2777],[151.5457,-33.2757],[151.5435,-33.2718],[151.5363,-33.2663],[151.5293,-33.2632],[151.5255,-33.2637],[151.5235,-33.2631],[151.5219,-33.2648],[151.5205,-33.2625],[151.5263,-33.2615],[151.5324,-33.2628],[151.5378,-33.2622],[151.5424,-33.2592],[151.546,-33.2528],[151.5505,-33.2479],[151.5533,-33.2461],[151.5524,-33.2452],[151.5532,-33.2442],[151.5556,-33.2442],[151.557,-33.2453],[151.5563,-33.2508],[151.5577,-33.2521],[151.5574,-33.2501],[151.5613,-33.2476],[151.5643,-33.243],[151.5641,-33.2402],[151.5622,-33.2373],[151.5621,-33.2392],[151.5609,-33.2398],[151.5561,-33.2363],[151.5534,-33.2359],[151.5481,-33.2331],[151.5445,-33.2336],[151.5439,-33.236],[151.5384,-33.2356],[151.5359,-33.2391],[151.5342,-33.2392],[151.5316,-33.2365],[151.531,-33.2343],[151.5286,-33.2322],[151.53,-33.2277],[151.5269,-33.2253],[151.5276,-33.2232],[151.5272,-33.2202],[151.5258,-33.2207],[151.5251,-33.2225],[151.5264,-33.22],[151.525,-33.2206],[151.5194,-33.2194],[151.5164,-33.2205],[151.5135,-33.2204],[151.5079,-33.2232],[151.5068,-33.2258],[151.507,-33.2322],[151.5097,-33.2348],[151.5113,-33.2382],[151.5148,-33.2407],[151.5162,-33.2427],[151.5143,-33.2489],[151.5153,-33.2542],[151.5191,-33.2616],[151.5096,-33.2599],[151.5077,-33.2606],[151.5079,-33.2625],[151.5068,-33.2635],[151.5047,-33.2626],[151.4992,-33.2624],[151.4944,-33.2639],[151.4913,-33.2684],[151.4917,-33.2749],[151.4909,-33.2767],[151.489,-33.2771],[151.4885,-33.2801],[151.4864,-33.282],[151.4785,-33.2825],[151.4768,-33.2816],[151.4752,-33.2823],[151.4735,-33.2852],[151.4744,-33.2873],[151.4736,-33.2898],[151.4719,-33.2908],[151.4721,-33.2952],[151.4685,-33.294],[151.4656,-33.2955],[151.4654,-33.2984],[151.4678,-33.2996],[151.4649,-33.302],[151.4631,-33.2998],[151.4602,-33.2982],[151.4575,-33.2979],[151.4515,-33.2989],[151.4465,-33.3021],[151.4442,-33.3061],[151.4421,-33.3065],[151.4411,-33.3081],[151.4411,-33.309],[151.4435,-33.3101],[151.4443,-33.3088],[151.443,-33.3076],[151.4448,-33.3086],[151.4446,-33.3108],[151.4459,-33.3116],[151.445,-33.3122],[151.4496,-33.3204],[151.4545,-33.3233],[151.4578,-33.3234],[151.4652,-33.3263],[151.4686,-33.3286],[151.4665,-33.3297],[151.4654,-33.3276],[151.462,-33.328],[151.4549,-33.3253],[151.4495,-33.3258],[151.4435,-33.3281],[151.4401,-33.333],[151.4389,-33.3413],[151.4403,-33.345],[151.4489,-33.3547],[151.45,-33.3548],[151.4552,-33.359],[151.4688,-33.3653],[151.4717,-33.3655],[151.4738,-33.3646],[151.4741,-33.3658],[151.4741,-33.3659],[151.4741,-33.3658],[151.4747,-33.3644],[151.4752,-33.3647],[151.4752,-33.364],[151.4826,-33.3576],[151.4856,-33.3536],[151.4905,-33.3433],[151.4899,-33.3425],[151.4902,-33.3385],[151.494,-33.3365],[151.4988,-33.3388],[151.4997,-33.3418],[151.5021,-33.3454],[151.5043,-33.3454],[151.5032,-33.3489],[151.5046,-33.3512],[151.505,-33.354],[151.5021,-33.3547],[151.5023,-33.3571],[151.5005,-33.3585],[151.5002,-33.3604],[151.5017,-33.3624],[151.5031,-33.3624],[151.5032,-33.3612],[151.5044,-33.3625],[151.5032,-33.3635],[151.5014,-33.3623],[151.5003,-33.3626],[151.4994,-33.3649],[151.4942,-33.3674],[151.4876,-33.3741],[151.4861,-33.3791],[151.4887,-33.3818],[151.487,-33.3837],[151.4857,-33.3828],[151.4834,-33.3843],[151.4872,-33.3909],[151.4866,-33.3942],[151.4845,-33.3946],[151.485,-33.3987],[151.4812,-33.4018],[151.4792,-33.4025],[151.4764,-33.4075],[151.4689,-33.4098],[151.4637,-33.4145],[151.4627,-33.4162],[151.4636,-33.417],[151.4626,-33.4176],[151.4624,-33.4189],[151.4599,-33.4193],[151.4587,-33.4213],[151.4571,-33.4217],[151.4545,-33.4239],[151.4537,-33.4266],[151.4523,-33.4267],[151.4472,-33.4317],[151.4439,-33.4378],[151.4437,-33.4432],[151.446,-33.4474],[151.4488,-33.4481],[151.4503,-33.4474],[151.4501,-33.4462],[151.4517,-33.4469],[151.4524,-33.4475],[151.452,-33.4499],[151.4526,-33.4511],[151.4491,-33.4514],[151.4482,-33.4535],[151.444,-33.4569],[151.4402,-33.4583],[151.436,-33.4649],[151.4355,-33.4683],[151.4366,-33.4701],[151.4394,-33.47],[151.4407,-33.4713],[151.4415,-33.4767],[151.4437,-33.4794],[151.4426,-33.4817],[151.447,-33.4857],[151.446,-33.4876],[151.445,-33.487],[151.4449,-33.487],[151.445,-33.487],[151.4451,-33.4894],[151.4438,-33.4911],[151.4384,-33.4923],[151.4333,-33.4911],[151.4279,-33.4946],[151.4254,-33.4985],[151.4252,-33.5004],[151.4291,-33.5031],[151.4292,-33.5053],[151.4272,-33.5077],[151.4229,-33.5092],[151.4232,-33.5103],[151.4223,-33.5106],[151.4228,-33.5111],[151.4189,-33.5108],[151.4201,-33.513],[151.4202,-33.5164],[151.4215,-33.5185],[151.4163,-33.5239],[151.4105,-33.5223],[151.4104,-33.5243],[151.4069,-33.5252],[151.4067,-33.527],[151.4066,-33.527],[151.4067,-33.527],[151.4062,-33.5283],[151.405,-33.5287],[151.3976,-33.5265],[151.394,-33.5281],[151.3961,-33.5254],[151.3959,-33.5246],[151.3939,-33.5233],[151.3914,-33.5231],[151.3902,-33.5244],[151.3869,-33.5246],[151.3845,-33.5284],[151.3848,-33.5303],[151.3822,-33.5324],[151.3804,-33.5333],[151.3801,-33.5317],[151.3801,-33.5316],[151.3801,-33.5317],[151.3777,-33.5311],[151.3777,-33.5312],[151.3777,-33.5311],[151.3736,-33.5315],[151.3747,-33.5302],[151.3742,-33.5295],[151.3704,-33.5289],[151.3611,-33.532],[151.3594,-33.5338],[151.3595,-33.5338],[151.3594,-33.5338],[151.3597,-33.5346],[151.3587,-33.5353],[151.3564,-33.5356],[151.3552,-33.5371],[151.3531,-33.5367],[151.3497,-33.5398],[151.3485,-33.5399],[151.3464,-33.5432],[151.3466,-33.5457],[151.3457,-33.5471],[151.3449,-33.5469],[151.345,-33.5469],[151.3449,-33.5469],[151.3439,-33.5441],[151.344,-33.5441],[151.3439,-33.5441],[151.3423,-33.5427],[151.3432,-33.541],[151.3426,-33.5394],[151.3398,-33.5392],[151.339,-33.5374],[151.337,-33.537],[151.3382,-33.5329],[151.3411,-33.5303],[151.3394,-33.5256],[151.3359,-33.5223],[151.3417,-33.5195],[151.3444,-33.5243],[151.3445,-33.5259],[151.3467,-33.5273],[151.3502,-33.5255],[151.3507,-33.5231],[151.3532,-33.5212],[151.3547,-33.5213],[151.3556,-33.5243],[151.3567,-33.5254],[151.3623,-33.5229],[151.3634,-33.5209],[151.3604,-33.5204],[151.3584,-33.5162],[151.3583,-33.5143],[151.3595,-33.5132],[151.3595,-33.5116],[151.3562,-33.5106],[151.3523,-33.5113],[151.3517,-33.5103],[151.3522,-33.5072],[151.3494,-33.5061],[151.346,-33.5076],[151.3449,-33.5104],[151.3461,-33.5114],[151.3488,-33.5116],[151.3504,-33.5139],[151.3503,-33.5159],[151.3476,-33.5172],[151.3438,-33.5176],[151.3389,-33.5152],[151.336,-33.5153],[151.3335,-33.5182],[151.3322,-33.5228],[151.3306,-33.5244],[151.3232,-33.5249],[151.319,-33.5261],[151.3127,-33.5298],[151.3116,-33.532],[151.3117,-33.5342],[151.3146,-33.5347],[151.3149,-33.5355],[151.3078,-33.5432],[151.3087,-33.5458],[151.3111,-33.5453],[151.3099,-33.5465],[151.3086,-33.5507],[151.3098,-33.5546],[151.3067,-33.5554],[151.3063,-33.5564],[151.3019,-33.5569],[151.3004,-33.5561],[151.2945,-33.5558],[151.2851,-33.5531],[151.2787,-33.5536],[151.2775,-33.5511],[151.2739,-33.5509],[151.2707,-33.553],[151.2688,-33.5564],[151.2675,-33.5567],[151.2681,-33.559],[151.2701,-33.5595],[151.2712,-33.5612],[151.2689,-33.5618],[151.2679,-33.565],[151.2664,-33.5645],[151.2658,-33.5631],[151.2632,-33.5637],[151.2616,-33.5656],[151.262,-33.567],[151.2598,-33.5684],[151.2599,-33.5694],[151.2586,-33.5706],[151.2533,-33.562],[151.2514,-33.5602],[151.2512,-33.5586],[151.2489,-33.558],[151.2459,-33.5557],[151.2482,-33.553],[151.2532,-33.5435],[151.2554,-33.5377],[151.2549,-33.5349],[151.251,-33.5291],[151.2493,-33.5298],[151.2369,-33.5283],[151.2366,-33.5274],[151.238,-33.5249],[151.2399,-33.5243],[151.2411,-33.5229],[151.2405,-33.5214],[151.2376,-33.5195],[151.2382,-33.5172],[151.2397,-33.5155],[151.2382,-33.5146],[151.2372,-33.5118],[151.2376,-33.5104],[151.2402,-33.5087],[151.2471,-33.5083],[151.2443,-33.5057],[151.2445,-33.5015],[151.2457,-33.4997],[151.2502,-33.4981],[151.2513,-33.4985],[151.2516,-33.4978],[151.2527,-33.4982],[151.254,-33.4966],[151.2591,-33.4991],[151.2575,-33.4963],[151.2604,-33.4937],[151.2606,-33.4925],[151.2629,-33.4918],[151.2619,-33.4902],[151.264,-33.4886],[151.2632,-33.4875],[151.2639,-33.4861],[151.2658,-33.485],[151.2647,-33.4849],[151.2628,-33.4862],[151.2558,-33.4938],[151.2495,-33.4942],[151.2471,-33.4966],[151.2422,-33.4979],[151.2397,-33.5043],[151.2317,-33.507],[151.231,-33.5086],[151.2329,-33.5144],[151.2314,-33.5233],[151.2291,-33.5298],[151.227,-33.5305],[151.2258,-33.5303],[151.2253,-33.5293],[151.2277,-33.5244],[151.2267,-33.5219],[151.2229,-33.5204],[151.2195,-33.5204],[151.2187,-33.521],[151.2188,-33.5224],[151.2129,-33.5208],[151.2102,-33.5212],[151.2104,-33.5133],[151.2079,-33.5138],[151.2073,-33.5133],[151.2062,-33.509],[151.2015,-33.5089],[151.2032,-33.5048],[151.2018,-33.5032],[151.1993,-33.5025],[151.2002,-33.4984],[151.1985,-33.4973],[151.1976,-33.4954],[151.1981,-33.4914],[151.2051,-33.4843],[151.2067,-33.4812],[151.2099,-33.4827],[151.2122,-33.4847],[151.2127,-33.4862],[151.2122,-33.4799],[151.2143,-33.4764],[151.2173,-33.4767],[151.2208,-33.4804],[151.2223,-33.4806],[151.2231,-33.4795],[151.2244,-33.4794],[151.2247,-33.4782],[151.228,-33.4792],[151.2294,-33.4787],[151.2324,-33.4799],[151.2303,-33.4764],[151.2335,-33.4755],[151.2364,-33.4761],[151.2377,-33.4756],[151.2363,-33.4753],[151.2372,-33.4752],[151.235,-33.4737],[151.2356,-33.4714],[151.2345,-33.4695],[151.2371,-33.4685],[151.2347,-33.4676],[151.2327,-33.4655],[151.234,-33.4629],[151.2336,-33.4578],[151.2375,-33.4538],[151.2341,-33.4536],[151.2333,-33.4552],[151.23,-33.455],[151.2301,-33.4563],[151.2293,-33.4563],[151.2309,-33.4571],[151.2313,-33.4627],[151.2285,-33.4664],[151.2316,-33.4684],[151.2326,-33.471],[151.2322,-33.473],[151.2308,-33.4734],[151.2286,-33.4727],[151.2265,-33.4754],[151.2241,-33.4751],[151.221,-33.4761],[151.2203,-33.475],[151.2211,-33.4729],[151.2159,-33.4742],[151.215,-33.4737],[151.2147,-33.4705],[151.2099,-33.477],[151.208,-33.4756],[151.2062,-33.4775],[151.2022,-33.4776],[151.2026,-33.4821],[151.1996,-33.4853],[151.1977,-33.4861],[151.196,-33.4887],[151.1949,-33.4894],[151.1919,-33.4888],[151.1933,-33.4895],[151.1947,-33.492],[151.1936,-33.4956],[151.195,-33.4989],[151.1945,-33.5008],[151.1951,-33.5051],[151.1973,-33.5063],[151.1944,-33.508],[151.1959,-33.5122],[151.194,-33.5109],[151.1936,-33.512],[151.196,-33.5148],[151.1984,-33.5155],[151.1993,-33.522],[151.2021,-33.5222],[151.2028,-33.5197],[151.2047,-33.5206],[151.2045,-33.525],[151.2027,-33.5247],[151.2021,-33.5258],[151.2036,-33.5292],[151.2022,-33.53],[151.2021,-33.5321],[151.2,-33.5361],[151.1993,-33.5361],[151.1965,-33.5326],[151.1981,-33.5306],[151.1978,-33.5293],[151.197,-33.5284],[151.1948,-33.5291],[151.1957,-33.5305],[151.1949,-33.531],[151.1932,-33.5289],[151.1933,-33.5277],[151.1946,-33.5288],[151.197,-33.5281],[151.197,-33.5274],[151.1954,-33.5262],[151.1951,-33.5243],[151.1924,-33.5233],[151.1899,-33.5118],[151.1871,-33.5068],[151.1819,-33.5008],[151.1806,-33.5013],[151.1745,-33.5005],[151.1705,-33.502],[151.1682,-33.5048],[151.1658,-33.5105],[151.1655,-33.5142],[151.1644,-33.5153],[151.1623,-33.5147],[151.1598,-33.511],[151.1602,-33.5038],[151.1626,-33.5006],[151.1627,-33.4936],[151.1598,-33.4883],[151.1537,-33.4886],[151.1535,-33.4867],[151.1556,-33.4837],[151.1606,-33.4726],[151.1625,-33.4703],[151.165,-33.4681],[151.1689,-33.4695],[151.1699,-33.4692],[151.1709,-33.4705],[151.1721,-33.4695],[151.1707,-33.4692],[151.1705,-33.4679],[151.1696,-33.4674],[151.1661,-33.4665],[151.1668,-33.4658],[151.1657,-33.4655],[151.1639,-33.463],[151.1546,-33.4567],[151.1535,-33.455],[151.1595,-33.4507],[151.1615,-33.4437],[151.163,-33.4417],[151.1673,-33.4423],[151.1691,-33.4392],[151.1729,-33.4381],[151.1701,-33.4351],[151.1709,-33.4311],[151.1688,-33.4301],[151.1688,-33.4285],[151.167,-33.4286],[151.1664,-33.4267],[151.1637,-33.4271],[151.1654,-33.4302],[151.1642,-33.4342],[151.162,-33.4369],[151.1601,-33.4362],[151.1587,-33.4369],[151.1586,-33.4391],[151.1566,-33.4409],[151.1522,-33.4481],[151.1457,-33.4479],[151.1461,-33.4518],[151.1455,-33.4547],[151.1479,-33.4587],[151.1482,-33.4612],[151.1465,-33.4614],[151.1462,-33.4599],[151.1431,-33.4602],[151.1426,-33.4623],[151.1412,-33.4639],[151.1411,-33.465],[151.1423,-33.4658],[151.1402,-33.4691],[151.1388,-33.4697],[151.1358,-33.4693],[151.1281,-33.4645],[151.1228,-33.4625],[151.1148,-33.4638],[151.1074,-33.4709],[151.1079,-33.471],[151.1068,-33.472],[151.1067,-33.4748],[151.1051,-33.4783],[151.1042,-33.4793],[151.1022,-33.4796],[151.1016,-33.4807],[151.0972,-33.4804],[151.0934,-33.479],[151.0911,-33.4761],[151.0878,-33.4667],[151.0861,-33.4556],[151.0809,-33.4467],[151.0782,-33.4451],[151.0747,-33.4464],[151.0728,-33.449],[151.0729,-33.4491],[151.0728,-33.449],[151.0736,-33.4555],[151.0741,-33.4571],[151.0756,-33.4582],[151.0745,-33.4599],[151.0734,-33.4602],[151.0704,-33.4586],[151.0691,-33.4569],[151.0684,-33.4601]],[[151.3135,-33.476],[151.3124,-33.4718],[151.3107,-33.471],[151.3094,-33.4673],[151.3068,-33.4682],[151.3096,-33.4739],[151.3087,-33.4762],[151.3062,-33.4762],[151.3036,-33.4744],[151.3015,-33.4747],[151.3014,-33.4754],[151.3031,-33.4763],[151.3057,-33.4796],[151.3045,-33.4816],[151.3054,-33.4808],[151.3069,-33.4812],[151.3097,-33.4805],[151.311,-33.4824],[151.3154,-33.483],[151.3176,-33.4847],[151.318,-33.4862],[151.3166,-33.4874],[151.3141,-33.4876],[151.311,-33.4865],[151.3096,-33.4883],[151.3097,-33.4912],[151.308,-33.492],[151.3059,-33.492],[151.3048,-33.491],[151.303,-33.4917],[151.306,-33.4944],[151.2994,-33.495],[151.3003,-33.4952],[151.2996,-33.4958],[151.3005,-33.4965],[151.3023,-33.497],[151.3064,-33.4964],[151.3116,-33.4919],[151.3156,-33.4914],[151.3235,-33.4851],[151.3237,-33.4763],[151.3201,-33.4779],[151.3202,-33.4799],[151.3193,-33.4802],[151.3141,-33.478],[151.3135,-33.476]],[[151.5543,-33.2278],[151.556,-33.2299],[151.5621,-33.2337],[151.5654,-33.234],[151.5705,-33.2316],[151.5742,-33.2275],[151.5768,-33.2201],[151.5808,-33.2138],[151.5813,-33.2118],[151.5859,-33.208],[151.5838,-33.2049],[151.5783,-33.2023],[151.5775,-33.2004],[151.5781,-33.1984],[151.5775,-33.1968],[151.5706,-33.1951],[151.5625,-33.195],[151.5556,-33.1984],[151.5553,-33.2001],[151.5561,-33.2003],[151.5565,-33.202],[151.5595,-33.2031],[151.5636,-33.2076],[151.5603,-33.211],[151.561,-33.2129],[151.5593,-33.2141],[151.5568,-33.2185],[151.5573,-33.2194],[151.5555,-33.2211],[151.5536,-33.2259],[151.5543,-33.2278]],[[151.3538,-33.4598],[151.3537,-33.4598],[151.3538,-33.4598],[151.3569,-33.455],[151.3567,-33.4519],[151.3576,-33.4505],[151.3586,-33.4497],[151.3599,-33.4507],[151.3611,-33.4504],[151.3608,-33.4476],[151.3651,-33.445],[151.3654,-33.4457],[151.3671,-33.4456],[151.3695,-33.4429],[151.3683,-33.4406],[151.3694,-33.4401],[151.3695,-33.4387],[151.3656,-33.437],[151.3593,-33.4382],[151.3597,-33.4395],[151.3573,-33.4425],[151.3529,-33.4436],[151.3513,-33.4452],[151.3505,-33.4411],[151.3479,-33.44],[151.3455,-33.4405],[151.3442,-33.4421],[151.3437,-33.4474],[151.3419,-33.4507],[151.3411,-33.4498],[151.3413,-33.4462],[151.3406,-33.4452],[151.3416,-33.4404],[151.341,-33.438],[151.3415,-33.4341],[151.3403,-33.4321],[151.3394,-33.4324],[151.3386,-33.4298],[151.3311,-33.428],[151.3307,-33.4288],[151.3294,-33.4289],[151.329,-33.4314],[151.3273,-33.432],[151.3248,-33.4306],[151.3235,-33.4278],[151.3228,-33.4278],[151.3245,-33.4312],[151.3269,-33.4331],[151.3249,-33.4331],[151.321,-33.4304],[151.3184,-33.4314],[151.3199,-33.4338],[151.3243,-33.436],[151.3292,-33.4355],[151.3303,-33.4364],[151.3321,-33.4363],[151.3316,-33.44],[151.3295,-33.4442],[151.3298,-33.449],[151.3291,-33.4514],[151.3249,-33.4508],[151.3186,-33.4515],[151.3135,-33.4597],[151.3135,-33.4608],[151.3143,-33.462],[151.3201,-33.465],[151.3198,-33.4702],[151.3243,-33.4742],[151.3245,-33.4831],[151.3308,-33.485],[151.3366,-33.4845],[151.3361,-33.4866],[151.3319,-33.4924],[151.3304,-33.4961],[151.3304,-33.4983],[151.3329,-33.5016],[151.3342,-33.5023],[151.3366,-33.5018],[151.3388,-33.5046],[151.3445,-33.5075],[151.3473,-33.5062],[151.3468,-33.5031],[151.3493,-33.5034],[151.3521,-33.5019],[151.3495,-33.5006],[151.3479,-33.4982],[151.3456,-33.4992],[151.3482,-33.4995],[151.3486,-33.5005],[151.3441,-33.5001],[151.3429,-33.4964],[151.344,-33.4966],[151.3446,-33.4986],[151.3446,-33.4968],[151.346,-33.4977],[151.3473,-33.4972],[151.3433,-33.4958],[151.3435,-33.4939],[151.3413,-33.4906],[151.3413,-33.4891],[151.347,-33.4919],[151.3446,-33.4945],[151.3478,-33.4925],[151.3493,-33.4945],[151.3477,-33.4962],[151.3499,-33.4949],[151.3503,-33.4958],[151.3487,-33.4973],[151.3497,-33.498],[151.3495,-33.4969],[151.3504,-33.4965],[151.3514,-33.4995],[151.3497,-33.499],[151.3525,-33.5014],[151.354,-33.4991],[151.3524,-33.4961],[151.3539,-33.4936],[151.3542,-33.4913],[151.3586,-33.4898],[151.3623,-33.4912],[151.3641,-33.4933],[151.3699,-33.4937],[151.3692,-33.4966],[151.37,-33.4992],[151.3661,-33.4991],[151.3642,-33.4999],[151.366,-33.5025],[151.3685,-33.5014],[151.3685,-33.5002],[151.3711,-33.4995],[151.3757,-33.5006],[151.3792,-33.4975],[151.3794,-33.4962],[151.3788,-33.4959],[151.3818,-33.4935],[151.3822,-33.4907],[151.3812,-33.4892],[151.3778,-33.4898],[151.375,-33.4892],[151.3732,-33.4876],[151.373,-33.4862],[151.3765,-33.4857],[151.3788,-33.4803],[151.38,-33.4789],[151.3807,-33.4793],[151.381,-33.4793],[151.3807,-33.4793],[151.3799,-33.4786],[151.3801,-33.4774],[151.3788,-33.4763],[151.382,-33.4744],[151.3828,-33.4718],[151.382,-33.4709],[151.3796,-33.4702],[151.3708,-33.4718],[151.367,-33.4742],[151.3646,-33.4797],[151.3654,-33.4822],[151.3683,-33.486],[151.372,-33.4876],[151.3741,-33.4897],[151.3738,-33.4904],[151.3698,-33.492],[151.3659,-33.4914],[151.3606,-33.4866],[151.3586,-33.4866],[151.3527,-33.489],[151.3524,-33.4881],[151.3537,-33.4868],[151.3537,-33.4856],[151.3519,-33.4825],[151.3469,-33.4803],[151.3421,-33.4812],[151.3392,-33.4777],[151.3377,-33.4778],[151.3364,-33.4766],[151.3358,-33.4747],[151.3381,-33.4724],[151.342,-33.4715],[151.3491,-33.4725],[151.3532,-33.4747],[151.357,-33.4706],[151.3599,-33.4695],[151.3604,-33.4669],[151.3561,-33.4636],[151.3554,-33.4612],[151.3538,-33.4598]]],[[[151.2168,-33.53],[151.2164,-33.5318],[151.2146,-33.5331],[151.2045,-33.5329],[151.2095,-33.5302],[151.2122,-33.5278],[151.2157,-33.5284],[151.2168,-33.53]]]]}},{"type":"Feature","id":"Baulkham Hills and Hawkesbury","properties":{"id":"Baulkham Hills and Hawkesbury","name":"Baulkham Hills and Hawkesbury","name_full":"Sydney - Baulkham Hills and Hawkesbury","name_ja":"Sydney - Baulkham Hills and Hawkesbury","center_lonlat":[150.8288,-33.3686]},"geometry":{"type":"Polygon","coordinates":[[[150.3675,-33.4925],[150.371,-33.4982],[150.3861,-33.501],[150.3866,-33.4985],[150.3887,-33.4987],[150.3897,-33.4976],[150.3865,-33.4946],[150.3865,-33.4928],[150.3875,-33.4923],[150.3921,-33.4936],[150.394,-33.4959],[150.4048,-33.494],[150.4061,-33.493],[150.4094,-33.494],[150.4113,-33.4934],[150.4117,-33.492],[150.4146,-33.4921],[150.4153,-33.4927],[150.4149,-33.4953],[150.4182,-33.4958],[150.4207,-33.4926],[150.4201,-33.4895],[150.4242,-33.4862],[150.4268,-33.4859],[150.4301,-33.4876],[150.4305,-33.4886],[150.4299,-33.4906],[150.4269,-33.4932],[150.4365,-33.4945],[150.4432,-33.4896],[150.4465,-33.49],[150.4451,-33.4875],[150.4456,-33.4849],[150.45,-33.4856],[150.4532,-33.4843],[150.4541,-33.4833],[150.4553,-33.4774],[150.459,-33.4718],[150.4566,-33.4715],[150.4574,-33.467],[150.4624,-33.4677],[150.4654,-33.4638],[150.468,-33.4638],[150.4685,-33.4609],[150.4719,-33.4613],[150.4709,-33.4668],[150.473,-33.4673],[150.4745,-33.4698],[150.4754,-33.4699],[150.4758,-33.472],[150.4743,-33.477],[150.4752,-33.4776],[150.4745,-33.4785],[150.4746,-33.4813],[150.4728,-33.4811],[150.4722,-33.4846],[150.4858,-33.4862],[150.4867,-33.4847],[150.4863,-33.4813],[150.4846,-33.4806],[150.4845,-33.4766],[150.4854,-33.4748],[150.4831,-33.4689],[150.4841,-33.4648],[150.4831,-33.461],[150.4855,-33.4585],[150.4854,-33.456],[150.4864,-33.4538],[150.4849,-33.4514],[150.4848,-33.4474],[150.4836,-33.4457],[150.4855,-33.444],[150.4883,-33.444],[150.4902,-33.4419],[150.4926,-33.4407],[150.4946,-33.4346],[150.5005,-33.4283],[150.4992,-33.4255],[150.5006,-33.4237],[150.5009,-33.4212],[150.5043,-33.4198],[150.5081,-33.417],[150.5111,-33.4162],[150.5184,-33.4091],[150.52,-33.4048],[150.5191,-33.4005],[150.5218,-33.3933],[150.524,-33.3915],[150.5294,-33.3907],[150.5263,-33.3874],[150.5296,-33.3857],[150.5313,-33.3828],[150.5342,-33.3822],[150.5348,-33.3794],[150.5368,-33.377],[150.5381,-33.3761],[150.5417,-33.3762],[150.5426,-33.373],[150.5471,-33.3688],[150.551,-33.3686],[150.5553,-33.3659],[150.5591,-33.366],[150.5604,-33.3613],[150.5665,-33.3599],[150.5659,-33.3577],[150.5664,-33.3558],[150.5747,-33.3579],[150.577,-33.3521],[150.581,-33.3514],[150.5808,-33.3476],[150.5828,-33.343],[150.585,-33.3427],[150.5884,-33.3436],[150.5908,-33.3423],[150.5913,-33.3374],[150.5893,-33.3355],[150.5847,-33.3339],[150.582,-33.3307],[150.5824,-33.3291],[150.5856,-33.3253],[150.5838,-33.3219],[150.5804,-33.3207],[150.575,-33.3225],[150.5688,-33.3206],[150.5596,-33.3203],[150.5542,-33.3183],[150.5515,-33.3153],[150.551,-33.3119],[150.5515,-33.3112],[150.5535,-33.311],[150.558,-33.3126],[150.5603,-33.3124],[150.5636,-33.3103],[150.5667,-33.3063],[150.5654,-33.2984],[150.5637,-33.2969],[150.5571,-33.2943],[150.5563,-33.2928],[150.5575,-33.2908],[150.5608,-33.2889],[150.5661,-33.2908],[150.5745,-33.2903],[150.5756,-33.2896],[150.5649,-33.2834],[150.5569,-33.2803],[150.5538,-33.2761],[150.5523,-33.2724],[150.5541,-33.2659],[150.5553,-33.2654],[150.562,-33.2662],[150.5626,-33.2653],[150.5615,-33.2586],[150.5604,-33.2569],[150.555,-33.2542],[150.5532,-33.2548],[150.552,-33.2565],[150.5492,-33.2573],[150.5439,-33.256],[150.5414,-33.2533],[150.5399,-33.2483],[150.5349,-33.2447],[150.5331,-33.2402],[150.5278,-33.2403],[150.5257,-33.239],[150.5257,-33.2371],[150.5299,-33.2333],[150.5304,-33.2318],[150.5296,-33.2276],[150.5315,-33.2242],[150.5331,-33.2231],[150.543,-33.2222],[150.5443,-33.2211],[150.5438,-33.2183],[150.5416,-33.2146],[150.5386,-33.2126],[150.5334,-33.2108],[150.5327,-33.2067],[150.5326,-33.2067],[150.5327,-33.2067],[150.5306,-33.2022],[150.5306,-33.1986],[150.5275,-33.1963],[150.5248,-33.1959],[150.5238,-33.1944],[150.528,-33.1941],[150.5311,-33.1913],[150.5365,-33.1921],[150.539,-33.1878],[150.5429,-33.1887],[150.544,-33.185],[150.5475,-33.1839],[150.5524,-33.1837],[150.5557,-33.1754],[150.5519,-33.1708],[150.5552,-33.1674],[150.554,-33.163],[150.5549,-33.1617],[150.5591,-33.1609],[150.5638,-33.1622],[150.5654,-33.1611],[150.5671,-33.1568],[150.5699,-33.1559],[150.5727,-33.1568],[150.5732,-33.1582],[150.5729,-33.1612],[150.5695,-33.1655],[150.5699,-33.1682],[150.5716,-33.1687],[150.5768,-33.1677],[150.5804,-33.1684],[150.5842,-33.1679],[150.5856,-33.166],[150.5846,-33.1623],[150.5883,-33.1615],[150.5898,-33.1603],[150.5865,-33.1523],[150.5864,-33.1478],[150.5929,-33.1476],[150.5968,-33.1449],[150.6047,-33.1473],[150.6102,-33.1429],[150.6118,-33.1389],[150.6105,-33.135],[150.6041,-33.1318],[150.5995,-33.1279],[150.5985,-33.1251],[150.6003,-33.123],[150.6025,-33.1226],[150.6051,-33.125],[150.606,-33.125],[150.6072,-33.1236],[150.6083,-33.1197],[150.6122,-33.119],[150.6128,-33.1173],[150.6124,-33.1153],[150.6094,-33.1135],[150.6094,-33.1091],[150.61,-33.1083],[150.6137,-33.11],[150.6198,-33.1099],[150.6175,-33.1039],[150.6101,-33.102],[150.6056,-33.1031],[150.6016,-33.1007],[150.604,-33.0996],[150.6068,-33.101],[150.6108,-33.0989],[150.6108,-33.0956],[150.6123,-33.0925],[150.6105,-33.0914],[150.6075,-33.0911],[150.607,-33.0899],[150.6078,-33.0892],[150.6135,-33.0893],[150.6128,-33.0872],[150.6104,-33.085],[150.6098,-33.0833],[150.6116,-33.0818],[150.6114,-33.0776],[150.6142,-33.0734],[150.6129,-33.0723],[150.6114,-33.0723],[150.6069,-33.0745],[150.6056,-33.0739],[150.6084,-33.0706],[150.6116,-33.0709],[150.6107,-33.0661],[150.6283,-33.061],[150.6296,-33.0616],[150.6302,-33.0586],[150.6979,-33.0684],[150.7279,-33.072],[150.719,-33.0693],[150.7176,-33.0682],[150.7154,-33.064],[150.7126,-33.0629],[150.7074,-33.0589],[150.7052,-33.0554],[150.7064,-33.0491],[150.7056,-33.0447],[150.6977,-33.0418],[150.6952,-33.0419],[150.6896,-33.0444],[150.6821,-33.0447],[150.6814,-33.0408],[150.6831,-33.0401],[150.6817,-33.034],[150.6822,-33.0319],[150.6793,-33.0297],[150.679,-33.0277],[150.6724,-33.0268],[150.6714,-33.0241],[150.6722,-33.0215],[150.6752,-33.018],[150.6772,-33.0133],[150.6837,-33.0088],[150.6856,-33.006],[150.6873,-33.0014],[150.6858,-32.9968],[150.6967,-32.9964],[150.6965,-32.9985],[150.7001,-32.9996],[150.7017,-33.0032],[150.7039,-33.0053],[150.7027,-33.0071],[150.703,-33.008],[150.7021,-33.0086],[150.7029,-33.0104],[150.706,-33.0116],[150.7094,-33.0114],[150.7114,-33.0145],[150.7129,-33.0137],[150.7148,-33.0141],[150.7164,-33.012],[150.7191,-33.0129],[150.7235,-33.0123],[150.7264,-33.013],[150.7261,-33.0139],[150.7291,-33.0152],[150.7303,-33.0174],[150.7356,-33.0161],[150.7359,-33.0181],[150.7375,-33.0176],[150.7419,-33.0185],[150.741,-33.02],[150.7444,-33.0197],[150.7454,-33.022],[150.7483,-33.0206],[150.7512,-33.0206],[150.7519,-33.0178],[150.7569,-33.0152],[150.7611,-33.0148],[150.7638,-33.0003],[150.8047,-33.006],[150.806,-33.0107],[150.8124,-33.012],[150.8148,-33.0159],[150.8165,-33.0163],[150.8184,-33.0147],[150.8199,-33.0148],[150.8211,-33.017],[150.8181,-33.0179],[150.8174,-33.0188],[150.819,-33.0214],[150.8182,-33.0235],[150.8262,-33.0254],[150.8273,-33.029],[150.8297,-33.0294],[150.8305,-33.0335],[150.8322,-33.0331],[150.8352,-33.0304],[150.8384,-33.0346],[150.843,-33.0332],[150.8465,-33.0353],[150.85,-33.0327],[150.8509,-33.0303],[150.8528,-33.0309],[150.8554,-33.0333],[150.8526,-33.037],[150.8536,-33.0382],[150.8576,-33.0399],[150.8583,-33.0423],[150.857,-33.0433],[150.8528,-33.0436],[150.8511,-33.0418],[150.8497,-33.0458],[150.8548,-33.0465],[150.8576,-33.0499],[150.8554,-33.0501],[150.8526,-33.049],[150.8472,-33.0523],[150.8532,-33.0527],[150.8549,-33.0559],[150.8535,-33.0592],[150.8585,-33.0601],[150.8588,-33.0612],[150.8568,-33.0642],[150.8539,-33.0635],[150.8523,-33.064],[150.8514,-33.0664],[150.8557,-33.0703],[150.8526,-33.0728],[150.8482,-33.0747],[150.8493,-33.0765],[150.849,-33.0799],[150.853,-33.0834],[150.8488,-33.0871],[150.8489,-33.0879],[150.8515,-33.0891],[150.8516,-33.0903],[150.8479,-33.093],[150.8467,-33.098],[150.8494,-33.0988],[150.8521,-33.0972],[150.8538,-33.0942],[150.8588,-33.0942],[150.8614,-33.0974],[150.8656,-33.0997],[150.8661,-33.1024],[150.8727,-33.1044],[150.8704,-33.1072],[150.872,-33.1084],[150.8732,-33.1141],[150.8741,-33.1151],[150.8841,-33.1189],[150.9,-33.1212],[150.9052,-33.1158],[150.9114,-33.1145],[150.9164,-33.1116],[150.9196,-33.1126],[150.9241,-33.1111],[150.9286,-33.1131],[150.9314,-33.1131],[150.9336,-33.1157],[150.9339,-33.1192],[150.9365,-33.1206],[150.939,-33.1204],[150.942,-33.1232],[150.9456,-33.1219],[150.9503,-33.1225],[150.9513,-33.1249],[150.9539,-33.1263],[150.9565,-33.1255],[150.9591,-33.1275],[150.9625,-33.1273],[150.9645,-33.1294],[150.9688,-33.1293],[150.9718,-33.1304],[150.976,-33.1298],[150.9801,-33.1269],[150.986,-33.1279],[150.9879,-33.1249],[150.9941,-33.1224],[150.995,-33.1225],[150.9964,-33.1246],[151.0001,-33.1241],[151.0035,-33.1261],[151.0076,-33.1244],[151.0122,-33.1245],[151.0132,-33.1228],[151.0179,-33.1219],[151.0201,-33.122],[151.0257,-33.1254],[151.0299,-33.1236],[151.0352,-33.1241],[151.0372,-33.1236],[151.0353,-33.1196],[151.0354,-33.1171],[151.0369,-33.1155],[151.037,-33.1129],[151.04,-33.1061],[151.038,-33.1046],[151.0403,-33.1016],[151.0398,-33.0971],[151.0441,-33.0902],[151.0474,-33.0887],[151.0488,-33.0853],[151.0504,-33.0837],[151.0503,-33.0821],[151.0521,-33.0802],[151.0598,-33.0803],[151.0656,-33.0822],[151.067,-33.0804],[151.0692,-33.0808],[151.0712,-33.0801],[151.0704,-33.0796],[151.0706,-33.0788],[151.0727,-33.0772],[151.0768,-33.0773],[151.0839,-33.0753],[151.0884,-33.0788],[151.0948,-33.0769],[151.0985,-33.0784],[151.1039,-33.0769],[151.1087,-33.0838],[151.1092,-33.0858],[151.1127,-33.0882],[151.114,-33.0906],[151.1154,-33.0908],[151.1178,-33.0895],[151.1188,-33.0912],[151.1209,-33.0911],[151.1237,-33.0923],[151.1267,-33.092],[151.129,-33.093],[151.1299,-33.095],[151.1296,-33.0976],[151.1304,-33.1006],[151.1343,-33.1042],[151.1358,-33.11],[151.1285,-33.1143],[151.1256,-33.1151],[151.1239,-33.1169],[151.1234,-33.119],[151.1206,-33.1203],[151.117,-33.1249],[151.1147,-33.1252],[151.1113,-33.1272],[151.1098,-33.1268],[151.1079,-33.1277],[151.1071,-33.1299],[151.1053,-33.1307],[151.101,-33.1365],[151.1011,-33.1419],[151.0997,-33.1445],[151.1054,-33.15],[151.1058,-33.1512],[151.101,-33.1623],[151.1007,-33.1648],[151.1008,-33.1663],[151.1019,-33.1675],[151.1006,-33.1704],[151.101,-33.1772],[151.1042,-33.1814],[151.0995,-33.1845],[151.098,-33.1889],[151.0985,-33.1903],[151.0967,-33.1935],[151.0989,-33.1953],[151.1003,-33.1955],[151.1012,-33.1977],[151.0996,-33.1986],[151.0982,-33.203],[151.0989,-33.2106],[151.0999,-33.212],[151.0983,-33.2141],[151.0987,-33.2209],[151.1009,-33.2222],[151.1028,-33.2222],[151.1025,-33.2241],[151.104,-33.2271],[151.1063,-33.2283],[151.1068,-33.2315],[151.1061,-33.2323],[151.1063,-33.2339],[151.104,-33.2358],[151.1025,-33.2392],[151.1003,-33.2416],[151.1006,-33.244],[151.0994,-33.2452],[151.0992,-33.2473],[151.1006,-33.2488],[151.0984,-33.2501],[151.0997,-33.2532],[151.0975,-33.2549],[151.0983,-33.2569],[151.0971,-33.258],[151.0969,-33.2595],[151.1,-33.2616],[151.0947,-33.2618],[151.0941,-33.2643],[151.0921,-33.2648],[151.09,-33.2685],[151.0869,-33.269],[151.09,-33.271],[151.0897,-33.2755],[151.0915,-33.2778],[151.0915,-33.2794],[151.0892,-33.2814],[151.0908,-33.2815],[151.0926,-33.2832],[151.0923,-33.2842],[151.0938,-33.2847],[151.0933,-33.2897],[151.0953,-33.2918],[151.0951,-33.294],[151.0936,-33.2959],[151.0948,-33.2971],[151.0948,-33.2991],[151.0961,-33.2998],[151.0946,-33.301],[151.0955,-33.3029],[151.0933,-33.3039],[151.0921,-33.307],[151.0945,-33.3084],[151.0937,-33.3095],[151.0939,-33.312],[151.091,-33.3126],[151.0898,-33.3137],[151.0904,-33.3157],[151.0884,-33.3159],[151.0865,-33.3168],[151.0864,-33.3178],[151.0842,-33.3185],[151.0871,-33.3204],[151.09,-33.3244],[151.0894,-33.3273],[151.0851,-33.3302],[151.0818,-33.3338],[151.0784,-33.3355],[151.074,-33.3343],[151.0736,-33.3335],[151.0718,-33.3341],[151.0702,-33.3329],[151.0662,-33.3339],[151.066,-33.3381],[151.0668,-33.34],[151.0644,-33.3419],[151.0602,-33.342],[151.0561,-33.3431],[151.0537,-33.3411],[151.0513,-33.3409],[151.0496,-33.3418],[151.0492,-33.344],[151.0471,-33.3429],[151.0447,-33.3442],[151.0422,-33.3433],[151.0395,-33.3471],[151.0353,-33.3492],[151.035,-33.35],[151.0323,-33.3502],[151.0312,-33.3516],[151.0308,-33.3506],[151.0278,-33.3507],[151.0245,-33.3496],[151.0238,-33.3514],[151.0202,-33.3531],[151.0155,-33.3536],[151.0136,-33.3523],[151.0126,-33.3495],[151.0114,-33.3486],[151.0087,-33.3496],[151.004,-33.3498],[151.003,-33.3513],[151.0006,-33.3504],[150.9985,-33.3533],[150.9987,-33.355],[150.9946,-33.3605],[150.9937,-33.3633],[150.9914,-33.3643],[150.9875,-33.3645],[150.988,-33.3671],[150.9873,-33.3661],[150.9862,-33.3669],[150.986,-33.3675],[150.9873,-33.3684],[150.9855,-33.3689],[150.9841,-33.3716],[150.985,-33.3729],[150.985,-33.3752],[150.99,-33.3779],[150.9885,-33.3792],[150.9907,-33.3808],[150.9925,-33.3841],[150.9933,-33.397],[150.994,-33.3987],[150.9978,-33.4009],[151.0012,-33.4016],[151.0162,-33.4001],[151.0215,-33.4006],[151.0271,-33.4023],[151.032,-33.4054],[151.0337,-33.4087],[151.0334,-33.413],[151.0309,-33.4217],[151.0322,-33.4272],[151.0358,-33.4293],[151.0428,-33.4292],[151.0446,-33.43],[151.0465,-33.4319],[151.0488,-33.4383],[151.052,-33.4409],[151.0631,-33.4424],[151.0643,-33.4455],[151.0635,-33.4504],[151.0639,-33.4544],[151.0684,-33.4601],[151.0719,-33.4614],[151.0719,-33.463],[151.0765,-33.4614],[151.0786,-33.4582],[151.0782,-33.4552],[151.0764,-33.4521],[151.0766,-33.4495],[151.0781,-33.4482],[151.0798,-33.4488],[151.0799,-33.455],[151.0856,-33.4755],[151.0894,-33.479],[151.09,-33.4806],[151.0974,-33.4835],[151.1022,-33.4842],[151.1053,-33.4832],[151.1087,-33.4774],[151.1132,-33.4748],[151.1156,-33.4715],[151.1237,-33.4693],[151.1236,-33.4684],[151.1209,-33.4682],[151.1224,-33.4666],[151.1253,-33.4677],[151.126,-33.4674],[151.1245,-33.4665],[151.1262,-33.4667],[151.1309,-33.4721],[151.1355,-33.4748],[151.1381,-33.4754],[151.1422,-33.4748],[151.1463,-33.473],[151.1492,-33.4708],[151.1535,-33.4652],[151.1546,-33.4653],[151.1545,-33.4663],[151.1555,-33.4671],[151.1526,-33.4737],[151.1503,-33.4745],[151.1483,-33.4822],[151.146,-33.485],[151.1433,-33.491],[151.139,-33.4909],[151.1368,-33.4888],[151.1344,-33.4881],[151.134,-33.4894],[151.1313,-33.4913],[151.1321,-33.4928],[151.1336,-33.4919],[151.1355,-33.4922],[151.1424,-33.4966],[151.1461,-33.4958],[151.1543,-33.4978],[151.1554,-33.4991],[151.1533,-33.5027],[151.1525,-33.5088],[151.1533,-33.5149],[151.1522,-33.5175],[151.1536,-33.5179],[151.1545,-33.5197],[151.1533,-33.5207],[151.1534,-33.5217],[151.1545,-33.5223],[151.1538,-33.5241],[151.1532,-33.5245],[151.1529,-33.5229],[151.15,-33.5208],[151.1484,-33.5231],[151.1451,-33.5222],[151.1408,-33.5244],[151.1384,-33.5188],[151.1355,-33.5178],[151.1362,-33.5147],[151.1335,-33.5133],[151.1292,-33.5134],[151.1278,-33.5172],[151.1256,-33.5179],[151.1233,-33.5158],[151.1214,-33.5125],[151.1212,-33.5107],[151.1232,-33.5084],[151.1305,-33.5059],[151.1302,-33.5051],[151.1226,-33.5043],[151.1166,-33.5047],[151.1133,-33.5054],[151.1115,-33.507],[151.1119,-33.5091],[151.1152,-33.5096],[151.1194,-33.513],[151.1225,-33.5188],[151.1216,-33.5203],[151.1218,-33.5216],[151.1307,-33.5189],[151.1314,-33.5194],[151.1315,-33.5227],[151.128,-33.5266],[151.1264,-33.5311],[151.1326,-33.5262],[151.1356,-33.5223],[151.1364,-33.5226],[151.1374,-33.5279],[151.1391,-33.5288],[151.1431,-33.5289],[151.1434,-33.5299],[151.1411,-33.5322],[151.1418,-33.5343],[151.1405,-33.5354],[151.1406,-33.5387],[151.1376,-33.542],[151.1365,-33.542],[151.1343,-33.5403],[151.1316,-33.5403],[151.127,-33.5376],[151.124,-33.5408],[151.1223,-33.5412],[151.1216,-33.5405],[151.1188,-33.5426],[151.1169,-33.5462],[151.1195,-33.5457],[151.1208,-33.5432],[151.125,-33.5431],[151.1283,-33.5416],[151.1295,-33.5429],[151.1329,-33.5435],[151.1376,-33.5464],[151.1373,-33.5471],[151.1348,-33.5476],[151.1336,-33.549],[151.1314,-33.5491],[151.1323,-33.5502],[151.1372,-33.5497],[151.1388,-33.5505],[151.1411,-33.5475],[151.1407,-33.5448],[151.1437,-33.542],[151.1454,-33.5423],[151.1477,-33.544],[151.1471,-33.5468],[151.1484,-33.548],[151.1471,-33.5507],[151.1465,-33.5579],[151.1482,-33.5581],[151.1489,-33.5604],[151.1509,-33.561],[151.1515,-33.562],[151.1476,-33.5656],[151.1464,-33.5655],[151.1448,-33.5637],[151.1422,-33.5647],[151.1443,-33.5652],[151.1444,-33.5677],[151.1413,-33.566],[151.1373,-33.5678],[151.1338,-33.5672],[151.1309,-33.5679],[151.1307,-33.5693],[151.1285,-33.5719],[151.1305,-33.5731],[151.1296,-33.5775],[151.1313,-33.5777],[151.1315,-33.5784],[151.1251,-33.5817],[151.1253,-33.5824],[151.1219,-33.5836],[151.1201,-33.586],[151.1147,-33.5855],[151.1114,-33.5869],[151.1072,-33.5862],[151.1043,-33.5867],[151.1028,-33.5878],[151.1089,-33.5877],[151.1097,-33.5883],[151.1097,-33.5901],[151.112,-33.5883],[151.116,-33.5874],[151.1169,-33.5925],[151.1185,-33.5943],[151.1203,-33.5942],[151.1227,-33.5964],[151.1223,-33.598],[151.1199,-33.5984],[151.1202,-33.5988],[151.1201,-33.5988],[151.1202,-33.5988],[151.1208,-33.5996],[151.1237,-33.6],[151.1207,-33.606],[151.124,-33.6091],[151.1232,-33.6147],[151.1242,-33.6208],[151.1159,-33.6288],[151.1147,-33.6284],[151.1139,-33.6251],[151.1102,-33.6266],[151.1076,-33.6309],[151.1104,-33.6339],[151.1076,-33.6351],[151.1056,-33.6382],[151.1017,-33.6385],[151.1001,-33.6473],[151.098,-33.6493],[151.0953,-33.648],[151.0944,-33.6484],[151.092,-33.6526],[151.0897,-33.6543],[151.0883,-33.6536],[151.0876,-33.6541],[151.0875,-33.6579],[151.0854,-33.6585],[151.0816,-33.6624],[151.0799,-33.6626],[151.0795,-33.6635],[151.0802,-33.665],[151.0852,-33.6662],[151.0848,-33.6679],[151.0863,-33.669],[151.0863,-33.67],[151.0845,-33.6712],[151.0875,-33.6734],[151.0873,-33.6759],[151.0885,-33.6776],[151.0856,-33.6783],[151.085,-33.68],[151.0807,-33.6826],[151.0806,-33.6863],[151.0827,-33.689],[151.0819,-33.6903],[151.0848,-33.6922],[151.0831,-33.6925],[151.0822,-33.6936],[151.0803,-33.694],[151.0795,-33.6953],[151.0777,-33.6958],[151.0778,-33.6978],[151.0756,-33.6978],[151.0742,-33.6992],[151.0717,-33.6994],[151.0724,-33.701],[151.0701,-33.7026],[151.068,-33.7023],[151.0665,-33.7048],[151.0669,-33.7096],[151.065,-33.7101],[151.0624,-33.7125],[151.0628,-33.7138],[151.0609,-33.7146],[151.0582,-33.7176],[151.0579,-33.7192],[151.0564,-33.7198],[151.0561,-33.7209],[151.057,-33.7226],[151.0565,-33.725],[151.0594,-33.7286],[151.0587,-33.7313],[151.056,-33.733],[151.0543,-33.7325],[151.0542,-33.7318],[151.0486,-33.7333],[151.0487,-33.7345],[151.0475,-33.7348],[151.0481,-33.7358],[151.0476,-33.7371],[151.0405,-33.7382],[151.0408,-33.7392],[151.0375,-33.7398],[151.0407,-33.7405],[151.0478,-33.7441],[151.0498,-33.748],[151.0476,-33.7537],[151.0489,-33.7586],[151.0349,-33.7609],[151.035,-33.7623],[151.0291,-33.7634],[151.0192,-33.7593],[151.0145,-33.7596],[151.012,-33.7582],[151.0103,-33.7591],[151.009,-33.7647],[151.0052,-33.7669],[150.9986,-33.7679],[150.9822,-33.7723],[150.9754,-33.773],[150.9683,-33.771],[150.9661,-33.769],[150.9648,-33.7664],[150.963,-33.7653],[150.9576,-33.7584],[150.9562,-33.7573],[150.9551,-33.7579],[150.952,-33.7524],[150.9348,-33.7137],[150.9312,-33.7075],[150.9308,-33.7041],[150.9271,-33.6963],[150.9134,-33.6789],[150.9033,-33.6706],[150.9,-33.6664],[150.8928,-33.6621],[150.8847,-33.66],[150.8772,-33.6598],[150.8726,-33.6554],[150.8664,-33.6524],[150.8587,-33.6463],[150.8352,-33.658],[150.8351,-33.658],[150.8352,-33.658],[150.8371,-33.6564],[150.8357,-33.6538],[150.8371,-33.6524],[150.8371,-33.651],[150.8364,-33.6489],[150.8336,-33.6476],[150.8346,-33.6453],[150.83,-33.6429],[150.8288,-33.6444],[150.8276,-33.6438],[150.8272,-33.6428],[150.8243,-33.6418],[150.8237,-33.6409],[150.8239,-33.6376],[150.8227,-33.6355],[150.8219,-33.6311],[150.8232,-33.6191],[150.8228,-33.6162],[150.8244,-33.614],[150.8249,-33.6076],[150.8258,-33.6066],[150.8274,-33.6069],[150.8299,-33.6098],[150.8369,-33.6087],[150.8392,-33.6068],[150.8411,-33.602],[150.8369,-33.5985],[150.8343,-33.6007],[150.833,-33.5982],[150.8187,-33.6045],[150.8145,-33.6042],[150.8134,-33.6024],[150.8139,-33.6002],[150.8237,-33.5878],[150.825,-33.5851],[150.8245,-33.5832],[150.8217,-33.5826],[150.8134,-33.5838],[150.8054,-33.583],[150.7911,-33.5768],[150.7767,-33.5685],[150.7687,-33.566],[150.7583,-33.5646],[150.7554,-33.5517],[150.7616,-33.5521],[150.7623,-33.5484],[150.7585,-33.5478],[150.7579,-33.5459],[150.7564,-33.5462],[150.7551,-33.5476],[150.7519,-33.5472],[150.7532,-33.5395],[150.7448,-33.5383],[150.743,-33.5489],[150.7402,-33.5485],[150.74,-33.5497],[150.7336,-33.5487],[150.7309,-33.5515],[150.7269,-33.5516],[150.7262,-33.5542],[150.725,-33.5547],[150.7227,-33.5539],[150.7225,-33.5566],[150.7205,-33.5555],[150.7176,-33.5574],[150.7157,-33.5555],[150.7165,-33.5549],[150.7123,-33.5509],[150.711,-33.5517],[150.7101,-33.5509],[150.711,-33.5491],[150.7104,-33.5489],[150.7105,-33.5497],[150.7079,-33.5494],[150.7079,-33.5504],[150.7059,-33.5527],[150.7075,-33.5546],[150.7028,-33.5576],[150.7064,-33.5612],[150.7033,-33.5633],[150.7036,-33.5644],[150.7026,-33.5643],[150.7026,-33.5634],[150.6995,-33.5604],[150.6981,-33.5602],[150.6975,-33.5636],[150.6849,-33.562],[150.6857,-33.5648],[150.6838,-33.5652],[150.682,-33.5667],[150.6833,-33.5671],[150.6829,-33.5691],[150.6822,-33.569],[150.6818,-33.5751],[150.6824,-33.5741],[150.686,-33.5747],[150.6874,-33.5738],[150.6875,-33.5751],[150.6866,-33.5752],[150.6872,-33.5768],[150.6863,-33.5777],[150.6863,-33.5801],[150.689,-33.581],[150.6895,-33.5844],[150.6915,-33.5867],[150.6973,-33.5893],[150.6979,-33.5922],[150.7021,-33.5952],[150.7046,-33.5959],[150.7056,-33.5994],[150.7024,-33.6037],[150.6959,-33.6074],[150.6954,-33.61],[150.6899,-33.6131],[150.6805,-33.6159],[150.6769,-33.616],[150.6695,-33.6141],[150.66,-33.6146],[150.6552,-33.6155],[150.6444,-33.62],[150.6409,-33.6203],[150.6355,-33.619],[150.6279,-33.615],[150.6274,-33.6136],[150.6289,-33.6116],[150.628,-33.6104],[150.6238,-33.6106],[150.6222,-33.6119],[150.6189,-33.6109],[150.6165,-33.6075],[150.6166,-33.6062],[150.6182,-33.6044],[150.6167,-33.6035],[150.6131,-33.6034],[150.6131,-33.6033],[150.6131,-33.6034],[150.6073,-33.5999],[150.6077,-33.5949],[150.6106,-33.5933],[150.6076,-33.5896],[150.6094,-33.5864],[150.6088,-33.5823],[150.6055,-33.5782],[150.6038,-33.578],[150.6049,-33.572],[150.6002,-33.5713],[150.6009,-33.5675],[150.5971,-33.567],[150.5994,-33.5545],[150.5972,-33.5542],[150.5992,-33.5499],[150.6095,-33.5513],[150.6104,-33.5468],[150.6163,-33.5475],[150.6204,-33.5259],[150.6131,-33.5249],[150.6128,-33.5265],[150.6078,-33.5257],[150.607,-33.5292],[150.6009,-33.5283],[150.6013,-33.5261],[150.5949,-33.5253],[150.5957,-33.5222],[150.5831,-33.5206],[150.5834,-33.5222],[150.5813,-33.5219],[150.5811,-33.5231],[150.5794,-33.5229],[150.5796,-33.5217],[150.577,-33.5213],[150.5773,-33.5198],[150.548,-33.5159],[150.5477,-33.5152],[150.5469,-33.5195],[150.5225,-33.5164],[150.5236,-33.5102],[150.5201,-33.5097],[150.5207,-33.5068],[150.5159,-33.5062],[150.5134,-33.5204],[150.4961,-33.5182],[150.4977,-33.5217],[150.4858,-33.5201],[150.4856,-33.5215],[150.4799,-33.5207],[150.479,-33.5248],[150.4846,-33.5264],[150.484,-33.5294],[150.4783,-33.5287],[150.4763,-33.5384],[150.4674,-33.5373],[150.4661,-33.5444],[150.4401,-33.541],[150.4398,-33.5428],[150.4352,-33.5422],[150.4361,-33.5453],[150.4355,-33.5482],[150.4383,-33.5524],[150.4388,-33.5551],[150.4287,-33.5535],[150.4263,-33.5646],[150.4155,-33.563],[150.4169,-33.5564],[150.4148,-33.5561],[150.4156,-33.5521],[150.4144,-33.5502],[150.4158,-33.549],[150.4103,-33.5482],[150.4066,-33.5409],[150.4069,-33.5372],[150.4101,-33.5332],[150.4094,-33.5311],[150.4099,-33.5296],[150.4122,-33.5282],[150.4169,-33.5282],[150.4253,-33.5214],[150.4278,-33.5206],[150.4302,-33.5241],[150.4341,-33.5277],[150.433,-33.5299],[150.4307,-33.5305],[150.4294,-33.5332],[150.4308,-33.5355],[150.4302,-33.5379],[150.4423,-33.5369],[150.4438,-33.5336],[150.4474,-33.5117],[150.4539,-33.5118],[150.4557,-33.51],[150.4559,-33.5081],[150.4574,-33.5069],[150.4615,-33.5061],[150.4631,-33.5016],[150.4728,-33.4983],[150.461,-33.4968],[150.4615,-33.4941],[150.4472,-33.4922],[150.4452,-33.5019],[150.423,-33.4995],[150.4227,-33.5014],[150.4261,-33.5019],[150.4253,-33.5064],[150.422,-33.5077],[150.4222,-33.5069],[150.4204,-33.5066],[150.4199,-33.504],[150.419,-33.5036],[150.4195,-33.5011],[150.4097,-33.5],[150.4086,-33.5067],[150.4074,-33.5068],[150.4065,-33.5022],[150.4037,-33.5011],[150.3975,-33.5052],[150.3988,-33.5091],[150.3963,-33.511],[150.3921,-33.5117],[150.376,-33.5181],[150.3746,-33.5177],[150.3734,-33.5204],[150.3718,-33.5209],[150.3716,-33.5221],[150.3698,-33.5219],[150.37,-33.5209],[150.3684,-33.5196],[150.368,-33.5167],[150.3636,-33.5184],[150.3628,-33.5171],[150.3598,-33.519],[150.3567,-33.5185],[150.3588,-33.5087],[150.3633,-33.5088],[150.3637,-33.5071],[150.3623,-33.5048],[150.365,-33.5036],[150.3651,-33.5025],[150.3608,-33.4953],[150.3675,-33.4925]]]}},{"type":"Feature","id":"Blacktown","properties":{"id":"Blacktown","name":"Blacktown","name_full":"Sydney - Blacktown","name_ja":"Sydney - Blacktown","center_lonlat":[150.8645,-33.7411]},"geometry":{"type":"Polygon","coordinates":[[[150.8276,-33.6438],[150.8288,-33.6444],[150.83,-33.6429],[150.8346,-33.6453],[150.8336,-33.6476],[150.8364,-33.6489],[150.8371,-33.651],[150.8371,-33.6524],[150.8357,-33.6538],[150.8371,-33.6564],[150.8352,-33.658],[150.8351,-33.658],[150.8352,-33.658],[150.8587,-33.6463],[150.8664,-33.6524],[150.8726,-33.6554],[150.8772,-33.6598],[150.8847,-33.66],[150.8928,-33.6621],[150.9,-33.6664],[150.9033,-33.6706],[150.9134,-33.6789],[150.9271,-33.6963],[150.9308,-33.7041],[150.9312,-33.7075],[150.9348,-33.7137],[150.952,-33.7524],[150.9551,-33.7579],[150.9562,-33.7573],[150.9576,-33.7584],[150.963,-33.7653],[150.9583,-33.7656],[150.959,-33.7691],[150.9609,-33.7735],[150.9669,-33.7811],[150.961,-33.7793],[150.9602,-33.7802],[150.9581,-33.7797],[150.9575,-33.7806],[150.956,-33.7807],[150.955,-33.7787],[150.9541,-33.7789],[150.9541,-33.779],[150.9541,-33.7789],[150.9522,-33.779],[150.9516,-33.7768],[150.9476,-33.7804],[150.9511,-33.786],[150.9518,-33.7901],[150.9451,-33.7928],[150.9438,-33.793],[150.9425,-33.7921],[150.939,-33.7943],[150.9377,-33.8008],[150.9339,-33.8072],[150.93,-33.8055],[150.9279,-33.8075],[150.9273,-33.8102],[150.9185,-33.8088],[150.9147,-33.8294],[150.916,-33.8303],[150.9144,-33.8323],[150.9117,-33.83],[150.9103,-33.8266],[150.9089,-33.8254],[150.8959,-33.8286],[150.8915,-33.8308],[150.889,-33.834],[150.888,-33.8297],[150.8833,-33.8323],[150.8847,-33.8286],[150.8843,-33.8275],[150.8809,-33.8278],[150.8791,-33.8292],[150.8779,-33.8289],[150.8779,-33.8272],[150.8769,-33.8275],[150.8769,-33.8276],[150.8769,-33.8275],[150.8777,-33.8269],[150.8757,-33.8266],[150.8757,-33.8256],[150.8743,-33.8257],[150.8737,-33.8247],[150.8572,-33.8208],[150.8277,-33.8207],[150.8129,-33.8224],[150.813,-33.8205],[150.8158,-33.817],[150.8148,-33.8161],[150.8151,-33.8144],[150.8134,-33.8128],[150.8145,-33.8112],[150.8135,-33.8095],[150.8157,-33.8076],[150.8141,-33.8048],[150.815,-33.8029],[150.8139,-33.8023],[150.8144,-33.7983],[150.8128,-33.7976],[150.8132,-33.7966],[150.8118,-33.7963],[150.8104,-33.7943],[150.8114,-33.7938],[150.8102,-33.7928],[150.8119,-33.7907],[150.8118,-33.7888],[150.8115,-33.7881],[150.8094,-33.7879],[150.8098,-33.7866],[150.809,-33.786],[150.8101,-33.7839],[150.8082,-33.7838],[150.8081,-33.7812],[150.8069,-33.7799],[150.8054,-33.7797],[150.8061,-33.7782],[150.8052,-33.7784],[150.8033,-33.777],[150.802,-33.7742],[150.8029,-33.773],[150.8014,-33.7711],[150.8021,-33.7701],[150.8007,-33.7699],[150.7971,-33.7646],[150.7955,-33.7641],[150.7941,-33.7596],[150.7927,-33.7584],[150.7916,-33.7558],[150.7925,-33.7552],[150.7929,-33.7533],[150.7887,-33.751],[150.7895,-33.7495],[150.789,-33.7465],[150.7867,-33.7464],[150.7849,-33.7443],[150.785,-33.743],[150.7834,-33.7404],[150.7779,-33.7397],[150.7769,-33.7372],[150.7757,-33.7363],[150.7618,-33.7352],[150.7617,-33.7324],[150.7596,-33.7301],[150.7605,-33.7285],[150.7639,-33.7266],[150.7625,-33.721],[150.7644,-33.7184],[150.7657,-33.7189],[150.7661,-33.7162],[150.7678,-33.7134],[150.766,-33.7056],[150.7677,-33.7057],[150.7695,-33.7031],[150.772,-33.7014],[150.7762,-33.7042],[150.7765,-33.7031],[150.7788,-33.7022],[150.7799,-33.7005],[150.779,-33.6969],[150.7813,-33.6947],[150.7851,-33.6934],[150.7859,-33.6922],[150.7848,-33.6918],[150.7912,-33.6888],[150.7916,-33.688],[150.7904,-33.6867],[150.7955,-33.6846],[150.7968,-33.6792],[150.8005,-33.6746],[150.8013,-33.6742],[150.8016,-33.6752],[150.8036,-33.6755],[150.8044,-33.6744],[150.8068,-33.6776],[150.81,-33.6785],[150.819,-33.6761],[150.8185,-33.6739],[150.8158,-33.674],[150.8142,-33.6726],[150.8131,-33.6695],[150.8134,-33.6676],[150.8186,-33.6613],[150.8244,-33.6595],[150.8267,-33.658],[150.8275,-33.6562],[150.8265,-33.6544],[150.8281,-33.6524],[150.8302,-33.6528],[150.8301,-33.6529],[150.8302,-33.6528],[150.8304,-33.6514],[150.8267,-33.6467],[150.8276,-33.6438]]]}},{"type":"Feature","id":"City and Inner South","properties":{"id":"City and Inner South","name":"City and Inner South","name_full":"Sydney - City and Inner South","name_ja":"Sydney - City and Inner South","center_lonlat":[151.1925,-33.9171]},"geometry":{"type":"MultiPolygon","coordinates":[[[[151.168,-33.9498],[151.1657,-33.9475],[151.1599,-33.9446],[151.161,-33.936],[151.16,-33.9334],[151.1558,-33.9313],[151.157,-33.9293],[151.155,-33.9262],[151.1552,-33.9241],[151.1533,-33.9229],[151.15,-33.9229],[151.1475,-33.9211],[151.1427,-33.9228],[151.1371,-33.9213],[151.1369,-33.9196],[151.1389,-33.9185],[151.14,-33.9163],[151.1366,-33.9141],[151.1413,-33.9111],[151.1461,-33.9111],[151.1432,-33.909],[151.1488,-33.9038],[151.1494,-33.8969],[151.1508,-33.8972],[151.1493,-33.8952],[151.1511,-33.8944],[151.1499,-33.8939],[151.1504,-33.8932],[151.1491,-33.8899],[151.1594,-33.8878],[151.1653,-33.8882],[151.1765,-33.8868],[151.1753,-33.883],[151.1761,-33.8825],[151.1759,-33.8793],[151.1771,-33.8777],[151.1774,-33.8727],[151.1805,-33.8712],[151.1828,-33.8722],[151.1848,-33.8709],[151.1859,-33.8729],[151.1881,-33.8735],[151.1894,-33.8758],[151.1892,-33.8748],[151.1905,-33.8748],[151.1901,-33.8742],[151.1923,-33.8739],[151.1906,-33.8715],[151.1872,-33.8698],[151.1873,-33.8688],[151.186,-33.8683],[151.1872,-33.8686],[151.1891,-33.8659],[151.1914,-33.8654],[151.1909,-33.8638],[151.1942,-33.8624],[151.1936,-33.8644],[151.1952,-33.8625],[151.1961,-33.8626],[151.1944,-33.8654],[151.1966,-33.8634],[151.1977,-33.8635],[151.1961,-33.8675],[151.1972,-33.8678],[151.1978,-33.8653],[151.199,-33.8656],[151.1982,-33.868],[151.1993,-33.8685],[151.1995,-33.8722],[151.2004,-33.8735],[151.2015,-33.8732],[151.2024,-33.8704],[151.2012,-33.87],[151.2002,-33.8554],[151.2027,-33.8553],[151.2027,-33.8563],[151.2035,-33.8566],[151.2035,-33.8551],[151.2049,-33.8567],[151.2042,-33.8548],[151.2054,-33.8565],[151.2059,-33.856],[151.2052,-33.8543],[151.2063,-33.8558],[151.2068,-33.8553],[151.2062,-33.8538],[151.2073,-33.8553],[151.208,-33.8535],[151.2106,-33.8554],[151.2092,-33.8561],[151.2096,-33.857],[151.2104,-33.8569],[151.2096,-33.861],[151.2099,-33.8604],[151.2103,-33.8611],[151.2104,-33.8604],[151.2105,-33.8611],[151.2109,-33.8604],[151.211,-33.8611],[151.2114,-33.8605],[151.2115,-33.8612],[151.2119,-33.8605],[151.2125,-33.861],[151.2127,-33.8591],[151.2146,-33.8561],[151.216,-33.8566],[151.2155,-33.858],[151.2172,-33.8598],[151.2169,-33.8621],[151.2179,-33.8632],[151.2196,-33.8631],[151.2216,-33.8593],[151.2228,-33.8593],[151.223,-33.8624],[151.2199,-33.866],[151.2198,-33.8687],[151.2218,-33.8657],[151.2225,-33.8659],[151.2206,-33.8691],[151.2217,-33.8689],[151.2233,-33.8666],[151.2256,-33.8619],[151.2263,-33.8634],[151.2276,-33.8632],[151.227,-33.8616],[151.2276,-33.859],[151.2287,-33.858],[151.2299,-33.8582],[151.2309,-33.8593],[151.2289,-33.8611],[151.2288,-33.8669],[151.2275,-33.8687],[151.2318,-33.8712],[151.2301,-33.8729],[151.2306,-33.8741],[151.2278,-33.8791],[151.2248,-33.879],[151.2214,-33.8814],[151.2191,-33.8817],[151.2112,-33.9202],[151.212,-33.9226],[151.215,-33.9245],[151.222,-33.9255],[151.2281,-33.9246],[151.2292,-33.9286],[151.2305,-33.9353],[151.2268,-33.9453],[151.2301,-33.9477],[151.2315,-33.95],[151.2317,-33.9521],[151.2305,-33.9537],[151.2303,-33.9556],[151.2257,-33.9564],[151.2218,-33.9593],[151.2253,-33.9597],[151.2244,-33.9613],[151.2262,-33.9638],[151.2287,-33.9646],[151.2283,-33.9668],[151.2312,-33.9672],[151.2336,-33.9687],[151.2365,-33.9734],[151.2367,-33.9769],[151.2327,-33.9746],[151.2255,-33.9766],[151.2229,-33.9762],[151.22,-33.9773],[151.2173,-33.979],[151.2123,-33.9848],[151.2089,-33.9822],[151.2099,-33.9825],[151.2106,-33.9798],[151.2121,-33.9735],[151.2115,-33.972],[151.2209,-33.969],[151.2201,-33.9672],[151.2075,-33.9698],[151.2055,-33.965],[151.2063,-33.9642],[151.2081,-33.9649],[151.2123,-33.9638],[151.2107,-33.9631],[151.2111,-33.9618],[151.2087,-33.9644],[151.2067,-33.9622],[151.2068,-33.9614],[151.1923,-33.9542],[151.1928,-33.956],[151.1914,-33.9578],[151.1956,-33.9727],[151.1948,-33.9738],[151.1924,-33.9738],[151.1914,-33.9728],[151.1861,-33.9524],[151.1847,-33.9518],[151.182,-33.9524],[151.1808,-33.9555],[151.1822,-33.9613],[151.1853,-33.9626],[151.1861,-33.9621],[151.1868,-33.9645],[151.1849,-33.9674],[151.1817,-33.9679],[151.1788,-33.9664],[151.1757,-33.955],[151.168,-33.9498]]],[[[151.1949,-33.8533],[151.1963,-33.8511],[151.1989,-33.8509],[151.1967,-33.8537],[151.1949,-33.8533]]]]}},{"type":"Feature","id":"Eastern Suburbs","properties":{"id":"Eastern Suburbs","name":"Eastern Suburbs","name_full":"Sydney - Eastern Suburbs","name_ja":"Sydney - Eastern Suburbs","center_lonlat":[151.2483,-33.9158]},"geometry":{"type":"Polygon","coordinates":[[[151.2255,-33.9766],[151.2327,-33.9746],[151.2367,-33.9769],[151.2365,-33.9734],[151.2336,-33.9687],[151.2312,-33.9672],[151.2283,-33.9668],[151.2287,-33.9646],[151.2262,-33.9638],[151.2244,-33.9613],[151.2253,-33.9597],[151.2218,-33.9593],[151.2257,-33.9564],[151.2303,-33.9556],[151.2305,-33.9537],[151.2317,-33.9521],[151.2315,-33.95],[151.2301,-33.9477],[151.2268,-33.9453],[151.2305,-33.9353],[151.2292,-33.9286],[151.2281,-33.9246],[151.222,-33.9255],[151.215,-33.9245],[151.212,-33.9226],[151.2112,-33.9202],[151.2191,-33.8817],[151.2214,-33.8814],[151.2248,-33.879],[151.2278,-33.8791],[151.2306,-33.8741],[151.2327,-33.8748],[151.2347,-33.873],[151.2354,-33.871],[151.235,-33.8679],[151.24,-33.8664],[151.2419,-33.8685],[151.2409,-33.8715],[151.2413,-33.873],[151.2436,-33.8739],[151.2458,-33.8736],[151.2461,-33.8721],[151.2484,-33.8715],[151.2498,-33.8702],[151.2498,-33.8682],[151.2488,-33.8679],[151.2485,-33.8665],[151.249,-33.865],[151.2523,-33.8637],[151.2534,-33.865],[151.256,-33.8635],[151.2567,-33.8643],[151.2536,-33.8682],[151.2536,-33.8697],[151.255,-33.871],[151.2619,-33.8723],[151.2628,-33.8703],[151.2673,-33.8705],[151.2706,-33.8659],[151.2683,-33.8626],[151.2688,-33.8608],[151.268,-33.8593],[151.269,-33.8581],[151.2655,-33.8549],[151.2644,-33.8508],[151.2675,-33.8501],[151.2678,-33.849],[151.2701,-33.8474],[151.2702,-33.85],[151.2728,-33.8528],[151.2735,-33.8524],[151.2734,-33.8495],[151.2746,-33.8486],[151.2776,-33.8511],[151.2769,-33.8499],[151.2775,-33.8471],[151.2811,-33.8464],[151.2817,-33.8437],[151.2807,-33.8418],[151.2763,-33.8411],[151.2792,-33.8393],[151.2782,-33.8366],[151.2795,-33.8353],[151.2795,-33.8335],[151.2803,-33.8327],[151.2818,-33.834],[151.2817,-33.8365],[151.2825,-33.838],[151.2824,-33.838],[151.2825,-33.838],[151.285,-33.8408],[151.2845,-33.8431],[151.2868,-33.8462],[151.2878,-33.8501],[151.2863,-33.8522],[151.2863,-33.8578],[151.2852,-33.8591],[151.2851,-33.8591],[151.2852,-33.8591],[151.2846,-33.861],[151.2828,-33.8625],[151.2841,-33.8646],[151.2837,-33.871],[151.2846,-33.8737],[151.2827,-33.8776],[151.2858,-33.886],[151.2857,-33.892],[151.2834,-33.8937],[151.2824,-33.8911],[151.2798,-33.8908],[151.2773,-33.8914],[151.2743,-33.8936],[151.2744,-33.8969],[151.2764,-33.8987],[151.2755,-33.8994],[151.2721,-33.8994],[151.272,-33.9001],[151.2702,-33.9007],[151.2703,-33.902],[151.2684,-33.9036],[151.2702,-33.9067],[151.2698,-33.9099],[151.2716,-33.9132],[151.2714,-33.9142],[151.2691,-33.9148],[151.2669,-33.9136],[151.2683,-33.9152],[151.267,-33.9163],[151.2615,-33.9148],[151.2627,-33.9181],[151.261,-33.9189],[151.2608,-33.9201],[151.2597,-33.9197],[151.2585,-33.9204],[151.2576,-33.9225],[151.2592,-33.9259],[151.2614,-33.9275],[151.2599,-33.9289],[151.2598,-33.9304],[151.2616,-33.9332],[151.2618,-33.9352],[151.2612,-33.9365],[151.2594,-33.9372],[151.2607,-33.9387],[151.263,-33.9393],[151.2657,-33.9415],[151.2618,-33.945],[151.2586,-33.9457],[151.257,-33.9519],[151.2585,-33.954],[151.2613,-33.9552],[151.2657,-33.9588],[151.263,-33.9613],[151.2649,-33.9632],[151.2658,-33.9685],[151.2597,-33.9676],[151.2565,-33.9649],[151.2534,-33.9639],[151.2519,-33.9647],[151.2543,-33.9686],[151.2575,-33.9716],[151.259,-33.9758],[151.258,-33.977],[151.2512,-33.9789],[151.2516,-33.9802],[151.2534,-33.9805],[151.2542,-33.9816],[151.2533,-33.982],[151.2541,-33.9834],[151.252,-33.9865],[151.2531,-33.9915],[151.2515,-33.9938],[151.2515,-33.9956],[151.2492,-33.9985],[151.2496,-34.0016],[151.2478,-34.0011],[151.2482,-33.9985],[151.2465,-33.9985],[151.2458,-33.9976],[151.2424,-34.0001],[151.2411,-33.9984],[151.2376,-33.9984],[151.2378,-33.9962],[151.2385,-33.9957],[151.237,-33.9932],[151.2383,-33.9916],[151.2357,-33.9895],[151.2341,-33.9892],[151.232,-33.9908],[151.2317,-33.9929],[151.2307,-33.9925],[151.231,-33.9916],[151.231,-33.9917],[151.231,-33.9916],[151.2317,-33.9905],[151.2286,-33.989],[151.2294,-33.9881],[151.2288,-33.988],[151.2308,-33.9878],[151.2314,-33.9867],[151.2303,-33.9836],[151.2279,-33.9822],[151.2286,-33.9805],[151.2281,-33.9799],[151.2291,-33.9796],[151.2277,-33.9777],[151.2255,-33.9766]]]}},{"type":"Feature","id":"Inner South West","properties":{"id":"Inner South West","name":"Inner South West","name_full":"Sydney - Inner South West","name_ja":"Sydney - Inner South West","center_lonlat":[151.0641,-33.9417]},"geometry":{"type":"Polygon","coordinates":[[[151.0615,-33.883],[151.0669,-33.8831],[151.0686,-33.8839],[151.069,-33.8852],[151.0675,-33.8874],[151.0671,-33.8905],[151.0676,-33.8904],[151.0676,-33.8933],[151.0698,-33.8995],[151.0719,-33.9032],[151.0773,-33.9073],[151.0787,-33.9063],[151.077,-33.9025],[151.0802,-33.8977],[151.0797,-33.8964],[151.0826,-33.8976],[151.0855,-33.8973],[151.0887,-33.8991],[151.0904,-33.9013],[151.0967,-33.9036],[151.1075,-33.9019],[151.1103,-33.9034],[151.1119,-33.9066],[151.1156,-33.909],[151.115,-33.9111],[151.1192,-33.9146],[151.1234,-33.9141],[151.1304,-33.9163],[151.1326,-33.9155],[151.135,-33.9132],[151.1366,-33.9141],[151.14,-33.9163],[151.1389,-33.9185],[151.1369,-33.9196],[151.1371,-33.9213],[151.1427,-33.9228],[151.1475,-33.9211],[151.15,-33.9229],[151.1533,-33.9229],[151.1552,-33.9241],[151.155,-33.9262],[151.157,-33.9293],[151.1558,-33.9313],[151.16,-33.9334],[151.161,-33.936],[151.1599,-33.9446],[151.1657,-33.9475],[151.168,-33.9498],[151.1652,-33.9506],[151.1618,-33.9536],[151.1586,-33.9581],[151.1515,-33.9731],[151.1485,-33.9833],[151.1482,-33.9902],[151.1495,-33.9942],[151.1484,-33.9954],[151.1463,-33.9968],[151.142,-33.9972],[151.1405,-33.9989],[151.1397,-34.0034],[151.1359,-34.0037],[151.128,-34.0059],[151.1227,-34.0005],[151.1228,-33.9982],[151.1232,-33.9961],[151.1266,-33.9935],[151.1302,-33.9886],[151.1314,-33.9848],[151.1298,-33.9836],[151.1266,-33.9849],[151.1241,-33.9878],[151.1219,-33.9877],[151.121,-33.9911],[151.1201,-33.9912],[151.1194,-33.9902],[151.1183,-33.9905],[151.1184,-33.9914],[151.1166,-33.9932],[151.1176,-33.9966],[151.1162,-33.9979],[151.1154,-34.0012],[151.1137,-34.0033],[151.1131,-34.0034],[151.1145,-34.0012],[151.1141,-34.0004],[151.1155,-33.9975],[151.115,-33.9967],[151.1137,-33.9962],[151.1104,-33.9969],[151.1123,-33.9988],[151.1099,-33.9996],[151.1092,-34.0006],[151.1055,-33.9996],[151.1026,-34.001],[151.1023,-34.0001],[151.104,-33.9988],[151.1048,-33.9965],[151.1042,-33.9942],[151.1022,-33.9932],[151.1021,-33.9932],[151.1022,-33.9932],[151.1042,-33.991],[151.1039,-33.9894],[151.1022,-33.9887],[151.0993,-33.9935],[151.0964,-33.9927],[151.096,-33.9903],[151.0939,-33.9914],[151.0916,-33.9911],[151.0914,-33.9925],[151.0903,-33.9929],[151.089,-33.9915],[151.0876,-33.9917],[151.0861,-33.9892],[151.0879,-33.9883],[151.09,-33.9858],[151.0933,-33.9856],[151.0944,-33.9846],[151.0911,-33.9844],[151.0902,-33.9837],[151.0902,-33.9825],[151.088,-33.9826],[151.0874,-33.983],[151.0889,-33.9846],[151.0872,-33.9861],[151.0871,-33.9861],[151.0872,-33.9861],[151.0853,-33.9875],[151.0839,-33.987],[151.0821,-33.9893],[151.0822,-33.99],[151.0846,-33.9909],[151.0854,-33.9927],[151.0795,-33.993],[151.076,-33.9941],[151.075,-33.9932],[151.0755,-33.9921],[151.0744,-33.9922],[151.0717,-33.9943],[151.0696,-33.99],[151.0728,-33.987],[151.0727,-33.9851],[151.0748,-33.984],[151.0725,-33.9843],[151.0711,-33.9836],[151.071,-33.9863],[151.0676,-33.9861],[151.0677,-33.9878],[151.0668,-33.9883],[151.0641,-33.9873],[151.0653,-33.9828],[151.0634,-33.9835],[151.0609,-33.9825],[151.059,-33.9834],[151.0578,-33.9862],[151.0558,-33.9862],[151.0546,-33.9853],[151.0543,-33.9836],[151.0582,-33.9809],[151.0597,-33.9775],[151.0643,-33.9765],[151.0618,-33.9752],[151.0589,-33.9772],[151.0577,-33.9797],[151.055,-33.9809],[151.0537,-33.9828],[151.0517,-33.9818],[151.0502,-33.9799],[151.0494,-33.9802],[151.052,-33.9835],[151.0534,-33.9875],[151.0552,-33.9888],[151.0529,-33.991],[151.0506,-33.9916],[151.0479,-33.9911],[151.0461,-33.9898],[151.0439,-33.9913],[151.0365,-33.9909],[151.034,-33.987],[151.0363,-33.9873],[151.0372,-33.9866],[151.0333,-33.985],[151.0346,-33.984],[151.0382,-33.9842],[151.0399,-33.9833],[151.0395,-33.9802],[151.0377,-33.9795],[151.0373,-33.9785],[151.04,-33.9757],[151.0422,-33.9748],[151.0439,-33.9719],[151.0465,-33.9707],[151.0467,-33.9684],[151.0454,-33.9672],[151.0465,-33.9661],[151.0439,-33.9649],[151.0432,-33.9629],[151.0421,-33.9628],[151.042,-33.96],[151.0429,-33.9588],[151.042,-33.9576],[151.0429,-33.9534],[151.0423,-33.9519],[151.0447,-33.9477],[151.0419,-33.9474],[151.0427,-33.9489],[151.0421,-33.9522],[151.0407,-33.9523],[151.0408,-33.9568],[151.042,-33.9576],[151.0403,-33.9594],[151.0403,-33.9626],[151.0415,-33.9634],[151.0417,-33.9653],[151.0446,-33.9695],[151.0411,-33.9715],[151.0411,-33.9733],[151.0384,-33.9747],[151.0332,-33.975],[151.0296,-33.9767],[151.0245,-33.9772],[151.0241,-33.9743],[151.0254,-33.9729],[151.0251,-33.9712],[151.0237,-33.9716],[151.0249,-33.9708],[151.0257,-33.9685],[151.0225,-33.9641],[151.0225,-33.9669],[151.0237,-33.9686],[151.0231,-33.9719],[151.0236,-33.9721],[151.018,-33.9745],[151.0212,-33.9746],[151.0215,-33.9752],[151.0205,-33.9756],[151.0219,-33.9765],[151.0193,-33.9777],[151.0156,-33.9821],[151.0121,-33.9836],[151.0089,-33.9824],[151.0059,-33.9825],[151.0045,-33.9796],[151.0037,-33.9794],[151.001,-33.9823],[150.9992,-33.9829],[150.9961,-33.9817],[150.9945,-33.9798],[150.9945,-33.9778],[150.9981,-33.9751],[150.9974,-33.974],[150.994,-33.9717],[150.9889,-33.9659],[150.9838,-33.9658],[150.9812,-33.9649],[150.9803,-33.9622],[150.9806,-33.9602],[150.9828,-33.9557],[150.9799,-33.9536],[150.9738,-33.9521],[150.9707,-33.9469],[150.9662,-33.9436],[150.9665,-33.9413],[150.9686,-33.9382],[150.9675,-33.9328],[150.9687,-33.9309],[150.9736,-33.9289],[150.9777,-33.9302],[150.979,-33.9293],[150.9789,-33.9278],[150.974,-33.9191],[150.9744,-33.9113],[150.9731,-33.9076],[150.9742,-33.9071],[150.9759,-33.9091],[150.9771,-33.9093],[150.9794,-33.9064],[150.9734,-33.901],[150.9725,-33.8981],[150.9684,-33.8965],[150.9684,-33.8919],[150.9671,-33.8901],[150.9693,-33.8889],[150.9733,-33.8894],[150.9774,-33.882],[150.9792,-33.8822],[150.9788,-33.8863],[150.9924,-33.888],[150.9952,-33.8912],[150.9989,-33.8918],[150.9988,-33.8927],[151.0015,-33.8926],[151.0012,-33.8937],[151.0022,-33.8938],[151.0022,-33.8957],[151.0079,-33.8966],[151.0081,-33.8986],[151.0112,-33.899],[151.0114,-33.8963],[151.0145,-33.8962],[151.014,-33.8955],[151.0159,-33.8862],[151.0222,-33.8889],[151.0301,-33.8878],[151.033,-33.8882],[151.0495,-33.8871],[151.0491,-33.8859],[151.0586,-33.8843],[151.0587,-33.8836],[151.0615,-33.883]]]}},{"type":"Feature","id":"Inner West","properties":{"id":"Inner West","name":"Inner West","name_full":"Sydney - Inner West","name_ja":"Sydney - Inner West","center_lonlat":[151.1186,-33.8734]},"geometry":{"type":"MultiPolygon","coordinates":[[[[151.1774,-33.8727],[151.1771,-33.8777],[151.1759,-33.8793],[151.1761,-33.8825],[151.1753,-33.883],[151.1765,-33.8868],[151.1653,-33.8882],[151.1594,-33.8878],[151.1491,-33.8899],[151.1504,-33.8932],[151.1499,-33.8939],[151.1511,-33.8944],[151.1493,-33.8952],[151.1508,-33.8972],[151.1494,-33.8969],[151.1488,-33.9038],[151.1432,-33.909],[151.1461,-33.9111],[151.1413,-33.9111],[151.1366,-33.9141],[151.135,-33.9132],[151.1326,-33.9155],[151.1304,-33.9163],[151.1234,-33.9141],[151.1192,-33.9146],[151.115,-33.9111],[151.1156,-33.909],[151.1119,-33.9066],[151.1103,-33.9034],[151.1075,-33.9019],[151.0967,-33.9036],[151.0904,-33.9013],[151.0887,-33.8991],[151.0855,-33.8973],[151.0826,-33.8976],[151.0797,-33.8964],[151.0802,-33.8977],[151.077,-33.9025],[151.0787,-33.9063],[151.0773,-33.9073],[151.0719,-33.9032],[151.0698,-33.8995],[151.0676,-33.8933],[151.0676,-33.8904],[151.0671,-33.8905],[151.0675,-33.8874],[151.069,-33.8852],[151.0686,-33.8839],[151.0669,-33.8831],[151.0615,-33.883],[151.062,-33.88],[151.0641,-33.8802],[151.0653,-33.8739],[151.0664,-33.8737],[151.0611,-33.8664],[151.0567,-33.8646],[151.0637,-33.8638],[151.0639,-33.8638],[151.0637,-33.8638],[151.0612,-33.863],[151.0604,-33.8612],[151.0639,-33.8562],[151.0692,-33.8583],[151.0711,-33.8564],[151.078,-33.8536],[151.0806,-33.8513],[151.0814,-33.85],[151.0811,-33.8489],[151.0794,-33.8488],[151.078,-33.8465],[151.0809,-33.844],[151.0801,-33.8436],[151.0805,-33.8394],[151.0824,-33.8393],[151.0838,-33.8346],[151.083,-33.8344],[151.0832,-33.8279],[151.0872,-33.823],[151.0896,-33.8228],[151.0924,-33.8236],[151.0944,-33.8253],[151.0931,-33.8273],[151.0933,-33.8284],[151.0905,-33.8293],[151.0895,-33.8306],[151.0894,-33.8314],[151.0909,-33.8324],[151.0898,-33.8331],[151.0915,-33.8349],[151.0942,-33.8347],[151.0966,-33.8308],[151.0993,-33.8323],[151.099,-33.8358],[151.0955,-33.8373],[151.0936,-33.8399],[151.0955,-33.8405],[151.0992,-33.8379],[151.1015,-33.8378],[151.1026,-33.8386],[151.0995,-33.8422],[151.0992,-33.8436],[151.0999,-33.8444],[151.1028,-33.844],[151.1048,-33.8406],[151.104,-33.8344],[151.1055,-33.8357],[151.1056,-33.8372],[151.1074,-33.8385],[151.1097,-33.8387],[151.1117,-33.8378],[151.1142,-33.8435],[151.1155,-33.8433],[151.1165,-33.8413],[151.1207,-33.8417],[151.1183,-33.8469],[151.1151,-33.8495],[151.1159,-33.8511],[151.1188,-33.8509],[151.1197,-33.8529],[151.1138,-33.8537],[151.1142,-33.8551],[151.1172,-33.8572],[151.1209,-33.8565],[151.1223,-33.857],[151.1206,-33.8594],[151.1159,-33.8607],[151.1181,-33.8643],[151.1191,-33.8647],[151.1284,-33.861],[151.1277,-33.857],[151.1258,-33.8542],[151.1263,-33.8521],[151.1257,-33.8505],[151.1222,-33.8492],[151.1225,-33.8477],[151.1268,-33.8454],[151.1274,-33.8439],[151.1301,-33.8437],[151.1301,-33.8449],[151.1316,-33.8458],[151.1325,-33.8478],[151.1321,-33.8489],[151.133,-33.8495],[151.1361,-33.8493],[151.138,-33.847],[151.1421,-33.8458],[151.1438,-33.8489],[151.1405,-33.8516],[151.1404,-33.8525],[151.1423,-33.8534],[151.1476,-33.8504],[151.1495,-33.847],[151.1482,-33.8459],[151.1458,-33.8459],[151.1443,-33.8448],[151.1444,-33.8435],[151.1465,-33.8445],[151.152,-33.8421],[151.1541,-33.8421],[151.1542,-33.8429],[151.153,-33.8439],[151.1532,-33.845],[151.1573,-33.8459],[151.1567,-33.8475],[151.1598,-33.8497],[151.1612,-33.8523],[151.1635,-33.8539],[151.1631,-33.8546],[151.1644,-33.8544],[151.1649,-33.8552],[151.1613,-33.8572],[151.1609,-33.8583],[151.1568,-33.8574],[151.1567,-33.8594],[151.1534,-33.859],[151.1495,-33.8622],[151.1445,-33.8631],[151.1454,-33.8649],[151.1494,-33.8652],[151.1497,-33.8659],[151.1476,-33.866],[151.1417,-33.8683],[151.1412,-33.8699],[151.1422,-33.8705],[151.1443,-33.8697],[151.1477,-33.87],[151.1509,-33.8723],[151.1519,-33.8704],[151.1519,-33.8679],[151.153,-33.8663],[151.1584,-33.8646],[151.1596,-33.862],[151.162,-33.8625],[151.1635,-33.8602],[151.1691,-33.858],[151.1686,-33.855],[151.171,-33.8549],[151.1713,-33.8528],[151.173,-33.8537],[151.1749,-33.8531],[151.1779,-33.8514],[151.1808,-33.8477],[151.1828,-33.8476],[151.1855,-33.846],[151.1869,-33.847],[151.1826,-33.8482],[151.1825,-33.8494],[151.188,-33.8518],[151.1906,-33.8517],[151.19,-33.8528],[151.1867,-33.8535],[151.1855,-33.8529],[151.1845,-33.8536],[151.1889,-33.8568],[151.1935,-33.8542],[151.1954,-33.8562],[151.1966,-33.8595],[151.1919,-33.8597],[151.1908,-33.8587],[151.1903,-33.8602],[151.1924,-33.8606],[151.1869,-33.8613],[151.1817,-33.8638],[151.1796,-33.8666],[151.1868,-33.8634],[151.1875,-33.8637],[151.1854,-33.8682],[151.1735,-33.8711],[151.175,-33.8723],[151.1774,-33.8727]]],[[[151.1692,-33.8485],[151.1698,-33.8476],[151.1691,-33.8476],[151.1694,-33.8465],[151.1724,-33.8456],[151.1738,-33.846],[151.1752,-33.8486],[151.1736,-33.8487],[151.1737,-33.8493],[151.1723,-33.8498],[151.1723,-33.8488],[151.1709,-33.8494],[151.1692,-33.8485]]]]}},{"type":"Feature","id":"North Sydney and Hornsby","properties":{"id":"North Sydney and Hornsby","name":"North Sydney and Hornsby","name_full":"Sydney - North Sydney and Hornsby","name_ja":"Sydney - North Sydney and Hornsby","center_lonlat":[151.1598,-33.6943]},"geometry":{"type":"MultiPolygon","coordinates":[[[[151.1436,-33.8029],[151.1426,-33.8016],[151.146,-33.7996],[151.1526,-33.799],[151.1531,-33.8002],[151.1543,-33.8005],[151.1545,-33.7996],[151.1534,-33.799],[151.1542,-33.7971],[151.155,-33.7971],[151.1544,-33.7932],[151.1568,-33.7926],[151.1566,-33.7915],[151.1525,-33.7904],[151.1491,-33.7944],[151.1484,-33.7943],[151.1472,-33.7919],[151.1469,-33.7882],[151.149,-33.7876],[151.1467,-33.7857],[151.1447,-33.7855],[151.1443,-33.7834],[151.1428,-33.7826],[151.1428,-33.7811],[151.1404,-33.7826],[151.1396,-33.7822],[151.1387,-33.7787],[151.1398,-33.7787],[151.1402,-33.7773],[151.1393,-33.7747],[151.1379,-33.7744],[151.1374,-33.7758],[151.1365,-33.776],[151.1342,-33.7749],[151.1325,-33.7751],[151.132,-33.7743],[151.1334,-33.7734],[151.1327,-33.773],[151.1256,-33.7725],[151.1231,-33.7699],[151.1219,-33.7701],[151.1212,-33.7684],[151.1199,-33.7685],[151.1193,-33.7628],[151.1168,-33.7613],[151.1131,-33.7613],[151.1097,-33.7626],[151.1056,-33.7615],[151.1051,-33.7573],[151.1021,-33.7543],[151.1007,-33.7549],[151.1001,-33.7537],[151.1005,-33.7523],[151.0992,-33.7511],[151.0986,-33.7485],[151.0935,-33.7478],[151.0933,-33.7464],[151.0908,-33.7446],[151.091,-33.7421],[151.0922,-33.7409],[151.0913,-33.7393],[151.0894,-33.7392],[151.0829,-33.7346],[151.0819,-33.7358],[151.0793,-33.7354],[151.0793,-33.734],[151.0775,-33.7331],[151.078,-33.7327],[151.0735,-33.7298],[151.0698,-33.729],[151.0706,-33.7272],[151.0699,-33.7269],[151.0695,-33.7249],[151.0705,-33.7244],[151.0685,-33.7242],[151.0687,-33.7235],[151.0626,-33.7228],[151.0591,-33.7209],[151.0579,-33.7192],[151.0582,-33.7176],[151.0609,-33.7146],[151.0628,-33.7138],[151.0624,-33.7125],[151.065,-33.7101],[151.0669,-33.7096],[151.0665,-33.7048],[151.068,-33.7023],[151.0701,-33.7026],[151.0724,-33.701],[151.0717,-33.6994],[151.0742,-33.6992],[151.0756,-33.6978],[151.0778,-33.6978],[151.0777,-33.6958],[151.0795,-33.6953],[151.0803,-33.694],[151.0822,-33.6936],[151.0831,-33.6925],[151.0848,-33.6922],[151.0819,-33.6903],[151.0827,-33.689],[151.0806,-33.6863],[151.0807,-33.6826],[151.085,-33.68],[151.0856,-33.6783],[151.0885,-33.6776],[151.0873,-33.6759],[151.0875,-33.6734],[151.0845,-33.6712],[151.0863,-33.67],[151.0863,-33.669],[151.0848,-33.6679],[151.0852,-33.6662],[151.0802,-33.665],[151.0795,-33.6635],[151.0799,-33.6626],[151.0816,-33.6624],[151.0854,-33.6585],[151.0875,-33.6579],[151.0876,-33.6541],[151.0883,-33.6536],[151.0897,-33.6543],[151.092,-33.6526],[151.0944,-33.6484],[151.0953,-33.648],[151.098,-33.6493],[151.1001,-33.6473],[151.1017,-33.6385],[151.1056,-33.6382],[151.1076,-33.6351],[151.1104,-33.6339],[151.1076,-33.6309],[151.1102,-33.6266],[151.1139,-33.6251],[151.1147,-33.6284],[151.1159,-33.6288],[151.1242,-33.6208],[151.1232,-33.6147],[151.124,-33.6091],[151.1207,-33.606],[151.1237,-33.6],[151.1257,-33.6003],[151.1247,-33.5953],[151.1222,-33.5924],[151.119,-33.5915],[151.1189,-33.5889],[151.1218,-33.5888],[151.1234,-33.5858],[151.1266,-33.5887],[151.126,-33.5849],[151.1286,-33.5836],[151.1303,-33.584],[151.1321,-33.5814],[151.1348,-33.5841],[151.1348,-33.5842],[151.1348,-33.5841],[151.1364,-33.5831],[151.1406,-33.5845],[151.1433,-33.5838],[151.1443,-33.5871],[151.1437,-33.5838],[151.1443,-33.5831],[151.1462,-33.5828],[151.1443,-33.5831],[151.1414,-33.5835],[151.1384,-33.5813],[151.1361,-33.5809],[151.1369,-33.5793],[151.1353,-33.5788],[151.1352,-33.5774],[151.1332,-33.5754],[151.1336,-33.571],[151.1361,-33.5718],[151.1395,-33.571],[151.1393,-33.5722],[151.1409,-33.5731],[151.1425,-33.5715],[151.1463,-33.5722],[151.1501,-33.5685],[151.1534,-33.5717],[151.1561,-33.5728],[151.157,-33.5744],[151.1613,-33.5748],[151.1623,-33.5758],[151.1618,-33.5747],[151.1581,-33.5736],[151.1572,-33.5717],[151.1554,-33.5703],[151.1554,-33.5687],[151.1586,-33.5692],[151.1592,-33.5682],[151.1551,-33.5647],[151.1577,-33.5642],[151.1598,-33.5619],[151.1541,-33.5597],[151.152,-33.5576],[151.1515,-33.5555],[151.1521,-33.554],[151.1511,-33.5531],[151.1525,-33.5502],[151.1538,-33.5499],[151.158,-33.5525],[151.1618,-33.5518],[151.1632,-33.5525],[151.1667,-33.5571],[151.1696,-33.5585],[151.1671,-33.5563],[151.1651,-33.5515],[151.1626,-33.55],[151.1582,-33.549],[151.155,-33.546],[151.1548,-33.5428],[151.1515,-33.5404],[151.1485,-33.5397],[151.1489,-33.5366],[151.1502,-33.5354],[151.1549,-33.5337],[151.1581,-33.5346],[151.1607,-33.5342],[151.1673,-33.5377],[151.1686,-33.5392],[151.17,-33.5387],[151.1699,-33.5379],[151.1684,-33.5378],[151.1653,-33.5354],[151.1636,-33.5323],[151.1642,-33.529],[151.1694,-33.527],[151.1727,-33.524],[151.1751,-33.5142],[151.177,-33.5147],[151.1775,-33.5181],[151.1812,-33.5254],[151.18,-33.5257],[151.1802,-33.5266],[151.1853,-33.5297],[151.1866,-33.5343],[151.1861,-33.5368],[151.188,-33.5364],[151.1931,-33.54],[151.1996,-33.5414],[151.2001,-33.5423],[151.1989,-33.5425],[151.1983,-33.5442],[151.1997,-33.5469],[151.1981,-33.5494],[151.2,-33.5499],[151.2009,-33.549],[151.2008,-33.549],[151.2009,-33.549],[151.2134,-33.5475],[151.2191,-33.5455],[151.2217,-33.5466],[151.226,-33.547],[151.2273,-33.5457],[151.229,-33.5415],[151.2088,-33.5452],[151.2035,-33.5454],[151.2022,-33.5441],[151.2036,-33.5421],[151.2188,-33.542],[151.2276,-33.5379],[151.2303,-33.5379],[151.2314,-33.5396],[151.2273,-33.5465],[151.2312,-33.5464],[151.2331,-33.5476],[151.2303,-33.5478],[151.2314,-33.5509],[151.2289,-33.5514],[151.2285,-33.5544],[151.2231,-33.5557],[151.2257,-33.5578],[151.2256,-33.5591],[151.2241,-33.5601],[151.2236,-33.5621],[151.2197,-33.5632],[151.2187,-33.5649],[151.2209,-33.5663],[151.2221,-33.5685],[151.2218,-33.5698],[151.2201,-33.5703],[151.2139,-33.5666],[151.2112,-33.5672],[151.2115,-33.5681],[151.2141,-33.5691],[151.2128,-33.5725],[151.2153,-33.5717],[151.2167,-33.5726],[151.2196,-33.5728],[151.2213,-33.5737],[151.2219,-33.5759],[151.2242,-33.575],[151.2234,-33.5736],[151.2236,-33.572],[151.2249,-33.5707],[151.2265,-33.5706],[151.2256,-33.5674],[151.229,-33.5652],[151.2298,-33.5623],[151.2311,-33.5614],[151.2345,-33.5657],[151.242,-33.5699],[151.2402,-33.5705],[151.2404,-33.5728],[151.243,-33.5733],[151.2441,-33.5764],[151.2465,-33.5777],[151.2471,-33.5791],[151.245,-33.5794],[151.2432,-33.5812],[151.244,-33.5829],[151.2424,-33.5837],[151.2419,-33.585],[151.2374,-33.5859],[151.2372,-33.5877],[151.2355,-33.5896],[151.2333,-33.5901],[151.2331,-33.594],[151.2278,-33.5932],[151.2253,-33.5918],[151.2253,-33.5934],[151.2244,-33.5938],[151.2233,-33.5923],[151.2202,-33.5916],[151.2195,-33.5927],[151.2206,-33.5941],[151.2195,-33.5943],[151.2158,-33.5926],[151.2132,-33.5924],[151.2114,-33.59],[151.2088,-33.591],[151.2019,-33.5899],[151.1993,-33.5905],[151.1925,-33.5891],[151.1929,-33.5906],[151.1916,-33.5918],[151.1883,-33.5926],[151.1863,-33.5921],[151.1889,-33.5929],[151.193,-33.5922],[151.1953,-33.5909],[151.199,-33.5927],[151.2016,-33.592],[151.2023,-33.5928],[151.2013,-33.5963],[151.2043,-33.5929],[151.2092,-33.594],[151.2108,-33.596],[151.2139,-33.5968],[151.2112,-33.5995],[151.2079,-33.5996],[151.2131,-33.6017],[151.2132,-33.6078],[151.2106,-33.6084],[151.2085,-33.6105],[151.2055,-33.6091],[151.2034,-33.6104],[151.2034,-33.6116],[151.2013,-33.6124],[151.1949,-33.6121],[151.1987,-33.615],[151.1954,-33.6168],[151.1944,-33.6187],[151.1871,-33.6179],[151.1824,-33.6202],[151.1807,-33.6224],[151.1781,-33.6222],[151.1768,-33.6213],[151.1769,-33.6203],[151.1755,-33.6202],[151.1753,-33.623],[151.1709,-33.6239],[151.1698,-33.6255],[151.1666,-33.6266],[151.1639,-33.6259],[151.1656,-33.6276],[151.1701,-33.6277],[151.1702,-33.63],[151.1677,-33.6318],[151.1663,-33.6348],[151.1623,-33.6359],[151.1638,-33.6369],[151.1616,-33.6402],[151.1586,-33.6411],[151.1585,-33.6411],[151.1586,-33.6411],[151.1623,-33.6419],[151.1619,-33.6442],[151.1592,-33.6453],[151.1625,-33.6455],[151.1629,-33.6467],[151.1586,-33.6506],[151.1534,-33.6523],[151.1494,-33.6555],[151.1553,-33.6518],[151.1557,-33.6524],[151.1587,-33.6523],[151.1598,-33.6556],[151.1617,-33.6575],[151.1596,-33.6603],[151.1615,-33.6596],[151.1618,-33.6609],[151.1665,-33.6641],[151.1671,-33.6661],[151.1687,-33.6674],[151.1678,-33.6697],[151.1685,-33.6716],[151.1671,-33.6729],[151.1688,-33.6762],[151.1718,-33.6775],[151.1703,-33.679],[151.1688,-33.6826],[151.1657,-33.6859],[151.171,-33.6909],[151.1738,-33.6918],[151.1726,-33.6931],[151.175,-33.6971],[151.1786,-33.6983],[151.1884,-33.6985],[151.1914,-33.7027],[151.1877,-33.7206],[151.1886,-33.7217],[151.1883,-33.7233],[151.1893,-33.7243],[151.1888,-33.7254],[151.1913,-33.7264],[151.1917,-33.7285],[151.1875,-33.7282],[151.1824,-33.7326],[151.1817,-33.7348],[151.1821,-33.7369],[151.1803,-33.7406],[151.182,-33.7417],[151.1821,-33.7427],[151.1849,-33.744],[151.1869,-33.7444],[151.1884,-33.7436],[151.1903,-33.7471],[151.1921,-33.7481],[151.192,-33.7494],[151.1939,-33.7502],[151.1936,-33.7527],[151.1958,-33.754],[151.1913,-33.7559],[151.191,-33.757],[151.1933,-33.7602],[151.1983,-33.7622],[151.1985,-33.7683],[151.2005,-33.7687],[151.2026,-33.7703],[151.2027,-33.7714],[151.2017,-33.7724],[151.2029,-33.7736],[151.2073,-33.7764],[151.2072,-33.7788],[151.2115,-33.7787],[151.2133,-33.7843],[151.2162,-33.7844],[151.2178,-33.7856],[151.2205,-33.7852],[151.2224,-33.7863],[151.2301,-33.7851],[151.2309,-33.7866],[151.2325,-33.7874],[151.233,-33.7902],[151.2315,-33.7916],[151.2303,-33.7906],[151.2296,-33.7913],[151.2257,-33.7916],[151.2256,-33.7916],[151.2257,-33.7916],[151.2264,-33.7926],[151.2249,-33.7933],[151.2212,-33.792],[151.2194,-33.7905],[151.2168,-33.7917],[151.2147,-33.7899],[151.2169,-33.7929],[151.2196,-33.792],[151.2228,-33.7941],[151.2229,-33.7953],[151.2216,-33.7965],[151.2177,-33.7973],[151.2214,-33.7977],[151.2269,-33.7967],[151.2294,-33.7944],[151.2309,-33.7956],[151.2296,-33.7975],[151.2308,-33.7986],[151.2308,-33.8021],[151.2271,-33.802],[151.2258,-33.8027],[151.2239,-33.8012],[151.2233,-33.8025],[151.2218,-33.8029],[151.223,-33.804],[151.2227,-33.8048],[151.2204,-33.8056],[151.2173,-33.8054],[151.2202,-33.8066],[151.2202,-33.8065],[151.2202,-33.8066],[151.2227,-33.8068],[151.2259,-33.8049],[151.2281,-33.8057],[151.2304,-33.8054],[151.2321,-33.8064],[151.2323,-33.8076],[151.2309,-33.8093],[151.2302,-33.8122],[151.232,-33.8138],[151.2299,-33.8137],[151.2273,-33.8155],[151.2235,-33.814],[151.2244,-33.8165],[151.2195,-33.8178],[151.2192,-33.8186],[151.22,-33.819],[151.22,-33.8189],[151.22,-33.819],[151.2223,-33.819],[151.2223,-33.8191],[151.2223,-33.819],[151.2258,-33.8186],[151.224,-33.8215],[151.2259,-33.8224],[151.226,-33.8209],[151.229,-33.8174],[151.2306,-33.8173],[151.2317,-33.816],[151.2336,-33.8169],[151.2334,-33.8164],[151.2335,-33.8164],[151.2334,-33.8164],[151.2361,-33.8159],[151.2391,-33.8169],[151.2392,-33.8155],[151.2351,-33.8116],[151.2365,-33.8109],[151.2377,-33.8081],[151.2412,-33.8081],[151.2432,-33.8099],[151.2442,-33.8098],[151.2454,-33.808],[151.2459,-33.8033],[151.2487,-33.8078],[151.2471,-33.8103],[151.2471,-33.8125],[151.2495,-33.8155],[151.2519,-33.8154],[151.2531,-33.8169],[151.2534,-33.8195],[151.2521,-33.8198],[151.2514,-33.8214],[151.2517,-33.8226],[151.2531,-33.8231],[151.2514,-33.8242],[151.2523,-33.827],[151.2554,-33.8283],[151.2566,-33.8265],[151.2632,-33.8259],[151.2634,-33.8245],[151.2665,-33.8236],[151.2689,-33.8275],[151.2654,-33.828],[151.2638,-33.8302],[151.2606,-33.8301],[151.2612,-33.838],[151.2554,-33.8394],[151.2545,-33.8386],[151.253,-33.8391],[151.2525,-33.8409],[151.2543,-33.842],[151.2543,-33.8441],[151.2524,-33.8446],[151.2494,-33.8431],[151.2462,-33.8427],[151.2467,-33.8455],[151.2481,-33.8461],[151.2469,-33.8499],[151.2479,-33.852],[151.2467,-33.8535],[151.2448,-33.8524],[151.2437,-33.8467],[151.2417,-33.8456],[151.2396,-33.8459],[151.2385,-33.8444],[151.2369,-33.8449],[151.2378,-33.8407],[151.2373,-33.8395],[151.2361,-33.84],[151.2349,-33.843],[151.2332,-33.8442],[151.2314,-33.8399],[151.233,-33.8379],[151.2325,-33.8363],[151.2319,-33.8378],[151.229,-33.8378],[151.2305,-33.8408],[151.2302,-33.844],[151.2303,-33.844],[151.2302,-33.844],[151.2312,-33.847],[151.233,-33.8487],[151.2287,-33.8462],[151.2267,-33.844],[151.2249,-33.8393],[151.2246,-33.8403],[151.2245,-33.8403],[151.2246,-33.8403],[151.2243,-33.8419],[151.2242,-33.8419],[151.2243,-33.8419],[151.2244,-33.8426],[151.2245,-33.8426],[151.2244,-33.8426],[151.2247,-33.8442],[151.2248,-33.8442],[151.2247,-33.8442],[151.2249,-33.8465],[151.2233,-33.8463],[151.222,-33.8429],[151.2197,-33.8415],[151.2187,-33.8422],[151.2163,-33.8404],[151.2152,-33.8411],[151.2186,-33.845],[151.2166,-33.8451],[151.2157,-33.8444],[151.2152,-33.8451],[151.2194,-33.8475],[151.2194,-33.8476],[151.2194,-33.8475],[151.2194,-33.8476],[151.2194,-33.8476],[151.2196,-33.8477],[151.2196,-33.8478],[151.2196,-33.8477],[151.2199,-33.8481],[151.22,-33.848],[151.2199,-33.8481],[151.2204,-33.8492],[151.2203,-33.8492],[151.2204,-33.8492],[151.2189,-33.8524],[151.2189,-33.8523],[151.2189,-33.8524],[151.2182,-33.8526],[151.2138,-33.8496],[151.2128,-33.8499],[151.2128,-33.8511],[151.2119,-33.8508],[151.2097,-33.8485],[151.2093,-33.8451],[151.2084,-33.8442],[151.2071,-33.8441],[151.2059,-33.848],[151.2063,-33.8489],[151.2043,-33.8489],[151.2039,-33.8506],[151.2029,-33.8498],[151.2032,-33.8481],[151.2016,-33.8457],[151.2017,-33.8457],[151.2016,-33.8457],[151.1999,-33.8446],[151.2003,-33.8429],[151.2004,-33.8429],[151.2003,-33.8429],[151.1991,-33.8412],[151.1983,-33.8412],[151.1979,-33.8434],[151.1947,-33.8445],[151.1952,-33.8456],[151.1971,-33.8459],[151.1982,-33.8472],[151.1931,-33.8477],[151.1936,-33.8431],[151.1949,-33.8414],[151.1945,-33.8386],[151.1925,-33.8372],[151.1923,-33.8389],[151.1904,-33.8376],[151.1894,-33.8385],[151.1896,-33.8409],[151.188,-33.8405],[151.1874,-33.8396],[151.1886,-33.8385],[151.1886,-33.8363],[151.1885,-33.8363],[151.1886,-33.8363],[151.1883,-33.8355],[151.1895,-33.8342],[151.189,-33.8336],[151.1874,-33.8347],[151.1864,-33.8379],[151.185,-33.8388],[151.1876,-33.8432],[151.184,-33.8424],[151.1829,-33.8413],[151.1811,-33.8423],[151.1793,-33.8401],[151.1844,-33.8361],[151.1839,-33.8347],[151.1818,-33.8333],[151.182,-33.8297],[151.1799,-33.8306],[151.1804,-33.8323],[151.1794,-33.8327],[151.1744,-33.828],[151.1732,-33.8281],[151.1705,-33.831],[151.1737,-33.8335],[151.169,-33.8361],[151.1676,-33.8343],[151.1647,-33.8343],[151.1638,-33.8326],[151.1616,-33.8323],[151.1609,-33.8312],[151.1615,-33.8302],[151.1637,-33.8301],[151.166,-33.8274],[151.1638,-33.8284],[151.1599,-33.827],[151.1594,-33.8303],[151.1556,-33.8297],[151.1538,-33.8284],[151.1543,-33.8266],[151.1521,-33.8237],[151.1521,-33.8218],[151.1506,-33.8235],[151.152,-33.8259],[151.1522,-33.8285],[151.1499,-33.8294],[151.1458,-33.829],[151.1459,-33.8274],[151.1486,-33.8263],[151.1496,-33.8246],[151.1486,-33.8187],[151.1447,-33.8169],[151.1452,-33.8152],[151.1431,-33.8128],[151.1434,-33.8104],[151.1423,-33.808],[151.1447,-33.8063],[151.1448,-33.8047],[151.1447,-33.8035],[151.1436,-33.8029]]],[[[151.1786,-33.5155],[151.1779,-33.5106],[151.176,-33.5097],[151.1773,-33.5073],[151.1806,-33.5106],[151.1811,-33.5132],[151.1829,-33.5162],[151.1832,-33.5192],[151.1793,-33.5179],[151.1786,-33.5155]]],[[[151.2431,-33.5389],[151.2429,-33.54],[151.2392,-33.5402],[151.2379,-33.5425],[151.2354,-33.5417],[151.2348,-33.5407],[151.2371,-33.5368],[151.2437,-33.537],[151.2431,-33.5389]]]]}},{"type":"Feature","id":"Northern Beaches","properties":{"id":"Northern Beaches","name":"Northern Beaches","name_full":"Sydney - Northern Beaches","name_ja":"Sydney - Northern Beaches","center_lonlat":[151.2496,-33.6904]},"geometry":{"type":"MultiPolygon","coordinates":[[[[151.2029,-33.7736],[151.2017,-33.7724],[151.2027,-33.7714],[151.2026,-33.7703],[151.2005,-33.7687],[151.1985,-33.7683],[151.1983,-33.7622],[151.1933,-33.7602],[151.191,-33.757],[151.1913,-33.7559],[151.1958,-33.754],[151.1936,-33.7527],[151.1939,-33.7502],[151.192,-33.7494],[151.1921,-33.7481],[151.1903,-33.7471],[151.1884,-33.7436],[151.1869,-33.7444],[151.1849,-33.744],[151.1821,-33.7427],[151.182,-33.7417],[151.1803,-33.7406],[151.1821,-33.7369],[151.1817,-33.7348],[151.1824,-33.7326],[151.1875,-33.7282],[151.1917,-33.7285],[151.1913,-33.7264],[151.1888,-33.7254],[151.1893,-33.7243],[151.1883,-33.7233],[151.1886,-33.7217],[151.1877,-33.7206],[151.1914,-33.7027],[151.1884,-33.6985],[151.1786,-33.6983],[151.175,-33.6971],[151.1726,-33.6931],[151.1738,-33.6918],[151.171,-33.6909],[151.1657,-33.6859],[151.1688,-33.6826],[151.1703,-33.679],[151.1718,-33.6775],[151.1688,-33.6762],[151.1671,-33.6729],[151.1685,-33.6716],[151.1678,-33.6697],[151.1687,-33.6674],[151.1671,-33.6661],[151.1665,-33.6641],[151.1618,-33.6609],[151.1615,-33.6596],[151.1641,-33.6581],[151.1641,-33.6561],[151.1613,-33.6542],[151.1609,-33.6505],[151.1632,-33.6494],[151.1668,-33.651],[151.1648,-33.6485],[151.1657,-33.6461],[151.1645,-33.6435],[151.1656,-33.6419],[151.1652,-33.6389],[151.167,-33.6378],[151.1688,-33.6394],[151.171,-33.6394],[151.1722,-33.6403],[151.1717,-33.6389],[151.1694,-33.638],[151.1692,-33.6367],[151.1705,-33.6334],[151.1734,-33.632],[151.1733,-33.6263],[151.1747,-33.6262],[151.1761,-33.6272],[151.1801,-33.6259],[151.1822,-33.6281],[151.1824,-33.626],[151.1836,-33.6254],[151.1854,-33.6224],[151.1876,-33.6216],[151.1912,-33.6224],[151.1962,-33.6222],[151.1984,-33.6199],[151.2,-33.6206],[151.2004,-33.6186],[151.2032,-33.6175],[151.2047,-33.6155],[151.2074,-33.6155],[151.2137,-33.6124],[151.2156,-33.6128],[151.2166,-33.6106],[151.2184,-33.6091],[151.2205,-33.6096],[151.2227,-33.6126],[151.2224,-33.6146],[151.2236,-33.617],[151.2289,-33.6182],[151.2249,-33.6144],[151.2237,-33.6086],[151.2265,-33.6083],[151.2253,-33.6066],[151.2228,-33.6074],[151.2208,-33.6057],[151.2183,-33.6015],[151.2192,-33.5998],[151.2206,-33.5996],[151.2204,-33.6003],[151.2219,-33.6012],[151.2231,-33.6038],[151.2247,-33.6],[151.2271,-33.5986],[151.2287,-33.5995],[151.2284,-33.6014],[151.2304,-33.6019],[151.2316,-33.6036],[151.234,-33.602],[151.2369,-33.6026],[151.239,-33.5997],[151.2408,-33.6004],[151.2424,-33.5998],[151.2426,-33.5984],[151.2434,-33.598],[151.2427,-33.5949],[151.2435,-33.5944],[151.2464,-33.5962],[151.2461,-33.5997],[151.2469,-33.6027],[151.2484,-33.6022],[151.2541,-33.6036],[151.2567,-33.6054],[151.2561,-33.6041],[151.2526,-33.6015],[151.2518,-33.5982],[151.2563,-33.5968],[151.2595,-33.598],[151.2609,-33.5995],[151.2626,-33.5977],[151.2585,-33.5951],[151.2588,-33.5936],[151.2587,-33.5936],[151.2588,-33.5936],[151.2509,-33.5938],[151.249,-33.5904],[151.2495,-33.5886],[151.2511,-33.5877],[151.2535,-33.5889],[151.2613,-33.59],[151.2672,-33.5864],[151.2689,-33.5861],[151.273,-33.589],[151.2723,-33.583],[151.274,-33.5822],[151.2764,-33.5829],[151.2814,-33.5799],[151.283,-33.5777],[151.2829,-33.5738],[151.2848,-33.5722],[151.2865,-33.5734],[151.2878,-33.5729],[151.2891,-33.5736],[151.291,-33.5733],[151.2921,-33.5719],[151.2962,-33.5731],[151.2982,-33.5724],[151.3004,-33.5735],[151.3019,-33.5733],[151.3059,-33.576],[151.3081,-33.5755],[151.3089,-33.5761],[151.3109,-33.5797],[151.3091,-33.5814],[151.3096,-33.5835],[151.307,-33.5845],[151.3069,-33.5868],[151.3047,-33.5879],[151.3021,-33.5878],[151.3009,-33.591],[151.3031,-33.5938],[151.3031,-33.5948],[151.3005,-33.5947],[151.2967,-33.6009],[151.2946,-33.6021],[151.2925,-33.6053],[151.2942,-33.6062],[151.2965,-33.6057],[151.3018,-33.6026],[151.3045,-33.6032],[151.3044,-33.6064],[151.3017,-33.6102],[151.3033,-33.6121],[151.3003,-33.6151],[151.3028,-33.6207],[151.3014,-33.6216],[151.2987,-33.6209],[151.2941,-33.6229],[151.292,-33.622],[151.2903,-33.6197],[151.2874,-33.6228],[151.2829,-33.6218],[151.2832,-33.624],[151.2845,-33.6246],[151.2845,-33.6247],[151.2845,-33.6246],[151.2883,-33.6281],[151.2906,-33.6284],[151.2886,-33.629],[151.2878,-33.6302],[151.2837,-33.6294],[151.2842,-33.6317],[151.282,-33.6317],[151.2815,-33.6329],[151.2792,-33.6327],[151.2783,-33.6335],[151.2704,-33.6315],[151.2745,-33.6337],[151.2742,-33.6349],[151.2741,-33.6349],[151.2742,-33.6349],[151.2771,-33.6358],[151.2783,-33.6372],[151.2807,-33.6361],[151.2827,-33.6367],[151.282,-33.6381],[151.2767,-33.6383],[151.2806,-33.6409],[151.2811,-33.642],[151.2746,-33.6451],[151.2755,-33.6467],[151.2733,-33.649],[151.2746,-33.6511],[151.2738,-33.6555],[151.2698,-33.6556],[151.27,-33.6563],[151.2733,-33.6566],[151.2723,-33.6585],[151.2724,-33.6584],[151.2723,-33.6585],[151.2722,-33.6588],[151.2721,-33.6588],[151.2722,-33.6588],[151.2741,-33.6574],[151.2763,-33.6535],[151.2764,-33.6535],[151.2763,-33.6535],[151.2769,-33.6516],[151.2804,-33.653],[151.2777,-33.6498],[151.2784,-33.6476],[151.2803,-33.6458],[151.2849,-33.6443],[151.2874,-33.648],[151.287,-33.6501],[151.2897,-33.6514],[151.2888,-33.653],[151.2903,-33.6542],[151.2924,-33.654],[151.2949,-33.6555],[151.295,-33.6554],[151.2949,-33.6555],[151.2962,-33.6569],[151.2962,-33.657],[151.2962,-33.6569],[151.2962,-33.657],[151.2966,-33.6581],[151.2965,-33.6581],[151.2966,-33.6581],[151.2973,-33.6591],[151.3005,-33.6594],[151.301,-33.6602],[151.301,-33.6603],[151.301,-33.6602],[151.3011,-33.6603],[151.3012,-33.6603],[151.3011,-33.6603],[151.3011,-33.6604],[151.3012,-33.6604],[151.3011,-33.6604],[151.302,-33.661],[151.3046,-33.6605],[151.3029,-33.6648],[151.3028,-33.6648],[151.3029,-33.6648],[151.301,-33.6673],[151.3027,-33.6662],[151.3029,-33.6664],[151.3027,-33.6662],[151.3028,-33.6655],[151.3049,-33.6655],[151.3049,-33.6641],[151.3048,-33.6641],[151.3049,-33.6641],[151.305,-33.6635],[151.305,-33.6634],[151.305,-33.6635],[151.305,-33.6634],[151.3071,-33.6626],[151.3103,-33.6669],[151.3102,-33.667],[151.3103,-33.6669],[151.3121,-33.6667],[151.3104,-33.6658],[151.31,-33.6645],[151.3099,-33.6645],[151.31,-33.6645],[151.3097,-33.6634],[151.3096,-33.6634],[151.3097,-33.6634],[151.3123,-33.6625],[151.309,-33.6615],[151.3075,-33.66],[151.3083,-33.659],[151.3068,-33.658],[151.3076,-33.6569],[151.309,-33.6567],[151.3085,-33.6556],[151.3066,-33.6552],[151.3054,-33.6571],[151.3048,-33.6565],[151.3047,-33.6565],[151.3048,-33.6565],[151.3037,-33.6539],[151.304,-33.652],[151.302,-33.6521],[151.3022,-33.6484],[151.3069,-33.6477],[151.3061,-33.6464],[151.3071,-33.6456],[151.3052,-33.6438],[151.3066,-33.6409],[151.3094,-33.6392],[151.3054,-33.6381],[151.3046,-33.6355],[151.3103,-33.6352],[151.3149,-33.6311],[151.3155,-33.626],[151.317,-33.624],[151.3158,-33.6223],[151.316,-33.6142],[151.3187,-33.6165],[151.3188,-33.6165],[151.3187,-33.6165],[151.3195,-33.6196],[151.3212,-33.6211],[151.3242,-33.621],[151.3267,-33.6217],[151.3281,-33.623],[151.3321,-33.6234],[151.3305,-33.6202],[151.328,-33.62],[151.3268,-33.6181],[151.3273,-33.6145],[151.3255,-33.6111],[151.3257,-33.6093],[151.3233,-33.609],[151.3231,-33.6075],[151.3207,-33.6052],[151.3159,-33.6023],[151.3198,-33.5963],[151.3187,-33.5935],[151.3231,-33.5888],[151.3258,-33.5842],[151.3258,-33.5816],[151.3231,-33.5808],[151.3228,-33.5794],[151.3294,-33.5781],[151.3353,-33.5826],[151.3305,-33.5822],[151.3287,-33.584],[151.3264,-33.5885],[151.3253,-33.5974],[151.327,-33.6],[151.329,-33.599],[151.3301,-33.5993],[151.3294,-33.5998],[151.3311,-33.6019],[151.3335,-33.6036],[151.3357,-33.604],[151.3365,-33.6064],[151.335,-33.6079],[151.3326,-33.6082],[151.3317,-33.6125],[151.3331,-33.6137],[151.3335,-33.6163],[151.339,-33.6175],[151.3389,-33.6175],[151.339,-33.6175],[151.34,-33.6187],[151.3394,-33.6189],[151.3401,-33.6194],[151.3397,-33.6199],[151.3396,-33.6199],[151.3397,-33.6199],[151.34,-33.6206],[151.3399,-33.6206],[151.34,-33.6206],[151.3429,-33.6245],[151.343,-33.6244],[151.3429,-33.6245],[151.3421,-33.6255],[151.3421,-33.6254],[151.3421,-33.6255],[151.3417,-33.6257],[151.3417,-33.6258],[151.3417,-33.6257],[151.3411,-33.6258],[151.3411,-33.6259],[151.3411,-33.6258],[151.3402,-33.6264],[151.3403,-33.6264],[151.3402,-33.6264],[151.3402,-33.6276],[151.3401,-33.6276],[151.3402,-33.6276],[151.3398,-33.6285],[151.3399,-33.6285],[151.3398,-33.6285],[151.3397,-33.6296],[151.3398,-33.6296],[151.3397,-33.6296],[151.3397,-33.6297],[151.3396,-33.6297],[151.3397,-33.6297],[151.3401,-33.6308],[151.3401,-33.6307],[151.3401,-33.6308],[151.34,-33.6333],[151.3402,-33.6334],[151.34,-33.6333],[151.3397,-33.6336],[151.3396,-33.6336],[151.3397,-33.6336],[151.3387,-33.6342],[151.3345,-33.6336],[151.3319,-33.6364],[151.3321,-33.6374],[151.3322,-33.6375],[151.3323,-33.6375],[151.3322,-33.6375],[151.3321,-33.6374],[151.3338,-33.6415],[151.3331,-33.6422],[151.3343,-33.6432],[151.3334,-33.6444],[151.3333,-33.6444],[151.3334,-33.6444],[151.3297,-33.6438],[151.3275,-33.6466],[151.3278,-33.6478],[151.3279,-33.6479],[151.3278,-33.6478],[151.3281,-33.6491],[151.3255,-33.6497],[151.3234,-33.6538],[151.3235,-33.6574],[151.3258,-33.6599],[151.3261,-33.6625],[151.3245,-33.6644],[151.3212,-33.6652],[151.3187,-33.6686],[151.3182,-33.6713],[151.3181,-33.6713],[151.3182,-33.6713],[151.3204,-33.675],[151.3192,-33.6758],[151.3165,-33.6756],[151.3159,-33.6779],[151.3176,-33.6784],[151.3155,-33.6788],[151.3156,-33.6788],[151.3155,-33.6788],[151.3142,-33.6792],[151.3115,-33.6827],[151.3095,-33.6878],[151.3096,-33.6878],[151.3095,-33.6878],[151.3088,-33.6919],[151.312,-33.6939],[151.3121,-33.6939],[151.312,-33.6939],[151.3119,-33.6942],[151.3118,-33.6942],[151.3119,-33.6942],[151.313,-33.6953],[151.313,-33.6954],[151.313,-33.6953],[151.3145,-33.6957],[151.3145,-33.6958],[151.3145,-33.6957],[151.3153,-33.6964],[151.3108,-33.6977],[151.3096,-33.7004],[151.309,-33.7003],[151.3101,-33.704],[151.3083,-33.7037],[151.3071,-33.7023],[151.3054,-33.7036],[151.3035,-33.7026],[151.3007,-33.7027],[151.2989,-33.7038],[151.2977,-33.7036],[151.2977,-33.7063],[151.2969,-33.7076],[151.2968,-33.7076],[151.2969,-33.7076],[151.2968,-33.7115],[151.2954,-33.711],[151.2953,-33.7129],[151.2938,-33.7145],[151.2918,-33.7145],[151.2928,-33.713],[151.2921,-33.7114],[151.2887,-33.7113],[151.2887,-33.7114],[151.2887,-33.7113],[151.281,-33.7087],[151.2775,-33.7103],[151.2764,-33.7124],[151.2727,-33.7123],[151.2707,-33.7135],[151.2697,-33.7147],[151.2704,-33.7175],[151.2739,-33.7182],[151.2715,-33.7197],[151.2724,-33.7219],[151.2731,-33.7226],[151.2742,-33.7221],[151.2751,-33.7237],[151.2765,-33.7215],[151.2766,-33.7215],[151.2765,-33.7215],[151.2785,-33.718],[151.2806,-33.7172],[151.2809,-33.7146],[151.2825,-33.7135],[151.2831,-33.7155],[151.2847,-33.7169],[151.2847,-33.717],[151.2847,-33.7169],[151.2852,-33.7165],[151.2878,-33.7183],[151.289,-33.7182],[151.289,-33.7192],[151.2925,-33.7213],[151.2924,-33.7213],[151.2925,-33.7213],[151.2944,-33.7204],[151.2943,-33.7204],[151.2944,-33.7204],[151.2954,-33.719],[151.2967,-33.712],[151.2994,-33.7093],[151.2999,-33.705],[151.3076,-33.7031],[151.3079,-33.7037],[151.3043,-33.7082],[151.3007,-33.7161],[151.2997,-33.7214],[151.3002,-33.7271],[151.3018,-33.7315],[151.3034,-33.7335],[151.3053,-33.734],[151.3069,-33.7382],[151.3091,-33.7391],[151.3133,-33.7386],[151.3153,-33.7409],[151.3177,-33.7421],[151.3112,-33.743],[151.3042,-33.7465],[151.2975,-33.7453],[151.2939,-33.7469],[151.2922,-33.7468],[151.2921,-33.7468],[151.2918,-33.7467],[151.2916,-33.7467],[151.2914,-33.7466],[151.2916,-33.7467],[151.2918,-33.7467],[151.2921,-33.7468],[151.2922,-33.7468],[151.2922,-33.7469],[151.2923,-33.7469],[151.2922,-33.7469],[151.2917,-33.7475],[151.2928,-33.7471],[151.2944,-33.7501],[151.2968,-33.751],[151.2996,-33.7473],[151.3026,-33.7466],[151.3026,-33.7467],[151.3026,-33.7466],[151.3032,-33.7472],[151.2988,-33.7508],[151.2974,-33.7536],[151.2977,-33.7548],[151.2995,-33.755],[151.3006,-33.759],[151.3019,-33.7603],[151.3025,-33.7682],[151.3005,-33.7668],[151.2987,-33.7674],[151.2931,-33.7733],[151.2939,-33.7782],[151.296,-33.7818],[151.2944,-33.782],[151.2923,-33.7807],[151.2899,-33.7823],[151.2897,-33.7831],[151.2914,-33.7856],[151.291,-33.7864],[151.2889,-33.7867],[151.2879,-33.7909],[151.2882,-33.7951],[151.2902,-33.7991],[151.2921,-33.799],[151.294,-33.8009],[151.2974,-33.8009],[151.2972,-33.7993],[151.2987,-33.7994],[151.3023,-33.8028],[151.3036,-33.8064],[151.3074,-33.8071],[151.3062,-33.8117],[151.3036,-33.8124],[151.3033,-33.8168],[151.301,-33.8186],[151.3017,-33.8231],[151.2999,-33.8239],[151.2912,-33.8204],[151.2873,-33.8207],[151.2854,-33.8186],[151.2856,-33.8168],[151.2835,-33.815],[151.2862,-33.8155],[151.287,-33.8124],[151.2897,-33.812],[151.2895,-33.8097],[151.2911,-33.8088],[151.2911,-33.808],[151.2894,-33.8079],[151.2872,-33.8094],[151.2873,-33.8069],[151.2859,-33.8064],[151.2834,-33.809],[151.2834,-33.8091],[151.2834,-33.809],[151.2825,-33.8092],[151.2834,-33.8072],[151.2832,-33.8053],[151.2866,-33.8022],[151.2857,-33.8003],[151.2836,-33.8007],[151.2837,-33.7993],[151.2816,-33.7987],[151.2804,-33.8],[151.2783,-33.7995],[151.2759,-33.8007],[151.2747,-33.7998],[151.2733,-33.8011],[151.2688,-33.7977],[151.2661,-33.7981],[151.2653,-33.7997],[151.2668,-33.7994],[151.2689,-33.8004],[151.2703,-33.8041],[151.2738,-33.8065],[151.2741,-33.8077],[151.2754,-33.8079],[151.2753,-33.8093],[151.2739,-33.8122],[151.273,-33.8126],[151.2708,-33.8112],[151.2691,-33.8111],[151.2683,-33.8125],[151.2638,-33.8145],[151.263,-33.8173],[151.2612,-33.818],[151.2611,-33.8155],[151.2598,-33.8124],[151.2534,-33.8105],[151.2535,-33.8095],[151.2511,-33.8072],[151.2515,-33.8062],[151.253,-33.8056],[151.2528,-33.8028],[151.2521,-33.8025],[151.2521,-33.8024],[151.2521,-33.8025],[151.2498,-33.803],[151.2505,-33.8003],[151.2498,-33.8002],[151.2491,-33.8016],[151.2451,-33.8014],[151.2435,-33.8022],[151.2423,-33.8041],[151.2366,-33.8044],[151.2351,-33.8034],[151.235,-33.8017],[151.2389,-33.7984],[151.2371,-33.797],[151.2376,-33.7957],[151.2362,-33.7955],[151.2349,-33.7942],[151.2363,-33.792],[151.2366,-33.7891],[151.2351,-33.7854],[151.2328,-33.7841],[151.2322,-33.7829],[151.2322,-33.7779],[151.2331,-33.7768],[151.2316,-33.7761],[151.2308,-33.7727],[151.2299,-33.7728],[151.2291,-33.7744],[151.2307,-33.7775],[151.2298,-33.7787],[151.2294,-33.7827],[151.2273,-33.7834],[151.2256,-33.7827],[151.2248,-33.7838],[151.2171,-33.7818],[151.2144,-33.7822],[151.2152,-33.7805],[151.2122,-33.7765],[151.2096,-33.7749],[151.2083,-33.7754],[151.2084,-33.7754],[151.2083,-33.7754],[151.2044,-33.7725],[151.2029,-33.7736]]],[[[151.2934,-33.6363],[151.2934,-33.6362],[151.2934,-33.6363],[151.2943,-33.6367],[151.2947,-33.6388],[151.2957,-33.6397],[151.295,-33.6427],[151.2935,-33.6438],[151.2922,-33.6442],[151.2862,-33.6405],[151.2866,-33.6379],[151.2886,-33.6372],[151.2889,-33.6362],[151.292,-33.6371],[151.2934,-33.6363]]]]}},{"type":"Feature","id":"Outer South West","properties":{"id":"Outer South West","name":"Outer South West","name_full":"Sydney - Outer South West","name_ja":"Sydney - Outer South West","center_lonlat":[150.6818,-34.1226]},"geometry":{"type":"Polygon","coordinates":[[[150.6239,-33.9408],[150.6196,-33.9478],[150.6181,-33.9521],[150.6182,-33.9561],[150.6197,-33.9584],[150.6234,-33.9602],[150.6252,-33.96],[150.6276,-33.9571],[150.6294,-33.957],[150.63,-33.9594],[150.6278,-33.9697],[150.6286,-33.9725],[150.6429,-33.9779],[150.6498,-33.9846],[150.652,-33.9857],[150.6592,-33.9861],[150.6658,-33.9849],[150.6696,-33.9859],[150.6708,-33.9877],[150.6707,-33.9901],[150.6679,-33.9935],[150.66,-34.0009],[150.6511,-34.0068],[150.6499,-34.0084],[150.6516,-34.0161],[150.6531,-34.0182],[150.6559,-34.0198],[150.6583,-34.0245],[150.6612,-34.0274],[150.6672,-34.028],[150.6693,-34.0265],[150.6788,-34.0254],[150.6858,-34.0197],[150.6898,-34.02],[150.6919,-34.0215],[150.692,-34.0273],[150.6876,-34.0296],[150.6846,-34.033],[150.6821,-34.0343],[150.6783,-34.0396],[150.6772,-34.0432],[150.6772,-34.0466],[150.6783,-34.0495],[150.6808,-34.0508],[150.6864,-34.0497],[150.6941,-34.0413],[150.7056,-34.0323],[150.7106,-34.0246],[150.7113,-34.0205],[150.7094,-34.0162],[150.7095,-34.0148],[150.7156,-34.0135],[150.7241,-34.0144],[150.7243,-34.0118],[150.7281,-34.0123],[150.7316,-34.0145],[150.7333,-34.0147],[150.7413,-34.0134],[150.7435,-34.0159],[150.7482,-34.0183],[150.7612,-34.02],[150.7582,-34.0241],[150.7828,-34.0381],[150.7877,-34.0303],[150.7907,-34.0338],[150.791,-34.0282],[150.79,-34.0276],[150.7892,-34.0236],[150.7896,-34.0208],[150.7917,-34.0201],[150.7908,-34.0184],[150.7889,-34.0179],[150.7877,-34.0155],[150.7948,-34.0115],[150.7957,-34.0093],[150.7945,-34.0081],[150.7945,-34.0065],[150.7969,-34.0036],[150.8147,-33.9684],[150.8151,-33.9678],[150.8205,-33.9752],[150.8227,-33.9736],[150.8236,-33.9684],[150.8265,-33.9628],[150.8258,-33.9601],[150.8281,-33.9616],[150.8413,-33.9562],[150.8473,-33.9707],[150.852,-33.9714],[150.8664,-33.9674],[150.8752,-33.9632],[150.8745,-33.9669],[150.8868,-33.9582],[150.8904,-33.961],[150.8993,-33.9619],[150.9012,-33.9637],[150.9007,-33.9654],[150.903,-33.9634],[150.9132,-33.9648],[150.9114,-33.9778],[150.9078,-33.9904],[150.9086,-33.997],[150.91,-33.9987],[150.9122,-33.9991],[150.9125,-34.0003],[150.912,-34.0012],[150.9049,-34.0041],[150.9015,-34.0072],[150.9032,-34.0145],[150.9043,-34.0159],[150.9067,-34.0167],[150.9068,-34.0178],[150.8987,-34.0209],[150.8929,-34.0195],[150.8935,-34.0134],[150.8922,-34.0114],[150.8923,-34.0056],[150.8915,-34.0043],[150.8892,-34.0046],[150.8885,-34.0055],[150.8868,-34.0189],[150.8861,-34.0287],[150.8867,-34.0321],[150.892,-34.0329],[150.8953,-34.0353],[150.8998,-34.0358],[150.9066,-34.0335],[150.9079,-34.0353],[150.9481,-34.0411],[150.9517,-34.0235],[150.9684,-34.0258],[150.9629,-34.0309],[150.9595,-34.041],[150.96,-34.044],[150.9628,-34.0487],[150.9694,-34.0533],[150.9722,-34.0524],[150.9732,-34.0539],[150.9816,-34.0548],[150.9884,-34.0585],[150.9945,-34.0581],[150.9965,-34.0604],[150.9966,-34.0619],[150.9956,-34.063],[150.9877,-34.0647],[150.9866,-34.0664],[150.9849,-34.0672],[150.9854,-34.0701],[150.9818,-34.0798],[150.9785,-34.0828],[150.9768,-34.0858],[150.974,-34.0859],[150.9744,-34.0914],[150.9729,-34.0961],[150.9749,-34.0958],[150.9761,-34.0965],[150.9738,-34.0991],[150.971,-34.1001],[150.9665,-34.0961],[150.9637,-34.0957],[150.9622,-34.0978],[150.9645,-34.1001],[150.9607,-34.1011],[150.9607,-34.1057],[150.9599,-34.106],[150.9564,-34.1037],[150.9547,-34.1044],[150.9533,-34.1062],[150.9511,-34.105],[150.9487,-34.1049],[150.9474,-34.1079],[150.9429,-34.1101],[150.9413,-34.112],[150.9396,-34.1118],[150.9358,-34.1094],[150.9335,-34.1094],[150.9366,-34.0951],[150.9253,-34.0933],[150.9258,-34.0956],[150.923,-34.0994],[150.9216,-34.1047],[150.9199,-34.1056],[150.9194,-34.1105],[150.9167,-34.1126],[150.9156,-34.1161],[150.9166,-34.1175],[150.9141,-34.1212],[150.9118,-34.1225],[150.9132,-34.1259],[150.9113,-34.1277],[150.9111,-34.1309],[150.9099,-34.1324],[150.9085,-34.1384],[150.907,-34.1393],[150.9075,-34.1429],[150.9058,-34.1498],[150.903,-34.1504],[150.9006,-34.1522],[150.9005,-34.1553],[150.8993,-34.1567],[150.8997,-34.1604],[150.8986,-34.1613],[150.8934,-34.1623],[150.8933,-34.1644],[150.8945,-34.1651],[150.8926,-34.1676],[150.8922,-34.1697],[150.8885,-34.1724],[150.8877,-34.1743],[150.8882,-34.1822],[150.89,-34.1832],[150.8943,-34.1838],[150.899,-34.1879],[150.8993,-34.1896],[150.8853,-34.1875],[150.8849,-34.1895],[150.884,-34.1896],[150.8833,-34.1883],[150.8795,-34.1871],[150.8737,-34.1877],[150.8735,-34.186],[150.8695,-34.182],[150.8625,-34.1832],[150.8594,-34.1814],[150.8575,-34.1825],[150.8584,-34.1897],[150.8576,-34.1903],[150.8581,-34.1916],[150.8575,-34.1925],[150.8586,-34.1936],[150.8621,-34.192],[150.8634,-34.1922],[150.8654,-34.2003],[150.8683,-34.2004],[150.8706,-34.199],[150.8745,-34.1998],[150.8789,-34.2029],[150.8804,-34.2084],[150.8851,-34.2121],[150.8879,-34.2134],[150.8898,-34.2134],[150.8919,-34.2162],[150.8924,-34.2191],[150.8938,-34.2215],[150.8913,-34.2294],[150.8981,-34.2321],[150.8964,-34.2343],[150.8919,-34.2361],[150.889,-34.241],[150.8863,-34.2428],[150.8826,-34.2515],[150.8808,-34.2586],[150.8792,-34.2597],[150.8762,-34.2597],[150.8641,-34.2514],[150.8531,-34.2493],[150.8496,-34.2474],[150.8482,-34.2457],[150.8449,-34.2448],[150.8381,-34.2398],[150.8338,-34.238],[150.8308,-34.2438],[150.8275,-34.2455],[150.8239,-34.2501],[150.8157,-34.2511],[150.8131,-34.2502],[150.8108,-34.248],[150.8106,-34.2449],[150.8065,-34.242],[150.8059,-34.2399],[150.8076,-34.2392],[150.8023,-34.233],[150.7913,-34.2304],[150.7854,-34.2279],[150.7826,-34.2281],[150.777,-34.2305],[150.7766,-34.2319],[150.7747,-34.2313],[150.7741,-34.2288],[150.7626,-34.2318],[150.7601,-34.2278],[150.7562,-34.2264],[150.7566,-34.2286],[150.7555,-34.2301],[150.7497,-34.2302],[150.7446,-34.2321],[150.7425,-34.2312],[150.7393,-34.2324],[150.7389,-34.2335],[150.7395,-34.2345],[150.7372,-34.236],[150.7348,-34.2409],[150.7337,-34.241],[150.7331,-34.2422],[150.7312,-34.2422],[150.731,-34.2435],[150.7323,-34.2438],[150.7323,-34.2446],[150.7317,-34.2465],[150.7309,-34.2463],[150.7285,-34.2481],[150.7295,-34.2501],[150.7254,-34.2496],[150.7194,-34.2628],[150.7143,-34.2668],[150.7134,-34.2704],[150.7151,-34.277],[150.7143,-34.28],[150.706,-34.2787],[150.7061,-34.278],[150.7037,-34.2764],[150.7029,-34.2724],[150.6992,-34.2719],[150.6985,-34.2755],[150.695,-34.2751],[150.697,-34.2647],[150.6909,-34.2639],[150.6913,-34.2595],[150.6889,-34.2592],[150.6872,-34.2548],[150.6885,-34.2545],[150.6853,-34.2493],[150.6718,-34.2442],[150.6669,-34.2453],[150.6673,-34.2462],[150.6674,-34.2463],[150.6673,-34.2462],[150.6637,-34.2498],[150.6606,-34.2507],[150.6573,-34.2567],[150.6531,-34.2622],[150.6513,-34.2621],[150.6384,-34.2819],[150.6347,-34.2861],[150.6292,-34.2901],[150.6115,-34.2998],[150.6012,-34.3098],[150.6111,-34.3159],[150.6015,-34.3144],[150.5939,-34.3187],[150.5944,-34.3193],[150.581,-34.3175],[150.5622,-34.3312],[150.5603,-34.3244],[150.5657,-34.3234],[150.5624,-34.3115],[150.5656,-34.3109],[150.5656,-34.3103],[150.564,-34.3065],[150.5644,-34.3052],[150.5615,-34.3048],[150.563,-34.2975],[150.5419,-34.2945],[150.5434,-34.2919],[150.5406,-34.2917],[150.5393,-34.2896],[150.5397,-34.2885],[150.546,-34.2834],[150.5456,-34.2811],[150.548,-34.2794],[150.549,-34.2765],[150.5485,-34.2744],[150.5494,-34.2736],[150.5358,-34.2715],[150.5351,-34.2751],[150.5301,-34.2744],[150.5303,-34.2735],[150.5279,-34.2732],[150.5275,-34.275],[150.5183,-34.2737],[150.519,-34.2701],[150.5145,-34.2695],[150.5153,-34.2675],[150.5125,-34.264],[150.5122,-34.2621],[150.5094,-34.2631],[150.5076,-34.2591],[150.5005,-34.2579],[150.503,-34.2544],[150.5025,-34.2517],[150.5036,-34.2504],[150.5033,-34.2481],[150.5039,-34.2462],[150.5055,-34.2453],[150.5053,-34.2441],[150.504,-34.2434],[150.501,-34.2439],[150.4996,-34.2424],[150.497,-34.2415],[150.4944,-34.2427],[150.4886,-34.2427],[150.4885,-34.2408],[150.4834,-34.2389],[150.4812,-34.2363],[150.4781,-34.236],[150.4783,-34.2333],[150.4754,-34.2314],[150.4755,-34.2289],[150.4724,-34.2286],[150.4704,-34.2275],[150.4705,-34.2275],[150.4704,-34.2275],[150.472,-34.2256],[150.4722,-34.2228],[150.4745,-34.2216],[150.4705,-34.2191],[150.4723,-34.2169],[150.4706,-34.2138],[150.4715,-34.204],[150.4688,-34.2015],[150.4685,-34.1993],[150.4661,-34.1957],[150.465,-34.188],[150.459,-34.1866],[150.4555,-34.1818],[150.4561,-34.1775],[150.4539,-34.1753],[150.4503,-34.1736],[150.4502,-34.1685],[150.4461,-34.1635],[150.4468,-34.1584],[150.4449,-34.1557],[150.446,-34.1526],[150.4502,-34.1503],[150.4498,-34.1492],[150.4471,-34.1485],[150.4461,-34.1469],[150.4476,-34.1398],[150.4496,-34.1378],[150.4566,-34.1253],[150.458,-34.1258],[150.458,-34.1259],[150.458,-34.1258],[150.4579,-34.1253],[150.4594,-34.1256],[150.4545,-34.1219],[150.4545,-34.1212],[150.4557,-34.1213],[150.4546,-34.1209],[150.4541,-34.1189],[150.4524,-34.1175],[150.4508,-34.1106],[150.4485,-34.1097],[150.4464,-34.1058],[150.4475,-34.0999],[150.447,-34.0991],[150.4482,-34.0984],[150.4483,-34.0984],[150.4482,-34.0984],[150.4462,-34.0967],[150.4462,-34.0944],[150.4474,-34.0944],[150.4471,-34.0936],[150.4499,-34.0916],[150.4461,-34.0918],[150.4461,-34.0917],[150.4461,-34.0918],[150.4451,-34.0904],[150.4442,-34.0913],[150.4415,-34.0889],[150.4397,-34.0843],[150.436,-34.0837],[150.4356,-34.0829],[150.4327,-34.0838],[150.4312,-34.0817],[150.4279,-34.0824],[150.4278,-34.0814],[150.4251,-34.0798],[150.4219,-34.0753],[150.4188,-34.0671],[150.4186,-34.0649],[150.4211,-34.0632],[150.4195,-34.0616],[150.4208,-34.0619],[150.4196,-34.0609],[150.4183,-34.061],[150.4205,-34.0584],[150.4252,-34.0596],[150.4243,-34.0574],[150.4249,-34.0562],[150.4241,-34.0547],[150.4248,-34.053],[150.4241,-34.0513],[150.4257,-34.0503],[150.4254,-34.0484],[150.4246,-34.0479],[150.4247,-34.0469],[150.4231,-34.0471],[150.4227,-34.0433],[150.4242,-34.0428],[150.4215,-34.042],[150.4239,-34.0409],[150.4226,-34.0406],[150.4235,-34.0392],[150.4216,-34.0401],[150.4207,-34.0398],[150.4207,-34.0387],[150.4226,-34.0372],[150.4259,-34.0297],[150.4267,-34.03],[150.4265,-34.0277],[150.4281,-34.0274],[150.4277,-34.0261],[150.4288,-34.0253],[150.4264,-34.0251],[150.4267,-34.0226],[150.4285,-34.0231],[150.4272,-34.0208],[150.4293,-34.0202],[150.4303,-34.0185],[150.4319,-34.0181],[150.4324,-34.0167],[150.4338,-34.0159],[150.4343,-34.0132],[150.4352,-34.0132],[150.4347,-34.0122],[150.4357,-34.0112],[150.4378,-34.0111],[150.4375,-34.0099],[150.4385,-34.0094],[150.4384,-34.0086],[150.4395,-34.0084],[150.4404,-34.0063],[150.4442,-34.008],[150.4451,-34.0076],[150.4448,-34.0068],[150.4459,-34.0055],[150.4473,-34.007],[150.451,-34.0056],[150.4516,-34.0064],[150.4555,-34.0058],[150.4594,-34.0072],[150.4606,-34.0094],[150.4605,-34.0174],[150.4635,-34.0203],[150.4643,-34.0227],[150.4671,-34.0249],[150.4696,-34.0234],[150.4713,-34.021],[150.4735,-34.0217],[150.4734,-34.0239],[150.4786,-34.0232],[150.4801,-34.0215],[150.4829,-34.0212],[150.4873,-34.0175],[150.4873,-34.0157],[150.4914,-34.0153],[150.4927,-34.0136],[150.4946,-34.0131],[150.4971,-34.0147],[150.5022,-34.015],[150.5021,-34.0115],[150.5058,-34.0103],[150.506,-34.0092],[150.5052,-34.0071],[150.5034,-34.0056],[150.5045,-34.0022],[150.5086,-34.0027],[150.508,-34.0062],[150.5094,-34.0064],[150.5086,-34.0109],[150.5291,-34.0144],[150.5285,-34.0175],[150.5263,-34.0172],[150.5255,-34.0209],[150.5299,-34.0251],[150.532,-34.0255],[150.5387,-34.0226],[150.5398,-34.0217],[150.5396,-34.0203],[150.5405,-34.0198],[150.5414,-34.0204],[150.5437,-34.0172],[150.5485,-34.0176],[150.552,-34.0162],[150.5484,-34.0169],[150.5454,-34.0157],[150.54,-34.015],[150.5396,-34.0144],[150.5405,-34.0131],[150.5384,-34.012],[150.5388,-34.0095],[150.5403,-34.0076],[150.5388,-34.0062],[150.5413,-34.005],[150.5408,-34.0031],[150.5469,-34.0008],[150.5455,-33.9988],[150.5483,-33.9949],[150.5479,-33.9912],[150.5487,-33.9873],[150.5538,-33.9853],[150.5588,-33.9808],[150.5585,-33.9783],[150.5576,-33.978],[150.556,-33.9795],[150.5541,-33.9776],[150.5581,-33.9731],[150.5581,-33.9721],[150.5567,-33.972],[150.5554,-33.9741],[150.554,-33.9738],[150.5538,-33.972],[150.5562,-33.9698],[150.5505,-33.9688],[150.5509,-33.9663],[150.5489,-33.9664],[150.5484,-33.9657],[150.5488,-33.9599],[150.5462,-33.9592],[150.546,-33.9582],[150.599,-33.9652],[150.5988,-33.9663],[150.5999,-33.9663],[150.6027,-33.9613],[150.6053,-33.9588],[150.6046,-33.9576],[150.6095,-33.9586],[150.6109,-33.9556],[150.6135,-33.9542],[150.6171,-33.9507],[150.6178,-33.9471],[150.6195,-33.9446],[150.6227,-33.9408],[150.6239,-33.9408]]]}},{"type":"Feature","id":"Outer West and Blue Mountains","properties":{"id":"Outer West and Blue Mountains","name":"Outer West and Blue Mountains","name_full":"Sydney - Outer West and Blue Mountains","name_ja":"Sydney - Outer West and Blue Mountains","center_lonlat":[150.381,-33.8742]},"geometry":{"type":"Polygon","coordinates":[[[150.5005,-34.2579],[150.4421,-34.2484],[150.3572,-34.2369],[150.3566,-34.2397],[150.3517,-34.239],[150.3528,-34.2347],[150.3467,-34.2339],[150.345,-34.2352],[150.3412,-34.2351],[150.3308,-34.2375],[150.3313,-34.2322],[150.2865,-34.2257],[150.2859,-34.2285],[150.2771,-34.2272],[150.2782,-34.2245],[150.2703,-34.2234],[150.2702,-34.2234],[150.2703,-34.2234],[150.2714,-34.2226],[150.2704,-34.2211],[150.2708,-34.2178],[150.2692,-34.2168],[150.2697,-34.2152],[150.266,-34.2125],[150.2638,-34.2129],[150.2617,-34.2141],[150.2553,-34.2255],[150.252,-34.2264],[150.2457,-34.226],[150.2356,-34.2277],[150.2305,-34.2309],[150.2293,-34.233],[150.2293,-34.2348],[150.2321,-34.2419],[150.2306,-34.2493],[150.2276,-34.2535],[150.2262,-34.2571],[150.2244,-34.268],[150.2249,-34.272],[150.2221,-34.2756],[150.2144,-34.2777],[150.212,-34.2792],[150.2112,-34.2815],[150.2117,-34.2886],[150.2108,-34.2919],[150.2052,-34.2979],[150.2015,-34.2994],[150.1999,-34.3028],[150.1972,-34.3045],[150.1861,-34.3026],[150.1799,-34.3076],[150.1732,-34.3067],[150.166,-34.3082],[150.1622,-34.3082],[150.1555,-34.3052],[150.1544,-34.3024],[150.1542,-34.2982],[150.1506,-34.2953],[150.1478,-34.2951],[150.1414,-34.2999],[150.1386,-34.3001],[150.1374,-34.2987],[150.1363,-34.2942],[150.1351,-34.2932],[150.1285,-34.2944],[150.1272,-34.294],[150.1233,-34.2857],[150.1154,-34.2822],[150.1039,-34.2788],[150.0962,-34.2788],[150.0951,-34.2753],[150.0971,-34.2722],[150.0981,-34.2687],[150.0965,-34.2663],[150.0913,-34.2664],[150.0866,-34.271],[150.082,-34.2729],[150.076,-34.2708],[150.0742,-34.2686],[150.0657,-34.2682],[150.061,-34.2692],[150.058,-34.2651],[150.0566,-34.2616],[150.0574,-34.26],[150.06,-34.2586],[150.0598,-34.2556],[150.057,-34.2519],[150.054,-34.2509],[150.0534,-34.2488],[150.0542,-34.2472],[150.0576,-34.2471],[150.0581,-34.2456],[150.0572,-34.2439],[150.0598,-34.2425],[150.0617,-34.238],[150.0609,-34.2371],[150.0585,-34.2372],[150.0578,-34.2352],[150.0566,-34.2343],[150.0506,-34.2353],[150.0498,-34.2342],[150.0524,-34.2322],[150.0531,-34.2303],[150.0515,-34.2282],[150.0513,-34.2253],[150.0544,-34.2242],[150.0599,-34.2165],[150.0579,-34.2137],[150.0572,-34.2101],[150.0593,-34.2087],[150.0597,-34.2069],[150.0637,-34.2057],[150.063,-34.2047],[150.0635,-34.2034],[150.0628,-34.2007],[150.0647,-34.2],[150.0649,-34.1982],[150.0636,-34.1962],[150.0658,-34.195],[150.0628,-34.1901],[150.0638,-34.1852],[150.0634,-34.1833],[150.0608,-34.1805],[150.0613,-34.1794],[150.06,-34.1791],[150.0593,-34.1773],[150.0612,-34.1772],[150.0619,-34.1757],[150.0604,-34.172],[150.0588,-34.1736],[150.0575,-34.1738],[150.057,-34.1729],[150.0551,-34.1736],[150.0539,-34.1713],[150.0539,-34.1693],[150.0526,-34.1686],[150.0528,-34.1677],[150.0511,-34.1658],[150.0513,-34.164],[150.0503,-34.1616],[150.046,-34.1605],[150.047,-34.1574],[150.0462,-34.1563],[150.0465,-34.1551],[150.0445,-34.1524],[150.0466,-34.1508],[150.0454,-34.1489],[150.0464,-34.1475],[150.0444,-34.1478],[150.0439,-34.1461],[150.0419,-34.1485],[150.0404,-34.1478],[150.0371,-34.1479],[150.0375,-34.1457],[150.0364,-34.145],[150.0357,-34.1452],[150.0346,-34.1484],[150.033,-34.1492],[150.0324,-34.1461],[150.0309,-34.1468],[150.0305,-34.1458],[150.0312,-34.145],[150.0295,-34.1438],[150.0279,-34.1451],[150.0289,-34.1475],[150.0266,-34.1466],[150.0248,-34.1483],[150.0244,-34.146],[150.0229,-34.1443],[150.02,-34.1449],[150.0183,-34.144],[150.0177,-34.1455],[150.0162,-34.1444],[150.0146,-34.1444],[150.0155,-34.1431],[150.0153,-34.142],[150.0195,-34.1384],[150.0192,-34.1363],[150.0204,-34.1354],[150.0208,-34.1334],[150.0188,-34.1318],[150.0204,-34.1314],[150.0218,-34.1291],[150.0243,-34.1303],[150.0257,-34.1289],[150.0318,-34.1276],[150.0369,-34.1227],[150.0374,-34.1214],[150.0346,-34.1186],[150.0315,-34.1169],[150.028,-34.116],[150.0258,-34.1168],[150.0234,-34.1153],[150.0209,-34.115],[150.0204,-34.1132],[150.0182,-34.1132],[150.0176,-34.1118],[150.015,-34.1116],[150.0128,-34.1104],[150.0119,-34.1064],[150.0069,-34.1046],[150.0033,-34.0965],[150.0046,-34.0851],[150.0031,-34.0839],[149.9979,-34.0836],[150.0017,-34.0795],[150.0019,-34.0772],[150.0008,-34.0743],[150.001,-34.0703],[150.0043,-34.0685],[150.0047,-34.0662],[150.0039,-34.0632],[150.0012,-34.0601],[149.9968,-34.0586],[149.9952,-34.0569],[149.9914,-34.0553],[149.989,-34.0515],[149.9857,-34.0496],[149.984,-34.0474],[149.9777,-34.0468],[149.9753,-34.0448],[149.9764,-34.0422],[149.9809,-34.0419],[149.9839,-34.0398],[149.982,-34.0342],[149.9805,-34.033],[149.9836,-34.0305],[149.9826,-34.0236],[149.9855,-34.0173],[149.9783,-34.0083],[149.9797,-34.0003],[149.9784,-33.996],[149.9787,-33.9885],[149.978,-33.9866],[149.9795,-33.9809],[149.9823,-33.9812],[149.9832,-33.9763],[149.9774,-33.9747],[149.9778,-33.9709],[149.9744,-33.9669],[149.9792,-33.9668],[149.9808,-33.9633],[149.9825,-33.9618],[149.9794,-33.9601],[149.9792,-33.9565],[149.9755,-33.9557],[149.9738,-33.9542],[149.9781,-33.9548],[149.9794,-33.9534],[149.9767,-33.9522],[149.9734,-33.9528],[149.9719,-33.9522],[149.9769,-33.9512],[149.9784,-33.9483],[149.9823,-33.9488],[149.9809,-33.9456],[149.981,-33.9419],[149.9827,-33.9396],[149.9795,-33.9354],[149.9815,-33.934],[149.9817,-33.9324],[149.9795,-33.9309],[149.9801,-33.9301],[149.9822,-33.93],[149.9831,-33.9315],[149.9842,-33.9316],[149.9837,-33.9276],[149.9864,-33.9285],[149.9869,-33.9258],[149.984,-33.9246],[149.9862,-33.9232],[149.9861,-33.9196],[149.9874,-33.9188],[149.9861,-33.9131],[149.9873,-33.9135],[149.9922,-33.912],[149.991,-33.9078],[149.989,-33.9083],[149.9894,-33.9062],[149.9913,-33.9054],[149.9919,-33.9042],[149.9869,-33.9037],[149.9895,-33.9019],[149.9922,-33.9032],[149.994,-33.9015],[149.9929,-33.8998],[149.9913,-33.8991],[149.9926,-33.8972],[149.9944,-33.8964],[149.9934,-33.8949],[150.0014,-33.8957],[150.0055,-33.897],[150.0066,-33.8962],[150.008,-33.8971],[150.0085,-33.8962],[150.015,-33.8984],[150.0173,-33.8984],[150.017,-33.8976],[150.019,-33.8976],[150.0189,-33.8966],[150.0204,-33.896],[150.0198,-33.8951],[150.0208,-33.8944],[150.0222,-33.8949],[150.0223,-33.8959],[150.0247,-33.8965],[150.0253,-33.895],[150.0285,-33.895],[150.0332,-33.8917],[150.0361,-33.8923],[150.0379,-33.8907],[150.0424,-33.8908],[150.0436,-33.8902],[150.0444,-33.8884],[150.0474,-33.8887],[150.0488,-33.8953],[150.0484,-33.8987],[150.0508,-33.902],[150.0515,-33.9045],[150.0519,-33.9093],[150.0509,-33.916],[150.0546,-33.9129],[150.0617,-33.9115],[150.0643,-33.9101],[150.0714,-33.9108],[150.0718,-33.9061],[150.0748,-33.9025],[150.0755,-33.8995],[150.0799,-33.9],[150.0807,-33.8953],[150.0889,-33.8969],[150.0897,-33.895],[150.0889,-33.8928],[150.0893,-33.8908],[150.0916,-33.888],[150.0944,-33.8866],[150.097,-33.8867],[150.0994,-33.8892],[150.1019,-33.8895],[150.1029,-33.8857],[150.1019,-33.8825],[150.1057,-33.8789],[150.114,-33.8752],[150.1204,-33.8747],[150.1225,-33.8711],[150.1233,-33.8658],[150.125,-33.8633],[150.1379,-33.8567],[150.142,-33.8574],[150.1486,-33.8503],[150.1522,-33.8486],[150.1524,-33.8458],[150.1503,-33.8377],[150.1511,-33.8353],[150.1569,-33.8295],[150.1604,-33.8236],[150.1643,-33.8192],[150.1678,-33.8175],[150.1686,-33.8139],[150.1706,-33.8164],[150.1735,-33.8173],[150.1758,-33.8122],[150.1775,-33.8111],[150.1808,-33.8049],[150.1809,-33.8008],[150.1793,-33.797],[150.1719,-33.7988],[150.1693,-33.7966],[150.1688,-33.7949],[150.1719,-33.7929],[150.171,-33.7911],[150.1711,-33.7887],[150.1719,-33.788],[150.1763,-33.7875],[150.1792,-33.7843],[150.1793,-33.7822],[150.1771,-33.7794],[150.1779,-33.778],[150.1839,-33.7781],[150.1901,-33.7756],[150.1909,-33.7704],[150.1942,-33.7685],[150.1957,-33.7666],[150.1932,-33.7632],[150.1956,-33.7599],[150.1957,-33.758],[150.1923,-33.7529],[150.1918,-33.7503],[150.1894,-33.7497],[150.1858,-33.7509],[150.1801,-33.7459],[150.1796,-33.7435],[150.1839,-33.7409],[150.1854,-33.7382],[150.1885,-33.7366],[150.1904,-33.7333],[150.1916,-33.7328],[150.1938,-33.7342],[150.1954,-33.7342],[150.1969,-33.7328],[150.1988,-33.7288],[150.2003,-33.728],[150.2031,-33.7285],[150.2054,-33.7267],[150.2096,-33.7263],[150.2124,-33.7215],[150.2096,-33.7187],[150.2072,-33.714],[150.2037,-33.7158],[150.2026,-33.718],[150.201,-33.7181],[150.1991,-33.7168],[150.1993,-33.7132],[150.1954,-33.7129],[150.1925,-33.7157],[150.19,-33.7198],[150.1858,-33.7205],[150.1818,-33.7225],[150.179,-33.722],[150.1771,-33.7199],[150.1775,-33.7161],[150.181,-33.7141],[150.183,-33.7119],[150.1841,-33.7118],[150.1847,-33.7103],[150.1826,-33.7089],[150.1811,-33.7044],[150.2076,-33.7085],[150.2148,-33.6748],[150.2289,-33.676],[150.2314,-33.663],[150.2431,-33.6645],[150.2443,-33.6654],[150.2465,-33.6641],[150.2481,-33.6641],[150.2483,-33.6583],[150.2472,-33.6568],[150.2436,-33.6557],[150.2414,-33.6543],[150.2398,-33.6515],[150.2378,-33.6512],[150.2405,-33.6386],[150.2533,-33.6404],[150.2543,-33.6398],[150.2555,-33.6407],[150.2619,-33.6417],[150.2641,-33.6312],[150.267,-33.6317],[150.2675,-33.6293],[150.266,-33.6266],[150.2664,-33.6225],[150.2708,-33.6229],[150.2715,-33.6191],[150.259,-33.6175],[150.2603,-33.6107],[150.249,-33.6091],[150.2503,-33.6034],[150.2432,-33.6024],[150.2448,-33.5944],[150.2369,-33.5933],[150.2395,-33.5818],[150.2383,-33.5802],[150.2372,-33.5817],[150.2354,-33.5814],[150.2346,-33.5797],[150.2353,-33.576],[150.2281,-33.5751],[150.2287,-33.5721],[150.2255,-33.5717],[150.2274,-33.5635],[150.2254,-33.5623],[150.2248,-33.5603],[150.2122,-33.5585],[150.2124,-33.5575],[150.2137,-33.5577],[150.2156,-33.548],[150.2269,-33.5495],[150.2267,-33.5505],[150.2278,-33.5506],[150.2261,-33.5605],[150.2355,-33.562],[150.2363,-33.5598],[150.2406,-33.5604],[150.2412,-33.5568],[150.2507,-33.558],[150.2577,-33.5187],[150.2533,-33.5182],[150.2557,-33.5055],[150.2547,-33.5053],[150.2568,-33.4943],[150.2611,-33.4948],[150.2608,-33.4963],[150.2707,-33.4976],[150.2724,-33.4993],[150.2727,-33.4972],[150.277,-33.4977],[150.2768,-33.4992],[150.3147,-33.5044],[150.3119,-33.5201],[150.3311,-33.5225],[150.3321,-33.5222],[150.3329,-33.5204],[150.3356,-33.5119],[150.3388,-33.5125],[150.3401,-33.5111],[150.3424,-33.5121],[150.3445,-33.5095],[150.3482,-33.509],[150.3492,-33.5048],[150.347,-33.5021],[150.3474,-33.499],[150.3499,-33.5003],[150.3521,-33.4982],[150.3538,-33.4994],[150.3558,-33.4959],[150.3545,-33.4939],[150.3508,-33.4949],[150.3485,-33.4924],[150.3506,-33.4926],[150.3533,-33.4909],[150.3557,-33.4878],[150.3545,-33.4877],[150.3545,-33.486],[150.3568,-33.4857],[150.3587,-33.4867],[150.3595,-33.4893],[150.3622,-33.4882],[150.364,-33.4892],[150.3654,-33.4914],[150.3675,-33.491],[150.3675,-33.4925],[150.3608,-33.4953],[150.3651,-33.5025],[150.365,-33.5036],[150.3623,-33.5048],[150.3637,-33.5071],[150.3633,-33.5088],[150.3588,-33.5087],[150.3567,-33.5185],[150.3598,-33.519],[150.3628,-33.5171],[150.3636,-33.5184],[150.368,-33.5167],[150.3684,-33.5196],[150.37,-33.5209],[150.3698,-33.5219],[150.3716,-33.5221],[150.3718,-33.5209],[150.3734,-33.5204],[150.3746,-33.5177],[150.376,-33.5181],[150.3921,-33.5117],[150.3963,-33.511],[150.3988,-33.5091],[150.3975,-33.5052],[150.4037,-33.5011],[150.4065,-33.5022],[150.4074,-33.5068],[150.4086,-33.5067],[150.4097,-33.5],[150.4195,-33.5011],[150.419,-33.5036],[150.4199,-33.504],[150.4204,-33.5066],[150.4222,-33.5069],[150.422,-33.5077],[150.4253,-33.5064],[150.4261,-33.5019],[150.4227,-33.5014],[150.423,-33.4995],[150.4452,-33.5019],[150.4472,-33.4922],[150.4615,-33.4941],[150.461,-33.4968],[150.4728,-33.4983],[150.4631,-33.5016],[150.4615,-33.5061],[150.4574,-33.5069],[150.4559,-33.5081],[150.4557,-33.51],[150.4539,-33.5118],[150.4474,-33.5117],[150.4438,-33.5336],[150.4423,-33.5369],[150.4302,-33.5379],[150.4308,-33.5355],[150.4294,-33.5332],[150.4307,-33.5305],[150.433,-33.5299],[150.4341,-33.5277],[150.4302,-33.5241],[150.4278,-33.5206],[150.4253,-33.5214],[150.4169,-33.5282],[150.4122,-33.5282],[150.4099,-33.5296],[150.4094,-33.5311],[150.4101,-33.5332],[150.4069,-33.5372],[150.4066,-33.5409],[150.4103,-33.5482],[150.4158,-33.549],[150.4144,-33.5502],[150.4156,-33.5521],[150.4148,-33.5561],[150.4169,-33.5564],[150.4155,-33.563],[150.4263,-33.5646],[150.4287,-33.5535],[150.4388,-33.5551],[150.4383,-33.5524],[150.4355,-33.5482],[150.4361,-33.5453],[150.4352,-33.5422],[150.4398,-33.5428],[150.4401,-33.541],[150.4661,-33.5444],[150.4674,-33.5373],[150.4763,-33.5384],[150.4783,-33.5287],[150.484,-33.5294],[150.4846,-33.5264],[150.479,-33.5248],[150.4799,-33.5207],[150.4856,-33.5215],[150.4858,-33.5201],[150.4977,-33.5217],[150.4961,-33.5182],[150.5134,-33.5204],[150.5159,-33.5062],[150.5207,-33.5068],[150.5201,-33.5097],[150.5236,-33.5102],[150.5225,-33.5164],[150.5469,-33.5195],[150.5477,-33.5152],[150.548,-33.5159],[150.5773,-33.5198],[150.577,-33.5213],[150.5796,-33.5217],[150.5794,-33.5229],[150.5811,-33.5231],[150.5813,-33.5219],[150.5834,-33.5222],[150.5831,-33.5206],[150.5957,-33.5222],[150.5949,-33.5253],[150.6013,-33.5261],[150.6009,-33.5283],[150.607,-33.5292],[150.6078,-33.5257],[150.6128,-33.5265],[150.6131,-33.5249],[150.6204,-33.5259],[150.6163,-33.5475],[150.6104,-33.5468],[150.6095,-33.5513],[150.5992,-33.5499],[150.5972,-33.5542],[150.5994,-33.5545],[150.5971,-33.567],[150.6009,-33.5675],[150.6002,-33.5713],[150.6049,-33.572],[150.6038,-33.578],[150.6055,-33.5782],[150.6088,-33.5823],[150.6094,-33.5864],[150.6076,-33.5896],[150.6106,-33.5933],[150.6077,-33.5949],[150.6073,-33.5999],[150.6131,-33.6034],[150.6131,-33.6033],[150.6131,-33.6034],[150.6167,-33.6035],[150.6182,-33.6044],[150.6166,-33.6062],[150.6165,-33.6075],[150.6189,-33.6109],[150.6222,-33.6119],[150.6238,-33.6106],[150.628,-33.6104],[150.6289,-33.6116],[150.6274,-33.6136],[150.6279,-33.615],[150.6355,-33.619],[150.6409,-33.6203],[150.6444,-33.62],[150.6552,-33.6155],[150.66,-33.6146],[150.6695,-33.6141],[150.6769,-33.616],[150.6805,-33.6159],[150.6899,-33.6131],[150.6954,-33.61],[150.6959,-33.6074],[150.7024,-33.6037],[150.7056,-33.5994],[150.7046,-33.5959],[150.7021,-33.5952],[150.6979,-33.5922],[150.6973,-33.5893],[150.6915,-33.5867],[150.6895,-33.5844],[150.689,-33.581],[150.6863,-33.5801],[150.6863,-33.5777],[150.6872,-33.5768],[150.6866,-33.5752],[150.6875,-33.5751],[150.6874,-33.5738],[150.686,-33.5747],[150.6824,-33.5741],[150.6818,-33.5751],[150.6822,-33.569],[150.6829,-33.5691],[150.6833,-33.5671],[150.682,-33.5667],[150.6838,-33.5652],[150.6857,-33.5648],[150.6849,-33.562],[150.6975,-33.5636],[150.6981,-33.5602],[150.6995,-33.5604],[150.7026,-33.5634],[150.7026,-33.5643],[150.7036,-33.5644],[150.7033,-33.5633],[150.7064,-33.5612],[150.7028,-33.5576],[150.7075,-33.5546],[150.7059,-33.5527],[150.7079,-33.5504],[150.7079,-33.5494],[150.7105,-33.5497],[150.7104,-33.5489],[150.711,-33.5491],[150.7101,-33.5509],[150.711,-33.5517],[150.7123,-33.5509],[150.7165,-33.5549],[150.7157,-33.5555],[150.7176,-33.5574],[150.7205,-33.5555],[150.7225,-33.5566],[150.7227,-33.5539],[150.725,-33.5547],[150.7262,-33.5542],[150.7269,-33.5516],[150.7309,-33.5515],[150.7336,-33.5487],[150.74,-33.5497],[150.7402,-33.5485],[150.743,-33.5489],[150.7448,-33.5383],[150.7532,-33.5395],[150.7519,-33.5472],[150.7551,-33.5476],[150.7564,-33.5462],[150.7579,-33.5459],[150.7585,-33.5478],[150.7623,-33.5484],[150.7616,-33.5521],[150.7554,-33.5517],[150.7583,-33.5646],[150.7687,-33.566],[150.7767,-33.5685],[150.7911,-33.5768],[150.8054,-33.583],[150.8134,-33.5838],[150.8217,-33.5826],[150.8245,-33.5832],[150.825,-33.5851],[150.8237,-33.5878],[150.8139,-33.6002],[150.8134,-33.6024],[150.8145,-33.6042],[150.8187,-33.6045],[150.833,-33.5982],[150.8343,-33.6007],[150.8369,-33.5985],[150.8411,-33.602],[150.8392,-33.6068],[150.8369,-33.6087],[150.8299,-33.6098],[150.8274,-33.6069],[150.8258,-33.6066],[150.8249,-33.6076],[150.8244,-33.614],[150.8228,-33.6162],[150.8232,-33.6191],[150.8219,-33.6311],[150.8227,-33.6355],[150.8239,-33.6376],[150.8237,-33.6409],[150.8243,-33.6418],[150.8272,-33.6428],[150.8276,-33.6438],[150.8267,-33.6467],[150.8304,-33.6514],[150.8302,-33.6528],[150.8301,-33.6529],[150.8302,-33.6528],[150.8281,-33.6524],[150.8265,-33.6544],[150.8275,-33.6562],[150.8267,-33.658],[150.8244,-33.6595],[150.8186,-33.6613],[150.8134,-33.6676],[150.8131,-33.6695],[150.8142,-33.6726],[150.8158,-33.674],[150.8185,-33.6739],[150.819,-33.6761],[150.81,-33.6785],[150.8068,-33.6776],[150.8044,-33.6744],[150.8036,-33.6755],[150.8016,-33.6752],[150.8013,-33.6742],[150.8005,-33.6746],[150.7968,-33.6792],[150.7955,-33.6846],[150.7904,-33.6867],[150.7916,-33.688],[150.7912,-33.6888],[150.7848,-33.6918],[150.7859,-33.6922],[150.7851,-33.6934],[150.7813,-33.6947],[150.779,-33.6969],[150.7799,-33.7005],[150.7788,-33.7022],[150.7765,-33.7031],[150.7762,-33.7042],[150.772,-33.7014],[150.7695,-33.7031],[150.7677,-33.7057],[150.766,-33.7056],[150.7678,-33.7134],[150.7661,-33.7162],[150.7657,-33.7189],[150.7644,-33.7184],[150.7625,-33.721],[150.7639,-33.7266],[150.7605,-33.7285],[150.7596,-33.7301],[150.7617,-33.7324],[150.7618,-33.7352],[150.7757,-33.7363],[150.7769,-33.7372],[150.7779,-33.7397],[150.7834,-33.7404],[150.785,-33.743],[150.7849,-33.7443],[150.7867,-33.7464],[150.789,-33.7465],[150.7895,-33.7495],[150.7887,-33.751],[150.7929,-33.7533],[150.7925,-33.7552],[150.7916,-33.7558],[150.7927,-33.7584],[150.7941,-33.7596],[150.7955,-33.7641],[150.7971,-33.7646],[150.8007,-33.7699],[150.8021,-33.7701],[150.8014,-33.7711],[150.8029,-33.773],[150.802,-33.7742],[150.8033,-33.777],[150.8052,-33.7784],[150.8061,-33.7782],[150.8054,-33.7797],[150.8069,-33.7799],[150.8081,-33.7812],[150.8082,-33.7838],[150.8101,-33.7839],[150.809,-33.786],[150.8098,-33.7866],[150.8094,-33.7879],[150.8115,-33.7881],[150.8118,-33.7888],[150.8119,-33.7907],[150.8102,-33.7928],[150.8114,-33.7938],[150.8104,-33.7943],[150.8118,-33.7963],[150.8132,-33.7966],[150.8128,-33.7976],[150.8144,-33.7983],[150.8139,-33.8023],[150.815,-33.8029],[150.8141,-33.8048],[150.8157,-33.8076],[150.8135,-33.8095],[150.8145,-33.8112],[150.8134,-33.8128],[150.8151,-33.8144],[150.8148,-33.8161],[150.8158,-33.817],[150.813,-33.8205],[150.8129,-33.8224],[150.7664,-33.8292],[150.7667,-33.8318],[150.7657,-33.8352],[150.7688,-33.8364],[150.7688,-33.8409],[150.7671,-33.8426],[150.7671,-33.8464],[150.7654,-33.8494],[150.766,-33.8493],[150.7683,-33.8542],[150.7695,-33.8537],[150.7682,-33.8578],[150.7711,-33.8615],[150.7694,-33.863],[150.7708,-33.864],[150.7696,-33.8668],[150.7723,-33.867],[150.7734,-33.8692],[150.775,-33.8694],[150.776,-33.8708],[150.7759,-33.8715],[150.7737,-33.8721],[150.7745,-33.8725],[150.7748,-33.8749],[150.773,-33.8752],[150.7733,-33.8738],[150.7724,-33.8732],[150.7714,-33.8747],[150.7703,-33.8743],[150.7701,-33.8751],[150.7676,-33.8757],[150.7209,-33.8694],[150.7205,-33.8724],[150.7216,-33.8754],[150.7205,-33.8779],[150.7218,-33.8793],[150.7213,-33.8826],[150.7234,-33.885],[150.7233,-33.8864],[150.7162,-33.8904],[150.7164,-33.8928],[150.7151,-33.8979],[150.7135,-33.8983],[150.7122,-33.9052],[150.7047,-33.9043],[150.705,-33.9061],[150.6916,-33.9046],[150.6869,-33.9052],[150.6785,-33.9043],[150.6777,-33.8999],[150.6745,-33.8953],[150.6714,-33.892],[150.6693,-33.8915],[150.6671,-33.8924],[150.6677,-33.8943],[150.6619,-33.8968],[150.6606,-33.897],[150.6584,-33.8952],[150.6579,-33.8928],[150.6505,-33.8948],[150.6471,-33.8995],[150.6445,-33.9009],[150.6447,-33.9026],[150.6468,-33.9048],[150.6456,-33.9053],[150.6409,-33.9053],[150.635,-33.9035],[150.6385,-33.9089],[150.6441,-33.9098],[150.6488,-33.9138],[150.6488,-33.9171],[150.644,-33.9253],[150.6396,-33.9275],[150.6395,-33.9298],[150.6343,-33.929],[150.6326,-33.9299],[150.627,-33.9355],[150.6239,-33.9408],[150.6227,-33.9408],[150.6195,-33.9446],[150.6178,-33.9471],[150.6171,-33.9507],[150.6135,-33.9542],[150.6109,-33.9556],[150.6095,-33.9586],[150.6046,-33.9576],[150.6053,-33.9588],[150.6027,-33.9613],[150.5999,-33.9663],[150.5988,-33.9663],[150.599,-33.9652],[150.546,-33.9582],[150.5462,-33.9592],[150.5488,-33.9599],[150.5484,-33.9657],[150.5489,-33.9664],[150.5509,-33.9663],[150.5505,-33.9688],[150.5562,-33.9698],[150.5538,-33.972],[150.554,-33.9738],[150.5554,-33.9741],[150.5567,-33.972],[150.5581,-33.9721],[150.5581,-33.9731],[150.5541,-33.9776],[150.556,-33.9795],[150.5576,-33.978],[150.5585,-33.9783],[150.5588,-33.9808],[150.5538,-33.9853],[150.5487,-33.9873],[150.5479,-33.9912],[150.5483,-33.9949],[150.5455,-33.9988],[150.5469,-34.0008],[150.5408,-34.0031],[150.5413,-34.005],[150.5388,-34.0062],[150.5403,-34.0076],[150.5388,-34.0095],[150.5384,-34.012],[150.5405,-34.0131],[150.5396,-34.0144],[150.54,-34.015],[150.5454,-34.0157],[150.5484,-34.0169],[150.552,-34.0162],[150.5485,-34.0176],[150.5437,-34.0172],[150.5414,-34.0204],[150.5405,-34.0198],[150.5396,-34.0203],[150.5398,-34.0217],[150.5387,-34.0226],[150.532,-34.0255],[150.5299,-34.0251],[150.5255,-34.0209],[150.5263,-34.0172],[150.5285,-34.0175],[150.5291,-34.0144],[150.5086,-34.0109],[150.5094,-34.0064],[150.508,-34.0062],[150.5086,-34.0027],[150.5045,-34.0022],[150.5034,-34.0056],[150.5052,-34.0071],[150.506,-34.0092],[150.5058,-34.0103],[150.5021,-34.0115],[150.5022,-34.015],[150.4971,-34.0147],[150.4946,-34.0131],[150.4927,-34.0136],[150.4914,-34.0153],[150.4873,-34.0157],[150.4873,-34.0175],[150.4829,-34.0212],[150.4801,-34.0215],[150.4786,-34.0232],[150.4734,-34.0239],[150.4735,-34.0217],[150.4713,-34.021],[150.4696,-34.0234],[150.4671,-34.0249],[150.4643,-34.0227],[150.4635,-34.0203],[150.4605,-34.0174],[150.4606,-34.0094],[150.4594,-34.0072],[150.4555,-34.0058],[150.4516,-34.0064],[150.451,-34.0056],[150.4473,-34.007],[150.4459,-34.0055],[150.4448,-34.0068],[150.4451,-34.0076],[150.4442,-34.008],[150.4404,-34.0063],[150.4395,-34.0084],[150.4384,-34.0086],[150.4385,-34.0094],[150.4375,-34.0099],[150.4378,-34.0111],[150.4357,-34.0112],[150.4347,-34.0122],[150.4352,-34.0132],[150.4343,-34.0132],[150.4338,-34.0159],[150.4324,-34.0167],[150.4319,-34.0181],[150.4303,-34.0185],[150.4293,-34.0202],[150.4272,-34.0208],[150.4285,-34.0231],[150.4267,-34.0226],[150.4264,-34.0251],[150.4288,-34.0253],[150.4277,-34.0261],[150.4281,-34.0274],[150.4265,-34.0277],[150.4267,-34.03],[150.4259,-34.0297],[150.4226,-34.0372],[150.4207,-34.0387],[150.4207,-34.0398],[150.4216,-34.0401],[150.4235,-34.0392],[150.4226,-34.0406],[150.4239,-34.0409],[150.4215,-34.042],[150.4242,-34.0428],[150.4227,-34.0433],[150.4231,-34.0471],[150.4247,-34.0469],[150.4246,-34.0479],[150.4254,-34.0484],[150.4257,-34.0503],[150.4241,-34.0513],[150.4248,-34.053],[150.4241,-34.0547],[150.4249,-34.0562],[150.4243,-34.0574],[150.4252,-34.0596],[150.4205,-34.0584],[150.4183,-34.061],[150.4196,-34.0609],[150.4208,-34.0619],[150.4195,-34.0616],[150.4211,-34.0632],[150.4186,-34.0649],[150.4188,-34.0671],[150.4219,-34.0753],[150.4251,-34.0798],[150.4278,-34.0814],[150.4279,-34.0824],[150.4312,-34.0817],[150.4327,-34.0838],[150.4356,-34.0829],[150.436,-34.0837],[150.4397,-34.0843],[150.4415,-34.0889],[150.4442,-34.0913],[150.4451,-34.0904],[150.4461,-34.0918],[150.4461,-34.0917],[150.4461,-34.0918],[150.4499,-34.0916],[150.4471,-34.0936],[150.4474,-34.0944],[150.4462,-34.0944],[150.4462,-34.0967],[150.4482,-34.0984],[150.4483,-34.0984],[150.4482,-34.0984],[150.447,-34.0991],[150.4475,-34.0999],[150.4464,-34.1058],[150.4485,-34.1097],[150.4508,-34.1106],[150.4524,-34.1175],[150.4541,-34.1189],[150.4546,-34.1209],[150.4557,-34.1213],[150.4545,-34.1212],[150.4545,-34.1219],[150.4594,-34.1256],[150.4579,-34.1253],[150.458,-34.1258],[150.458,-34.1259],[150.458,-34.1258],[150.4566,-34.1253],[150.4496,-34.1378],[150.4476,-34.1398],[150.4461,-34.1469],[150.4471,-34.1485],[150.4498,-34.1492],[150.4502,-34.1503],[150.446,-34.1526],[150.4449,-34.1557],[150.4468,-34.1584],[150.4461,-34.1635],[150.4502,-34.1685],[150.4503,-34.1736],[150.4539,-34.1753],[150.4561,-34.1775],[150.4555,-34.1818],[150.459,-34.1866],[150.465,-34.188],[150.4661,-34.1957],[150.4685,-34.1993],[150.4688,-34.2015],[150.4715,-34.204],[150.4706,-34.2138],[150.4723,-34.2169],[150.4705,-34.2191],[150.4745,-34.2216],[150.4722,-34.2228],[150.472,-34.2256],[150.4704,-34.2275],[150.4705,-34.2275],[150.4704,-34.2275],[150.4724,-34.2286],[150.4755,-34.2289],[150.4754,-34.2314],[150.4783,-34.2333],[150.4781,-34.236],[150.4812,-34.2363],[150.4834,-34.2389],[150.4885,-34.2408],[150.4886,-34.2427],[150.4944,-34.2427],[150.497,-34.2415],[150.4996,-34.2424],[150.501,-34.2439],[150.504,-34.2434],[150.5053,-34.2441],[150.5055,-34.2453],[150.5039,-34.2462],[150.5033,-34.2481],[150.5036,-34.2504],[150.5025,-34.2517],[150.503,-34.2544],[150.5005,-34.2579]]]}},{"type":"Feature","id":"Parramatta","properties":{"id":"Parramatta","name":"Parramatta","name_full":"Sydney - Parramatta","name_ja":"Sydney - Parramatta","center_lonlat":[151.0053,-33.8261]},"geometry":{"type":"Polygon","coordinates":[[[150.9671,-33.8901],[150.9659,-33.8897],[150.9605,-33.8907],[150.9589,-33.8896],[150.9593,-33.8884],[150.9621,-33.8877],[150.9626,-33.8866],[150.9619,-33.8859],[150.9593,-33.8862],[150.9583,-33.8852],[150.9581,-33.882],[150.9597,-33.8814],[150.9587,-33.8783],[150.9601,-33.8776],[150.9603,-33.8792],[150.9622,-33.8788],[150.963,-33.8778],[150.9624,-33.8767],[150.9642,-33.8746],[150.963,-33.8745],[150.9625,-33.8735],[150.9618,-33.8738],[150.9622,-33.8726],[150.9611,-33.8728],[150.9603,-33.8713],[150.9622,-33.871],[150.96,-33.869],[150.9603,-33.8684],[150.9614,-33.8688],[150.9619,-33.8678],[150.9609,-33.8673],[150.9617,-33.8665],[150.961,-33.8651],[150.9599,-33.8647],[150.9616,-33.8634],[150.9594,-33.8625],[150.9597,-33.8608],[150.959,-33.8616],[150.9585,-33.8606],[150.9573,-33.8605],[150.9578,-33.8596],[150.9568,-33.8585],[150.9573,-33.8583],[150.955,-33.8573],[150.9554,-33.8563],[150.9541,-33.8557],[150.9537,-33.8539],[150.9524,-33.8544],[150.9523,-33.8536],[150.9486,-33.8535],[150.9469,-33.8542],[150.9449,-33.8517],[150.9453,-33.851],[150.9446,-33.8499],[150.9423,-33.8494],[150.9399,-33.8501],[150.9389,-33.849],[150.9377,-33.8494],[150.9372,-33.8484],[150.9384,-33.8483],[150.9388,-33.8473],[150.9381,-33.846],[150.9361,-33.8461],[150.934,-33.845],[150.9332,-33.8457],[150.9326,-33.8432],[150.9306,-33.8429],[150.9295,-33.8416],[150.9236,-33.8417],[150.9226,-33.8395],[150.918,-33.8378],[150.9171,-33.8381],[150.9157,-33.8357],[150.9139,-33.8358],[150.9124,-33.8347],[150.9144,-33.8323],[150.916,-33.8303],[150.9147,-33.8294],[150.9185,-33.8088],[150.9273,-33.8102],[150.9279,-33.8075],[150.93,-33.8055],[150.9339,-33.8072],[150.9377,-33.8008],[150.939,-33.7943],[150.9425,-33.7921],[150.9438,-33.793],[150.9451,-33.7928],[150.9518,-33.7901],[150.9511,-33.786],[150.9476,-33.7804],[150.9516,-33.7768],[150.9522,-33.779],[150.9541,-33.7789],[150.9541,-33.779],[150.9541,-33.7789],[150.955,-33.7787],[150.956,-33.7807],[150.9575,-33.7806],[150.9581,-33.7797],[150.9602,-33.7802],[150.961,-33.7793],[150.9669,-33.7811],[150.9609,-33.7735],[150.959,-33.7691],[150.9583,-33.7656],[150.963,-33.7653],[150.9648,-33.7664],[150.9661,-33.769],[150.9683,-33.771],[150.9754,-33.773],[150.9822,-33.7723],[150.9986,-33.7679],[151.0052,-33.7669],[151.009,-33.7647],[151.0103,-33.7591],[151.012,-33.7582],[151.0145,-33.7596],[151.0192,-33.7593],[151.0291,-33.7634],[151.035,-33.7623],[151.0349,-33.7609],[151.0489,-33.7586],[151.0612,-33.7571],[151.065,-33.7583],[151.0683,-33.7607],[151.0651,-33.7623],[151.0643,-33.7643],[151.0618,-33.7663],[151.0614,-33.7677],[151.0622,-33.769],[151.0586,-33.7699],[151.0612,-33.7804],[151.063,-33.78],[151.064,-33.7831],[151.065,-33.7832],[151.0637,-33.7838],[151.064,-33.7843],[151.0654,-33.7837],[151.0667,-33.7844],[151.065,-33.7851],[151.0659,-33.7862],[151.0646,-33.7878],[151.0661,-33.7891],[151.0652,-33.7902],[151.0659,-33.7903],[151.0664,-33.7929],[151.065,-33.7953],[151.066,-33.7977],[151.0661,-33.8029],[151.0703,-33.8063],[151.0739,-33.8172],[151.0734,-33.8186],[151.0733,-33.8187],[151.0647,-33.824],[151.0511,-33.8247],[151.0649,-33.8249],[151.0731,-33.8204],[151.0786,-33.8224],[151.0841,-33.8221],[151.0753,-33.8327],[151.0767,-33.8351],[151.0784,-33.8345],[151.0781,-33.8352],[151.0804,-33.835],[151.0805,-33.8394],[151.0801,-33.8436],[151.0809,-33.844],[151.078,-33.8465],[151.0794,-33.8488],[151.0811,-33.8489],[151.0814,-33.85],[151.0806,-33.8513],[151.078,-33.8536],[151.0711,-33.8564],[151.0692,-33.8583],[151.0639,-33.8562],[151.0604,-33.8612],[151.0612,-33.863],[151.0637,-33.8638],[151.0639,-33.8638],[151.0637,-33.8638],[151.0567,-33.8646],[151.0611,-33.8664],[151.0664,-33.8737],[151.0653,-33.8739],[151.0641,-33.8802],[151.062,-33.88],[151.0615,-33.883],[151.0587,-33.8836],[151.0586,-33.8843],[151.0491,-33.8859],[151.0495,-33.8871],[151.033,-33.8882],[151.0301,-33.8878],[151.0222,-33.8889],[151.0159,-33.8862],[151.014,-33.8955],[151.0145,-33.8962],[151.0114,-33.8963],[151.0112,-33.899],[151.0081,-33.8986],[151.0079,-33.8966],[151.0022,-33.8957],[151.0022,-33.8938],[151.0012,-33.8937],[151.0015,-33.8926],[150.9988,-33.8927],[150.9989,-33.8918],[150.9952,-33.8912],[150.9924,-33.888],[150.9788,-33.8863],[150.9792,-33.8822],[150.9774,-33.882],[150.9733,-33.8894],[150.9693,-33.8889],[150.9671,-33.8901]]]}},{"type":"Feature","id":"Ryde","properties":{"id":"Ryde","name":"Ryde","name_full":"Sydney - Ryde","name_ja":"Sydney - Ryde","center_lonlat":[151.1008,-33.7874]},"geometry":{"type":"Polygon","coordinates":[[[151.0733,-33.8187],[151.0734,-33.8186],[151.0739,-33.8172],[151.0703,-33.8063],[151.0661,-33.8029],[151.066,-33.7977],[151.065,-33.7953],[151.0664,-33.7929],[151.0659,-33.7903],[151.0652,-33.7902],[151.0661,-33.7891],[151.0646,-33.7878],[151.0659,-33.7862],[151.065,-33.7851],[151.0667,-33.7844],[151.0654,-33.7837],[151.064,-33.7843],[151.0637,-33.7838],[151.065,-33.7832],[151.064,-33.7831],[151.063,-33.78],[151.0612,-33.7804],[151.0586,-33.7699],[151.0622,-33.769],[151.0614,-33.7677],[151.0618,-33.7663],[151.0643,-33.7643],[151.0651,-33.7623],[151.0683,-33.7607],[151.065,-33.7583],[151.0612,-33.7571],[151.0489,-33.7586],[151.0476,-33.7537],[151.0498,-33.748],[151.0478,-33.7441],[151.0407,-33.7405],[151.0375,-33.7398],[151.0408,-33.7392],[151.0405,-33.7382],[151.0476,-33.7371],[151.0481,-33.7358],[151.0475,-33.7348],[151.0487,-33.7345],[151.0486,-33.7333],[151.0542,-33.7318],[151.0543,-33.7325],[151.056,-33.733],[151.0587,-33.7313],[151.0594,-33.7286],[151.0565,-33.725],[151.057,-33.7226],[151.0561,-33.7209],[151.0564,-33.7198],[151.0579,-33.7192],[151.0591,-33.7209],[151.0626,-33.7228],[151.0687,-33.7235],[151.0685,-33.7242],[151.0705,-33.7244],[151.0695,-33.7249],[151.0699,-33.7269],[151.0706,-33.7272],[151.0698,-33.729],[151.0735,-33.7298],[151.078,-33.7327],[151.0775,-33.7331],[151.0793,-33.734],[151.0793,-33.7354],[151.0819,-33.7358],[151.0829,-33.7346],[151.0894,-33.7392],[151.0913,-33.7393],[151.0922,-33.7409],[151.091,-33.7421],[151.0908,-33.7446],[151.0933,-33.7464],[151.0935,-33.7478],[151.0986,-33.7485],[151.0992,-33.7511],[151.1005,-33.7523],[151.1001,-33.7537],[151.1007,-33.7549],[151.1021,-33.7543],[151.1051,-33.7573],[151.1056,-33.7615],[151.1097,-33.7626],[151.1131,-33.7613],[151.1168,-33.7613],[151.1193,-33.7628],[151.1199,-33.7685],[151.1212,-33.7684],[151.1219,-33.7701],[151.1231,-33.7699],[151.1256,-33.7725],[151.1327,-33.773],[151.1334,-33.7734],[151.132,-33.7743],[151.1325,-33.7751],[151.1342,-33.7749],[151.1365,-33.776],[151.1374,-33.7758],[151.1379,-33.7744],[151.1393,-33.7747],[151.1402,-33.7773],[151.1398,-33.7787],[151.1387,-33.7787],[151.1396,-33.7822],[151.1404,-33.7826],[151.1428,-33.7811],[151.1428,-33.7826],[151.1443,-33.7834],[151.1447,-33.7855],[151.1467,-33.7857],[151.149,-33.7876],[151.1469,-33.7882],[151.1472,-33.7919],[151.1484,-33.7943],[151.1491,-33.7944],[151.1525,-33.7904],[151.1566,-33.7915],[151.1568,-33.7926],[151.1544,-33.7932],[151.155,-33.7971],[151.1542,-33.7971],[151.1534,-33.799],[151.1545,-33.7996],[151.1543,-33.8005],[151.1531,-33.8002],[151.1526,-33.799],[151.146,-33.7996],[151.1426,-33.8016],[151.1436,-33.8029],[151.1437,-33.8054],[151.1408,-33.8072],[151.1418,-33.8098],[151.1391,-33.8096],[151.1408,-33.8116],[151.1408,-33.8142],[151.1434,-33.8151],[151.1438,-33.8167],[151.1406,-33.8172],[151.1389,-33.8153],[151.1369,-33.8153],[151.1387,-33.8158],[151.1395,-33.8186],[151.1437,-33.8179],[151.147,-33.8202],[151.1471,-33.8254],[151.1447,-33.8264],[151.1436,-33.8252],[151.1435,-33.8267],[151.1425,-33.827],[151.1438,-33.8292],[151.1455,-33.8304],[151.1472,-33.8304],[151.149,-33.8319],[151.1531,-33.8308],[151.1569,-33.8324],[151.1585,-33.8341],[151.1618,-33.834],[151.1606,-33.8361],[151.1622,-33.8377],[151.1645,-33.8374],[151.1693,-33.8393],[151.1772,-33.8352],[151.1801,-33.836],[151.1801,-33.8367],[151.1783,-33.8371],[151.1772,-33.8385],[151.1735,-33.8388],[151.1743,-33.8431],[151.1692,-33.8428],[151.1677,-33.8436],[151.162,-33.842],[151.162,-33.8447],[151.1612,-33.8448],[151.1585,-33.8428],[151.1584,-33.8411],[151.157,-33.8393],[151.1536,-33.8383],[151.1533,-33.8365],[151.1512,-33.8377],[151.1447,-33.8369],[151.143,-33.8356],[151.1374,-33.837],[151.1359,-33.8365],[151.1368,-33.8374],[151.1401,-33.8365],[151.1417,-33.8375],[151.1473,-33.8381],[151.1489,-33.8387],[151.1488,-33.8394],[151.1465,-33.8412],[151.1435,-33.8401],[151.142,-33.842],[151.1393,-33.8415],[151.1376,-33.8421],[151.1387,-33.844],[151.1381,-33.8447],[151.1338,-33.8448],[151.1329,-33.8406],[151.1309,-33.8405],[151.1282,-33.8417],[151.1263,-33.8385],[151.1256,-33.8395],[151.1259,-33.8415],[151.1252,-33.8418],[151.1224,-33.8385],[151.1198,-33.838],[151.12,-33.8361],[151.1212,-33.8349],[151.1196,-33.8326],[151.1175,-33.8366],[151.1153,-33.8371],[151.1148,-33.8351],[151.1162,-33.8338],[151.114,-33.8324],[151.1129,-33.8297],[151.1108,-33.8298],[151.1119,-33.8345],[151.1086,-33.8356],[151.1082,-33.8312],[151.1035,-33.8302],[151.1015,-33.8309],[151.1012,-33.8272],[151.0993,-33.8262],[151.0999,-33.8246],[151.0943,-33.8222],[151.0941,-33.8205],[151.0928,-33.8196],[151.0897,-33.8211],[151.0871,-33.8205],[151.0861,-33.8192],[151.0841,-33.8186],[151.076,-33.8196],[151.0748,-33.8184],[151.0734,-33.8186],[151.0733,-33.8187],[151.0732,-33.8188],[151.0733,-33.8187]]]}},{"type":"Feature","id":"South West","properties":{"id":"South West","name":"South West","name_full":"Sydney - South West","name_ja":"Sydney - South West","center_lonlat":[150.8183,-33.9324]},"geometry":{"type":"Polygon","coordinates":[[[150.8129,-33.8224],[150.8277,-33.8207],[150.8572,-33.8208],[150.8737,-33.8247],[150.8743,-33.8257],[150.8757,-33.8256],[150.8757,-33.8266],[150.8777,-33.8269],[150.8769,-33.8275],[150.8769,-33.8276],[150.8769,-33.8275],[150.8779,-33.8272],[150.8779,-33.8289],[150.8791,-33.8292],[150.8809,-33.8278],[150.8843,-33.8275],[150.8847,-33.8286],[150.8833,-33.8323],[150.888,-33.8297],[150.889,-33.834],[150.8915,-33.8308],[150.8959,-33.8286],[150.9089,-33.8254],[150.9103,-33.8266],[150.9117,-33.83],[150.9144,-33.8323],[150.9124,-33.8347],[150.9139,-33.8358],[150.9157,-33.8357],[150.9171,-33.8381],[150.918,-33.8378],[150.9226,-33.8395],[150.9236,-33.8417],[150.9295,-33.8416],[150.9306,-33.8429],[150.9326,-33.8432],[150.9332,-33.8457],[150.934,-33.845],[150.9361,-33.8461],[150.9381,-33.846],[150.9388,-33.8473],[150.9384,-33.8483],[150.9372,-33.8484],[150.9377,-33.8494],[150.9389,-33.849],[150.9399,-33.8501],[150.9423,-33.8494],[150.9446,-33.8499],[150.9453,-33.851],[150.9449,-33.8517],[150.9469,-33.8542],[150.9486,-33.8535],[150.9523,-33.8536],[150.9524,-33.8544],[150.9537,-33.8539],[150.9541,-33.8557],[150.9554,-33.8563],[150.955,-33.8573],[150.9573,-33.8583],[150.9568,-33.8585],[150.9578,-33.8596],[150.9573,-33.8605],[150.9585,-33.8606],[150.959,-33.8616],[150.9597,-33.8608],[150.9594,-33.8625],[150.9616,-33.8634],[150.9599,-33.8647],[150.961,-33.8651],[150.9617,-33.8665],[150.9609,-33.8673],[150.9619,-33.8678],[150.9614,-33.8688],[150.9603,-33.8684],[150.96,-33.869],[150.9622,-33.871],[150.9603,-33.8713],[150.9611,-33.8728],[150.9622,-33.8726],[150.9618,-33.8738],[150.9625,-33.8735],[150.963,-33.8745],[150.9642,-33.8746],[150.9624,-33.8767],[150.963,-33.8778],[150.9622,-33.8788],[150.9603,-33.8792],[150.9601,-33.8776],[150.9587,-33.8783],[150.9597,-33.8814],[150.9581,-33.882],[150.9583,-33.8852],[150.9593,-33.8862],[150.9619,-33.8859],[150.9626,-33.8866],[150.9621,-33.8877],[150.9593,-33.8884],[150.9589,-33.8896],[150.9605,-33.8907],[150.9659,-33.8897],[150.9671,-33.8901],[150.9684,-33.8919],[150.9684,-33.8965],[150.9725,-33.8981],[150.9734,-33.901],[150.9794,-33.9064],[150.9771,-33.9093],[150.9759,-33.9091],[150.9742,-33.9071],[150.9731,-33.9076],[150.9744,-33.9113],[150.974,-33.9191],[150.9789,-33.9278],[150.979,-33.9293],[150.9777,-33.9302],[150.9736,-33.9289],[150.9687,-33.9309],[150.9675,-33.9328],[150.9686,-33.9382],[150.9665,-33.9413],[150.9662,-33.9436],[150.9707,-33.9469],[150.9738,-33.9521],[150.9799,-33.9536],[150.9828,-33.9557],[150.9806,-33.9602],[150.9803,-33.9622],[150.9812,-33.9649],[150.9838,-33.9658],[150.9889,-33.9659],[150.994,-33.9717],[150.9974,-33.974],[150.9981,-33.9751],[150.9945,-33.9778],[150.9945,-33.9798],[150.9916,-33.9794],[150.9928,-33.9835],[150.9924,-33.9883],[150.9968,-33.9931],[150.9953,-34.0013],[150.9828,-34.0156],[150.9684,-34.0258],[150.9517,-34.0235],[150.9481,-34.0411],[150.9079,-34.0353],[150.9066,-34.0335],[150.8998,-34.0358],[150.8953,-34.0353],[150.892,-34.0329],[150.8867,-34.0321],[150.8861,-34.0287],[150.8868,-34.0189],[150.8885,-34.0055],[150.8892,-34.0046],[150.8915,-34.0043],[150.8923,-34.0056],[150.8922,-34.0114],[150.8935,-34.0134],[150.8929,-34.0195],[150.8987,-34.0209],[150.9068,-34.0178],[150.9067,-34.0167],[150.9043,-34.0159],[150.9032,-34.0145],[150.9015,-34.0072],[150.9049,-34.0041],[150.912,-34.0012],[150.9125,-34.0003],[150.9122,-33.9991],[150.91,-33.9987],[150.9086,-33.997],[150.9078,-33.9904],[150.9114,-33.9778],[150.9132,-33.9648],[150.903,-33.9634],[150.9007,-33.9654],[150.9012,-33.9637],[150.8993,-33.9619],[150.8904,-33.961],[150.8868,-33.9582],[150.8745,-33.9669],[150.8752,-33.9632],[150.8664,-33.9674],[150.852,-33.9714],[150.8473,-33.9707],[150.8413,-33.9562],[150.8281,-33.9616],[150.8258,-33.9601],[150.8265,-33.9628],[150.8236,-33.9684],[150.8227,-33.9736],[150.8205,-33.9752],[150.8151,-33.9678],[150.8147,-33.9684],[150.7969,-34.0036],[150.7945,-34.0065],[150.7945,-34.0081],[150.7957,-34.0093],[150.7948,-34.0115],[150.7877,-34.0155],[150.7889,-34.0179],[150.7908,-34.0184],[150.7917,-34.0201],[150.7896,-34.0208],[150.7892,-34.0236],[150.79,-34.0276],[150.791,-34.0282],[150.7907,-34.0338],[150.7877,-34.0303],[150.7828,-34.0381],[150.7582,-34.0241],[150.7612,-34.02],[150.7482,-34.0183],[150.7435,-34.0159],[150.7413,-34.0134],[150.7333,-34.0147],[150.7316,-34.0145],[150.7281,-34.0123],[150.7243,-34.0118],[150.7241,-34.0144],[150.7156,-34.0135],[150.7095,-34.0148],[150.7094,-34.0162],[150.7113,-34.0205],[150.7106,-34.0246],[150.7056,-34.0323],[150.6941,-34.0413],[150.6864,-34.0497],[150.6808,-34.0508],[150.6783,-34.0495],[150.6772,-34.0466],[150.6772,-34.0432],[150.6783,-34.0396],[150.6821,-34.0343],[150.6846,-34.033],[150.6876,-34.0296],[150.692,-34.0273],[150.6919,-34.0215],[150.6898,-34.02],[150.6858,-34.0197],[150.6788,-34.0254],[150.6693,-34.0265],[150.6672,-34.028],[150.6612,-34.0274],[150.6583,-34.0245],[150.6559,-34.0198],[150.6531,-34.0182],[150.6516,-34.0161],[150.6499,-34.0084],[150.6511,-34.0068],[150.66,-34.0009],[150.6679,-33.9935],[150.6707,-33.9901],[150.6708,-33.9877],[150.6696,-33.9859],[150.6658,-33.9849],[150.6592,-33.9861],[150.652,-33.9857],[150.6498,-33.9846],[150.6429,-33.9779],[150.6286,-33.9725],[150.6278,-33.9697],[150.63,-33.9594],[150.6294,-33.957],[150.6276,-33.9571],[150.6252,-33.96],[150.6234,-33.9602],[150.6197,-33.9584],[150.6182,-33.9561],[150.6181,-33.9521],[150.6196,-33.9478],[150.6239,-33.9408],[150.627,-33.9355],[150.6326,-33.9299],[150.6343,-33.929],[150.6395,-33.9298],[150.6396,-33.9275],[150.644,-33.9253],[150.6488,-33.9171],[150.6488,-33.9138],[150.6441,-33.9098],[150.6385,-33.9089],[150.635,-33.9035],[150.6409,-33.9053],[150.6456,-33.9053],[150.6468,-33.9048],[150.6447,-33.9026],[150.6445,-33.9009],[150.6471,-33.8995],[150.6505,-33.8948],[150.6579,-33.8928],[150.6584,-33.8952],[150.6606,-33.897],[150.6619,-33.8968],[150.6677,-33.8943],[150.6671,-33.8924],[150.6693,-33.8915],[150.6714,-33.892],[150.6745,-33.8953],[150.6777,-33.8999],[150.6785,-33.9043],[150.6869,-33.9052],[150.6916,-33.9046],[150.705,-33.9061],[150.7047,-33.9043],[150.7122,-33.9052],[150.7135,-33.8983],[150.7151,-33.8979],[150.7164,-33.8928],[150.7162,-33.8904],[150.7233,-33.8864],[150.7234,-33.885],[150.7213,-33.8826],[150.7218,-33.8793],[150.7205,-33.8779],[150.7216,-33.8754],[150.7205,-33.8724],[150.7209,-33.8694],[150.7676,-33.8757],[150.7701,-33.8751],[150.7703,-33.8743],[150.7714,-33.8747],[150.7724,-33.8732],[150.7733,-33.8738],[150.773,-33.8752],[150.7748,-33.8749],[150.7745,-33.8725],[150.7737,-33.8721],[150.7759,-33.8715],[150.776,-33.8708],[150.775,-33.8694],[150.7734,-33.8692],[150.7723,-33.867],[150.7696,-33.8668],[150.7708,-33.864],[150.7694,-33.863],[150.7711,-33.8615],[150.7682,-33.8578],[150.7695,-33.8537],[150.7683,-33.8542],[150.766,-33.8493],[150.7654,-33.8494],[150.7671,-33.8464],[150.7671,-33.8426],[150.7688,-33.8409],[150.7688,-33.8364],[150.7657,-33.8352],[150.7667,-33.8318],[150.7664,-33.8292],[150.8129,-33.8224]]]}},{"type":"Feature","id":"Sutherland","properties":{"id":"Sutherland","name":"Sutherland","name_full":"Sydney - Sutherland","name_ja":"Sydney - Sutherland","center_lonlat":[151.0631,-34.0754]},"geometry":{"type":"Polygon","coordinates":[[[150.9396,-34.1118],[150.9413,-34.112],[150.9429,-34.1101],[150.9474,-34.1079],[150.9487,-34.1049],[150.9511,-34.105],[150.9533,-34.1062],[150.9547,-34.1044],[150.9564,-34.1037],[150.9599,-34.106],[150.9607,-34.1057],[150.9607,-34.1011],[150.9645,-34.1001],[150.9622,-34.0978],[150.9637,-34.0957],[150.9665,-34.0961],[150.971,-34.1001],[150.9738,-34.0991],[150.9761,-34.0965],[150.9749,-34.0958],[150.9729,-34.0961],[150.9744,-34.0914],[150.974,-34.0859],[150.9768,-34.0858],[150.9785,-34.0828],[150.9818,-34.0798],[150.9854,-34.0701],[150.9849,-34.0672],[150.9866,-34.0664],[150.9877,-34.0647],[150.9956,-34.063],[150.9966,-34.0619],[150.9965,-34.0604],[150.9945,-34.0581],[150.9884,-34.0585],[150.9816,-34.0548],[150.9732,-34.0539],[150.9722,-34.0524],[150.9694,-34.0533],[150.9628,-34.0487],[150.96,-34.044],[150.9595,-34.041],[150.9629,-34.0309],[150.9684,-34.0258],[150.9828,-34.0156],[150.9953,-34.0013],[150.9968,-33.9931],[150.9924,-33.9883],[150.9928,-33.9835],[150.9916,-33.9794],[150.9945,-33.9798],[150.9961,-33.9817],[150.9992,-33.9829],[151.001,-33.9823],[151.0037,-33.9794],[151.0045,-33.9796],[151.0059,-33.9825],[151.0089,-33.9824],[151.0121,-33.9836],[151.0156,-33.9821],[151.0154,-33.9832],[151.022,-33.9772],[151.0253,-33.9788],[151.0308,-33.9785],[151.0338,-33.9773],[151.0349,-33.9778],[151.0361,-33.9809],[151.0377,-33.9818],[151.0335,-33.9822],[151.0301,-33.9841],[151.0293,-33.9879],[151.0302,-33.9887],[151.0331,-33.9888],[151.032,-33.9912],[151.0327,-33.9925],[151.0352,-33.9934],[151.0391,-33.9927],[151.0425,-33.9935],[151.0456,-33.9932],[151.0477,-33.9947],[151.0487,-33.9942],[151.0521,-33.9947],[151.0571,-33.9926],[151.0606,-33.9884],[151.0621,-33.9909],[151.0656,-33.9912],[151.0663,-33.9929],[151.0654,-33.9946],[151.0579,-33.9944],[151.0579,-33.9956],[151.0568,-33.9966],[151.0538,-33.9976],[151.0529,-33.9995],[151.0511,-33.9999],[151.0528,-34.0008],[151.053,-34.0018],[151.053,-34.0019],[151.053,-34.0018],[151.0551,-33.9985],[151.0552,-33.9997],[151.0526,-34.0027],[151.0481,-34.0036],[151.0467,-34.0063],[151.0439,-34.0065],[151.043,-34.0076],[151.0433,-34.0089],[151.0448,-34.0093],[151.0443,-34.0114],[151.0449,-34.0147],[151.0467,-34.0143],[151.0452,-34.0114],[151.0477,-34.0142],[151.0485,-34.0182],[151.0479,-34.0194],[151.0489,-34.0208],[151.0484,-34.0224],[151.0457,-34.0253],[151.045,-34.0278],[151.0418,-34.028],[151.0416,-34.0287],[151.0428,-34.0292],[151.0453,-34.0288],[151.0468,-34.0254],[151.0501,-34.0216],[151.0503,-34.0188],[151.0492,-34.015],[151.0514,-34.017],[151.0514,-34.0148],[151.049,-34.0129],[151.0492,-34.0121],[151.0468,-34.0112],[151.0465,-34.0075],[151.0488,-34.0061],[151.0482,-34.0076],[151.0497,-34.0083],[151.0502,-34.0054],[151.0525,-34.005],[151.0548,-34.0072],[151.0588,-34.0082],[151.0572,-34.006],[151.0557,-34.0012],[151.0594,-33.9982],[151.0662,-33.9972],[151.0697,-33.9959],[151.0694,-33.9967],[151.071,-33.9975],[151.0691,-33.9981],[151.0708,-33.9998],[151.0697,-34.0012],[151.0704,-34.0023],[151.0756,-33.9977],[151.0766,-34.0002],[151.08,-34.0006],[151.0802,-33.9999],[151.0785,-33.9986],[151.0792,-33.9965],[151.0832,-33.996],[151.089,-33.9971],[151.0898,-34.0007],[151.0917,-34.0017],[151.0891,-34.0038],[151.0895,-34.005],[151.0889,-34.0056],[151.0863,-34.0029],[151.084,-34.0052],[151.0849,-34.0064],[151.0874,-34.0072],[151.0876,-34.008],[151.0844,-34.0086],[151.0823,-34.0078],[151.0777,-34.0115],[151.0777,-34.0126],[151.0821,-34.0093],[151.0843,-34.0106],[151.0879,-34.0097],[151.088,-34.0116],[151.0905,-34.0119],[151.092,-34.0065],[151.0957,-34.0034],[151.0944,-33.9978],[151.0982,-33.9979],[151.0974,-33.9992],[151.0979,-34.0016],[151.097,-34.0041],[151.0977,-34.0059],[151.1003,-34.0056],[151.1023,-34.0066],[151.1041,-34.0065],[151.1073,-34.0051],[151.1087,-34.0059],[151.1087,-34.006],[151.1087,-34.0059],[151.1093,-34.0067],[151.1106,-34.0064],[151.1131,-34.0034],[151.1137,-34.0033],[151.1128,-34.0057],[151.1158,-34.0071],[151.1143,-34.0083],[151.1143,-34.01],[151.1174,-34.0138],[151.1139,-34.0133],[151.116,-34.0146],[151.1122,-34.0148],[151.113,-34.0133],[151.1113,-34.0141],[151.1112,-34.0155],[151.1079,-34.0144],[151.1079,-34.0143],[151.1079,-34.0144],[151.11,-34.0158],[151.1095,-34.0179],[151.1106,-34.0161],[151.1128,-34.0165],[151.1107,-34.0171],[151.1111,-34.018],[151.1129,-34.0175],[151.1125,-34.0186],[151.1097,-34.0181],[151.112,-34.0196],[151.1116,-34.0207],[151.1096,-34.0216],[151.1095,-34.0228],[151.1102,-34.0217],[151.111,-34.022],[151.1105,-34.0238],[151.1127,-34.0202],[151.114,-34.0203],[151.1155,-34.0218],[151.1138,-34.0187],[151.116,-34.0168],[151.1143,-34.0172],[151.1143,-34.0163],[151.1173,-34.0152],[151.1175,-34.0159],[151.1162,-34.0167],[151.1174,-34.0164],[151.1179,-34.0144],[151.1202,-34.0158],[151.1221,-34.0138],[151.1217,-34.0119],[151.1246,-34.0103],[151.127,-34.0099],[151.1276,-34.0114],[151.1275,-34.0114],[151.1276,-34.0114],[151.128,-34.0121],[151.1253,-34.0154],[151.1257,-34.0176],[151.1267,-34.0185],[151.1267,-34.0184],[151.1267,-34.0185],[151.1277,-34.0199],[151.1277,-34.0199],[151.1278,-34.0198],[151.1278,-34.0198],[151.1282,-34.0202],[151.1283,-34.0202],[151.1282,-34.0202],[151.1314,-34.0229],[151.1339,-34.0229],[151.1316,-34.0261],[151.132,-34.028],[151.1336,-34.033],[151.1373,-34.0369],[151.1449,-34.0386],[151.1472,-34.0387],[151.1478,-34.0377],[151.1478,-34.0378],[151.1478,-34.0377],[151.1476,-34.0368],[151.1482,-34.0377],[151.1473,-34.0388],[151.1522,-34.0383],[151.1546,-34.0358],[151.1528,-34.034],[151.1549,-34.0354],[151.1567,-34.0335],[151.1595,-34.0326],[151.161,-34.0303],[151.1612,-34.0282],[151.1518,-34.0215],[151.1457,-34.0194],[151.1418,-34.0144],[151.1428,-34.0137],[151.1491,-34.0136],[151.1495,-34.0161],[151.1506,-34.0139],[151.1576,-34.0131],[151.158,-34.0116],[151.1605,-34.0107],[151.1635,-34.0065],[151.1638,-34.0039],[151.1649,-34.0039],[151.1655,-34.003],[151.163,-34.003],[151.1624,-34.004],[151.1617,-34.0032],[151.1598,-34.0049],[151.1578,-34.0047],[151.1569,-34.0052],[151.1571,-34.0064],[151.1559,-34.0065],[151.1556,-34.0056],[151.161,-34.0024],[151.1624,-34.0],[151.1735,-34.0071],[151.1743,-34.0084],[151.1726,-34.0101],[151.1724,-34.0115],[151.1752,-34.0122],[151.1755,-34.0112],[151.1766,-34.0112],[151.1786,-34.0128],[151.1764,-34.0147],[151.1707,-34.0158],[151.1681,-34.013],[151.1662,-34.0136],[151.1632,-34.0132],[151.1581,-34.0146],[151.1571,-34.0161],[151.1556,-34.0164],[151.157,-34.0192],[151.1591,-34.0212],[151.1596,-34.0232],[151.1596,-34.0233],[151.1596,-34.0232],[151.1606,-34.022],[151.1626,-34.0226],[151.1625,-34.0239],[151.1632,-34.023],[151.169,-34.0235],[151.1707,-34.0201],[151.1721,-34.0195],[151.1737,-34.0207],[151.1745,-34.0237],[151.1775,-34.0258],[151.1795,-34.0261],[151.1808,-34.0259],[151.1818,-34.0237],[151.1851,-34.0217],[151.1852,-34.0217],[151.1851,-34.0217],[151.1857,-34.0196],[151.1888,-34.0191],[151.1895,-34.0183],[151.19,-34.0207],[151.1925,-34.0191],[151.1935,-34.0196],[151.1931,-34.0208],[151.1962,-34.0206],[151.1964,-34.0212],[151.1996,-34.0194],[151.1999,-34.0179],[151.2035,-34.0178],[151.2036,-34.0166],[151.2056,-34.0163],[151.2052,-34.0148],[151.2065,-34.0142],[151.2045,-34.0136],[151.2023,-34.0146],[151.2001,-34.0139],[151.1999,-34.0148],[151.2016,-34.0149],[151.1997,-34.015],[151.1981,-34.014],[151.1982,-34.0124],[151.2001,-34.0118],[151.1988,-34.0101],[151.1871,-34.0085],[151.1865,-34.008],[151.1869,-34.0074],[151.1925,-34.007],[151.1963,-34.008],[151.2116,-34.0079],[151.2166,-34.0058],[151.217,-34.0043],[151.2213,-34.0014],[151.2241,-34.0021],[151.2242,-34.002],[151.2241,-34.0021],[151.2282,-34.0041],[151.2302,-34.0078],[151.2296,-34.0103],[151.2315,-34.0117],[151.2307,-34.0126],[151.2319,-34.017],[151.2299,-34.0189],[151.2298,-34.0189],[151.2299,-34.0189],[151.2295,-34.0206],[151.2304,-34.0218],[151.2286,-34.0246],[151.2303,-34.0264],[151.2276,-34.029],[151.2279,-34.0298],[151.2258,-34.0323],[151.2254,-34.0343],[151.2238,-34.035],[151.2206,-34.0394],[151.2154,-34.0404],[151.2145,-34.0419],[151.212,-34.0416],[151.2121,-34.0414],[151.212,-34.0416],[151.2097,-34.0406],[151.2073,-34.0415],[151.2055,-34.0403],[151.2057,-34.0404],[151.2055,-34.0403],[151.2032,-34.0402],[151.2011,-34.0379],[151.2002,-34.0387],[151.2012,-34.0397],[151.2008,-34.0407],[151.1988,-34.0417],[151.1967,-34.0385],[151.194,-34.0365],[151.1893,-34.0348],[151.1852,-34.0346],[151.1759,-34.0361],[151.1655,-34.0407],[151.1605,-34.0453],[151.1559,-34.0517],[151.1564,-34.053],[151.1549,-34.0553],[151.1556,-34.0565],[151.1573,-34.0568],[151.1584,-34.0587],[151.1559,-34.0622],[151.1564,-34.0628],[151.1555,-34.0642],[151.1584,-34.0669],[151.1567,-34.0694],[151.1572,-34.0704],[151.1565,-34.0715],[151.1534,-34.0732],[151.1502,-34.0725],[151.1483,-34.0738],[151.1474,-34.0734],[151.1478,-34.0719],[151.1469,-34.0707],[151.1478,-34.0692],[151.1464,-34.0639],[151.1477,-34.0604],[151.1478,-34.0604],[151.1477,-34.0604],[151.1501,-34.0575],[151.1506,-34.0578],[151.1496,-34.0548],[151.1486,-34.0546],[151.1475,-34.0556],[151.1457,-34.055],[151.1463,-34.0555],[151.1452,-34.0569],[151.1425,-34.057],[151.1435,-34.0598],[151.1392,-34.0646],[151.1412,-34.067],[151.1404,-34.0738],[151.1373,-34.0737],[151.1344,-34.0719],[151.135,-34.0658],[151.1381,-34.0586],[151.1382,-34.0561],[151.1337,-34.0557],[151.135,-34.0582],[151.133,-34.0585],[151.1335,-34.0608],[151.1321,-34.0634],[151.132,-34.0634],[151.1321,-34.0634],[151.1313,-34.0642],[151.1292,-34.0641],[151.1278,-34.0614],[151.1263,-34.0639],[151.128,-34.0661],[151.1301,-34.0667],[151.1293,-34.0695],[151.1219,-34.0705],[151.1193,-34.0678],[151.1185,-34.071],[151.1129,-34.0725],[151.1116,-34.0725],[151.1114,-34.0714],[151.1113,-34.0714],[151.1114,-34.0714],[151.1108,-34.0701],[151.1126,-34.0688],[151.1127,-34.0688],[151.1126,-34.0688],[151.1123,-34.0661],[151.116,-34.0658],[151.1136,-34.0633],[151.1145,-34.0614],[151.1143,-34.0592],[151.111,-34.0619],[151.109,-34.0611],[151.1068,-34.0618],[151.106,-34.0599],[151.1116,-34.053],[151.109,-34.0522],[151.1099,-34.0491],[151.11,-34.0491],[151.1099,-34.0491],[151.1121,-34.0431],[151.1091,-34.0447],[151.1053,-34.0423],[151.1051,-34.0421],[151.1053,-34.0423],[151.1087,-34.0466],[151.1069,-34.0505],[151.1066,-34.0543],[151.1035,-34.0559],[151.102,-34.0589],[151.1009,-34.0591],[151.1,-34.0567],[151.0987,-34.0559],[151.1008,-34.0545],[151.1013,-34.0515],[151.0976,-34.0474],[151.0968,-34.047],[151.0978,-34.0486],[151.0974,-34.0492],[151.0951,-34.0497],[151.092,-34.0491],[151.0919,-34.0491],[151.092,-34.0491],[151.0929,-34.0508],[151.0942,-34.0507],[151.0951,-34.0519],[151.0922,-34.0577],[151.0877,-34.0556],[151.0859,-34.0539],[151.0839,-34.0559],[151.0807,-34.055],[151.0785,-34.0557],[151.077,-34.0539],[151.0775,-34.0559],[151.0785,-34.0564],[151.0803,-34.0556],[151.0836,-34.0579],[151.0856,-34.056],[151.0891,-34.0582],[151.0904,-34.0613],[151.0864,-34.062],[151.0857,-34.064],[151.0888,-34.064],[151.0896,-34.0647],[151.0892,-34.0654],[151.0855,-34.0652],[151.084,-34.0638],[151.084,-34.0616],[151.0824,-34.0605],[151.0796,-34.0612],[151.0812,-34.0623],[151.0822,-34.0619],[151.0817,-34.0626],[151.0779,-34.0619],[151.0691,-34.0631],[151.0659,-34.0644],[151.0615,-34.064],[151.0589,-34.068],[151.0591,-34.0693],[151.0608,-34.0707],[151.0568,-34.073],[151.0575,-34.0736],[151.0619,-34.0706],[151.0595,-34.068],[151.0631,-34.0646],[151.0663,-34.0653],[151.0688,-34.0642],[151.078,-34.0633],[151.0816,-34.0646],[151.0845,-34.0674],[151.0879,-34.0678],[151.0884,-34.0696],[151.0915,-34.0671],[151.0903,-34.0645],[151.0934,-34.0631],[151.0938,-34.0601],[151.0953,-34.0581],[151.0962,-34.058],[151.0988,-34.0626],[151.1004,-34.0633],[151.0981,-34.0651],[151.102,-34.0654],[151.1024,-34.0667],[151.1011,-34.0694],[151.1032,-34.0691],[151.1062,-34.0718],[151.1056,-34.0731],[151.1034,-34.0745],[151.1039,-34.076],[151.1032,-34.0769],[151.1047,-34.0774],[151.1056,-34.0795],[151.1021,-34.0808],[151.1011,-34.082],[151.0981,-34.0826],[151.0976,-34.0838],[151.0982,-34.0859],[151.0981,-34.0859],[151.0982,-34.0859],[151.0939,-34.0858],[151.0927,-34.0868],[151.0893,-34.0861],[151.0871,-34.0883],[151.0832,-34.0873],[151.0786,-34.0893],[151.084,-34.0877],[151.0859,-34.0883],[151.0868,-34.0896],[151.0889,-34.087],[151.09,-34.0868],[151.0923,-34.0883],[151.0935,-34.0882],[151.0942,-34.0872],[151.0977,-34.0875],[151.0993,-34.0896],[151.1004,-34.0861],[151.1,-34.0839],[151.1022,-34.0838],[151.1051,-34.0823],[151.1055,-34.0834],[151.1075,-34.0831],[151.109,-34.0819],[151.1101,-34.0783],[151.1118,-34.0778],[151.1143,-34.0796],[151.1149,-34.0784],[151.1155,-34.0794],[151.1165,-34.0792],[151.1176,-34.0766],[151.1206,-34.0786],[151.1211,-34.0782],[151.1212,-34.0782],[151.1211,-34.0782],[151.1209,-34.0771],[151.1217,-34.0765],[151.1246,-34.0759],[151.1248,-34.0797],[151.1254,-34.0809],[151.1264,-34.0805],[151.1263,-34.0805],[151.1264,-34.0805],[151.1283,-34.0791],[151.1286,-34.0774],[151.1323,-34.0761],[151.1335,-34.0805],[151.1329,-34.0823],[151.131,-34.0835],[151.1283,-34.0872],[151.1245,-34.0888],[151.1239,-34.0898],[151.1242,-34.092],[151.1216,-34.0925],[151.1243,-34.0922],[151.1256,-34.0901],[151.1291,-34.0898],[151.1291,-34.0899],[151.1291,-34.0898],[151.1298,-34.0893],[151.1295,-34.0871],[151.1321,-34.0831],[151.132,-34.0831],[151.1321,-34.0831],[151.1327,-34.0832],[151.134,-34.0833],[151.1347,-34.0827],[151.135,-34.0823],[151.1352,-34.0822],[151.135,-34.0823],[151.1347,-34.0827],[151.134,-34.0833],[151.1327,-34.0832],[151.1339,-34.081],[151.1331,-34.0735],[151.1355,-34.0802],[151.1385,-34.0824],[151.1407,-34.0822],[151.1429,-34.08],[151.1452,-34.0799],[151.1489,-34.0834],[151.1508,-34.0837],[151.151,-34.0826],[151.1539,-34.0828],[151.1556,-34.0818],[151.1561,-34.0802],[151.1594,-34.0809],[151.1594,-34.081],[151.1594,-34.0809],[151.1615,-34.0815],[151.165,-34.0811],[151.166,-34.0798],[151.1652,-34.0779],[151.1686,-34.0748],[151.1692,-34.0769],[151.1708,-34.0787],[151.1704,-34.0796],[151.1705,-34.0797],[151.1704,-34.0796],[151.1705,-34.0797],[151.1718,-34.0821],[151.1711,-34.0843],[151.1718,-34.0865],[151.1709,-34.0869],[151.1704,-34.0891],[151.1705,-34.0891],[151.1704,-34.0891],[151.1659,-34.0937],[151.1655,-34.0962],[151.1634,-34.0965],[151.1634,-34.0981],[151.1614,-34.0994],[151.1599,-34.0994],[151.1587,-34.1024],[151.1566,-34.1039],[151.1566,-34.1057],[151.1532,-34.1082],[151.1529,-34.1097],[151.1518,-34.1097],[151.1513,-34.1127],[151.1518,-34.1138],[151.1519,-34.1138],[151.1518,-34.1138],[151.1518,-34.1151],[151.1485,-34.116],[151.149,-34.1162],[151.1485,-34.116],[151.1462,-34.1166],[151.1463,-34.1166],[151.1462,-34.1166],[151.143,-34.1171],[151.1426,-34.1163],[151.1412,-34.1162],[151.1398,-34.1169],[151.1396,-34.1182],[151.1379,-34.1196],[151.138,-34.1196],[151.1379,-34.1196],[151.1379,-34.1197],[151.1379,-34.1196],[151.1356,-34.1206],[151.1358,-34.1217],[151.1371,-34.1218],[151.1374,-34.1233],[151.1357,-34.1233],[151.1346,-34.1263],[151.1323,-34.1273],[151.1317,-34.1291],[151.1299,-34.1296],[151.13,-34.1304],[151.1291,-34.1308],[151.1281,-34.1378],[151.1264,-34.1379],[151.1234,-34.1366],[151.1209,-34.1375],[151.1187,-34.137],[151.1184,-34.1383],[151.1221,-34.1396],[151.12,-34.1412],[151.118,-34.1414],[151.1179,-34.1434],[151.1163,-34.1445],[151.1135,-34.1442],[151.1101,-34.1455],[151.1127,-34.1463],[151.1114,-34.1481],[151.1078,-34.1495],[151.1058,-34.151],[151.1059,-34.1517],[151.105,-34.1514],[151.1023,-34.1537],[151.0982,-34.1538],[151.0957,-34.1581],[151.0811,-34.1668],[151.0764,-34.168],[151.0746,-34.1693],[151.0737,-34.1684],[151.0722,-34.1685],[151.0662,-34.1723],[151.0603,-34.1715],[151.0608,-34.1685],[151.0552,-34.1677],[151.0545,-34.1715],[151.016,-34.1665],[151.014,-34.1636],[151.0159,-34.1592],[151.0187,-34.1559],[151.0204,-34.1568],[151.0226,-34.1558],[151.0137,-34.1545],[150.993,-34.1468],[150.9798,-34.1385],[150.9537,-34.1346],[150.9536,-34.1323],[150.9557,-34.1276],[150.9551,-34.1249],[150.9521,-34.121],[150.9491,-34.1196],[150.9458,-34.1195],[150.9445,-34.1167],[150.9415,-34.1162],[150.941,-34.1144],[150.9371,-34.1148],[150.9366,-34.1136],[150.9396,-34.1118]]]}}]}
