{"type":"FeatureCollection","features":[{"type":"Feature","id":"Chiyoda","properties":{"id":"Chiyoda","code":131016,"name":"Chiyoda","name_full":"Chiyoda Ku","name_ja":"千代田区","name_short_ja":"千代田","region":"23wards","region_ja":"23区","center_lonlat":[139.7547,35.6876]},"geometry":{"type":"Polygon","coordinates":[[[139.7701,35.7054],[139.773,35.7051],[139.7735,35.7017],[139.7804,35.7003],[139.78,35.6981],[139.7827,35.6979],[139.7825,35.6966],[139.782,35.6952],[139.7826,35.6947],[139.7803,35.693],[139.7682,35.6884],[139.771,35.6843],[139.77,35.6818],[139.7643,35.6733],[139.7596,35.6717],[139.758,35.6687],[139.7501,35.6708],[139.7476,35.6696],[139.747,35.6705],[139.7434,35.6713],[139.7391,35.674],[139.7368,35.6789],[139.734,35.6788],[139.7315,35.6815],[139.73,35.6852],[139.7312,35.6892],[139.7376,35.6932],[139.7441,35.7013],[139.7438,35.7018],[139.7459,35.7029],[139.7613,35.7016],[139.7656,35.6997],[139.7683,35.6997],[139.7679,35.701],[139.7664,35.7018],[139.7668,35.7026],[139.7681,35.7027],[139.7681,35.7035],[139.7699,35.7034],[139.7701,35.7054]]]}},{"type":"Feature","id":"Chuo","properties":{"id":"Chuo","code":131024,"name":"Chuo","name_full":"Chuo Ku","name_ja":"中央区","name_short_ja":"中央","region":"23wards","region_ja":"23区","center_lonlat":[139.777,35.67]},"geometry":{"type":"Polygon","coordinates":[[[139.7889,35.6947],[139.7889,35.6916],[139.7904,35.6893],[139.7924,35.6871],[139.7926,35.6844],[139.7879,35.677],[139.7871,35.6739],[139.7891,35.6656],[139.7897,35.655],[139.7742,35.6443],[139.7676,35.6511],[139.7649,35.6515],[139.7657,35.6556],[139.7593,35.6592],[139.7627,35.6639],[139.7627,35.666],[139.758,35.6687],[139.7596,35.6717],[139.7643,35.6733],[139.77,35.6818],[139.771,35.6843],[139.7682,35.6884],[139.7803,35.693],[139.7826,35.6947],[139.782,35.6952],[139.7825,35.6966],[139.7889,35.6947]]]}},{"type":"Feature","id":"Minato","properties":{"id":"Minato","code":131032,"name":"Minato","name_full":"Minato Ku","name_ja":"港区","name_short_ja":"港区","region":"23wards","region_ja":"23区","center_lonlat":[139.7386,35.6523]},"geometry":{"type":"MultiPolygon","coordinates":[[[[139.7315,35.6815],[139.734,35.6788],[139.7368,35.6789],[139.7391,35.674],[139.7434,35.6713],[139.747,35.6705],[139.7476,35.6696],[139.7501,35.6708],[139.758,35.6687],[139.7627,35.666],[139.7627,35.6639],[139.7593,35.6592],[139.7657,35.6556],[139.7649,35.6515],[139.761,35.6518],[139.759,35.6454],[139.7604,35.645],[139.7605,35.6369],[139.7548,35.6388],[139.7526,35.6344],[139.7592,35.6336],[139.7594,35.628],[139.7574,35.6279],[139.7575,35.6241],[139.7525,35.624],[139.7525,35.6253],[139.7516,35.6253],[139.7457,35.6231],[139.7428,35.6251],[139.738,35.6246],[139.7375,35.6234],[139.7354,35.6232],[139.7339,35.6261],[139.7312,35.6263],[139.7309,35.6304],[139.7287,35.6318],[139.7289,35.6326],[139.7267,35.6322],[139.7269,35.6343],[139.726,35.635],[139.7222,35.636],[139.72,35.6346],[139.7178,35.635],[139.7182,35.6365],[139.7167,35.6383],[139.7168,35.6399],[139.7197,35.6414],[139.7192,35.6418],[139.7213,35.6444],[139.7225,35.6444],[139.7236,35.6467],[139.7215,35.6537],[139.7228,35.6561],[139.722,35.6556],[139.7145,35.6573],[139.7129,35.6585],[139.7138,35.6598],[139.7086,35.6641],[139.7147,35.6695],[139.7137,35.6703],[139.7143,35.6722],[139.7149,35.673],[139.717,35.6726],[139.7166,35.6734],[139.7195,35.6745],[139.7195,35.6784],[139.7206,35.6791],[139.7226,35.6791],[139.7227,35.6783],[139.7232,35.6791],[139.7262,35.679],[139.7284,35.6828],[139.7296,35.6828],[139.7307,35.681],[139.7315,35.6815]]],[[[139.7687,35.6264],[139.7775,35.6316],[139.7749,35.6349],[139.7733,35.634],[139.7727,35.6325],[139.7708,35.6331],[139.7717,35.6345],[139.7732,35.6343],[139.7769,35.636],[139.7823,35.6295],[139.7713,35.6231],[139.7687,35.6264]]]]}},{"type":"Feature","id":"Shinjuku","properties":{"id":"Shinjuku","code":131041,"name":"Shinjuku","name_full":"Shinjuku Ku","name_ja":"新宿区","name_short_ja":"新宿","region":"23wards","region_ja":"23区","center_lonlat":[139.7091,35.701]},"geometry":{"type":"Polygon","coordinates":[[[139.7225,35.7123],[139.7221,35.7116],[139.7233,35.7104],[139.7259,35.7092],[139.7273,35.7099],[139.7318,35.7093],[139.7324,35.7074],[139.7354,35.7082],[139.7358,35.7092],[139.7431,35.7081],[139.7448,35.7036],[139.7459,35.7029],[139.7438,35.7018],[139.7441,35.7013],[139.7376,35.6932],[139.7312,35.6892],[139.73,35.6852],[139.7315,35.6815],[139.7307,35.681],[139.7296,35.6828],[139.7284,35.6828],[139.7262,35.679],[139.7232,35.6791],[139.7227,35.6783],[139.7226,35.6791],[139.7206,35.6791],[139.7195,35.6784],[139.7195,35.6745],[139.7166,35.6734],[139.7149,35.6751],[139.7129,35.6746],[139.7129,35.6773],[139.7148,35.6809],[139.7114,35.6834],[139.7074,35.6845],[139.7058,35.688],[139.7027,35.6878],[139.7021,35.6892],[139.7002,35.6888],[139.6949,35.6866],[139.6876,35.6816],[139.6849,35.6857],[139.6859,35.6864],[139.686,35.6879],[139.6842,35.6876],[139.6833,35.6884],[139.6848,35.6912],[139.684,35.692],[139.6837,35.6926],[139.6857,35.6943],[139.6884,35.6991],[139.6874,35.7018],[139.6883,35.7068],[139.6943,35.711],[139.6915,35.7113],[139.691,35.7105],[139.6897,35.7115],[139.6828,35.7101],[139.6803,35.7113],[139.6818,35.7132],[139.6807,35.7145],[139.6792,35.7148],[139.6797,35.7164],[139.6791,35.7183],[139.6764,35.7197],[139.6734,35.7189],[139.6746,35.7215],[139.6757,35.7215],[139.6754,35.725],[139.6773,35.7294],[139.6813,35.7271],[139.6827,35.7236],[139.6841,35.7238],[139.6844,35.7225],[139.6957,35.7217],[139.699,35.7224],[139.6998,35.7235],[139.7046,35.723],[139.7042,35.7222],[139.7054,35.7215],[139.7049,35.7202],[139.7059,35.7189],[139.7047,35.7151],[139.7059,35.7134],[139.7105,35.7135],[139.7113,35.7148],[139.7121,35.7148],[139.7143,35.7132],[139.716,35.7138],[139.7186,35.7125],[139.7225,35.7123]]]}},{"type":"Feature","id":"Bunkyo","properties":{"id":"Bunkyo","code":131059,"name":"Bunkyo","name_full":"Bunkyo Ku","name_ja":"文京区","name_short_ja":"文京","region":"23wards","region_ja":"23区","center_lonlat":[139.7472,35.7174]},"geometry":{"type":"Polygon","coordinates":[[[139.7609,35.7322],[139.7628,35.7307],[139.765,35.7276],[139.7633,35.7219],[139.7687,35.7158],[139.7645,35.7173],[139.7661,35.7151],[139.7657,35.7136],[139.7676,35.713],[139.7676,35.7114],[139.7669,35.7112],[139.7682,35.711],[139.7667,35.7105],[139.7666,35.7087],[139.7712,35.709],[139.7724,35.7079],[139.7724,35.7072],[139.7702,35.7074],[139.7701,35.7054],[139.7699,35.7034],[139.7681,35.7035],[139.7681,35.7027],[139.7668,35.7026],[139.7664,35.7018],[139.7679,35.701],[139.7683,35.6997],[139.7656,35.6997],[139.7613,35.7016],[139.7459,35.7029],[139.7448,35.7036],[139.7431,35.7081],[139.7358,35.7092],[139.7354,35.7082],[139.7324,35.7074],[139.7318,35.7093],[139.7273,35.7099],[139.7259,35.7092],[139.7233,35.7104],[139.7221,35.7116],[139.7225,35.7123],[139.7175,35.7148],[139.7183,35.7178],[139.719,35.7175],[139.7195,35.7184],[139.7223,35.7187],[139.7247,35.72],[139.7227,35.7251],[139.7265,35.7271],[139.7292,35.7257],[139.7299,35.7263],[139.732,35.7241],[139.7341,35.7256],[139.7357,35.7252],[139.7355,35.7262],[139.7374,35.7269],[139.736,35.7294],[139.7391,35.7318],[139.7409,35.7304],[139.7415,35.7307],[139.7435,35.7329],[139.7424,35.7338],[139.7446,35.7358],[139.7468,35.7353],[139.7492,35.7329],[139.7506,35.7344],[139.7528,35.7351],[139.7599,35.7316],[139.7609,35.7322]]]}},{"type":"Feature","id":"Taito","properties":{"id":"Taito","code":131067,"name":"Taito","name_full":"Taito Ku","name_ja":"台東区","name_short_ja":"台東","region":"23wards","region_ja":"23区","center_lonlat":[139.7859,35.7155]},"geometry":{"type":"Polygon","coordinates":[[[139.8097,35.7281],[139.8078,35.7191],[139.797,35.7078],[139.7889,35.6947],[139.7825,35.6966],[139.7827,35.6979],[139.78,35.6981],[139.7804,35.7003],[139.7735,35.7017],[139.773,35.7051],[139.7701,35.7054],[139.7702,35.7074],[139.7724,35.7072],[139.7724,35.7079],[139.7712,35.709],[139.7666,35.7087],[139.7667,35.7105],[139.7682,35.711],[139.7669,35.7112],[139.7676,35.7114],[139.7676,35.713],[139.7657,35.7136],[139.7661,35.7151],[139.7645,35.7173],[139.7687,35.7158],[139.7633,35.7219],[139.765,35.7276],[139.7628,35.7307],[139.7641,35.7308],[139.766,35.7275],[139.77,35.7281],[139.7767,35.7249],[139.7799,35.7246],[139.7815,35.7246],[139.7823,35.7263],[139.7845,35.7279],[139.7895,35.7287],[139.7912,35.7312],[139.7927,35.7301],[139.7944,35.7302],[139.7951,35.729],[139.8014,35.7293],[139.8097,35.7281]]]}},{"type":"Feature","id":"Sumida","properties":{"id":"Sumida","code":131075,"name":"Sumida","name_full":"Sumida Ku","name_ja":"墨田区","name_short_ja":"墨田","region":"23wards","region_ja":"23区","center_lonlat":[139.8155,35.7123]},"geometry":{"type":"Polygon","coordinates":[[[139.8204,35.7434],[139.825,35.7362],[139.8422,35.7193],[139.839,35.7171],[139.8361,35.718],[139.8333,35.7162],[139.8342,35.7134],[139.8396,35.7103],[139.8345,35.7053],[139.8354,35.703],[139.8309,35.7029],[139.8187,35.708],[139.8197,35.693],[139.8134,35.6927],[139.8134,35.692],[139.8115,35.6919],[139.8119,35.6886],[139.8094,35.6884],[139.8095,35.687],[139.805,35.6868],[139.8048,35.6885],[139.8005,35.6883],[139.7992,35.6897],[139.7967,35.6885],[139.7964,35.6898],[139.7936,35.69],[139.7935,35.6908],[139.7904,35.6893],[139.7889,35.6916],[139.7889,35.6947],[139.797,35.7078],[139.8078,35.7191],[139.8097,35.7281],[139.8109,35.7322],[139.8144,35.7367],[139.8145,35.7388],[139.8172,35.7421],[139.8204,35.7434]]]}},{"type":"Feature","id":"Koto","properties":{"id":"Koto","code":131083,"name":"Koto","name_full":"Koto Ku","name_ja":"江東区","name_short_ja":"江東","region":"23wards","region_ja":"23区","center_lonlat":[139.8158,35.6653]},"geometry":{"type":"MultiPolygon","coordinates":[[[[139.8354,35.703],[139.8445,35.6991],[139.8477,35.695],[139.8478,35.6893],[139.8466,35.6831],[139.8455,35.6813],[139.8482,35.6791],[139.8467,35.6723],[139.8455,35.6567],[139.8429,35.6568],[139.842,35.6542],[139.8404,35.6336],[139.8239,35.6323],[139.8215,35.6315],[139.8212,35.6334],[139.8337,35.6347],[139.8345,35.644],[139.8064,35.6406],[139.8069,35.6369],[139.8013,35.6363],[139.8015,35.6327],[139.8003,35.631],[139.8022,35.6262],[139.7988,35.6218],[139.7925,35.6293],[139.7919,35.6291],[139.792,35.6299],[139.7873,35.6274],[139.7798,35.6354],[139.7803,35.6353],[139.7787,35.6372],[139.7792,35.6397],[139.7742,35.6443],[139.7897,35.655],[139.7891,35.6656],[139.7871,35.6739],[139.7879,35.677],[139.7926,35.6844],[139.7924,35.6871],[139.7904,35.6893],[139.7935,35.6908],[139.7936,35.69],[139.7964,35.6898],[139.7967,35.6885],[139.7992,35.6897],[139.8005,35.6883],[139.8048,35.6885],[139.805,35.6868],[139.8095,35.687],[139.8094,35.6884],[139.8119,35.6886],[139.8115,35.6919],[139.8134,35.692],[139.8134,35.6927],[139.8197,35.693],[139.8187,35.708],[139.8309,35.7029],[139.8354,35.703]]],[[[139.7823,35.6295],[139.7849,35.6264],[139.7811,35.6239],[139.7926,35.6096],[139.7871,35.6021],[139.7729,35.6185],[139.7744,35.6193],[139.7736,35.6203],[139.7713,35.6231],[139.7823,35.6295]]],[[[139.8259,35.6306],[139.8363,35.6317],[139.8385,35.6308],[139.8401,35.632],[139.8386,35.6141],[139.8356,35.6125],[139.8306,35.6185],[139.8329,35.6197],[139.8317,35.6212],[139.8275,35.6199],[139.8259,35.6306]]],[[[139.7853,35.6251],[139.79,35.6275],[139.798,35.6177],[139.7949,35.6138],[139.7853,35.6251]]],[[[139.8204,35.6391],[139.8229,35.6423],[139.8247,35.6425],[139.8261,35.6426],[139.8248,35.6396],[139.8329,35.6403],[139.8328,35.6382],[139.8251,35.6374],[139.8256,35.6345],[139.8211,35.634],[139.8204,35.6391]]]]}},{"type":"Feature","id":"Shinagawa","properties":{"id":"Shinagawa","code":131091,"name":"Shinagawa","name_full":"Shinagawa Ku","name_ja":"品川区","name_short_ja":"品川","region":"23wards","region_ja":"23区","center_lonlat":[139.7332,35.6096]},"geometry":{"type":"MultiPolygon","coordinates":[[[[139.7192,35.6418],[139.7197,35.6414],[139.7168,35.6399],[139.7167,35.6383],[139.7182,35.6365],[139.7178,35.635],[139.72,35.6346],[139.7222,35.636],[139.726,35.635],[139.7269,35.6343],[139.7267,35.6322],[139.7289,35.6326],[139.7287,35.6318],[139.7309,35.6304],[139.7312,35.6263],[139.7339,35.6261],[139.7354,35.6232],[139.7375,35.6234],[139.738,35.6246],[139.7428,35.6251],[139.7457,35.6231],[139.7516,35.6253],[139.7525,35.6253],[139.7525,35.624],[139.7575,35.6241],[139.7574,35.6279],[139.7594,35.628],[139.7603,35.6158],[139.7598,35.6155],[139.762,35.6147],[139.7637,35.6096],[139.763,35.6087],[139.7732,35.5958],[139.7668,35.5926],[139.7654,35.5945],[139.7626,35.5946],[139.7626,35.585],[139.756,35.5849],[139.756,35.5893],[139.7487,35.5889],[139.748,35.5906],[139.7385,35.5878],[139.7301,35.5874],[139.7289,35.5888],[139.7305,35.5922],[139.7289,35.5927],[139.729,35.5938],[139.7282,35.5944],[139.7211,35.5943],[139.7203,35.5924],[139.7192,35.5918],[139.7176,35.5962],[139.7147,35.5974],[139.7145,35.6],[139.7011,35.6014],[139.6977,35.6041],[139.6954,35.6075],[139.6958,35.6135],[139.6992,35.6164],[139.7024,35.6201],[139.7026,35.6213],[139.704,35.6219],[139.6961,35.6248],[139.7015,35.6259],[139.7025,35.6248],[139.7041,35.6247],[139.7146,35.629],[139.7144,35.6343],[139.7132,35.6376],[139.7147,35.6386],[139.7153,35.6404],[139.7176,35.6417],[139.7192,35.6418]]],[[[139.7713,35.6231],[139.7736,35.6203],[139.7708,35.6185],[139.7677,35.6221],[139.7677,35.6259],[139.7687,35.6264],[139.7713,35.6231]]]]}},{"type":"Feature","id":"Meguro","properties":{"id":"Meguro","code":131105,"name":"Meguro","name_full":"Meguro Ku","name_ja":"目黒区","name_short_ja":"目黒","region":"23wards","region_ja":"23区","center_lonlat":[139.6882,35.63]},"geometry":{"type":"Polygon","coordinates":[[[139.7176,35.6417],[139.7153,35.6404],[139.7147,35.6386],[139.7132,35.6376],[139.7144,35.6343],[139.7146,35.629],[139.7041,35.6247],[139.7025,35.6248],[139.7015,35.6259],[139.6961,35.6248],[139.704,35.6219],[139.7026,35.6213],[139.7024,35.6201],[139.6992,35.6164],[139.6958,35.6135],[139.6954,35.6075],[139.691,35.6111],[139.6861,35.6117],[139.6842,35.6132],[139.6848,35.6053],[139.6819,35.6058],[139.6814,35.6045],[139.6804,35.6044],[139.6809,35.6006],[139.6803,35.6007],[139.6793,35.6056],[139.677,35.6081],[139.6734,35.6082],[139.6679,35.6065],[139.6628,35.6093],[139.6638,35.6098],[139.6626,35.6128],[139.6632,35.6157],[139.6649,35.6167],[139.6648,35.6183],[139.6665,35.6188],[139.6657,35.6207],[139.6662,35.621],[139.6638,35.6242],[139.6635,35.6268],[139.6618,35.6275],[139.6623,35.6302],[139.6615,35.6317],[139.6641,35.6319],[139.672,35.6297],[139.6764,35.6273],[139.678,35.6253],[139.6796,35.6251],[139.6813,35.6298],[139.6864,35.639],[139.6843,35.6438],[139.6842,35.6523],[139.6795,35.6573],[139.675,35.6639],[139.6799,35.6638],[139.6853,35.6626],[139.6872,35.6617],[139.6892,35.6589],[139.6892,35.659],[139.6892,35.6589],[139.6959,35.6507],[139.7086,35.642],[139.7104,35.6415],[139.7155,35.6426],[139.7176,35.6417]]]}},{"type":"Feature","id":"Ota","properties":{"id":"Ota","code":131113,"name":"Ota","name_full":"Ota Ku","name_ja":"大田区","name_short_ja":"大田","region":"23wards","region_ja":"23区","center_lonlat":[139.734,35.5664]},"geometry":{"type":"MultiPolygon","coordinates":[[[[139.6954,35.6075],[139.6977,35.6041],[139.7011,35.6014],[139.7145,35.6],[139.7147,35.5974],[139.7176,35.5962],[139.7192,35.5918],[139.7203,35.5924],[139.7211,35.5943],[139.7282,35.5944],[139.729,35.5938],[139.7289,35.5927],[139.7305,35.5922],[139.7289,35.5888],[139.7301,35.5874],[139.7385,35.5878],[139.748,35.5906],[139.7487,35.5889],[139.756,35.5893],[139.756,35.5849],[139.7626,35.585],[139.7626,35.5946],[139.7654,35.5945],[139.7668,35.5926],[139.7732,35.5958],[139.7769,35.5902],[139.7733,35.5871],[139.7752,35.5866],[139.7729,35.5866],[139.769,35.5826],[139.7711,35.5814],[139.7764,35.5858],[139.7773,35.5852],[139.7786,35.5864],[139.7807,35.585],[139.7814,35.5857],[139.7809,35.5848],[139.7834,35.5837],[139.7831,35.5832],[139.7874,35.5799],[139.7854,35.5778],[139.7833,35.5771],[139.7667,35.5771],[139.7664,35.5785],[139.7692,35.5799],[139.7675,35.5813],[139.7625,35.5771],[139.7559,35.5771],[139.7541,35.5783],[139.746,35.5751],[139.7434,35.5772],[139.7424,35.5767],[139.7427,35.5757],[139.7419,35.5751],[139.7372,35.5743],[139.7342,35.5753],[139.7215,35.575],[139.7214,35.575],[139.7215,35.575],[139.7346,35.5751],[139.7369,35.5742],[139.742,35.5748],[139.7408,35.5739],[139.7398,35.5742],[139.7437,35.5712],[139.742,35.5703],[139.7443,35.5709],[139.7462,35.5693],[139.745,35.5686],[139.7468,35.569],[139.7514,35.5652],[139.753,35.5626],[139.7553,35.5615],[139.7558,35.5628],[139.7587,35.5644],[139.7638,35.5604],[139.7711,35.5689],[139.7856,35.5705],[139.7999,35.5503],[139.8092,35.5391],[139.8051,35.5325],[139.8064,35.5306],[139.8201,35.5423],[139.8231,35.5435],[139.8257,35.5414],[139.8021,35.5207],[139.7994,35.5226],[139.8013,35.5244],[139.8004,35.5252],[139.7982,35.522],[139.7681,35.5393],[139.7565,35.5446],[139.7501,35.5446],[139.7468,35.5438],[139.7396,35.5452],[139.7372,35.544],[139.7343,35.5409],[139.733,35.541],[139.7307,35.5428],[139.7266,35.5436],[139.7173,35.538],[139.7107,35.5365],[139.704,35.5364],[139.6999,35.5384],[139.6978,35.542],[139.6982,35.5452],[139.7037,35.5497],[139.7042,35.5518],[139.7034,35.553],[139.6983,35.556],[139.69,35.5571],[139.6798,35.5622],[139.6764,35.566],[139.6693,35.5847],[139.6675,35.587],[139.6636,35.5899],[139.6588,35.5894],[139.6551,35.5901],[139.657,35.5934],[139.6582,35.5935],[139.656,35.5945],[139.6557,35.594],[139.6556,35.5947],[139.6543,35.5947],[139.653,35.5959],[139.6538,35.5973],[139.6558,35.5965],[139.6575,35.599],[139.6596,35.6],[139.6626,35.5984],[139.6644,35.5997],[139.6651,35.599],[139.6669,35.5996],[139.6668,35.5989],[139.6686,35.5982],[139.6697,35.5991],[139.6757,35.5918],[139.6807,35.5949],[139.6803,35.6007],[139.6809,35.6006],[139.6804,35.6044],[139.6814,35.6045],[139.6819,35.6058],[139.6848,35.6053],[139.6842,35.6132],[139.6861,35.6117],[139.691,35.6111],[139.6954,35.6075]]],[[[139.7572,35.5714],[139.7578,35.5745],[139.7714,35.5751],[139.7736,35.5746],[139.7656,35.5649],[139.7585,35.5684],[139.7572,35.5714]]],[[[139.7454,35.5711],[139.7463,35.5742],[139.7524,35.5754],[139.7541,35.5742],[139.7564,35.569],[139.7502,35.5673],[139.7454,35.5711]]]]}},{"type":"Feature","id":"Setagaya","properties":{"id":"Setagaya","code":131121,"name":"Setagaya","name_full":"Setagaya Ku","name_ja":"世田谷区","name_short_ja":"世田谷","region":"23wards","region_ja":"23区","center_lonlat":[139.6351,35.6397]},"geometry":{"type":"Polygon","coordinates":[[[139.5942,35.6821],[139.6033,35.6806],[139.6056,35.6788],[139.6073,35.676],[139.6084,35.6764],[139.6092,35.6749],[139.6089,35.6704],[139.6105,35.6709],[139.6109,35.6701],[139.6157,35.6694],[139.6162,35.6699],[139.6166,35.6726],[139.6121,35.6746],[139.6107,35.6766],[139.6214,35.6728],[139.6235,35.6704],[139.625,35.6701],[139.625,35.6691],[139.6327,35.6681],[139.6377,35.6658],[139.647,35.6681],[139.6503,35.6699],[139.6618,35.6725],[139.6621,35.6714],[139.6727,35.6723],[139.6728,35.6674],[139.675,35.6639],[139.6795,35.6573],[139.6842,35.6523],[139.6843,35.6438],[139.6864,35.639],[139.6813,35.6298],[139.6796,35.6251],[139.678,35.6253],[139.6764,35.6273],[139.672,35.6297],[139.6641,35.6319],[139.6615,35.6317],[139.6623,35.6302],[139.6618,35.6275],[139.6635,35.6268],[139.6638,35.6242],[139.6662,35.621],[139.6657,35.6207],[139.6665,35.6188],[139.6648,35.6183],[139.6649,35.6167],[139.6632,35.6157],[139.6626,35.6128],[139.6638,35.6098],[139.6628,35.6093],[139.6679,35.6065],[139.6734,35.6082],[139.677,35.6081],[139.6793,35.6056],[139.6803,35.6007],[139.6807,35.5949],[139.6757,35.5918],[139.6697,35.5991],[139.6686,35.5982],[139.6668,35.5989],[139.6669,35.5996],[139.6651,35.599],[139.6644,35.5997],[139.6626,35.5984],[139.6596,35.6],[139.6575,35.599],[139.6558,35.5965],[139.6538,35.5973],[139.653,35.5959],[139.6543,35.5947],[139.6556,35.5947],[139.6557,35.594],[139.656,35.5945],[139.6582,35.5935],[139.657,35.5934],[139.6551,35.5901],[139.6504,35.5926],[139.6488,35.595],[139.6399,35.6001],[139.637,35.6031],[139.6349,35.6036],[139.6319,35.6057],[139.6314,35.6071],[139.6252,35.6095],[139.6239,35.6111],[139.6186,35.6138],[139.6156,35.6133],[139.6122,35.6159],[139.609,35.6165],[139.6053,35.6156],[139.5998,35.6185],[139.5931,35.6176],[139.5902,35.6184],[139.5893,35.6212],[139.5899,35.6245],[139.5925,35.6238],[139.5941,35.6269],[139.5924,35.6275],[139.5929,35.6295],[139.5913,35.6311],[139.5914,35.6331],[139.5877,35.635],[139.5844,35.6411],[139.5871,35.6432],[139.5876,35.6462],[139.5896,35.6451],[139.592,35.6458],[139.592,35.6514],[139.5931,35.6515],[139.5924,35.6553],[139.591,35.6553],[139.5899,35.6571],[139.59,35.6612],[139.589,35.6624],[139.5873,35.6626],[139.5866,35.664],[139.5901,35.6658],[139.5889,35.6694],[139.5885,35.6705],[139.5825,35.6734],[139.5838,35.6741],[139.5874,35.674],[139.5867,35.6746],[139.5866,35.6776],[139.5883,35.6796],[139.5853,35.682],[139.5918,35.6819],[139.5855,35.6826],[139.5942,35.6821]]]}},{"type":"Feature","id":"Shibuya","properties":{"id":"Shibuya","code":131130,"name":"Shibuya","name_full":"Shibuya Ku","name_ja":"渋谷区","name_short_ja":"渋谷","region":"23wards","region_ja":"23区","center_lonlat":[139.6963,35.6679]},"geometry":{"type":"Polygon","coordinates":[[[139.684,35.692],[139.6848,35.6912],[139.6833,35.6884],[139.6842,35.6876],[139.686,35.6879],[139.6859,35.6864],[139.6849,35.6857],[139.6876,35.6816],[139.6949,35.6866],[139.7002,35.6888],[139.7021,35.6892],[139.7027,35.6878],[139.7058,35.688],[139.7074,35.6845],[139.7114,35.6834],[139.7148,35.6809],[139.7129,35.6773],[139.7129,35.6746],[139.7149,35.6751],[139.7166,35.6734],[139.717,35.6726],[139.7149,35.673],[139.7143,35.6722],[139.7137,35.6703],[139.7147,35.6695],[139.7086,35.6641],[139.7138,35.6598],[139.7129,35.6585],[139.7145,35.6573],[139.722,35.6556],[139.7228,35.6561],[139.7215,35.6537],[139.7236,35.6467],[139.7225,35.6444],[139.7213,35.6444],[139.7192,35.6418],[139.7176,35.6417],[139.7155,35.6426],[139.7104,35.6415],[139.7086,35.642],[139.6959,35.6507],[139.6892,35.6589],[139.6892,35.659],[139.6892,35.6589],[139.6872,35.6617],[139.6853,35.6626],[139.6799,35.6638],[139.675,35.6639],[139.6728,35.6674],[139.6727,35.6723],[139.6621,35.6714],[139.6618,35.6725],[139.662,35.6755],[139.6641,35.6763],[139.6676,35.6798],[139.6712,35.6814],[139.6751,35.6845],[139.6804,35.6899],[139.684,35.692]]]}},{"type":"Feature","id":"Nakano","properties":{"id":"Nakano","code":131148,"name":"Nakano","name_full":"Nakano Ku","name_ja":"中野区","name_short_ja":"中野","region":"23wards","region_ja":"23区","center_lonlat":[139.6625,35.7109]},"geometry":{"type":"Polygon","coordinates":[[[139.6773,35.7294],[139.6754,35.725],[139.6757,35.7215],[139.6746,35.7215],[139.6734,35.7189],[139.6764,35.7197],[139.6791,35.7183],[139.6797,35.7164],[139.6792,35.7148],[139.6807,35.7145],[139.6818,35.7132],[139.6803,35.7113],[139.6828,35.7101],[139.6897,35.7115],[139.691,35.7105],[139.6915,35.7113],[139.6943,35.711],[139.6883,35.7068],[139.6874,35.7018],[139.6884,35.6991],[139.6857,35.6943],[139.6837,35.6926],[139.684,35.692],[139.6804,35.6899],[139.6751,35.6845],[139.6712,35.6814],[139.6676,35.6798],[139.6641,35.6763],[139.6632,35.6779],[139.6648,35.6776],[139.665,35.679],[139.6626,35.6794],[139.6615,35.6804],[139.6596,35.6799],[139.6605,35.6809],[139.6593,35.6819],[139.6595,35.6833],[139.6606,35.6844],[139.6602,35.6851],[139.6597,35.6847],[139.6592,35.6867],[139.6624,35.6874],[139.6664,35.6904],[139.6678,35.6938],[139.6667,35.6937],[139.6647,35.6956],[139.6612,35.6952],[139.6606,35.6965],[139.6625,35.6992],[139.6611,35.7014],[139.6609,35.7047],[139.6582,35.705],[139.6582,35.7092],[139.651,35.709],[139.6428,35.7115],[139.6417,35.7128],[139.6418,35.7148],[139.637,35.7165],[139.6322,35.7169],[139.6313,35.7185],[139.6319,35.7197],[139.6289,35.7211],[139.6245,35.7301],[139.6272,35.7338],[139.6272,35.7351],[139.6318,35.7354],[139.6334,35.7354],[139.6351,35.7323],[139.6364,35.7323],[139.638,35.7283],[139.6399,35.7272],[139.6399,35.7263],[139.6436,35.7253],[139.6474,35.7255],[139.6474,35.7267],[139.6505,35.7269],[139.6596,35.7258],[139.6596,35.7266],[139.6626,35.7272],[139.665,35.7313],[139.6682,35.7314],[139.6715,35.7335],[139.6747,35.7331],[139.678,35.7307],[139.6773,35.7294]]]}},{"type":"Feature","id":"Suginami","properties":{"id":"Suginami","code":131156,"name":"Suginami","name_full":"Suginami Ku","name_ja":"杉並区","name_short_ja":"杉並","region":"23wards","region_ja":"23区","center_lonlat":[139.6253,35.6968]},"geometry":{"type":"Polygon","coordinates":[[[139.6641,35.6763],[139.662,35.6755],[139.6618,35.6725],[139.6503,35.6699],[139.647,35.6681],[139.6377,35.6658],[139.6327,35.6681],[139.625,35.6691],[139.625,35.6701],[139.6235,35.6704],[139.6214,35.6728],[139.6107,35.6766],[139.6121,35.6746],[139.6166,35.6726],[139.6162,35.6699],[139.6157,35.6694],[139.6109,35.6701],[139.6105,35.6709],[139.6089,35.6704],[139.6092,35.6749],[139.6084,35.6764],[139.6073,35.676],[139.6056,35.6788],[139.6033,35.6806],[139.5942,35.6821],[139.5931,35.6829],[139.5936,35.6841],[139.5906,35.687],[139.5941,35.689],[139.5867,35.694],[139.5883,35.6956],[139.5903,35.6948],[139.5928,35.7011],[139.5955,35.7054],[139.5866,35.7119],[139.5869,35.7131],[139.5849,35.7173],[139.5868,35.7198],[139.5902,35.7202],[139.5934,35.7181],[139.5957,35.7222],[139.5998,35.7239],[139.6019,35.726],[139.6045,35.7271],[139.6154,35.7303],[139.6245,35.7301],[139.6289,35.7211],[139.6319,35.7197],[139.6313,35.7185],[139.6322,35.7169],[139.637,35.7165],[139.6418,35.7148],[139.6417,35.7128],[139.6428,35.7115],[139.651,35.709],[139.6582,35.7092],[139.6582,35.705],[139.6609,35.7047],[139.6611,35.7014],[139.6625,35.6992],[139.6606,35.6965],[139.6612,35.6952],[139.6647,35.6956],[139.6667,35.6937],[139.6678,35.6938],[139.6664,35.6904],[139.6624,35.6874],[139.6592,35.6867],[139.6597,35.6847],[139.6602,35.6851],[139.6606,35.6844],[139.6595,35.6833],[139.6593,35.6819],[139.6605,35.6809],[139.6596,35.6799],[139.6615,35.6804],[139.6626,35.6794],[139.665,35.679],[139.6648,35.6776],[139.6632,35.6779],[139.6641,35.6763]]]}},{"type":"Feature","id":"Toshima","properties":{"id":"Toshima","code":131164,"name":"Toshima","name_full":"Toshima Ku","name_ja":"豊島区","name_short_ja":"豊島","region":"23wards","region_ja":"23区","center_lonlat":[139.7114,35.7315]},"geometry":{"type":"Polygon","coordinates":[[[139.7195,35.745],[139.72,35.7418],[139.7245,35.7397],[139.7253,35.74],[139.7245,35.7408],[139.7279,35.7447],[139.7326,35.7451],[139.7318,35.7433],[139.7348,35.7406],[139.7413,35.7423],[139.7444,35.7408],[139.744,35.739],[139.7462,35.7388],[139.7469,35.7397],[139.7501,35.7361],[139.7528,35.7351],[139.7506,35.7344],[139.7492,35.7329],[139.7468,35.7353],[139.7446,35.7358],[139.7424,35.7338],[139.7435,35.7329],[139.7415,35.7307],[139.7409,35.7304],[139.7391,35.7318],[139.736,35.7294],[139.7374,35.7269],[139.7355,35.7262],[139.7357,35.7252],[139.7341,35.7256],[139.732,35.7241],[139.7299,35.7263],[139.7292,35.7257],[139.7265,35.7271],[139.7227,35.7251],[139.7247,35.72],[139.7223,35.7187],[139.7195,35.7184],[139.719,35.7175],[139.7183,35.7178],[139.7175,35.7148],[139.7225,35.7123],[139.7186,35.7125],[139.716,35.7138],[139.7143,35.7132],[139.7121,35.7148],[139.7113,35.7148],[139.7105,35.7135],[139.7059,35.7134],[139.7047,35.7151],[139.7059,35.7189],[139.7049,35.7202],[139.7054,35.7215],[139.7042,35.7222],[139.7046,35.723],[139.6998,35.7235],[139.699,35.7224],[139.6957,35.7217],[139.6844,35.7225],[139.6841,35.7238],[139.6827,35.7236],[139.6813,35.7271],[139.6773,35.7294],[139.678,35.7307],[139.6793,35.7336],[139.6787,35.7344],[139.6792,35.7356],[139.6806,35.7378],[139.6813,35.7378],[139.6808,35.7388],[139.6896,35.7413],[139.6927,35.7436],[139.6945,35.7431],[139.6945,35.7422],[139.6989,35.7424],[139.6992,35.7397],[139.701,35.7399],[139.7021,35.7364],[139.7038,35.7359],[139.704,35.7372],[139.7083,35.7416],[139.7104,35.7458],[139.7195,35.745]]]}},{"type":"Feature","id":"Kita","properties":{"id":"Kita","code":131172,"name":"Kita","name_full":"Kita Ku","name_ja":"北区","name_short_ja":"北区","region":"23wards","region_ja":"23区","center_lonlat":[139.7289,35.7659]},"geometry":{"type":"Polygon","coordinates":[[[139.738,35.7802],[139.7382,35.7783],[139.7357,35.7726],[139.7365,35.7703],[139.7464,35.767],[139.7545,35.7682],[139.7579,35.7702],[139.7597,35.7688],[139.76,35.7665],[139.7582,35.7646],[139.7483,35.7591],[139.7484,35.7578],[139.7505,35.7563],[139.758,35.7549],[139.7576,35.7532],[139.7509,35.7537],[139.7496,35.7512],[139.7498,35.7501],[139.7547,35.7492],[139.7553,35.7476],[139.7578,35.7476],[139.7572,35.7455],[139.7615,35.7432],[139.7638,35.7441],[139.7639,35.7428],[139.7659,35.7416],[139.7682,35.7415],[139.769,35.7393],[139.7711,35.7379],[139.7639,35.735],[139.7634,35.7337],[139.7613,35.7338],[139.7616,35.7328],[139.7609,35.7322],[139.7599,35.7316],[139.7528,35.7351],[139.7501,35.7361],[139.7469,35.7397],[139.7462,35.7388],[139.744,35.739],[139.7444,35.7408],[139.7413,35.7423],[139.7348,35.7406],[139.7318,35.7433],[139.7326,35.7451],[139.7279,35.7447],[139.7245,35.7408],[139.7253,35.74],[139.7245,35.7397],[139.72,35.7418],[139.7195,35.745],[139.7206,35.7467],[139.7214,35.7463],[139.7215,35.7474],[139.7222,35.7473],[139.7227,35.7533],[139.7204,35.7551],[139.7157,35.7613],[139.7064,35.7667],[139.7023,35.7814],[139.703,35.7836],[139.7021,35.7841],[139.6984,35.7821],[139.695,35.7826],[139.6913,35.7844],[139.6894,35.787],[139.6906,35.7906],[139.6969,35.7989],[139.7073,35.7925],[139.7193,35.7918],[139.7219,35.7909],[139.7233,35.7881],[139.7245,35.7873],[139.733,35.7899],[139.7353,35.7896],[139.7386,35.7872],[139.738,35.7802]]]}},{"type":"Feature","id":"Arakawa","properties":{"id":"Arakawa","code":131181,"name":"Arakawa","name_full":"Arakawa Ku","name_ja":"荒川区","name_short_ja":"荒川","region":"23wards","region_ja":"23区","center_lonlat":[139.7812,35.7399]},"geometry":{"type":"Polygon","coordinates":[[[139.8145,35.7388],[139.8144,35.7367],[139.8109,35.7322],[139.8097,35.7281],[139.8014,35.7293],[139.7951,35.729],[139.7944,35.7302],[139.7927,35.7301],[139.7912,35.7312],[139.7895,35.7287],[139.7845,35.7279],[139.7823,35.7263],[139.7815,35.7246],[139.7799,35.7246],[139.7767,35.7249],[139.77,35.7281],[139.766,35.7275],[139.7641,35.7308],[139.7628,35.7307],[139.7609,35.7322],[139.7616,35.7328],[139.7613,35.7338],[139.7634,35.7337],[139.7639,35.735],[139.7711,35.7379],[139.769,35.7393],[139.7682,35.7415],[139.7659,35.7416],[139.7639,35.7428],[139.7638,35.7441],[139.7615,35.7432],[139.7572,35.7455],[139.7578,35.7476],[139.7553,35.7476],[139.7547,35.7492],[139.7498,35.7501],[139.7496,35.7512],[139.7509,35.7537],[139.7576,35.7532],[139.758,35.7549],[139.7704,35.7536],[139.7847,35.7539],[139.7888,35.7525],[139.7909,35.7508],[139.7909,35.7485],[139.7887,35.747],[139.7885,35.7454],[139.7924,35.7408],[139.8024,35.7386],[139.8116,35.7411],[139.8141,35.74],[139.8145,35.7388]]]}},{"type":"Feature","id":"Itabashi","properties":{"id":"Itabashi","code":131199,"name":"Itabashi","name_full":"Itabashi Ku","name_ja":"板橋区","name_short_ja":"板橋","region":"23wards","region_ja":"23区","center_lonlat":[139.6764,35.7725]},"geometry":{"type":"Polygon","coordinates":[[[139.6969,35.7989],[139.6906,35.7906],[139.6894,35.787],[139.6913,35.7844],[139.695,35.7826],[139.6984,35.7821],[139.7021,35.7841],[139.703,35.7836],[139.7023,35.7814],[139.7064,35.7667],[139.7157,35.7613],[139.7204,35.7551],[139.7227,35.7533],[139.7222,35.7473],[139.7215,35.7474],[139.7214,35.7463],[139.7206,35.7467],[139.7195,35.745],[139.7104,35.7458],[139.7083,35.7416],[139.704,35.7372],[139.7038,35.7359],[139.7021,35.7364],[139.701,35.7399],[139.6992,35.7397],[139.6989,35.7424],[139.6945,35.7422],[139.6945,35.7431],[139.6927,35.7436],[139.6896,35.7413],[139.6808,35.7388],[139.6791,35.7406],[139.6808,35.7438],[139.676,35.7454],[139.6721,35.7445],[139.675,35.752],[139.6733,35.7545],[139.6736,35.7589],[139.6714,35.7608],[139.6682,35.7676],[139.6546,35.7691],[139.6479,35.7686],[139.643,35.7709],[139.6411,35.7692],[139.6348,35.7688],[139.6347,35.7699],[139.6335,35.7699],[139.6302,35.7723],[139.6294,35.7717],[139.6294,35.7769],[139.6252,35.7779],[139.6247,35.7798],[139.6245,35.7808],[139.6277,35.7831],[139.6279,35.7847],[139.6317,35.7863],[139.6316,35.7882],[139.6323,35.789],[139.6349,35.7906],[139.6375,35.7908],[139.6394,35.7928],[139.641,35.798],[139.6479,35.7975],[139.6534,35.8002],[139.6578,35.8005],[139.6674,35.8005],[139.6784,35.7988],[139.6898,35.8009],[139.6969,35.7989]]]}},{"type":"Feature","id":"Nerima","properties":{"id":"Nerima","code":131202,"name":"Nerima","name_full":"Nerima Ku","name_ja":"練馬区","name_short_ja":"練馬","region":"23wards","region_ja":"23区","center_lonlat":[139.6176,35.7478]},"geometry":{"type":"Polygon","coordinates":[[[139.6247,35.7798],[139.6252,35.7779],[139.6294,35.7769],[139.6294,35.7717],[139.6302,35.7723],[139.6335,35.7699],[139.6347,35.7699],[139.6348,35.7688],[139.6411,35.7692],[139.643,35.7709],[139.6479,35.7686],[139.6546,35.7691],[139.6682,35.7676],[139.6714,35.7608],[139.6736,35.7589],[139.6733,35.7545],[139.675,35.752],[139.6721,35.7445],[139.676,35.7454],[139.6808,35.7438],[139.6791,35.7406],[139.6808,35.7388],[139.6813,35.7378],[139.6806,35.7378],[139.6792,35.7356],[139.6787,35.7344],[139.6793,35.7336],[139.678,35.7307],[139.6747,35.7331],[139.6715,35.7335],[139.6682,35.7314],[139.665,35.7313],[139.6626,35.7272],[139.6596,35.7266],[139.6596,35.7258],[139.6505,35.7269],[139.6474,35.7267],[139.6474,35.7255],[139.6436,35.7253],[139.6399,35.7263],[139.6399,35.7272],[139.638,35.7283],[139.6364,35.7323],[139.6351,35.7323],[139.6334,35.7354],[139.6318,35.7354],[139.6272,35.7351],[139.6272,35.7338],[139.6245,35.7301],[139.6154,35.7303],[139.6045,35.7271],[139.6019,35.726],[139.5998,35.7239],[139.5957,35.7222],[139.5934,35.7181],[139.5902,35.7202],[139.5868,35.7198],[139.5849,35.7173],[139.5869,35.7131],[139.5866,35.7119],[139.5807,35.7147],[139.5751,35.719],[139.5656,35.7217],[139.566,35.7272],[139.5694,35.7341],[139.5673,35.7364],[139.5683,35.7384],[139.5682,35.7428],[139.5668,35.7474],[139.5688,35.7476],[139.5678,35.7501],[139.5693,35.75],[139.5689,35.7521],[139.5677,35.7532],[139.5678,35.7551],[139.5658,35.7568],[139.5661,35.7574],[139.5641,35.7597],[139.5638,35.7614],[139.5628,35.7616],[139.5639,35.7629],[139.5661,35.7619],[139.5673,35.763],[139.5684,35.7628],[139.5682,35.7635],[139.5711,35.7633],[139.57,35.7656],[139.5721,35.7657],[139.5727,35.7665],[139.5746,35.7662],[139.5743,35.7682],[139.5769,35.7681],[139.5782,35.7709],[139.5807,35.7711],[139.5806,35.7718],[139.581,35.7711],[139.5822,35.7712],[139.582,35.7726],[139.5838,35.7729],[139.5842,35.775],[139.5867,35.7753],[139.5888,35.7785],[139.5934,35.7772],[139.5941,35.7787],[139.5972,35.7784],[139.5969,35.7764],[139.6044,35.775],[139.604,35.7742],[139.6027,35.7744],[139.5984,35.7721],[139.5974,35.771],[139.5983,35.7702],[139.5977,35.7699],[139.5982,35.7691],[139.6029,35.771],[139.604,35.77],[139.6064,35.7709],[139.6071,35.7694],[139.6086,35.7688],[139.6113,35.7711],[139.6114,35.7694],[139.6127,35.7705],[139.6155,35.7709],[139.6172,35.7703],[139.6168,35.7684],[139.6177,35.7666],[139.623,35.7669],[139.6241,35.7713],[139.6256,35.773],[139.6242,35.7743],[139.6247,35.7798]]]}},{"type":"Feature","id":"Adachi","properties":{"id":"Adachi","code":131211,"name":"Adachi","name_full":"Adachi Ku","name_ja":"足立区","name_short_ja":"足立","region":"23wards","region_ja":"23区","center_lonlat":[139.7951,35.7789]},"geometry":{"type":"Polygon","coordinates":[[[139.8467,35.7965],[139.8442,35.7938],[139.8451,35.7881],[139.8485,35.7811],[139.8578,35.7708],[139.8588,35.7681],[139.8584,35.7664],[139.8564,35.7644],[139.8521,35.7658],[139.8513,35.7699],[139.8451,35.7693],[139.842,35.7665],[139.8378,35.766],[139.8375,35.7632],[139.8317,35.7637],[139.8309,35.7624],[139.8309,35.7587],[139.8291,35.7574],[139.8256,35.7582],[139.8262,35.7617],[139.827,35.7621],[139.8244,35.7618],[139.8235,35.7559],[139.8228,35.7556],[139.8202,35.756],[139.8197,35.7604],[139.8171,35.7607],[139.8135,35.7597],[139.8133,35.7548],[139.8149,35.7535],[139.8145,35.7523],[139.8204,35.7434],[139.8172,35.7421],[139.8145,35.7388],[139.8141,35.74],[139.8116,35.7411],[139.8024,35.7386],[139.7924,35.7408],[139.7885,35.7454],[139.7887,35.747],[139.7909,35.7485],[139.7909,35.7508],[139.7888,35.7525],[139.7847,35.7539],[139.7704,35.7536],[139.758,35.7549],[139.7505,35.7563],[139.7484,35.7578],[139.7483,35.7591],[139.7582,35.7646],[139.76,35.7665],[139.7597,35.7688],[139.7579,35.7702],[139.7545,35.7682],[139.7464,35.767],[139.7365,35.7703],[139.7357,35.7726],[139.7382,35.7783],[139.738,35.7802],[139.7458,35.7833],[139.7468,35.7869],[139.75,35.7859],[139.7554,35.7872],[139.7563,35.7886],[139.7556,35.79],[139.76,35.7943],[139.7608,35.7974],[139.7551,35.8034],[139.7507,35.8066],[139.7504,35.8093],[139.7519,35.8109],[139.7552,35.8107],[139.7556,35.8127],[139.7584,35.812],[139.7613,35.8129],[139.7658,35.8157],[139.7651,35.8164],[139.7672,35.8177],[139.7718,35.8169],[139.7785,35.8089],[139.7811,35.8072],[139.7872,35.8069],[139.794,35.8052],[139.7991,35.8063],[139.8023,35.8086],[139.8147,35.8087],[139.8178,35.8103],[139.8186,35.8118],[139.8186,35.8111],[139.8196,35.8118],[139.8211,35.8114],[139.8201,35.8128],[139.8211,35.8151],[139.8234,35.8142],[139.8249,35.8119],[139.8248,35.8108],[139.8229,35.8094],[139.8207,35.8055],[139.8196,35.7992],[139.8218,35.7962],[139.826,35.7934],[139.827,35.7935],[139.8328,35.7957],[139.8369,35.8005],[139.838,35.8008],[139.8432,35.7999],[139.8467,35.7965]]]}},{"type":"Feature","id":"Katsushika","properties":{"id":"Katsushika","code":131229,"name":"Katsushika","name_full":"Katsushika Ku","name_ja":"葛飾区","name_short_ja":"葛飾","region":"23wards","region_ja":"23区","center_lonlat":[139.8557,35.7533]},"geometry":{"type":"Polygon","coordinates":[[[139.89,35.7508],[139.8807,35.7497],[139.8804,35.7485],[139.883,35.7483],[139.8828,35.7475],[139.8849,35.7465],[139.885,35.7456],[139.8819,35.7443],[139.8822,35.7435],[139.8798,35.7415],[139.8805,35.7403],[139.8775,35.7408],[139.8765,35.737],[139.8729,35.7374],[139.8739,35.736],[139.8722,35.7344],[139.8722,35.73],[139.8701,35.729],[139.8705,35.7247],[139.8687,35.7238],[139.8664,35.7191],[139.8686,35.7146],[139.8674,35.7121],[139.8648,35.7132],[139.8622,35.7128],[139.8606,35.7143],[139.8596,35.7137],[139.8563,35.7145],[139.8514,35.7109],[139.8422,35.7193],[139.825,35.7362],[139.8204,35.7434],[139.8145,35.7523],[139.8149,35.7535],[139.8133,35.7548],[139.8135,35.7597],[139.8171,35.7607],[139.8197,35.7604],[139.8202,35.756],[139.8228,35.7556],[139.8235,35.7559],[139.8244,35.7618],[139.827,35.7621],[139.8262,35.7617],[139.8256,35.7582],[139.8291,35.7574],[139.8309,35.7587],[139.8309,35.7624],[139.8317,35.7637],[139.8375,35.7632],[139.8378,35.766],[139.842,35.7665],[139.8451,35.7693],[139.8513,35.7699],[139.8521,35.7658],[139.8564,35.7644],[139.8584,35.7664],[139.8588,35.7681],[139.8578,35.7708],[139.8485,35.7811],[139.8451,35.7881],[139.8442,35.7938],[139.8467,35.7965],[139.853,35.7919],[139.8559,35.7908],[139.8574,35.7918],[139.8595,35.7952],[139.8639,35.7948],[139.8683,35.7969],[139.8734,35.7972],[139.8763,35.7948],[139.8766,35.7932],[139.8733,35.7904],[139.8712,35.7861],[139.8745,35.7818],[139.8775,35.7812],[139.8872,35.784],[139.8938,35.7827],[139.8946,35.7806],[139.8938,35.7787],[139.8817,35.7729],[139.8794,35.7682],[139.8825,35.7626],[139.8832,35.7586],[139.89,35.7508]]]}},{"type":"Feature","id":"Edogawa","properties":{"id":"Edogawa","code":131237,"name":"Edogawa","name_full":"Edogawa Ku","name_ja":"江戸川区","name_short_ja":"江戸川","region":"23wards","region_ja":"23区","center_lonlat":[139.8758,35.6926]},"geometry":{"type":"MultiPolygon","coordinates":[[[[139.8455,35.6567],[139.8467,35.6723],[139.8482,35.6791],[139.8455,35.6813],[139.8466,35.6831],[139.8478,35.6893],[139.8477,35.695],[139.8445,35.6991],[139.8354,35.703],[139.8345,35.7053],[139.8396,35.7103],[139.8342,35.7134],[139.8333,35.7162],[139.8361,35.718],[139.839,35.7171],[139.8422,35.7193],[139.8514,35.7109],[139.8563,35.7145],[139.8596,35.7137],[139.8606,35.7143],[139.8622,35.7128],[139.8648,35.7132],[139.8674,35.7121],[139.8686,35.7146],[139.8664,35.7191],[139.8687,35.7238],[139.8705,35.7247],[139.8701,35.729],[139.8722,35.73],[139.8722,35.7344],[139.8739,35.736],[139.8729,35.7374],[139.8765,35.737],[139.8775,35.7408],[139.8805,35.7403],[139.8798,35.7415],[139.8822,35.7435],[139.8819,35.7443],[139.885,35.7456],[139.8849,35.7465],[139.8828,35.7475],[139.883,35.7483],[139.8804,35.7485],[139.8807,35.7497],[139.89,35.7508],[139.8929,35.7481],[139.8986,35.7454],[139.9007,35.7414],[139.9009,35.7375],[139.8973,35.7293],[139.8976,35.725],[139.9048,35.7189],[139.9081,35.7139],[139.9162,35.708],[139.9187,35.6977],[139.9138,35.6909],[139.9072,35.6844],[139.9038,35.6831],[139.8905,35.6812],[139.8864,35.6786],[139.8855,35.6728],[139.8874,35.6679],[139.8874,35.6562],[139.8838,35.6456],[139.882,35.644],[139.8738,35.6398],[139.8718,35.6405],[139.8708,35.6389],[139.8608,35.6384],[139.8557,35.6403],[139.8559,35.6397],[139.8521,35.6423],[139.8496,35.6428],[139.8505,35.6565],[139.8455,35.6567]]],[[[139.8497,35.6358],[139.85,35.6394],[139.8514,35.6403],[139.8594,35.6371],[139.8574,35.6348],[139.8588,35.636],[139.8577,35.6372],[139.8543,35.6384],[139.8501,35.6385],[139.8497,35.6358]]],[[[139.8583,35.6342],[139.8606,35.6367],[139.8624,35.6372],[139.8656,35.6365],[139.8677,35.6351],[139.8661,35.6324],[139.8676,35.6349],[139.865,35.6366],[139.8635,35.6361],[139.8632,35.6353],[139.8639,35.6352],[139.8631,35.635],[139.8629,35.6363],[139.8608,35.6367],[139.8583,35.6342]]]]}},{"type":"Feature","id":"Hachioji","properties":{"id":"Hachioji","code":132012,"name":"Hachioji","name_full":"Hachioji Shi","name_ja":"八王子市","name_short_ja":"八王子","region":"tama","region_ja":"多摩地域","center_lonlat":[139.2876,35.6598]},"geometry":{"type":"Polygon","coordinates":[[[139.3326,35.7129],[139.3316,35.7124],[139.3315,35.7097],[139.333,35.7047],[139.3368,35.7016],[139.3356,35.6991],[139.336,35.6961],[139.3403,35.6937],[139.3423,35.6937],[139.3464,35.692],[139.3636,35.6937],[139.3682,35.692],[139.3763,35.6916],[139.3803,35.6873],[139.3798,35.6867],[139.378,35.6877],[139.3752,35.6858],[139.376,35.6834],[139.375,35.6819],[139.3767,35.6784],[139.3765,35.6765],[139.3728,35.673],[139.3705,35.6688],[139.3724,35.6658],[139.3622,35.6605],[139.359,35.6594],[139.3574,35.6601],[139.3595,35.6573],[139.3583,35.6558],[139.3573,35.6557],[139.3592,35.6528],[139.3654,35.6464],[139.3687,35.6443],[139.373,35.6438],[139.3765,35.6454],[139.3786,35.6441],[139.3788,35.6421],[139.378,35.6423],[139.3781,35.6411],[139.3772,35.641],[139.3781,35.6393],[139.3818,35.6413],[139.3874,35.6407],[139.3902,35.6412],[139.3923,35.6395],[139.3937,35.6403],[139.395,35.6397],[139.3959,35.6405],[139.3984,35.6398],[139.3992,35.6411],[139.4048,35.6437],[139.4064,35.6453],[139.4106,35.6449],[139.4128,35.6466],[139.415,35.647],[139.4156,35.6452],[139.4177,35.6431],[139.4202,35.6431],[139.4204,35.6419],[139.4226,35.6412],[139.4241,35.6393],[139.4268,35.638],[139.4268,35.6369],[139.4292,35.6349],[139.4303,35.6323],[139.4278,35.6308],[139.4249,35.6303],[139.4224,35.6284],[139.4201,35.6289],[139.4188,35.6274],[139.4129,35.6256],[139.4118,35.6243],[139.408,35.6227],[139.4074,35.6213],[139.4045,35.6207],[139.4012,35.6162],[139.4007,35.6144],[139.3959,35.6118],[139.3935,35.6082],[139.3921,35.6068],[139.3903,35.607],[139.389,35.6054],[139.3876,35.605],[139.3883,35.6024],[139.3866,35.5983],[139.3819,35.6023],[139.3799,35.6025],[139.3774,35.6042],[139.3708,35.6049],[139.3705,35.6062],[139.3684,35.6068],[139.3658,35.609],[139.3627,35.6067],[139.3618,35.6068],[139.362,35.606],[139.3611,35.6068],[139.3614,35.6052],[139.3588,35.6068],[139.3584,35.605],[139.3584,35.6058],[139.3574,35.6059],[139.3582,35.6066],[139.3578,35.6071],[139.3561,35.6074],[139.3565,35.6063],[139.356,35.607],[139.3535,35.6073],[139.3518,35.6088],[139.349,35.6081],[139.3492,35.6091],[139.3471,35.6089],[139.3444,35.6116],[139.3436,35.6118],[139.3426,35.6102],[139.3433,35.6118],[139.3424,35.6118],[139.3431,35.6126],[139.3416,35.6125],[139.3419,35.6137],[139.3399,35.6142],[139.3404,35.6155],[139.3395,35.6169],[139.3416,35.6197],[139.34,35.6208],[139.3384,35.6235],[139.337,35.6224],[139.338,35.6217],[139.3374,35.621],[139.3386,35.6196],[139.3378,35.619],[139.3384,35.619],[139.3383,35.6175],[139.339,35.6169],[139.3378,35.6164],[139.3374,35.6142],[139.3358,35.6149],[139.3343,35.6143],[139.3301,35.6164],[139.3284,35.615],[139.327,35.6158],[139.3228,35.6148],[139.3213,35.6156],[139.3179,35.6154],[139.3158,35.6129],[139.3136,35.6145],[139.3078,35.6162],[139.3035,35.6152],[139.2991,35.6161],[139.2938,35.6154],[139.2948,35.6169],[139.2937,35.6183],[139.2935,35.6207],[139.2892,35.6202],[139.2872,35.6221],[139.2858,35.6208],[139.2844,35.6211],[139.2834,35.6203],[139.283,35.6209],[139.2819,35.6198],[139.2799,35.6201],[139.2791,35.6188],[139.2778,35.6195],[139.2744,35.6141],[139.2715,35.614],[139.2689,35.6123],[139.2688,35.6094],[139.266,35.6079],[139.2661,35.6056],[139.2651,35.6031],[139.2635,35.6023],[139.2575,35.6042],[139.2522,35.6017],[139.2472,35.6051],[139.2389,35.6068],[139.2377,35.6099],[139.2365,35.6098],[139.2299,35.6146],[139.2305,35.6169],[139.2297,35.619],[139.2261,35.6224],[139.2259,35.6235],[139.2194,35.6262],[139.2215,35.6294],[139.2186,35.6336],[139.2166,35.6347],[139.2153,35.6373],[139.2155,35.6394],[139.2144,35.6417],[139.2158,35.6455],[139.2146,35.6471],[139.2113,35.6492],[139.2075,35.6496],[139.2055,35.6515],[139.2037,35.6516],[139.2022,35.653],[139.1983,35.653],[139.1959,35.6513],[139.194,35.6518],[139.1924,35.6501],[139.192,35.6478],[139.1898,35.6465],[139.1865,35.6462],[139.1842,35.6451],[139.179,35.6456],[139.1748,35.65],[139.1718,35.6503],[139.1696,35.6515],[139.167,35.651],[139.1666,35.6523],[139.1679,35.654],[139.1684,35.6586],[139.167,35.6593],[139.1672,35.6618],[139.1651,35.6633],[139.165,35.6653],[139.1616,35.6679],[139.1646,35.6701],[139.166,35.6752],[139.1678,35.6766],[139.17,35.6801],[139.1705,35.6829],[139.1718,35.6841],[139.1711,35.6859],[139.1714,35.6887],[139.1791,35.6892],[139.1826,35.6881],[139.1843,35.6891],[139.1899,35.6876],[139.1934,35.6891],[139.1978,35.6886],[139.1985,35.6878],[139.1994,35.6882],[139.2008,35.6967],[139.2001,35.6983],[139.2005,35.6992],[139.2049,35.6998],[139.2053,35.7033],[139.2043,35.705],[139.2044,35.7071],[139.2054,35.7083],[139.2063,35.7122],[139.2129,35.7152],[139.2172,35.7189],[139.219,35.7168],[139.2219,35.7162],[139.2289,35.7163],[139.23,35.7154],[139.2356,35.7148],[139.2375,35.7132],[139.2408,35.7142],[139.2431,35.7125],[139.2451,35.7134],[139.246,35.7111],[139.2495,35.7105],[139.2519,35.7123],[139.2562,35.7127],[139.2609,35.7104],[139.2687,35.7099],[139.2718,35.7117],[139.2721,35.7146],[139.2739,35.715],[139.2766,35.714],[139.2817,35.7137],[139.2837,35.7127],[139.2854,35.7134],[139.2943,35.7134],[139.2959,35.7114],[139.3015,35.7118],[139.304,35.7139],[139.3035,35.7124],[139.3049,35.7115],[139.3066,35.7127],[139.3064,35.7134],[139.3081,35.7146],[139.3085,35.7159],[139.3133,35.714],[139.3165,35.7145],[139.3192,35.7191],[139.3228,35.7166],[139.3242,35.7132],[139.3287,35.7112],[139.3294,35.7121],[139.3323,35.7134],[139.3326,35.7129]]]}},{"type":"Feature","id":"Tachikawa","properties":{"id":"Tachikawa","code":132021,"name":"Tachikawa","name_full":"Tachikawa Shi","name_ja":"立川市","name_short_ja":"立川","region":"tama","region_ja":"多摩地域","center_lonlat":[139.4044,35.7146]},"geometry":{"type":"Polygon","coordinates":[[[139.4144,35.733],[139.4229,35.7311],[139.4267,35.7315],[139.4264,35.7302],[139.4228,35.7303],[139.4336,35.7271],[139.4358,35.7247],[139.4461,35.7229],[139.444,35.7117],[139.4416,35.7158],[139.4365,35.7148],[139.4331,35.7193],[139.431,35.719],[139.4314,35.7178],[139.4283,35.7174],[139.4291,35.716],[139.4328,35.7159],[139.4293,35.7153],[139.4299,35.7142],[139.4316,35.7142],[139.4319,35.7136],[139.4306,35.7132],[139.4317,35.7116],[139.4331,35.7116],[139.4318,35.7111],[139.4338,35.7072],[139.4373,35.7071],[139.4342,35.7066],[139.4356,35.7037],[139.4303,35.7035],[139.4294,35.7044],[139.4274,35.7037],[139.4256,35.7019],[139.4265,35.6998],[139.4288,35.7011],[139.4291,35.7005],[139.4272,35.6994],[139.4274,35.6984],[139.4316,35.6969],[139.4299,35.694],[139.4311,35.6935],[139.4312,35.6903],[139.4283,35.6911],[139.4263,35.6886],[139.4266,35.688],[139.425,35.6875],[139.4255,35.6868],[139.4215,35.6886],[139.4176,35.6828],[139.4128,35.6835],[139.3951,35.6892],[139.3851,35.6913],[139.3886,35.6931],[139.3885,35.6952],[139.3902,35.6988],[139.3929,35.699],[139.394,35.7024],[139.3933,35.7031],[139.3938,35.7042],[139.3948,35.7043],[139.394,35.705],[139.3944,35.706],[139.3954,35.7064],[139.3985,35.7116],[139.3957,35.7129],[139.3946,35.7116],[139.391,35.7153],[139.3889,35.7144],[139.3871,35.7167],[139.3888,35.7179],[139.3855,35.7205],[139.3825,35.7208],[139.3821,35.7202],[139.3793,35.7217],[139.3818,35.7231],[139.3801,35.7256],[139.3777,35.7242],[139.3764,35.7255],[139.37,35.7245],[139.3703,35.7258],[139.3654,35.725],[139.3653,35.7258],[139.3619,35.7263],[139.3625,35.7242],[139.3554,35.7253],[139.3541,35.728],[139.3533,35.728],[139.3523,35.7326],[139.3535,35.7331],[139.3529,35.7361],[139.359,35.7373],[139.3588,35.7388],[139.3599,35.7396],[139.3655,35.7391],[139.3694,35.7359],[139.3703,35.7374],[139.374,35.7367],[139.378,35.7351],[139.3785,35.7335],[139.3812,35.7349],[139.3835,35.733],[139.3844,35.7336],[139.3836,35.7352],[139.3841,35.7355],[139.3884,35.7337],[139.3912,35.7334],[139.3872,35.7371],[139.3848,35.7379],[139.3849,35.7415],[139.3833,35.7427],[139.3833,35.745],[139.3839,35.7451],[139.3836,35.7438],[139.3871,35.7412],[139.3872,35.7392],[139.3881,35.7394],[139.3953,35.7335],[139.3993,35.735],[139.4003,35.7336],[139.4015,35.7334],[139.403,35.7342],[139.4087,35.7337],[139.4095,35.7326],[139.4144,35.733]]]}},{"type":"Feature","id":"Musashino","properties":{"id":"Musashino","code":132039,"name":"Musashino","name_full":"Musashino Shi","name_ja":"武蔵野市","name_short_ja":"武蔵野","region":"tama","region_ja":"多摩地域","center_lonlat":[139.5616,35.7081]},"geometry":{"type":"Polygon","coordinates":[[[139.5866,35.7119],[139.5955,35.7054],[139.5928,35.7011],[139.5903,35.6948],[139.5883,35.6956],[139.5867,35.694],[139.5846,35.6974],[139.5797,35.6989],[139.5767,35.7014],[139.5727,35.699],[139.5723,35.6974],[139.5707,35.6989],[139.5502,35.7068],[139.5507,35.695],[139.5424,35.6967],[139.5422,35.6953],[139.5365,35.6953],[139.5364,35.6983],[139.5339,35.699],[139.5336,35.7011],[139.5326,35.7011],[139.5322,35.7025],[139.5325,35.7091],[139.5272,35.7099],[139.5274,35.7128],[139.5252,35.7129],[139.5264,35.7173],[139.5269,35.7185],[139.53,35.7175],[139.5294,35.7128],[139.5374,35.7113],[139.5494,35.7169],[139.555,35.721],[139.559,35.722],[139.5656,35.7217],[139.5751,35.719],[139.5807,35.7147],[139.5866,35.7119]]]}},{"type":"Feature","id":"Mitaka","properties":{"id":"Mitaka","code":132047,"name":"Mitaka","name_full":"Mitaka Shi","name_ja":"三鷹市","name_short_ja":"三鷹","region":"tama","region_ja":"多摩地域","center_lonlat":[139.5603,35.6847]},"geometry":{"type":"Polygon","coordinates":[[[139.5867,35.694],[139.5941,35.689],[139.5906,35.687],[139.5936,35.6841],[139.5931,35.6829],[139.5942,35.6821],[139.5855,35.6826],[139.5918,35.6819],[139.5853,35.682],[139.5883,35.6796],[139.5866,35.6776],[139.5867,35.6746],[139.5874,35.674],[139.5838,35.6741],[139.5825,35.6734],[139.5885,35.6705],[139.5889,35.6694],[139.5852,35.6713],[139.5845,35.6704],[139.5813,35.6702],[139.58,35.6725],[139.5767,35.6736],[139.5752,35.6732],[139.5785,35.6718],[139.579,35.6705],[139.5781,35.6702],[139.5777,35.6689],[139.5784,35.6683],[139.5789,35.6689],[139.5798,35.6655],[139.5821,35.665],[139.5783,35.6625],[139.5771,35.6605],[139.5755,35.66],[139.5726,35.6627],[139.5726,35.6633],[139.5752,35.6617],[139.5728,35.6642],[139.5679,35.6635],[139.5658,35.6647],[139.5643,35.669],[139.5645,35.6723],[139.5609,35.6828],[139.5567,35.6827],[139.5522,35.6808],[139.5454,35.6821],[139.5447,35.6803],[139.5429,35.6805],[139.5414,35.6707],[139.5421,35.6676],[139.5444,35.6665],[139.542,35.6644],[139.5391,35.6645],[139.5384,35.6647],[139.5388,35.6655],[139.5374,35.6655],[139.5374,35.667],[139.5385,35.6671],[139.5356,35.6693],[139.5347,35.6689],[139.5344,35.6675],[139.5314,35.6677],[139.5324,35.6699],[139.5295,35.6725],[139.5294,35.6756],[139.5285,35.6756],[139.5279,35.6745],[139.5268,35.6747],[139.5266,35.6761],[139.5278,35.6773],[139.5263,35.6772],[139.5266,35.6791],[139.5253,35.6796],[139.5254,35.6809],[139.5287,35.6812],[139.5282,35.6822],[139.5288,35.6828],[139.5269,35.6842],[139.5263,35.6869],[139.5245,35.6884],[139.5247,35.6898],[139.5268,35.6895],[139.5285,35.6907],[139.5322,35.6888],[139.5314,35.6946],[139.5342,35.6949],[139.5339,35.699],[139.5364,35.6983],[139.5365,35.6953],[139.5422,35.6953],[139.5424,35.6967],[139.5507,35.695],[139.5502,35.7068],[139.5707,35.6989],[139.5723,35.6974],[139.5727,35.699],[139.5767,35.7014],[139.5797,35.6989],[139.5846,35.6974],[139.5867,35.694]]]}},{"type":"Feature","id":"Ome","properties":{"id":"Ome","code":132055,"name":"Ome","name_full":"Ome Shi","name_ja":"青梅市","name_short_ja":"青梅","region":"tama","region_ja":"多摩地域","center_lonlat":[139.2419,35.8036]},"geometry":{"type":"Polygon","coordinates":[[[139.3304,35.7936],[139.3285,35.7918],[139.3301,35.7906],[139.3263,35.787],[139.322,35.7898],[139.3212,35.7896],[139.3236,35.7875],[139.3238,35.7867],[139.3228,35.7863],[139.3206,35.7899],[139.318,35.7895],[139.3208,35.7883],[139.3207,35.7834],[139.3241,35.7811],[139.3211,35.7772],[139.3206,35.7768],[139.3184,35.7784],[139.3123,35.7755],[139.3114,35.7768],[139.3092,35.7757],[139.308,35.7772],[139.3069,35.7767],[139.3061,35.7778],[139.3025,35.7785],[139.3019,35.7799],[139.3007,35.78],[139.2999,35.7812],[139.2977,35.7809],[139.2955,35.7777],[139.2921,35.7753],[139.2927,35.7727],[139.2951,35.77],[139.2968,35.7656],[139.2965,35.7632],[139.2974,35.7597],[139.2965,35.7545],[139.2937,35.7558],[139.2935,35.7571],[139.2908,35.7596],[139.2901,35.7601],[139.2881,35.7596],[139.2875,35.761],[139.2763,35.7617],[139.2744,35.7609],[139.269,35.7611],[139.2672,35.76],[139.2643,35.7606],[139.2615,35.7598],[139.2569,35.7607],[139.2566,35.7616],[139.2551,35.7621],[139.2543,35.764],[139.2517,35.7646],[139.2494,35.7666],[139.246,35.7674],[139.2383,35.767],[139.2382,35.7686],[139.2354,35.7694],[139.2322,35.7687],[139.2273,35.7721],[139.2258,35.7719],[139.2243,35.7729],[139.2226,35.7724],[139.2209,35.774],[139.2171,35.7728],[139.2144,35.7741],[139.2105,35.7732],[139.2093,35.7746],[139.2094,35.7759],[139.2036,35.7801],[139.2004,35.784],[139.199,35.7844],[139.1985,35.7863],[139.1944,35.7873],[139.1922,35.7892],[139.1815,35.7875],[139.1756,35.7849],[139.1718,35.782],[139.1667,35.781],[139.1656,35.7795],[139.163,35.7782],[139.1607,35.7771],[139.159,35.7777],[139.1588,35.7785],[139.158,35.7734],[139.1546,35.7732],[139.1528,35.7743],[139.1517,35.7767],[139.1486,35.7789],[139.1481,35.7752],[139.1463,35.7754],[139.1445,35.777],[139.1428,35.7764],[139.1423,35.7748],[139.1395,35.7721],[139.1376,35.7724],[139.1375,35.7785],[139.1405,35.779],[139.1428,35.7811],[139.1478,35.782],[139.1465,35.7858],[139.1474,35.7861],[139.1466,35.7877],[139.1477,35.7903],[139.1468,35.7926],[139.1499,35.7965],[139.1561,35.7986],[139.1591,35.7984],[139.1647,35.8016],[139.1673,35.8017],[139.1715,35.8035],[139.1716,35.805],[139.1734,35.8067],[139.1757,35.8071],[139.1742,35.8131],[139.1774,35.82],[139.1752,35.8268],[139.1784,35.8306],[139.1769,35.833],[139.1774,35.8351],[139.175,35.8362],[139.1744,35.8378],[139.172,35.84],[139.1695,35.8405],[139.1661,35.843],[139.1664,35.8446],[139.1626,35.8492],[139.1635,35.8509],[139.1744,35.8483],[139.1818,35.8438],[139.1836,35.8436],[139.1842,35.8428],[139.1869,35.8429],[139.1928,35.8402],[139.2031,35.8412],[139.2048,35.843],[139.2049,35.8447],[139.2068,35.8462],[139.2127,35.8466],[139.2139,35.8454],[139.2149,35.8458],[139.2158,35.8443],[139.2193,35.8425],[139.2203,35.8412],[139.225,35.8403],[139.2313,35.8366],[139.2354,35.838],[139.237,35.8402],[139.2389,35.8405],[139.241,35.8402],[139.2428,35.8366],[139.2528,35.8382],[139.2564,35.8378],[139.2565,35.8371],[139.2588,35.8373],[139.259,35.8363],[139.2605,35.836],[139.2715,35.8397],[139.2799,35.8392],[139.2803,35.8407],[139.2817,35.8398],[139.2826,35.8375],[139.2849,35.836],[139.2866,35.8371],[139.2909,35.838],[139.2956,35.8338],[139.2968,35.8355],[139.3012,35.835],[139.3021,35.8341],[139.3012,35.8331],[139.3018,35.8312],[139.3012,35.8295],[139.3027,35.826],[139.3026,35.824],[139.3049,35.8239],[139.3048,35.8224],[139.3127,35.8255],[139.315,35.8252],[139.3162,35.8237],[139.3165,35.8192],[139.315,35.8169],[139.315,35.8143],[139.3182,35.8101],[139.3237,35.7973],[139.3257,35.7952],[139.3302,35.7944],[139.3304,35.7936]]]}},{"type":"Feature","id":"Fuchu","properties":{"id":"Fuchu","code":132063,"name":"Fuchu","name_full":"Fuchu Shi","name_ja":"府中市","name_short_ja":"府中","region":"tama","region_ja":"多摩地域","center_lonlat":[139.4831,35.6705]},"geometry":{"type":"Polygon","coordinates":[[[139.4896,35.6955],[139.4878,35.692],[139.4896,35.6925],[139.489,35.691],[139.4903,35.69],[139.4912,35.6903],[139.4961,35.6881],[139.4969,35.6885],[139.4954,35.6869],[139.4974,35.6868],[139.497,35.6863],[139.4978,35.6857],[139.4987,35.6856],[139.4999,35.6872],[139.5029,35.6873],[139.5002,35.6843],[139.5022,35.6841],[139.5059,35.6872],[139.5055,35.6867],[139.5069,35.6864],[139.5144,35.686],[139.5153,35.69],[139.5181,35.6914],[139.5223,35.6874],[139.5205,35.6816],[139.5213,35.6814],[139.5209,35.6805],[139.5244,35.6796],[139.5247,35.6775],[139.5238,35.6781],[139.5221,35.6772],[139.5251,35.676],[139.5265,35.6724],[139.5253,35.669],[139.5243,35.6692],[139.5242,35.6679],[139.5232,35.6678],[139.5196,35.6607],[139.5175,35.6584],[139.5182,35.6581],[139.517,35.6553],[139.5188,35.6552],[139.5208,35.6536],[139.5208,35.6462],[139.5171,35.6492],[139.5108,35.6513],[139.5036,35.6501],[139.5021,35.6491],[139.5013,35.6492],[139.5011,35.6508],[139.4982,35.6517],[139.491,35.6521],[139.488,35.6515],[139.486,35.6527],[139.4741,35.6508],[139.4738,35.6493],[139.442,35.658],[139.4409,35.66],[139.4298,35.6708],[139.4317,35.6727],[139.4359,35.6715],[139.4371,35.6722],[139.4415,35.6707],[139.442,35.6714],[139.4405,35.6717],[139.4434,35.6724],[139.4452,35.6718],[139.4442,35.6726],[139.4456,35.6735],[139.4507,35.6716],[139.4535,35.6715],[139.4496,35.6743],[139.4511,35.6735],[139.4507,35.6767],[139.4516,35.6768],[139.4512,35.6778],[139.4524,35.6786],[139.4514,35.6813],[139.4529,35.6835],[139.4536,35.6879],[139.4549,35.6903],[139.4586,35.6923],[139.4594,35.6918],[139.4594,35.6924],[139.4588,35.6936],[139.4596,35.6939],[139.4603,35.6999],[139.463,35.6999],[139.464,35.6973],[139.4633,35.697],[139.4638,35.6954],[139.4669,35.6953],[139.4678,35.6922],[139.4659,35.6916],[139.4662,35.6904],[139.4637,35.6897],[139.4665,35.6884],[139.4733,35.6895],[139.4774,35.6893],[139.4782,35.6904],[139.481,35.6907],[139.4813,35.6914],[139.4866,35.6922],[139.4878,35.6947],[139.4896,35.6955]]]}},{"type":"Feature","id":"Akishima","properties":{"id":"Akishima","code":132071,"name":"Akishima","name_full":"Akishima Shi","name_ja":"昭島市","name_short_ja":"昭島","region":"tama","region_ja":"多摩地域","center_lonlat":[139.3641,35.7078]},"geometry":{"type":"Polygon","coordinates":[[[139.3554,35.7253],[139.3625,35.7242],[139.3619,35.7263],[139.3653,35.7258],[139.3654,35.725],[139.3703,35.7258],[139.37,35.7245],[139.3764,35.7255],[139.3777,35.7242],[139.3801,35.7256],[139.3818,35.7231],[139.3793,35.7217],[139.3821,35.7202],[139.3825,35.7208],[139.3855,35.7205],[139.3888,35.7179],[139.3871,35.7167],[139.3889,35.7144],[139.391,35.7153],[139.3946,35.7116],[139.3957,35.7129],[139.3985,35.7116],[139.3954,35.7064],[139.3944,35.706],[139.394,35.705],[139.3948,35.7043],[139.3938,35.7042],[139.3933,35.7031],[139.394,35.7024],[139.3929,35.699],[139.3902,35.6988],[139.3885,35.6952],[139.3886,35.6931],[139.3851,35.6913],[139.3763,35.6916],[139.3682,35.692],[139.3636,35.6937],[139.3464,35.692],[139.3423,35.6937],[139.3403,35.6937],[139.336,35.6961],[139.3356,35.6991],[139.3368,35.7016],[139.333,35.7047],[139.3315,35.7097],[139.3316,35.7124],[139.3326,35.7129],[139.3389,35.7159],[139.3387,35.7172],[139.3395,35.7174],[139.3388,35.7194],[139.3401,35.7205],[139.3431,35.7216],[139.3456,35.7206],[139.3466,35.7217],[139.3527,35.7222],[139.3531,35.725],[139.3554,35.7253]]]}},{"type":"Feature","id":"Chofu","properties":{"id":"Chofu","code":132080,"name":"Chofu","name_full":"Chofu Shi","name_ja":"調布市","name_short_ja":"調布","region":"tama","region_ja":"多摩地域","center_lonlat":[139.5522,35.6577]},"geometry":{"type":"Polygon","coordinates":[[[139.5269,35.6842],[139.5288,35.6828],[139.5282,35.6822],[139.5287,35.6812],[139.5254,35.6809],[139.5253,35.6796],[139.5266,35.6791],[139.5263,35.6772],[139.5278,35.6773],[139.5266,35.6761],[139.5268,35.6747],[139.5279,35.6745],[139.5285,35.6756],[139.5294,35.6756],[139.5295,35.6725],[139.5324,35.6699],[139.5314,35.6677],[139.5344,35.6675],[139.5347,35.6689],[139.5356,35.6693],[139.5385,35.6671],[139.5374,35.667],[139.5374,35.6655],[139.5388,35.6655],[139.5384,35.6647],[139.5391,35.6645],[139.542,35.6644],[139.5444,35.6665],[139.5421,35.6676],[139.5414,35.6707],[139.5429,35.6805],[139.5447,35.6803],[139.5454,35.6821],[139.5522,35.6808],[139.5567,35.6827],[139.5609,35.6828],[139.5645,35.6723],[139.5643,35.669],[139.5658,35.6647],[139.5679,35.6635],[139.5728,35.6642],[139.5752,35.6617],[139.5726,35.6633],[139.5726,35.6627],[139.5755,35.66],[139.5771,35.6605],[139.5783,35.6625],[139.5821,35.665],[139.5798,35.6655],[139.5789,35.6689],[139.5784,35.6683],[139.5777,35.6689],[139.5781,35.6702],[139.579,35.6705],[139.5785,35.6718],[139.5752,35.6732],[139.5767,35.6736],[139.58,35.6725],[139.5813,35.6702],[139.5845,35.6704],[139.5852,35.6713],[139.5889,35.6694],[139.5901,35.6658],[139.5866,35.664],[139.5873,35.6626],[139.589,35.6624],[139.59,35.6612],[139.5899,35.6571],[139.591,35.6553],[139.5924,35.6553],[139.5931,35.6515],[139.592,35.6514],[139.592,35.6458],[139.5896,35.6451],[139.5876,35.6462],[139.5856,35.6455],[139.5843,35.6468],[139.5842,35.6487],[139.5823,35.6485],[139.5828,35.6473],[139.5806,35.6473],[139.5792,35.6483],[139.5809,35.6491],[139.5787,35.6487],[139.5748,35.6507],[139.5699,35.6493],[139.5697,35.6479],[139.5688,35.6475],[139.5658,35.6472],[139.5634,35.6416],[139.5631,35.6364],[139.562,35.6326],[139.5574,35.634],[139.5494,35.6344],[139.5477,35.6367],[139.5461,35.6374],[139.5362,35.6394],[139.5309,35.642],[139.5254,35.6426],[139.5208,35.6462],[139.5208,35.6536],[139.5188,35.6552],[139.517,35.6553],[139.5182,35.6581],[139.5175,35.6584],[139.5196,35.6607],[139.5232,35.6678],[139.5242,35.6679],[139.5243,35.6692],[139.5253,35.669],[139.5265,35.6724],[139.5251,35.676],[139.5221,35.6772],[139.5238,35.6781],[139.5247,35.6775],[139.5244,35.6796],[139.5209,35.6805],[139.5213,35.6814],[139.5205,35.6816],[139.5223,35.6874],[139.5235,35.6882],[139.5245,35.6879],[139.5256,35.6866],[139.5252,35.6858],[139.5269,35.6842]]]}},{"type":"Feature","id":"Machida","properties":{"id":"Machida","code":132098,"name":"Machida","name_full":"Machida Shi","name_ja":"町田市","name_short_ja":"町田","region":"tama","region_ja":"多摩地域","center_lonlat":[139.43,35.5763]},"geometry":{"type":"Polygon","coordinates":[[[139.2688,35.6094],[139.2689,35.6123],[139.2715,35.614],[139.2744,35.6141],[139.2778,35.6195],[139.2791,35.6188],[139.2799,35.6201],[139.2819,35.6198],[139.283,35.6209],[139.2834,35.6203],[139.2844,35.6211],[139.2858,35.6208],[139.2872,35.6221],[139.2892,35.6202],[139.2935,35.6207],[139.2937,35.6183],[139.2948,35.6169],[139.2938,35.6154],[139.2991,35.6161],[139.3035,35.6152],[139.3078,35.6162],[139.3136,35.6145],[139.3158,35.6129],[139.3179,35.6154],[139.3213,35.6156],[139.3228,35.6148],[139.327,35.6158],[139.3284,35.615],[139.3301,35.6164],[139.3343,35.6143],[139.3358,35.6149],[139.3374,35.6142],[139.3378,35.6164],[139.339,35.6169],[139.3383,35.6175],[139.3384,35.619],[139.3378,35.619],[139.3386,35.6196],[139.3374,35.621],[139.338,35.6217],[139.337,35.6224],[139.3384,35.6235],[139.34,35.6208],[139.3416,35.6197],[139.3395,35.6169],[139.3404,35.6155],[139.3399,35.6142],[139.3419,35.6137],[139.3416,35.6125],[139.3431,35.6126],[139.3424,35.6118],[139.3433,35.6118],[139.3426,35.6102],[139.3436,35.6118],[139.3444,35.6116],[139.3471,35.6089],[139.3492,35.6091],[139.349,35.6081],[139.3518,35.6088],[139.3535,35.6073],[139.356,35.607],[139.3565,35.6063],[139.3561,35.6074],[139.3578,35.6071],[139.3582,35.6066],[139.3574,35.6059],[139.3584,35.6058],[139.3584,35.605],[139.3588,35.6068],[139.3614,35.6052],[139.3611,35.6068],[139.362,35.606],[139.3618,35.6068],[139.3627,35.6067],[139.3658,35.609],[139.3684,35.6068],[139.3705,35.6062],[139.3708,35.6049],[139.3774,35.6042],[139.3799,35.6025],[139.3819,35.6023],[139.3866,35.5983],[139.3883,35.6024],[139.3876,35.605],[139.389,35.6054],[139.3903,35.607],[139.3921,35.6068],[139.3935,35.6082],[139.3955,35.6081],[139.3968,35.6098],[139.3986,35.6104],[139.4007,35.6105],[139.4014,35.6086],[139.4079,35.612],[139.4082,35.611],[139.4105,35.6101],[139.4127,35.6123],[139.4141,35.6116],[139.4158,35.6122],[139.4172,35.6117],[139.418,35.6103],[139.4205,35.6098],[139.4231,35.6066],[139.4246,35.607],[139.4263,35.6054],[139.4282,35.6061],[139.4284,35.6082],[139.4339,35.6059],[139.4343,35.6047],[139.4344,35.606],[139.4362,35.6066],[139.4387,35.6101],[139.446,35.6087],[139.4493,35.6118],[139.4529,35.6077],[139.4525,35.6066],[139.4534,35.6045],[139.4579,35.6075],[139.4605,35.6084],[139.4631,35.608],[139.4636,35.6091],[139.4651,35.6088],[139.4659,35.6096],[139.4667,35.6086],[139.4665,35.6067],[139.4703,35.6035],[139.4712,35.6011],[139.474,35.5997],[139.478,35.599],[139.4796,35.5951],[139.4795,35.5959],[139.4809,35.5956],[139.4802,35.5947],[139.4839,35.5953],[139.4832,35.5934],[139.4845,35.5942],[139.4842,35.5929],[139.4871,35.5917],[139.4871,35.59],[139.4881,35.5909],[139.4882,35.5899],[139.4912,35.5894],[139.4918,35.5885],[139.4937,35.5891],[139.4945,35.5862],[139.4931,35.5842],[139.4938,35.5842],[139.4939,35.5827],[139.4992,35.581],[139.5023,35.5782],[139.5024,35.577],[139.5037,35.5767],[139.5055,35.5748],[139.5068,35.5758],[139.5076,35.5752],[139.5069,35.575],[139.5073,35.5738],[139.5066,35.5717],[139.5004,35.5703],[139.5008,35.5685],[139.4979,35.5678],[139.4963,35.5646],[139.4947,35.5649],[139.4926,35.5623],[139.4911,35.5614],[139.4896,35.5616],[139.4874,35.5671],[139.486,35.5676],[139.4864,35.569],[139.4829,35.5714],[139.4842,35.5729],[139.4861,35.5785],[139.4884,35.5785],[139.4899,35.5836],[139.4896,35.5844],[139.4883,35.5839],[139.4851,35.5847],[139.4817,35.5814],[139.4805,35.5817],[139.4778,35.5806],[139.4772,35.5813],[139.478,35.582],[139.4765,35.582],[139.4732,35.5767],[139.4736,35.5748],[139.4719,35.5713],[139.4697,35.5695],[139.4697,35.5654],[139.4683,35.563],[139.4696,35.5623],[139.4701,35.5606],[139.475,35.5596],[139.4765,35.5626],[139.4819,35.556],[139.4826,35.5484],[139.4809,35.546],[139.4803,35.5431],[139.4816,35.5399],[139.484,35.5392],[139.485,35.5381],[139.4845,35.5361],[139.4868,35.5356],[139.4858,35.5311],[139.4878,35.5279],[139.4865,35.5266],[139.4875,35.5241],[139.4857,35.5223],[139.4864,35.5199],[139.4834,35.5193],[139.4799,35.5142],[139.477,35.5115],[139.4811,35.5053],[139.4849,35.504],[139.476,35.5013],[139.4678,35.5022],[139.4683,35.5062],[139.4648,35.5109],[139.4633,35.5179],[139.4608,35.5194],[139.4543,35.5206],[139.455,35.5236],[139.4561,35.5236],[139.4567,35.5256],[139.4577,35.5257],[139.4575,35.5267],[139.4585,35.5268],[139.4575,35.5289],[139.4576,35.529],[139.4575,35.5289],[139.4556,35.5294],[139.4546,35.5315],[139.4483,35.5354],[139.4485,35.5377],[139.4458,35.5399],[139.4447,35.5424],[139.4407,35.5426],[139.4364,35.5466],[139.4334,35.5463],[139.4317,35.5492],[139.4282,35.5511],[139.4267,35.5544],[139.4236,35.5562],[139.4231,35.5597],[139.4191,35.5609],[139.4185,35.5621],[139.4163,35.5618],[139.4158,35.5625],[139.4163,35.5642],[139.4128,35.5662],[139.4122,35.5696],[139.4102,35.5712],[139.4093,35.5755],[139.4029,35.5754],[139.4008,35.5786],[139.4014,35.5802],[139.3996,35.5819],[139.3996,35.5845],[139.396,35.5839],[139.3948,35.5841],[139.3942,35.5856],[139.3909,35.5853],[139.3887,35.5885],[139.3866,35.5889],[139.3864,35.5877],[139.3857,35.5877],[139.3855,35.5885],[139.3808,35.5905],[139.379,35.59],[139.3742,35.5948],[139.3702,35.5943],[139.3669,35.5973],[139.3627,35.5993],[139.3591,35.5983],[139.3568,35.5985],[139.3545,35.6003],[139.3534,35.5999],[139.3524,35.6008],[139.35,35.6008],[139.3422,35.603],[139.3415,35.6045],[139.3399,35.6053],[139.3379,35.6041],[139.3312,35.6038],[139.3304,35.6029],[139.324,35.6045],[139.3205,35.6062],[139.3201,35.6056],[139.3153,35.6051],[139.3145,35.604],[139.309,35.6039],[139.3077,35.6051],[139.3063,35.6052],[139.3037,35.6043],[139.301,35.6056],[139.3009,35.6063],[139.2992,35.6061],[139.2985,35.6075],[139.2969,35.6079],[139.2961,35.6101],[139.2931,35.6105],[139.2907,35.6122],[139.2889,35.6119],[139.2829,35.6132],[139.2799,35.6115],[139.2741,35.611],[139.2688,35.6094]]]}},{"type":"Feature","id":"Koganei","properties":{"id":"Koganei","code":132101,"name":"Koganei","name_full":"Koganei Shi","name_ja":"小金井市","name_short_ja":"小金井","region":"tama","region_ja":"多摩地域","center_lonlat":[139.511,35.7011]},"geometry":{"type":"Polygon","coordinates":[[[139.5264,35.7173],[139.5252,35.7129],[139.5274,35.7128],[139.5272,35.7099],[139.5325,35.7091],[139.5322,35.7025],[139.5326,35.7011],[139.5336,35.7011],[139.5339,35.699],[139.5342,35.6949],[139.5314,35.6946],[139.5322,35.6888],[139.5285,35.6907],[139.5268,35.6895],[139.5247,35.6898],[139.5245,35.6884],[139.5263,35.6869],[139.5269,35.6842],[139.5252,35.6858],[139.5256,35.6866],[139.5245,35.6879],[139.5235,35.6882],[139.5223,35.6874],[139.5181,35.6914],[139.5153,35.69],[139.5144,35.686],[139.5069,35.6864],[139.5055,35.6867],[139.5059,35.6872],[139.5022,35.6841],[139.5002,35.6843],[139.5029,35.6873],[139.4999,35.6872],[139.4987,35.6856],[139.4978,35.6857],[139.497,35.6863],[139.4974,35.6868],[139.4954,35.6869],[139.4969,35.6885],[139.4961,35.6881],[139.4912,35.6903],[139.4903,35.69],[139.489,35.691],[139.4896,35.6925],[139.4878,35.692],[139.4896,35.6955],[139.4911,35.6973],[139.4914,35.7002],[139.4845,35.7023],[139.4855,35.7043],[139.4866,35.7043],[139.4874,35.7063],[139.4857,35.7084],[139.4915,35.708],[139.4926,35.7102],[139.4954,35.7096],[139.4959,35.7132],[139.5016,35.7122],[139.5078,35.7122],[139.5086,35.7164],[139.5231,35.7191],[139.5229,35.7176],[139.5264,35.7173]]]}},{"type":"Feature","id":"Kodaira","properties":{"id":"Kodaira","code":132110,"name":"Kodaira","name_full":"Kodaira Shi","name_ja":"小平市","name_short_ja":"小平","region":"tama","region_ja":"多摩地域","center_lonlat":[139.4817,35.7274]},"geometry":{"type":"Polygon","coordinates":[[[139.4857,35.7439],[139.4875,35.7451],[139.4879,35.7441],[139.4897,35.7449],[139.4906,35.7418],[139.4914,35.7415],[139.4982,35.7443],[139.4981,35.7459],[139.5038,35.7428],[139.5033,35.7414],[139.5047,35.741],[139.504,35.7376],[139.504,35.7367],[139.5048,35.7367],[139.5044,35.7322],[139.5056,35.7321],[139.5067,35.7388],[139.5067,35.74],[139.5057,35.7404],[139.5067,35.742],[139.5086,35.7413],[139.5078,35.74],[139.5082,35.7384],[139.5121,35.738],[139.5127,35.7384],[139.5128,35.7414],[139.5134,35.7414],[139.513,35.7388],[139.5142,35.7388],[139.5143,35.7414],[139.5153,35.7413],[139.5151,35.7391],[139.5211,35.739],[139.5202,35.7334],[139.5167,35.7305],[139.5177,35.7274],[139.5233,35.7232],[139.5247,35.7194],[139.5231,35.7191],[139.5086,35.7164],[139.5078,35.7122],[139.5016,35.7122],[139.4959,35.7132],[139.4954,35.7096],[139.4926,35.7102],[139.4915,35.708],[139.4857,35.7084],[139.4802,35.7144],[139.4785,35.7087],[139.4766,35.7089],[139.4719,35.711],[139.472,35.7154],[139.4587,35.7179],[139.4579,35.7208],[139.4461,35.7229],[139.4358,35.7247],[139.4336,35.7271],[139.4228,35.7303],[139.4264,35.7302],[139.4287,35.7301],[139.4425,35.7364],[139.4461,35.735],[139.451,35.737],[139.4666,35.7441],[139.4773,35.7399],[139.4771,35.7375],[139.4788,35.7372],[139.4788,35.7352],[139.4862,35.7345],[139.4873,35.741],[139.4851,35.741],[139.4847,35.7422],[139.4856,35.7424],[139.4857,35.7439]]]}},{"type":"Feature","id":"Hino","properties":{"id":"Hino","code":132128,"name":"Hino","name_full":"Hino Shi","name_ja":"日野市","name_short_ja":"日野","region":"tama","region_ja":"多摩地域","center_lonlat":[139.3987,35.6633]},"geometry":{"type":"Polygon","coordinates":[[[139.3851,35.6913],[139.3951,35.6892],[139.4128,35.6835],[139.4176,35.6828],[139.4215,35.6801],[139.4298,35.6708],[139.4409,35.66],[139.442,35.658],[139.4392,35.6571],[139.4405,35.6561],[139.4383,35.6546],[139.4378,35.65],[139.434,35.6509],[139.4332,35.6484],[139.4298,35.6474],[139.4309,35.6463],[139.4277,35.6454],[139.4273,35.6437],[139.4168,35.6491],[139.415,35.647],[139.4128,35.6466],[139.4106,35.6449],[139.4064,35.6453],[139.4048,35.6437],[139.3992,35.6411],[139.3984,35.6398],[139.3959,35.6405],[139.395,35.6397],[139.3937,35.6403],[139.3923,35.6395],[139.3902,35.6412],[139.3874,35.6407],[139.3818,35.6413],[139.3781,35.6393],[139.3772,35.641],[139.3781,35.6411],[139.378,35.6423],[139.3788,35.6421],[139.3786,35.6441],[139.3765,35.6454],[139.373,35.6438],[139.3687,35.6443],[139.3654,35.6464],[139.3592,35.6528],[139.3573,35.6557],[139.3583,35.6558],[139.3595,35.6573],[139.3574,35.6601],[139.359,35.6594],[139.3622,35.6605],[139.3724,35.6658],[139.3705,35.6688],[139.3728,35.673],[139.3765,35.6765],[139.3767,35.6784],[139.375,35.6819],[139.376,35.6834],[139.3752,35.6858],[139.378,35.6877],[139.3798,35.6867],[139.3803,35.6873],[139.3763,35.6916],[139.3851,35.6913]]]}},{"type":"Feature","id":"Higashimurayama","properties":{"id":"Higashimurayama","code":132136,"name":"Higashimurayama","name_full":"Higashimurayama Shi","name_ja":"東村山市","name_short_ja":"東村山","region":"tama","region_ja":"多摩地域","center_lonlat":[139.4724,35.7592]},"geometry":{"type":"Polygon","coordinates":[[[139.4968,35.7787],[139.4965,35.7763],[139.4977,35.7721],[139.4993,35.7717],[139.5012,35.7656],[139.4971,35.7626],[139.5048,35.7611],[139.4948,35.7583],[139.4952,35.7565],[139.4939,35.7559],[139.4939,35.7538],[139.4923,35.7529],[139.4935,35.752],[139.493,35.7515],[139.4907,35.7521],[139.4864,35.7489],[139.4869,35.7465],[139.4845,35.7444],[139.4857,35.7439],[139.4856,35.7424],[139.4847,35.7422],[139.4851,35.741],[139.4873,35.741],[139.4862,35.7345],[139.4788,35.7352],[139.4788,35.7372],[139.4771,35.7375],[139.4773,35.7399],[139.4666,35.7441],[139.451,35.737],[139.4501,35.7389],[139.4515,35.7391],[139.4516,35.7413],[139.4507,35.742],[139.4512,35.7465],[139.4503,35.7464],[139.4499,35.7476],[139.4487,35.7479],[139.4491,35.7496],[139.4475,35.7492],[139.4469,35.752],[139.4475,35.7526],[139.4462,35.7557],[139.4442,35.7557],[139.442,35.7593],[139.4405,35.7602],[139.4409,35.7622],[139.44,35.7639],[139.4408,35.767],[139.4447,35.7666],[139.4467,35.7682],[139.4509,35.7693],[139.4531,35.7685],[139.4549,35.7696],[139.4581,35.7693],[139.4592,35.7722],[139.4615,35.7735],[139.4635,35.7729],[139.4649,35.7738],[139.4699,35.7742],[139.4712,35.7734],[139.4741,35.7747],[139.474,35.7757],[139.4767,35.7753],[139.4753,35.7768],[139.4786,35.7785],[139.4797,35.7801],[139.4825,35.7811],[139.4884,35.7794],[139.4897,35.7801],[139.4889,35.7793],[139.4896,35.7791],[139.4902,35.7809],[139.4911,35.78],[139.4938,35.7796],[139.4935,35.7817],[139.4958,35.7817],[139.4968,35.7787]]]}},{"type":"Feature","id":"Kokubunji","properties":{"id":"Kokubunji","code":132144,"name":"Kokubunji","name_full":"Kokubunji Shi","name_ja":"国分寺市","name_short_ja":"国分寺","region":"tama","region_ja":"多摩地域","center_lonlat":[139.4611,35.7056]},"geometry":{"type":"Polygon","coordinates":[[[139.4857,35.7084],[139.4874,35.7063],[139.4866,35.7043],[139.4855,35.7043],[139.4845,35.7023],[139.4914,35.7002],[139.4911,35.6973],[139.4896,35.6955],[139.4878,35.6947],[139.4866,35.6922],[139.4813,35.6914],[139.481,35.6907],[139.4782,35.6904],[139.4774,35.6893],[139.4733,35.6895],[139.4665,35.6884],[139.4637,35.6897],[139.4662,35.6904],[139.4659,35.6916],[139.4678,35.6922],[139.4669,35.6953],[139.4638,35.6954],[139.4633,35.697],[139.464,35.6973],[139.463,35.6999],[139.4603,35.6999],[139.4596,35.6939],[139.4588,35.6936],[139.4594,35.6924],[139.4547,35.6954],[139.4485,35.701],[139.4449,35.7002],[139.4415,35.7004],[139.4411,35.7013],[139.434,35.701],[139.4318,35.7018],[139.4303,35.7035],[139.4356,35.7037],[139.4342,35.7066],[139.4373,35.7071],[139.4338,35.7072],[139.4318,35.7111],[139.4331,35.7116],[139.4317,35.7116],[139.4306,35.7132],[139.4319,35.7136],[139.4316,35.7142],[139.4299,35.7142],[139.4293,35.7153],[139.4328,35.7159],[139.4291,35.716],[139.4283,35.7174],[139.4314,35.7178],[139.431,35.719],[139.4331,35.7193],[139.4365,35.7148],[139.4416,35.7158],[139.444,35.7117],[139.4461,35.7229],[139.4579,35.7208],[139.4587,35.7179],[139.472,35.7154],[139.4719,35.711],[139.4766,35.7089],[139.4785,35.7087],[139.4802,35.7144],[139.4857,35.7084]]]}},{"type":"Feature","id":"Kunitachi","properties":{"id":"Kunitachi","code":132152,"name":"Kunitachi","name_full":"Kunitachi Shi","name_ja":"国立市","name_short_ja":"国立","region":"tama","region_ja":"多摩地域","center_lonlat":[139.4387,35.6864]},"geometry":{"type":"Polygon","coordinates":[[[139.4594,35.6924],[139.4594,35.6918],[139.4586,35.6923],[139.4549,35.6903],[139.4536,35.6879],[139.4529,35.6835],[139.4514,35.6813],[139.4524,35.6786],[139.4512,35.6778],[139.4516,35.6768],[139.4507,35.6767],[139.4511,35.6735],[139.4496,35.6743],[139.4535,35.6715],[139.4507,35.6716],[139.4456,35.6735],[139.4442,35.6726],[139.4452,35.6718],[139.4434,35.6724],[139.4405,35.6717],[139.442,35.6714],[139.4415,35.6707],[139.4371,35.6722],[139.4359,35.6715],[139.4317,35.6727],[139.4298,35.6708],[139.4215,35.6801],[139.4176,35.6828],[139.4215,35.6886],[139.4255,35.6868],[139.425,35.6875],[139.4266,35.688],[139.4263,35.6886],[139.4283,35.6911],[139.4312,35.6903],[139.4311,35.6935],[139.4299,35.694],[139.4316,35.6969],[139.4274,35.6984],[139.4272,35.6994],[139.4291,35.7005],[139.4288,35.7011],[139.4265,35.6998],[139.4256,35.7019],[139.4274,35.7037],[139.4294,35.7044],[139.4303,35.7035],[139.4318,35.7018],[139.434,35.701],[139.4411,35.7013],[139.4415,35.7004],[139.4449,35.7002],[139.4485,35.701],[139.4547,35.6954],[139.4594,35.6924]]]}},{"type":"Feature","id":"Fussa","properties":{"id":"Fussa","code":132187,"name":"Fussa","name_full":"Fussa Shi","name_ja":"福生市","name_short_ja":"福生","region":"tama","region_ja":"多摩地域","center_lonlat":[139.3363,35.7358]},"geometry":{"type":"Polygon","coordinates":[[[139.3426,35.7498],[139.3423,35.7462],[139.3455,35.7471],[139.3521,35.7412],[139.3533,35.7425],[139.3504,35.7451],[139.3499,35.7477],[139.3547,35.7456],[139.356,35.7451],[139.3549,35.7428],[139.3587,35.7411],[139.3584,35.7403],[139.3599,35.7396],[139.3588,35.7388],[139.359,35.7373],[139.3529,35.7361],[139.3535,35.7331],[139.3523,35.7326],[139.3533,35.728],[139.3541,35.728],[139.3554,35.7253],[139.3531,35.725],[139.3527,35.7222],[139.3466,35.7217],[139.3456,35.7206],[139.3431,35.7216],[139.3401,35.7205],[139.3388,35.7194],[139.3395,35.7174],[139.3387,35.7172],[139.3389,35.7159],[139.3326,35.7129],[139.3323,35.7134],[139.3294,35.7121],[139.3287,35.7275],[139.322,35.7327],[139.3201,35.7333],[139.3168,35.7432],[139.3139,35.7471],[139.319,35.7508],[139.3209,35.75],[139.3216,35.7504],[139.3212,35.7517],[139.3228,35.7526],[139.3221,35.7536],[139.3247,35.7548],[139.3265,35.7544],[139.3273,35.7529],[139.3288,35.7536],[139.3293,35.7526],[139.3315,35.753],[139.3322,35.7517],[139.3343,35.7508],[139.336,35.7506],[139.3368,35.7519],[139.337,35.7512],[139.3381,35.7517],[139.3387,35.7501],[139.3426,35.7498]]]}},{"type":"Feature","id":"Komae","properties":{"id":"Komae","code":132195,"name":"Komae","name_full":"Komae Shi","name_ja":"狛江市","name_short_ja":"狛江","region":"tama","region_ja":"多摩地域","center_lonlat":[139.5772,35.6349]},"geometry":{"type":"Polygon","coordinates":[[[139.5876,35.6462],[139.5871,35.6432],[139.5844,35.6411],[139.5877,35.635],[139.5914,35.6331],[139.5913,35.6311],[139.5929,35.6295],[139.5924,35.6275],[139.5941,35.6269],[139.5925,35.6238],[139.5899,35.6245],[139.5893,35.6212],[139.5902,35.6184],[139.5854,35.6209],[139.5797,35.6221],[139.5773,35.6218],[139.5714,35.6242],[139.5679,35.6268],[139.5656,35.6272],[139.5661,35.6297],[139.5627,35.6314],[139.562,35.6326],[139.5631,35.6364],[139.5634,35.6416],[139.5658,35.6472],[139.5688,35.6475],[139.5697,35.6479],[139.5699,35.6493],[139.5748,35.6507],[139.5787,35.6487],[139.5809,35.6491],[139.5792,35.6483],[139.5806,35.6473],[139.5828,35.6473],[139.5823,35.6485],[139.5842,35.6487],[139.5843,35.6468],[139.5856,35.6455],[139.5876,35.6462]]]}},{"type":"Feature","id":"Higashiyamato","properties":{"id":"Higashiyamato","code":132209,"name":"Higashiyamato","name_full":"Higashiyamato Shi","name_ja":"東大和市","name_short_ja":"東大和","region":"tama","region_ja":"多摩地域","center_lonlat":[139.4266,35.7504]},"geometry":{"type":"Polygon","coordinates":[[[139.4408,35.767],[139.44,35.7639],[139.4409,35.7622],[139.4405,35.7602],[139.442,35.7593],[139.4442,35.7557],[139.4462,35.7557],[139.4475,35.7526],[139.4469,35.752],[139.4475,35.7492],[139.4491,35.7496],[139.4487,35.7479],[139.4499,35.7476],[139.4503,35.7464],[139.4512,35.7465],[139.4507,35.742],[139.4516,35.7413],[139.4515,35.7391],[139.4501,35.7389],[139.451,35.737],[139.4461,35.735],[139.4425,35.7364],[139.4287,35.7301],[139.4264,35.7302],[139.4267,35.7315],[139.4229,35.7311],[139.4144,35.733],[139.4136,35.7364],[139.4112,35.7373],[139.4125,35.739],[139.4107,35.7418],[139.4106,35.7478],[139.4074,35.7486],[139.4073,35.7526],[139.4096,35.7567],[139.4084,35.76],[139.405,35.7621],[139.4023,35.7611],[139.3963,35.7628],[139.393,35.7622],[139.3917,35.7634],[139.3978,35.7641],[139.4007,35.7682],[139.4049,35.7692],[139.4129,35.7681],[139.416,35.7662],[139.4198,35.7659],[139.4221,35.7678],[139.4276,35.7664],[139.4288,35.767],[139.4323,35.7664],[139.4335,35.7674],[139.4361,35.7671],[139.438,35.7677],[139.4385,35.7685],[139.438,35.7692],[139.4387,35.7696],[139.4408,35.767]]]}},{"type":"Feature","id":"Kiyose","properties":{"id":"Kiyose","code":132217,"name":"Kiyose","name_full":"Kiyose Shi","name_ja":"清瀬市","name_short_ja":"清瀬","region":"tama","region_ja":"多摩地域","center_lonlat":[139.5222,35.7815]},"geometry":{"type":"Polygon","coordinates":[[[139.5164,35.7656],[139.5086,35.762],[139.5048,35.7611],[139.4971,35.7626],[139.5012,35.7656],[139.4993,35.7717],[139.4977,35.7721],[139.4965,35.7763],[139.4968,35.7787],[139.498,35.7812],[139.4994,35.7822],[139.5067,35.7828],[139.5085,35.7847],[139.5126,35.7854],[139.514,35.7885],[139.5168,35.789],[139.5205,35.7884],[139.5226,35.7892],[139.5237,35.7903],[139.5231,35.7917],[139.5253,35.7918],[139.5293,35.7941],[139.5376,35.8045],[139.5417,35.8073],[139.5443,35.8066],[139.5472,35.8028],[139.5462,35.7992],[139.5448,35.7968],[139.5373,35.7915],[139.5438,35.7882],[139.5438,35.7828],[139.543,35.7798],[139.5375,35.7769],[139.534,35.774],[139.5281,35.7734],[139.5263,35.7716],[139.5228,35.7719],[139.5164,35.7656]]]}},{"type":"Feature","id":"Higashikurume","properties":{"id":"Higashikurume","code":132225,"name":"Higashikurume","name_full":"Higashikurume Shi","name_ja":"東久留米市","name_short_ja":"東久留米","region":"tama","region_ja":"多摩地域","center_lonlat":[139.5198,35.7538]},"geometry":{"type":"Polygon","coordinates":[[[139.5164,35.7656],[139.5214,35.7676],[139.5303,35.7683],[139.5477,35.7742],[139.5469,35.7696],[139.5476,35.7662],[139.5467,35.7627],[139.547,35.7603],[139.5447,35.7567],[139.5446,35.7548],[139.5332,35.7446],[139.5284,35.7447],[139.5272,35.7437],[139.5313,35.7403],[139.5202,35.7334],[139.5211,35.739],[139.5151,35.7391],[139.5153,35.7413],[139.5143,35.7414],[139.5142,35.7388],[139.513,35.7388],[139.5134,35.7414],[139.5128,35.7414],[139.5127,35.7384],[139.5121,35.738],[139.5082,35.7384],[139.5078,35.74],[139.5086,35.7413],[139.5067,35.742],[139.5057,35.7404],[139.5067,35.74],[139.5067,35.7388],[139.5056,35.7321],[139.5044,35.7322],[139.5048,35.7367],[139.504,35.7367],[139.504,35.7376],[139.5047,35.741],[139.5033,35.7414],[139.5038,35.7428],[139.4981,35.7459],[139.4982,35.7443],[139.4914,35.7415],[139.4906,35.7418],[139.4897,35.7449],[139.4879,35.7441],[139.4875,35.7451],[139.4857,35.7439],[139.4845,35.7444],[139.4869,35.7465],[139.4864,35.7489],[139.4907,35.7521],[139.493,35.7515],[139.4935,35.752],[139.4923,35.7529],[139.4939,35.7538],[139.4939,35.7559],[139.4952,35.7565],[139.4948,35.7583],[139.5048,35.7611],[139.5086,35.762],[139.5164,35.7656]]]}},{"type":"Feature","id":"Musashimurayama","properties":{"id":"Musashimurayama","code":132233,"name":"Musashimurayama","name_full":"Musashimurayama Shi","name_ja":"武蔵村山市","name_short_ja":"武蔵村山","region":"tama","region_ja":"多摩地域","center_lonlat":[139.3838,35.7504]},"geometry":{"type":"Polygon","coordinates":[[[139.3917,35.7634],[139.393,35.7622],[139.3963,35.7628],[139.4023,35.7611],[139.405,35.7621],[139.4084,35.76],[139.4096,35.7567],[139.4073,35.7526],[139.4074,35.7486],[139.4106,35.7478],[139.4107,35.7418],[139.4125,35.739],[139.4112,35.7373],[139.4136,35.7364],[139.4144,35.733],[139.4095,35.7326],[139.4087,35.7337],[139.403,35.7342],[139.4015,35.7334],[139.4003,35.7336],[139.3993,35.735],[139.3953,35.7335],[139.3881,35.7394],[139.3872,35.7392],[139.3871,35.7412],[139.3836,35.7438],[139.3839,35.7451],[139.3833,35.745],[139.3833,35.7427],[139.3849,35.7415],[139.3848,35.7379],[139.3872,35.7371],[139.3912,35.7334],[139.3884,35.7337],[139.3841,35.7355],[139.3836,35.7352],[139.3844,35.7336],[139.3835,35.733],[139.3812,35.7349],[139.3785,35.7335],[139.378,35.7351],[139.374,35.7367],[139.3703,35.7374],[139.3694,35.7359],[139.3655,35.7391],[139.3599,35.7396],[139.3584,35.7403],[139.3587,35.7411],[139.3549,35.7428],[139.356,35.7451],[139.3547,35.7456],[139.3564,35.7466],[139.356,35.7473],[139.3554,35.747],[139.3553,35.748],[139.3566,35.7508],[139.3579,35.7501],[139.3575,35.7537],[139.3584,35.7533],[139.359,35.7545],[139.3566,35.7555],[139.3586,35.7558],[139.3581,35.7565],[139.359,35.7571],[139.3589,35.7581],[139.3602,35.7587],[139.3609,35.7602],[139.3621,35.7596],[139.3626,35.7602],[139.3609,35.7611],[139.3638,35.7609],[139.362,35.7621],[139.3638,35.764],[139.3651,35.7638],[139.3641,35.7645],[139.3656,35.7662],[139.3656,35.7674],[139.3674,35.7678],[139.3671,35.7687],[139.3678,35.769],[139.3671,35.7693],[139.3685,35.7706],[139.3678,35.7729],[139.3683,35.7744],[139.3699,35.7734],[139.3702,35.7718],[139.3733,35.7713],[139.3733,35.7688],[139.3748,35.77],[139.3745,35.7671],[139.3751,35.7694],[139.379,35.7712],[139.3795,35.7678],[139.3807,35.766],[139.3851,35.7652],[139.3917,35.7674],[139.3905,35.7641],[139.3917,35.7634]]]}},{"type":"Feature","id":"Tama","properties":{"id":"Tama","code":132241,"name":"Tama","name_full":"Tama Shi","name_ja":"多摩市","name_short_ja":"多摩","region":"tama","region_ja":"多摩地域","center_lonlat":[139.4397,35.6305]},"geometry":{"type":"Polygon","coordinates":[[[139.4738,35.6493],[139.4738,35.6468],[139.4688,35.6446],[139.4689,35.6405],[139.4716,35.6335],[139.4697,35.6324],[139.4688,35.633],[139.4686,35.6316],[139.4645,35.6296],[139.4652,35.6287],[139.4642,35.6245],[139.4622,35.6249],[139.4605,35.622],[139.4552,35.6181],[139.453,35.6186],[139.4524,35.6158],[139.4493,35.6118],[139.446,35.6087],[139.4387,35.6101],[139.4362,35.6066],[139.4344,35.606],[139.4343,35.6047],[139.4339,35.6059],[139.4284,35.6082],[139.4282,35.6061],[139.4263,35.6054],[139.4246,35.607],[139.4231,35.6066],[139.4205,35.6098],[139.418,35.6103],[139.4172,35.6117],[139.4158,35.6122],[139.4141,35.6116],[139.4127,35.6123],[139.4105,35.6101],[139.4082,35.611],[139.4079,35.612],[139.4014,35.6086],[139.4007,35.6105],[139.3986,35.6104],[139.3968,35.6098],[139.3955,35.6081],[139.3935,35.6082],[139.3959,35.6118],[139.4007,35.6144],[139.4012,35.6162],[139.4045,35.6207],[139.4074,35.6213],[139.408,35.6227],[139.4118,35.6243],[139.4129,35.6256],[139.4188,35.6274],[139.4201,35.6289],[139.4224,35.6284],[139.4249,35.6303],[139.4278,35.6308],[139.4303,35.6323],[139.4292,35.6349],[139.4268,35.6369],[139.4268,35.638],[139.4241,35.6393],[139.4226,35.6412],[139.4204,35.6419],[139.4202,35.6431],[139.4177,35.6431],[139.4156,35.6452],[139.415,35.647],[139.4168,35.6491],[139.4273,35.6437],[139.4277,35.6454],[139.4309,35.6463],[139.4298,35.6474],[139.4332,35.6484],[139.434,35.6509],[139.4378,35.65],[139.4383,35.6546],[139.4405,35.6561],[139.4392,35.6571],[139.442,35.658],[139.4738,35.6493]]]}},{"type":"Feature","id":"Inagi","properties":{"id":"Inagi","code":132250,"name":"Inagi","name_full":"Inagi Shi","name_ja":"稲城市","name_short_ja":"稲城","region":"tama","region_ja":"多摩地域","center_lonlat":[139.4929,35.6328]},"geometry":{"type":"Polygon","coordinates":[[[139.5208,35.6462],[139.5254,35.6426],[139.5242,35.6414],[139.5234,35.6388],[139.5209,35.6374],[139.5235,35.6323],[139.5175,35.6307],[139.5166,35.6296],[139.517,35.6279],[139.5161,35.6256],[139.5104,35.6233],[139.5093,35.6241],[139.5061,35.6228],[139.5034,35.6229],[139.4994,35.6204],[139.4979,35.6183],[139.4947,35.6173],[139.4944,35.6155],[139.4955,35.6127],[139.5,35.6073],[139.4997,35.6054],[139.4968,35.6049],[139.4931,35.6058],[139.4894,35.6043],[139.4877,35.6079],[139.4831,35.6088],[139.4811,35.6102],[139.4797,35.6133],[139.4781,35.6138],[139.476,35.6132],[139.4768,35.6147],[139.4763,35.6188],[139.4755,35.6197],[139.4676,35.6206],[139.4659,35.6224],[139.4655,35.624],[139.4642,35.6245],[139.4652,35.6287],[139.4645,35.6296],[139.4686,35.6316],[139.4688,35.633],[139.4697,35.6324],[139.4716,35.6335],[139.4689,35.6405],[139.4688,35.6446],[139.4738,35.6468],[139.4738,35.6493],[139.4741,35.6508],[139.486,35.6527],[139.488,35.6515],[139.491,35.6521],[139.4982,35.6517],[139.5011,35.6508],[139.5013,35.6492],[139.5021,35.6491],[139.5036,35.6501],[139.5108,35.6513],[139.5171,35.6492],[139.5208,35.6462]]]}},{"type":"Feature","id":"Hamura","properties":{"id":"Hamura","code":132276,"name":"Hamura","name_full":"Hamura Shi","name_ja":"羽村市","name_short_ja":"羽村","region":"tama","region_ja":"多摩地域","center_lonlat":[139.3154,35.764]},"geometry":{"type":"Polygon","coordinates":[[[139.3211,35.7772],[139.3288,35.7713],[139.3315,35.7729],[139.3328,35.771],[139.3336,35.771],[139.3332,35.7676],[139.3364,35.766],[139.335,35.766],[139.3354,35.7651],[139.3348,35.7649],[139.3363,35.7638],[139.3353,35.7632],[139.3361,35.7626],[139.3358,35.7593],[139.3385,35.7569],[139.3384,35.7555],[139.3392,35.7555],[139.3393,35.7544],[139.3431,35.7537],[139.3426,35.7498],[139.3387,35.7501],[139.3381,35.7517],[139.337,35.7512],[139.3368,35.7519],[139.336,35.7506],[139.3343,35.7508],[139.3322,35.7517],[139.3315,35.753],[139.3293,35.7526],[139.3288,35.7536],[139.3273,35.7529],[139.3265,35.7544],[139.3247,35.7548],[139.3221,35.7536],[139.3228,35.7526],[139.3212,35.7517],[139.3216,35.7504],[139.3209,35.75],[139.319,35.7508],[139.3139,35.7471],[139.3109,35.7508],[139.3072,35.7521],[139.3031,35.755],[139.2965,35.7545],[139.2974,35.7597],[139.2965,35.7632],[139.2968,35.7656],[139.2951,35.77],[139.2927,35.7727],[139.2921,35.7753],[139.2955,35.7777],[139.2977,35.7809],[139.2999,35.7812],[139.3007,35.78],[139.3019,35.7799],[139.3025,35.7785],[139.3061,35.7778],[139.3069,35.7767],[139.308,35.7772],[139.3092,35.7757],[139.3114,35.7768],[139.3123,35.7755],[139.3184,35.7784],[139.3206,35.7768],[139.3211,35.7772]]]}},{"type":"Feature","id":"Akiruno","properties":{"id":"Akiruno","code":132284,"name":"Akiruno","name_full":"Akiruno Shi","name_ja":"あきる野市","name_short_ja":"あきる野","region":"tama","region_ja":"多摩地域","center_lonlat":[139.2253,35.7328]},"geometry":{"type":"Polygon","coordinates":[[[139.163,35.7782],[139.1666,35.7755],[139.1674,35.7759],[139.1765,35.771],[139.179,35.7704],[139.1808,35.7685],[139.1803,35.7655],[139.1814,35.7629],[139.1861,35.7623],[139.1874,35.7611],[139.1892,35.7623],[139.1937,35.7608],[139.198,35.7577],[139.2,35.7581],[139.2043,35.7558],[139.205,35.7538],[139.2093,35.7521],[139.2126,35.7522],[139.2124,35.7483],[139.2148,35.7467],[139.2151,35.7447],[139.222,35.7432],[139.2234,35.7414],[139.2265,35.7399],[139.2343,35.7388],[139.2394,35.7398],[139.2401,35.7391],[139.242,35.7393],[139.2441,35.7388],[139.2454,35.7366],[139.2504,35.7365],[139.2514,35.7358],[139.2529,35.7364],[139.2579,35.7354],[139.2582,35.7344],[139.2619,35.7338],[139.2629,35.7323],[139.2777,35.7339],[139.2761,35.7333],[139.2788,35.7333],[139.2829,35.7316],[139.2844,35.7317],[139.2836,35.7377],[139.2847,35.7406],[139.2824,35.7405],[139.2793,35.7421],[139.2806,35.7447],[139.2807,35.7471],[139.2799,35.7493],[139.2785,35.7497],[139.2776,35.7523],[139.2756,35.7536],[139.2699,35.7534],[139.2676,35.7548],[139.2618,35.7556],[139.2557,35.7596],[139.2569,35.7607],[139.2615,35.7598],[139.2643,35.7606],[139.2672,35.76],[139.269,35.7611],[139.2744,35.7609],[139.2763,35.7617],[139.2875,35.761],[139.2881,35.7596],[139.2901,35.7601],[139.2908,35.7596],[139.2935,35.7571],[139.2937,35.7558],[139.2965,35.7545],[139.3031,35.755],[139.3072,35.7521],[139.3109,35.7508],[139.3139,35.7471],[139.3168,35.7432],[139.3201,35.7333],[139.322,35.7327],[139.3287,35.7275],[139.3294,35.7121],[139.3287,35.7112],[139.3242,35.7132],[139.3228,35.7166],[139.3192,35.7191],[139.3165,35.7145],[139.3133,35.714],[139.3085,35.7159],[139.3081,35.7146],[139.3064,35.7134],[139.3066,35.7127],[139.3049,35.7115],[139.3035,35.7124],[139.304,35.7139],[139.3015,35.7118],[139.2959,35.7114],[139.2943,35.7134],[139.2854,35.7134],[139.2837,35.7127],[139.2817,35.7137],[139.2766,35.714],[139.2739,35.715],[139.2721,35.7146],[139.2718,35.7117],[139.2687,35.7099],[139.2609,35.7104],[139.2562,35.7127],[139.2519,35.7123],[139.2495,35.7105],[139.246,35.7111],[139.2451,35.7134],[139.2431,35.7125],[139.2408,35.7142],[139.2375,35.7132],[139.2356,35.7148],[139.23,35.7154],[139.2289,35.7163],[139.2219,35.7162],[139.219,35.7168],[139.2172,35.7189],[139.2129,35.7152],[139.2063,35.7122],[139.2054,35.7083],[139.2044,35.7071],[139.2043,35.705],[139.2053,35.7033],[139.2049,35.6998],[139.2005,35.6992],[139.2001,35.6983],[139.2008,35.6967],[139.1994,35.6882],[139.1985,35.6878],[139.1978,35.6886],[139.1934,35.6891],[139.1899,35.6876],[139.1843,35.6891],[139.1826,35.6881],[139.1791,35.6892],[139.1714,35.6887],[139.1696,35.6905],[139.1723,35.6936],[139.1723,35.7015],[139.1653,35.7062],[139.1651,35.7113],[139.1664,35.7137],[139.1657,35.7186],[139.1668,35.7196],[139.1664,35.7204],[139.1673,35.7219],[139.1669,35.7239],[139.1655,35.7248],[139.1653,35.7271],[139.1662,35.7294],[139.1649,35.7304],[139.1643,35.7326],[139.1659,35.7361],[139.1645,35.7378],[139.1641,35.7413],[139.1564,35.7448],[139.1559,35.7468],[139.1539,35.7487],[139.154,35.7501],[139.1496,35.7541],[139.1404,35.7557],[139.1399,35.7577],[139.1406,35.7592],[139.1446,35.7602],[139.1472,35.7622],[139.1437,35.7662],[139.1391,35.768],[139.1361,35.7703],[139.1376,35.7724],[139.1395,35.7721],[139.1423,35.7748],[139.1428,35.7764],[139.1445,35.777],[139.1463,35.7754],[139.1481,35.7752],[139.1486,35.7789],[139.1517,35.7767],[139.1528,35.7743],[139.1546,35.7732],[139.158,35.7734],[139.1588,35.7785],[139.159,35.7777],[139.1607,35.7771],[139.163,35.7782]]]}},{"type":"Feature","id":"Nishitokyo","properties":{"id":"Nishitokyo","code":132292,"name":"Nishitokyo","name_full":"Nishitokyo Shi","name_ja":"西東京市","name_short_ja":"西東京","region":"tama","region_ja":"多摩地域","center_lonlat":[139.5463,35.7348]},"geometry":{"type":"Polygon","coordinates":[[[139.5628,35.7616],[139.5638,35.7614],[139.5641,35.7597],[139.5661,35.7574],[139.5658,35.7568],[139.5678,35.7551],[139.5677,35.7532],[139.5689,35.7521],[139.5693,35.75],[139.5678,35.7501],[139.5688,35.7476],[139.5668,35.7474],[139.5682,35.7428],[139.5683,35.7384],[139.5673,35.7364],[139.5694,35.7341],[139.566,35.7272],[139.5656,35.7217],[139.559,35.722],[139.555,35.721],[139.5494,35.7169],[139.5374,35.7113],[139.5294,35.7128],[139.53,35.7175],[139.5269,35.7185],[139.5264,35.7173],[139.5229,35.7176],[139.5231,35.7191],[139.5247,35.7194],[139.5233,35.7232],[139.5177,35.7274],[139.5167,35.7305],[139.5202,35.7334],[139.5313,35.7403],[139.5272,35.7437],[139.5284,35.7447],[139.5332,35.7446],[139.5446,35.7548],[139.5468,35.7551],[139.5472,35.7534],[139.5501,35.7544],[139.55,35.7553],[139.5515,35.7552],[139.552,35.756],[139.5552,35.7557],[139.5561,35.7589],[139.5578,35.7596],[139.5616,35.7595],[139.5618,35.7611],[139.5628,35.7616]]]}},{"type":"Feature","id":"Mizuho","properties":{"id":"Mizuho","code":133035,"name":"Mizuho","name_full":"Mizuho Machi","name_ja":"瑞穂町","name_short_ja":"瑞穂","region":"tama","region_ja":"多摩地域","center_lonlat":[139.3492,35.7743]},"geometry":{"type":"Polygon","coordinates":[[[139.3304,35.7936],[139.3328,35.7919],[139.3349,35.7937],[139.3382,35.7946],[139.3429,35.794],[139.3471,35.7964],[139.3479,35.7952],[139.3497,35.7949],[139.3504,35.7933],[139.3567,35.7935],[139.3586,35.793],[139.3598,35.7916],[139.3699,35.7917],[139.3703,35.7909],[139.3687,35.7903],[139.3699,35.7876],[139.3678,35.787],[139.3682,35.7861],[139.3672,35.7856],[139.3674,35.7846],[139.3696,35.7831],[139.3699,35.7815],[139.3714,35.7816],[139.3717,35.7804],[139.373,35.7797],[139.3703,35.7783],[139.3755,35.7805],[139.3799,35.7789],[139.38,35.7769],[139.3815,35.7773],[139.3815,35.7743],[139.379,35.7712],[139.3751,35.7694],[139.3745,35.7671],[139.3748,35.77],[139.3733,35.7688],[139.3733,35.7713],[139.3702,35.7718],[139.3699,35.7734],[139.3683,35.7744],[139.3678,35.7729],[139.3685,35.7706],[139.3671,35.7693],[139.3678,35.769],[139.3671,35.7687],[139.3674,35.7678],[139.3656,35.7674],[139.3656,35.7662],[139.3641,35.7645],[139.3651,35.7638],[139.3638,35.764],[139.362,35.7621],[139.3638,35.7609],[139.3609,35.7611],[139.3626,35.7602],[139.3621,35.7596],[139.3609,35.7602],[139.3602,35.7587],[139.3589,35.7581],[139.359,35.7571],[139.3581,35.7565],[139.3586,35.7558],[139.3566,35.7555],[139.359,35.7545],[139.3584,35.7533],[139.3575,35.7537],[139.3579,35.7501],[139.3566,35.7508],[139.3553,35.748],[139.3554,35.747],[139.356,35.7473],[139.3564,35.7466],[139.3547,35.7456],[139.3499,35.7477],[139.3504,35.7451],[139.3533,35.7425],[139.3521,35.7412],[139.3455,35.7471],[139.3423,35.7462],[139.3426,35.7498],[139.3431,35.7537],[139.3393,35.7544],[139.3392,35.7555],[139.3384,35.7555],[139.3385,35.7569],[139.3358,35.7593],[139.3361,35.7626],[139.3353,35.7632],[139.3363,35.7638],[139.3348,35.7649],[139.3354,35.7651],[139.335,35.766],[139.3364,35.766],[139.3332,35.7676],[139.3336,35.771],[139.3328,35.771],[139.3315,35.7729],[139.3288,35.7713],[139.3211,35.7772],[139.3241,35.7811],[139.3207,35.7834],[139.3208,35.7883],[139.318,35.7895],[139.3206,35.7899],[139.3228,35.7863],[139.3238,35.7867],[139.3236,35.7875],[139.3212,35.7896],[139.322,35.7898],[139.3263,35.787],[139.3301,35.7906],[139.3285,35.7918],[139.3304,35.7936]]]}},{"type":"Feature","id":"Hinode","properties":{"id":"Hinode","code":133051,"name":"Hinode","name_full":"Hinode Machi","name_ja":"日の出町","name_short_ja":"日の出","region":"tama","region_ja":"多摩地域","center_lonlat":[139.2263,35.7587]},"geometry":{"type":"Polygon","coordinates":[[[139.2569,35.7607],[139.2557,35.7596],[139.2618,35.7556],[139.2676,35.7548],[139.2699,35.7534],[139.2756,35.7536],[139.2776,35.7523],[139.2785,35.7497],[139.2799,35.7493],[139.2807,35.7471],[139.2806,35.7447],[139.2793,35.7421],[139.2824,35.7405],[139.2847,35.7406],[139.2836,35.7377],[139.2844,35.7317],[139.2829,35.7316],[139.2788,35.7333],[139.2761,35.7333],[139.2777,35.7339],[139.2629,35.7323],[139.2619,35.7338],[139.2582,35.7344],[139.2579,35.7354],[139.2529,35.7364],[139.2514,35.7358],[139.2504,35.7365],[139.2454,35.7366],[139.2441,35.7388],[139.242,35.7393],[139.2401,35.7391],[139.2394,35.7398],[139.2343,35.7388],[139.2265,35.7399],[139.2234,35.7414],[139.222,35.7432],[139.2151,35.7447],[139.2148,35.7467],[139.2124,35.7483],[139.2126,35.7522],[139.2093,35.7521],[139.205,35.7538],[139.2043,35.7558],[139.2,35.7581],[139.198,35.7577],[139.1937,35.7608],[139.1892,35.7623],[139.1874,35.7611],[139.1861,35.7623],[139.1814,35.7629],[139.1803,35.7655],[139.1808,35.7685],[139.179,35.7704],[139.1765,35.771],[139.1674,35.7759],[139.1666,35.7755],[139.163,35.7782],[139.1656,35.7795],[139.1667,35.781],[139.1718,35.782],[139.1756,35.7849],[139.1815,35.7875],[139.1922,35.7892],[139.1944,35.7873],[139.1985,35.7863],[139.199,35.7844],[139.2004,35.784],[139.2036,35.7801],[139.2094,35.7759],[139.2093,35.7746],[139.2105,35.7732],[139.2144,35.7741],[139.2171,35.7728],[139.2209,35.774],[139.2226,35.7724],[139.2243,35.7729],[139.2258,35.7719],[139.2273,35.7721],[139.2322,35.7687],[139.2354,35.7694],[139.2382,35.7686],[139.2383,35.767],[139.246,35.7674],[139.2494,35.7666],[139.2517,35.7646],[139.2543,35.764],[139.2551,35.7621],[139.2566,35.7616],[139.2569,35.7607]]]}},{"type":"Feature","id":"Hinohara","properties":{"id":"Hinohara","code":133078,"name":"Hinohara","name_full":"Hinohara Mura","name_ja":"檜原村","name_short_ja":"檜原","region":"tama","region_ja":"多摩地域","center_lonlat":[139.1045,35.725]},"geometry":{"type":"Polygon","coordinates":[[[139.1361,35.7703],[139.1391,35.768],[139.1437,35.7662],[139.1472,35.7622],[139.1446,35.7602],[139.1406,35.7592],[139.1399,35.7577],[139.1404,35.7557],[139.1496,35.7541],[139.154,35.7501],[139.1539,35.7487],[139.1559,35.7468],[139.1564,35.7448],[139.1641,35.7413],[139.1645,35.7378],[139.1659,35.7361],[139.1643,35.7326],[139.1649,35.7304],[139.1662,35.7294],[139.1653,35.7271],[139.1655,35.7248],[139.1669,35.7239],[139.1673,35.7219],[139.1664,35.7204],[139.1668,35.7196],[139.1657,35.7186],[139.1664,35.7137],[139.1651,35.7113],[139.1653,35.7062],[139.1723,35.7015],[139.1723,35.6936],[139.1696,35.6905],[139.1714,35.6887],[139.1711,35.6859],[139.1718,35.6841],[139.1705,35.6829],[139.17,35.6801],[139.1678,35.6766],[139.166,35.6752],[139.1646,35.6701],[139.1616,35.6679],[139.1536,35.666],[139.1472,35.6668],[139.1431,35.669],[139.1429,35.67],[139.1389,35.6705],[139.1365,35.6725],[139.1333,35.6729],[139.131,35.672],[139.1275,35.6765],[139.1246,35.6778],[139.1233,35.6775],[139.1197,35.6801],[139.1165,35.6838],[139.1134,35.6844],[139.1106,35.6877],[139.1059,35.691],[139.0989,35.6924],[139.0971,35.6923],[139.0957,35.6911],[139.093,35.6915],[139.0922,35.6905],[139.0843,35.6931],[139.082,35.6956],[139.0782,35.6957],[139.0765,35.6949],[139.0748,35.6956],[139.0725,35.6953],[139.0705,35.6977],[139.0669,35.6984],[139.0653,35.6978],[139.063,35.7006],[139.0521,35.7048],[139.0507,35.7074],[139.0484,35.708],[139.0476,35.7091],[139.0436,35.7095],[139.039,35.7111],[139.0348,35.715],[139.032,35.7163],[139.0297,35.7164],[139.0248,35.7197],[139.0219,35.723],[139.0221,35.7248],[139.0211,35.727],[139.018,35.7311],[139.0149,35.7333],[139.0123,35.7387],[139.0217,35.7401],[139.027,35.7423],[139.0282,35.7445],[139.0316,35.7444],[139.0347,35.7424],[139.0399,35.7445],[139.0414,35.7463],[139.0397,35.7504],[139.0427,35.7551],[139.043,35.7577],[139.0458,35.758],[139.0492,35.7601],[139.0541,35.7598],[139.0554,35.7607],[139.0569,35.7637],[139.0583,35.7644],[139.0609,35.7641],[139.0636,35.7656],[139.0665,35.7656],[139.0733,35.7697],[139.075,35.772],[139.0806,35.77],[139.0829,35.7699],[139.087,35.7712],[139.0885,35.7702],[139.0929,35.7698],[139.0948,35.7713],[139.0954,35.7748],[139.0966,35.7759],[139.1022,35.7784],[139.1058,35.7791],[139.1075,35.7768],[139.1097,35.7755],[139.1212,35.7695],[139.1236,35.7691],[139.1252,35.7675],[139.1282,35.767],[139.1307,35.7651],[139.1327,35.7662],[139.1361,35.7703]]]}},{"type":"Feature","id":"Okutama","properties":{"id":"Okutama","code":133086,"name":"Okutama","name_full":"Okutama Machi","name_ja":"奥多摩町","name_short_ja":"奥多摩","region":"tama","region_ja":"多摩地域","center_lonlat":[139.0554,35.8226]},"geometry":{"type":"Polygon","coordinates":[[[139.1635,35.8509],[139.1626,35.8492],[139.1664,35.8446],[139.1661,35.843],[139.1695,35.8405],[139.172,35.84],[139.1744,35.8378],[139.175,35.8362],[139.1774,35.8351],[139.1769,35.833],[139.1784,35.8306],[139.1752,35.8268],[139.1774,35.82],[139.1742,35.8131],[139.1757,35.8071],[139.1734,35.8067],[139.1716,35.805],[139.1715,35.8035],[139.1673,35.8017],[139.1647,35.8016],[139.1591,35.7984],[139.1561,35.7986],[139.1499,35.7965],[139.1468,35.7926],[139.1477,35.7903],[139.1466,35.7877],[139.1474,35.7861],[139.1465,35.7858],[139.1478,35.782],[139.1428,35.7811],[139.1405,35.779],[139.1375,35.7785],[139.1376,35.7724],[139.1361,35.7703],[139.1327,35.7662],[139.1307,35.7651],[139.1282,35.767],[139.1252,35.7675],[139.1236,35.7691],[139.1212,35.7695],[139.1097,35.7755],[139.1075,35.7768],[139.1058,35.7791],[139.1022,35.7784],[139.0966,35.7759],[139.0954,35.7748],[139.0948,35.7713],[139.0929,35.7698],[139.0885,35.7702],[139.087,35.7712],[139.0829,35.7699],[139.0806,35.77],[139.075,35.772],[139.0733,35.7697],[139.0665,35.7656],[139.0636,35.7656],[139.0609,35.7641],[139.0583,35.7644],[139.0569,35.7637],[139.0554,35.7607],[139.0541,35.7598],[139.0492,35.7601],[139.0458,35.758],[139.043,35.7577],[139.0427,35.7551],[139.0397,35.7504],[139.0414,35.7463],[139.0399,35.7445],[139.0347,35.7424],[139.0316,35.7444],[139.0282,35.7445],[139.027,35.7423],[139.0217,35.7401],[139.0123,35.7387],[139.0105,35.7422],[139.0052,35.7489],[139.0052,35.7505],[139.0019,35.7501],[138.9988,35.7511],[138.9924,35.7555],[138.9928,35.7576],[138.9912,35.7591],[138.9894,35.7635],[138.9844,35.7678],[138.9837,35.7723],[138.9853,35.7742],[138.9864,35.7824],[138.9847,35.7838],[138.9849,35.7856],[138.9819,35.7871],[138.9795,35.7871],[138.9767,35.7892],[138.9761,35.7919],[138.9771,35.7928],[138.9719,35.7988],[138.9711,35.8014],[138.9714,35.8033],[138.9702,35.8048],[138.9709,35.8097],[138.9722,35.8117],[138.9719,35.8144],[138.9696,35.8162],[138.9697,35.8245],[138.9705,35.8273],[138.9698,35.8312],[138.9644,35.8294],[138.9622,35.8296],[138.9532,35.8365],[138.9478,35.8422],[138.9473,35.8433],[138.9486,35.8494],[138.946,35.8539],[138.9439,35.8548],[138.943,35.8572],[138.9429,35.8602],[138.9466,35.8645],[138.9454,35.8683],[138.9497,35.8692],[138.955,35.8752],[138.9652,35.8778],[138.9678,35.8822],[138.973,35.8821],[138.9792,35.885],[138.985,35.8813],[138.9887,35.8811],[138.9959,35.8844],[139.0009,35.884],[139.0067,35.8896],[139.0067,35.8934],[139.0103,35.8972],[139.0134,35.8983],[139.0188,35.8984],[139.0213,35.8971],[139.024,35.8973],[139.0293,35.8929],[139.0371,35.8894],[139.0403,35.8863],[139.0429,35.8856],[139.0482,35.8813],[139.0498,35.8788],[139.0581,35.8774],[139.0592,35.875],[139.0616,35.8736],[139.0724,35.8716],[139.0751,35.8743],[139.0796,35.8754],[139.0827,35.8748],[139.084,35.8734],[139.0894,35.8709],[139.0913,35.869],[139.096,35.8694],[139.0991,35.8687],[139.1013,35.8657],[139.1027,35.8666],[139.1098,35.8657],[139.1116,35.8647],[139.1144,35.8654],[139.1156,35.8645],[139.119,35.8643],[139.1274,35.8656],[139.1325,35.8644],[139.1354,35.8654],[139.1414,35.8633],[139.1468,35.8629],[139.1528,35.8595],[139.1594,35.8571],[139.1635,35.8509]]]}},{"type":"Feature","id":"Oshima","properties":{"id":"Oshima","code":133612,"name":"Oshima","name_full":"Oshima Machi","name_ja":"大島町","name_short_ja":"大島","region":"islands","region_ja":"島嶼部","center_lonlat":[139.3989,34.7375]},"geometry":{"type":"Polygon","coordinates":[[[139.386,34.7897],[139.386,34.7898],[139.386,34.7897],[139.3892,34.7886],[139.3916,34.7891],[139.3895,34.792],[139.3945,34.7888],[139.398,34.7881],[139.398,34.788],[139.398,34.7881],[139.3994,34.7881],[139.3994,34.788],[139.3994,34.7881],[139.401,34.7883],[139.4009,34.7883],[139.401,34.7883],[139.4015,34.7877],[139.4015,34.7876],[139.4015,34.7877],[139.4064,34.7875],[139.4077,34.7864],[139.4077,34.7863],[139.4077,34.7864],[139.4117,34.787],[139.4118,34.787],[139.4117,34.787],[139.4118,34.787],[139.4134,34.7869],[139.4128,34.7861],[139.4143,34.784],[139.4162,34.7836],[139.4163,34.7836],[139.4162,34.7836],[139.4163,34.7831],[139.4162,34.7831],[139.4163,34.7831],[139.4206,34.7811],[139.4226,34.7814],[139.4225,34.7814],[139.4226,34.7814],[139.4251,34.7797],[139.4245,34.779],[139.4259,34.7777],[139.433,34.7728],[139.4345,34.7704],[139.4358,34.7702],[139.4359,34.7689],[139.4358,34.7689],[139.4359,34.7689],[139.4369,34.7676],[139.4368,34.7676],[139.4369,34.7676],[139.4368,34.7675],[139.4367,34.7675],[139.4368,34.7675],[139.4373,34.7654],[139.4372,34.7654],[139.4373,34.7654],[139.4389,34.7615],[139.4388,34.7615],[139.4389,34.7615],[139.4397,34.7598],[139.4396,34.7598],[139.4397,34.7598],[139.4399,34.7593],[139.4398,34.7593],[139.4399,34.7593],[139.4409,34.7566],[139.4408,34.7566],[139.4409,34.7566],[139.4415,34.7553],[139.4408,34.753],[139.4421,34.7514],[139.4428,34.7484],[139.444,34.7473],[139.4456,34.7475],[139.4472,34.7454],[139.4471,34.7454],[139.4472,34.7454],[139.4483,34.7438],[139.4482,34.7438],[139.4483,34.7438],[139.4492,34.7403],[139.4483,34.7393],[139.4487,34.7378],[139.4478,34.7378],[139.4456,34.7355],[139.4455,34.7355],[139.4456,34.7355],[139.4455,34.7355],[139.4455,34.7354],[139.4454,34.7354],[139.4455,34.7354],[139.4439,34.7322],[139.4458,34.7281],[139.4448,34.7267],[139.4449,34.7251],[139.4466,34.7235],[139.446,34.7225],[139.448,34.7215],[139.4476,34.7207],[139.4491,34.7197],[139.4489,34.7169],[139.4498,34.7154],[139.4491,34.7131],[139.4472,34.7119],[139.4472,34.712],[139.4472,34.7119],[139.4447,34.7102],[139.4436,34.7036],[139.4461,34.7007],[139.4497,34.6982],[139.4502,34.6968],[139.4488,34.6948],[139.4488,34.6947],[139.4488,34.6948],[139.447,34.6937],[139.4446,34.6882],[139.4445,34.6882],[139.4446,34.6882],[139.4446,34.6844],[139.4395,34.6855],[139.4389,34.6866],[139.4393,34.688],[139.4381,34.6887],[139.4366,34.6881],[139.4366,34.6868],[139.4408,34.6825],[139.4404,34.6817],[139.4429,34.6813],[139.4408,34.6812],[139.4402,34.6796],[139.4381,34.6785],[139.4343,34.678],[139.4316,34.6791],[139.4304,34.6782],[139.4289,34.6809],[139.427,34.681],[139.4247,34.6828],[139.424,34.6816],[139.4222,34.6825],[139.4166,34.6807],[139.4156,34.6815],[139.4157,34.6815],[139.4156,34.6815],[139.4146,34.6807],[139.4135,34.681],[139.415,34.6815],[139.4124,34.6814],[139.4124,34.6815],[139.4124,34.6814],[139.4084,34.6805],[139.4043,34.6825],[139.402,34.6819],[139.4002,34.6828],[139.4003,34.6828],[139.4002,34.6828],[139.3996,34.684],[139.3968,34.6834],[139.3956,34.6845],[139.3957,34.6845],[139.3956,34.6845],[139.3947,34.6845],[139.3954,34.6852],[139.3948,34.6871],[139.3912,34.6865],[139.3913,34.6877],[139.3864,34.6901],[139.3852,34.6923],[139.3853,34.6924],[139.3852,34.6923],[139.3836,34.6928],[139.3841,34.6935],[139.3814,34.6951],[139.3776,34.6957],[139.3776,34.6958],[139.3776,34.6957],[139.3767,34.6959],[139.3767,34.696],[139.3767,34.6959],[139.3762,34.697],[139.3753,34.6962],[139.3752,34.6975],[139.3745,34.6972],[139.3741,34.6982],[139.3709,34.6996],[139.3688,34.7001],[139.368,34.6993],[139.3679,34.7003],[139.3645,34.7004],[139.3623,34.7019],[139.361,34.7012],[139.3613,34.7018],[139.3597,34.7021],[139.3582,34.7011],[139.3612,34.7098],[139.357,34.7138],[139.3564,34.7154],[139.3538,34.7167],[139.353,34.718],[139.3531,34.718],[139.353,34.718],[139.3524,34.7245],[139.3517,34.7251],[139.3525,34.725],[139.3533,34.7269],[139.3533,34.7323],[139.3535,34.7308],[139.3566,34.7346],[139.3566,34.7381],[139.3567,34.7381],[139.3566,34.7381],[139.3565,34.7412],[139.3564,34.7412],[139.3565,34.7412],[139.3567,34.7424],[139.3546,34.7445],[139.3535,34.7443],[139.3526,34.7469],[139.3532,34.75],[139.3525,34.7515],[139.3486,34.7517],[139.352,34.7517],[139.3522,34.7527],[139.3514,34.7551],[139.3499,34.7557],[139.3507,34.7566],[139.349,34.7587],[139.3489,34.764],[139.349,34.764],[139.3489,34.764],[139.3489,34.7663],[139.3509,34.7668],[139.3517,34.7691],[139.3509,34.7701],[139.3515,34.7715],[139.3495,34.7744],[139.3494,34.7744],[139.3495,34.7744],[139.3498,34.7756],[139.3499,34.7756],[139.3498,34.7756],[139.3488,34.7784],[139.3496,34.7788],[139.3495,34.7828],[139.3502,34.7841],[139.3526,34.7849],[139.3542,34.7903],[139.3555,34.791],[139.3555,34.791],[139.3556,34.7911],[139.3556,34.7911],[139.3586,34.793],[139.3606,34.7974],[139.3607,34.7974],[139.3606,34.7974],[139.3605,34.7992],[139.3635,34.7985],[139.367,34.7964],[139.3727,34.7984],[139.3764,34.7945],[139.3778,34.7939],[139.3804,34.7943],[139.3821,34.7914],[139.386,34.7897]]]}},{"type":"Feature","id":"Toshima Mura","properties":{"id":"Toshima Mura","code":133621,"name":"Toshima Mura","name_full":"Toshima Mura","name_ja":"利島村","name_short_ja":"利島","region":"islands","region_ja":"島嶼部","center_lonlat":[139.2792,34.5227]},"geometry":{"type":"Polygon","coordinates":[[[139.285,34.5321],[139.2849,34.532],[139.285,34.5321],[139.2903,34.5294],[139.2919,34.5275],[139.2918,34.5275],[139.2919,34.5275],[139.2931,34.5247],[139.2926,34.5227],[139.2812,34.512],[139.2759,34.5111],[139.2715,34.5131],[139.2681,34.5173],[139.2676,34.519],[139.2674,34.5234],[139.2688,34.5275],[139.2726,34.5315],[139.2756,34.5322],[139.2757,34.5338],[139.2757,34.5323],[139.2793,34.5322],[139.2802,34.5326],[139.2808,34.535],[139.2807,34.5323],[139.283,34.5324],[139.2815,34.533],[139.283,34.5332],[139.285,34.5321]]]}},{"type":"Feature","id":"Niijima","properties":{"id":"Niijima","code":133639,"name":"Niijima","name_full":"Niijima Mura","name_ja":"新島村","name_short_ja":"新島","region":"islands","region_ja":"島嶼部","center_lonlat":[139.2667,34.3769]},"geometry":{"type":"MultiPolygon","coordinates":[[[[139.281,34.4259],[139.2811,34.4259],[139.281,34.4259],[139.2802,34.4275],[139.2803,34.4275],[139.2802,34.4275],[139.2802,34.4278],[139.2803,34.4278],[139.2802,34.4278],[139.2804,34.4295],[139.2791,34.4299],[139.2785,34.4314],[139.28,34.4312],[139.28,34.4311],[139.28,34.4312],[139.2821,34.431],[139.2821,34.4309],[139.2821,34.431],[139.2833,34.4308],[139.2833,34.4307],[139.2833,34.4308],[139.284,34.4289],[139.2839,34.4289],[139.284,34.4289],[139.2845,34.4288],[139.2845,34.4287],[139.2845,34.4288],[139.2858,34.429],[139.2878,34.428],[139.2885,34.4255],[139.2913,34.4238],[139.2912,34.4238],[139.2913,34.4238],[139.2912,34.4213],[139.2911,34.4213],[139.2912,34.4213],[139.2912,34.4195],[139.2923,34.419],[139.2905,34.4183],[139.2905,34.4174],[139.2868,34.4145],[139.2864,34.4127],[139.2884,34.4101],[139.2914,34.4081],[139.2894,34.4064],[139.2896,34.404],[139.2895,34.404],[139.2896,34.404],[139.2899,34.4034],[139.2898,34.4034],[139.2899,34.4034],[139.2893,34.4016],[139.2851,34.4002],[139.283,34.3976],[139.2829,34.3976],[139.283,34.3976],[139.2837,34.3971],[139.283,34.3973],[139.282,34.3962],[139.2832,34.3954],[139.2831,34.396],[139.284,34.3954],[139.2855,34.3964],[139.2839,34.3947],[139.2819,34.3962],[139.2799,34.394],[139.2782,34.3913],[139.2769,34.3859],[139.2758,34.3629],[139.2758,34.3511],[139.2768,34.348],[139.2754,34.343],[139.2733,34.3402],[139.2724,34.3299],[139.2582,34.3355],[139.2568,34.3376],[139.2523,34.3395],[139.2488,34.3452],[139.2444,34.348],[139.2441,34.3502],[139.2456,34.3548],[139.2453,34.3574],[139.2438,34.3618],[139.2416,34.3624],[139.2428,34.3627],[139.2418,34.364],[139.2432,34.3653],[139.2434,34.3678],[139.2403,34.3702],[139.2415,34.3697],[139.2416,34.3704],[139.244,34.3688],[139.2443,34.3673],[139.2469,34.3688],[139.2464,34.3702],[139.2464,34.3703],[139.2464,34.3702],[139.2471,34.3698],[139.2481,34.3707],[139.2469,34.3715],[139.2455,34.37],[139.2468,34.3717],[139.2484,34.3709],[139.2499,34.3723],[139.2506,34.3733],[139.249,34.3742],[139.2508,34.3736],[139.2548,34.3817],[139.2573,34.3939],[139.2571,34.3951],[139.2556,34.3953],[139.2549,34.3964],[139.2548,34.3977],[139.2562,34.3988],[139.2551,34.4009],[139.2585,34.402],[139.2598,34.4043],[139.2643,34.4069],[139.2644,34.4069],[139.2643,34.4069],[139.2668,34.4083],[139.2661,34.4106],[139.2678,34.4118],[139.2679,34.4118],[139.2678,34.4118],[139.2677,34.4121],[139.2678,34.4121],[139.2677,34.4121],[139.2671,34.4145],[139.2681,34.4141],[139.268,34.4151],[139.2694,34.4157],[139.2693,34.4166],[139.2736,34.4165],[139.2756,34.4182],[139.2751,34.4169],[139.2737,34.4163],[139.2738,34.4155],[139.2746,34.4155],[139.2777,34.417],[139.2766,34.4181],[139.2782,34.4169],[139.2797,34.4183],[139.2818,34.4238],[139.281,34.4259]]],[[[139.2071,34.3352],[139.2071,34.3351],[139.2071,34.3352],[139.2086,34.3348],[139.2092,34.3354],[139.2087,34.3364],[139.2104,34.3366],[139.2104,34.3365],[139.2104,34.3366],[139.2109,34.3363],[139.2108,34.3363],[139.2109,34.3363],[139.2113,34.3359],[139.2127,34.3369],[139.2142,34.335],[139.2143,34.335],[139.2142,34.335],[139.2143,34.3359],[139.2164,34.3343],[139.2148,34.3342],[139.2143,34.3324],[139.2157,34.3331],[139.2155,34.3338],[139.2171,34.3336],[139.2171,34.3336],[139.2172,34.3337],[139.2172,34.3337],[139.2173,34.3333],[139.2172,34.3333],[139.2173,34.3333],[139.2176,34.3326],[139.2201,34.3329],[139.2233,34.3315],[139.2231,34.3307],[139.2218,34.331],[139.2227,34.3302],[139.224,34.3313],[139.2254,34.3303],[139.2268,34.3306],[139.2261,34.3295],[139.2269,34.3287],[139.2261,34.329],[139.226,34.3274],[139.2258,34.3274],[139.226,34.3274],[139.2264,34.3266],[139.226,34.3267],[139.2264,34.3266],[139.2267,34.3265],[139.2266,34.3265],[139.2267,34.3265],[139.2264,34.3256],[139.2255,34.3261],[139.2251,34.3242],[139.224,34.3244],[139.2247,34.3235],[139.2219,34.3234],[139.2235,34.3223],[139.2226,34.3221],[139.2226,34.3211],[139.2216,34.3228],[139.2204,34.3228],[139.2195,34.3223],[139.2195,34.3209],[139.2193,34.3209],[139.2195,34.3209],[139.221,34.3201],[139.2186,34.3199],[139.2186,34.32],[139.2186,34.3199],[139.2188,34.3211],[139.2175,34.3201],[139.2174,34.3172],[139.214,34.318],[139.2133,34.3172],[139.2132,34.3172],[139.2133,34.3172],[139.2134,34.3165],[139.2133,34.3165],[139.2134,34.3165],[139.2131,34.316],[139.2124,34.3172],[139.2121,34.3163],[139.2117,34.3172],[139.2111,34.317],[139.2114,34.3176],[139.2108,34.3172],[139.2113,34.3184],[139.2114,34.3184],[139.2113,34.3184],[139.2113,34.3185],[139.2113,34.3184],[139.2082,34.3176],[139.2081,34.3183],[139.2071,34.3178],[139.2074,34.319],[139.2075,34.319],[139.2074,34.319],[139.2069,34.3203],[139.2068,34.3203],[139.2069,34.3203],[139.2072,34.3203],[139.2072,34.3202],[139.2072,34.3203],[139.2071,34.3215],[139.205,34.3213],[139.204,34.322],[139.2046,34.3204],[139.2037,34.3204],[139.2034,34.3215],[139.2033,34.3205],[139.2025,34.3209],[139.2013,34.3164],[139.1979,34.3162],[139.1953,34.3171],[139.1978,34.3177],[139.198,34.3178],[139.1978,34.3177],[139.1956,34.3181],[139.1956,34.3182],[139.1956,34.3181],[139.1942,34.3196],[139.1943,34.3207],[139.1943,34.3206],[139.1943,34.3207],[139.1956,34.323],[139.201,34.3259],[139.2011,34.3259],[139.201,34.3259],[139.2016,34.3259],[139.2005,34.3266],[139.2011,34.3277],[139.2003,34.3287],[139.2006,34.3296],[139.2043,34.3268],[139.2055,34.3275],[139.2048,34.3295],[139.2054,34.3287],[139.2055,34.3287],[139.2054,34.3287],[139.2059,34.3279],[139.2065,34.3284],[139.2066,34.3284],[139.2065,34.3284],[139.2063,34.3295],[139.2064,34.3295],[139.2063,34.3295],[139.2065,34.3306],[139.2083,34.3301],[139.2085,34.3315],[139.2084,34.3315],[139.2085,34.3315],[139.2083,34.3326],[139.2073,34.3323],[139.2075,34.3331],[139.2068,34.3332],[139.2076,34.3347],[139.206,34.3344],[139.2071,34.3352]]],[[[139.2909,34.4725],[139.291,34.4725],[139.2909,34.4725],[139.2883,34.4766],[139.2885,34.4767],[139.2883,34.4766],[139.2863,34.4783],[139.2888,34.4779],[139.2886,34.4768],[139.2921,34.4753],[139.2921,34.4752],[139.2921,34.4753],[139.2957,34.4744],[139.2992,34.4712],[139.2991,34.4712],[139.2992,34.4712],[139.2994,34.4703],[139.2982,34.4698],[139.2919,34.47],[139.2909,34.4725]]],[[[139.2266,34.3678],[139.2267,34.3677],[139.2268,34.3677],[139.2267,34.3677],[139.2266,34.3678],[139.2277,34.3706],[139.2277,34.3705],[139.2277,34.3706],[139.2277,34.3714],[139.2264,34.3722],[139.2264,34.3721],[139.2264,34.3722],[139.2254,34.3729],[139.2255,34.3729],[139.2254,34.3729],[139.2238,34.3742],[139.2236,34.3757],[139.2248,34.3758],[139.2292,34.373],[139.2292,34.3713],[139.2292,34.3712],[139.2292,34.3713],[139.2287,34.3706],[139.2288,34.3706],[139.2287,34.3706],[139.2289,34.3672],[139.2259,34.3677],[139.2266,34.3678]]],[[[139.2764,34.3274],[139.2764,34.3273],[139.2764,34.3274],[139.2787,34.3268],[139.2805,34.3247],[139.2772,34.324],[139.275,34.3265],[139.2764,34.3274]]]]}},{"type":"Feature","id":"Kozushima","properties":{"id":"Kozushima","code":133647,"name":"Kozushima","name_full":"Kozushima Mura","name_ja":"神津島村","name_short_ja":"神津島","region":"islands","region_ja":"島嶼部","center_lonlat":[139.1478,34.2145]},"geometry":{"type":"MultiPolygon","coordinates":[[[[139.1427,34.2439],[139.1427,34.2438],[139.1427,34.2439],[139.143,34.2439],[139.143,34.2438],[139.143,34.2439],[139.1433,34.2439],[139.1433,34.2438],[139.1433,34.2439],[139.1443,34.2427],[139.1462,34.2427],[139.1464,34.2414],[139.1481,34.2408],[139.1492,34.2393],[139.1515,34.24],[139.1558,34.2396],[139.1581,34.2379],[139.1671,34.2344],[139.1671,34.2343],[139.1671,34.2344],[139.1707,34.2313],[139.171,34.2291],[139.1704,34.2284],[139.1723,34.2207],[139.1719,34.2194],[139.1757,34.2167],[139.1733,34.2137],[139.1735,34.2118],[139.1754,34.2091],[139.1747,34.2086],[139.1762,34.2078],[139.1749,34.2067],[139.1753,34.2045],[139.172,34.2055],[139.1705,34.2046],[139.1689,34.2087],[139.1659,34.2085],[139.1618,34.2063],[139.1574,34.2051],[139.1545,34.2027],[139.1542,34.2022],[139.1578,34.2006],[139.1539,34.2019],[139.1535,34.2013],[139.1543,34.1988],[139.1552,34.1988],[139.1548,34.2],[139.1554,34.2006],[139.1555,34.1983],[139.1572,34.1977],[139.1566,34.1974],[139.1565,34.1975],[139.1566,34.1974],[139.1565,34.1968],[139.1563,34.1967],[139.1565,34.1968],[139.1568,34.196],[139.1551,34.1948],[139.1551,34.1947],[139.1551,34.1948],[139.1538,34.1943],[139.1528,34.1949],[139.1535,34.1945],[139.1534,34.1944],[139.1535,34.1945],[139.1539,34.1934],[139.1517,34.1927],[139.1511,34.1944],[139.1491,34.1955],[139.149,34.1968],[139.1473,34.1966],[139.1463,34.1946],[139.1467,34.1916],[139.1458,34.1908],[139.1467,34.1891],[139.1457,34.1876],[139.1439,34.1882],[139.1437,34.1897],[139.1438,34.1879],[139.1432,34.1881],[139.1425,34.1858],[139.1413,34.1874],[139.1386,34.1861],[139.1385,34.1853],[139.138,34.1858],[139.1381,34.1858],[139.138,34.1858],[139.1376,34.1859],[139.1377,34.1859],[139.1376,34.1859],[139.1374,34.1866],[139.1363,34.1861],[139.1331,34.1871],[139.132,34.1853],[139.1319,34.1853],[139.132,34.1853],[139.1313,34.1856],[139.1303,34.1847],[139.129,34.1852],[139.1291,34.1852],[139.129,34.1852],[139.1292,34.1845],[139.1281,34.1872],[139.1253,34.1871],[139.1249,34.1897],[139.1238,34.1888],[139.1228,34.1897],[139.1232,34.1884],[139.1231,34.1884],[139.1232,34.1884],[139.1204,34.1893],[139.1194,34.1901],[139.1194,34.191],[139.12,34.1907],[139.1215,34.1893],[139.12,34.1907],[139.1195,34.192],[139.1203,34.1916],[139.1204,34.1915],[139.1203,34.1916],[139.1202,34.1932],[139.1203,34.1932],[139.1202,34.1932],[139.1203,34.194],[139.1195,34.1937],[139.1196,34.1937],[139.1195,34.1937],[139.1216,34.1973],[139.1214,34.1982],[139.1213,34.1982],[139.1214,34.1982],[139.1218,34.1993],[139.1282,34.2011],[139.1282,34.201],[139.1282,34.2011],[139.1325,34.2018],[139.1334,34.2051],[139.1327,34.2075],[139.1311,34.208],[139.1302,34.2095],[139.1276,34.2095],[139.1314,34.2103],[139.1316,34.2095],[139.131,34.2094],[139.1316,34.2095],[139.1317,34.2085],[139.1327,34.2084],[139.1329,34.2099],[139.132,34.21],[139.1328,34.2105],[139.1316,34.2115],[139.1312,34.211],[139.1305,34.2156],[139.1304,34.2156],[139.1305,34.2156],[139.1306,34.2166],[139.1339,34.2172],[139.134,34.2183],[139.1317,34.2186],[139.1301,34.2201],[139.1284,34.2202],[139.1286,34.2208],[139.1286,34.2209],[139.1286,34.2208],[139.1285,34.2217],[139.1286,34.2217],[139.1285,34.2217],[139.1283,34.2228],[139.1282,34.2228],[139.1283,34.2228],[139.1357,34.2243],[139.137,34.2275],[139.1361,34.2288],[139.1363,34.23],[139.1364,34.23],[139.1363,34.23],[139.1362,34.2311],[139.1348,34.2318],[139.136,34.2332],[139.1346,34.2346],[139.1347,34.2346],[139.1346,34.2346],[139.1347,34.2369],[139.137,34.2375],[139.1367,34.2399],[139.1375,34.2424],[139.1427,34.2439]]],[[[139.1892,34.2085],[139.1927,34.2093],[139.1931,34.2079],[139.1921,34.2068],[139.1924,34.2061],[139.1909,34.2065],[139.1892,34.2085]]]]}},{"type":"Feature","id":"Miyake","properties":{"id":"Miyake","code":133817,"name":"Miyake","name_full":"Miyake Mura","name_ja":"三宅村","name_short_ja":"三宅","region":"islands","region_ja":"島嶼部","center_lonlat":[139.5213,34.0849]},"geometry":{"type":"Polygon","coordinates":[[[139.5321,34.1244],[139.5322,34.1245],[139.5321,34.1244],[139.532,34.1242],[139.5321,34.1241],[139.532,34.1242],[139.5306,34.1245],[139.5323,34.1238],[139.5328,34.1245],[139.5358,34.1241],[139.5361,34.1233],[139.5396,34.1243],[139.54,34.1238],[139.5399,34.1238],[139.54,34.1238],[139.5467,34.1199],[139.5473,34.1172],[139.5472,34.1172],[139.5473,34.1172],[139.5512,34.1163],[139.5526,34.1148],[139.5541,34.115],[139.5541,34.1139],[139.554,34.1139],[139.5541,34.1139],[139.5571,34.1118],[139.5592,34.1115],[139.5591,34.1115],[139.5592,34.1115],[139.56,34.1114],[139.5596,34.1108],[139.5633,34.1056],[139.5632,34.1056],[139.5633,34.1056],[139.5634,34.1054],[139.5634,34.1053],[139.5634,34.1054],[139.5637,34.1027],[139.5659,34.1023],[139.5658,34.1009],[139.5648,34.1009],[139.5646,34.1002],[139.5659,34.0974],[139.5655,34.0941],[139.5667,34.0936],[139.5638,34.091],[139.5638,34.0909],[139.5638,34.091],[139.5628,34.09],[139.5632,34.0879],[139.5612,34.0855],[139.5614,34.0833],[139.5633,34.0802],[139.5667,34.0806],[139.5668,34.0798],[139.5662,34.0797],[139.5665,34.0804],[139.5653,34.0802],[139.5654,34.0796],[139.5632,34.0787],[139.5639,34.0733],[139.5626,34.0697],[139.5626,34.0696],[139.5626,34.0697],[139.5632,34.0689],[139.5612,34.0688],[139.5611,34.0677],[139.561,34.0677],[139.5611,34.0677],[139.5597,34.0654],[139.5586,34.0657],[139.5592,34.0652],[139.5587,34.0643],[139.5576,34.0646],[139.5572,34.0638],[139.5572,34.0637],[139.5572,34.0638],[139.5552,34.0634],[139.5555,34.0621],[139.5535,34.06],[139.5511,34.0594],[139.551,34.0584],[139.5465,34.0581],[139.546,34.0571],[139.5458,34.0581],[139.5425,34.0559],[139.5416,34.0566],[139.5391,34.054],[139.5392,34.054],[139.5391,34.054],[139.5387,34.0537],[139.5386,34.0537],[139.5387,34.0537],[139.5342,34.0526],[139.5344,34.0495],[139.5329,34.0482],[139.5318,34.0485],[139.5324,34.0473],[139.5323,34.0473],[139.5324,34.0473],[139.532,34.0466],[139.5302,34.0471],[139.5288,34.0461],[139.5267,34.0488],[139.5249,34.0494],[139.5228,34.0486],[139.5225,34.0469],[139.5212,34.0465],[139.52,34.0475],[139.5193,34.047],[139.5192,34.0478],[139.5133,34.0486],[139.51,34.0482],[139.5093,34.0471],[139.5057,34.0473],[139.5047,34.0462],[139.5022,34.0457],[139.5021,34.0458],[139.5022,34.0457],[139.5017,34.0455],[139.5017,34.0456],[139.5017,34.0455],[139.4989,34.0462],[139.4984,34.0473],[139.4958,34.0486],[139.4931,34.048],[139.4921,34.0489],[139.4922,34.0489],[139.4921,34.0489],[139.4921,34.0495],[139.4909,34.0496],[139.4914,34.0507],[139.4906,34.0514],[139.4891,34.0513],[139.4892,34.0513],[139.4891,34.0513],[139.4891,34.0515],[139.4892,34.0515],[139.4891,34.0515],[139.4855,34.0525],[139.4826,34.0512],[139.482,34.052],[139.4814,34.0516],[139.4814,34.0517],[139.4814,34.0516],[139.4814,34.0563],[139.4805,34.0575],[139.4792,34.0568],[139.4784,34.0576],[139.4789,34.0592],[139.4778,34.0599],[139.4779,34.0607],[139.4778,34.0607],[139.4779,34.0607],[139.4777,34.0618],[139.4777,34.0617],[139.4777,34.0618],[139.4783,34.0652],[139.4814,34.0663],[139.4819,34.0675],[139.4806,34.0671],[139.4798,34.0678],[139.4792,34.0663],[139.48,34.0663],[139.4793,34.0661],[139.4798,34.068],[139.4791,34.0683],[139.4791,34.0684],[139.4791,34.0683],[139.4775,34.068],[139.4802,34.0685],[139.4795,34.0714],[139.4776,34.0727],[139.4753,34.0728],[139.4748,34.0736],[139.4753,34.0738],[139.4744,34.074],[139.4743,34.074],[139.4744,34.074],[139.4745,34.0747],[139.4736,34.0747],[139.4741,34.0751],[139.4741,34.075],[139.4741,34.0751],[139.474,34.0761],[139.4729,34.0764],[139.4739,34.0781],[139.474,34.0781],[139.4739,34.0781],[139.4752,34.0791],[139.4752,34.0792],[139.4752,34.0791],[139.4787,34.0805],[139.4821,34.0834],[139.4815,34.0862],[139.4814,34.0862],[139.4815,34.0862],[139.4803,34.0862],[139.4825,34.0871],[139.482,34.0882],[139.4832,34.0915],[139.4863,34.0935],[139.4864,34.0935],[139.4863,34.0935],[139.487,34.0941],[139.4871,34.0941],[139.487,34.0941],[139.4887,34.0956],[139.4879,34.0983],[139.4878,34.0983],[139.4879,34.0983],[139.4884,34.0996],[139.4885,34.0996],[139.4884,34.0996],[139.4887,34.1005],[139.4916,34.1008],[139.4929,34.1019],[139.493,34.1029],[139.4944,34.1037],[139.4941,34.1054],[139.4942,34.1054],[139.4941,34.1054],[139.4921,34.1076],[139.492,34.1076],[139.4921,34.1076],[139.492,34.1091],[139.4894,34.1125],[139.4908,34.1153],[139.4907,34.1153],[139.4908,34.1153],[139.4929,34.1192],[139.4966,34.1199],[139.4988,34.1217],[139.4988,34.1218],[139.4988,34.1217],[139.502,34.1213],[139.507,34.1227],[139.5095,34.1215],[139.5096,34.1215],[139.5095,34.1215],[139.511,34.1204],[139.5138,34.1206],[139.5221,34.1251],[139.5255,34.1241],[139.5295,34.1251],[139.5321,34.1244]]]}},{"type":"Feature","id":"Mikurajima","properties":{"id":"Mikurajima","code":133825,"name":"Mikurajima","name_full":"Mikurajima Mura","name_ja":"御蔵島村","name_short_ja":"御蔵島","region":"islands","region_ja":"島嶼部","center_lonlat":[139.6032,33.8748]},"geometry":{"type":"Polygon","coordinates":[[[139.6249,33.8842],[139.625,33.8842],[139.6249,33.8842],[139.6288,33.877],[139.6287,33.877],[139.6288,33.877],[139.632,33.8711],[139.6318,33.869],[139.6317,33.869],[139.6318,33.869],[139.6283,33.8619],[139.6248,33.8575],[139.6247,33.8561],[139.6198,33.8517],[139.6045,33.8544],[139.5924,33.8543],[139.5802,33.8591],[139.5802,33.8592],[139.5802,33.8591],[139.5783,33.861],[139.5766,33.8665],[139.5773,33.8731],[139.5768,33.8794],[139.5787,33.8837],[139.582,33.8881],[139.5914,33.8982],[139.5992,33.9001],[139.6002,33.901],[139.6058,33.9009],[139.6105,33.8984],[139.6166,33.8928],[139.6186,33.8924],[139.6249,33.8842]]]}},{"type":"Feature","id":"Hachijo","properties":{"id":"Hachijo","code":134015,"name":"Hachijo","name_full":"Hachijo Machi","name_ja":"八丈町","name_short_ja":"八丈","region":"islands","region_ja":"島嶼部","center_lonlat":[139.7979,33.1064]},"geometry":{"type":"MultiPolygon","coordinates":[[[[139.7757,33.1563],[139.7758,33.1562],[139.7757,33.1563],[139.7758,33.1562],[139.7843,33.1485],[139.7844,33.1485],[139.7843,33.1485],[139.7865,33.1476],[139.7867,33.1472],[139.7868,33.1472],[139.7867,33.1472],[139.7866,33.1476],[139.7865,33.1476],[139.7866,33.1476],[139.7882,33.1463],[139.7881,33.1463],[139.7882,33.1463],[139.7933,33.1438],[139.7933,33.1439],[139.7933,33.1438],[139.7946,33.1425],[139.7961,33.1423],[139.7964,33.1404],[139.7965,33.1404],[139.7964,33.1404],[139.7963,33.14],[139.7963,33.1399],[139.7963,33.14],[139.7968,33.1382],[139.7968,33.1383],[139.7968,33.1382],[139.7969,33.1357],[139.7988,33.135],[139.7981,33.1336],[139.8013,33.1324],[139.8031,33.1329],[139.8057,33.1322],[139.8049,33.1318],[139.8055,33.1302],[139.805,33.1301],[139.8044,33.1315],[139.8024,33.1324],[139.802,33.1318],[139.8041,33.1312],[139.8056,33.1294],[139.8072,33.1304],[139.8063,33.1323],[139.8077,33.1306],[139.8077,33.1305],[139.8077,33.1306],[139.8101,33.13],[139.81,33.13],[139.8101,33.13],[139.8118,33.1285],[139.8117,33.1285],[139.8118,33.1285],[139.8141,33.1281],[139.8142,33.129],[139.8163,33.1256],[139.8168,33.1231],[139.8176,33.1229],[139.8169,33.1228],[139.8172,33.122],[139.8197,33.1231],[139.8169,33.1218],[139.8169,33.1209],[139.8177,33.1207],[139.8171,33.1202],[139.8187,33.1199],[139.8187,33.12],[139.8187,33.1199],[139.8226,33.1199],[139.8276,33.1175],[139.8371,33.1181],[139.8422,33.1165],[139.8466,33.117],[139.8455,33.1166],[139.846,33.1156],[139.8465,33.116],[139.8465,33.1161],[139.8465,33.116],[139.8461,33.115],[139.849,33.1116],[139.8509,33.1059],[139.8575,33.0988],[139.8551,33.0956],[139.8545,33.0914],[139.8544,33.0914],[139.8545,33.0914],[139.8559,33.0893],[139.856,33.0893],[139.8559,33.0893],[139.8587,33.0861],[139.8588,33.0849],[139.8589,33.0849],[139.8588,33.0849],[139.8596,33.0839],[139.8586,33.0821],[139.8585,33.0821],[139.8586,33.0821],[139.8584,33.0812],[139.8583,33.0812],[139.8584,33.0812],[139.8577,33.0801],[139.8586,33.0801],[139.8587,33.0791],[139.8551,33.0776],[139.8491,33.0781],[139.8465,33.077],[139.8457,33.0757],[139.8428,33.0763],[139.8408,33.0754],[139.8398,33.0759],[139.839,33.0751],[139.8398,33.0737],[139.8372,33.0692],[139.8372,33.0693],[139.8372,33.0692],[139.8336,33.0668],[139.8349,33.0627],[139.8337,33.0562],[139.8338,33.0562],[139.8337,33.0562],[139.8339,33.0546],[139.8367,33.0518],[139.8371,33.0494],[139.8363,33.0493],[139.8344,33.0465],[139.8319,33.0466],[139.8318,33.0467],[139.8319,33.0466],[139.8327,33.0453],[139.8301,33.0471],[139.8299,33.0482],[139.825,33.053],[139.825,33.0529],[139.825,33.053],[139.8236,33.0544],[139.8237,33.0544],[139.8236,33.0544],[139.8217,33.0554],[139.821,33.057],[139.8187,33.0588],[139.8152,33.0594],[139.8145,33.0588],[139.8144,33.0588],[139.8145,33.0588],[139.8152,33.0579],[139.8138,33.0593],[139.8138,33.0592],[139.8138,33.0593],[139.8133,33.0596],[139.8134,33.0597],[139.8133,33.0596],[139.8128,33.0596],[139.8128,33.0595],[139.8128,33.0596],[139.8102,33.0586],[139.8102,33.058],[139.8083,33.0593],[139.8083,33.0594],[139.8083,33.0593],[139.8058,33.06],[139.8061,33.0614],[139.8032,33.0634],[139.8031,33.0634],[139.8032,33.0634],[139.8031,33.0634],[139.8014,33.0638],[139.7985,33.0626],[139.7985,33.0627],[139.7985,33.0626],[139.7976,33.0621],[139.7968,33.0629],[139.7969,33.0629],[139.7968,33.0629],[139.7962,33.0625],[139.7962,33.0626],[139.7962,33.0625],[139.796,33.0626],[139.796,33.0627],[139.796,33.0626],[139.7936,33.0657],[139.7907,33.0661],[139.7877,33.0683],[139.7845,33.0693],[139.7797,33.0753],[139.7803,33.0757],[139.7805,33.0817],[139.7796,33.0858],[139.7797,33.0926],[139.7788,33.0956],[139.7764,33.0984],[139.7776,33.1004],[139.7766,33.1002],[139.7768,33.0992],[139.7756,33.0998],[139.7757,33.0982],[139.775,33.099],[139.7725,33.0977],[139.7712,33.0989],[139.7705,33.0979],[139.7712,33.1003],[139.7697,33.0991],[139.7692,33.0996],[139.7698,33.1003],[139.768,33.1007],[139.768,33.1015],[139.7653,33.1012],[139.7653,33.102],[139.7634,33.1016],[139.7614,33.1025],[139.7615,33.1025],[139.7614,33.1025],[139.7583,33.1024],[139.7557,33.1036],[139.7552,33.1051],[139.7541,33.1056],[139.7537,33.105],[139.7534,33.1071],[139.7535,33.1071],[139.7534,33.1071],[139.7531,33.1081],[139.7532,33.1081],[139.7531,33.1081],[139.7519,33.11],[139.7521,33.113],[139.7521,33.1131],[139.7521,33.113],[139.7521,33.1131],[139.7521,33.113],[139.7521,33.1131],[139.7512,33.1155],[139.7478,33.1192],[139.7443,33.1214],[139.7442,33.1232],[139.7443,33.1232],[139.7442,33.1232],[139.7435,33.1259],[139.7417,33.1268],[139.7423,33.1275],[139.7414,33.1279],[139.7398,33.1311],[139.7399,33.1327],[139.739,33.1335],[139.7398,33.134],[139.7386,33.1374],[139.7385,33.1374],[139.7386,33.1374],[139.7385,33.1376],[139.7384,33.1376],[139.7385,33.1376],[139.7384,33.1419],[139.7395,33.1433],[139.7392,33.1449],[139.7393,33.1449],[139.7392,33.1449],[139.7386,33.1458],[139.7407,33.1469],[139.7407,33.1468],[139.7407,33.1469],[139.7429,33.1506],[139.7425,33.1513],[139.7434,33.1515],[139.7436,33.1533],[139.7437,33.1533],[139.7436,33.1533],[139.7431,33.1538],[139.7439,33.1539],[139.7439,33.154],[139.7439,33.1539],[139.7452,33.1549],[139.7452,33.1548],[139.7452,33.1549],[139.7458,33.1558],[139.7469,33.1556],[139.7468,33.1564],[139.7517,33.1572],[139.7523,33.1579],[139.755,33.1577],[139.7586,33.1596],[139.7653,33.158],[139.7675,33.1584],[139.7681,33.1577],[139.7722,33.159],[139.7723,33.1577],[139.7744,33.1577],[139.7752,33.1561],[139.7757,33.1563]]],[[[139.6759,33.134],[139.676,33.134],[139.6759,33.134],[139.6768,33.1365],[139.678,33.1354],[139.678,33.1355],[139.678,33.1354],[139.6791,33.1343],[139.679,33.1342],[139.6791,33.1343],[139.682,33.1354],[139.6829,33.1366],[139.6858,33.1367],[139.6875,33.1359],[139.6877,33.1338],[139.6897,33.1315],[139.6896,33.1315],[139.6897,33.1315],[139.6949,33.1292],[139.695,33.1292],[139.6949,33.1292],[139.6952,33.1291],[139.6951,33.1291],[139.695,33.1292],[139.6951,33.1291],[139.6952,33.1291],[139.6981,33.1263],[139.6991,33.1241],[139.6994,33.1193],[139.7012,33.1179],[139.7011,33.1179],[139.7012,33.1179],[139.6998,33.1164],[139.6997,33.1164],[139.6998,33.1164],[139.6986,33.1155],[139.6984,33.1166],[139.6974,33.117],[139.6923,33.1175],[139.6923,33.1176],[139.6923,33.1175],[139.6907,33.1172],[139.6907,33.1173],[139.6907,33.1172],[139.6882,33.1162],[139.6841,33.1183],[139.6841,33.1183],[139.6841,33.1182],[139.6841,33.1183],[139.6809,33.1256],[139.677,33.1296],[139.6759,33.1298],[139.676,33.1298],[139.6759,33.1298],[139.6759,33.1299],[139.6758,33.1299],[139.6759,33.1299],[139.6755,33.131],[139.6755,33.1309],[139.6755,33.131],[139.6766,33.132],[139.6762,33.1328],[139.6762,33.1327],[139.6762,33.1328],[139.6756,33.1329],[139.6756,33.133],[139.6756,33.1329],[139.6759,33.134]]]]}},{"type":"Feature","id":"Aogashima","properties":{"id":"Aogashima","code":134023,"name":"Aogashima","name_full":"Aogashima Mura","name_ja":"青ヶ島村","name_short_ja":"青ヶ島","region":"islands","region_ja":"島嶼部","center_lonlat":[139.7664,32.4574]},"geometry":{"type":"Polygon","coordinates":[[[139.7802,32.4585],[139.7803,32.4585],[139.7802,32.4585],[139.7812,32.4572],[139.7803,32.4563],[139.7802,32.4541],[139.7814,32.452],[139.7806,32.4489],[139.7794,32.4474],[139.7688,32.4429],[139.7673,32.443],[139.764,32.4458],[139.7597,32.4462],[139.7597,32.4474],[139.7556,32.4497],[139.7546,32.4513],[139.7544,32.4673],[139.7551,32.4717],[139.7561,32.4727],[139.7591,32.4735],[139.7627,32.4713],[139.7699,32.4691],[139.7731,32.4643],[139.776,32.4621],[139.7775,32.462],[139.7802,32.4585]]]}},{"type":"Feature","id":"Ogasawara","properties":{"id":"Ogasawara","code":134210,"name":"Ogasawara","name_full":"Ogasawara Mura","name_ja":"小笠原村","name_short_ja":"小笠原","region":"islands","region_ja":"島嶼部","center_lonlat":[142.2092,27.07]},"geometry":{"type":"MultiPolygon","coordinates":[[[[142.1908,27.1045],[142.1908,27.1044],[142.1908,27.1045],[142.1927,27.1061],[142.1936,27.1057],[142.1937,27.1038],[142.1956,27.1039],[142.1956,27.1047],[142.1957,27.1048],[142.1956,27.1047],[142.1958,27.1052],[142.1958,27.1051],[142.1958,27.1052],[142.1968,27.1057],[142.1977,27.1046],[142.1983,27.1055],[142.1989,27.1048],[142.2019,27.1047],[142.2026,27.1056],[142.2051,27.1055],[142.2051,27.1037],[142.2075,27.1031],[142.2075,27.103],[142.2075,27.1031],[142.2107,27.1026],[142.2112,27.1035],[142.2113,27.1035],[142.2112,27.1035],[142.2112,27.1037],[142.2111,27.1037],[142.2112,27.1037],[142.2135,27.1028],[142.2127,27.1028],[142.2131,27.1017],[142.2131,27.1016],[142.2131,27.1017],[142.2137,27.1014],[142.2137,27.1013],[142.2137,27.1014],[142.2157,27.1001],[142.2181,27.1013],[142.219,27.1008],[142.2189,27.1008],[142.219,27.1008],[142.2177,27.1001],[142.2176,27.0988],[142.2191,27.0967],[142.219,27.0967],[142.2191,27.0967],[142.2195,27.0959],[142.2204,27.0962],[142.2203,27.0962],[142.2204,27.0962],[142.2212,27.096],[142.221,27.0947],[142.2231,27.0931],[142.2233,27.092],[142.2233,27.0919],[142.2233,27.092],[142.2233,27.0919],[142.225,27.0898],[142.2251,27.0881],[142.225,27.0881],[142.2251,27.0881],[142.2253,27.0875],[142.2244,27.0876],[142.2231,27.0854],[142.2253,27.0833],[142.2243,27.0824],[142.2246,27.0816],[142.2259,27.0806],[142.2286,27.0813],[142.2286,27.0812],[142.2286,27.0813],[142.229,27.0811],[142.229,27.0812],[142.229,27.0811],[142.2297,27.0815],[142.2306,27.079],[142.2326,27.078],[142.2329,27.0762],[142.2328,27.0762],[142.2329,27.0762],[142.2327,27.0738],[142.2326,27.0738],[142.2327,27.0738],[142.233,27.0728],[142.2315,27.0717],[142.2317,27.0701],[142.2308,27.069],[142.2318,27.0648],[142.2317,27.0648],[142.2318,27.0648],[142.2328,27.0625],[142.2318,27.0627],[142.2301,27.0602],[142.2302,27.0602],[142.2301,27.0602],[142.2323,27.0579],[142.2321,27.0568],[142.2332,27.0568],[142.2331,27.0568],[142.2332,27.0568],[142.236,27.0551],[142.236,27.055],[142.236,27.0551],[142.2369,27.0543],[142.2369,27.0542],[142.2369,27.0543],[142.2374,27.0537],[142.2374,27.0536],[142.2374,27.0537],[142.2379,27.0522],[142.2378,27.0522],[142.2379,27.0522],[142.2372,27.0511],[142.2371,27.0512],[142.2372,27.0511],[142.2354,27.0506],[142.237,27.0496],[142.2371,27.0496],[142.237,27.0496],[142.2341,27.0498],[142.2341,27.0499],[142.2341,27.0498],[142.2338,27.05],[142.2339,27.05],[142.2338,27.05],[142.2337,27.0506],[142.2347,27.0508],[142.2294,27.0545],[142.2296,27.056],[142.2296,27.0561],[142.2296,27.056],[142.2288,27.0567],[142.228,27.0563],[142.2279,27.0563],[142.228,27.0563],[142.2256,27.0541],[142.2255,27.0541],[142.2256,27.0541],[142.2243,27.0532],[142.2224,27.0539],[142.222,27.0529],[142.2235,27.0523],[142.2236,27.0523],[142.2235,27.0523],[142.2235,27.0521],[142.2234,27.052],[142.2235,27.0521],[142.2246,27.0519],[142.2264,27.0497],[142.2254,27.048],[142.2263,27.0461],[142.2259,27.0453],[142.2244,27.0452],[142.2238,27.046],[142.2227,27.0453],[142.2229,27.044],[142.2239,27.0434],[142.2251,27.0438],[142.225,27.0438],[142.2251,27.0438],[142.2252,27.0433],[142.2251,27.0433],[142.2252,27.0433],[142.2246,27.0427],[142.2246,27.0428],[142.2246,27.0427],[142.2239,27.0426],[142.227,27.0411],[142.2254,27.0392],[142.2253,27.0392],[142.2254,27.0392],[142.2283,27.039],[142.2299,27.0373],[142.2298,27.0373],[142.2299,27.0373],[142.2293,27.0358],[142.2231,27.0359],[142.2221,27.0369],[142.2219,27.0359],[142.2196,27.0361],[142.2207,27.037],[142.2192,27.0372],[142.2191,27.0383],[142.2192,27.0385],[142.2191,27.0383],[142.2208,27.0399],[142.219,27.0416],[142.2167,27.0414],[142.2142,27.039],[142.2133,27.0394],[142.2135,27.0396],[142.2133,27.0394],[142.2123,27.0406],[142.2114,27.0399],[142.2116,27.0384],[142.2115,27.0384],[142.2116,27.0384],[142.2104,27.0387],[142.2101,27.0405],[142.2101,27.0404],[142.2101,27.0405],[142.2082,27.0402],[142.2078,27.0413],[142.2078,27.0414],[142.2078,27.0413],[142.2062,27.0441],[142.2029,27.0443],[142.2029,27.0444],[142.2029,27.0443],[142.1998,27.0454],[142.1998,27.0455],[142.1998,27.0454],[142.1965,27.0445],[142.1952,27.0426],[142.1951,27.0426],[142.1952,27.0426],[142.1945,27.0415],[142.1944,27.0416],[142.1945,27.0415],[142.1937,27.0412],[142.1936,27.042],[142.1912,27.0423],[142.1898,27.0438],[142.187,27.0446],[142.1869,27.0446],[142.187,27.0446],[142.1863,27.0439],[142.1862,27.0397],[142.1841,27.0455],[142.1853,27.0461],[142.1853,27.0482],[142.1886,27.0484],[142.1897,27.0509],[142.1888,27.0531],[142.1893,27.0541],[142.1892,27.0541],[142.1893,27.0541],[142.1898,27.0554],[142.1891,27.056],[142.1875,27.056],[142.1871,27.0548],[142.1871,27.0549],[142.1871,27.0548],[142.1862,27.0551],[142.1879,27.058],[142.188,27.058],[142.1879,27.058],[142.1873,27.061],[142.1891,27.0616],[142.1898,27.061],[142.1897,27.061],[142.1898,27.061],[142.1924,27.0592],[142.1943,27.0593],[142.1951,27.0605],[142.1951,27.0614],[142.1941,27.0617],[142.1948,27.0631],[142.1936,27.0634],[142.1929,27.0646],[142.1911,27.0639],[142.1914,27.0652],[142.1932,27.0665],[142.193,27.0675],[142.1887,27.0681],[142.1899,27.0685],[142.19,27.0694],[142.1877,27.0703],[142.1878,27.0703],[142.1877,27.0703],[142.1878,27.0714],[142.1863,27.0711],[142.1863,27.0712],[142.1863,27.0711],[142.1839,27.0706],[142.1839,27.0707],[142.1839,27.0706],[142.1837,27.0706],[142.1837,27.0707],[142.1837,27.0706],[142.1821,27.0705],[142.1823,27.0738],[142.1824,27.0738],[142.1823,27.0738],[142.1818,27.0744],[142.184,27.0755],[142.1851,27.0738],[142.1859,27.0748],[142.1869,27.0727],[142.1891,27.0735],[142.1891,27.0734],[142.1891,27.0735],[142.191,27.0738],[142.1918,27.0752],[142.1938,27.0757],[142.1939,27.0758],[142.1938,27.0757],[142.1942,27.0754],[142.1942,27.0753],[142.1942,27.0754],[142.2012,27.0749],[142.2013,27.0738],[142.203,27.073],[142.2059,27.0752],[142.2049,27.0774],[142.2069,27.0779],[142.2068,27.0807],[142.2069,27.0807],[142.2068,27.0807],[142.2072,27.0812],[142.2073,27.0812],[142.2072,27.0812],[142.2073,27.0814],[142.2074,27.0814],[142.2073,27.0814],[142.2073,27.0827],[142.2084,27.0831],[142.2074,27.0857],[142.2061,27.0863],[142.2038,27.0849],[142.2041,27.0865],[142.2034,27.0867],[142.2035,27.0867],[142.2034,27.0867],[142.2022,27.0872],[142.2021,27.0871],[142.2022,27.0872],[142.2022,27.0885],[142.2036,27.0899],[142.2037,27.0939],[142.2025,27.0956],[142.1992,27.0961],[142.2013,27.0959],[142.2033,27.0987],[142.2011,27.0994],[142.198,27.0984],[142.199,27.0977],[142.1987,27.0964],[142.1947,27.0941],[142.1953,27.0934],[142.1936,27.0941],[142.1913,27.0921],[142.1911,27.0908],[142.1932,27.0896],[142.1934,27.0893],[142.1932,27.0896],[142.1865,27.088],[142.1856,27.0916],[142.1837,27.0929],[142.1822,27.0928],[142.1819,27.0945],[142.1828,27.0967],[142.1829,27.0967],[142.1828,27.0967],[142.183,27.0976],[142.183,27.0977],[142.183,27.0976],[142.1827,27.0988],[142.1828,27.0988],[142.1827,27.0988],[142.1814,27.1004],[142.1833,27.1034],[142.1873,27.1056],[142.1888,27.1045],[142.1908,27.1045]]],[[[141.3117,24.8039],[141.3118,24.8038],[141.3117,24.8039],[141.3128,24.8041],[141.3134,24.8055],[141.3175,24.8061],[141.3195,24.8075],[141.3195,24.8074],[141.3195,24.8075],[141.3217,24.8091],[141.3212,24.8106],[141.3224,24.8124],[141.3224,24.8123],[141.3224,24.8124],[141.3245,24.812],[141.3244,24.812],[141.3245,24.812],[141.3276,24.8116],[141.3287,24.8122],[141.3288,24.8122],[141.3287,24.8122],[141.3289,24.8129],[141.3299,24.8124],[141.3298,24.8108],[141.3358,24.8062],[141.3409,24.7998],[141.3424,24.7967],[141.3472,24.7831],[141.3464,24.779],[141.345,24.778],[141.345,24.7781],[141.345,24.778],[141.3425,24.7745],[141.3425,24.7746],[141.3425,24.7745],[141.3363,24.7707],[141.3231,24.7705],[141.3088,24.7602],[141.2951,24.7536],[141.2931,24.7517],[141.2928,24.7497],[141.2884,24.7462],[141.2884,24.7463],[141.2884,24.7462],[141.2871,24.7457],[141.287,24.7457],[141.2871,24.7457],[141.2867,24.7451],[141.2863,24.7459],[141.2863,24.746],[141.2863,24.7459],[141.2853,24.7459],[141.2854,24.7459],[141.2853,24.7459],[141.2847,24.746],[141.2856,24.7465],[141.2857,24.7493],[141.2858,24.7493],[141.2857,24.7493],[141.2848,24.7508],[141.2856,24.7542],[141.2885,24.7581],[141.2913,24.7639],[141.2937,24.7717],[141.2935,24.7808],[141.2925,24.7841],[141.2908,24.7865],[141.2889,24.7875],[141.2877,24.7874],[141.286,24.7856],[141.2859,24.7885],[141.286,24.7885],[141.2859,24.7885],[141.287,24.7899],[141.2903,24.7894],[141.2995,24.7943],[141.3028,24.7951],[141.3064,24.7978],[141.3069,24.7993],[141.309,24.8007],[141.3091,24.8019],[141.3116,24.8031],[141.3117,24.8039]]],[[[142.124,26.7142],[142.1241,26.7142],[142.124,26.7142],[142.1251,26.7144],[142.1251,26.7143],[142.1251,26.7144],[142.126,26.7144],[142.1252,26.7136],[142.1266,26.7126],[142.1271,26.7111],[142.1285,26.7109],[142.1276,26.7097],[142.1298,26.709],[142.1297,26.7089],[142.1298,26.709],[142.1304,26.7088],[142.129,26.708],[142.1289,26.708],[142.129,26.708],[142.1304,26.708],[142.13,26.7074],[142.1299,26.7074],[142.13,26.7074],[142.1309,26.7074],[142.1314,26.706],[142.1307,26.7056],[142.1307,26.7042],[142.1322,26.7038],[142.1319,26.7031],[142.1318,26.7031],[142.1319,26.7031],[142.1319,26.703],[142.1319,26.7031],[142.1329,26.7016],[142.1337,26.702],[142.1331,26.7009],[142.134,26.7009],[142.1339,26.6996],[142.1352,26.6993],[142.1353,26.6993],[142.1352,26.6993],[142.1355,26.7],[142.1355,26.6999],[142.1355,26.7],[142.1356,26.7],[142.1356,26.6999],[142.1356,26.7],[142.1365,26.7004],[142.1389,26.6995],[142.1395,26.7007],[142.1425,26.6979],[142.1425,26.698],[142.1425,26.6979],[142.143,26.6987],[142.1415,26.7005],[142.1414,26.7005],[142.1415,26.7005],[142.1415,26.7019],[142.1416,26.7019],[142.1415,26.7019],[142.1421,26.7032],[142.1422,26.7032],[142.1421,26.7032],[142.1408,26.7061],[142.1409,26.7061],[142.1408,26.7061],[142.1406,26.7081],[142.142,26.7086],[142.1438,26.7076],[142.1435,26.7063],[142.1454,26.7064],[142.1455,26.7064],[142.1454,26.7064],[142.1487,26.7076],[142.1502,26.7062],[142.1501,26.7062],[142.1502,26.7062],[142.1502,26.706],[142.1501,26.706],[142.1502,26.706],[142.1504,26.7057],[142.1503,26.7056],[142.1504,26.7057],[142.1505,26.7057],[142.1505,26.7056],[142.1505,26.7057],[142.1511,26.7064],[142.1512,26.7064],[142.1511,26.7064],[142.1511,26.7065],[142.1512,26.7065],[142.1511,26.7065],[142.1525,26.7059],[142.1527,26.7066],[142.1528,26.7066],[142.1527,26.7066],[142.1531,26.7084],[142.1531,26.7083],[142.1531,26.7084],[142.154,26.7091],[142.1564,26.7074],[142.1563,26.7074],[142.1564,26.7074],[142.1583,26.7058],[142.1587,26.7037],[142.161,26.7031],[142.1617,26.7043],[142.1622,26.704],[142.1621,26.704],[142.1622,26.704],[142.1624,26.7038],[142.1624,26.7037],[142.1624,26.7038],[142.1622,26.7032],[142.1621,26.7032],[142.1622,26.7032],[142.165,26.7023],[142.1649,26.7023],[142.165,26.7023],[142.1648,26.7015],[142.1647,26.7015],[142.1648,26.7015],[142.1641,26.7004],[142.1641,26.7005],[142.1641,26.7004],[142.1641,26.7003],[142.164,26.7003],[142.1641,26.7003],[142.1627,26.7003],[142.1627,26.7004],[142.1627,26.7003],[142.1604,26.7016],[142.1585,26.6999],[142.1572,26.7001],[142.1568,26.6991],[142.1538,26.6986],[142.1537,26.6986],[142.1538,26.6986],[142.1523,26.6975],[142.1523,26.6976],[142.1523,26.6975],[142.1512,26.697],[142.1511,26.697],[142.1512,26.697],[142.1506,26.6941],[142.1482,26.6945],[142.1461,26.6938],[142.1454,26.6914],[142.1466,26.6901],[142.1465,26.6901],[142.1466,26.6901],[142.1467,26.6898],[142.1466,26.6898],[142.1467,26.6898],[142.1469,26.6894],[142.1468,26.6894],[142.1469,26.6894],[142.1465,26.6854],[142.1472,26.6849],[142.1472,26.6848],[142.1472,26.6849],[142.1492,26.6837],[142.1507,26.6838],[142.1507,26.6837],[142.1507,26.6838],[142.1519,26.6835],[142.1583,26.686],[142.1584,26.686],[142.1583,26.686],[142.1605,26.6869],[142.1605,26.6868],[142.1605,26.6869],[142.1611,26.6868],[142.1611,26.6867],[142.1611,26.6868],[142.1627,26.6867],[142.1627,26.6866],[142.1627,26.6867],[142.1653,26.6869],[142.1662,26.688],[142.1663,26.688],[142.1662,26.688],[142.1662,26.6886],[142.1663,26.6886],[142.1662,26.6886],[142.1677,26.6899],[142.1685,26.6899],[142.1685,26.6892],[142.1684,26.6892],[142.1685,26.6892],[142.1677,26.6859],[142.1661,26.6842],[142.166,26.6842],[142.1661,26.6842],[142.1662,26.6838],[142.1661,26.6838],[142.1662,26.6838],[142.1669,26.6808],[142.1659,26.6801],[142.1659,26.68],[142.1659,26.6801],[142.1647,26.6791],[142.1653,26.6786],[142.1652,26.6786],[142.1653,26.6786],[142.1646,26.6779],[142.1646,26.678],[142.1646,26.6779],[142.1633,26.6772],[142.1623,26.6751],[142.1622,26.6751],[142.1623,26.6751],[142.1623,26.675],[142.1624,26.675],[142.1623,26.675],[142.1609,26.6744],[142.1625,26.6705],[142.1624,26.6705],[142.1625,26.6705],[142.1623,26.6665],[142.1622,26.6665],[142.1623,26.6665],[142.1638,26.6643],[142.1635,26.6628],[142.1644,26.6609],[142.1645,26.6609],[142.1644,26.6609],[142.1642,26.6604],[142.1641,26.6604],[142.1642,26.6604],[142.1664,26.6593],[142.1666,26.6582],[142.17,26.6582],[142.1733,26.6562],[142.1733,26.6561],[142.1733,26.6562],[142.1738,26.656],[142.1738,26.6559],[142.1738,26.656],[142.1756,26.6569],[142.1767,26.656],[142.1767,26.6559],[142.1767,26.656],[142.1778,26.6561],[142.1778,26.656],[142.1778,26.6561],[142.1797,26.6562],[142.1798,26.6562],[142.1797,26.6562],[142.1807,26.6572],[142.1822,26.657],[142.1825,26.6581],[142.1817,26.6592],[142.1829,26.6596],[142.183,26.6595],[142.1829,26.6596],[142.1835,26.6599],[142.1835,26.6598],[142.1835,26.6599],[142.1842,26.66],[142.1848,26.6589],[142.1873,26.6598],[142.1873,26.6597],[142.1873,26.6598],[142.188,26.6596],[142.188,26.6595],[142.188,26.6596],[142.1891,26.6594],[142.1875,26.6576],[142.1884,26.6568],[142.1883,26.6568],[142.1884,26.6568],[142.1881,26.6553],[142.1849,26.656],[142.1848,26.656],[142.1849,26.656],[142.1851,26.6555],[142.185,26.6555],[142.1851,26.6555],[142.185,26.6538],[142.185,26.6537],[142.185,26.6538],[142.1847,26.6537],[142.1847,26.6538],[142.1847,26.6537],[142.1841,26.6547],[142.1826,26.6545],[142.1821,26.6534],[142.1802,26.6531],[142.1794,26.6539],[142.1795,26.6539],[142.1794,26.6539],[142.1782,26.6548],[142.1756,26.655],[142.1742,26.6542],[142.1738,26.6524],[142.1739,26.6524],[142.1738,26.6524],[142.1743,26.6489],[142.1742,26.6489],[142.1743,26.6489],[142.1746,26.6482],[142.1745,26.6482],[142.1746,26.6482],[142.1746,26.6479],[142.1745,26.6479],[142.1746,26.6479],[142.1729,26.6455],[142.1734,26.6447],[142.1722,26.6439],[142.1722,26.644],[142.1722,26.6439],[142.1712,26.6431],[142.1726,26.641],[142.172,26.6404],[142.172,26.6405],[142.172,26.6404],[142.1719,26.6404],[142.1718,26.6405],[142.1719,26.6404],[142.1725,26.6401],[142.1725,26.6402],[142.1725,26.6401],[142.1734,26.6379],[142.1734,26.638],[142.1734,26.6379],[142.173,26.6374],[142.1729,26.6374],[142.173,26.6374],[142.173,26.6361],[142.173,26.636],[142.173,26.6361],[142.1735,26.6358],[142.1735,26.6357],[142.1735,26.6358],[142.1771,26.6343],[142.1774,26.6334],[142.1773,26.6334],[142.1774,26.6334],[142.1787,26.6324],[142.1786,26.6324],[142.1787,26.6324],[142.1804,26.631],[142.1802,26.6295],[142.1811,26.6288],[142.1806,26.6254],[142.1805,26.6254],[142.1806,26.6254],[142.1803,26.6246],[142.1811,26.6241],[142.1811,26.624],[142.1811,26.6241],[142.1813,26.6241],[142.1813,26.624],[142.1813,26.6241],[142.1822,26.6224],[142.1816,26.6211],[142.182,26.6192],[142.1811,26.6182],[142.181,26.6182],[142.1811,26.6182],[142.1813,26.6144],[142.1812,26.6144],[142.1813,26.6144],[142.1817,26.614],[142.1817,26.6139],[142.1817,26.614],[142.1824,26.6128],[142.1823,26.6128],[142.1824,26.6128],[142.1835,26.6116],[142.182,26.611],[142.1817,26.6098],[142.1816,26.6098],[142.1817,26.6098],[142.1806,26.6089],[142.1797,26.6094],[142.1796,26.6094],[142.1797,26.6094],[142.1793,26.6084],[142.1792,26.6084],[142.1793,26.6084],[142.178,26.6077],[142.1781,26.6077],[142.178,26.6077],[142.1771,26.6084],[142.1772,26.6084],[142.1771,26.6084],[142.1771,26.6086],[142.1772,26.6086],[142.1771,26.6086],[142.1764,26.6096],[142.1749,26.6095],[142.1745,26.608],[142.1736,26.608],[142.1737,26.6087],[142.1738,26.6087],[142.1737,26.6087],[142.1736,26.6095],[142.1737,26.6095],[142.1736,26.6095],[142.1745,26.6107],[142.1746,26.6107],[142.1745,26.6107],[142.1744,26.6115],[142.1753,26.6118],[142.1753,26.6117],[142.1753,26.6118],[142.1751,26.6125],[142.1752,26.6125],[142.1751,26.6125],[142.1759,26.6126],[142.1759,26.6125],[142.1759,26.6126],[142.1781,26.6151],[142.178,26.6151],[142.1781,26.6151],[142.1763,26.616],[142.1765,26.6174],[142.1772,26.6175],[142.1773,26.6175],[142.1772,26.6175],[142.1771,26.6176],[142.1772,26.6176],[142.1771,26.6176],[142.1773,26.6197],[142.1774,26.6197],[142.1773,26.6197],[142.1759,26.62],[142.1764,26.6215],[142.1743,26.6219],[142.1747,26.6229],[142.1746,26.6229],[142.1747,26.6229],[142.1761,26.6229],[142.1755,26.6238],[142.1765,26.6241],[142.1743,26.6247],[142.1743,26.6248],[142.1743,26.6247],[142.1739,26.6248],[142.174,26.6248],[142.1739,26.6248],[142.173,26.6283],[142.172,26.6282],[142.1719,26.6292],[142.172,26.6292],[142.1719,26.6292],[142.1712,26.6305],[142.1713,26.6305],[142.1712,26.6305],[142.1695,26.6323],[142.1676,26.6313],[142.1675,26.6313],[142.1676,26.6313],[142.1651,26.6313],[142.1639,26.6298],[142.1639,26.6299],[142.1639,26.6298],[142.1619,26.6302],[142.1612,26.632],[142.1613,26.632],[142.1612,26.632],[142.1606,26.6355],[142.1612,26.6367],[142.1613,26.6367],[142.1612,26.6367],[142.161,26.6374],[142.1611,26.6374],[142.161,26.6374],[142.1609,26.6381],[142.161,26.6381],[142.1609,26.6381],[142.1614,26.6393],[142.16,26.6398],[142.1594,26.6382],[142.1585,26.6388],[142.1575,26.6379],[142.1567,26.6357],[142.1583,26.6348],[142.154,26.6358],[142.1533,26.6389],[142.1534,26.6389],[142.1533,26.6389],[142.1531,26.6394],[142.1532,26.6394],[142.1531,26.6394],[142.153,26.6404],[142.1531,26.6404],[142.153,26.6404],[142.1529,26.6407],[142.153,26.6407],[142.1529,26.6407],[142.1532,26.6421],[142.1532,26.6422],[142.1532,26.6421],[142.1514,26.6448],[142.1527,26.6467],[142.1518,26.6477],[142.15,26.648],[142.1501,26.648],[142.15,26.648],[142.1484,26.6491],[142.1485,26.6512],[142.1474,26.6512],[142.1469,26.6518],[142.1475,26.6521],[142.1463,26.6529],[142.1464,26.6529],[142.1463,26.6529],[142.1468,26.6537],[142.1484,26.653],[142.1486,26.6541],[142.1487,26.6542],[142.1486,26.6541],[142.1475,26.6547],[142.1475,26.6548],[142.1475,26.6547],[142.1467,26.6553],[142.1473,26.6565],[142.1462,26.6567],[142.1463,26.6567],[142.1462,26.6567],[142.1448,26.6564],[142.145,26.6582],[142.1462,26.6583],[142.1462,26.6582],[142.1462,26.6583],[142.1462,26.6584],[142.1463,26.6584],[142.1462,26.6584],[142.1465,26.6591],[142.1466,26.6591],[142.1465,26.6591],[142.1492,26.6627],[142.1491,26.6662],[142.147,26.6678],[142.1444,26.6664],[142.1444,26.6663],[142.1444,26.6664],[142.1422,26.6658],[142.1414,26.6672],[142.1413,26.6672],[142.1414,26.6672],[142.1416,26.6674],[142.1417,26.6673],[142.1416,26.6674],[142.1416,26.6675],[142.1417,26.6675],[142.1416,26.6675],[142.1415,26.6678],[142.1416,26.6678],[142.1415,26.6678],[142.1415,26.668],[142.1416,26.668],[142.1415,26.668],[142.1419,26.6687],[142.1433,26.6682],[142.1429,26.6695],[142.1437,26.6699],[142.1438,26.6699],[142.1437,26.6699],[142.1431,26.6702],[142.1441,26.6701],[142.1443,26.6709],[142.1435,26.6727],[142.145,26.6745],[142.1445,26.6766],[142.1437,26.6769],[142.1437,26.677],[142.1437,26.6769],[142.1428,26.6769],[142.1428,26.677],[142.1428,26.6769],[142.1423,26.6777],[142.1424,26.6778],[142.1423,26.6777],[142.1415,26.678],[142.1415,26.6781],[142.1415,26.678],[142.1403,26.6786],[142.1403,26.6787],[142.1403,26.6786],[142.1402,26.6786],[142.1402,26.6787],[142.1402,26.6786],[142.1395,26.6785],[142.1398,26.679],[142.1398,26.6791],[142.1398,26.679],[142.1395,26.6791],[142.1395,26.6792],[142.1395,26.6791],[142.1389,26.6798],[142.1389,26.6799],[142.1389,26.6798],[142.1382,26.6803],[142.1383,26.6803],[142.1382,26.6803],[142.1363,26.6814],[142.1364,26.6822],[142.1365,26.6822],[142.1364,26.6822],[142.1362,26.6826],[142.1363,26.6826],[142.1362,26.6826],[142.1361,26.6831],[142.136,26.6831],[142.1361,26.6831],[142.1365,26.684],[142.1366,26.684],[142.1365,26.684],[142.1363,26.6842],[142.1363,26.6843],[142.1363,26.6842],[142.1349,26.686],[142.135,26.6861],[142.1349,26.686],[142.1339,26.6863],[142.134,26.6863],[142.1339,26.6863],[142.1312,26.6884],[142.1312,26.6885],[142.1312,26.6884],[142.131,26.6888],[142.1311,26.6887],[142.1312,26.6887],[142.1311,26.6887],[142.131,26.6888],[142.1307,26.6894],[142.1307,26.6893],[142.1307,26.6894],[142.1299,26.6913],[142.1299,26.6914],[142.1299,26.6913],[142.1301,26.6939],[142.1285,26.6956],[142.1285,26.6955],[142.1285,26.6956],[142.1285,26.6957],[142.1286,26.6957],[142.1285,26.6957],[142.1286,26.6984],[142.1287,26.6984],[142.1286,26.6984],[142.1279,26.6992],[142.1284,26.7009],[142.1274,26.7009],[142.1274,26.701],[142.1274,26.7009],[142.1266,26.7014],[142.1267,26.7014],[142.1266,26.7014],[142.1261,26.7023],[142.1261,26.7024],[142.1261,26.7023],[142.1256,26.7028],[142.1257,26.7028],[142.1256,26.7028],[142.1253,26.7036],[142.1252,26.7036],[142.1253,26.7036],[142.1253,26.7041],[142.1254,26.7041],[142.1253,26.7041],[142.1227,26.7063],[142.1232,26.7083],[142.1231,26.7083],[142.1232,26.7083],[142.123,26.71],[142.1231,26.71],[142.123,26.71],[142.1228,26.7104],[142.1229,26.7105],[142.1228,26.7104],[142.1217,26.7112],[142.1228,26.7112],[142.1232,26.7141],[142.124,26.7142]]],[[[142.1923,27.1438],[142.1922,27.1438],[142.1923,27.1438],[142.1921,27.1434],[142.1921,27.1433],[142.1921,27.1434],[142.1924,27.1429],[142.193,27.1437],[142.1941,27.1436],[142.1936,27.1417],[142.1944,27.1402],[142.1944,27.1401],[142.1944,27.1402],[142.1961,27.1403],[142.1957,27.1398],[142.1956,27.1398],[142.1957,27.1398],[142.1958,27.1398],[142.1957,27.1397],[142.1958,27.1398],[142.1946,27.1378],[142.1971,27.1361],[142.1968,27.1355],[142.1996,27.1348],[142.2001,27.1326],[142.2023,27.1333],[142.2023,27.1332],[142.2023,27.1333],[142.2036,27.1346],[142.2049,27.134],[142.205,27.1339],[142.2051,27.1338],[142.205,27.1339],[142.2049,27.134],[142.2048,27.1348],[142.2055,27.1344],[142.2056,27.1343],[142.2055,27.1344],[142.2069,27.1341],[142.2069,27.1328],[142.2058,27.133],[142.2059,27.1319],[142.2059,27.132],[142.2059,27.1319],[142.2051,27.131],[142.2051,27.1311],[142.2051,27.131],[142.2049,27.1309],[142.2048,27.1309],[142.2049,27.1309],[142.2051,27.1283],[142.205,27.1283],[142.2051,27.1283],[142.2059,27.1291],[142.2096,27.1297],[142.2097,27.1297],[142.2096,27.1297],[142.2096,27.1299],[142.2097,27.1299],[142.2096,27.1299],[142.2165,27.1325],[142.2166,27.1336],[142.2196,27.1327],[142.2192,27.1313],[142.2193,27.1313],[142.2192,27.1313],[142.2189,27.1304],[142.2188,27.1304],[142.2189,27.1304],[142.218,27.1291],[142.218,27.129],[142.218,27.1291],[142.2201,27.1283],[142.2205,27.1269],[142.2215,27.1276],[142.2216,27.1265],[142.2233,27.1255],[142.2233,27.1244],[142.2232,27.1244],[142.2233,27.1244],[142.2242,27.1231],[142.2242,27.123],[142.2242,27.1231],[142.2257,27.1242],[142.2268,27.1239],[142.2266,27.1224],[142.2273,27.1216],[142.226,27.1212],[142.226,27.1201],[142.2259,27.1201],[142.226,27.1201],[142.2276,27.1197],[142.2265,27.1194],[142.2273,27.1181],[142.2258,27.1168],[142.2274,27.1152],[142.2273,27.1152],[142.2274,27.1152],[142.2301,27.1144],[142.23,27.1144],[142.2301,27.1144],[142.2324,27.1141],[142.2324,27.1142],[142.2324,27.1141],[142.2357,27.114],[142.236,27.1117],[142.2359,27.1118],[142.236,27.1117],[142.2349,27.1106],[142.2356,27.1096],[142.2343,27.1101],[142.2339,27.1091],[142.233,27.109],[142.233,27.1089],[142.233,27.109],[142.2305,27.1102],[142.2305,27.1103],[142.2305,27.1102],[142.2272,27.1105],[142.2272,27.1104],[142.2272,27.1105],[142.2258,27.1111],[142.2253,27.1104],[142.2239,27.1108],[142.2227,27.1101],[142.2206,27.1109],[142.2197,27.1103],[142.2199,27.1088],[142.2199,27.1087],[142.2199,27.1088],[142.2192,27.1088],[142.2192,27.1089],[142.2192,27.1088],[142.218,27.1092],[142.2167,27.1084],[142.2135,27.1093],[142.2135,27.1094],[142.2135,27.1093],[142.2104,27.1092],[142.2104,27.1091],[142.2104,27.1092],[142.209,27.1087],[142.2068,27.1094],[142.2067,27.1094],[142.2068,27.1094],[142.2063,27.1093],[142.2063,27.1094],[142.2063,27.1093],[142.2046,27.1104],[142.2007,27.1098],[142.2004,27.1107],[142.2027,27.1119],[142.202,27.1128],[142.2026,27.1136],[142.2013,27.1141],[142.2022,27.1148],[142.2031,27.1142],[142.2063,27.1168],[142.2059,27.1186],[142.2049,27.1185],[142.2049,27.1186],[142.2049,27.1185],[142.2021,27.1197],[142.2021,27.1198],[142.2021,27.1197],[142.2023,27.121],[142.2013,27.1219],[142.2014,27.1219],[142.2013,27.1219],[142.1976,27.1234],[142.1976,27.1235],[142.1976,27.1234],[142.1941,27.1232],[142.1941,27.1233],[142.1941,27.1232],[142.1931,27.1233],[142.191,27.1213],[142.1909,27.1214],[142.1909,27.1213],[142.1909,27.1214],[142.1908,27.1213],[142.1907,27.1214],[142.1908,27.1213],[142.1909,27.1213],[142.191,27.1213],[142.1903,27.1208],[142.1904,27.1208],[142.1903,27.1208],[142.1871,27.1215],[142.1878,27.1218],[142.1878,27.1217],[142.1878,27.1218],[142.188,27.1224],[142.188,27.1223],[142.188,27.1224],[142.1902,27.1232],[142.1907,27.1242],[142.1907,27.1253],[142.1891,27.1265],[142.1891,27.1266],[142.1891,27.1265],[142.1882,27.1269],[142.1887,27.1274],[142.1888,27.1274],[142.1887,27.1274],[142.1882,27.1292],[142.1883,27.1292],[142.1882,27.1292],[142.188,27.1297],[142.1881,27.1297],[142.188,27.1297],[142.1873,27.1303],[142.1874,27.1304],[142.1873,27.1303],[142.1867,27.1304],[142.1875,27.1309],[142.1884,27.1303],[142.1931,27.1335],[142.1912,27.1349],[142.1913,27.1359],[142.189,27.1369],[142.1891,27.1369],[142.189,27.1369],[142.1893,27.138],[142.1894,27.138],[142.1893,27.138],[142.1914,27.1414],[142.1904,27.1437],[142.1923,27.1438]]],[[[141.2748,25.421],[141.2741,25.4232],[141.2734,25.4232],[141.274,25.4237],[141.2718,25.4304],[141.2728,25.4406],[141.2797,25.448],[141.2834,25.449],[141.2878,25.4475],[141.2898,25.4443],[141.2903,25.4406],[141.2927,25.4382],[141.2919,25.4333],[141.293,25.4258],[141.2896,25.422],[141.2833,25.4194],[141.2783,25.4188],[141.2756,25.4196],[141.2748,25.421]]],[[[142.1878,27.1826],[142.1879,27.1826],[142.1878,27.1826],[142.1877,27.1845],[142.1857,27.1847],[142.1853,27.1864],[142.1842,27.1872],[142.1864,27.1877],[142.1865,27.1877],[142.1864,27.1877],[142.1886,27.1896],[142.1887,27.1896],[142.1886,27.1896],[142.1892,27.1901],[142.1896,27.1893],[142.1889,27.1872],[142.1926,27.1848],[142.1935,27.1853],[142.1935,27.1852],[142.1935,27.1853],[142.1958,27.1849],[142.1945,27.1828],[142.1958,27.1834],[142.1973,27.1825],[142.1998,27.1837],[142.1999,27.1813],[142.1973,27.1806],[142.197,27.1807],[142.1973,27.1806],[142.1979,27.1795],[142.1957,27.1798],[142.1946,27.1764],[142.1945,27.1764],[142.1946,27.1764],[142.1956,27.175],[142.1952,27.1733],[142.1951,27.1733],[142.1952,27.1733],[142.1981,27.171],[142.198,27.17],[142.1979,27.17],[142.198,27.17],[142.1981,27.1697],[142.198,27.1697],[142.1981,27.1697],[142.1984,27.1684],[142.2006,27.1694],[142.2006,27.1693],[142.2006,27.1694],[142.201,27.1691],[142.2009,27.1691],[142.201,27.1691],[142.2022,27.1692],[142.2016,27.1683],[142.2015,27.1683],[142.2016,27.1683],[142.2014,27.1671],[142.2013,27.1671],[142.2014,27.1671],[142.2021,27.1664],[142.2,27.1657],[142.2001,27.1647],[142.2,27.1647],[142.2001,27.1647],[142.2006,27.1638],[142.2005,27.1638],[142.2006,27.1638],[142.2005,27.1628],[142.1975,27.1597],[142.1994,27.1583],[142.1993,27.1583],[142.1994,27.1583],[142.1986,27.1578],[142.1986,27.1579],[142.1986,27.1578],[142.1965,27.155],[142.1965,27.1551],[142.1965,27.155],[142.1963,27.1546],[142.1962,27.1546],[142.1963,27.1546],[142.1948,27.1536],[142.1948,27.1537],[142.1948,27.1536],[142.1925,27.1524],[142.1923,27.1505],[142.1893,27.1507],[142.188,27.1503],[142.1881,27.1497],[142.188,27.1497],[142.1881,27.1497],[142.1882,27.149],[142.1881,27.149],[142.1882,27.149],[142.1875,27.1477],[142.1874,27.1477],[142.1875,27.1477],[142.188,27.147],[142.1879,27.147],[142.188,27.147],[142.1882,27.1456],[142.1881,27.1456],[142.1882,27.1456],[142.1889,27.1447],[142.188,27.1443],[142.1837,27.1455],[142.1839,27.1466],[142.1827,27.1463],[142.1827,27.1464],[142.1827,27.1463],[142.1805,27.1466],[142.1796,27.1482],[142.1803,27.1493],[142.1803,27.1492],[142.1803,27.1493],[142.1804,27.1494],[142.1805,27.1494],[142.1804,27.1494],[142.1813,27.1498],[142.1808,27.1508],[142.1845,27.1495],[142.1857,27.1506],[142.1847,27.1527],[142.1863,27.155],[142.1844,27.1569],[142.1819,27.1565],[142.181,27.1575],[142.1832,27.1581],[142.1831,27.1588],[142.1846,27.1595],[142.1844,27.1602],[142.1845,27.1602],[142.1844,27.1602],[142.1838,27.1606],[142.1842,27.162],[142.1843,27.162],[142.1842,27.162],[142.1839,27.1627],[142.184,27.1627],[142.1839,27.1627],[142.1838,27.1631],[142.1839,27.1631],[142.1838,27.1631],[142.1833,27.1661],[142.1845,27.1668],[142.1838,27.1691],[142.185,27.1703],[142.1839,27.1716],[142.1839,27.1715],[142.1839,27.1716],[142.1873,27.1716],[142.1874,27.1745],[142.1875,27.1745],[142.1874,27.1745],[142.1875,27.1767],[142.1876,27.1767],[142.1875,27.1767],[142.1861,27.1769],[142.1863,27.1788],[142.1848,27.1787],[142.1849,27.1787],[142.1848,27.1787],[142.1848,27.1796],[142.1878,27.1826]]],[[[140.3006,30.4955],[140.3006,30.4954],[140.3006,30.4955],[140.3038,30.496],[140.3071,30.4951],[140.3119,30.4908],[140.3144,30.4871],[140.3135,30.4838],[140.3138,30.4817],[140.3109,30.4762],[140.3101,30.4759],[140.31,30.4759],[140.3101,30.4759],[140.3089,30.4746],[140.2982,30.4729],[140.2905,30.4788],[140.2905,30.4789],[140.2905,30.4788],[140.2898,30.4808],[140.2872,30.4826],[140.2873,30.4826],[140.2872,30.4826],[140.2867,30.4838],[140.2868,30.4837],[140.2867,30.4838],[140.2872,30.4841],[140.2863,30.4847],[140.2877,30.485],[140.2881,30.4876],[140.2898,30.4885],[140.2927,30.493],[140.2978,30.494],[140.2985,30.4953],[140.3006,30.4955]]],[[[141.4551,24.2254],[141.4551,24.2255],[141.4551,24.2254],[141.4537,24.2269],[141.4533,24.2291],[141.4534,24.2349],[141.4556,24.2426],[141.4587,24.2449],[141.4621,24.2451],[141.4723,24.2418],[141.473,24.2393],[141.472,24.2329],[141.4688,24.2272],[141.4592,24.2247],[141.4551,24.2254]]],[[[142.1256,27.687],[142.1256,27.6869],[142.1256,27.687],[142.1281,27.6882],[142.1295,27.6878],[142.131,27.6893],[142.1316,27.6885],[142.133,27.6889],[142.1322,27.6877],[142.1327,27.6855],[142.1366,27.6871],[142.1365,27.6871],[142.1366,27.6871],[142.1382,27.6866],[142.1387,27.6856],[142.1404,27.6869],[142.1401,27.6886],[142.1425,27.6889],[142.1431,27.6864],[142.1447,27.6863],[142.1453,27.6852],[142.1467,27.685],[142.1482,27.6836],[142.1483,27.6824],[142.1476,27.682],[142.1487,27.6808],[142.1479,27.6797],[142.1484,27.6742],[142.1483,27.6742],[142.1484,27.6742],[142.1487,27.6731],[142.1465,27.671],[142.1465,27.6711],[142.1465,27.671],[142.1454,27.6706],[142.143,27.6715],[142.143,27.6716],[142.143,27.6715],[142.1422,27.6715],[142.1423,27.6715],[142.1422,27.6715],[142.1408,27.6716],[142.1414,27.6729],[142.1394,27.6721],[142.1385,27.6729],[142.1395,27.6736],[142.1378,27.6743],[142.139,27.6747],[142.1385,27.6751],[142.1395,27.676],[142.1381,27.6767],[142.1391,27.6779],[142.1387,27.6792],[142.1354,27.6801],[142.1346,27.6817],[142.133,27.681],[142.1331,27.6789],[142.1316,27.6797],[142.1317,27.6786],[142.131,27.6784],[142.1293,27.6801],[142.129,27.6816],[142.1271,27.6818],[142.1265,27.684],[142.1256,27.6843],[142.124,27.6834],[142.1239,27.685],[142.124,27.685],[142.1239,27.685],[142.1251,27.6855],[142.1253,27.6867],[142.1254,27.6867],[142.1253,27.6867],[142.1256,27.687]]],[[[153.9707,24.2848],[153.9795,24.2923],[153.9833,24.2972],[153.9852,24.2972],[153.9852,24.2904],[153.9869,24.2833],[153.9863,24.2814],[153.9849,24.2807],[153.9821,24.2811],[153.9707,24.2848]]],[[[142.1533,26.5478],[142.1533,26.5477],[142.1533,26.5478],[142.1534,26.549],[142.1546,26.5489],[142.1552,26.5504],[142.1548,26.5517],[142.154,26.5514],[142.1533,26.5541],[142.1551,26.5541],[142.1551,26.5549],[142.1547,26.5557],[142.1533,26.5556],[142.1534,26.5567],[142.1524,26.557],[142.1531,26.5581],[142.1521,26.5587],[142.1536,26.5598],[142.1528,26.5604],[142.1526,26.5623],[142.1516,26.5624],[142.1528,26.5643],[142.1547,26.565],[142.1552,26.5642],[142.1557,26.5647],[142.1561,26.5623],[142.1602,26.5616],[142.1611,26.5608],[142.1613,26.5593],[142.1594,26.5576],[142.159,26.5544],[142.1606,26.5542],[142.1599,26.5534],[142.1609,26.5528],[142.1612,26.5512],[142.1604,26.5512],[142.1611,26.549],[142.16,26.5471],[142.1579,26.5469],[142.1581,26.5442],[142.157,26.5432],[142.1564,26.5439],[142.1563,26.5433],[142.1552,26.5441],[142.1545,26.5437],[142.1532,26.5456],[142.1534,26.5467],[142.1513,26.5466],[142.1508,26.5481],[142.152,26.5486],[142.1526,26.5473],[142.1527,26.5483],[142.1533,26.5478]]],[[[142.1263,26.6078],[142.1264,26.6077],[142.1263,26.6078],[142.1266,26.6087],[142.1258,26.6096],[142.1266,26.6102],[142.1283,26.6105],[142.1282,26.6092],[142.1297,26.6087],[142.1304,26.6106],[142.1319,26.6106],[142.1321,26.6094],[142.1328,26.6101],[142.1325,26.6086],[142.134,26.6082],[142.1335,26.6066],[142.1348,26.6052],[142.1359,26.6014],[142.1334,26.5967],[142.1323,26.5968],[142.132,26.5957],[142.1311,26.5963],[142.1302,26.5949],[142.1289,26.595],[142.1286,26.5959],[142.1287,26.5959],[142.1286,26.5959],[142.1287,26.5974],[142.1276,26.5982],[142.1272,26.5959],[142.1251,26.5958],[142.1257,26.5985],[142.1275,26.5995],[142.1271,26.6005],[142.1254,26.6004],[142.1258,26.6013],[142.1266,26.6011],[142.1258,26.6026],[142.1259,26.6026],[142.1261,26.6026],[142.1259,26.6026],[142.1258,26.6026],[142.1244,26.6039],[142.1228,26.6035],[142.1227,26.6043],[142.1242,26.6062],[142.1236,26.6073],[142.1263,26.6078]]],[[[142.1706,27.6338],[142.1707,27.6338],[142.1706,27.6338],[142.1698,27.6339],[142.1704,27.6349],[142.173,27.633],[142.1738,27.6352],[142.1747,27.6359],[142.1751,27.6353],[142.175,27.6353],[142.1751,27.6353],[142.176,27.6339],[142.1781,27.6338],[142.1785,27.6325],[142.1784,27.6325],[142.1785,27.6325],[142.1787,27.631],[142.1786,27.6307],[142.1787,27.631],[142.1806,27.6305],[142.1806,27.6304],[142.1806,27.6305],[142.1831,27.6304],[142.1848,27.6269],[142.1848,27.6268],[142.1848,27.6269],[142.1859,27.6265],[142.1848,27.6258],[142.186,27.6249],[142.1858,27.6228],[142.1875,27.6222],[142.1862,27.6204],[142.1862,27.6205],[142.1862,27.6204],[142.1856,27.6199],[142.1855,27.6199],[142.1856,27.6199],[142.1848,27.6194],[142.184,27.6208],[142.1841,27.6208],[142.184,27.6208],[142.1829,27.6213],[142.1829,27.6221],[142.183,27.6222],[142.1829,27.6221],[142.1818,27.6233],[142.1814,27.6227],[142.1813,27.6227],[142.1814,27.6227],[142.1817,27.6218],[142.1776,27.6265],[142.1778,27.6256],[142.1777,27.6256],[142.1778,27.6256],[142.1778,27.6242],[142.1769,27.6245],[142.177,27.6245],[142.1769,27.6245],[142.1771,27.623],[142.1755,27.6218],[142.175,27.6224],[142.1756,27.6236],[142.1736,27.624],[142.1737,27.624],[142.1736,27.624],[142.1735,27.6242],[142.1736,27.6242],[142.1735,27.6242],[142.1733,27.6265],[142.1722,27.6265],[142.172,27.6257],[142.1715,27.6268],[142.1728,27.6277],[142.1721,27.6293],[142.1728,27.6292],[142.1728,27.6291],[142.1728,27.6292],[142.1729,27.6292],[142.1729,27.6291],[142.1729,27.6292],[142.1713,27.6309],[142.1706,27.6338]]],[[[142.2107,26.5638],[142.2107,26.5637],[142.2107,26.5638],[142.2126,26.5645],[142.2126,26.5644],[142.2126,26.5645],[142.2161,26.5639],[142.217,26.5629],[142.2182,26.5633],[142.2184,26.5617],[142.2171,26.5613],[142.2171,26.5614],[142.2171,26.5613],[142.2153,26.5568],[142.2139,26.5566],[142.2135,26.5555],[142.2108,26.5562],[142.2106,26.5548],[142.2092,26.5554],[142.2066,26.5545],[142.2064,26.5538],[142.2063,26.5546],[142.2057,26.5541],[142.2047,26.5549],[142.2039,26.5536],[142.2033,26.5544],[142.202,26.553],[142.2018,26.556],[142.2018,26.5559],[142.2018,26.556],[142.2025,26.5564],[142.2016,26.5567],[142.204,26.5588],[142.2043,26.5601],[142.2043,26.5602],[142.2043,26.5601],[142.2031,26.5621],[142.206,26.5617],[142.2084,26.5637],[142.2107,26.5638]]],[[[142.2272,26.5719],[142.2273,26.5719],[142.2272,26.5719],[142.2305,26.5758],[142.2341,26.5721],[142.2341,26.572],[142.2341,26.5721],[142.2349,26.5713],[142.2348,26.5713],[142.2349,26.5713],[142.2381,26.5703],[142.2381,26.5702],[142.2381,26.5703],[142.2391,26.5692],[142.2399,26.5695],[142.2393,26.5689],[142.2401,26.5692],[142.2401,26.5683],[142.2402,26.5683],[142.2401,26.5683],[142.24,26.5676],[142.2376,26.5679],[142.2376,26.568],[142.2376,26.5679],[142.2374,26.5679],[142.2374,26.5678],[142.2374,26.5679],[142.2361,26.568],[142.233,26.5662],[142.2311,26.5664],[142.2308,26.5655],[142.2292,26.565],[142.2292,26.5641],[142.2273,26.5637],[142.2265,26.5647],[142.2272,26.5656],[142.2261,26.5657],[142.2258,26.5665],[142.2267,26.5676],[142.2276,26.5673],[142.2273,26.5681],[142.2274,26.5681],[142.2273,26.5681],[142.2285,26.5691],[142.2265,26.5705],[142.2272,26.5719]]],[[[142.2058,27.4984],[142.2059,27.4984],[142.2058,27.4984],[142.2039,27.4984],[142.2052,27.5004],[142.2062,27.5005],[142.2066,27.4997],[142.2078,27.5006],[142.2088,27.4996],[142.2113,27.5023],[142.2127,27.5012],[142.2124,27.5004],[142.2121,27.5003],[142.2124,27.5004],[142.2118,27.4995],[142.2129,27.4996],[142.2131,27.4986],[142.2121,27.4976],[142.2121,27.4962],[142.2134,27.4962],[142.2135,27.4952],[142.2135,27.4951],[142.2135,27.4952],[142.2142,27.4948],[142.2133,27.4937],[142.2163,27.4914],[142.2147,27.491],[142.2147,27.4893],[142.2117,27.4901],[142.2111,27.4924],[142.212,27.4936],[142.2111,27.4951],[142.209,27.4951],[142.2084,27.4963],[142.2073,27.4957],[142.2045,27.497],[142.2058,27.4984]]],[[[142.1656,27.1178],[142.1656,27.1177],[142.1656,27.1178],[142.1653,27.1183],[142.1654,27.1183],[142.1653,27.1183],[142.1644,27.1196],[142.1645,27.1196],[142.1644,27.1196],[142.1636,27.1209],[142.1635,27.1209],[142.1636,27.1209],[142.1634,27.1216],[142.1652,27.1214],[142.1662,27.1203],[142.1683,27.1216],[142.1693,27.1211],[142.1709,27.1173],[142.1722,27.1167],[142.1722,27.1161],[142.1707,27.1158],[142.1706,27.1158],[142.1707,27.1158],[142.1704,27.1153],[142.1704,27.1154],[142.1704,27.1153],[142.17,27.1157],[142.1689,27.1146],[142.1673,27.1152],[142.1658,27.1129],[142.162,27.1129],[142.1618,27.114],[142.1619,27.114],[142.1618,27.114],[142.1616,27.114],[142.1616,27.1141],[142.1616,27.114],[142.1616,27.1141],[142.1619,27.1151],[142.1653,27.1155],[142.1658,27.1173],[142.1648,27.1178],[142.1656,27.1178]]],[[[142.1541,26.5872],[142.1542,26.5872],[142.1541,26.5872],[142.1546,26.5878],[142.156,26.5872],[142.1567,26.588],[142.1591,26.5875],[142.1607,26.588],[142.1607,26.5879],[142.1607,26.588],[142.162,26.5882],[142.1622,26.5856],[142.1603,26.5864],[142.1596,26.5855],[142.1603,26.5844],[142.1591,26.5844],[142.1585,26.5834],[142.1545,26.5844],[142.1517,26.583],[142.1513,26.5819],[142.1501,26.5819],[142.1498,26.5826],[142.1471,26.5824],[142.1487,26.5839],[142.1494,26.586],[142.1513,26.5852],[142.1541,26.5872]]],[[[142.173,27.0421],[142.1732,27.0422],[142.173,27.0421],[142.1726,27.0425],[142.1734,27.0432],[142.1716,27.0437],[142.173,27.0442],[142.1726,27.0452],[142.1733,27.0453],[142.178,27.0353],[142.1768,27.0347],[142.1764,27.0369],[142.1753,27.0367],[142.1752,27.0357],[142.1751,27.0357],[142.1752,27.0357],[142.1768,27.0329],[142.1768,27.0328],[142.1768,27.0329],[142.1768,27.0328],[142.1766,27.0317],[142.1751,27.0321],[142.174,27.0357],[142.1745,27.0379],[142.1731,27.0408],[142.1745,27.0413],[142.173,27.0421]]],[[[140.8725,27.2474],[140.8726,27.2474],[140.8725,27.2474],[140.8743,27.2482],[140.8743,27.2492],[140.8744,27.2492],[140.8743,27.2492],[140.8752,27.25],[140.8752,27.2499],[140.8752,27.25],[140.88,27.2471],[140.8799,27.2471],[140.88,27.2471],[140.8786,27.2452],[140.8758,27.2439],[140.8725,27.2457],[140.8725,27.2474]]],[[[142.2466,27.0944],[142.2465,27.0944],[142.2466,27.0944],[142.2475,27.0937],[142.2474,27.0937],[142.2475,27.0937],[142.2486,27.0931],[142.2477,27.0923],[142.2489,27.0914],[142.2484,27.0912],[142.2484,27.0913],[142.2484,27.0912],[142.2466,27.0906],[142.2465,27.0906],[142.2466,27.0906],[142.2461,27.0905],[142.2462,27.0905],[142.2461,27.0905],[142.2407,27.0955],[142.2475,27.095],[142.2466,27.0944]]],[[[142.1018,27.7174],[142.1018,27.7173],[142.1018,27.7174],[142.1024,27.7168],[142.1023,27.7168],[142.1024,27.7168],[142.103,27.7163],[142.1022,27.7157],[142.1011,27.7165],[142.1012,27.7165],[142.1011,27.7165],[142.0965,27.7192],[142.0964,27.7205],[142.0992,27.7203],[142.0994,27.7194],[142.1004,27.7198],[142.101,27.7183],[142.1021,27.719],[142.1018,27.7174]]],[[[141.2855,24.8037],[141.2856,24.8037],[141.2855,24.8037],[141.2861,24.8059],[141.2862,24.8059],[141.2861,24.8059],[141.2863,24.8062],[141.2864,24.8062],[141.2863,24.8062],[141.2875,24.8065],[141.2877,24.8053],[141.2876,24.8053],[141.2877,24.8053],[141.2878,24.8051],[141.2879,24.8051],[141.2878,24.8051],[141.2853,24.7981],[141.2847,24.8001],[141.2855,24.8037]]],[[[142.1986,27.1953],[142.1985,27.1953],[142.1986,27.1953],[142.1985,27.195],[142.1984,27.195],[142.1985,27.195],[142.1981,27.1945],[142.1981,27.1946],[142.1981,27.1945],[142.1962,27.1938],[142.1961,27.1938],[142.1962,27.1938],[142.1943,27.193],[142.1935,27.1938],[142.1937,27.1956],[142.1955,27.1964],[142.1975,27.1955],[142.1986,27.1968],[142.1986,27.1953]]],[[[142.1575,27.6596],[142.1576,27.6596],[142.1575,27.6596],[142.1578,27.6624],[142.1569,27.6644],[142.159,27.6629],[142.1586,27.6619],[142.1585,27.6619],[142.1586,27.6619],[142.1586,27.6614],[142.1585,27.6614],[142.1586,27.6614],[142.1581,27.6591],[142.1588,27.6591],[142.1595,27.6562],[142.1585,27.6548],[142.1589,27.6573],[142.1562,27.6589],[142.1564,27.6596],[142.1575,27.6596]]],[[[142.1256,27.6785],[142.1257,27.6785],[142.1256,27.6785],[142.1236,27.6794],[142.1252,27.6799],[142.1248,27.6807],[142.1267,27.6817],[142.1271,27.6793],[142.1259,27.6776],[142.1256,27.6785]]],[[[142.2048,27.4882],[142.2071,27.4895],[142.2089,27.4877],[142.2082,27.4867],[142.2068,27.4865],[142.2062,27.4869],[142.2075,27.4877],[142.2048,27.4882]]],[[[142.1632,26.5925],[142.1647,26.5928],[142.1657,26.5914],[142.1653,26.5908],[142.1663,26.5911],[142.1652,26.5887],[142.1643,26.5899],[142.1645,26.5913],[142.1634,26.5916],[142.1632,26.5925]]],[[[142.1772,27.129],[142.1772,27.1291],[142.1772,27.129],[142.1794,27.1294],[142.1799,27.1278],[142.1821,27.1271],[142.1798,27.1269],[142.1771,27.1281],[142.1772,27.129]]]]}}]}
