{"type":"FeatureCollection","features":[{"type":"Feature","id":"Staten Island","properties":{"id":"Staten Island","name":"Staten Island","name_full":"Staten Island","name_ja":"Staten Island","center_lonlat":[-74.1534,40.5808]},"geometry":{"type":"MultiPolygon","coordinates":[[[[-74.0735,40.6451],[-74.0738,40.6454],[-74.0739,40.6454],[-74.0738,40.6454],[-74.0733,40.6458],[-74.0735,40.6451],[-74.0727,40.6446],[-74.0726,40.6447],[-74.0726,40.6446],[-74.0726,40.6447],[-74.0727,40.6446],[-74.0726,40.6446],[-74.0727,40.6446],[-74.0723,40.6446],[-74.0717,40.645],[-74.0723,40.6446],[-74.0713,40.6433],[-74.0709,40.6433],[-74.0713,40.6433],[-74.0721,40.6425],[-74.0703,40.6425],[-74.0731,40.6419],[-74.0702,40.642],[-74.0731,40.6416],[-74.0729,40.6409],[-74.07,40.6411],[-74.0729,40.6408],[-74.0729,40.6384],[-74.073,40.6384],[-74.0729,40.6384],[-74.0724,40.6382],[-74.0735,40.6372],[-74.0705,40.6371],[-74.0732,40.6366],[-74.0721,40.6367],[-74.0732,40.6366],[-74.073,40.6303],[-74.068,40.6288],[-74.0729,40.63],[-74.0723,40.6246],[-74.0698,40.6212],[-74.0665,40.6189],[-74.066,40.6194],[-74.0662,40.6187],[-74.0654,40.6192],[-74.0667,40.6181],[-74.0643,40.6182],[-74.0651,40.6175],[-74.0639,40.6173],[-74.0603,40.6119],[-74.06,40.6128],[-74.0602,40.6128],[-74.06,40.6128],[-74.0603,40.6118],[-74.0593,40.6116],[-74.0565,40.6072],[-74.055,40.6067],[-74.055,40.6067],[-74.0551,40.6066],[-74.0551,40.6066],[-74.0538,40.6059],[-74.0534,40.6005],[-74.0522,40.5997],[-74.0545,40.5988],[-74.0622,40.592],[-74.065,40.589],[-74.0644,40.5882],[-74.0702,40.584],[-74.0715,40.5822],[-74.0706,40.5817],[-74.0718,40.5819],[-74.075,40.5792],[-74.0745,40.5789],[-74.0743,40.5788],[-74.0739,40.5786],[-74.0736,40.5784],[-74.0733,40.5783],[-74.0736,40.5784],[-74.0739,40.5786],[-74.0743,40.5788],[-74.0745,40.5789],[-74.0751,40.5792],[-74.0758,40.5783],[-74.0753,40.5779],[-74.0764,40.578],[-74.0763,40.5779],[-74.0764,40.578],[-74.0793,40.5757],[-74.0788,40.575],[-74.0793,40.5756],[-74.0802,40.5752],[-74.086,40.5703],[-74.0869,40.569],[-74.0862,40.5685],[-74.0873,40.5691],[-74.0892,40.567],[-74.09,40.5674],[-74.091,40.5667],[-74.0941,40.5627],[-74.0954,40.5632],[-74.0961,40.5626],[-74.0982,40.5598],[-74.0978,40.559],[-74.0989,40.5594],[-74.1008,40.5583],[-74.1018,40.5562],[-74.1014,40.5555],[-74.1031,40.5559],[-74.1048,40.553],[-74.1065,40.5542],[-74.1077,40.554],[-74.1129,40.5478],[-74.1165,40.5479],[-74.1197,40.5455],[-74.1225,40.5448],[-74.1336,40.5315],[-74.1369,40.5293],[-74.1387,40.5298],[-74.1405,40.5351],[-74.1351,40.5352],[-74.1332,40.5363],[-74.1334,40.5364],[-74.1332,40.5363],[-74.1312,40.5379],[-74.1313,40.538],[-74.1314,40.538],[-74.1317,40.5383],[-74.1318,40.5383],[-74.132,40.538],[-74.1319,40.5379],[-74.1318,40.5378],[-74.1317,40.5379],[-74.1318,40.5378],[-74.1319,40.5377],[-74.1318,40.5378],[-74.1319,40.5379],[-74.132,40.538],[-74.1322,40.538],[-74.1324,40.5377],[-74.132,40.5375],[-74.1319,40.5375],[-74.132,40.5375],[-74.1321,40.5374],[-74.132,40.5375],[-74.1324,40.5377],[-74.1325,40.5378],[-74.1328,40.5375],[-74.1327,40.5374],[-74.1323,40.5372],[-74.1322,40.5373],[-74.1323,40.5372],[-74.1324,40.5371],[-74.1323,40.5372],[-74.1327,40.5374],[-74.1328,40.5375],[-74.1331,40.5372],[-74.133,40.5372],[-74.1329,40.5371],[-74.1327,40.537],[-74.1326,40.5369],[-74.1326,40.537],[-74.1326,40.5369],[-74.1327,40.537],[-74.1329,40.5371],[-74.133,40.5372],[-74.1331,40.5372],[-74.1333,40.5369],[-74.133,40.5367],[-74.133,40.5366],[-74.133,40.5367],[-74.1333,40.5369],[-74.1339,40.5366],[-74.1328,40.5375],[-74.1325,40.5378],[-74.1322,40.538],[-74.1312,40.5389],[-74.1301,40.5398],[-74.13,40.54],[-74.1301,40.5398],[-74.1302,40.5397],[-74.1301,40.5396],[-74.1298,40.5394],[-74.1299,40.5393],[-74.1298,40.5394],[-74.1301,40.5396],[-74.1302,40.5397],[-74.1305,40.5394],[-74.1301,40.5391],[-74.13,40.5392],[-74.1301,40.5391],[-74.1305,40.5394],[-74.1308,40.5391],[-74.1307,40.539],[-74.1304,40.5388],[-74.1303,40.5389],[-74.1304,40.5388],[-74.1305,40.5388],[-74.1304,40.5388],[-74.1307,40.539],[-74.1308,40.5391],[-74.1312,40.5389],[-74.1311,40.5388],[-74.1308,40.5386],[-74.1307,40.5386],[-74.1306,40.5386],[-74.1307,40.5386],[-74.1308,40.5385],[-74.1307,40.5386],[-74.1308,40.5386],[-74.1311,40.5388],[-74.1312,40.5389],[-74.1315,40.5386],[-74.1314,40.5385],[-74.1312,40.5384],[-74.131,40.5383],[-74.131,40.5384],[-74.131,40.5383],[-74.1311,40.5383],[-74.1311,40.5382],[-74.1311,40.5383],[-74.1312,40.5384],[-74.1314,40.5385],[-74.1315,40.5386],[-74.1318,40.5383],[-74.1317,40.5383],[-74.1314,40.538],[-74.1313,40.538],[-74.1312,40.5379],[-74.1277,40.5411],[-74.1279,40.5434],[-74.1279,40.5433],[-74.1279,40.5434],[-74.1278,40.5436],[-74.128,40.5436],[-74.1278,40.5436],[-74.1313,40.5465],[-74.1336,40.5469],[-74.1371,40.546],[-74.137,40.5459],[-74.1371,40.546],[-74.1372,40.5458],[-74.1366,40.5453],[-74.1364,40.5451],[-74.1361,40.545],[-74.1364,40.5451],[-74.1366,40.5453],[-74.1372,40.5458],[-74.1375,40.5456],[-74.1374,40.5455],[-74.1374,40.5454],[-74.1367,40.5448],[-74.1369,40.5447],[-74.1367,40.5448],[-74.1374,40.5455],[-74.1374,40.5454],[-74.1374,40.5455],[-74.1375,40.5456],[-74.138,40.546],[-74.1387,40.5449],[-74.1386,40.5448],[-74.1384,40.5447],[-74.1382,40.5446],[-74.138,40.5445],[-74.1378,40.5441],[-74.138,40.5445],[-74.1382,40.5446],[-74.1384,40.5447],[-74.1386,40.5448],[-74.1387,40.5449],[-74.139,40.5447],[-74.1381,40.544],[-74.138,40.544],[-74.1379,40.5441],[-74.138,40.544],[-74.1381,40.544],[-74.139,40.5447],[-74.1394,40.5442],[-74.1393,40.5443],[-74.1391,40.5445],[-74.1392,40.5445],[-74.1391,40.5445],[-74.139,40.5444],[-74.1391,40.5445],[-74.1393,40.5443],[-74.1394,40.5442],[-74.1393,40.5441],[-74.139,40.5444],[-74.1391,40.544],[-74.139,40.544],[-74.1388,40.5442],[-74.1389,40.5442],[-74.1388,40.5442],[-74.1387,40.5441],[-74.1388,40.5442],[-74.139,40.544],[-74.1391,40.544],[-74.139,40.5439],[-74.1388,40.5438],[-74.1387,40.5439],[-74.1386,40.544],[-74.1385,40.544],[-74.1386,40.5441],[-74.1385,40.544],[-74.1386,40.544],[-74.1387,40.5439],[-74.1388,40.5438],[-74.1385,40.5436],[-74.1385,40.5437],[-74.1384,40.5437],[-74.1385,40.5437],[-74.1384,40.5436],[-74.1384,40.5437],[-74.1382,40.5438],[-74.1383,40.5439],[-74.1382,40.5438],[-74.1384,40.5436],[-74.1385,40.5436],[-74.1384,40.5436],[-74.1385,40.5435],[-74.1384,40.5436],[-74.1386,40.5434],[-74.1385,40.5435],[-74.1386,40.5434],[-74.1385,40.5435],[-74.139,40.5439],[-74.1393,40.5441],[-74.1394,40.5442],[-74.1389,40.5434],[-74.1389,40.5431],[-74.1389,40.5434],[-74.1397,40.5439],[-74.1399,40.5437],[-74.1397,40.5439],[-74.1403,40.5438],[-74.1402,40.5438],[-74.1403,40.5438],[-74.1402,40.5437],[-74.14,40.5436],[-74.1399,40.5435],[-74.1398,40.5434],[-74.1397,40.5433],[-74.1393,40.5431],[-74.1392,40.5432],[-74.1393,40.5431],[-74.1397,40.5433],[-74.1398,40.5434],[-74.1399,40.5435],[-74.14,40.5436],[-74.1402,40.5437],[-74.1403,40.5434],[-74.1401,40.5433],[-74.1399,40.5431],[-74.1397,40.5429],[-74.1396,40.5429],[-74.1395,40.5428],[-74.1396,40.5427],[-74.1395,40.5428],[-74.1396,40.5429],[-74.1397,40.5429],[-74.1399,40.5431],[-74.1401,40.5433],[-74.1403,40.5434],[-74.1406,40.5431],[-74.1398,40.5425],[-74.1396,40.5425],[-74.1398,40.5425],[-74.1406,40.5431],[-74.1413,40.5431],[-74.1404,40.5424],[-74.1402,40.5424],[-74.1404,40.5422],[-74.1402,40.5424],[-74.1404,40.5424],[-74.1413,40.5431],[-74.1412,40.5427],[-74.1411,40.5426],[-74.1412,40.5427],[-74.1413,40.5428],[-74.1412,40.5427],[-74.1412,40.5427],[-74.1413,40.5426],[-74.1412,40.5425],[-74.1411,40.5424],[-74.141,40.5423],[-74.1408,40.5422],[-74.1406,40.5421],[-74.1405,40.5421],[-74.1403,40.5419],[-74.1405,40.5421],[-74.1406,40.542],[-74.1407,40.5419],[-74.1406,40.542],[-74.1406,40.5421],[-74.1408,40.5422],[-74.141,40.5423],[-74.1411,40.5424],[-74.1412,40.5425],[-74.1413,40.5426],[-74.1415,40.5425],[-74.1413,40.5423],[-74.1415,40.5425],[-74.1415,40.5424],[-74.1413,40.5423],[-74.1415,40.5424],[-74.1418,40.5422],[-74.1406,40.5417],[-74.1418,40.5422],[-74.1422,40.5422],[-74.1423,40.5423],[-74.1422,40.5422],[-74.1423,40.5417],[-74.1424,40.5417],[-74.1423,40.5417],[-74.1422,40.5408],[-74.1423,40.5408],[-74.1422,40.5408],[-74.1417,40.5393],[-74.1422,40.5381],[-74.1418,40.5384],[-74.1422,40.5381],[-74.1422,40.5379],[-74.1412,40.5372],[-74.1413,40.5371],[-74.1412,40.5372],[-74.1422,40.5379],[-74.1417,40.537],[-74.1438,40.5372],[-74.1447,40.5358],[-74.1487,40.5345],[-74.1503,40.5329],[-74.1502,40.5329],[-74.1503,40.5329],[-74.1541,40.5306],[-74.154,40.5306],[-74.1541,40.5306],[-74.1561,40.5286],[-74.157,40.529],[-74.1583,40.5283],[-74.1579,40.5281],[-74.1583,40.5283],[-74.1603,40.5275],[-74.1603,40.5276],[-74.1603,40.5275],[-74.1646,40.5262],[-74.17,40.523],[-74.1721,40.5233],[-74.1776,40.5192],[-74.1809,40.5207],[-74.1843,40.5196],[-74.1952,40.51],[-74.1997,40.5114],[-74.2,40.5127],[-74.1992,40.513],[-74.2078,40.5118],[-74.2097,40.5108],[-74.2093,40.5105],[-74.2094,40.5104],[-74.2093,40.5105],[-74.2097,40.5108],[-74.2135,40.5064],[-74.215,40.5062],[-74.2176,40.5033],[-74.2248,40.5018],[-74.2311,40.5019],[-74.2369,40.5],[-74.2398,40.4976],[-74.2447,40.4975],[-74.2468,40.4961],[-74.2489,40.4964],[-74.2534,40.5004],[-74.2554,40.5043],[-74.2556,40.5077],[-74.2546,40.5087],[-74.255,40.5088],[-74.2546,40.5087],[-74.254,40.5093],[-74.2543,40.5094],[-74.2544,40.5093],[-74.2543,40.5094],[-74.254,40.5093],[-74.2537,40.5095],[-74.2541,40.5097],[-74.2546,40.5099],[-74.2545,40.51],[-74.2546,40.5099],[-74.2541,40.5097],[-74.2537,40.5095],[-74.2531,40.5111],[-74.2533,40.5111],[-74.2531,40.5111],[-74.2531,40.5114],[-74.2532,40.5115],[-74.2535,40.5117],[-74.2532,40.5115],[-74.2531,40.5114],[-74.2503,40.5155],[-74.2506,40.5157],[-74.2503,40.5155],[-74.2505,40.5161],[-74.2504,40.5162],[-74.2505,40.5161],[-74.2493,40.5151],[-74.2494,40.5151],[-74.2493,40.5151],[-74.2495,40.5157],[-74.2499,40.5162],[-74.2495,40.5157],[-74.2487,40.5162],[-74.2488,40.5163],[-74.2487,40.5162],[-74.2489,40.5172],[-74.2494,40.517],[-74.2489,40.5172],[-74.2475,40.5157],[-74.2461,40.5161],[-74.2465,40.5167],[-74.247,40.5172],[-74.2465,40.5167],[-74.2452,40.5173],[-74.2456,40.5181],[-74.2423,40.5183],[-74.2398,40.5201],[-74.2429,40.5212],[-74.2428,40.524],[-74.244,40.5249],[-74.2429,40.528],[-74.2428,40.528],[-74.2429,40.528],[-74.2415,40.5309],[-74.242,40.5343],[-74.2441,40.5369],[-74.2454,40.5369],[-74.2444,40.5381],[-74.2455,40.5408],[-74.248,40.5431],[-74.2436,40.5476],[-74.2434,40.5478],[-74.2434,40.5479],[-74.2434,40.5478],[-74.2436,40.5476],[-74.2422,40.5469],[-74.2406,40.5475],[-74.2363,40.5506],[-74.2364,40.5524],[-74.2349,40.553],[-74.2333,40.5525],[-74.2307,40.5556],[-74.2293,40.5555],[-74.2288,40.5563],[-74.2239,40.5561],[-74.2227,40.5554],[-74.2205,40.5559],[-74.2198,40.5546],[-74.2192,40.5555],[-74.2193,40.5558],[-74.2192,40.5555],[-74.2185,40.5547],[-74.2188,40.556],[-74.2178,40.555],[-74.2147,40.5562],[-74.215,40.5568],[-74.2133,40.5566],[-74.2112,40.5604],[-74.2114,40.5632],[-74.2113,40.5632],[-74.2114,40.5632],[-74.208,40.5705],[-74.2069,40.5765],[-74.2069,40.5766],[-74.2069,40.5765],[-74.2047,40.5831],[-74.2048,40.5831],[-74.2047,40.5831],[-74.2041,40.5858],[-74.2046,40.5893],[-74.2022,40.5907],[-74.2031,40.5911],[-74.202,40.591],[-74.202,40.5918],[-74.2023,40.5915],[-74.202,40.5918],[-74.1997,40.5936],[-74.1973,40.5979],[-74.1992,40.6024],[-74.2022,40.606],[-74.2028,40.6083],[-74.2024,40.6133],[-74.2004,40.6164],[-74.201,40.6204],[-74.2011,40.6204],[-74.201,40.6204],[-74.2004,40.6205],[-74.2014,40.6216],[-74.2016,40.6235],[-74.2004,40.6302],[-74.2004,40.6303],[-74.2004,40.6302],[-74.2007,40.6303],[-74.2008,40.6304],[-74.2007,40.6303],[-74.2004,40.6303],[-74.2004,40.6314],[-74.2004,40.6313],[-74.2004,40.6314],[-74.1953,40.6352],[-74.1946,40.6374],[-74.1936,40.6374],[-74.1865,40.6434],[-74.1848,40.6441],[-74.1837,40.6422],[-74.184,40.6432],[-74.1832,40.643],[-74.1837,40.6446],[-74.1809,40.6448],[-74.1809,40.6449],[-74.1809,40.6448],[-74.18,40.6443],[-74.18,40.6453],[-74.1797,40.6444],[-74.1791,40.645],[-74.1794,40.6426],[-74.1795,40.6424],[-74.1795,40.6423],[-74.1796,40.6419],[-74.1795,40.6423],[-74.1795,40.6424],[-74.1794,40.6426],[-74.1783,40.6423],[-74.1782,40.6421],[-74.1783,40.6423],[-74.1772,40.6431],[-74.1771,40.6431],[-74.1772,40.6431],[-74.1771,40.6431],[-74.1767,40.6425],[-74.1767,40.6424],[-74.1767,40.6425],[-74.1764,40.6423],[-74.1763,40.6423],[-74.1764,40.6423],[-74.1767,40.6425],[-74.1767,40.6434],[-74.1755,40.6434],[-74.1757,40.6447],[-74.175,40.6452],[-74.173,40.6443],[-74.1726,40.643],[-74.1727,40.6429],[-74.1726,40.643],[-74.1714,40.643],[-74.1715,40.643],[-74.1714,40.643],[-74.1718,40.6425],[-74.1719,40.6425],[-74.1718,40.6425],[-74.1715,40.6412],[-74.1716,40.6411],[-74.1716,40.641],[-74.172,40.641],[-74.1721,40.6409],[-74.1723,40.6408],[-74.1724,40.6407],[-74.1725,40.6407],[-74.1727,40.6406],[-74.1729,40.6406],[-74.173,40.6405],[-74.1729,40.6406],[-74.1727,40.6406],[-74.1725,40.6407],[-74.1724,40.6407],[-74.1723,40.6408],[-74.1721,40.6409],[-74.172,40.641],[-74.1716,40.641],[-74.1716,40.6411],[-74.1715,40.6412],[-74.1713,40.6421],[-74.171,40.6426],[-74.1713,40.6421],[-74.1665,40.6414],[-74.1661,40.6424],[-74.1663,40.6414],[-74.1656,40.6412],[-74.1649,40.6422],[-74.1652,40.6406],[-74.1644,40.6414],[-74.1646,40.6403],[-74.1639,40.6411],[-74.1635,40.6399],[-74.1632,40.641],[-74.1621,40.6408],[-74.1623,40.6388],[-74.1613,40.6394],[-74.1612,40.6386],[-74.1607,40.6394],[-74.1611,40.6386],[-74.1603,40.6384],[-74.1599,40.6399],[-74.1602,40.6386],[-74.1602,40.6383],[-74.1602,40.6386],[-74.1592,40.6378],[-74.159,40.6388],[-74.1579,40.638],[-74.1577,40.6389],[-74.1578,40.638],[-74.1572,40.638],[-74.157,40.6393],[-74.1571,40.6379],[-74.1557,40.6375],[-74.1555,40.6385],[-74.1556,40.6377],[-74.1548,40.6377],[-74.1547,40.6392],[-74.1548,40.6377],[-74.1529,40.6371],[-74.1523,40.6383],[-74.1512,40.6377],[-74.1512,40.6394],[-74.1511,40.6385],[-74.1495,40.6374],[-74.1489,40.6387],[-74.1485,40.6374],[-74.1488,40.6389],[-74.1452,40.6394],[-74.1438,40.6389],[-74.1424,40.6403],[-74.1344,40.6419],[-74.1313,40.6416],[-74.1302,40.6407],[-74.1295,40.6414],[-74.13,40.6407],[-74.1293,40.6403],[-74.1289,40.6412],[-74.1288,40.6402],[-74.1275,40.6402],[-74.1271,40.6393],[-74.1271,40.6402],[-74.1261,40.6403],[-74.1264,40.6413],[-74.1256,40.6414],[-74.126,40.6402],[-74.1242,40.6401],[-74.1226,40.6406],[-74.1227,40.6414],[-74.1228,40.6414],[-74.1227,40.6414],[-74.1218,40.6414],[-74.1218,40.6415],[-74.1219,40.6416],[-74.122,40.6415],[-74.1219,40.6416],[-74.1218,40.6415],[-74.1218,40.6416],[-74.1218,40.6414],[-74.1218,40.6416],[-74.1216,40.6416],[-74.1218,40.6416],[-74.1214,40.6415],[-74.1213,40.6416],[-74.1214,40.6415],[-74.1212,40.6414],[-74.1211,40.6416],[-74.1212,40.6414],[-74.1199,40.6412],[-74.12,40.6422],[-74.1191,40.6415],[-74.1195,40.6424],[-74.1186,40.6415],[-74.119,40.6425],[-74.1184,40.6415],[-74.118,40.6422],[-74.1172,40.6416],[-74.1175,40.6424],[-74.1167,40.6421],[-74.117,40.6427],[-74.1171,40.6431],[-74.117,40.6427],[-74.1167,40.6421],[-74.1168,40.6432],[-74.1161,40.6422],[-74.1162,40.6433],[-74.1156,40.6424],[-74.114,40.6441],[-74.1128,40.6445],[-74.1139,40.644],[-74.1133,40.6437],[-74.1097,40.6455],[-74.1016,40.6455],[-74.1017,40.6455],[-74.1016,40.6455],[-74.0988,40.645],[-74.0936,40.6458],[-74.0847,40.6489],[-74.0792,40.6482],[-74.0735,40.6451]]],[[[-74.1595,40.6414],[-74.1611,40.6418],[-74.1615,40.6443],[-74.1574,40.6433],[-74.1595,40.6414]]],[[[-74.0531,40.5777],[-74.0541,40.5771],[-74.0549,40.5778],[-74.0549,40.5797],[-74.0537,40.5805],[-74.0529,40.5799],[-74.0531,40.5777]]]]}},{"type":"Feature","id":"Queens","properties":{"id":"Queens","name":"Queens","name_full":"Queens","name_ja":"Queens","center_lonlat":[-73.8176,40.7204]},"geometry":{"type":"MultiPolygon","coordinates":[[[[-73.8205,40.801],[-73.8204,40.8006],[-73.8194,40.8008],[-73.8137,40.7971],[-73.8119,40.7981],[-73.8115,40.7973],[-73.8063,40.7966],[-73.8062,40.7968],[-73.8063,40.7966],[-73.8053,40.7963],[-73.8054,40.7963],[-73.8053,40.7963],[-73.8046,40.7964],[-73.8047,40.7964],[-73.8046,40.7964],[-73.8043,40.7962],[-73.8043,40.7965],[-73.8042,40.7966],[-73.8043,40.7965],[-73.8042,40.7965],[-73.8043,40.7965],[-73.8043,40.7962],[-73.804,40.7963],[-73.8039,40.7966],[-73.804,40.7963],[-73.8038,40.7963],[-73.8038,40.7966],[-73.8038,40.7963],[-73.8036,40.7964],[-73.8036,40.7967],[-73.8036,40.7964],[-73.8026,40.7963],[-73.8026,40.7964],[-73.8026,40.7963],[-73.8018,40.7963],[-73.8017,40.7965],[-73.8018,40.7963],[-73.8002,40.7963],[-73.8001,40.7963],[-73.8002,40.7963],[-73.8001,40.7963],[-73.7997,40.7962],[-73.7996,40.7962],[-73.7997,40.7962],[-73.7979,40.7956],[-73.7976,40.796],[-73.7979,40.7956],[-73.7973,40.7954],[-73.7972,40.7955],[-73.7973,40.7954],[-73.7967,40.7952],[-73.7965,40.7956],[-73.7965,40.7957],[-73.7965,40.7956],[-73.7964,40.7957],[-73.7965,40.7956],[-73.7964,40.7956],[-73.7965,40.7956],[-73.7967,40.7952],[-73.7945,40.7948],[-73.7944,40.7948],[-73.7945,40.7948],[-73.795,40.7918],[-73.7931,40.7888],[-73.7899,40.7904],[-73.7857,40.7903],[-73.7825,40.7913],[-73.7844,40.7917],[-73.7817,40.7911],[-73.7808,40.7933],[-73.7816,40.7935],[-73.7817,40.7933],[-73.7816,40.7935],[-73.7817,40.7935],[-73.7816,40.7935],[-73.7808,40.7933],[-73.7813,40.7946],[-73.7832,40.7949],[-73.7833,40.7948],[-73.7832,40.7949],[-73.7794,40.7967],[-73.7776,40.7967],[-73.7744,40.7946],[-73.7706,40.7884],[-73.7744,40.7868],[-73.7763,40.7885],[-73.7682,40.7794],[-73.767,40.7799],[-73.7671,40.7801],[-73.767,40.7799],[-73.7682,40.7794],[-73.7642,40.7728],[-73.7584,40.7672],[-73.7549,40.7661],[-73.752,40.7636],[-73.751,40.7617],[-73.7464,40.7592],[-73.7463,40.758],[-73.7462,40.7579],[-73.7458,40.7578],[-73.7458,40.7579],[-73.7458,40.7578],[-73.7457,40.7578],[-73.7456,40.7577],[-73.7455,40.7576],[-73.7454,40.7575],[-73.7453,40.7575],[-73.7452,40.7574],[-73.7451,40.7573],[-73.7449,40.7572],[-73.7447,40.757],[-73.7446,40.7569],[-73.7446,40.7567],[-73.7446,40.7566],[-73.7446,40.7565],[-73.7446,40.7566],[-73.7446,40.7567],[-73.7446,40.7569],[-73.7447,40.757],[-73.7449,40.7572],[-73.7451,40.7573],[-73.7452,40.7574],[-73.7453,40.7575],[-73.7454,40.7575],[-73.7455,40.7576],[-73.7456,40.7577],[-73.7457,40.7578],[-73.7458,40.7579],[-73.7462,40.7579],[-73.7463,40.758],[-73.7461,40.7589],[-73.7484,40.7616],[-73.7505,40.7618],[-73.7545,40.7666],[-73.7551,40.7675],[-73.7546,40.7686],[-73.7546,40.7687],[-73.7546,40.7686],[-73.7553,40.771],[-73.7554,40.771],[-73.7555,40.7709],[-73.7554,40.771],[-73.7553,40.771],[-73.7551,40.7717],[-73.7551,40.7718],[-73.7551,40.7717],[-73.7534,40.773],[-73.7552,40.7765],[-73.7548,40.7776],[-73.7555,40.7777],[-73.7548,40.7776],[-73.753,40.7813],[-73.7508,40.7829],[-73.7027,40.7533],[-73.7016,40.7525],[-73.7,40.7394],[-73.7077,40.7278],[-73.7204,40.7255],[-73.7303,40.7222],[-73.7269,40.71],[-73.7256,40.6796],[-73.7276,40.6742],[-73.7283,40.663],[-73.7259,40.6577],[-73.7251,40.6523],[-73.7305,40.6503],[-73.7351,40.6497],[-73.7414,40.6469],[-73.7421,40.6415],[-73.7414,40.6405],[-73.7423,40.6401],[-73.7395,40.6357],[-73.7407,40.6352],[-73.7408,40.6352],[-73.7408,40.6351],[-73.7407,40.6351],[-73.7408,40.6352],[-73.7407,40.6352],[-73.7404,40.6352],[-73.7404,40.6351],[-73.7404,40.6352],[-73.7407,40.6351],[-73.7409,40.6351],[-73.741,40.635],[-73.7409,40.6351],[-73.7408,40.6351],[-73.7408,40.6352],[-73.7416,40.635],[-73.7417,40.635],[-73.7416,40.635],[-73.7417,40.635],[-73.7425,40.6353],[-73.7426,40.6353],[-73.7425,40.6353],[-73.7424,40.6356],[-73.7424,40.6357],[-73.7424,40.6356],[-73.7424,40.6357],[-73.741,40.6373],[-73.7413,40.6379],[-73.744,40.6379],[-73.7438,40.639],[-73.7447,40.6373],[-73.7448,40.6371],[-73.7447,40.6373],[-73.7463,40.6364],[-73.7465,40.6373],[-73.7453,40.6384],[-73.7465,40.6373],[-73.7471,40.6371],[-73.7471,40.6372],[-73.7471,40.6371],[-73.7471,40.6371],[-73.7471,40.6372],[-73.7465,40.6387],[-73.7467,40.6387],[-73.7465,40.6387],[-73.7463,40.6414],[-73.7464,40.6414],[-73.7463,40.6414],[-73.7487,40.6451],[-73.7495,40.6449],[-73.7533,40.6473],[-73.7534,40.6472],[-73.7532,40.6471],[-73.7534,40.6472],[-73.7533,40.6473],[-73.7549,40.6477],[-73.7538,40.6467],[-73.7534,40.6468],[-73.7538,40.6467],[-73.7487,40.6434],[-73.7474,40.6414],[-73.7485,40.6355],[-73.7648,40.6292],[-73.7647,40.6292],[-73.7648,40.6292],[-73.7668,40.6279],[-73.7695,40.622],[-73.7695,40.6221],[-73.7695,40.622],[-73.7705,40.6201],[-73.7715,40.6202],[-73.7708,40.6233],[-73.7717,40.6235],[-73.7717,40.6236],[-73.7718,40.6235],[-73.7717,40.6235],[-73.7718,40.6235],[-73.772,40.6233],[-73.7719,40.6232],[-73.772,40.6233],[-73.7721,40.623],[-73.7721,40.6229],[-73.7721,40.623],[-73.7722,40.623],[-73.7727,40.6223],[-73.7731,40.6218],[-73.7735,40.6213],[-73.7746,40.62],[-73.7751,40.6192],[-73.7748,40.6197],[-73.7748,40.6198],[-73.7748,40.6197],[-73.7746,40.62],[-73.7744,40.6202],[-73.7745,40.6202],[-73.7744,40.6202],[-73.7742,40.6204],[-73.7743,40.6205],[-73.7742,40.6204],[-73.774,40.6207],[-73.7741,40.6207],[-73.774,40.6207],[-73.7738,40.6209],[-73.7739,40.6209],[-73.7738,40.6209],[-73.7735,40.6213],[-73.7733,40.6216],[-73.7733,40.6217],[-73.7733,40.6216],[-73.7731,40.6218],[-73.7729,40.6221],[-73.773,40.6221],[-73.7729,40.6221],[-73.7727,40.6223],[-73.7728,40.6224],[-73.7727,40.6223],[-73.7722,40.623],[-73.772,40.6233],[-73.7722,40.6234],[-73.772,40.6233],[-73.7718,40.6235],[-73.772,40.6236],[-73.7718,40.6235],[-73.7717,40.6236],[-73.7735,40.6251],[-73.7738,40.6249],[-73.7735,40.6251],[-73.777,40.6277],[-73.7791,40.6274],[-73.7805,40.6262],[-73.7852,40.6202],[-73.7845,40.617],[-73.7833,40.6156],[-73.781,40.6148],[-73.7809,40.6136],[-73.7887,40.6101],[-73.7909,40.6077],[-73.7916,40.6078],[-73.7915,40.6087],[-73.7937,40.609],[-73.7948,40.6104],[-73.7992,40.612],[-73.8005,40.6116],[-73.7993,40.6134],[-73.7995,40.6143],[-73.7994,40.6143],[-73.7995,40.6143],[-73.799,40.6155],[-73.7991,40.6155],[-73.799,40.6155],[-73.7973,40.6166],[-73.7955,40.6209],[-73.7956,40.6209],[-73.7955,40.6209],[-73.7942,40.6228],[-73.7895,40.6227],[-73.7828,40.6294],[-73.7826,40.6302],[-73.7894,40.6343],[-73.7908,40.6339],[-73.7908,40.6338],[-73.7908,40.6339],[-73.7908,40.6343],[-73.7936,40.6331],[-73.7958,40.6322],[-73.7983,40.6313],[-73.7958,40.6322],[-73.7936,40.6331],[-73.7908,40.6343],[-73.7922,40.6359],[-73.8187,40.6466],[-73.8218,40.6498],[-73.8235,40.6554],[-73.8225,40.6592],[-73.8216,40.66],[-73.8217,40.66],[-73.8216,40.66],[-73.8197,40.6607],[-73.8197,40.6608],[-73.8198,40.6608],[-73.8197,40.6608],[-73.8197,40.6607],[-73.8176,40.6609],[-73.8176,40.661],[-73.8177,40.6611],[-73.8176,40.661],[-73.8176,40.6609],[-73.8161,40.6607],[-73.816,40.6608],[-73.8161,40.6607],[-73.8112,40.6605],[-73.8187,40.6621],[-73.8187,40.662],[-73.8187,40.6621],[-73.8233,40.6603],[-73.8241,40.6583],[-73.8239,40.6583],[-73.8241,40.6583],[-73.825,40.6554],[-73.8229,40.6481],[-73.8246,40.6497],[-73.8261,40.6497],[-73.8261,40.6498],[-73.8263,40.6501],[-73.8261,40.6498],[-73.8261,40.6497],[-73.8263,40.6483],[-73.8283,40.649],[-73.8309,40.6516],[-73.8316,40.6538],[-73.8302,40.655],[-73.8301,40.655],[-73.8302,40.655],[-73.8301,40.655],[-73.829,40.6561],[-73.8305,40.6554],[-73.8306,40.6552],[-73.8305,40.6554],[-73.8306,40.6549],[-73.8306,40.6551],[-73.8306,40.6549],[-73.8321,40.654],[-73.8312,40.6559],[-73.8292,40.6566],[-73.8291,40.6577],[-73.8298,40.6581],[-73.8301,40.6583],[-73.8301,40.6585],[-73.8298,40.6589],[-73.8298,40.659],[-73.8299,40.6591],[-73.83,40.6593],[-73.8301,40.6597],[-73.8302,40.6598],[-73.8301,40.6597],[-73.83,40.6593],[-73.8299,40.6591],[-73.8298,40.659],[-73.8298,40.6589],[-73.8301,40.6585],[-73.8301,40.6583],[-73.8298,40.6581],[-73.8291,40.6575],[-73.8295,40.6566],[-73.8322,40.6549],[-73.8329,40.6575],[-73.8321,40.6561],[-73.8326,40.6578],[-73.831,40.6582],[-73.8334,40.6581],[-73.8311,40.6484],[-73.8352,40.6482],[-73.8388,40.6611],[-73.8381,40.662],[-73.8387,40.6625],[-73.84,40.6619],[-73.8359,40.6455],[-73.8495,40.6441],[-73.8522,40.6463],[-73.8524,40.6476],[-73.8494,40.6515],[-73.8523,40.6506],[-73.856,40.6513],[-73.8568,40.6529],[-73.8583,40.653],[-73.8593,40.655],[-73.8614,40.6564],[-73.8605,40.6567],[-73.8604,40.6567],[-73.8605,40.6567],[-73.8601,40.657],[-73.86,40.6568],[-73.8601,40.657],[-73.86,40.657],[-73.8599,40.657],[-73.8598,40.657],[-73.8599,40.657],[-73.86,40.6571],[-73.86,40.657],[-73.8601,40.657],[-73.86,40.6571],[-73.8596,40.6585],[-73.861,40.6584],[-73.8608,40.6593],[-73.8613,40.6583],[-73.8598,40.6583],[-73.8605,40.6578],[-73.8606,40.6578],[-73.8605,40.6578],[-73.8608,40.6569],[-73.8616,40.657],[-73.8617,40.658],[-73.8627,40.6576],[-73.8632,40.6583],[-73.8576,40.6601],[-73.8584,40.6635],[-73.8557,40.6639],[-73.8576,40.6717],[-73.8604,40.6713],[-73.8623,40.6792],[-73.8633,40.6791],[-73.8641,40.6824],[-73.866,40.6819],[-73.8684,40.6947],[-73.874,40.6942],[-73.8796,40.6911],[-73.8845,40.6867],[-73.8896,40.6842],[-73.8902,40.685],[-73.8925,40.6834],[-73.8942,40.6853],[-73.8965,40.6823],[-73.9012,40.6879],[-73.9004,40.6882],[-73.9018,40.6908],[-73.9012,40.6914],[-73.9058,40.6941],[-73.9043,40.6957],[-73.9118,40.6999],[-73.9107,40.701],[-73.9129,40.7024],[-73.9118,40.7034],[-73.9219,40.7094],[-73.9207,40.7105],[-73.9222,40.7129],[-73.9241,40.7141],[-73.9236,40.7156],[-73.9206,40.7158],[-73.9222,40.7164],[-73.9234,40.7181],[-73.9235,40.7181],[-73.9234,40.7181],[-73.9239,40.7199],[-73.9238,40.7199],[-73.9239,40.7199],[-73.9252,40.7223],[-73.9246,40.7235],[-73.9204,40.7237],[-73.9253,40.7247],[-73.9292,40.7283],[-73.9364,40.7296],[-73.9392,40.7315],[-73.9418,40.736],[-73.9458,40.7375],[-73.9458,40.7376],[-73.9458,40.7375],[-73.9458,40.7376],[-73.9415,40.7392],[-73.9386,40.7429],[-73.94,40.7432],[-73.94,40.7421],[-73.9427,40.7391],[-73.9472,40.7379],[-73.9535,40.7398],[-73.9574,40.7396],[-73.962,40.7382],[-73.9626,40.739],[-73.9612,40.7404],[-73.9619,40.741],[-73.9611,40.7418],[-73.9614,40.7419],[-73.9611,40.7418],[-73.9616,40.742],[-73.9606,40.7435],[-73.9597,40.7437],[-73.9607,40.7441],[-73.9594,40.7443],[-73.9595,40.7443],[-73.9602,40.7444],[-73.9595,40.7443],[-73.9594,40.7443],[-73.9588,40.7446],[-73.9595,40.7447],[-73.9588,40.7446],[-73.9597,40.7452],[-73.9585,40.745],[-73.9593,40.7456],[-73.9584,40.7457],[-73.959,40.7461],[-73.9568,40.7488],[-73.9547,40.748],[-73.9543,40.7481],[-73.9547,40.748],[-73.9531,40.7481],[-73.9564,40.749],[-73.9562,40.7497],[-73.9551,40.7496],[-73.9435,40.7645],[-73.9404,40.7677],[-73.9352,40.7697],[-73.9345,40.7713],[-73.9349,40.7714],[-73.935,40.7714],[-73.9349,40.7714],[-73.9345,40.7713],[-73.9375,40.7725],[-73.9378,40.7736],[-73.9377,40.7751],[-73.9361,40.7772],[-73.9347,40.7781],[-73.9326,40.778],[-73.9299,40.7762],[-73.9286,40.7766],[-73.9172,40.7841],[-73.9126,40.7894],[-73.9099,40.7909],[-73.9003,40.789],[-73.8965,40.7861],[-73.8964,40.7861],[-73.8964,40.7862],[-73.8964,40.7861],[-73.8965,40.7861],[-73.8961,40.7856],[-73.896,40.7857],[-73.8959,40.7856],[-73.896,40.7857],[-73.8961,40.7856],[-73.8968,40.7844],[-73.8967,40.7844],[-73.8968,40.7844],[-73.8987,40.7828],[-73.9011,40.7827],[-73.9027,40.7804],[-73.9013,40.7819],[-73.8987,40.782],[-73.8944,40.7841],[-73.8945,40.7841],[-73.8944,40.7841],[-73.8945,40.7841],[-73.8961,40.7832],[-73.8948,40.7823],[-73.8953,40.7817],[-73.8946,40.7823],[-73.8952,40.7817],[-73.8953,40.7817],[-73.8953,40.7816],[-73.8954,40.7816],[-73.8953,40.7816],[-73.8953,40.7815],[-73.8953,40.7816],[-73.8952,40.7817],[-73.8942,40.7825],[-73.8931,40.7818],[-73.8923,40.7825],[-73.8927,40.783],[-73.8917,40.7822],[-73.893,40.7818],[-73.8916,40.7808],[-73.8919,40.7803],[-73.8918,40.7803],[-73.8919,40.7803],[-73.8925,40.7795],[-73.8912,40.7786],[-73.8925,40.7774],[-73.8915,40.7765],[-73.8914,40.7763],[-73.8914,40.776],[-73.8918,40.7749],[-73.8914,40.776],[-73.8914,40.7763],[-73.8915,40.7765],[-73.8902,40.7779],[-73.8895,40.7759],[-73.8902,40.7736],[-73.8858,40.774],[-73.8857,40.7741],[-73.8857,40.7743],[-73.8856,40.7744],[-73.8857,40.7743],[-73.8857,40.7741],[-73.8858,40.774],[-73.8839,40.7741],[-73.8847,40.7745],[-73.8844,40.7755],[-73.8843,40.7755],[-73.8844,40.7755],[-73.8849,40.78],[-73.8787,40.7806],[-73.8789,40.7824],[-73.8797,40.7828],[-73.8797,40.7829],[-73.8797,40.7828],[-73.8791,40.7826],[-73.8791,40.7827],[-73.8791,40.7826],[-73.8789,40.7824],[-73.8783,40.783],[-73.8752,40.7815],[-73.8712,40.786],[-73.8698,40.7853],[-73.8681,40.7875],[-73.8699,40.7851],[-73.8694,40.7836],[-73.8687,40.7837],[-73.8685,40.7836],[-73.8687,40.7837],[-73.8694,40.7836],[-73.8726,40.7808],[-73.855,40.7721],[-73.8564,40.7703],[-73.8582,40.7704],[-73.8562,40.7689],[-73.8571,40.7691],[-73.8596,40.767],[-73.8628,40.7668],[-73.8589,40.7621],[-73.8588,40.7623],[-73.8586,40.7625],[-73.8588,40.7623],[-73.8589,40.7621],[-73.8588,40.7621],[-73.8587,40.7622],[-73.8588,40.7621],[-73.8586,40.7619],[-73.8585,40.7621],[-73.8584,40.7622],[-73.8582,40.7624],[-73.858,40.7626],[-73.8579,40.7627],[-73.8578,40.7629],[-73.8577,40.763],[-73.8579,40.7632],[-73.8581,40.7633],[-73.8583,40.7634],[-73.8584,40.7635],[-73.8585,40.7634],[-73.8584,40.7635],[-73.8583,40.7634],[-73.8581,40.7633],[-73.8579,40.7632],[-73.8576,40.7631],[-73.8568,40.764],[-73.857,40.7641],[-73.8568,40.764],[-73.8576,40.7631],[-73.8576,40.7631],[-73.8575,40.763],[-73.8572,40.7629],[-73.8571,40.7628],[-73.8568,40.7627],[-73.8567,40.7626],[-73.8566,40.7627],[-73.8567,40.7626],[-73.8568,40.7627],[-73.8571,40.7628],[-73.8572,40.7629],[-73.8575,40.763],[-73.8576,40.7631],[-73.8577,40.763],[-73.8578,40.7629],[-73.8579,40.7627],[-73.858,40.7626],[-73.8582,40.7624],[-73.8577,40.7622],[-73.8575,40.7621],[-73.8574,40.762],[-73.8572,40.7619],[-73.857,40.7618],[-73.8568,40.7617],[-73.8566,40.7616],[-73.8568,40.7617],[-73.857,40.7618],[-73.8572,40.7619],[-73.8574,40.762],[-73.8575,40.7621],[-73.8577,40.7622],[-73.8582,40.7624],[-73.8584,40.7622],[-73.8585,40.7621],[-73.8586,40.7619],[-73.8553,40.7607],[-73.8552,40.7608],[-73.8553,40.7607],[-73.8507,40.7594],[-73.8493,40.7602],[-73.8499,40.7611],[-73.8521,40.7604],[-73.8498,40.7613],[-73.8487,40.7601],[-73.8436,40.7635],[-73.8437,40.7636],[-73.8436,40.7635],[-73.8426,40.7647],[-73.8391,40.766],[-73.8396,40.7671],[-73.8409,40.7662],[-73.8408,40.7661],[-73.8409,40.7662],[-73.8423,40.7658],[-73.8424,40.7658],[-73.8423,40.7658],[-73.8425,40.7659],[-73.8425,40.7658],[-73.8425,40.7659],[-73.8449,40.7655],[-73.8474,40.7664],[-73.849,40.7692],[-73.8487,40.77],[-73.8498,40.7699],[-73.8486,40.7707],[-73.8504,40.7718],[-73.8513,40.7719],[-73.8512,40.772],[-73.8513,40.7719],[-73.8504,40.7718],[-73.849,40.7736],[-73.8495,40.7786],[-73.8494,40.7786],[-73.8495,40.7786],[-73.8498,40.7788],[-73.8499,40.7788],[-73.8498,40.7788],[-73.8498,40.7795],[-73.8501,40.7793],[-73.8501,40.7794],[-73.8501,40.7793],[-73.851,40.7791],[-73.8512,40.779],[-73.8515,40.779],[-73.8512,40.779],[-73.851,40.7791],[-73.8501,40.7794],[-73.8498,40.7795],[-73.85,40.7796],[-73.8524,40.7795],[-73.8523,40.7792],[-73.8524,40.7795],[-73.85,40.7796],[-73.8495,40.7799],[-73.8505,40.78],[-73.8517,40.7799],[-73.8505,40.78],[-73.8495,40.7801],[-73.8499,40.7811],[-73.8509,40.7811],[-73.8499,40.7811],[-73.8492,40.7823],[-73.8503,40.7824],[-73.8503,40.7825],[-73.8503,40.7824],[-73.8551,40.7819],[-73.8559,40.7833],[-73.8559,40.7832],[-73.8559,40.7833],[-73.8567,40.7831],[-73.8566,40.7829],[-73.8567,40.7831],[-73.8581,40.7837],[-73.8578,40.7845],[-73.8591,40.7854],[-73.859,40.7851],[-73.8591,40.7854],[-73.859,40.7858],[-73.8591,40.7859],[-73.859,40.7858],[-73.8581,40.7871],[-73.857,40.7867],[-73.857,40.7866],[-73.857,40.7867],[-73.856,40.7877],[-73.8528,40.7882],[-73.8545,40.7883],[-73.8548,40.7891],[-73.8545,40.7903],[-73.8526,40.7912],[-73.8538,40.7923],[-73.8537,40.794],[-73.8527,40.7949],[-73.8489,40.7934],[-73.8484,40.7956],[-73.8462,40.7962],[-73.8446,40.7949],[-73.8434,40.7949],[-73.8434,40.7955],[-73.8428,40.7952],[-73.8433,40.7962],[-73.8423,40.7956],[-73.8429,40.7969],[-73.8415,40.7954],[-73.8401,40.7969],[-73.8404,40.7977],[-73.8392,40.7978],[-73.8384,40.7983],[-73.8379,40.7985],[-73.8384,40.7983],[-73.8392,40.7978],[-73.8403,40.7976],[-73.84,40.7969],[-73.8384,40.7968],[-73.8365,40.7921],[-73.8375,40.7914],[-73.8375,40.7905],[-73.8368,40.7905],[-73.8374,40.7904],[-73.8375,40.7904],[-73.8374,40.7904],[-73.8372,40.7896],[-73.8372,40.7895],[-73.8372,40.7893],[-73.8372,40.7892],[-73.8373,40.789],[-73.8372,40.7892],[-73.8372,40.7893],[-73.8372,40.7895],[-73.8372,40.7896],[-73.8356,40.7896],[-73.8339,40.7885],[-73.8317,40.7893],[-73.8314,40.7892],[-73.8317,40.7893],[-73.8321,40.7903],[-73.8314,40.7914],[-73.8297,40.7916],[-73.8284,40.7924],[-73.8292,40.793],[-73.8283,40.7925],[-73.8278,40.7931],[-73.828,40.795],[-73.8293,40.7967],[-73.8294,40.7968],[-73.8295,40.7968],[-73.8294,40.7968],[-73.8293,40.7967],[-73.8273,40.7968],[-73.8269,40.7978],[-73.8251,40.7973],[-73.8239,40.7982],[-73.824,40.7984],[-73.8239,40.7982],[-73.8234,40.7984],[-73.8237,40.7988],[-73.8234,40.7984],[-73.8234,40.7985],[-73.8234,40.7984],[-73.8231,40.7987],[-73.8233,40.799],[-73.8231,40.7987],[-73.823,40.7987],[-73.823,40.7986],[-73.823,40.7987],[-73.8225,40.799],[-73.8228,40.7993],[-73.8225,40.799],[-73.8224,40.7991],[-73.8226,40.7994],[-73.8224,40.7991],[-73.8204,40.8006],[-73.8205,40.801]]],[[[-73.756,40.6103],[-73.756,40.6102],[-73.756,40.6103],[-73.7556,40.6101],[-73.7558,40.6104],[-73.7559,40.6104],[-73.7558,40.6104],[-73.7556,40.6101],[-73.748,40.6123],[-73.7469,40.6116],[-73.7458,40.612],[-73.7433,40.6075],[-73.7382,40.6027],[-73.7385,40.5974],[-73.7385,40.5974],[-73.7386,40.5972],[-73.7387,40.597],[-73.7387,40.5969],[-73.7387,40.597],[-73.7386,40.5972],[-73.7386,40.5972],[-73.7399,40.5971],[-73.7401,40.5962],[-73.741,40.5969],[-73.7409,40.5969],[-73.741,40.5969],[-73.7418,40.5966],[-73.7402,40.596],[-73.7395,40.597],[-73.7396,40.597],[-73.7397,40.5969],[-73.7398,40.5969],[-73.7399,40.5968],[-73.7398,40.5967],[-73.7398,40.5966],[-73.7397,40.5966],[-73.7396,40.5966],[-73.7397,40.5966],[-73.7398,40.5966],[-73.7398,40.5967],[-73.7399,40.5968],[-73.7398,40.5969],[-73.7397,40.5969],[-73.7396,40.597],[-73.7395,40.597],[-73.7394,40.597],[-73.7392,40.597],[-73.7391,40.5969],[-73.7389,40.5969],[-73.7391,40.5969],[-73.7392,40.597],[-73.7394,40.597],[-73.7395,40.597],[-73.7381,40.5974],[-73.7376,40.5944],[-73.7388,40.5945],[-73.7388,40.5944],[-73.7388,40.5945],[-73.7396,40.5946],[-73.7396,40.5944],[-73.7396,40.5946],[-73.7401,40.5946],[-73.7401,40.5945],[-73.7401,40.5946],[-73.7417,40.5947],[-73.7417,40.5946],[-73.7417,40.5947],[-73.7435,40.5947],[-73.7435,40.5946],[-73.7435,40.5947],[-73.7468,40.5943],[-73.7535,40.5909],[-73.7617,40.5917],[-73.7761,40.5903],[-73.7888,40.5874],[-73.8135,40.5835],[-73.8341,40.5776],[-73.8627,40.5665],[-73.8637,40.567],[-73.8666,40.5661],[-73.8663,40.5655],[-73.8666,40.5661],[-73.8685,40.5655],[-73.8684,40.5653],[-73.8682,40.5651],[-73.8684,40.5653],[-73.8685,40.5655],[-73.8706,40.5648],[-73.8703,40.5642],[-73.8706,40.5648],[-73.8726,40.5639],[-73.8724,40.5636],[-73.8726,40.5639],[-73.8747,40.5635],[-73.8746,40.5635],[-73.8747,40.5635],[-73.8754,40.5634],[-73.8753,40.5633],[-73.8754,40.5634],[-73.8849,40.5601],[-73.8848,40.5601],[-73.8849,40.5601],[-73.887,40.5595],[-73.8869,40.5594],[-73.887,40.5595],[-73.895,40.5573],[-73.8949,40.5571],[-73.895,40.5573],[-73.9005,40.5564],[-73.9026,40.5568],[-73.9076,40.5554],[-73.9405,40.5429],[-73.9407,40.5418],[-73.9401,40.5495],[-73.9407,40.5525],[-73.9399,40.5546],[-73.9356,40.5573],[-73.9319,40.5578],[-73.9262,40.5616],[-73.9202,40.5625],[-73.9202,40.5626],[-73.9202,40.5625],[-73.9203,40.5626],[-73.9202,40.5625],[-73.9119,40.565],[-73.9119,40.5655],[-73.9117,40.5659],[-73.9119,40.5655],[-73.9119,40.565],[-73.9101,40.5649],[-73.9101,40.565],[-73.9101,40.5649],[-73.91,40.5648],[-73.91,40.5649],[-73.9097,40.5653],[-73.91,40.5649],[-73.91,40.5648],[-73.9094,40.564],[-73.9079,40.5642],[-73.9067,40.5628],[-73.903,40.5635],[-73.9017,40.5629],[-73.8961,40.5653],[-73.8953,40.5663],[-73.8957,40.5671],[-73.8926,40.5686],[-73.8896,40.5679],[-73.8849,40.5685],[-73.8843,40.5687],[-73.8849,40.5685],[-73.8846,40.5683],[-73.8843,40.5685],[-73.8846,40.5683],[-73.8842,40.568],[-73.8841,40.568],[-73.8842,40.568],[-73.8841,40.568],[-73.884,40.5681],[-73.8841,40.5682],[-73.884,40.5681],[-73.8838,40.5681],[-73.884,40.5685],[-73.8838,40.5681],[-73.8835,40.5685],[-73.8839,40.5689],[-73.8835,40.5685],[-73.8766,40.5692],[-73.8531,40.5813],[-73.8493,40.5822],[-73.8403,40.5818],[-73.8385,40.5827],[-73.8386,40.5828],[-73.8385,40.5827],[-73.8285,40.5849],[-73.828,40.5861],[-73.8248,40.5871],[-73.8248,40.5872],[-73.8248,40.5871],[-73.8228,40.5875],[-73.8212,40.5869],[-73.8134,40.5909],[-73.8136,40.5917],[-73.8132,40.5911],[-73.8118,40.5915],[-73.8114,40.5925],[-73.8113,40.5917],[-73.8108,40.5921],[-73.8109,40.5923],[-73.811,40.5925],[-73.8114,40.5925],[-73.8114,40.5929],[-73.8111,40.593],[-73.811,40.593],[-73.8111,40.593],[-73.8114,40.5929],[-73.8114,40.5927],[-73.8109,40.5928],[-73.8107,40.5928],[-73.8109,40.5928],[-73.8114,40.5927],[-73.8114,40.5925],[-73.811,40.5925],[-73.8109,40.5923],[-73.8108,40.5921],[-73.8099,40.5923],[-73.8101,40.5931],[-73.8097,40.5924],[-73.8098,40.5927],[-73.8097,40.5924],[-73.8095,40.5936],[-73.8061,40.5921],[-73.8058,40.5908],[-73.8058,40.5919],[-73.8043,40.5913],[-73.8042,40.5919],[-73.808,40.5935],[-73.8075,40.5949],[-73.8061,40.5956],[-73.8044,40.5947],[-73.8038,40.593],[-73.8037,40.593],[-73.8038,40.593],[-73.8024,40.5926],[-73.8027,40.5939],[-73.8031,40.5939],[-73.8032,40.5939],[-73.8031,40.5939],[-73.8027,40.5939],[-73.8026,40.5943],[-73.8027,40.5943],[-73.8032,40.5942],[-73.8033,40.5943],[-73.8032,40.5942],[-73.8027,40.5943],[-73.8026,40.5943],[-73.8027,40.5943],[-73.8026,40.5943],[-73.8032,40.5947],[-73.8035,40.5945],[-73.8034,40.5944],[-73.8035,40.5945],[-73.8032,40.5947],[-73.8034,40.5949],[-73.8037,40.5947],[-73.8034,40.5949],[-73.8032,40.5949],[-73.8034,40.5949],[-73.8032,40.595],[-73.8034,40.595],[-73.8032,40.595],[-73.8033,40.5952],[-73.8034,40.5952],[-73.8037,40.5951],[-73.8039,40.595],[-73.8037,40.5951],[-73.8033,40.5952],[-73.8034,40.5952],[-73.8049,40.5967],[-73.805,40.5968],[-73.8051,40.5968],[-73.8051,40.5967],[-73.8051,40.5966],[-73.8051,40.5967],[-73.8052,40.5968],[-73.8052,40.597],[-73.8053,40.597],[-73.8052,40.597],[-73.8052,40.5972],[-73.8052,40.597],[-73.8052,40.5968],[-73.8051,40.5968],[-73.805,40.5968],[-73.805,40.5968],[-73.8049,40.5967],[-73.8048,40.5976],[-73.803,40.5989],[-73.8009,40.5992],[-73.801,40.5992],[-73.8009,40.5992],[-73.8009,40.5994],[-73.8009,40.5992],[-73.8005,40.5992],[-73.8005,40.5993],[-73.8005,40.5992],[-73.7933,40.6],[-73.7933,40.5999],[-73.7933,40.6],[-73.7928,40.5999],[-73.7928,40.6],[-73.7928,40.5999],[-73.7926,40.6],[-73.7926,40.6001],[-73.7926,40.6],[-73.7879,40.6031],[-73.7862,40.6031],[-73.7903,40.5993],[-73.7911,40.5972],[-73.7904,40.5948],[-73.7905,40.595],[-73.7906,40.5951],[-73.7906,40.5953],[-73.7907,40.596],[-73.7907,40.5961],[-73.7908,40.5961],[-73.7907,40.5961],[-73.7907,40.596],[-73.7906,40.5953],[-73.7906,40.5951],[-73.7905,40.595],[-73.7903,40.5948],[-73.7904,40.5948],[-73.7903,40.5948],[-73.7901,40.5948],[-73.7902,40.5951],[-73.7902,40.5953],[-73.7903,40.596],[-73.7903,40.5961],[-73.7902,40.5961],[-73.7903,40.5961],[-73.7903,40.596],[-73.7902,40.5953],[-73.7902,40.5951],[-73.7901,40.5948],[-73.7898,40.5947],[-73.7898,40.5948],[-73.7898,40.5947],[-73.7897,40.5949],[-73.7897,40.595],[-73.7898,40.5955],[-73.7898,40.5958],[-73.79,40.5962],[-73.7898,40.5958],[-73.7898,40.5955],[-73.7897,40.595],[-73.7897,40.5949],[-73.7897,40.595],[-73.7897,40.5949],[-73.7894,40.595],[-73.7894,40.5949],[-73.7894,40.595],[-73.7892,40.5979],[-73.7858,40.6006],[-73.7861,40.6006],[-73.7858,40.6006],[-73.7856,40.6008],[-73.786,40.6009],[-73.7856,40.6008],[-73.7835,40.6025],[-73.7831,40.6038],[-73.784,40.6049],[-73.7833,40.6057],[-73.7832,40.6057],[-73.7833,40.6057],[-73.778,40.6098],[-73.7751,40.6097],[-73.7741,40.6087],[-73.7748,40.6084],[-73.7746,40.6074],[-73.7747,40.6076],[-73.7749,40.6081],[-73.775,40.6082],[-73.7751,40.6083],[-73.776,40.6092],[-73.7751,40.6083],[-73.775,40.6082],[-73.7749,40.6081],[-73.7747,40.6076],[-73.7746,40.6074],[-73.7752,40.6046],[-73.7747,40.6042],[-73.7782,40.6008],[-73.7784,40.6008],[-73.7782,40.6008],[-73.7803,40.6007],[-73.782,40.599],[-73.7802,40.5969],[-73.7787,40.598],[-73.7787,40.5979],[-73.7787,40.598],[-73.7774,40.5988],[-73.7759,40.6015],[-73.7749,40.6017],[-73.7746,40.601],[-73.7746,40.6009],[-73.7746,40.601],[-73.7748,40.6008],[-73.7746,40.6009],[-73.7748,40.6008],[-73.7731,40.5979],[-73.7679,40.5981],[-73.7712,40.5994],[-73.7702,40.6026],[-73.7706,40.6048],[-73.769,40.6095],[-73.7721,40.6115],[-73.7734,40.6111],[-73.7729,40.6101],[-73.774,40.6121],[-73.7741,40.612],[-73.7741,40.6119],[-73.7742,40.6118],[-73.7741,40.6119],[-73.7741,40.612],[-73.774,40.6121],[-73.7734,40.6137],[-73.7666,40.6143],[-73.765,40.6136],[-73.7651,40.612],[-73.7617,40.6118],[-73.7602,40.6108],[-73.7616,40.609],[-73.76,40.6109],[-73.7597,40.6101],[-73.756,40.6103]]],[[[-73.8155,40.6064],[-73.8156,40.6062],[-73.8155,40.6064],[-73.8164,40.6052],[-73.8174,40.6052],[-73.8185,40.5994],[-73.8212,40.5948],[-73.8324,40.5946],[-73.8348,40.5955],[-73.8324,40.5978],[-73.8283,40.5976],[-73.826,40.5995],[-73.8249,40.5981],[-73.8241,40.5989],[-73.8243,40.5989],[-73.8245,40.599],[-73.8246,40.5987],[-73.8247,40.5986],[-73.8248,40.5984],[-73.8247,40.5986],[-73.8246,40.5987],[-73.8245,40.599],[-73.8244,40.5991],[-73.8245,40.599],[-73.8243,40.5989],[-73.8241,40.5989],[-73.8232,40.6],[-73.8231,40.6001],[-73.8232,40.6],[-73.823,40.5999],[-73.823,40.6],[-73.8229,40.6001],[-73.823,40.6],[-73.823,40.5999],[-73.8215,40.6001],[-73.8245,40.6008],[-73.8229,40.6026],[-73.8229,40.6059],[-73.82,40.6089],[-73.8196,40.6105],[-73.8204,40.6121],[-73.8213,40.6113],[-73.8205,40.6101],[-73.8216,40.6085],[-73.8221,40.6102],[-73.8229,40.6103],[-73.8258,40.6142],[-73.8274,40.6134],[-73.8279,40.6137],[-73.8272,40.6141],[-73.8309,40.615],[-73.834,40.6144],[-73.8334,40.6268],[-73.8311,40.6327],[-73.8334,40.6385],[-73.8322,40.6389],[-73.8281,40.6359],[-73.8259,40.6357],[-73.8244,40.6362],[-73.8242,40.64],[-73.8211,40.6297],[-73.8161,40.6246],[-73.8166,40.6239],[-73.818,40.6241],[-73.8189,40.6226],[-73.8178,40.6216],[-73.8157,40.6215],[-73.8154,40.6201],[-73.8172,40.6193],[-73.8178,40.6175],[-73.8171,40.6153],[-73.8162,40.6142],[-73.8141,40.6146],[-73.8154,40.6142],[-73.815,40.613],[-73.8162,40.6129],[-73.8154,40.6104],[-73.8145,40.6111],[-73.8155,40.6064]]],[[[-73.7978,40.6274],[-73.7957,40.6261],[-73.7992,40.6241],[-73.7936,40.6252],[-73.7981,40.6231],[-73.7995,40.6212],[-73.7999,40.6186],[-73.8017,40.62],[-73.8013,40.6159],[-73.8027,40.6136],[-73.8051,40.6134],[-73.8048,40.6158],[-73.8076,40.6212],[-73.807,40.6239],[-73.8001,40.6269],[-73.8009,40.6275],[-73.7978,40.6274]]],[[[-73.7942,40.6077],[-73.7935,40.6063],[-73.7951,40.6073],[-73.7942,40.6059],[-73.797,40.6041],[-73.8043,40.6045],[-73.8052,40.6067],[-73.8042,40.6087],[-73.8016,40.6102],[-73.7988,40.6103],[-73.7942,40.6077]]],[[[-73.8131,40.6293],[-73.8135,40.6273],[-73.8126,40.6284],[-73.8113,40.6247],[-73.8121,40.6211],[-73.8102,40.6165],[-73.8109,40.6162],[-73.8145,40.6224],[-73.8142,40.6237],[-73.8168,40.6263],[-73.8138,40.6261],[-73.8163,40.6271],[-73.8173,40.6306],[-73.8164,40.6314],[-73.8151,40.6312],[-73.8139,40.6308],[-73.8131,40.6293]]],[[[-73.8395,40.5923],[-73.84,40.5919],[-73.8395,40.5923],[-73.8406,40.593],[-73.8414,40.5921],[-73.8422,40.5932],[-73.8439,40.5934],[-73.8434,40.5944],[-73.8385,40.5962],[-73.8331,40.593],[-73.8326,40.5919],[-73.8341,40.5921],[-73.8342,40.5913],[-73.8328,40.5915],[-73.8325,40.5902],[-73.835,40.5897],[-73.8332,40.5898],[-73.8336,40.5893],[-73.8372,40.5897],[-73.8395,40.5923]]],[[[-73.7667,40.6149],[-73.774,40.616],[-73.7687,40.6209],[-73.7675,40.6205],[-73.7667,40.6149]]],[[[-73.8134,40.6044],[-73.8099,40.6019],[-73.8103,40.599],[-73.8116,40.5981],[-73.8144,40.6005],[-73.815,40.6021],[-73.8143,40.6045],[-73.8134,40.6044]]],[[[-73.8324,40.6059],[-73.8359,40.6056],[-73.8345,40.6072],[-73.8343,40.6092],[-73.8325,40.6104],[-73.8303,40.6085],[-73.8305,40.6067],[-73.8324,40.6059]]]]}},{"type":"Feature","id":"Brooklyn","properties":{"id":"Brooklyn","name":"Brooklyn","name_full":"Brooklyn","name_ja":"Brooklyn","center_lonlat":[-73.9498,40.6455]},"geometry":{"type":"MultiPolygon","coordinates":[[[[-73.9241,40.7141],[-73.9222,40.7129],[-73.9207,40.7105],[-73.9219,40.7094],[-73.9118,40.7034],[-73.9129,40.7024],[-73.9107,40.701],[-73.9118,40.6999],[-73.9043,40.6957],[-73.9058,40.6941],[-73.9012,40.6914],[-73.9018,40.6908],[-73.9004,40.6882],[-73.9012,40.6879],[-73.8965,40.6823],[-73.8942,40.6853],[-73.8925,40.6834],[-73.8902,40.685],[-73.8896,40.6842],[-73.8845,40.6867],[-73.8796,40.6911],[-73.874,40.6942],[-73.8684,40.6947],[-73.866,40.6819],[-73.8641,40.6824],[-73.8633,40.6791],[-73.8623,40.6792],[-73.8604,40.6713],[-73.8576,40.6717],[-73.8557,40.6639],[-73.8584,40.6635],[-73.8576,40.6601],[-73.8632,40.6583],[-73.8627,40.6576],[-73.863,40.6565],[-73.8631,40.6565],[-73.863,40.6565],[-73.8598,40.6541],[-73.857,40.6506],[-73.8584,40.6473],[-73.8572,40.6437],[-73.8629,40.6426],[-73.8667,40.64],[-73.8656,40.6388],[-73.8687,40.6409],[-73.8706,40.6449],[-73.8726,40.6456],[-73.8793,40.6546],[-73.8733,40.6456],[-73.8733,40.6439],[-73.8699,40.6389],[-73.868,40.6381],[-73.8737,40.6363],[-73.8786,40.639],[-73.8807,40.6415],[-73.8807,40.6416],[-73.8807,40.6415],[-73.8805,40.6414],[-73.8805,40.6415],[-73.8805,40.6414],[-73.88,40.6419],[-73.8814,40.6423],[-73.8832,40.6444],[-73.8856,40.644],[-73.8873,40.6457],[-73.8877,40.6479],[-73.891,40.6494],[-73.8894,40.647],[-73.8888,40.6461],[-73.8894,40.647],[-73.8884,40.6474],[-73.8882,40.6467],[-73.8883,40.6467],[-73.8885,40.6467],[-73.8885,40.6469],[-73.8884,40.6469],[-73.8885,40.6469],[-73.8885,40.6467],[-73.8883,40.6467],[-73.8882,40.6467],[-73.8883,40.6461],[-73.8883,40.6461],[-73.8882,40.646],[-73.8882,40.646],[-73.8874,40.6454],[-73.888,40.6451],[-73.8881,40.6452],[-73.888,40.6451],[-73.8866,40.6443],[-73.8865,40.6443],[-73.8866,40.6443],[-73.8798,40.6384],[-73.8786,40.6383],[-73.8771,40.636],[-73.8835,40.6312],[-73.884,40.6296],[-73.8826,40.6283],[-73.8837,40.6276],[-73.8851,40.6288],[-73.8877,40.6283],[-73.8928,40.6234],[-73.8956,40.6225],[-73.8983,40.623],[-73.9011,40.6257],[-73.9051,40.6267],[-73.9163,40.632],[-73.9175,40.6315],[-73.9039,40.625],[-73.9043,40.6252],[-73.9054,40.6258],[-73.9053,40.6259],[-73.9054,40.6258],[-73.9043,40.6252],[-73.9039,40.625],[-73.9031,40.6247],[-73.9032,40.6246],[-73.9031,40.6247],[-73.9031,40.6246],[-73.9025,40.6244],[-73.9031,40.6246],[-73.9032,40.6246],[-73.9028,40.6241],[-73.9028,40.624],[-73.9028,40.6241],[-73.9024,40.6245],[-73.9027,40.624],[-73.9026,40.624],[-73.9027,40.624],[-73.9026,40.6239],[-73.9027,40.624],[-73.9027,40.6239],[-73.9028,40.624],[-73.9029,40.624],[-73.9027,40.6239],[-73.9029,40.6239],[-73.9029,40.624],[-73.9029,40.6239],[-73.9007,40.6216],[-73.8969,40.6217],[-73.8963,40.6208],[-73.8963,40.6207],[-73.8963,40.6208],[-73.8956,40.6199],[-73.8966,40.6176],[-73.8958,40.6149],[-73.8957,40.6149],[-73.8958,40.6149],[-73.8909,40.6128],[-73.894,40.6112],[-73.8911,40.6123],[-73.8897,40.6116],[-73.8919,40.6094],[-73.892,40.6094],[-73.8919,40.6094],[-73.892,40.6094],[-73.8922,40.6092],[-73.8923,40.6092],[-73.8922,40.6092],[-73.8922,40.6086],[-73.8924,40.6085],[-73.8922,40.6086],[-73.8933,40.6067],[-73.8999,40.6055],[-73.9009,40.6069],[-73.9002,40.6101],[-73.9023,40.612],[-73.9023,40.6119],[-73.9023,40.612],[-73.9025,40.6119],[-73.9025,40.6118],[-73.9012,40.6106],[-73.9013,40.6106],[-73.9012,40.6106],[-73.9013,40.6106],[-73.9025,40.6118],[-73.9027,40.6118],[-73.9025,40.6119],[-73.9024,40.612],[-73.9025,40.6119],[-73.9026,40.6119],[-73.9027,40.6118],[-73.9026,40.6119],[-73.9027,40.612],[-73.9028,40.6121],[-73.903,40.6121],[-73.9028,40.6121],[-73.9027,40.612],[-73.9026,40.6119],[-73.9024,40.612],[-73.9059,40.6151],[-73.9059,40.615],[-73.9057,40.6149],[-73.9059,40.615],[-73.906,40.615],[-73.9059,40.615],[-73.906,40.615],[-73.9059,40.6151],[-73.907,40.6161],[-73.9072,40.616],[-73.907,40.6161],[-73.9071,40.6162],[-73.9073,40.6161],[-73.9071,40.6162],[-73.9078,40.6174],[-73.9088,40.6173],[-73.9086,40.6172],[-73.9088,40.6173],[-73.9084,40.6165],[-73.9088,40.6169],[-73.9086,40.6161],[-73.9081,40.6157],[-73.908,40.6158],[-73.9081,40.6157],[-73.9086,40.6161],[-73.9088,40.6169],[-73.9096,40.6164],[-73.9042,40.612],[-73.904,40.612],[-73.9042,40.612],[-73.9035,40.6114],[-73.9033,40.6115],[-73.9035,40.6114],[-73.9022,40.6103],[-73.9016,40.6058],[-73.9053,40.6049],[-73.906,40.6064],[-73.9088,40.6065],[-73.9088,40.6064],[-73.9087,40.6062],[-73.9086,40.606],[-73.9084,40.6057],[-73.9085,40.6057],[-73.9084,40.6057],[-73.9084,40.6056],[-73.9084,40.6055],[-73.908,40.6054],[-73.9084,40.6055],[-73.9084,40.6056],[-73.9085,40.6057],[-73.9086,40.606],[-73.9087,40.6062],[-73.9088,40.6064],[-73.9088,40.6065],[-73.9099,40.606],[-73.9083,40.6041],[-73.9135,40.6039],[-73.9168,40.6069],[-73.9168,40.6088],[-73.9166,40.6094],[-73.9168,40.6088],[-73.9168,40.6089],[-73.9171,40.6088],[-73.9168,40.6089],[-73.9167,40.6095],[-73.9167,40.6096],[-73.9167,40.6095],[-73.9166,40.6094],[-73.9145,40.6117],[-73.9149,40.614],[-73.9141,40.6149],[-73.9142,40.6148],[-73.9141,40.6149],[-73.916,40.6138],[-73.9157,40.6136],[-73.916,40.6138],[-73.9159,40.6133],[-73.9157,40.6134],[-73.9159,40.6133],[-73.9164,40.6135],[-73.916,40.6129],[-73.9159,40.6129],[-73.916,40.6129],[-73.9164,40.6135],[-73.9157,40.6118],[-73.9167,40.6111],[-73.9166,40.6111],[-73.9167,40.6111],[-73.9181,40.6103],[-73.9179,40.6093],[-73.9178,40.6093],[-73.918,40.6088],[-73.9178,40.6093],[-73.9179,40.6093],[-73.918,40.6088],[-73.9186,40.6085],[-73.9181,40.6081],[-73.9182,40.608],[-73.9181,40.6081],[-73.9186,40.6085],[-73.919,40.6083],[-73.9181,40.6076],[-73.919,40.6083],[-73.9194,40.608],[-73.9184,40.6072],[-73.9185,40.6071],[-73.9184,40.6072],[-73.9194,40.608],[-73.9139,40.6027],[-73.9138,40.6028],[-73.9137,40.6028],[-73.9138,40.6028],[-73.9138,40.6027],[-73.9139,40.6027],[-73.9138,40.6027],[-73.9136,40.6025],[-73.9135,40.6029],[-73.9136,40.6025],[-73.9134,40.6024],[-73.9133,40.6025],[-73.9133,40.6026],[-73.9132,40.6028],[-73.9133,40.6026],[-73.9133,40.6025],[-73.9134,40.6024],[-73.9131,40.6022],[-73.9129,40.6025],[-73.9127,40.6027],[-73.9129,40.6025],[-73.9127,40.6024],[-73.9129,40.6025],[-73.9131,40.6022],[-73.9118,40.6022],[-73.9116,40.6022],[-73.9118,40.6022],[-73.9123,40.6023],[-73.9125,40.6024],[-73.9123,40.6023],[-73.9115,40.6024],[-73.9116,40.6025],[-73.9121,40.6025],[-73.9123,40.6026],[-73.9125,40.6026],[-73.9125,40.6025],[-73.9126,40.6027],[-73.9125,40.6025],[-73.9125,40.6026],[-73.9123,40.6026],[-73.9121,40.6025],[-73.9116,40.6025],[-73.9111,40.6024],[-73.911,40.6024],[-73.9109,40.6025],[-73.911,40.6024],[-73.9109,40.6025],[-73.911,40.6024],[-73.9111,40.6024],[-73.9115,40.6024],[-73.9111,40.6022],[-73.9109,40.6021],[-73.9111,40.6022],[-73.9116,40.6022],[-73.9107,40.6022],[-73.9107,40.6024],[-73.9108,40.6024],[-73.9107,40.6024],[-73.9103,40.6025],[-73.9096,40.6025],[-73.9091,40.6026],[-73.909,40.6026],[-73.9091,40.6027],[-73.909,40.6026],[-73.9091,40.6026],[-73.9096,40.6025],[-73.9103,40.6025],[-73.9107,40.6024],[-73.9107,40.6022],[-73.9107,40.6021],[-73.9106,40.6021],[-73.9094,40.6022],[-73.9094,40.6023],[-73.9094,40.6022],[-73.9106,40.6021],[-73.9107,40.6021],[-73.9089,40.6016],[-73.8988,40.6037],[-73.8955,40.6031],[-73.8913,40.6035],[-73.8877,40.6053],[-73.884,40.6056],[-73.8827,40.6042],[-73.8833,40.6028],[-73.8816,40.5995],[-73.8799,40.592],[-73.8794,40.5921],[-73.8799,40.592],[-73.8789,40.5907],[-73.8789,40.5882],[-73.8767,40.5849],[-73.8797,40.5801],[-73.8842,40.5786],[-73.8955,40.5768],[-73.8971,40.5798],[-73.8965,40.5829],[-73.8991,40.5875],[-73.8992,40.5874],[-73.8993,40.5874],[-73.8997,40.5871],[-73.8993,40.5874],[-73.8992,40.5875],[-73.8992,40.5874],[-73.8992,40.5875],[-73.8991,40.5875],[-73.8992,40.5875],[-73.8999,40.588],[-73.9012,40.5875],[-73.9011,40.5874],[-73.9012,40.5875],[-73.9,40.588],[-73.9043,40.5869],[-73.9067,40.588],[-73.9071,40.5875],[-73.9064,40.587],[-73.9109,40.5859],[-73.9119,40.587],[-73.9119,40.5871],[-73.9119,40.587],[-73.912,40.5945],[-73.9137,40.5971],[-73.9136,40.5971],[-73.9137,40.5971],[-73.9156,40.5992],[-73.9191,40.6009],[-73.9192,40.6009],[-73.9191,40.6009],[-73.9197,40.601],[-73.9198,40.601],[-73.9197,40.601],[-73.9201,40.6011],[-73.9202,40.6011],[-73.9201,40.6011],[-73.9216,40.6019],[-73.9233,40.6009],[-73.9234,40.6009],[-73.9233,40.6009],[-73.9235,40.6006],[-73.9234,40.6006],[-73.9235,40.6006],[-73.9242,40.5996],[-73.9263,40.6006],[-73.9296,40.6028],[-73.9292,40.604],[-73.9312,40.6039],[-73.9321,40.6029],[-73.9293,40.6005],[-73.9274,40.6001],[-73.9169,40.5917],[-73.917,40.5917],[-73.9169,40.5917],[-73.9146,40.5899],[-73.9145,40.59],[-73.9146,40.5899],[-73.9146,40.5894],[-73.9146,40.5893],[-73.9146,40.5894],[-73.9145,40.5887],[-73.9181,40.5864],[-73.9202,40.586],[-73.92,40.586],[-73.9202,40.586],[-73.9202,40.5859],[-73.9202,40.586],[-73.9202,40.586],[-73.9209,40.5859],[-73.9208,40.5858],[-73.9207,40.5857],[-73.9208,40.5858],[-73.9208,40.5858],[-73.9209,40.5859],[-73.921,40.5858],[-73.9209,40.5856],[-73.921,40.5858],[-73.9218,40.5858],[-73.9218,40.5857],[-73.9218,40.5858],[-73.9219,40.5857],[-73.9218,40.5858],[-73.924,40.5858],[-73.9241,40.5859],[-73.924,40.5858],[-73.9252,40.5858],[-73.9269,40.5874],[-73.9271,40.5876],[-73.9269,40.5874],[-73.9271,40.5876],[-73.9273,40.5877],[-73.9274,40.5876],[-73.9276,40.5875],[-73.9277,40.5874],[-73.9276,40.5875],[-73.9274,40.5876],[-73.9273,40.5877],[-73.9274,40.588],[-73.9275,40.588],[-73.9276,40.5879],[-73.9277,40.5878],[-73.9279,40.5877],[-73.9281,40.5877],[-73.9279,40.5877],[-73.9277,40.5878],[-73.9276,40.5879],[-73.9275,40.588],[-73.9274,40.588],[-73.9275,40.5882],[-73.9278,40.5881],[-73.9279,40.588],[-73.928,40.5881],[-73.9279,40.588],[-73.9278,40.5881],[-73.9275,40.5882],[-73.9278,40.5887],[-73.9267,40.5894],[-73.9266,40.5894],[-73.9267,40.5894],[-73.9242,40.5914],[-73.9282,40.5888],[-73.9284,40.589],[-73.9284,40.5889],[-73.9282,40.5888],[-73.9284,40.5889],[-73.9285,40.5888],[-73.9286,40.5887],[-73.9287,40.5886],[-73.9287,40.5887],[-73.9288,40.5887],[-73.9287,40.5887],[-73.9287,40.5886],[-73.9286,40.5887],[-73.9285,40.5888],[-73.9284,40.5889],[-73.9284,40.589],[-73.9284,40.5889],[-73.9284,40.589],[-73.9286,40.5891],[-73.9287,40.5891],[-73.9288,40.589],[-73.929,40.5889],[-73.9288,40.589],[-73.9286,40.5891],[-73.9287,40.5891],[-73.9289,40.5891],[-73.9291,40.5889],[-73.9293,40.5889],[-73.9291,40.5889],[-73.9289,40.5891],[-73.9289,40.5891],[-73.9288,40.5892],[-73.9288,40.5892],[-73.9289,40.5892],[-73.9288,40.5892],[-73.93,40.5894],[-73.9298,40.5893],[-73.9296,40.5893],[-73.9294,40.5892],[-73.9296,40.5893],[-73.9298,40.5893],[-73.93,40.5894],[-73.9303,40.5897],[-73.9304,40.5898],[-73.9306,40.5899],[-73.9304,40.5898],[-73.9303,40.5898],[-73.9302,40.5897],[-73.9303,40.5897],[-73.9302,40.5897],[-73.9303,40.5898],[-73.9306,40.59],[-73.9306,40.5903],[-73.9306,40.59],[-73.9305,40.5903],[-73.9306,40.5903],[-73.9306,40.5906],[-73.9306,40.5903],[-73.9305,40.5903],[-73.9305,40.5909],[-73.9306,40.5909],[-73.9306,40.5906],[-73.9306,40.5909],[-73.9305,40.591],[-73.9305,40.5909],[-73.9305,40.591],[-73.9307,40.591],[-73.9305,40.591],[-73.9304,40.5911],[-73.9307,40.5911],[-73.9304,40.5911],[-73.9305,40.5912],[-73.9306,40.5915],[-73.9305,40.5912],[-73.9304,40.5917],[-73.9305,40.5917],[-73.9305,40.5917],[-73.9304,40.5922],[-73.9304,40.5917],[-73.9303,40.5923],[-73.9304,40.5923],[-73.9304,40.5922],[-73.9304,40.5923],[-73.9303,40.5925],[-73.9304,40.5923],[-73.9303,40.5923],[-73.9302,40.5925],[-73.9303,40.5925],[-73.9304,40.5926],[-73.9303,40.5925],[-73.9302,40.5925],[-73.93,40.5927],[-73.9301,40.5928],[-73.9302,40.5927],[-73.9301,40.5928],[-73.93,40.5927],[-73.9299,40.5929],[-73.9301,40.5929],[-73.93,40.593],[-73.9301,40.5929],[-73.9299,40.5929],[-73.9297,40.5931],[-73.9298,40.5931],[-73.93,40.5932],[-73.93,40.5931],[-73.93,40.5932],[-73.93,40.5933],[-73.93,40.5932],[-73.9298,40.5931],[-73.9297,40.5931],[-73.9298,40.5934],[-73.9299,40.5934],[-73.93,40.5933],[-73.9299,40.5934],[-73.9298,40.5934],[-73.93,40.5941],[-73.9302,40.5939],[-73.9301,40.5937],[-73.93,40.5936],[-73.9301,40.5937],[-73.9302,40.5939],[-73.9303,40.5939],[-73.9304,40.594],[-73.9304,40.5941],[-73.9305,40.5942],[-73.9305,40.5942],[-73.9304,40.5941],[-73.9304,40.594],[-73.9303,40.5939],[-73.93,40.5941],[-73.9308,40.5944],[-73.9307,40.5943],[-73.9307,40.5943],[-73.9308,40.5944],[-73.9308,40.5945],[-73.9308,40.5944],[-73.9309,40.5945],[-73.931,40.5944],[-73.9311,40.5943],[-73.9312,40.5943],[-73.9313,40.5942],[-73.9312,40.5942],[-73.9313,40.5942],[-73.9312,40.5943],[-73.9311,40.5943],[-73.931,40.5944],[-73.931,40.5945],[-73.9312,40.5945],[-73.9314,40.5945],[-73.9316,40.5944],[-73.9318,40.5943],[-73.9316,40.5944],[-73.9314,40.5945],[-73.9312,40.5945],[-73.931,40.5945],[-73.9308,40.5945],[-73.9309,40.5945],[-73.9325,40.5949],[-73.9326,40.5948],[-73.9325,40.5949],[-73.9318,40.593],[-73.9317,40.5928],[-73.9317,40.593],[-73.9318,40.593],[-73.9317,40.593],[-73.9317,40.5928],[-73.9312,40.592],[-73.9311,40.592],[-73.9312,40.592],[-73.9314,40.5918],[-73.931,40.5919],[-73.9314,40.5918],[-73.9314,40.5916],[-73.9311,40.5917],[-73.9311,40.5916],[-73.9311,40.5917],[-73.9312,40.5916],[-73.9313,40.5914],[-73.9312,40.5916],[-73.9314,40.5916],[-73.9315,40.5914],[-73.9315,40.5913],[-73.9315,40.5914],[-73.9315,40.5912],[-73.9315,40.5913],[-73.9315,40.5912],[-73.9306,40.5888],[-73.9301,40.589],[-73.9306,40.5888],[-73.9297,40.5886],[-73.9304,40.5883],[-73.9297,40.5876],[-73.9313,40.5873],[-73.931,40.5868],[-73.9308,40.5869],[-73.9296,40.587],[-73.9308,40.5869],[-73.931,40.5868],[-73.9296,40.587],[-73.9286,40.5871],[-73.9281,40.5863],[-73.928,40.5863],[-73.9281,40.5863],[-73.9282,40.5862],[-73.9282,40.5861],[-73.9282,40.5862],[-73.9282,40.5861],[-73.9274,40.586],[-73.9273,40.586],[-73.9275,40.5863],[-73.9276,40.5864],[-73.9275,40.5863],[-73.9273,40.586],[-73.9274,40.586],[-73.9273,40.586],[-73.9274,40.586],[-73.9263,40.5854],[-73.9255,40.585],[-73.9263,40.5854],[-73.9253,40.5847],[-73.9253,40.5846],[-73.9253,40.5847],[-73.9202,40.5847],[-73.9202,40.5846],[-73.9202,40.5847],[-73.9192,40.5849],[-73.9192,40.585],[-73.9192,40.5849],[-73.9188,40.5851],[-73.9189,40.5852],[-73.9188,40.5851],[-73.9182,40.5854],[-73.9183,40.5853],[-73.9182,40.5854],[-73.9182,40.5854],[-73.918,40.5855],[-73.918,40.5854],[-73.918,40.5855],[-73.9174,40.5856],[-73.9173,40.5856],[-73.9174,40.5856],[-73.9154,40.5862],[-73.9154,40.5863],[-73.9154,40.5862],[-73.9128,40.5858],[-73.9126,40.5839],[-73.9125,40.5839],[-73.9126,40.5839],[-73.913,40.583],[-73.9131,40.583],[-73.9131,40.5831],[-73.913,40.5832],[-73.9131,40.5831],[-73.915,40.5831],[-73.915,40.5832],[-73.915,40.5831],[-73.9173,40.5832],[-73.9161,40.5826],[-73.916,40.5826],[-73.9161,40.5826],[-73.9144,40.5826],[-73.9145,40.5826],[-73.9144,40.5826],[-73.9131,40.583],[-73.913,40.583],[-73.9129,40.583],[-73.9129,40.5829],[-73.913,40.5828],[-73.913,40.5827],[-73.9131,40.5827],[-73.913,40.5827],[-73.9129,40.5828],[-73.913,40.5828],[-73.9129,40.5828],[-73.9129,40.5829],[-73.9129,40.583],[-73.9125,40.5831],[-73.9125,40.583],[-73.9125,40.5831],[-73.9123,40.583],[-73.9122,40.583],[-73.9123,40.583],[-73.9124,40.5829],[-73.9125,40.5829],[-73.9124,40.5829],[-73.9114,40.5826],[-73.9115,40.5818],[-73.9151,40.5815],[-73.9233,40.5835],[-73.932,40.5831],[-73.9324,40.583],[-73.932,40.5831],[-73.9324,40.583],[-73.9328,40.5829],[-73.9328,40.583],[-73.9328,40.5829],[-73.9363,40.5832],[-73.9363,40.583],[-73.9362,40.583],[-73.9361,40.5829],[-73.9362,40.583],[-73.9366,40.583],[-73.9363,40.583],[-73.9363,40.5832],[-73.937,40.5832],[-73.937,40.5831],[-73.9366,40.583],[-73.9371,40.5831],[-73.9376,40.5831],[-73.9371,40.5831],[-73.937,40.5831],[-73.937,40.5831],[-73.937,40.5832],[-73.9387,40.5832],[-73.9387,40.5831],[-73.9388,40.5831],[-73.9387,40.5831],[-73.9387,40.5832],[-73.9406,40.5833],[-73.9406,40.5831],[-73.9405,40.5831],[-73.9401,40.5831],[-73.9405,40.5831],[-73.9406,40.5831],[-73.9407,40.5831],[-73.9406,40.5831],[-73.9406,40.5833],[-73.9409,40.5833],[-73.9409,40.5831],[-73.9407,40.5831],[-73.9409,40.5831],[-73.941,40.5831],[-73.9409,40.5831],[-73.9409,40.5833],[-73.9412,40.5833],[-73.9411,40.5831],[-73.9412,40.5833],[-73.9535,40.583],[-73.9533,40.582],[-73.9494,40.5823],[-73.9427,40.581],[-73.9338,40.5811],[-73.9338,40.5812],[-73.9351,40.5812],[-73.9351,40.5813],[-73.9351,40.5812],[-73.9338,40.5812],[-73.9334,40.5812],[-73.9338,40.5812],[-73.9338,40.5811],[-73.933,40.5811],[-73.933,40.5813],[-73.933,40.5811],[-73.9329,40.5811],[-73.9329,40.5813],[-73.9329,40.5811],[-73.9314,40.5757],[-73.9446,40.5753],[-73.9446,40.5752],[-73.9446,40.5753],[-73.9563,40.5738],[-73.9587,40.5741],[-73.959,40.5734],[-73.9609,40.5739],[-73.9684,40.5732],[-73.9695,40.5729],[-73.9692,40.5723],[-73.9714,40.5726],[-73.9712,40.572],[-73.9712,40.5719],[-73.9712,40.572],[-73.9715,40.5726],[-73.9734,40.5723],[-73.9732,40.5716],[-73.9734,40.5723],[-73.9755,40.572],[-73.9754,40.5714],[-73.9757,40.572],[-73.9773,40.5719],[-73.9776,40.5712],[-73.9782,40.5719],[-73.9799,40.5715],[-73.9794,40.5712],[-73.9837,40.5714],[-73.9833,40.5695],[-73.9838,40.5714],[-73.9908,40.5702],[-73.9974,40.5703],[-73.9974,40.5701],[-73.9974,40.5703],[-74.0014,40.5704],[-74.0021,40.5696],[-74.0028,40.5721],[-74.0112,40.5742],[-74.0124,40.5759],[-74.0127,40.5786],[-74.0109,40.5805],[-74.006,40.582],[-73.9981,40.5815],[-73.9979,40.5806],[-73.9876,40.579],[-73.9876,40.5791],[-73.9875,40.5791],[-73.9875,40.5791],[-73.9876,40.5791],[-73.9876,40.579],[-73.9875,40.5791],[-73.986,40.5817],[-73.988,40.5797],[-73.9917,40.5812],[-73.9903,40.5846],[-73.9961,40.5821],[-74.0003,40.5832],[-74.0004,40.5842],[-73.9981,40.5854],[-73.9996,40.5862],[-73.9941,40.5887],[-73.9955,40.5884],[-73.998,40.5873],[-73.9955,40.5884],[-73.9953,40.5893],[-74.0004,40.5865],[-73.9979,40.5883],[-73.9995,40.5892],[-73.9972,40.5917],[-74.0002,40.5913],[-73.9985,40.5936],[-74.0011,40.5925],[-74.0036,40.5961],[-74.013,40.6016],[-74.0309,40.6052],[-74.0361,40.6093],[-74.0404,40.6153],[-74.0419,40.6245],[-74.0411,40.6302],[-74.0368,40.639],[-74.0388,40.6396],[-74.0367,40.6391],[-74.0357,40.6406],[-74.0368,40.6416],[-74.0341,40.6443],[-74.0322,40.6436],[-74.0305,40.6453],[-74.029,40.6445],[-74.0289,40.6449],[-74.029,40.6445],[-74.0285,40.6442],[-74.0282,40.6444],[-74.0285,40.6442],[-74.026,40.6463],[-74.0294,40.6488],[-74.0257,40.6466],[-74.0246,40.6472],[-74.0263,40.6482],[-74.0241,40.6476],[-74.0255,40.6498],[-74.0248,40.6506],[-74.0261,40.651],[-74.0242,40.6511],[-74.0254,40.6519],[-74.0229,40.6512],[-74.0254,40.6527],[-74.0213,40.6509],[-74.0212,40.6508],[-74.0213,40.6509],[-74.0213,40.6513],[-74.0223,40.652],[-74.0213,40.6513],[-74.0238,40.653],[-74.022,40.6522],[-74.0212,40.6527],[-74.0231,40.6542],[-74.0216,40.6536],[-74.0216,40.6549],[-74.0186,40.6535],[-74.0181,40.6539],[-74.0201,40.6553],[-74.0179,40.6541],[-74.0172,40.6548],[-74.0197,40.6566],[-74.0173,40.6552],[-74.0164,40.6556],[-74.0189,40.6576],[-74.0159,40.6562],[-74.0154,40.6566],[-74.0177,40.6585],[-74.015,40.657],[-74.0144,40.6576],[-74.0175,40.6594],[-74.0155,40.6608],[-74.0118,40.6589],[-74.0111,40.6597],[-74.014,40.6615],[-74.0132,40.662],[-74.0086,40.6595],[-74.0075,40.6606],[-74.0105,40.6626],[-74.0087,40.6634],[-74.0062,40.6618],[-74.0057,40.6623],[-74.0041,40.6616],[-74.0059,40.6631],[-74.0035,40.6622],[-74.0054,40.6629],[-74.005,40.6631],[-74.0054,40.6629],[-74.0077,40.6648],[-74.0065,40.6645],[-74.0069,40.6643],[-74.0065,40.6645],[-74.0058,40.6641],[-74.0062,40.6639],[-74.0058,40.6641],[-74.0057,40.6644],[-74.0058,40.6644],[-74.0057,40.6644],[-74.0036,40.6627],[-74.0053,40.6647],[-74.0049,40.6651],[-74.0008,40.663],[-73.9995,40.6644],[-74.0029,40.6665],[-74.0,40.6675],[-73.9991,40.6689],[-73.9989,40.669],[-73.9991,40.6689],[-73.9992,40.6683],[-73.9988,40.6716],[-74.0003,40.6687],[-74.0022,40.6686],[-74.0029,40.6673],[-74.0059,40.668],[-74.0068,40.6662],[-74.0069,40.6661],[-74.007,40.666],[-74.0069,40.6661],[-74.0069,40.6662],[-74.0068,40.6662],[-74.0069,40.6662],[-74.0048,40.6707],[-74.0054,40.6709],[-74.0075,40.6671],[-74.0071,40.6686],[-74.0099,40.6685],[-74.0115,40.6651],[-74.0169,40.6648],[-74.0179,40.6658],[-74.0193,40.6716],[-74.0175,40.671],[-74.0165,40.6649],[-74.0123,40.6657],[-74.0103,40.6691],[-74.0116,40.6706],[-74.0142,40.6697],[-74.0118,40.6708],[-74.0143,40.6714],[-74.0151,40.6707],[-74.0142,40.6721],[-74.0157,40.671],[-74.013,40.6733],[-74.0151,40.6722],[-74.0163,40.6729],[-74.015,40.6747],[-74.0182,40.6719],[-74.0188,40.6723],[-74.0173,40.6736],[-74.0178,40.674],[-74.0179,40.674],[-74.018,40.6739],[-74.0179,40.674],[-74.0178,40.674],[-74.0182,40.6755],[-74.0182,40.6754],[-74.0182,40.6755],[-74.0188,40.6751],[-74.0188,40.675],[-74.0188,40.6751],[-74.0179,40.6765],[-74.02,40.6771],[-74.0191,40.6771],[-74.0184,40.6784],[-74.0186,40.6784],[-74.0187,40.6784],[-74.019,40.6784],[-74.0197,40.6784],[-74.019,40.6784],[-74.0188,40.6784],[-74.0188,40.6785],[-74.0188,40.6784],[-74.0187,40.6784],[-74.0186,40.6784],[-74.0186,40.6785],[-74.0186,40.6784],[-74.0184,40.6784],[-74.0196,40.679],[-74.019,40.6799],[-74.0128,40.6836],[-74.0121,40.6829],[-74.0141,40.6817],[-74.013,40.6804],[-74.0097,40.6833],[-74.0108,40.6844],[-74.0119,40.6839],[-74.008,40.6863],[-74.0059,40.6862],[-74.003,40.6904],[-74.001,40.6901],[-74.0007,40.6906],[-74.002,40.6918],[-74.001,40.6941],[-73.9948,40.704],[-73.9947,40.704],[-73.9948,40.704],[-73.9789,40.7059],[-73.9792,40.7055],[-73.9789,40.7059],[-73.9787,40.7055],[-73.9786,40.7058],[-73.9787,40.7055],[-73.9785,40.7056],[-73.9784,40.7057],[-73.9785,40.7057],[-73.9784,40.7057],[-73.9784,40.7058],[-73.9784,40.7059],[-73.9784,40.706],[-73.9789,40.7061],[-73.9784,40.706],[-73.9783,40.706],[-73.9784,40.706],[-73.9784,40.7059],[-73.9784,40.7058],[-73.9784,40.7057],[-73.9785,40.7056],[-73.9782,40.7045],[-73.9772,40.7042],[-73.9774,40.7031],[-73.976,40.7047],[-73.9769,40.7028],[-73.9762,40.7022],[-73.9753,40.703],[-73.976,40.7019],[-73.9745,40.7016],[-73.9757,40.6995],[-73.9741,40.7013],[-73.9724,40.7002],[-73.9738,40.7015],[-73.9732,40.7017],[-73.9708,40.7],[-73.9733,40.7024],[-73.9728,40.7027],[-73.9695,40.7005],[-73.9727,40.7035],[-73.9689,40.7016],[-73.9747,40.7061],[-73.9725,40.7062],[-73.9742,40.708],[-73.9711,40.7058],[-73.971,40.7068],[-73.9728,40.7088],[-73.9723,40.7091],[-73.9705,40.7073],[-73.9702,40.7049],[-73.9675,40.7034],[-73.9693,40.7051],[-73.9698,40.7112],[-73.9692,40.7112],[-73.9673,40.717],[-73.9652,40.7193],[-73.9654,40.7201],[-73.9644,40.7201],[-73.963,40.722],[-73.9621,40.7251],[-73.9579,40.7246],[-73.9584,40.7254],[-73.9616,40.7259],[-73.961,40.7288],[-73.9624,40.7337],[-73.9596,40.7373],[-73.957,40.7389],[-73.952,40.7388],[-73.9467,40.737],[-73.9471,40.7344],[-73.9456,40.7366],[-73.945,40.7354],[-73.9445,40.7363],[-73.9429,40.7357],[-73.9381,40.7297],[-73.9295,40.7276],[-73.9281,40.7262],[-73.9256,40.7201],[-73.9248,40.7203],[-73.9245,40.7193],[-73.9249,40.7184],[-73.9291,40.7176],[-73.9295,40.7157],[-73.9322,40.715],[-73.9312,40.7137],[-73.9326,40.7131],[-73.932,40.7116],[-73.9334,40.7112],[-73.9319,40.7113],[-73.9305,40.7087],[-73.9315,40.7119],[-73.9308,40.7122],[-73.9316,40.712],[-73.9318,40.7127],[-73.9304,40.7132],[-73.9309,40.7149],[-73.9284,40.7155],[-73.9287,40.7169],[-73.9242,40.7178],[-73.9231,40.7165],[-73.9249,40.7153],[-73.9241,40.7141]]],[[[-73.8473,40.6291],[-73.8498,40.6262],[-73.8473,40.6266],[-73.8451,40.6254],[-73.8436,40.6232],[-73.8567,40.62],[-73.8611,40.6177],[-73.8637,40.6179],[-73.864,40.6192],[-73.8615,40.619],[-73.861,40.6241],[-73.8635,40.6234],[-73.8633,40.6259],[-73.8614,40.626],[-73.8604,40.6252],[-73.8586,40.628],[-73.8565,40.6291],[-73.854,40.6276],[-73.8544,40.6288],[-73.8507,40.628],[-73.8485,40.6296],[-73.8473,40.6291]]],[[[-73.843,40.6177],[-73.8428,40.6166],[-73.844,40.617],[-73.8445,40.6149],[-73.841,40.613],[-73.8383,40.6138],[-73.8408,40.6056],[-73.8471,40.6036],[-73.8518,40.6069],[-73.8478,40.6092],[-73.8482,40.6125],[-73.8461,40.6177],[-73.843,40.6177]]],[[[-73.8708,40.617],[-73.8782,40.6154],[-73.8748,40.6236],[-73.8668,40.6278],[-73.865,40.6257],[-73.8663,40.6185],[-73.8708,40.617]]],[[[-73.8472,40.632],[-73.8486,40.6301],[-73.8586,40.6305],[-73.8561,40.6351],[-73.8467,40.6387],[-73.8435,40.6365],[-73.845,40.6332],[-73.8472,40.632]]],[[[-73.8671,40.5821],[-73.869,40.5817],[-73.87,40.5826],[-73.8712,40.5869],[-73.8698,40.5895],[-73.8664,40.5919],[-73.8633,40.5909],[-73.8613,40.588],[-73.8628,40.5844],[-73.8671,40.5821]]],[[[-73.8552,40.6161],[-73.8553,40.6131],[-73.8524,40.6132],[-73.8538,40.6141],[-73.8526,40.6151],[-73.8497,40.6152],[-73.8501,40.6102],[-73.8552,40.6061],[-73.8571,40.6065],[-73.857,40.6083],[-73.859,40.6095],[-73.8592,40.6113],[-73.8565,40.6132],[-73.8586,40.6169],[-73.8552,40.6161]]],[[[-73.8524,40.5973],[-73.8572,40.596],[-73.8604,40.5965],[-73.8634,40.6003],[-73.8611,40.6026],[-73.8548,40.6019],[-73.8508,40.5988],[-73.8524,40.5973]]],[[[-73.9199,40.5996],[-73.92,40.5996],[-73.9186,40.5995],[-73.9159,40.5974],[-73.9158,40.5974],[-73.9159,40.5974],[-73.9136,40.5949],[-73.9136,40.5948],[-73.9136,40.5949],[-73.913,40.5921],[-73.9129,40.5921],[-73.913,40.5921],[-73.9152,40.5916],[-73.9153,40.5916],[-73.9152,40.5916],[-73.9162,40.5926],[-73.9163,40.5926],[-73.9162,40.5926],[-73.9222,40.5982],[-73.9222,40.5981],[-73.9222,40.5982],[-73.92,40.5996],[-73.9199,40.5996]]],[[[-73.8362,40.6311],[-73.8411,40.6246],[-73.8445,40.6298],[-73.8424,40.6315],[-73.8377,40.6328],[-73.8362,40.6311]]],[[[-73.8334,40.6268],[-73.834,40.6144],[-73.8362,40.6151],[-73.8361,40.6151],[-73.8362,40.6151],[-73.8378,40.6156],[-73.835,40.6176],[-73.8357,40.6198],[-73.8349,40.6196],[-73.8348,40.6216],[-73.8347,40.6216],[-73.8348,40.6216],[-73.8351,40.6255],[-73.8334,40.6268]]],[[[-73.8697,40.6065],[-73.8711,40.6047],[-73.873,40.6106],[-73.871,40.6097],[-73.8697,40.6065]]]]}},{"type":"Feature","id":"Manhattan","properties":{"id":"Manhattan","name":"Manhattan","name_full":"Manhattan","name_ja":"Manhattan","center_lonlat":[-73.9683,40.7781]},"geometry":{"type":"MultiPolygon","coordinates":[[[[-73.9199,40.8736],[-73.9198,40.8737],[-73.9199,40.8736],[-73.9205,40.8741],[-73.9205,40.8742],[-73.9205,40.8741],[-73.9209,40.8755],[-73.9189,40.8746],[-73.9188,40.8746],[-73.9189,40.8746],[-73.9193,40.8736],[-73.9187,40.8733],[-73.9187,40.8732],[-73.9187,40.8733],[-73.9179,40.874],[-73.9175,40.8745],[-73.9179,40.874],[-73.9133,40.874],[-73.9105,40.872],[-73.9106,40.872],[-73.9105,40.872],[-73.9109,40.8694],[-73.9115,40.8695],[-73.9111,40.8689],[-73.9138,40.8648],[-73.9159,40.8643],[-73.9152,40.864],[-73.9155,40.8629],[-73.9195,40.8588],[-73.9205,40.8591],[-73.9201,40.8589],[-73.9198,40.8588],[-73.9201,40.8589],[-73.9205,40.8591],[-73.9213,40.8602],[-73.9217,40.8596],[-73.9217,40.8595],[-73.9217,40.8596],[-73.9217,40.8596],[-73.9218,40.8594],[-73.9217,40.8594],[-73.9218,40.8594],[-73.9213,40.8588],[-73.9212,40.8588],[-73.9213,40.8588],[-73.9206,40.858],[-73.9205,40.8582],[-73.9204,40.8582],[-73.9205,40.8582],[-73.9204,40.8581],[-73.9205,40.8582],[-73.9205,40.858],[-73.9206,40.858],[-73.9205,40.858],[-73.9206,40.858],[-73.9205,40.858],[-73.9206,40.858],[-73.9208,40.8578],[-73.9207,40.8578],[-73.9206,40.8578],[-73.9207,40.8578],[-73.9207,40.8577],[-73.9207,40.8578],[-73.9209,40.8578],[-73.9208,40.8578],[-73.9209,40.8578],[-73.921,40.8578],[-73.9208,40.8578],[-73.9208,40.8577],[-73.921,40.8578],[-73.9209,40.8576],[-73.9208,40.8576],[-73.9208,40.8577],[-73.9208,40.8576],[-73.9207,40.8576],[-73.9208,40.8576],[-73.9208,40.8575],[-73.9208,40.8576],[-73.9209,40.8576],[-73.9209,40.8576],[-73.9222,40.8567],[-73.9221,40.8567],[-73.9222,40.8567],[-73.9223,40.8557],[-73.9222,40.8559],[-73.9215,40.8566],[-73.9222,40.8559],[-73.9223,40.8557],[-73.9298,40.8452],[-73.935,40.8349],[-73.9338,40.8197],[-73.9343,40.8096],[-73.929,40.8011],[-73.929,40.7968],[-73.9299,40.795],[-73.9299,40.795],[-73.9298,40.7949],[-73.9299,40.795],[-73.9358,40.7911],[-73.9371,40.7894],[-73.9361,40.7889],[-73.9372,40.7892],[-73.94,40.7851],[-73.9433,40.7833],[-73.9439,40.7813],[-73.9425,40.7791],[-73.942,40.7762],[-73.9429,40.7747],[-73.9592,40.7579],[-73.9708,40.744],[-73.9707,40.7439],[-73.9708,40.744],[-73.9719,40.7427],[-73.9722,40.7403],[-73.9723,40.7403],[-73.9722,40.7403],[-73.9725,40.7358],[-73.9745,40.7363],[-73.974,40.7361],[-73.9745,40.7363],[-73.9744,40.736],[-73.9741,40.736],[-73.9744,40.736],[-73.9745,40.7358],[-73.9745,40.7358],[-73.9742,40.7358],[-73.9745,40.7358],[-73.9728,40.7355],[-73.9729,40.7356],[-73.9728,40.7355],[-73.973,40.7352],[-73.973,40.7351],[-73.973,40.7351],[-73.973,40.7352],[-73.973,40.7351],[-73.9744,40.7353],[-73.9734,40.7312],[-73.9714,40.7291],[-73.9716,40.7266],[-73.974,40.7173],[-73.9768,40.7114],[-73.9812,40.7098],[-73.9884,40.7091],[-73.9889,40.71],[-73.9973,40.7087],[-74.0012,40.7069],[-74.0006,40.7054],[-74.0014,40.7049],[-74.0036,40.7054],[-74.0029,40.7048],[-74.0036,40.7054],[-74.0046,40.7048],[-74.0035,40.7038],[-74.0052,40.7044],[-74.0049,40.7042],[-74.0052,40.7044],[-74.0041,40.7031],[-74.0061,40.704],[-74.0066,40.7037],[-74.0055,40.7024],[-74.0068,40.7036],[-74.0093,40.702],[-74.0087,40.7011],[-74.0076,40.7013],[-74.0083,40.7007],[-74.0096,40.7019],[-74.0112,40.7015],[-74.0111,40.7009],[-74.0111,40.7008],[-74.011,40.7007],[-74.011,40.7006],[-74.0108,40.7002],[-74.011,40.7006],[-74.011,40.7007],[-74.0111,40.7008],[-74.0111,40.7009],[-74.0121,40.7007],[-74.012,40.7],[-74.0131,40.7005],[-74.013,40.6998],[-74.0135,40.7005],[-74.0135,40.7004],[-74.0135,40.7003],[-74.0136,40.7003],[-74.0135,40.7003],[-74.0136,40.7003],[-74.0135,40.7004],[-74.0135,40.7004],[-74.0135,40.7005],[-74.014,40.701],[-74.0146,40.7003],[-74.0147,40.7002],[-74.0146,40.7003],[-74.0148,40.7007],[-74.0149,40.7006],[-74.0149,40.7005],[-74.015,40.7004],[-74.0151,40.7003],[-74.015,40.7004],[-74.0149,40.7005],[-74.0149,40.7006],[-74.0148,40.7007],[-74.0173,40.7028],[-74.0176,40.704],[-74.0177,40.704],[-74.0176,40.704],[-74.0178,40.7042],[-74.0179,40.7041],[-74.0178,40.704],[-74.0178,40.7039],[-74.0178,40.704],[-74.0179,40.7041],[-74.0178,40.7042],[-74.0187,40.7044],[-74.0175,40.7047],[-74.018,40.7046],[-74.018,40.7047],[-74.018,40.7046],[-74.0189,40.7047],[-74.0193,40.7061],[-74.0187,40.7071],[-74.0185,40.7071],[-74.0187,40.7071],[-74.0187,40.7071],[-74.0178,40.7128],[-74.0166,40.7122],[-74.0163,40.7134],[-74.0177,40.7132],[-74.0177,40.7131],[-74.0177,40.7132],[-74.0167,40.7187],[-74.0132,40.7183],[-74.0129,40.7197],[-74.0146,40.7203],[-74.0141,40.7205],[-74.0142,40.7204],[-74.0141,40.7205],[-74.013,40.7203],[-74.0117,40.7259],[-74.0152,40.7266],[-74.0115,40.7264],[-74.0114,40.7282],[-74.0144,40.7285],[-74.0141,40.7307],[-74.0112,40.7305],[-74.0109,40.733],[-74.014,40.7333],[-74.0107,40.7334],[-74.012,40.7343],[-74.0108,40.7343],[-74.0105,40.7381],[-74.0111,40.7384],[-74.0104,40.7392],[-74.0123,40.7397],[-74.0115,40.7406],[-74.0127,40.7407],[-74.0095,40.7407],[-74.0094,40.7412],[-74.0122,40.7415],[-74.0095,40.7415],[-74.0096,40.7433],[-74.0121,40.7435],[-74.0089,40.7439],[-74.0087,40.7449],[-74.01,40.7452],[-74.01,40.745],[-74.0102,40.7449],[-74.01,40.745],[-74.01,40.7452],[-74.0105,40.7454],[-74.0105,40.7453],[-74.0108,40.745],[-74.0105,40.7453],[-74.0105,40.7454],[-74.0112,40.7452],[-74.0112,40.7451],[-74.011,40.745],[-74.0112,40.7451],[-74.0112,40.7452],[-74.0118,40.7451],[-74.0117,40.7451],[-74.0118,40.7451],[-74.0117,40.746],[-74.0094,40.7459],[-74.0116,40.7466],[-74.0092,40.7468],[-74.0091,40.7474],[-74.0114,40.7476],[-74.0091,40.7478],[-74.0089,40.7484],[-74.0112,40.7486],[-74.0099,40.7489],[-74.0097,40.75],[-74.0108,40.7504],[-74.0097,40.75],[-74.0085,40.7519],[-74.0091,40.7521],[-74.0086,40.752],[-74.0091,40.7521],[-74.0087,40.7521],[-74.0086,40.752],[-74.0087,40.7521],[-74.0093,40.7524],[-74.0088,40.7524],[-74.0099,40.7528],[-74.0099,40.7528],[-74.0099,40.753],[-74.0099,40.7528],[-74.0088,40.7524],[-74.0048,40.7578],[-74.007,40.7592],[-74.0064,40.7599],[-74.0045,40.7591],[-74.0038,40.7595],[-74.0042,40.7599],[-74.0043,40.76],[-74.0042,40.7599],[-74.0023,40.7615],[-74.0045,40.7627],[-74.0022,40.7617],[-74.0015,40.7626],[-74.0038,40.7636],[-74.0014,40.7629],[-74.001,40.7634],[-74.0031,40.7647],[-74.0032,40.7646],[-74.0031,40.7647],[-73.9996,40.7636],[-73.9992,40.7642],[-74.0023,40.7656],[-73.9989,40.7646],[-73.9983,40.7656],[-74.0016,40.767],[-73.9981,40.7659],[-73.9974,40.7668],[-74.0005,40.7685],[-73.9972,40.7671],[-73.9965,40.7681],[-73.9997,40.7695],[-73.9971,40.7687],[-73.9966,40.7694],[-73.999,40.7705],[-73.9963,40.7698],[-73.9954,40.771],[-73.9959,40.7715],[-73.9959,40.7714],[-73.9959,40.7715],[-73.9958,40.7714],[-73.9957,40.7714],[-73.9958,40.7714],[-73.9949,40.7715],[-73.9969,40.7728],[-73.9948,40.7719],[-73.9944,40.7724],[-73.9967,40.7735],[-73.9942,40.7725],[-73.9939,40.773],[-73.9962,40.774],[-73.9939,40.7732],[-73.9889,40.7797],[-73.9916,40.7796],[-73.9889,40.7799],[-73.988,40.7816],[-73.9881,40.7817],[-73.988,40.7816],[-73.9856,40.7851],[-73.9862,40.7861],[-73.9871,40.7852],[-73.9862,40.7861],[-73.9854,40.7854],[-73.9852,40.786],[-73.9853,40.786],[-73.9852,40.786],[-73.9853,40.786],[-73.9852,40.786],[-73.9857,40.7862],[-73.9856,40.7863],[-73.9857,40.7862],[-73.9852,40.786],[-73.9847,40.7865],[-73.986,40.7865],[-73.9846,40.7866],[-73.9641,40.8158],[-73.9591,40.8212],[-73.9592,40.8212],[-73.9591,40.8216],[-73.9592,40.8212],[-73.9591,40.8212],[-73.9591,40.8225],[-73.9599,40.8226],[-73.9591,40.8225],[-73.9585,40.8218],[-73.9579,40.8228],[-73.9596,40.8237],[-73.9573,40.8271],[-73.9545,40.8279],[-73.9502,40.8343],[-73.9486,40.8396],[-73.9461,40.8439],[-73.9464,40.8459],[-73.9465,40.8459],[-73.9464,40.8459],[-73.9471,40.8502],[-73.9463,40.8509],[-73.9464,40.8509],[-73.9463,40.8509],[-73.9462,40.851],[-73.9462,40.8511],[-73.9462,40.851],[-73.9453,40.8515],[-73.9452,40.8515],[-73.9453,40.8515],[-73.943,40.8526],[-73.9376,40.8601],[-73.9375,40.8601],[-73.9376,40.8601],[-73.9323,40.8686],[-73.9325,40.8687],[-73.9325,40.8686],[-73.9327,40.8685],[-73.9325,40.8686],[-73.9325,40.8687],[-73.9323,40.8686],[-73.9311,40.8727],[-73.9292,40.8756],[-73.9265,40.8776],[-73.9225,40.8769],[-73.9223,40.8738],[-73.9211,40.873],[-73.9199,40.8736]]],[[[-73.9265,40.7918],[-73.9266,40.7919],[-73.9256,40.7918],[-73.9266,40.7919],[-73.9265,40.7918],[-73.9265,40.791],[-73.9278,40.7909],[-73.9271,40.7919],[-73.9283,40.7923],[-73.9269,40.7955],[-73.9272,40.7974],[-73.9274,40.7973],[-73.9277,40.7972],[-73.9274,40.7973],[-73.9272,40.7974],[-73.9267,40.8001],[-73.9272,40.8004],[-73.9271,40.8006],[-73.9272,40.8004],[-73.9265,40.8003],[-73.9269,40.8008],[-73.927,40.8006],[-73.9269,40.8008],[-73.9255,40.802],[-73.9226,40.8019],[-73.9204,40.7994],[-73.9155,40.7971],[-73.9138,40.7945],[-73.9151,40.792],[-73.9186,40.7897],[-73.922,40.7858],[-73.9231,40.7833],[-73.9247,40.7822],[-73.9281,40.7809],[-73.936,40.7839],[-73.9357,40.7857],[-73.9315,40.7905],[-73.9297,40.7914],[-73.9261,40.7907],[-73.9265,40.7918]]],[[[-74.0152,40.6932],[-74.0153,40.693],[-74.0152,40.6932],[-74.0135,40.6921],[-74.0118,40.6925],[-74.0133,40.692],[-74.0118,40.6911],[-74.0132,40.6882],[-74.017,40.6869],[-74.0151,40.6864],[-74.0167,40.6863],[-74.0176,40.6854],[-74.0171,40.6868],[-74.0202,40.6855],[-74.0202,40.6848],[-74.0194,40.6851],[-74.0226,40.6844],[-74.0221,40.6838],[-74.0231,40.6829],[-74.0228,40.6843],[-74.0257,40.6842],[-74.0266,40.6852],[-74.0265,40.6861],[-74.0198,40.6931],[-74.0152,40.6932]]],[[[-73.9418,40.769],[-73.9533,40.7563],[-73.9616,40.7494],[-73.9595,40.753],[-73.9447,40.7698],[-73.9402,40.773],[-73.9402,40.7709],[-73.9418,40.769]]],[[[-73.9089,40.8722],[-73.9108,40.8741],[-73.9129,40.8748],[-73.9129,40.8749],[-73.9129,40.8748],[-73.9129,40.8749],[-73.9129,40.8748],[-73.9158,40.8757],[-73.9115,40.879],[-73.9095,40.8788],[-73.9069,40.8768],[-73.9067,40.8758],[-73.9077,40.8728],[-73.9089,40.8722]]],[[[-74.0403,40.7006],[-74.0405,40.7008],[-74.0403,40.7006],[-74.0377,40.6993],[-74.0393,40.6981],[-74.0412,40.6995],[-74.0417,40.6991],[-74.0399,40.6977],[-74.0417,40.6965],[-74.0437,40.6981],[-74.0403,40.7006]]],[[[-74.0427,40.69],[-74.0427,40.6902],[-74.0427,40.69],[-74.0444,40.6885],[-74.0477,40.6899],[-74.0469,40.6901],[-74.0472,40.691],[-74.0462,40.6911],[-74.0435,40.6897],[-74.0427,40.69]]]]}},{"type":"Feature","id":"Bronx","properties":{"id":"Bronx","name":"Bronx","name_full":"Bronx","name_ja":"Bronx","center_lonlat":[-73.8676,40.8537]},"geometry":{"type":"MultiPolygon","coordinates":[[[[-73.8081,40.8594],[-73.808,40.8593],[-73.8076,40.8585],[-73.808,40.8593],[-73.8081,40.8594],[-73.8108,40.8623],[-73.814,40.8639],[-73.814,40.8638],[-73.814,40.8639],[-73.8164,40.8612],[-73.8138,40.8605],[-73.8127,40.8589],[-73.8123,40.8542],[-73.8164,40.8541],[-73.817,40.8534],[-73.8171,40.8512],[-73.8157,40.8508],[-73.8163,40.8502],[-73.8151,40.8492],[-73.8158,40.8477],[-73.8157,40.8477],[-73.8156,40.8476],[-73.8157,40.8477],[-73.8158,40.8477],[-73.8157,40.8463],[-73.8153,40.8467],[-73.815,40.8469],[-73.8146,40.8471],[-73.8146,40.8472],[-73.8147,40.8472],[-73.8146,40.8472],[-73.8146,40.8471],[-73.815,40.8469],[-73.8153,40.8467],[-73.8157,40.8463],[-73.8149,40.8465],[-73.8148,40.8465],[-73.8146,40.8467],[-73.8143,40.8468],[-73.8141,40.8469],[-73.814,40.847],[-73.8139,40.8471],[-73.8138,40.8471],[-73.8137,40.8472],[-73.8136,40.8472],[-73.8136,40.8471],[-73.8136,40.8472],[-73.8137,40.8472],[-73.8138,40.8471],[-73.8139,40.8471],[-73.814,40.847],[-73.8141,40.8469],[-73.8143,40.8468],[-73.8146,40.8467],[-73.8148,40.8465],[-73.8149,40.8465],[-73.8144,40.8462],[-73.815,40.8455],[-73.8131,40.8462],[-73.814,40.8456],[-73.8135,40.846],[-73.814,40.8456],[-73.8136,40.8453],[-73.8135,40.8455],[-73.8135,40.8456],[-73.8134,40.8458],[-73.8133,40.8459],[-73.8132,40.8459],[-73.8133,40.8459],[-73.8134,40.8458],[-73.8135,40.8456],[-73.8135,40.8455],[-73.8136,40.8453],[-73.8132,40.8453],[-73.8132,40.8455],[-73.8131,40.8456],[-73.813,40.8458],[-73.813,40.8459],[-73.8129,40.846],[-73.8128,40.8462],[-73.8128,40.8463],[-73.8129,40.8463],[-73.8128,40.8463],[-73.8127,40.8463],[-73.8128,40.8463],[-73.8128,40.8462],[-73.8129,40.846],[-73.813,40.8459],[-73.813,40.8458],[-73.8131,40.8456],[-73.8132,40.8455],[-73.8132,40.8453],[-73.8132,40.8452],[-73.813,40.8452],[-73.8129,40.8451],[-73.8129,40.8452],[-73.813,40.8452],[-73.8132,40.8452],[-73.813,40.8452],[-73.8129,40.8452],[-73.8128,40.8453],[-73.8127,40.8456],[-73.8126,40.8457],[-73.8126,40.8459],[-73.8125,40.8461],[-73.8125,40.8462],[-73.8124,40.8463],[-73.8123,40.8465],[-73.8124,40.8466],[-73.8123,40.8465],[-73.8124,40.8463],[-73.8125,40.8462],[-73.8125,40.8461],[-73.8126,40.8459],[-73.8126,40.8457],[-73.8127,40.8456],[-73.8128,40.8453],[-73.8128,40.8452],[-73.8126,40.8451],[-73.8128,40.8452],[-73.8129,40.8451],[-73.8126,40.845],[-73.8125,40.845],[-73.8119,40.8466],[-73.8123,40.8467],[-73.8124,40.8468],[-73.8123,40.8467],[-73.8119,40.8466],[-73.8127,40.8445],[-73.8128,40.8445],[-73.813,40.8445],[-73.8128,40.8445],[-73.8127,40.8445],[-73.8126,40.8447],[-73.813,40.8447],[-73.8131,40.8447],[-73.813,40.8447],[-73.8126,40.8447],[-73.8125,40.845],[-73.8126,40.845],[-73.8141,40.8448],[-73.8142,40.8447],[-73.8141,40.8448],[-73.8139,40.8448],[-73.8137,40.8449],[-73.8139,40.8448],[-73.8142,40.8447],[-73.8134,40.8437],[-73.8143,40.8431],[-73.8156,40.8444],[-73.8182,40.8444],[-73.8167,40.844],[-73.8157,40.8425],[-73.8152,40.8426],[-73.8157,40.8425],[-73.8152,40.8412],[-73.8147,40.8414],[-73.8152,40.8412],[-73.8148,40.8398],[-73.8144,40.8399],[-73.8148,40.8398],[-73.8147,40.8396],[-73.8143,40.8396],[-73.8147,40.8396],[-73.8165,40.8378],[-73.8158,40.8359],[-73.8157,40.8359],[-73.8155,40.836],[-73.8157,40.8359],[-73.8158,40.8359],[-73.8159,40.8355],[-73.8156,40.8355],[-73.8159,40.8355],[-73.816,40.8339],[-73.8159,40.8339],[-73.816,40.8339],[-73.8145,40.8306],[-73.8139,40.8309],[-73.8145,40.8306],[-73.8143,40.8304],[-73.8139,40.8306],[-73.8143,40.8304],[-73.8135,40.8293],[-73.8134,40.8294],[-73.8135,40.8293],[-73.8131,40.8288],[-73.8132,40.8288],[-73.8131,40.8288],[-73.81,40.8278],[-73.8101,40.8278],[-73.8111,40.828],[-73.811,40.8278],[-73.8103,40.8278],[-73.81,40.8278],[-73.8101,40.8278],[-73.8103,40.8278],[-73.811,40.8278],[-73.8111,40.8278],[-73.8118,40.8278],[-73.8111,40.8278],[-73.8111,40.828],[-73.8127,40.8278],[-73.8137,40.8263],[-73.8133,40.8263],[-73.8129,40.8264],[-73.8133,40.8263],[-73.8137,40.8263],[-73.8133,40.8252],[-73.8121,40.8256],[-73.8133,40.8252],[-73.8138,40.824],[-73.8128,40.8248],[-73.8116,40.8245],[-73.8116,40.8246],[-73.8116,40.8245],[-73.8108,40.8249],[-73.8109,40.8251],[-73.8108,40.8249],[-73.8076,40.8259],[-73.8067,40.8242],[-73.8065,40.8242],[-73.8067,40.8242],[-73.8064,40.8233],[-73.8062,40.8233],[-73.8064,40.8233],[-73.806,40.8208],[-73.8043,40.8187],[-73.8021,40.8186],[-73.7976,40.8165],[-73.7974,40.8157],[-73.799,40.8155],[-73.8017,40.8129],[-73.8014,40.8124],[-73.8013,40.8124],[-73.8014,40.8124],[-73.8036,40.8126],[-73.8037,40.8126],[-73.8036,40.8126],[-73.8035,40.8129],[-73.8036,40.813],[-73.8038,40.8128],[-73.8036,40.813],[-73.8038,40.8132],[-73.8039,40.8133],[-73.8042,40.8136],[-73.8043,40.8136],[-73.8044,40.8136],[-73.8043,40.8136],[-73.8042,40.8137],[-73.8041,40.8137],[-73.8042,40.8137],[-73.8042,40.8136],[-73.8039,40.8133],[-73.8038,40.8132],[-73.8036,40.813],[-73.8035,40.8129],[-73.8032,40.8133],[-73.8035,40.8134],[-73.8032,40.8133],[-73.8032,40.8134],[-73.8034,40.8134],[-73.8035,40.8134],[-73.8034,40.8134],[-73.8035,40.8135],[-73.8036,40.8136],[-73.8037,40.8137],[-73.804,40.814],[-73.8041,40.814],[-73.8042,40.8141],[-73.8044,40.8143],[-73.8045,40.8142],[-73.8044,40.8143],[-73.8042,40.8141],[-73.8041,40.814],[-73.804,40.814],[-73.8037,40.8137],[-73.8036,40.8136],[-73.8035,40.8135],[-73.8034,40.8134],[-73.8032,40.8134],[-73.8044,40.8146],[-73.8044,40.8145],[-73.8044,40.8146],[-73.8044,40.8146],[-73.8066,40.8166],[-73.8065,40.8165],[-73.8063,40.8161],[-73.8062,40.816],[-73.8061,40.8159],[-73.8059,40.8158],[-73.8057,40.8157],[-73.8056,40.8156],[-73.8055,40.8155],[-73.8054,40.8155],[-73.8053,40.8154],[-73.8051,40.8152],[-73.805,40.8151],[-73.8048,40.8149],[-73.8046,40.8147],[-73.8046,40.8146],[-73.8047,40.8145],[-73.8046,40.8146],[-73.8046,40.8147],[-73.8048,40.8149],[-73.805,40.8151],[-73.8051,40.8152],[-73.8053,40.8154],[-73.8054,40.8155],[-73.8055,40.8155],[-73.8056,40.8156],[-73.8057,40.8157],[-73.8059,40.8158],[-73.8061,40.8159],[-73.8062,40.816],[-73.8063,40.8161],[-73.8065,40.8165],[-73.8066,40.8166],[-73.8067,40.8166],[-73.8066,40.8166],[-73.8069,40.8166],[-73.8069,40.8165],[-73.8067,40.8162],[-73.8066,40.8159],[-73.8065,40.8159],[-73.8066,40.8159],[-73.8067,40.8162],[-73.8069,40.8165],[-73.8069,40.8166],[-73.8066,40.8157],[-73.8064,40.8157],[-73.8066,40.8157],[-73.8053,40.8148],[-73.8051,40.8129],[-73.8022,40.8102],[-73.801,40.8107],[-73.8015,40.8101],[-73.7985,40.8096],[-73.7923,40.8068],[-73.791,40.8074],[-73.7903,40.8048],[-73.7934,40.8042],[-73.7956,40.8061],[-73.8019,40.809],[-73.8039,40.8085],[-73.8101,40.813],[-73.814,40.8136],[-73.8145,40.813],[-73.8146,40.8129],[-73.8145,40.813],[-73.8174,40.8136],[-73.8174,40.8134],[-73.8174,40.8136],[-73.8204,40.8128],[-73.8206,40.813],[-73.8205,40.8128],[-73.8204,40.8128],[-73.8205,40.8128],[-73.8204,40.8127],[-73.8203,40.8124],[-73.8211,40.8122],[-73.8203,40.8124],[-73.8211,40.8124],[-73.8204,40.8127],[-73.8205,40.8127],[-73.8205,40.8128],[-73.8205,40.8127],[-73.8205,40.8128],[-73.8206,40.813],[-73.8212,40.8129],[-73.8213,40.8129],[-73.8212,40.8129],[-73.8213,40.8129],[-73.8215,40.8128],[-73.8214,40.8127],[-73.8215,40.8128],[-73.8223,40.8127],[-73.8221,40.8124],[-73.8223,40.8127],[-73.8251,40.8118],[-73.8248,40.8114],[-73.8251,40.8118],[-73.8249,40.8113],[-73.825,40.8113],[-73.8249,40.8113],[-73.8257,40.8116],[-73.8253,40.811],[-73.8257,40.8116],[-73.8256,40.8112],[-73.8255,40.811],[-73.8256,40.8112],[-73.8292,40.8113],[-73.8315,40.8098],[-73.8322,40.8085],[-73.8316,40.8049],[-73.8369,40.8059],[-73.8381,40.807],[-73.8404,40.8124],[-73.8395,40.8152],[-73.8401,40.8179],[-73.8387,40.8196],[-73.8389,40.8222],[-73.8423,40.8286],[-73.8419,40.8307],[-73.8388,40.8338],[-73.8397,40.8396],[-73.8403,40.8395],[-73.8399,40.8379],[-73.8399,40.8378],[-73.8399,40.8379],[-73.8399,40.8378],[-73.8398,40.8361],[-73.8397,40.8361],[-73.8398,40.8361],[-73.8398,40.8358],[-73.8397,40.8358],[-73.8397,40.8361],[-73.8397,40.8358],[-73.8398,40.8358],[-73.8398,40.8357],[-73.8397,40.8358],[-73.8398,40.8357],[-73.8398,40.8357],[-73.8397,40.8356],[-73.8396,40.8356],[-73.8397,40.8356],[-73.8396,40.8353],[-73.8395,40.8353],[-73.8396,40.8353],[-73.8396,40.8352],[-73.8395,40.8353],[-73.8396,40.8352],[-73.8396,40.8352],[-73.8396,40.8351],[-73.8395,40.8351],[-73.8396,40.8351],[-73.8396,40.835],[-73.8395,40.835],[-73.8396,40.835],[-73.8395,40.8348],[-73.8395,40.8348],[-73.8396,40.8347],[-73.8395,40.8348],[-73.8395,40.8347],[-73.8396,40.8347],[-73.8395,40.8347],[-73.8394,40.8346],[-73.8394,40.8347],[-73.8394,40.8346],[-73.8431,40.8301],[-73.8398,40.8216],[-73.84,40.8199],[-73.842,40.8188],[-73.8452,40.8119],[-73.8469,40.8105],[-73.8482,40.8125],[-73.8511,40.8144],[-73.8529,40.8145],[-73.8526,40.814],[-73.8534,40.8136],[-73.8554,40.8143],[-73.8496,40.8128],[-73.849,40.812],[-73.8498,40.8097],[-73.8498,40.8096],[-73.8498,40.8097],[-73.85,40.8087],[-73.8496,40.8087],[-73.85,40.8087],[-73.8487,40.8082],[-73.8495,40.808],[-73.8475,40.8059],[-73.8479,40.805],[-73.8559,40.8045],[-73.8566,40.8049],[-73.8556,40.8051],[-73.8572,40.8053],[-73.8568,40.8049],[-73.8589,40.806],[-73.8583,40.806],[-73.8586,40.8067],[-73.8589,40.806],[-73.8594,40.8076],[-73.8587,40.8068],[-73.8584,40.8083],[-73.859,40.8103],[-73.8601,40.8096],[-73.8594,40.8082],[-73.8604,40.8096],[-73.8677,40.8106],[-73.8708,40.8145],[-73.8765,40.8161],[-73.8767,40.8154],[-73.8724,40.814],[-73.8706,40.8121],[-73.8681,40.8068],[-73.8685,40.8059],[-73.8724,40.8013],[-73.8723,40.8002],[-73.873,40.8002],[-73.8727,40.8012],[-73.8781,40.8013],[-73.8779,40.8023],[-73.8789,40.8028],[-73.884,40.802],[-73.8838,40.8019],[-73.8837,40.802],[-73.8838,40.8019],[-73.884,40.802],[-73.8853,40.8023],[-73.8853,40.8024],[-73.8853,40.8023],[-73.8853,40.8024],[-73.888,40.805],[-73.8891,40.805],[-73.8892,40.8058],[-73.89,40.8049],[-73.8894,40.8059],[-73.8918,40.8056],[-73.892,40.8064],[-73.8927,40.8063],[-73.8923,40.8057],[-73.8918,40.8052],[-73.8917,40.8051],[-73.8915,40.8051],[-73.8913,40.805],[-73.8915,40.8051],[-73.8917,40.8051],[-73.8918,40.8052],[-73.8923,40.8057],[-73.8927,40.8063],[-73.8949,40.8062],[-73.8948,40.8057],[-73.8951,40.8069],[-73.8953,40.8059],[-73.8953,40.8058],[-73.8953,40.8059],[-73.8956,40.8066],[-73.8958,40.8058],[-73.8961,40.8065],[-73.8975,40.806],[-73.8974,40.8058],[-73.8975,40.806],[-73.8995,40.8053],[-73.8995,40.8052],[-73.8995,40.8053],[-73.9022,40.8049],[-73.9022,40.805],[-73.9022,40.8049],[-73.9031,40.804],[-73.903,40.8039],[-73.9031,40.804],[-73.9041,40.8035],[-73.904,40.8035],[-73.9041,40.8035],[-73.908,40.7996],[-73.9081,40.7996],[-73.908,40.7996],[-73.908,40.7995],[-73.9078,40.7995],[-73.9077,40.7994],[-73.9078,40.7995],[-73.908,40.7995],[-73.9116,40.7966],[-73.919,40.7989],[-73.9229,40.8024],[-73.9276,40.8027],[-73.9276,40.804],[-73.9287,40.8041],[-73.9323,40.8083],[-73.9329,40.8101],[-73.9323,40.8176],[-73.9336,40.8328],[-73.933,40.8357],[-73.9269,40.8472],[-73.9208,40.8554],[-73.9203,40.8552],[-73.9147,40.8619],[-73.9148,40.8619],[-73.9147,40.8619],[-73.9134,40.8634],[-73.9128,40.863],[-73.9127,40.8639],[-73.9128,40.8639],[-73.9127,40.8639],[-73.9103,40.8667],[-73.9089,40.8722],[-73.9077,40.8728],[-73.9067,40.8758],[-73.9069,40.8768],[-73.9095,40.8788],[-73.9115,40.879],[-73.9158,40.8757],[-73.9183,40.8758],[-73.9183,40.8759],[-73.9183,40.8758],[-73.9221,40.8786],[-73.9245,40.879],[-73.9245,40.8791],[-73.9245,40.879],[-73.9204,40.8876],[-73.9126,40.9081],[-73.9117,40.9134],[-73.9103,40.9155],[-73.8595,40.9005],[-73.8589,40.9017],[-73.8596,40.9024],[-73.8582,40.9023],[-73.8571,40.9036],[-73.8572,40.9053],[-73.856,40.9053],[-73.8568,40.9062],[-73.8537,40.9078],[-73.8548,40.9081],[-73.8546,40.9089],[-73.853,40.9104],[-73.8525,40.9099],[-73.8511,40.9104],[-73.8535,40.9075],[-73.8509,40.9066],[-73.8502,40.9075],[-73.8448,40.9055],[-73.8449,40.9042],[-73.8414,40.9042],[-73.8407,40.9015],[-73.8392,40.8995],[-73.8397,40.8979],[-73.8384,40.8941],[-73.8227,40.8896],[-73.8234,40.8911],[-73.793,40.8834],[-73.7949,40.8805],[-73.7955,40.8807],[-73.795,40.8797],[-73.7974,40.8751],[-73.7998,40.8742],[-73.8009,40.8716],[-73.8025,40.8705],[-73.8032,40.8717],[-73.8027,40.8722],[-73.8034,40.8725],[-73.8043,40.8712],[-73.8036,40.8699],[-73.8028,40.8701],[-73.803,40.8692],[-73.8059,40.8691],[-73.8057,40.8697],[-73.8084,40.8712],[-73.8067,40.8688],[-73.8049,40.8682],[-73.8046,40.8666],[-73.803,40.867],[-73.8031,40.8658],[-73.8023,40.8656],[-73.7978,40.8723],[-73.7948,40.8732],[-73.7932,40.8771],[-73.7944,40.8776],[-73.7929,40.8793],[-73.7896,40.8813],[-73.7891,40.8801],[-73.7901,40.8796],[-73.7895,40.879],[-73.7859,40.8791],[-73.7844,40.8784],[-73.7847,40.8764],[-73.7872,40.8727],[-73.7862,40.8724],[-73.7851,40.8736],[-73.7853,40.8717],[-73.7836,40.8738],[-73.784,40.8728],[-73.7831,40.8722],[-73.7832,40.8707],[-73.7849,40.8698],[-73.7856,40.8683],[-73.7857,40.8694],[-73.7873,40.8699],[-73.7897,40.8694],[-73.7914,40.8681],[-73.7927,40.8641],[-73.7915,40.8622],[-73.7919,40.8608],[-73.7935,40.8606],[-73.7945,40.8589],[-73.7943,40.8565],[-73.7969,40.8563],[-73.798,40.8548],[-73.7987,40.8549],[-73.799,40.8538],[-73.7978,40.852],[-73.8003,40.8481],[-73.8015,40.8488],[-73.8042,40.8533],[-73.8045,40.855],[-73.8035,40.8556],[-73.8047,40.8615],[-73.8059,40.8619],[-73.8058,40.86],[-73.8078,40.8604],[-73.8081,40.8594]]],[[[-73.8837,40.7957],[-73.8836,40.7957],[-73.8837,40.7957],[-73.8782,40.7945],[-73.8727,40.7914],[-73.8712,40.7901],[-73.8708,40.7879],[-73.8732,40.7858],[-73.8781,40.7854],[-73.8883,40.787],[-73.8903,40.7899],[-73.8922,40.7904],[-73.8928,40.7928],[-73.8918,40.7968],[-73.8907,40.7977],[-73.8908,40.7978],[-73.8909,40.7978],[-73.8908,40.7978],[-73.8907,40.7977],[-73.8907,40.7978],[-73.8908,40.798],[-73.8907,40.7978],[-73.8887,40.7979],[-73.889,40.7988],[-73.8882,40.7987],[-73.8837,40.7957]]],[[[-73.7902,40.8586],[-73.7901,40.8586],[-73.7901,40.8585],[-73.789,40.8585],[-73.7888,40.8574],[-73.7882,40.8575],[-73.788,40.8576],[-73.7882,40.8575],[-73.7888,40.8574],[-73.7885,40.8544],[-73.7876,40.8543],[-73.7873,40.8544],[-73.7876,40.8543],[-73.7883,40.8541],[-73.7871,40.854],[-73.7869,40.8541],[-73.7871,40.854],[-73.788,40.8535],[-73.7864,40.8521],[-73.7843,40.8518],[-73.7841,40.8518],[-73.7843,40.8518],[-73.784,40.8515],[-73.7839,40.8516],[-73.784,40.8515],[-73.7835,40.8515],[-73.7834,40.8516],[-73.7835,40.8515],[-73.7845,40.8509],[-73.7844,40.8509],[-73.7845,40.8509],[-73.784,40.8506],[-73.784,40.8507],[-73.7838,40.8507],[-73.784,40.8507],[-73.784,40.8506],[-73.784,40.8506],[-73.7835,40.8492],[-73.782,40.8492],[-73.7818,40.8493],[-73.7818,40.8493],[-73.7815,40.8494],[-73.7818,40.8493],[-73.782,40.8492],[-73.7817,40.8488],[-73.7816,40.8489],[-73.7817,40.8488],[-73.7816,40.8488],[-73.7815,40.8488],[-73.7816,40.8488],[-73.7815,40.8487],[-73.7815,40.8488],[-73.7815,40.8487],[-73.7818,40.8485],[-73.7821,40.8484],[-73.7818,40.8485],[-73.7821,40.8484],[-73.7827,40.8481],[-73.7813,40.8483],[-73.7811,40.8483],[-73.7813,40.8483],[-73.7826,40.8481],[-73.7815,40.8479],[-73.7822,40.8466],[-73.7811,40.8468],[-73.7811,40.8469],[-73.7811,40.8468],[-73.7804,40.8469],[-73.7811,40.8468],[-73.7817,40.8464],[-73.7811,40.8468],[-73.7822,40.8466],[-73.7831,40.8455],[-73.7831,40.8453],[-73.7831,40.8455],[-73.7825,40.8456],[-73.7824,40.8457],[-73.7818,40.8458],[-73.7824,40.8457],[-73.7825,40.8456],[-73.7831,40.8455],[-73.7831,40.8453],[-73.7831,40.8451],[-73.7818,40.8455],[-73.7831,40.8451],[-73.7831,40.8453],[-73.7835,40.8437],[-73.783,40.8438],[-73.7829,40.8439],[-73.7805,40.8445],[-73.7805,40.8445],[-73.7799,40.8439],[-73.7805,40.8445],[-73.7806,40.8444],[-73.7804,40.844],[-73.7806,40.8444],[-73.7811,40.8443],[-73.7809,40.8439],[-73.7811,40.8443],[-73.7814,40.8437],[-73.782,40.8441],[-73.7818,40.8436],[-73.782,40.8441],[-73.7822,40.8434],[-73.7828,40.8439],[-73.7826,40.8433],[-73.7828,40.8438],[-73.7829,40.8431],[-73.7828,40.8438],[-73.7828,40.8439],[-73.7829,40.8439],[-73.783,40.8438],[-73.7835,40.8437],[-73.783,40.8429],[-73.7832,40.8435],[-73.783,40.8429],[-73.7829,40.8425],[-73.7827,40.8425],[-73.7828,40.8428],[-73.7827,40.8425],[-73.7823,40.8426],[-73.7824,40.843],[-73.7823,40.8426],[-73.7818,40.8427],[-73.782,40.8432],[-73.7818,40.8427],[-73.7812,40.8428],[-73.7814,40.8434],[-73.7812,40.8428],[-73.7809,40.8435],[-73.7803,40.843],[-73.7802,40.8438],[-73.7803,40.843],[-73.7829,40.8425],[-73.7824,40.8424],[-73.7806,40.8428],[-73.7824,40.8424],[-73.7823,40.8423],[-73.7822,40.8424],[-73.7823,40.8423],[-73.7823,40.8422],[-73.7822,40.8422],[-73.7816,40.8424],[-73.7822,40.8422],[-73.7823,40.8422],[-73.7823,40.8419],[-73.7823,40.842],[-73.7823,40.8419],[-73.7814,40.8421],[-73.7823,40.8419],[-73.7823,40.8418],[-73.7821,40.8418],[-73.782,40.8418],[-73.7823,40.8418],[-73.7822,40.8417],[-73.782,40.8418],[-73.7821,40.8418],[-73.7822,40.8417],[-73.7819,40.8417],[-73.7813,40.8418],[-73.7811,40.8419],[-73.7812,40.842],[-73.7811,40.8419],[-73.781,40.842],[-73.7811,40.8421],[-73.781,40.842],[-73.7808,40.842],[-73.7809,40.8421],[-73.7808,40.842],[-73.7807,40.842],[-73.7808,40.8422],[-73.7807,40.842],[-73.7805,40.8421],[-73.7806,40.8422],[-73.7805,40.8421],[-73.7804,40.8421],[-73.7805,40.8422],[-73.7804,40.8421],[-73.7803,40.8421],[-73.7804,40.8425],[-73.7803,40.8421],[-73.7804,40.8421],[-73.7813,40.8418],[-73.7819,40.8417],[-73.7808,40.8413],[-73.7809,40.8416],[-73.7808,40.8413],[-73.7816,40.841],[-73.7816,40.841],[-73.7816,40.8409],[-73.7816,40.8409],[-73.7815,40.8402],[-73.7812,40.8402],[-73.7815,40.8402],[-73.7814,40.8397],[-73.7812,40.8398],[-73.7814,40.8397],[-73.7813,40.8395],[-73.7811,40.8395],[-73.7813,40.8395],[-73.783,40.8363],[-73.7834,40.8369],[-73.785,40.8367],[-73.7849,40.8375],[-73.7857,40.8371],[-73.7852,40.8375],[-73.7857,40.8392],[-73.7873,40.8397],[-73.7874,40.8397],[-73.7873,40.8397],[-73.7874,40.8407],[-73.7882,40.8407],[-73.7881,40.8405],[-73.7882,40.8407],[-73.7875,40.8409],[-73.7883,40.8415],[-73.7884,40.8415],[-73.7883,40.8415],[-73.7885,40.8424],[-73.7888,40.8424],[-73.7885,40.8424],[-73.7899,40.8432],[-73.7899,40.8431],[-73.79,40.8431],[-73.7899,40.8431],[-73.7899,40.8432],[-73.7899,40.8434],[-73.7897,40.8434],[-73.7899,40.8434],[-73.7893,40.844],[-73.7913,40.8466],[-73.7914,40.8465],[-73.7913,40.8466],[-73.7917,40.8473],[-73.7919,40.8472],[-73.7917,40.8473],[-73.7913,40.8481],[-73.7916,40.848],[-73.7913,40.8481],[-73.7909,40.8489],[-73.791,40.849],[-73.7909,40.8489],[-73.7899,40.85],[-73.7902,40.8499],[-73.791,40.8498],[-73.7902,40.8499],[-73.7902,40.85],[-73.7902,40.8499],[-73.7899,40.85],[-73.79,40.8503],[-73.7902,40.8503],[-73.7901,40.8503],[-73.7902,40.8504],[-73.7902,40.8503],[-73.7902,40.8504],[-73.7901,40.8503],[-73.79,40.8503],[-73.7899,40.8506],[-73.791,40.8504],[-73.7899,40.8506],[-73.7901,40.8509],[-73.7903,40.8509],[-73.7901,40.8509],[-73.7901,40.851],[-73.7903,40.851],[-73.7901,40.851],[-73.7897,40.8515],[-73.7898,40.8515],[-73.7898,40.8514],[-73.7897,40.8513],[-73.7898,40.8514],[-73.7898,40.8515],[-73.7901,40.8514],[-73.79,40.8513],[-73.7901,40.8514],[-73.7904,40.8514],[-73.7908,40.8513],[-73.7909,40.8513],[-73.791,40.8513],[-73.7909,40.8513],[-73.7908,40.8513],[-73.7904,40.8514],[-73.7904,40.8515],[-73.7904,40.8514],[-73.7901,40.8514],[-73.7901,40.8515],[-73.7901,40.8514],[-73.7897,40.8515],[-73.7909,40.8515],[-73.7902,40.8523],[-73.7911,40.8519],[-73.7912,40.8518],[-73.7911,40.8519],[-73.7915,40.8519],[-73.7914,40.8518],[-73.7915,40.8517],[-73.7914,40.8518],[-73.7915,40.8519],[-73.7918,40.8519],[-73.7923,40.8516],[-73.7925,40.8515],[-73.7923,40.8516],[-73.7918,40.8519],[-73.7902,40.8523],[-73.7912,40.8522],[-73.7913,40.8522],[-73.7912,40.8522],[-73.7912,40.8523],[-73.7914,40.8522],[-73.7912,40.8523],[-73.7932,40.8518],[-73.7931,40.8516],[-73.7932,40.8518],[-73.7912,40.8523],[-73.7914,40.8526],[-73.7934,40.8521],[-73.7935,40.8523],[-73.7934,40.8521],[-73.7914,40.8526],[-73.7914,40.8528],[-73.7908,40.8532],[-73.791,40.8531],[-73.791,40.853],[-73.791,40.8531],[-73.7915,40.853],[-73.7914,40.8528],[-73.7915,40.853],[-73.7917,40.853],[-73.7916,40.8528],[-73.7917,40.853],[-73.792,40.8529],[-73.7919,40.8527],[-73.792,40.8529],[-73.7925,40.8528],[-73.7924,40.8526],[-73.7925,40.8528],[-73.7928,40.8527],[-73.7928,40.8525],[-73.7928,40.8527],[-73.7908,40.8532],[-73.7913,40.8537],[-73.793,40.8533],[-73.7929,40.8529],[-73.793,40.8533],[-73.7913,40.8537],[-73.7911,40.8539],[-73.7925,40.8536],[-73.7911,40.8539],[-73.7918,40.854],[-73.7925,40.8539],[-73.7926,40.854],[-73.7925,40.8539],[-73.7918,40.854],[-73.7913,40.8546],[-73.7925,40.8558],[-73.792,40.8562],[-73.7926,40.8562],[-73.7931,40.8564],[-73.7931,40.8563],[-73.7931,40.8564],[-73.7926,40.8563],[-73.7926,40.8562],[-73.7926,40.8563],[-73.792,40.8562],[-73.7931,40.8568],[-73.7918,40.8567],[-73.792,40.8567],[-73.7918,40.8567],[-73.7919,40.8568],[-73.7918,40.8567],[-73.7917,40.8569],[-73.7919,40.8568],[-73.7917,40.8569],[-73.7919,40.857],[-73.7922,40.8571],[-73.7924,40.8569],[-73.7922,40.8571],[-73.7927,40.8574],[-73.793,40.857],[-73.7927,40.8574],[-73.7919,40.857],[-73.7927,40.8574],[-73.7921,40.8572],[-73.7919,40.8574],[-73.7926,40.8576],[-73.7919,40.8574],[-73.7921,40.8572],[-73.7909,40.8576],[-73.7912,40.8577],[-73.7913,40.8577],[-73.7916,40.8579],[-73.7914,40.8582],[-73.7916,40.8579],[-73.7913,40.8577],[-73.7912,40.8577],[-73.7909,40.8576],[-73.7901,40.8585],[-73.7901,40.8586],[-73.7902,40.8586]]],[[[-73.7725,40.8518],[-73.7727,40.8518],[-73.7725,40.8518],[-73.7725,40.8521],[-73.7727,40.8521],[-73.773,40.8522],[-73.7727,40.8521],[-73.7726,40.8522],[-73.7729,40.8524],[-73.7726,40.8522],[-73.7725,40.8521],[-73.7717,40.8525],[-73.7723,40.8539],[-73.773,40.8541],[-73.7723,40.8539],[-73.7722,40.86],[-73.7695,40.8593],[-73.7653,40.855],[-73.7678,40.8544],[-73.7694,40.8525],[-73.7686,40.8508],[-73.7696,40.8476],[-73.7679,40.8453],[-73.769,40.8451],[-73.7712,40.8469],[-73.7709,40.8498],[-73.7725,40.8518]]],[[[-73.8983,40.8024],[-73.8965,40.8008],[-73.8986,40.7991],[-73.9002,40.7993],[-73.8994,40.8019],[-73.8983,40.8024]]],[[[-73.8022,40.8416],[-73.8069,40.8415],[-73.8068,40.8425],[-73.8039,40.8426],[-73.8022,40.8416]]]]}}]}
