{"type":"FeatureCollection","features":[{"type":"Feature","id":"Acre","properties":{"id":"Acre","iso_code":"BR-AC","name":"Acre","name_full":"Acre","name_ja":"アクレ州","center_lonlat":[-70.4729,-9.2986]},"geometry":{"type":"Polygon","coordinates":[[[-73.8068,-7.1179],[-72.6637,-7.5916],[-70.3715,-8.1573],[-69.8068,-8.4545],[-66.8305,-9.838],[-66.6489,-9.9159],[-66.6601,-9.9453],[-66.7706,-9.9926],[-66.9027,-10.0931],[-67.0643,-10.2569],[-67.11,-10.2826],[-67.1517,-10.289],[-67.1847,-10.3267],[-67.2592,-10.3137],[-67.3235,-10.3189],[-67.3378,-10.3261],[-67.3428,-10.3725],[-67.4183,-10.3815],[-67.468,-10.4523],[-67.5846,-10.5018],[-67.6847,-10.6105],[-67.7217,-10.7055],[-67.7558,-10.7142],[-67.8626,-10.6588],[-68.0438,-10.6669],[-68.1121,-10.7141],[-68.2933,-10.979],[-68.3311,-11.0005],[-68.3783,-11.005],[-68.4282,-11.0437],[-68.5361,-11.0615],[-68.6157,-11.1125],[-68.7759,-11.1406],[-68.7912,-11.0851],[-68.7576,-11.0119],[-68.8047,-10.9947],[-68.884,-11.0164],[-68.997,-11.0017],[-69.0869,-10.9672],[-69.2935,-10.955],[-69.3959,-10.935],[-69.5029,-10.9553],[-69.7202,-10.9649],[-69.8083,-10.9272],[-69.9561,-10.9193],[-70.1987,-11.0412],[-70.2894,-11.0648],[-70.3913,-11.0591],[-70.4373,-11.0367],[-70.5341,-10.9381],[-70.5556,-10.9428],[-70.6413,-11.0108],[-70.6384,-9.8518],[-70.6151,-9.7923],[-70.5691,-9.7791],[-70.5419,-9.7082],[-70.6008,-9.6353],[-70.6244,-9.5658],[-70.5645,-9.5654],[-70.5762,-9.5291],[-70.5551,-9.516],[-70.5619,-9.5017],[-70.5433,-9.4935],[-70.525,-9.4309],[-70.6064,-9.4488],[-70.6808,-9.5277],[-70.8755,-9.6605],[-70.9203,-9.7201],[-70.969,-9.7549],[-70.9972,-9.8035],[-71.1443,-9.8631],[-71.1965,-9.9399],[-71.2997,-9.9934],[-71.3396,-9.9798],[-71.3914,-10.0068],[-72.1957,-10.0056],[-72.1629,-9.8772],[-72.1947,-9.8058],[-72.2652,-9.7622],[-72.277,-9.7243],[-72.2617,-9.6674],[-72.3041,-9.6009],[-72.3127,-9.5325],[-72.3445,-9.5329],[-72.4095,-9.4863],[-72.5356,-9.4816],[-72.6365,-9.4429],[-72.6723,-9.4467],[-72.8133,-9.4109],[-73.215,-9.409],[-73.0902,-9.2442],[-73.0344,-9.2226],[-73.0279,-9.1831],[-72.972,-9.1344],[-72.9594,-9.0856],[-72.97,-9.0019],[-73.0037,-8.9442],[-73.0686,-8.8937],[-73.1746,-8.7207],[-73.211,-8.6939],[-73.2899,-8.6705],[-73.3506,-8.5983],[-73.3564,-8.4798],[-73.4102,-8.4555],[-73.4473,-8.4161],[-73.5408,-8.3591],[-73.5617,-8.2727],[-73.6033,-8.2116],[-73.6011,-8.1361],[-73.668,-8.0138],[-73.7485,-7.977],[-73.7849,-7.9404],[-73.7946,-7.8741],[-73.7461,-7.8864],[-73.7137,-7.8663],[-73.7026,-7.8278],[-73.7122,-7.7882],[-73.8388,-7.7206],[-74.0185,-7.5435],[-73.9714,-7.524],[-73.9443,-7.4487],[-73.9829,-7.3564],[-73.902,-7.3734],[-73.8259,-7.3374],[-73.7413,-7.3344],[-73.7131,-7.3047],[-73.7345,-7.2251],[-73.8068,-7.1179]]]}},{"type":"Feature","id":"Alagoas","properties":{"id":"Alagoas","iso_code":"BR-AL","name":"Alagoas","name_full":"Alagoas","name_ja":"アラゴアス州","center_lonlat":[-36.6249,-9.5146]},"geometry":{"type":"Polygon","coordinates":[[[-35.1483,-8.9136],[-35.3051,-9.193],[-35.3922,-9.3058],[-35.482,-9.3679],[-35.4932,-9.4041],[-35.5826,-9.5329],[-35.6575,-9.5771],[-35.6962,-9.6729],[-35.7523,-9.6827],[-35.7781,-9.7001],[-35.7462,-9.6418],[-35.7734,-9.6004],[-35.7999,-9.5847],[-35.8122,-9.5978],[-35.7917,-9.6422],[-35.7949,-9.6791],[-35.8581,-9.7346],[-35.9084,-9.6388],[-35.9054,-9.6248],[-35.9419,-9.5998],[-35.963,-9.6108],[-35.9084,-9.6593],[-35.8736,-9.7555],[-35.8609,-9.76],[-35.8532,-9.7411],[-35.7986,-9.7206],[-35.8106,-9.7448],[-35.8621,-9.794],[-35.8827,-9.8556],[-35.9494,-9.9132],[-36.0363,-10.0641],[-36.0903,-10.0934],[-36.1412,-10.1594],[-36.2805,-10.28],[-36.292,-10.352],[-36.4081,-10.5021],[-36.4262,-10.4358],[-36.4545,-10.4106],[-36.5556,-10.4201],[-36.5662,-10.4105],[-36.5634,-10.3318],[-36.6204,-10.2536],[-36.6549,-10.2557],[-36.6785,-10.2762],[-36.725,-10.2584],[-36.7648,-10.2277],[-36.8239,-10.2138],[-36.8669,-10.1491],[-36.9312,-10.1187],[-36.9423,-10.0148],[-36.983,-9.9667],[-37.0419,-9.976],[-37.145,-9.9006],[-37.2272,-9.8889],[-37.2477,-9.8547],[-37.3191,-9.7895],[-37.4699,-9.7349],[-37.5188,-9.7411],[-37.5661,-9.7275],[-37.6481,-9.679],[-37.6763,-9.6461],[-37.7696,-9.6317],[-37.7927,-9.6387],[-37.8045,-9.6111],[-37.8954,-9.556],[-37.9971,-9.5268],[-38.0212,-9.4728],[-38.1899,-9.4196],[-38.2352,-9.3304],[-38.1526,-9.2668],[-38.0906,-9.1848],[-37.9682,-9.1425],[-37.9331,-9.0928],[-37.8207,-8.9918],[-37.8079,-8.894],[-37.7579,-8.8592],[-37.7292,-8.8827],[-37.6714,-8.9846],[-37.6412,-8.9884],[-37.5727,-8.9468],[-37.5191,-8.9437],[-37.4822,-8.9981],[-37.3926,-9.0425],[-37.1816,-9.2418],[-37.1257,-9.2712],[-37.0241,-9.2923],[-36.9385,-9.3558],[-36.903,-9.2908],[-36.8779,-9.271],[-36.831,-9.264],[-36.6525,-9.2789],[-36.5902,-9.297],[-36.4513,-9.2125],[-36.3458,-9.201],[-36.2645,-9.142],[-36.2374,-9.0866],[-36.1218,-9.015],[-36.1113,-9.0016],[-36.1207,-8.9696],[-36.0058,-8.8923],[-35.9719,-8.9074],[-35.8827,-8.8757],[-35.8011,-8.8702],[-35.7863,-8.8995],[-35.7216,-8.9203],[-35.6107,-8.8639],[-35.4876,-8.8326],[-35.4725,-8.8341],[-35.4623,-8.8575],[-35.392,-8.8836],[-35.3021,-8.8853],[-35.1483,-8.9136]]]}},{"type":"Feature","id":"Amapa","properties":{"id":"Amapa","iso_code":"BR-AP","name":"Amapa","name_full":"Amapá","name_ja":"アマパー州","center_lonlat":[-51.9795,1.4561]},"geometry":{"type":"MultiPolygon","coordinates":[[[[-51.9083,-1.158],[-51.9802,-1.1402],[-51.999,-1.1663],[-52.0471,-1.1713],[-52.0561,-1.2128],[-52.0688,-1.2192],[-52.0985,-1.1714],[-52.1238,-1.1539],[-52.266,-1.1359],[-52.3183,-1.0848],[-52.3667,-1.0614],[-52.3907,-0.9632],[-52.3689,-0.9232],[-52.3813,-0.8868],[-52.4213,-0.8605],[-52.4996,-0.8812],[-52.5174,-0.8758],[-52.5102,-0.8279],[-52.5197,-0.7986],[-52.5069,-0.7442],[-52.524,-0.6587],[-52.5524,-0.6221],[-52.6043,-0.6114],[-52.6319,-0.5569],[-52.6269,-0.3972],[-52.6747,-0.3556],[-52.6995,-0.3046],[-52.8137,-0.1802],[-52.8726,-0.2025],[-52.9154,-0.192],[-52.9739,-0.0158],[-53.0119,0.0408],[-53.0072,0.137],[-53.0415,0.2472],[-53.0831,0.2904],[-53.1304,0.3985],[-53.1408,0.5266],[-53.1126,0.6815],[-53.1158,0.7368],[-53.1324,0.7509],[-53.2821,0.7905],[-53.3153,0.8219],[-53.3495,0.884],[-53.4162,0.9418],[-53.4361,1.0155],[-53.4317,1.0422],[-53.4665,1.1296],[-53.4596,1.1688],[-53.4069,1.1882],[-53.4339,1.2565],[-53.4624,1.2635],[-53.5431,1.2439],[-53.5412,1.2863],[-53.5652,1.3234],[-53.5518,1.3626],[-53.6041,1.3743],[-53.6559,1.3652],[-53.6665,1.4276],[-53.7024,1.4119],[-53.7309,1.4386],[-53.7538,1.3941],[-53.8243,1.4156],[-53.825,1.3888],[-53.8559,1.3851],[-53.8577,1.4004],[-53.8868,1.403],[-53.9261,1.4649],[-53.9955,1.5218],[-54.077,1.5048],[-54.1134,1.5862],[-54.1047,1.6113],[-54.1334,1.6136],[-54.1716,1.6588],[-54.1943,1.6508],[-54.3616,1.7621],[-54.3806,1.7515],[-54.4174,1.764],[-54.4961,1.7478],[-54.5884,1.7843],[-54.6884,1.7636],[-54.7355,1.772],[-54.7533,1.805],[-54.7651,1.8878],[-54.7637,1.9783],[-54.7979,2.02],[-54.753,2.0739],[-54.7613,2.104],[-54.7874,2.1284],[-54.7838,2.1681],[-54.7505,2.1907],[-54.7157,2.2774],[-54.7347,2.4147],[-54.7755,2.4573],[-54.743,2.4665],[-54.7032,2.4458],[-54.6956,2.4035],[-54.7157,2.3759],[-54.7041,2.3248],[-54.6729,2.316],[-54.5882,2.3244],[-54.5264,2.2827],[-54.5491,2.2794],[-54.5458,2.2686],[-54.4766,2.2141],[-54.3739,2.1965],[-54.314,2.1549],[-54.2638,2.1482],[-54.1885,2.1613],[-54.1349,2.1107],[-54.0984,2.128],[-54.0767,2.1837],[-54.0485,2.1888],[-54.028,2.1786],[-53.9639,2.2093],[-53.9461,2.222],[-53.9329,2.2696],[-53.9012,2.2645],[-53.8668,2.3049],[-53.8309,2.3101],[-53.801,2.3538],[-53.7648,2.3687],[-53.7374,2.3491],[-53.7422,2.3085],[-53.579,2.2704],[-53.5318,2.247],[-53.4621,2.259],[-53.3785,2.3076],[-53.3441,2.3496],[-53.2342,2.251],[-53.2722,2.22],[-53.2797,2.205],[-53.2685,2.1957],[-53.1323,2.2193],[-53.0922,2.2119],[-53.0612,2.1863],[-52.9809,2.1733],[-52.9172,2.1957],[-52.8627,2.2742],[-52.6906,2.373],[-52.5904,2.5047],[-52.5519,2.5866],[-52.5758,2.6337],[-52.543,2.6515],[-52.4553,2.865],[-52.4093,2.8973],[-52.4222,2.9275],[-52.3532,3.0584],[-52.3553,3.1516],[-52.3194,3.1776],[-52.2795,3.2425],[-52.2512,3.2431],[-52.2279,3.2601],[-52.0928,3.4814],[-52.0936,3.5069],[-52.0742,3.5166],[-52.0128,3.6191],[-51.9884,3.7046],[-51.9401,3.734],[-51.9387,3.7736],[-51.8997,3.7967],[-51.8354,3.8675],[-51.7832,3.9809],[-51.6317,4.0678],[-51.5958,4.1579],[-51.5969,4.2155],[-51.5853,4.2338],[-51.5597,4.2237],[-51.5119,4.0803],[-51.4368,3.9295],[-51.4354,3.9859],[-51.4982,4.1054],[-51.5467,4.255],[-51.561,4.3571],[-51.5477,4.4218],[-51.5165,4.4411],[-51.4907,4.4277],[-51.3892,4.3589],[-51.2983,4.2585],[-51.2244,4.165],[-51.1869,4.0788],[-51.1802,3.8044],[-51.1975,3.6995],[-51.1761,3.6483],[-51.1364,3.8677],[-51.1164,3.9062],[-51.0932,3.9072],[-51.0799,3.8823],[-51.09,3.725],[-51.0794,3.4921],[-51.0965,3.449],[-51.0927,3.3763],[-51.036,3.2292],[-51.0278,3.1816],[-51.0406,3.1509],[-51.014,3.0724],[-51.0168,3.0356],[-50.9442,2.8752],[-50.9445,2.8222],[-50.9028,2.7938],[-50.8522,2.6661],[-50.819,2.5524],[-50.8395,2.4975],[-50.8236,2.4897],[-50.8055,2.5044],[-50.763,2.4436],[-50.7126,2.2368],[-50.6793,2.1717],[-50.7032,2.1413],[-50.7373,2.1345],[-50.7926,2.1618],[-50.7646,2.124],[-50.7797,2.0709],[-50.7516,2.0451],[-50.7347,2.1038],[-50.7021,2.1303],[-50.66,2.1307],[-50.6196,2.1052],[-50.6001,2.0752],[-50.5899,2.0172],[-50.5222,1.9125],[-50.5092,1.8572],[-50.4665,1.8154],[-50.3934,1.7978],[-50.3306,1.8181],[-50.2579,1.8078],[-50.1646,1.8156],[-49.9506,1.7213],[-49.9102,1.6643],[-49.9008,1.6117],[-49.8736,1.3923],[-49.883,1.3077],[-49.9129,1.2723],[-49.9753,1.245],[-50.1022,1.2147],[-50.1497,1.2212],[-50.1382,1.1937],[-50.1202,1.1852],[-49.9755,1.1975],[-49.9448,1.2185],[-49.9215,1.2185],[-49.8876,1.1749],[-49.9389,1.0972],[-49.9788,1.0722],[-50.0143,1.0709],[-50.0316,1.1059],[-50.0609,1.0189],[-50.1061,0.9953],[-50.1558,0.9273],[-50.2616,0.8698],[-50.3125,0.8172],[-50.3534,0.7267],[-50.4534,0.664],[-50.4997,0.556],[-50.609,0.3739],[-50.7906,0.1695],[-50.854,0.1737],[-50.9289,0.1554],[-50.9798,0.1204],[-51.0814,-0.0325],[-51.2016,-0.0491],[-51.2152,-0.0687],[-51.2655,-0.0834],[-51.327,-0.0795],[-51.2512,-0.1274],[-51.3225,-0.2153],[-51.3707,-0.3429],[-51.443,-0.4284],[-51.4452,-0.4714],[-51.4862,-0.5172],[-51.5218,-0.5383],[-51.5802,-0.5252],[-51.5528,-0.5456],[-51.5876,-0.5587],[-51.5611,-0.5587],[-51.5467,-0.5456],[-51.5324,-0.5519],[-51.6975,-0.7472],[-51.7242,-0.8777],[-51.7155,-1.0275],[-51.8006,-1.0927],[-51.8341,-1.1347],[-51.9083,-1.158]]],[[[-50.4544,2.1109],[-50.3996,2.1151],[-50.3569,2.0594],[-50.314,1.9683],[-50.3125,1.9471],[-50.339,1.9127],[-50.3766,1.8783],[-50.4191,1.863],[-50.4586,1.881],[-50.4976,1.9846],[-50.5238,2.0015],[-50.5042,2.0957],[-50.4701,2.0977],[-50.4544,2.1109]]],[[[-50.2024,0.7497],[-50.2753,0.7456],[-50.2834,0.7692],[-50.275,0.8091],[-50.2255,0.8592],[-50.1117,0.9183],[-50.0269,0.9038],[-50.0157,0.8925],[-50.0497,0.8211],[-50.1034,0.7557],[-50.2024,0.7497]]],[[[-50.0626,0.9233],[-50.0993,0.9386],[-50.1003,0.9591],[-50.0492,0.9856],[-50.0167,1.0252],[-49.9264,1.0699],[-49.9162,1.0566],[-49.964,0.9738],[-50.0083,0.941],[-50.0626,0.9233]]],[[[-50.5435,2.1462],[-50.5535,2.1563],[-50.5136,2.1873],[-50.4633,2.1869],[-50.4305,2.165],[-50.4152,2.1269],[-50.4979,2.1074],[-50.5202,2.1154],[-50.5257,2.1377],[-50.5435,2.1462]]]]}},{"type":"Feature","id":"Amazonas","properties":{"id":"Amazonas","iso_code":"BR-AM","name":"Amazonas","name_full":"Amazonas","name_ja":"アマゾナス州","center_lonlat":[-64.7186,-4.1845]},"geometry":{"type":"Polygon","coordinates":[[[-63.3865,2.2359],[-63.3335,2.1816],[-63.2889,2.1592],[-63.1481,2.1775],[-63.1302,2.161],[-63.1225,2.1143],[-63.0491,2.0416],[-62.9882,2.0185],[-62.8484,2.0191],[-62.7179,1.9561],[-62.6935,1.9246],[-62.6965,1.8899],[-62.7326,1.8334],[-62.7144,1.7269],[-62.7524,1.6929],[-62.7868,1.6033],[-62.7204,1.4962],[-62.6153,1.4002],[-62.615,1.3616],[-62.5532,1.1441],[-62.5147,1.0585],[-62.5097,0.9619],[-62.4463,0.8046],[-62.5362,0.7324],[-62.5447,0.7119],[-62.4812,0.5198],[-62.4947,0.4665],[-62.5357,0.4189],[-62.5295,0.3226],[-62.568,0.2469],[-62.5667,0.1756],[-62.526,0.0954],[-62.5445,0.043],[-62.5781,0.0168],[-62.5856,-0.0111],[-62.5186,-0.1075],[-62.4778,-0.2228],[-62.4163,-0.2579],[-62.3824,-0.3099],[-62.3693,-0.3665],[-62.3745,-0.4569],[-62.3187,-0.5203],[-62.304,-0.6095],[-62.3116,-0.6409],[-62.387,-0.72],[-62.4957,-0.6949],[-62.5057,-0.7729],[-62.4938,-0.795],[-62.4196,-0.8273],[-62.3165,-0.9431],[-62.2427,-0.9821],[-62.1979,-1.0515],[-62.1407,-1.0671],[-62.0276,-1.1443],[-61.9832,-1.2158],[-61.9374,-1.2449],[-61.8646,-1.3833],[-61.8296,-1.3863],[-61.7608,-1.359],[-61.713,-1.397],[-61.6016,-1.4183],[-61.6219,-1.285],[-61.5761,-1.1426],[-61.5774,-1.0827],[-61.5599,-1.0339],[-61.5817,-0.9092],[-61.5516,-0.8306],[-61.5322,-0.7285],[-61.4587,-0.6384],[-61.3872,-0.6001],[-61.2533,-0.5546],[-61.2166,-0.4949],[-61.1171,-0.4899],[-61.0605,-0.5286],[-60.9312,-0.5549],[-60.9106,-0.603],[-60.8057,-0.6992],[-60.7604,-0.7924],[-60.7559,-0.8382],[-60.7367,-0.8495],[-60.6402,-0.8588],[-60.6003,-0.8339],[-60.5241,-0.8336],[-60.4769,-0.7463],[-60.314,-0.6883],[-60.312,-0.6293],[-60.3757,-0.5564],[-60.3927,-0.5191],[-60.3859,-0.4637],[-60.3171,-0.3059],[-60.3086,-0.2253],[-60.254,-0.1489],[-60.2233,-0.0538],[-60.1698,0.0064],[-60.135,0.0781],[-60.1335,0.1201],[-60.068,0.1659],[-60.0483,0.212],[-60.0245,0.2237],[-59.7699,0.2301],[-58.8705,0.2254],[-58.8493,-0.0828],[-58.8634,-0.1737],[-58.8537,-0.352],[-58.8251,-0.3875],[-58.7511,-0.4218],[-58.7301,-0.4467],[-58.7504,-0.5942],[-58.7384,-0.6525],[-58.6276,-0.7651],[-58.5591,-0.7672],[-58.4483,-0.8476],[-58.4147,-0.9533],[-58.4102,-1.0127],[-58.3895,-1.049],[-58.3075,-1.1243],[-58.2441,-1.1355],[-58.1841,-1.22],[-58.1607,-1.2362],[-58.1308,-1.2366],[-58.0817,-1.2984],[-57.9805,-1.3482],[-57.9015,-1.4233],[-57.8121,-1.4535],[-57.7485,-1.5209],[-57.6963,-1.5427],[-57.6671,-1.5837],[-57.5634,-1.6226],[-57.4055,-1.7088],[-57.3375,-1.7292],[-57.2547,-1.7162],[-57.2423,-1.7658],[-57.1822,-1.7654],[-57.0879,-1.8118],[-57.0514,-1.8855],[-56.992,-1.9454],[-56.9169,-1.9769],[-56.8346,-2.0319],[-56.7535,-2.0361],[-56.743,-2.0652],[-56.7613,-2.1527],[-56.7395,-2.1811],[-56.6352,-2.2224],[-56.5731,-2.1831],[-56.4986,-2.1617],[-56.4809,-2.1834],[-56.4871,-2.2411],[-56.4774,-2.2564],[-56.3969,-2.2722],[-56.3119,-2.2358],[-56.399,-2.3039],[-56.3802,-2.3392],[-56.3897,-2.3906],[-58.2944,-6.4969],[-58.3427,-6.5713],[-58.4338,-6.6483],[-58.4664,-6.7016],[-58.4666,-6.7833],[-58.421,-6.9133],[-58.3918,-6.9559],[-58.217,-7.11],[-58.1853,-7.1666],[-58.1705,-7.2997],[-58.1355,-7.3391],[-58.2164,-7.432],[-58.2275,-7.5032],[-58.2053,-7.5703],[-58.2238,-7.6218],[-58.2972,-7.7326],[-58.3541,-7.7792],[-58.3786,-7.8181],[-58.3772,-7.878],[-58.3251,-8.003],[-58.3055,-8.1048],[-58.3403,-8.2055],[-58.3368,-8.2465],[-58.3962,-8.3735],[-58.4396,-8.4221],[-58.4199,-8.5512],[-58.4814,-8.7046],[-58.5452,-8.7483],[-61.6113,-8.7686],[-61.6187,-8.7115],[-61.7322,-8.6917],[-61.7748,-8.7347],[-61.8378,-8.7446],[-61.8554,-8.7738],[-61.8693,-8.8482],[-61.9051,-8.8732],[-61.9628,-8.8565],[-62.0166,-8.8021],[-62.1237,-8.7804],[-62.1737,-8.6411],[-62.1755,-8.6011],[-62.21,-8.5873],[-62.2996,-8.5812],[-62.3813,-8.3742],[-62.4548,-8.3492],[-62.5402,-8.3627],[-62.5545,-8.287],[-62.6361,-8.2199],[-62.6758,-8.1141],[-62.7572,-8.0434],[-62.8294,-8.0158],[-62.9042,-8.0083],[-63.5383,-8.0005],[-63.5897,-8.0799],[-63.584,-8.1585],[-63.7355,-8.1982],[-63.7472,-8.2191],[-63.7408,-8.2778],[-63.9,-8.318],[-63.9888,-8.4288],[-63.9857,-8.4706],[-63.9367,-8.5081],[-63.9218,-8.5446],[-63.9473,-8.6045],[-64.0051,-8.685],[-64.073,-8.7129],[-64.1177,-8.6831],[-64.1343,-8.6941],[-64.1338,-8.7843],[-64.1208,-8.8144],[-64.1348,-8.8651],[-64.1197,-8.9566],[-64.1757,-8.9343],[-64.216,-8.9504],[-64.271,-8.9363],[-64.3731,-8.9358],[-64.4194,-8.9707],[-64.4892,-8.9549],[-64.529,-8.9768],[-64.5665,-9.0182],[-64.5975,-9.0259],[-64.7011,-9.0185],[-64.7527,-8.9849],[-64.7785,-8.9867],[-64.8668,-9.041],[-64.9205,-9.109],[-64.9264,-9.1316],[-64.9074,-9.2244],[-64.96,-9.2786],[-64.9716,-9.3199],[-65.0669,-9.4259],[-65.1065,-9.435],[-65.1537,-9.4062],[-65.1724,-9.3737],[-65.1744,-9.3224],[-65.2113,-9.2532],[-65.3359,-9.3254],[-65.4195,-9.3902],[-65.451,-9.4546],[-65.4821,-9.4531],[-65.5257,-9.4129],[-65.5626,-9.414],[-65.6469,-9.4599],[-65.6762,-9.5325],[-65.7531,-9.5701],[-65.9527,-9.4036],[-66.1513,-9.4223],[-66.2476,-9.4053],[-66.2986,-9.4135],[-66.3882,-9.4008],[-66.4016,-9.4182],[-66.394,-9.5103],[-66.4921,-9.6247],[-66.5973,-9.6645],[-66.6953,-9.7489],[-66.7436,-9.7487],[-66.7767,-9.7952],[-66.8305,-9.838],[-69.8068,-8.4545],[-70.3715,-8.1573],[-72.6637,-7.5916],[-73.8068,-7.1179],[-73.8123,-7.1029],[-73.7677,-6.9593],[-73.7594,-6.8874],[-73.7068,-6.8496],[-73.6851,-6.8119],[-73.5132,-6.6978],[-73.3707,-6.5839],[-73.2785,-6.5757],[-73.199,-6.5456],[-73.1478,-6.4762],[-73.127,-6.3913],[-73.1557,-6.3227],[-73.1777,-6.2024],[-73.2353,-6.1237],[-73.2348,-6.0776],[-73.14,-5.8785],[-73.0014,-5.7088],[-72.9769,-5.6517],[-72.9605,-5.5592],[-72.9735,-5.4661],[-72.924,-5.3136],[-72.8967,-5.2716],[-72.9003,-5.1946],[-72.9179,-5.1321],[-72.8589,-5.1161],[-72.854,-5.0925],[-72.7729,-5.0811],[-72.7476,-5.0551],[-72.6448,-5.0606],[-72.6143,-5.0097],[-72.5464,-4.9582],[-72.4951,-4.947],[-72.4765,-4.9025],[-72.4147,-4.8763],[-72.3861,-4.794],[-72.3447,-4.7826],[-72.3319,-4.7633],[-72.2511,-4.7588],[-72.108,-4.6643],[-72.0711,-4.6051],[-72.0355,-4.6119],[-71.9803,-4.5823],[-71.9072,-4.5184],[-71.8007,-4.5024],[-71.7848,-4.4805],[-71.7402,-4.4956],[-71.6993,-4.4816],[-71.6652,-4.5076],[-71.6134,-4.4793],[-71.6171,-4.5003],[-71.5716,-4.4807],[-71.5246,-4.4852],[-71.5061,-4.4486],[-71.4774,-4.4406],[-71.387,-4.4349],[-71.3633,-4.4592],[-71.3308,-4.4351],[-71.3152,-4.44],[-71.3046,-4.3949],[-71.2648,-4.3755],[-71.2417,-4.38],[-71.2141,-4.4108],[-71.1697,-4.3628],[-71.1525,-4.3917],[-71.1285,-4.4018],[-71.0816,-4.3641],[-71.0293,-4.3858],[-71.0055,-4.3476],[-70.9687,-4.3853],[-70.8964,-4.2998],[-70.8737,-4.2507],[-70.8428,-4.2381],[-70.8483,-4.2044],[-70.8322,-4.1794],[-70.7743,-4.155],[-70.6941,-4.1723],[-70.6629,-4.1222],[-70.6468,-4.1157],[-70.6311,-4.119],[-70.6325,-4.1668],[-70.5853,-4.1945],[-70.5656,-4.1488],[-70.5497,-4.1407],[-70.5341,-4.1468],[-70.516,-4.1823],[-70.4299,-4.1342],[-70.3614,-4.1682],[-70.3431,-4.1394],[-70.3306,-4.1432],[-70.3111,-4.1709],[-70.3167,-4.247],[-70.2576,-4.2992],[-70.2313,-4.3037],[-70.2056,-4.3429],[-70.1573,-4.2702],[-70.1389,-4.2605],[-70.0966,-4.2657],[-70.0756,-4.3162],[-70.037,-4.3409],[-69.9894,-4.3146],[-69.9718,-4.291],[-69.4339,-1.4222],[-69.4211,-1.2386],[-69.3995,-1.1827],[-69.4482,-1.0921],[-69.4429,-1.0084],[-69.4931,-0.9562],[-69.5326,-0.9341],[-69.5373,-0.8895],[-69.5732,-0.8492],[-69.5727,-0.8135],[-69.6284,-0.7334],[-69.5842,-0.6446],[-69.6045,-0.6063],[-69.6198,-0.5246],[-69.6495,-0.492],[-69.7465,-0.453],[-69.8348,-0.3832],[-69.8581,-0.3414],[-69.9336,-0.3143],[-70.068,-0.1601],[-70.0542,0.5881],[-70.0394,0.5746],[-69.9992,0.5898],[-69.9529,0.5858],[-69.8053,0.6069],[-69.6947,0.6687],[-69.6192,0.6507],[-69.5941,0.6893],[-69.4781,0.7328],[-69.4397,0.7158],[-69.3626,0.6409],[-69.3021,0.6565],[-69.2971,0.6181],[-69.2262,0.6148],[-69.2006,0.6395],[-69.1623,0.6314],[-69.1375,0.6501],[-69.1521,0.6906],[-69.1923,0.7289],[-69.1678,0.756],[-69.1754,0.8444],[-69.1523,0.8543],[-69.1524,0.8678],[-69.21,0.9075],[-69.2043,0.9437],[-69.2262,0.9572],[-69.2328,0.9884],[-69.2888,1.0384],[-69.355,1.0671],[-69.4182,1.0286],[-69.4783,1.0607],[-69.543,1.0556],[-69.6199,1.0728],[-69.716,1.0586],[-69.7265,1.061],[-69.7281,1.083],[-69.7626,1.0911],[-69.8294,1.0572],[-69.8522,1.0594],[-69.8562,1.7077],[-69.8075,1.7074],[-69.7292,1.739],[-69.6491,1.7389],[-69.5803,1.7702],[-69.542,1.7727],[-69.3524,1.7202],[-68.1633,1.7213],[-68.1888,1.7358],[-68.1935,1.7637],[-68.239,1.7703],[-68.2483,1.8221],[-68.2802,1.8294],[-68.1922,2.0149],[-68.1771,1.9732],[-68.1111,1.9424],[-68.0318,1.7775],[-67.9982,1.75],[-67.9288,1.7413],[-67.8208,1.784],[-67.593,2.0548],[-67.5103,2.1074],[-67.4246,2.1381],[-67.3658,2.115],[-67.3406,2.0901],[-67.2648,1.9325],[-67.1557,1.7881],[-67.1172,1.7098],[-67.0736,1.5412],[-67.0982,1.2534],[-67.0861,1.176],[-66.8751,1.2225],[-66.4071,0.8021],[-66.3462,0.7594],[-66.2851,0.7458],[-66.2087,0.7631],[-66.1344,0.7311],[-66.0792,0.7776],[-65.9741,0.807],[-65.8918,0.8956],[-65.7454,0.9742],[-65.596,0.9836],[-65.5358,0.9285],[-65.517,0.8628],[-65.5332,0.8163],[-65.5873,0.7391],[-65.5852,0.6915],[-65.5605,0.656],[-65.5197,0.6509],[-65.4512,0.6901],[-65.4139,0.7416],[-65.4,0.8165],[-65.3272,0.9103],[-65.203,0.9238],[-65.179,0.9554],[-65.1602,1.0802],[-65.1368,1.1269],[-65.0225,1.14],[-65.0174,1.163],[-64.9665,1.2006],[-64.8974,1.2197],[-64.8393,1.2708],[-64.7713,1.2467],[-64.7309,1.2476],[-64.6042,1.3313],[-64.5512,1.4195],[-64.409,1.5075],[-64.3646,1.4971],[-64.3948,1.3922],[-64.3896,1.3693],[-64.3701,1.3587],[-64.3529,1.3658],[-64.3015,1.4467],[-64.1297,1.5781],[-64.093,1.6226],[-64.0725,1.6846],[-64.076,1.7454],[-64.0536,1.8937],[-64.0366,1.9273],[-63.9583,1.9707],[-63.7832,1.975],[-63.6175,2.1012],[-63.562,2.1264],[-63.5107,2.1246],[-63.4118,2.1494],[-63.3865,2.2359]]]}},{"type":"Feature","id":"Bahia","properties":{"id":"Bahia","iso_code":"BR-BA","name":"Bahia","name_full":"Bahia","name_ja":"バイーア州","center_lonlat":[-41.7046,-12.4746]},"geometry":{"type":"MultiPolygon","coordinates":[[[[-37.4828,-11.5183],[-37.4154,-11.5032],[-37.3608,-11.4548],[-37.4347,-11.5693],[-37.5092,-11.7238],[-37.5134,-11.7607],[-37.5458,-11.8044],[-37.6547,-12.0497],[-37.7176,-12.1364],[-37.7867,-12.2646],[-38.0509,-12.641],[-38.074,-12.6539],[-38.3204,-12.9352],[-38.4864,-13.0138],[-38.5327,-13.0165],[-38.5383,-13.004],[-38.5079,-12.9318],[-38.4862,-12.9159],[-38.4774,-12.9352],[-38.4912,-12.882],[-38.4757,-12.8517],[-38.5041,-12.8041],[-38.5089,-12.7229],[-38.5424,-12.7216],[-38.5743,-12.7018],[-38.6059,-12.7136],[-38.6262,-12.7024],[-38.6486,-12.6384],[-38.6946,-12.614],[-38.691,-12.5715],[-38.7158,-12.6051],[-38.7263,-12.6789],[-38.751,-12.7128],[-38.7381,-12.7366],[-38.7772,-12.8076],[-38.8066,-12.8351],[-38.8449,-12.8259],[-38.864,-12.7951],[-38.8827,-12.7221],[-38.8812,-12.7053],[-38.848,-12.6745],[-38.8617,-12.6541],[-38.8634,-12.6699],[-38.9237,-12.7366],[-38.8958,-12.7844],[-38.8685,-12.8049],[-38.854,-12.8513],[-38.8275,-12.867],[-38.7971,-12.8493],[-38.7837,-12.873],[-38.7523,-12.8644],[-38.7245,-12.8732],[-38.7508,-12.9128],[-38.7558,-12.9654],[-38.7869,-13.0081],[-38.895,-13.081],[-38.8898,-13.1184],[-38.807,-13.1438],[-38.9476,-13.2468],[-38.9709,-13.3256],[-38.9546,-13.3725],[-38.9647,-13.3803],[-38.9988,-13.3604],[-39.0398,-13.3666],[-39.0398,-13.3325],[-39.0625,-13.4],[-39.0603,-13.4703],[-39.086,-13.5141],[-39.0842,-13.5788],[-39.0914,-13.5937],[-39.1155,-13.5994],[-39.0867,-13.6039],[-39.0774,-13.59],[-39.0808,-13.5411],[-39.0597,-13.4948],[-39.0377,-13.4846],[-39.0118,-13.497],[-38.993,-13.5411],[-39.0057,-13.5618],[-39.0019,-13.5881],[-38.9678,-13.674],[-38.992,-13.7331],[-38.9942,-13.7946],[-38.98,-13.8359],[-39.0017,-13.8377],[-39.0299,-13.8154],[-39.0536,-13.7609],[-39.087,-13.7411],[-39.0916,-13.7127],[-39.1326,-13.7092],[-39.1488,-13.7369],[-39.144,-13.7443],[-39.1155,-13.7236],[-39.1155,-13.7576],[-39.0716,-13.7796],[-39.0321,-13.8406],[-38.9977,-13.8517],[-38.9945,-13.8635],[-39.0088,-13.8805],[-39.0671,-13.8674],[-39.0745,-13.8942],[-39.0637,-13.9358],[-39.0216,-13.9557],[-38.9967,-13.9856],[-38.9957,-14.0292],[-38.9796,-14.0611],[-38.9886,-14.0729],[-39.0279,-14.0783],[-39.0541,-14.0593],[-39.071,-14.0763],[-39.0603,-14.0997],[-39.0745,-14.1406],[-39.0398,-14.1754],[-39.0634,-14.11],[-38.9573,-14.0661],[-38.9714,-13.9863],[-38.953,-13.977],[-38.9529,-13.9626],[-38.9783,-13.9494],[-38.9709,-13.9358],[-38.9875,-13.9399],[-38.99,-13.9308],[-38.9639,-13.8971],[-38.9357,-13.8889],[-38.9299,-13.8976],[-38.9237,-14.0041],[-38.9709,-14.1816],[-38.9892,-14.2123],[-38.9852,-14.3126],[-39.005,-14.3469],[-39.0057,-14.415],[-39.0261,-14.4633],[-39.0671,-14.675],[-39.0509,-14.7658],[-39.0336,-14.7922],[-39.0541,-14.8122],[-39.0227,-14.8159],[-39.0018,-15.232],[-38.9239,-15.7156],[-38.8617,-15.8543],[-38.8905,-15.9044],[-38.9442,-16.0666],[-38.9573,-16.1833],[-39.0054,-16.2751],[-39.0069,-16.3593],[-39.0541,-16.4365],[-39.0923,-16.6578],[-39.136,-16.8002],[-39.1216,-16.892],[-39.1496,-16.9505],[-39.1688,-17.0759],[-39.2086,-17.1622],[-39.2174,-17.2951],[-39.2091,-17.3821],[-39.1863,-17.4521],[-39.1884,-17.5784],[-39.1371,-17.6796],[-39.1496,-17.7107],[-39.2589,-17.8207],[-39.2751,-17.8669],[-39.3142,-17.8903],[-39.4178,-17.921],[-39.4991,-18.0056],[-39.625,-18.1926],[-39.6726,-18.3232],[-40.1845,-18.0093],[-40.2068,-17.9785],[-40.2293,-17.9174],[-40.187,-17.8374],[-40.207,-17.7658],[-40.2932,-17.7103],[-40.3209,-17.6661],[-40.3759,-17.6304],[-40.4067,-17.5625],[-40.4879,-17.5541],[-40.4962,-17.5194],[-40.4819,-17.4428],[-40.4976,-17.4188],[-40.5272,-17.4311],[-40.5384,-17.4188],[-40.517,-17.3643],[-40.5572,-17.3722],[-40.5767,-17.409],[-40.6096,-17.3917],[-40.601,-17.3017],[-40.5632,-17.2618],[-40.5738,-17.1216],[-40.5208,-16.9209],[-40.4756,-16.8688],[-40.4081,-16.8846],[-40.3094,-16.8818],[-40.2469,-16.8397],[-40.2469,-16.8101],[-40.2831,-16.7491],[-40.2657,-16.5809],[-40.1961,-16.5446],[-40.1374,-16.5443],[-40.1333,-16.5022],[-40.0572,-16.395],[-39.9406,-16.3132],[-39.9194,-16.2713],[-39.9092,-16.2012],[-39.8613,-16.1356],[-39.8846,-16.0686],[-39.935,-16.0011],[-40.0047,-15.9938],[-40.039,-15.9745],[-40.061,-15.9381],[-40.1027,-15.9069],[-40.131,-15.8925],[-40.1702,-15.8967],[-40.1762,-15.8721],[-40.2081,-15.8586],[-40.2185,-15.8231],[-40.3541,-15.8204],[-40.4748,-15.7742],[-40.5448,-15.7986],[-40.5836,-15.751],[-40.651,-15.7187],[-40.7501,-15.7425],[-40.8131,-15.6872],[-40.8921,-15.6965],[-40.9449,-15.6735],[-40.9839,-15.6899],[-41.0299,-15.7345],[-41.14,-15.7786],[-41.2944,-15.7374],[-41.3225,-15.742],[-41.3606,-15.4952],[-41.8014,-15.1096],[-41.8553,-15.1223],[-41.9447,-15.1728],[-41.9965,-15.1666],[-42.0873,-15.1818],[-42.1656,-15.1084],[-42.2095,-15.1187],[-42.2856,-15.0989],[-42.4296,-15.0325],[-42.5692,-14.934],[-42.6486,-14.9323],[-42.8909,-14.7495],[-42.953,-14.6795],[-43.1596,-14.6349],[-43.2226,-14.636],[-43.2815,-14.653],[-43.3858,-14.7012],[-43.4425,-14.775],[-43.4924,-14.7886],[-43.7064,-14.7364],[-43.7376,-14.7107],[-43.835,-14.6906],[-43.8665,-14.6596],[-43.8654,-14.604],[-43.8828,-14.5617],[-43.838,-14.4256],[-43.7916,-14.3444],[-43.8305,-14.318],[-43.8934,-14.3026],[-43.9476,-14.3044],[-44.0021,-14.2734],[-44.0355,-14.2867],[-44.0984,-14.2698],[-44.1242,-14.2784],[-44.1678,-14.2696],[-44.218,-14.2389],[-44.243,-14.2576],[-44.3208,-14.2457],[-44.3606,-14.2732],[-44.5628,-14.3455],[-44.8363,-14.519],[-44.8592,-14.5786],[-44.8817,-14.5983],[-45.1021,-14.719],[-45.2243,-14.7404],[-45.3205,-14.8558],[-45.3578,-14.8694],[-45.4061,-14.9114],[-45.4619,-14.9399],[-45.5583,-14.9388],[-45.6059,-15.0065],[-45.6558,-15.0425],[-45.6791,-15.0938],[-45.7471,-15.1442],[-45.9259,-15.127],[-45.9691,-15.1884],[-46.0734,-15.2472],[-46.0821,-15.2222],[-45.9748,-14.9982],[-46.0048,-14.9425],[-46.023,-14.8688],[-45.915,-14.709],[-45.9266,-14.6197],[-45.966,-14.5137],[-45.9631,-14.4676],[-45.9362,-14.4177],[-45.9205,-14.3508],[-46.0039,-14.3062],[-46.0582,-14.2306],[-46.1256,-14.1889],[-46.1702,-14.0729],[-46.223,-13.9977],[-46.2597,-13.8686],[-46.2751,-13.7502],[-46.2711,-13.6511],[-46.1965,-13.4186],[-46.0803,-13.3276],[-46.0793,-13.2547],[-46.1755,-13.216],[-46.1796,-13.1589],[-46.1567,-13.0361],[-46.0722,-12.9757],[-46.0617,-12.9525],[-46.0872,-12.9163],[-46.2067,-12.8326],[-46.2335,-12.7966],[-46.2455,-12.7621],[-46.2402,-12.7274],[-46.1572,-12.595],[-46.1596,-12.503],[-46.1902,-12.4739],[-46.2646,-12.4555],[-46.3171,-12.4236],[-46.3452,-12.342],[-46.3391,-12.1302],[-46.3278,-12.0955],[-46.2568,-12.0561],[-46.2101,-11.9971],[-46.1359,-11.9694],[-46.0712,-11.921],[-46.0925,-11.876],[-46.1368,-11.8436],[-46.181,-11.8314],[-46.2607,-11.8412],[-46.2755,-11.7756],[-46.2531,-11.7311],[-46.1048,-11.6661],[-46.0852,-11.601],[-46.1908,-11.5448],[-46.4417,-11.4951],[-46.4642,-11.4753],[-46.4974,-11.4078],[-46.5526,-11.3773],[-46.5707,-11.3161],[-46.5307,-11.2347],[-46.4637,-11.1793],[-46.3703,-10.9698],[-46.2319,-10.8985],[-46.2742,-10.8084],[-46.3076,-10.7909],[-46.3024,-10.7583],[-46.0888,-10.5857],[-46.0386,-10.5716],[-45.8431,-10.4579],[-45.8083,-10.4208],[-45.7843,-10.346],[-45.7577,-10.3308],[-45.6034,-10.3316],[-45.516,-10.4147],[-45.4711,-10.4864],[-45.4417,-10.6141],[-45.3216,-10.7787],[-45.0583,-10.8957],[-44.946,-10.8631],[-44.8129,-10.8759],[-44.7837,-10.8568],[-44.7428,-10.7718],[-44.6512,-10.7385],[-44.6224,-10.6904],[-44.5798,-10.6711],[-44.543,-10.6315],[-44.4065,-10.5894],[-44.3107,-10.6001],[-44.2173,-10.6296],[-44.119,-10.589],[-43.9832,-10.447],[-43.9386,-10.4472],[-43.9146,-10.4305],[-43.9043,-10.3795],[-43.8712,-10.3554],[-43.8027,-10.204],[-43.7598,-10.1672],[-43.7548,-10.1108],[-43.707,-10.0503],[-43.6985,-10.0054],[-43.7125,-9.9424],[-43.6793,-9.8512],[-43.688,-9.7815],[-43.7338,-9.7373],[-43.7795,-9.5681],[-43.83,-9.5005],[-43.8355,-9.48],[-43.8211,-9.4325],[-43.6958,-9.446],[-43.6582,-9.3648],[-43.626,-9.341],[-43.5174,-9.3598],[-43.4816,-9.3143],[-43.4566,-9.303],[-43.4056,-9.3431],[-43.3796,-9.4126],[-43.3624,-9.4278],[-43.3367,-9.4299],[-43.2933,-9.4057],[-43.2157,-9.4066],[-43.1851,-9.4188],[-43.1666,-9.3883],[-43.1135,-9.3743],[-43.0393,-9.3973],[-43.0222,-9.4379],[-42.9851,-9.4338],[-42.9369,-9.4505],[-42.9351,-9.5119],[-42.8505,-9.5489],[-42.8108,-9.53],[-42.7237,-9.5235],[-42.6727,-9.5325],[-42.6224,-9.5658],[-42.5843,-9.4887],[-42.4862,-9.499],[-42.4316,-9.409],[-42.3677,-9.3778],[-42.3468,-9.336],[-42.3189,-9.3119],[-42.2647,-9.3177],[-42.1496,-9.2951],[-42.0996,-9.2693],[-42.0426,-9.2078],[-42.0166,-9.2215],[-41.9934,-9.2093],[-41.9517,-9.2227],[-41.9171,-9.2116],[-41.8928,-9.2222],[-41.8773,-9.2494],[-41.8501,-9.2526],[-41.7963,-9.1744],[-41.7337,-9.1387],[-41.7425,-8.9886],[-41.614,-8.9635],[-41.5572,-8.9726],[-41.5,-8.9355],[-41.4692,-8.8651],[-41.4036,-8.7921],[-41.3708,-8.7119],[-41.2969,-8.7381],[-41.2159,-8.7142],[-41.1218,-8.7129],[-41.1001,-8.7272],[-41.1029,-8.7679],[-41.0898,-8.7849],[-40.997,-8.7749],[-40.9706,-8.8271],[-40.9429,-8.8372],[-40.925,-8.8259],[-40.8986,-8.8445],[-40.8871,-8.8685],[-40.8952,-9.0248],[-40.8575,-9.0825],[-40.8531,-9.1518],[-40.7036,-9.2219],[-40.6902,-9.3443],[-40.7583,-9.4531],[-40.7186,-9.4475],[-40.6333,-9.4879],[-40.5536,-9.4641],[-40.5282,-9.4183],[-40.4501,-9.3955],[-40.4244,-9.3641],[-40.4067,-9.3575],[-40.3654,-9.3718],[-40.3347,-9.3607],[-40.273,-9.104],[-40.2498,-9.0709],[-40.2115,-9.0633],[-40.1569,-9.0975],[-40.1139,-9.1034],[-40.0539,-9.0633],[-39.9685,-9.0429],[-39.8892,-8.9592],[-39.8762,-8.9095],[-39.8983,-8.8488],[-39.883,-8.8179],[-39.69,-8.7824],[-39.6777,-8.7443],[-39.6908,-8.6586],[-39.6802,-8.6497],[-39.6054,-8.6418],[-39.3822,-8.5286],[-39.288,-8.5606],[-39.2212,-8.6774],[-39.1722,-8.6822],[-39.1453,-8.7045],[-39.0287,-8.7332],[-38.9865,-8.7597],[-38.9677,-8.7894],[-38.8553,-8.7685],[-38.7974,-8.7857],[-38.7653,-8.8163],[-38.7061,-8.8412],[-38.6446,-8.9769],[-38.6083,-8.9707],[-38.5896,-8.8586],[-38.5639,-8.8292],[-38.5278,-8.8192],[-38.4848,-8.8368],[-38.4654,-8.8641],[-38.4719,-8.8912],[-38.5121,-8.9466],[-38.4812,-9.0003],[-38.4097,-9.034],[-38.3817,-9.0292],[-38.3205,-8.9877],[-38.2874,-9.0135],[-38.293,-9.0491],[-38.3146,-9.0754],[-38.3141,-9.1316],[-38.2855,-9.176],[-38.2352,-9.3304],[-38.1899,-9.4196],[-38.0212,-9.4728],[-37.9971,-9.5268],[-38.0156,-9.5414],[-38.0451,-9.6059],[-38.0408,-9.6269],[-37.9924,-9.6482],[-38.03,-9.7265],[-38.0251,-9.7476],[-37.9639,-9.8736],[-37.902,-9.912],[-37.899,-9.9501],[-37.8217,-10.0224],[-37.7753,-10.0994],[-37.7839,-10.305],[-37.8362,-10.4229],[-37.8147,-10.4871],[-37.824,-10.5701],[-37.7927,-10.5996],[-37.7824,-10.6276],[-37.8157,-10.6779],[-37.9963,-10.7599],[-38.0873,-10.7106],[-38.1556,-10.7053],[-38.1912,-10.7159],[-38.2419,-10.8228],[-38.2436,-10.8722],[-38.1879,-10.9417],[-38.1768,-10.98],[-38.1094,-11.0281],[-38.0629,-11.1674],[-38.0025,-11.198],[-37.9866,-11.2193],[-37.9801,-11.2507],[-38.006,-11.3574],[-37.9893,-11.3847],[-37.9214,-11.4148],[-37.8935,-11.4093],[-37.8492,-11.4409],[-37.7959,-11.5237],[-37.6805,-11.5689],[-37.6595,-11.5591],[-37.6341,-11.5216],[-37.5728,-11.5403],[-37.4828,-11.5183]]],[[[-38.9442,-13.3946],[-38.9062,-13.3888],[-38.8994,-13.4714],[-38.9163,-13.484],[-38.9095,-13.4952],[-38.9344,-13.5562],[-38.8933,-13.6393],[-38.902,-13.6718],[-38.9203,-13.6555],[-38.9495,-13.658],[-38.9791,-13.5997],[-38.9855,-13.5734],[-38.9678,-13.4983],[-39.0459,-13.4582],[-39.0336,-13.4423],[-39.0426,-13.4239],[-39.0326,-13.3925],[-38.9442,-13.3946]]],[[[-38.6146,-12.925],[-38.5875,-12.9869],[-38.6424,-13.0138],[-38.7865,-13.1339],[-38.7912,-13.0584],[-38.6693,-12.9618],[-38.6833,-12.95],[-38.6767,-12.9352],[-38.6693,-12.9421],[-38.6706,-12.925],[-38.6971,-12.8805],[-38.6835,-12.8732],[-38.6408,-12.8928],[-38.6146,-12.925]]]]}},{"type":"Feature","id":"Ceara","properties":{"id":"Ceara","iso_code":"BR-CE","name":"Ceara","name_full":"Ceará","name_ja":"セアラー州","center_lonlat":[-39.6255,-5.0987]},"geometry":{"type":"Polygon","coordinates":[[[-41.2481,-3.0121],[-41.2401,-2.9881],[-41.264,-2.9284],[-41.2873,-2.903],[-41.3153,-2.903],[-41.2569,-2.8752],[-41.1378,-2.8858],[-41.0825,-2.9167],[-41.103,-2.8752],[-40.9,-2.8752],[-40.849,-2.8593],[-40.8286,-2.8825],[-40.7529,-2.841],[-40.5816,-2.8273],[-40.4996,-2.7863],[-40.4031,-2.8059],[-40.1881,-2.8205],[-40.1434,-2.8484],[-40.1209,-2.8284],[-40.0506,-2.8484],[-39.9857,-2.8484],[-39.8609,-2.9157],[-39.8075,-2.9675],[-39.743,-3.0037],[-39.7259,-3.0224],[-39.7318,-3.0322],[-39.7046,-3.0396],[-39.712,-3.026],[-39.6979,-3.0172],[-39.6189,-3.0396],[-39.5711,-3.0909],[-39.4855,-3.1458],[-39.3967,-3.1835],[-39.3583,-3.1835],[-39.2726,-3.232],[-39.1653,-3.3228],[-39.1155,-3.3344],[-39.0806,-3.377],[-38.9852,-3.3959],[-38.9427,-3.4446],[-38.9163,-3.5051],[-38.8972,-3.5003],[-38.8555,-3.533],[-38.8075,-3.5473],[-38.7631,-3.5982],[-38.6944,-3.6367],[-38.6597,-3.6764],[-38.5262,-3.718],[-38.4944,-3.7213],[-38.4774,-3.6974],[-38.4098,-3.7931],[-38.378,-3.8697],[-38.3208,-3.9228],[-38.2513,-3.9618],[-38.1067,-4.1579],[-38.0296,-4.2374],[-37.8542,-4.3759],[-37.7686,-4.3964],[-37.7108,-4.5154],[-37.6072,-4.6081],[-37.5373,-4.6381],[-37.5138,-4.6238],[-37.488,-4.63],[-37.2926,-4.718],[-37.2364,-4.8299],[-37.5831,-4.9497],[-37.7213,-5.0629],[-37.9152,-5.4635],[-38.0475,-5.614],[-38.0821,-5.705],[-38.078,-5.7606],[-38.1218,-5.8249],[-38.139,-5.8947],[-38.2997,-6.0742],[-38.3678,-6.0933],[-38.425,-6.0622],[-38.4567,-6.0827],[-38.4934,-6.1264],[-38.5133,-6.1818],[-38.5388,-6.1957],[-38.5498,-6.2377],[-38.5802,-6.2617],[-38.5883,-6.3587],[-38.6067,-6.3967],[-38.5795,-6.4051],[-38.5258,-6.3816],[-38.5353,-6.4203],[-38.579,-6.4791],[-38.6456,-6.6754],[-38.6477,-6.7047],[-38.6187,-6.7584],[-38.6227,-6.779],[-38.6607,-6.8472],[-38.7275,-6.8903],[-38.7402,-6.914],[-38.7393,-6.9893],[-38.6918,-7.0216],[-38.6748,-7.0597],[-38.6765,-7.1575],[-38.6597,-7.1749],[-38.6274,-7.1816],[-38.6012,-7.2235],[-38.5494,-7.2357],[-38.5307,-7.3065],[-38.5847,-7.426],[-38.6315,-7.4576],[-38.63,-7.5183],[-38.7008,-7.5915],[-38.6971,-7.6202],[-38.7274,-7.6299],[-38.7531,-7.6592],[-38.8188,-7.6661],[-38.8399,-7.7161],[-38.8685,-7.7069],[-38.968,-7.8479],[-38.9792,-7.8502],[-38.9982,-7.8211],[-39.0735,-7.854],[-39.1151,-7.7451],[-39.2631,-7.6702],[-39.3082,-7.6232],[-39.3453,-7.5511],[-39.5294,-7.4783],[-39.6542,-7.3733],[-39.8475,-7.3491],[-39.9295,-7.3561],[-40.0636,-7.4074],[-40.1509,-7.4179],[-40.2735,-7.392],[-40.5377,-7.3902],[-40.5343,-7.3144],[-40.5779,-7.2307],[-40.5811,-7.1953],[-40.5108,-7.0046],[-40.4326,-6.8938],[-40.4139,-6.8179],[-40.468,-6.7398],[-40.6165,-6.709],[-40.71,-6.6612],[-40.7208,-6.6397],[-40.7194,-6.5725],[-40.7821,-6.4675],[-40.7976,-6.3937],[-40.7938,-6.2813],[-40.8911,-6.0112],[-40.8771,-5.9639],[-40.9213,-5.7114],[-40.9152,-5.6165],[-40.9418,-5.4307],[-41.0242,-5.3657],[-41.0703,-5.3071],[-41.0598,-5.1688],[-41.1164,-5.0641],[-41.1227,-5.0076],[-41.1813,-4.9385],[-41.1813,-4.8128],[-41.2274,-4.7248],[-41.2274,-4.6536],[-41.2441,-4.6159],[-41.2253,-4.5175],[-41.196,-4.4714],[-41.1206,-4.4044],[-41.0736,-4.3263],[-41.087,-4.2578],[-41.1205,-4.1769],[-41.1813,-4.1258],[-41.2295,-4.0441],[-41.2839,-3.8096],[-41.3552,-3.709],[-41.3872,-3.5783],[-41.4494,-3.4368],[-41.4264,-3.3195],[-41.379,-3.2695],[-41.2555,-3.0771],[-41.2481,-3.0121]]]}},{"type":"Feature","id":"Espirito Santo","properties":{"id":"Espirito Santo","iso_code":"BR-ES","name":"Espirito Santo","name_full":"Espírito Santo","name_ja":"エスピリトサント州","center_lonlat":[-40.6666,-19.5679]},"geometry":{"type":"MultiPolygon","coordinates":[[[[-39.6726,-18.3232],[-39.7247,-18.5187],[-39.7449,-18.6817],[-39.7411,-18.9021],[-39.6981,-19.2399],[-39.7014,-19.3762],[-39.7862,-19.602],[-39.8349,-19.6572],[-39.951,-19.7052],[-40.0268,-19.7644],[-40.0974,-19.9306],[-40.1571,-19.9589],[-40.1344,-19.9589],[-40.132,-19.9719],[-40.1465,-20.023],[-40.1786,-20.0434],[-40.1659,-20.1059],[-40.191,-20.1899],[-40.2328,-20.2668],[-40.2444,-20.2775],[-40.2662,-20.2605],[-40.2867,-20.281],[-40.2981,-20.2737],[-40.3004,-20.2327],[-40.3693,-20.2327],[-40.3509,-20.2565],[-40.3761,-20.2668],[-40.3619,-20.281],[-40.366,-20.3232],[-40.3239,-20.3248],[-40.3254,-20.3375],[-40.2825,-20.3142],[-40.2595,-20.3215],[-40.3025,-20.3709],[-40.3487,-20.5001],[-40.4183,-20.6153],[-40.4332,-20.6287],[-40.4513,-20.6169],[-40.4753,-20.6378],[-40.5245,-20.7158],[-40.5652,-20.753],[-40.5834,-20.802],[-40.6094,-20.8073],[-40.6284,-20.8392],[-40.6416,-20.8082],[-40.6521,-20.808],[-40.7585,-20.8642],[-40.8011,-20.931],[-40.8146,-21.0366],[-40.9223,-21.1905],[-40.9651,-21.274],[-40.9947,-21.244],[-41.0679,-21.2141],[-41.2549,-21.2339],[-41.3619,-21.1911],[-41.3994,-21.1889],[-41.4328,-21.2028],[-41.4987,-21.1705],[-41.5663,-21.166],[-41.6853,-21.1079],[-41.7114,-21.1112],[-41.7286,-21.0443],[-41.7132,-20.9823],[-41.7291,-20.9295],[-41.719,-20.874],[-41.7404,-20.8565],[-41.7417,-20.8218],[-41.8644,-20.7769],[-41.8819,-20.7569],[-41.8089,-20.6392],[-41.818,-20.6272],[-41.8538,-20.6278],[-41.8178,-20.5506],[-41.796,-20.5308],[-41.8078,-20.4733],[-41.7963,-20.4269],[-41.8399,-20.4012],[-41.8546,-20.3678],[-41.8502,-20.3419],[-41.777,-20.2881],[-41.7532,-20.2304],[-41.7286,-20.2093],[-41.4055,-20.2129],[-41.3703,-20.1912],[-41.3433,-20.1311],[-41.305,-19.9536],[-41.278,-19.9217],[-41.2341,-19.9119],[-41.1853,-19.8651],[-41.1568,-19.6605],[-41.037,-19.5627],[-41.0296,-19.5471],[-41.0455,-19.4912],[-40.9974,-19.5033],[-40.958,-19.466],[-40.9598,-19.4285],[-40.9328,-19.3615],[-40.9259,-19.2957],[-40.9403,-19.268],[-40.9334,-19.2076],[-40.9453,-19.1408],[-41.0176,-19.0637],[-41.0515,-19.0465],[-41.0265,-18.9812],[-41.0535,-18.9602],[-41.0533,-18.9304],[-41.1046,-18.8888],[-41.1294,-18.888],[-41.1651,-18.9074],[-41.2035,-18.8899],[-41.2398,-18.8431],[-41.2167,-18.815],[-41.1702,-18.8064],[-41.1109,-18.808],[-41.0908,-18.8294],[-40.9591,-18.8227],[-40.9319,-18.8074],[-40.9179,-18.7799],[-40.934,-18.6794],[-41.0139,-18.6649],[-41.0276,-18.6503],[-41.003,-18.4664],[-41.0089,-18.4248],[-41.0894,-18.3558],[-41.1196,-18.3848],[-41.1485,-18.389],[-41.1305,-18.351],[-41.1388,-18.2836],[-41.1132,-18.2667],[-41.0589,-18.1788],[-41.0155,-18.1752],[-40.9322,-18.106],[-40.9013,-18.1055],[-40.8386,-18.15],[-40.7693,-18.1456],[-40.7772,-18.0936],[-40.9111,-17.9718],[-40.9108,-17.9487],[-40.8802,-17.9654],[-40.8262,-17.9591],[-40.7918,-17.9735],[-40.7262,-17.9442],[-40.6662,-17.9565],[-40.5829,-17.9136],[-40.5259,-17.8996],[-40.4663,-17.93],[-40.4507,-17.9206],[-40.4535,-17.8911],[-40.4411,-17.8743],[-40.4231,-17.8968],[-40.3311,-17.9227],[-40.3084,-17.9426],[-40.2655,-17.9452],[-40.2068,-17.9785],[-40.1845,-18.0093],[-39.6726,-18.3232]]],[[[-29.3382,-20.5842],[-29.3443,-20.551],[-29.3169,-20.5688],[-29.3382,-20.5842]]]]}},{"type":"Feature","id":"Federal","properties":{"id":"Federal","iso_code":"BR-DF","name":"Federal","name_full":"Federal","name_ja":"ブラジリア連邦直轄区","center_lonlat":[-47.7868,-15.7692]},"geometry":{"type":"Polygon","coordinates":[[[-47.3025,-16.0401],[-48.252,-16.0315],[-48.234,-15.9573],[-48.2613,-15.9294],[-48.2772,-15.8295],[-48.231,-15.7964],[-48.2026,-15.735],[-48.2398,-15.6927],[-48.2338,-15.6503],[-48.2104,-15.6181],[-48.1912,-15.503],[-48.1794,-15.4899],[-47.423,-15.4983],[-47.4085,-15.5404],[-47.3059,-15.5947],[-47.3178,-15.6653],[-47.3073,-15.7102],[-47.3141,-15.7565],[-47.3546,-15.8539],[-47.3591,-15.9753],[-47.3488,-15.9999],[-47.3025,-16.0401]]]}},{"type":"Feature","id":"Goias","properties":{"id":"Goias","iso_code":"BR-GO","name":"Goias","name_full":"Goiás","name_ja":"ゴイアス州","center_lonlat":[-49.6045,-16.0256]},"geometry":{"type":"Polygon","coordinates":[[[-46.2335,-12.7966],[-46.2067,-12.8326],[-46.0872,-12.9163],[-46.0617,-12.9525],[-46.0722,-12.9757],[-46.1567,-13.0361],[-46.1796,-13.1589],[-46.1755,-13.216],[-46.0793,-13.2547],[-46.0803,-13.3276],[-46.1965,-13.4186],[-46.2711,-13.6511],[-46.2751,-13.7502],[-46.2597,-13.8686],[-46.223,-13.9977],[-46.1702,-14.0729],[-46.1256,-14.1889],[-46.0582,-14.2306],[-46.0039,-14.3062],[-45.9205,-14.3508],[-45.9362,-14.4177],[-45.9631,-14.4676],[-45.966,-14.5137],[-45.9266,-14.6197],[-45.915,-14.709],[-46.023,-14.8688],[-46.0518,-14.8834],[-46.0953,-14.9325],[-46.1253,-14.9251],[-46.192,-14.9354],[-46.2212,-14.9155],[-46.2882,-14.9125],[-46.3245,-14.8354],[-46.3705,-14.7846],[-46.511,-14.7116],[-46.582,-14.8013],[-46.5573,-14.8639],[-46.5779,-14.9162],[-46.5564,-14.9488],[-46.5462,-15.0284],[-46.5668,-15.0565],[-46.6157,-15.0767],[-46.7688,-15.0095],[-46.8335,-15.0129],[-46.8789,-15.0338],[-46.8943,-15.0587],[-46.9299,-15.2286],[-46.9286,-15.241],[-46.8847,-15.2422],[-46.8548,-15.3238],[-46.9366,-15.4318],[-46.9285,-15.5505],[-46.8679,-15.5907],[-46.8369,-15.768],[-46.8358,-15.8644],[-46.9124,-15.8994],[-47.0318,-15.9147],[-47.0781,-15.9376],[-47.1293,-15.9213],[-47.1679,-15.9818],[-47.2193,-16.0295],[-47.2702,-16.0271],[-47.3025,-16.0401],[-47.3488,-15.9999],[-47.3591,-15.9753],[-47.3546,-15.8539],[-47.3141,-15.7565],[-47.3073,-15.7102],[-47.3178,-15.6653],[-47.3059,-15.5947],[-47.4085,-15.5404],[-47.423,-15.4983],[-48.1794,-15.4899],[-48.1912,-15.503],[-48.2104,-15.6181],[-48.2338,-15.6503],[-48.2398,-15.6927],[-48.2026,-15.735],[-48.231,-15.7964],[-48.2772,-15.8295],[-48.2613,-15.9294],[-48.234,-15.9573],[-48.252,-16.0315],[-47.3025,-16.0401],[-47.3377,-16.1469],[-47.3265,-16.2476],[-47.3911,-16.3721],[-47.4332,-16.4104],[-47.4534,-16.4994],[-47.4041,-16.569],[-47.3475,-16.593],[-47.2665,-16.6618],[-47.1612,-16.9198],[-47.1512,-16.9775],[-47.1655,-16.9912],[-47.1961,-16.9876],[-47.2231,-17.012],[-47.232,-17.0337],[-47.2105,-17.0757],[-47.2592,-17.1],[-47.2827,-17.1411],[-47.3084,-17.1409],[-47.3336,-17.1577],[-47.3521,-17.2089],[-47.3799,-17.2397],[-47.3968,-17.2382],[-47.4217,-17.2716],[-47.4174,-17.2982],[-47.4408,-17.3253],[-47.4379,-17.3398],[-47.4535,-17.3458],[-47.5001,-17.3298],[-47.5256,-17.3896],[-47.5305,-17.4549],[-47.4734,-17.5275],[-47.3987,-17.4999],[-47.3052,-17.5354],[-47.2714,-17.581],[-47.2679,-17.6651],[-47.3226,-17.7333],[-47.3559,-17.8308],[-47.2777,-18.0599],[-47.3365,-18.0846],[-47.4263,-18.1623],[-47.5763,-18.2239],[-47.6502,-18.3211],[-47.9152,-18.4528],[-48.0193,-18.4329],[-48.0573,-18.4054],[-48.1214,-18.4107],[-48.1697,-18.3798],[-48.2595,-18.3491],[-48.6142,-18.3408],[-48.818,-18.352],[-48.9523,-18.3263],[-49.0181,-18.366],[-49.1559,-18.4215],[-49.3769,-18.6314],[-49.4047,-18.6225],[-49.4559,-18.5678],[-49.4839,-18.504],[-49.5135,-18.496],[-49.5549,-18.5298],[-49.7978,-18.6228],[-50.0171,-18.6169],[-50.112,-18.6632],[-50.2977,-18.7002],[-50.3235,-18.7146],[-50.4513,-18.8831],[-50.5021,-18.9306],[-50.4868,-19.0145],[-50.4961,-19.0453],[-50.5454,-19.1092],[-50.5868,-19.1238],[-50.6538,-19.1103],[-50.6738,-19.1215],[-50.7466,-19.1826],[-50.76,-19.2243],[-50.844,-19.2948],[-50.8812,-19.4109],[-50.8393,-19.463],[-50.8709,-19.4859],[-50.938,-19.4542],[-50.9612,-19.4735],[-51.0343,-19.3683],[-51.1131,-19.293],[-51.2954,-19.2597],[-51.4299,-19.1577],[-51.6319,-19.1318],[-51.8421,-19.0481],[-51.913,-18.9883],[-52.0598,-18.9447],[-52.0985,-18.896],[-52.2314,-18.8213],[-52.3557,-18.8099],[-52.4827,-18.7074],[-52.6156,-18.7226],[-52.7597,-18.7103],[-52.8963,-18.6648],[-52.8566,-18.5567],[-52.7783,-18.4492],[-52.769,-18.4118],[-52.7834,-18.3916],[-52.8944,-18.3477],[-52.925,-18.3511],[-52.9876,-18.3879],[-53.0335,-18.3574],[-53.0567,-18.2931],[-53.0409,-18.0956],[-53.0538,-18.0166],[-53.144,-17.7878],[-53.231,-17.6521],[-53.2448,-17.5924],[-53.2112,-17.4091],[-53.1896,-17.3626],[-53.2033,-17.282],[-53.1587,-17.2245],[-53.1355,-17.1633],[-53.0377,-17.0376],[-53.0399,-16.9814],[-53.0138,-16.8849],[-53.0194,-16.8679],[-52.9635,-16.819],[-52.8093,-16.7454],[-52.7122,-16.6506],[-52.6965,-16.5889],[-52.6324,-16.5289],[-52.6155,-16.4261],[-52.6763,-16.3828],[-52.6749,-16.3007],[-52.6448,-16.2753],[-52.5393,-16.2334],[-52.5325,-16.1521],[-52.4487,-16.1106],[-52.4304,-16.0827],[-52.3342,-16.0461],[-52.3068,-15.9864],[-52.2306,-15.8987],[-52.0299,-15.8684],[-51.9742,-15.823],[-51.9668,-15.8007],[-51.8983,-15.8116],[-51.8716,-15.7925],[-51.7739,-15.6106],[-51.7929,-15.539],[-51.7855,-15.5253],[-51.7629,-15.5384],[-51.7485,-15.53],[-51.7115,-15.4742],[-51.6756,-15.3676],[-51.6756,-15.2885],[-51.6489,-15.2646],[-51.6574,-15.2097],[-51.6396,-15.1793],[-51.5757,-15.1401],[-51.5137,-15.0627],[-51.4534,-15.0353],[-51.412,-14.9954],[-51.3507,-14.9814],[-51.32,-14.9561],[-51.2975,-15.0104],[-51.2552,-15.0154],[-51.176,-14.9767],[-51.1518,-14.9538],[-51.1381,-14.9121],[-51.1003,-14.8879],[-51.0927,-14.8224],[-51.0686,-14.8045],[-51.0661,-14.7439],[-51.0388,-14.6582],[-51.01,-14.6284],[-50.9699,-14.5185],[-50.9977,-14.3995],[-50.9596,-14.2358],[-50.9195,-14.1553],[-50.9249,-14.1216],[-50.8682,-14.1105],[-50.8458,-14.0841],[-50.8648,-13.963],[-50.8449,-13.8681],[-50.8664,-13.7161],[-50.7958,-13.6759],[-50.7552,-13.5337],[-50.669,-13.4372],[-50.6551,-13.3803],[-50.6146,-13.3299],[-50.5743,-13.2466],[-50.574,-13.1226],[-50.5879,-13.0786],[-50.5504,-13.05],[-50.5594,-13.0102],[-50.4985,-12.9585],[-50.4783,-12.8791],[-50.484,-12.8448],[-50.4655,-12.8066],[-50.4465,-12.7004],[-50.419,-12.6777],[-50.4071,-12.6287],[-50.3601,-12.5712],[-50.3512,-12.5424],[-50.2794,-12.4816],[-50.1503,-12.3999],[-50.1262,-12.4267],[-50.1264,-12.4565],[-50.2009,-12.5519],[-50.2006,-12.6546],[-50.2725,-12.7731],[-50.2697,-12.8933],[-50.2582,-12.9205],[-50.0518,-13.0209],[-49.9822,-13.0213],[-49.9119,-13.0716],[-49.6845,-13.1758],[-49.5649,-13.1883],[-49.3975,-13.2502],[-49.3731,-13.2323],[-49.3577,-13.1346],[-49.2965,-13.0028],[-49.1378,-12.7349],[-49.007,-12.6536],[-49.0081,-12.74],[-48.8603,-12.8332],[-48.824,-12.8736],[-48.7975,-12.9291],[-48.8031,-13.0108],[-48.768,-13.0972],[-48.7609,-13.2108],[-48.7786,-13.3288],[-48.7633,-13.3733],[-48.7441,-13.3852],[-48.6816,-13.3313],[-48.6603,-13.1867],[-48.6444,-13.1628],[-48.6016,-13.1538],[-48.4818,-13.1948],[-48.3852,-13.1919],[-48.3261,-13.1699],[-48.2251,-13.0941],[-48.1655,-13.0647],[-48.1484,-13.0658],[-48.1417,-13.0794],[-48.1686,-13.18],[-48.0752,-13.195],[-47.9839,-13.2595],[-47.9376,-13.2432],[-47.856,-13.2944],[-47.6669,-13.3556],[-47.6565,-13.3336],[-47.725,-13.1676],[-47.7162,-13.1468],[-47.6623,-13.104],[-47.6462,-13.1056],[-47.5936,-13.1777],[-47.5333,-13.2984],[-47.5079,-13.257],[-47.4417,-13.2491],[-47.3327,-13.1985],[-47.2857,-13.1957],[-47.0922,-13.0955],[-46.9734,-13.0687],[-46.8772,-13.0752],[-46.7782,-13.0548],[-46.6186,-12.9045],[-46.4891,-12.8708],[-46.4454,-12.8478],[-46.3006,-12.833],[-46.2335,-12.7966]]]}},{"type":"Feature","id":"Maranhao","properties":{"id":"Maranhao","iso_code":"BR-MA","name":"Maranhao","name_full":"Maranhão","name_ja":"マラニョン州","center_lonlat":[-45.2924,-5.0986]},"geometry":{"type":"MultiPolygon","coordinates":[[[[-46.0846,-1.2104],[-46.0504,-1.1627],[-46.0397,-1.1871],[-46.0504,-1.2104],[-46.0322,-1.2008],[-46.0362,-1.1484],[-46.0157,-1.0937],[-45.9908,-1.1043],[-45.9926,-1.0676],[-45.9795,-1.0551],[-45.9641,-1.0639],[-45.9611,-1.0862],[-45.9744,-1.0912],[-45.9611,-1.1074],[-45.9816,-1.1415],[-45.9481,-1.1415],[-45.9989,-1.1518],[-46.0027,-1.1928],[-45.9611,-1.2104],[-45.956,-1.2404],[-45.939,-1.2463],[-45.9233,-1.173],[-45.8675,-1.0635],[-45.8538,-1.0679],[-45.8539,-1.1012],[-45.9059,-1.1725],[-45.9059,-1.2104],[-45.8792,-1.1627],[-45.8854,-1.1832],[-45.8728,-1.2022],[-45.8996,-1.2576],[-45.8649,-1.2309],[-45.8649,-1.2576],[-45.8854,-1.2848],[-45.8625,-1.2731],[-45.8384,-1.2343],[-45.8382,-1.2029],[-45.8205,-1.2628],[-45.8406,-1.2796],[-45.8109,-1.3264],[-45.8195,-1.2962],[-45.8098,-1.2751],[-45.7937,-1.2677],[-45.7829,-1.278],[-45.7216,-1.1349],[-45.701,-1.1347],[-45.696,-1.1606],[-45.7345,-1.2514],[-45.6886,-1.2022],[-45.675,-1.2592],[-45.6541,-1.2744],[-45.6511,-1.3174],[-45.6755,-1.3663],[-45.6407,-1.3705],[-45.6216,-1.3572],[-45.6105,-1.3201],[-45.623,-1.296],[-45.6103,-1.2756],[-45.5792,-1.2815],[-45.598,-1.2924],[-45.5837,-1.2985],[-45.5837,-1.3264],[-45.5439,-1.2703],[-45.5297,-1.2848],[-45.5494,-1.2897],[-45.5502,-1.3122],[-45.5297,-1.3059],[-45.5502,-1.3538],[-45.5155,-1.3122],[-45.5123,-1.3606],[-45.5297,-1.4158],[-45.4713,-1.3502],[-45.4608,-1.3122],[-45.4198,-1.2924],[-45.4471,-1.2924],[-45.4157,-1.2877],[-45.4062,-1.316],[-45.413,-1.3502],[-45.4683,-1.3674],[-45.4813,-1.4636],[-45.5183,-1.4645],[-45.5427,-1.491],[-45.5222,-1.4841],[-45.5155,-1.4636],[-45.5018,-1.47],[-45.4986,-1.4933],[-45.5093,-1.5046],[-45.4813,-1.491],[-45.4645,-1.5006],[-45.4608,-1.5462],[-45.4491,-1.5281],[-45.451,-1.4537],[-45.4233,-1.4289],[-45.4329,-1.4636],[-45.4027,-1.4426],[-45.3556,-1.3495],[-45.3602,-1.3202],[-45.3262,-1.3129],[-45.31,-1.3264],[-45.2963,-1.4158],[-45.31,-1.4084],[-45.3224,-1.4368],[-45.392,-1.4841],[-45.3509,-1.4767],[-45.3714,-1.5353],[-45.401,-1.5602],[-45.392,-1.5803],[-45.3857,-1.5462],[-45.3511,-1.56],[-45.3402,-1.5832],[-45.3646,-1.7039],[-45.3502,-1.7301],[-45.3236,-1.7448],[-45.2844,-1.7322],[-45.2712,-1.7216],[-45.2765,-1.7039],[-45.2213,-1.6728],[-45.2554,-1.6076],[-45.2475,-1.5793],[-45.2042,-1.5252],[-45.1797,-1.5256],[-45.1632,-1.4828],[-45.1487,-1.4815],[-45.1387,-1.5046],[-45.0914,-1.4641],[-45.0812,-1.4811],[-45.1046,-1.4841],[-45.0789,-1.4836],[-45.063,-1.4289],[-45.0568,-1.4767],[-45.0067,-1.4907],[-44.998,-1.524],[-45.022,-1.5182],[-44.9674,-1.5462],[-45.0204,-1.5787],[-45.022,-1.6008],[-45.0089,-1.5827],[-44.9674,-1.594],[-44.9538,-1.5017],[-44.9264,-1.491],[-44.9338,-1.4767],[-44.8951,-1.4562],[-44.868,-1.4213],[-44.8513,-1.4462],[-44.8513,-1.4841],[-44.8854,-1.5046],[-44.9131,-1.5479],[-44.9121,-1.6008],[-44.9537,-1.6008],[-44.9217,-1.6296],[-44.9153,-1.6472],[-44.9338,-1.6555],[-44.9119,-1.6536],[-44.9003,-1.6098],[-44.8854,-1.6008],[-44.8474,-1.6413],[-44.8302,-1.6349],[-44.8507,-1.6161],[-44.837,-1.5661],[-44.8141,-1.5912],[-44.8104,-1.6281],[-44.8029,-1.6008],[-44.7918,-1.6184],[-44.8104,-1.652],[-44.7824,-1.6828],[-44.8029,-1.7039],[-44.7732,-1.7243],[-44.8219,-1.7592],[-44.774,-1.7407],[-44.7755,-1.7039],[-44.725,-1.7234],[-44.7079,-1.7175],[-44.7206,-1.7496],[-44.8104,-1.8132],[-44.7305,-1.7858],[-44.7079,-1.8132],[-44.6794,-1.8111],[-44.6626,-1.7854],[-44.6527,-1.7175],[-44.598,-1.7448],[-44.6252,-1.7634],[-44.6406,-1.8219],[-44.6595,-1.8398],[-44.621,-1.8261],[-44.598,-1.8473],[-44.5732,-1.8132],[-44.5701,-1.8609],[-44.5428,-1.8261],[-44.5257,-1.8398],[-44.5377,-1.8649],[-44.5906,-1.9018],[-44.5217,-1.8951],[-44.4902,-1.9954],[-44.5096,-2.0156],[-44.5633,-2.0117],[-44.6173,-2.039],[-44.598,-2.0458],[-44.541,-2.0292],[-44.5045,-2.032],[-44.4944,-2.0458],[-44.5541,-2.0872],[-44.6079,-2.1537],[-44.6453,-2.1557],[-44.598,-2.1557],[-44.5886,-2.1655],[-44.6554,-2.2311],[-44.7079,-2.2376],[-44.6936,-2.2656],[-44.7514,-2.252],[-44.8012,-2.2857],[-44.824,-2.2792],[-44.8043,-2.2914],[-44.7178,-2.2656],[-44.7005,-2.2997],[-44.6656,-2.2709],[-44.6619,-2.2965],[-44.7209,-2.4021],[-44.7141,-2.4089],[-44.7014,-2.3818],[-44.664,-2.3567],[-44.6635,-2.4206],[-44.6527,-2.4295],[-44.6498,-2.3088],[-44.6316,-2.2717],[-44.554,-2.2164],[-44.5398,-2.1857],[-44.4973,-2.1479],[-44.4617,-2.1446],[-44.4271,-2.1624],[-44.3988,-2.1974],[-44.3636,-2.3339],[-44.3734,-2.3774],[-44.3954,-2.4021],[-44.4739,-2.4021],[-44.5106,-2.3671],[-44.5514,-2.391],[-44.5701,-2.4164],[-44.5233,-2.3871],[-44.5074,-2.3898],[-44.5012,-2.4195],[-44.5216,-2.5001],[-44.5354,-2.5182],[-44.5652,-2.5212],[-44.5943,-2.5666],[-44.656,-2.5932],[-44.6595,-2.6082],[-44.5801,-2.5636],[-44.5614,-2.5353],[-44.5404,-2.5383],[-44.6316,-2.697],[-44.6501,-2.8547],[-44.6861,-2.9167],[-44.6936,-2.9949],[-44.6843,-3.0126],[-44.6247,-3.026],[-44.6222,-3.051],[-44.7079,-3.1358],[-44.7209,-3.1769],[-44.7816,-3.197],[-44.7871,-3.2333],[-44.7613,-3.2861],[-44.796,-3.3002],[-44.7616,-3.3056],[-44.7613,-3.2382],[-44.7428,-3.2075],[-44.66,-3.1847],[-44.6136,-3.112],[-44.5732,-3.1017],[-44.5292,-3.0322],[-44.4739,-3.0017],[-44.433,-2.9503],[-44.4088,-2.8922],[-44.4081,-2.8263],[-44.392,-2.7931],[-44.4062,-2.7789],[-44.3647,-2.6287],[-44.351,-2.6628],[-44.3681,-2.5496],[-44.3527,-2.5291],[-44.3122,-2.5319],[-44.2889,-2.5803],[-44.2882,-2.5514],[-44.3026,-2.5325],[-44.2926,-2.4811],[-44.2201,-2.4704],[-44.1115,-2.4158],[-44.0829,-2.4164],[-44.073,-2.3995],[-44.0344,-2.4152],[-44.0289,-2.443],[-44.0714,-2.4381],[-44.0972,-2.4567],[-44.0636,-2.463],[-44.0562,-2.5051],[-44.0419,-2.4704],[-44.0327,-2.5133],[-44.0494,-2.5529],[-44.0829,-2.5603],[-44.1244,-2.5945],[-44.1066,-2.6023],[-44.1372,-2.6702],[-44.1797,-2.6901],[-44.2139,-2.669],[-44.2002,-2.697],[-44.3385,-2.7849],[-44.3485,-2.8102],[-44.3299,-2.8273],[-44.3125,-2.7787],[-44.2964,-2.7931],[-44.31,-2.8142],[-44.2964,-2.8342],[-44.2889,-2.8068],[-44.2685,-2.8034],[-44.2554,-2.7653],[-44.2201,-2.7931],[-44.2184,-2.7678],[-44.1865,-2.759],[-44.1747,-2.8071],[-44.2189,-2.8482],[-44.207,-2.8484],[-44.2002,-2.8689],[-44.1593,-2.8273],[-44.1518,-2.8342],[-44.1181,-2.7577],[-44.0981,-2.7487],[-44.1046,-2.7653],[-44.0829,-2.7522],[-44.0767,-2.7789],[-44.0698,-2.7653],[-44.0829,-2.8068],[-44.0629,-2.777],[-44.0604,-2.7177],[-44.0142,-2.6347],[-43.9759,-2.6103],[-43.9464,-2.6287],[-43.9584,-2.6007],[-43.9232,-2.5468],[-43.878,-2.6349],[-43.8795,-2.5712],[-43.767,-2.5263],[-43.7464,-2.5292],[-43.7401,-2.4869],[-43.7241,-2.4772],[-43.7065,-2.5138],[-43.7211,-2.5603],[-43.6993,-2.5603],[-43.6931,-2.5393],[-43.6583,-2.5462],[-43.681,-2.5296],[-43.6824,-2.5047],[-43.6684,-2.4833],[-43.6446,-2.4772],[-43.6658,-2.512],[-43.6357,-2.4983],[-43.6173,-2.5251],[-43.5975,-2.5162],[-43.5582,-2.5309],[-43.5422,-2.5251],[-43.5631,-2.5095],[-43.5485,-2.4846],[-43.5485,-2.5051],[-43.5391,-2.4911],[-43.5421,-2.4666],[-43.5559,-2.4567],[-43.5373,-2.436],[-43.5237,-2.4426],[-43.5218,-2.4915],[-43.5084,-2.4916],[-43.4871,-2.5325],[-43.4945,-2.5462],[-43.4665,-2.5182],[-43.4529,-2.5529],[-43.4442,-2.5309],[-43.4654,-2.486],[-43.4188,-2.4846],[-43.4473,-2.4716],[-43.4598,-2.443],[-43.4119,-2.4567],[-43.474,-2.4177],[-43.4871,-2.3953],[-43.4674,-2.3458],[-43.4076,-2.3371],[-43.3118,-2.3465],[-43.1994,-2.3795],[-42.9163,-2.4924],[-42.8192,-2.5462],[-42.7,-2.5636],[-42.6305,-2.6423],[-42.5809,-2.6721],[-42.5275,-2.6833],[-42.4871,-2.669],[-42.4895,-2.6996],[-42.5144,-2.697],[-42.5076,-2.7219],[-42.453,-2.7522],[-42.4181,-2.7311],[-42.4073,-2.7502],[-42.3784,-2.7563],[-42.2643,-2.759],[-42.254,-2.7835],[-42.2674,-2.8142],[-42.2386,-2.8048],[-42.2394,-2.8342],[-42.2059,-2.8],[-42.1761,-2.8118],[-42.0824,-2.8],[-42.0824,-2.8273],[-42.0209,-2.8239],[-42.0159,-2.8113],[-41.9439,-2.8377],[-41.9404,-2.7737],[-41.9589,-2.7789],[-42.0153,-2.7411],[-41.9956,-2.7214],[-41.8213,-2.7336],[-41.8428,-2.7653],[-41.8679,-2.8536],[-41.8563,-2.8996],[-41.8153,-2.9365],[-41.8125,-2.9551],[-41.8427,-3.034],[-41.8933,-3.0953],[-41.9226,-3.1084],[-41.9497,-3.1764],[-41.9759,-3.1865],[-42.0045,-3.2331],[-42.117,-3.2692],[-42.0987,-3.2856],[-42.0999,-3.3032],[-42.2166,-3.4338],[-42.3703,-3.4511],[-42.3839,-3.4647],[-42.4554,-3.4782],[-42.5006,-3.4511],[-42.5566,-3.5502],[-42.6288,-3.6166],[-42.6632,-3.6717],[-42.6752,-3.6988],[-42.6651,-3.7868],[-42.7007,-3.8336],[-42.7252,-3.9112],[-42.7752,-3.9479],[-42.838,-4.0218],[-42.891,-4.1425],[-42.9444,-4.1766],[-42.9906,-4.2401],[-42.9872,-4.307],[-42.9657,-4.3725],[-42.9525,-4.3902],[-42.9237,-4.3847],[-42.8978,-4.4038],[-42.863,-4.4987],[-42.8976,-4.6149],[-42.9132,-4.639],[-42.9493,-4.6585],[-42.9292,-4.7318],[-42.9525,-4.7766],[-42.9047,-4.8278],[-42.8842,-4.9004],[-42.8569,-4.9239],[-42.8339,-5.0982],[-42.8016,-5.1809],[-42.8296,-5.225],[-42.8323,-5.3135],[-42.8492,-5.3402],[-42.92,-5.4008],[-43.0484,-5.5963],[-43.1019,-5.6233],[-43.0896,-5.6679],[-43.0965,-5.6924],[-43.0828,-5.7122],[-43.1079,-5.771],[-43.0896,-5.8767],[-43.1035,-5.9239],[-43.0919,-5.9663],[-43.0637,-6.0015],[-43.076,-6.0548],[-43.0525,-6.0975],[-43.0009,-6.1238],[-42.9642,-6.1874],[-42.85,-6.2541],[-42.85,-6.3292],[-42.8296,-6.3525],[-42.8575,-6.3787],[-42.8705,-6.4384],[-42.8569,-6.4831],[-42.8774,-6.5036],[-42.879,-6.5611],[-42.9118,-6.6145],[-42.9158,-6.6688],[-42.997,-6.761],[-43.0736,-6.7607],[-43.1344,-6.7803],[-43.1984,-6.7546],[-43.2806,-6.7971],[-43.3692,-6.8065],[-43.4216,-6.8441],[-43.4814,-6.8335],[-43.5148,-6.7953],[-43.5489,-6.7817],[-43.566,-6.7469],[-43.5935,-6.7509],[-43.6748,-6.701],[-43.8096,-6.7059],[-43.8295,-6.727],[-43.9379,-6.7616],[-43.9735,-6.7401],[-43.994,-6.7612],[-44.0492,-6.7748],[-44.0629,-6.8295],[-44.0902,-6.809],[-44.1083,-6.8195],[-44.0936,-6.8562],[-44.1107,-6.8493],[-44.1616,-6.8867],[-44.1682,-6.9243],[-44.2071,-6.9753],[-44.2581,-7.0058],[-44.2972,-7.1033],[-44.3994,-7.1264],[-44.4996,-7.1788],[-44.5294,-7.2183],[-44.5768,-7.2472],[-44.6178,-7.3093],[-44.6246,-7.3024],[-44.6692,-7.3331],[-44.6966,-7.391],[-44.714,-7.398],[-44.7536,-7.3655],[-44.7895,-7.3769],[-44.8164,-7.3639],[-44.8584,-7.393],[-44.8696,-7.4148],[-44.8935,-7.414],[-44.9081,-7.4444],[-45.0095,-7.4876],[-45.1748,-7.5357],[-45.2783,-7.5496],[-45.4724,-7.6742],[-45.4956,-7.7141],[-45.5291,-7.8521],[-45.5432,-7.8642],[-45.5364,-7.8846],[-45.5573,-7.9877],[-45.5432,-8.0075],[-45.5637,-8.028],[-45.5774,-8.1515],[-45.6144,-8.2224],[-45.6551,-8.2556],[-45.6593,-8.3092],[-45.735,-8.4327],[-45.7506,-8.5607],[-45.7828,-8.5829],[-45.7663,-8.6059],[-45.7982,-8.6375],[-45.8207,-8.6994],[-45.9283,-8.7888],[-45.9433,-8.8173],[-45.9405,-8.8442],[-45.9776,-8.905],[-45.9814,-8.9296],[-45.9332,-9.0485],[-45.9306,-9.1404],[-45.9057,-9.1794],[-45.9072,-9.2948],[-45.8958,-9.3284],[-45.828,-9.3761],[-45.8059,-9.4082],[-45.7965,-9.4612],[-45.8071,-9.498],[-45.8371,-9.5334],[-45.8445,-9.7382],[-45.8312,-9.7753],[-45.8581,-9.8316],[-45.8602,-10.0011],[-45.9007,-10.0238],[-45.8995,-10.0843],[-45.9541,-10.1799],[-45.9371,-10.2114],[-45.9461,-10.3177],[-46.0232,-10.2802],[-46.0873,-10.2084],[-46.1891,-10.1758],[-46.292,-10.1878],[-46.3476,-10.1696],[-46.467,-10.0134],[-46.4637,-9.9301],[-46.4951,-9.869],[-46.6694,-9.7465],[-46.6646,-9.6833],[-46.6485,-9.6645],[-46.5999,-9.6518],[-46.5819,-9.5995],[-46.5338,-9.5506],[-46.541,-9.5105],[-46.7527,-9.4108],[-46.8072,-9.3623],[-46.8275,-9.32],[-46.8277,-9.231],[-46.8418,-9.1775],[-46.8903,-9.1039],[-46.9456,-9.0682],[-47.0396,-9.0654],[-47.0838,-9.0267],[-47.0639,-8.9768],[-46.9023,-8.8269],[-46.9219,-8.7368],[-46.9007,-8.6909],[-46.8817,-8.5817],[-46.8272,-8.4674],[-46.7911,-8.4363],[-46.7185,-8.4066],[-46.4902,-8.3908],[-46.5431,-8.312],[-46.51,-8.2831],[-46.4891,-8.2017],[-46.5049,-8.1667],[-46.4679,-8.0808],[-46.4871,-7.9714],[-46.5461,-7.9413],[-46.5778,-7.904],[-46.6057,-7.8991],[-46.8704,-7.9598],[-46.9401,-8.0002],[-46.9646,-8.0316],[-47.0216,-8.0391],[-47.0476,-7.9908],[-47.079,-7.9759],[-47.1513,-7.8553],[-47.2083,-7.8139],[-47.2387,-7.7512],[-47.2789,-7.7345],[-47.2794,-7.7037],[-47.3135,-7.6408],[-47.3256,-7.6382],[-47.3312,-7.6641],[-47.3458,-7.6579],[-47.3669,-7.588],[-47.4034,-7.5756],[-47.4083,-7.5335],[-47.4667,-7.5298],[-47.5046,-7.4467],[-47.5915,-7.4458],[-47.489,-7.3814],[-47.4754,-7.34],[-47.4859,-7.3023],[-47.5127,-7.2805],[-47.5884,-7.2683],[-47.6447,-7.3085],[-47.6604,-7.2635],[-47.7156,-7.2267],[-47.7411,-7.1934],[-47.7253,-7.1623],[-47.6858,-7.1462],[-47.6399,-7.1584],[-47.5853,-7.0691],[-47.5138,-7.0088],[-47.5027,-6.9834],[-47.4824,-6.8883],[-47.4965,-6.8528],[-47.4948,-6.7902],[-47.4754,-6.7333],[-47.4876,-6.6984],[-47.4493,-6.5439],[-47.4072,-6.4794],[-47.4202,-6.4561],[-47.3997,-6.3838],[-47.4102,-6.3498],[-47.377,-6.2766],[-47.373,-6.2336],[-47.4085,-6.1812],[-47.4255,-6.1038],[-47.414,-5.8699],[-47.4494,-5.7759],[-47.4829,-5.743],[-47.4686,-5.5887],[-47.4971,-5.5266],[-47.5369,-5.4788],[-47.5935,-5.4701],[-47.7231,-5.3915],[-47.8385,-5.3832],[-47.8577,-5.3495],[-47.8649,-5.2809],[-47.8998,-5.2531],[-47.9996,-5.2324],[-48.0645,-5.2666],[-48.1125,-5.2662],[-48.1533,-5.2574],[-48.3378,-5.1638],[-48.4159,-5.166],[-48.4981,-5.1865],[-48.5433,-5.2173],[-48.5995,-5.3219],[-48.6089,-5.3287],[-48.6217,-5.3078],[-48.6413,-5.3034],[-48.6783,-5.3075],[-48.723,-5.3553],[-48.7432,-5.3525],[-47.8007,-4.5958],[-47.7341,-4.5912],[-47.7056,-4.6104],[-47.6609,-4.608],[-47.5814,-4.5471],[-47.4874,-4.4193],[-47.4521,-4.3323],[-47.3651,-4.2538],[-47.3656,-4.2251],[-47.3337,-4.1646],[-47.3451,-4.1425],[-47.3314,-4.1425],[-47.3297,-4.1047],[-47.3109,-4.0668],[-47.2905,-4.081],[-47.2822,-4.0539],[-47.2632,-4.0531],[-47.2011,-3.9991],[-47.1567,-3.9411],[-47.0786,-3.8766],[-47.044,-3.7043],[-47.0502,-3.6733],[-47.0231,-3.5988],[-47.0297,-3.5688],[-46.9683,-3.5255],[-46.9673,-3.4946],[-46.9547,-3.4914],[-46.941,-3.4442],[-46.9446,-3.3982],[-46.8786,-3.3385],[-46.8243,-3.3275],[-46.8107,-3.2859],[-46.7561,-3.2245],[-46.7699,-3.216],[-46.7629,-3.1972],[-46.7239,-3.1759],[-46.7178,-3.1592],[-46.7356,-3.1494],[-46.7121,-3.137],[-46.7008,-3.1494],[-46.6667,-3.0942],[-46.6558,-3.0241],[-46.637,-2.9973],[-46.646,-2.8923],[-46.6189,-2.903],[-46.6175,-2.8738],[-46.5711,-2.8515],[-46.5984,-2.8341],[-46.6045,-2.8004],[-46.6189,-2.8068],[-46.6667,-2.7385],[-46.6594,-2.7159],[-46.6211,-2.681],[-46.6121,-2.656],[-46.5959,-2.6645],[-46.5241,-2.6314],[-46.4931,-2.5792],[-46.4905,-2.5503],[-46.4306,-2.5271],[-46.4337,-2.4112],[-46.4084,-2.3853],[-46.4089,-2.3623],[-46.4529,-2.3747],[-46.4152,-2.3264],[-46.4094,-2.2656],[-46.4271,-2.245],[-46.3672,-2.2483],[-46.2803,-2.1407],[-46.2142,-1.9291],[-46.221,-1.8677],[-46.2091,-1.8224],[-46.228,-1.7966],[-46.3037,-1.8025],[-46.3172,-1.7414],[-46.314,-1.7319],[-46.2269,-1.7161],[-46.2012,-1.6793],[-46.2038,-1.6119],[-46.1792,-1.5733],[-46.2012,-1.4841],[-46.1254,-1.3463],[-46.1664,-1.3022],[-46.1322,-1.2308],[-46.0846,-1.2104]]],[[[-44.4978,-2.8068],[-44.5137,-2.8146],[-44.5149,-2.8342],[-44.4808,-2.7931],[-44.4881,-2.872],[-44.5057,-2.9151],[-44.4973,-2.9493],[-44.5382,-2.97],[-44.598,-3.0602],[-44.6034,-3.0221],[-44.5785,-2.9811],[-44.5633,-2.9199],[-44.5857,-2.8459],[-44.5763,-2.8],[-44.5477,-2.7441],[-44.4808,-2.7044],[-44.4978,-2.8068]]],[[[-43.6273,-2.252],[-43.607,-2.2563],[-43.6,-2.2837],[-43.6263,-2.3163],[-43.6348,-2.3999],[-43.6866,-2.401],[-43.7125,-2.4265],[-43.7329,-2.4199],[-43.7433,-2.4029],[-43.7303,-2.3748],[-43.7366,-2.3341],[-43.7154,-2.2892],[-43.6845,-2.2634],[-43.6273,-2.252]]],[[[-44.8922,-1.2719],[-44.8765,-1.2962],[-44.8854,-1.3264],[-44.9195,-1.3059],[-44.8985,-1.3327],[-44.9347,-1.3666],[-44.9612,-1.3674],[-44.9639,-1.3906],[-44.9803,-1.3961],[-45.0189,-1.3777],[-45.022,-1.3234],[-45.0157,-1.3122],[-45.0033,-1.3175],[-44.9953,-1.3538],[-44.9779,-1.301],[-44.9919,-1.2924],[-44.9744,-1.2603],[-44.9474,-1.2729],[-44.923,-1.2576],[-44.8922,-1.2719]]],[[[-42.0414,-2.7044],[-42.0278,-2.7448],[-42.0852,-2.7587],[-42.1029,-2.7448],[-42.0824,-2.7311],[-42.1053,-2.7243],[-42.1029,-2.7044],[-42.1442,-2.7009],[-42.186,-2.6764],[-42.0914,-2.6784],[-42.0482,-2.7106],[-42.0414,-2.7044]]],[[[-43.8329,-2.4541],[-43.8487,-2.424],[-43.8235,-2.4077],[-43.8082,-2.421],[-43.8136,-2.4546],[-43.7751,-2.4289],[-43.7568,-2.4477],[-43.7707,-2.496],[-43.8092,-2.5128],[-43.8383,-2.5074],[-43.8443,-2.4802],[-43.8329,-2.4541]]],[[[-42.2287,-2.6933],[-42.1058,-2.7727],[-42.1701,-2.768],[-42.2498,-2.7364],[-42.2584,-2.6962],[-42.2508,-2.6818],[-42.2287,-2.6933]]],[[[-43.5648,-2.3613],[-43.546,-2.3603],[-43.542,-2.3712],[-43.5608,-2.418],[-43.5737,-2.4235],[-43.6018,-2.4116],[-43.6117,-2.385],[-43.6077,-2.3732],[-43.5648,-2.3613]]]]}},{"type":"Feature","id":"Mato Grosso","properties":{"id":"Mato Grosso","iso_code":"BR-MT","name":"Mato Grosso","name_full":"Mato Grosso","name_ja":"マットグロッソ州","center_lonlat":[-55.9244,-12.9604]},"geometry":{"type":"Polygon","coordinates":[[[-60.7256,-13.6628],[-60.6607,-13.6016],[-60.3838,-13.4203],[-60.3512,-13.2721],[-60.2689,-13.1198],[-60.2657,-13.0562],[-60.1952,-12.972],[-60.0941,-12.9364],[-60.042,-12.8753],[-59.9973,-12.7185],[-59.9091,-12.6184],[-59.8234,-12.4083],[-59.8872,-12.2593],[-59.8899,-12.1162],[-59.9317,-12.0533],[-59.9834,-11.9167],[-60.0088,-11.9024],[-60.0489,-11.9098],[-60.0695,-11.8935],[-60.1013,-11.7446],[-60.1014,-11.5998],[-60.0136,-11.5239],[-59.967,-11.4457],[-59.927,-11.4165],[-59.9112,-11.3841],[-60.0016,-11.1443],[-60.0699,-11.1143],[-60.1459,-11.1062],[-60.1902,-11.1163],[-60.2891,-11.0772],[-60.37,-11.1093],[-60.4331,-11.0536],[-60.4412,-11.0035],[-61.5101,-10.9891],[-61.5218,-10.9525],[-61.5072,-10.8639],[-61.52,-10.7904],[-61.5092,-10.7738],[-61.4795,-10.7716],[-61.4656,-10.7199],[-61.5033,-10.6865],[-61.471,-10.4348],[-61.5632,-10.2616],[-61.555,-10.1854],[-61.5794,-10.1309],[-61.5705,-10.0606],[-61.5319,-9.9866],[-61.5347,-9.9367],[-61.5194,-9.874],[-61.5421,-9.7584],[-61.564,-9.7268],[-61.5212,-9.7063],[-61.4816,-9.6281],[-61.5218,-9.5641],[-61.5516,-9.4616],[-61.5548,-9.388],[-61.605,-9.3445],[-61.6113,-9.3201],[-61.5929,-9.242],[-61.5308,-9.2246],[-61.5579,-9.0968],[-61.5302,-8.9976],[-61.4844,-8.9039],[-61.5094,-8.8468],[-61.6113,-8.7686],[-58.5452,-8.7483],[-58.4814,-8.7046],[-58.4199,-8.5512],[-58.4396,-8.4221],[-58.3962,-8.3735],[-58.3368,-8.2465],[-58.3403,-8.2055],[-58.3055,-8.1048],[-58.3251,-8.003],[-58.3772,-7.878],[-58.3786,-7.8181],[-58.3541,-7.7792],[-58.2972,-7.7326],[-58.2238,-7.6218],[-58.2053,-7.5703],[-58.2275,-7.5032],[-58.2164,-7.432],[-58.1355,-7.3391],[-58.059,-7.411],[-57.9798,-7.5302],[-57.9407,-7.6313],[-57.8937,-7.6926],[-57.8803,-7.7696],[-57.7882,-8.0359],[-57.6436,-8.2155],[-57.6804,-8.4458],[-57.6526,-8.4931],[-57.6442,-8.6027],[-57.6085,-8.6531],[-57.5911,-8.7449],[-57.4819,-8.7927],[-57.3753,-8.8737],[-57.3585,-8.9133],[-57.3088,-8.9508],[-57.093,-9.0576],[-57.0732,-9.1227],[-57.0727,-9.1977],[-57.0598,-9.219],[-57.0148,-9.2422],[-56.9253,-9.2445],[-56.8371,-9.2731],[-56.8097,-9.3135],[-56.7976,-9.3752],[-56.7701,-9.3979],[-56.6782,-9.3773],[-56.4675,-9.4754],[-56.4616,-9.4669],[-55.0927,-9.5651],[-50.2357,-9.844],[-50.2784,-9.9192],[-50.304,-10.0208],[-50.3703,-10.0946],[-50.3914,-10.1359],[-50.3883,-10.2141],[-50.4064,-10.2991],[-50.426,-10.341],[-50.4935,-10.4177],[-50.4982,-10.4816],[-50.5249,-10.5226],[-50.5191,-10.5583],[-50.5988,-10.6566],[-50.5871,-10.753],[-50.6266,-10.8217],[-50.6134,-10.884],[-50.6353,-10.9283],[-50.6118,-11.0612],[-50.6644,-11.1429],[-50.6709,-11.2593],[-50.7411,-11.4713],[-50.7309,-11.5306],[-50.7084,-11.5584],[-50.659,-11.5864],[-50.6499,-11.6082],[-50.658,-11.6635],[-50.7072,-11.7116],[-50.7125,-11.7387],[-50.6774,-11.8627],[-50.6443,-11.8898],[-50.6649,-11.9286],[-50.6577,-11.972],[-50.6819,-11.9995],[-50.6832,-12.0418],[-50.6726,-12.192],[-50.6254,-12.2725],[-50.6122,-12.4311],[-50.6341,-12.4572],[-50.6489,-12.5991],[-50.6691,-12.6003],[-50.6751,-12.6151],[-50.6269,-12.6593],[-50.5987,-12.8045],[-50.5639,-12.8052],[-50.5663,-12.8256],[-50.5412,-12.8388],[-50.484,-12.8448],[-50.4783,-12.8791],[-50.4985,-12.9585],[-50.5594,-13.0102],[-50.5504,-13.05],[-50.5879,-13.0786],[-50.574,-13.1226],[-50.5743,-13.2466],[-50.6146,-13.3299],[-50.6551,-13.3803],[-50.669,-13.4372],[-50.7552,-13.5337],[-50.7958,-13.6759],[-50.8664,-13.7161],[-50.8449,-13.8681],[-50.8648,-13.963],[-50.8458,-14.0841],[-50.8682,-14.1105],[-50.9249,-14.1216],[-50.9195,-14.1553],[-50.9596,-14.2358],[-50.9977,-14.3995],[-50.9699,-14.5185],[-51.01,-14.6284],[-51.0388,-14.6582],[-51.0661,-14.7439],[-51.0686,-14.8045],[-51.0927,-14.8224],[-51.1003,-14.8879],[-51.1381,-14.9121],[-51.1518,-14.9538],[-51.176,-14.9767],[-51.2552,-15.0154],[-51.2975,-15.0104],[-51.32,-14.9561],[-51.3507,-14.9814],[-51.412,-14.9954],[-51.4534,-15.0353],[-51.5137,-15.0627],[-51.5757,-15.1401],[-51.6396,-15.1793],[-51.6574,-15.2097],[-51.6489,-15.2646],[-51.6756,-15.2885],[-51.6756,-15.3676],[-51.7115,-15.4742],[-51.7485,-15.53],[-51.7629,-15.5384],[-51.7855,-15.5253],[-51.7929,-15.539],[-51.7739,-15.6106],[-51.8716,-15.7925],[-51.8983,-15.8116],[-51.9668,-15.8007],[-51.9742,-15.823],[-52.0299,-15.8684],[-52.2306,-15.8987],[-52.3068,-15.9864],[-52.3342,-16.0461],[-52.4304,-16.0827],[-52.4487,-16.1106],[-52.5325,-16.1521],[-52.5393,-16.2334],[-52.6448,-16.2753],[-52.6749,-16.3007],[-52.6763,-16.3828],[-52.6155,-16.4261],[-52.6324,-16.5289],[-52.6965,-16.5889],[-52.7122,-16.6506],[-52.8093,-16.7454],[-52.9635,-16.819],[-53.0194,-16.8679],[-53.0138,-16.8849],[-53.0399,-16.9814],[-53.0377,-17.0376],[-53.1355,-17.1633],[-53.1587,-17.2245],[-53.2033,-17.282],[-53.1896,-17.3626],[-53.2112,-17.4091],[-53.2448,-17.5924],[-53.231,-17.6521],[-53.144,-17.7878],[-53.0538,-18.0166],[-53.1466,-18.0316],[-53.2875,-17.9988],[-53.4219,-17.9998],[-53.4627,-18.0135],[-53.6047,-17.9929],[-53.7282,-18.008],[-53.7675,-18.001],[-53.8691,-17.9473],[-53.9416,-17.9281],[-53.9768,-17.9333],[-53.9888,-17.9022],[-53.9781,-17.8737],[-53.9262,-17.8113],[-53.8751,-17.7053],[-53.8486,-17.6839],[-53.7537,-17.6513],[-53.6827,-17.3083],[-53.6892,-17.2502],[-53.7582,-17.2598],[-53.8215,-17.3061],[-53.951,-17.4579],[-54.0495,-17.5208],[-54.0835,-17.5863],[-54.1284,-17.6239],[-54.2354,-17.6374],[-54.3363,-17.6777],[-54.3837,-17.6759],[-54.404,-17.6559],[-54.4205,-17.5809],[-54.5261,-17.5136],[-54.6065,-17.505],[-54.6971,-17.5167],[-54.7522,-17.538],[-54.811,-17.6017],[-54.9147,-17.6549],[-55.1805,-17.6858],[-55.2896,-17.6277],[-55.3391,-17.5846],[-55.536,-17.5015],[-55.5956,-17.4082],[-55.6318,-17.3805],[-55.7875,-17.3515],[-55.8471,-17.3051],[-55.9951,-17.2598],[-56.0439,-17.1981],[-56.1191,-17.1873],[-56.2393,-17.2139],[-56.3153,-17.2819],[-56.3615,-17.2817],[-56.4168,-17.3158],[-56.4978,-17.3035],[-56.668,-17.3224],[-56.7563,-17.3182],[-56.7829,-17.3405],[-56.7962,-17.3768],[-56.8415,-17.4012],[-56.8521,-17.4852],[-56.8955,-17.5338],[-56.9758,-17.5845],[-56.9789,-17.6568],[-57.0831,-17.7632],[-57.1313,-17.7866],[-57.2022,-17.7973],[-57.2542,-17.8224],[-57.4182,-17.8641],[-57.4377,-17.878],[-57.4707,-17.9475],[-57.4697,-17.9012],[-57.4896,-17.8726],[-57.6023,-17.8181],[-57.6077,-17.7767],[-57.634,-17.7412],[-57.7245,-17.7366],[-57.7676,-17.7087],[-57.7859,-17.6775],[-57.7908,-17.5558],[-57.8144,-17.5197],[-57.8541,-17.5085],[-57.9436,-17.5178],[-58.0102,-17.4968],[-58.1522,-17.3964],[-58.2041,-17.3774],[-58.2316,-17.3297],[-58.3812,-17.2672],[-58.3991,-17.2374],[-58.4063,-17.1101],[-58.4663,-16.8873],[-58.4529,-16.8413],[-58.4803,-16.6837],[-58.4559,-16.6191],[-58.3561,-16.5095],[-58.3427,-16.4732],[-58.3636,-16.4367],[-58.3345,-16.3866],[-58.3396,-16.2893],[-58.3497,-16.2804],[-58.3929,-16.2794],[-58.4216,-16.3184],[-58.4647,-16.3313],[-60.1607,-16.2648],[-60.1798,-16.222],[-60.2464,-15.4783],[-60.5295,-15.1437],[-60.5822,-15.0989],[-60.275,-15.0952],[-60.2698,-15.0834],[-60.2917,-14.6301],[-60.304,-14.6082],[-60.3527,-14.5754],[-60.3692,-14.5428],[-60.3384,-14.5326],[-60.3438,-14.4909],[-60.3999,-14.3408],[-60.4643,-14.2784],[-60.4624,-14.1985],[-60.4789,-14.1627],[-60.4683,-14.1037],[-60.4194,-14.0769],[-60.3872,-13.9833],[-60.4488,-13.8968],[-60.4726,-13.7979],[-60.5751,-13.7656],[-60.5886,-13.7445],[-60.6527,-13.7188],[-60.7256,-13.6628]]]}},{"type":"Feature","id":"Mato Grosso do Sul","properties":{"id":"Mato Grosso do Sul","iso_code":"BR-MS","name":"Mato Grosso do Sul","name_full":"Mato Grosso do Sul","name_ja":"マットグロッソ・ド・スル州","center_lonlat":[-54.844,-20.3323]},"geometry":{"type":"Polygon","coordinates":[[[-57.7245,-17.7366],[-57.634,-17.7412],[-57.6077,-17.7767],[-57.6023,-17.8181],[-57.4896,-17.8726],[-57.4697,-17.9012],[-57.4707,-17.9475],[-57.4377,-17.878],[-57.4182,-17.8641],[-57.2542,-17.8224],[-57.2022,-17.7973],[-57.1313,-17.7866],[-57.0831,-17.7632],[-56.9789,-17.6568],[-56.9758,-17.5845],[-56.8955,-17.5338],[-56.8521,-17.4852],[-56.8415,-17.4012],[-56.7962,-17.3768],[-56.7829,-17.3405],[-56.7563,-17.3182],[-56.668,-17.3224],[-56.4978,-17.3035],[-56.4168,-17.3158],[-56.3615,-17.2817],[-56.3153,-17.2819],[-56.2393,-17.2139],[-56.1191,-17.1873],[-56.0439,-17.1981],[-55.9951,-17.2598],[-55.8471,-17.3051],[-55.7875,-17.3515],[-55.6318,-17.3805],[-55.5956,-17.4082],[-55.536,-17.5015],[-55.3391,-17.5846],[-55.2896,-17.6277],[-55.1805,-17.6858],[-54.9147,-17.6549],[-54.811,-17.6017],[-54.7522,-17.538],[-54.6971,-17.5167],[-54.6065,-17.505],[-54.5261,-17.5136],[-54.4205,-17.5809],[-54.404,-17.6559],[-54.3837,-17.6759],[-54.3363,-17.6777],[-54.2354,-17.6374],[-54.1284,-17.6239],[-54.0835,-17.5863],[-54.0495,-17.5208],[-53.951,-17.4579],[-53.8215,-17.3061],[-53.7582,-17.2598],[-53.6892,-17.2502],[-53.6827,-17.3083],[-53.7537,-17.6513],[-53.8486,-17.6839],[-53.8751,-17.7053],[-53.9262,-17.8113],[-53.9781,-17.8737],[-53.9888,-17.9022],[-53.9768,-17.9333],[-53.9416,-17.9281],[-53.8691,-17.9473],[-53.7675,-18.001],[-53.7282,-18.008],[-53.6047,-17.9929],[-53.4627,-18.0135],[-53.4219,-17.9998],[-53.2875,-17.9988],[-53.1466,-18.0316],[-53.0538,-18.0166],[-53.0409,-18.0956],[-53.0567,-18.2931],[-53.0335,-18.3574],[-52.9876,-18.3879],[-52.925,-18.3511],[-52.8944,-18.3477],[-52.7834,-18.3916],[-52.769,-18.4118],[-52.7783,-18.4492],[-52.8566,-18.5567],[-52.8963,-18.6648],[-52.7597,-18.7103],[-52.6156,-18.7226],[-52.4827,-18.7074],[-52.3557,-18.8099],[-52.2314,-18.8213],[-52.0985,-18.896],[-52.0598,-18.9447],[-51.913,-18.9883],[-51.8421,-19.0481],[-51.6319,-19.1318],[-51.4299,-19.1577],[-51.2954,-19.2597],[-51.1131,-19.293],[-51.0343,-19.3683],[-50.9612,-19.4735],[-50.9637,-19.4965],[-50.9371,-19.5493],[-50.95,-19.5685],[-50.9886,-19.5828],[-50.9913,-19.6458],[-51.0263,-19.7247],[-50.994,-20.1017],[-51.0291,-20.1893],[-51.087,-20.2634],[-51.1372,-20.2973],[-51.3264,-20.3624],[-51.5146,-20.5742],[-51.58,-20.5964],[-51.6202,-20.6998],[-51.632,-20.877],[-51.7457,-20.9956],[-51.7929,-21.0898],[-51.8711,-21.144],[-51.8516,-21.2986],[-51.8674,-21.343],[-51.9283,-21.402],[-51.9809,-21.4792],[-52.0705,-21.4803],[-52.1039,-21.5234],[-52.1063,-21.5503],[-52.0418,-21.6369],[-52.0436,-21.6661],[-52.0792,-21.7003],[-52.1527,-21.7393],[-52.2083,-21.8535],[-52.3038,-21.9249],[-52.3693,-22.0989],[-52.5189,-22.2233],[-52.6762,-22.2938],[-52.8168,-22.3801],[-52.8426,-22.4206],[-52.9191,-22.4558],[-52.967,-22.4589],[-53.0126,-22.5285],[-53.0482,-22.5389],[-53.1093,-22.6454],[-53.168,-22.7017],[-53.4796,-22.8308],[-53.5849,-22.9025],[-53.6227,-22.9816],[-53.6413,-23.106],[-53.7251,-23.2964],[-53.7538,-23.328],[-53.9681,-23.4438],[-54.0267,-23.6978],[-54.0678,-23.8165],[-54.0772,-23.9492],[-54.2458,-24.0504],[-54.3676,-23.9847],[-54.4432,-23.8999],[-54.6392,-23.8044],[-54.6968,-23.8452],[-54.8274,-23.887],[-54.8919,-23.9206],[-54.9436,-23.9692],[-55.1056,-23.9885],[-55.1654,-24.0168],[-55.3672,-23.9896],[-55.4207,-23.9545],[-55.4453,-23.7354],[-55.467,-23.6732],[-55.5305,-23.6035],[-55.5425,-23.4658],[-55.5155,-23.4102],[-55.5139,-23.3794],[-55.5622,-23.3079],[-55.5352,-23.2291],[-55.5609,-23.1459],[-55.5994,-23.1171],[-55.6007,-23.0445],[-55.6378,-23.0007],[-55.6343,-22.9328],[-55.659,-22.8183],[-55.6183,-22.7257],[-55.6237,-22.6387],[-55.7239,-22.5696],[-55.7413,-22.5372],[-55.7602,-22.392],[-55.8108,-22.3531],[-55.861,-22.2895],[-55.8744,-22.3173],[-55.9553,-22.3013],[-55.9986,-22.2772],[-56.0247,-22.2874],[-56.2143,-22.2754],[-56.3473,-22.1804],[-56.4076,-22.0758],[-56.5113,-22.0914],[-56.5957,-22.2015],[-56.6547,-22.2373],[-56.6488,-22.2635],[-56.7154,-22.2154],[-56.7435,-22.2504],[-56.8083,-22.248],[-56.8561,-22.2932],[-56.8795,-22.29],[-56.9037,-22.2369],[-56.9148,-22.2629],[-56.9605,-22.2548],[-56.9646,-22.2349],[-57.0851,-22.2381],[-57.1542,-22.208],[-57.1995,-22.2129],[-57.2138,-22.1882],[-57.2717,-22.2138],[-57.3318,-22.2024],[-57.3399,-22.217],[-57.385,-22.2133],[-57.464,-22.1804],[-57.5112,-22.1888],[-57.5423,-22.1715],[-57.6141,-22.177],[-57.6637,-22.1006],[-57.7737,-22.1077],[-57.7754,-22.124],[-57.8439,-22.1437],[-57.8714,-22.1212],[-57.9063,-22.1289],[-57.94,-22.1184],[-57.9862,-22.0745],[-57.9868,-22.0353],[-57.9626,-21.967],[-57.9254,-21.905],[-57.9559,-21.8511],[-57.9357,-21.8121],[-57.939,-21.7553],[-57.8956,-21.6884],[-57.9348,-21.6407],[-57.939,-21.6237],[-57.9121,-21.564],[-57.9398,-21.5482],[-57.9491,-21.5083],[-57.9299,-21.4531],[-57.8556,-21.3307],[-57.8823,-21.3164],[-57.9043,-21.2749],[-57.8479,-21.2162],[-57.834,-21.1738],[-57.8299,-21.127],[-57.8525,-21.0378],[-57.8254,-20.9986],[-57.8176,-20.9536],[-57.836,-20.9385],[-57.847,-20.956],[-57.9148,-20.9056],[-57.9087,-20.8816],[-57.8571,-20.8497],[-57.8596,-20.8316],[-57.8877,-20.8059],[-57.9404,-20.7936],[-57.8988,-20.7566],[-57.8653,-20.7474],[-57.8602,-20.7303],[-57.9181,-20.6698],[-57.9472,-20.6751],[-57.9564,-20.7099],[-57.9806,-20.6927],[-57.9731,-20.6512],[-57.991,-20.6206],[-58.01,-20.5001],[-57.9894,-20.4331],[-58.0456,-20.4093],[-58.083,-20.3762],[-58.0977,-20.3346],[-58.0951,-20.2722],[-58.1098,-20.2607],[-58.137,-20.2744],[-58.1563,-20.2617],[-58.1553,-20.2264],[-58.1185,-20.2144],[-58.137,-20.1856],[-58.1583,-20.1811],[-58.1588,-20.1651],[-58.1036,-20.144],[-58.0862,-20.1209],[-58.0535,-20.1077],[-58.0224,-20.065],[-57.9758,-20.0475],[-57.9592,-20.0262],[-57.9179,-20.0342],[-57.8956,-20.0242],[-57.8597,-19.9801],[-58.1169,-19.758],[-58.1246,-19.7299],[-57.789,-19.0592],[-57.7158,-19.0446],[-57.7318,-18.922],[-57.7823,-18.9104],[-57.5667,-18.2561],[-57.5357,-18.2405],[-57.4668,-18.2396],[-57.4745,-18.208],[-57.5112,-18.2056],[-57.5511,-18.1836],[-57.6369,-18.0011],[-57.7301,-17.8461],[-57.6988,-17.8431],[-57.6968,-17.8251],[-57.733,-17.7685],[-57.7245,-17.7366]]]}},{"type":"Feature","id":"Minas Gerais","properties":{"id":"Minas Gerais","iso_code":"BR-MG","name":"Minas Gerais","name_full":"Minas Gerais","name_ja":"ミナスジェライス州","center_lonlat":[-44.6745,-18.4505]},"geometry":{"type":"Polygon","coordinates":[[[-46.023,-14.8688],[-46.0048,-14.9425],[-45.9748,-14.9982],[-46.0821,-15.2222],[-46.0734,-15.2472],[-45.9691,-15.1884],[-45.9259,-15.127],[-45.7471,-15.1442],[-45.6791,-15.0938],[-45.6558,-15.0425],[-45.6059,-15.0065],[-45.5583,-14.9388],[-45.4619,-14.9399],[-45.4061,-14.9114],[-45.3578,-14.8694],[-45.3205,-14.8558],[-45.2243,-14.7404],[-45.1021,-14.719],[-44.8817,-14.5983],[-44.8592,-14.5786],[-44.8363,-14.519],[-44.5628,-14.3455],[-44.3606,-14.2732],[-44.3208,-14.2457],[-44.243,-14.2576],[-44.218,-14.2389],[-44.1678,-14.2696],[-44.1242,-14.2784],[-44.0984,-14.2698],[-44.0355,-14.2867],[-44.0021,-14.2734],[-43.9476,-14.3044],[-43.8934,-14.3026],[-43.8305,-14.318],[-43.7916,-14.3444],[-43.838,-14.4256],[-43.8828,-14.5617],[-43.8654,-14.604],[-43.8665,-14.6596],[-43.835,-14.6906],[-43.7376,-14.7107],[-43.7064,-14.7364],[-43.4924,-14.7886],[-43.4425,-14.775],[-43.3858,-14.7012],[-43.2815,-14.653],[-43.2226,-14.636],[-43.1596,-14.6349],[-42.953,-14.6795],[-42.8909,-14.7495],[-42.6486,-14.9323],[-42.5692,-14.934],[-42.4296,-15.0325],[-42.2856,-15.0989],[-42.2095,-15.1187],[-42.1656,-15.1084],[-42.0873,-15.1818],[-41.9965,-15.1666],[-41.9447,-15.1728],[-41.8553,-15.1223],[-41.8014,-15.1096],[-41.3606,-15.4952],[-41.3225,-15.742],[-41.2944,-15.7374],[-41.14,-15.7786],[-41.0299,-15.7345],[-40.9839,-15.6899],[-40.9449,-15.6735],[-40.8921,-15.6965],[-40.8131,-15.6872],[-40.7501,-15.7425],[-40.651,-15.7187],[-40.5836,-15.751],[-40.5448,-15.7986],[-40.4748,-15.7742],[-40.3541,-15.8204],[-40.2185,-15.8231],[-40.2081,-15.8586],[-40.1762,-15.8721],[-40.1702,-15.8967],[-40.131,-15.8925],[-40.1027,-15.9069],[-40.061,-15.9381],[-40.039,-15.9745],[-40.0047,-15.9938],[-39.935,-16.0011],[-39.8846,-16.0686],[-39.8613,-16.1356],[-39.9092,-16.2012],[-39.9194,-16.2713],[-39.9406,-16.3132],[-40.0572,-16.395],[-40.1333,-16.5022],[-40.1374,-16.5443],[-40.1961,-16.5446],[-40.2657,-16.5809],[-40.2831,-16.7491],[-40.2469,-16.8101],[-40.2469,-16.8397],[-40.3094,-16.8818],[-40.4081,-16.8846],[-40.4756,-16.8688],[-40.5208,-16.9209],[-40.5738,-17.1216],[-40.5632,-17.2618],[-40.601,-17.3017],[-40.6096,-17.3917],[-40.5767,-17.409],[-40.5572,-17.3722],[-40.517,-17.3643],[-40.5384,-17.4188],[-40.5272,-17.4311],[-40.4976,-17.4188],[-40.4819,-17.4428],[-40.4962,-17.5194],[-40.4879,-17.5541],[-40.4067,-17.5625],[-40.3759,-17.6304],[-40.3209,-17.6661],[-40.2932,-17.7103],[-40.207,-17.7658],[-40.187,-17.8374],[-40.2293,-17.9174],[-40.2068,-17.9785],[-40.2655,-17.9452],[-40.3084,-17.9426],[-40.3311,-17.9227],[-40.4231,-17.8968],[-40.4411,-17.8743],[-40.4535,-17.8911],[-40.4507,-17.9206],[-40.4663,-17.93],[-40.5259,-17.8996],[-40.5829,-17.9136],[-40.6662,-17.9565],[-40.7262,-17.9442],[-40.7918,-17.9735],[-40.8262,-17.9591],[-40.8802,-17.9654],[-40.9108,-17.9487],[-40.9111,-17.9718],[-40.7772,-18.0936],[-40.7693,-18.1456],[-40.8386,-18.15],[-40.9013,-18.1055],[-40.9322,-18.106],[-41.0155,-18.1752],[-41.0589,-18.1788],[-41.1132,-18.2667],[-41.1388,-18.2836],[-41.1305,-18.351],[-41.1485,-18.389],[-41.1196,-18.3848],[-41.0894,-18.3558],[-41.0089,-18.4248],[-41.003,-18.4664],[-41.0276,-18.6503],[-41.0139,-18.6649],[-40.934,-18.6794],[-40.9179,-18.7799],[-40.9319,-18.8074],[-40.9591,-18.8227],[-41.0908,-18.8294],[-41.1109,-18.808],[-41.1702,-18.8064],[-41.2167,-18.815],[-41.2398,-18.8431],[-41.2035,-18.8899],[-41.1651,-18.9074],[-41.1294,-18.888],[-41.1046,-18.8888],[-41.0533,-18.9304],[-41.0535,-18.9602],[-41.0265,-18.9812],[-41.0515,-19.0465],[-41.0176,-19.0637],[-40.9453,-19.1408],[-40.9334,-19.2076],[-40.9403,-19.268],[-40.9259,-19.2957],[-40.9328,-19.3615],[-40.9598,-19.4285],[-40.958,-19.466],[-40.9974,-19.5033],[-41.0455,-19.4912],[-41.0296,-19.5471],[-41.037,-19.5627],[-41.1568,-19.6605],[-41.1853,-19.8651],[-41.2341,-19.9119],[-41.278,-19.9217],[-41.305,-19.9536],[-41.3433,-20.1311],[-41.3703,-20.1912],[-41.4055,-20.2129],[-41.7286,-20.2093],[-41.7532,-20.2304],[-41.777,-20.2881],[-41.8502,-20.3419],[-41.8546,-20.3678],[-41.8399,-20.4012],[-41.7963,-20.4269],[-41.8078,-20.4733],[-41.796,-20.5308],[-41.8178,-20.5506],[-41.8538,-20.6278],[-41.818,-20.6272],[-41.8089,-20.6392],[-41.8819,-20.7569],[-41.8644,-20.7769],[-41.8853,-20.7977],[-41.9203,-20.8045],[-41.9287,-20.8454],[-41.9753,-20.923],[-42.0004,-20.9322],[-42.0239,-20.9206],[-42.0899,-20.9194],[-42.1377,-20.9563],[-42.1328,-20.9905],[-42.096,-21.0003],[-42.0971,-21.0109],[-42.1788,-21.1547],[-42.1787,-21.2035],[-42.2071,-21.2633],[-42.2208,-21.3371],[-42.2834,-21.3825],[-42.2971,-21.4118],[-42.2991,-21.4826],[-42.3666,-21.5937],[-42.3692,-21.6338],[-42.2944,-21.6394],[-42.2648,-21.6671],[-42.2803,-21.7136],[-42.3118,-21.7354],[-42.3634,-21.7335],[-42.4034,-21.7636],[-42.4581,-21.7764],[-42.5552,-21.8297],[-42.8871,-21.9598],[-42.9515,-22.0059],[-43.0145,-22.0146],[-43.0375,-22.0255],[-43.0592,-22.073],[-43.1033,-22.0692],[-43.1381,-22.0965],[-43.1468,-22.0723],[-43.1327,-22.0505],[-43.1341,-22.0245],[-43.2197,-22.0228],[-43.2529,-22.0066],[-43.3277,-22.0018],[-43.4698,-22.0579],[-43.5566,-22.0668],[-43.5878,-22.0462],[-43.6133,-22.0598],[-43.6477,-22.0553],[-43.6697,-22.0717],[-43.6918,-22.0619],[-43.7448,-22.0758],[-43.7847,-22.0559],[-44.086,-22.1686],[-44.1244,-22.2034],[-44.2403,-22.2582],[-44.2921,-22.2404],[-44.431,-22.2517],[-44.5327,-22.3045],[-44.6089,-22.3162],[-44.652,-22.3645],[-44.7315,-22.3584],[-44.8313,-22.4061],[-44.9228,-22.4507],[-45.0575,-22.4659],[-45.1146,-22.4904],[-45.2201,-22.5601],[-45.2503,-22.5649],[-45.2634,-22.6013],[-45.3991,-22.651],[-45.411,-22.6477],[-45.4205,-22.6095],[-45.4474,-22.5957],[-45.5193,-22.6493],[-45.5677,-22.6432],[-45.5831,-22.6168],[-45.6372,-22.6469],[-45.6695,-22.65],[-45.6805,-22.6293],[-45.6485,-22.5879],[-45.7261,-22.5887],[-45.7344,-22.5996],[-45.7116,-22.6449],[-45.8085,-22.7082],[-45.7922,-22.7262],[-45.7373,-22.7262],[-45.7261,-22.7447],[-45.7365,-22.7924],[-45.7736,-22.7942],[-45.7683,-22.8261],[-45.7866,-22.8493],[-45.8231,-22.8268],[-45.8641,-22.8616],[-45.9148,-22.8182],[-45.9353,-22.8374],[-45.9689,-22.836],[-46.0104,-22.8724],[-46.1224,-22.8929],[-46.1447,-22.8906],[-46.1392,-22.8578],[-46.1496,-22.8487],[-46.2806,-22.8817],[-46.3488,-22.8629],[-46.3647,-22.8218],[-46.3566,-22.7571],[-46.476,-22.6706],[-46.3955,-22.6267],[-46.4171,-22.5695],[-46.3857,-22.5316],[-46.4447,-22.5208],[-46.5354,-22.4796],[-46.552,-22.4373],[-46.6527,-22.4042],[-46.6629,-22.3584],[-46.7052,-22.3066],[-46.6644,-22.2052],[-46.6007,-22.1326],[-46.6292,-22.0968],[-46.6795,-22.0894],[-46.698,-22.0727],[-46.6961,-22.0621],[-46.6608,-22.0513],[-46.6716,-22.0301],[-46.6611,-22.0124],[-46.6267,-22.0043],[-46.6173,-21.99],[-46.6606,-21.9035],[-46.6448,-21.8648],[-46.6649,-21.8418],[-46.6685,-21.8125],[-46.6337,-21.7822],[-46.6057,-21.6805],[-46.5646,-21.6802],[-46.5188,-21.6027],[-46.5185,-21.5528],[-46.4924,-21.5248],[-46.5095,-21.4539],[-46.5454,-21.4307],[-46.6033,-21.4292],[-46.6117,-21.4105],[-46.6385,-21.3984],[-46.6471,-21.3699],[-46.6874,-21.3971],[-46.7629,-21.3607],[-46.8139,-21.3597],[-46.8392,-21.3846],[-46.8935,-21.4058],[-46.9759,-21.4115],[-47.0006,-21.4006],[-46.993,-21.3497],[-47.0518,-21.2035],[-47.1299,-21.1227],[-47.153,-21.0046],[-47.1451,-20.9804],[-47.224,-20.9076],[-47.2027,-20.788],[-47.1679,-20.7506],[-47.1545,-20.6988],[-47.1149,-20.6739],[-47.1089,-20.6408],[-47.1454,-20.5315],[-47.251,-20.4786],[-47.2921,-20.4375],[-47.2754,-20.2979],[-47.2446,-20.2612],[-47.2346,-20.206],[-47.255,-20.1662],[-47.3041,-20.1203],[-47.3987,-20.0725],[-47.4386,-20.036],[-47.4345,-19.9862],[-47.4686,-19.9589],[-47.5791,-19.9918],[-47.612,-20.034],[-47.6358,-20.0385],[-47.7152,-19.9751],[-47.8528,-19.9826],[-47.8771,-20.0052],[-47.8665,-20.034],[-47.8817,-20.0998],[-47.9268,-20.114],[-47.9444,-20.0958],[-47.9556,-20.0495],[-47.9894,-20.0278],[-47.9901,-20.0746],[-48.0064,-20.1134],[-48.0716,-20.1509],[-48.1681,-20.1029],[-48.2,-20.0317],[-48.2227,-20.0135],[-48.2434,-20.0427],[-48.2199,-20.1136],[-48.2426,-20.1377],[-48.3152,-20.1097],[-48.4009,-20.1097],[-48.4882,-20.1307],[-48.5654,-20.1234],[-48.6367,-20.1575],[-48.7155,-20.1439],[-48.8186,-20.1513],[-48.8439,-20.164],[-48.8885,-20.2608],[-48.867,-20.4073],[-48.9011,-20.4387],[-48.9694,-20.4005],[-48.9709,-20.2305],[-48.9789,-20.1848],[-49.0029,-20.1513],[-49.0417,-20.1434],[-49.0683,-20.17],[-49.0998,-20.2394],[-49.1493,-20.2952],[-49.1818,-20.3079],[-49.2164,-20.2941],[-49.2984,-20.1439],[-49.3065,-20.0751],[-49.2945,-20.0258],[-49.25,-20.0073],[-49.2428,-19.9893],[-49.273,-19.9684],[-49.3848,-19.98],[-49.5467,-19.9299],[-49.8822,-19.9311],[-50.3384,-19.8693],[-50.3643,-19.8585],[-50.4255,-19.7919],[-50.4896,-19.7823],[-50.5575,-19.8079],[-50.5778,-19.8465],[-50.6733,-19.9259],[-50.894,-20.0078],[-50.994,-20.1017],[-51.0263,-19.7247],[-50.9913,-19.6458],[-50.9886,-19.5828],[-50.95,-19.5685],[-50.9371,-19.5493],[-50.9637,-19.4965],[-50.9612,-19.4735],[-50.938,-19.4542],[-50.8709,-19.4859],[-50.8393,-19.463],[-50.8812,-19.4109],[-50.844,-19.2948],[-50.76,-19.2243],[-50.7466,-19.1826],[-50.6738,-19.1215],[-50.6538,-19.1103],[-50.5868,-19.1238],[-50.5454,-19.1092],[-50.4961,-19.0453],[-50.4868,-19.0145],[-50.5021,-18.9306],[-50.4513,-18.8831],[-50.3235,-18.7146],[-50.2977,-18.7002],[-50.112,-18.6632],[-50.0171,-18.6169],[-49.7978,-18.6228],[-49.5549,-18.5298],[-49.5135,-18.496],[-49.4839,-18.504],[-49.4559,-18.5678],[-49.4047,-18.6225],[-49.3769,-18.6314],[-49.1559,-18.4215],[-49.0181,-18.366],[-48.9523,-18.3263],[-48.818,-18.352],[-48.6142,-18.3408],[-48.2595,-18.3491],[-48.1697,-18.3798],[-48.1214,-18.4107],[-48.0573,-18.4054],[-48.0193,-18.4329],[-47.9152,-18.4528],[-47.6502,-18.3211],[-47.5763,-18.2239],[-47.4263,-18.1623],[-47.3365,-18.0846],[-47.2777,-18.0599],[-47.3559,-17.8308],[-47.3226,-17.7333],[-47.2679,-17.6651],[-47.2714,-17.581],[-47.3052,-17.5354],[-47.3987,-17.4999],[-47.4734,-17.5275],[-47.5305,-17.4549],[-47.5256,-17.3896],[-47.5001,-17.3298],[-47.4535,-17.3458],[-47.4379,-17.3398],[-47.4408,-17.3253],[-47.4174,-17.2982],[-47.4217,-17.2716],[-47.3968,-17.2382],[-47.3799,-17.2397],[-47.3521,-17.2089],[-47.3336,-17.1577],[-47.3084,-17.1409],[-47.2827,-17.1411],[-47.2592,-17.1],[-47.2105,-17.0757],[-47.232,-17.0337],[-47.2231,-17.012],[-47.1961,-16.9876],[-47.1655,-16.9912],[-47.1512,-16.9775],[-47.1612,-16.9198],[-47.2665,-16.6618],[-47.3475,-16.593],[-47.4041,-16.569],[-47.4534,-16.4994],[-47.4332,-16.4104],[-47.3911,-16.3721],[-47.3265,-16.2476],[-47.3377,-16.1469],[-47.3025,-16.0401],[-47.2702,-16.0271],[-47.2193,-16.0295],[-47.1679,-15.9818],[-47.1293,-15.9213],[-47.0781,-15.9376],[-47.0318,-15.9147],[-46.9124,-15.8994],[-46.8358,-15.8644],[-46.8369,-15.768],[-46.8679,-15.5907],[-46.9285,-15.5505],[-46.9366,-15.4318],[-46.8548,-15.3238],[-46.8847,-15.2422],[-46.9286,-15.241],[-46.9299,-15.2286],[-46.8943,-15.0587],[-46.8789,-15.0338],[-46.8335,-15.0129],[-46.7688,-15.0095],[-46.6157,-15.0767],[-46.5668,-15.0565],[-46.5462,-15.0284],[-46.5564,-14.9488],[-46.5779,-14.9162],[-46.5573,-14.8639],[-46.582,-14.8013],[-46.511,-14.7116],[-46.3705,-14.7846],[-46.3245,-14.8354],[-46.2882,-14.9125],[-46.2212,-14.9155],[-46.192,-14.9354],[-46.1253,-14.9251],[-46.0953,-14.9325],[-46.0518,-14.8834],[-46.023,-14.8688]]]}},{"type":"Feature","id":"Para","properties":{"id":"Para","iso_code":"BR-PA","name":"Para","name_full":"Pará","name_ja":"パラー州","center_lonlat":[-53.2709,-4.1808]},"geometry":{"type":"MultiPolygon","coordinates":[[[[-54.7755,2.4573],[-54.7347,2.4147],[-54.7157,2.2774],[-54.7505,2.1907],[-54.7838,2.1681],[-54.7874,2.1284],[-54.7613,2.104],[-54.753,2.0739],[-54.7979,2.02],[-54.7637,1.9783],[-54.7651,1.8878],[-54.7533,1.805],[-54.7355,1.772],[-54.6884,1.7636],[-54.5884,1.7843],[-54.4961,1.7478],[-54.4174,1.764],[-54.3806,1.7515],[-54.3616,1.7621],[-54.1943,1.6508],[-54.1716,1.6588],[-54.1334,1.6136],[-54.1047,1.6113],[-54.1134,1.5862],[-54.077,1.5048],[-53.9955,1.5218],[-53.9261,1.4649],[-53.8868,1.403],[-53.8577,1.4004],[-53.8559,1.3851],[-53.825,1.3888],[-53.8243,1.4156],[-53.7538,1.3941],[-53.7309,1.4386],[-53.7024,1.4119],[-53.6665,1.4276],[-53.6559,1.3652],[-53.6041,1.3743],[-53.5518,1.3626],[-53.5652,1.3234],[-53.5412,1.2863],[-53.5431,1.2439],[-53.4624,1.2635],[-53.4339,1.2565],[-53.4069,1.1882],[-53.4596,1.1688],[-53.4665,1.1296],[-53.4317,1.0422],[-53.4361,1.0155],[-53.4162,0.9418],[-53.3495,0.884],[-53.3153,0.8219],[-53.2821,0.7905],[-53.1324,0.7509],[-53.1158,0.7368],[-53.1126,0.6815],[-53.1408,0.5266],[-53.1304,0.3985],[-53.0831,0.2904],[-53.0415,0.2472],[-53.0072,0.137],[-53.0119,0.0408],[-52.9739,-0.0158],[-52.9154,-0.192],[-52.8726,-0.2025],[-52.8137,-0.1802],[-52.6995,-0.3046],[-52.6747,-0.3556],[-52.6269,-0.3972],[-52.6319,-0.5569],[-52.6043,-0.6114],[-52.5524,-0.6221],[-52.524,-0.6587],[-52.5069,-0.7442],[-52.5197,-0.7986],[-52.5102,-0.8279],[-52.5174,-0.8758],[-52.4996,-0.8812],[-52.4213,-0.8605],[-52.3813,-0.8868],[-52.3689,-0.9232],[-52.3907,-0.9632],[-52.3667,-1.0614],[-52.3183,-1.0848],[-52.266,-1.1359],[-52.1238,-1.1539],[-52.0985,-1.1714],[-52.0688,-1.2192],[-52.0561,-1.2128],[-52.0471,-1.1713],[-51.999,-1.1663],[-51.9802,-1.1402],[-51.9083,-1.158],[-51.9294,-1.1783],[-51.9215,-1.3258],[-51.9954,-1.3964],[-52.0873,-1.4016],[-52.1514,-1.381],[-52.1954,-1.345],[-52.2381,-1.3464],[-52.2855,-1.3901],[-52.422,-1.4304],[-52.4751,-1.4841],[-52.5581,-1.5187],[-52.6974,-1.5524],[-52.71,-1.5678],[-52.7081,-1.6],[-52.595,-1.5735],[-52.3439,-1.5524],[-52.2791,-1.5182],[-52.2504,-1.5422],[-52.2311,-1.6027],[-52.2586,-1.6555],[-52.2602,-1.6952],[-52.2488,-1.7031],[-52.204,-1.6902],[-52.1971,-1.6697],[-52.142,-1.6227],[-52.0774,-1.6213],[-51.9586,-1.5934],[-51.6695,-1.4016],[-51.595,-1.3869],[-51.462,-1.3294],[-51.4177,-1.2917],[-51.3996,-1.2511],[-51.327,-1.2309],[-51.3474,-1.2576],[-51.2834,-1.2314],[-51.1875,-1.1217],[-51.0034,-1.0138],[-50.9911,-0.9872],[-51.0098,-0.936],[-50.9973,-0.9225],[-50.9767,-0.9202],[-50.9574,-0.9499],[-50.9359,-0.9566],[-50.9533,-0.9313],[-50.9427,-0.9088],[-50.8396,-0.9128],[-50.8217,-0.9353],[-50.8339,-1.0587],[-50.9018,-1.121],[-50.9564,-1.1285],[-50.8475,-1.1978],[-50.8199,-1.2317],[-50.8267,-1.3709],[-50.8055,-1.4016],[-50.8192,-1.4363],[-50.7787,-1.4986],[-50.7667,-1.5408],[-50.6796,-1.629],[-50.6547,-1.738],[-50.6739,-1.7647],[-50.691,-1.7654],[-50.7373,-1.738],[-50.7095,-1.7909],[-50.7173,-1.8225],[-50.7583,-1.8454],[-50.767,-1.8821],[-50.7876,-1.8974],[-50.8149,-1.8965],[-50.8798,-1.852],[-50.8927,-1.8792],[-50.8534,-1.9083],[-50.8442,-1.9553],[-50.8186,-1.969],[-50.8184,-1.9246],[-50.7021,-1.9095],[-50.6986,-1.8541],[-50.66,-1.803],[-50.6106,-1.8142],[-50.5472,-1.9069],[-50.5045,-1.9291],[-50.4667,-1.9278],[-50.484,-1.9776],[-50.443,-1.936],[-50.4575,-1.9838],[-50.4158,-2.0732],[-50.4039,-2.0358],[-50.3825,-2.0172],[-50.3728,-1.9737],[-50.3125,-1.9088],[-50.2808,-1.8938],[-50.2316,-1.8958],[-50.1619,-1.9156],[-50.1548,-1.8827],[-50.1104,-1.8492],[-50.0249,-1.8261],[-49.9769,-1.8261],[-49.8693,-1.8888],[-49.8705,-1.919],[-49.8944,-1.9633],[-49.8603,-1.9225],[-49.8502,-1.9827],[-49.8876,-2.0875],[-49.8534,-2.0458],[-49.8125,-2.108],[-49.8392,-2.005],[-49.8466,-1.9018],[-49.8309,-1.9181],[-49.8323,-1.9496],[-49.8105,-1.9006],[-49.7605,-1.8967],[-49.7237,-1.9291],[-49.7213,-1.9041],[-49.7026,-1.9225],[-49.694,-1.9073],[-49.6761,-1.9086],[-49.6046,-1.9679],[-49.5928,-2.0117],[-49.5794,-1.9943],[-49.5929,-1.964],[-49.6343,-1.9094],[-49.6474,-1.9156],[-49.6548,-1.8951],[-49.598,-1.8427],[-49.5633,-1.8352],[-49.5375,-1.8609],[-49.5224,-1.796],[-49.4852,-1.7639],[-49.4665,-1.7643],[-49.458,-1.7787],[-49.463,-1.8058],[-49.422,-1.779],[-49.4512,-1.8246],[-49.4542,-1.8561],[-49.4348,-1.88],[-49.3704,-1.905],[-49.3697,-1.9402],[-49.3941,-1.9838],[-49.3811,-1.9913],[-49.422,-2.039],[-49.4305,-2.1412],[-49.4455,-2.1838],[-49.503,-2.2584],[-49.5065,-2.3196],[-49.5489,-2.4031],[-49.5458,-2.5165],[-49.6173,-2.615],[-49.6769,-2.6491],[-49.689,-2.669],[-49.6637,-2.6777],[-49.5274,-2.6284],[-49.5183,-2.5803],[-49.4825,-2.5568],[-49.4773,-2.5325],[-49.4426,-2.4924],[-49.4268,-2.3673],[-49.3316,-2.2048],[-49.3005,-2.0909],[-49.232,-1.9482],[-49.1456,-1.8568],[-49.123,-1.768],[-49.0089,-1.6811],[-48.9656,-1.5997],[-48.9261,-1.5936],[-48.8564,-1.559],[-48.8929,-1.5983],[-48.9116,-1.673],[-48.9462,-1.7047],[-48.9434,-1.743],[-48.9556,-1.7663],[-48.9687,-1.7859],[-49.0117,-1.8074],[-49.0333,-1.8466],[-49.0024,-1.8429],[-48.9828,-1.8139],[-48.9295,-1.7878],[-48.9107,-1.7421],[-48.8814,-1.7135],[-48.8907,-1.6865],[-48.8563,-1.6659],[-48.8451,-1.6414],[-48.8153,-1.6384],[-48.7331,-1.4943],[-48.6993,-1.4729],[-48.6569,-1.3834],[-48.6421,-1.3857],[-48.535,-1.5815],[-48.5239,-1.5803],[-48.4902,-1.6191],[-48.4526,-1.6257],[-48.4283,-1.6623],[-48.4215,-1.6451],[-48.4346,-1.5903],[-48.4784,-1.5351],[-48.4829,-1.5114],[-48.428,-1.5242],[-48.3558,-1.5004],[-48.3253,-1.4705],[-48.4072,-1.4562],[-48.4556,-1.4729],[-48.4966,-1.4614],[-48.4828,-1.2813],[-48.4359,-1.2187],[-48.4232,-1.2325],[-48.4254,-1.2973],[-48.3346,-1.3137],[-48.305,-1.1882],[-48.2814,-1.1671],[-48.2502,-1.1894],[-48.2781,-1.1285],[-48.2229,-1.1135],[-48.2744,-1.1135],[-48.2911,-1.0795],[-48.2917,-1.0436],[-48.1981,-1.0305],[-48.1403,-0.9013],[-48.1403,-0.8429],[-48.1608,-0.816],[-48.154,-0.7818],[-48.1116,-0.7245],[-48.0379,-0.6617],[-48.0174,-0.6959],[-48.0236,-0.7232],[-47.9621,-0.7818],[-47.9461,-0.7405],[-47.8779,-0.6969],[-47.8662,-0.6735],[-47.8024,-0.6903],[-47.8253,-0.6395],[-47.8091,-0.5652],[-47.775,-0.5993],[-47.7703,-0.6371],[-47.7252,-0.6441],[-47.7157,-0.713],[-47.7434,-0.7463],[-47.7363,-0.7573],[-47.6106,-0.6939],[-47.5781,-0.6354],[-47.5845,-0.5782],[-47.5384,-0.6108],[-47.543,-0.627],[-47.4874,-0.7283],[-47.4967,-0.7647],[-47.4086,-0.7711],[-47.4064,-0.8014],[-47.3931,-0.8126],[-47.3794,-0.7709],[-47.3931,-0.7472],[-47.4483,-0.6959],[-47.4687,-0.7306],[-47.47,-0.6218],[-47.4483,-0.6071],[-47.4619,-0.5929],[-47.4464,-0.5851],[-47.4144,-0.5812],[-47.3998,-0.5929],[-47.4141,-0.6139],[-47.4073,-0.6816],[-47.4073,-0.6603],[-47.3931,-0.6481],[-47.3857,-0.6728],[-47.3657,-0.6816],[-47.3802,-0.6589],[-47.3732,-0.6339],[-47.3594,-0.631],[-47.3247,-0.6549],[-47.3452,-0.6071],[-47.3288,-0.6135],[-47.294,-0.5929],[-47.2791,-0.5992],[-47.2764,-0.6481],[-47.2508,-0.6471],[-47.2558,-0.676],[-47.2345,-0.6511],[-47.2428,-0.6202],[-47.1946,-0.6638],[-47.2086,-0.6818],[-47.2223,-0.6691],[-47.249,-0.7027],[-47.236,-0.7164],[-47.2082,-0.6992],[-47.1739,-0.7096],[-47.1609,-0.6816],[-47.1584,-0.7288],[-47.1944,-0.761],[-47.1908,-0.7702],[-47.1671,-0.7573],[-47.1558,-0.7641],[-47.1398,-0.7989],[-47.1396,-0.7414],[-47.1261,-0.7306],[-47.1193,-0.7506],[-47.099,-0.6656],[-47.0775,-0.6657],[-47.0715,-0.7027],[-47.0845,-0.7506],[-47.0784,-0.7573],[-47.0715,-0.7437],[-47.0599,-0.7896],[-47.0436,-0.7914],[-47.0784,-0.8263],[-47.0572,-0.8671],[-47.0478,-0.8107],[-47.0299,-0.7853],[-47.0162,-0.7914],[-47.0152,-0.76],[-46.9846,-0.7492],[-46.9691,-0.6959],[-46.9569,-0.7101],[-46.9691,-0.7853],[-46.9548,-0.7709],[-46.9463,-0.7761],[-46.9474,-0.7989],[-46.9281,-0.7989],[-46.9412,-0.8263],[-46.9281,-0.8194],[-46.9222,-0.8346],[-46.963,-0.865],[-46.965,-0.8933],[-46.9474,-0.9013],[-46.9491,-0.8615],[-46.9008,-0.8574],[-46.9002,-0.8393],[-46.8927,-0.8468],[-46.8927,-0.7853],[-46.8729,-0.8126],[-46.8456,-0.7989],[-46.8729,-0.7784],[-46.8182,-0.7232],[-46.8313,-0.7096],[-46.8192,-0.7117],[-46.7965,-0.7369],[-46.8109,-0.7467],[-46.7965,-0.7647],[-46.8182,-0.7709],[-46.8133,-0.7908],[-46.8313,-0.8051],[-46.8179,-0.8141],[-46.8245,-0.8331],[-46.7904,-0.8051],[-46.7997,-0.8652],[-46.7829,-0.9013],[-46.7864,-0.8627],[-46.7767,-0.8468],[-46.7699,-0.8671],[-46.7596,-0.8615],[-46.7555,-0.8194],[-46.7146,-0.8777],[-46.7494,-0.943],[-46.6979,-0.8808],[-46.6887,-0.8258],[-46.6674,-0.8331],[-46.657,-0.8639],[-46.6327,-0.8632],[-46.6559,-0.8018],[-46.6138,-0.8132],[-46.5985,-0.8671],[-46.6265,-0.9088],[-46.6088,-0.9111],[-46.619,-0.9355],[-46.6462,-0.9454],[-46.6674,-0.9225],[-46.6823,-0.9467],[-46.7375,-0.9843],[-46.7494,-1.0187],[-46.7207,-0.984],[-46.6811,-0.9635],[-46.6051,-0.9566],[-46.5816,-0.9704],[-46.5613,-0.9283],[-46.5029,-0.8838],[-46.4276,-0.8686],[-46.4163,-0.8807],[-46.4212,-0.8945],[-46.4803,-0.9195],[-46.4731,-0.9365],[-46.4885,-0.9761],[-46.4715,-0.9859],[-46.4801,-1.0222],[-46.4627,-1.0317],[-46.475,-1.0453],[-46.4532,-1.0436],[-46.4357,-1.0239],[-46.4067,-1.0392],[-46.3845,-1.0099],[-46.3649,-1.0084],[-46.3565,-1.0753],[-46.3462,-1.0339],[-46.3227,-1.0203],[-46.3248,-1.1074],[-46.3013,-1.0792],[-46.2969,-1.0317],[-46.2484,-1.0937],[-46.2833,-1.0294],[-46.2642,-1.0167],[-46.279,-0.9863],[-46.2503,-0.931],[-46.2003,-0.9076],[-46.1718,-0.921],[-46.1739,-0.9566],[-46.19,-0.9592],[-46.2212,-1.0112],[-46.1986,-1.0105],[-46.215,-1.0248],[-46.2075,-1.0392],[-46.2212,-1.059],[-46.2115,-1.0748],[-46.2621,-1.1832],[-46.2212,-1.1415],[-46.1665,-1.1484],[-46.1392,-1.1135],[-46.1461,-1.1764],[-46.1268,-1.1461],[-46.1226,-1.0953],[-46.1017,-1.0733],[-46.0647,-1.1476],[-46.0941,-1.1783],[-46.0846,-1.2104],[-46.1322,-1.2308],[-46.1664,-1.3022],[-46.1254,-1.3463],[-46.2012,-1.4841],[-46.1792,-1.5733],[-46.2038,-1.6119],[-46.2012,-1.6793],[-46.2269,-1.7161],[-46.314,-1.7319],[-46.3172,-1.7414],[-46.3037,-1.8025],[-46.228,-1.7966],[-46.2091,-1.8224],[-46.221,-1.8677],[-46.2142,-1.9291],[-46.2803,-2.1407],[-46.3672,-2.2483],[-46.4271,-2.245],[-46.4094,-2.2656],[-46.4152,-2.3264],[-46.4529,-2.3747],[-46.4089,-2.3623],[-46.4084,-2.3853],[-46.4337,-2.4112],[-46.4306,-2.5271],[-46.4905,-2.5503],[-46.4931,-2.5792],[-46.5241,-2.6314],[-46.5959,-2.6645],[-46.6121,-2.656],[-46.6211,-2.681],[-46.6594,-2.7159],[-46.6667,-2.7385],[-46.6189,-2.8068],[-46.6045,-2.8004],[-46.5984,-2.8341],[-46.5711,-2.8515],[-46.6175,-2.8738],[-46.6189,-2.903],[-46.646,-2.8923],[-46.637,-2.9973],[-46.6558,-3.0241],[-46.6667,-3.0942],[-46.7008,-3.1494],[-46.7121,-3.137],[-46.7356,-3.1494],[-46.7178,-3.1592],[-46.7239,-3.1759],[-46.7629,-3.1972],[-46.7699,-3.216],[-46.7561,-3.2245],[-46.8107,-3.2859],[-46.8243,-3.3275],[-46.8786,-3.3385],[-46.9446,-3.3982],[-46.941,-3.4442],[-46.9547,-3.4914],[-46.9673,-3.4946],[-46.9683,-3.5255],[-47.0297,-3.5688],[-47.0231,-3.5988],[-47.0502,-3.6733],[-47.044,-3.7043],[-47.0786,-3.8766],[-47.1567,-3.9411],[-47.2011,-3.9991],[-47.2632,-4.0531],[-47.2822,-4.0539],[-47.2905,-4.081],[-47.3109,-4.0668],[-47.3297,-4.1047],[-47.3314,-4.1425],[-47.3451,-4.1425],[-47.3337,-4.1646],[-47.3656,-4.2251],[-47.3651,-4.2538],[-47.4521,-4.3323],[-47.4874,-4.4193],[-47.5814,-4.5471],[-47.6609,-4.608],[-47.7056,-4.6104],[-47.7341,-4.5912],[-47.8007,-4.5958],[-48.7432,-5.3525],[-48.723,-5.3553],[-48.6869,-5.3579],[-48.6342,-5.3891],[-48.5556,-5.4129],[-48.3769,-5.3935],[-48.2972,-5.5171],[-48.2705,-5.5341],[-48.2092,-5.5385],[-48.1487,-5.6103],[-48.1424,-5.6461],[-48.1863,-5.701],[-48.2886,-5.7272],[-48.2972,-5.7495],[-48.291,-5.8283],[-48.2318,-5.8919],[-48.2278,-5.9349],[-48.3334,-5.9762],[-48.3333,-6.0236],[-48.2842,-6.0548],[-48.2842,-6.0976],[-48.4249,-6.1566],[-48.4237,-6.2446],[-48.4077,-6.299],[-48.3775,-6.3275],[-48.3798,-6.3596],[-48.4623,-6.3422],[-48.5008,-6.3511],[-48.6063,-6.435],[-48.6678,-6.5415],[-48.6541,-6.6063],[-48.6682,-6.6493],[-48.8465,-6.7401],[-49.0105,-6.7807],[-49.1985,-6.9026],[-49.2164,-6.9251],[-49.2211,-6.9642],[-49.1892,-7.0827],[-49.1892,-7.2472],[-49.2183,-7.3093],[-49.3749,-7.5001],[-49.3902,-7.5471],[-49.3906,-7.5976],[-49.3484,-7.6793],[-49.2239,-7.7738],[-49.1634,-7.8036],[-49.1986,-8.0586],[-49.2263,-8.0935],[-49.3046,-8.3679],[-49.3808,-8.4368],[-49.4281,-8.5488],[-49.5038,-8.6723],[-49.5034,-8.7089],[-49.5536,-8.7752],[-49.5655,-8.8112],[-49.6013,-8.8475],[-49.6817,-8.8716],[-49.7551,-8.923],[-49.8325,-9.0477],[-50.0537,-9.3191],[-50.0997,-9.4817],[-50.1116,-9.587],[-50.1502,-9.7004],[-50.1891,-9.7411],[-50.2357,-9.844],[-55.0927,-9.5651],[-56.4616,-9.4669],[-56.4675,-9.4754],[-56.6782,-9.3773],[-56.7701,-9.3979],[-56.7976,-9.3752],[-56.8097,-9.3135],[-56.8371,-9.2731],[-56.9253,-9.2445],[-57.0148,-9.2422],[-57.0598,-9.219],[-57.0727,-9.1977],[-57.0732,-9.1227],[-57.093,-9.0576],[-57.3088,-8.9508],[-57.3585,-8.9133],[-57.3753,-8.8737],[-57.4819,-8.7927],[-57.5911,-8.7449],[-57.6085,-8.6531],[-57.6442,-8.6027],[-57.6526,-8.4931],[-57.6804,-8.4458],[-57.6436,-8.2155],[-57.7882,-8.0359],[-57.8803,-7.7696],[-57.8937,-7.6926],[-57.9407,-7.6313],[-57.9798,-7.5302],[-58.059,-7.411],[-58.1355,-7.3391],[-58.1705,-7.2997],[-58.1853,-7.1666],[-58.217,-7.11],[-58.3918,-6.9559],[-58.421,-6.9133],[-58.4666,-6.7833],[-58.4664,-6.7016],[-58.4338,-6.6483],[-58.3427,-6.5713],[-58.2944,-6.4969],[-56.3897,-2.3906],[-56.3802,-2.3392],[-56.399,-2.3039],[-56.3119,-2.2358],[-56.3969,-2.2722],[-56.4774,-2.2564],[-56.4871,-2.2411],[-56.4809,-2.1834],[-56.4986,-2.1617],[-56.5731,-2.1831],[-56.6352,-2.2224],[-56.7395,-2.1811],[-56.7613,-2.1527],[-56.743,-2.0652],[-56.7535,-2.0361],[-56.8346,-2.0319],[-56.9169,-1.9769],[-56.992,-1.9454],[-57.0514,-1.8855],[-57.0879,-1.8118],[-57.1822,-1.7654],[-57.2423,-1.7658],[-57.2547,-1.7162],[-57.3375,-1.7292],[-57.4055,-1.7088],[-57.5634,-1.6226],[-57.6671,-1.5837],[-57.6963,-1.5427],[-57.7485,-1.5209],[-57.8121,-1.4535],[-57.9015,-1.4233],[-57.9805,-1.3482],[-58.0817,-1.2984],[-58.1308,-1.2366],[-58.1607,-1.2362],[-58.1841,-1.22],[-58.2441,-1.1355],[-58.3075,-1.1243],[-58.3895,-1.049],[-58.4102,-1.0127],[-58.4147,-0.9533],[-58.4483,-0.8476],[-58.5591,-0.7672],[-58.6276,-0.7651],[-58.7384,-0.6525],[-58.7504,-0.5942],[-58.7301,-0.4467],[-58.7511,-0.4218],[-58.8251,-0.3875],[-58.8537,-0.352],[-58.8634,-0.1737],[-58.8493,-0.0828],[-58.8705,0.2254],[-58.972,1.3123],[-58.9275,1.2842],[-58.8979,1.2178],[-58.834,1.1858],[-58.7719,1.2013],[-58.6977,1.2811],[-58.5805,1.2727],[-58.557,1.2869],[-58.5189,1.2673],[-58.4811,1.3339],[-58.5137,1.4389],[-58.4989,1.4574],[-58.4135,1.472],[-58.3864,1.4902],[-58.3903,1.5308],[-58.3514,1.5533],[-58.3205,1.6012],[-58.2992,1.5752],[-58.2605,1.5603],[-58.2197,1.5561],[-58.1873,1.5676],[-58.1486,1.5191],[-58.0691,1.509],[-58.0272,1.5169],[-57.987,1.5868],[-57.985,1.6577],[-57.9222,1.6425],[-57.7588,1.7135],[-57.6386,1.6962],[-57.5612,1.709],[-57.4648,1.8157],[-57.4295,1.9003],[-57.3415,1.9688],[-57.2948,1.9748],[-57.2384,1.9485],[-57.1045,2.0215],[-57.0741,1.9972],[-57.056,1.9481],[-57.0112,1.9186],[-56.9219,1.9181],[-56.8907,1.8902],[-56.8065,1.8736],[-56.7806,1.8791],[-56.7376,1.913],[-56.684,1.9121],[-56.6396,1.9369],[-56.5749,1.9055],[-56.4818,1.9416],[-56.4152,1.9197],[-56.348,1.9266],[-56.2738,1.8875],[-56.2098,1.8885],[-56.0197,1.8335],[-55.9538,1.8533],[-55.922,1.8862],[-55.9183,2.0504],[-56.0313,2.1635],[-56.054,2.2241],[-56.0729,2.2415],[-56.1468,2.2562],[-56.1038,2.3491],[-56.0502,2.347],[-56.0133,2.3988],[-55.9969,2.5033],[-55.971,2.5303],[-55.925,2.5157],[-55.8538,2.4626],[-55.7736,2.4401],[-55.7546,2.4094],[-55.7243,2.3969],[-55.6083,2.434],[-55.3996,2.4302],[-55.3711,2.4425],[-55.3378,2.5113],[-55.3028,2.5197],[-55.2519,2.4979],[-55.172,2.5593],[-55.1378,2.5622],[-55.1366,2.5338],[-55.1209,2.5248],[-55.0177,2.5906],[-54.9591,2.609],[-54.9786,2.5431],[-54.8803,2.4473],[-54.8419,2.4335],[-54.7755,2.4573]]],[[[-48.4625,-0.5761],[-48.4966,-0.676],[-48.4858,-0.6847],[-48.4966,-0.7437],[-48.5723,-0.6816],[-48.5235,-0.7734],[-48.5375,-0.7989],[-48.5262,-0.8202],[-48.5277,-0.8727],[-48.5601,-0.9143],[-48.6332,-0.9492],[-48.6307,-0.9689],[-48.6648,-1.0012],[-48.6288,-1.0097],[-48.6269,-1.0248],[-48.6543,-1.0453],[-48.6283,-1.0478],[-48.6428,-1.0836],[-48.7583,-1.1506],[-48.8187,-1.2029],[-48.8496,-1.198],[-48.9149,-1.1347],[-48.9211,-1.1415],[-48.8948,-1.1812],[-48.842,-1.2133],[-48.8446,-1.2493],[-48.8672,-1.2514],[-48.7963,-1.2685],[-48.8024,-1.3398],[-48.833,-1.4158],[-48.9422,-1.2958],[-48.9638,-1.283],[-48.9901,-1.2924],[-48.9574,-1.2955],[-48.946,-1.309],[-48.955,-1.3242],[-48.9833,-1.3327],[-48.9766,-1.3561],[-48.9901,-1.3743],[-48.9451,-1.3464],[-48.9211,-1.3879],[-48.8924,-1.398],[-48.8392,-1.45],[-48.8876,-1.4667],[-48.9181,-1.5046],[-48.9444,-1.491],[-48.9562,-1.5087],[-49.0658,-1.5319],[-49.0735,-1.5139],[-49.1068,-1.5046],[-49.1514,-1.4016],[-49.1819,-1.4016],[-49.1977,-1.3884],[-49.2091,-1.3947],[-49.1916,-1.4086],[-49.1844,-1.4534],[-49.2041,-1.5291],[-49.2015,-1.5532],[-49.1819,-1.5661],[-49.1955,-1.5735],[-49.203,-1.5598],[-49.2296,-1.5735],[-49.1955,-1.6008],[-49.1682,-1.5866],[-49.2228,-1.6212],[-49.2937,-1.6175],[-49.3532,-1.5735],[-49.3941,-1.5289],[-49.3873,-1.4841],[-49.4146,-1.5417],[-49.4096,-1.5639],[-49.3542,-1.6144],[-49.3583,-1.6376],[-49.3724,-1.6466],[-49.443,-1.6354],[-49.4833,-1.6021],[-49.4966,-1.4977],[-49.5313,-1.4977],[-49.5076,-1.5226],[-49.504,-1.5866],[-49.5244,-1.5803],[-49.5141,-1.6081],[-49.5565,-1.6454],[-49.5449,-1.676],[-49.5592,-1.6828],[-49.5443,-1.6983],[-49.5587,-1.7242],[-49.6033,-1.7175],[-49.6691,-1.7721],[-49.6883,-1.7693],[-49.751,-1.6418],[-49.7442,-1.5803],[-49.764,-1.6452],[-49.7296,-1.7526],[-49.7764,-1.8072],[-49.8236,-1.8166],[-49.9254,-1.7617],[-50.0023,-1.7455],[-50.0323,-1.7156],[-50.0282,-1.6555],[-50.0548,-1.6647],[-50.0599,-1.7179],[-50.155,-1.779],[-50.187,-1.7491],[-50.2245,-1.739],[-50.2372,-1.7053],[-50.2377,-1.6213],[-50.2736,-1.6105],[-50.2786,-1.5974],[-50.2496,-1.5631],[-50.265,-1.5182],[-50.2582,-1.4841],[-50.276,-1.497],[-50.2768,-1.5146],[-50.2582,-1.5598],[-50.2922,-1.5974],[-50.2426,-1.6415],[-50.265,-1.7448],[-50.3065,-1.6555],[-50.2848,-1.7551],[-50.2942,-1.7727],[-50.3166,-1.7785],[-50.3667,-1.7721],[-50.297,-1.8035],[-50.3487,-1.8287],[-50.4052,-1.831],[-50.5597,-1.7995],[-50.6039,-1.7721],[-50.6001,-1.7493],[-50.5666,-1.7306],[-50.5879,-1.6845],[-50.7423,-1.5312],[-50.8032,-1.435],[-50.7994,-1.4016],[-50.7857,-1.3947],[-50.8131,-1.3364],[-50.7782,-1.1725],[-50.8058,-1.1023],[-50.7926,-1.0862],[-50.5597,-1.1832],[-50.6167,-1.1199],[-50.5697,-1.1005],[-50.5393,-1.1074],[-50.5222,-1.0866],[-50.5524,-1.0733],[-50.5455,-1.0528],[-50.53,-1.0388],[-50.4766,-1.0392],[-50.5285,-1.0253],[-50.5768,-1.0632],[-50.6638,-1.0949],[-50.7558,-1.0822],[-50.7926,-1.0187],[-50.7982,-0.9113],[-50.7782,-0.8194],[-50.7576,-0.8068],[-50.7373,-0.8263],[-50.7406,-0.802],[-50.7873,-0.7633],[-50.772,-0.7164],[-50.7857,-0.7027],[-50.7799,-0.6606],[-50.7373,-0.5519],[-50.6841,-0.6398],[-50.6075,-0.676],[-50.5485,-0.6778],[-50.5604,-0.6593],[-50.6827,-0.6238],[-50.7236,-0.4799],[-50.6964,-0.36],[-50.6759,-0.3359],[-50.6547,-0.2638],[-50.5989,-0.2193],[-50.5834,-0.1922],[-50.5393,-0.1887],[-50.4667,-0.1546],[-50.4115,-0.1645],[-50.3682,-0.1056],[-50.3274,-0.1009],[-50.0958,-0.1323],[-49.6535,-0.2411],[-49.4596,-0.2234],[-49.4252,-0.2304],[-49.3873,-0.2576],[-49.4084,-0.2175],[-49.3868,-0.1847],[-49.3265,-0.1546],[-49.206,-0.1403],[-49.1204,-0.162],[-49.0106,-0.1599],[-48.9796,-0.1862],[-48.8936,-0.1529],[-48.8805,-0.1636],[-48.892,-0.2159],[-48.8165,-0.2076],[-48.702,-0.2372],[-48.6235,-0.2234],[-48.4272,-0.2599],[-48.3935,-0.2713],[-48.3689,-0.2979],[-48.3698,-0.3606],[-48.3884,-0.3956],[-48.4206,-0.415],[-48.4547,-0.4856],[-48.4625,-0.5761]]],[[[-51.186,-0.6139],[-51.1629,-0.6205],[-51.15,-0.6589],[-51.2307,-0.8393],[-51.2756,-1.0252],[-51.286,-1.0317],[-51.3103,-1.0021],[-51.3315,-1.0099],[-51.4348,-1.1867],[-51.5563,-1.2887],[-51.6695,-1.3538],[-51.6758,-1.3743],[-51.7408,-1.42],[-51.7856,-1.45],[-51.8925,-1.4837],[-51.9303,-1.4708],[-51.9541,-1.4225],[-51.9029,-1.3401],[-51.8843,-1.2563],[-51.7965,-1.1894],[-51.7816,-1.1539],[-51.7179,-1.1297],[-51.6839,-1.0969],[-51.6684,-1.0575],[-51.6901,-1.0187],[-51.6758,-0.8468],[-51.6236,-0.7902],[-51.5821,-0.6987],[-51.534,-0.6347],[-51.4248,-0.5538],[-51.3474,-0.532],[-51.3816,-0.6549],[-51.3474,-0.6139],[-51.3537,-0.5802],[-51.3406,-0.5729],[-51.3331,-0.5929],[-51.3331,-0.5729],[-51.2996,-0.5929],[-51.3292,-0.5387],[-51.3083,-0.5187],[-51.2375,-0.5383],[-51.2033,-0.6047],[-51.186,-0.6139]]],[[[-50.0369,0.2997],[-50.0038,0.3101],[-49.9216,0.2928],[-49.8596,0.3012],[-49.6502,0.3864],[-49.5602,0.3858],[-49.5304,0.3538],[-49.529,0.3008],[-49.6924,0.205],[-49.764,0.1334],[-49.8297,0.0113],[-49.8671,-0.0107],[-50.0045,-0.0528],[-50.0451,-0.0029],[-50.0973,0.0309],[-50.1747,0.0293],[-50.1901,0.0413],[-50.2976,0.012],[-50.3451,0.0474],[-50.3531,0.0781],[-50.3401,0.1334],[-50.3667,0.0918],[-50.3837,0.1299],[-50.3778,0.2083],[-50.2544,0.2298],[-50.1073,0.2222],[-50.0369,0.2997]]],[[[-50.9737,-0.2912],[-51.0128,-0.2736],[-51.038,-0.2359],[-51.0387,-0.2003],[-51.0048,-0.1887],[-51.0328,-0.1682],[-50.9473,-0.012],[-50.766,0.0464],[-50.7396,0.0345],[-50.7249,0.008],[-50.6553,-0.0238],[-50.6289,-0.1041],[-50.6759,-0.1546],[-50.7812,-0.2101],[-50.9234,-0.3305],[-50.965,-0.3142],[-50.9737,-0.2912]]],[[[-49.8323,-0.1031],[-49.8235,-0.0704],[-49.7405,-0.0003],[-49.6281,0.0576],[-49.4966,0.0856],[-49.4829,0.0638],[-49.442,0.0757],[-49.3913,0.0511],[-49.3699,0.0282],[-49.3705,-0.0003],[-49.3475,-0.0097],[-49.36,-0.0584],[-49.3811,-0.0522],[-49.4387,-0.1205],[-49.4634,-0.128],[-49.6869,-0.1354],[-49.7162,-0.1477],[-49.8323,-0.1031]]],[[[-50.3121,0.414],[-50.3151,0.4973],[-50.3029,0.531],[-50.2516,0.5758],[-50.2582,0.5852],[-50.1869,0.5922],[-50.1676,0.6054],[-50.1204,0.5716],[-50.1151,0.5862],[-50.1348,0.5976],[-50.134,0.6125],[-50.1029,0.6398],[-50.0657,0.6473],[-50.0314,0.5849],[-50.0248,0.5412],[-50.0427,0.5103],[-50.2496,0.361],[-50.2814,0.3566],[-50.3007,0.3755],[-50.3121,0.414]]],[[[-50.378,0.245],[-50.414,0.2263],[-50.419,0.1679],[-50.4932,0.1855],[-50.5168,0.2086],[-50.506,0.2662],[-50.4704,0.2699],[-50.4325,0.414],[-50.4083,0.4207],[-50.4281,0.4655],[-50.4308,0.548],[-50.3667,0.6199],[-50.3473,0.5713],[-50.3551,0.4125],[-50.317,0.3088],[-50.3499,0.2527],[-50.378,0.245]]],[[[-50.8192,-0.6202],[-50.8131,-0.6691],[-50.8223,-0.6999],[-50.8431,-0.716],[-50.9343,-0.7317],[-50.9762,-0.7698],[-51.0267,-0.7838],[-51.1004,-0.8263],[-51.108,-0.756],[-51.0663,-0.676],[-51.0389,-0.6816],[-50.9564,-0.6071],[-50.8608,-0.5656],[-50.8791,-0.6003],[-50.8744,-0.6139],[-50.8409,-0.5587],[-50.8192,-0.6202]]],[[[-50.6343,0.0713],[-50.6485,0.1505],[-50.6106,0.1834],[-50.4902,0.1594],[-50.4465,0.1259],[-50.4377,-0.0],[-50.4475,-0.0152],[-50.4875,-0.0174],[-50.5597,-0.0038],[-50.6017,0.024],[-50.6097,0.0534],[-50.6343,0.0713]]],[[[-51.1653,-0.1403],[-51.1203,-0.1454],[-51.1339,-0.1608],[-51.1317,-0.2031],[-51.1442,-0.2114],[-51.1667,-0.3056],[-51.2786,-0.4011],[-51.3756,-0.4605],[-51.4051,-0.4596],[-51.402,-0.4357],[-51.3612,-0.4075],[-51.3304,-0.3661],[-51.2643,-0.2195],[-51.2327,-0.1795],[-51.1898,-0.1682],[-51.1653,-0.1403]]],[[[-48.1949,-0.8194],[-48.1559,-0.8663],[-48.1813,-0.8671],[-48.1567,-0.8878],[-48.2019,-1.0115],[-48.2377,-1.0279],[-48.3071,-1.0207],[-48.319,-0.9933],[-48.3127,-0.9533],[-48.2436,-0.8417],[-48.1949,-0.8194]]],[[[-49.288,-1.7585],[-49.277,-1.767],[-49.2819,-1.7858],[-49.3674,-1.8951],[-49.4425,-1.8678],[-49.453,-1.8502],[-49.422,-1.8132],[-49.4115,-1.7756],[-49.3522,-1.7224],[-49.319,-1.7175],[-49.3098,-1.7444],[-49.288,-1.7585]]],[[[-48.339,-1.0665],[-48.2974,-1.1285],[-48.3341,-1.205],[-48.3799,-1.2172],[-48.3935,-1.1894],[-48.4023,-1.2029],[-48.4621,-1.1645],[-48.4557,-1.1415],[-48.4283,-1.1173],[-48.4215,-1.0795],[-48.3835,-1.0654],[-48.339,-1.0665]]],[[[-47.6605,-0.5792],[-47.6408,-0.6085],[-47.6434,-0.693],[-47.6583,-0.7077],[-47.7015,-0.7096],[-47.7156,-0.6366],[-47.7515,-0.6222],[-47.7614,-0.5758],[-47.7347,-0.5417],[-47.7155,-0.5473],[-47.7038,-0.5777],[-47.6605,-0.5792]]],[[[-49.4795,-1.6554],[-49.4228,-1.6742],[-49.424,-1.6968],[-49.5086,-1.7449],[-49.5295,-1.7171],[-49.5255,-1.6729],[-49.4795,-1.6554]]],[[[-47.9486,-0.6413],[-47.9146,-0.6417],[-47.8871,-0.6691],[-47.9164,-0.7086],[-47.9621,-0.7306],[-47.9827,-0.676],[-47.9669,-0.6583],[-47.9779,-0.6518],[-47.9691,-0.6339],[-47.9486,-0.6413]]],[[[-50.0908,0.3059],[-50.1656,0.2617],[-50.2205,0.2462],[-50.1994,0.2885],[-50.1133,0.3382],[-50.0933,0.339],[-50.0908,0.3059]]]]}},{"type":"Feature","id":"Paraiba","properties":{"id":"Paraiba","iso_code":"BR-PB","name":"Paraiba","name_full":"Paraíba","name_ja":"パライバ州","center_lonlat":[-36.8246,-7.1184]},"geometry":{"type":"Polygon","coordinates":[[[-34.9633,-6.5033],[-34.9585,-6.5826],[-34.97,-6.6173],[-34.9352,-6.706],[-34.9427,-6.7662],[-34.9042,-6.8873],[-34.8601,-6.9146],[-34.8601,-6.9627],[-34.8806,-6.9933],[-34.8942,-7.0828],[-34.9076,-7.0932],[-34.9215,-7.0828],[-34.9078,-7.1042],[-34.9147,-7.1305],[-34.8594,-7.0715],[-34.8396,-6.9729],[-34.8242,-7.0034],[-34.828,-7.1301],[-34.7936,-7.1762],[-34.8144,-7.4445],[-34.8048,-7.5141],[-34.8192,-7.5483],[-34.8934,-7.5429],[-34.9842,-7.5072],[-35.0,-7.4655],[-35.0423,-7.4242],[-35.1068,-7.3958],[-35.1552,-7.4039],[-35.27,-7.381],[-35.3157,-7.4005],[-35.3848,-7.4641],[-35.4922,-7.4537],[-35.5116,-7.4833],[-35.556,-7.6539],[-35.6123,-7.6736],[-35.6699,-7.7126],[-35.7106,-7.7071],[-35.8557,-7.7571],[-35.8705,-7.7535],[-35.873,-7.7303],[-35.8919,-7.7294],[-35.8995,-7.7586],[-35.8609,-7.7955],[-35.8746,-7.8086],[-35.9147,-7.804],[-35.9291,-7.8402],[-35.9785,-7.8152],[-36.0677,-7.8304],[-36.0805,-7.7842],[-36.1064,-7.7748],[-36.1677,-7.8228],[-36.1986,-7.8215],[-36.2166,-7.7816],[-36.266,-7.8249],[-36.3358,-7.8116],[-36.4158,-7.821],[-36.4254,-7.8365],[-36.4131,-7.8749],[-36.4475,-7.9093],[-36.5685,-7.9246],[-36.5819,-7.9352],[-36.5762,-7.9535],[-36.6255,-7.9657],[-36.6589,-8.0129],[-36.6315,-8.0597],[-36.6316,-8.0909],[-36.6598,-8.1222],[-36.708,-8.1444],[-36.7674,-8.2142],[-36.8621,-8.2319],[-36.9627,-8.2835],[-37.0702,-8.2268],[-37.1235,-8.1735],[-37.1526,-8.047],[-37.138,-8.0044],[-37.1502,-7.978],[-37.2145,-7.9596],[-37.3206,-8.0017],[-37.3472,-7.9917],[-37.3388,-7.963],[-37.2875,-7.9244],[-37.2286,-7.8189],[-37.1683,-7.7749],[-37.1704,-7.7404],[-37.2143,-7.6468],[-37.197,-7.5731],[-37.0141,-7.5073],[-36.9931,-7.4831],[-37.0171,-7.4385],[-37.0228,-7.3944],[-37.0703,-7.3887],[-37.2544,-7.2698],[-37.3526,-7.3002],[-37.3933,-7.3585],[-37.4201,-7.3641],[-37.4316,-7.346],[-37.4768,-7.3637],[-37.4903,-7.4014],[-37.5479,-7.4752],[-37.7074,-7.5488],[-37.791,-7.6372],[-37.8751,-7.6654],[-37.9323,-7.7467],[-37.9613,-7.7684],[-37.9779,-7.773],[-38.0277,-7.7523],[-38.0639,-7.759],[-38.0807,-7.7835],[-38.0716,-7.8102],[-38.0807,-7.8213],[-38.1204,-7.8068],[-38.1457,-7.7684],[-38.1868,-7.8224],[-38.2274,-7.8109],[-38.2492,-7.8494],[-38.2954,-7.8361],[-38.307,-7.7583],[-38.3305,-7.7125],[-38.354,-7.6997],[-38.4117,-7.7503],[-38.4448,-7.7326],[-38.4854,-7.7598],[-38.5256,-7.7677],[-38.5818,-7.7478],[-38.5869,-7.6967],[-38.6413,-7.6808],[-38.6585,-7.622],[-38.6971,-7.6202],[-38.7008,-7.5915],[-38.63,-7.5183],[-38.6315,-7.4576],[-38.5847,-7.426],[-38.5307,-7.3065],[-38.5494,-7.2357],[-38.6012,-7.2235],[-38.6274,-7.1816],[-38.6597,-7.1749],[-38.6765,-7.1575],[-38.6748,-7.0597],[-38.6918,-7.0216],[-38.7393,-6.9893],[-38.7402,-6.914],[-38.7275,-6.8903],[-38.6607,-6.8472],[-38.6227,-6.779],[-38.6187,-6.7584],[-38.6477,-6.7047],[-38.6456,-6.6754],[-38.579,-6.4791],[-38.5353,-6.4203],[-38.5258,-6.3816],[-38.4969,-6.3474],[-38.4836,-6.3976],[-38.4362,-6.4125],[-38.2878,-6.5038],[-38.241,-6.484],[-38.1303,-6.5198],[-38.0636,-6.4436],[-38.0231,-6.4765],[-38.0032,-6.4333],[-37.8441,-6.341],[-37.8203,-6.2891],[-37.7878,-6.2856],[-37.7795,-6.2284],[-37.7496,-6.169],[-37.6399,-6.1263],[-37.5715,-6.115],[-37.5428,-6.0955],[-37.4646,-6.0854],[-37.4084,-6.0948],[-37.2607,-6.0248],[-37.2172,-6.026],[-37.1777,-6.0525],[-37.1754,-6.1168],[-37.382,-6.3641],[-37.4302,-6.5179],[-37.507,-6.5537],[-37.5262,-6.6254],[-37.5214,-6.6709],[-37.5,-6.6853],[-37.3356,-6.6994],[-37.296,-6.7149],[-37.2692,-6.7412],[-37.231,-6.8226],[-37.1533,-6.7849],[-37.0546,-6.7599],[-36.9969,-6.7092],[-36.9429,-6.7491],[-36.805,-6.7608],[-36.7426,-6.8245],[-36.7714,-6.9309],[-36.7218,-6.9778],[-36.6527,-6.9269],[-36.5752,-6.9267],[-36.5369,-6.8788],[-36.5015,-6.7832],[-36.5368,-6.7129],[-36.535,-6.6383],[-36.5144,-6.613],[-36.4619,-6.6359],[-36.4428,-6.6228],[-36.4773,-6.5374],[-36.5109,-6.4988],[-36.5078,-6.4059],[-36.4923,-6.377],[-36.4516,-6.3656],[-36.3835,-6.3028],[-36.2917,-6.3055],[-36.277,-6.3278],[-36.2753,-6.387],[-36.252,-6.4137],[-35.9626,-6.4619],[-35.8337,-6.4592],[-35.6571,-6.4256],[-35.5622,-6.4551],[-35.4664,-6.4644],[-35.3638,-6.5153],[-35.306,-6.5284],[-35.2569,-6.5063],[-35.0795,-6.5223],[-35.0478,-6.536],[-34.9633,-6.5033]]]}},{"type":"Feature","id":"Parana","properties":{"id":"Parana","iso_code":"BR-PR","name":"Parana","name_full":"Paraná","name_ja":"パラナ州","center_lonlat":[-51.6318,-24.6325]},"geometry":{"type":"MultiPolygon","coordinates":[[[[-54.2458,-24.0504],[-54.0772,-23.9492],[-54.0678,-23.8165],[-54.0267,-23.6978],[-53.9681,-23.4438],[-53.7538,-23.328],[-53.7251,-23.2964],[-53.6413,-23.106],[-53.6227,-22.9816],[-53.5849,-22.9025],[-53.4796,-22.8308],[-53.168,-22.7017],[-53.115,-22.6862],[-53.0087,-22.6014],[-52.9472,-22.5708],[-52.8928,-22.5695],[-52.8376,-22.59],[-52.6939,-22.6037],[-52.6147,-22.5695],[-52.5796,-22.5742],[-52.5208,-22.6146],[-52.4457,-22.6029],[-52.3137,-22.6179],[-52.2758,-22.5974],[-52.2417,-22.6105],[-52.2171,-22.6438],[-52.1747,-22.6248],[-52.1397,-22.5416],[-52.0667,-22.5217],[-51.9838,-22.5484],[-51.8749,-22.6104],[-51.7445,-22.6179],[-51.6953,-22.6626],[-51.6402,-22.6525],[-51.5675,-22.6822],[-51.5095,-22.6858],[-51.4286,-22.6544],[-51.3469,-22.6519],[-51.1107,-22.7672],[-50.8801,-22.8221],[-50.8162,-22.8861],[-50.7855,-22.9436],[-50.7649,-22.9539],[-50.7252,-22.9512],[-50.6555,-22.9214],[-50.5076,-22.9463],[-50.4293,-22.9469],[-50.3846,-22.9121],[-50.3064,-22.9518],[-50.2615,-22.936],[-50.2075,-22.9491],[-50.1248,-22.9415],[-50.0275,-22.9119],[-49.9973,-22.9196],[-49.9969,-22.9035],[-49.9781,-22.9038],[-49.9683,-22.9527],[-49.9141,-22.9858],[-49.9119,-23.0263],[-49.8942,-23.0493],[-49.7697,-23.0963],[-49.7337,-23.099],[-49.7245,-23.1345],[-49.6695,-23.1959],[-49.6381,-23.2593],[-49.6135,-23.3934],[-49.6537,-23.5122],[-49.6281,-23.541],[-49.6062,-23.6411],[-49.5526,-23.7117],[-49.5659,-23.8229],[-49.5781,-23.8452],[-49.5993,-23.8529],[-49.5957,-23.8821],[-49.5488,-23.9285],[-49.5135,-23.9351],[-49.4946,-23.9905],[-49.4486,-24.0525],[-49.3531,-24.1135],[-49.3311,-24.1497],[-49.336,-24.2249],[-49.3056,-24.2432],[-49.2804,-24.3081],[-49.2223,-24.35],[-49.2486,-24.3868],[-49.2394,-24.4181],[-49.2951,-24.4484],[-49.2711,-24.4721],[-49.2784,-24.5231],[-49.3184,-24.5425],[-49.2994,-24.5973],[-49.2955,-24.666],[-49.2001,-24.692],[-49.1453,-24.6776],[-49.0527,-24.6847],[-49.0269,-24.6678],[-49.028,-24.6345],[-48.9779,-24.6688],[-48.8293,-24.6623],[-48.7808,-24.6955],[-48.6764,-24.6749],[-48.6543,-24.705],[-48.6132,-24.6804],[-48.5817,-24.6818],[-48.5531,-24.7165],[-48.4876,-24.7457],[-48.5086,-24.7882],[-48.5464,-24.8184],[-48.5401,-24.8798],[-48.559,-24.8984],[-48.56,-24.9699],[-48.5924,-25.0019],[-48.5749,-25.0485],[-48.5001,-25.0826],[-48.462,-25.0343],[-48.4605,-24.9912],[-48.4205,-24.9597],[-48.3608,-24.9772],[-48.3356,-25.0125],[-48.282,-25.0171],[-48.2766,-25.0332],[-48.2302,-25.0136],[-48.179,-25.2041],[-48.0923,-25.2371],[-48.0485,-25.2175],[-48.0325,-25.2294],[-48.0821,-25.3073],[-48.0915,-25.3253],[-48.1683,-25.3692],[-48.2091,-25.4576],[-48.2251,-25.4597],[-48.2502,-25.4278],[-48.2222,-25.3391],[-48.1371,-25.2896],[-48.1273,-25.28],[-48.1403,-25.2696],[-48.2502,-25.318],[-48.2843,-25.29],[-48.2974,-25.3412],[-48.3328,-25.3583],[-48.3191,-25.3242],[-48.3337,-25.3297],[-48.3355,-25.3186],[-48.3253,-25.2286],[-48.3726,-25.2716],[-48.3526,-25.2934],[-48.3674,-25.3048],[-48.4072,-25.2839],[-48.4346,-25.2423],[-48.4346,-25.2628],[-48.4557,-25.2485],[-48.4283,-25.3242],[-48.4966,-25.3385],[-48.4457,-25.3474],[-48.4346,-25.3583],[-48.4574,-25.3797],[-48.4346,-25.3795],[-48.4141,-25.4101],[-48.4178,-25.4283],[-48.4481,-25.434],[-48.4602,-25.4709],[-48.4727,-25.4757],[-48.5171,-25.447],[-48.558,-25.447],[-48.5751,-25.462],[-48.6354,-25.4446],[-48.743,-25.3521],[-48.7188,-25.4226],[-48.6836,-25.4627],[-48.6887,-25.4733],[-48.7294,-25.4682],[-48.7108,-25.4964],[-48.6201,-25.4962],[-48.6269,-25.5097],[-48.6431,-25.5024],[-48.6543,-25.5165],[-48.6064,-25.5439],[-48.5954,-25.5278],[-48.524,-25.5148],[-48.4693,-25.5439],[-48.5034,-25.5719],[-48.4825,-25.5798],[-48.4557,-25.5507],[-48.4063,-25.5551],[-48.3867,-25.5439],[-48.3612,-25.571],[-48.4327,-25.6225],[-48.5176,-25.7702],[-48.5171,-25.7971],[-48.541,-25.8455],[-48.586,-25.8176],[-48.5785,-25.7971],[-48.6201,-25.8176],[-48.5922,-25.8293],[-48.5832,-25.8547],[-48.6512,-25.8445],[-48.743,-25.8517],[-48.7694,-25.8674],[-48.7658,-25.8867],[-48.743,-25.8728],[-48.5635,-25.8658],[-48.5565,-25.8912],[-48.5827,-25.9809],[-48.6504,-25.9715],[-48.9193,-25.9785],[-48.9466,-26.0068],[-49.0038,-26.0124],[-49.0326,-26.0002],[-49.0468,-26.0177],[-49.0984,-26.016],[-49.1153,-25.9924],[-49.2145,-26.0285],[-49.2954,-26.1077],[-49.4556,-26.1704],[-49.4894,-26.2224],[-49.5516,-26.23],[-49.6662,-26.1938],[-49.8828,-26.0376],[-49.9447,-26.0146],[-49.9927,-26.0122],[-50.0258,-26.0294],[-50.1918,-26.0541],[-50.2448,-26.0386],[-50.2937,-26.04],[-50.3267,-26.0652],[-50.3256,-26.104],[-50.3371,-26.1121],[-50.3623,-26.1016],[-50.38,-26.0633],[-50.4373,-26.0522],[-50.4593,-26.0262],[-50.5416,-26.024],[-50.5884,-26.007],[-50.5939,-26.0175],[-50.5577,-26.0434],[-50.6465,-26.0702],[-50.6744,-26.1463],[-50.7375,-26.2362],[-50.7889,-26.2244],[-50.8383,-26.2548],[-50.8854,-26.254],[-50.9066,-26.2806],[-50.9264,-26.2466],[-50.943,-26.2461],[-50.9634,-26.2664],[-50.9968,-26.2383],[-51.0519,-26.2464],[-51.0723,-26.2351],[-51.129,-26.2839],[-51.2131,-26.3127],[-51.2499,-26.3484],[-51.2606,-26.3909],[-51.2914,-26.435],[-51.2678,-26.4671],[-51.2797,-26.5],[-51.2405,-26.5701],[-51.2386,-26.6073],[-51.2854,-26.6529],[-51.3881,-26.676],[-51.4156,-26.7048],[-51.4994,-26.599],[-51.612,-26.6042],[-51.6527,-26.583],[-51.7069,-26.6019],[-51.8744,-26.6002],[-52.0065,-26.5816],[-52.1099,-26.5149],[-52.1286,-26.4855],[-52.1997,-26.4516],[-52.457,-26.4326],[-52.5439,-26.402],[-52.6422,-26.402],[-52.6707,-26.3784],[-52.8158,-26.3366],[-52.9416,-26.3679],[-52.9863,-26.3513],[-53.1118,-26.3695],[-53.281,-26.2631],[-53.3552,-26.2416],[-53.4776,-26.2921],[-53.5157,-26.2908],[-53.6126,-26.2581],[-53.6616,-26.2598],[-53.6667,-26.2192],[-53.7334,-26.1264],[-53.765,-26.0281],[-53.8334,-25.9622],[-53.8404,-25.7914],[-53.8835,-25.7356],[-53.8765,-25.6979],[-53.91,-25.6292],[-53.9677,-25.6532],[-53.9974,-25.575],[-54.0302,-25.5622],[-54.0554,-25.5707],[-54.0827,-25.5501],[-54.0858,-25.5906],[-54.0989,-25.5972],[-54.1231,-25.5718],[-54.1072,-25.5006],[-54.1164,-25.4946],[-54.1651,-25.5344],[-54.2148,-25.5315],[-54.1903,-25.5808],[-54.2437,-25.5776],[-54.2556,-25.5987],[-54.2992,-25.5527],[-54.3217,-25.5551],[-54.3497,-25.5824],[-54.3954,-25.5811],[-54.4051,-25.6198],[-54.4374,-25.645],[-54.4331,-25.6766],[-54.4473,-25.6892],[-54.473,-25.6258],[-54.5114,-25.6062],[-54.5323,-25.6106],[-54.5456,-25.5748],[-54.6002,-25.5749],[-54.5915,-25.5247],[-54.6125,-25.4655],[-54.598,-25.3975],[-54.5036,-25.2787],[-54.4815,-25.2132],[-54.4266,-25.1495],[-54.4633,-25.0728],[-54.4623,-25.0372],[-54.4073,-24.8212],[-54.3711,-24.7667],[-54.3213,-24.6284],[-54.3345,-24.4967],[-54.2622,-24.3585],[-54.261,-24.3295],[-54.3141,-24.2342],[-54.3346,-24.1489],[-54.301,-24.0899],[-54.2458,-24.0504]]],[[[-48.3223,-25.3837],[-48.2554,-25.3482],[-48.2682,-25.4269],[-48.2559,-25.4657],[-48.2911,-25.4891],[-48.3239,-25.4675],[-48.3215,-25.442],[-48.3395,-25.4255],[-48.3223,-25.3837]]]]}},{"type":"Feature","id":"Pernambuco","properties":{"id":"Pernambuco","iso_code":"BR-PE","name":"Pernambuco","name_full":"Pernambuco","name_ja":"ペルナンブーコ州","center_lonlat":[-37.9941,-8.3306]},"geometry":{"type":"MultiPolygon","coordinates":[[[[-34.8934,-7.5429],[-34.9289,-7.5558],[-34.8354,-7.5627],[-34.8053,-7.6227],[-34.8303,-7.6809],[-34.8396,-7.6438],[-34.8458,-7.6718],[-34.8738,-7.6178],[-34.8644,-7.7052],[-34.8873,-7.7084],[-34.9072,-7.7338],[-34.8659,-7.7175],[-34.8921,-7.7626],[-34.8935,-7.8049],[-34.848,-7.8228],[-34.8458,-7.8847],[-34.8328,-7.8574],[-34.8116,-7.9325],[-34.8512,-8.0686],[-34.9289,-8.0349],[-34.9068,-8.0527],[-34.8874,-8.1038],[-34.8806,-8.0895],[-34.9004,-8.1796],[-34.9389,-8.2721],[-34.9386,-8.3471],[-35.0262,-8.5759],[-35.0802,-8.6811],[-35.086,-8.7407],[-35.1273,-8.8062],[-35.1483,-8.9136],[-35.3021,-8.8853],[-35.392,-8.8836],[-35.4623,-8.8575],[-35.4725,-8.8341],[-35.4876,-8.8326],[-35.6107,-8.8639],[-35.7216,-8.9203],[-35.7863,-8.8995],[-35.8011,-8.8702],[-35.8827,-8.8757],[-35.9719,-8.9074],[-36.0058,-8.8923],[-36.1207,-8.9696],[-36.1113,-9.0016],[-36.1218,-9.015],[-36.2374,-9.0866],[-36.2645,-9.142],[-36.3458,-9.201],[-36.4513,-9.2125],[-36.5902,-9.297],[-36.6525,-9.2789],[-36.831,-9.264],[-36.8779,-9.271],[-36.903,-9.2908],[-36.9385,-9.3558],[-37.0241,-9.2923],[-37.1257,-9.2712],[-37.1816,-9.2418],[-37.3926,-9.0425],[-37.4822,-8.9981],[-37.5191,-8.9437],[-37.5727,-8.9468],[-37.6412,-8.9884],[-37.6714,-8.9846],[-37.7292,-8.8827],[-37.7579,-8.8592],[-37.8079,-8.894],[-37.8207,-8.9918],[-37.9331,-9.0928],[-37.9682,-9.1425],[-38.0906,-9.1848],[-38.1526,-9.2668],[-38.2352,-9.3304],[-38.2855,-9.176],[-38.3141,-9.1316],[-38.3146,-9.0754],[-38.293,-9.0491],[-38.2874,-9.0135],[-38.3205,-8.9877],[-38.3817,-9.0292],[-38.4097,-9.034],[-38.4812,-9.0003],[-38.5121,-8.9466],[-38.4719,-8.8912],[-38.4654,-8.8641],[-38.4848,-8.8368],[-38.5278,-8.8192],[-38.5639,-8.8292],[-38.5896,-8.8586],[-38.6083,-8.9707],[-38.6446,-8.9769],[-38.7061,-8.8412],[-38.7653,-8.8163],[-38.7974,-8.7857],[-38.8553,-8.7685],[-38.9677,-8.7894],[-38.9865,-8.7597],[-39.0287,-8.7332],[-39.1453,-8.7045],[-39.1722,-8.6822],[-39.2212,-8.6774],[-39.288,-8.5606],[-39.3822,-8.5286],[-39.6054,-8.6418],[-39.6802,-8.6497],[-39.6908,-8.6586],[-39.6777,-8.7443],[-39.69,-8.7824],[-39.883,-8.8179],[-39.8983,-8.8488],[-39.8762,-8.9095],[-39.8892,-8.9592],[-39.9685,-9.0429],[-40.0539,-9.0633],[-40.1139,-9.1034],[-40.1569,-9.0975],[-40.2115,-9.0633],[-40.2498,-9.0709],[-40.273,-9.104],[-40.3347,-9.3607],[-40.3654,-9.3718],[-40.4067,-9.3575],[-40.4244,-9.3641],[-40.4501,-9.3955],[-40.5282,-9.4183],[-40.5536,-9.4641],[-40.6333,-9.4879],[-40.7186,-9.4475],[-40.7583,-9.4531],[-40.6902,-9.3443],[-40.7036,-9.2219],[-40.8531,-9.1518],[-40.8575,-9.0825],[-40.8952,-9.0248],[-40.8871,-8.8685],[-40.8986,-8.8445],[-40.925,-8.8259],[-40.9429,-8.8372],[-40.9706,-8.8271],[-40.997,-8.7749],[-41.0898,-8.7849],[-41.1029,-8.7679],[-41.1001,-8.7272],[-41.1218,-8.7129],[-41.2159,-8.7142],[-41.2969,-8.7381],[-41.3708,-8.7119],[-41.2109,-8.635],[-41.159,-8.5493],[-41.0822,-8.5245],[-41.0244,-8.4245],[-40.9892,-8.4158],[-40.9177,-8.4318],[-40.9003,-8.4111],[-40.886,-8.3481],[-40.8291,-8.362],[-40.8118,-8.3238],[-40.7726,-8.2986],[-40.7489,-8.2454],[-40.6845,-8.2071],[-40.5845,-8.1163],[-40.5377,-7.9939],[-40.5385,-7.8491],[-40.5716,-7.8097],[-40.6605,-7.7603],[-40.6226,-7.6776],[-40.6209,-7.638],[-40.6882,-7.5135],[-40.695,-7.4799],[-40.6899,-7.4296],[-40.6765,-7.4125],[-40.6476,-7.3992],[-40.5377,-7.3902],[-40.2735,-7.392],[-40.1509,-7.4179],[-40.0636,-7.4074],[-39.9295,-7.3561],[-39.8475,-7.3491],[-39.6542,-7.3733],[-39.5294,-7.4783],[-39.3453,-7.5511],[-39.3082,-7.6232],[-39.2631,-7.6702],[-39.1151,-7.7451],[-39.0735,-7.854],[-38.9982,-7.8211],[-38.9792,-7.8502],[-38.968,-7.8479],[-38.8685,-7.7069],[-38.8399,-7.7161],[-38.8188,-7.6661],[-38.7531,-7.6592],[-38.7274,-7.6299],[-38.6971,-7.6202],[-38.6585,-7.622],[-38.6413,-7.6808],[-38.5869,-7.6967],[-38.5818,-7.7478],[-38.5256,-7.7677],[-38.4854,-7.7598],[-38.4448,-7.7326],[-38.4117,-7.7503],[-38.354,-7.6997],[-38.3305,-7.7125],[-38.307,-7.7583],[-38.2954,-7.8361],[-38.2492,-7.8494],[-38.2274,-7.8109],[-38.1868,-7.8224],[-38.1457,-7.7684],[-38.1204,-7.8068],[-38.0807,-7.8213],[-38.0716,-7.8102],[-38.0807,-7.7835],[-38.0639,-7.759],[-38.0277,-7.7523],[-37.9779,-7.773],[-37.9613,-7.7684],[-37.9323,-7.7467],[-37.8751,-7.6654],[-37.791,-7.6372],[-37.7074,-7.5488],[-37.5479,-7.4752],[-37.4903,-7.4014],[-37.4768,-7.3637],[-37.4316,-7.346],[-37.4201,-7.3641],[-37.3933,-7.3585],[-37.3526,-7.3002],[-37.2544,-7.2698],[-37.0703,-7.3887],[-37.0228,-7.3944],[-37.0171,-7.4385],[-36.9931,-7.4831],[-37.0141,-7.5073],[-37.197,-7.5731],[-37.2143,-7.6468],[-37.1704,-7.7404],[-37.1683,-7.7749],[-37.2286,-7.8189],[-37.2875,-7.9244],[-37.3388,-7.963],[-37.3472,-7.9917],[-37.3206,-8.0017],[-37.2145,-7.9596],[-37.1502,-7.978],[-37.138,-8.0044],[-37.1526,-8.047],[-37.1235,-8.1735],[-37.0702,-8.2268],[-36.9627,-8.2835],[-36.8621,-8.2319],[-36.7674,-8.2142],[-36.708,-8.1444],[-36.6598,-8.1222],[-36.6316,-8.0909],[-36.6315,-8.0597],[-36.6589,-8.0129],[-36.6255,-7.9657],[-36.5762,-7.9535],[-36.5819,-7.9352],[-36.5685,-7.9246],[-36.4475,-7.9093],[-36.4131,-7.8749],[-36.4254,-7.8365],[-36.4158,-7.821],[-36.3358,-7.8116],[-36.266,-7.8249],[-36.2166,-7.7816],[-36.1986,-7.8215],[-36.1677,-7.8228],[-36.1064,-7.7748],[-36.0805,-7.7842],[-36.0677,-7.8304],[-35.9785,-7.8152],[-35.9291,-7.8402],[-35.9147,-7.804],[-35.8746,-7.8086],[-35.8609,-7.7955],[-35.8995,-7.7586],[-35.8919,-7.7294],[-35.873,-7.7303],[-35.8705,-7.7535],[-35.8557,-7.7571],[-35.7106,-7.7071],[-35.6699,-7.7126],[-35.6123,-7.6736],[-35.556,-7.6539],[-35.5116,-7.4833],[-35.4922,-7.4537],[-35.3848,-7.4641],[-35.3157,-7.4005],[-35.27,-7.381],[-35.1552,-7.4039],[-35.1068,-7.3958],[-35.0423,-7.4242],[-35.0,-7.4655],[-34.9842,-7.5072],[-34.8934,-7.5429]]],[[[-34.8528,-7.6974],[-34.8302,-7.7038],[-34.8223,-7.7388],[-34.8454,-7.8135],[-34.8842,-7.804],[-34.8805,-7.7536],[-34.8528,-7.6974]]]]}},{"type":"Feature","id":"Piaui","properties":{"id":"Piaui","iso_code":"BR-PI","name":"Piaui","name_full":"Piauí","name_ja":"ピアウイ州","center_lonlat":[-42.9878,-7.4102]},"geometry":{"type":"Polygon","coordinates":[[[-41.8428,-2.7653],[-41.8087,-2.7448],[-41.7787,-2.7822],[-41.6651,-2.8559],[-41.6578,-2.8689],[-41.6852,-2.8547],[-41.6783,-2.8689],[-41.6988,-2.8621],[-41.675,-2.8796],[-41.651,-2.8689],[-41.6233,-2.8956],[-41.517,-2.907],[-41.4654,-2.8888],[-41.4486,-2.9059],[-41.4518,-2.9435],[-41.4319,-2.9366],[-41.4401,-2.9142],[-41.4221,-2.9088],[-41.3357,-2.9229],[-41.3279,-2.941],[-41.3419,-2.9503],[-41.3009,-2.9776],[-41.2947,-2.9638],[-41.2481,-3.0121],[-41.2555,-3.0771],[-41.379,-3.2695],[-41.4264,-3.3195],[-41.4494,-3.4368],[-41.3872,-3.5783],[-41.3552,-3.709],[-41.2839,-3.8096],[-41.2295,-4.0441],[-41.1813,-4.1258],[-41.1205,-4.1769],[-41.087,-4.2578],[-41.0736,-4.3263],[-41.1206,-4.4044],[-41.196,-4.4714],[-41.2253,-4.5175],[-41.2441,-4.6159],[-41.2274,-4.6536],[-41.2274,-4.7248],[-41.1813,-4.8128],[-41.1813,-4.9385],[-41.1227,-5.0076],[-41.1164,-5.0641],[-41.0598,-5.1688],[-41.0703,-5.3071],[-41.0242,-5.3657],[-40.9418,-5.4307],[-40.9152,-5.6165],[-40.9213,-5.7114],[-40.8771,-5.9639],[-40.8911,-6.0112],[-40.7938,-6.2813],[-40.7976,-6.3937],[-40.7821,-6.4675],[-40.7194,-6.5725],[-40.7208,-6.6397],[-40.71,-6.6612],[-40.6165,-6.709],[-40.468,-6.7398],[-40.4139,-6.8179],[-40.4326,-6.8938],[-40.5108,-7.0046],[-40.5811,-7.1953],[-40.5779,-7.2307],[-40.5343,-7.3144],[-40.5377,-7.3902],[-40.6476,-7.3992],[-40.6765,-7.4125],[-40.6899,-7.4296],[-40.695,-7.4799],[-40.6882,-7.5135],[-40.6209,-7.638],[-40.6226,-7.6776],[-40.6605,-7.7603],[-40.5716,-7.8097],[-40.5385,-7.8491],[-40.5377,-7.9939],[-40.5845,-8.1163],[-40.6845,-8.2071],[-40.7489,-8.2454],[-40.7726,-8.2986],[-40.8118,-8.3238],[-40.8291,-8.362],[-40.886,-8.3481],[-40.9003,-8.4111],[-40.9177,-8.4318],[-40.9892,-8.4158],[-41.0244,-8.4245],[-41.0822,-8.5245],[-41.159,-8.5493],[-41.2109,-8.635],[-41.3708,-8.7119],[-41.4036,-8.7921],[-41.4692,-8.8651],[-41.5,-8.9355],[-41.5572,-8.9726],[-41.614,-8.9635],[-41.7425,-8.9886],[-41.7337,-9.1387],[-41.7963,-9.1744],[-41.8501,-9.2526],[-41.8773,-9.2494],[-41.8928,-9.2222],[-41.9171,-9.2116],[-41.9517,-9.2227],[-41.9934,-9.2093],[-42.0166,-9.2215],[-42.0426,-9.2078],[-42.0996,-9.2693],[-42.1496,-9.2951],[-42.2647,-9.3177],[-42.3189,-9.3119],[-42.3468,-9.336],[-42.3677,-9.3778],[-42.4316,-9.409],[-42.4862,-9.499],[-42.5843,-9.4887],[-42.6224,-9.5658],[-42.6727,-9.5325],[-42.7237,-9.5235],[-42.8108,-9.53],[-42.8505,-9.5489],[-42.9351,-9.5119],[-42.9369,-9.4505],[-42.9851,-9.4338],[-43.0222,-9.4379],[-43.0393,-9.3973],[-43.1135,-9.3743],[-43.1666,-9.3883],[-43.1851,-9.4188],[-43.2157,-9.4066],[-43.2933,-9.4057],[-43.3367,-9.4299],[-43.3624,-9.4278],[-43.3796,-9.4126],[-43.4056,-9.3431],[-43.4566,-9.303],[-43.4816,-9.3143],[-43.5174,-9.3598],[-43.626,-9.341],[-43.6582,-9.3648],[-43.6958,-9.446],[-43.8211,-9.4325],[-43.8355,-9.48],[-43.83,-9.5005],[-43.7795,-9.5681],[-43.7338,-9.7373],[-43.688,-9.7815],[-43.6793,-9.8512],[-43.7125,-9.9424],[-43.6985,-10.0054],[-43.707,-10.0503],[-43.7548,-10.1108],[-43.7598,-10.1672],[-43.8027,-10.204],[-43.8712,-10.3554],[-43.9043,-10.3795],[-43.9146,-10.4305],[-43.9386,-10.4472],[-43.9832,-10.447],[-44.119,-10.589],[-44.2173,-10.6296],[-44.3107,-10.6001],[-44.4065,-10.5894],[-44.543,-10.6315],[-44.5798,-10.6711],[-44.6224,-10.6904],[-44.6512,-10.7385],[-44.7428,-10.7718],[-44.7837,-10.8568],[-44.8129,-10.8759],[-44.946,-10.8631],[-45.0583,-10.8957],[-45.3216,-10.7787],[-45.4417,-10.6141],[-45.4711,-10.4864],[-45.516,-10.4147],[-45.6034,-10.3316],[-45.7577,-10.3308],[-45.9461,-10.3177],[-45.9371,-10.2114],[-45.9541,-10.1799],[-45.8995,-10.0843],[-45.9007,-10.0238],[-45.8602,-10.0011],[-45.8581,-9.8316],[-45.8312,-9.7753],[-45.8445,-9.7382],[-45.8371,-9.5334],[-45.8071,-9.498],[-45.7965,-9.4612],[-45.8059,-9.4082],[-45.828,-9.3761],[-45.8958,-9.3284],[-45.9072,-9.2948],[-45.9057,-9.1794],[-45.9306,-9.1404],[-45.9332,-9.0485],[-45.9814,-8.9296],[-45.9776,-8.905],[-45.9405,-8.8442],[-45.9433,-8.8173],[-45.9283,-8.7888],[-45.8207,-8.6994],[-45.7982,-8.6375],[-45.7663,-8.6059],[-45.7828,-8.5829],[-45.7506,-8.5607],[-45.735,-8.4327],[-45.6593,-8.3092],[-45.6551,-8.2556],[-45.6144,-8.2224],[-45.5774,-8.1515],[-45.5637,-8.028],[-45.5432,-8.0075],[-45.5573,-7.9877],[-45.5364,-7.8846],[-45.5432,-7.8642],[-45.5291,-7.8521],[-45.4956,-7.7141],[-45.4724,-7.6742],[-45.2783,-7.5496],[-45.1748,-7.5357],[-45.0095,-7.4876],[-44.9081,-7.4444],[-44.8935,-7.414],[-44.8696,-7.4148],[-44.8584,-7.393],[-44.8164,-7.3639],[-44.7895,-7.3769],[-44.7536,-7.3655],[-44.714,-7.398],[-44.6966,-7.391],[-44.6692,-7.3331],[-44.6246,-7.3024],[-44.6178,-7.3093],[-44.5768,-7.2472],[-44.5294,-7.2183],[-44.4996,-7.1788],[-44.3994,-7.1264],[-44.2972,-7.1033],[-44.2581,-7.0058],[-44.2071,-6.9753],[-44.1682,-6.9243],[-44.1616,-6.8867],[-44.1107,-6.8493],[-44.0936,-6.8562],[-44.1083,-6.8195],[-44.0902,-6.809],[-44.0629,-6.8295],[-44.0492,-6.7748],[-43.994,-6.7612],[-43.9735,-6.7401],[-43.9379,-6.7616],[-43.8295,-6.727],[-43.8096,-6.7059],[-43.6748,-6.701],[-43.5935,-6.7509],[-43.566,-6.7469],[-43.5489,-6.7817],[-43.5148,-6.7953],[-43.4814,-6.8335],[-43.4216,-6.8441],[-43.3692,-6.8065],[-43.2806,-6.7971],[-43.1984,-6.7546],[-43.1344,-6.7803],[-43.0736,-6.7607],[-42.997,-6.761],[-42.9158,-6.6688],[-42.9118,-6.6145],[-42.879,-6.5611],[-42.8774,-6.5036],[-42.8569,-6.4831],[-42.8705,-6.4384],[-42.8575,-6.3787],[-42.8296,-6.3525],[-42.85,-6.3292],[-42.85,-6.2541],[-42.9642,-6.1874],[-43.0009,-6.1238],[-43.0525,-6.0975],[-43.076,-6.0548],[-43.0637,-6.0015],[-43.0919,-5.9663],[-43.1035,-5.9239],[-43.0896,-5.8767],[-43.1079,-5.771],[-43.0828,-5.7122],[-43.0965,-5.6924],[-43.0896,-5.6679],[-43.1019,-5.6233],[-43.0484,-5.5963],[-42.92,-5.4008],[-42.8492,-5.3402],[-42.8323,-5.3135],[-42.8296,-5.225],[-42.8016,-5.1809],[-42.8339,-5.0982],[-42.8569,-4.9239],[-42.8842,-4.9004],[-42.9047,-4.8278],[-42.9525,-4.7766],[-42.9292,-4.7318],[-42.9493,-4.6585],[-42.9132,-4.639],[-42.8976,-4.6149],[-42.863,-4.4987],[-42.8978,-4.4038],[-42.9237,-4.3847],[-42.9525,-4.3902],[-42.9657,-4.3725],[-42.9872,-4.307],[-42.9906,-4.2401],[-42.9444,-4.1766],[-42.891,-4.1425],[-42.838,-4.0218],[-42.7752,-3.9479],[-42.7252,-3.9112],[-42.7007,-3.8336],[-42.6651,-3.7868],[-42.6752,-3.6988],[-42.6632,-3.6717],[-42.6288,-3.6166],[-42.5566,-3.5502],[-42.5006,-3.4511],[-42.4554,-3.4782],[-42.3839,-3.4647],[-42.3703,-3.4511],[-42.2166,-3.4338],[-42.0999,-3.3032],[-42.0987,-3.2856],[-42.117,-3.2692],[-42.0045,-3.2331],[-41.9759,-3.1865],[-41.9497,-3.1764],[-41.9226,-3.1084],[-41.8933,-3.0953],[-41.8427,-3.034],[-41.8125,-2.9551],[-41.8153,-2.9365],[-41.8563,-2.8996],[-41.8679,-2.8536],[-41.8428,-2.7653]]]}},{"type":"Feature","id":"Rio Grande do Norte","properties":{"id":"Rio Grande do Norte","iso_code":"BR-RN","name":"Rio Grande do Norte","name_full":"Rio Grande do Norte","name_ja":"リオグランデ・ド・ノルテ州","center_lonlat":[-36.6797,-5.8404]},"geometry":{"type":"MultiPolygon","coordinates":[[[[-37.2364,-4.8299],[-37.1829,-4.9109],[-37.1349,-4.9314],[-37.0981,-4.9206],[-37.0494,-4.9379],[-36.983,-4.9298],[-36.8988,-4.9382],[-36.8207,-5.0077],[-36.7909,-5.0512],[-36.6961,-5.0755],[-36.6957,-5.0896],[-36.6069,-5.0964],[-36.5444,-5.1276],[-36.5254,-5.1056],[-36.58,-5.081],[-36.5451,-5.0896],[-36.4224,-5.081],[-36.2814,-5.1046],[-36.2572,-5.0959],[-36.292,-5.089],[-36.1312,-5.0959],[-35.9972,-5.0475],[-35.5819,-5.1189],[-35.5106,-5.1437],[-35.39,-5.2446],[-35.3486,-5.3556],[-35.3188,-5.3832],[-35.2623,-5.4833],[-35.2231,-5.5826],[-35.2306,-5.5888],[-35.1957,-5.6895],[-35.1952,-5.76],[-35.1711,-5.7963],[-35.168,-5.8562],[-35.1474,-5.8767],[-35.1453,-5.9321],[-35.1065,-5.986],[-35.1112,-6.0578],[-35.0994,-6.0666],[-35.0928,-6.1858],[-35.1207,-6.1647],[-35.1509,-6.216],[-35.1343,-6.2243],[-35.0959,-6.1921],[-35.0779,-6.2209],[-35.0412,-6.2302],[-35.0242,-6.3429],[-34.9823,-6.3914],[-34.9633,-6.5033],[-35.0478,-6.536],[-35.0795,-6.5223],[-35.2569,-6.5063],[-35.306,-6.5284],[-35.3638,-6.5153],[-35.4664,-6.4644],[-35.5622,-6.4551],[-35.6571,-6.4256],[-35.8337,-6.4592],[-35.9626,-6.4619],[-36.252,-6.4137],[-36.2753,-6.387],[-36.277,-6.3278],[-36.2917,-6.3055],[-36.3835,-6.3028],[-36.4516,-6.3656],[-36.4923,-6.377],[-36.5078,-6.4059],[-36.5109,-6.4988],[-36.4773,-6.5374],[-36.4428,-6.6228],[-36.4619,-6.6359],[-36.5144,-6.613],[-36.535,-6.6383],[-36.5368,-6.7129],[-36.5015,-6.7832],[-36.5369,-6.8788],[-36.5752,-6.9267],[-36.6527,-6.9269],[-36.7218,-6.9778],[-36.7714,-6.9309],[-36.7426,-6.8245],[-36.805,-6.7608],[-36.9429,-6.7491],[-36.9969,-6.7092],[-37.0546,-6.7599],[-37.1533,-6.7849],[-37.231,-6.8226],[-37.2692,-6.7412],[-37.296,-6.7149],[-37.3356,-6.6994],[-37.5,-6.6853],[-37.5214,-6.6709],[-37.5262,-6.6254],[-37.507,-6.5537],[-37.4302,-6.5179],[-37.382,-6.3641],[-37.1754,-6.1168],[-37.1777,-6.0525],[-37.2172,-6.026],[-37.2607,-6.0248],[-37.4084,-6.0948],[-37.4646,-6.0854],[-37.5428,-6.0955],[-37.5715,-6.115],[-37.6399,-6.1263],[-37.7496,-6.169],[-37.7795,-6.2284],[-37.7878,-6.2856],[-37.8203,-6.2891],[-37.8441,-6.341],[-38.0032,-6.4333],[-38.0231,-6.4765],[-38.0636,-6.4436],[-38.1303,-6.5198],[-38.241,-6.484],[-38.2878,-6.5038],[-38.4362,-6.4125],[-38.4836,-6.3976],[-38.4969,-6.3474],[-38.5258,-6.3816],[-38.5795,-6.4051],[-38.6067,-6.3967],[-38.5883,-6.3587],[-38.5802,-6.2617],[-38.5498,-6.2377],[-38.5388,-6.1957],[-38.5133,-6.1818],[-38.4934,-6.1264],[-38.4567,-6.0827],[-38.425,-6.0622],[-38.3678,-6.0933],[-38.2997,-6.0742],[-38.139,-5.8947],[-38.1218,-5.8249],[-38.078,-5.7606],[-38.0821,-5.705],[-38.0475,-5.614],[-37.9152,-5.4635],[-37.7213,-5.0629],[-37.5831,-4.9497],[-37.2364,-4.8299]]],[[[-29.408,0.8848],[-29.3562,0.8828],[-29.349,0.8526],[-29.3694,0.8336],[-29.4103,0.8349],[-29.4264,0.8585],[-29.408,0.8848]]],[[[-32.4034,-3.8378],[-32.3866,-3.8412],[-32.3997,-3.862],[-32.4628,-3.8784],[-32.4369,-3.8499],[-32.4034,-3.8378]]]]}},{"type":"Feature","id":"Rio Grande do Sul","properties":{"id":"Rio Grande do Sul","iso_code":"BR-RS","name":"Rio Grande do Sul","name_full":"Rio Grande do Sul","name_ja":"リオグランデ・ド・スル州","center_lonlat":[-53.3203,-29.7357]},"geometry":{"type":"Polygon","coordinates":[[[-53.842,-27.1635],[-53.786,-27.1484],[-53.7591,-27.1798],[-53.7361,-27.1814],[-53.6774,-27.1539],[-53.6617,-27.1659],[-53.6534,-27.216],[-53.588,-27.175],[-53.518,-27.1953],[-53.502,-27.1918],[-53.5003,-27.1269],[-53.4856,-27.1136],[-53.4458,-27.1382],[-53.402,-27.1204],[-53.3689,-27.072],[-53.3298,-27.0968],[-53.2832,-27.1061],[-53.2774,-27.1195],[-53.3142,-27.1955],[-53.2896,-27.1976],[-53.2174,-27.1614],[-53.1765,-27.1819],[-53.1492,-27.1334],[-53.1246,-27.1571],[-53.0883,-27.1614],[-53.0695,-27.1505],[-53.0536,-27.0993],[-53.0175,-27.0832],[-53.0021,-27.0959],[-53.0237,-27.1242],[-53.02,-27.146],[-52.9983,-27.1403],[-52.9863,-27.152],[-53.004,-27.2058],[-52.9942,-27.2221],[-52.976,-27.2179],[-52.9448,-27.1635],[-52.9266,-27.2024],[-52.8686,-27.1614],[-52.845,-27.1635],[-52.8274,-27.1999],[-52.7855,-27.2129],[-52.7382,-27.2501],[-52.7178,-27.2371],[-52.6992,-27.2739],[-52.6734,-27.2501],[-52.6216,-27.2576],[-52.543,-27.2365],[-52.5297,-27.2501],[-52.4856,-27.2571],[-52.4646,-27.2202],[-52.4479,-27.2161],[-52.4161,-27.2713],[-52.4059,-27.239],[-52.3826,-27.288],[-52.3342,-27.2781],[-52.3146,-27.2964],[-52.3,-27.2917],[-52.3088,-27.2546],[-52.2727,-27.2433],[-52.2415,-27.2581],[-52.2684,-27.2792],[-52.2318,-27.3191],[-52.1791,-27.2682],[-52.1595,-27.2954],[-52.1172,-27.2926],[-52.1111,-27.3291],[-52.0196,-27.3287],[-52.0089,-27.3592],[-51.9649,-27.3684],[-51.9506,-27.3873],[-52.012,-27.3941],[-51.931,-27.4462],[-51.9568,-27.4624],[-51.9338,-27.4639],[-51.9158,-27.4494],[-51.9025,-27.4978],[-51.8772,-27.5204],[-51.8612,-27.476],[-51.8471,-27.4919],[-51.8537,-27.5131],[-51.7793,-27.5238],[-51.7791,-27.4901],[-51.7414,-27.4897],[-51.7173,-27.5107],[-51.6756,-27.476],[-51.643,-27.5108],[-51.6129,-27.4901],[-51.5961,-27.5375],[-51.563,-27.5238],[-51.5664,-27.5586],[-51.5513,-27.5713],[-51.4662,-27.5616],[-51.4429,-27.6064],[-51.4056,-27.6238],[-51.3883,-27.6548],[-51.3469,-27.6272],[-51.3346,-27.6691],[-51.2858,-27.6815],[-51.292,-27.7163],[-51.2269,-27.7678],[-51.1896,-27.7647],[-51.0805,-27.8211],[-51.0124,-27.9347],[-50.9842,-27.9559],[-50.9636,-27.95],[-50.9453,-27.9617],[-50.8862,-28.0252],[-50.8812,-28.0583],[-50.8925,-28.0826],[-50.87,-28.0917],[-50.8675,-28.1272],[-50.8544,-28.1341],[-50.8299,-28.121],[-50.8042,-28.1391],[-50.7924,-28.134],[-50.744,-28.237],[-50.6962,-28.2643],[-50.6211,-28.3742],[-50.5392,-28.4158],[-50.4839,-28.4021],[-50.4463,-28.422],[-50.3589,-28.4329],[-50.3467,-28.4499],[-50.318,-28.4385],[-50.217,-28.4499],[-50.1618,-28.484],[-50.1452,-28.4836],[-50.1338,-28.4425],[-50.1222,-28.4427],[-50.1106,-28.4704],[-50.0478,-28.4798],[-49.9729,-28.4505],[-49.9367,-28.4715],[-49.8732,-28.4499],[-49.8465,-28.484],[-49.8166,-28.4957],[-49.781,-28.4977],[-49.7571,-28.4704],[-49.7366,-28.5114],[-49.7072,-28.5313],[-49.7211,-28.5467],[-49.7043,-28.6087],[-49.7231,-28.6172],[-49.7804,-28.6099],[-49.8459,-28.6969],[-49.8999,-28.7324],[-49.9081,-28.7138],[-49.9202,-28.7175],[-49.9216,-28.7596],[-49.9517,-28.787],[-49.9608,-28.8327],[-49.9487,-28.961],[-49.9741,-29.0321],[-50.0024,-29.0633],[-50.0025,-29.0985],[-50.0451,-29.1163],[-50.0697,-29.0926],[-50.1065,-29.1497],[-50.1622,-29.1903],[-50.1679,-29.2837],[-50.1502,-29.3043],[-50.0892,-29.3218],[-50.0459,-29.3543],[-50.0332,-29.336],[-50.0384,-29.305],[-50.094,-29.2525],[-49.9746,-29.2173],[-49.9545,-29.1938],[-49.8706,-29.2179],[-49.8135,-29.2715],[-49.7489,-29.2912],[-49.7316,-29.3215],[-49.7135,-29.3245],[-49.8107,-29.4431],[-49.9336,-29.6344],[-49.9974,-29.7646],[-50.0453,-29.8145],[-50.3157,-30.4615],[-50.7214,-31.0445],[-50.8284,-31.1427],[-50.8837,-31.2199],[-51.0346,-31.378],[-51.1518,-31.4815],[-51.5633,-31.7774],[-51.8635,-31.9317],[-52.0774,-32.1673],[-52.0845,-32.1469],[-52.0358,-32.0279],[-52.0566,-31.9884],[-52.0122,-31.9506],[-52.0259,-31.9197],[-52.088,-31.8586],[-52.0873,-31.8278],[-52.0485,-31.8083],[-52.0018,-31.8215],[-51.9228,-31.8687],[-51.88,-31.8713],[-51.8363,-31.8549],[-51.8137,-31.8284],[-51.8341,-31.8005],[-51.7045,-31.7927],[-51.6662,-31.7697],[-51.5126,-31.616],[-51.4987,-31.5749],[-51.4573,-31.6155],[-51.4476,-31.6127],[-51.4635,-31.5572],[-51.4225,-31.4851],[-51.4135,-31.5178],[-51.3778,-31.527],[-51.3345,-31.5192],[-51.245,-31.464],[-51.1796,-31.359],[-51.1586,-31.2864],[-51.1548,-31.2121],[-51.1761,-31.1493],[-51.1619,-31.0777],[-51.1534,-31.0672],[-51.0973,-31.081],[-51.014,-31.0628],[-51.0032,-31.1329],[-50.9759,-31.131],[-50.9647,-31.1013],[-50.9359,-31.0878],[-50.9399,-31.0764],[-50.97,-31.0743],[-50.9877,-31.0456],[-50.9564,-30.9228],[-50.9784,-30.8933],[-50.9139,-30.8933],[-50.8196,-30.8313],[-50.7601,-30.8151],[-50.7311,-30.7924],[-50.6926,-30.7265],[-50.6794,-30.6417],[-50.6895,-30.464],[-50.7257,-30.3631],[-50.6899,-30.3532],[-50.6451,-30.3922],[-50.6499,-30.4386],[-50.6075,-30.4851],[-50.565,-30.4501],[-50.5728,-30.4094],[-50.5373,-30.3204],[-50.5399,-30.2675],[-50.6148,-30.1862],[-50.6485,-30.1904],[-50.6759,-30.2177],[-50.6534,-30.2516],[-50.672,-30.289],[-50.7791,-30.2932],[-50.7994,-30.3235],[-50.913,-30.3167],[-50.9329,-30.3806],[-50.9154,-30.4362],[-50.9364,-30.4316],[-51.0341,-30.3757],[-51.0403,-30.3435],[-51.0116,-30.2962],[-51.0231,-30.2638],[-51.0526,-30.2654],[-51.0576,-30.2419],[-51.0795,-30.2379],[-51.1225,-30.256],[-51.1761,-30.2245],[-51.1805,-30.2004],[-51.233,-30.1899],[-51.2171,-30.1563],[-51.2204,-30.1364],[-51.2512,-30.1078],[-51.2375,-30.0396],[-51.2593,-30.0468],[-51.2621,-30.0138],[-51.2835,-30.0074],[-51.3065,-30.0702],[-51.2921,-30.0839],[-51.314,-30.1546],[-51.3065,-30.1869],[-51.327,-30.2245],[-51.2825,-30.2214],[-51.2649,-30.2449],[-51.2921,-30.2717],[-51.2375,-30.3132],[-51.2041,-30.2853],[-51.1877,-30.3601],[-51.0906,-30.352],[-51.1148,-30.4011],[-51.1351,-30.4094],[-51.1619,-30.3952],[-51.2004,-30.3998],[-51.2505,-30.4623],[-51.2779,-30.5401],[-51.2902,-30.6244],[-51.2649,-30.7555],[-51.2697,-30.7818],[-51.2817,-30.7966],[-51.2977,-30.7953],[-51.314,-30.7732],[-51.2895,-30.7673],[-51.2912,-30.7399],[-51.3225,-30.6422],[-51.3771,-30.6423],[-51.3816,-30.7763],[-51.3619,-30.8792],[-51.4554,-30.8894],[-51.4778,-30.9228],[-51.4857,-30.9671],[-51.4708,-31.0533],[-51.443,-31.081],[-51.6236,-31.1353],[-51.6509,-31.2055],[-51.6375,-31.2565],[-51.6847,-31.2521],[-51.7126,-31.2659],[-51.819,-31.2722],[-51.8569,-31.3112],[-51.9228,-31.3069],[-51.9635,-31.3323],[-51.9429,-31.3593],[-51.9985,-31.4094],[-52.0048,-31.5397],[-51.9849,-31.5739],[-52.0079,-31.6462],[-52.0402,-31.5702],[-52.0833,-31.5587],[-52.0941,-31.5776],[-52.09,-31.6061],[-52.0463,-31.6081],[-52.0412,-31.6227],[-52.0633,-31.6655],[-52.0958,-31.6911],[-52.2186,-31.7407],[-52.2245,-31.7625],[-52.2102,-31.8005],[-52.2245,-31.8414],[-52.2456,-31.841],[-52.2484,-31.862],[-52.2357,-31.8797],[-52.2102,-31.8687],[-52.1339,-31.9308],[-52.2377,-31.9664],[-52.2586,-32.0536],[-52.2112,-32.0567],[-52.2117,-32.068],[-52.2381,-32.081],[-52.214,-32.0861],[-52.1544,-32.0651],[-52.1241,-32.0295],[-52.0814,-32.032],[-52.1689,-32.1007],[-52.1562,-32.1227],[-52.1397,-32.1191],[-52.0873,-32.0673],[-52.1016,-32.1227],[-52.0912,-32.1661],[-52.1274,-32.1775],[-52.2286,-32.2511],[-52.2534,-32.2825],[-52.3753,-32.4987],[-52.4432,-32.686],[-52.4709,-32.801],[-52.6217,-33.102],[-52.8195,-33.3225],[-53.0917,-33.5273],[-53.2663,-33.6767],[-53.3791,-33.7407],[-53.4113,-33.7423],[-53.4567,-33.6875],[-53.5115,-33.6903],[-53.5396,-33.6493],[-53.514,-33.3949],[-53.5369,-33.1708],[-53.5116,-33.0993],[-53.4491,-33.0421],[-53.3273,-32.9736],[-53.2988,-32.8891],[-53.1269,-32.7548],[-53.1108,-32.7224],[-53.2015,-32.6372],[-53.4156,-32.5642],[-53.5613,-32.4495],[-53.6439,-32.3556],[-53.6586,-32.2543],[-53.7214,-32.1624],[-53.75,-32.104],[-53.7573,-32.055],[-53.8581,-32.0212],[-53.9058,-31.9593],[-53.9488,-31.937],[-54.0087,-31.9265],[-54.0497,-31.8871],[-54.0885,-31.8782],[-54.1463,-31.9099],[-54.2742,-31.8234],[-54.4637,-31.6719],[-54.495,-31.5656],[-54.5624,-31.5159],[-54.6045,-31.4598],[-54.8499,-31.4251],[-54.9696,-31.3408],[-55.0294,-31.2688],[-55.0873,-31.3268],[-55.2443,-31.2446],[-55.2937,-31.1537],[-55.338,-31.1256],[-55.3686,-31.0374],[-55.5919,-30.8483],[-55.634,-30.8476],[-55.6497,-30.861],[-55.6527,-30.939],[-55.6658,-30.9493],[-55.7319,-30.9454],[-55.7636,-31.0084],[-55.8546,-31.0746],[-56.0114,-31.0821],[-56.0222,-31.0671],[-56.0155,-30.9343],[-55.989,-30.8556],[-56.0114,-30.7982],[-56.0769,-30.7523],[-56.1317,-30.6719],[-56.1708,-30.6458],[-56.2151,-30.5819],[-56.386,-30.4758],[-56.4246,-30.4236],[-56.5238,-30.3573],[-56.575,-30.3024],[-56.6313,-30.2847],[-56.6326,-30.2475],[-56.6568,-30.2213],[-56.767,-30.1614],[-56.7952,-30.1238],[-56.8313,-30.102],[-56.9064,-30.1085],[-56.9746,-30.0975],[-57.0379,-30.1146],[-57.0771,-30.1061],[-57.1296,-30.15],[-57.1837,-30.2675],[-57.2451,-30.2933],[-57.2704,-30.2752],[-57.2965,-30.2933],[-57.3538,-30.272],[-57.3993,-30.2991],[-57.4431,-30.2695],[-57.536,-30.2744],[-57.5675,-30.2563],[-57.5868,-30.204],[-57.6117,-30.183],[-57.5486,-30.17],[-57.5062,-30.1443],[-57.4115,-30.0396],[-57.3252,-29.981],[-57.3085,-29.8485],[-57.2915,-29.8151],[-57.2196,-29.7783],[-57.1129,-29.766],[-57.0209,-29.6834],[-56.9658,-29.6009],[-56.819,-29.475],[-56.8076,-29.4447],[-56.7834,-29.4258],[-56.7699,-29.3791],[-56.6887,-29.3296],[-56.6505,-29.2513],[-56.6507,-29.2091],[-56.6173,-29.1609],[-56.5483,-29.11],[-56.428,-29.0699],[-56.3916,-28.9522],[-56.3231,-28.9165],[-56.301,-28.8814],[-56.2861,-28.7802],[-56.1847,-28.7442],[-56.103,-28.6481],[-56.0408,-28.609],[-56.0219,-28.5857],[-56.0214,-28.5104],[-56.0116,-28.4966],[-55.902,-28.4651],[-55.9056,-28.378],[-55.8423,-28.3464],[-55.7346,-28.3659],[-55.715,-28.4045],[-55.6942,-28.4001],[-55.6636,-28.3265],[-55.6872,-28.2901],[-55.7666,-28.2576],[-55.7725,-28.232],[-55.6841,-28.1962],[-55.6047,-28.1169],[-55.5816,-28.1211],[-55.5771,-28.1443],[-55.5535,-28.1456],[-55.5059,-28.0789],[-55.4407,-28.0789],[-55.3834,-28.0142],[-55.3809,-27.9782],[-55.3379,-27.9631],[-55.3299,-27.9281],[-55.3141,-27.915],[-55.2602,-27.9192],[-55.1776,-27.8536],[-55.1192,-27.8809],[-55.0999,-27.8438],[-55.0296,-27.8507],[-55.0404,-27.8195],[-55.0812,-27.7783],[-55.0643,-27.771],[-54.9852,-27.7853],[-54.9132,-27.7369],[-54.8983,-27.6236],[-54.8451,-27.6119],[-54.8275,-27.5451],[-54.805,-27.5264],[-54.7922,-27.5232],[-54.7937,-27.5492],[-54.7739,-27.5638],[-54.6903,-27.5513],[-54.6665,-27.5038],[-54.6512,-27.5259],[-54.6259,-27.5153],[-54.5895,-27.4526],[-54.5705,-27.4557],[-54.5433,-27.487],[-54.4484,-27.4589],[-54.4646,-27.4233],[-54.4446,-27.409],[-54.3889,-27.4111],[-54.3716,-27.4544],[-54.3477,-27.4358],[-54.3477,-27.3943],[-54.3069,-27.4289],[-54.2869,-27.4284],[-54.2613,-27.3887],[-54.2316,-27.3805],[-54.2318,-27.3515],[-54.177,-27.2434],[-54.1559,-27.2577],[-54.1581,-27.2795],[-54.0918,-27.2852],[-54.0051,-27.1882],[-53.9618,-27.1914],[-53.9641,-27.154],[-53.9509,-27.1478],[-53.9095,-27.1683],[-53.8822,-27.1199],[-53.842,-27.1635]]]}},{"type":"Feature","id":"Rio de Janeiro","properties":{"id":"Rio de Janeiro","iso_code":"BR-RJ","name":"Rio de Janeiro","name_full":"Rio de Janeiro","name_ja":"リオデジャネイロ州","center_lonlat":[-42.656,-22.1862]},"geometry":{"type":"MultiPolygon","coordinates":[[[[-40.9651,-21.274],[-40.9635,-21.3645],[-41.0496,-21.4693],[-41.0719,-21.5233],[-41.0593,-21.561],[-41.0185,-21.6081],[-41.0247,-21.7192],[-40.9673,-21.9475],[-40.9726,-21.9867],[-40.9953,-22.0143],[-41.2437,-22.1452],[-41.4657,-22.2026],[-41.6665,-22.2818],[-41.7708,-22.3542],[-41.7845,-22.3886],[-41.8497,-22.433],[-41.8685,-22.4685],[-41.9009,-22.4858],[-41.912,-22.508],[-41.9663,-22.5354],[-41.9962,-22.6093],[-41.993,-22.6999],[-41.9346,-22.7687],[-41.8701,-22.7341],[-41.8698,-22.7521],[-41.8906,-22.7824],[-41.9096,-22.7766],[-41.9452,-22.8097],[-41.9896,-22.8263],[-41.9969,-22.8753],[-42.0199,-22.8813],[-42.0331,-22.9125],[-42.0227,-22.9445],[-42.0073,-22.9333],[-42.0029,-22.9477],[-42.0135,-22.9817],[-42.0582,-22.9538],[-42.5317,-22.9342],[-42.6686,-22.947],[-42.6957,-22.9669],[-43.0314,-22.9743],[-43.074,-22.9449],[-43.0898,-22.9538],[-43.1308,-22.9196],[-43.1034,-22.9264],[-43.0919,-22.9171],[-43.0994,-22.9016],[-43.1295,-22.8941],[-43.1265,-22.8824],[-43.1017,-22.8365],[-43.0345,-22.7756],[-43.053,-22.7778],[-43.0614,-22.7658],[-43.0251,-22.7355],[-43.0284,-22.6725],[-43.0756,-22.6657],[-43.1034,-22.6936],[-43.1518,-22.696],[-43.2167,-22.7341],[-43.2702,-22.747],[-43.2711,-22.789],[-43.2406,-22.8439],[-43.2201,-22.8297],[-43.1996,-22.857],[-43.2133,-22.8644],[-43.1621,-22.8957],[-43.1625,-22.9397],[-43.1512,-22.9333],[-43.1522,-22.9511],[-43.1708,-22.9698],[-43.2201,-22.9953],[-43.4476,-23.0182],[-43.5422,-23.0494],[-43.5604,-23.0675],[-43.5801,-23.0494],[-43.6208,-23.0426],[-43.9141,-23.0698],[-43.969,-23.0927],[-44.0037,-23.0911],[-44.0015,-23.0492],[-43.9501,-23.0426],[-43.9054,-23.0556],[-43.8917,-23.0214],[-43.832,-23.0476],[-43.7511,-23.0494],[-43.6693,-23.0372],[-43.6037,-23.0077],[-43.7067,-22.9743],[-43.734,-22.9395],[-43.803,-22.9299],[-43.809,-22.9098],[-43.8644,-22.9059],[-43.8502,-22.8923],[-44.0047,-22.9395],[-44.0308,-22.9714],[-44.0494,-22.9743],[-44.0392,-22.9441],[-44.0562,-22.9395],[-44.0797,-22.9872],[-44.1151,-23.0224],[-44.1864,-23.049],[-44.1969,-23.0336],[-44.2201,-23.0494],[-44.243,-23.0426],[-44.2505,-22.9962],[-44.2987,-23.0129],[-44.3026,-22.9953],[-44.3299,-23.0152],[-44.3527,-22.9993],[-44.3545,-22.9864],[-44.3118,-22.9701],[-44.3259,-22.9216],[-44.3578,-22.9196],[-44.3516,-22.9353],[-44.3715,-22.9612],[-44.3845,-22.9395],[-44.3988,-22.947],[-44.4114,-22.9374],[-44.4398,-22.9817],[-44.4357,-22.9968],[-44.6042,-23.0556],[-44.598,-23.0357],[-44.6551,-23.0431],[-44.7005,-23.1077],[-44.6932,-23.1274],[-44.7141,-23.1866],[-44.708,-23.2146],[-44.6453,-23.1866],[-44.6268,-23.1952],[-44.6732,-23.2296],[-44.68,-23.2486],[-44.656,-23.2304],[-44.6247,-23.235],[-44.6488,-23.2621],[-44.6514,-23.2848],[-44.6006,-23.2343],[-44.5565,-23.2275],[-44.5763,-23.2486],[-44.5106,-23.2734],[-44.5012,-23.2965],[-44.5238,-23.2907],[-44.5838,-23.3532],[-44.6744,-23.3381],[-44.7276,-23.3521],[-44.7679,-23.3239],[-44.7864,-23.2942],[-44.8169,-23.2956],[-44.8656,-23.2229],[-44.8458,-23.1771],[-44.805,-23.1371],[-44.7922,-22.9835],[-44.7564,-22.9742],[-44.7144,-22.9298],[-44.6652,-22.9214],[-44.5856,-22.8772],[-44.5391,-22.883],[-44.4657,-22.8478],[-44.4459,-22.8696],[-44.3982,-22.8536],[-44.3703,-22.8611],[-44.2736,-22.8203],[-44.2476,-22.7826],[-44.2484,-22.7468],[-44.2117,-22.714],[-44.1711,-22.7022],[-44.1623,-22.6813],[-44.2198,-22.5889],[-44.3496,-22.5997],[-44.3719,-22.584],[-44.3876,-22.5977],[-44.5238,-22.6234],[-44.5551,-22.6093],[-44.6279,-22.6049],[-44.6522,-22.5548],[-44.713,-22.5036],[-44.7583,-22.4321],[-44.8313,-22.4061],[-44.7315,-22.3584],[-44.652,-22.3645],[-44.6089,-22.3162],[-44.5327,-22.3045],[-44.431,-22.2517],[-44.2921,-22.2404],[-44.2403,-22.2582],[-44.1244,-22.2034],[-44.086,-22.1686],[-43.7847,-22.0559],[-43.7448,-22.0758],[-43.6918,-22.0619],[-43.6697,-22.0717],[-43.6477,-22.0553],[-43.6133,-22.0598],[-43.5878,-22.0462],[-43.5566,-22.0668],[-43.4698,-22.0579],[-43.3277,-22.0018],[-43.2529,-22.0066],[-43.2197,-22.0228],[-43.1341,-22.0245],[-43.1327,-22.0505],[-43.1468,-22.0723],[-43.1381,-22.0965],[-43.1033,-22.0692],[-43.0592,-22.073],[-43.0375,-22.0255],[-43.0145,-22.0146],[-42.9515,-22.0059],[-42.8871,-21.9598],[-42.5552,-21.8297],[-42.4581,-21.7764],[-42.4034,-21.7636],[-42.3634,-21.7335],[-42.3118,-21.7354],[-42.2803,-21.7136],[-42.2648,-21.6671],[-42.2944,-21.6394],[-42.3692,-21.6338],[-42.3666,-21.5937],[-42.2991,-21.4826],[-42.2971,-21.4118],[-42.2834,-21.3825],[-42.2208,-21.3371],[-42.2071,-21.2633],[-42.1787,-21.2035],[-42.1788,-21.1547],[-42.0971,-21.0109],[-42.096,-21.0003],[-42.1328,-20.9905],[-42.1377,-20.9563],[-42.0899,-20.9194],[-42.0239,-20.9206],[-42.0004,-20.9322],[-41.9753,-20.923],[-41.9287,-20.8454],[-41.9203,-20.8045],[-41.8853,-20.7977],[-41.8644,-20.7769],[-41.7417,-20.8218],[-41.7404,-20.8565],[-41.719,-20.874],[-41.7291,-20.9295],[-41.7132,-20.9823],[-41.7286,-21.0443],[-41.7114,-21.1112],[-41.6853,-21.1079],[-41.5663,-21.166],[-41.4987,-21.1705],[-41.4328,-21.2028],[-41.3994,-21.1889],[-41.3619,-21.1911],[-41.2549,-21.2339],[-41.0679,-21.2141],[-40.9947,-21.244],[-40.9651,-21.274]]],[[[-44.1009,-23.149],[-44.0823,-23.1695],[-44.1077,-23.1796],[-44.1183,-23.1655],[-44.1593,-23.1658],[-44.1897,-23.1866],[-44.2412,-23.1935],[-44.2926,-23.1728],[-44.3277,-23.2213],[-44.3417,-23.1987],[-44.3374,-23.1796],[-44.3607,-23.1782],[-44.3671,-23.1652],[-44.3231,-23.1456],[-44.2964,-23.1176],[-44.2709,-23.1152],[-44.2351,-23.0688],[-44.1865,-23.091],[-44.207,-23.1046],[-44.1865,-23.1176],[-44.1708,-23.1101],[-44.1418,-23.1313],[-44.1244,-23.1108],[-44.113,-23.1147],[-44.1183,-23.1313],[-44.1009,-23.149]]]]}},{"type":"Feature","id":"Rondonia","properties":{"id":"Rondonia","iso_code":"BR-RO","name":"Rondonia","name_full":"Rondônia","name_ja":"ロンドニア州","center_lonlat":[-62.8431,-10.917]},"geometry":{"type":"Polygon","coordinates":[[[-66.6489,-9.9159],[-66.8305,-9.838],[-66.7767,-9.7952],[-66.7436,-9.7487],[-66.6953,-9.7489],[-66.5973,-9.6645],[-66.4921,-9.6247],[-66.394,-9.5103],[-66.4016,-9.4182],[-66.3882,-9.4008],[-66.2986,-9.4135],[-66.2476,-9.4053],[-66.1513,-9.4223],[-65.9527,-9.4036],[-65.7531,-9.5701],[-65.6762,-9.5325],[-65.6469,-9.4599],[-65.5626,-9.414],[-65.5257,-9.4129],[-65.4821,-9.4531],[-65.451,-9.4546],[-65.4195,-9.3902],[-65.3359,-9.3254],[-65.2113,-9.2532],[-65.1744,-9.3224],[-65.1724,-9.3737],[-65.1537,-9.4062],[-65.1065,-9.435],[-65.0669,-9.4259],[-64.9716,-9.3199],[-64.96,-9.2786],[-64.9074,-9.2244],[-64.9264,-9.1316],[-64.9205,-9.109],[-64.8668,-9.041],[-64.7785,-8.9867],[-64.7527,-8.9849],[-64.7011,-9.0185],[-64.5975,-9.0259],[-64.5665,-9.0182],[-64.529,-8.9768],[-64.4892,-8.9549],[-64.4194,-8.9707],[-64.3731,-8.9358],[-64.271,-8.9363],[-64.216,-8.9504],[-64.1757,-8.9343],[-64.1197,-8.9566],[-64.1348,-8.8651],[-64.1208,-8.8144],[-64.1338,-8.7843],[-64.1343,-8.6941],[-64.1177,-8.6831],[-64.073,-8.7129],[-64.0051,-8.685],[-63.9473,-8.6045],[-63.9218,-8.5446],[-63.9367,-8.5081],[-63.9857,-8.4706],[-63.9888,-8.4288],[-63.9,-8.318],[-63.7408,-8.2778],[-63.7472,-8.2191],[-63.7355,-8.1982],[-63.584,-8.1585],[-63.5897,-8.0799],[-63.5383,-8.0005],[-62.9042,-8.0083],[-62.8294,-8.0158],[-62.7572,-8.0434],[-62.6758,-8.1141],[-62.6361,-8.2199],[-62.5545,-8.287],[-62.5402,-8.3627],[-62.4548,-8.3492],[-62.3813,-8.3742],[-62.2996,-8.5812],[-62.21,-8.5873],[-62.1755,-8.6011],[-62.1737,-8.6411],[-62.1237,-8.7804],[-62.0166,-8.8021],[-61.9628,-8.8565],[-61.9051,-8.8732],[-61.8693,-8.8482],[-61.8554,-8.7738],[-61.8378,-8.7446],[-61.7748,-8.7347],[-61.7322,-8.6917],[-61.6187,-8.7115],[-61.6113,-8.7686],[-61.5094,-8.8468],[-61.4844,-8.9039],[-61.5302,-8.9976],[-61.5579,-9.0968],[-61.5308,-9.2246],[-61.5929,-9.242],[-61.6113,-9.3201],[-61.605,-9.3445],[-61.5548,-9.388],[-61.5516,-9.4616],[-61.5218,-9.5641],[-61.4816,-9.6281],[-61.5212,-9.7063],[-61.564,-9.7268],[-61.5421,-9.7584],[-61.5194,-9.874],[-61.5347,-9.9367],[-61.5319,-9.9866],[-61.5705,-10.0606],[-61.5794,-10.1309],[-61.555,-10.1854],[-61.5632,-10.2616],[-61.471,-10.4348],[-61.5033,-10.6865],[-61.4656,-10.7199],[-61.4795,-10.7716],[-61.5092,-10.7738],[-61.52,-10.7904],[-61.5072,-10.8639],[-61.5218,-10.9525],[-61.5101,-10.9891],[-60.4412,-11.0035],[-60.4331,-11.0536],[-60.37,-11.1093],[-60.2891,-11.0772],[-60.1902,-11.1163],[-60.1459,-11.1062],[-60.0699,-11.1143],[-60.0016,-11.1443],[-59.9112,-11.3841],[-59.927,-11.4165],[-59.967,-11.4457],[-60.0136,-11.5239],[-60.1014,-11.5998],[-60.1013,-11.7446],[-60.0695,-11.8935],[-60.0489,-11.9098],[-60.0088,-11.9024],[-59.9834,-11.9167],[-59.9317,-12.0533],[-59.8899,-12.1162],[-59.8872,-12.2593],[-59.8234,-12.4083],[-59.9091,-12.6184],[-59.9973,-12.7185],[-60.042,-12.8753],[-60.0941,-12.9364],[-60.1952,-12.972],[-60.2657,-13.0562],[-60.2689,-13.1198],[-60.3512,-13.2721],[-60.3838,-13.4203],[-60.6607,-13.6016],[-60.7256,-13.6628],[-60.802,-13.6042],[-60.8967,-13.5529],[-61.022,-13.5352],[-61.0413,-13.5152],[-61.0472,-13.4646],[-61.1187,-13.4845],[-61.1491,-13.5198],[-61.2486,-13.5244],[-61.3477,-13.4937],[-61.4588,-13.5437],[-61.5034,-13.5482],[-61.5508,-13.538],[-61.5971,-13.5061],[-61.6929,-13.518],[-61.7351,-13.538],[-61.7543,-13.5303],[-61.8364,-13.5406],[-61.8723,-13.4561],[-62.0033,-13.3605],[-62.1094,-13.249],[-62.1147,-13.1502],[-62.1398,-13.147],[-62.1725,-13.1179],[-62.174,-13.1408],[-62.2115,-13.1203],[-62.335,-13.1451],[-62.4241,-13.1265],[-62.4721,-13.0685],[-62.5546,-13.0668],[-62.6417,-13.03],[-62.6513,-12.9925],[-62.6866,-12.965],[-62.7686,-12.9906],[-62.7705,-13.0105],[-62.7898,-13.0007],[-62.8202,-12.9749],[-62.8314,-12.9449],[-62.8651,-12.9355],[-62.9289,-12.846],[-62.9551,-12.8575],[-62.988,-12.8439],[-63.0147,-12.7777],[-63.0511,-12.7422],[-63.0435,-12.7191],[-63.075,-12.6527],[-63.1367,-12.6337],[-63.236,-12.6986],[-63.3179,-12.702],[-63.4314,-12.637],[-63.4858,-12.5575],[-63.5422,-12.548],[-63.6577,-12.4754],[-63.815,-12.4572],[-63.8629,-12.4692],[-63.9091,-12.5343],[-63.9391,-12.5441],[-63.9724,-12.5239],[-64.0228,-12.5378],[-64.0445,-12.5091],[-64.1045,-12.5071],[-64.1198,-12.4897],[-64.1448,-12.5204],[-64.2152,-12.4738],[-64.2782,-12.4993],[-64.2977,-12.4657],[-64.3532,-12.4692],[-64.3957,-12.4573],[-64.4525,-12.3904],[-64.4898,-12.3736],[-64.4682,-12.2726],[-64.4894,-12.2395],[-64.5934,-12.216],[-64.6649,-12.181],[-64.689,-12.1539],[-64.6899,-12.1044],[-64.7103,-12.1119],[-64.7163,-12.1465],[-64.7395,-12.1446],[-64.7368,-12.1198],[-64.7686,-12.0865],[-64.7925,-12.0325],[-64.8398,-12.0167],[-64.8621,-12.0248],[-64.9676,-12.0079],[-65.0094,-11.9843],[-65.0146,-11.9503],[-64.9981,-11.9089],[-65.0337,-11.8798],[-65.0385,-11.8187],[-65.0656,-11.7531],[-65.1136,-11.7226],[-65.1134,-11.6906],[-65.134,-11.7026],[-65.1515,-11.7731],[-65.1962,-11.7418],[-65.1934,-11.6324],[-65.1674,-11.6155],[-65.2192,-11.5845],[-65.2227,-11.5174],[-65.2576,-11.4953],[-65.2925,-11.5047],[-65.3195,-11.4764],[-65.353,-11.3906],[-65.3264,-11.3278],[-65.3873,-11.2776],[-65.3886,-11.2532],[-65.36,-11.2188],[-65.3981,-11.178],[-65.3947,-11.1534],[-65.341,-11.1066],[-65.342,-11.0328],[-65.303,-10.9907],[-65.2996,-10.9697],[-65.3128,-10.951],[-65.3271,-10.8505],[-65.3603,-10.8226],[-65.3997,-10.8123],[-65.4047,-10.7992],[-65.3811,-10.6981],[-65.3868,-10.6695],[-65.4357,-10.6258],[-65.4292,-10.5614],[-65.4425,-10.5194],[-65.4357,-10.4992],[-65.45,-10.4749],[-65.4109,-10.4492],[-65.3873,-10.4067],[-65.3902,-10.374],[-65.365,-10.3322],[-65.3278,-10.3144],[-65.2848,-10.2068],[-65.3368,-9.9672],[-65.3333,-9.9268],[-65.2991,-9.8413],[-65.3401,-9.7897],[-65.3705,-9.7106],[-65.4162,-9.6801],[-65.4518,-9.6814],[-65.5108,-9.7341],[-65.5353,-9.7825],[-65.568,-9.8021],[-65.584,-9.8372],[-65.6289,-9.8269],[-65.679,-9.7894],[-65.7131,-9.7942],[-65.71,-9.756],[-65.7724,-9.7688],[-65.7886,-9.733],[-65.8064,-9.7844],[-65.8221,-9.7818],[-65.8341,-9.7583],[-65.8625,-9.7818],[-65.947,-9.7714],[-66.0295,-9.8083],[-66.087,-9.7845],[-66.1182,-9.806],[-66.1355,-9.7952],[-66.1907,-9.8008],[-66.2573,-9.8349],[-66.3553,-9.8496],[-66.4327,-9.8861],[-66.5138,-9.8839],[-66.6489,-9.9159]]]}},{"type":"Feature","id":"Roraima","properties":{"id":"Roraima","iso_code":"BR-RR","name":"Roraima","name_full":"Roraima","name_ja":"ロライマ州","center_lonlat":[-61.4051,2.0653]},"geometry":{"type":"Polygon","coordinates":[[[-58.972,1.3123],[-58.8705,0.2254],[-59.7699,0.2301],[-60.0245,0.2237],[-60.0483,0.212],[-60.068,0.1659],[-60.1335,0.1201],[-60.135,0.0781],[-60.1698,0.0064],[-60.2233,-0.0538],[-60.254,-0.1489],[-60.3086,-0.2253],[-60.3171,-0.3059],[-60.3859,-0.4637],[-60.3927,-0.5191],[-60.3757,-0.5564],[-60.312,-0.6293],[-60.314,-0.6883],[-60.4769,-0.7463],[-60.5241,-0.8336],[-60.6003,-0.8339],[-60.6402,-0.8588],[-60.7367,-0.8495],[-60.7559,-0.8382],[-60.7604,-0.7924],[-60.8057,-0.6992],[-60.9106,-0.603],[-60.9312,-0.5549],[-61.0605,-0.5286],[-61.1171,-0.4899],[-61.2166,-0.4949],[-61.2533,-0.5546],[-61.3872,-0.6001],[-61.4587,-0.6384],[-61.5322,-0.7285],[-61.5516,-0.8306],[-61.5817,-0.9092],[-61.5599,-1.0339],[-61.5774,-1.0827],[-61.5761,-1.1426],[-61.6219,-1.285],[-61.6016,-1.4183],[-61.713,-1.397],[-61.7608,-1.359],[-61.8296,-1.3863],[-61.8646,-1.3833],[-61.9374,-1.2449],[-61.9832,-1.2158],[-62.0276,-1.1443],[-62.1407,-1.0671],[-62.1979,-1.0515],[-62.2427,-0.9821],[-62.3165,-0.9431],[-62.4196,-0.8273],[-62.4938,-0.795],[-62.5057,-0.7729],[-62.4957,-0.6949],[-62.387,-0.72],[-62.3116,-0.6409],[-62.304,-0.6095],[-62.3187,-0.5203],[-62.3745,-0.4569],[-62.3693,-0.3665],[-62.3824,-0.3099],[-62.4163,-0.2579],[-62.4778,-0.2228],[-62.5186,-0.1075],[-62.5856,-0.0111],[-62.5781,0.0168],[-62.5445,0.043],[-62.526,0.0954],[-62.5667,0.1756],[-62.568,0.2469],[-62.5295,0.3226],[-62.5357,0.4189],[-62.4947,0.4665],[-62.4812,0.5198],[-62.5447,0.7119],[-62.5362,0.7324],[-62.4463,0.8046],[-62.5097,0.9619],[-62.5147,1.0585],[-62.5532,1.1441],[-62.615,1.3616],[-62.6153,1.4002],[-62.7204,1.4962],[-62.7868,1.6033],[-62.7524,1.6929],[-62.7144,1.7269],[-62.7326,1.8334],[-62.6965,1.8899],[-62.6935,1.9246],[-62.7179,1.9561],[-62.8484,2.0191],[-62.9882,2.0185],[-63.0491,2.0416],[-63.1225,2.1143],[-63.1302,2.161],[-63.1481,2.1775],[-63.2889,2.1592],[-63.3335,2.1816],[-63.3865,2.2359],[-63.3726,2.2668],[-63.3611,2.4],[-63.3848,2.4206],[-63.7041,2.4376],[-63.8313,2.4286],[-63.9518,2.4615],[-64.048,2.4713],[-64.0578,2.5104],[-64.0122,2.6038],[-63.9976,2.7149],[-64.106,2.9472],[-64.2229,3.124],[-64.2163,3.2514],[-64.2456,3.4189],[-64.1979,3.5151],[-64.203,3.5947],[-64.3242,3.7241],[-64.4345,3.7785],[-64.5314,3.8535],[-64.575,3.9142],[-64.6429,3.973],[-64.7074,4.083],[-64.7271,4.1408],[-64.8013,4.1885],[-64.8155,4.231],[-64.8051,4.2719],[-64.7916,4.2844],[-64.7459,4.2876],[-64.6999,4.2642],[-64.661,4.2275],[-64.6082,4.1265],[-64.5897,4.1189],[-64.365,4.1519],[-64.2406,4.142],[-64.1467,4.1106],[-64.1081,4.0581],[-64.0638,3.9116],[-64.0377,3.8825],[-63.9964,3.8808],[-63.8751,3.9498],[-63.8311,3.9495],[-63.771,3.9288],[-63.6716,3.9462],[-63.6228,3.9352],[-63.5542,3.8754],[-63.5107,3.8545],[-63.4689,3.8672],[-63.4482,3.9394],[-63.4254,3.9684],[-63.3517,3.9587],[-63.2512,3.8866],[-63.1932,3.8067],[-63.1308,3.7621],[-62.9971,3.5991],[-62.9511,3.5702],[-62.8894,3.5608],[-62.8316,3.5949],[-62.7863,3.6044],[-62.7496,3.6604],[-62.7404,3.7419],[-62.7888,3.8994],[-62.7663,3.9647],[-62.7662,4.0207],[-62.7275,4.0385],[-62.6707,4.0437],[-62.5887,4.0307],[-62.561,4.0378],[-62.537,4.1254],[-62.4837,4.1392],[-62.463,4.1747],[-62.4281,4.1832],[-62.1927,4.0947],[-62.1536,4.0903],[-62.1111,4.1048],[-62.035,4.1599],[-61.9902,4.1664],[-61.9315,4.1464],[-61.8881,4.1502],[-61.831,4.1769],[-61.7564,4.2464],[-61.7189,4.2547],[-61.6405,4.2419],[-61.5522,4.255],[-61.5224,4.2978],[-61.5164,4.3748],[-61.5019,4.4019],[-61.4582,4.4191],[-61.3332,4.4239],[-61.2931,4.4481],[-61.3229,4.5088],[-61.3156,4.5208],[-61.2381,4.5159],[-61.1686,4.4902],[-61.012,4.5183],[-60.9773,4.535],[-60.9478,4.5736],[-60.8958,4.7085],[-60.86,4.7124],[-60.7182,4.7843],[-60.6126,4.9006],[-60.5919,4.9497],[-60.5987,4.9969],[-60.6643,5.1703],[-60.6849,5.1883],[-60.7399,5.2021],[-60.6136,5.2089],[-60.5683,5.1897],[-60.4775,5.1919],[-60.449,5.1742],[-60.4198,5.2072],[-60.3331,5.1938],[-60.2737,5.2474],[-60.2134,5.2672],[-60.1766,5.2271],[-60.1317,5.2434],[-60.0757,5.1408],[-59.9831,5.0859],[-60.0345,4.7878],[-60.0325,4.7254],[-60.0877,4.6075],[-60.1348,4.5935],[-60.1615,4.5652],[-60.16,4.5278],[-60.1209,4.5024],[-60.0878,4.5255],[-60.0556,4.4916],[-60.0207,4.4989],[-59.9846,4.4888],[-59.9746,4.5037],[-59.9531,4.5059],[-59.9146,4.4744],[-59.8729,4.4847],[-59.8676,4.462],[-59.8262,4.4546],[-59.8096,4.4657],[-59.7135,4.3894],[-59.6867,4.3812],[-59.6936,4.3407],[-59.7385,4.2866],[-59.7245,4.2641],[-59.7385,4.2028],[-59.7267,4.1765],[-59.6462,4.134],[-59.6633,4.0797],[-59.5954,3.9964],[-59.5963,3.9706],[-59.5368,3.9577],[-59.5277,3.9395],[-59.5818,3.8992],[-59.6025,3.8557],[-59.5986,3.8024],[-59.6718,3.7562],[-59.6862,3.6902],[-59.7555,3.6381],[-59.8377,3.6093],[-59.8629,3.5817],[-59.863,3.5524],[-59.8214,3.4844],[-59.8414,3.4254],[-59.824,3.4317],[-59.8218,3.3566],[-59.8432,3.349],[-59.9167,3.1942],[-59.9032,3.1587],[-59.9216,3.1501],[-59.9116,3.1264],[-59.9327,3.11],[-59.9692,3.0427],[-59.973,2.9393],[-59.9937,2.8573],[-60.0001,2.694],[-59.965,2.6134],[-59.971,2.5926],[-59.9407,2.563],[-59.9068,2.4588],[-59.9015,2.4045],[-59.9134,2.3787],[-59.8841,2.346],[-59.8012,2.2927],[-59.7632,2.288],[-59.7417,2.2638],[-59.7354,2.1135],[-59.753,2.0755],[-59.7371,2.0304],[-59.7438,1.9618],[-59.7645,1.9205],[-59.7588,1.8621],[-59.7497,1.8513],[-59.7056,1.8574],[-59.6465,1.84],[-59.6808,1.7574],[-59.6397,1.7218],[-59.5727,1.7272],[-59.5307,1.7031],[-59.4168,1.5553],[-59.3946,1.5494],[-59.3802,1.5233],[-59.3386,1.5246],[-59.3203,1.4735],[-59.2938,1.4521],[-59.2599,1.3874],[-59.178,1.3571],[-58.972,1.3123]]]}},{"type":"Feature","id":"Santa Catarina","properties":{"id":"Santa Catarina","iso_code":"BR-SC","name":"Santa Catarina","name_full":"Santa Catarina","name_ja":"サンタカタリーナ州","center_lonlat":[-50.5008,-27.25]},"geometry":{"type":"MultiPolygon","coordinates":[[[[-53.6616,-26.2598],[-53.6126,-26.2581],[-53.5157,-26.2908],[-53.4776,-26.2921],[-53.3552,-26.2416],[-53.281,-26.2631],[-53.1118,-26.3695],[-52.9863,-26.3513],[-52.9416,-26.3679],[-52.8158,-26.3366],[-52.6707,-26.3784],[-52.6422,-26.402],[-52.5439,-26.402],[-52.457,-26.4326],[-52.1997,-26.4516],[-52.1286,-26.4855],[-52.1099,-26.5149],[-52.0065,-26.5816],[-51.8744,-26.6002],[-51.7069,-26.6019],[-51.6527,-26.583],[-51.612,-26.6042],[-51.4994,-26.599],[-51.4156,-26.7048],[-51.3881,-26.676],[-51.2854,-26.6529],[-51.2386,-26.6073],[-51.2405,-26.5701],[-51.2797,-26.5],[-51.2678,-26.4671],[-51.2914,-26.435],[-51.2606,-26.3909],[-51.2499,-26.3484],[-51.2131,-26.3127],[-51.129,-26.2839],[-51.0723,-26.2351],[-51.0519,-26.2464],[-50.9968,-26.2383],[-50.9634,-26.2664],[-50.943,-26.2461],[-50.9264,-26.2466],[-50.9066,-26.2806],[-50.8854,-26.254],[-50.8383,-26.2548],[-50.7889,-26.2244],[-50.7375,-26.2362],[-50.6744,-26.1463],[-50.6465,-26.0702],[-50.5577,-26.0434],[-50.5939,-26.0175],[-50.5884,-26.007],[-50.5416,-26.024],[-50.4593,-26.0262],[-50.4373,-26.0522],[-50.38,-26.0633],[-50.3623,-26.1016],[-50.3371,-26.1121],[-50.3256,-26.104],[-50.3267,-26.0652],[-50.2937,-26.04],[-50.2448,-26.0386],[-50.1918,-26.0541],[-50.0258,-26.0294],[-49.9927,-26.0122],[-49.9447,-26.0146],[-49.8828,-26.0376],[-49.6662,-26.1938],[-49.5516,-26.23],[-49.4894,-26.2224],[-49.4556,-26.1704],[-49.2954,-26.1077],[-49.2145,-26.0285],[-49.1153,-25.9924],[-49.0984,-26.016],[-49.0468,-26.0177],[-49.0326,-26.0002],[-49.0038,-26.0124],[-48.9466,-26.0068],[-48.9193,-25.9785],[-48.6504,-25.9715],[-48.5827,-25.9809],[-48.6127,-26.0406],[-48.5829,-26.1726],[-48.6349,-26.1945],[-48.6679,-26.236],[-48.7338,-26.2247],[-48.7886,-26.0634],[-48.798,-26.0881],[-48.784,-26.1131],[-48.7882,-26.1451],[-48.767,-26.164],[-48.7561,-26.2035],[-48.7642,-26.2282],[-48.7562,-26.2494],[-48.7777,-26.2633],[-48.7573,-26.2912],[-48.7821,-26.2909],[-48.7982,-26.3049],[-48.7377,-26.3191],[-48.7218,-26.3448],[-48.6508,-26.3766],[-48.6359,-26.4186],[-48.6079,-26.4367],[-48.6645,-26.5561],[-48.6833,-26.6624],[-48.6789,-26.7311],[-48.6269,-26.7709],[-48.5922,-26.7639],[-48.578,-26.7765],[-48.6288,-26.8648],[-48.6133,-26.9177],[-48.6201,-26.9826],[-48.5752,-27.0162],[-48.6072,-27.1044],[-48.5795,-27.1585],[-48.5514,-27.1581],[-48.5162,-27.1208],[-48.4968,-27.1491],[-48.4761,-27.154],[-48.4966,-27.1751],[-48.4929,-27.216],[-48.5246,-27.2213],[-48.5314,-27.2092],[-48.5126,-27.1982],[-48.5419,-27.1824],[-48.6064,-27.2234],[-48.62,-27.2467],[-48.6099,-27.3054],[-48.5609,-27.325],[-48.5519,-27.3873],[-48.5655,-27.3674],[-48.5819,-27.4167],[-48.637,-27.447],[-48.6474,-27.4796],[-48.6099,-27.5587],[-48.5791,-27.5763],[-48.586,-27.6132],[-48.5946,-27.6012],[-48.6474,-27.6474],[-48.6064,-27.7504],[-48.6292,-27.7675],[-48.5723,-27.8255],[-48.5922,-27.8429],[-48.5882,-27.8536],[-48.5655,-27.8603],[-48.6064,-27.9323],[-48.6166,-27.9908],[-48.599,-28.0416],[-48.6201,-28.0685],[-48.6537,-28.1902],[-48.6553,-28.2128],[-48.6359,-28.2302],[-48.6884,-28.278],[-48.6964,-28.3421],[-48.7311,-28.3845],[-48.7631,-28.457],[-48.7567,-28.4776],[-48.7706,-28.492],[-48.8035,-28.4523],[-48.7948,-28.3705],[-48.8646,-28.3209],[-48.874,-28.3463],[-48.8597,-28.3913],[-48.874,-28.4189],[-48.8385,-28.4372],[-48.8549,-28.4753],[-48.7892,-28.5214],[-48.7499,-28.5114],[-48.8153,-28.6104],[-48.9406,-28.6454],[-49.3428,-28.9235],[-49.5523,-29.1274],[-49.7135,-29.3245],[-49.7316,-29.3215],[-49.7489,-29.2912],[-49.8135,-29.2715],[-49.8706,-29.2179],[-49.9545,-29.1938],[-49.9746,-29.2173],[-50.094,-29.2525],[-50.0384,-29.305],[-50.0332,-29.336],[-50.0459,-29.3543],[-50.0892,-29.3218],[-50.1502,-29.3043],[-50.1679,-29.2837],[-50.1622,-29.1903],[-50.1065,-29.1497],[-50.0697,-29.0926],[-50.0451,-29.1163],[-50.0025,-29.0985],[-50.0024,-29.0633],[-49.9741,-29.0321],[-49.9487,-28.961],[-49.9608,-28.8327],[-49.9517,-28.787],[-49.9216,-28.7596],[-49.9202,-28.7175],[-49.9081,-28.7138],[-49.8999,-28.7324],[-49.8459,-28.6969],[-49.7804,-28.6099],[-49.7231,-28.6172],[-49.7043,-28.6087],[-49.7211,-28.5467],[-49.7072,-28.5313],[-49.7366,-28.5114],[-49.7571,-28.4704],[-49.781,-28.4977],[-49.8166,-28.4957],[-49.8465,-28.484],[-49.8732,-28.4499],[-49.9367,-28.4715],[-49.9729,-28.4505],[-50.0478,-28.4798],[-50.1106,-28.4704],[-50.1222,-28.4427],[-50.1338,-28.4425],[-50.1452,-28.4836],[-50.1618,-28.484],[-50.217,-28.4499],[-50.318,-28.4385],[-50.3467,-28.4499],[-50.3589,-28.4329],[-50.4463,-28.422],[-50.4839,-28.4021],[-50.5392,-28.4158],[-50.6211,-28.3742],[-50.6962,-28.2643],[-50.744,-28.237],[-50.7924,-28.134],[-50.8042,-28.1391],[-50.8299,-28.121],[-50.8544,-28.1341],[-50.8675,-28.1272],[-50.87,-28.0917],[-50.8925,-28.0826],[-50.8812,-28.0583],[-50.8862,-28.0252],[-50.9453,-27.9617],[-50.9636,-27.95],[-50.9842,-27.9559],[-51.0124,-27.9347],[-51.0805,-27.8211],[-51.1896,-27.7647],[-51.2269,-27.7678],[-51.292,-27.7163],[-51.2858,-27.6815],[-51.3346,-27.6691],[-51.3469,-27.6272],[-51.3883,-27.6548],[-51.4056,-27.6238],[-51.4429,-27.6064],[-51.4662,-27.5616],[-51.5513,-27.5713],[-51.5664,-27.5586],[-51.563,-27.5238],[-51.5961,-27.5375],[-51.6129,-27.4901],[-51.643,-27.5108],[-51.6756,-27.476],[-51.7173,-27.5107],[-51.7414,-27.4897],[-51.7791,-27.4901],[-51.7793,-27.5238],[-51.8537,-27.5131],[-51.8471,-27.4919],[-51.8612,-27.476],[-51.8772,-27.5204],[-51.9025,-27.4978],[-51.9158,-27.4494],[-51.9338,-27.4639],[-51.9568,-27.4624],[-51.931,-27.4462],[-52.012,-27.3941],[-51.9506,-27.3873],[-51.9649,-27.3684],[-52.0089,-27.3592],[-52.0196,-27.3287],[-52.1111,-27.3291],[-52.1172,-27.2926],[-52.1595,-27.2954],[-52.1791,-27.2682],[-52.2318,-27.3191],[-52.2684,-27.2792],[-52.2415,-27.2581],[-52.2727,-27.2433],[-52.3088,-27.2546],[-52.3,-27.2917],[-52.3146,-27.2964],[-52.3342,-27.2781],[-52.3826,-27.288],[-52.4059,-27.239],[-52.4161,-27.2713],[-52.4479,-27.2161],[-52.4646,-27.2202],[-52.4856,-27.2571],[-52.5297,-27.2501],[-52.543,-27.2365],[-52.6216,-27.2576],[-52.6734,-27.2501],[-52.6992,-27.2739],[-52.7178,-27.2371],[-52.7382,-27.2501],[-52.7855,-27.2129],[-52.8274,-27.1999],[-52.845,-27.1635],[-52.8686,-27.1614],[-52.9266,-27.2024],[-52.9448,-27.1635],[-52.976,-27.2179],[-52.9942,-27.2221],[-53.004,-27.2058],[-52.9863,-27.152],[-52.9983,-27.1403],[-53.02,-27.146],[-53.0237,-27.1242],[-53.0021,-27.0959],[-53.0175,-27.0832],[-53.0536,-27.0993],[-53.0695,-27.1505],[-53.0883,-27.1614],[-53.1246,-27.1571],[-53.1492,-27.1334],[-53.1765,-27.1819],[-53.2174,-27.1614],[-53.2896,-27.1976],[-53.3142,-27.1955],[-53.2774,-27.1195],[-53.2832,-27.1061],[-53.3298,-27.0968],[-53.3689,-27.072],[-53.402,-27.1204],[-53.4458,-27.1382],[-53.4856,-27.1136],[-53.5003,-27.1269],[-53.502,-27.1918],[-53.518,-27.1953],[-53.588,-27.175],[-53.6534,-27.216],[-53.6617,-27.1659],[-53.6774,-27.1539],[-53.7361,-27.1814],[-53.7591,-27.1798],[-53.786,-27.1484],[-53.842,-27.1635],[-53.8192,-27.1397],[-53.8287,-27.1144],[-53.8049,-27.0944],[-53.8009,-27.0391],[-53.7685,-27.0241],[-53.7125,-26.9045],[-53.734,-26.7774],[-53.7529,-26.7732],[-53.7479,-26.7391],[-53.7743,-26.7143],[-53.7395,-26.6756],[-53.7424,-26.6005],[-53.7268,-26.5486],[-53.7375,-26.5253],[-53.7129,-26.5005],[-53.7244,-26.3761],[-53.6616,-26.2598]]],[[[-48.4346,-27.4047],[-48.4266,-27.3889],[-48.3799,-27.4357],[-48.3773,-27.4582],[-48.4141,-27.5341],[-48.4072,-27.5792],[-48.4966,-27.7027],[-48.4861,-27.7743],[-48.5205,-27.7883],[-48.5426,-27.8167],[-48.5638,-27.8173],[-48.5635,-27.7398],[-48.5444,-27.6816],[-48.5591,-27.6745],[-48.5239,-27.6337],[-48.5471,-27.5772],[-48.5082,-27.5649],[-48.5034,-27.545],[-48.5239,-27.5307],[-48.5171,-27.5071],[-48.5375,-27.4762],[-48.5121,-27.4448],[-48.5171,-27.4283],[-48.4346,-27.4047]]],[[[-48.5444,-26.3419],[-48.5754,-26.3762],[-48.5832,-26.4211],[-48.6113,-26.4128],[-48.6431,-26.3591],[-48.7033,-26.3119],[-48.6753,-26.2739],[-48.6465,-26.2683],[-48.63,-26.2397],[-48.5581,-26.2055],[-48.5655,-26.1813],[-48.5476,-26.1672],[-48.5163,-26.184],[-48.4891,-26.236],[-48.5444,-26.3419]]]]}},{"type":"Feature","id":"Sao Paulo","properties":{"id":"Sao Paulo","iso_code":"BR-SP","name":"Sao Paulo","name_full":"São Paulo","name_ja":"サンパウロ州","center_lonlat":[-48.7313,-22.2583]},"geometry":{"type":"MultiPolygon","coordinates":[[[[-44.7276,-23.3521],[-44.7478,-23.3709],[-44.8445,-23.3852],[-44.868,-23.3578],[-44.8985,-23.3647],[-44.892,-23.341],[-44.9193,-23.3488],[-44.981,-23.3993],[-45.0283,-23.4161],[-45.0431,-23.4055],[-45.0508,-23.4282],[-45.0084,-23.4609],[-45.0502,-23.4733],[-45.0704,-23.5154],[-45.0918,-23.4919],[-45.0902,-23.5154],[-45.1478,-23.4874],[-45.1455,-23.5291],[-45.2003,-23.5237],[-45.2137,-23.5427],[-45.2007,-23.572],[-45.2519,-23.5906],[-45.2895,-23.5701],[-45.3678,-23.6166],[-45.413,-23.6179],[-45.4335,-23.6647],[-45.4231,-23.7106],[-45.3994,-23.7209],[-45.4061,-23.7561],[-45.3931,-23.7835],[-45.4066,-23.8204],[-45.4267,-23.8307],[-45.4645,-23.8239],[-45.5093,-23.8376],[-45.5741,-23.7966],[-45.6185,-23.8029],[-45.6322,-23.7898],[-45.7175,-23.7708],[-45.8644,-23.7564],[-45.989,-23.7898],[-46.0269,-23.8285],[-46.0607,-23.8239],[-46.1363,-23.8517],[-46.1461,-23.8444],[-46.1796,-23.8903],[-46.2354,-23.9127],[-46.1974,-23.9157],[-46.1455,-23.8708],[-46.1119,-23.8649],[-46.1597,-23.9202],[-46.1665,-23.9816],[-46.1866,-23.9954],[-46.2211,-23.9817],[-46.2877,-24.0212],[-46.3174,-24.0164],[-46.2764,-23.9816],[-46.2995,-23.9251],[-46.3578,-23.9008],[-46.3583,-23.8786],[-46.3854,-23.8735],[-46.3874,-23.904],[-46.4093,-23.9159],[-46.4098,-23.9339],[-46.4539,-23.9264],[-46.413,-23.9816],[-46.3768,-23.9851],[-46.376,-24.0245],[-46.3863,-24.03],[-46.4067,-24.009],[-46.5934,-24.0895],[-46.9366,-24.2734],[-46.9889,-24.3312],[-47.01,-24.3769],[-46.9995,-24.4098],[-47.0154,-24.4229],[-47.0498,-24.4278],[-47.051,-24.4062],[-47.0721,-24.4485],[-47.1814,-24.5334],[-47.442,-24.6804],[-47.4967,-24.6935],[-47.5313,-24.6882],[-47.6339,-24.7556],[-47.8256,-24.8941],[-47.8933,-24.9611],[-47.9337,-25.0335],[-47.9606,-25.0499],[-48.01,-25.0442],[-48.0017,-25.0279],[-47.9621,-25.0231],[-47.9727,-25.0094],[-48.0169,-25.0108],[-48.0349,-25.0488],[-48.0516,-25.0368],[-48.0516,-25.0528],[-48.0325,-25.0632],[-47.9497,-25.08],[-47.8871,-25.0573],[-47.922,-25.1586],[-47.9518,-25.2013],[-48.02,-25.2263],[-48.0821,-25.3073],[-48.0325,-25.2294],[-48.0485,-25.2175],[-48.0923,-25.2371],[-48.179,-25.2041],[-48.2302,-25.0136],[-48.2766,-25.0332],[-48.282,-25.0171],[-48.3356,-25.0125],[-48.3608,-24.9772],[-48.4205,-24.9597],[-48.4605,-24.9912],[-48.462,-25.0343],[-48.5001,-25.0826],[-48.5749,-25.0485],[-48.5924,-25.0019],[-48.56,-24.9699],[-48.559,-24.8984],[-48.5401,-24.8798],[-48.5464,-24.8184],[-48.5086,-24.7882],[-48.4876,-24.7457],[-48.5531,-24.7165],[-48.5817,-24.6818],[-48.6132,-24.6804],[-48.6543,-24.705],[-48.6764,-24.6749],[-48.7808,-24.6955],[-48.8293,-24.6623],[-48.9779,-24.6688],[-49.028,-24.6345],[-49.0269,-24.6678],[-49.0527,-24.6847],[-49.1453,-24.6776],[-49.2001,-24.692],[-49.2955,-24.666],[-49.2994,-24.5973],[-49.3184,-24.5425],[-49.2784,-24.5231],[-49.2711,-24.4721],[-49.2951,-24.4484],[-49.2394,-24.4181],[-49.2486,-24.3868],[-49.2223,-24.35],[-49.2804,-24.3081],[-49.3056,-24.2432],[-49.336,-24.2249],[-49.3311,-24.1497],[-49.3531,-24.1135],[-49.4486,-24.0525],[-49.4946,-23.9905],[-49.5135,-23.9351],[-49.5488,-23.9285],[-49.5957,-23.8821],[-49.5993,-23.8529],[-49.5781,-23.8452],[-49.5659,-23.8229],[-49.5526,-23.7117],[-49.6062,-23.6411],[-49.6281,-23.541],[-49.6537,-23.5122],[-49.6135,-23.3934],[-49.6381,-23.2593],[-49.6695,-23.1959],[-49.7245,-23.1345],[-49.7337,-23.099],[-49.7697,-23.0963],[-49.8942,-23.0493],[-49.9119,-23.0263],[-49.9141,-22.9858],[-49.9683,-22.9527],[-49.9781,-22.9038],[-49.9969,-22.9035],[-49.9973,-22.9196],[-50.0275,-22.9119],[-50.1248,-22.9415],[-50.2075,-22.9491],[-50.2615,-22.936],[-50.3064,-22.9518],[-50.3846,-22.9121],[-50.4293,-22.9469],[-50.5076,-22.9463],[-50.6555,-22.9214],[-50.7252,-22.9512],[-50.7649,-22.9539],[-50.7855,-22.9436],[-50.8162,-22.8861],[-50.8801,-22.8221],[-51.1107,-22.7672],[-51.3469,-22.6519],[-51.4286,-22.6544],[-51.5095,-22.6858],[-51.5675,-22.6822],[-51.6402,-22.6525],[-51.6953,-22.6626],[-51.7445,-22.6179],[-51.8749,-22.6104],[-51.9838,-22.5484],[-52.0667,-22.5217],[-52.1397,-22.5416],[-52.1747,-22.6248],[-52.2171,-22.6438],[-52.2417,-22.6105],[-52.2758,-22.5974],[-52.3137,-22.6179],[-52.4457,-22.6029],[-52.5208,-22.6146],[-52.5796,-22.5742],[-52.6147,-22.5695],[-52.6939,-22.6037],[-52.8376,-22.59],[-52.8928,-22.5695],[-52.9472,-22.5708],[-53.0087,-22.6014],[-53.115,-22.6862],[-53.168,-22.7017],[-53.1093,-22.6454],[-53.0482,-22.5389],[-53.0126,-22.5285],[-52.967,-22.4589],[-52.9191,-22.4558],[-52.8426,-22.4206],[-52.8168,-22.3801],[-52.6762,-22.2938],[-52.5189,-22.2233],[-52.3693,-22.0989],[-52.3038,-21.9249],[-52.2083,-21.8535],[-52.1527,-21.7393],[-52.0792,-21.7003],[-52.0436,-21.6661],[-52.0418,-21.6369],[-52.1063,-21.5503],[-52.1039,-21.5234],[-52.0705,-21.4803],[-51.9809,-21.4792],[-51.9283,-21.402],[-51.8674,-21.343],[-51.8516,-21.2986],[-51.8711,-21.144],[-51.7929,-21.0898],[-51.7457,-20.9956],[-51.632,-20.877],[-51.6202,-20.6998],[-51.58,-20.5964],[-51.5146,-20.5742],[-51.3264,-20.3624],[-51.1372,-20.2973],[-51.087,-20.2634],[-51.0291,-20.1893],[-50.994,-20.1017],[-50.894,-20.0078],[-50.6733,-19.9259],[-50.5778,-19.8465],[-50.5575,-19.8079],[-50.4896,-19.7823],[-50.4255,-19.7919],[-50.3643,-19.8585],[-50.3384,-19.8693],[-49.8822,-19.9311],[-49.5467,-19.9299],[-49.3848,-19.98],[-49.273,-19.9684],[-49.2428,-19.9893],[-49.25,-20.0073],[-49.2945,-20.0258],[-49.3065,-20.0751],[-49.2984,-20.1439],[-49.2164,-20.2941],[-49.1818,-20.3079],[-49.1493,-20.2952],[-49.0998,-20.2394],[-49.0683,-20.17],[-49.0417,-20.1434],[-49.0029,-20.1513],[-48.9789,-20.1848],[-48.9709,-20.2305],[-48.9694,-20.4005],[-48.9011,-20.4387],[-48.867,-20.4073],[-48.8885,-20.2608],[-48.8439,-20.164],[-48.8186,-20.1513],[-48.7155,-20.1439],[-48.6367,-20.1575],[-48.5654,-20.1234],[-48.4882,-20.1307],[-48.4009,-20.1097],[-48.3152,-20.1097],[-48.2426,-20.1377],[-48.2199,-20.1136],[-48.2434,-20.0427],[-48.2227,-20.0135],[-48.2,-20.0317],[-48.1681,-20.1029],[-48.0716,-20.1509],[-48.0064,-20.1134],[-47.9901,-20.0746],[-47.9894,-20.0278],[-47.9556,-20.0495],[-47.9444,-20.0958],[-47.9268,-20.114],[-47.8817,-20.0998],[-47.8665,-20.034],[-47.8771,-20.0052],[-47.8528,-19.9826],[-47.7152,-19.9751],[-47.6358,-20.0385],[-47.612,-20.034],[-47.5791,-19.9918],[-47.4686,-19.9589],[-47.4345,-19.9862],[-47.4386,-20.036],[-47.3987,-20.0725],[-47.3041,-20.1203],[-47.255,-20.1662],[-47.2346,-20.206],[-47.2446,-20.2612],[-47.2754,-20.2979],[-47.2921,-20.4375],[-47.251,-20.4786],[-47.1454,-20.5315],[-47.1089,-20.6408],[-47.1149,-20.6739],[-47.1545,-20.6988],[-47.1679,-20.7506],[-47.2027,-20.788],[-47.224,-20.9076],[-47.1451,-20.9804],[-47.153,-21.0046],[-47.1299,-21.1227],[-47.0518,-21.2035],[-46.993,-21.3497],[-47.0006,-21.4006],[-46.9759,-21.4115],[-46.8935,-21.4058],[-46.8392,-21.3846],[-46.8139,-21.3597],[-46.7629,-21.3607],[-46.6874,-21.3971],[-46.6471,-21.3699],[-46.6385,-21.3984],[-46.6117,-21.4105],[-46.6033,-21.4292],[-46.5454,-21.4307],[-46.5095,-21.4539],[-46.4924,-21.5248],[-46.5185,-21.5528],[-46.5188,-21.6027],[-46.5646,-21.6802],[-46.6057,-21.6805],[-46.6337,-21.7822],[-46.6685,-21.8125],[-46.6649,-21.8418],[-46.6448,-21.8648],[-46.6606,-21.9035],[-46.6173,-21.99],[-46.6267,-22.0043],[-46.6611,-22.0124],[-46.6716,-22.0301],[-46.6608,-22.0513],[-46.6961,-22.0621],[-46.698,-22.0727],[-46.6795,-22.0894],[-46.6292,-22.0968],[-46.6007,-22.1326],[-46.6644,-22.2052],[-46.7052,-22.3066],[-46.6629,-22.3584],[-46.6527,-22.4042],[-46.552,-22.4373],[-46.5354,-22.4796],[-46.4447,-22.5208],[-46.3857,-22.5316],[-46.4171,-22.5695],[-46.3955,-22.6267],[-46.476,-22.6706],[-46.3566,-22.7571],[-46.3647,-22.8218],[-46.3488,-22.8629],[-46.2806,-22.8817],[-46.1496,-22.8487],[-46.1392,-22.8578],[-46.1447,-22.8906],[-46.1224,-22.8929],[-46.0104,-22.8724],[-45.9689,-22.836],[-45.9353,-22.8374],[-45.9148,-22.8182],[-45.8641,-22.8616],[-45.8231,-22.8268],[-45.7866,-22.8493],[-45.7683,-22.8261],[-45.7736,-22.7942],[-45.7365,-22.7924],[-45.7261,-22.7447],[-45.7373,-22.7262],[-45.7922,-22.7262],[-45.8085,-22.7082],[-45.7116,-22.6449],[-45.7344,-22.5996],[-45.7261,-22.5887],[-45.6485,-22.5879],[-45.6805,-22.6293],[-45.6695,-22.65],[-45.6372,-22.6469],[-45.5831,-22.6168],[-45.5677,-22.6432],[-45.5193,-22.6493],[-45.4474,-22.5957],[-45.4205,-22.6095],[-45.411,-22.6477],[-45.3991,-22.651],[-45.2634,-22.6013],[-45.2503,-22.5649],[-45.2201,-22.5601],[-45.1146,-22.4904],[-45.0575,-22.4659],[-44.9228,-22.4507],[-44.8313,-22.4061],[-44.7583,-22.4321],[-44.713,-22.5036],[-44.6522,-22.5548],[-44.6279,-22.6049],[-44.5551,-22.6093],[-44.5238,-22.6234],[-44.3876,-22.5977],[-44.3719,-22.584],[-44.3496,-22.5997],[-44.2198,-22.5889],[-44.1623,-22.6813],[-44.1711,-22.7022],[-44.2117,-22.714],[-44.2484,-22.7468],[-44.2476,-22.7826],[-44.2736,-22.8203],[-44.3703,-22.8611],[-44.3982,-22.8536],[-44.4459,-22.8696],[-44.4657,-22.8478],[-44.5391,-22.883],[-44.5856,-22.8772],[-44.6652,-22.9214],[-44.7144,-22.9298],[-44.7564,-22.9742],[-44.7922,-22.9835],[-44.805,-23.1371],[-44.8458,-23.1771],[-44.8656,-23.2229],[-44.8169,-23.2956],[-44.7864,-23.2942],[-44.7679,-23.3239],[-44.7276,-23.3521]]],[[[-45.2137,-23.9065],[-45.2265,-23.9093],[-45.2183,-23.9495],[-45.2417,-23.9679],[-45.2622,-23.9611],[-45.2904,-23.9119],[-45.3857,-23.9381],[-45.4219,-23.9352],[-45.453,-23.8914],[-45.3554,-23.8001],[-45.3247,-23.7253],[-45.3085,-23.7214],[-45.2281,-23.7724],[-45.2349,-23.8444],[-45.2657,-23.8393],[-45.2711,-23.8689],[-45.255,-23.8982],[-45.2213,-23.8923],[-45.2137,-23.9065]]],[[[-47.5172,-24.7009],[-47.4483,-24.6867],[-47.4952,-24.7239],[-47.55,-24.7424],[-47.8227,-24.9417],[-47.8883,-25.0412],[-47.9001,-25.0368],[-47.8796,-24.9648],[-47.8319,-24.9133],[-47.6736,-24.8115],[-47.6129,-24.7545],[-47.5617,-24.736],[-47.5172,-24.7009]]],[[[-46.328,-23.9264],[-46.2919,-23.9909],[-46.3414,-23.9699],[-46.3658,-23.9816],[-46.3999,-23.9748],[-46.4204,-23.9474],[-46.3937,-23.9474],[-46.3937,-23.9202],[-46.328,-23.9264]]]]}},{"type":"Feature","id":"Sergipe","properties":{"id":"Sergipe","iso_code":"BR-SE","name":"Sergipe","name_full":"Sergipe","name_ja":"セルジペ州","center_lonlat":[-37.4429,-10.5772]},"geometry":{"type":"Polygon","coordinates":[[[-36.4081,-10.5021],[-36.5766,-10.5505],[-36.9031,-10.7729],[-36.9789,-10.8865],[-37.0397,-10.9492],[-37.0504,-10.9996],[-37.1383,-11.1259],[-37.1476,-11.1218],[-37.1417,-11.0917],[-37.1622,-11.0714],[-37.1757,-11.0857],[-37.2001,-11.0434],[-37.2615,-11.0152],[-37.2751,-11.0227],[-37.2584,-11.0714],[-37.2369,-11.0696],[-37.1964,-11.0917],[-37.2142,-11.0917],[-37.2168,-11.1061],[-37.1944,-11.1105],[-37.1827,-11.0986],[-37.1656,-11.1088],[-37.1641,-11.1703],[-37.1492,-11.1874],[-37.2218,-11.2296],[-37.2354,-11.2608],[-37.2646,-11.2774],[-37.316,-11.4064],[-37.3301,-11.4207],[-37.3749,-11.4299],[-37.3881,-11.4269],[-37.3844,-11.402],[-37.4025,-11.3997],[-37.3583,-11.3159],[-37.2721,-11.2494],[-37.2994,-11.1948],[-37.3056,-11.2426],[-37.3441,-11.1843],[-37.3479,-11.2042],[-37.3192,-11.27],[-37.3472,-11.2494],[-37.3363,-11.2901],[-37.3798,-11.3172],[-37.4154,-11.4064],[-37.4296,-11.405],[-37.4433,-11.3513],[-37.4518,-11.3705],[-37.4701,-11.3587],[-37.4537,-11.4036],[-37.3956,-11.4374],[-37.406,-11.4705],[-37.4919,-11.5163],[-37.4828,-11.5183],[-37.5728,-11.5403],[-37.6341,-11.5216],[-37.6595,-11.5591],[-37.6805,-11.5689],[-37.7959,-11.5237],[-37.8492,-11.4409],[-37.8935,-11.4093],[-37.9214,-11.4148],[-37.9893,-11.3847],[-38.006,-11.3574],[-37.9801,-11.2507],[-37.9866,-11.2193],[-38.0025,-11.198],[-38.0629,-11.1674],[-38.1094,-11.0281],[-38.1768,-10.98],[-38.1879,-10.9417],[-38.2436,-10.8722],[-38.2419,-10.8228],[-38.1912,-10.7159],[-38.1556,-10.7053],[-38.0873,-10.7106],[-37.9963,-10.7599],[-37.8157,-10.6779],[-37.7824,-10.6276],[-37.7927,-10.5996],[-37.824,-10.5701],[-37.8147,-10.4871],[-37.8362,-10.4229],[-37.7839,-10.305],[-37.7753,-10.0994],[-37.8217,-10.0224],[-37.899,-9.9501],[-37.902,-9.912],[-37.9639,-9.8736],[-38.0251,-9.7476],[-38.03,-9.7265],[-37.9924,-9.6482],[-38.0408,-9.6269],[-38.0451,-9.6059],[-38.0156,-9.5414],[-37.9971,-9.5268],[-37.8954,-9.556],[-37.8045,-9.6111],[-37.7927,-9.6387],[-37.7696,-9.6317],[-37.6763,-9.6461],[-37.6481,-9.679],[-37.5661,-9.7275],[-37.5188,-9.7411],[-37.4699,-9.7349],[-37.3191,-9.7895],[-37.2477,-9.8547],[-37.2272,-9.8889],[-37.145,-9.9006],[-37.0419,-9.976],[-36.983,-9.9667],[-36.9423,-10.0148],[-36.9312,-10.1187],[-36.8669,-10.1491],[-36.8239,-10.2138],[-36.7648,-10.2277],[-36.725,-10.2584],[-36.6785,-10.2762],[-36.6549,-10.2557],[-36.6204,-10.2536],[-36.5634,-10.3318],[-36.5662,-10.4105],[-36.5556,-10.4201],[-36.4545,-10.4106],[-36.4262,-10.4358],[-36.4081,-10.5021]]]}},{"type":"Feature","id":"Tocantins","properties":{"id":"Tocantins","iso_code":"BR-TO","name":"Tocantins","name_full":"Tocantins","name_ja":"トカンティンス州","center_lonlat":[-48.327,-10.1402]},"geometry":{"type":"Polygon","coordinates":[[[-45.7577,-10.3308],[-45.7843,-10.346],[-45.8083,-10.4208],[-45.8431,-10.4579],[-46.0386,-10.5716],[-46.0888,-10.5857],[-46.3024,-10.7583],[-46.3076,-10.7909],[-46.2742,-10.8084],[-46.2319,-10.8985],[-46.3703,-10.9698],[-46.4637,-11.1793],[-46.5307,-11.2347],[-46.5707,-11.3161],[-46.5526,-11.3773],[-46.4974,-11.4078],[-46.4642,-11.4753],[-46.4417,-11.4951],[-46.1908,-11.5448],[-46.0852,-11.601],[-46.1048,-11.6661],[-46.2531,-11.7311],[-46.2755,-11.7756],[-46.2607,-11.8412],[-46.181,-11.8314],[-46.1368,-11.8436],[-46.0925,-11.876],[-46.0712,-11.921],[-46.1359,-11.9694],[-46.2101,-11.9971],[-46.2568,-12.0561],[-46.3278,-12.0955],[-46.3391,-12.1302],[-46.3452,-12.342],[-46.3171,-12.4236],[-46.2646,-12.4555],[-46.1902,-12.4739],[-46.1596,-12.503],[-46.1572,-12.595],[-46.2402,-12.7274],[-46.2455,-12.7621],[-46.2335,-12.7966],[-46.3006,-12.833],[-46.4454,-12.8478],[-46.4891,-12.8708],[-46.6186,-12.9045],[-46.7782,-13.0548],[-46.8772,-13.0752],[-46.9734,-13.0687],[-47.0922,-13.0955],[-47.2857,-13.1957],[-47.3327,-13.1985],[-47.4417,-13.2491],[-47.5079,-13.257],[-47.5333,-13.2984],[-47.5936,-13.1777],[-47.6462,-13.1056],[-47.6623,-13.104],[-47.7162,-13.1468],[-47.725,-13.1676],[-47.6565,-13.3336],[-47.6669,-13.3556],[-47.856,-13.2944],[-47.9376,-13.2432],[-47.9839,-13.2595],[-48.0752,-13.195],[-48.1686,-13.18],[-48.1417,-13.0794],[-48.1484,-13.0658],[-48.1655,-13.0647],[-48.2251,-13.0941],[-48.3261,-13.1699],[-48.3852,-13.1919],[-48.4818,-13.1948],[-48.6016,-13.1538],[-48.6444,-13.1628],[-48.6603,-13.1867],[-48.6816,-13.3313],[-48.7441,-13.3852],[-48.7633,-13.3733],[-48.7786,-13.3288],[-48.7609,-13.2108],[-48.768,-13.0972],[-48.8031,-13.0108],[-48.7975,-12.9291],[-48.824,-12.8736],[-48.8603,-12.8332],[-49.0081,-12.74],[-49.007,-12.6536],[-49.1378,-12.7349],[-49.2965,-13.0028],[-49.3577,-13.1346],[-49.3731,-13.2323],[-49.3975,-13.2502],[-49.5649,-13.1883],[-49.6845,-13.1758],[-49.9119,-13.0716],[-49.9822,-13.0213],[-50.0518,-13.0209],[-50.2582,-12.9205],[-50.2697,-12.8933],[-50.2725,-12.7731],[-50.2006,-12.6546],[-50.2009,-12.5519],[-50.1264,-12.4565],[-50.1262,-12.4267],[-50.1503,-12.3999],[-50.2794,-12.4816],[-50.3512,-12.5424],[-50.3601,-12.5712],[-50.4071,-12.6287],[-50.419,-12.6777],[-50.4465,-12.7004],[-50.4655,-12.8066],[-50.484,-12.8448],[-50.5412,-12.8388],[-50.5663,-12.8256],[-50.5639,-12.8052],[-50.5987,-12.8045],[-50.6269,-12.6593],[-50.6751,-12.6151],[-50.6691,-12.6003],[-50.6489,-12.5991],[-50.6341,-12.4572],[-50.6122,-12.4311],[-50.6254,-12.2725],[-50.6726,-12.192],[-50.6832,-12.0418],[-50.6819,-11.9995],[-50.6577,-11.972],[-50.6649,-11.9286],[-50.6443,-11.8898],[-50.6774,-11.8627],[-50.7125,-11.7387],[-50.7072,-11.7116],[-50.658,-11.6635],[-50.6499,-11.6082],[-50.659,-11.5864],[-50.7084,-11.5584],[-50.7309,-11.5306],[-50.7411,-11.4713],[-50.6709,-11.2593],[-50.6644,-11.1429],[-50.6118,-11.0612],[-50.6353,-10.9283],[-50.6134,-10.884],[-50.6266,-10.8217],[-50.5871,-10.753],[-50.5988,-10.6566],[-50.5191,-10.5583],[-50.5249,-10.5226],[-50.4982,-10.4816],[-50.4935,-10.4177],[-50.426,-10.341],[-50.4064,-10.2991],[-50.3883,-10.2141],[-50.3914,-10.1359],[-50.3703,-10.0946],[-50.304,-10.0208],[-50.2784,-9.9192],[-50.2357,-9.844],[-50.1891,-9.7411],[-50.1502,-9.7004],[-50.1116,-9.587],[-50.0997,-9.4817],[-50.0537,-9.3191],[-49.8325,-9.0477],[-49.7551,-8.923],[-49.6817,-8.8716],[-49.6013,-8.8475],[-49.5655,-8.8112],[-49.5536,-8.7752],[-49.5034,-8.7089],[-49.5038,-8.6723],[-49.4281,-8.5488],[-49.3808,-8.4368],[-49.3046,-8.3679],[-49.2263,-8.0935],[-49.1986,-8.0586],[-49.1634,-7.8036],[-49.2239,-7.7738],[-49.3484,-7.6793],[-49.3906,-7.5976],[-49.3902,-7.5471],[-49.3749,-7.5001],[-49.2183,-7.3093],[-49.1892,-7.2472],[-49.1892,-7.0827],[-49.2211,-6.9642],[-49.2164,-6.9251],[-49.1985,-6.9026],[-49.0105,-6.7807],[-48.8465,-6.7401],[-48.6682,-6.6493],[-48.6541,-6.6063],[-48.6678,-6.5415],[-48.6063,-6.435],[-48.5008,-6.3511],[-48.4623,-6.3422],[-48.3798,-6.3596],[-48.3775,-6.3275],[-48.4077,-6.299],[-48.4237,-6.2446],[-48.4249,-6.1566],[-48.2842,-6.0976],[-48.2842,-6.0548],[-48.3333,-6.0236],[-48.3334,-5.9762],[-48.2278,-5.9349],[-48.2318,-5.8919],[-48.291,-5.8283],[-48.2972,-5.7495],[-48.2886,-5.7272],[-48.1863,-5.701],[-48.1424,-5.6461],[-48.1487,-5.6103],[-48.2092,-5.5385],[-48.2705,-5.5341],[-48.2972,-5.5171],[-48.3769,-5.3935],[-48.5556,-5.4129],[-48.6342,-5.3891],[-48.6869,-5.3579],[-48.723,-5.3553],[-48.6783,-5.3075],[-48.6413,-5.3034],[-48.6217,-5.3078],[-48.6089,-5.3287],[-48.5995,-5.3219],[-48.5433,-5.2173],[-48.4981,-5.1865],[-48.4159,-5.166],[-48.3378,-5.1638],[-48.1533,-5.2574],[-48.1125,-5.2662],[-48.0645,-5.2666],[-47.9996,-5.2324],[-47.8998,-5.2531],[-47.8649,-5.2809],[-47.8577,-5.3495],[-47.8385,-5.3832],[-47.7231,-5.3915],[-47.5935,-5.4701],[-47.5369,-5.4788],[-47.4971,-5.5266],[-47.4686,-5.5887],[-47.4829,-5.743],[-47.4494,-5.7759],[-47.414,-5.8699],[-47.4255,-6.1038],[-47.4085,-6.1812],[-47.373,-6.2336],[-47.377,-6.2766],[-47.4102,-6.3498],[-47.3997,-6.3838],[-47.4202,-6.4561],[-47.4072,-6.4794],[-47.4493,-6.5439],[-47.4876,-6.6984],[-47.4754,-6.7333],[-47.4948,-6.7902],[-47.4965,-6.8528],[-47.4824,-6.8883],[-47.5027,-6.9834],[-47.5138,-7.0088],[-47.5853,-7.0691],[-47.6399,-7.1584],[-47.6858,-7.1462],[-47.7253,-7.1623],[-47.7411,-7.1934],[-47.7156,-7.2267],[-47.6604,-7.2635],[-47.6447,-7.3085],[-47.5884,-7.2683],[-47.5127,-7.2805],[-47.4859,-7.3023],[-47.4754,-7.34],[-47.489,-7.3814],[-47.5915,-7.4458],[-47.5046,-7.4467],[-47.4667,-7.5298],[-47.4083,-7.5335],[-47.4034,-7.5756],[-47.3669,-7.588],[-47.3458,-7.6579],[-47.3312,-7.6641],[-47.3256,-7.6382],[-47.3135,-7.6408],[-47.2794,-7.7037],[-47.2789,-7.7345],[-47.2387,-7.7512],[-47.2083,-7.8139],[-47.1513,-7.8553],[-47.079,-7.9759],[-47.0476,-7.9908],[-47.0216,-8.0391],[-46.9646,-8.0316],[-46.9401,-8.0002],[-46.8704,-7.9598],[-46.6057,-7.8991],[-46.5778,-7.904],[-46.5461,-7.9413],[-46.4871,-7.9714],[-46.4679,-8.0808],[-46.5049,-8.1667],[-46.4891,-8.2017],[-46.51,-8.2831],[-46.5431,-8.312],[-46.4902,-8.3908],[-46.7185,-8.4066],[-46.7911,-8.4363],[-46.8272,-8.4674],[-46.8817,-8.5817],[-46.9007,-8.6909],[-46.9219,-8.7368],[-46.9023,-8.8269],[-47.0639,-8.9768],[-47.0838,-9.0267],[-47.0396,-9.0654],[-46.9456,-9.0682],[-46.8903,-9.1039],[-46.8418,-9.1775],[-46.8277,-9.231],[-46.8275,-9.32],[-46.8072,-9.3623],[-46.7527,-9.4108],[-46.541,-9.5105],[-46.5338,-9.5506],[-46.5819,-9.5995],[-46.5999,-9.6518],[-46.6485,-9.6645],[-46.6646,-9.6833],[-46.6694,-9.7465],[-46.4951,-9.869],[-46.4637,-9.9301],[-46.467,-10.0134],[-46.3476,-10.1696],[-46.292,-10.1878],[-46.1891,-10.1758],[-46.0873,-10.2084],[-46.0232,-10.2802],[-45.9461,-10.3177],[-45.7577,-10.3308]]]}}]}
