{"type":"FeatureCollection","features":[{"type":"Feature","id":"Alberta","properties":{"id":"Alberta","iso_code":"CA-AB","name":"Alberta","name_full":"Alberta","name_ja":"アルバータ州","center_lonlat":[-114.5097,55.167]},"geometry":{"type":"Polygon","coordinates":[[[-109.9993,48.9926],[-114.0638,48.9925],[-114.0375,49.0343],[-114.0483,49.0491],[-114.1038,49.0601],[-114.1477,49.0938],[-114.1598,49.117],[-114.1541,49.1482],[-114.2254,49.1859],[-114.3764,49.2046],[-114.3877,49.2296],[-114.3722,49.2503],[-114.3798,49.2579],[-114.4262,49.2641],[-114.4702,49.3337],[-114.578,49.3945],[-114.5979,49.4441],[-114.5637,49.5389],[-114.5763,49.5562],[-114.6226,49.5434],[-114.6894,49.5473],[-114.7439,49.5876],[-114.7307,49.618],[-114.6809,49.6357],[-114.6662,49.6966],[-114.6364,49.7298],[-114.6501,49.7591],[-114.6248,49.7802],[-114.6383,49.8271],[-114.6864,49.9071],[-114.6833,49.9594],[-114.6427,49.9729],[-114.6602,50.0151],[-114.6611,50.0643],[-114.6847,50.0759],[-114.7244,50.126],[-114.7326,50.2035],[-114.76,50.2879],[-114.7898,50.3278],[-114.7751,50.3541],[-114.856,50.4077],[-114.9997,50.5629],[-115.096,50.5892],[-115.1593,50.5787],[-115.1881,50.5477],[-115.2206,50.5504],[-115.239,50.5819],[-115.3125,50.636],[-115.3155,50.649],[-115.2883,50.6557],[-115.2872,50.6664],[-115.3347,50.7252],[-115.3574,50.7329],[-115.3913,50.7164],[-115.4191,50.7542],[-115.4644,50.7605],[-115.4844,50.7806],[-115.5421,50.7997],[-115.5726,50.8348],[-115.6467,50.852],[-115.6329,50.8842],[-115.5719,50.9003],[-115.603,50.9299],[-115.6204,50.9702],[-115.6588,50.9793],[-115.695,51.0176],[-115.7569,51.0343],[-115.7786,51.073],[-115.9037,51.0875],[-115.9771,51.1146],[-116.0181,51.1424],[-116.0275,51.2197],[-116.0513,51.2412],[-116.1458,51.2632],[-116.1658,51.299],[-116.2575,51.3144],[-116.2747,51.3337],[-116.2766,51.3604],[-116.2999,51.3792],[-116.2958,51.4507],[-116.3881,51.4951],[-116.405,51.5472],[-116.4609,51.5687],[-116.4947,51.6167],[-116.5764,51.6442],[-116.5933,51.6646],[-116.5961,51.709],[-116.6461,51.7585],[-116.6511,51.789],[-116.6716,51.8059],[-116.7637,51.7919],[-116.8177,51.748],[-116.8066,51.7286],[-116.8227,51.713],[-116.8878,51.7057],[-116.9377,51.7199],[-116.9944,51.8354],[-117.0266,51.8545],[-117.0474,51.9152],[-117.1119,51.965],[-117.1845,51.9877],[-117.2699,52.0451],[-117.3189,52.182],[-117.3315,52.1817],[-117.3457,52.1482],[-117.3762,52.1341],[-117.493,52.1495],[-117.5908,52.1304],[-117.6645,52.1815],[-117.7537,52.2003],[-117.8218,52.2627],[-117.8218,52.2795],[-117.7422,52.3301],[-117.727,52.373],[-117.7363,52.3913],[-117.8024,52.4157],[-117.8908,52.4255],[-117.992,52.4847],[-118.0119,52.4851],[-118.0452,52.4447],[-118.0433,52.4081],[-118.1558,52.3959],[-118.2113,52.3667],[-118.2266,52.3703],[-118.2589,52.4453],[-118.2086,52.4709],[-118.2074,52.4821],[-118.2759,52.5159],[-118.2786,52.5592],[-118.3291,52.5881],[-118.348,52.6164],[-118.3524,52.6285],[-118.3166,52.6539],[-118.3062,52.6775],[-118.3553,52.7484],[-118.4325,52.7909],[-118.4206,52.8403],[-118.4709,52.8624],[-118.4829,52.8926],[-118.4982,52.8997],[-118.605,52.8775],[-118.6243,52.887],[-118.6371,52.9298],[-118.6737,52.966],[-118.6633,53.0156],[-118.6722,53.0341],[-118.7125,53.0392],[-118.726,53.0612],[-118.7766,53.0532],[-118.7802,53.0676],[-118.7514,53.1151],[-118.8502,53.1833],[-118.9629,53.2333],[-118.9967,53.2365],[-119.0255,53.1756],[-119.0153,53.1422],[-119.0288,53.1346],[-119.1255,53.1615],[-119.1564,53.1825],[-119.2634,53.1983],[-119.3541,53.2834],[-119.3933,53.3645],[-119.4764,53.3567],[-119.6061,53.3781],[-119.6416,53.3538],[-119.7416,53.3995],[-119.8274,53.5081],[-119.8826,53.5071],[-119.9049,53.5219],[-119.887,53.5666],[-119.9309,53.6051],[-119.9265,53.6149],[-119.7937,53.6027],[-119.7537,53.6048],[-119.7325,53.6231],[-119.7371,53.6421],[-119.8077,53.7047],[-119.8545,53.6979],[-119.9147,53.7159],[-119.9215,53.7295],[-119.9044,53.7753],[-119.9809,53.7906],[-120.001,53.8228],[-120.0,60.0001],[-110.0,60.0001],[-109.9993,48.9926]]]}},{"type":"Feature","id":"British Columbia","properties":{"id":"British Columbia","iso_code":"CA-BC","name":"British Columbia","name_full":"British Columbia","name_ja":"ブリティッシュコロンビア州","center_lonlat":[-124.5885,54.9759]},"geometry":{"type":"MultiPolygon","coordinates":[[[[-139.0602,60.0001],[-123.8191,60.0001],[-120.0,60.0001],[-120.001,53.8228],[-119.9809,53.7906],[-119.9044,53.7753],[-119.9215,53.7295],[-119.9147,53.7159],[-119.8545,53.6979],[-119.8077,53.7047],[-119.7371,53.6421],[-119.7325,53.6231],[-119.7537,53.6048],[-119.7937,53.6027],[-119.9265,53.6149],[-119.9309,53.6051],[-119.887,53.5666],[-119.9049,53.5219],[-119.8826,53.5071],[-119.8274,53.5081],[-119.7416,53.3995],[-119.6416,53.3538],[-119.6061,53.3781],[-119.4764,53.3567],[-119.3933,53.3645],[-119.3541,53.2834],[-119.2634,53.1983],[-119.1564,53.1825],[-119.1255,53.1615],[-119.0288,53.1346],[-119.0153,53.1422],[-119.0255,53.1756],[-118.9967,53.2365],[-118.9629,53.2333],[-118.8502,53.1833],[-118.7514,53.1151],[-118.7802,53.0676],[-118.7766,53.0532],[-118.726,53.0612],[-118.7125,53.0392],[-118.6722,53.0341],[-118.6633,53.0156],[-118.6737,52.966],[-118.6371,52.9298],[-118.6243,52.887],[-118.605,52.8775],[-118.4982,52.8997],[-118.4829,52.8926],[-118.4709,52.8624],[-118.4206,52.8403],[-118.4325,52.7909],[-118.3553,52.7484],[-118.3062,52.6775],[-118.3166,52.6539],[-118.3524,52.6285],[-118.348,52.6164],[-118.3291,52.5881],[-118.2786,52.5592],[-118.2759,52.5159],[-118.2074,52.4821],[-118.2086,52.4709],[-118.2589,52.4453],[-118.2266,52.3703],[-118.2113,52.3667],[-118.1558,52.3959],[-118.0433,52.4081],[-118.0452,52.4447],[-118.0119,52.4851],[-117.992,52.4847],[-117.8908,52.4255],[-117.8024,52.4157],[-117.7363,52.3913],[-117.727,52.373],[-117.7422,52.3301],[-117.8218,52.2795],[-117.8218,52.2627],[-117.7537,52.2003],[-117.6645,52.1815],[-117.5908,52.1304],[-117.493,52.1495],[-117.3762,52.1341],[-117.3457,52.1482],[-117.3315,52.1817],[-117.3189,52.182],[-117.2699,52.0451],[-117.1845,51.9877],[-117.1119,51.965],[-117.0474,51.9152],[-117.0266,51.8545],[-116.9944,51.8354],[-116.9377,51.7199],[-116.8878,51.7057],[-116.8227,51.713],[-116.8066,51.7286],[-116.8177,51.748],[-116.7637,51.7919],[-116.6716,51.8059],[-116.6511,51.789],[-116.6461,51.7585],[-116.5961,51.709],[-116.5933,51.6646],[-116.5764,51.6442],[-116.4947,51.6167],[-116.4609,51.5687],[-116.405,51.5472],[-116.3881,51.4951],[-116.2958,51.4507],[-116.2999,51.3792],[-116.2766,51.3604],[-116.2747,51.3337],[-116.2575,51.3144],[-116.1658,51.299],[-116.1458,51.2632],[-116.0513,51.2412],[-116.0275,51.2197],[-116.0181,51.1424],[-115.9771,51.1146],[-115.9037,51.0875],[-115.7786,51.073],[-115.7569,51.0343],[-115.695,51.0176],[-115.6588,50.9793],[-115.6204,50.9702],[-115.603,50.9299],[-115.5719,50.9003],[-115.6329,50.8842],[-115.6467,50.852],[-115.5726,50.8348],[-115.5421,50.7997],[-115.4844,50.7806],[-115.4644,50.7605],[-115.4191,50.7542],[-115.3913,50.7164],[-115.3574,50.7329],[-115.3347,50.7252],[-115.2872,50.6664],[-115.2883,50.6557],[-115.3155,50.649],[-115.3125,50.636],[-115.239,50.5819],[-115.2206,50.5504],[-115.1881,50.5477],[-115.1593,50.5787],[-115.096,50.5892],[-114.9997,50.5629],[-114.856,50.4077],[-114.7751,50.3541],[-114.7898,50.3278],[-114.76,50.2879],[-114.7326,50.2035],[-114.7244,50.126],[-114.6847,50.0759],[-114.6611,50.0643],[-114.6602,50.0151],[-114.6427,49.9729],[-114.6833,49.9594],[-114.6864,49.9071],[-114.6383,49.8271],[-114.6248,49.7802],[-114.6501,49.7591],[-114.6364,49.7298],[-114.6662,49.6966],[-114.6809,49.6357],[-114.7307,49.618],[-114.7439,49.5876],[-114.6894,49.5473],[-114.6226,49.5434],[-114.5763,49.5562],[-114.5637,49.5389],[-114.5979,49.4441],[-114.578,49.3945],[-114.4702,49.3337],[-114.4262,49.2641],[-114.3798,49.2579],[-114.3722,49.2503],[-114.3877,49.2296],[-114.3764,49.2046],[-114.2254,49.1859],[-114.1541,49.1482],[-114.1598,49.117],[-114.1477,49.0938],[-114.1038,49.0601],[-114.0483,49.0491],[-114.0375,49.0343],[-114.0638,48.9925],[-122.753,48.9925],[-122.7818,49.0173],[-122.8232,49.007],[-122.853,49.017],[-122.876,49.0365],[-122.8677,49.0805],[-122.9066,49.0883],[-123.0328,49.0506],[-123.0486,49.0352],[-123.0353,48.9925],[-123.0905,48.9925],[-123.1083,49.0337],[-123.143,49.0609],[-123.0543,49.1232],[-123.0407,49.151],[-123.1234,49.1159],[-123.212,49.13],[-123.2001,49.1485],[-123.1983,49.2056],[-123.1376,49.1957],[-123.2359,49.25],[-123.2469,49.2746],[-123.1431,49.2801],[-123.1619,49.3],[-123.1385,49.309],[-123.1086,49.2888],[-123.0394,49.2959],[-122.9608,49.2819],[-122.9219,49.2995],[-122.8925,49.3337],[-122.8557,49.4418],[-122.8783,49.4573],[-122.8824,49.4042],[-122.9381,49.3258],[-123.0207,49.3068],[-123.212,49.3428],[-123.27,49.3354],[-123.2939,49.3701],[-123.2455,49.4111],[-123.2511,49.5229],[-123.2182,49.596],[-123.2257,49.6035],[-123.2069,49.6216],[-123.212,49.6501],[-123.154,49.6929],[-123.171,49.7053],[-123.2474,49.6583],[-123.2455,49.6131],[-123.2564,49.593],[-123.328,49.5818],[-123.3553,49.5551],[-123.3966,49.5583],[-123.5027,49.5054],[-123.4857,49.4936],[-123.4913,49.4731],[-123.4732,49.4345],[-123.4999,49.3999],[-123.5336,49.3885],[-123.7811,49.4655],[-123.8856,49.4773],[-123.9195,49.5075],[-123.9755,49.5309],[-124.027,49.6035],[-124.0611,49.6308],[-124.0638,49.6785],[-124.0201,49.7326],[-123.9901,49.7451],[-123.9393,49.7436],[-123.8351,49.6339],[-123.8051,49.5286],[-123.7771,49.5053],[-123.7526,49.5408],[-123.7716,49.5754],[-123.7601,49.6097],[-123.5898,49.6536],[-123.5502,49.6749],[-123.5335,49.7053],[-123.6645,49.6562],[-123.7945,49.644],[-123.8836,49.7394],[-123.9276,49.7636],[-123.9337,49.7833],[-123.8818,49.8474],[-123.8836,49.9011],[-123.8906,49.9215],[-123.945,49.9449],[-123.9579,49.9671],[-123.9536,49.9897],[-123.8781,50.0312],[-123.8079,50.0411],[-123.7545,50.0937],[-123.8284,50.1584],[-123.9935,50.2198],[-123.945,50.1721],[-123.8815,50.1538],[-123.8079,50.1032],[-123.8693,50.0548],[-123.9932,50.0108],[-124.0001,49.9736],[-123.989,49.9338],[-123.9109,49.8698],[-123.9382,49.8288],[-123.9782,49.809],[-124.0011,49.8118],[-124.0133,49.8636],[-124.0344,49.8835],[-124.023,49.9199],[-124.0375,49.925],[-124.0748,49.8698],[-124.0482,49.8411],[-124.085,49.8305],[-124.0816,49.8083],[-124.1478,49.7844],[-124.274,49.7742],[-124.2675,49.7517],[-124.283,49.7466],[-124.3272,49.7744],[-124.4037,49.7673],[-124.5133,49.7975],[-124.5322,49.8444],[-124.6497,49.9207],[-124.7322,49.9543],[-124.8289,50.0548],[-124.8204,50.0715],[-124.6849,49.9865],[-124.7045,50.041],[-124.683,50.0525],[-124.6719,50.0827],[-124.7054,50.1032],[-124.6656,50.1268],[-124.6719,50.1441],[-124.6283,50.1694],[-124.6029,50.2403],[-124.6399,50.2938],[-124.7134,50.3314],[-124.6775,50.3547],[-124.6598,50.3921],[-124.5997,50.4052],[-124.534,50.3974],[-124.4112,50.4457],[-124.3568,50.4862],[-124.3485,50.4973],[-124.359,50.5093],[-124.4248,50.4663],[-124.5043,50.4385],[-124.5893,50.4253],[-124.672,50.4309],[-124.7499,50.3521],[-124.8301,50.3176],[-124.9518,50.3284],[-124.9627,50.3408],[-124.9455,50.3707],[-124.9521,50.3918],[-124.986,50.4276],[-125.007,50.4321],[-124.9905,50.3839],[-124.9952,50.3603],[-125.0815,50.3247],[-125.0855,50.3638],[-125.0616,50.3769],[-125.0685,50.4242],[-125.0574,50.4773],[-124.9704,50.5009],[-124.953,50.5372],[-124.891,50.555],[-124.8699,50.583],[-124.864,50.6716],[-124.8236,50.7345],[-124.8357,50.7542],[-124.9064,50.7786],[-124.9105,50.7936],[-124.8251,50.8697],[-124.7873,50.8846],[-124.8138,50.9272],[-124.8606,50.9274],[-124.8699,50.8945],[-124.9183,50.8437],[-124.9865,50.8083],[-124.9562,50.7987],[-124.9486,50.7611],[-124.9,50.7353],[-124.9251,50.658],[-124.9082,50.6274],[-124.9396,50.598],[-124.9592,50.6035],[-125.0275,50.5587],[-125.0404,50.5312],[-125.1022,50.4989],[-125.1237,50.4737],[-125.1124,50.4544],[-125.1278,50.437],[-125.1783,50.4191],[-125.2082,50.4267],[-125.2472,50.4737],[-125.2389,50.4959],[-125.2557,50.5067],[-125.2987,50.4666],[-125.3254,50.4737],[-125.3422,50.4892],[-125.3567,50.5431],[-125.3844,50.5346],[-125.3975,50.4868],[-125.4322,50.4661],[-125.5441,50.4556],[-125.5771,50.4707],[-125.5482,50.4936],[-125.5295,50.5423],[-125.5421,50.5892],[-125.5267,50.6361],[-125.4247,50.7133],[-125.4546,50.7204],[-125.5556,50.6662],[-125.5773,50.5522],[-125.5857,50.535],[-125.6223,50.5224],[-125.6103,50.4936],[-125.6177,50.4713],[-125.6566,50.4429],[-125.7033,50.4379],[-125.7953,50.4936],[-125.7401,50.5202],[-125.7872,50.5316],[-125.8363,50.5277],[-125.8636,50.501],[-125.9546,50.4757],[-126.0077,50.4715],[-126.0574,50.4785],[-126.0895,50.501],[-126.1312,50.4897],[-126.2423,50.501],[-126.2806,50.5194],[-126.2278,50.5443],[-126.1789,50.5202],[-126.1789,50.5755],[-125.9581,50.6183],[-125.9386,50.6301],[-125.9599,50.6456],[-126.1603,50.5977],[-126.2438,50.5966],[-126.2773,50.6259],[-126.0485,50.6649],[-125.939,50.6518],[-125.8264,50.6771],[-125.7056,50.6817],[-125.6787,50.7336],[-125.6202,50.7577],[-125.6081,50.7809],[-125.6513,50.8362],[-125.6454,50.8549],[-125.5597,50.8656],[-125.5073,50.9392],[-125.5626,51.0553],[-125.637,51.1037],[-125.6308,51.0627],[-125.583,50.9665],[-125.5421,50.9392],[-125.5756,50.9072],[-125.6388,50.8952],[-125.6793,50.8703],[-125.6857,50.8288],[-125.6444,50.7987],[-125.6477,50.7824],[-125.6854,50.7747],[-125.7674,50.7065],[-125.8796,50.7091],[-125.9049,50.6892],[-125.9398,50.6834],[-125.9851,50.7151],[-126.0076,50.7133],[-126.0591,50.6853],[-126.1866,50.6719],[-126.2123,50.6751],[-126.2267,50.6928],[-126.0553,50.7747],[-126.0345,50.7951],[-126.0799,50.7952],[-126.1518,50.774],[-126.1789,50.781],[-126.1964,50.798],[-126.1838,50.8679],[-126.2329,50.8437],[-126.2403,50.8635],[-126.3883,50.852],[-126.4887,50.8167],[-126.5474,50.8374],[-126.5624,50.8771],[-126.4989,50.9223],[-126.3607,50.9043],[-126.3189,50.9142],[-126.2233,50.905],[-126.1731,50.9388],[-126.1789,50.9535],[-126.2433,50.9281],[-126.4595,50.9517],[-126.4835,50.9647],[-126.5056,51.0115],[-126.5147,51.0764],[-126.5522,51.0051],[-126.5268,50.9559],[-126.5351,50.9417],[-126.5754,50.9064],[-126.6742,50.8782],[-126.7474,50.8908],[-126.7699,50.9097],[-126.8153,50.9178],[-126.8462,50.9434],[-126.8695,50.9381],[-126.8992,50.9069],[-127.0272,50.9064],[-127.1658,50.9392],[-127.1742,50.9259],[-127.1563,50.9151],[-126.922,50.8723],[-126.9575,50.8635],[-127.0218,50.8219],[-127.0423,50.8229],[-127.131,50.8661],[-127.2237,50.8814],[-127.2551,50.9182],[-127.3104,50.9129],[-127.429,50.9431],[-127.4469,50.9535],[-127.4171,50.9704],[-127.4237,50.9832],[-127.4732,50.9841],[-127.5308,51.0037],[-127.4996,51.0954],[-127.4811,51.1099],[-127.5027,51.1198],[-127.6619,51.0975],[-127.6865,51.1099],[-127.6899,51.129],[-127.777,51.1672],[-127.7939,51.1979],[-127.7895,51.2334],[-127.7364,51.2579],[-127.6263,51.2753],[-127.5714,51.3006],[-127.4159,51.2893],[-127.378,51.2751],[-127.221,51.2893],[-127.1385,51.3228],[-127.1266,51.3388],[-127.1173,51.3985],[-127.176,51.3364],[-127.2819,51.3023],[-127.5152,51.3166],[-127.4643,51.3532],[-127.4845,51.3576],[-127.5903,51.3297],[-127.6803,51.3361],[-127.7215,51.3214],[-127.7797,51.3306],[-127.7895,51.3501],[-127.7784,51.3649],[-127.6643,51.3981],[-127.6045,51.4562],[-127.5519,51.4709],[-127.5528,51.4975],[-127.5152,51.5283],[-127.5212,51.5891],[-127.492,51.6206],[-127.3157,51.6557],[-127.0435,51.6686],[-126.6772,51.6457],[-126.6553,51.6555],[-126.6482,51.6791],[-126.6245,51.6784],[-126.6034,51.7138],[-126.6661,51.8026],[-126.6587,51.7883],[-126.6677,51.7664],[-126.6444,51.72],[-126.6993,51.6654],[-127.0955,51.7042],[-127.2585,51.6859],[-127.3501,51.7138],[-127.3545,51.6887],[-127.4232,51.6719],[-127.4469,51.6859],[-127.4264,51.7064],[-127.4327,51.7548],[-127.3624,51.7802],[-127.3371,51.8572],[-127.3501,51.8702],[-127.3871,51.8164],[-127.3939,51.7838],[-127.4533,51.7746],[-127.4927,51.6987],[-127.5829,51.7119],[-127.6456,51.7001],[-127.5494,51.6723],[-127.4767,51.6752],[-127.4674,51.6623],[-127.5456,51.6343],[-127.5588,51.6188],[-127.5903,51.5766],[-127.567,51.5439],[-127.5716,51.5281],[-127.6227,51.4782],[-127.6664,51.4599],[-127.7139,51.4577],[-127.7616,51.4941],[-127.6593,51.5146],[-127.7002,51.5351],[-127.7964,51.5283],[-127.8027,51.5377],[-127.7895,51.5556],[-127.8026,51.6039],[-127.8264,51.5987],[-127.8374,51.645],[-127.8737,51.6734],[-127.8771,51.7148],[-127.8649,51.7377],[-127.892,51.8162],[-127.8777,51.8436],[-127.8826,51.8655],[-127.8496,51.9201],[-127.7654,51.9534],[-127.6849,51.95],[-127.6661,51.9596],[-127.6735,51.967],[-127.6381,52.0837],[-127.5474,52.1433],[-127.477,52.1506],[-127.4674,52.1247],[-127.4891,52.0981],[-127.5765,52.0937],[-127.6244,52.0285],[-127.5495,52.0823],[-127.4305,52.0888],[-127.4053,52.1042],[-127.4517,52.1819],[-127.3983,52.1964],[-127.3573,52.2292],[-127.2637,52.246],[-127.1726,52.3165],[-126.9976,52.2975],[-126.943,52.2531],[-126.9466,52.2128],[-126.7107,52.0468],[-126.6723,51.9875],[-126.6722,52.0473],[-126.7165,52.077],[-126.7508,52.1278],[-126.8851,52.1945],[-126.9125,52.2271],[-126.9026,52.2579],[-126.9385,52.3059],[-126.9255,52.337],[-126.8846,52.3444],[-126.8747,52.3581],[-126.7338,52.3712],[-126.753,52.3934],[-126.7851,52.3974],[-126.913,52.372],[-127.0023,52.3393],[-127.144,52.3493],[-127.1897,52.3879],[-127.1794,52.4121],[-127.225,52.4561],[-127.2277,52.5229],[-127.1496,52.5794],[-127.109,52.5893],[-127.0559,52.625],[-126.9823,52.6447],[-126.966,52.6856],[-126.9318,52.7128],[-126.9255,52.7343],[-126.9696,52.8294],[-127.0764,52.8851],[-127.0172,52.8137],[-127.0013,52.7516],[-126.9801,52.7243],[-126.9869,52.7109],[-127.0538,52.653],[-127.2587,52.5533],[-127.2551,52.5362],[-127.2819,52.5151],[-127.262,52.4844],[-127.2689,52.469],[-127.4525,52.4118],[-127.4951,52.3588],[-127.5893,52.3309],[-127.6108,52.3196],[-127.6166,52.2985],[-127.6735,52.3035],[-127.7303,52.2763],[-127.7554,52.2818],[-127.7445,52.3196],[-127.7145,52.3581],[-127.7366,52.3544],[-127.7828,52.3035],[-127.8005,52.2563],[-127.8607,52.216],[-127.8724,52.2195],[-127.8898,52.2771],[-127.9144,52.2851],[-127.9329,52.3165],[-127.9093,52.3476],[-127.8578,52.3581],[-127.8475,52.3713],[-127.9187,52.4503],[-127.8726,52.5041],[-127.8883,52.5151],[-127.9187,52.4879],[-127.9261,52.4468],[-127.8988,52.4059],[-127.9026,52.3853],[-127.9677,52.3227],[-128.0159,52.3467],[-128.0275,52.376],[-128.0639,52.4059],[-128.0666,52.4497],[-128.0531,52.4852],[-128.0233,52.5115],[-127.9845,52.522],[-127.9473,52.5015],[-127.9342,52.5059],[-127.9398,52.5294],[-127.8988,52.5424],[-127.8777,52.5841],[-127.9317,52.5605],[-128.0282,52.5476],[-128.0924,52.5133],[-128.1657,52.4059],[-128.1971,52.3886],[-128.2346,52.3264],[-128.2967,52.2756],[-128.3922,52.296],[-128.3302,52.3302],[-128.3392,52.3488],[-128.3285,52.3864],[-128.2987,52.4024],[-128.2605,52.4024],[-128.2262,52.4605],[-128.2421,52.5704],[-128.1256,52.7528],[-128.1322,52.8731],[-128.1095,52.8921],[-128.0288,52.9167],[-128.1051,52.9121],[-128.1383,52.9267],[-128.1681,52.8635],[-128.2482,52.8032],[-128.443,52.8277],[-128.4504,52.8518],[-128.4975,52.8947],[-128.5362,53.0803],[-128.4953,53.0974],[-128.5495,53.1094],[-128.5568,53.1287],[-128.481,53.1457],[-128.5759,53.1503],[-128.6617,53.2422],[-128.6725,53.2272],[-128.6592,53.201],[-128.6802,53.1928],[-128.8491,53.2786],[-128.8843,53.3263],[-128.8447,53.3716],[-128.8876,53.3771],[-128.8739,53.4006],[-128.8863,53.4269],[-128.8806,53.4477],[-128.831,53.4883],[-128.8771,53.4863],[-128.9176,53.4587],[-128.9473,53.4858],[-128.9745,53.5566],[-128.8646,53.5362],[-128.8127,53.5729],[-128.7895,53.5703],[-128.7485,53.4952],[-128.6728,53.4536],[-128.6666,53.4611],[-128.6939,53.4883],[-128.6393,53.4748],[-128.4975,53.3872],[-128.4939,53.3441],[-128.4821,53.398],[-128.5084,53.4127],[-128.4674,53.4337],[-128.3795,53.4475],[-128.3519,53.4815],[-128.2535,53.4528],[-128.127,53.4509],[-128.09,53.4312],[-128.0701,53.399],[-128.1042,53.3376],[-128.051,53.3738],[-127.977,53.3424],[-127.9564,53.3184],[-127.9534,53.2652],[-127.8715,53.2283],[-127.8771,53.2501],[-127.9329,53.2891],[-127.9329,53.3376],[-128.0302,53.3823],[-128.1124,53.4652],[-128.1111,53.4883],[-128.3001,53.4815],[-128.3741,53.5036],[-128.4205,53.4527],[-128.5294,53.4337],[-128.5943,53.4739],[-128.6122,53.5046],[-128.6871,53.5194],[-128.7281,53.5703],[-128.7491,53.5624],[-128.8077,53.6154],[-128.816,53.6503],[-128.7704,53.7214],[-128.7919,53.7602],[-128.7751,53.7983],[-128.6935,53.8212],[-128.6778,53.8593],[-128.4737,53.8415],[-128.5011,53.8627],[-128.5725,53.8609],[-128.6939,53.8993],[-128.6356,53.9713],[-128.6277,54.013],[-128.5983,54.0302],[-128.6219,54.0321],[-128.6818,54.0007],[-128.7485,53.9204],[-128.7827,53.9204],[-128.7892,53.8926],[-128.8393,53.8656],[-128.8616,53.8302],[-128.9329,53.7764],[-128.9062,53.8447],[-128.9149,53.8576],[-128.9471,53.8105],[-128.9403,53.8651],[-128.9659,53.8905],[-129.0092,53.8993],[-128.9778,53.8669],[-128.9654,53.8205],[-128.9732,53.7776],[-129.0018,53.7621],[-129.048,53.8123],[-129.0638,53.8105],[-129.0644,53.7912],[-129.0333,53.7495],[-129.1121,53.7219],[-129.1461,53.6777],[-129.2283,53.6327],[-129.2447,53.5303],[-129.2624,53.5225],[-129.2423,53.5119],[-129.2357,53.492],[-129.242,53.4474],[-129.2898,53.3854],[-129.3349,53.3969],[-129.6153,53.5771],[-129.7429,53.6802],[-129.7019,53.6728],[-129.7157,53.6955],[-129.7764,53.7211],[-129.8031,53.7553],[-129.8453,53.7553],[-129.9204,53.8037],[-129.9483,53.8378],[-129.9962,53.8515],[-129.9613,53.889],[-130.0197,53.8757],[-130.1047,53.9471],[-130.0867,53.9706],[-130.0917,54.0811],[-130.0501,54.1562],[-129.9613,54.1668],[-129.9409,54.1326],[-129.8733,54.0856],[-129.8384,54.0302],[-129.8031,54.0228],[-129.7838,54.0023],[-129.7565,54.0023],[-129.7351,53.9645],[-129.715,53.9538],[-129.7454,54.009],[-129.8247,54.0513],[-129.8999,54.129],[-129.9323,54.1683],[-129.9272,54.1873],[-129.8866,54.2119],[-129.8381,54.2221],[-129.6119,54.1839],[-129.5534,54.2164],[-129.4753,54.2351],[-129.4918,54.2515],[-129.5673,54.2282],[-129.5951,54.2003],[-129.7678,54.2365],[-129.8863,54.2351],[-129.9787,54.2077],[-130.0197,54.1805],[-130.078,54.1805],[-130.1122,54.1593],[-130.1408,54.1658],[-130.1763,54.1952],[-130.2815,54.2144],[-130.2929,54.2375],[-130.1947,54.263],[-130.2394,54.2869],[-130.2432,54.3256],[-130.2582,54.341],[-130.2494,54.4064],[-130.2722,54.3581],[-130.3489,54.3337],[-130.4582,54.3486],[-130.4825,54.3737],[-130.4811,54.4187],[-130.4654,54.4442],[-130.3797,54.461],[-130.4354,54.5022],[-130.4312,54.5678],[-130.3856,54.5653],[-130.3797,54.5777],[-130.4396,54.6239],[-130.4312,54.633],[-130.3627,54.6123],[-130.276,54.5198],[-130.053,54.3374],[-130.0061,54.32],[-129.9589,54.3221],[-130.0135,54.3342],[-130.0849,54.3921],[-130.0631,54.4789],[-129.999,54.4945],[-129.9814,54.5154],[-129.9962,54.5237],[-130.0638,54.5019],[-130.1011,54.4263],[-130.2117,54.4934],[-130.2909,54.5708],[-130.2835,54.5851],[-130.3598,54.6321],[-130.3724,54.6643],[-130.3381,54.6938],[-130.2344,54.7114],[-130.0849,54.6739],[-130.0607,54.6432],[-130.0116,54.6199],[-129.9065,54.6092],[-129.8795,54.6206],[-129.9899,54.6305],[-130.0166,54.6398],[-130.0758,54.6933],[-130.2015,54.7285],[-130.1531,54.8247],[-130.0985,54.8445],[-130.0501,54.893],[-130.0673,54.8967],[-130.1047,54.8663],[-130.1737,54.8445],[-130.1343,54.8872],[-130.1044,54.9009],[-130.0638,54.9544],[-130.022,54.9739],[-129.975,54.9719],[-129.9567,54.9574],[-129.9892,54.9203],[-129.9346,54.9482],[-129.8807,54.9553],[-129.8248,54.9954],[-129.7696,54.9755],[-129.6413,54.9896],[-129.6256,55.0097],[-129.6756,54.9946],[-129.9879,55.0058],[-130.001,55.0224],[-129.9567,55.1014],[-129.861,55.1772],[-129.814,55.2595],[-129.7528,55.2871],[-129.7213,55.349],[-129.6753,55.3781],[-129.6742,55.4016],[-129.6392,55.4411],[-129.5432,55.4379],[-129.4757,55.4641],[-129.478,55.4835],[-129.5436,55.4553],[-129.647,55.4586],[-129.6944,55.4138],[-129.713,55.4208],[-129.7161,55.4653],[-129.7541,55.5016],[-129.7905,55.5983],[-129.8065,55.6245],[-129.8248,55.6192],[-129.8105,55.5407],[-129.777,55.4794],[-129.7902,55.4638],[-129.79,55.4349],[-129.8321,55.4045],[-129.8384,55.3728],[-129.8248,55.3673],[-129.8248,55.3864],[-129.79,55.4001],[-129.8105,55.3803],[-129.7838,55.366],[-129.7862,55.3568],[-129.8202,55.3355],[-129.8219,55.2902],[-129.8776,55.2481],[-129.9123,55.1688],[-129.9962,55.0991],[-130.0565,55.0093],[-130.0831,54.9968],[-130.1248,55.0053],[-130.1674,55.0854],[-130.0786,55.1926],[-129.9579,55.2735],[-129.9494,55.2932],[-129.9962,55.3386],[-130.0251,55.4655],[-130.094,55.5526],[-130.0998,55.5872],[-130.0807,55.685],[-130.1122,55.7011],[-130.1306,55.7363],[-130.1156,55.78],[-129.9613,55.9208],[-129.996,55.9334],[-130.0196,55.908],[-130.019,56.0022],[-130.0715,56.0841],[-130.1168,56.1056],[-130.2112,56.09],[-130.404,56.1219],[-130.4723,56.2249],[-130.6458,56.2619],[-130.7603,56.3452],[-130.8391,56.3725],[-131.0169,56.3871],[-131.1005,56.4077],[-131.5604,56.5941],[-131.6923,56.5851],[-131.8256,56.5933],[-131.8304,56.6648],[-131.886,56.7371],[-131.8716,56.7935],[-132.1074,56.8588],[-132.0319,57.0284],[-132.3412,57.0804],[-132.231,57.1968],[-132.3623,57.3457],[-132.5524,57.4991],[-132.9172,57.8805],[-133.0752,58.0079],[-133.1656,58.1473],[-133.415,58.3305],[-133.4301,58.3721],[-133.3922,58.4039],[-133.4631,58.4622],[-133.6263,58.5464],[-133.8311,58.718],[-134.2222,58.8427],[-134.3169,58.9038],[-134.333,58.9341],[-134.32,58.9527],[-134.3297,58.963],[-134.3994,58.975],[-134.3872,59.0369],[-134.451,59.0979],[-134.4776,59.1149],[-134.5828,59.1288],[-134.6108,59.1446],[-134.6604,59.1813],[-134.6921,59.2352],[-134.9578,59.281],[-135.0162,59.3362],[-134.9933,59.3819],[-135.0958,59.4189],[-135.0233,59.4771],[-135.0162,59.5434],[-135.0329,59.5731],[-135.0879,59.6065],[-135.1578,59.6233],[-135.2599,59.6982],[-135.4828,59.7925],[-135.9238,59.6667],[-136.2585,59.6216],[-136.3503,59.5924],[-136.2585,59.5561],[-136.2447,59.5282],[-136.275,59.4864],[-136.32,59.4591],[-136.3668,59.4496],[-136.4676,59.4616],[-136.4665,59.2878],[-136.4848,59.2538],[-136.5695,59.1722],[-136.6135,59.1542],[-136.8408,59.1482],[-137.2819,58.9871],[-137.4231,58.9077],[-137.4869,58.9001],[-137.5088,58.9149],[-137.4844,58.9919],[-137.5821,59.2066],[-137.6114,59.2393],[-138.5992,59.7538],[-138.6543,59.8055],[-138.7049,59.8985],[-139.0602,60.0001]]],[[[-123.3212,48.4958],[-123.2806,48.4484],[-123.3025,48.4143],[-123.357,48.4006],[-123.4373,48.4446],[-123.4802,48.3923],[-123.5111,48.3805],[-123.5198,48.3553],[-123.5546,48.3279],[-123.5506,48.3131],[-123.5953,48.31],[-123.5956,48.3279],[-123.6539,48.3143],[-123.7338,48.3508],[-123.8908,48.3669],[-124.4379,48.5255],[-124.3907,48.5607],[-124.4014,48.5653],[-124.4453,48.5682],[-124.4857,48.5402],[-124.6654,48.5732],[-124.7694,48.6151],[-124.8162,48.6471],[-125.094,48.73],[-125.1852,48.801],[-125.11,48.8419],[-125.0784,48.8762],[-125.0115,48.892],[-125.0137,48.9281],[-124.9841,48.956],[-124.9183,48.9722],[-124.847,49.0205],[-124.7794,49.152],[-124.8084,49.2466],[-124.8289,49.2255],[-124.828,49.1199],[-124.8699,49.0747],[-124.888,49.014],[-124.9077,49.0064],[-124.9676,48.9879],[-125.0448,48.9927],[-125.0858,48.9791],[-125.1469,48.9985],[-125.2213,48.9548],[-125.2404,48.9555],[-125.336,48.9722],[-125.2609,49.0207],[-125.3334,49.0418],[-125.3539,49.0272],[-125.3663,48.9874],[-125.4695,48.9177],[-125.6066,48.9619],[-125.7358,49.053],[-125.8363,49.069],[-125.8717,49.0902],[-125.8616,49.11],[-125.8158,49.123],[-125.7676,49.1035],[-125.6923,49.1334],[-125.6457,49.164],[-125.6129,49.2064],[-125.6103,49.2255],[-125.7467,49.1481],[-125.7537,49.2224],[-125.7405,49.2674],[-125.7773,49.2477],[-125.8021,49.2534],[-125.802,49.3002],[-125.7748,49.3701],[-125.8063,49.3435],[-125.8437,49.267],[-125.8773,49.2801],[-125.9012,49.2745],[-125.956,49.2329],[-125.9944,49.2423],[-126.0281,49.2739],[-125.9509,49.3203],[-125.899,49.4222],[-125.912,49.4384],[-125.9585,49.3933],[-125.9792,49.3418],[-126.0144,49.3223],[-126.0591,49.3459],[-126.0765,49.3837],[-126.0582,49.4119],[-126.0551,49.4453],[-126.1857,49.4042],[-126.2271,49.4128],[-126.2548,49.4505],[-126.2682,49.4452],[-126.2613,49.4003],[-126.2881,49.3627],[-126.405,49.4214],[-126.3912,49.4309],[-126.4321,49.4726],[-126.4874,49.4384],[-126.4639,49.4056],[-126.4874,49.3837],[-126.5278,49.3789],[-126.5727,49.4143],[-126.5563,49.5272],[-126.5768,49.5482],[-126.5488,49.596],[-126.4525,49.6363],[-126.3365,49.6308],[-126.1857,49.6575],[-126.1379,49.6501],[-126.0895,49.6609],[-126.1075,49.6833],[-126.195,49.6814],[-126.3244,49.6483],[-126.4532,49.6743],[-126.4874,49.6951],[-126.4112,49.7782],[-126.4674,49.7923],[-126.4723,49.7497],[-126.4936,49.7189],[-126.5731,49.7069],[-126.6052,49.7321],[-126.6373,49.8171],[-126.6497,49.898],[-126.7059,49.8772],[-126.7264,49.8824],[-126.7672,49.9124],[-126.7829,49.9425],[-126.8436,49.9735],[-126.8026,49.9281],[-126.8395,49.8882],[-126.8916,49.891],[-126.9193,49.9735],[-126.9361,49.8666],[-127.1219,49.8577],[-127.1419,49.8666],[-127.2375,49.9618],[-127.1836,50.0133],[-127.1863,50.0342],[-127.1643,50.0712],[-127.0887,50.1107],[-127.0831,50.1308],[-127.0969,50.1509],[-127.1173,50.1174],[-127.1897,50.0956],[-127.2154,50.0994],[-127.2853,50.1509],[-127.2756,50.0929],[-127.2833,50.0624],[-127.3166,50.0411],[-127.3625,50.0325],[-127.4053,50.0411],[-127.4674,50.0895],[-127.4695,50.1079],[-127.419,50.1304],[-127.4879,50.1304],[-127.4264,50.1789],[-127.4634,50.187],[-127.5528,50.1304],[-127.6142,50.1188],[-127.6356,50.1454],[-127.6108,50.185],[-127.6499,50.178],[-127.7964,50.0827],[-127.8265,50.1032],[-127.8981,50.1141],[-127.9062,50.1304],[-127.8968,50.143],[-127.747,50.2432],[-127.7551,50.2595],[-127.8043,50.2529],[-127.851,50.2812],[-127.8026,50.3017],[-127.8089,50.3218],[-127.8427,50.3188],[-127.878,50.3427],[-127.9187,50.3223],[-127.9681,50.3422],[-127.9788,50.357],[-127.9261,50.4253],[-127.9258,50.4621],[-127.8641,50.4595],[-127.8578,50.4737],[-127.8244,50.4664],[-127.7445,50.4868],[-127.5912,50.4857],[-127.5524,50.4641],[-127.4755,50.3837],[-127.4469,50.3769],[-127.5079,50.466],[-127.5579,50.493],[-127.5625,50.5211],[-127.5496,50.5439],[-127.5226,50.542],[-127.5005,50.5672],[-127.4237,50.5812],[-127.419,50.6035],[-127.5118,50.5891],[-127.5458,50.5702],[-127.6146,50.6035],[-127.8199,50.6112],[-127.8777,50.6301],[-127.7995,50.5892],[-127.6348,50.5797],[-127.5937,50.5587],[-127.5926,50.5436],[-127.8374,50.4902],[-127.8459,50.5063],[-127.8659,50.5044],[-127.9505,50.4773],[-127.997,50.474],[-128.05,50.4958],[-128.0639,50.4793],[-128.0417,50.4599],[-128.0602,50.4526],[-128.218,50.5302],[-128.2482,50.5966],[-128.3198,50.6098],[-128.3387,50.6472],[-128.2777,50.6691],[-128.3411,50.6649],[-128.3734,50.6823],[-128.4172,50.7719],[-128.3482,50.8051],[-128.3035,50.8021],[-128.1868,50.845],[-128.1527,50.8362],[-128.077,50.8703],[-127.8825,50.8669],[-127.5181,50.7798],[-127.4956,50.7624],[-127.4945,50.7313],[-127.4736,50.699],[-127.429,50.7519],[-127.4053,50.7474],[-127.4213,50.7289],[-127.3501,50.6785],[-127.2633,50.6559],[-127.1986,50.6213],[-127.1265,50.62],[-127.0874,50.5944],[-126.9869,50.5878],[-126.974,50.583],[-126.9945,50.5693],[-126.9772,50.563],[-126.8573,50.5591],[-126.8505,50.5516],[-126.8642,50.5301],[-126.8445,50.5303],[-126.8293,50.5482],[-126.7655,50.5444],[-126.6315,50.5071],[-126.5953,50.4802],[-126.5693,50.4793],[-126.5557,50.501],[-126.4598,50.4748],[-126.3644,50.4868],[-126.2716,50.4663],[-126.1931,50.4697],[-126.1173,50.4554],[-125.9575,50.395],[-125.8375,50.3873],[-125.7403,50.3564],[-125.5892,50.3707],[-125.4767,50.339],[-125.4247,50.2949],[-125.4322,50.2875],[-125.3881,50.1986],[-125.3496,50.1441],[-125.3695,50.1386],[-125.3019,50.1066],[-125.2591,50.0646],[-125.2609,50.0485],[-125.223,50.0178],[-125.2159,49.9831],[-125.1783,49.925],[-124.8821,49.7249],[-124.8699,49.6951],[-124.8758,49.6774],[-124.9733,49.685],[-124.9762,49.668],[-124.9183,49.6308],[-124.838,49.5173],[-124.8084,49.5067],[-124.7947,49.4726],[-124.7726,49.4615],[-124.7236,49.4651],[-124.6681,49.4431],[-124.596,49.3912],[-124.36,49.3566],[-124.3196,49.3349],[-124.2085,49.3081],[-124.1747,49.3149],[-124.1095,49.2801],[-124.1631,49.2717],[-124.1784,49.2602],[-124.1649,49.2549],[-124.1229,49.2602],[-123.9549,49.2292],[-123.9463,49.2084],[-123.9642,49.2031],[-123.9308,49.1435],[-123.8284,49.13],[-123.7569,49.0421],[-123.7514,49.028],[-123.7738,49.0207],[-123.7649,48.9875],[-123.7799,48.9859],[-123.816,49.0127],[-123.8351,49.0002],[-123.5799,48.8216],[-123.6023,48.7973],[-123.5683,48.7941],[-123.573,48.7462],[-123.6176,48.7633],[-123.6508,48.7531],[-123.5609,48.7121],[-123.5267,48.678],[-123.5409,48.6365],[-123.5137,48.5954],[-123.5409,48.5545],[-123.5355,48.5401],[-123.472,48.575],[-123.4789,48.6365],[-123.4373,48.6501],[-123.4718,48.6724],[-123.472,48.6849],[-123.4168,48.6911],[-123.3992,48.6815],[-123.39,48.6204],[-123.3458,48.5234],[-123.3212,48.4958]]],[[[-132.5794,53.2072],[-132.5521,53.2352],[-132.7098,53.2618],[-132.6985,53.2789],[-132.6204,53.3028],[-132.6129,53.3171],[-132.5788,53.3239],[-132.5426,53.3121],[-132.5384,53.327],[-132.569,53.3369],[-132.7576,53.3171],[-132.703,53.3785],[-132.6483,53.3649],[-132.5189,53.3617],[-132.4276,53.3155],[-132.4149,53.2966],[-132.4001,53.3303],[-132.4975,53.3785],[-132.5179,53.4127],[-132.6614,53.4399],[-132.6553,53.463],[-132.6706,53.491],[-132.6847,53.4577],[-132.7065,53.4509],[-132.7576,53.4611],[-132.7275,53.4901],[-132.7226,53.505],[-132.7364,53.5163],[-132.7489,53.5162],[-132.761,53.4952],[-132.8619,53.4669],[-132.8702,53.488],[-132.8265,53.5225],[-132.9289,53.5225],[-132.8941,53.5566],[-132.908,53.5676],[-132.9773,53.5566],[-132.9724,53.5765],[-132.9906,53.5898],[-132.9485,53.5983],[-132.9002,53.5889],[-132.8842,53.5945],[-132.8911,53.6197],[-133.0108,53.687],[-132.9868,53.6799],[-132.9698,53.6945],[-132.9308,53.6901],[-132.9837,53.7176],[-132.9835,53.7695],[-133.0287,53.7555],[-133.1104,53.7866],[-133.1114,53.7979],[-133.0654,53.8173],[-133.1374,53.8757],[-133.1444,53.8969],[-133.1008,53.9545],[-133.1007,54.0023],[-133.0729,54.0023],[-133.0381,54.0439],[-133.0666,54.0949],[-133.0865,54.1047],[-133.0405,54.1645],[-133.0729,54.1668],[-133.0534,54.1831],[-132.9979,54.1636],[-132.9528,54.1677],[-132.8344,54.1282],[-132.7781,54.1252],[-132.6756,54.1457],[-132.5757,54.1184],[-132.5658,54.0439],[-132.5801,54.0226],[-132.6446,53.9989],[-132.6752,53.9687],[-132.6813,53.9508],[-132.6614,53.9409],[-132.621,53.9705],[-132.5681,53.9818],[-132.5447,54.0402],[-132.4565,54.0638],[-132.4068,54.0994],[-132.284,54.1085],[-132.2384,54.0716],[-132.2304,54.0307],[-132.161,54.0085],[-132.1445,53.9743],[-132.1549,53.934],[-132.117,53.872],[-132.144,53.8413],[-132.1959,53.831],[-132.2406,53.777],[-132.374,53.7621],[-132.4333,53.7268],[-132.5251,53.7038],[-132.6372,53.701],[-132.6579,53.6907],[-132.6659,53.6769],[-132.5984,53.671],[-132.6068,53.6318],[-132.5521,53.6665],[-132.4975,53.6461],[-132.3529,53.6728],[-132.3815,53.6479],[-132.4593,53.6164],[-132.4838,53.5771],[-132.408,53.613],[-132.2898,53.6227],[-132.2709,53.6392],[-132.3282,53.6485],[-132.333,53.6597],[-132.3188,53.6728],[-132.2023,53.6555],[-132.1887,53.6811],[-132.1592,53.6999],[-132.1549,53.7143],[-132.1881,53.7414],[-132.1938,53.774],[-132.161,53.8137],[-132.117,53.8413],[-132.0785,53.8925],[-132.1139,53.9303],[-132.1304,54.0109],[-132.1822,54.0439],[-132.0465,54.0227],[-131.9164,54.0401],[-131.7092,54.1184],[-131.6608,54.1668],[-131.6933,53.9919],[-131.7486,53.9165],[-131.8644,53.8],[-131.8839,53.6979],[-131.9333,53.6186],[-131.9222,53.5638],[-131.9426,53.5216],[-131.9158,53.453],[-131.919,53.3889],[-131.9078,53.3581],[-131.963,53.2829],[-132.0079,53.2536],[-132.1658,53.2459],[-132.2244,53.2307],[-132.2357,53.2076],[-132.2777,53.2147],[-132.2451,53.1966],[-132.1269,53.201],[-132.1959,53.1594],[-132.2554,53.1613],[-132.3151,53.1981],[-132.3245,53.1653],[-132.4433,53.146],[-132.4696,53.1519],[-132.4596,53.1845],[-132.5034,53.1674],[-132.5384,53.1799],[-132.5179,53.1935],[-132.5794,53.2072]]],[[[-131.1127,52.1719],[-131.1278,52.2091],[-131.1475,52.2128],[-131.1405,52.1769],[-131.1521,52.1424],[-131.175,52.1245],[-131.2015,52.1384],[-131.2157,52.1998],[-131.2772,52.2408],[-131.2372,52.1361],[-131.2629,52.1247],[-131.2797,52.1324],[-131.3455,52.2346],[-131.3566,52.2004],[-131.38,52.2029],[-131.5174,52.3302],[-131.5584,52.3302],[-131.5379,52.3581],[-131.5754,52.3544],[-131.5863,52.3886],[-131.5749,52.4033],[-131.5032,52.3917],[-131.5116,52.4085],[-131.5683,52.4326],[-131.6037,52.4229],[-131.6578,52.4779],[-131.761,52.5117],[-131.8826,52.5762],[-131.8973,52.5875],[-131.9023,52.6203],[-131.9298,52.6296],[-131.9283,52.6489],[-132.0102,52.6802],[-132.086,52.7343],[-132.0452,52.765],[-131.9693,52.7274],[-131.963,52.7343],[-132.0171,52.7752],[-132.004,52.7827],[-131.9221,52.7274],[-131.9413,52.7485],[-131.9388,52.7731],[-132.0171,52.8032],[-132.086,52.8577],[-132.0605,52.8035],[-132.0901,52.7879],[-132.1103,52.7571],[-132.1338,52.7547],[-132.2401,52.8341],[-132.2429,52.8508],[-132.2231,52.8646],[-132.2889,52.883],[-132.3423,52.9425],[-132.2598,52.9577],[-132.1804,52.9273],[-132.1679,52.9403],[-132.202,52.9676],[-132.1406,52.9335],[-132.161,52.9676],[-132.1139,53.0012],[-132.1802,52.9985],[-132.231,53.0264],[-132.3467,53.0285],[-132.3392,53.0427],[-132.4081,53.0285],[-132.4205,53.0428],[-132.4888,53.0317],[-132.5094,53.0537],[-132.4975,53.07],[-132.5516,53.0991],[-132.5326,53.1098],[-132.5658,53.1457],[-132.3731,53.1327],[-132.2951,53.1612],[-132.2467,53.1519],[-132.0655,53.1613],[-131.9413,53.2283],[-131.798,53.2556],[-131.7655,53.1988],[-131.7643,53.1817],[-131.7843,53.1662],[-131.7196,53.153],[-131.6819,53.1185],[-131.6409,53.111],[-131.5956,53.0419],[-131.6304,53.0349],[-131.6691,53.0549],[-131.829,53.0769],[-132.004,53.0639],[-131.9413,53.0393],[-131.9221,52.9875],[-131.9004,53.0222],[-131.8367,53.0503],[-131.6262,52.9981],[-131.5951,52.9765],[-131.6273,52.9403],[-131.613,52.9267],[-131.6947,52.8769],[-131.8,52.8748],[-131.8208,52.879],[-131.8776,52.9303],[-131.9221,52.9403],[-131.9488,52.9335],[-131.8942,52.913],[-131.9836,52.8782],[-131.9005,52.8947],[-131.8737,52.8851],[-131.8524,52.8672],[-131.8786,52.8437],[-131.8777,52.8308],[-131.8563,52.8339],[-131.829,52.8032],[-131.6609,52.8057],[-131.654,52.7957],[-131.7711,52.7833],[-131.798,52.7622],[-131.8532,52.7684],[-131.8048,52.7547],[-131.8395,52.7138],[-131.782,52.7174],[-131.7296,52.7007],[-131.6924,52.6541],[-131.6873,52.631],[-131.7092,52.625],[-131.6592,52.5834],[-131.6205,52.5732],[-131.6608,52.5424],[-131.6236,52.5362],[-131.5925,52.5151],[-131.5557,52.5366],[-131.5379,52.5294],[-131.5399,52.5131],[-131.469,52.5077],[-131.4831,52.4852],[-131.4144,52.4537],[-131.4486,52.3917],[-131.3978,52.3898],[-131.3872,52.3781],[-131.4076,52.3581],[-131.3523,52.3643],[-131.3455,52.4264],[-131.2484,52.4469],[-131.2479,52.4198],[-131.2831,52.407],[-131.3041,52.3765],[-131.3045,52.3581],[-131.2499,52.3712],[-131.2545,52.3553],[-131.3256,52.3302],[-131.3406,52.3544],[-131.3597,52.3444],[-131.3182,52.2818],[-131.3019,52.2936],[-131.2429,52.2622],[-131.2157,52.2613],[-131.2602,52.2897],[-131.2567,52.3035],[-131.2257,52.296],[-131.1842,52.3184],[-131.1426,52.3162],[-131.0854,52.2756],[-131.0995,52.2561],[-131.181,52.2346],[-131.0786,52.2204],[-131.0239,52.2353],[-131.0097,52.2271],[-131.0156,52.1953],[-131.0377,52.1719],[-131.1127,52.1719]]],[[[-128.8038,52.7007],[-128.8258,52.6716],[-128.8564,52.659],[-128.9273,52.6728],[-129.057,52.741],[-129.0365,52.7622],[-129.0773,52.7783],[-129.1212,52.8445],[-129.1254,52.8679],[-129.1153,52.8782],[-129.0168,52.8593],[-129.0707,52.8925],[-128.9887,52.9338],[-128.9471,52.9744],[-128.9477,52.999],[-128.838,53.0359],[-128.8773,53.072],[-129.0155,53.1457],[-128.992,53.0964],[-128.9634,53.1044],[-128.8646,53.0359],[-128.9403,53.0222],[-129.0128,52.9467],[-129.1,52.903],[-129.1256,52.9319],[-129.1605,52.9303],[-129.1837,52.9495],[-129.1942,53.0049],[-129.1589,53.0742],[-129.1266,53.0815],[-129.119,53.07],[-129.079,53.1111],[-129.0823,53.2014],[-129.064,53.2311],[-129.0884,53.291],[-129.0781,53.3028],[-129.0198,53.3105],[-128.9761,53.2949],[-128.905,53.2934],[-128.7952,53.2187],[-128.7046,53.1746],[-128.6347,53.1632],[-128.587,53.1136],[-128.5387,53.0197],[-128.524,52.8918],[-128.5645,52.7432],[-128.5846,52.741],[-128.5775,52.701],[-128.6051,52.666],[-128.5772,52.6591],[-128.5946,52.6144],[-128.7554,52.6039],[-128.736,52.6562],[-128.7431,52.7637],[-128.7191,52.7954],[-128.7108,52.8367],[-128.6728,52.8646],[-128.6484,52.9161],[-128.6461,52.9601],[-128.6645,52.9709],[-128.6796,52.9639],[-128.6693,52.9079],[-128.6833,52.8994],[-128.733,52.918],[-128.7485,52.913],[-128.7279,52.8539],[-128.7572,52.8349],[-128.7787,52.7301],[-128.7604,52.6691],[-128.7819,52.6698],[-128.8038,52.7007]]],[[[-130.2528,53.8925],[-130.1811,53.9129],[-130.0705,53.8564],[-130.0303,53.8481],[-129.9327,53.7819],[-129.831,53.7354],[-129.6748,53.5927],[-129.5157,53.4883],[-129.5509,53.4822],[-129.6163,53.4991],[-129.6392,53.4815],[-129.6119,53.4883],[-129.588,53.4747],[-129.4781,53.4683],[-129.427,53.435],[-129.4028,53.3984],[-129.3365,53.3606],[-129.3458,53.3281],[-129.3258,53.2959],[-129.3287,53.2634],[-129.3614,53.2455],[-129.3966,53.2924],[-129.3909,53.3087],[-129.4065,53.3322],[-129.4296,53.3356],[-129.4591,53.2948],[-129.5027,53.3171],[-129.5129,53.3107],[-129.483,53.2241],[-129.4986,53.2156],[-129.5231,53.2283],[-129.5675,53.2153],[-129.585,53.2237],[-129.592,53.2451],[-129.6597,53.3096],[-129.6392,53.3171],[-129.6739,53.3301],[-129.6597,53.3444],[-129.715,53.3376],[-129.7628,53.3649],[-129.7661,53.3854],[-129.7969,53.3785],[-129.831,53.4127],[-129.821,53.4713],[-129.8755,53.4664],[-129.8968,53.4781],[-129.8719,53.5362],[-129.8887,53.5617],[-129.9272,53.5629],[-129.8863,53.5846],[-129.9409,53.5908],[-129.913,53.6113],[-129.9386,53.6204],[-129.9855,53.5846],[-130.0303,53.5816],[-130.0496,53.5878],[-130.0575,53.6079],[-130.0333,53.6313],[-129.9781,53.643],[-129.8719,53.6392],[-129.9025,53.6588],[-129.9462,53.6643],[-130.0758,53.6376],[-130.0917,53.6461],[-130.0985,53.7081],[-130.2024,53.7303],[-130.2146,53.7553],[-130.2041,53.8012],[-130.2146,53.8173],[-130.2909,53.8378],[-130.2673,53.8861],[-130.2528,53.8925]]],[[[-129.743,53.2353],[-129.7379,53.1914],[-129.7696,53.1594],[-129.8174,53.1867],[-129.8583,53.1594],[-129.9394,53.1689],[-129.994,53.2142],[-130.0098,53.2482],[-130.0756,53.269],[-130.0941,53.3226],[-130.1444,53.3317],[-130.1647,53.3628],[-130.1981,53.3649],[-130.222,53.3854],[-130.3255,53.4],[-130.4139,53.4986],[-130.4043,53.5102],[-130.3381,53.5163],[-130.3649,53.5273],[-130.4498,53.5168],[-130.5271,53.5527],[-130.5153,53.6304],[-130.4445,53.6354],[-130.2613,53.5806],[-129.974,53.458],[-129.8826,53.3982],[-129.8678,53.3676],[-129.743,53.2353]]],[[[-127.2408,52.4264],[-127.2376,52.366],[-127.2067,52.3507],[-127.238,52.3129],[-127.378,52.2482],[-127.4128,52.2551],[-127.4844,52.2102],[-127.5767,52.1862],[-127.5946,52.1562],[-127.6422,52.1381],[-127.6933,52.0676],[-127.7057,52.0434],[-127.6981,52.0041],[-127.7181,51.9882],[-127.8729,51.9547],[-127.9022,51.9682],[-127.8782,52.0836],[-127.8436,52.1179],[-127.851,52.1486],[-127.8418,52.1681],[-127.751,52.2502],[-127.6706,52.2551],[-127.5116,52.3129],[-127.4318,52.3872],[-127.3118,52.4133],[-127.2704,52.4354],[-127.2408,52.4264]]],[[[-126.6587,49.7878],[-126.6426,49.7587],[-126.6177,49.6308],[-126.6388,49.595],[-126.6794,49.5918],[-126.8068,49.6274],[-126.974,49.736],[-126.9615,49.7585],[-126.933,49.7394],[-126.9088,49.7651],[-126.8557,49.7799],[-126.8739,49.7889],[-126.8983,49.781],[-126.987,49.8151],[-126.9696,49.8335],[-126.7685,49.8835],[-126.7229,49.8498],[-126.6905,49.8571],[-126.6587,49.7878]]],[[[-130.4474,53.9818],[-130.4715,53.9102],[-130.4892,53.8993],[-130.5443,53.9107],[-130.6186,53.9657],[-130.649,53.9494],[-130.6603,53.9676],[-130.6758,53.961],[-130.7012,53.9204],[-130.6404,53.8856],[-130.6222,53.8564],[-130.6503,53.8378],[-130.7155,53.8577],[-130.7084,53.9058],[-130.7236,53.9205],[-130.6739,53.9892],[-130.6466,53.9892],[-130.6038,54.0253],[-130.5162,54.057],[-130.5185,54.0687],[-130.4343,54.0811],[-130.4216,54.1],[-130.3381,54.0712],[-130.2459,53.9964],[-130.2289,53.9538],[-130.3009,53.9027],[-130.3518,53.8378],[-130.4064,53.8378],[-130.4244,53.872],[-130.4786,53.8439],[-130.4914,53.8775],[-130.4601,53.8923],[-130.4107,53.9532],[-130.3313,53.9676],[-130.3502,53.9825],[-130.3381,53.9954],[-130.3494,53.9994],[-130.4474,53.9818]]],[[[-128.1383,51.864],[-128.2304,51.856],[-128.251,51.8759],[-128.2306,51.9059],[-128.196,51.9161],[-128.2222,51.9542],[-128.1592,52.0348],[-128.1072,52.0543],[-127.9989,52.0657],[-127.9534,52.049],[-127.9534,51.9875],[-127.9875,51.9118],[-128.036,51.8436],[-128.0096,51.7955],[-128.0176,51.7722],[-128.1352,51.7473],[-128.1383,51.7639],[-128.1175,51.8015],[-128.1383,51.864]]],[[[-128.9301,52.6144],[-128.9325,52.499],[-128.9813,52.4537],[-128.9925,52.4874],[-129.0092,52.4879],[-129.0006,52.5041],[-129.0138,52.5299],[-129.0434,52.5175],[-129.0602,52.5241],[-129.0781,52.5567],[-129.1023,52.5537],[-129.1193,52.5659],[-129.119,52.6114],[-129.1547,52.6049],[-129.1842,52.6266],[-129.2277,52.6802],[-129.1942,52.6802],[-129.2761,52.7274],[-129.2687,52.7343],[-129.292,52.7626],[-129.2687,52.7895],[-129.2815,52.8105],[-129.2751,52.8247],[-129.257,52.8281],[-129.1018,52.7434],[-128.9301,52.6144]]],[[[-127.9187,51.522],[-127.8883,51.4958],[-127.8715,51.4565],[-127.8975,51.4298],[-127.9329,51.419],[-128.0076,51.4677],[-128.0503,51.4599],[-128.086,51.4869],[-128.1566,51.6279],[-128.139,51.658],[-128.1043,51.6818],[-128.0099,51.7237],[-127.9766,51.6821],[-127.9713,51.664],[-127.9814,51.6518],[-127.9203,51.5961],[-127.9049,51.5587],[-127.9187,51.522]]],[[[-128.3104,52.4294],[-128.3786,52.378],[-128.4664,52.3827],[-128.4642,52.4025],[-128.411,52.4394],[-128.3985,52.4674],[-128.425,52.4876],[-128.4519,52.6309],[-128.4244,52.7152],[-128.4469,52.741],[-128.3913,52.7965],[-128.3717,52.7957],[-128.3519,52.7175],[-128.3186,52.6876],[-128.3146,52.5882],[-128.2816,52.4982],[-128.3104,52.4294]]],[[[-129.1662,53.3854],[-129.1743,53.4503],[-129.1588,53.5327],[-129.16,53.627],[-129.1361,53.6494],[-129.0377,53.6918],[-128.8422,53.716],[-128.8236,53.7081],[-128.8683,53.6675],[-128.8843,53.5762],[-128.9534,53.5915],[-128.9805,53.5847],[-129.0939,53.5089],[-129.0914,53.4503],[-129.129,53.4304],[-129.1662,53.3854]]],[[[-126.6177,50.6723],[-126.5902,50.6793],[-126.5877,50.7011],[-126.55,50.7329],[-126.5078,50.7399],[-126.4283,50.7945],[-126.2895,50.8286],[-126.2442,50.8163],[-126.2134,50.7716],[-126.1789,50.7508],[-126.2447,50.7174],[-126.2682,50.6853],[-126.2644,50.6646],[-126.2881,50.6546],[-126.3502,50.6518],[-126.4346,50.6691],[-126.4601,50.6649],[-126.449,50.6505],[-126.4703,50.6444],[-126.5215,50.658],[-126.6034,50.6549],[-126.6177,50.6723]]],[[[-124.6644,49.7469],[-124.6517,49.7615],[-124.6576,49.8015],[-124.6326,49.8017],[-124.562,49.7537],[-124.3479,49.7042],[-124.2698,49.6159],[-124.1732,49.5541],[-124.1232,49.4998],[-124.1434,49.4893],[-124.1623,49.496],[-124.3784,49.6029],[-124.4388,49.6119],[-124.4391,49.6308],[-124.4726,49.6718],[-124.6144,49.7165],[-124.6644,49.7469]]],[[[-130.4064,53.687],[-130.2909,53.7553],[-130.2964,53.801],[-130.2609,53.7978],[-130.222,53.7764],[-130.2347,53.7407],[-130.2168,53.7181],[-130.1247,53.6956],[-130.1265,53.6318],[-130.0917,53.5703],[-130.2516,53.5971],[-130.3319,53.624],[-130.4064,53.687]]],[[[-128.563,52.6114],[-128.5506,52.6647],[-128.5362,52.6523],[-128.5251,52.598],[-128.4721,52.4883],[-128.4847,52.4432],[-128.4979,52.4363],[-128.5341,52.4359],[-128.6989,52.5181],[-128.7137,52.5077],[-128.7063,52.491],[-128.7197,52.4883],[-128.7572,52.4903],[-128.8175,52.522],[-128.8013,52.547],[-128.7349,52.5151],[-128.7132,52.5289],[-128.7001,52.522],[-128.6939,52.5294],[-128.7212,52.5424],[-128.7076,52.5493],[-128.7383,52.5598],[-128.7419,52.5862],[-128.732,52.5955],[-128.5833,52.6005],[-128.563,52.6114]]],[[[-129.2935,53.1079],[-129.3314,53.1321],[-129.3336,53.2018],[-129.2494,53.2829],[-129.2757,53.331],[-129.1978,53.3217],[-129.1737,53.3028],[-129.1737,53.2618],[-129.1526,53.2283],[-129.16,53.1867],[-129.1342,53.1202],[-129.1396,53.1048],[-129.2624,53.1048],[-129.2767,53.092],[-129.2935,53.1079]]],[[[-125.336,50.3017],[-125.3822,50.2963],[-125.4042,50.3322],[-125.3944,50.3495],[-125.3137,50.3497],[-125.3148,50.3974],[-125.288,50.4374],[-125.1988,50.3911],[-125.1715,50.3911],[-125.1525,50.3445],[-125.0771,50.2622],[-125.048,50.2056],[-125.0653,50.1936],[-125.0828,50.2056],[-125.1061,50.1452],[-125.1422,50.1258],[-125.1544,50.1339],[-125.1321,50.191],[-125.1361,50.2324],[-125.167,50.2473],[-125.2125,50.3223],[-125.2458,50.3144],[-125.277,50.3266],[-125.336,50.3017]]],[[[-130.4312,54.79],[-130.4616,54.8315],[-130.2547,54.9697],[-130.204,55.0213],[-130.1818,55.0316],[-130.1674,55.0165],[-130.1501,54.9694],[-130.1578,54.9477],[-130.2255,54.8896],[-130.2698,54.8315],[-130.3996,54.7694],[-130.4312,54.79]]],[[[-128.9136,53.4064],[-128.9064,53.3809],[-128.9273,53.3581],[-128.9207,53.3381],[-128.94,53.3239],[-129.0128,53.3403],[-129.1185,53.3205],[-129.1482,53.3637],[-129.0658,53.4525],[-129.0638,53.4883],[-129.0485,53.5086],[-128.9972,53.5439],[-128.9768,53.4802],[-128.9136,53.4064]]],[[[-125.1988,50.0411],[-125.2267,50.069],[-125.2125,50.0752],[-125.3237,50.1433],[-125.3489,50.22],[-125.336,50.2745],[-125.2632,50.294],[-125.1715,50.219],[-125.1647,50.1925],[-125.1913,50.1582],[-125.1852,50.1441],[-125.2252,50.1317],[-125.2277,50.1208],[-125.1783,50.0827],[-125.1631,49.9931],[-125.1869,50.0098],[-125.1988,50.0411]]],[[[-130.7428,54.6056],[-130.7769,54.5504],[-130.9619,54.4548],[-130.9691,54.462],[-130.9619,54.5398],[-130.9278,54.5914],[-130.9312,54.6227],[-130.8973,54.6337],[-130.8732,54.6193],[-130.8542,54.6301],[-130.808,54.6118],[-130.757,54.6337],[-130.7428,54.6056]]],[[[-128.6182,52.4537],[-128.6256,52.4196],[-128.6128,52.3774],[-128.6232,52.3301],[-128.6483,52.2897],[-128.6796,52.2681],[-128.7281,52.3227],[-128.7281,52.3643],[-128.7485,52.3712],[-128.7638,52.4495],[-128.7411,52.4746],[-128.6728,52.4879],[-128.6871,52.4674],[-128.6529,52.4809],[-128.6182,52.4537]]],[[[-128.2278,52.2128],[-128.2784,52.1848],[-128.3035,52.1309],[-128.3298,52.1479],[-128.3367,52.1162],[-128.3215,52.0904],[-128.3398,52.0793],[-128.3843,52.098],[-128.3578,52.1445],[-128.3946,52.1555],[-128.4417,52.1228],[-128.4547,52.1309],[-128.4301,52.154],[-128.5224,52.1576],[-128.518,52.1748],[-128.4565,52.2109],[-128.4473,52.238],[-128.2789,52.2372],[-128.2278,52.2128]]],[[[-129.3041,53.0359],[-129.2911,52.9823],[-129.3004,52.9744],[-129.338,52.9726],[-129.3949,53.0004],[-129.4709,53.0822],[-129.4796,53.112],[-129.5154,53.1002],[-129.5027,53.1185],[-129.5517,53.1429],[-129.5504,53.1662],[-129.5098,53.1917],[-129.4611,53.1867],[-129.4566,53.1695],[-129.3041,53.0359]]],[[[-123.369,48.7742],[-123.3823,48.7562],[-123.4076,48.7541],[-123.4584,48.7674],[-123.4276,48.7296],[-123.461,48.7154],[-123.4962,48.7156],[-123.5311,48.7344],[-123.5497,48.7707],[-123.5335,48.801],[-123.5698,48.8324],[-123.5715,48.8498],[-123.5472,48.8624],[-123.5867,48.898],[-123.5956,48.9518],[-123.5819,48.9313],[-123.4311,48.8419],[-123.4886,48.8623],[-123.496,48.8455],[-123.369,48.7742]]],[[[-131.5646,52.7274],[-131.6569,52.7216],[-131.6744,52.7069],[-131.6446,52.7139],[-131.6273,52.6933],[-131.5547,52.7001],[-131.5107,52.73],[-131.469,52.7343],[-131.4447,52.7027],[-131.4621,52.6591],[-131.4527,52.6452],[-131.51,52.6318],[-131.5925,52.666],[-131.5936,52.6388],[-131.5546,52.6147],[-131.602,52.5952],[-131.654,52.6455],[-131.647,52.6646],[-131.6956,52.7002],[-131.7024,52.7213],[-131.6388,52.7371],[-131.5646,52.7274]]],[[[-128.0974,52.2408],[-128.1732,52.2551],[-128.0555,52.3035],[-127.9853,52.3021],[-127.9608,52.296],[-127.9077,52.2009],[-127.932,52.1762],[-128.0713,52.1823],[-128.0912,52.1936],[-128.0867,52.216],[-128.0335,52.2315],[-128.0216,52.2507],[-128.0974,52.2408]]],[[[-126.0833,49.3149],[-126.0485,49.267],[-126.0694,49.2555],[-126.2235,49.2771],[-126.2403,49.3018],[-126.2274,49.3078],[-126.2403,49.3428],[-126.2314,49.3786],[-126.1317,49.3968],[-126.0863,49.3631],[-126.0751,49.3385],[-126.0833,49.3149]]],[[[-124.891,50.1925],[-124.9259,50.1999],[-124.9652,50.2492],[-124.9171,50.3035],[-124.8157,50.2738],[-124.8157,50.2116],[-124.7659,50.1892],[-124.7538,50.1683],[-124.8323,50.1174],[-124.8694,50.1663],[-124.8289,50.185],[-124.8404,50.1983],[-124.891,50.1925]]],[[[-128.2482,52.0217],[-128.2964,52.1059],[-128.2907,52.1247],[-128.2366,52.1873],[-128.1802,52.1999],[-128.1453,52.1936],[-128.1626,52.0732],[-128.1936,52.0565],[-128.2073,52.0217],[-128.2482,52.0217]]],[[[-130.9967,52.1117],[-130.9603,52.1043],[-130.9551,52.0769],[-131.0448,52.0616],[-131.0649,52.0837],[-131.0714,52.061],[-130.9923,52.0134],[-131.0444,52.0285],[-131.0097,51.9801],[-131.0444,51.9739],[-131.024,51.9466],[-131.0507,51.9536],[-131.1127,52.0019],[-131.0878,52.0311],[-131.1131,52.0422],[-131.1268,52.1116],[-131.0987,52.1561],[-131.0609,52.1474],[-131.0649,52.1309],[-131.0168,52.108],[-130.9967,52.1117]]],[[[-125.0275,50.1441],[-124.9797,50.1888],[-125.007,50.2329],[-124.9957,50.2321],[-124.9291,50.1694],[-124.9175,50.1455],[-124.9257,50.1277],[-124.891,50.069],[-124.963,50.0488],[-124.9763,50.0217],[-125.0055,50.0176],[-125.0074,50.0723],[-125.0598,50.1155],[-125.0275,50.1441]]],[[[-126.3365,50.6035],[-126.2881,50.6035],[-126.2267,50.5693],[-126.3055,50.5346],[-126.4481,50.5192],[-126.6245,50.5346],[-126.3676,50.583],[-126.3365,50.6035]]],[[[-128.3104,52.7274],[-128.323,52.7788],[-128.2351,52.7877],[-128.2141,52.7957],[-128.1901,52.8301],[-128.1732,52.8236],[-128.2105,52.7067],[-128.2551,52.6176],[-128.275,52.6025],[-128.2877,52.6074],[-128.283,52.6455],[-128.2967,52.666],[-128.2885,52.6837],[-128.3104,52.7274]]],[[[-127.9466,52.1657],[-127.9093,52.1589],[-127.8777,52.1719],[-127.8949,52.1358],[-127.9615,52.0828],[-128.0144,52.0915],[-128.0699,52.0803],[-128.0974,52.0974],[-128.123,52.1517],[-128.077,52.1452],[-128.036,52.1657],[-127.9466,52.1657]]],[[[-126.7821,50.7747],[-126.8548,50.786],[-126.9051,50.8293],[-126.8263,50.8362],[-126.7934,50.8073],[-126.7843,50.8323],[-126.7707,50.8363],[-126.6824,50.8344],[-126.641,50.8498],[-126.5624,50.8021],[-126.6034,50.8083],[-126.7412,50.7747],[-126.7685,50.7884],[-126.7821,50.7747]]],[[[-125.368,50.4611],[-125.3396,50.4525],[-125.3279,50.4337],[-125.3463,50.4023],[-125.3821,50.3935],[-125.3786,50.3756],[-125.3924,50.3674],[-125.4477,50.3537],[-125.5448,50.3778],[-125.4995,50.4011],[-125.478,50.4295],[-125.368,50.4611]]],[[[-124.8026,50.2286],[-124.8122,50.2398],[-124.7865,50.2773],[-124.7485,50.3039],[-124.7251,50.3045],[-124.6614,50.2628],[-124.6507,50.2244],[-124.6645,50.1912],[-124.7258,50.1632],[-124.7428,50.2042],[-124.7054,50.2741],[-124.7233,50.2929],[-124.7567,50.2194],[-124.8026,50.2286]]],[[[-130.5919,54.7422],[-130.6151,54.7651],[-130.4836,54.8104],[-130.4616,54.8037],[-130.4343,54.7695],[-130.4618,54.7121],[-130.5101,54.7217],[-130.5347,54.706],[-130.5919,54.7422]]],[[[-123.6539,49.0337],[-123.698,49.0821],[-123.6973,49.1093],[-123.5467,48.9762],[-123.4719,48.9381],[-123.3345,48.903],[-123.3218,48.8966],[-123.3171,48.8698],[-123.3693,48.8619],[-123.3945,48.8724],[-123.4373,48.904],[-123.5308,48.942],[-123.6539,49.0337]]],[[[-128.5328,52.7274],[-128.536,52.7664],[-128.5021,52.872],[-128.4734,52.8536],[-128.4556,52.789],[-128.4612,52.7758],[-128.481,52.7827],[-128.4777,52.7066],[-128.5099,52.6539],[-128.5395,52.7085],[-128.5328,52.7274]]],[[[-125.5023,50.4138],[-125.5032,50.4049],[-125.6358,50.3825],[-125.7435,50.3773],[-125.7808,50.3857],[-125.7834,50.3974],[-125.5469,50.4434],[-125.5067,50.4308],[-125.5023,50.4138]]],[[[-125.8616,49.2374],[-125.797,49.227],[-125.786,49.2093],[-125.8014,49.1439],[-125.8417,49.1338],[-125.8799,49.146],[-125.8876,49.1731],[-125.915,49.1763],[-125.9234,49.197],[-125.9149,49.2133],[-125.8616,49.2374]]],[[[-126.8593,50.6457],[-126.8331,50.6252],[-127.0032,50.6265],[-127.0375,50.6401],[-127.1221,50.63],[-127.1504,50.64],[-127.1075,50.6711],[-126.8948,50.6659],[-126.8593,50.6457]]],[[[-125.7491,50.4218],[-125.8236,50.4088],[-125.9486,50.425],[-125.9654,50.4382],[-125.8058,50.475],[-125.7432,50.4367],[-125.7491,50.4218]]],[[[-124.1095,49.678],[-124.1364,49.6566],[-124.1637,49.6598],[-124.2051,49.7053],[-124.1332,49.7539],[-124.1027,49.7469],[-124.0902,49.7703],[-124.0201,49.781],[-124.0745,49.7414],[-124.1095,49.678]]],[[[-123.4516,49.4452],[-123.4526,49.5081],[-123.4181,49.5309],[-123.3622,49.5408],[-123.3225,49.4861],[-123.3238,49.4619],[-123.3427,49.4429],[-123.3758,49.4384],[-123.3674,49.4538],[-123.3894,49.4674],[-123.4516,49.4452]]],[[[-130.654,54.1184],[-130.6976,54.1149],[-130.8048,54.1737],[-130.776,54.2141],[-130.7565,54.2145],[-130.6494,54.1446],[-130.654,54.1184]]],[[[-124.2322,49.4993],[-124.1717,49.4547],[-124.1862,49.447],[-124.3179,49.463],[-124.3611,49.48],[-124.3557,49.4904],[-124.3791,49.5073],[-124.3546,49.5224],[-124.2322,49.4993]]],[[[-127.7791,50.9015],[-127.7135,50.913],[-127.6882,50.9009],[-127.656,50.8378],[-127.7289,50.8461],[-127.8344,50.8787],[-127.8348,50.8891],[-127.7791,50.9015]]],[[[-130.6091,53.797],[-130.6172,53.8232],[-130.5694,53.8367],[-130.5098,53.8263],[-130.42,53.7833],[-130.4379,53.7569],[-130.4973,53.7652],[-130.5127,53.7935],[-130.5533,53.7844],[-130.6091,53.797]]],[[[-130.2084,54.8111],[-130.222,54.79],[-130.2015,54.79],[-130.2084,54.7626],[-130.24,54.7305],[-130.3777,54.6982],[-130.3404,54.7369],[-130.2084,54.8111]]],[[[-129.6535,53.1321],[-129.5989,53.0936],[-129.5889,53.0718],[-129.6612,53.0699],[-129.6936,53.0832],[-129.7429,53.1321],[-129.6535,53.1321]]],[[[-130.8176,54.4863],[-130.79,54.4937],[-130.7285,54.4378],[-130.7296,54.4208],[-130.7847,54.4123],[-130.8234,54.4209],[-130.8286,54.4387],[-130.87,54.4348],[-130.8614,54.4554],[-130.8176,54.4863]]],[[[-123.7213,49.1608],[-123.7044,49.156],[-123.6971,49.1371],[-123.7767,49.1333],[-123.8428,49.151],[-123.862,49.1636],[-123.8698,49.1905],[-123.8339,49.2012],[-123.7686,49.169],[-123.7213,49.1608]]],[[[-126.4038,50.6298],[-126.3635,50.6188],[-126.3744,50.605],[-126.4854,50.5786],[-126.5585,50.6032],[-126.4713,50.6282],[-126.4038,50.6298]]],[[[-124.7087,49.497],[-124.6908,49.4829],[-124.7464,49.4885],[-124.8254,49.5401],[-124.8385,49.5566],[-124.836,49.5977],[-124.8272,49.603],[-124.7925,49.5797],[-124.7087,49.497]]],[[[-123.3307,49.3729],[-123.3759,49.3371],[-123.4294,49.3467],[-123.4181,49.3809],[-123.35,49.4175],[-123.3152,49.4134],[-123.3307,49.3729]]],[[[-130.3521,54.2677],[-130.3542,54.2968],[-130.305,54.3337],[-130.2773,54.3319],[-130.253,54.3113],[-130.265,54.2788],[-130.2985,54.2536],[-130.3381,54.2556],[-130.3521,54.2677]]],[[[-130.2292,54.1184],[-130.2698,54.1531],[-130.2528,54.1907],[-130.2165,54.1944],[-130.1625,54.161],[-130.1559,54.1416],[-130.2292,54.1184]]],[[[-123.089,48.7675],[-123.1584,48.7633],[-123.1853,48.7746],[-123.2037,48.7845],[-123.2037,48.8085],[-123.2235,48.8327],[-123.1414,48.8015],[-123.0438,48.7888],[-123.089,48.7675]]],[[[-131.6813,52.8421],[-131.6552,52.8305],[-131.7435,52.8113],[-131.808,52.8149],[-131.8376,52.841],[-131.7594,52.8571],[-131.7358,52.8537],[-131.7305,52.8446],[-131.7435,52.8402],[-131.6813,52.8421]]],[[[-123.2872,48.8128],[-123.2518,48.7902],[-123.2504,48.7661],[-123.1881,48.7562],[-123.1867,48.7364],[-123.2575,48.7392],[-123.307,48.7646],[-123.3226,48.8128],[-123.2872,48.8128]]],[[[-130.3533,54.2676],[-130.3707,54.2523],[-130.3654,54.2425],[-130.4691,54.3039],[-130.4509,54.3276],[-130.4206,54.3319],[-130.3797,54.3039],[-130.3533,54.2676]]],[[[-132.9785,54.246],[-132.9661,54.2342],[-132.9781,54.1969],[-133.0005,54.1901],[-133.0208,54.2149],[-133.0818,54.2318],[-133.0614,54.2563],[-132.9785,54.246]]],[[[-128.4382,51.9808],[-128.4174,52.0035],[-128.4324,51.9024],[-128.4455,51.8981],[-128.4544,51.9174],[-128.4788,51.9068],[-128.4927,51.926],[-128.487,51.9537],[-128.4382,51.9808]]],[[[-129.5573,53.0012],[-129.5298,52.9649],[-129.5436,52.9601],[-129.592,52.9819],[-129.6205,52.9582],[-129.6535,53.0222],[-129.5721,53.0197],[-129.5573,53.0012]]],[[[-127.8456,50.9229],[-127.8402,50.9033],[-127.875,50.8904],[-127.981,50.907],[-127.983,50.9167],[-127.9154,50.9396],[-127.8606,50.9357],[-127.8456,50.9229]]],[[[-132.2296,52.9952],[-132.2019,52.9844],[-132.3031,52.9667],[-132.3826,53.0041],[-132.2296,52.9952]]],[[[-126.5377,50.5838],[-126.519,50.57],[-126.6149,50.5527],[-126.6503,50.5587],[-126.6537,50.5786],[-126.6709,50.5896],[-126.5869,50.5949],[-126.5377,50.5838]]],[[[-125.9499,49.2008],[-125.9381,49.1849],[-125.9541,49.1813],[-125.9689,49.1487],[-126.0117,49.1591],[-126.035,49.2018],[-126.0065,49.2141],[-125.9499,49.2008]]],[[[-127.2406,50.0217],[-127.2342,50.0054],[-127.2723,49.978],[-127.3186,49.9996],[-127.3114,50.0262],[-127.286,50.0371],[-127.2406,50.0217]]],[[[-124.6074,49.5309],[-124.5941,49.5216],[-124.6245,49.5234],[-124.6629,49.4943],[-124.7038,49.5212],[-124.7025,49.5377],[-124.6837,49.5493],[-124.6074,49.5309]]],[[[-130.7602,54.362],[-130.7696,54.3812],[-130.756,54.3939],[-130.7155,54.4138],[-130.6876,54.3996],[-130.6911,54.3671],[-130.7602,54.362]]],[[[-129.5641,53.0563],[-129.5157,53.0359],[-129.5197,53.0266],[-129.5436,53.0086],[-129.5703,53.0359],[-129.6017,53.0285],[-129.6876,53.0639],[-129.5641,53.0563]]],[[[-127.5453,51.0898],[-127.5269,51.0837],[-127.542,51.0522],[-127.5912,51.0519],[-127.6117,51.0751],[-127.5453,51.0898]]],[[[-129.3547,52.8625],[-129.312,52.8393],[-129.3289,52.7996],[-129.3662,52.8145],[-129.3677,52.845],[-129.3547,52.8625]]],[[[-131.0988,54.628],[-131.0568,54.6257],[-131.05,54.606],[-131.0909,54.5822],[-131.1022,54.5956],[-131.0988,54.628]]],[[[-128.6391,50.8047],[-128.6037,50.8198],[-128.5741,50.8085],[-128.5726,50.7952],[-128.6159,50.7828],[-128.6351,50.7899],[-128.6391,50.8047]]],[[[-129.4328,52.6831],[-129.4001,52.6795],[-129.4024,52.6466],[-129.4496,52.644],[-129.4274,52.6743],[-129.4328,52.6831]]],[[[-128.7021,50.8366],[-128.6622,50.825],[-128.6705,50.8189],[-128.655,50.8088],[-128.7044,50.8072],[-128.7158,50.8144],[-128.7021,50.8366]]],[[[-130.5921,53.4962],[-130.587,53.4662],[-130.6361,53.4984],[-130.6165,53.5064],[-130.5921,53.4962]]],[[[-123.2869,48.6127],[-123.288,48.5913],[-123.3029,48.597],[-123.3367,48.6311],[-123.3375,48.6484],[-123.2869,48.6127]]]]}},{"type":"Feature","id":"Manitoba","properties":{"id":"Manitoba","iso_code":"CA-MB","name":"Manitoba","name_full":"Manitoba","name_ja":"マニトバ州","center_lonlat":[-97.4371,54.9205]},"geometry":{"type":"Polygon","coordinates":[[[-101.3643,48.9927],[-102.0011,55.8165],[-102.0016,60.0001],[-94.8031,60.0001],[-94.7869,59.9913],[-94.8214,59.9481],[-94.8006,59.9435],[-94.8143,59.923],[-94.7794,59.8387],[-94.7931,59.82],[-94.7733,59.7896],[-94.8074,59.7176],[-94.7985,59.6594],[-94.8219,59.6503],[-94.8194,59.6387],[-94.8034,59.5981],[-94.759,59.5668],[-94.7812,59.5622],[-94.7931,59.5258],[-94.7572,59.5018],[-94.7579,59.4672],[-94.7242,59.4438],[-94.7347,59.4295],[-94.7164,59.3754],[-94.7385,59.3477],[-94.6601,59.3588],[-94.7317,59.3265],[-94.7242,59.3129],[-94.7722,59.298],[-94.7665,59.2856],[-94.7869,59.2651],[-94.7743,59.2526],[-94.7869,59.2379],[-94.7794,59.2037],[-94.7931,59.1894],[-94.7733,59.1689],[-94.7931,59.0938],[-94.8424,59.0811],[-94.9673,59.0859],[-94.9992,59.0528],[-94.804,59.0631],[-94.8074,59.0181],[-94.7237,59.0042],[-94.694,58.9835],[-94.6833,58.9504],[-94.6941,58.9169],[-94.7351,58.8778],[-94.746,58.8331],[-94.65,58.885],[-94.6081,58.8815],[-94.4853,58.8201],[-94.4369,58.7238],[-94.3995,58.7125],[-94.3625,58.7189],[-94.2935,58.7444],[-94.3003,58.7574],[-94.2655,58.7922],[-94.2041,58.8065],[-94.232,58.7853],[-94.2241,58.7747],[-94.2383,58.7341],[-94.2041,58.6966],[-94.208,58.6838],[-94.2638,58.6492],[-94.3085,58.5751],[-94.2877,58.5208],[-94.3006,58.4813],[-94.2866,58.4365],[-94.3344,58.3814],[-94.3303,58.3369],[-94.3686,58.2304],[-94.3617,58.223],[-94.232,58.4011],[-94.2467,58.5908],[-94.1632,58.6829],[-94.1661,58.7243],[-94.1429,58.7368],[-94.1774,58.7791],[-93.8819,58.7574],[-93.8187,58.7799],[-93.7758,58.7717],[-93.7174,58.7922],[-93.5558,58.7633],[-93.496,58.7735],[-93.4735,58.7552],[-93.4647,58.7175],[-93.4091,58.7051],[-93.3265,58.76],[-93.2113,58.7665],[-93.1558,58.7444],[-93.1318,58.6723],[-93.1407,58.6398],[-93.1217,58.5625],[-93.1234,58.5129],[-93.0508,58.4223],[-93.0326,58.367],[-92.984,58.3131],[-92.9372,58.223],[-92.9127,58.1964],[-92.8617,58.1718],[-92.8541,58.1621],[-92.8661,58.1459],[-92.8351,58.0908],[-92.8078,58.0758],[-92.8057,57.9977],[-92.757,57.8659],[-92.7858,57.8394],[-92.7306,57.8258],[-92.6691,57.7165],[-92.616,57.6713],[-92.5592,57.5861],[-92.5592,57.5445],[-92.5077,57.521],[-92.4873,57.4748],[-92.4569,57.449],[-92.4236,57.3544],[-92.4395,57.2533],[-92.5972,57.0483],[-92.6658,57.0006],[-92.7049,56.9554],[-92.882,56.9145],[-92.8598,56.9075],[-92.6766,56.9419],[-92.491,57.0381],[-92.2424,57.0747],[-92.2181,57.0628],[-92.2743,57.0372],[-92.3402,56.9829],[-92.424,56.9654],[-92.4705,56.935],[-92.3374,56.9595],[-92.2235,57.0215],[-91.9617,57.0602],[-91.7666,57.1147],[-91.0311,57.2646],[-90.8537,57.2611],[-90.6891,57.2299],[-90.5855,57.2299],[-90.5152,57.2016],[-90.4093,57.1875],[-90.3806,57.1546],[-90.3152,57.1436],[-90.1547,57.079],[-90.0723,57.0609],[-89.963,57.004],[-89.8727,56.9974],[-89.827,56.976],[-89.5747,56.9448],[-89.4825,56.922],[-89.3938,56.9282],[-89.1883,56.873],[-89.1073,56.8699],[-89.0362,56.8425],[-88.947,56.8532],[-89.9805,56.2151],[-91.3784,55.316],[-92.6002,54.4796],[-93.6202,53.7469],[-95.1538,52.8214],[-95.1606,49.3695],[-95.1593,49.0118],[-95.1771,48.9927],[-101.3643,48.9927]]]}},{"type":"Feature","id":"New Brunswick","properties":{"id":"New Brunswick","iso_code":"CA-NB","name":"New Brunswick","name_full":"New Brunswick","name_ja":"ニュー・ブランズウィック州","center_lonlat":[-66.3834,46.6279]},"geometry":{"type":"MultiPolygon","coordinates":[[[[-69.0636,47.2908],[-68.7646,47.3626],[-68.5838,47.4222],[-68.4081,47.5363],[-68.3792,47.5879],[-68.3779,47.9283],[-68.1135,47.9283],[-68.1135,47.9975],[-67.6128,47.9975],[-67.606,47.9381],[-67.4149,47.8813],[-67.3913,47.8499],[-67.3637,47.8393],[-67.3199,47.8961],[-67.188,47.885],[-67.0504,47.9291],[-66.9616,47.8945],[-66.9419,47.9023],[-66.9494,47.9486],[-66.9385,47.9678],[-66.8942,47.9921],[-66.843,47.9968],[-66.7315,47.9865],[-66.6858,48.0076],[-66.6135,48.0108],[-66.5576,48.0382],[-66.3859,48.0751],[-66.3553,48.0693],[-66.3619,48.0406],[-66.3451,48.0214],[-66.262,48.0058],[-66.2384,47.9852],[-66.2159,47.9932],[-65.9709,47.9239],[-65.8179,47.9074],[-65.7722,47.8829],[-65.7412,47.8486],[-65.6897,47.7247],[-65.6288,47.6706],[-65.6692,47.6564],[-65.6357,47.6223],[-65.5911,47.6692],[-65.4774,47.6837],[-65.3636,47.762],[-65.285,47.7817],[-65.2093,47.8197],[-65.0257,47.8496],[-64.9778,47.842],[-65.0546,47.803],[-65.0734,47.7799],[-64.8263,47.8155],[-64.786,47.7936],[-64.7897,47.7713],[-64.8605,47.7525],[-64.786,47.739],[-64.7785,47.711],[-64.7639,47.7081],[-64.7587,47.7525],[-64.7357,47.7645],[-64.6802,47.7413],[-64.6686,47.7321],[-64.7512,47.7008],[-64.7576,47.6864],[-64.8126,47.6775],[-64.7996,47.6427],[-64.814,47.6216],[-64.8922,47.5615],[-64.9088,47.5198],[-64.8741,47.5198],[-64.9293,47.4509],[-64.8678,47.4857],[-64.9088,47.3553],[-64.9088,47.4025],[-64.9279,47.3934],[-64.9604,47.3448],[-64.9596,47.2943],[-65.043,47.2752],[-65.0613,47.2519],[-65.0985,47.2364],[-65.1225,47.2027],[-65.3675,47.0878],[-65.2448,47.0819],[-65.203,47.0946],[-65.2065,47.0468],[-65.149,47.0537],[-65.0323,47.0946],[-64.9845,47.0599],[-64.9086,47.0928],[-64.7996,47.0816],[-64.8255,47.0635],[-64.8065,46.9854],[-64.8527,46.9627],[-64.8952,46.9165],[-64.9044,46.8588],[-64.8649,46.7832],[-64.7921,46.7247],[-64.8394,46.7169],[-64.8542,46.6763],[-64.8327,46.6994],[-64.7512,46.6701],[-64.7579,46.6903],[-64.7492,46.6998],[-64.7136,46.6872],[-64.7068,46.6723],[-64.7174,46.556],[-64.6903,46.5386],[-64.6777,46.5006],[-64.7111,46.4805],[-64.6898,46.464],[-64.6547,46.4637],[-64.6134,46.4193],[-64.6277,46.3542],[-64.704,46.3275],[-64.6572,46.321],[-64.5749,46.3387],[-64.5799,46.348],[-64.5585,46.3691],[-64.5234,46.3216],[-64.5636,46.2797],[-64.5594,46.2238],[-64.514,46.2394],[-64.4054,46.2381],[-64.3806,46.2238],[-64.2533,46.2344],[-64.185,46.2102],[-64.1628,46.1951],[-64.1691,46.1835],[-64.1513,46.1663],[-64.1109,46.1868],[-64.0827,46.1593],[-64.038,46.1835],[-63.9732,46.1835],[-63.8131,46.1403],[-63.7711,46.1152],[-63.7918,46.0995],[-63.8605,46.0873],[-63.8946,46.06],[-64.0727,46.06],[-64.0797,46.0365],[-64.0933,46.0326],[-64.0427,45.992],[-64.0513,45.9768],[-64.1595,45.9638],[-64.2447,45.8813],[-64.2734,45.8357],[-64.3216,45.8778],[-64.3615,45.8851],[-64.3591,45.8681],[-64.3397,45.8607],[-64.369,45.8467],[-64.4195,45.7912],[-64.4642,45.7728],[-64.4809,45.7279],[-64.5139,45.7206],[-64.5458,45.7316],[-64.5085,45.7662],[-64.4905,45.8167],[-64.5315,45.847],[-64.5315,45.9022],[-64.5484,45.8836],[-64.5724,45.8856],[-64.6298,45.9545],[-64.6788,45.991],[-64.6852,46.0362],[-64.704,46.0622],[-64.7487,46.0899],[-64.7649,46.0873],[-64.7103,46.0496],[-64.6966,46.0326],[-64.7037,45.9994],[-64.6354,45.9452],[-64.6134,45.9022],[-64.5724,45.8607],[-64.5854,45.8259],[-64.6761,45.7515],[-64.6413,45.7242],[-64.6898,45.7242],[-64.7716,45.6143],[-64.8176,45.6374],[-64.9048,45.6282],[-64.9945,45.5591],[-65.1843,45.5104],[-65.3151,45.4592],[-65.5194,45.3646],[-65.545,45.3296],[-65.6975,45.2852],[-65.7523,45.2444],[-65.7933,45.2649],[-65.8883,45.2139],[-65.9293,45.213],[-65.9956,45.2303],[-66.0396,45.2851],[-66.136,45.3126],[-66.0019,45.3986],[-66.0098,45.4643],[-66.0584,45.4227],[-66.095,45.3542],[-66.1217,45.3611],[-66.1968,45.3338],[-66.1544,45.2896],[-66.0709,45.2745],[-66.0602,45.258],[-66.116,45.2367],[-66.2021,45.1595],[-66.2494,45.2047],[-66.31,45.2048],[-66.3277,45.1898],[-66.2486,45.1853],[-66.2589,45.1618],[-66.3428,45.1444],[-66.358,45.1166],[-66.3929,45.1112],[-66.4407,45.0799],[-66.4613,45.0777],[-66.4603,45.1147],[-66.491,45.1556],[-66.6925,45.0746],[-66.7181,45.0799],[-66.7107,45.0873],[-66.725,45.0936],[-66.7458,45.0645],[-66.7895,45.0594],[-66.797,45.0658],[-66.7808,45.0968],[-66.8001,45.1078],[-66.8034,45.0934],[-66.8889,45.0607],[-66.911,45.1139],[-66.8479,45.1283],[-66.916,45.1547],[-66.9435,45.1898],[-66.9708,45.182],[-66.9857,45.1588],[-67.0211,45.1684],[-67.0401,45.1438],[-67.0495,45.0964],[-67.0401,45.0756],[-67.0864,45.0976],[-67.1311,45.1538],[-67.1407,45.2046],[-67.163,45.1985],[-67.168,45.2226],[-67.1903,45.2332],[-67.176,45.1787],[-67.255,45.205],[-67.2772,45.1951],[-67.2846,45.1697],[-67.3192,45.1539],[-67.3563,45.1659],[-67.4713,45.2663],[-67.4687,45.3018],[-67.4346,45.3503],[-67.4288,45.3871],[-67.4823,45.4555],[-67.4932,45.4931],[-67.4262,45.5334],[-67.4313,45.5979],[-67.45,45.6108],[-67.6075,45.6201],[-67.6908,45.6538],[-67.728,45.6923],[-67.7618,45.6801],[-67.807,45.7129],[-67.8111,45.7665],[-67.7728,45.8281],[-67.7992,45.8757],[-67.7578,45.9195],[-67.7846,45.9601],[-67.8136,47.0819],[-67.8706,47.1074],[-67.9434,47.1645],[-67.9932,47.2232],[-68.2464,47.3606],[-68.2997,47.3678],[-68.3478,47.3585],[-68.382,47.3278],[-68.3856,47.3017],[-68.4353,47.2913],[-68.4667,47.3057],[-68.518,47.3048],[-68.5852,47.2825],[-68.6442,47.2453],[-68.7618,47.237],[-68.8897,47.1906],[-69.0402,47.2491],[-69.0636,47.2908]]],[[[-66.8615,44.7268],[-66.8258,44.7876],[-66.7913,44.7991],[-66.7695,44.7957],[-66.7568,44.7776],[-66.7432,44.782],[-66.7355,44.7591],[-66.7615,44.7545],[-66.7211,44.6628],[-66.6918,44.643],[-66.6904,44.62],[-66.709,44.6137],[-66.7283,44.623],[-66.7428,44.6534],[-66.7833,44.6612],[-66.8391,44.6504],[-66.867,44.6298],[-66.8761,44.6063],[-66.906,44.6062],[-66.8846,44.6889],[-66.8615,44.7268]]],[[[-64.5048,47.8898],[-64.512,47.9025],[-64.4774,47.9444],[-64.509,47.8445],[-64.5389,47.8072],[-64.6488,47.7321],[-64.6542,47.7471],[-64.6966,47.7594],[-64.6488,47.7905],[-64.6542,47.8019],[-64.6898,47.7936],[-64.6686,47.8209],[-64.7001,47.8279],[-64.6687,47.8713],[-64.568,47.883],[-64.5799,47.8625],[-64.5201,47.8736],[-64.5048,47.8898]]],[[[-64.5458,47.9717],[-64.5108,48.0336],[-64.4843,48.0201],[-64.4724,47.9634],[-64.4874,47.9412],[-64.5904,47.9035],[-64.5941,47.9144],[-64.5458,47.9717]]],[[[-66.901,44.8894],[-66.931,44.8699],[-66.9193,44.8373],[-66.9557,44.8464],[-66.9818,44.8725],[-66.9583,44.8777],[-66.9336,44.9415],[-66.9049,44.9558],[-66.8919,44.9219],[-66.901,44.8894]]],[[[-66.9635,44.961],[-66.9857,44.9258],[-67.0169,44.9792],[-66.9739,45.0183],[-66.9388,45.0248],[-66.9635,44.961]]]]}},{"type":"Feature","id":"Newfoundland and Labrador","properties":{"id":"Newfoundland and Labrador","iso_code":"CA-NL","name":"Newfoundland and Labrador","name_full":"Newfoundland and Labrador","name_ja":"ニューファンドランド・ラブラドール州","center_lonlat":[-62.0269,54.2466]},"geometry":{"type":"MultiPolygon","coordinates":[[[[-64.5314,60.3039],[-64.4642,60.2911],[-64.3806,60.2452],[-64.4258,60.2426],[-64.4951,60.2726],[-64.6365,60.293],[-64.7587,60.2383],[-64.7293,60.2348],[-64.6171,60.2725],[-64.5574,60.2698],[-64.4632,60.2383],[-64.5663,60.1763],[-64.5041,60.1785],[-64.4162,60.2234],[-64.3949,60.2172],[-64.4291,60.1968],[-64.41,60.1973],[-64.3806,60.1701],[-64.3992,60.1512],[-64.4979,60.1148],[-64.4632,60.0875],[-64.6324,60.0715],[-64.8125,60.0082],[-64.8223,59.9855],[-64.5867,60.0602],[-64.4515,60.0661],[-64.3772,60.1297],[-64.3675,60.1182],[-64.3755,60.0812],[-64.4024,60.0875],[-64.4137,60.0711],[-64.3738,60.0401],[-64.3932,60.0145],[-64.5395,60.0109],[-64.4166,59.9851],[-64.4005,59.9761],[-64.4019,59.9415],[-64.5184,59.9025],[-64.4764,59.9005],[-64.4236,59.9233],[-64.369,59.9274],[-64.3635,59.958],[-64.3055,59.9975],[-64.2242,59.9975],[-64.3026,60.01],[-64.329,60.0281],[-64.326,60.0602],[-64.1826,60.0323],[-64.1479,59.9845],[-64.2744,59.9637],[-64.2987,59.9435],[-64.2293,59.9416],[-64.1826,59.9156],[-64.2125,59.8898],[-64.2577,59.8746],[-64.199,59.8765],[-64.1532,59.9121],[-64.1264,59.9075],[-64.1703,59.8456],[-64.1759,59.7961],[-64.1925,59.7785],[-64.2594,59.7884],[-64.2646,59.7648],[-64.2123,59.7161],[-64.1479,59.6828],[-63.9623,59.6946],[-63.943,59.6897],[-63.9698,59.6623],[-63.922,59.6555],[-64.0316,59.645],[-64.0597,59.6214],[-64.0728,59.5744],[-64.1206,59.5184],[-64.0399,59.5622],[-64.0321,59.6102],[-64.0073,59.624],[-63.8641,59.6113],[-63.8776,59.5838],[-63.943,59.5668],[-63.9834,59.5258],[-63.9807,59.5064],[-63.8741,59.573],[-63.7669,59.5483],[-63.7277,59.52],[-63.795,59.4222],[-63.9998,59.4185],[-64.066,59.3955],[-64.0607,59.3873],[-63.9608,59.3906],[-63.8059,59.3749],[-63.7506,59.3886],[-63.7649,59.3681],[-63.7096,59.3681],[-63.7748,59.2634],[-63.8258,59.2446],[-63.7301,59.2651],[-63.6984,59.3253],[-63.6517,59.3681],[-63.624,59.3539],[-63.5316,59.3477],[-63.5241,59.3231],[-63.5452,59.2583],[-63.6414,59.2242],[-63.629,59.217],[-63.5439,59.2198],[-63.4664,59.2788],[-63.4178,59.291],[-63.3926,59.2925],[-63.3807,59.2788],[-63.4072,59.2563],[-63.449,59.2446],[-63.437,59.2296],[-63.4632,59.1931],[-63.3857,59.2196],[-63.3608,59.1982],[-63.4422,59.1206],[-63.5215,59.1082],[-63.5818,59.0751],[-63.7472,59.0528],[-63.9735,59.079],[-64.038,59.0323],[-64.0399,59.0179],[-63.9694,59.0367],[-63.9464,59.0597],[-63.8946,59.0597],[-63.9166,59.0268],[-63.9067,58.9898],[-63.8823,58.962],[-63.8605,58.9634],[-63.881,59.0181],[-63.8708,59.0332],[-63.8121,59.046],[-63.7438,59.0181],[-63.6619,59.0386],[-63.5358,59.0363],[-63.4606,59.0709],[-63.4208,59.065],[-63.3866,59.102],[-63.3528,59.1044],[-63.2851,59.0938],[-63.2913,59.0733],[-63.1316,59.0623],[-63.1274,59.046],[-63.162,59.03],[-63.3398,59.0323],[-63.2225,59.0051],[-63.3056,58.943],[-63.241,58.9757],[-63.1832,58.9844],[-63.1678,58.9634],[-63.2298,58.943],[-63.1902,58.94],[-63.1616,58.9225],[-63.2367,58.8815],[-63.3261,58.861],[-63.2983,58.852],[-63.1951,58.8591],[-63.1678,58.8815],[-63.1548,58.8741],[-63.1789,58.8284],[-63.1548,58.8263],[-63.1249,58.8468],[-63.1207,58.8741],[-63.0919,58.895],[-63.0145,58.8974],[-62.9897,58.8815],[-63.0524,58.861],[-62.9269,58.8232],[-62.91,58.7969],[-62.9146,58.7512],[-63.0449,58.7102],[-62.9456,58.7027],[-62.8729,58.7156],[-62.8446,58.6852],[-62.8567,58.6556],[-62.9176,58.6314],[-62.9354,58.5966],[-63.0784,58.5591],[-63.1548,58.5246],[-63.1678,58.5048],[-63.3056,58.511],[-63.3269,58.497],[-63.3686,58.4977],[-63.4422,58.5246],[-63.4488,58.5045],[-63.4714,58.4903],[-63.5241,58.4775],[-63.3749,58.4905],[-63.3419,58.4788],[-63.3398,58.4632],[-63.4208,58.3996],[-63.5348,58.3527],[-63.593,58.3055],[-63.5465,58.3119],[-63.4217,58.3676],[-63.264,58.47],[-63.1441,58.4784],[-63.0858,58.4564],[-63.1571,58.395],[-63.1616,58.3676],[-63.0633,58.4516],[-63.0097,58.4287],[-62.9377,58.4682],[-62.8236,58.4711],[-62.7978,58.498],[-62.7843,58.498],[-62.786,58.4589],[-62.7437,58.4963],[-62.5786,58.5042],[-62.5583,58.4775],[-62.6068,58.4564],[-62.5992,58.4427],[-62.6539,58.4148],[-62.6194,58.3708],[-62.6334,58.3602],[-62.6234,58.3093],[-62.7212,58.2732],[-62.8555,58.2687],[-62.9076,58.2143],[-62.8881,58.2028],[-62.863,58.2373],[-62.8217,58.2571],[-62.6972,58.2532],[-62.6676,58.2715],[-62.6004,58.2546],[-62.5833,58.2352],[-62.5788,58.223],[-62.6146,58.2138],[-62.6352,58.1868],[-62.6614,58.1758],[-62.8175,58.1791],[-63.0791,58.1553],[-63.0108,58.1411],[-63.0345,58.1182],[-63.2094,58.0622],[-63.1343,58.066],[-63.1681,58.028],[-63.2862,58.0078],[-63.3398,57.984],[-63.1195,58.0049],[-63.0994,58.0213],[-63.0924,58.0581],[-62.9714,58.0964],[-62.9644,58.1151],[-62.9262,58.1329],[-62.8326,58.1479],[-62.8531,58.1348],[-62.8408,58.1235],[-62.7712,58.1348],[-62.7496,58.1254],[-62.7142,58.1446],[-62.6512,58.1238],[-62.5812,58.1653],[-62.5657,58.1621],[-62.5521,58.1293],[-62.5105,58.1758],[-62.4621,58.182],[-62.451,58.1678],[-62.5294,58.1032],[-62.5098,58.0749],[-62.5173,58.0585],[-62.4963,58.0599],[-62.4901,58.0932],[-62.4661,58.1077],[-62.3767,58.1129],[-62.3713,58.0963],[-62.4286,58.0864],[-62.387,58.0721],[-62.3912,58.052],[-62.3446,58.0715],[-62.3269,58.0646],[-62.305,58.0312],[-62.387,57.9977],[-62.5345,58.0057],[-62.675,57.9356],[-62.562,57.9697],[-62.4866,57.9765],[-62.4211,57.9636],[-62.4296,57.949],[-62.4208,57.8707],[-62.3923,57.8837],[-62.3773,57.9498],[-62.3392,57.984],[-62.3249,57.9457],[-62.346,57.9151],[-62.3241,57.909],[-62.2777,57.9567],[-62.233,57.9393],[-62.2089,57.9083],[-62.1952,57.9431],[-62.1409,57.9783],[-62.0815,57.947],[-62.0657,57.8989],[-62.1405,57.8332],[-62.1195,57.8189],[-62.1187,57.7975],[-62.0072,57.7814],[-61.9501,57.7092],[-61.9686,57.6885],[-61.8942,57.6718],[-61.8867,57.6376],[-61.8981,57.6217],[-62.0768,57.5822],[-62.0723,57.5521],[-62.0897,57.5408],[-62.1642,57.5316],[-62.2437,57.545],[-62.2703,57.5384],[-62.3287,57.4661],[-62.3489,57.4577],[-62.5447,57.5111],[-62.5337,57.496],[-62.3771,57.4285],[-62.315,57.4285],[-62.1594,57.4691],[-62.0313,57.4564],[-61.9004,57.4155],[-61.8048,57.3671],[-61.8235,57.3584],[-61.9276,57.3671],[-61.8715,57.3428],[-61.8805,57.2777],[-61.9451,57.2571],[-62.0239,57.2571],[-62.0116,57.243],[-61.883,57.21],[-61.8651,57.1706],[-61.7853,57.1963],[-61.7761,57.1911],[-61.7843,57.1548],[-61.6492,57.2331],[-61.6198,57.2299],[-61.6986,57.1716],[-61.6964,57.1579],[-61.4718,57.1561],[-61.3819,57.1211],[-61.3591,57.0896],[-61.3796,57.0552],[-61.3523,57.0238],[-61.3707,57.0024],[-61.3448,56.9897],[-61.3448,56.9555],[-61.3932,56.9897],[-61.5018,56.9789],[-61.5373,56.963],[-61.5751,56.9145],[-61.6434,56.8835],[-61.6471,56.8258],[-61.6642,56.8089],[-61.7086,56.8135],[-61.8092,56.7885],[-61.8942,56.8054],[-61.9047,56.7938],[-61.8867,56.7501],[-61.9015,56.7238],[-61.8867,56.7023],[-61.8647,56.7413],[-61.8185,56.7569],[-61.7508,56.7517],[-61.6949,56.7296],[-61.7319,56.7038],[-61.8199,56.709],[-61.7905,56.6812],[-61.7706,56.6879],[-61.6716,56.6555],[-61.6584,56.6422],[-61.6627,56.6282],[-61.6881,56.6203],[-61.9023,56.6432],[-61.9276,56.6539],[-61.8968,56.6685],[-61.9051,56.6784],[-61.9844,56.6644],[-62.5031,56.7849],[-62.479,56.7983],[-62.2741,56.8278],[-62.2282,56.8175],[-62.0444,56.8258],[-62.0887,56.8413],[-62.3389,56.8463],[-62.4006,56.832],[-62.4938,56.8546],[-62.5447,56.8395],[-62.5856,56.7978],[-62.0999,56.6508],[-61.9141,56.6265],[-61.9402,56.6162],[-62.243,56.6203],[-62.001,56.5876],[-61.8697,56.593],[-61.7696,56.5645],[-61.712,56.5754],[-61.6527,56.5317],[-61.6676,56.5033],[-61.7566,56.4858],[-62.0368,56.508],[-62.0859,56.4832],[-61.97,56.4873],[-61.9481,56.4656],[-62.0101,56.4529],[-62.1474,56.4553],[-62.081,56.4296],[-61.9754,56.4219],[-61.9531,56.4422],[-61.9038,56.4143],[-61.814,56.4034],[-61.7905,56.3938],[-61.8458,56.387],[-61.7768,56.3597],[-61.7564,56.3392],[-61.7154,56.3454],[-61.7433,56.3323],[-61.72,56.3242],[-61.6396,56.3255],[-61.6056,56.3068],[-61.5971,56.2944],[-61.6055,56.2839],[-61.7963,56.3132],[-61.8179,56.3044],[-61.6608,56.2709],[-61.7965,56.2568],[-61.8315,56.2709],[-61.7676,56.2726],[-61.7564,56.2839],[-61.8275,56.2973],[-61.9656,56.2866],[-62.0179,56.3089],[-62.0785,56.2982],[-62.004,56.2573],[-62.0162,56.2485],[-62.0089,56.2405],[-61.9353,56.2174],[-61.8822,56.2344],[-61.8352,56.2225],[-61.7632,56.2293],[-61.7768,56.2088],[-61.5992,56.2236],[-61.547,56.2004],[-61.3728,56.2288],[-61.3448,56.2225],[-61.3523,56.2058],[-61.3352,56.1781],[-61.3915,56.1694],[-61.4094,56.1323],[-61.3485,56.1474],[-61.3396,56.1383],[-61.3523,56.1195],[-61.3386,56.111],[-61.426,56.082],[-61.4553,56.0581],[-61.4004,56.0505],[-61.32,56.0672],[-61.235,56.0438],[-61.3256,56.0375],[-61.2704,56.0245],[-61.4681,56.0297],[-61.5031,56.0102],[-61.383,55.9966],[-61.3799,55.9792],[-61.3932,55.9767],[-61.4621,56.0028],[-61.4471,55.9806],[-61.4027,55.9599],[-61.2629,55.9693],[-61.2015,55.9482],[-61.1766,55.9761],[-61.139,55.9722],[-61.0712,55.9283],[-61.0785,55.8929],[-61.1733,55.8986],[-61.194,55.8929],[-61.1933,55.8796],[-61.0985,55.8483],[-60.9339,55.8699],[-60.7816,55.8597],[-60.7468,55.8502],[-60.7285,55.8253],[-60.736,55.8],[-60.8179,55.7564],[-60.9687,55.7495],[-60.9439,55.7298],[-60.8623,55.7427],[-60.749,55.7365],[-60.6964,55.7698],[-60.654,55.8253],[-60.602,55.8196],[-60.6261,55.783],[-60.6072,55.7547],[-60.6124,55.7154],[-60.5914,55.7086],[-60.6562,55.6764],[-60.6313,55.6404],[-60.6851,55.5786],[-60.6813,55.5646],[-60.6022,55.6279],[-60.5079,55.804],[-60.4896,55.8105],[-60.4237,55.7768],[-60.3995,55.7905],[-60.3722,55.77],[-60.3347,55.782],[-60.3313,55.7601],[-60.3859,55.7228],[-60.3722,55.7154],[-60.3859,55.7011],[-60.3751,55.6855],[-60.4935,55.6601],[-60.5254,55.6168],[-60.5305,55.5919],[-60.4712,55.6302],[-60.4343,55.6345],[-60.3995,55.613],[-60.3944,55.5851],[-60.4547,55.5031],[-60.4286,55.5108],[-60.3409,55.5827],[-60.3192,55.5761],[-60.3339,55.5399],[-60.304,55.5305],[-60.3108,55.5093],[-60.3433,55.516],[-60.3865,55.4749],[-60.4547,55.4479],[-60.444,55.4022],[-60.4821,55.3523],[-60.4415,55.3685],[-60.4132,55.4001],[-60.4285,55.4153],[-60.4189,55.4277],[-60.3277,55.4948],[-60.304,55.4894],[-60.3654,55.4349],[-60.343,55.4376],[-60.3313,55.4553],[-60.3062,55.4366],[-60.2838,55.4406],[-60.2903,55.4792],[-60.2794,55.5012],[-60.254,55.505],[-60.2016,55.4894],[-60.2146,55.441],[-60.1941,55.4274],[-60.2685,55.4215],[-60.3624,55.3904],[-60.4132,55.3113],[-60.3915,55.3051],[-60.404,55.2922],[-60.4281,55.2828],[-60.4678,55.2971],[-60.5026,55.2704],[-60.5367,55.2049],[-60.6124,55.1679],[-60.4921,55.2263],[-60.4582,55.2356],[-60.433,55.2208],[-60.3966,55.2587],[-60.3553,55.2591],[-60.4678,55.1884],[-60.5162,55.1195],[-60.6739,55.0506],[-60.6614,55.0376],[-60.6876,54.9954],[-60.6124,55.0364],[-60.5572,55.0854],[-60.4753,55.1127],[-60.4571,55.1549],[-60.4269,55.1679],[-60.3722,55.1679],[-60.269,55.243],[-60.2289,55.2561],[-60.212,55.2478],[-60.154,55.2902],[-60.1395,55.284],[-60.1941,55.1946],[-60.1341,55.2356],[-60.0228,55.2766],[-60.0705,55.2356],[-60.0911,55.1884],[-60.1759,55.124],[-60.1879,55.0991],[-60.2169,55.1056],[-60.2523,55.0865],[-60.2971,55.0234],[-60.0985,55.1401],[-60.0404,55.2186],[-60.0162,55.2269],[-60.0228,55.2356],[-59.913,55.2424],[-59.9183,55.2629],[-59.885,55.2735],[-59.847,55.3099],[-59.7764,55.3319],[-59.7574,55.299],[-59.7621,55.284],[-59.7484,55.2766],[-59.7348,55.2922],[-59.7202,55.2742],[-59.7164,55.2523],[-59.7354,55.2561],[-59.7558,55.2219],[-59.7368,55.217],[-59.7354,55.2015],[-59.7621,55.2015],[-59.8188,55.1696],[-59.8912,55.1523],[-59.9745,55.156],[-59.964,55.1171],[-59.9203,55.1468],[-59.8861,55.1389],[-59.8661,55.1478],[-59.8657,55.1195],[-59.8,55.1127],[-59.7357,55.1506],[-59.6434,55.1335],[-59.5384,55.1772],[-59.5306,55.2141],[-59.4952,55.1946],[-59.4952,55.1401],[-59.4401,55.1518],[-59.43,55.142],[-59.5246,55.0585],[-59.5641,55.0506],[-59.6392,54.9954],[-59.6597,55.0029],[-59.7354,54.9681],[-59.7181,54.9555],[-59.732,54.9372],[-59.8501,54.8746],[-59.8528,54.8447],[-59.8353,54.8544],[-59.8201,54.8408],[-59.8578,54.7899],[-59.9477,54.7564],[-59.922,54.7432],[-59.792,54.7868],[-59.8031,54.8145],[-59.7934,54.876],[-59.7496,54.904],[-59.6256,54.9482],[-59.4476,55.062],[-59.4136,55.0576],[-59.4132,55.0302],[-59.2687,55.2083],[-59.2161,55.2182],[-59.2072,55.2083],[-59.2239,55.1927],[-59.2215,55.1679],[-59.1598,55.2387],[-59.1253,55.1946],[-59.1426,55.1547],[-59.2279,55.1141],[-59.2624,55.0922],[-59.2829,55.0581],[-59.3862,55.0046],[-59.3928,54.9892],[-59.3826,54.978],[-59.3276,55.0165],[-59.2633,55.0303],[-59.2352,55.0506],[-59.2408,55.0719],[-59.2254,55.0841],[-59.1805,55.0991],[-59.1543,55.0743],[-59.1451,55.0806],[-59.1526,55.0991],[-59.1279,55.1273],[-59.0989,55.1151],[-59.1048,55.0786],[-59.0735,55.1084],[-59.0641,55.148],[-59.0274,55.162],[-59.008,55.1537],[-58.9949,55.1195],[-58.9639,55.1401],[-58.9543,55.1311],[-58.9744,55.0786],[-59.0448,54.9988],[-58.9878,55.0195],[-58.9725,54.996],[-58.8925,54.9544],[-58.9669,54.9277],[-59.0155,54.893],[-58.9608,54.893],[-58.9403,54.8998],[-58.9335,54.9203],[-58.9057,54.9225],[-58.8841,54.8978],[-58.9056,54.893],[-58.9138,54.8482],[-58.8341,54.8427],[-58.7984,54.8578],[-58.7648,54.8426],[-58.7513,54.8029],[-58.7318,54.8425],[-58.713,54.8498],[-58.6815,54.8185],[-58.6522,54.8098],[-58.5157,54.8037],[-58.5629,54.7695],[-58.5052,54.7838],[-58.4394,54.7769],[-58.4442,54.7607],[-58.4224,54.7441],[-58.387,54.7474],[-58.3984,54.79],[-58.3863,54.7952],[-58.2035,54.7974],[-58.1853,54.7859],[-58.1991,54.7777],[-58.1901,54.7641],[-58.1595,54.7422],[-58.0235,54.7427],[-57.9922,54.7168],[-57.9429,54.7422],[-57.8648,54.7449],[-57.7821,54.68],[-57.7297,54.6901],[-57.7207,54.68],[-57.7279,54.6633],[-57.6859,54.6379],[-57.5803,54.6396],[-57.5558,54.6596],[-57.4864,54.6588],[-57.4498,54.6494],[-57.4463,54.6261],[-57.4122,54.6192],[-57.4178,54.5977],[-57.3504,54.5894],[-57.3532,54.5668],[-57.432,54.5572],[-57.3832,54.5414],[-57.3755,54.5267],[-57.4116,54.4913],[-57.6598,54.4886],[-57.707,54.4753],[-57.6866,54.4656],[-57.419,54.461],[-57.4367,54.4493],[-57.4622,54.463],[-57.5308,54.4536],[-57.5419,54.4473],[-57.5192,54.4346],[-57.5311,54.4248],[-57.6339,54.3834],[-57.6783,54.3774],[-57.7958,54.3921],[-57.8471,54.3793],[-57.8791,54.3934],[-58.1861,54.3586],[-58.1876,54.3445],[-58.2613,54.3102],[-58.0974,54.3319],[-58.1794,54.2972],[-58.2476,54.2903],[-58.2272,54.263],[-58.2363,54.2562],[-58.4681,54.2336],[-58.7274,54.1457],[-58.8787,54.1473],[-59.3983,54.0494],[-59.5157,54.0638],[-59.5797,54.0504],[-59.5914,54.0439],[-59.5245,54.0264],[-59.5225,54.0054],[-59.5108,54.0012],[-59.4412,54.016],[-59.3028,54.0184],[-58.9642,54.0743],[-58.769,54.1252],[-58.6981,54.1244],[-58.5431,54.1941],[-58.456,54.2007],[-58.3949,54.2366],[-58.3712,54.2282],[-58.6263,54.0443],[-58.7054,54.0327],[-58.8584,54.0501],[-59.0427,54.0302],[-58.9198,54.016],[-58.9745,53.9715],[-59.0117,53.9576],[-59.2165,53.9307],[-59.4745,53.8281],[-59.6392,53.8242],[-59.7913,53.848],[-59.844,53.8447],[-59.8788,53.8242],[-59.814,53.8139],[-59.8072,53.7984],[-59.9,53.7955],[-60.0637,53.7621],[-60.1327,53.7831],[-60.078,53.7374],[-60.0166,53.7081],[-60.0941,53.7004],[-60.1122,53.6178],[-60.071,53.5665],[-60.0741,53.5546],[-60.1361,53.5294],[-60.1466,53.5543],[-60.2299,53.5749],[-60.3387,53.6256],[-60.3885,53.6679],[-60.5026,53.7081],[-60.6913,53.7385],[-60.8017,53.7723],[-60.8213,53.7797],[-60.8594,53.8351],[-60.8793,53.831],[-60.8614,53.7958],[-60.883,53.7587],[-60.9343,53.7283],[-60.9203,53.7143],[-60.8353,53.728],[-60.6367,53.7038],[-60.4412,53.6461],[-60.2757,53.562],[-60.1815,53.541],[-60.1016,53.502],[-60.0637,53.5089],[-60.0498,53.4978],[-60.0371,53.4399],[-60.0812,53.4597],[-60.1327,53.461],[-60.3452,53.3824],[-60.3654,53.3518],[-60.4059,53.366],[-60.4098,53.3481],[-60.3817,53.337],[-60.2047,53.3546],[-60.1879,53.3518],[-60.1813,53.3364],[-60.276,53.2966],[-60.4206,53.2686],[-60.3021,53.2718],[-60.17,53.3055],[-60.129,53.2755],[-60.1033,53.2831],[-60.0911,53.3062],[-60.1531,53.3239],[-60.029,53.3581],[-59.8993,53.461],[-59.8749,53.4466],[-59.884,53.4822],[-59.8731,53.4877],[-59.8094,53.4744],[-59.7838,53.4815],[-59.8607,53.4997],[-59.8912,53.5306],[-59.8795,53.5382],[-59.7548,53.524],[-59.6072,53.5338],[-59.5111,53.5554],[-59.4542,53.5982],[-59.3893,53.6269],[-59.3678,53.6524],[-59.33,53.6572],[-59.317,53.687],[-59.2952,53.6874],[-59.2694,53.6654],[-59.2184,53.6932],[-59.1768,53.6727],[-59.0768,53.687],[-59.067,53.7211],[-59.0222,53.7143],[-59.008,53.7491],[-59.0502,53.7552],[-59.0489,53.7818],[-59.0707,53.7963],[-58.8802,53.8973],[-58.8407,53.9471],[-58.6579,53.9728],[-58.527,54.0151],[-58.2891,54.0666],[-58.2203,54.0638],[-58.1281,54.0979],[-57.7958,54.0712],[-57.7956,54.0836],[-57.8514,54.1019],[-57.951,54.1013],[-58.0378,54.1295],[-58.1506,54.1406],[-58.2258,54.1284],[-58.2923,54.092],[-58.3218,54.0928],[-58.4155,54.1404],[-58.391,54.1843],[-58.3561,54.2096],[-58.2523,54.2092],[-58.2285,54.2357],[-58.1989,54.2402],[-58.0974,54.2282],[-58.0116,54.2397],[-57.9689,54.2201],[-57.8777,54.2145],[-57.8617,54.203],[-57.7678,54.2145],[-57.7821,54.2077],[-57.7703,54.1973],[-57.6034,54.1873],[-57.617,54.1668],[-57.5488,54.187],[-57.5289,54.1737],[-57.4662,54.2003],[-57.3905,54.154],[-57.3985,54.1326],[-57.3569,54.1395],[-57.3654,54.1085],[-57.3427,54.0673],[-57.262,53.978],[-57.234,53.9614],[-57.158,53.9511],[-57.1446,53.934],[-57.2008,53.9398],[-57.2169,53.9303],[-57.2213,53.8959],[-57.1999,53.8719],[-57.0758,53.8242],[-57.1378,53.8242],[-57.108,53.8041],[-57.1069,53.7943],[-57.1501,53.7845],[-57.1553,53.772],[-57.1241,53.7416],[-57.2555,53.7088],[-57.3364,53.6727],[-57.4571,53.6486],[-57.5177,53.6258],[-57.5494,53.5908],[-57.4463,53.6256],[-57.442,53.6107],[-57.4537,53.5982],[-57.377,53.6072],[-57.3178,53.5852],[-57.3439,53.5436],[-57.3061,53.5345],[-57.3092,53.4952],[-57.3774,53.4337],[-57.3331,53.4474],[-57.2812,53.4399],[-57.2919,53.4693],[-57.1354,53.5504],[-57.1469,53.5714],[-57.1658,53.5629],[-57.1304,53.5877],[-57.1331,53.621],[-57.0746,53.6369],[-57.0607,53.6499],[-57.069,53.6665],[-56.9835,53.7275],[-56.946,53.7354],[-56.8859,53.7201],[-56.8151,53.7334],[-56.7952,53.7211],[-56.7843,53.7337],[-56.7452,53.7333],[-56.7543,53.7491],[-56.7154,53.7523],[-56.6433,53.7192],[-56.596,53.7143],[-56.6313,53.7416],[-56.6103,53.7491],[-56.6177,53.7695],[-56.5949,53.7566],[-56.4799,53.79],[-56.4365,53.7675],[-56.4241,53.7534],[-56.4396,53.7416],[-56.4116,53.728],[-56.5441,53.7121],[-56.6062,53.6787],[-56.7269,53.687],[-56.5973,53.6456],[-56.4311,53.6174],[-56.3486,53.6364],[-56.2602,53.6044],[-56.3502,53.5982],[-56.3304,53.5908],[-56.2502,53.5846],[-56.1584,53.5982],[-56.1341,53.5864],[-56.0362,53.5804],[-55.9796,53.5498],[-55.9939,53.5294],[-55.9864,53.5225],[-56.0155,53.504],[-56.0274,53.5089],[-56.0212,53.5225],[-56.0529,53.5246],[-56.0622,53.5294],[-56.0411,53.5362],[-56.0697,53.5458],[-56.1975,53.5603],[-56.2635,53.5537],[-56.2403,53.5362],[-56.0528,53.4785],[-56.0307,53.4612],[-56.0349,53.4337],[-55.9659,53.4127],[-56.0411,53.3716],[-56.0143,53.3659],[-55.9247,53.4016],[-55.8568,53.3716],[-55.8902,53.3518],[-55.8165,53.3404],[-55.8077,53.3333],[-55.9114,53.3096],[-55.8192,53.2997],[-55.8082,53.2794],[-55.8636,53.2482],[-55.8108,53.2338],[-55.7731,53.2593],[-55.7455,53.2556],[-55.7947,53.2058],[-55.8431,53.2147],[-55.8109,53.1838],[-55.7608,53.1735],[-55.7742,53.1662],[-55.7469,53.1457],[-55.8288,53.0974],[-55.9455,53.1185],[-55.9022,53.1024],[-55.8772,53.0769],[-55.8865,53.0534],[-55.9314,53.0258],[-56.0587,53.0427],[-56.1652,53.0284],[-56.082,53.0222],[-56.1049,52.9968],[-56.1373,52.9875],[-56.1095,52.9708],[-56.0511,53.0043],[-55.9042,52.9835],[-55.884,52.9601],[-55.9114,52.954],[-55.8348,52.9236],[-55.8431,52.8994],[-55.8129,52.877],[-55.8021,52.8407],[-55.8977,52.8168],[-55.9784,52.8133],[-56.0001,52.7957],[-55.925,52.7957],[-55.9752,52.7779],[-56.1625,52.818],[-56.1368,52.7869],[-56.0378,52.7549],[-56.0212,52.7342],[-56.0274,52.7213],[-56.0052,52.7202],[-55.9659,52.6871],[-55.7776,52.6811],[-55.759,52.6562],[-55.7394,52.6523],[-55.7804,52.6318],[-55.7537,52.625],[-55.8021,52.5977],[-55.8173,52.6135],[-55.884,52.6114],[-55.9403,52.6398],[-56.0972,52.6622],[-56.1243,52.6455],[-56.017,52.6415],[-55.9781,52.6177],[-56.0485,52.5772],[-56.0115,52.5764],[-55.9864,52.5567],[-56.1171,52.5704],[-56.2182,52.5403],[-56.2985,52.5726],[-56.4273,52.5804],[-56.4538,52.595],[-56.5004,52.5977],[-56.4501,52.5743],[-56.3526,52.5688],[-56.2667,52.5386],[-56.0406,52.5454],[-56.0004,52.5151],[-55.9114,52.5077],[-55.8288,52.522],[-55.8431,52.4946],[-55.7406,52.4929],[-55.7586,52.4495],[-55.6476,52.4432],[-55.6627,52.4039],[-55.6449,52.3929],[-55.6539,52.3651],[-55.6859,52.3604],[-55.7442,52.3873],[-55.8083,52.3854],[-55.7673,52.3507],[-55.7836,52.3387],[-56.1987,52.4468],[-56.1651,52.4166],[-56.1168,52.399],[-56.0254,52.3919],[-55.9625,52.3677],[-55.9438,52.3464],[-55.8226,52.3302],[-55.8568,52.3035],[-55.8201,52.3082],[-55.8083,52.3035],[-55.8158,52.296],[-55.7804,52.296],[-55.7673,52.2818],[-55.7093,52.296],[-55.7301,52.2724],[-55.774,52.2622],[-55.7947,52.2408],[-55.7059,52.2551],[-55.6165,52.2203],[-55.7414,52.2123],[-55.7512,52.2248],[-55.7726,52.2143],[-55.7804,52.2067],[-55.6923,52.1861],[-55.7066,52.146],[-55.6848,52.1117],[-55.7121,52.0906],[-55.8021,52.0837],[-55.7611,52.0565],[-55.8101,52.0225],[-55.8874,52.0069],[-55.9659,52.0217],[-55.8977,51.9704],[-55.903,51.9495],[-55.9342,51.9252],[-56.1168,51.864],[-56.2329,51.7873],[-56.3502,51.7787],[-56.3753,51.7484],[-56.4116,51.7337],[-56.4527,51.7429],[-56.4757,51.7058],[-56.579,51.6574],[-56.6825,51.6481],[-56.7076,51.5794],[-56.7606,51.5621],[-56.7773,51.5375],[-56.8105,51.5268],[-56.8021,51.5146],[-56.8253,51.49],[-56.8597,51.4757],[-56.8961,51.4772],[-56.9255,51.5009],[-56.9529,51.4736],[-56.9409,51.4466],[-56.9665,51.4252],[-57.1003,51.419],[-57.101,52.0001],[-63.7387,51.9998],[-63.7744,52.0136],[-63.8196,52.0681],[-63.7882,52.0714],[-63.6704,52.0357],[-63.6441,52.037],[-63.6401,52.0506],[-63.6718,52.0978],[-63.7144,52.2286],[-63.7832,52.2912],[-63.7852,52.3023],[-63.7495,52.3224],[-63.7734,52.3351],[-63.8897,52.3338],[-63.9727,52.3536],[-64.0291,52.3978],[-64.0812,52.4734],[-63.9955,52.5579],[-63.8759,52.6084],[-63.5022,52.6468],[-63.4136,52.639],[-63.3791,52.6512],[-63.3842,52.6732],[-63.4389,52.7159],[-63.5958,52.7709],[-63.612,52.8612],[-63.7187,52.7787],[-64.1073,52.7202],[-64.1245,52.6961],[-64.1658,52.6755],[-64.1623,52.5964],[-64.1899,52.5723],[-64.1417,52.4898],[-64.1279,52.3866],[-64.1658,52.3212],[-64.207,52.304],[-64.2208,52.2662],[-64.2105,52.2215],[-64.1555,52.1321],[-64.1727,52.1149],[-64.2105,52.1286],[-64.2518,52.1149],[-64.2724,52.0392],[-64.2346,51.9807],[-64.2758,51.967],[-64.3377,52.0117],[-64.3618,51.967],[-64.3343,51.8191],[-64.293,51.7847],[-64.2793,51.74],[-64.3446,51.6677],[-64.4065,51.654],[-64.5304,51.5921],[-64.5785,51.6127],[-64.6886,51.7228],[-64.7711,51.764],[-64.8571,51.7744],[-64.919,51.7606],[-64.9224,51.7297],[-64.9568,51.7228],[-65.0325,51.7606],[-65.0806,51.7503],[-65.1838,51.7744],[-65.1838,51.8225],[-65.2217,51.826],[-65.2767,51.8672],[-65.318,51.8535],[-65.3386,51.8191],[-65.3936,51.8982],[-65.3592,51.9498],[-65.3764,51.9842],[-65.4143,51.9842],[-65.459,52.0254],[-65.5003,52.0977],[-65.5518,52.0323],[-65.6138,52.0323],[-65.6619,51.9876],[-65.6825,52.0254],[-65.655,52.108],[-65.7307,52.0873],[-65.8236,52.108],[-65.9027,52.0805],[-65.9405,52.0942],[-65.9921,52.0598],[-66.0265,52.0805],[-66.0884,52.0908],[-66.0781,52.1699],[-66.1228,52.2008],[-66.195,52.2215],[-66.2569,52.2971],[-66.2844,52.3075],[-66.3016,52.2868],[-66.2638,52.1561],[-66.3016,52.1321],[-66.3739,52.1424],[-66.4082,52.218],[-66.4323,52.2284],[-66.4564,52.2662],[-66.4805,52.335],[-66.4358,52.3763],[-66.3498,52.3591],[-66.3635,52.4416],[-66.3842,52.4691],[-66.3739,52.5413],[-66.4082,52.5895],[-66.4048,52.648],[-66.3739,52.6686],[-66.3119,52.6101],[-66.2879,52.6101],[-66.3326,52.7374],[-66.4014,52.844],[-66.391,52.8715],[-66.3119,52.844],[-66.2879,52.8474],[-66.2913,52.9025],[-66.3154,52.9369],[-66.3635,53.0022],[-66.4254,53.0366],[-66.4564,53.0297],[-66.4633,52.9953],[-66.508,52.9575],[-66.5493,52.9403],[-66.6249,52.9369],[-66.6456,52.8887],[-66.6559,52.7959],[-66.7075,52.7718],[-66.7694,52.7649],[-66.7591,52.7064],[-66.7694,52.6789],[-66.7935,52.6789],[-66.8141,52.6927],[-66.8244,52.7236],[-66.8519,52.7305],[-66.8657,52.6617],[-66.9482,52.7374],[-67.0411,52.7752],[-67.0617,52.875],[-67.134,52.8578],[-67.1649,52.8199],[-67.3025,52.8681],[-67.3472,52.9162],[-67.3334,52.9437],[-67.3403,52.9781],[-67.3678,53.016],[-67.385,53.1054],[-67.299,53.157],[-67.2406,53.1673],[-67.1683,53.1535],[-67.1202,53.1226],[-67.0514,53.1226],[-67.0583,53.0916],[-67.048,53.0744],[-66.9964,53.0813],[-66.9826,53.1054],[-66.9929,53.1673],[-66.9699,53.1834],[-66.962,53.2946],[-67.0101,53.353],[-66.9861,53.384],[-66.8898,53.4149],[-67.0308,53.5147],[-67.3231,53.5663],[-67.3988,53.6351],[-67.4125,53.6935],[-67.5123,53.7314],[-67.5295,53.7589],[-67.5742,53.7658],[-67.5948,53.783],[-67.5123,53.8139],[-67.5226,53.838],[-67.5948,53.8586],[-67.6155,53.924],[-67.7462,53.9824],[-67.8081,54.034],[-67.7737,54.1269],[-67.7427,54.1544],[-67.7049,54.1544],[-67.6395,54.1888],[-67.6395,54.2301],[-67.6739,54.2645],[-67.6911,54.3057],[-67.7462,54.3436],[-67.7496,54.4261],[-67.6327,54.4846],[-67.6051,54.4708],[-67.5088,54.488],[-67.4951,54.5396],[-67.5157,54.574],[-67.4985,54.5946],[-67.4263,54.5706],[-67.3403,54.5121],[-67.2681,54.4846],[-67.2337,54.5155],[-67.2612,54.5706],[-67.1924,54.6118],[-67.1546,54.6153],[-67.0858,54.6806],[-67.0858,54.7322],[-67.2646,54.8354],[-67.4229,54.9971],[-67.4435,55.0507],[-67.4081,55.0806],[-67.3564,55.0883],[-67.2741,55.066],[-67.2719,55.0552],[-67.3094,55.0157],[-67.1967,54.9746],[-67.1069,54.9217],[-67.0252,54.896],[-66.9933,54.837],[-66.9362,54.7991],[-66.785,54.7458],[-66.737,54.7339],[-66.7013,54.7402],[-66.7211,54.7755],[-66.6425,54.7812],[-66.6071,54.8039],[-66.6384,54.8517],[-66.7288,54.9387],[-66.7282,54.9599],[-66.6608,54.9842],[-66.7623,55.1042],[-66.7431,55.1716],[-66.6887,55.2017],[-66.8372,55.3172],[-66.832,55.3347],[-66.7704,55.3388],[-66.6996,55.3071],[-66.6768,55.2578],[-66.588,55.2554],[-66.5589,55.2404],[-66.4933,55.1715],[-66.422,55.1373],[-66.2543,54.9981],[-66.1341,54.9655],[-66.0399,54.911],[-65.9711,54.9278],[-65.856,54.9075],[-65.8467,54.8562],[-65.8191,54.8163],[-65.6806,54.7148],[-65.6256,54.7492],[-65.5455,54.7255],[-65.4799,54.7309],[-65.4453,54.7455],[-65.4453,54.7801],[-65.4817,54.8166],[-65.4726,54.8421],[-65.3997,54.8239],[-65.3177,54.8366],[-65.2959,54.8257],[-65.2212,54.8512],[-65.1629,54.9295],[-65.1028,54.9568],[-64.9406,54.9295],[-64.8714,54.8894],[-64.8477,54.8494],[-64.7821,54.8348],[-64.7585,54.8166],[-64.7767,54.7674],[-64.7676,54.7382],[-64.5763,54.7273],[-64.4579,54.7947],[-64.3923,54.7892],[-64.181,54.7109],[-64.1135,54.6308],[-64.0516,54.6071],[-63.8986,54.6016],[-63.8585,54.6289],[-63.802,54.6417],[-63.7401,54.6235],[-63.7292,54.6471],[-63.7893,54.7109],[-63.8713,54.7473],[-63.904,54.782],[-63.8239,54.8293],[-63.8458,54.8803],[-63.8148,54.9405],[-63.7729,54.9423],[-63.6599,54.9022],[-63.6053,54.9022],[-63.5943,54.9186],[-63.5962,54.9605],[-63.5761,54.9787],[-63.5852,55.0498],[-63.6016,55.0716],[-63.5889,55.1208],[-63.5488,55.1846],[-63.4541,55.2046],[-63.4195,55.2246],[-63.4104,55.252],[-63.5506,55.2265],[-63.6454,55.2447],[-63.6599,55.2702],[-63.6454,55.2866],[-63.5415,55.3084],[-63.5361,55.323],[-63.5761,55.3267],[-63.578,55.3394],[-63.3429,55.3613],[-63.3302,55.3886],[-63.3375,55.4123],[-63.3903,55.405],[-63.5105,55.4232],[-63.6417,55.425],[-63.7383,55.4396],[-63.7674,55.4615],[-63.7692,55.4833],[-63.6854,55.5198],[-63.669,55.6236],[-63.6818,55.6509],[-63.7492,55.6546],[-63.6927,55.753],[-63.6964,55.7766],[-63.7619,55.793],[-63.7674,55.8295],[-63.8257,55.8695],[-63.8421,55.8932],[-63.8403,55.9133],[-63.7893,55.9315],[-63.691,55.9412],[-63.575,55.9917],[-63.4847,55.9994],[-63.4449,56.0228],[-63.4613,56.0308],[-63.6075,56.0184],[-63.7032,56.0473],[-63.8043,56.0432],[-63.8341,56.0534],[-63.8439,56.0723],[-63.8779,56.0786],[-63.8414,56.112],[-63.8618,56.1233],[-64.0103,56.0698],[-64.0217,56.0898],[-64.0109,56.1556],[-63.9916,56.1712],[-63.8878,56.1942],[-63.8769,56.2173],[-63.9417,56.253],[-64.0911,56.2628],[-64.1366,56.3037],[-64.1147,56.3218],[-64.1081,56.3754],[-64.1697,56.4257],[-64.1454,56.4361],[-63.9615,56.4196],[-63.8771,56.4393],[-63.8746,56.4516],[-63.947,56.4835],[-63.9426,56.5451],[-63.953,56.5577],[-64.015,56.5893],[-64.0369,56.6273],[-64.1061,56.6694],[-64.1257,56.7093],[-64.0836,56.7656],[-63.9929,56.7886],[-64.0108,56.837],[-63.9974,56.8548],[-63.9432,56.8755],[-63.8714,56.8781],[-63.9154,56.9366],[-63.9004,56.975],[-63.8659,56.9918],[-63.8846,57.0195],[-63.876,57.0592],[-63.8503,57.0843],[-63.7952,57.1009],[-63.7809,57.128],[-63.7902,57.1689],[-63.7433,57.2267],[-63.7734,57.2631],[-63.8205,57.2745],[-63.8502,57.1918],[-63.8684,57.2006],[-63.8692,57.2498],[-63.838,57.3253],[-63.7177,57.3705],[-63.7079,57.3852],[-63.7646,57.4626],[-63.7649,57.5644],[-63.7324,57.6032],[-63.6392,57.6391],[-63.5839,57.7081],[-63.6106,57.7395],[-63.6492,57.7312],[-63.6753,57.6737],[-63.6959,57.659],[-63.7695,57.7305],[-63.8175,57.6885],[-63.847,57.7238],[-63.8919,57.7304],[-63.9111,57.7832],[-63.9394,57.801],[-64.0106,57.8137],[-64.0189,57.7781],[-64.0539,57.7679],[-64.0941,57.806],[-64.2144,57.9775],[-64.2214,58.0452],[-64.4276,58.0748],[-64.4286,58.097],[-64.3896,58.1877],[-64.3508,58.2064],[-64.242,58.2198],[-64.2092,58.238],[-64.1564,58.3481],[-64.0508,58.3723],[-63.9794,58.434],[-63.8646,58.4383],[-63.8199,58.4741],[-63.8619,58.5475],[-63.8904,58.5668],[-64.0066,58.528],[-64.0527,58.5332],[-64.078,58.552],[-64.0933,58.5714],[-64.0965,58.6142],[-64.0594,58.669],[-63.8808,58.705],[-63.8002,58.6984],[-63.5741,58.7159],[-63.4978,58.7372],[-63.4837,58.7586],[-63.5718,58.8353],[-63.7604,58.8791],[-63.8419,58.8298],[-63.9822,58.8233],[-64.1263,58.7525],[-64.1571,58.7508],[-64.2615,58.7818],[-64.2698,58.8077],[-64.2586,58.8501],[-64.2782,58.8752],[-64.3104,58.8847],[-64.4713,58.8959],[-64.568,58.8873],[-64.7015,58.9423],[-64.8227,58.9113],[-64.8822,58.9351],[-64.8403,58.9563],[-64.8635,58.9937],[-64.8241,59.0368],[-64.7542,59.0651],[-64.7159,59.0657],[-64.6399,59.025],[-64.4379,58.9829],[-64.3589,58.9854],[-64.2921,59.0073],[-64.3049,59.0344],[-64.3481,59.0662],[-64.4691,59.0884],[-64.4895,59.1057],[-64.4981,59.1657],[-64.534,59.1953],[-64.5075,59.2501],[-64.5365,59.2974],[-64.5053,59.3417],[-64.5372,59.3727],[-64.4859,59.3995],[-64.5034,59.4295],[-64.3557,59.4842],[-64.3494,59.5051],[-64.3762,59.5235],[-64.4535,59.5259],[-64.5792,59.4773],[-64.702,59.4473],[-64.7559,59.4746],[-64.7749,59.4973],[-64.7719,59.5142],[-64.8934,59.5647],[-64.9032,59.6038],[-64.9018,59.6415],[-64.885,59.6638],[-64.7745,59.6992],[-64.8103,59.7719],[-64.8015,59.8054],[-64.8141,59.819],[-64.7477,59.8432],[-64.7677,59.8801],[-64.737,59.8918],[-64.6707,59.8834],[-64.6544,59.9167],[-64.6635,59.9404],[-64.6901,59.9491],[-64.7902,59.9717],[-64.8453,59.9683],[-64.9042,60.0478],[-64.8774,60.0597],[-64.8172,60.0393],[-64.7815,60.0436],[-64.7051,60.0642],[-64.7047,60.0762],[-64.741,60.1014],[-64.6174,60.1065],[-64.5992,60.1178],[-64.636,60.1743],[-64.6696,60.1834],[-64.7489,60.1736],[-64.8096,60.1977],[-64.858,60.2363],[-64.8447,60.2641],[-64.7642,60.2896],[-64.5314,60.3039]]],[[[-52.6288,47.5267],[-52.6166,47.5227],[-52.6285,47.4857],[-52.6906,47.4646],[-52.6566,47.4371],[-52.711,47.3832],[-52.7384,47.3206],[-52.8004,47.307],[-52.7595,47.3001],[-52.8141,47.2734],[-52.8019,47.2588],[-52.8688,47.1015],[-52.9376,47.0878],[-52.8492,47.0698],[-52.8563,47.0559],[-52.8749,47.0599],[-52.8545,47.0264],[-52.8951,46.9956],[-52.8824,46.978],[-52.8985,46.967],[-52.8822,46.9511],[-52.9341,46.8471],[-52.9413,46.7913],[-52.9786,46.7589],[-53.0313,46.736],[-53.0669,46.6656],[-53.1431,46.6291],[-53.1929,46.6276],[-53.2537,46.6832],[-53.266,46.739],[-53.3243,46.694],[-53.3485,46.7173],[-53.3895,46.6838],[-53.3553,46.739],[-53.3894,46.7237],[-53.4488,46.664],[-53.5547,46.6184],[-53.59,46.6262],[-53.6229,46.6558],[-53.6365,46.7114],[-53.6016,46.7642],[-53.6086,46.7971],[-53.6001,46.8126],[-53.5441,46.8785],[-53.4986,46.8868],[-53.4857,46.9029],[-53.5441,46.8858],[-53.6116,46.8143],[-53.6449,46.8012],[-53.5987,46.906],[-53.5211,46.9446],[-53.5192,46.9643],[-53.5544,46.9408],[-53.5677,46.9438],[-53.5677,46.978],[-53.5919,46.95],[-53.6152,46.959],[-53.6001,46.9869],[-53.6434,46.9854],[-53.5781,47.0595],[-53.5706,47.0727],[-53.5819,47.0816],[-53.4987,47.1356],[-53.5243,47.1435],[-53.5192,47.1697],[-53.571,47.1562],[-53.5602,47.2045],[-53.6173,47.1193],[-53.6502,47.1083],[-53.6291,47.1562],[-53.6498,47.1472],[-53.6775,47.0913],[-53.7045,47.0775],[-53.6954,47.0701],[-53.704,47.0611],[-53.7668,47.04],[-53.8185,46.9626],[-53.8693,46.9438],[-53.8829,46.9091],[-53.9342,46.8861],[-53.9478,46.8581],[-53.9922,46.8483],[-54.0504,46.8081],[-54.0986,46.8005],[-54.1885,46.8284],[-54.1976,46.8858],[-54.1854,46.9278],[-54.1505,47.0053],[-54.1004,47.0598],[-54.0104,47.2339],[-53.9318,47.2344],[-53.9891,47.2626],[-53.9962,47.3172],[-53.9614,47.3033],[-53.9223,47.3132],[-53.9239,47.3281],[-53.8767,47.3615],[-53.9143,47.3635],[-53.8929,47.3929],[-53.8079,47.4237],[-53.8488,47.4448],[-53.902,47.4315],[-53.9235,47.4541],[-53.8878,47.5169],[-53.8859,47.5275],[-53.9034,47.5335],[-53.8926,47.5988],[-53.9034,47.616],[-53.9239,47.6092],[-53.9398,47.6349],[-53.9413,47.6741],[-53.9717,47.7427],[-53.9647,47.7569],[-54.0008,47.7711],[-54.0133,47.8072],[-54.0058,47.8209],[-54.0609,47.8004],[-54.0747,47.814],[-54.0611,47.8283],[-54.0815,47.8755],[-54.0983,47.8376],[-54.1251,47.8281],[-54.1641,47.855],[-54.171,47.8755],[-54.2665,47.9035],[-54.2537,47.8878],[-54.1976,47.8693],[-54.1982,47.8333],[-54.2491,47.7301],[-54.2801,47.6979],[-54.3273,47.7101],[-54.3266,47.6476],[-54.411,47.5307],[-54.4584,47.4994],[-54.4447,47.4857],[-54.4385,47.4994],[-54.4037,47.4509],[-54.4521,47.4237],[-54.4443,47.4494],[-54.4657,47.4509],[-54.5061,47.4025],[-54.4726,47.4025],[-54.508,47.3822],[-54.6058,47.3525],[-54.616,47.369],[-54.575,47.3963],[-54.4372,47.5556],[-54.4112,47.6018],[-54.4173,47.6092],[-54.5041,47.5305],[-54.5439,47.468],[-54.6029,47.41],[-54.6644,47.3758],[-54.6774,47.4025],[-54.7121,47.3758],[-54.6986,47.3615],[-54.7109,47.356],[-54.7301,47.3623],[-54.7327,47.3758],[-54.77,47.3665],[-54.7736,47.3832],[-54.822,47.369],[-54.7956,47.3944],[-54.7873,47.4237],[-54.8015,47.423],[-54.8282,47.3758],[-54.8403,47.3974],[-54.822,47.4237],[-54.8379,47.4193],[-54.8661,47.3796],[-54.9244,47.3349],[-54.9289,47.3113],[-54.9892,47.2803],[-55.0275,47.2387],[-55.0406,47.2177],[-55.0132,47.194],[-55.027,47.1726],[-55.0738,47.157],[-55.0718,47.2008],[-55.088,47.2062],[-55.1361,47.1697],[-55.0889,47.1697],[-55.0747,47.081],[-55.1026,47.0816],[-55.0951,47.0599],[-55.1349,47.0476],[-55.1546,47.0126],[-55.1783,47.0264],[-55.1715,47.0673],[-55.1962,47.0696],[-55.2002,46.9805],[-55.2329,46.9575],[-55.2296,46.9362],[-55.2509,46.9188],[-55.3118,46.9029],[-55.3701,46.9091],[-55.359,46.8747],[-55.4178,46.8666],[-55.4525,46.8763],[-55.4733,46.8975],[-55.4657,46.9308],[-55.5242,46.9217],[-55.5278,46.9438],[-55.5513,46.9009],[-55.5759,46.9076],[-55.6495,46.8679],[-55.7289,46.8693],[-55.7394,46.8544],[-55.8513,46.871],[-55.9503,46.9044],[-55.9813,46.932],[-55.98,46.9704],[-55.8699,47.0751],[-55.7611,47.1083],[-55.6848,47.0952],[-55.4872,47.1403],[-55.4617,47.1809],[-55.3013,47.2676],[-55.2875,47.2864],[-55.2875,47.3281],[-55.2646,47.3962],[-55.184,47.4604],[-54.9552,47.5062],[-54.951,47.5292],[-54.8923,47.5363],[-54.8532,47.5601],[-54.8419,47.5881],[-54.8693,47.5718],[-54.8766,47.5812],[-54.8419,47.616],[-54.6986,47.6706],[-54.7736,47.6706],[-54.7668,47.6837],[-54.8933,47.6192],[-55.0885,47.6017],[-54.9525,47.7514],[-54.9381,47.7873],[-55.1026,47.6223],[-55.0949,47.6007],[-55.1086,47.5854],[-55.1312,47.5836],[-55.1504,47.6018],[-55.1299,47.6638],[-55.1948,47.6364],[-55.2327,47.6552],[-55.3224,47.6706],[-55.3624,47.6541],[-55.3769,47.6806],[-55.3497,47.7112],[-55.3634,47.7185],[-55.3558,47.7321],[-55.3906,47.7185],[-55.3769,47.7042],[-55.391,47.6973],[-55.4273,47.7195],[-55.4314,47.6727],[-55.4702,47.6269],[-55.4595,47.616],[-55.4179,47.6336],[-55.3968,47.616],[-55.4315,47.5881],[-55.3906,47.5955],[-55.4185,47.5335],[-55.4023,47.5207],[-55.4071,47.5015],[-55.4378,47.4714],[-55.5209,47.4646],[-55.5985,47.3993],[-55.6005,47.4389],[-55.5892,47.4577],[-55.6643,47.4372],[-55.5892,47.5124],[-55.6384,47.5453],[-55.6513,47.5267],[-55.6234,47.5267],[-55.6643,47.4919],[-55.7127,47.5062],[-55.6985,47.4857],[-55.7742,47.4577],[-55.7613,47.487],[-55.7715,47.5042],[-55.7537,47.5403],[-55.7865,47.5136],[-55.7878,47.4782],[-55.8052,47.4622],[-55.8568,47.4782],[-55.9176,47.4372],[-55.9167,47.4573],[-55.7469,47.5881],[-55.8175,47.5561],[-55.8158,47.5676],[-55.8339,47.5664],[-55.8772,47.5335],[-55.8939,47.5414],[-55.9489,47.5124],[-56.1058,47.4667],[-56.1619,47.4919],[-56.1694,47.5037],[-56.151,47.5198],[-55.9114,47.5676],[-55.8631,47.5986],[-55.6295,47.6775],[-55.68,47.6784],[-55.8431,47.6223],[-55.9144,47.6592],[-55.9176,47.6837],[-55.9036,47.6997],[-55.8288,47.739],[-55.8431,47.7526],[-55.8021,47.801],[-55.8248,47.8204],[-55.8166,47.8397],[-55.7742,47.8693],[-55.7956,47.8779],[-55.7848,47.895],[-55.7394,47.9239],[-55.7804,47.9581],[-55.774,47.9328],[-55.8288,47.8966],[-55.817,47.8887],[-55.86,47.7912],[-55.9902,47.7515],[-56.0593,47.6995],[-56.1108,47.704],[-56.0963,47.711],[-56.1058,47.7269],[-56.0553,47.7799],[-56.1011,47.7597],[-56.151,47.842],[-56.1324,47.7553],[-56.172,47.7185],[-56.1373,47.6973],[-56.1919,47.6775],[-56.172,47.6706],[-56.1857,47.6564],[-56.1584,47.6427],[-56.1808,47.6307],[-56.1932,47.6301],[-56.2124,47.6557],[-56.235,47.632],[-56.3017,47.6291],[-56.2996,47.6853],[-56.2881,47.6973],[-56.3081,47.7192],[-56.3086,47.7526],[-56.3207,47.7084],[-56.3358,47.7042],[-56.3153,47.6859],[-56.311,47.6612],[-56.3358,47.616],[-56.3898,47.6064],[-56.514,47.6223],[-56.6996,47.6223],[-56.6376,47.5881],[-56.6761,47.5773],[-56.7208,47.5947],[-56.7543,47.6365],[-56.7679,47.6223],[-56.7059,47.5676],[-56.7915,47.5301],[-56.8104,47.5395],[-56.8512,47.5317],[-56.8505,47.5539],[-56.8939,47.5475],[-56.9839,47.587],[-57.1466,47.5723],[-57.1689,47.5847],[-57.1446,47.6092],[-57.172,47.6365],[-57.2069,47.5941],[-57.244,47.6018],[-57.3146,47.5837],[-57.3419,47.6086],[-57.3329,47.6427],[-57.3812,47.6291],[-57.5053,47.6328],[-57.5357,47.6365],[-57.5289,47.6501],[-57.6278,47.6018],[-57.6461,47.6041],[-57.6808,47.64],[-57.734,47.6564],[-57.7507,47.6511],[-57.7678,47.616],[-57.7895,47.6365],[-57.8162,47.6291],[-57.864,47.6564],[-57.9186,47.6501],[-57.8845,47.6973],[-57.9259,47.6952],[-57.9548,47.6727],[-58.005,47.6775],[-58.042,47.6986],[-58.0585,47.6758],[-58.0751,47.6746],[-58.0839,47.6808],[-58.0694,47.6973],[-58.0978,47.6952],[-58.2272,47.6564],[-58.2801,47.675],[-58.3407,47.6427],[-58.3547,47.6491],[-58.3134,47.7284],[-58.2613,47.7526],[-58.3497,47.7397],[-58.401,47.6545],[-58.4258,47.6365],[-58.4707,47.652],[-58.5084,47.6427],[-58.5319,47.6657],[-58.5431,47.6638],[-58.5272,47.6511],[-58.536,47.6457],[-58.5704,47.6427],[-58.6276,47.612],[-58.6479,47.6264],[-58.7032,47.6018],[-58.9217,47.6015],[-58.9628,47.5814],[-58.9881,47.5881],[-59.1464,47.561],[-59.191,47.5783],[-59.2277,47.5744],[-59.2556,47.6049],[-59.3085,47.6225],[-59.3077,47.6993],[-59.2829,47.7594],[-59.3251,47.7745],[-59.3314,47.8175],[-59.3649,47.8383],[-59.4058,47.8966],[-59.3675,47.9311],[-59.3204,47.9345],[-59.3034,47.9649],[-59.2417,48.0155],[-59.1683,48.0587],[-58.9701,48.1419],[-58.9104,48.1998],[-58.8568,48.2165],[-58.7987,48.2658],[-58.7235,48.3057],[-58.683,48.345],[-58.6666,48.3832],[-58.6287,48.3937],[-58.5704,48.4403],[-58.4946,48.4583],[-58.6045,48.4037],[-58.4742,48.4378],[-58.4061,48.4973],[-58.2722,48.5209],[-58.3103,48.534],[-58.3753,48.5251],[-58.4332,48.4993],[-58.4474,48.5134],[-58.5404,48.512],[-58.5977,48.5471],[-58.7032,48.5545],[-58.838,48.5256],[-59.0782,48.515],[-59.2624,48.4726],[-59.2069,48.5553],[-58.769,48.7805],[-58.8146,48.737],[-58.9187,48.6788],[-58.9472,48.6514],[-58.9589,48.6162],[-58.8996,48.5864],[-58.8927,48.5539],[-58.847,48.5964],[-58.8509,48.6365],[-58.8387,48.5884],[-58.8131,48.5716],[-58.7137,48.5682],[-58.6854,48.6018],[-58.6666,48.7258],[-58.6241,48.7755],[-58.6107,48.8109],[-58.5445,48.8718],[-58.512,48.9313],[-58.5021,49.0064],[-58.4555,49.0413],[-58.3984,49.1367],[-58.3612,49.151],[-58.3488,49.1449],[-58.3534,49.1169],[-58.3712,49.1094],[-58.3445,49.1094],[-58.3673,49.0837],[-58.3575,49.0617],[-58.2134,49.0742],[-58.1452,49.0473],[-58.0686,48.9792],[-57.9207,48.9621],[-57.8845,48.9722],[-58.0462,48.9964],[-58.1074,49.0374],[-58.1362,49.0949],[-58.1354,49.1269],[-58.1271,49.1352],[-57.9125,49.13],[-57.8504,49.1845],[-57.8578,49.192],[-57.915,49.1547],[-57.9684,49.1557],[-57.9261,49.192],[-58.08,49.1468],[-58.1105,49.1708],[-58.1007,49.1828],[-58.0149,49.1783],[-57.9667,49.2044],[-57.9261,49.2466],[-58.0358,49.2177],[-58.1934,49.2431],[-58.2352,49.2846],[-58.2287,49.371],[-58.1859,49.4427],[-58.137,49.4842],[-58.0012,49.5619],[-57.9668,49.5596],[-57.9203,49.5319],[-57.8974,49.4392],[-57.8714,49.4309],[-57.8962,49.4735],[-57.8959,49.4925],[-57.8714,49.5067],[-57.8443,49.5063],[-57.7616,49.4657],[-57.7003,49.4628],[-57.7976,49.5098],[-57.8192,49.5306],[-57.8231,49.5619],[-57.8546,49.5277],[-57.8777,49.5323],[-57.8956,49.5673],[-57.9261,49.5893],[-57.9186,49.6035],[-57.944,49.6142],[-57.9481,49.6795],[-57.9119,49.7523],[-57.864,49.7878],[-57.8525,49.8332],[-57.6102,50.1657],[-57.5943,50.2247],[-57.5266,50.3305],[-57.5289,50.3673],[-57.4569,50.4831],[-57.4053,50.5202],[-57.3553,50.6066],[-57.3191,50.6171],[-57.1984,50.5969],[-57.1548,50.6257],[-57.2756,50.6239],[-57.2402,50.6375],[-57.2546,50.6512],[-57.2996,50.6495],[-57.3219,50.6872],[-57.3811,50.6911],[-57.397,50.7086],[-57.3439,50.727],[-57.3293,50.7133],[-57.2869,50.7201],[-57.2067,50.7542],[-57.1655,50.7531],[-57.069,50.8021],[-57.0422,50.8362],[-56.9772,50.8815],[-56.9715,50.9125],[-56.9255,50.9182],[-56.9955,50.9492],[-56.9603,50.9665],[-57.0348,50.9802],[-57.0485,51.0081],[-57.0894,51.0211],[-57.0109,51.0211],[-56.9799,50.9878],[-56.9007,51.0182],[-56.9205,51.0432],[-56.9801,51.0553],[-56.9027,51.0607],[-56.875,51.0778],[-56.8641,51.1136],[-56.7952,51.1378],[-56.7897,51.1611],[-56.8095,51.1925],[-56.7816,51.2067],[-56.7468,51.1993],[-56.7952,51.2409],[-56.7202,51.3193],[-56.4935,51.4122],[-56.3945,51.4252],[-56.316,51.4674],[-56.2381,51.4811],[-56.1909,51.5112],[-56.0878,51.5353],[-55.8928,51.6278],[-55.8681,51.6126],[-55.8226,51.6238],[-55.8771,51.5712],[-55.8809,51.5528],[-55.8431,51.5556],[-55.8902,51.5009],[-55.8729,51.4956],[-55.7537,51.5009],[-55.6431,51.473],[-55.6097,51.4804],[-55.6634,51.4918],[-55.6786,51.5009],[-55.6881,51.538],[-55.7379,51.555],[-55.7286,51.577],[-55.7121,51.5849],[-55.7257,51.5556],[-55.6322,51.6101],[-55.6491,51.5931],[-55.6103,51.5666],[-55.5756,51.5692],[-55.5892,51.5766],[-55.5141,51.6039],[-55.48,51.5935],[-55.4774,51.5788],[-55.4657,51.5903],[-55.427,51.587],[-55.4085,51.5794],[-55.4042,51.563],[-55.4171,51.5506],[-55.4725,51.563],[-55.4315,51.5388],[-55.4557,51.5009],[-55.5346,51.5084],[-55.4819,51.4751],[-55.4543,51.4796],[-55.4581,51.4633],[-55.5005,51.3774],[-55.5157,51.3686],[-55.5663,51.3899],[-55.5712,51.3664],[-55.5579,51.3504],[-55.6097,51.3501],[-55.5961,51.3091],[-55.6174,51.3044],[-55.6854,51.3364],[-55.8052,51.3527],[-55.8873,51.3442],[-55.9523,51.3706],[-55.9386,51.3501],[-55.9669,51.3466],[-56.0349,51.3842],[-56.0411,51.3576],[-56.0895,51.3706],[-56.0963,51.3228],[-56.0212,51.3091],[-56.0144,51.2751],[-56.0485,51.2676],[-56.0144,51.2477],[-56.0758,51.2334],[-56.0184,51.2182],[-55.9657,51.159],[-55.9455,51.1584],[-55.9591,51.1993],[-55.911,51.2024],[-55.8485,51.231],[-55.7645,51.2175],[-55.7191,51.1843],[-55.7413,51.1539],[-55.7187,51.132],[-55.7394,51.0969],[-55.7331,51.0831],[-55.7804,51.0553],[-55.8047,51.0691],[-55.8044,51.0498],[-55.7742,51.0354],[-55.8356,50.9727],[-55.8158,50.9318],[-55.8328,50.9263],[-55.8493,50.9535],[-55.8688,50.9335],[-55.871,50.905],[-55.8431,50.905],[-55.8679,50.8903],[-55.8772,50.8635],[-55.8922,50.897],[-55.925,50.8846],[-56.0806,50.7206],[-56.1037,50.727],[-56.0895,50.7611],[-56.119,50.7535],[-56.1373,50.7747],[-56.1243,50.8021],[-56.1322,50.8298],[-56.1037,50.905],[-56.1614,50.8782],[-56.172,50.8566],[-56.1512,50.8559],[-56.1435,50.8417],[-56.151,50.8021],[-56.172,50.7778],[-56.1584,50.7611],[-56.1622,50.7209],[-56.1483,50.6955],[-56.0956,50.6793],[-56.1001,50.6686],[-56.2193,50.5837],[-56.2502,50.5277],[-56.3223,50.5277],[-56.2664,50.5063],[-56.4116,50.3769],[-56.4278,50.3757],[-56.4525,50.3974],[-56.5004,50.3911],[-56.4813,50.3746],[-56.4295,50.3621],[-56.4442,50.3044],[-56.5078,50.2403],[-56.5041,50.2188],[-56.5234,50.1964],[-56.6177,50.1304],[-56.6723,50.1304],[-56.6411,50.1099],[-56.6463,50.0992],[-56.7269,50.0411],[-56.7757,49.9508],[-56.7816,49.9182],[-56.7281,49.9588],[-56.7195,49.9486],[-56.7406,49.8772],[-56.7679,49.8636],[-56.7684,49.8303],[-56.8021,49.8015],[-56.9051,49.7537],[-56.7816,49.7294],[-56.7818,49.6966],[-56.8235,49.5932],[-56.8567,49.5482],[-56.8218,49.5708],[-56.7408,49.6565],[-56.7253,49.6903],[-56.5578,49.8481],[-56.4669,49.8976],[-56.4253,49.8457],[-56.4266,49.9027],[-56.4048,49.9182],[-56.3632,49.8976],[-56.3844,49.9464],[-56.317,50.0393],[-56.2704,50.0593],[-56.2406,50.1066],[-56.1636,50.1496],[-56.1168,50.1584],[-56.1243,50.1373],[-56.0956,50.1334],[-56.11,50.1236],[-56.0622,50.0827],[-56.11,50.0342],[-56.1373,49.9735],[-56.1919,49.925],[-56.1241,49.9556],[-56.0724,50.0109],[-56.0101,50.0312],[-55.997,50.0308],[-55.993,50.0155],[-56.0349,49.9796],[-56.0034,49.9716],[-55.9591,50.0411],[-55.8638,50.0168],[-55.8424,49.9831],[-55.7464,49.932],[-55.7126,49.9345],[-55.6848,49.9591],[-55.6923,49.9666],[-55.6667,49.9761],[-55.5824,49.9735],[-55.493,50.0144],[-55.4651,49.9626],[-55.4657,49.9449],[-55.4952,49.9191],[-55.5758,49.9017],[-55.649,49.859],[-55.6923,49.8493],[-55.715,49.8222],[-55.8079,49.8019],[-55.9617,49.7413],[-56.0019,49.7525],[-56.0144,49.7394],[-56.0049,49.7265],[-56.069,49.6984],[-56.0627,49.6829],[-56.1587,49.6234],[-56.1702,49.601],[-56.1654,49.5747],[-56.0977,49.6376],[-55.9685,49.7028],[-55.8977,49.7189],[-55.891,49.7101],[-55.9591,49.678],[-55.8977,49.6984],[-55.891,49.6894],[-55.8356,49.6916],[-55.868,49.6683],[-55.8772,49.6439],[-55.9386,49.6097],[-55.9134,49.5946],[-55.8772,49.596],[-55.9008,49.5624],[-55.9374,49.5363],[-56.0769,49.4919],[-56.0858,49.4691],[-56.1307,49.4291],[-56.06,49.4462],[-55.9523,49.4998],[-55.822,49.522],[-55.7742,49.5135],[-55.7878,49.4936],[-55.7192,49.4757],[-55.7673,49.4726],[-55.7878,49.4521],[-55.7347,49.4538],[-55.6786,49.4726],[-55.6985,49.4248],[-55.6717,49.4248],[-55.6789,49.3964],[-55.6575,49.3837],[-55.5824,49.4724],[-55.5209,49.4936],[-55.5637,49.426],[-55.5693,49.3627],[-55.5323,49.396],[-55.5206,49.436],[-55.493,49.4452],[-55.5005,49.4589],[-55.4862,49.48],[-55.4733,49.4606],[-55.4452,49.4936],[-55.3701,49.5067],[-55.3769,49.4936],[-55.3496,49.4936],[-55.4315,49.4248],[-55.3417,49.4582],[-55.3148,49.4521],[-55.4452,49.3559],[-55.3915,49.3696],[-55.3736,49.3631],[-55.3831,49.3354],[-55.3325,49.4031],[-55.3148,49.4042],[-55.3291,49.39],[-55.3131,49.3887],[-55.2886,49.4008],[-55.2961,49.372],[-55.3422,49.3559],[-55.3148,49.3149],[-55.3012,49.3223],[-55.307,49.3456],[-55.2663,49.3612],[-55.2363,49.39],[-55.2719,49.4368],[-55.2677,49.48],[-55.3148,49.5346],[-55.2602,49.5482],[-55.2282,49.5371],[-55.2198,49.5301],[-55.2329,49.5209],[-55.1988,49.5067],[-55.2125,49.5346],[-55.1557,49.5493],[-55.1361,49.5408],[-55.1504,49.5346],[-55.1248,49.499],[-55.1282,49.4664],[-55.1715,49.4309],[-55.1621,49.4179],[-55.172,49.4008],[-55.1885,49.392],[-55.1988,49.4042],[-55.225,49.3681],[-55.2229,49.2646],[-55.2943,49.2329],[-55.3291,49.192],[-55.3651,49.1723],[-55.3644,49.1595],[-55.3223,49.1572],[-55.3422,49.123],[-55.3207,49.1237],[-55.314,49.1018],[-55.3831,49.0473],[-55.3197,49.0746],[-55.2582,49.0807],[-55.1845,49.123],[-55.2777,49.106],[-55.2823,49.1503],[-55.2534,49.192],[-55.2875,49.1845],[-55.2884,49.1946],[-55.0542,49.2944],[-55.0821,49.3627],[-55.0272,49.3294],[-55.0132,49.349],[-54.9927,49.2838],[-55.048,49.2329],[-55.034,49.2302],[-54.9984,49.2479],[-54.9473,49.3005],[-54.921,49.3018],[-54.9003,49.2801],[-54.8805,49.289],[-54.8638,49.338],[-54.8888,49.3518],[-54.8835,49.3763],[-54.857,49.4067],[-54.8337,49.4096],[-54.8341,49.3048],[-54.817,49.2756],[-54.7821,49.3005],[-54.7738,49.3472],[-54.7538,49.3559],[-54.7593,49.3295],[-54.7429,49.3198],[-54.7196,49.3631],[-54.6774,49.3837],[-54.6456,49.4154],[-54.6501,49.4309],[-54.6365,49.447],[-54.5447,49.5291],[-54.4693,49.5461],[-54.4437,49.5435],[-54.4962,49.5101],[-54.5061,49.4763],[-54.534,49.4452],[-54.483,49.4711],[-54.431,49.4726],[-54.4557,49.4484],[-54.4447,49.4248],[-54.4794,49.4005],[-54.4854,49.3803],[-54.487,49.3681],[-54.4601,49.3555],[-54.4558,49.3386],[-54.4835,49.2676],[-54.4635,49.301],[-54.3968,49.3354],[-54.4164,49.3513],[-54.3729,49.4223],[-54.3013,49.4309],[-54.3043,49.4147],[-54.2597,49.4248],[-54.2488,49.4062],[-54.2193,49.4173],[-54.2386,49.3786],[-54.2323,49.3627],[-54.1976,49.4111],[-54.176,49.3838],[-54.1392,49.4528],[-54.0855,49.4637],[-54.0769,49.4554],[-54.0447,49.4818],[-53.986,49.4589],[-54.0406,49.4384],[-54.0165,49.4318],[-53.9239,49.4521],[-53.8739,49.4222],[-53.6791,49.3668],[-53.6637,49.3594],[-53.6775,49.349],[-53.6561,49.3322],[-53.5947,49.3244],[-53.5677,49.3018],[-53.5471,49.3018],[-53.5471,49.2875],[-53.4925,49.2875],[-53.4578,49.2602],[-53.4537,49.2422],[-53.4919,49.2187],[-53.4925,49.1982],[-53.5404,49.1878],[-53.5335,49.164],[-53.566,49.126],[-53.6051,49.1367],[-53.6223,49.1172],[-53.5819,49.0883],[-53.5899,49.0521],[-53.7936,49.0275],[-53.8382,49.0337],[-53.8109,49.0139],[-53.7253,49.0139],[-53.8094,48.9813],[-53.8829,48.9927],[-53.8964,48.9805],[-53.8879,48.9709],[-53.8109,48.9313],[-53.8621,48.9108],[-53.9239,48.9177],[-53.9785,48.8966],[-53.9639,48.8859],[-53.8829,48.8903],[-53.9581,48.8691],[-53.9785,48.8562],[-53.9649,48.8419],[-53.9786,48.8363],[-54.1368,48.8214],[-54.1846,48.801],[-54.181,48.7839],[-54.1976,48.7742],[-54.1626,48.7712],[-54.0209,48.8154],[-53.991,48.8061],[-54.0133,48.7742],[-53.9906,48.7684],[-53.962,48.7817],[-53.9785,48.7879],[-53.943,48.8243],[-53.8951,48.8417],[-53.8445,48.8391],[-53.8004,48.8146],[-53.8573,48.7979],[-53.9177,48.801],[-53.8898,48.76],[-53.8568,48.7799],[-53.8414,48.7742],[-53.8779,48.748],[-54.0201,48.7463],[-53.9452,48.7287],[-53.9333,48.7035],[-53.9512,48.6706],[-53.896,48.6501],[-53.9314,48.6296],[-53.8935,48.632],[-53.7936,48.678],[-53.9167,48.6728],[-53.9208,48.688],[-53.8352,48.7504],[-53.855,48.7047],[-53.7502,48.7121],[-53.7451,48.6986],[-53.7042,48.6911],[-53.729,48.6743],[-53.7262,48.66],[-53.6312,48.6988],[-53.6068,48.6963],[-53.6041,48.6767],[-53.6596,48.6471],[-53.7849,48.623],[-53.8283,48.5954],[-53.9034,48.5887],[-53.9586,48.5471],[-53.9435,48.5424],[-53.9034,48.5682],[-53.711,48.5607],[-53.7936,48.5402],[-53.7668,48.5402],[-53.7489,48.5198],[-53.8957,48.4844],[-54.0099,48.4289],[-54.0921,48.4299],[-54.1641,48.3907],[-54.1425,48.3779],[-54.1368,48.3553],[-54.0679,48.4099],[-53.9785,48.4099],[-53.8554,48.4752],[-53.814,48.4652],[-53.8767,48.4099],[-53.8815,48.3884],[-53.856,48.3684],[-53.8351,48.3764],[-53.8525,48.3836],[-53.8456,48.395],[-53.8009,48.4411],[-53.779,48.4475],[-53.7699,48.4757],[-53.6568,48.5466],[-53.6229,48.5402],[-53.6632,48.5136],[-53.6154,48.4993],[-53.7253,48.4316],[-53.7184,48.4241],[-53.6328,48.4515],[-53.5819,48.5266],[-53.5881,48.4788],[-53.5471,48.4924],[-53.6154,48.4099],[-53.5409,48.4652],[-53.5215,48.4622],[-53.4987,48.5136],[-53.475,48.511],[-53.4578,48.5436],[-53.4642,48.5868],[-53.4372,48.6159],[-53.4142,48.6238],[-53.3422,48.6127],[-53.3017,48.5794],[-53.3176,48.5523],[-53.2803,48.5607],[-53.2681,48.5312],[-53.2435,48.5264],[-53.2318,48.5545],[-53.163,48.6017],[-53.1704,48.6091],[-53.1523,48.6312],[-53.0981,48.6467],[-53.0768,48.7036],[-53.0651,48.6809],[-53.0332,48.6706],[-53.0128,48.6296],[-52.9829,48.6042],[-52.9813,48.5911],[-53.0058,48.575],[-52.9848,48.5545],[-53.0277,48.5358],[-53.0585,48.4359],[-53.1431,48.3969],[-53.1874,48.3553],[-53.2393,48.3602],[-53.2698,48.3823],[-53.3319,48.3756],[-53.3549,48.3867],[-53.3555,48.3605],[-53.3865,48.3061],[-53.369,48.2938],[-53.4457,48.2857],[-53.4681,48.2565],[-53.5409,48.2398],[-53.6395,48.1693],[-53.6893,48.1701],[-53.7765,48.1971],[-53.8451,48.1908],[-53.8767,48.2255],[-53.9253,48.237],[-53.9394,48.2255],[-53.9413,48.1767],[-53.9052,48.0851],[-53.8041,48.0748],[-53.684,48.0804],[-53.6632,48.0611],[-53.7873,48.0263],[-53.9239,48.0338],[-53.9084,48.0211],[-53.776,47.9994],[-53.7411,48.0168],[-53.6843,48.0201],[-53.6086,48.0543],[-53.6229,48.0338],[-53.6216,48.005],[-53.6973,47.8966],[-53.7873,47.9035],[-53.7253,47.8898],[-53.7413,47.8179],[-53.7916,47.7746],[-53.8221,47.7902],[-53.8675,47.8435],[-53.9177,47.8625],[-53.9289,47.8524],[-53.8773,47.8281],[-53.8767,47.8072],[-53.8583,47.8016],[-53.8542,47.7675],[-53.8289,47.7357],[-53.8349,47.7213],[-53.855,47.7185],[-53.7632,47.6257],[-53.7379,47.6197],[-53.7057,47.6761],[-53.6843,47.6911],[-53.6662,47.684],[-53.7117,47.6099],[-53.7038,47.5887],[-53.6807,47.5987],[-53.6604,47.57],[-53.6523,47.5769],[-53.67,47.5267],[-53.6229,47.5608],[-53.6051,47.5394],[-53.5539,47.5393],[-53.5509,47.5882],[-53.5335,47.5955],[-53.5607,47.6238],[-53.513,47.616],[-53.5085,47.655],[-53.5192,47.6706],[-53.4803,47.6926],[-53.4974,47.7162],[-53.4987,47.7464],[-53.4678,47.7715],[-53.4595,47.8055],[-53.4202,47.8612],[-53.3942,47.8756],[-53.3553,47.8693],[-53.3626,47.8998],[-53.2765,48.0164],[-53.1843,48.0425],[-53.1704,48.0611],[-53.1481,48.0643],[-53.0981,48.0406],[-53.061,48.0519],[-52.9233,48.171],[-52.8367,48.1055],[-52.9144,48.0896],[-52.9541,48.0458],[-52.9796,47.9871],[-53.0536,47.9326],[-53.0707,47.8537],[-53.1423,47.791],[-53.162,47.7564],[-53.2074,47.7359],[-53.163,47.7185],[-53.184,47.6911],[-53.1666,47.6972],[-53.1561,47.6837],[-53.1947,47.6434],[-53.2621,47.6142],[-53.2523,47.6018],[-53.2045,47.616],[-53.2523,47.5812],[-53.1704,47.6092],[-53.2073,47.5776],[-53.2598,47.5585],[-53.2284,47.5465],[-53.184,47.5608],[-53.184,47.5124],[-53.2045,47.4714],[-53.1627,47.5006],[-53.1493,47.4994],[-53.1493,47.4782],[-53.1952,47.4371],[-53.1219,47.4372],[-53.1294,47.4168],[-53.0781,47.47],[-52.9117,47.5563],[-52.8764,47.5883],[-52.8489,47.6296],[-52.7984,47.7882],[-52.7725,47.801],[-52.7521,47.7731],[-52.7042,47.756],[-52.6974,47.7147],[-52.7179,47.6706],[-52.6575,47.6606],[-52.6566,47.6032],[-52.6906,47.5539],[-52.6769,47.5608],[-52.6599,47.5368],[-52.6288,47.5267]]],[[[-61.6298,56.8463],[-61.6055,56.8873],[-61.527,56.9141],[-61.5199,56.9487],[-61.4788,56.9577],[-61.4119,56.9291],[-61.3387,56.935],[-61.4069,56.8798],[-61.3523,56.8599],[-61.3708,56.8471],[-61.4327,56.8223],[-61.4553,56.8258],[-61.4452,56.8333],[-61.4546,56.8441],[-61.4823,56.8435],[-61.503,56.8292],[-61.4957,56.8215],[-61.5106,56.8022],[-61.5847,56.7717],[-61.5647,56.754],[-61.4857,56.7911],[-61.3844,56.7722],[-61.3728,56.6921],[-61.3775,56.678],[-61.4069,56.6675],[-61.3825,56.645],[-61.3884,56.6232],[-61.4535,56.626],[-61.6257,56.7359],[-61.6471,56.7365],[-61.6241,56.7968],[-61.6298,56.8463]]],[[[-57.8714,54.8179],[-57.8705,54.8341],[-57.8436,54.8247],[-57.8572,54.8034],[-57.9561,54.7921],[-58.0223,54.7564],[-58.1571,54.7639],[-58.1763,54.7753],[-58.1816,54.8063],[-58.2132,54.8325],[-58.2274,54.8714],[-58.2104,54.8793],[-58.1759,54.8589],[-57.9453,54.9266],[-57.9387,54.894],[-57.9739,54.8793],[-57.9944,54.8383],[-57.9814,54.8208],[-57.9875,54.8037],[-57.9392,54.8275],[-57.9018,54.8091],[-57.8714,54.8179]]],[[[-54.2768,49.5756],[-54.292,49.5874],[-54.3075,49.6718],[-54.2528,49.678],[-54.2801,49.6984],[-54.2665,49.7127],[-54.2876,49.7127],[-54.2698,49.7272],[-54.1976,49.7053],[-54.2051,49.6984],[-54.1914,49.678],[-54.1846,49.7264],[-54.1368,49.7326],[-54.1505,49.7537],[-54.1102,49.7545],[-54.0358,49.715],[-54.0406,49.6916],[-54.0298,49.676],[-53.9785,49.6643],[-53.9872,49.6511],[-54.03,49.6575],[-54.1157,49.6165],[-54.2222,49.596],[-54.2587,49.5715],[-54.2768,49.5756]]],[[[-53.5677,48.1908],[-53.5435,48.207],[-53.514,48.1868],[-53.5335,48.1772],[-53.52,48.1581],[-53.5539,48.1082],[-53.5335,48.1082],[-53.5655,48.0822],[-53.6188,48.0821],[-53.7184,48.102],[-53.8109,48.0952],[-53.8752,48.1065],[-53.8898,48.1436],[-53.9284,48.1833],[-53.9314,48.2084],[-53.921,48.2166],[-53.8413,48.1714],[-53.7699,48.1772],[-53.6775,48.1498],[-53.5677,48.1908]]],[[[-61.0097,56.0438],[-60.9407,56.0189],[-61.0028,56.0099],[-61.1741,56.0324],[-61.217,56.0579],[-61.2323,56.0998],[-61.2083,56.1064],[-61.2157,56.0922],[-61.2007,56.0831],[-61.1468,56.0922],[-61.1614,56.1049],[-61.181,56.0922],[-61.1884,56.1079],[-61.1338,56.1195],[-61.1331,56.1492],[-61.1038,56.1569],[-61.0985,56.1747],[-61.0438,56.1611],[-61.0651,56.145],[-61.0536,56.1258],[-60.9408,56.0922],[-61.0097,56.0438]]],[[[-61.2288,56.4553],[-61.166,56.4548],[-61.1468,56.4422],[-61.3792,56.4522],[-61.4889,56.4695],[-61.4752,56.4553],[-61.4994,56.442],[-61.5416,56.4694],[-61.6335,56.4695],[-61.6198,56.4832],[-61.6396,56.4969],[-61.428,56.4832],[-61.4271,56.4925],[-61.4541,56.4988],[-61.6335,56.5105],[-61.6221,56.5239],[-61.5714,56.5242],[-61.6055,56.5583],[-61.4623,56.55],[-61.3301,56.5153],[-61.3113,56.4969],[-61.3666,56.4757],[-61.3256,56.4695],[-61.2266,56.4868],[-61.1673,56.4757],[-61.2288,56.4553]]],[[[-54.8835,49.5551],[-54.8971,49.5818],[-54.885,49.5952],[-54.7958,49.601],[-54.7806,49.5959],[-54.7953,49.5636],[-54.7327,49.5551],[-54.6729,49.5787],[-54.6602,49.6109],[-54.6337,49.6338],[-54.616,49.637],[-54.6302,49.6234],[-54.6141,49.6161],[-54.5394,49.661],[-54.5293,49.6251],[-54.5461,49.5848],[-54.719,49.5346],[-54.7364,49.5244],[-54.744,49.4938],[-54.8766,49.4936],[-54.8069,49.5156],[-54.8835,49.5551]]],[[[-61.8526,57.5861],[-61.7927,57.5566],[-61.7799,57.5361],[-61.7939,57.5073],[-61.9291,57.4561],[-62.0171,57.5179],[-62.0183,57.5473],[-61.9671,57.5894],[-61.9352,57.593],[-61.9551,57.559],[-61.9413,57.5521],[-61.8942,57.593],[-61.8526,57.5861]]],[[[-61.4137,56.3734],[-61.4621,56.3454],[-61.4137,56.3256],[-61.4759,56.3188],[-61.597,56.3332],[-61.7087,56.3633],[-61.7974,56.4211],[-61.577,56.393],[-61.4621,56.4081],[-61.4137,56.3734]]],[[[-64.079,59.7995],[-63.9857,59.7709],[-63.9629,59.7518],[-64.0008,59.7238],[-64.0521,59.7235],[-64.1241,59.6999],[-64.1691,59.7101],[-64.1417,59.7238],[-64.2031,59.7449],[-64.1826,59.7722],[-64.1274,59.7586],[-64.1553,59.7865],[-64.1304,59.842],[-64.1019,59.863],[-64.0455,59.8542],[-64.0597,59.8411],[-64.0319,59.8057],[-64.079,59.7995]]],[[[-61.6129,57.4155],[-61.6828,57.3996],[-61.8489,57.4151],[-61.8907,57.4276],[-61.9004,57.449],[-61.7982,57.4838],[-61.7421,57.5349],[-61.6794,57.5375],[-61.6335,57.5111],[-61.6949,57.4975],[-61.6471,57.4831],[-61.6807,57.4626],[-61.7908,57.4594],[-61.8253,57.4353],[-61.7976,57.4288],[-61.7503,57.445],[-61.6668,57.4355],[-61.6129,57.4155]]],[[[-61.9314,57.7954],[-61.9598,57.7895],[-62.0543,57.8332],[-62.0922,57.8159],[-62.1058,57.8386],[-62.0113,57.9092],[-61.9314,57.9151],[-61.9211,57.9094],[-61.9413,57.8742],[-61.8867,57.8742],[-61.8717,57.8485],[-61.8917,57.815],[-61.9314,57.7954]]],[[[-61.9004,57.7643],[-61.8004,57.8449],[-61.7495,57.8394],[-61.7267,57.824],[-61.7194,57.8348],[-61.6949,57.8332],[-61.7228,57.7848],[-61.6541,57.79],[-61.6603,57.7696],[-61.6881,57.7506],[-61.6676,57.7506],[-61.678,57.7279],[-61.7452,57.713],[-61.8222,57.7576],[-61.8303,57.783],[-61.8775,57.7558],[-61.9004,57.7643]]],[[[-54.1225,47.6427],[-54.151,47.5878],[-54.1566,47.5335],[-54.244,47.4077],[-54.2724,47.3957],[-54.3627,47.41],[-54.2597,47.4857],[-54.2174,47.5397],[-54.214,47.5585],[-54.246,47.5539],[-54.2399,47.5644],[-54.171,47.6223],[-54.1846,47.5955],[-54.171,47.5881],[-54.126,47.6701],[-54.1225,47.6427]]],[[[-55.9276,53.4922],[-55.8899,53.4985],[-55.8801,53.4843],[-55.8245,53.4779],[-55.8146,53.4876],[-55.7672,53.4757],[-55.7429,53.4454],[-55.8026,53.4554],[-55.8134,53.433],[-55.7695,53.4026],[-55.8168,53.4106],[-55.7859,53.3939],[-55.9835,53.4417],[-55.9899,53.4704],[-55.9759,53.4845],[-55.9276,53.4922]]],[[[-55.5104,50.8051],[-55.4523,50.7962],[-55.48,50.781],[-55.4657,50.7673],[-55.5236,50.721],[-55.5824,50.699],[-55.5983,50.7169],[-55.6427,50.7233],[-55.6199,50.7918],[-55.6036,50.7917],[-55.5961,50.7747],[-55.5104,50.8051]]],[[[-55.925,47.6775],[-55.938,47.6569],[-55.9241,47.6387],[-55.8772,47.616],[-55.9572,47.6059],[-56.11,47.6365],[-56.1083,47.6541],[-56.0835,47.6662],[-55.9696,47.6858],[-55.925,47.6775]]],[[[-60.749,55.9345],[-60.7528,55.9184],[-60.6876,55.9283],[-60.7449,55.8869],[-60.8651,55.8659],[-60.8998,55.8768],[-60.8179,55.8867],[-60.8793,55.9208],[-60.874,55.9478],[-60.852,55.9619],[-60.8027,55.9462],[-60.7422,55.9482],[-60.749,55.9345]]],[[[-61.2157,56.5856],[-61.235,56.6265],[-61.1864,56.6621],[-61.1338,56.6613],[-61.1628,56.676],[-61.1649,56.6918],[-61.082,56.6779],[-61.0854,56.6613],[-61.0712,56.6613],[-61.1059,56.6265],[-61.0575,56.634],[-61.2157,56.5856]]],[[[-55.3527,51.8845],[-55.4274,51.8913],[-55.3831,51.9596],[-55.2701,52.0056],[-55.286,51.9595],[-55.3527,51.8845]]],[[[-56.9225,53.7976],[-56.8361,53.8065],[-56.8177,53.79],[-56.9473,53.7521],[-56.9843,53.7594],[-57.0089,53.7885],[-56.9995,53.8104],[-56.9225,53.7976]]],[[[-55.8273,53.0793],[-55.7713,53.0892],[-55.751,53.0594],[-55.7689,53.0486],[-55.7588,53.0341],[-55.8707,53.0265],[-55.8744,53.0571],[-55.8477,53.0808],[-55.8273,53.0793]]],[[[-57.3037,54.5747],[-57.2751,54.5797],[-57.2834,54.5562],[-57.2547,54.5377],[-57.268,54.5035],[-57.3622,54.5073],[-57.3657,54.5239],[-57.3473,54.5551],[-57.3037,54.5747]]],[[[-55.5278,50.9727],[-55.5731,50.923],[-55.5476,50.8908],[-55.6234,50.9119],[-55.6134,50.9313],[-55.6392,50.9615],[-55.5627,50.986],[-55.5419,50.9878],[-55.5278,50.9727]]],[[[-55.579,49.6097],[-55.5729,49.5981],[-55.6703,49.5711],[-55.7257,49.5818],[-55.7025,49.6225],[-55.6717,49.637],[-55.6314,49.6225],[-55.6295,49.6035],[-55.579,49.6097]]],[[[-57.1527,53.6931],[-57.0308,53.713],[-57.082,53.6806],[-57.0838,53.6566],[-57.1138,53.643],[-57.1721,53.6596],[-57.1527,53.6931]]],[[[-54.6569,49.4657],[-54.6855,49.4576],[-54.6778,49.4384],[-54.6986,49.4077],[-54.7499,49.4243],[-54.7538,49.4452],[-54.7404,49.4589],[-54.6796,49.4929],[-54.6439,49.4753],[-54.6569,49.4657]]],[[[-54.0951,47.6191],[-54.0815,47.6911],[-54.0611,47.6564],[-54.0815,47.6092],[-54.0786,47.5661],[-54.063,47.5434],[-54.0815,47.5267],[-54.071,47.5183],[-54.0815,47.4782],[-54.0985,47.4918],[-54.0884,47.5465],[-54.102,47.5403],[-54.0951,47.6191]]],[[[-52.9565,47.6548],[-52.9188,47.6526],[-52.9164,47.6345],[-52.9765,47.5969],[-53.0303,47.5992],[-53.0192,47.619],[-52.9565,47.6548]]],[[[-55.7257,49.5619],[-55.6575,49.5619],[-55.6571,49.5414],[-55.7085,49.5085],[-55.7332,49.5135],[-55.7257,49.5619]]],[[[-64.4324,60.3727],[-64.4774,60.3339],[-64.4267,60.2862],[-64.5192,60.3193],[-64.4902,60.3612],[-64.4324,60.3727]]],[[[-55.8085,53.0066],[-55.7868,53.0165],[-55.7754,53.0096],[-55.7869,52.9951],[-55.7679,52.9882],[-55.8023,52.9446],[-55.8492,52.9913],[-55.8504,53.0035],[-55.8085,53.0066]]],[[[-55.8523,52.7725],[-55.8119,52.7701],[-55.8095,52.7311],[-55.8613,52.7304],[-55.8954,52.7633],[-55.8877,52.7748],[-55.8523,52.7725]]],[[[-54.1956,47.3932],[-54.178,47.4182],[-54.1446,47.4004],[-54.1534,47.3684],[-54.2096,47.3599],[-54.2167,47.3813],[-54.1956,47.3932]]],[[[-55.763,50.2319],[-55.7299,50.2302],[-55.6958,50.1937],[-55.7895,50.2075],[-55.8027,50.2202],[-55.8,50.2303],[-55.763,50.2319]]],[[[-57.2503,50.8406],[-57.2094,50.8411],[-57.1866,50.823],[-57.2525,50.7967],[-57.2618,50.7997],[-57.2397,50.806],[-57.2771,50.8174],[-57.2503,50.8406]]],[[[-55.8772,47.266],[-55.9499,47.2681],[-55.8881,47.2949],[-55.8636,47.2933],[-55.8592,47.2771],[-55.8431,47.2734],[-55.871,47.2517],[-55.8772,47.266]]],[[[-57.328,54.2876],[-57.2925,54.2837],[-57.3212,54.2695],[-57.299,54.2488],[-57.3144,54.2397],[-57.3676,54.259],[-57.3677,54.2694],[-57.328,54.2876]]],[[[-57.2445,54.4842],[-57.2289,54.4919],[-57.1976,54.4493],[-57.2444,54.4674],[-57.2933,54.4686],[-57.2867,54.4828],[-57.2445,54.4842]]],[[[-54.7942,47.2794],[-54.7781,47.2736],[-54.8124,47.2318],[-54.8283,47.2431],[-54.8301,47.2671],[-54.7942,47.2794]]],[[[-55.8543,50.205],[-55.8423,50.2152],[-55.8239,50.2041],[-55.8451,50.1906],[-55.886,50.1975],[-55.8543,50.205]]]]}},{"type":"Feature","id":"Northwest Territories","properties":{"id":"Northwest Territories","iso_code":"CA-NT","name":"Northwest Territories","name_full":"Northwest Territories","name_ja":"ノースウエスト準州","center_lonlat":[-119.629,64.373]},"geometry":{"type":"MultiPolygon","coordinates":[[[[-136.4449,68.9099],[-136.2391,68.8864],[-136.0676,68.8853],[-135.8815,68.8502],[-135.7816,68.8216],[-135.7586,68.7971],[-135.7026,68.7751],[-135.5185,68.7551],[-135.4123,68.6986],[-135.4098,68.681],[-135.3788,68.674],[-135.2912,68.6872],[-135.149,68.6605],[-135.2112,68.6872],[-135.1901,68.694],[-135.3217,68.7261],[-135.3679,68.7821],[-135.4618,68.8009],[-135.5054,68.8454],[-135.3409,68.8386],[-135.4095,68.8535],[-135.5703,68.8593],[-135.6282,68.8933],[-135.6061,68.9114],[-135.8685,68.9069],[-136.005,68.9479],[-135.9936,68.966],[-135.9231,68.9621],[-135.9906,69.0159],[-135.9818,69.0407],[-135.9542,69.0484],[-135.7699,68.9915],[-135.6813,68.9915],[-135.519,69.0298],[-135.695,69.0154],[-135.7425,69.0593],[-135.9194,69.0935],[-135.9367,69.1055],[-135.9678,69.2222],[-135.9338,69.2541],[-135.8945,69.2517],[-135.588,69.1249],[-135.4159,69.0987],[-135.4332,69.1176],[-135.4762,69.1303],[-135.6254,69.1527],[-135.8363,69.2609],[-135.8554,69.2905],[-135.8042,69.3218],[-135.6822,69.3303],[-135.6456,69.3076],[-135.628,69.2686],[-135.5674,69.2291],[-135.557,69.2387],[-135.6131,69.3216],[-135.5693,69.3447],[-135.4334,69.3339],[-135.3393,69.289],[-135.1667,69.263],[-135.1669,69.282],[-135.2198,69.2971],[-135.2398,69.315],[-135.2449,69.3568],[-135.2843,69.4145],[-135.2672,69.4418],[-135.1554,69.4797],[-135.1266,69.4824],[-135.1081,69.4618],[-135.0887,69.4785],[-135.0354,69.4886],[-134.9504,69.4761],[-134.8629,69.4934],[-134.8189,69.4827],[-134.8065,69.5028],[-134.7791,69.4822],[-134.6413,69.4822],[-134.4763,69.4438],[-134.4259,69.4652],[-134.4164,69.4975],[-134.4503,69.5168],[-134.5003,69.5179],[-134.5389,69.4959],[-134.5253,69.4822],[-134.5414,69.4756],[-134.5873,69.4959],[-134.5731,69.5096],[-134.5945,69.5129],[-134.5734,69.5512],[-134.5253,69.5369],[-134.4713,69.5443],[-134.4911,69.5642],[-134.4416,69.5911],[-134.4055,69.6369],[-134.4101,69.6569],[-134.498,69.7225],[-134.4809,69.7275],[-134.4294,69.715],[-134.3199,69.7236],[-134.3235,69.6967],[-134.354,69.6815],[-134.3348,69.6733],[-134.2242,69.6815],[-134.1492,69.6331],[-134.2196,69.6095],[-134.2424,69.5772],[-134.1864,69.5921],[-134.1739,69.5685],[-134.1209,69.5443],[-134.0045,69.5581],[-134.0523,69.5307],[-133.9147,69.5117],[-133.8612,69.5233],[-133.881,69.5369],[-133.8609,69.5439],[-133.7991,69.5512],[-133.8258,69.5581],[-133.8077,69.5761],[-133.7786,69.5779],[-133.7783,69.5629],[-133.7513,69.5512],[-133.7867,69.5367],[-133.7811,69.4939],[-133.8181,69.4674],[-134.0301,69.3832],[-134.0922,69.3448],[-134.1007,69.2979],[-134.169,69.2979],[-134.2222,69.2726],[-134.229,69.2538],[-134.2717,69.2321],[-134.2782,69.1949],[-134.313,69.154],[-134.2461,69.1695],[-134.1981,69.2365],[-134.1629,69.2557],[-133.9063,69.2905],[-133.8847,69.301],[-133.8693,69.3325],[-133.8416,69.3454],[-133.7438,69.3594],[-133.7513,69.3389],[-133.682,69.3432],[-133.6619,69.3525],[-133.6966,69.3662],[-133.6714,69.3884],[-133.6319,69.3992],[-133.4634,69.4177],[-133.2578,69.414],[-133.2268,69.4003],[-133.0894,69.4451],[-133.0455,69.4345],[-133.0496,69.4769],[-133.0072,69.4866],[-132.9698,69.517],[-132.9811,69.5355],[-132.9542,69.5682],[-132.9909,69.5921],[-132.9757,69.6143],[-132.8873,69.6611],[-132.7712,69.6611],[-132.7991,69.6406],[-132.7238,69.638],[-132.6705,69.6577],[-132.5301,69.632],[-132.3851,69.6467],[-132.3485,69.6599],[-132.333,69.6846],[-132.3517,69.6918],[-132.4627,69.6611],[-132.4311,69.6828],[-132.4359,69.7044],[-132.4505,69.7078],[-132.5788,69.6679],[-132.6272,69.6741],[-132.5863,69.6945],[-132.5484,69.743],[-132.3932,69.7524],[-132.2774,69.7743],[-132.2572,69.7703],[-132.4838,69.7362],[-132.2914,69.7362],[-132.3187,69.715],[-132.2368,69.715],[-132.1389,69.6879],[-132.1214,69.719],[-132.0999,69.7277],[-131.9997,69.7408],[-131.9293,69.7707],[-131.819,69.7767],[-131.7564,69.8112],[-131.7647,69.8269],[-131.7494,69.8364],[-131.6201,69.8764],[-131.4513,69.8963],[-131.4213,69.9143],[-131.4486,69.9143],[-131.4083,69.9615],[-131.2406,69.9331],[-131.2015,69.8832],[-131.2195,69.8619],[-131.2178,69.8419],[-131.1885,69.8249],[-131.1537,69.8659],[-131.1885,69.8659],[-131.168,69.8869],[-131.0848,69.8926],[-130.999,70.0121],[-130.9278,70.0303],[-131.024,70.0303],[-130.8936,70.106],[-130.9172,70.075],[-130.903,70.0683],[-130.8592,70.0924],[-130.7602,70.1107],[-130.7512,70.1297],[-130.7228,70.132],[-130.7086,70.1266],[-130.7471,70.09],[-130.7428,70.0788],[-130.723,70.0786],[-130.6639,70.0981],[-130.6609,70.1365],[-130.5767,70.1414],[-130.5419,70.1737],[-130.5153,70.1772],[-130.4616,70.175],[-130.5381,70.1529],[-130.5504,70.134],[-130.5198,70.1048],[-130.4827,70.1203],[-130.5238,70.1266],[-130.5044,70.1389],[-130.4198,70.1362],[-130.3996,70.1509],[-130.4064,70.1613],[-130.3851,70.1657],[-130.3524,70.1349],[-130.3245,70.1402],[-130.3264,70.1098],[-130.2909,70.106],[-130.3381,70.0856],[-130.2494,70.0856],[-130.16,70.106],[-130.191,70.0729],[-130.1869,70.0526],[-130.0982,70.1129],[-130.0786,70.101],[-130.0985,70.0788],[-129.9537,70.1027],[-129.9346,70.0986],[-129.9925,70.0751],[-129.9317,70.0761],[-129.8863,70.0856],[-129.8937,70.0986],[-129.8583,70.106],[-129.8641,70.1336],[-129.79,70.1812],[-129.831,70.2023],[-129.7753,70.2295],[-129.7211,70.2296],[-129.7401,70.2434],[-129.7285,70.2562],[-129.6739,70.2699],[-129.6802,70.2569],[-129.6485,70.2515],[-129.6535,70.2221],[-129.6151,70.217],[-129.592,70.1955],[-129.633,70.1675],[-129.5441,70.1676],[-129.5054,70.1481],[-129.4549,70.147],[-129.4994,70.1177],[-129.4682,70.0908],[-129.4201,70.134],[-129.4065,70.1212],[-129.4406,70.0683],[-129.4748,70.0529],[-129.5573,70.044],[-129.4952,70.0303],[-129.5998,69.9912],[-130.1107,69.8691],[-130.2687,69.8403],[-130.3192,69.849],[-130.4141,69.8004],[-130.479,69.7805],[-130.5271,69.7839],[-130.5712,69.7596],[-130.5647,69.743],[-130.5911,69.7077],[-130.7897,69.6776],[-130.8468,69.6062],[-130.9412,69.5659],[-131.0302,69.5996],[-131.048,69.6437],[-131.0858,69.6331],[-131.1659,69.6362],[-131.2601,69.6036],[-131.3455,69.6058],[-131.3319,69.5779],[-131.3939,69.5779],[-131.4213,69.5921],[-131.5032,69.5717],[-131.6683,69.5779],[-131.6526,69.554],[-131.6634,69.5358],[-131.6955,69.5581],[-131.7594,69.57],[-131.8942,69.5369],[-131.9836,69.5369],[-132.0785,69.4822],[-132.0468,69.465],[-132.1061,69.4418],[-132.0922,69.4208],[-132.1406,69.414],[-132.0785,69.3861],[-132.1143,69.3615],[-132.3467,69.3076],[-132.3153,69.2673],[-132.3119,69.2563],[-132.3249,69.2492],[-132.36,69.2728],[-132.387,69.311],[-132.4348,69.3041],[-132.4348,69.2529],[-132.4862,69.2359],[-132.4764,69.2222],[-132.4975,69.1601],[-132.5164,69.2672],[-132.5447,69.2905],[-132.6204,69.2905],[-132.6685,69.2631],[-132.7712,69.2563],[-132.772,69.2362],[-132.8463,69.2086],[-132.8258,69.2043],[-132.8335,69.1876],[-132.9079,69.1308],[-132.8953,69.112],[-132.8326,69.113],[-132.8998,69.0764],[-132.9084,69.0441],[-132.8811,68.9923],[-132.892,68.9827],[-132.9293,69.0001],[-132.922,69.0236],[-132.9493,69.0441],[-132.9291,69.0627],[-132.9289,69.0816],[-133.0226,69.0552],[-133.1007,69.072],[-133.1191,69.0498],[-133.2027,69.0379],[-133.2169,69.0093],[-133.2032,68.9888],[-133.2504,68.9683],[-133.2094,68.9479],[-133.2367,68.9138],[-133.354,68.8659],[-133.4012,68.8933],[-133.3758,68.8953],[-133.3629,68.9118],[-133.4701,68.8933],[-133.4285,68.8585],[-133.4913,68.8425],[-133.4831,68.8175],[-133.451,68.7912],[-133.304,68.7448],[-133.2352,68.7377],[-133.2115,68.7296],[-133.2094,68.7151],[-133.0657,68.694],[-132.922,68.694],[-132.9744,68.7203],[-133.0381,68.722],[-133.004,68.7077],[-133.1489,68.7238],[-133.1766,68.7484],[-133.2562,68.7639],[-133.2618,68.7794],[-133.2507,68.7911],[-133.1925,68.7668],[-133.1405,68.7629],[-133.1567,68.7756],[-133.2718,68.8051],[-133.3304,68.7946],[-133.3603,68.8039],[-133.3398,68.8175],[-133.3882,68.8454],[-133.2367,68.8659],[-133.1075,68.8059],[-133.0654,68.8039],[-133.0729,68.8175],[-133.0372,68.8258],[-132.9289,68.8039],[-132.964,68.8447],[-132.963,68.8585],[-132.9403,68.8633],[-132.8649,68.8463],[-132.7257,68.7907],[-132.7095,68.7966],[-132.7113,68.8105],[-132.7439,68.8312],[-132.7054,68.837],[-132.4832,68.8054],[-132.4591,68.8376],[-132.4211,68.8386],[-132.3939,68.8659],[-132.5502,68.9201],[-132.5794,68.9069],[-132.4838,68.8858],[-132.5107,68.878],[-132.62,68.892],[-132.6545,68.879],[-132.6449,68.8588],[-132.676,68.8486],[-132.7845,68.851],[-132.7911,68.859],[-132.7781,68.8727],[-132.7253,68.8746],[-132.7098,68.8858],[-132.8169,68.9077],[-132.8326,68.9211],[-132.8109,68.9373],[-132.6756,68.9274],[-132.7404,68.9607],[-132.8498,68.9858],[-132.8647,69.0092],[-132.8586,69.0329],[-132.8265,69.0441],[-132.845,69.0583],[-132.8736,69.0578],[-132.839,69.0832],[-132.6614,69.0919],[-132.5788,69.1297],[-132.4838,69.1471],[-132.4528,69.1707],[-132.4565,69.1949],[-132.4153,69.2379],[-132.4081,69.2257],[-132.4311,69.1429],[-132.4491,69.1396],[-132.4696,69.113],[-132.3728,69.1493],[-132.3482,69.2169],[-132.327,69.2337],[-132.295,69.2308],[-132.2958,69.2054],[-132.3467,69.1949],[-132.3009,69.182],[-132.2766,69.184],[-132.2405,69.2133],[-132.2026,69.2188],[-132.1958,69.2112],[-132.2362,69.1481],[-132.2045,69.1647],[-132.1679,69.2154],[-132.1755,69.2339],[-132.1614,69.2461],[-132.1269,69.2495],[-132.1201,69.2353],[-132.0882,69.2337],[-132.0312,69.2545],[-131.9659,69.2593],[-131.9556,69.2837],[-131.8805,69.3184],[-131.9134,69.2875],[-131.8804,69.2847],[-131.8081,69.3204],[-131.7154,69.4003],[-131.8563,69.3764],[-131.8594,69.4003],[-131.8939,69.4109],[-131.9556,69.3995],[-131.9767,69.4078],[-131.9112,69.4281],[-131.6471,69.4283],[-131.6767,69.4488],[-131.6736,69.4637],[-131.613,69.4761],[-131.4759,69.4572],[-131.4276,69.4351],[-131.4895,69.4003],[-131.4827,69.3594],[-131.5379,69.3389],[-131.5149,69.3359],[-131.4144,69.373],[-131.3937,69.4228],[-131.3597,69.4208],[-131.3802,69.4543],[-131.3319,69.4481],[-131.3394,69.4702],[-131.317,69.4938],[-131.2437,69.4078],[-131.2738,69.4993],[-131.2521,69.5039],[-131.2213,69.4541],[-131.2112,69.3984],[-131.2363,69.3808],[-131.3194,69.3626],[-131.4075,69.3148],[-131.4144,69.2979],[-131.3478,69.3171],[-131.2629,69.3662],[-131.2002,69.373],[-131.1611,69.3935],[-131.1673,69.4283],[-131.1475,69.4481],[-131.1674,69.4675],[-131.1611,69.4959],[-131.2325,69.5419],[-131.2554,69.5756],[-131.2431,69.5854],[-131.1588,69.5224],[-131.1151,69.5168],[-131.1264,69.4447],[-131.1127,69.4208],[-131.1475,69.3861],[-131.1381,69.3698],[-131.0891,69.415],[-131.0618,69.4891],[-131.0829,69.5336],[-131.1735,69.571],[-131.1947,69.5921],[-131.1833,69.6069],[-131.1278,69.621],[-131.0929,69.6105],[-131.0902,69.5856],[-131.1065,69.5779],[-131.0522,69.531],[-131.0302,69.4618],[-131.082,69.3559],[-131.1195,69.3253],[-131.0411,69.3668],[-130.9705,69.4753],[-130.9972,69.5184],[-130.9861,69.5414],[-130.9789,69.5505],[-130.9477,69.5389],[-130.9388,69.4243],[-130.9967,69.3662],[-131.0513,69.3389],[-131.0228,69.3092],[-130.9573,69.3803],[-130.9113,69.3962],[-130.9009,69.3856],[-130.9186,69.3265],[-130.9922,69.271],[-130.9997,69.2321],[-131.0262,69.206],[-131.008,69.1976],[-131.024,69.1745],[-131.0119,69.1451],[-130.9278,69.1396],[-130.9542,69.1788],[-130.9315,69.2137],[-130.9551,69.2631],[-130.9451,69.2767],[-130.8699,69.327],[-130.7974,69.3525],[-130.8257,69.3815],[-130.6868,69.4183],[-130.6615,69.4327],[-130.6466,69.4618],[-130.7502,69.4543],[-130.4474,69.5854],[-130.4586,69.6106],[-130.4511,69.6229],[-130.3381,69.6815],[-130.3797,69.6945],[-130.1671,69.7117],[-129.702,69.789],[-129.6051,69.8249],[-129.1229,69.8561],[-129.0436,69.8899],[-128.9654,69.9645],[-128.8861,69.9763],[-128.8584,69.9553],[-128.8907,69.9705],[-128.913,69.9109],[-128.9579,69.8941],[-128.9329,69.8454],[-129.114,69.8477],[-129.1737,69.8323],[-129.1327,69.7771],[-129.1536,69.7035],[-128.9941,69.6794],[-128.9415,69.6824],[-128.9198,69.6877],[-128.9747,69.7192],[-128.9676,69.7324],[-128.8033,69.7584],[-128.6005,69.8693],[-128.4264,69.9348],[-128.3104,69.9627],[-128.324,69.9695],[-128.3104,69.9894],[-128.3171,70.0241],[-128.3472,70.0396],[-128.3702,70.0974],[-128.3372,70.1298],[-128.1111,70.1887],[-127.9928,70.1815],[-127.8864,70.2091],[-127.5868,70.2377],[-127.5152,70.2221],[-127.582,70.2509],[-128.0324,70.2937],[-128.0605,70.3064],[-128.0639,70.3251],[-128.1111,70.3668],[-127.9584,70.3482],[-127.9283,70.3857],[-127.9062,70.3941],[-127.9422,70.4018],[-128.0633,70.3798],[-128.1782,70.3799],[-128.2005,70.4009],[-128.1959,70.447],[-128.1634,70.4955],[-128.1185,70.5361],[-128.0093,70.579],[-128.0018,70.5927],[-127.6984,70.5002],[-127.4452,70.4059],[-127.2308,70.3099],[-127.1365,70.2529],[-126.9908,70.1095],[-126.9289,70.0644],[-126.8846,70.0105],[-126.7748,69.9757],[-126.7952,69.9757],[-126.7917,69.9503],[-126.7685,69.9348],[-126.8102,69.9119],[-126.8058,69.8986],[-126.7018,69.7674],[-126.2452,69.5253],[-125.9386,69.414],[-125.8083,69.3861],[-125.6854,69.3935],[-125.6581,69.3764],[-125.6103,69.373],[-125.5926,69.3525],[-125.4488,69.3192],[-125.413,69.3229],[-125.3701,69.3525],[-125.3975,69.3662],[-125.3906,69.373],[-125.4545,69.3869],[-125.4731,69.4003],[-125.4595,69.414],[-125.4302,69.399],[-125.1612,69.3861],[-125.1169,69.4208],[-125.1435,69.4345],[-125.089,69.4543],[-125.151,69.4543],[-125.1169,69.4687],[-125.2241,69.4684],[-125.2534,69.4618],[-125.2472,69.4481],[-125.2615,69.4476],[-125.3019,69.4543],[-125.2882,69.4687],[-125.3036,69.4739],[-125.624,69.4208],[-125.5756,69.4618],[-125.583,69.4761],[-125.5005,69.4761],[-125.5126,69.4923],[-125.484,69.5137],[-125.3087,69.5028],[-125.336,69.5233],[-125.3165,69.5275],[-125.2472,69.5028],[-125.1169,69.4897],[-125.2408,69.5176],[-125.2745,69.5369],[-125.2677,69.5443],[-125.2943,69.5512],[-125.2193,69.5854],[-125.4384,69.6126],[-125.3863,69.6147],[-125.3769,69.6263],[-125.4186,69.6406],[-125.3701,69.6945],[-125.3373,69.7028],[-125.2336,69.6945],[-125.1435,69.7287],[-125.089,69.7287],[-125.0858,69.7464],[-125.068,69.751],[-124.9701,69.7332],[-124.9369,69.65],[-124.88,69.6778],[-124.8616,69.7132],[-124.822,69.715],[-124.9261,69.7526],[-125.077,69.7594],[-125.1715,69.7771],[-125.2399,69.7711],[-125.2609,69.7908],[-125.2534,69.7976],[-125.2814,69.8112],[-125.1805,69.8573],[-125.166,69.8549],[-125.1689,69.8021],[-125.0646,69.7994],[-125.0237,69.8317],[-125.0275,69.8659],[-124.9767,69.8867],[-124.9151,69.9351],[-124.6954,69.9794],[-124.6393,69.9739],[-124.6302,69.9863],[-124.6505,70.0111],[-124.6849,70.0241],[-124.7401,69.9757],[-124.7659,69.9722],[-124.8562,69.9894],[-124.7947,70.0105],[-124.8141,70.0159],[-124.9029,70.0161],[-124.9315,69.9962],[-124.9927,70.0105],[-125.0554,69.9894],[-125.048,69.9757],[-125.0917,69.9769],[-125.1299,69.9627],[-125.1026,69.9484],[-125.1715,69.9484],[-125.2095,69.9355],[-125.2193,69.9484],[-125.1849,69.9732],[-125.2062,70.0031],[-125.0347,70.0613],[-125.0138,70.0856],[-124.9835,70.0783],[-124.9877,70.0456],[-125.048,70.0303],[-125.0061,70.02],[-124.8964,70.0243],[-124.8562,70.0372],[-124.9592,70.0372],[-124.822,70.0714],[-124.8084,70.0576],[-124.6505,70.0749],[-124.5955,70.0372],[-124.5999,70.0219],[-124.5765,70.0148],[-124.5456,70.0189],[-124.5272,70.0372],[-124.562,70.0372],[-124.528,70.061],[-124.4529,70.0424],[-124.4173,70.0515],[-124.465,70.0867],[-124.5352,70.072],[-124.5824,70.0856],[-124.5182,70.0937],[-124.5067,70.106],[-124.5941,70.1164],[-124.7401,70.0924],[-124.6849,70.1129],[-124.7532,70.1201],[-124.7504,70.132],[-124.702,70.1513],[-124.6023,70.147],[-124.5546,70.1613],[-124.5067,70.147],[-124.4081,70.1554],[-124.3839,70.1402],[-124.4439,70.1112],[-124.3915,70.0949],[-124.3627,70.0714],[-124.3904,70.0205],[-124.5067,70.0105],[-124.4173,69.9962],[-124.4722,69.9936],[-124.4867,69.9768],[-124.5409,69.9695],[-124.4354,69.9553],[-124.4317,69.9431],[-124.4499,69.9198],[-124.5069,69.9163],[-124.4462,69.8908],[-124.4521,69.8733],[-124.4432,69.8681],[-124.4037,69.8597],[-124.452,69.8345],[-124.472,69.8153],[-124.4726,69.7976],[-124.4912,69.7966],[-124.4812,69.7592],[-124.5067,69.7362],[-124.4803,69.7209],[-124.4144,69.7243],[-124.3261,69.698],[-124.2851,69.7009],[-124.2016,69.732],[-124.0748,69.7287],[-124.0406,69.7088],[-124.0543,69.6877],[-124.0344,69.6815],[-124.1846,69.6331],[-124.2096,69.616],[-124.2399,69.5512],[-124.4291,69.4735],[-124.4396,69.4479],[-124.4173,69.414],[-124.5211,69.4078],[-124.4228,69.3666],[-124.1588,69.3481],[-124.0946,69.3591],[-124.0543,69.3935],[-124.0611,69.3799],[-124.0065,69.3451],[-123.9942,69.353],[-124.0201,69.3799],[-124.0101,69.3966],[-123.9831,69.4044],[-123.8819,69.3736],[-123.8088,69.3874],[-123.7963,69.3813],[-123.8016,69.3662],[-123.727,69.3775],[-123.6636,69.3594],[-123.3827,69.414],[-123.4374,69.4263],[-123.4432,69.4769],[-123.3553,69.5028],[-123.1656,69.5004],[-123.1636,69.5369],[-123.1295,69.5748],[-123.1636,69.616],[-123.1005,69.6754],[-123.1137,69.7437],[-123.1573,69.7703],[-123.0777,69.7878],[-122.951,69.8386],[-122.7725,69.7949],[-122.7458,69.8323],[-122.4811,69.8021],[-122.3526,69.8142],[-122.1721,69.8045],[-122.036,69.8187],[-121.6439,69.789],[-121.56,69.7695],[-121.4278,69.7668],[-120.8074,69.6235],[-120.6808,69.5567],[-120.6808,68.0156],[-120.6696,67.997],[-112.5039,65.5013],[-110.6694,65.4961],[-109.5163,64.9019],[-109.2151,64.812],[-108.9729,64.7782],[-102.1204,64.2476],[-101.9991,64.2274],[-101.9866,64.0792],[-102.0056,63.8482],[-102.0016,60.0001],[-110.0,60.0001],[-120.0,60.0001],[-123.8191,60.0001],[-123.865,60.0383],[-124.0256,60.0199],[-124.0259,60.042],[-123.9808,60.0985],[-124.0138,60.1526],[-124.1026,60.2172],[-124.1957,60.3301],[-124.2132,60.3737],[-124.2063,60.4311],[-124.2162,60.4613],[-124.2824,60.4836],[-124.4164,60.4793],[-124.4573,60.5688],[-124.5791,60.6401],[-124.6197,60.6821],[-124.6027,60.7183],[-124.5042,60.7617],[-124.4787,60.7879],[-124.5341,60.8546],[-124.5665,60.939],[-124.5986,60.9645],[-124.7474,60.9546],[-124.8058,60.9682],[-124.8687,60.9262],[-124.869,60.8634],[-124.8919,60.8551],[-125.1786,60.8497],[-125.2807,60.8007],[-125.3642,60.782],[-125.5466,60.8222],[-125.7154,60.834],[-125.826,60.8831],[-125.9014,60.8947],[-125.9613,60.8685],[-125.9921,60.812],[-126.0142,60.8035],[-126.0938,60.8147],[-126.1141,60.8265],[-126.1074,60.859],[-126.1217,60.8657],[-126.2012,60.864],[-126.2441,60.8456],[-126.2198,60.8219],[-126.2215,60.806],[-126.2885,60.7796],[-126.4124,60.7793],[-126.5103,60.8145],[-126.5728,60.7994],[-126.6749,60.7456],[-126.7727,60.7837],[-126.8339,60.7549],[-126.8845,60.7819],[-126.8947,60.8073],[-126.8809,60.833],[-126.9162,60.8523],[-126.9198,60.9141],[-126.9008,60.9457],[-126.9344,61.0005],[-126.9365,61.059],[-126.9909,61.0658],[-127.0583,61.0427],[-127.1,61.0707],[-127.0928,61.0901],[-127.0443,61.1034],[-127.0122,61.127],[-127.0307,61.1535],[-127.0072,61.1877],[-127.0352,61.2838],[-127.0691,61.3337],[-127.0632,61.3699],[-127.1208,61.397],[-127.1457,61.4652],[-127.3127,61.5216],[-127.3881,61.5065],[-127.5479,61.5125],[-127.6693,61.5512],[-127.7026,61.5897],[-127.8069,61.6109],[-127.9132,61.6789],[-127.9813,61.694],[-128.0057,61.7264],[-128.0087,61.7746],[-128.0843,61.85],[-128.1363,61.8583],[-128.1988,61.8463],[-128.2247,61.8584],[-128.2394,61.9067],[-128.2772,61.9467],[-128.3813,61.9902],[-128.3911,61.999],[-128.3822,62.0311],[-128.505,62.0829],[-128.5466,62.1218],[-128.685,62.1203],[-128.7236,62.1054],[-128.7791,62.0569],[-128.8485,62.0687],[-128.8656,62.1027],[-128.8938,62.1173],[-129.0145,62.1364],[-129.13,62.1161],[-129.2388,62.1518],[-129.2876,62.1534],[-129.2941,62.162],[-129.2831,62.1729],[-129.2018,62.2105],[-129.2772,62.2652],[-129.3094,62.3212],[-129.2707,62.3558],[-129.2158,62.3776],[-129.2824,62.3974],[-129.3047,62.423],[-129.2826,62.4305],[-129.2695,62.4573],[-129.1995,62.4625],[-129.1716,62.4791],[-129.1969,62.5072],[-129.3342,62.5368],[-129.4515,62.5904],[-129.552,62.5664],[-129.5689,62.5801],[-129.5538,62.593],[-129.4955,62.6077],[-129.4939,62.6284],[-129.5199,62.6435],[-129.5169,62.6726],[-129.5711,62.7014],[-129.6242,62.7054],[-129.6258,62.7281],[-129.6483,62.7492],[-129.6365,62.7615],[-129.7733,62.8686],[-129.7652,62.8853],[-129.7024,62.8923],[-129.721,62.9093],[-129.7067,62.9498],[-129.6711,62.9756],[-129.6638,63.0026],[-129.5997,63.0467],[-129.6138,63.0722],[-129.7365,63.0639],[-129.8447,63.0913],[-129.8352,63.1148],[-129.9053,63.1969],[-129.9774,63.207],[-130.0344,63.2615],[-130.058,63.2695],[-130.1501,63.2681],[-130.1294,63.3165],[-129.9189,63.3733],[-129.9067,63.3838],[-129.9091,63.4391],[-129.8944,63.4548],[-129.8228,63.4779],[-129.8872,63.5634],[-129.9554,63.5833],[-129.9558,63.6173],[-130.0937,63.6333],[-130.0855,63.6482],[-130.1067,63.6658],[-130.0858,63.6879],[-130.0945,63.6975],[-130.1286,63.7026],[-130.2519,63.6668],[-130.318,63.703],[-130.2788,63.737],[-130.1079,63.7666],[-130.098,63.7823],[-130.1144,63.804],[-130.2025,63.8015],[-130.3625,63.8415],[-130.4333,63.8901],[-130.5298,63.9338],[-130.5811,63.9256],[-130.7399,63.9734],[-130.7754,64.0106],[-130.7508,64.0353],[-130.7567,64.0467],[-130.8626,64.0419],[-130.8593,64.0772],[-130.942,64.1289],[-130.9405,64.15],[-130.8727,64.1905],[-130.9335,64.2084],[-130.9753,64.2644],[-131.0605,64.2795],[-131.0035,64.3252],[-131.0708,64.3584],[-131.0677,64.3756],[-131.1456,64.4241],[-131.2527,64.4331],[-131.3845,64.4679],[-131.4112,64.4565],[-131.4266,64.4159],[-131.5989,64.3689],[-131.6822,64.3923],[-131.8186,64.3775],[-131.8261,64.387],[-131.8058,64.4266],[-131.6817,64.5212],[-131.7369,64.547],[-131.8487,64.5558],[-131.9376,64.5965],[-132.0538,64.6964],[-132.1587,64.7059],[-132.3206,64.7686],[-132.4828,64.7843],[-132.5555,64.7706],[-132.6153,64.8155],[-132.6097,64.8356],[-132.4812,64.8799],[-132.4825,64.905],[-132.5134,64.9434],[-132.5075,64.9645],[-132.433,64.9824],[-132.4088,65.0142],[-132.3344,65.0315],[-132.3706,65.0809],[-132.4791,65.0832],[-132.5529,65.1031],[-132.5266,65.1574],[-132.5536,65.1806],[-132.5908,65.1912],[-132.6266,65.1721],[-132.6788,65.1711],[-132.6936,65.1557],[-132.7158,65.1564],[-132.7877,65.1879],[-132.7252,65.1912],[-132.7147,65.1964],[-132.7202,65.2088],[-132.7813,65.2262],[-132.7134,65.2286],[-132.6467,65.2743],[-132.5545,65.2841],[-132.5534,65.327],[-132.5299,65.3525],[-132.3743,65.417],[-132.3569,65.4359],[-132.3221,65.4398],[-132.3108,65.4829],[-132.2794,65.5131],[-132.2761,65.5447],[-132.2054,65.5695],[-132.1726,65.5945],[-132.2197,65.6587],[-132.2783,65.6898],[-132.2941,65.7195],[-132.3707,65.7715],[-132.5694,65.8441],[-132.5645,65.8672],[-132.5134,65.9029],[-132.3344,65.9467],[-132.3413,65.9793],[-132.3911,65.9966],[-132.4819,65.9771],[-132.5202,65.9879],[-132.5335,66.0129],[-132.5615,66.0293],[-132.6246,66.0288],[-132.7814,65.9689],[-132.8022,65.9523],[-132.8128,65.9221],[-132.9355,65.9074],[-132.9939,65.9231],[-132.9189,65.9797],[-132.9072,66.0031],[-132.9204,66.0255],[-132.9554,66.0297],[-133.1274,66.0233],[-133.2817,65.9863],[-133.3307,65.9869],[-133.3876,65.947],[-133.6118,65.9619],[-133.6313,65.9854],[-133.6084,66.0499],[-133.6774,66.0568],[-133.7047,66.072],[-133.6641,66.1204],[-133.5672,66.1538],[-133.558,66.18],[-133.5766,66.2212],[-133.5643,66.2606],[-133.5843,66.2927],[-133.6335,66.3032],[-133.7612,66.2967],[-133.8191,66.3102],[-133.7659,66.3821],[-133.7597,66.4371],[-133.7323,66.453],[-133.6515,66.4356],[-133.6294,66.4453],[-133.6925,66.5198],[-133.5919,66.5692],[-133.6779,66.5908],[-133.7251,66.635],[-133.7754,66.6467],[-133.7819,66.6566],[-133.7552,66.6801],[-133.8342,66.7258],[-133.8314,66.7401],[-133.7795,66.7646],[-133.7633,66.7986],[-133.77,66.8089],[-133.8184,66.8303],[-133.8419,66.8625],[-133.9249,66.9124],[-134.0723,66.9443],[-134.0912,66.9638],[-134.045,66.9852],[-133.873,66.9864],[-133.8311,67.0034],[-136.1674,67.006],[-136.2216,67.0644],[-136.2248,67.1101],[-136.2035,67.146],[-136.2374,67.178],[-136.1382,67.2246],[-136.1202,67.2759],[-136.0952,67.2972],[-136.138,67.3596],[-136.1161,67.3773],[-136.2009,67.4081],[-136.1738,67.4934],[-136.1573,67.5042],[-136.1811,67.5222],[-136.1983,67.5787],[-136.2465,67.6202],[-136.4233,67.6574],[-136.4249,67.6937],[-136.4448,67.7256],[-136.4449,68.9099]]],[[[-116.8558,69.6476],[-116.9667,69.6855],[-117.0974,69.7043],[-117.1436,69.7319],[-117.2521,69.7641],[-117.2837,69.8294],[-117.3673,69.9169],[-117.3812,69.9512],[-117.442,69.9894],[-117.3581,70.0465],[-117.1951,70.0924],[-116.9651,70.1291],[-116.5115,70.1634],[-116.0327,70.2203],[-114.5094,70.3153],[-114.1847,70.3157],[-114.0384,70.2812],[-113.6427,70.2624],[-113.4769,70.2836],[-112.9934,70.2314],[-112.9669,70.2365],[-112.9874,70.2501],[-112.9647,70.2534],[-112.5863,70.2],[-112.5212,70.2085],[-112.5833,70.2221],[-112.527,70.2452],[-112.4018,70.2296],[-112.3431,70.2365],[-112.3915,70.2501],[-112.3741,70.2617],[-112.1376,70.2773],[-112.2709,70.2844],[-112.3089,70.2978],[-112.2609,70.3093],[-111.9374,70.2637],[-111.8371,70.2735],[-111.7164,70.2619],[-111.6375,70.2806],[-111.5487,70.2699],[-111.4456,70.2904],[-111.4784,70.3001],[-111.5609,70.2951],[-111.5896,70.3122],[-111.4866,70.332],[-111.5156,70.3524],[-111.8088,70.3521],[-111.9811,70.3791],[-112.0694,70.4145],[-112.1224,70.4798],[-112.1724,70.5033],[-112.2815,70.5056],[-112.3522,70.5246],[-112.412,70.5107],[-112.4564,70.5381],[-112.538,70.5186],[-112.7253,70.5692],[-112.8461,70.5699],[-112.8666,70.5432],[-113.0536,70.5902],[-113.1059,70.6185],[-113.193,70.6102],[-113.2107,70.6308],[-113.2071,70.6479],[-113.3627,70.6474],[-113.503,70.6838],[-113.5203,70.6765],[-113.5255,70.6575],[-113.5614,70.6431],[-113.7196,70.6919],[-113.9884,70.7162],[-114.1831,70.6678],[-114.3468,70.6865],[-114.5063,70.6445],[-114.8734,70.6278],[-115.0436,70.6042],[-115.2414,70.6111],[-115.4956,70.5995],[-115.5607,70.579],[-115.7289,70.6064],[-116.0386,70.5792],[-116.1875,70.598],[-116.2077,70.6072],[-116.2042,70.6161],[-116.1671,70.62],[-116.2334,70.6397],[-116.5833,70.6333],[-116.6829,70.6083],[-116.9886,70.6025],[-117.236,70.62],[-117.3306,70.6027],[-117.3741,70.6287],[-117.5134,70.62],[-117.5172,70.6064],[-117.5506,70.6019],[-117.6978,70.6356],[-117.7358,70.6624],[-117.709,70.6951],[-117.7339,70.7134],[-118.1868,70.8394],[-118.3218,70.9068],[-118.4215,70.9905],[-118.3865,71.0222],[-117.798,71.1704],[-117.4749,71.1855],[-117.0954,71.2438],[-116.9001,71.2402],[-116.8183,71.2643],[-116.8387,71.2705],[-116.8063,71.2909],[-116.2688,71.3639],[-116.1034,71.3767],[-116.0778,71.3673],[-116.174,71.3537],[-116.1269,71.3463],[-116.0506,71.364],[-115.7646,71.3677],[-115.7289,71.3872],[-115.9039,71.3935],[-116.0663,71.4198],[-116.2058,71.4262],[-116.215,71.4356],[-116.1903,71.4445],[-116.0477,71.4446],[-115.742,71.5107],[-115.7625,71.497],[-115.7494,71.4848],[-115.6127,71.498],[-115.5679,71.4721],[-115.419,71.4518],[-115.3243,71.4765],[-115.2066,71.4832],[-115.0568,71.525],[-115.1091,71.5356],[-115.297,71.497],[-115.4303,71.4894],[-115.557,71.5107],[-115.4547,71.5386],[-115.608,71.5554],[-115.8236,71.5482],[-115.887,71.5305],[-116.1849,71.5003],[-116.5528,71.4792],[-116.6346,71.4548],[-116.7323,71.4551],[-116.821,71.4326],[-117.0482,71.4374],[-117.2054,71.4036],[-117.2902,71.405],[-117.3902,71.3872],[-117.4172,71.3945],[-117.3806,71.4523],[-117.4762,71.456],[-117.4489,71.4697],[-117.5006,71.4958],[-117.5649,71.5039],[-117.5506,71.4902],[-117.6296,71.4722],[-117.6316,71.4626],[-117.6066,71.4486],[-117.4983,71.441],[-117.483,71.4213],[-117.5513,71.3742],[-117.709,71.3872],[-117.7015,71.394],[-117.7279,71.4044],[-117.7995,71.3741],[-117.901,71.3872],[-118.162,71.379],[-118.2432,71.3934],[-118.3088,71.4322],[-118.3083,71.4699],[-118.2528,71.5024],[-118.1273,71.5386],[-117.9315,71.5455],[-117.7836,71.5289],[-117.7574,71.5386],[-117.8393,71.5585],[-117.6721,71.5587],[-117.6537,71.5722],[-117.8968,71.6159],[-117.9417,71.6],[-117.9693,71.6217],[-117.9434,71.6431],[-117.8666,71.6411],[-117.6953,71.6684],[-117.7215,71.6777],[-118.0763,71.665],[-118.182,71.6274],[-118.1739,71.6078],[-118.2049,71.5985],[-118.356,71.5932],[-118.4093,71.5798],[-118.4289,71.5795],[-118.3942,71.6131],[-118.3983,71.6248],[-118.4557,71.6411],[-118.4613,71.6531],[-118.5907,71.6699],[-118.644,71.6479],[-118.689,71.6615],[-118.8632,71.6589],[-118.8535,71.6479],[-118.9081,71.6206],[-118.8672,71.5932],[-118.8886,71.583],[-119.0509,71.6268],[-119.0931,71.6684],[-119.1376,71.7744],[-119.0928,71.8987],[-119.0543,71.9353],[-118.9479,71.9919],[-118.825,72.0386],[-118.7475,72.0532],[-118.7098,72.0816],[-118.71,72.1005],[-118.7231,72.1078],[-118.7064,72.1269],[-118.5767,72.1794],[-118.442,72.1828],[-118.1278,72.2272],[-118.1056,72.2477],[-118.1249,72.3095],[-118.1745,72.3384],[-118.4289,72.3467],[-118.5406,72.3732],[-118.5856,72.4079],[-118.5934,72.4287],[-118.5687,72.4778],[-118.5128,72.5104],[-118.2384,72.5971],[-118.1898,72.6354],[-117.8673,72.7015],[-117.8083,72.7377],[-117.5956,72.7982],[-117.3693,72.9178],[-117.2082,72.9229],[-116.8948,72.9674],[-116.644,73.035],[-116.5937,73.0602],[-116.4955,73.0616],[-115.7638,73.1867],[-115.5704,73.2018],[-115.3991,73.2335],[-115.3323,73.2631],[-115.2301,73.2642],[-115.1261,73.2951],[-114.9073,73.3198],[-114.7389,73.3664],[-114.5843,73.3846],[-114.4075,73.3475],[-114.2651,73.3357],[-114.0227,73.2119],[-113.9584,73.1401],[-114.0084,73.0631],[-114.0084,73.0258],[-114.0426,72.9985],[-114.0494,72.9705],[-114.0245,72.9345],[-114.0568,72.8886],[-114.0513,72.8713],[-113.9696,72.8245],[-113.9811,72.8091],[-114.0231,72.7978],[-114.2412,72.7924],[-114.2828,72.7651],[-114.3367,72.7556],[-114.3561,72.7463],[-114.334,72.6931],[-114.248,72.6894],[-114.4048,72.6574],[-114.473,72.6243],[-114.6042,72.6075],[-114.5497,72.587],[-114.558,72.571],[-114.5461,72.5678],[-114.3607,72.5589],[-114.3395,72.5638],[-114.3218,72.5918],[-114.1261,72.6367],[-113.8849,72.6621],[-113.8985,72.6484],[-113.801,72.6403],[-113.5088,72.703],[-113.558,72.6719],[-113.734,72.6142],[-113.6596,72.6131],[-113.6196,72.6395],[-113.4794,72.6667],[-113.4398,72.6852],[-113.4398,72.7099],[-113.4126,72.7304],[-113.4433,72.7519],[-113.6041,72.7617],[-113.604,72.7775],[-113.4838,72.8405],[-113.3909,72.9116],[-113.1925,72.9933],[-113.015,73.016],[-112.5343,72.9609],[-112.3732,72.9147],[-112.2804,72.9025],[-112.0773,72.898],[-111.6478,72.8106],[-111.5522,72.8063],[-111.4838,72.7835],[-111.4562,72.7493],[-111.2196,72.7241],[-111.2333,72.6968],[-111.2089,72.6734],[-111.2668,72.5795],[-111.2893,72.566],[-111.4934,72.5106],[-111.4381,72.4914],[-111.5644,72.4411],[-111.8875,72.3677],[-111.9043,72.3467],[-111.8212,72.3239],[-111.6588,72.3595],[-111.6448,72.3405],[-111.66,72.324],[-111.7211,72.3026],[-111.7219,72.2716],[-111.7882,72.2232],[-111.7533,72.2071],[-111.7125,72.2307],[-111.6647,72.2921],[-111.6027,72.2921],[-111.4183,72.3467],[-111.5768,72.3435],[-111.6092,72.3672],[-111.5896,72.3815],[-111.4413,72.4124],[-111.3473,72.4623],[-111.2952,72.4707],[-111.2054,72.4634],[-111.2384,72.442],[-111.3699,72.4082],[-111.2811,72.402],[-111.3767,72.3542],[-111.3524,72.3476],[-111.2947,72.3741],[-111.2396,72.3716],[-111.2023,72.3405],[-111.1167,72.3327],[-111.0279,72.2853],[-111.0315,72.3131],[-111.0893,72.3741],[-111.0863,72.4083],[-110.9795,72.4504],[-111.0025,72.4638],[-110.9705,72.4798],[-110.7877,72.4771],[-110.836,72.5249],[-110.7041,72.5788],[-110.5917,72.5541],[-110.4855,72.5583],[-110.4902,72.5385],[-110.6033,72.5044],[-110.5446,72.474],[-110.3343,72.4273],[-110.3079,72.4362],[-110.4857,72.4805],[-110.5344,72.5044],[-110.4862,72.5255],[-110.4293,72.5279],[-110.3944,72.5566],[-110.3495,72.559],[-110.2399,72.5278],[-110.1627,72.4797],[-110.0577,72.4395],[-110.0037,72.4581],[-110.0,70.0001],[-112.5,70.0001],[-112.4998,69.9105],[-112.5842,69.9162],[-112.6591,69.9023],[-112.5286,69.8891],[-112.4277,69.8951],[-112.3989,69.881],[-112.4005,69.8695],[-112.4626,69.8502],[-112.6276,69.8593],[-112.6474,69.8562],[-112.6499,69.8334],[-112.8749,69.8323],[-112.881,69.9889],[-112.8988,70.0001],[-117.1237,70.0012],[-117.1436,69.888],[-116.6348,69.63],[-116.8558,69.6476]]],[[[-115.3236,73.5087],[-115.3205,73.4807],[-115.4013,73.468],[-115.4578,73.4299],[-115.5373,73.4248],[-115.7538,73.3575],[-116.2185,73.2847],[-116.4591,73.2612],[-116.503,73.238],[-116.7127,73.2013],[-116.9832,73.1197],[-117.1472,73.0935],[-117.1999,73.0695],[-117.3902,73.0555],[-117.7611,72.9717],[-118.0421,72.8859],[-118.238,72.8576],[-118.4311,72.8085],[-118.522,72.7577],[-118.7679,72.7395],[-118.9054,72.6887],[-119.1639,72.6298],[-119.1898,72.579],[-119.1819,72.5386],[-119.2507,72.5044],[-119.2462,72.4857],[-119.3053,72.4504],[-119.3296,72.3845],[-119.3048,72.3701],[-119.3402,72.3467],[-119.651,72.2739],[-119.8057,72.2232],[-120.1967,72.2443],[-120.1278,72.2642],[-120.154,72.271],[-120.2548,72.2608],[-120.2612,72.2418],[-120.1835,72.2043],[-120.1547,72.1514],[-120.1581,72.1284],[-120.1977,72.085],[-120.3065,72.0178],[-120.434,71.9643],[-120.4574,71.929],[-120.3881,71.8823],[-120.4034,71.8638],[-120.4216,71.7492],[-120.3824,71.6917],[-120.4226,71.6348],[-120.5155,71.5432],[-120.6352,71.4914],[-120.9925,71.4289],[-121.4232,71.3803],[-121.6081,71.4014],[-121.538,71.4306],[-121.6035,71.4644],[-121.7006,71.4681],[-121.8546,71.4077],[-122.123,71.2708],[-122.6295,71.175],[-122.7533,71.0998],[-122.7978,71.0878],[-123.0999,71.0846],[-123.2553,71.1304],[-123.3524,71.1828],[-123.4357,71.2486],[-123.5567,71.3981],[-123.6692,71.4948],[-123.7345,71.5272],[-123.8082,71.5425],[-123.9395,71.6533],[-124.0646,71.7004],[-124.6617,71.8046],[-124.9686,71.8906],[-125.2323,71.9413],[-125.2534,71.9557],[-125.0275,71.9632],[-124.9679,71.9427],[-124.9403,71.9499],[-124.9589,71.9666],[-125.0067,71.979],[-125.272,71.9808],[-125.5666,71.9738],[-125.7904,71.9492],[-125.8776,71.964],[-125.8083,71.9763],[-125.7416,72.0248],[-125.7202,72.0935],[-125.7506,72.1155],[-125.7953,72.114],[-125.7521,72.1477],[-125.6902,72.1684],[-125.5694,72.1754],[-125.6566,72.1938],[-125.6793,72.2307],[-125.651,72.2574],[-125.5728,72.2487],[-125.4905,72.2779],[-125.4874,72.3102],[-125.5172,72.2938],[-125.5324,72.2984],[-125.5204,72.3229],[-125.4247,72.3672],[-125.3906,72.402],[-125.4384,72.4157],[-125.3428,72.4225],[-125.3631,72.4389],[-125.3087,72.4634],[-125.2992,72.4891],[-125.1754,72.5181],[-125.0607,72.5656],[-124.9524,72.5696],[-124.9753,72.5927],[-124.9661,72.6075],[-125.0388,72.6098],[-125.1026,72.6347],[-125.0387,72.643],[-125.0275,72.6552],[-125.0554,72.6621],[-125.0445,72.673],[-124.9865,72.6689],[-124.9455,72.703],[-125.0207,72.703],[-124.9739,72.7452],[-124.9766,72.7617],[-125.0176,72.789],[-125.0275,72.8266],[-125.0828,72.8402],[-125.1134,72.8675],[-125.0682,72.8842],[-124.9515,72.8571],[-124.777,72.8955],[-124.7073,72.8879],[-124.476,72.9331],[-124.5272,72.9569],[-124.4931,72.9774],[-124.5001,72.9841],[-124.5944,72.9951],[-124.6371,73.019],[-124.6234,73.0258],[-124.7191,73.0258],[-124.6986,73.0115],[-124.7263,73.0088],[-124.8507,73.0635],[-124.8654,73.0755],[-124.8599,73.0903],[-124.8211,73.1064],[-124.7873,73.1418],[-124.6664,73.1545],[-124.6439,73.1698],[-124.6678,73.1783],[-124.671,73.1937],[-124.5741,73.2512],[-124.4894,73.3439],[-124.4037,73.3747],[-124.4056,73.39],[-124.4453,73.4193],[-124.4343,73.4285],[-124.2918,73.468],[-124.3149,73.4777],[-124.1812,73.484],[-124.1526,73.5194],[-124.0679,73.5397],[-124.0748,73.5705],[-124.0406,73.5944],[-124.077,73.6232],[-124.0738,73.6528],[-123.9171,73.6967],[-123.8414,73.7011],[-123.8284,73.7172],[-123.8485,73.7297],[-123.7738,73.7656],[-123.8225,73.8142],[-123.8828,73.8388],[-124.1453,73.8511],[-124.2132,73.8792],[-124.2251,73.8904],[-124.1976,73.9233],[-124.2672,73.9643],[-124.355,73.984],[-124.3423,73.9922],[-124.3893,74.0307],[-124.3839,74.0394],[-124.4658,74.0742],[-124.4521,74.0803],[-124.4726,74.1083],[-124.4393,74.1106],[-124.4391,74.1356],[-124.4894,74.1663],[-124.5033,74.1986],[-124.5314,74.2177],[-124.5211,74.2386],[-124.5456,74.2651],[-124.6939,74.2757],[-124.6029,74.3137],[-124.6481,74.3249],[-124.7514,74.3163],[-124.7873,74.3342],[-124.7557,74.3486],[-124.2313,74.3832],[-124.1213,74.3764],[-124.0868,74.404],[-123.4774,74.4265],[-123.3035,74.4494],[-122.6232,74.4631],[-122.1168,74.4966],[-121.786,74.5432],[-121.5808,74.5559],[-121.4295,74.5303],[-121.2773,74.5328],[-121.2108,74.5124],[-121.1324,74.51],[-121.0116,74.4704],[-120.9689,74.4215],[-120.1566,74.279],[-119.9809,74.2703],[-119.8595,74.2365],[-119.5183,74.2311],[-119.6622,74.225],[-119.6475,74.1952],[-119.685,74.1657],[-119.818,74.1043],[-119.8336,74.0707],[-119.822,74.0554],[-119.7652,74.0353],[-119.7367,74.0331],[-119.7301,74.0465],[-119.7572,74.0772],[-119.7469,74.0973],[-119.6212,74.1343],[-119.4799,74.2261],[-119.3743,74.2175],[-119.2372,74.2273],[-119.1444,74.2091],[-119.1246,74.2018],[-119.098,74.1643],[-119.1347,74.1287],[-119.0768,74.1199],[-119.0692,74.0905],[-119.1396,74.0677],[-119.1893,73.9922],[-119.069,74.0186],[-118.9826,74.0073],[-118.9519,74.0176],[-118.8777,74.0772],[-118.8051,74.1014],[-118.7955,74.1276],[-118.8739,74.1629],[-118.8832,74.1787],[-118.7254,74.2208],[-118.066,74.2807],[-117.4165,74.2325],[-116.867,74.0876],[-116.3864,73.9013],[-116.329,73.8688],[-116.2457,73.8611],[-116.1822,73.8265],[-115.9764,73.7657],[-115.923,73.73],[-115.7352,73.6831],[-115.619,73.6689],[-115.5843,73.6415],[-115.3994,73.567],[-115.3236,73.5087]]],[[[-110.0037,74.8526],[-110.0698,74.8236],[-110.0882,74.8276],[-110.0882,74.8407],[-110.1549,74.8279],[-110.3079,74.8522],[-110.4109,74.8276],[-110.3147,74.8072],[-110.344,74.7966],[-110.6661,74.7913],[-110.671,74.773],[-110.6586,74.7592],[-110.589,74.7253],[-110.6168,74.7053],[-110.774,74.6837],[-110.836,74.6563],[-110.95,74.6464],[-111.001,74.6164],[-111.2284,74.5941],[-111.3225,74.5607],[-111.411,74.5699],[-111.6575,74.5012],[-112.239,74.4484],[-112.4374,74.4135],[-113.0238,74.3959],[-113.2211,74.4046],[-113.693,74.4445],[-114.1735,74.567],[-114.1661,74.5744],[-114.3923,74.6393],[-114.4308,74.6579],[-114.4398,74.6837],[-114.395,74.7147],[-114.2344,74.7587],[-113.9719,74.8076],[-113.8295,74.814],[-113.7519,74.8343],[-113.6268,74.8428],[-113.4956,74.8392],[-113.3362,74.8624],[-113.2176,74.8459],[-113.1929,74.8624],[-113.33,74.8829],[-113.186,74.8959],[-113.111,74.9417],[-112.7978,74.9851],[-112.6978,74.9793],[-112.5491,74.9993],[-112.0631,75.008],[-111.7771,74.9851],[-111.5858,75.0064],[-111.4797,75.0468],[-111.5049,75.0587],[-111.5548,75.0477],[-111.5759,75.0604],[-111.543,75.0729],[-111.4419,75.0604],[-111.288,75.0877],[-111.3636,75.1082],[-111.2668,75.1082],[-111.26,75.1225],[-111.1516,75.1383],[-111.0279,75.1772],[-111.0688,75.1907],[-111.0216,75.2023],[-111.0067,75.2112],[-111.0136,75.218],[-110.918,75.2324],[-110.9508,75.2516],[-111.1027,75.2733],[-111.2435,75.2665],[-111.288,75.2218],[-111.3722,75.1872],[-111.4888,75.165],[-111.6243,75.1634],[-111.5616,75.1498],[-111.6783,75.1498],[-111.7535,75.1907],[-111.9235,75.1364],[-112.0592,75.1498],[-112.3461,75.1215],[-112.4182,75.1282],[-112.4735,75.1498],[-112.3616,75.1739],[-112.2953,75.205],[-112.3915,75.2112],[-112.3369,75.2255],[-112.4049,75.246],[-112.4614,75.2228],[-112.4666,75.2112],[-112.4389,75.2051],[-112.4364,75.1873],[-112.5895,75.1833],[-112.6379,75.2082],[-112.5933,75.2355],[-112.5952,75.2499],[-112.6789,75.2795],[-112.6652,75.2665],[-112.6998,75.2619],[-112.741,75.205],[-112.696,75.1802],[-112.6994,75.1423],[-112.8571,75.1098],[-113.0546,75.0974],[-113.1382,75.1498],[-113.1798,75.0946],[-113.2065,75.0877],[-113.8866,75.0582],[-113.9576,75.0744],[-113.9538,75.1225],[-113.929,75.1443],[-113.6453,75.1907],[-113.7172,75.197],[-113.8661,75.1686],[-113.9069,75.1686],[-113.9395,75.1833],[-113.813,75.3239],[-113.7843,75.3397],[-113.3231,75.4241],[-113.4615,75.4187],[-113.4763,75.4219],[-113.474,75.4377],[-113.5182,75.4193],[-113.8739,75.3738],[-113.8985,75.3757],[-113.9667,75.4289],[-114.0707,75.4749],[-114.0909,75.4583],[-114.0761,75.4543],[-114.0885,75.4088],[-114.0531,75.3859],[-114.0465,75.3664],[-114.1268,75.2647],[-114.1958,75.2252],[-114.3099,75.2404],[-114.351,75.2597],[-114.3619,75.2849],[-114.4944,75.3037],[-114.5112,75.317],[-114.6151,75.2833],[-114.6017,75.2683],[-114.547,75.2734],[-114.4259,75.2584],[-114.3852,75.218],[-114.3033,75.1818],[-114.33,75.1379],[-114.4408,75.0679],[-114.9585,74.9705],[-115.0577,74.9667],[-115.1548,74.9835],[-115.196,75.0024],[-115.2252,75.0685],[-115.1734,75.0995],[-115.2038,75.151],[-115.2628,75.1833],[-115.2549,75.1658],[-115.274,75.1494],[-115.4058,75.1029],[-115.4481,75.1002],[-115.6666,75.1485],[-115.6527,75.1287],[-115.5912,75.1156],[-115.6059,75.105],[-115.5372,75.0399],[-115.5503,75.0161],[-115.5843,74.9954],[-115.6601,74.9722],[-115.7154,74.9704],[-116.2559,75.0604],[-116.0845,75.0987],[-116.0437,75.1287],[-116.2697,75.1005],[-116.3385,75.1156],[-116.2497,75.1624],[-116.244,75.2081],[-116.2565,75.2112],[-116.5455,75.1852],[-116.6122,75.1634],[-116.668,75.1272],[-116.7672,75.1222],[-116.9515,75.1619],[-117.0172,75.1495],[-117.5101,75.2011],[-117.6708,75.2445],[-117.6885,75.2597],[-117.6537,75.2795],[-117.6749,75.2932],[-117.6514,75.3057],[-117.5582,75.3143],[-117.5767,75.3366],[-117.5543,75.3581],[-117.3043,75.4583],[-117.2022,75.4808],[-116.0419,75.4848],[-115.5897,75.588],[-115.2628,75.6016],[-115.2835,75.6271],[-115.2549,75.6492],[-115.1121,75.6883],[-115.0021,75.6985],[-115.0522,75.7103],[-115.3722,75.6606],[-115.6975,75.6458],[-115.7748,75.627],[-115.9827,75.6114],[-116.1156,75.5778],[-117.1983,75.5755],[-117.239,75.5827],[-117.249,75.6091],[-117.228,75.6335],[-116.9656,75.7614],[-116.8854,75.789],[-115.8006,75.8344],[-115.7623,75.8618],[-115.5781,75.8344],[-114.875,75.8674],[-114.8274,75.8794],[-114.806,75.8923],[-114.8125,75.9022],[-114.8577,75.9108],[-115.6977,75.8867],[-115.7616,75.8961],[-116.2025,75.8681],[-116.7081,75.8996],[-116.7363,75.9374],[-116.7139,75.9612],[-116.6161,75.9763],[-116.4613,75.9784],[-116.5303,76.0131],[-116.4962,76.0268],[-116.542,76.0353],[-116.6583,76.0199],[-116.7016,76.0405],[-116.7059,76.0578],[-116.6303,76.1204],[-116.5712,76.1292],[-116.5262,76.1601],[-116.1627,76.2038],[-115.9464,76.2021],[-115.8411,76.185],[-115.672,76.1805],[-115.4523,76.1882],[-114.8271,76.1493],[-114.667,76.164],[-114.7063,76.1744],[-114.9753,76.1773],[-115.0403,76.2084],[-115.2793,76.237],[-115.7794,76.2373],[-115.8773,76.2532],[-115.927,76.2869],[-115.8519,76.3223],[-115.9133,76.349],[-115.5123,76.4562],[-115.0215,76.4791],[-114.8724,76.5202],[-114.7005,76.5202],[-114.7626,76.4923],[-114.4508,76.5009],[-114.1593,76.4588],[-114.1158,76.4306],[-114.0909,76.3899],[-114.1183,76.3695],[-114.1046,76.3632],[-114.1798,76.3558],[-114.1505,76.3402],[-114.1108,76.3415],[-114.1358,76.3182],[-113.9849,76.2559],[-114.0636,76.2186],[-113.963,76.1906],[-113.8738,76.2065],[-113.7135,76.205],[-113.5682,76.2347],[-113.4429,76.2412],[-113.3544,76.2661],[-113.159,76.2534],[-112.9942,76.2733],[-112.8686,76.2503],[-112.8308,76.2192],[-112.7562,76.2219],[-112.7546,76.205],[-112.6195,76.2053],[-112.4256,76.1708],[-112.5028,76.1447],[-112.5002,76.123],[-112.5257,76.121],[-112.4472,76.0798],[-112.4188,76.0507],[-112.3646,76.0336],[-112.118,76.0124],[-111.8555,75.9535],[-111.7693,75.9474],[-111.7268,75.9169],[-111.7814,75.9005],[-112.0727,75.8756],[-112.1861,75.8481],[-112.1376,75.8344],[-112.227,75.8145],[-112.1595,75.8083],[-112.0347,75.8419],[-111.9801,75.8344],[-112.0353,75.8214],[-111.949,75.8071],[-111.8673,75.8288],[-111.4591,75.8419],[-111.4467,75.8376],[-111.4933,75.8145],[-111.5964,75.8145],[-111.4589,75.7888],[-111.432,75.7661],[-111.4479,75.7578],[-111.4487,75.7423],[-111.3699,75.7326],[-111.3614,75.7152],[-111.4108,75.678],[-111.3767,75.6531],[-111.4108,75.6159],[-111.3513,75.5798],[-111.2947,75.5744],[-111.3221,75.5477],[-111.2508,75.5219],[-110.5136,75.5733],[-110.431,75.5595],[-110.4187,75.5399],[-110.0037,75.5447],[-110.0037,74.8526]]],[[[-119.3175,76.1999],[-119.4596,76.2633],[-119.4863,76.3611],[-119.5226,76.3616],[-119.535,76.3384],[-119.5759,76.3207],[-119.6715,76.3389],[-119.7169,76.3353],[-119.6776,76.3244],[-119.6554,76.2974],[-119.6604,76.2777],[-119.7107,76.267],[-119.5773,76.1962],[-119.5646,76.1718],[-119.7032,76.164],[-119.6758,76.1413],[-119.5524,76.123],[-119.5777,76.112],[-119.8057,76.1156],[-119.5233,76.0526],[-119.4917,76.0369],[-119.4773,76.0063],[-119.486,75.9749],[-119.5111,75.9672],[-119.6353,75.9956],[-119.7032,75.9443],[-119.6487,75.9377],[-119.607,75.9169],[-119.702,75.9218],[-119.7757,75.8831],[-119.8629,75.8591],[-120.0443,75.8427],[-120.0806,75.8555],[-120.097,75.8847],[-120.1609,75.8983],[-120.2597,75.8328],[-120.3874,75.8067],[-120.4388,75.8105],[-120.4779,75.8288],[-120.489,75.8471],[-120.4537,75.934],[-120.3885,75.9722],[-120.4499,75.9821],[-120.4357,76.0063],[-120.4603,76.0154],[-120.5802,76.0063],[-120.5597,75.9927],[-120.5962,75.9869],[-120.6837,76.0062],[-120.7174,76.0268],[-120.7325,76.0551],[-120.6492,76.1025],[-120.7345,76.0937],[-120.7516,76.1025],[-120.7451,76.1237],[-120.6622,76.1435],[-120.865,76.201],[-120.9888,76.164],[-121.0112,76.1389],[-120.998,76.1025],[-121.0213,76.0871],[-121.0253,76.0616],[-120.9707,76.0237],[-120.9391,75.9678],[-120.9911,75.9443],[-121.0142,75.9504],[-121.0173,75.9641],[-120.9844,75.9858],[-121.0343,76.0036],[-121.1178,76.0001],[-121.2587,75.9654],[-121.2997,75.9108],[-121.4368,75.9443],[-121.4163,75.958],[-121.4949,75.9876],[-121.8199,76.0297],[-121.8471,76.0452],[-122.0464,76.0336],[-122.1255,76.0412],[-122.15,76.0336],[-122.1289,76.0268],[-122.149,75.9971],[-122.1327,75.9913],[-122.1357,75.9784],[-122.191,75.9784],[-122.4259,75.9328],[-122.6189,75.942],[-122.7316,75.9784],[-122.598,76.0034],[-122.5603,76.0268],[-122.6257,76.0131],[-122.6981,76.0207],[-122.6019,76.0336],[-122.5261,76.0616],[-122.5336,76.0678],[-122.483,76.1024],[-122.4837,76.117],[-122.519,76.123],[-122.7049,76.1156],[-122.4926,76.1435],[-122.5745,76.1497],[-122.5753,76.1677],[-122.6058,76.1743],[-122.6702,76.1777],[-122.7701,76.1536],[-122.8284,76.1543],[-122.8478,76.133],[-122.9254,76.0971],[-123.0407,76.0883],[-122.9792,76.1087],[-123.0065,76.123],[-122.9586,76.132],[-122.937,76.157],[-122.9103,76.1572],[-122.9445,76.1777],[-122.9247,76.189],[-122.8617,76.1824],[-122.8317,76.2373],[-122.7111,76.2316],[-122.7254,76.2316],[-122.7116,76.2469],[-122.6344,76.2726],[-122.6496,76.3005],[-122.6173,76.3432],[-122.4514,76.3818],[-122.4032,76.4042],[-121.9632,76.4373],[-121.7814,76.4252],[-121.5119,76.4482],[-121.4989,76.4696],[-121.4088,76.5141],[-121.4136,76.5543],[-121.3222,76.5778],[-121.314,76.596],[-121.228,76.6212],[-121.2043,76.6782],[-121.1873,76.6882],[-121.1466,76.6897],[-121.0893,76.6707],[-120.9195,76.6955],[-120.8141,76.7337],[-120.5519,76.7594],[-120.512,76.7838],[-120.368,76.8145],[-120.3885,76.8288],[-120.368,76.8424],[-120.4294,76.8691],[-120.3697,76.8928],[-120.2281,76.9027],[-120.1688,76.9318],[-120.1885,76.9405],[-120.1754,76.954],[-120.0936,76.9659],[-120.1042,76.9894],[-120.0911,77.0056],[-120.0384,77.0206],[-119.9308,77.0201],[-119.9087,77.041],[-119.9224,77.0473],[-119.8367,77.0653],[-119.827,77.0986],[-119.6507,77.1164],[-119.6281,77.1236],[-119.6271,77.1425],[-119.5993,77.1518],[-119.3873,77.1925],[-119.2897,77.2888],[-119.1627,77.3249],[-118.9663,77.3196],[-118.8205,77.361],[-118.1788,77.3603],[-118.1023,77.3804],[-117.8524,77.3904],[-117.9622,77.37],[-117.9349,77.3614],[-117.7992,77.3721],[-117.7437,77.3427],[-117.6134,77.329],[-117.4744,77.3359],[-117.4551,77.3154],[-117.3806,77.3154],[-117.2311,77.2857],[-117.1336,77.3017],[-117.0392,77.2928],[-117.0101,77.3017],[-117.0973,77.3435],[-117.1582,77.3367],[-117.1814,77.3489],[-117.1559,77.3638],[-116.8131,77.3166],[-116.7773,77.329],[-116.8109,77.3427],[-116.6825,77.3706],[-116.647,77.3904],[-116.7463,77.4008],[-116.8519,77.384],[-116.8524,77.4041],[-116.994,77.3996],[-117.0346,77.4314],[-117.154,77.4587],[-117.0647,77.4799],[-117.0715,77.4662],[-117.0553,77.4623],[-116.9136,77.4743],[-116.7568,77.5134],[-116.9281,77.5277],[-116.9007,77.5364],[-116.4067,77.5624],[-116.4272,77.5482],[-116.3385,77.5407],[-116.3596,77.5277],[-116.2157,77.5222],[-116.0641,77.4867],[-116.1256,77.4724],[-116.0867,77.4603],[-115.7765,77.4298],[-115.6584,77.3892],[-115.4478,77.3489],[-115.4608,77.3359],[-115.3926,77.3079],[-115.4706,77.3059],[-115.5371,77.2695],[-115.7761,77.2533],[-115.9278,77.2123],[-116.2472,77.1959],[-116.2745,77.1898],[-116.2764,77.1645],[-116.3018,77.1483],[-116.4005,77.1373],[-116.2899,77.1119],[-116.2838,77.0827],[-116.2217,77.0417],[-115.7784,76.9704],[-115.732,76.9486],[-115.751,76.9331],[-115.9071,76.897],[-116.024,76.8987],[-116.2566,76.9405],[-116.3258,76.9455],[-116.3658,76.9318],[-116.357,76.9076],[-116.1749,76.8417],[-116.0402,76.8283],[-115.9952,76.7939],[-115.9952,76.7673],[-115.8928,76.6984],[-116.0002,76.6828],[-116.0832,76.6295],[-116.3248,76.5817],[-116.52,76.5681],[-116.7621,76.5731],[-116.8448,76.5403],[-117.0079,76.5522],[-117.0776,76.5196],[-117.0579,76.4947],[-117.0026,76.4787],[-117.0101,76.4719],[-116.9864,76.4624],[-116.993,76.4204],[-116.9419,76.3899],[-116.948,76.3769],[-116.9343,76.3558],[-117.1363,76.2902],[-117.277,76.28],[-117.3524,76.2596],[-117.5714,76.2716],[-117.6605,76.2943],[-117.6513,76.3168],[-117.6763,76.3266],[-117.858,76.3305],[-117.8802,76.349],[-117.8666,76.349],[-118.007,76.4025],[-118.0584,76.4104],[-118.0311,76.4309],[-118.0516,76.4451],[-117.9901,76.4656],[-118.0311,76.4862],[-118.0101,76.505],[-117.9076,76.5334],[-117.9554,76.5681],[-117.9076,76.5817],[-117.9765,76.6022],[-117.9007,76.6432],[-117.9256,76.6666],[-117.9186,76.6933],[-117.8595,76.7087],[-117.7362,76.7803],[-117.773,76.811],[-117.8658,76.8233],[-118.0106,76.7673],[-118.3398,76.7713],[-118.3054,76.7431],[-118.3143,76.7115],[-118.4967,76.7189],[-118.4625,76.6984],[-118.4761,76.6841],[-118.3482,76.6446],[-118.326,76.5898],[-118.3021,76.5677],[-118.3054,76.555],[-118.4798,76.5452],[-118.5041,76.5141],[-118.5349,76.5038],[-118.673,76.5107],[-118.73,76.5441],[-118.8292,76.5594],[-118.8535,76.555],[-118.7777,76.5334],[-118.9463,76.5229],[-118.9764,76.4923],[-118.8404,76.4787],[-118.8187,76.4588],[-118.6743,76.4466],[-118.5971,76.3878],[-118.5948,76.3764],[-118.6139,76.3695],[-118.569,76.3452],[-118.6516,76.2911],[-118.8997,76.2751],[-118.9286,76.2534],[-118.9369,76.2297],[-118.9145,76.189],[-118.8876,76.1845],[-118.901,76.1723],[-118.9634,76.164],[-118.9635,76.1357],[-119.0587,76.1264],[-119.0795,76.1156],[-119.0726,76.0957],[-119.0953,76.0883],[-119.181,76.112],[-119.2449,76.1132],[-119.3026,76.1493],[-119.3033,76.1874],[-119.3175,76.1999]]],[[[-110.0037,77.9314],[-110.2248,77.898],[-110.8415,77.8698],[-110.9037,77.8532],[-110.8804,77.8212],[-110.7775,77.8037],[-110.72,77.7662],[-110.4083,77.7734],[-110.3446,77.7849],[-110.1079,77.7762],[-110.0808,77.7525],[-110.0956,77.7468],[-110.0882,77.7331],[-110.1161,77.7058],[-110.1107,77.6924],[-110.0683,77.6716],[-110.0819,77.658],[-110.041,77.6444],[-110.1637,77.6002],[-110.0922,77.582],[-110.0956,77.5549],[-110.2354,77.5042],[-110.5726,77.4553],[-110.7881,77.4457],[-110.8807,77.4124],[-111.2811,77.4315],[-111.4012,77.4035],[-111.8839,77.3532],[-111.9908,77.3293],[-112.1092,77.3258],[-112.4693,77.3706],[-112.6006,77.4537],[-112.6374,77.4641],[-112.7778,77.4484],[-112.955,77.471],[-112.9743,77.5019],[-113.0351,77.5185],[-113.1659,77.5151],[-113.1996,77.5277],[-113.2195,77.5761],[-113.2413,77.5823],[-113.2161,77.6004],[-113.0898,77.6232],[-113.2543,77.6716],[-113.2068,77.6938],[-113.2338,77.7269],[-113.2267,77.7344],[-113.186,77.7399],[-113.3056,77.7768],[-113.3231,77.8082],[-113.3121,77.8388],[-113.2821,77.8624],[-113.2133,77.8908],[-113.2413,77.905],[-113.0851,77.9227],[-113.0286,77.8994],[-112.9815,77.8976],[-112.9249,77.9296],[-112.2709,78.0153],[-112.1691,78.0079],[-112.0563,78.0241],[-111.9506,78.0213],[-111.8241,78.0526],[-111.7991,78.0517],[-111.7749,78.0295],[-111.7117,78.0292],[-111.5272,78.0671],[-111.2781,78.09],[-111.2065,78.0825],[-111.0076,78.0969],[-110.9799,78.0732],[-110.8605,78.0688],[-110.7117,78.1038],[-110.0037,78.0993],[-110.0037,77.9314]]],[[[-110.0037,78.329],[-110.3324,78.286],[-110.8403,78.3152],[-110.8628,78.3227],[-110.8629,78.3391],[-110.8883,78.3455],[-111.1546,78.3905],[-111.3153,78.3699],[-111.2401,78.3364],[-111.2787,78.3218],[-111.4115,78.3298],[-111.432,78.3085],[-111.4046,78.292],[-111.4206,78.2765],[-111.7785,78.2702],[-111.8363,78.2852],[-111.9125,78.3358],[-112.1755,78.3774],[-112.7557,78.3264],[-112.786,78.3087],[-112.7683,78.2954],[-112.8397,78.3065],[-113.0615,78.2744],[-113.2483,78.285],[-113.2953,78.3153],[-113.2822,78.3227],[-113.3362,78.3364],[-113.2208,78.3637],[-113.2338,78.3985],[-113.2142,78.4066],[-112.7809,78.4731],[-112.682,78.4983],[-112.1501,78.557],[-111.9267,78.5607],[-111.816,78.5489],[-111.4202,78.6066],[-111.3767,78.6238],[-111.4381,78.6442],[-111.3144,78.6484],[-111.2756,78.6702],[-111.1644,78.6989],[-111.1317,78.6916],[-110.8441,78.7306],[-110.741,78.758],[-110.4269,78.7663],[-110.1366,78.6989],[-110.0037,78.6869],[-110.0037,78.329]]],[[[-117.7847,75.8965],[-117.8393,75.8555],[-117.8182,75.8419],[-117.8946,75.8214],[-117.8871,75.8145],[-117.8998,75.8045],[-117.9417,75.7873],[-117.9515,75.7745],[-117.9355,75.7347],[-117.9733,75.7302],[-118.2707,75.6159],[-118.2024,75.6016],[-118.6139,75.5037],[-118.7079,75.5082],[-118.795,75.5308],[-118.9416,75.5334],[-118.9305,75.5455],[-118.8739,75.5539],[-118.9365,75.5627],[-119.0107,75.5556],[-119.0933,75.5729],[-119.1984,75.5644],[-119.409,75.6016],[-119.409,75.6159],[-119.3321,75.6608],[-118.9921,75.7615],[-118.842,75.8354],[-118.7573,75.8481],[-118.7413,75.874],[-118.6212,75.9221],[-118.3191,75.9722],[-118.1745,75.9722],[-118.0871,76.0355],[-117.8871,76.0678],[-117.8946,76.0815],[-117.7987,76.1116],[-117.6597,76.1259],[-117.4625,76.0883],[-117.4821,76.0819],[-117.5193,76.0315],[-117.5786,76.0063],[-117.5841,75.9783],[-117.681,75.9238],[-117.7847,75.8965]]],[[[-113.6863,77.8666],[-113.6715,77.8459],[-113.6009,77.8324],[-113.577,77.815],[-113.7225,77.7692],[-114.1626,77.7067],[-114.3007,77.7133],[-114.4796,77.7514],[-114.6213,77.7568],[-114.6527,77.7679],[-114.5161,77.7604],[-114.538,77.783],[-114.8578,77.8598],[-115.1182,77.9597],[-115.0693,77.9689],[-114.9683,77.9568],[-114.7951,77.9829],[-114.6797,78.0345],[-114.5019,78.0484],[-114.3273,78.0808],[-114.2828,78.0621],[-114.351,78.0347],[-114.2691,78.0142],[-114.3169,78.0142],[-114.2578,77.9894],[-114.1146,78.0004],[-113.9513,77.9189],[-113.7373,77.9017],[-113.7015,77.8904],[-113.6863,77.8666]]],[[[-114.837,76.7598],[-114.8786,76.7673],[-114.8588,76.8015],[-114.6316,76.8616],[-114.4346,76.8824],[-114.2371,76.8791],[-114.1927,76.8908],[-113.8461,76.8989],[-113.5104,76.8363],[-113.4635,76.7982],[-113.4535,76.7735],[-113.6732,76.7043],[-113.8306,76.7255],[-114.4219,76.7297],[-114.5106,76.7448],[-114.837,76.7598]]],[[[-110.0037,72.7554],[-110.107,72.7637],[-110.189,72.7431],[-110.2668,72.7427],[-110.1818,72.7689],[-110.1727,72.7913],[-110.2303,72.8243],[-110.529,72.8493],[-110.6317,72.9158],[-110.7167,72.9451],[-110.7541,72.9848],[-110.7037,73.0091],[-110.0764,72.9958],[-110.0037,72.9851],[-110.0037,72.7554]]],[[[-110.0037,76.2264],[-110.147,76.2763],[-110.3836,76.3005],[-110.3284,76.3415],[-110.3689,76.3537],[-110.3768,76.3632],[-110.3635,76.3716],[-110.3972,76.3967],[-110.3813,76.4104],[-110.3836,76.4309],[-110.1128,76.4538],[-110.0037,76.4862],[-110.0037,76.2264]]],[[[-120.998,75.9306],[-120.9209,75.9411],[-120.8829,75.9364],[-120.8683,75.9169],[-120.8683,75.8828],[-120.9024,75.8251],[-120.9911,75.763],[-121.0921,75.7341],[-121.1682,75.7337],[-121.2934,75.76],[-121.0226,75.8235],[-121.0328,75.8419],[-120.998,75.8698],[-121.0464,75.8965],[-121.0437,75.9083],[-120.998,75.9306]]],[[[-110.0037,72.6273],[-110.1017,72.6629],[-110.2221,72.6464],[-110.2657,72.6553],[-110.2943,72.6757],[-110.1707,72.6894],[-110.2075,72.7182],[-110.1975,72.7271],[-110.1193,72.7298],[-110.0037,72.7104],[-110.0037,72.6273]]],[[[-111.9527,70.3251],[-111.6715,70.3122],[-112.1085,70.3009],[-112.3226,70.3562],[-112.2868,70.369],[-112.0946,70.3542],[-111.9527,70.3251]]],[[[-128.2346,70.661],[-128.156,70.6481],[-128.0837,70.6132],[-128.1037,70.6014],[-128.1247,70.6064],[-128.1186,70.5844],[-128.137,70.5754],[-128.2413,70.5994],[-128.2551,70.5853],[-128.2421,70.5716],[-128.3445,70.5449],[-128.2346,70.661]]],[[[-117.0572,70.5716],[-116.9176,70.5665],[-116.8798,70.5517],[-117.222,70.5431],[-117.2758,70.5503],[-117.3043,70.5716],[-117.2155,70.5927],[-117.0572,70.5716]]],[[[-136.2119,69.1793],[-136.0668,69.1285],[-136.0063,69.0903],[-136.1196,69.0793],[-136.2219,69.1057],[-136.2253,69.1206],[-136.1773,69.1165],[-136.1807,69.1335],[-136.2477,69.1717],[-136.2119,69.1793]]],[[[-135.5668,69.3861],[-135.5517,69.4071],[-135.4609,69.3935],[-135.3534,69.397],[-135.321,69.3799],[-135.3483,69.3594],[-135.281,69.3618],[-135.2726,69.3488],[-135.3076,69.3091],[-135.3728,69.3437],[-135.5668,69.3861]]],[[[-135.5742,69.5779],[-135.5929,69.5937],[-135.581,69.6093],[-135.511,69.6484],[-135.4029,69.6542],[-135.4889,69.5793],[-135.5742,69.5779]]],[[[-116.2634,70.5517],[-116.1256,70.5381],[-116.2286,70.5381],[-116.3006,70.5176],[-116.4531,70.5119],[-116.4962,70.5238],[-116.4435,70.5432],[-116.3527,70.5334],[-116.2975,70.5546],[-116.2634,70.5517]]],[[[-110.0037,72.4966],[-110.2594,72.559],[-110.1971,72.5723],[-110.0978,72.5605],[-110.0037,72.5238],[-110.0037,72.4966]]],[[[-135.706,69.5088],[-135.5912,69.4671],[-135.5952,69.4484],[-135.7099,69.4743],[-135.8409,69.4814],[-135.8411,69.4957],[-135.706,69.5088]]],[[[-133.9294,69.5779],[-133.8883,69.572],[-133.9499,69.5642],[-134.0183,69.5825],[-133.9014,69.6269],[-133.8612,69.6195],[-133.8506,69.6058],[-133.8127,69.6058],[-133.9294,69.5779]]],[[[-113.1655,70.3122],[-113.0563,70.3113],[-112.9464,70.2904],[-113.1634,70.2834],[-113.2071,70.2978],[-113.1655,70.3122]]],[[[-116.7221,70.5585],[-116.6105,70.571],[-116.5098,70.5517],[-116.7445,70.5424],[-116.7773,70.5517],[-116.7221,70.5585]]],[[[-115.886,70.5822],[-115.8158,70.5737],[-115.8792,70.5462],[-116.0641,70.5517],[-115.886,70.5822]]],[[[-116.6641,70.4971],[-116.6109,70.4934],[-116.5712,70.4698],[-116.7529,70.478],[-116.8152,70.4937],[-116.8319,70.5107],[-116.6641,70.4971]]],[[[-124.9592,70.1675],[-125.0078,70.1362],[-125.0963,70.1402],[-125.048,70.1266],[-125.0662,70.1208],[-125.1237,70.1266],[-125.1201,70.1442],[-125.0846,70.1649],[-124.9592,70.1675]]],[[[-110.5071,72.5938],[-110.4723,72.5733],[-110.5426,72.5721],[-110.5753,72.5797],[-110.5959,72.6007],[-110.5071,72.5938]]],[[[-110.3147,72.6552],[-110.2799,72.6484],[-110.303,72.6332],[-110.4109,72.6422],[-110.3147,72.6552]]],[[[-110.3972,72.6205],[-110.3489,72.6075],[-110.4935,72.6205],[-110.3972,72.6205]]],[[[-125.9489,71.9632],[-125.9969,71.977],[-125.9636,71.9828],[-125.9091,71.9643],[-125.9489,71.9632]]],[[[-110.0037,75.8787],[-110.0546,75.8965],[-110.0037,75.9114],[-110.0037,75.8787]]]]}},{"type":"Feature","id":"Nova Scotia","properties":{"id":"Nova Scotia","iso_code":"CA-NS","name":"Nova Scotia","name_full":"Nova Scotia","name_ja":"ノバスコシア州","center_lonlat":[-63.9525,44.9075]},"geometry":{"type":"MultiPolygon","coordinates":[[[[-64.0427,45.992],[-64.0077,46.005],[-63.9049,45.9803],[-63.8703,45.9625],[-63.8667,45.9364],[-63.8249,45.9252],[-63.8059,45.8887],[-63.7159,45.8681],[-63.7575,45.847],[-63.6903,45.8531],[-63.6687,45.847],[-63.6697,45.8234],[-63.6523,45.8368],[-63.6591,45.8738],[-63.6288,45.8623],[-63.4919,45.8826],[-63.4391,45.8756],[-63.4086,45.8545],[-63.4831,45.8607],[-63.4285,45.8266],[-63.5043,45.8266],[-63.5228,45.8194],[-63.5159,45.8109],[-63.4285,45.7999],[-63.4154,45.8135],[-63.354,45.7999],[-63.2591,45.8159],[-63.2298,45.8061],[-63.3017,45.7755],[-63.3807,45.772],[-63.3559,45.7481],[-63.288,45.7242],[-63.2572,45.7589],[-63.2572,45.7372],[-63.1957,45.7651],[-63.1889,45.7788],[-63.1822,45.7663],[-63.2025,45.7372],[-63.1173,45.763],[-63.0654,45.7589],[-63.0841,45.7903],[-63.1207,45.8061],[-63.1007,45.8113],[-62.7774,45.7651],[-62.675,45.772],[-62.7569,45.7589],[-62.6334,45.7174],[-62.703,45.6869],[-62.7706,45.6744],[-62.7917,45.6422],[-62.7488,45.664],[-62.7364,45.6553],[-62.7497,45.6129],[-62.7066,45.6556],[-62.6568,45.6278],[-62.647,45.6422],[-62.6724,45.6562],[-62.6647,45.6798],[-62.6129,45.6907],[-62.5657,45.6832],[-62.5264,45.6583],[-62.4757,45.6627],[-62.5091,45.615],[-62.4704,45.6145],[-62.4352,45.6427],[-62.3617,45.6733],[-62.3834,45.6801],[-62.4416,45.6553],[-62.4161,45.6791],[-62.2703,45.7037],[-62.06,45.808],[-61.9888,45.863],[-61.9115,45.889],[-61.8974,45.8716],[-61.9215,45.8507],[-61.92,45.8299],[-61.8878,45.7377],[-61.8942,45.7037],[-61.8763,45.6927],[-61.7078,45.6233],[-61.6422,45.6415],[-61.626,45.6354],[-61.6481,45.6268],[-61.6198,45.6143],[-61.6099,45.6391],[-61.589,45.6454],[-61.558,45.6837],[-61.4925,45.6907],[-61.4,45.6326],[-61.3387,45.5528],[-61.2372,45.5058],[-61.2368,45.468],[-61.2485,45.4531],[-61.3529,45.4134],[-61.3881,45.418],[-61.4827,45.3747],[-61.4615,45.3548],[-61.1369,45.3542],[-60.9986,45.3332],[-60.9712,45.3139],[-60.9687,45.2716],[-60.9831,45.2713],[-60.996,45.2921],[-61.037,45.2996],[-61.0165,45.2716],[-61.0241,45.263],[-61.063,45.2325],[-61.0785,45.2375],[-61.0712,45.2239],[-61.1197,45.2134],[-61.1531,45.2375],[-61.1195,45.2716],[-61.1647,45.2637],[-61.1798,45.2425],[-61.1748,45.2028],[-61.2121,45.253],[-61.2631,45.2392],[-61.2629,45.2511],[-61.2786,45.254],[-61.3506,45.2174],[-61.3646,45.1896],[-61.3387,45.1898],[-61.3892,45.1636],[-61.5679,45.1471],[-61.6106,45.1506],[-61.6396,45.1754],[-61.6473,45.1568],[-61.6871,45.1754],[-61.7024,45.1693],[-61.6396,45.1208],[-61.6744,45.1147],[-61.6396,45.0873],[-61.6949,45.0914],[-61.7043,45.107],[-61.7564,45.101],[-61.7564,45.0799],[-61.8253,45.099],[-61.8116,45.0799],[-61.8594,45.0799],[-61.8389,45.0464],[-61.8805,45.0532],[-61.8824,45.0342],[-61.8969,45.0307],[-61.9352,45.0532],[-61.9413,45.0246],[-61.9757,45.036],[-62.004,45.011],[-62.0102,45.0321],[-62.0506,45.011],[-61.9761,44.9911],[-61.9888,44.9849],[-62.0313,44.9911],[-62.0734,44.973],[-62.1515,44.9752],[-62.1849,44.9564],[-62.2338,44.9593],[-62.2703,44.9291],[-62.2777,44.9365],[-62.3061,44.9201],[-62.3392,44.9223],[-62.3392,44.8949],[-62.3934,44.9103],[-62.4149,44.8949],[-62.4006,44.8813],[-62.4372,44.8685],[-62.4484,44.8335],[-62.4672,44.8414],[-62.4757,44.9011],[-62.5072,44.8634],[-62.5271,44.8559],[-62.5515,44.8676],[-62.5657,44.8402],[-62.531,44.8062],[-62.5527,44.8001],[-62.5778,44.8334],[-62.5992,44.8266],[-62.6068,44.8371],[-62.6614,44.8062],[-62.6539,44.7925],[-62.6872,44.8021],[-62.8053,44.7851],[-62.8026,44.7611],[-62.8258,44.7516],[-62.7979,44.7298],[-62.8304,44.7178],[-62.8638,44.7379],[-62.8736,44.7236],[-62.9302,44.7401],[-62.9895,44.711],[-63.004,44.7714],[-63.0185,44.778],[-63.047,44.7662],[-63.0586,44.7782],[-63.0593,44.7633],[-63.014,44.7106],[-63.0586,44.6752],[-63.0631,44.718],[-63.0956,44.7292],[-63.1027,44.784],[-63.1194,44.7907],[-63.1405,44.6889],[-63.1605,44.7057],[-63.1548,44.7298],[-63.1732,44.7211],[-63.1832,44.6916],[-63.2139,44.6812],[-63.2367,44.7373],[-63.2532,44.7115],[-63.2367,44.6889],[-63.2851,44.6274],[-63.3891,44.6431],[-63.4154,44.6553],[-63.3876,44.6684],[-63.4169,44.6829],[-63.4558,44.6684],[-63.4154,44.6336],[-63.439,44.5963],[-63.5102,44.6241],[-63.6326,44.713],[-63.6619,44.7168],[-63.6401,44.6762],[-63.5876,44.6642],[-63.5635,44.6348],[-63.5452,44.5933],[-63.5465,44.5501],[-63.5233,44.5181],[-63.5486,44.4732],[-63.5793,44.4635],[-63.5793,44.484],[-63.5962,44.4874],[-63.6328,44.4407],[-63.6437,44.4496],[-63.6278,44.4698],[-63.6929,44.4698],[-63.7159,44.4561],[-63.7286,44.475],[-63.7584,44.4813],[-63.7649,44.5045],[-63.7934,44.4684],[-63.8094,44.4901],[-63.7848,44.5318],[-63.8121,44.5113],[-63.834,44.5245],[-63.8468,44.5187],[-63.8401,44.5045],[-63.874,44.4986],[-63.9294,44.5113],[-63.9417,44.5543],[-63.922,44.5933],[-63.943,44.6205],[-63.9186,44.6341],[-63.9294,44.6479],[-63.8909,44.6798],[-63.8884,44.6964],[-63.9259,44.6747],[-64.066,44.6343],[-64.0619,44.5867],[-64.0367,44.5709],[-64.0113,44.5113],[-64.0412,44.5226],[-64.0758,44.4766],[-64.1175,44.4875],[-64.1188,44.5375],[-64.1622,44.5797],[-64.2115,44.5714],[-64.2106,44.5523],[-64.2274,44.537],[-64.3055,44.566],[-64.2926,44.5455],[-64.3039,44.5426],[-64.3013,44.5026],[-64.326,44.4766],[-64.2987,44.4698],[-64.3539,44.4561],[-64.3356,44.4291],[-64.3397,44.4151],[-64.2577,44.4089],[-64.3124,44.381],[-64.2106,44.3673],[-64.3472,44.3673],[-64.3397,44.3326],[-64.305,44.3204],[-64.2926,44.3263],[-64.3124,44.34],[-64.2646,44.3326],[-64.2888,44.2991],[-64.2373,44.2991],[-64.269,44.2671],[-64.3124,44.2643],[-64.3472,44.2922],[-64.3335,44.2991],[-64.4291,44.34],[-64.4016,44.313],[-64.359,44.2956],[-64.3675,44.2641],[-64.4256,44.2339],[-64.4396,44.1991],[-64.4774,44.1824],[-64.4979,44.1408],[-64.5492,44.1619],[-64.5594,44.1483],[-64.6062,44.1586],[-64.6004,44.1483],[-64.6208,44.1408],[-64.5543,44.13],[-64.5458,44.1173],[-64.5765,44.0692],[-64.5941,44.0794],[-64.6492,44.0589],[-64.717,44.0588],[-64.6694,44.0355],[-64.667,43.9979],[-64.7445,43.9578],[-64.8157,43.9541],[-64.8284,43.931],[-64.8474,43.9291],[-64.786,43.8745],[-64.814,43.8741],[-64.8126,43.8529],[-64.839,43.8297],[-64.8741,43.8671],[-64.915,43.8807],[-64.8883,43.8466],[-64.8815,43.8118],[-64.9066,43.805],[-64.9498,43.8671],[-64.9668,43.8736],[-64.9325,43.8063],[-64.9582,43.7658],[-64.984,43.7579],[-65.0392,43.8323],[-65.016,43.7584],[-65.025,43.7162],[-65.0528,43.7205],[-65.0597,43.7032],[-65.077,43.7108],[-65.0731,43.745],[-65.087,43.7579],[-65.1286,43.6747],[-65.1512,43.6891],[-65.1366,43.7271],[-65.1416,43.751],[-65.1612,43.7156],[-65.1785,43.7101],[-65.2379,43.8056],[-65.2379,43.7845],[-65.2547,43.7757],[-65.2246,43.7188],[-65.2504,43.6734],[-65.2893,43.6747],[-65.3272,43.6964],[-65.3135,43.7436],[-65.323,43.7654],[-65.3515,43.7368],[-65.3675,43.7436],[-65.3343,43.6703],[-65.3406,43.6173],[-65.3581,43.6036],[-65.3408,43.5449],[-65.3712,43.5791],[-65.4017,43.5654],[-65.4569,43.5995],[-65.4017,43.504],[-65.4162,43.5001],[-65.4289,43.5449],[-65.4501,43.5605],[-65.4554,43.5347],[-65.4842,43.5245],[-65.4748,43.4709],[-65.5468,43.5323],[-65.5456,43.556],[-65.566,43.574],[-65.6692,43.4971],[-65.7296,43.5135],[-65.7396,43.5767],[-65.7523,43.5865],[-65.7449,43.5586],[-65.7544,43.5517],[-65.7781,43.5682],[-65.779,43.689],[-65.7888,43.6911],[-65.807,43.6548],[-65.7923,43.6339],[-65.7995,43.6063],[-65.8148,43.6316],[-65.82,43.7094],[-65.848,43.751],[-65.8616,43.8056],[-65.8616,43.7709],[-65.8772,43.7696],[-65.9094,43.8192],[-65.9372,43.826],[-65.9299,43.8056],[-65.9713,43.7801],[-65.9967,43.8541],[-66.0037,43.8097],[-65.9634,43.7373],[-65.9796,43.706],[-65.9913,43.7032],[-65.9831,43.7195],[-65.9916,43.7311],[-66.005,43.7237],[-66.0064,43.6999],[-66.0238,43.6981],[-66.0421,43.7464],[-66.0555,43.7409],[-66.0602,43.7162],[-66.0742,43.7293],[-66.0794,43.7724],[-66.1217,43.7436],[-66.1337,43.8097],[-66.1112,43.8475],[-66.1285,43.8495],[-66.1496,43.8255],[-66.1492,43.8524],[-66.1701,43.8603],[-66.1701,43.8944],[-66.1496,43.9322],[-66.1629,43.9757],[-66.1503,44.0104],[-66.1834,44.0841],[-66.2104,44.0856],[-66.1906,44.1654],[-66.1422,44.2308],[-66.1137,44.3434],[-66.095,44.3742],[-65.966,44.4892],[-65.8668,44.5434],[-65.8405,44.5734],[-65.8491,44.5868],[-65.9425,44.5834],[-66.1968,44.3909],[-66.1803,44.4344],[-65.9988,44.5797],[-65.8889,44.6308],[-65.7859,44.6964],[-65.7563,44.6573],[-65.7571,44.6109],[-65.6923,44.6207],[-65.5367,44.7366],[-65.4289,44.7782],[-65.4473,44.7811],[-65.7418,44.6678],[-65.7585,44.6827],[-65.7235,44.7274],[-65.4569,44.8546],[-65.3976,44.8949],[-65.2317,44.9552],[-65.1805,44.9932],[-64.8632,45.1396],[-64.714,45.1924],[-64.5106,45.2286],[-64.4154,45.2716],[-64.3953,45.3016],[-64.4176,45.3196],[-64.4979,45.3338],[-64.4778,45.3411],[-64.3297,45.3096],[-64.3205,45.2829],[-64.3516,45.2481],[-64.3675,45.1966],[-64.3524,45.1852],[-64.357,45.1708],[-64.3881,45.1488],[-64.3673,45.1261],[-64.3675,45.1078],[-64.3455,45.1059],[-64.326,45.142],[-64.3055,45.1488],[-64.2235,45.1084],[-64.1516,45.0498],[-64.1553,44.9837],[-64.1359,45.0032],[-64.1069,44.998],[-64.119,45.0299],[-64.1007,45.0594],[-64.1365,45.0729],[-64.1838,45.1143],[-64.1993,45.1487],[-64.1659,45.1594],[-64.1656,45.186],[-64.1151,45.2161],[-63.9629,45.2511],[-63.9058,45.2758],[-63.8253,45.2796],[-63.8014,45.311],[-63.7369,45.2996],[-63.7159,45.3263],[-63.5787,45.3223],[-63.5241,45.3338],[-63.4695,45.2921],[-63.4609,45.325],[-63.4331,45.3449],[-63.3602,45.3611],[-63.593,45.3952],[-63.8158,45.3952],[-63.8909,45.3529],[-63.9105,45.3589],[-63.9083,45.3815],[-63.9366,45.3985],[-64.0138,45.3904],[-64.0523,45.3952],[-64.038,45.402],[-64.066,45.413],[-64.1053,45.4151],[-64.2759,45.3921],[-64.3124,45.402],[-64.3145,45.3819],[-64.3472,45.389],[-64.3881,45.3673],[-64.4588,45.4],[-64.5762,45.4156],[-64.6725,45.389],[-64.707,45.3606],[-64.6966,45.3263],[-64.7587,45.2996],[-64.7684,45.2979],[-64.7682,45.33],[-64.8227,45.348],[-64.8975,45.3465],[-64.9293,45.3263],[-64.9287,45.383],[-64.902,45.43],[-64.7996,45.4709],[-64.8331,45.484],[-64.6488,45.5591],[-64.6454,45.5863],[-64.457,45.6832],[-64.4291,45.7099],[-64.4391,45.7385],[-64.3981,45.7563],[-64.3806,45.7924],[-64.3055,45.8266],[-64.2944,45.805],[-64.3314,45.7772],[-64.3335,45.7446],[-64.2646,45.7651],[-64.2789,45.7786],[-64.3055,45.7788],[-64.2745,45.8045],[-64.2734,45.8357],[-64.2447,45.8813],[-64.1595,45.9638],[-64.0513,45.9768],[-64.0427,45.992]]],[[[-60.0809,45.7924],[-60.1777,45.7665],[-60.235,45.7069],[-60.3229,45.6837],[-60.3954,45.6425],[-60.4626,45.6357],[-60.4753,45.6491],[-60.5118,45.6264],[-60.6718,45.5737],[-60.736,45.5666],[-60.7524,45.5939],[-60.8443,45.6046],[-60.8555,45.6388],[-60.8711,45.6457],[-60.9073,45.6143],[-60.936,45.628],[-60.9476,45.628],[-60.9462,45.6123],[-60.97,45.6081],[-61.0239,45.6143],[-61.0097,45.6081],[-61.0162,45.5953],[-61.1567,45.5566],[-61.1748,45.5591],[-61.1572,45.5651],[-61.155,45.5786],[-61.2056,45.5927],[-61.2083,45.6081],[-61.225,45.5819],[-61.2772,45.5666],[-61.2702,45.5483],[-61.2846,45.5477],[-61.3349,45.5662],[-61.3629,45.6112],[-61.442,45.6818],[-61.4754,45.8113],[-61.4973,45.8351],[-61.4889,45.8887],[-61.5226,45.9328],[-61.5236,45.9917],[-61.5515,46.0218],[-61.5411,46.0405],[-61.4752,46.0736],[-61.459,46.1453],[-61.2806,46.2456],[-61.1779,46.3856],[-61.0862,46.4665],[-61.0753,46.5133],[-61.0304,46.568],[-61.0575,46.6013],[-61.0431,46.6253],[-61.0165,46.6422],[-61.0302,46.6116],[-61.0238,46.5932],[-61.0048,46.6333],[-60.965,46.662],[-60.8992,46.7688],[-60.8692,46.8],[-60.7696,46.8437],[-60.7013,46.9047],[-60.6421,47.0037],[-60.5936,47.0348],[-60.4858,46.9991],[-60.3961,47.0264],[-60.3834,47.0168],[-60.3984,46.9956],[-60.4958,46.8955],[-60.4522,46.8925],[-60.442,46.8844],[-60.4547,46.8681],[-60.3935,46.863],[-60.3387,46.8756],[-60.3108,46.8544],[-60.309,46.8034],[-60.3449,46.694],[-60.3995,46.6701],[-60.358,46.6558],[-60.3859,46.6422],[-60.3505,46.6159],[-60.3518,46.6013],[-60.4211,46.5248],[-60.4616,46.4231],[-60.5094,46.3685],[-60.6058,46.2113],[-60.5987,46.1972],[-60.5524,46.2623],[-60.4753,46.32],[-60.4189,46.3298],[-60.4269,46.284],[-60.6322,46.118],[-60.7008,46.088],[-60.7149,46.1074],[-60.7254,46.1047],[-60.7558,46.0805],[-60.8164,46.0619],[-60.8732,46.0532],[-60.8741,46.0683],[-60.852,46.0736],[-60.8741,46.0792],[-60.9932,45.9821],[-61.1186,45.9494],[-61.1264,45.9296],[-61.0099,45.9414],[-60.9687,45.9849],[-60.9027,46.0102],[-60.8839,46.0347],[-60.8179,46.0388],[-60.7475,46.0662],[-60.736,46.0566],[-60.7432,46.0373],[-60.7974,45.9917],[-60.8151,45.937],[-60.8865,45.9084],[-60.9617,45.9152],[-60.9892,45.8989],[-61.0712,45.8955],[-61.0438,45.8887],[-61.0985,45.8545],[-60.9827,45.8769],[-60.9892,45.8887],[-60.9141,45.8545],[-60.9263,45.8477],[-60.965,45.8607],[-60.9346,45.8266],[-60.9687,45.8341],[-60.9819,45.8207],[-61.0131,45.8232],[-61.1029,45.7789],[-61.1338,45.7446],[-61.1121,45.7515],[-61.1128,45.7276],[-61.1476,45.7079],[-61.082,45.6907],[-60.9476,45.7515],[-60.9128,45.7562],[-60.8357,45.7405],[-60.8074,45.7208],[-60.7992,45.7033],[-60.8502,45.6512],[-60.8384,45.6423],[-60.8104,45.6627],[-60.8179,45.6689],[-60.784,45.6689],[-60.7657,45.6929],[-60.7325,45.6844],[-60.7422,45.7038],[-60.7301,45.7139],[-60.749,45.7446],[-60.7372,45.7737],[-60.6534,45.8198],[-60.6234,45.8558],[-60.5411,45.9009],[-60.521,45.9243],[-60.4452,45.9539],[-60.3995,45.998],[-60.6991,45.8909],[-60.7223,45.8955],[-60.749,45.9296],[-60.7867,45.9301],[-60.7816,45.9543],[-60.6658,46.0151],[-60.6225,46.0244],[-60.4896,46.1015],[-60.3749,46.197],[-60.301,46.2187],[-60.2971,46.2381],[-60.4007,46.2182],[-60.607,46.0765],[-60.6527,46.0722],[-60.6505,46.0907],[-60.6014,46.1159],[-60.4754,46.2335],[-60.351,46.3121],[-60.2835,46.3275],[-60.2596,46.2791],[-60.2047,46.2418],[-60.2903,46.1562],[-60.2437,46.1763],[-60.205,46.1423],[-60.192,46.1662],[-60.2016,46.1938],[-60.1932,46.2117],[-60.1361,46.2518],[-60.0832,46.2462],[-60.0371,46.2238],[-60.0911,46.2108],[-59.9442,46.1962],[-59.9477,46.1624],[-59.9338,46.1585],[-59.8822,46.1767],[-59.8105,46.1699],[-59.8634,46.1364],[-59.8824,46.1113],[-59.8856,46.0805],[-59.8511,46.1044],[-59.8105,46.1078],[-59.9093,46.042],[-59.9579,46.0275],[-59.9207,45.9946],[-59.8321,46.0031],[-59.8304,45.978],[-59.8031,45.9569],[-59.8053,45.9355],[-59.8621,45.9357],[-59.9393,45.9044],[-59.9682,45.9097],[-59.9886,45.8887],[-59.9757,45.8751],[-60.1273,45.8695],[-60.1531,45.8471],[-60.1544,45.8371],[-60.0754,45.8155],[-60.0809,45.7924]]],[[[-60.9141,45.5666],[-60.8993,45.5787],[-60.8793,45.5666],[-60.9526,45.5316],[-60.9618,45.5173],[-60.9476,45.4982],[-61.0035,45.4608],[-61.0239,45.4709],[-61.0021,45.4945],[-61.0649,45.5045],[-61.1051,45.5271],[-61.1117,45.5488],[-61.0097,45.5808],[-60.9586,45.5814],[-60.9141,45.5666]]],[[[-59.7935,43.9646],[-59.7072,44.0144],[-59.7571,43.9661],[-59.8082,43.9402],[-59.9078,43.9162],[-60.0188,43.9138],[-60.117,43.9429],[-60.1302,43.9605],[-60.0739,43.9425],[-59.9978,43.9379],[-59.8715,43.9421],[-59.7935,43.9646]]],[[[-65.6078,43.4835],[-65.6171,43.5079],[-65.5599,43.5108],[-65.6106,43.4282],[-65.6288,43.4221],[-65.6269,43.4451],[-65.6561,43.463],[-65.6078,43.4835]]],[[[-66.2316,44.3872],[-66.2034,44.3922],[-66.3135,44.2507],[-66.3277,44.2581],[-66.2316,44.3872]]],[[[-59.7081,45.9947],[-59.781,46.0044],[-59.6952,46.034],[-59.7081,45.9947]]],[[[-62.545,45.8267],[-62.5069,45.8281],[-62.5124,45.8144],[-62.5558,45.7992],[-62.6031,45.8042],[-62.5744,45.824],[-62.545,45.8267]]]]}},{"type":"Feature","id":"Nunavut","properties":{"id":"Nunavut","iso_code":"CA-NU","name":"Nunavut","name_full":"Nunavut","name_ja":"ヌナブト準州","center_lonlat":[-98.5864,65.9115]},"geometry":{"type":"MultiPolygon","coordinates":[[[[-94.8031,60.0001],[-102.0016,60.0001],[-102.0056,63.8482],[-101.9866,64.0792],[-101.9991,64.2274],[-102.1204,64.2476],[-108.9729,64.7782],[-109.2151,64.812],[-109.5163,64.9019],[-110.6694,65.4961],[-112.5039,65.5013],[-120.6696,67.997],[-120.6808,68.0156],[-120.6808,69.5567],[-120.2786,69.4078],[-120.1579,69.3886],[-120.0858,69.3636],[-119.9976,69.3474],[-119.7872,69.3474],[-119.7255,69.3298],[-119.4762,69.3052],[-119.2582,69.2965],[-118.6664,69.2255],[-118.4769,69.1295],[-118.2208,69.0782],[-118.0409,69.0246],[-117.3707,68.9509],[-117.1654,68.8939],[-116.9814,68.9068],[-116.9617,68.9138],[-117.0101,68.9404],[-116.9736,68.9463],[-116.8471,68.8877],[-116.7873,68.8978],[-116.7568,68.8858],[-116.4678,68.8638],[-116.4218,68.8673],[-116.413,68.8858],[-116.3861,68.8853],[-116.3286,68.8781],[-116.2081,68.8312],[-115.9712,68.8093],[-115.9412,68.8175],[-116.0987,68.8564],[-116.1256,68.879],[-116.0853,68.8858],[-116.3111,68.9477],[-116.3236,68.9548],[-116.318,68.9683],[-116.269,68.9851],[-116.1605,68.9841],[-115.8792,68.9274],[-115.8379,68.9404],[-115.7699,68.9404],[-115.9412,69.0031],[-115.9164,69.0102],[-115.7147,68.9683],[-115.5673,68.9719],[-115.4971,68.9459],[-115.2113,68.8957],[-115.1144,68.8564],[-115.0636,68.8523],[-115.0773,68.8659],[-115.035,68.8751],[-114.9878,68.8674],[-114.8293,68.8139],[-114.7421,68.7553],[-114.5226,68.7172],[-114.4398,68.6872],[-114.4678,68.6667],[-114.4189,68.6412],[-114.4012,68.6169],[-114.201,68.5719],[-114.1829,68.564],[-114.1866,68.5507],[-114.1697,68.5301],[-114.0799,68.4945],[-114.0568,68.4408],[-114.1117,68.4396],[-114.1247,68.4318],[-114.1108,68.4135],[-114.0594,68.3974],[-114.005,68.3998],[-113.9884,68.4344],[-113.9672,68.4408],[-113.9054,68.3998],[-113.9484,68.3922],[-113.9632,68.3678],[-114.0568,68.3042],[-114.0152,68.2527],[-114.0355,68.2412],[-114.2052,68.2575],[-114.2685,68.2359],[-114.3374,68.2359],[-114.4503,68.2695],[-114.6243,68.2521],[-114.837,68.2626],[-114.9415,68.2913],[-114.9686,68.2831],[-114.7551,68.1943],[-114.8336,68.1911],[-114.8602,68.1566],[-114.8961,68.1514],[-115.2417,68.1869],[-115.1795,68.1418],[-115.1837,68.1224],[-115.2281,68.0913],[-115.2491,68.0429],[-115.2047,68.0257],[-115.112,68.0162],[-115.203,67.9822],[-115.5116,67.9387],[-115.5434,67.9234],[-115.5182,67.8953],[-115.3935,67.8791],[-115.256,67.8859],[-115.2827,67.8722],[-115.1182,67.8039],[-114.9965,67.7927],[-114.7892,67.817],[-114.7165,67.8116],[-114.599,67.7746],[-114.5428,67.7829],[-114.5353,67.7969],[-114.3979,67.7419],[-114.3298,67.7282],[-114.1721,67.7423],[-113.9813,67.7242],[-113.8588,67.6962],[-113.3158,67.7109],[-113.042,67.6736],[-112.8334,67.6873],[-112.7494,67.6765],[-112.421,67.6824],[-112.3546,67.6943],[-112.3431,67.703],[-112.371,67.7351],[-112.3276,67.7456],[-112.1861,67.7282],[-112.0277,67.7487],[-111.9977,67.7406],[-111.9801,67.694],[-111.8855,67.6852],[-111.8708,67.694],[-111.9315,67.722],[-111.9043,67.7419],[-111.9315,67.7487],[-111.8798,67.7641],[-111.5456,67.7214],[-111.5759,67.7487],[-111.535,67.7692],[-111.4592,67.7692],[-111.4693,67.7443],[-111.4249,67.7396],[-111.3563,67.7939],[-111.292,67.8261],[-111.1674,67.8461],[-111.1528,67.8312],[-111.2122,67.7897],[-111.1842,67.7971],[-111.1713,67.7829],[-111.2122,67.7624],[-111.0881,67.7907],[-111.019,67.7681],[-110.8471,67.8069],[-110.7396,67.8654],[-110.5766,67.8885],[-110.532,67.9157],[-110.4208,67.9484],[-110.3284,67.9479],[-110.3426,67.9684],[-110.2191,67.9479],[-110.1582,67.9184],[-110.1298,67.9268],[-110.1884,67.9542],[-110.203,67.9741],[-110.1778,67.9988],[-110.131,68.0104],[-110.0596,68.0051],[-109.9712,67.9673],[-109.9994,67.8859],[-109.9948,67.8526],[-109.9669,67.8338],[-109.9331,67.8342],[-109.9106,67.8585],[-109.9522,67.8859],[-109.832,67.8736],[-109.7834,67.8389],[-109.6984,67.8101],[-109.7462,67.776],[-109.6226,67.7419],[-109.7427,67.7453],[-109.7436,67.7287],[-109.7167,67.7192],[-109.5185,67.6914],[-109.4908,67.718],[-109.5128,67.7282],[-109.4955,67.7408],[-109.4519,67.7443],[-109.4059,67.7698],[-109.3824,67.7555],[-109.4042,67.7419],[-109.3011,67.7209],[-109.2598,67.7351],[-109.067,67.7202],[-109.0063,67.6736],[-108.9852,67.5904],[-108.9294,67.5318],[-109.0226,67.4877],[-109.0131,67.4613],[-108.9299,67.434],[-108.9326,67.4169],[-108.866,67.4146],[-108.8241,67.3572],[-108.7797,67.3794],[-108.7569,67.4146],[-108.7307,67.6158],[-108.6399,67.6295],[-108.5991,67.6253],[-108.5811,67.6085],[-108.5848,67.5773],[-108.5196,67.4948],[-108.5259,67.4504],[-108.5104,67.392],[-108.4713,67.3515],[-108.4484,67.3503],[-108.4312,67.3694],[-108.444,67.434],[-108.3703,67.4476],[-108.3243,67.4351],[-108.2642,67.3813],[-107.9925,67.2825],[-107.8823,67.1552],[-107.8754,67.1392],[-107.9164,67.1392],[-107.8856,67.0925],[-107.8854,67.0482],[-108.0212,67.0836],[-108.0777,67.0701],[-108.1394,67.08],[-108.1975,67.056],[-108.1898,67.0317],[-108.215,67.0274],[-108.303,67.0404],[-108.4847,67.1004],[-108.5892,67.1582],[-108.6221,67.1528],[-108.577,67.1236],[-108.5494,67.0685],[-108.5183,67.0372],[-108.4889,67.0419],[-108.4923,67.0634],[-108.465,67.0749],[-108.3647,67.0172],[-108.3397,66.9904],[-108.2215,66.9794],[-108.1195,66.9394],[-108.115,66.8785],[-108.1361,66.8601],[-108.2317,66.8511],[-108.1865,66.8389],[-108.0535,66.8511],[-107.9952,66.8322],[-107.9368,66.7823],[-107.9505,66.7351],[-107.8889,66.6697],[-107.8685,66.6721],[-107.8754,66.7072],[-107.8575,66.7238],[-107.889,66.7618],[-107.8577,66.7601],[-107.6898,66.6457],[-107.7245,66.6321],[-107.6352,66.57],[-107.5655,66.5307],[-107.5404,66.5405],[-107.5533,66.5563],[-107.5211,66.5534],[-107.4325,66.4547],[-107.3649,66.4335],[-107.2758,66.3608],[-107.2415,66.3485],[-107.2099,66.3591],[-107.2018,66.3785],[-107.2379,66.3918],[-107.2499,66.4139],[-107.2933,66.4417],[-107.4352,66.5108],[-107.4514,66.548],[-107.5635,66.5945],[-107.5737,66.6252],[-107.6267,66.6625],[-107.6587,66.7077],[-107.7674,66.7394],[-107.7997,66.7686],[-107.7135,66.753],[-107.6898,66.7686],[-107.7178,66.8785],[-107.7655,66.9461],[-107.7659,66.9963],[-107.7375,67.0115],[-107.6876,66.9822],[-107.6348,66.9671],[-107.6079,66.9741],[-107.6665,67.0634],[-107.643,67.0771],[-107.6178,67.074],[-107.524,67.0204],[-107.4844,66.9194],[-107.5319,66.9299],[-107.5689,66.9191],[-107.6465,66.9558],[-107.6973,66.9536],[-107.6163,66.8854],[-107.5799,66.8859],[-107.5874,66.8996],[-107.5328,66.8785],[-107.5737,66.845],[-107.563,66.8395],[-107.5123,66.8232],[-107.4775,66.845],[-107.4315,66.8078],[-107.4093,66.8171],[-107.4844,66.8859],[-107.4116,66.879],[-107.3956,66.8922],[-107.4414,66.963],[-107.401,66.9743],[-107.2215,66.902],[-107.1319,66.8303],[-107.0877,66.8307],[-107.1622,66.8785],[-107.1349,66.8922],[-107.2674,66.9894],[-107.4034,67.0412],[-107.3612,67.0668],[-107.2464,67.0842],[-107.2516,67.0976],[-107.2032,67.1249],[-107.2858,67.1249],[-107.39,67.1488],[-107.527,67.2123],[-107.5889,67.3105],[-107.6567,67.3725],[-107.7164,67.4046],[-107.7223,67.421],[-107.6973,67.4265],[-107.6514,67.4003],[-107.6352,67.4061],[-107.6283,67.4504],[-107.5836,67.478],[-107.5858,67.5012],[-107.6687,67.5291],[-107.7456,67.5926],[-107.8659,67.6309],[-108.0057,67.7097],[-108.0188,67.7351],[-108.0126,67.7591],[-107.9416,67.8543],[-107.6998,67.9029],[-107.6593,67.9467],[-107.7508,67.9655],[-107.8039,67.955],[-107.8344,67.9815],[-107.9095,67.9951],[-107.9186,68.0055],[-107.8959,68.0264],[-107.8795,68.093],[-107.8463,68.1071],[-107.814,68.0913],[-107.7501,68.0919],[-107.6973,68.0776],[-107.7189,68.0612],[-107.814,68.0572],[-107.8021,68.0449],[-107.7382,68.0429],[-107.8182,68.0246],[-107.8344,68.0094],[-107.7741,67.9886],[-107.6818,68.0487],[-107.583,68.0666],[-107.4287,68.0427],[-107.3727,68.0474],[-107.1466,68.1318],[-107.1076,68.126],[-107.1349,68.0913],[-107.0256,68.105],[-106.9525,68.1001],[-106.9704,68.1118],[-106.9261,68.1265],[-106.7582,68.105],[-106.7458,68.1396],[-106.7628,68.1682],[-106.8134,68.208],[-106.7888,68.224],[-106.6824,68.2285],[-106.6998,68.1983],[-106.6449,68.1733],[-106.6272,68.1852],[-106.6394,68.2376],[-106.6315,68.2496],[-106.4965,68.2026],[-106.4435,68.1528],[-106.4018,68.1807],[-106.3466,68.1869],[-106.4841,68.2287],[-106.4944,68.2458],[-106.4488,68.2713],[-106.426,68.3043],[-106.4708,68.3315],[-106.4457,68.3513],[-106.3541,68.3514],[-106.2511,68.393],[-106.1821,68.393],[-106.1486,68.3651],[-106.1224,68.366],[-106.0524,68.3998],[-105.991,68.3964],[-105.9705,68.4277],[-105.8741,68.4105],[-105.8433,68.424],[-105.8184,68.4551],[-105.7986,68.4277],[-105.7271,68.4266],[-105.7303,68.4408],[-105.6976,68.4888],[-105.7181,68.5134],[-105.7576,68.5233],[-105.7787,68.5507],[-105.706,68.5947],[-105.6927,68.6226],[-105.6483,68.6387],[-105.7277,68.6383],[-105.791,68.612],[-105.8791,68.6393],[-105.9412,68.6401],[-106.0524,68.6195],[-106.0572,68.6015],[-106.087,68.5925],[-106.5533,68.5159],[-106.4224,68.5159],[-106.5389,68.5078],[-106.5596,68.4886],[-106.5309,68.4849],[-106.5098,68.4586],[-106.5322,68.4476],[-106.5697,68.4687],[-106.6352,68.4687],[-106.5926,68.4274],[-106.4879,68.4074],[-106.4875,68.3892],[-106.5562,68.3588],[-106.5663,68.3411],[-106.5281,68.3011],[-106.5527,68.2968],[-106.5929,68.3007],[-106.6517,68.3514],[-106.7169,68.3514],[-106.724,68.3825],[-106.7867,68.4149],[-106.8062,68.4108],[-106.8111,68.3984],[-106.7923,68.3856],[-106.81,68.3708],[-106.9144,68.3857],[-107.0256,68.3651],[-107.0223,68.3485],[-107.1217,68.3082],[-107.1408,68.2721],[-107.1551,68.2701],[-107.2739,68.2687],[-107.3008,68.3073],[-107.3356,68.3188],[-107.5089,68.3236],[-107.5465,68.3518],[-107.745,68.3315],[-107.827,68.3445],[-107.8473,68.3332],[-107.889,68.2695],[-107.8422,68.2449],[-107.7655,68.2359],[-107.7296,68.2072],[-107.6031,68.175],[-107.6147,68.1671],[-107.8444,68.1807],[-107.9247,68.148],[-108.0096,68.1546],[-107.9892,68.1723],[-108.1491,68.1733],[-108.3892,68.111],[-108.4363,68.1368],[-108.434,68.1562],[-108.3776,68.1663],[-108.3614,68.1596],[-108.3825,68.1397],[-108.3542,68.1404],[-108.3376,68.1551],[-108.3279,68.2046],[-108.362,68.2359],[-108.3805,68.2316],[-108.4098,68.1807],[-108.4576,68.1869],[-108.4022,68.2689],[-108.3998,68.2873],[-108.4166,68.3042],[-108.4527,68.3126],[-108.5602,68.2788],[-108.5841,68.2601],[-108.6975,68.2558],[-108.7322,68.2349],[-108.796,68.2549],[-108.8151,68.2742],[-108.744,68.3063],[-108.7556,68.3275],[-108.749,68.3445],[-108.5946,68.3992],[-108.4061,68.5609],[-108.3472,68.6001],[-108.2808,68.6216],[-107.8064,68.6535],[-107.7531,68.646],[-107.4257,68.7001],[-107.2926,68.7014],[-107.1529,68.7497],[-107.0751,68.7574],[-106.9108,68.8004],[-106.7994,68.8175],[-106.6657,68.8162],[-106.5663,68.8523],[-106.3058,68.8964],[-106.2721,68.9069],[-106.2442,68.9404],[-106.2218,68.946],[-105.9978,68.8995],[-105.7965,68.8827],[-105.4696,68.722],[-105.4855,68.6915],[-105.538,68.6754],[-105.5392,68.6501],[-105.4666,68.5976],[-105.4092,68.5306],[-105.3262,68.5159],[-105.3241,68.4825],[-105.3402,68.4697],[-105.4022,68.4936],[-105.4373,68.4904],[-105.536,68.4499],[-105.5515,68.4277],[-105.5439,68.4139],[-105.3331,68.4135],[-105.3535,68.3793],[-105.3231,68.3544],[-105.0392,68.2591],[-104.9967,68.2769],[-105.086,68.3104],[-105.0334,68.3091],[-104.9968,68.325],[-104.9532,68.3074],[-104.9034,68.3314],[-104.8942,68.3514],[-104.8489,68.3271],[-104.8422,68.2919],[-104.945,68.2606],[-104.9519,68.2518],[-104.9352,68.2359],[-104.8846,68.2295],[-104.8201,68.2651],[-104.7851,68.2491],[-104.6341,68.2496],[-104.602,68.2353],[-104.6757,68.1397],[-104.6173,68.1396],[-104.5916,68.0833],[-104.5067,68.0707],[-104.4999,68.0607],[-104.5106,68.0429],[-104.4839,68.0339],[-104.3633,68.0367],[-104.317,68.0571],[-104.2295,68.0299],[-104.1476,68.0242],[-103.9903,68.0487],[-103.8786,68.0233],[-103.7926,68.0263],[-103.7087,68.0709],[-103.6162,68.0572],[-103.5579,68.0634],[-103.5416,68.075],[-103.5477,68.1132],[-103.5284,68.133],[-103.4149,68.1694],[-103.3712,68.1486],[-103.3388,68.1118],[-103.3798,68.0776],[-103.3635,68.0115],[-103.3178,68.0077],[-103.242,67.97],[-103.1545,67.9676],[-103.083,67.9275],[-102.9484,67.9268],[-102.9092,67.8851],[-102.7626,67.8151],[-102.4511,67.7823],[-102.3408,67.7509],[-102.3059,67.7233],[-102.2538,67.7304],[-102.2189,67.6918],[-102.201,67.7003],[-102.2274,67.7248],[-102.2185,67.742],[-102.1307,67.7751],[-102.083,67.7501],[-102.0257,67.7505],[-101.9888,67.7692],[-101.9937,67.7831],[-101.9806,67.7916],[-101.9391,67.7858],[-101.8998,67.7491],[-101.838,67.7419],[-101.8265,67.7173],[-101.798,67.7081],[-101.7703,67.7282],[-101.7418,67.7276],[-101.6735,67.694],[-101.6219,67.7006],[-101.5294,67.6804],[-101.4718,67.6972],[-101.4364,67.6881],[-101.3998,67.694],[-101.4459,67.7133],[-101.4477,67.7344],[-101.3821,67.7185],[-101.3408,67.7282],[-101.2626,67.722],[-101.2418,67.7369],[-101.2524,67.7697],[-101.235,67.776],[-101.1738,67.7555],[-101.0948,67.7866],[-101.0976,67.7491],[-100.9569,67.7492],[-100.8922,67.7706],[-100.9222,67.8032],[-100.9231,67.8207],[-100.9073,67.8286],[-100.8313,67.796],[-100.7691,67.8265],[-100.735,67.817],[-100.7074,67.8511],[-100.6456,67.8312],[-100.5928,67.847],[-100.5841,67.8347],[-100.5904,67.7965],[-100.4128,67.8511],[-100.1664,67.8449],[-100.0805,67.817],[-100.0287,67.8244],[-99.9678,67.8101],[-99.9269,67.8244],[-99.817,67.8009],[-99.7927,67.8049],[-99.7953,67.8244],[-99.7678,67.8265],[-99.6861,67.8165],[-99.6346,67.7927],[-99.5675,67.8077],[-99.4949,67.7965],[-99.4874,67.7828],[-99.4237,67.7941],[-99.3749,67.7697],[-99.2953,67.7554],[-99.2267,67.7145],[-99.1584,67.7145],[-99.109,67.7292],[-98.9817,67.722],[-98.9364,67.6968],[-98.8927,67.7523],[-98.7323,67.7541],[-98.6998,67.7897],[-98.706,67.8017],[-98.6826,67.8127],[-98.5893,67.7828],[-98.3634,67.7946],[-98.361,67.8113],[-98.4523,67.8701],[-98.5355,67.8732],[-98.727,67.9578],[-98.7428,68.06],[-98.7339,68.0709],[-98.6445,68.0709],[-98.5846,68.0964],[-98.5223,68.0456],[-98.2574,67.9258],[-98.0921,67.7603],[-98.0487,67.7692],[-97.9844,67.7503],[-97.9272,67.6969],[-97.796,67.6846],[-97.7305,67.6485],[-97.6559,67.645],[-97.5579,67.5954],[-97.415,67.6107],[-97.3351,67.6529],[-97.2746,67.6667],[-97.2132,67.6246],[-97.1921,67.6395],[-97.1969,67.6644],[-97.0611,67.6804],[-97.13,67.7145],[-97.2262,67.7145],[-97.2111,67.734],[-97.1201,67.7794],[-97.1208,67.793],[-97.1648,67.8449],[-97.2057,67.8654],[-97.2228,67.9029],[-97.2496,67.9246],[-97.2952,67.8859],[-97.3635,67.8769],[-97.4712,67.9354],[-97.6932,68.0226],[-97.7095,68.0128],[-97.7197,67.9753],[-97.7743,67.9875],[-97.7948,67.9753],[-97.8499,67.9741],[-97.9575,67.929],[-97.977,67.9305],[-98.0015,67.9595],[-98.0589,67.9169],[-98.066,67.8992],[-98.0487,67.8381],[-98.095,67.8366],[-98.1786,67.8807],[-98.2233,67.9341],[-98.4049,68.0094],[-98.449,68.0709],[-98.5899,68.1528],[-98.5353,68.1397],[-98.5067,68.1812],[-98.4561,68.1838],[-98.4254,68.1596],[-98.4391,68.1186],[-98.4114,68.0825],[-98.3636,68.094],[-98.3245,68.1281],[-98.3155,68.1671],[-98.5415,68.2359],[-98.4875,68.2496],[-98.5922,68.2916],[-98.7106,68.3607],[-98.7134,68.3793],[-98.6308,68.3824],[-98.5148,68.3315],[-98.5415,68.3651],[-98.4774,68.3525],[-98.4595,68.3651],[-98.5408,68.4148],[-98.526,68.4254],[-98.4391,68.3793],[-98.3176,68.3568],[-98.2131,68.3042],[-98.1514,68.3347],[-98.0826,68.3238],[-98.0685,68.3377],[-98.1169,68.3551],[-98.0956,68.3675],[-97.9047,68.3445],[-97.9083,68.3915],[-97.7476,68.3687],[-97.771,68.402],[-97.8952,68.4241],[-97.9117,68.4382],[-97.8984,68.4476],[-98.0105,68.4991],[-98.0037,68.5319],[-97.9796,68.5471],[-97.9252,68.5301],[-97.8563,68.5438],[-97.7055,68.5278],[-97.6614,68.5063],[-97.6359,68.4554],[-97.5294,68.4207],[-97.5038,68.4361],[-97.5192,68.4523],[-97.5751,68.4476],[-97.621,68.4621],[-97.5777,68.4999],[-97.43,68.5056],[-97.2604,68.4687],[-97.2491,68.4459],[-97.1095,68.393],[-97.1623,68.3944],[-97.171,68.3856],[-97.162,68.3776],[-97.0099,68.35],[-96.9935,68.3377],[-96.9935,68.2967],[-97.0561,68.3066],[-97.083,68.2861],[-97.0806,68.2657],[-96.9264,68.2427],[-96.69,68.2864],[-96.6304,68.2496],[-96.6795,68.2387],[-96.6917,68.2281],[-96.6813,68.2111],[-96.621,68.1857],[-96.6086,68.1943],[-96.6339,68.2139],[-96.592,68.2542],[-96.4862,68.3034],[-96.4038,68.3179],[-96.4694,68.286],[-96.4895,68.218],[-96.5245,68.1917],[-96.6434,68.1397],[-96.6247,68.1253],[-96.6377,68.1135],[-96.6918,68.105],[-96.685,68.0913],[-96.795,68.072],[-96.8148,68.0504],[-96.8019,68.0268],[-96.7645,68.0172],[-96.6918,68.0162],[-96.6577,68.0572],[-96.6168,68.0682],[-96.5926,68.0687],[-96.5627,68.0405],[-96.4448,68.0504],[-96.4857,68.0709],[-96.4789,68.0906],[-96.5485,68.0851],[-96.525,68.116],[-96.3981,68.1714],[-96.0094,68.2523],[-95.9377,68.2906],[-95.8967,68.2967],[-95.9388,68.2525],[-96.0424,68.1887],[-96.0817,68.1459],[-96.0244,68.1157],[-96.086,68.0377],[-96.0817,68.0094],[-96.1308,67.9569],[-96.2168,67.8102],[-96.2095,67.7535],[-96.1913,67.7365],[-96.2222,67.699],[-96.2058,67.6804],[-96.1711,67.7003],[-96.1819,67.6429],[-96.1972,67.627],[-96.253,67.6298],[-96.2909,67.663],[-96.3072,67.6964],[-96.3439,67.6894],[-96.335,67.6121],[-96.3572,67.5828],[-96.4652,67.5495],[-96.4311,67.5433],[-96.4652,67.5122],[-96.4652,67.478],[-96.3921,67.4961],[-96.3622,67.4811],[-96.3759,67.4632],[-96.335,67.4439],[-96.21,67.4256],[-96.1532,67.4422],[-96.1193,67.4713],[-96.0959,67.4675],[-96.096,67.447],[-96.068,67.4409],[-96.1114,67.4154],[-96.1384,67.3684],[-96.2253,67.3221],[-96.253,67.2477],[-96.1422,67.2626],[-96.13,67.2515],[-96.1369,67.2347],[-96.1107,67.2219],[-96.0378,67.2393],[-95.9445,67.2962],[-95.9277,67.2825],[-95.9081,67.2866],[-95.761,67.3712],[-95.7163,67.376],[-95.7192,67.3651],[-95.678,67.335],[-95.6378,67.3477],[-95.623,67.3794],[-95.5814,67.3848],[-95.5339,67.3577],[-95.5541,67.3242],[-95.8117,67.1929],[-95.8353,67.1658],[-95.7291,67.187],[-95.6435,67.228],[-95.664,67.2069],[-95.5219,67.2196],[-95.4852,67.2006],[-95.4995,67.1938],[-95.4784,67.1801],[-95.4917,67.1589],[-95.4826,67.1413],[-95.4427,67.1518],[-95.4374,67.2006],[-95.3828,67.1597],[-95.3965,67.1392],[-95.3794,67.1079],[-95.4176,67.0698],[-95.4032,67.056],[-95.3378,67.0417],[-95.3303,67.0104],[-95.3555,66.9641],[-95.4032,66.9741],[-95.4215,66.9493],[-95.6035,66.9468],[-95.6366,66.9678],[-95.6019,66.9883],[-95.9137,66.9478],[-95.9377,66.9604],[-95.9618,67.009],[-95.9923,67.0089],[-95.9671,67.0469],[-95.9308,67.0703],[-95.9558,67.0745],[-96.0487,67.0165],[-96.027,66.9741],[-96.1271,66.957],[-96.1574,66.9678],[-96.1158,66.9883],[-96.2598,66.9914],[-96.2814,67.0112],[-96.2646,67.0494],[-96.2803,67.0703],[-96.3492,67.0703],[-96.3922,67.0933],[-96.4557,67.0598],[-96.4169,67.0293],[-96.3976,66.9946],[-96.3011,66.9749],[-96.2467,66.9269],[-96.1527,66.9006],[-96.1261,66.8822],[-96.1124,66.8413],[-96.0969,66.8306],[-95.852,66.7581],[-95.78,66.6625],[-95.7834,66.6385],[-95.821,66.5911],[-95.7407,66.6483],[-95.6435,66.6693],[-95.6305,66.6894],[-95.6648,66.7414],[-95.6847,66.7321],[-95.6718,66.7078],[-95.6869,66.6877],[-95.7544,66.6831],[-95.7921,66.737],[-95.8368,66.756],[-95.9095,66.8193],[-95.9997,66.8511],[-96.0935,66.9202],[-96.0285,66.9514],[-95.9761,66.9539],[-95.8861,66.93],[-95.8273,66.9435],[-95.7759,66.9368],[-95.7528,66.9057],[-95.7338,66.9031],[-95.5752,66.9126],[-95.5067,66.9025],[-95.4532,66.9283],[-95.4107,66.9331],[-95.3885,66.9121],[-95.3163,66.9002],[-95.275,66.9139],[-95.2183,66.9741],[-95.2332,66.9897],[-95.3009,67.0089],[-95.2915,67.0312],[-95.3452,67.074],[-95.3236,67.1172],[-95.3481,67.1527],[-95.2685,67.2112],[-95.2556,67.2623],[-95.1728,67.2786],[-95.1754,67.2896],[-95.3302,67.3435],[-95.376,67.447],[-95.4138,67.4566],[-95.3993,67.478],[-95.3249,67.5108],[-95.3381,67.5522],[-95.4383,67.6038],[-95.4632,67.6393],[-95.5234,67.6472],[-95.5922,67.6837],[-95.6803,67.7025],[-95.7077,67.7333],[-95.6761,67.7654],[-95.6292,67.776],[-95.6296,67.7879],[-95.5851,67.7897],[-95.5455,67.8083],[-95.5268,67.8485],[-95.5365,67.8867],[-95.582,67.8995],[-95.4652,67.9746],[-95.4449,68.0094],[-95.4217,68.02],[-95.4312,68.0572],[-95.4784,68.0634],[-95.2451,68.0845],[-95.2183,68.0776],[-95.2729,68.0367],[-95.0948,68.0913],[-95.0397,68.0552],[-94.9313,68.0605],[-94.861,68.0309],[-94.7982,68.0381],[-94.7384,68.0583],[-94.701,68.0814],[-94.6839,68.1084],[-94.5604,68.1633],[-94.4746,68.1832],[-94.4512,68.2012],[-94.3826,68.2198],[-94.3686,68.2359],[-94.2109,68.2695],[-94.1933,68.2887],[-94.2118,68.3272],[-94.2114,68.3639],[-94.1387,68.3988],[-94.1224,68.4223],[-93.9498,68.4758],[-93.7574,68.506],[-93.6212,68.5506],[-93.5607,68.5584],[-93.5462,68.5643],[-93.5598,68.5786],[-93.5462,68.5786],[-93.5447,68.5972],[-93.5238,68.6073],[-93.4464,68.6149],[-93.3749,68.6387],[-93.5803,68.6121],[-93.6453,68.6258],[-93.7523,68.6121],[-93.7057,68.6646],[-93.6793,68.7319],[-93.6976,68.7486],[-93.6876,68.7612],[-93.6534,68.7642],[-93.637,68.8041],[-93.5707,68.8441],[-93.5772,68.8622],[-93.6492,68.8995],[-93.6377,68.9361],[-93.6561,68.9404],[-93.6349,68.9621],[-93.6608,68.9722],[-93.7386,68.9683],[-93.7249,68.9752],[-93.7364,68.9773],[-93.8573,68.9626],[-93.8758,68.9752],[-93.8336,69.0093],[-93.9093,68.9957],[-93.8655,69.0373],[-93.8,69.0646],[-93.8271,69.0692],[-93.9366,69.0298],[-93.9025,69.0298],[-93.9508,68.9957],[-93.923,68.982],[-94.0616,68.9033],[-94.0699,68.8748],[-94.0403,68.8659],[-94.0806,68.8523],[-94.0365,68.8386],[-93.944,68.8831],[-93.923,68.8858],[-93.9434,68.8585],[-93.8131,68.8995],[-93.8262,68.8793],[-93.8954,68.86],[-93.9778,68.8107],[-94.0592,68.7867],[-94.0942,68.7629],[-94.2829,68.758],[-94.4125,68.723],[-94.4657,68.7434],[-94.5074,68.7251],[-94.5709,68.7629],[-94.6361,68.756],[-94.6041,68.8244],[-94.5599,68.8631],[-94.5505,68.8907],[-94.5843,68.9032],[-94.5668,68.9358],[-94.5987,68.9493],[-94.602,68.9683],[-94.5712,68.9819],[-94.5309,68.9773],[-94.4648,68.9547],[-94.4632,68.9417],[-94.443,68.9442],[-94.4027,68.9621],[-94.3459,69.0258],[-94.1762,69.0495],[-94.1495,69.0646],[-94.186,69.0859],[-94.1725,69.1079],[-94.0055,69.1601],[-94.1352,69.1328],[-94.2528,69.127],[-94.324,69.1558],[-94.3245,69.1707],[-94.2799,69.2291],[-94.3003,69.2495],[-94.2594,69.2768],[-94.314,69.2979],[-94.2816,69.3221],[-94.0266,69.3662],[-93.9304,69.3662],[-93.8854,69.3451],[-93.8462,69.3498],[-93.7945,69.3685],[-93.7392,69.409],[-93.6122,69.4396],[-93.5257,69.4414],[-93.6785,69.3547],[-93.81,69.311],[-93.8819,69.2495],[-93.8131,69.27],[-93.8819,69.2291],[-93.8683,69.2181],[-93.8131,69.2222],[-93.8516,69.1861],[-93.8541,69.1744],[-93.8403,69.1687],[-93.6076,69.27],[-93.6268,69.2749],[-93.6424,69.2631],[-93.5796,69.2995],[-93.4864,69.3188],[-93.4536,69.3321],[-93.4344,69.3568],[-93.3619,69.373],[-93.3859,69.3796],[-93.4779,69.3594],[-93.5878,69.3662],[-93.4925,69.4406],[-93.4779,69.4543],[-93.4847,69.4618],[-93.4508,69.4738],[-93.4506,69.4897],[-93.4772,69.4842],[-93.5058,69.5156],[-93.558,69.5307],[-93.6902,69.5233],[-93.8035,69.4822],[-93.8131,69.4959],[-93.8728,69.4865],[-93.879,69.4669],[-93.8683,69.4543],[-93.9304,69.4354],[-94.1495,69.4345],[-94.3222,69.453],[-94.3822,69.4959],[-94.4474,69.5201],[-94.5217,69.5759],[-94.561,69.6406],[-94.5851,69.6482],[-94.6068,69.6328],[-94.618,69.6379],[-94.6361,69.6542],[-94.6299,69.6877],[-94.7643,69.6617],[-94.7242,69.6195],[-94.7458,69.5943],[-94.7887,69.5782],[-94.8751,69.5716],[-94.9529,69.5891],[-94.9712,69.6092],[-95.0123,69.6058],[-94.9992,69.6195],[-95.0248,69.6268],[-95.1316,69.621],[-95.1848,69.645],[-95.4105,69.6859],[-95.5868,69.7422],[-95.6691,69.7884],[-95.751,69.7854],[-95.7869,69.743],[-95.8279,69.7703],[-95.7869,69.7908],[-95.8075,69.8034],[-95.8483,69.8011],[-95.869,69.7772],[-95.9316,69.7919],[-95.9759,69.7862],[-96.0868,69.8463],[-96.2058,69.8658],[-96.1569,69.884],[-96.1134,69.8666],[-96.0817,69.8795],[-96.1227,69.9006],[-96.0885,69.9143],[-96.1098,69.9257],[-96.1101,69.9565],[-96.1749,69.9722],[-96.2223,69.9627],[-96.2564,69.9703],[-96.4863,70.097],[-96.5319,70.1362],[-96.5378,70.1739],[-96.5737,70.2344],[-96.5615,70.3153],[-96.546,70.3406],[-96.4448,70.4077],[-96.3471,70.4141],[-96.3287,70.4487],[-96.3343,70.4869],[-96.233,70.5712],[-96.1889,70.5322],[-96.1369,70.5449],[-96.1442,70.564],[-96.126,70.5792],[-96.0749,70.5927],[-95.9952,70.5639],[-95.8529,70.5389],[-95.7989,70.5312],[-95.7934,70.5441],[-95.9582,70.5716],[-96.0539,70.607],[-96.0544,70.6442],[-95.9588,70.6815],[-95.8148,70.7156],[-95.9036,70.7093],[-96.1225,70.6564],[-96.1505,70.6337],[-96.1903,70.6247],[-96.3476,70.6654],[-96.3976,70.6889],[-96.441,70.7386],[-96.6024,70.7913],[-96.6164,70.8258],[-96.5986,70.8599],[-96.5278,70.9318],[-96.4875,71.0285],[-96.5,71.0452],[-96.4398,71.0522],[-96.376,71.0941],[-96.4106,71.1197],[-96.4243,71.1135],[-96.4104,71.0978],[-96.4197,71.0897],[-96.4587,71.0861],[-96.5615,71.1271],[-96.549,71.1442],[-96.4587,71.1715],[-96.39,71.1478],[-96.3759,71.1606],[-96.4591,71.1954],[-96.4311,71.2643],[-96.4796,71.2574],[-96.4721,71.2643],[-96.5069,71.2779],[-96.4471,71.2989],[-96.3055,71.3033],[-96.2803,71.3127],[-96.2878,71.3189],[-96.2684,71.3417],[-96.2117,71.3868],[-96.1335,71.4142],[-95.9859,71.4151],[-95.9244,71.404],[-95.8398,71.3508],[-95.6583,71.2915],[-95.5364,71.2961],[-95.5404,71.3127],[-95.5194,71.3258],[-95.5882,71.3605],[-95.4722,71.3605],[-95.4784,71.3741],[-95.4374,71.3803],[-95.5061,71.3973],[-95.5462,71.4277],[-95.5204,71.4548],[-95.4647,71.4697],[-95.4647,71.484],[-95.376,71.5107],[-95.4764,71.5001],[-95.4921,71.4871],[-95.8074,71.5107],[-95.8626,71.5386],[-95.9445,71.5522],[-95.9304,71.5705],[-95.8762,71.5932],[-95.9104,71.6069],[-95.8464,71.627],[-95.7252,71.6337],[-95.6786,71.6524],[-95.6776,71.6683],[-95.6638,71.6738],[-95.6193,71.6752],[-95.4921,71.723],[-95.2772,71.7243],[-95.2593,71.7373],[-95.2882,71.7519],[-95.2804,71.7782],[-95.2161,71.8295],[-94.9856,71.8476],[-94.7407,71.8293],[-94.6081,71.8676],[-94.641,71.8734],[-94.759,71.8397],[-95.1017,71.8608],[-95.1787,71.8472],[-95.2467,71.863],[-95.2545,71.8792],[-95.232,71.8942],[-95.2593,71.9017],[-95.2115,71.929],[-95.2252,71.9495],[-94.5487,72.0021],[-94.492,71.9904],[-94.4735,71.956],[-94.3934,71.9393],[-94.4245,71.9095],[-94.5057,71.9017],[-94.4527,71.8859],[-94.4603,71.8574],[-94.5514,71.8505],[-94.6492,71.8198],[-94.6138,71.7962],[-94.6075,71.7831],[-94.6224,71.7646],[-94.5951,71.7435],[-94.5399,71.7713],[-94.4921,71.826],[-94.4652,71.8211],[-94.4648,71.7987],[-94.447,71.7907],[-94.4198,71.8123],[-94.3549,71.7987],[-94.3879,71.7825],[-94.3996,71.757],[-94.3884,71.723],[-94.4155,71.6655],[-94.2823,71.7361],[-94.2108,71.7923],[-94.1807,71.7925],[-94.1599,71.7829],[-94.1632,71.7646],[-94.1218,71.7604],[-94.0541,71.7892],[-93.9506,71.7509],[-93.8974,71.753],[-93.8088,71.7789],[-93.7209,71.7653],[-93.7038,71.7335],[-93.7157,71.7049],[-93.8205,71.6553],[-93.635,71.5795],[-93.4197,71.5358],[-93.3592,71.5021],[-93.2156,71.4691],[-93.1831,71.4077],[-93.1485,71.3834],[-93.0178,71.3669],[-92.9801,71.3474],[-92.9975,71.3189],[-92.9479,71.2949],[-92.9372,71.2233],[-92.8829,71.189],[-92.8587,71.1586],[-92.8684,71.1271],[-92.861,71.106],[-92.8862,71.0707],[-92.8541,71.0452],[-92.8887,71.0069],[-92.9093,70.9278],[-92.8964,70.884],[-92.8541,70.8596],[-92.9382,70.8461],[-93.0527,70.8807],[-93.0408,70.8624],[-92.9459,70.8174],[-92.8202,70.8099],[-92.6929,70.7746],[-92.6752,70.7656],[-92.6959,70.7578],[-92.6912,70.7493],[-92.6623,70.736],[-92.7175,70.723],[-92.6747,70.7246],[-92.6418,70.7093],[-92.6903,70.6889],[-92.6555,70.6889],[-92.6766,70.6815],[-92.6145,70.6889],[-92.4159,70.6678],[-92.4221,70.661],[-92.4069,70.6549],[-92.3026,70.6337],[-92.3162,70.6014],[-92.3402,70.5995],[-92.3292,70.5816],[-92.3033,70.5734],[-92.277,70.5808],[-92.2499,70.6254],[-92.2154,70.6163],[-92.1552,70.579],[-92.2508,70.579],[-92.2446,70.5716],[-92.2609,70.5487],[-92.2157,70.5338],[-92.1932,70.5101],[-92.2303,70.5107],[-92.2856,70.4896],[-92.1117,70.4726],[-92.1082,70.454],[-92.1348,70.435],[-92.0422,70.4214],[-92.0453,70.3941],[-91.9982,70.3941],[-92.0181,70.373],[-91.9764,70.3668],[-92.0023,70.3488],[-91.9907,70.3251],[-92.0863,70.3047],[-91.9996,70.3032],[-91.9839,70.2904],[-92.0044,70.2842],[-91.9634,70.2699],[-91.9586,70.2578],[-91.9208,70.2993],[-91.8536,70.3047],[-91.9053,70.3399],[-91.8785,70.3647],[-91.8058,70.3593],[-91.7862,70.3365],[-91.7558,70.3581],[-91.7232,70.3558],[-91.6891,70.3183],[-91.7307,70.3047],[-91.6877,70.2278],[-91.6965,70.2023],[-91.641,70.2341],[-91.5575,70.1982],[-91.511,70.1613],[-91.5452,70.145],[-91.6965,70.134],[-91.8126,70.1402],[-91.9955,70.123],[-92.0453,70.1341],[-92.1217,70.1741],[-92.2258,70.1879],[-92.2303,70.2085],[-92.2992,70.2569],[-92.2995,70.2405],[-92.3675,70.2364],[-92.2654,70.2065],[-92.2903,70.1877],[-92.3264,70.1951],[-92.3917,70.1812],[-92.4842,70.1812],[-92.4307,70.1714],[-92.3886,70.147],[-92.4342,70.1381],[-92.4739,70.0986],[-92.5872,70.0788],[-92.5311,70.0776],[-92.478,70.0456],[-92.4565,70.0687],[-92.3116,70.0943],[-92.1117,70.0886],[-91.9936,70.0555],[-91.9429,70.0241],[-92.0249,69.9962],[-92.0773,69.9937],[-92.0863,69.9757],[-92.2235,69.9148],[-92.2713,69.9075],[-92.2446,69.8938],[-92.2647,69.8752],[-92.5476,69.8168],[-92.5456,69.7839],[-92.5679,69.7646],[-92.6006,69.7668],[-92.6487,69.7942],[-92.6735,69.7808],[-92.6555,69.7703],[-92.6841,69.7569],[-92.8684,69.702],[-92.5388,69.7088],[-92.6227,69.7054],[-92.7374,69.6741],[-92.8557,69.6896],[-92.923,69.6741],[-92.6691,69.6542],[-92.6036,69.6833],[-92.4714,69.6976],[-92.4054,69.6848],[-92.3674,69.7087],[-92.3402,69.6945],[-92.3749,69.6678],[-92.2628,69.6658],[-92.1766,69.6334],[-92.0912,69.6259],[-92.0863,69.6195],[-92.2631,69.6342],[-92.2992,69.6467],[-92.2378,69.6058],[-92.1217,69.5716],[-92.1279,69.5581],[-91.9667,69.5336],[-91.7983,69.4897],[-91.8027,69.5133],[-91.7102,69.5443],[-91.7375,69.5511],[-91.6481,69.5581],[-91.5792,69.5853],[-91.6003,69.6126],[-91.5007,69.6436],[-91.4973,69.6611],[-91.2899,69.6602],[-91.2508,69.6406],[-91.1676,69.6557],[-91.1683,69.6331],[-91.0933,69.6406],[-91.1318,69.6194],[-91.2189,69.6143],[-91.3597,69.5529],[-91.5724,69.5233],[-91.5571,69.5118],[-91.5041,69.5233],[-91.3468,69.5233],[-91.3048,69.5443],[-91.1891,69.5642],[-91.11,69.5133],[-91.0072,69.5272],[-90.9772,69.5159],[-90.8977,69.5369],[-90.8813,69.5192],[-90.8878,69.4897],[-90.7506,69.4897],[-90.7533,69.5191],[-90.6843,69.5389],[-90.4369,69.4931],[-90.4003,69.4647],[-90.3695,69.4597],[-90.3698,69.4447],[-90.3118,69.4543],[-90.3525,69.4373],[-90.4762,69.4481],[-90.5616,69.4283],[-90.6144,69.439],[-90.5998,69.4481],[-90.6214,69.454],[-90.7028,69.4543],[-90.5855,69.4208],[-90.6726,69.4077],[-90.7978,69.3662],[-90.7916,69.3525],[-90.8151,69.3337],[-90.8052,69.2837],[-90.8182,69.2768],[-90.8052,69.2563],[-90.9355,69.2495],[-90.8946,69.27],[-90.9697,69.27],[-90.943,69.2768],[-90.956,69.2905],[-90.9307,69.2897],[-90.9151,69.3041],[-91.0863,69.27],[-91.0946,69.2851],[-91.0106,69.311],[-90.9976,69.3389],[-90.956,69.3594],[-91.1891,69.2905],[-91.4495,69.3525],[-91.2592,69.2837],[-91.1813,69.274],[-91.1256,69.2388],[-91.0336,69.2195],[-90.8052,69.1328],[-90.7707,69.1089],[-90.6706,69.0882],[-90.6544,69.0782],[-90.6614,69.0618],[-90.7023,69.0397],[-90.6954,69.0298],[-90.709,69.0072],[-90.6121,68.9875],[-90.5793,68.9479],[-90.5998,68.9479],[-90.5855,68.9274],[-90.6211,68.9163],[-90.5326,68.9114],[-90.4353,68.879],[-90.4831,68.8523],[-90.4216,68.8454],[-90.538,68.8369],[-90.5998,68.8039],[-90.5635,68.7989],[-90.4421,68.8312],[-90.4758,68.7965],[-90.449,68.7902],[-90.4571,68.777],[-90.4922,68.7717],[-90.5104,68.784],[-90.5309,68.7424],[-90.483,68.711],[-90.4856,68.7011],[-90.5008,68.6677],[-90.5309,68.653],[-90.5265,68.642],[-90.565,68.6257],[-90.4899,68.5915],[-90.5399,68.5721],[-90.4772,68.5344],[-90.4936,68.5301],[-90.5172,68.4919],[-90.6061,68.4581],[-90.607,68.4439],[-90.3186,68.3793],[-90.4757,68.3377],[-90.3384,68.352],[-90.3118,68.3377],[-90.3241,68.3099],[-90.2782,68.2681],[-90.2708,68.2421],[-90.1938,68.2358],[-90.12,68.2626],[-90.1405,68.2936],[-90.1715,68.3073],[-90.1641,68.3152],[-90.0002,68.3793],[-89.9896,68.406],[-90.0018,68.4194],[-89.9822,68.4277],[-90.0039,68.4339],[-89.9243,68.4516],[-89.9009,68.4612],[-89.9117,68.4698],[-89.9005,68.4864],[-89.8646,68.4883],[-89.8498,68.5233],[-89.821,68.5445],[-89.8961,68.5502],[-89.9208,68.5643],[-89.946,68.6043],[-89.9449,68.6158],[-89.8973,68.6439],[-89.9009,68.6605],[-89.8468,68.6773],[-89.7944,68.7151],[-89.7665,68.7037],[-89.7539,68.6773],[-89.7706,68.6257],[-89.7159,68.6462],[-89.7255,68.7075],[-89.6977,68.7653],[-89.7159,68.7902],[-89.688,68.8175],[-89.705,68.8328],[-89.7364,68.8312],[-89.7222,68.853],[-89.7469,68.9162],[-89.7432,68.9683],[-89.6722,69.0445],[-89.5446,69.0919],[-89.4416,69.1539],[-89.4005,69.1844],[-89.3972,69.2154],[-89.3317,69.2495],[-89.1987,69.2781],[-89.0359,69.2672],[-88.942,69.2336],[-88.9329,69.2027],[-88.8868,69.1796],[-88.8457,69.1396],[-88.7286,69.0839],[-88.2497,68.9316],[-88.0226,68.8087],[-87.9471,68.7297],[-87.9265,68.6872],[-87.9192,68.6529],[-87.9481,68.6087],[-87.9413,68.5876],[-87.8929,68.537],[-87.8785,68.4965],[-87.8309,68.4687],[-87.8433,68.4418],[-87.8004,68.4043],[-87.8036,68.3445],[-87.7922,68.3312],[-87.8446,68.2558],[-87.9438,68.2009],[-88.027,68.2382],[-88.1796,68.2453],[-88.1884,68.2703],[-88.1815,68.3704],[-88.1994,68.3834],[-88.2173,68.372],[-88.2083,68.3588],[-88.2171,68.3538],[-88.3204,68.3088],[-88.3984,68.2908],[-88.4069,68.2769],[-88.3249,68.208],[-88.3247,68.1893],[-88.2833,68.126],[-88.2863,68.1066],[-88.3428,68.0754],[-88.3348,68.0456],[-88.3795,68.0299],[-88.3585,68.0025],[-88.3736,67.9758],[-88.281,67.811],[-88.2486,67.776],[-88.1635,67.7362],[-88.1735,67.7077],[-88.1405,67.6707],[-88.0693,67.632],[-87.9407,67.6047],[-87.8153,67.5195],[-87.7148,67.4811],[-87.6598,67.4339],[-87.4838,67.3631],[-87.4576,67.3349],[-87.4474,67.2639],[-87.3995,67.2757],[-87.3629,67.2672],[-87.3728,67.2416],[-87.5019,67.1938],[-87.5162,67.1187],[-87.4598,67.1354],[-87.4145,67.175],[-87.3722,67.1801],[-87.3278,67.1733],[-87.3043,67.1037],[-87.2893,67.0976],[-87.2555,67.1801],[-87.2282,67.2006],[-87.2422,67.2144],[-87.2281,67.2281],[-87.1959,67.2227],[-87.1813,67.2366],[-87.1372,67.2288],[-87.1183,67.2143],[-87.1141,67.1789],[-87.0758,67.2181],[-87.0707,67.2634],[-87.0052,67.2466],[-86.9607,67.2552],[-87.0078,67.2867],[-86.9948,67.303],[-87.0875,67.3426],[-87.0922,67.3531],[-87.0777,67.3577],[-87.0199,67.3499],[-86.9767,67.3233],[-86.9607,67.331],[-86.9605,67.3674],[-86.8966,67.4007],[-86.779,67.4186],[-86.6534,67.3637],[-86.6255,67.3719],[-86.6151,67.4144],[-86.5975,67.4061],[-86.6037,67.3651],[-86.5839,67.3492],[-86.5019,67.3794],[-86.5361,67.4265],[-86.5361,67.447],[-86.4808,67.4591],[-86.4747,67.478],[-86.493,67.5113],[-86.4809,67.5296],[-86.4869,67.5522],[-86.453,67.6059],[-86.4888,67.6171],[-86.4945,67.6531],[-86.5293,67.6872],[-86.4769,67.7177],[-86.3437,67.8449],[-86.253,67.8944],[-86.1867,67.9138],[-86.1283,67.9578],[-86.1306,68.0161],[-86.0973,68.0162],[-86.1085,67.9914],[-86.0802,67.9815],[-86.0586,67.9993],[-85.9017,68.0544],[-85.9148,68.1114],[-85.8648,68.1297],[-85.8873,68.1927],[-85.8048,68.2035],[-85.7894,68.2217],[-85.8353,68.2306],[-85.8437,68.2452],[-85.8092,68.2967],[-85.8441,68.324],[-85.8035,68.336],[-85.7172,68.3983],[-85.7063,68.4134],[-85.7479,68.4367],[-85.6653,68.4544],[-85.732,68.4654],[-85.741,68.4786],[-85.7205,68.5063],[-85.7205,68.5506],[-85.7388,68.566],[-85.7267,68.5848],[-85.7427,68.613],[-85.7342,68.6387],[-85.6932,68.6667],[-85.6681,68.727],[-85.6105,68.7475],[-85.5616,68.7309],[-85.5237,68.7336],[-85.4598,68.756],[-85.5629,68.784],[-85.4134,68.7745],[-85.3636,68.7629],[-85.3916,68.7424],[-85.2248,68.7213],[-85.2182,68.7322],[-85.2332,68.7446],[-85.2612,68.7486],[-85.2394,68.7659],[-85.1247,68.7486],[-84.9596,68.7629],[-84.7882,68.7356],[-84.7548,68.7629],[-84.8092,68.8141],[-84.9047,68.8249],[-84.9872,68.8113],[-85.145,68.8348],[-85.1786,68.8472],[-85.1929,68.8693],[-85.1728,68.8774],[-85.0427,68.8659],[-85.0558,68.879],[-85.0006,68.8858],[-85.0694,68.9069],[-85.0636,68.9175],[-85.0006,68.9243],[-85.1451,68.9479],[-85.1187,68.9636],[-84.921,68.9389],[-84.7957,68.9373],[-84.8151,68.9661],[-84.9053,68.9737],[-84.9412,68.9842],[-84.9459,69.0031],[-84.9875,69.0093],[-84.9531,69.0185],[-84.8367,69.0093],[-84.8435,69.0236],[-84.8081,69.0346],[-84.7245,69.0095],[-84.6698,69.0139],[-84.5816,68.9968],[-84.5282,69.0236],[-84.6514,69.0298],[-84.6897,69.0471],[-84.7298,69.036],[-84.7548,69.0503],[-84.7548,69.085],[-84.9217,69.0806],[-84.9527,69.0919],[-84.948,69.1076],[-85.0285,69.1192],[-84.9664,69.1396],[-85.0104,69.1457],[-85.095,69.12],[-85.1383,69.1267],[-85.1138,69.1551],[-84.9875,69.1744],[-85.0123,69.1805],[-85.1681,69.1731],[-85.1929,69.1669],[-85.1819,69.1537],[-85.2003,69.1356],[-85.2703,69.1379],[-85.3165,69.1539],[-85.2066,69.1881],[-85.3916,69.2154],[-85.3779,69.2222],[-85.4325,69.2631],[-85.4735,69.2768],[-85.5008,69.3183],[-85.4882,69.3264],[-85.3912,69.3085],[-85.337,69.3184],[-85.4563,69.3476],[-85.4673,69.3594],[-85.44,69.3662],[-85.4973,69.39],[-85.5083,69.4078],[-85.3852,69.4187],[-85.3813,69.4267],[-85.412,69.4481],[-85.3444,69.4414],[-85.3994,69.4667],[-85.4364,69.4648],[-85.4803,69.4414],[-85.534,69.4633],[-85.5395,69.4846],[-85.5145,69.5028],[-85.5316,69.526],[-85.4756,69.5499],[-85.4803,69.5642],[-85.3854,69.5642],[-85.5441,69.6535],[-85.5145,69.6815],[-85.4493,69.6894],[-85.44,69.7119],[-85.4496,69.7412],[-85.4969,69.752],[-85.5145,69.7703],[-85.3979,69.7853],[-85.412,69.756],[-85.3917,69.756],[-85.3495,69.769],[-85.3332,69.7914],[-85.3708,69.8249],[-85.5902,69.8323],[-85.5632,69.8581],[-85.3571,69.8529],[-85.1748,69.7943],[-85.0558,69.7771],[-85.0558,69.7969],[-85.0293,69.8065],[-84.8793,69.8188],[-84.8572,69.8323],[-84.8981,69.8529],[-84.8629,69.8616],[-84.7743,69.8386],[-84.6947,69.8537],[-84.3398,69.8597],[-84.2886,69.8323],[-84.2477,69.8386],[-84.1695,69.8247],[-84.0315,69.7636],[-83.8129,69.7334],[-83.7312,69.709],[-83.3566,69.6815],[-83.2533,69.7088],[-83.0206,69.6815],[-82.9042,69.6945],[-82.6883,69.6821],[-82.6642,69.6877],[-82.6984,69.702],[-82.6303,69.7026],[-82.568,69.6877],[-82.5755,69.6741],[-82.4172,69.6467],[-82.2534,69.6406],[-82.4062,69.6181],[-82.4562,69.6394],[-82.6164,69.6467],[-82.5892,69.6331],[-82.6575,69.6195],[-82.5544,69.5996],[-82.7537,69.5779],[-82.618,69.57],[-82.4793,69.5028],[-82.5161,69.4937],[-83.2533,69.5581],[-83.2938,69.5399],[-83.1921,69.5369],[-82.2816,69.4194],[-82.2255,69.3935],[-82.2678,69.3856],[-82.39,69.4003],[-82.3052,69.3599],[-82.2026,69.3333],[-82.1435,69.2979],[-82.2534,69.2905],[-82.2301,69.2761],[-82.2943,69.2563],[-82.2696,69.2382],[-82.0268,69.2495],[-82.0473,69.27],[-81.9916,69.278],[-81.753,69.2679],[-81.6397,69.2482],[-81.4959,69.2036],[-81.4037,69.2086],[-81.3447,69.1949],[-81.3217,69.1396],[-81.2733,69.0987],[-81.3894,69.0953],[-81.4822,69.0646],[-81.5802,68.993],[-81.6838,68.9945],[-81.6995,68.9608],[-81.7291,68.9451],[-81.8855,68.9296],[-82.0616,68.879],[-81.8146,68.9138],[-81.7869,68.8995],[-81.7025,68.9075],[-81.5893,68.8729],[-81.5806,68.8605],[-81.588,68.8454],[-81.5618,68.8317],[-81.5037,68.8631],[-81.4192,68.8754],[-81.3788,68.8676],[-81.233,68.7739],[-81.2589,68.756],[-81.2633,68.7385],[-81.2636,68.6853],[-81.2506,68.6686],[-81.2665,68.6387],[-81.3409,68.6226],[-81.3585,68.6018],[-81.4791,68.5748],[-81.6496,68.5082],[-81.8146,68.5301],[-81.7965,68.5037],[-81.8256,68.471],[-81.9187,68.4533],[-81.9537,68.4306],[-82.0166,68.4339],[-82.0631,68.4979],[-82.0885,68.5096],[-82.2738,68.537],[-82.248,68.515],[-82.1769,68.4881],[-82.2218,68.4581],[-82.2661,68.4581],[-82.4298,68.4759],[-82.573,68.5272],[-82.6116,68.5302],[-82.637,68.5096],[-82.6356,68.4971],[-82.5892,68.4954],[-82.5478,68.4718],[-82.4969,68.4639],[-82.5582,68.4439],[-82.6437,68.4473],[-82.6506,68.4339],[-82.6467,68.4197],[-82.6185,68.4071],[-82.5039,68.4101],[-82.4656,68.3856],[-82.3697,68.3563],[-82.3489,68.3377],[-82.3766,68.3194],[-82.5066,68.3179],[-82.4418,68.284],[-82.3697,68.2695],[-82.2727,68.2916],[-82.2602,68.2626],[-82.2673,68.2421],[-82.3448,68.1755],[-82.3148,68.1466],[-82.1748,68.125],[-82.1088,68.1494],[-82.099,68.1757],[-82.0444,68.2174],[-81.9936,68.215],[-81.99,68.1982],[-82.0184,68.1305],[-82.123,68.1118],[-82.0817,68.0825],[-82.1244,68.0648],[-82.1435,68.0429],[-82.1292,68.0429],[-82.1776,68.0094],[-82.123,67.961],[-82.1292,67.9479],[-82.1016,67.9104],[-81.9716,67.8619],[-81.9498,67.8332],[-81.8281,67.8068],[-81.8116,67.7973],[-81.8419,67.7897],[-81.8185,67.7728],[-81.7002,67.7353],[-81.6426,67.6872],[-81.4572,67.6284],[-81.2665,67.4948],[-81.2379,67.4605],[-81.3143,67.3719],[-81.3627,67.2552],[-81.3757,67.187],[-81.4173,67.1323],[-81.4098,67.0976],[-81.4466,67.0659],[-81.491,67.0605],[-81.5029,67.001],[-81.6327,67.0089],[-81.6644,66.9815],[-81.7162,66.9728],[-81.8212,66.9992],[-81.9549,66.9768],[-82.0343,66.9272],[-82.0411,66.9194],[-82.0132,66.9057],[-82.0917,66.858],[-82.0821,66.8341],[-82.1762,66.7809],[-82.1824,66.7486],[-82.1566,66.714],[-82.3732,66.7276],[-82.3817,66.6965],[-82.4642,66.6802],[-82.4823,66.6707],[-82.4793,66.6519],[-82.5544,66.6252],[-82.5909,66.5709],[-82.8516,66.5705],[-82.9093,66.5549],[-82.9986,66.5552],[-83.01,66.5505],[-83.0274,66.4952],[-83.2626,66.3961],[-83.3275,66.3807],[-83.3694,66.3503],[-83.4996,66.3644],[-83.5605,66.3494],[-83.5891,66.3571],[-83.5686,66.3714],[-83.658,66.4192],[-83.63,66.4192],[-83.6387,66.4355],[-83.5959,66.4328],[-83.5954,66.4157],[-83.553,66.3869],[-83.5345,66.3851],[-83.5287,66.3969],[-83.6444,66.4744],[-83.6781,66.5253],[-83.8478,66.5456],[-83.9147,66.5967],[-83.9635,66.5836],[-83.9808,66.5924],[-83.9855,66.6064],[-83.9726,66.6184],[-84.0136,66.6321],[-84.0034,66.6457],[-84.0136,66.6799],[-84.0045,66.697],[-83.9578,66.7121],[-83.9318,66.7072],[-83.9146,66.6947],[-83.9112,66.6519],[-83.8959,66.6473],[-83.8566,66.6867],[-83.8907,66.714],[-83.9422,66.7235],[-83.959,66.7481],[-83.9437,66.7709],[-83.9,66.7909],[-83.8845,66.8171],[-83.8904,66.8572],[-83.9181,66.8859],[-83.9425,66.827],[-84.0484,66.7897],[-84.029,66.7839],[-84.1036,66.7481],[-84.0978,66.7193],[-84.1379,66.7122],[-84.3026,66.7413],[-84.3083,66.7601],[-84.2681,66.7823],[-84.3035,66.801],[-84.4119,66.8073],[-84.4394,66.8307],[-84.2401,66.8375],[-84.4115,66.8859],[-84.4108,66.9163],[-84.391,66.9194],[-84.4083,66.935],[-84.4938,66.9399],[-84.5828,66.9815],[-84.4199,66.9616],[-84.3705,66.9741],[-84.8094,67.0293],[-84.9101,67.0619],[-84.9391,67.056],[-84.9049,67.043],[-84.9391,67.0368],[-84.8435,67.015],[-84.8845,66.9946],[-84.854,66.988],[-84.736,67.0079],[-84.6374,66.9815],[-85.0046,66.9681],[-85.2128,66.9194],[-85.1451,66.9057],[-85.2046,66.8785],[-85.2271,66.8859],[-85.2152,66.8677],[-85.1278,66.8375],[-85.0611,66.858],[-84.9578,66.8645],[-84.9108,66.9014],[-84.9202,66.9119],[-85.0006,66.9194],[-84.9745,66.9291],[-84.8913,66.9194],[-84.8712,66.9461],[-84.7674,66.9556],[-84.72,66.9331],[-84.6033,66.9399],[-84.6151,66.9223],[-84.5912,66.9048],[-84.7473,66.8996],[-84.6166,66.8774],[-84.5436,66.8514],[-84.5084,66.8232],[-84.6521,66.8533],[-84.6927,66.845],[-84.6501,66.8241],[-84.5486,66.8181],[-84.4412,66.7862],[-84.3221,66.7761],[-84.4525,66.7208],[-84.3705,66.7072],[-84.3153,66.6799],[-84.263,66.7001],[-84.1446,66.6867],[-84.1446,66.6588],[-84.1774,66.6116],[-84.2163,66.6014],[-84.211,66.5945],[-83.9632,66.4779],[-83.894,66.4322],[-83.8702,66.3956],[-83.8628,66.3168],[-83.7836,66.3014],[-83.7615,66.2547],[-83.6853,66.2137],[-83.7115,66.1909],[-83.8566,66.1585],[-83.7852,66.2108],[-83.9712,66.2041],[-84.0027,66.2341],[-84.1307,66.2641],[-84.1545,66.3062],[-84.2038,66.3242],[-84.3028,66.3031],[-84.3229,66.2941],[-84.3091,66.2826],[-84.3487,66.2778],[-84.3978,66.3043],[-84.4237,66.3614],[-84.5145,66.3851],[-84.5009,66.3993],[-84.5375,66.4052],[-84.6367,66.3439],[-84.6033,66.3157],[-84.5539,66.3029],[-84.4252,66.2274],[-84.3817,66.19],[-84.3783,66.173],[-84.4801,66.166],[-84.6074,66.2146],[-84.783,66.227],[-84.8708,66.2684],[-84.9837,66.2543],[-85.0832,66.2868],[-85.0882,66.3093],[-85.1178,66.3304],[-85.1361,66.3264],[-85.1308,66.2956],[-85.1793,66.2684],[-85.2416,66.2701],[-85.2678,66.2869],[-85.2849,66.3336],[-85.2797,66.3607],[-85.313,66.3724],[-85.3159,66.388],[-85.3006,66.4065],[-85.3223,66.4795],[-85.378,66.5158],[-85.4161,66.567],[-85.4655,66.5744],[-85.7516,66.5177],[-85.7829,66.5001],[-85.9058,66.5154],[-86.1388,66.5011],[-86.2071,66.5222],[-86.2829,66.5222],[-86.3437,66.5563],[-86.3927,66.5154],[-86.5975,66.5563],[-86.5771,66.5359],[-86.6205,66.5069],[-86.7403,66.5316],[-86.7825,66.5222],[-86.6317,66.4403],[-86.6667,66.431],[-86.7894,66.4539],[-86.8079,66.4463],[-86.6206,66.3144],[-86.3263,66.286],[-85.892,66.1934],[-85.8567,66.1628],[-85.9748,66.0983],[-85.9863,66.0548],[-85.9744,66.0356],[-86.0633,65.9991],[-86.1942,65.9841],[-86.2049,65.9397],[-86.2267,65.933],[-86.2926,65.93],[-86.3465,65.9078],[-86.4263,65.8984],[-86.4213,65.8826],[-86.4629,65.8556],[-86.4747,65.84],[-86.4672,65.8301],[-86.4945,65.8159],[-86.4536,65.7823],[-86.4639,65.7772],[-86.4645,65.7435],[-86.5498,65.6725],[-86.6639,65.6577],[-86.8259,65.5616],[-86.9879,65.5353],[-86.9744,65.5217],[-87.0085,65.508],[-87.0153,65.4875],[-87.0842,65.4841],[-87.1141,65.4604],[-87.11,65.4354],[-87.0637,65.4186],[-87.0786,65.4021],[-87.1558,65.3929],[-87.2099,65.3671],[-87.3808,65.3297],[-87.9275,65.3334],[-88.0639,65.3595],[-88.2219,65.4118],[-88.3253,65.4906],[-88.4616,65.5536],[-88.8314,65.6452],[-88.5846,65.6453],[-88.4806,65.6282],[-88.4137,65.6315],[-88.743,65.6746],[-88.8453,65.7038],[-88.9701,65.6965],[-89.1094,65.7285],[-89.1365,65.7429],[-89.1605,65.7767],[-89.3109,65.8133],[-89.3385,65.84],[-89.4084,65.867],[-89.4481,65.8756],[-89.4757,65.8711],[-89.4693,65.8609],[-89.4783,65.8559],[-89.5098,65.8606],[-89.5372,65.8984],[-89.688,65.9468],[-89.76,65.936],[-89.9674,65.9558],[-90.0039,65.9468],[-89.7671,65.8926],[-89.7305,65.8589],[-89.7327,65.8415],[-89.7706,65.8227],[-89.8375,65.8309],[-89.9101,65.8657],[-90.0443,65.8916],[-90.1385,65.8852],[-90.2287,65.8594],[-90.3022,65.8602],[-90.4353,65.8848],[-90.4034,65.8967],[-90.2171,65.9071],[-90.219,65.9227],[-90.237,65.9269],[-90.4008,65.9052],[-91.1063,65.953],[-91.182,65.9468],[-91.3103,65.9759],[-91.4973,65.9468],[-91.1205,65.8432],[-91.0316,65.8083],[-91.0045,65.8159],[-91.1273,65.9052],[-91.1077,65.923],[-90.9551,65.9204],[-90.8957,65.9038],[-90.5297,65.8819],[-89.9581,65.7943],[-89.851,65.7516],[-89.7364,65.7277],[-89.6131,65.6495],[-89.4681,65.6059],[-89.4425,65.5447],[-89.3938,65.5012],[-89.1842,65.439],[-89.1505,65.4152],[-89.1474,65.3919],[-89.1291,65.3773],[-89.0399,65.3282],[-88.9338,65.3435],[-88.8792,65.3225],[-88.1212,65.2804],[-88.0773,65.2678],[-87.941,65.2883],[-87.7509,65.2675],[-87.7347,65.282],[-87.7489,65.2883],[-87.7111,65.301],[-87.6083,65.2916],[-87.5277,65.2683],[-87.3728,65.2752],[-87.0469,65.238],[-87.0381,65.2189],[-87.0569,65.2064],[-86.9784,65.1796],[-86.9382,65.142],[-86.9948,65.1039],[-86.9736,65.0576],[-87.1115,65.0009],[-87.0774,64.973],[-87.1183,64.9456],[-87.1688,64.9396],[-87.275,64.85],[-87.3101,64.7986],[-87.3002,64.7644],[-87.3728,64.7539],[-87.4447,64.7076],[-87.4712,64.7163],[-87.4686,64.7443],[-87.4965,64.7432],[-87.5292,64.7129],[-87.5135,64.6341],[-87.5466,64.6136],[-87.5776,64.5695],[-87.8099,64.5161],[-87.813,64.4871],[-87.8589,64.4382],[-87.8749,64.3608],[-87.8995,64.3331],[-88.0417,64.2573],[-88.0506,64.2369],[-87.9817,64.1915],[-88.0443,64.1843],[-88.1127,64.1409],[-88.2216,64.1444],[-88.2728,64.1151],[-88.483,64.0508],[-88.5582,64.0481],[-88.5503,64.0277],[-88.6661,64.0115],[-88.6874,63.9792],[-88.7346,63.9724],[-88.827,63.991],[-88.8655,63.9825],[-88.8792,63.9867],[-88.8724,64.001],[-88.9036,64.0082],[-88.967,63.9885],[-89.0028,63.9935],[-89.0018,64.0148],[-89.1477,64.0561],[-89.1992,64.0992],[-89.212,64.1318],[-89.2523,64.1589],[-89.2907,64.1369],[-89.233,64.1056],[-89.0898,63.9619],[-89.0232,63.9526],[-89.0493,63.9464],[-89.1474,63.9526],[-89.1256,63.9656],[-89.1945,63.973],[-89.2392,64.0041],[-89.2864,64.0159],[-89.2508,63.9934],[-89.2497,63.9656],[-89.3791,64.0414],[-89.4386,64.0242],[-89.5456,64.0798],[-89.5651,64.0761],[-89.5577,64.0072],[-89.4825,63.9526],[-89.5092,63.9521],[-89.5924,64.0208],[-89.6942,64.0784],[-89.7222,64.0761],[-89.7043,64.0551],[-89.7069,64.0317],[-89.7522,64.0725],[-89.8258,64.1096],[-89.8028,64.1329],[-89.7364,64.1478],[-89.7521,64.2253],[-89.7864,64.2502],[-89.8047,64.2269],[-89.8061,64.2014],[-89.8872,64.2058],[-89.8264,64.1774],[-89.8183,64.1546],[-89.8323,64.1414],[-89.9702,64.1678],[-90.1274,64.1301],[-90.0408,64.1002],[-90.017,64.1073],[-90.0238,64.1239],[-89.9321,64.1175],[-89.9139,64.1034],[-89.9385,64.0964],[-89.9435,64.0687],[-89.8531,64.0277],[-89.9208,64.014],[-89.9139,64.001],[-89.839,63.988],[-89.8183,63.973],[-89.8133,63.946],[-89.8319,63.9246],[-89.9592,63.9184],[-89.9964,63.9321],[-89.9545,63.9492],[-89.9523,63.9637],[-89.9953,63.9896],[-90.0297,63.9855],[-90.0176,63.9656],[-90.0831,63.9702],[-90.092,63.9526],[-90.1684,64.0072],[-90.2777,64.0072],[-90.0858,63.9246],[-90.1274,63.9184],[-90.0995,63.9042],[-90.0935,63.886],[-89.9659,63.8133],[-89.9742,63.7786],[-90.12,63.7812],[-90.0688,63.7637],[-90.0615,63.7435],[-90.0995,63.7198],[-90.0942,63.7056],[-90.1039,63.6998],[-90.1371,63.6993],[-90.1684,63.6577],[-90.1473,63.6304],[-90.2206,63.6132],[-90.2594,63.6079],[-90.2838,63.623],[-90.2224,63.6367],[-90.2696,63.6511],[-90.3186,63.6441],[-90.2981,63.6367],[-90.3421,63.6215],[-90.4468,63.6207],[-90.4899,63.6367],[-90.4564,63.6509],[-90.5445,63.6645],[-90.4831,63.6714],[-90.6482,63.7055],[-90.6418,63.6838],[-90.7028,63.6645],[-90.6498,63.655],[-90.5892,63.6776],[-90.5536,63.6535],[-90.5445,63.6099],[-90.5578,63.5983],[-90.5929,63.6099],[-90.6612,63.6025],[-90.7432,63.5754],[-90.9101,63.5692],[-90.9745,63.5787],[-91.1504,63.6373],[-91.2345,63.6339],[-91.3149,63.6614],[-91.3918,63.6671],[-91.4085,63.6776],[-91.3909,63.6915],[-91.3328,63.6776],[-91.371,63.7017],[-91.5076,63.7305],[-91.6734,63.7222],[-91.6827,63.7354],[-91.6549,63.7465],[-91.7006,63.7802],[-91.7489,63.7482],[-91.8989,63.746],[-91.9477,63.7557],[-91.9907,63.7812],[-91.8883,63.8091],[-91.9982,63.8188],[-92.0044,63.7875],[-92.0528,63.7676],[-92.0458,63.7504],[-92.064,63.7489],[-92.2992,63.7812],[-92.3738,63.7791],[-92.5063,63.831],[-92.7511,63.8631],[-92.7508,63.8872],[-92.7862,63.901],[-92.9162,63.9042],[-92.9341,63.9081],[-92.9565,63.9383],[-93.0684,63.9324],[-93.1666,63.9739],[-93.4481,64.0231],[-93.625,64.1065],[-93.6329,64.1251],[-93.6168,64.1545],[-93.6349,64.1649],[-93.6952,64.1622],[-93.7646,64.1965],[-93.7795,64.1915],[-93.6811,64.1385],[-93.6659,64.0897],[-93.6072,64.0494],[-93.5556,64.0336],[-93.5524,64.0242],[-93.6008,64.014],[-93.5462,64.001],[-93.7659,63.9935],[-93.7596,63.9755],[-93.7721,63.9594],[-93.7107,63.9594],[-93.6473,63.8815],[-93.5331,63.8496],[-93.4307,63.843],[-93.3685,63.8172],[-93.3339,63.8154],[-93.3725,63.8298],[-93.3817,63.8463],[-93.3074,63.8325],[-93.2172,63.8427],[-93.3509,63.8694],[-93.4506,63.9321],[-93.4232,63.9383],[-93.4574,63.9594],[-93.4006,63.9774],[-93.2172,63.911],[-93.1483,63.9042],[-93.1041,63.8806],[-93.0124,63.8698],[-92.9097,63.8403],[-92.7665,63.832],[-92.6349,63.7839],[-92.611,63.7801],[-92.5351,63.8195],[-92.4994,63.8206],[-92.4364,63.7949],[-92.4125,63.7465],[-92.2508,63.7465],[-92.1,63.6993],[-92.1687,63.6921],[-92.2087,63.6667],[-92.1689,63.6441],[-92.2765,63.6219],[-92.306,63.6304],[-92.293,63.6367],[-92.3051,63.6527],[-92.323,63.6514],[-92.3837,63.5961],[-92.5456,63.5548],[-92.4674,63.5284],[-92.4494,63.5274],[-92.4432,63.5485],[-92.426,63.5522],[-92.3494,63.5515],[-92.334,63.5752],[-92.3041,63.5747],[-92.2567,63.5422],[-92.2303,63.541],[-92.2073,63.572],[-92.2098,63.6099],[-92.181,63.6219],[-92.1217,63.6218],[-92.0813,63.6452],[-92.0235,63.6479],[-91.9551,63.6831],[-91.7784,63.7144],[-91.6609,63.6773],[-91.62,63.6512],[-91.6178,63.6035],[-91.5984,63.585],[-91.5399,63.5801],[-91.4003,63.5308],[-91.3806,63.5137],[-91.4085,63.5001],[-91.3909,63.4877],[-91.3155,63.5015],[-91.1683,63.4932],[-91.0785,63.4526],[-91.0174,63.4711],[-90.9613,63.457],[-90.9267,63.4321],[-90.7847,63.3976],[-90.8344,63.3931],[-90.9765,63.4244],[-90.9454,63.398],[-90.8185,63.3672],[-90.6891,63.3567],[-90.6824,63.3375],[-90.7506,63.3214],[-90.7363,63.3083],[-90.741,63.2944],[-90.6954,63.2748],[-90.7189,63.261],[-90.6872,63.2242],[-90.6956,63.1858],[-90.7301,63.1848],[-90.6749,63.1649],[-90.6717,63.1534],[-90.6954,63.1369],[-90.6544,63.0886],[-90.6891,63.0817],[-90.6265,63.0613],[-90.6449,63.0577],[-90.6588,63.0342],[-90.7019,63.0356],[-90.7233,63.0141],[-90.6891,63.0141],[-90.7025,63.0034],[-90.7537,62.9998],[-90.7233,62.9731],[-90.7847,62.9656],[-90.7722,62.9532],[-90.7838,62.9451],[-91.0311,62.9514],[-91.1996,62.8968],[-91.2208,62.8622],[-91.3124,62.8305],[-91.4222,62.8223],[-91.3539,62.8012],[-91.3943,62.7868],[-91.6579,62.8113],[-91.7372,62.8292],[-91.8331,62.8292],[-92.1348,62.8769],[-92.135,62.8491],[-92.0863,62.8185],[-92.0989,62.8039],[-92.16,62.8048],[-92.2284,62.8292],[-92.3331,62.8452],[-92.4527,62.8249],[-92.463,62.8115],[-92.4539,62.7939],[-92.3568,62.7322],[-92.2241,62.692],[-92.293,62.6845],[-92.2777,62.6788],[-91.968,62.655],[-91.8975,62.6397],[-91.8881,62.6204],[-91.9029,62.5791],[-91.9554,62.5505],[-91.9429,62.5411],[-91.9835,62.5316],[-92.1757,62.5473],[-92.1868,62.5619],[-92.1415,62.5821],[-92.1832,62.6125],[-92.2171,62.5969],[-92.2787,62.5958],[-92.2446,62.5747],[-92.2609,62.5626],[-92.3402,62.5684],[-92.3197,62.5473],[-92.4289,62.5411],[-92.4774,62.5552],[-92.4569,62.5883],[-92.4794,62.5991],[-92.5176,62.5759],[-92.6185,62.6225],[-92.6086,62.5974],[-92.5733,62.5798],[-92.5804,62.561],[-92.5388,62.5337],[-92.565,62.5144],[-92.5592,62.4928],[-92.5006,62.5131],[-92.51,62.49],[-92.5456,62.4784],[-92.532,62.4449],[-92.6141,62.4678],[-92.7049,62.4688],[-92.7237,62.4483],[-92.7101,62.4108],[-92.7174,62.3974],[-92.6828,62.3767],[-92.8274,62.3555],[-92.6198,62.3229],[-92.5903,62.2941],[-92.6009,62.2699],[-92.6356,62.26],[-92.5934,62.2394],[-92.5767,62.2012],[-92.4705,62.1501],[-92.556,62.1715],[-92.5967,62.161],[-92.6134,62.1729],[-92.6213,62.2115],[-92.6903,62.232],[-92.6828,62.2457],[-92.6981,62.2667],[-92.7443,62.2941],[-92.779,62.2866],[-92.8609,62.3172],[-92.9086,62.3122],[-93.252,62.3698],[-93.1859,62.3465],[-93.0785,62.3306],[-92.9838,62.2941],[-92.9193,62.2866],[-92.9156,62.2668],[-92.8126,62.2547],[-92.7647,62.2184],[-92.7848,62.2147],[-92.8056,62.1781],[-92.861,62.1842],[-92.8889,62.2047],[-92.9968,62.2039],[-93.0118,62.1978],[-92.9708,62.1842],[-92.9922,62.1742],[-93.0736,62.178],[-93.1152,62.1597],[-93.1285,62.1296],[-93.0838,62.1174],[-92.9844,62.1275],[-92.9298,62.1166],[-92.9615,62.0858],[-93.0046,62.0682],[-93.0659,62.0814],[-93.0807,62.0682],[-93.0624,62.0563],[-93.0758,62.041],[-93.1615,62.0476],[-93.1483,62.0266],[-93.1702,61.9856],[-93.2069,61.9936],[-93.2445,62.034],[-93.2847,62.0497],[-93.3339,62.0539],[-93.293,62.0197],[-93.4165,62.034],[-93.2172,61.9583],[-93.3885,61.9515],[-93.3099,61.9261],[-93.2793,61.8968],[-93.3367,61.8966],[-93.4958,61.9398],[-93.617,61.9523],[-93.4916,61.8894],[-93.5833,61.8868],[-93.6042,61.8797],[-93.6136,61.861],[-93.5021,61.8558],[-93.4679,61.8354],[-93.3475,61.8211],[-93.4369,61.8074],[-93.3851,61.787],[-93.2515,61.788],[-93.2646,61.7445],[-93.2714,61.7363],[-93.3029,61.7519],[-93.3669,61.7534],[-93.4362,61.7719],[-93.4718,61.7665],[-93.4219,61.731],[-93.3134,61.7324],[-93.4431,61.6908],[-93.5189,61.6833],[-93.6902,61.6157],[-93.7858,61.5542],[-93.8336,61.5747],[-93.8956,61.5058],[-93.985,61.458],[-93.9658,61.4494],[-93.9713,61.437],[-93.9581,61.4191],[-93.9366,61.4102],[-93.9713,61.4028],[-93.8578,61.3861],[-93.8276,61.3627],[-93.8223,61.3499],[-93.841,61.3413],[-93.8336,61.3283],[-93.9508,61.301],[-94.1147,61.3283],[-94.0328,61.2799],[-94.0229,61.2457],[-93.9986,61.2246],[-94.0266,61.2185],[-94.0171,61.2009],[-94.1011,61.1632],[-94.0403,61.1632],[-94.0664,61.1335],[-94.0554,61.108],[-93.9986,61.1147],[-93.9862,61.1007],[-94.0162,61.0837],[-94.1188,61.0725],[-94.1605,61.0338],[-94.17,60.9956],[-94.232,60.9304],[-94.2423,60.9034],[-94.3516,60.8581],[-94.4095,60.7641],[-94.3974,60.7272],[-94.4921,60.6492],[-94.4884,60.6234],[-94.5207,60.5846],[-94.5059,60.5755],[-94.52,60.5468],[-94.5716,60.5277],[-94.6883,60.5528],[-94.7385,60.5394],[-94.6423,60.5121],[-94.6678,60.4943],[-94.8006,60.4984],[-94.6802,60.4746],[-94.6156,60.3923],[-94.6435,60.337],[-94.7118,60.2657],[-94.6907,60.2383],[-94.6816,60.1972],[-94.6976,60.1627],[-94.718,60.1496],[-94.7043,60.0943],[-94.7599,60.0685],[-94.7733,60.0528],[-94.759,60.0466],[-94.7733,60.0255],[-94.759,60.0193],[-94.8009,60.0105],[-94.8031,60.0001]]],[[[-72.949,66.7346],[-73.0055,66.7792],[-73.0058,66.8177],[-72.9654,66.8666],[-72.8785,66.9269],[-72.886,66.9331],[-72.8035,67.043],[-72.6715,67.0803],[-72.4767,67.0876],[-72.3509,67.1195],[-72.2808,67.1692],[-72.2827,67.2211],[-72.269,67.2442],[-72.1933,67.2757],[-72.3698,67.3308],[-72.3572,67.3651],[-72.4278,67.4406],[-72.4335,67.475],[-72.508,67.5023],[-72.4261,67.5433],[-72.467,67.5637],[-72.495,67.5979],[-72.482,67.6176],[-72.5239,67.6374],[-72.5914,67.6395],[-72.6126,67.6643],[-72.663,67.6848],[-72.6728,67.7026],[-72.6662,67.722],[-72.5965,67.7452],[-72.6082,67.7863],[-72.6908,67.8214],[-72.7637,67.8804],[-72.8376,67.8511],[-72.9133,67.9063],[-72.8785,67.9343],[-72.944,67.9323],[-72.94,67.9479],[-72.9059,67.961],[-72.9133,67.9951],[-72.899,68.023],[-72.9163,68.0336],[-72.9133,68.0572],[-72.9754,68.1398],[-72.9946,68.2359],[-73.0436,68.2359],[-73.0374,68.2116],[-73.0518,68.2029],[-73.1173,68.2321],[-73.1495,68.2173],[-73.1771,68.2421],[-73.228,68.2421],[-73.1973,68.2545],[-73.2003,68.2753],[-73.214,68.278],[-73.3031,68.2906],[-73.3381,68.2726],[-73.3284,68.2602],[-73.3638,68.2482],[-73.4178,68.2722],[-73.4949,68.2769],[-73.4238,68.2968],[-73.4058,68.3203],[-73.2997,68.3315],[-73.2934,68.3455],[-73.3174,68.3588],[-73.2989,68.3749],[-73.2137,68.3793],[-73.2791,68.3997],[-73.3174,68.3998],[-73.2963,68.3856],[-73.3513,68.3756],[-73.3555,68.3353],[-73.4653,68.3332],[-73.4819,68.324],[-73.4682,68.3179],[-73.536,68.2879],[-73.6116,68.2769],[-73.5917,68.2558],[-73.6191,68.2496],[-73.6879,68.2769],[-73.5843,68.3042],[-73.728,68.3137],[-73.8444,68.3496],[-73.8865,68.3896],[-73.9474,68.4135],[-73.8932,68.4462],[-73.861,68.4982],[-73.7386,68.5192],[-73.7289,68.5404],[-73.817,68.5711],[-73.7584,68.5816],[-73.7215,68.6158],[-73.7357,68.6264],[-73.8245,68.6195],[-73.7078,68.6605],[-73.7966,68.6667],[-73.7556,68.6872],[-73.8402,68.6959],[-73.8883,68.714],[-73.9821,68.7077],[-74.0067,68.7303],[-74.0377,68.7213],[-74.1392,68.7356],[-74.1876,68.7294],[-74.1597,68.7014],[-74.0982,68.694],[-74.0436,68.6667],[-74.0455,68.6552],[-74.0163,68.6387],[-74.0231,68.6326],[-73.8952,68.571],[-73.8852,68.5549],[-73.9122,68.5224],[-73.9858,68.4954],[-74.0249,68.507],[-74.0026,68.537],[-74.22,68.5158],[-74.2218,68.5301],[-74.2543,68.5399],[-74.3725,68.5438],[-74.4376,68.5876],[-74.5046,68.5995],[-74.5232,68.6108],[-74.5375,68.6652],[-74.7208,68.7355],[-74.7178,68.7739],[-74.619,68.784],[-74.5786,68.8013],[-74.5507,68.8249],[-74.5745,68.8419],[-74.6872,68.8454],[-74.681,68.8312],[-74.7499,68.8175],[-74.6579,68.8188],[-74.6326,68.8039],[-74.65,68.7914],[-74.825,68.7766],[-74.8415,68.7971],[-74.9827,68.8113],[-74.722,68.8585],[-74.6848,68.8798],[-74.6825,68.8961],[-74.7015,68.9069],[-74.6736,68.9211],[-74.7032,68.9376],[-75.0441,68.9069],[-74.8449,68.9404],[-74.8943,68.9477],[-75.0011,68.928],[-75.0441,68.9342],[-74.8592,68.9683],[-75.0034,68.9475],[-75.0237,68.9547],[-74.9407,68.9977],[-74.7288,69.0236],[-74.8046,68.9957],[-74.7847,68.9964],[-74.6575,69.0115],[-74.6401,69.0236],[-74.668,69.0476],[-74.7275,69.0543],[-74.8091,69.0833],[-74.9377,69.0574],[-74.9986,69.0207],[-75.0516,69.0093],[-75.0427,68.9862],[-75.0715,68.9752],[-75.0599,68.9552],[-75.116,68.893],[-75.202,68.8968],[-75.38,68.9752],[-75.4407,69.0168],[-75.4864,69.022],[-75.5704,68.9865],[-75.5637,68.9706],[-75.4967,68.9342],[-75.6065,68.8858],[-75.806,68.8365],[-75.9346,68.8249],[-76.0236,68.7766],[-76.3256,68.6985],[-76.539,68.6748],[-76.625,68.6824],[-76.6815,68.7294],[-76.6732,68.7658],[-76.5729,68.8209],[-76.5375,68.8523],[-76.5338,68.8814],[-76.5913,68.885],[-76.6446,68.9169],[-76.6522,68.9318],[-76.6269,68.9683],[-76.6385,68.9798],[-76.6381,69.0159],[-76.4225,69.0599],[-76.1607,69.0449],[-76.0865,69.0136],[-75.9899,69.0109],[-75.8257,69.0573],[-75.8116,69.0831],[-75.621,69.088],[-75.5956,69.1021],[-75.6011,69.1448],[-75.5717,69.157],[-75.5956,69.2291],[-75.6874,69.2871],[-75.8063,69.3272],[-75.9075,69.3451],[-75.9621,69.3735],[-76.1682,69.414],[-76.3913,69.4053],[-76.4521,69.4689],[-76.6296,69.546],[-76.6343,69.5717],[-76.6163,69.592],[-76.4696,69.6576],[-76.2098,69.6195],[-76.2292,69.6376],[-76.1819,69.6679],[-76.3613,69.6708],[-76.3865,69.6763],[-76.4147,69.7023],[-76.6221,69.6887],[-76.6406,69.6741],[-76.517,69.6679],[-76.5753,69.6235],[-76.644,69.6229],[-76.644,69.6027],[-76.703,69.565],[-76.8822,69.5907],[-76.8733,69.6126],[-76.8187,69.6331],[-76.9838,69.5972],[-77.0384,69.6058],[-77.049,69.6301],[-77.1353,69.6283],[-77.2029,69.6467],[-77.1808,69.6745],[-77.1367,69.6862],[-77.0452,69.6877],[-77.0074,69.7088],[-76.9733,69.6945],[-76.9012,69.715],[-76.9422,69.6815],[-76.8735,69.6872],[-76.8354,69.6946],[-76.7948,69.7225],[-76.7845,69.7498],[-76.8826,69.7553],[-76.9012,69.7771],[-76.8891,69.8017],[-76.7573,69.8187],[-76.7767,69.8361],[-76.8733,69.8187],[-77.0726,69.8187],[-76.9974,69.8597],[-77.0501,69.8576],[-77.1505,69.8182],[-77.3128,69.842],[-77.2926,69.8677],[-77.0137,69.9197],[-76.9764,69.9422],[-77.0665,69.9362],[-77.3542,69.8739],[-77.4909,69.8627],[-77.51,69.8449],[-77.6343,69.8249],[-77.5895,69.8195],[-77.519,69.8321],[-77.5046,69.8249],[-77.5176,69.8187],[-77.4425,69.7908],[-77.5176,69.7976],[-77.5179,69.773],[-77.5458,69.7541],[-77.6144,69.743],[-77.6398,69.7579],[-77.6827,69.8249],[-77.6682,69.8548],[-77.671,69.8995],[-77.6977,69.9945],[-77.6684,70.0613],[-77.6699,70.0899],[-77.6964,70.1539],[-77.6826,70.1837],[-77.7039,70.2012],[-77.7982,70.2511],[-77.8478,70.2457],[-77.8915,70.2637],[-78.0557,70.2221],[-78.1209,70.2501],[-78.1966,70.2569],[-78.134,70.2253],[-78.1522,70.2023],[-78.2415,70.2126],[-78.2308,70.2296],[-78.299,70.2221],[-78.3298,70.2023],[-78.4083,70.2159],[-78.3946,70.2296],[-78.4275,70.2574],[-78.5393,70.3122],[-78.3884,70.3388],[-78.5359,70.3566],[-78.5802,70.3456],[-78.5864,70.3388],[-78.5591,70.3183],[-78.5817,70.3144],[-78.6628,70.3531],[-78.6348,70.3798],[-78.6997,70.3825],[-78.7416,70.4277],[-78.7447,70.4561],[-78.8333,70.4471],[-78.8918,70.4797],[-78.9091,70.4487],[-78.8675,70.4145],[-78.897,70.4169],[-78.9644,70.4561],[-79.0345,70.4588],[-79.0737,70.4766],[-79.0463,70.4897],[-79.1009,70.5033],[-79.0389,70.5176],[-79.0799,70.5381],[-78.9265,70.5385],[-78.8819,70.5517],[-78.9813,70.5546],[-78.9979,70.5654],[-78.8818,70.6008],[-78.8409,70.5995],[-78.7817,70.5563],[-78.7174,70.5517],[-78.7836,70.5771],[-78.8002,70.6094],[-78.8399,70.6357],[-78.9591,70.6308],[-78.9953,70.65],[-79.0054,70.6678],[-78.9979,70.6746],[-79.0158,70.6821],[-79.1555,70.6318],[-79.1562,70.62],[-79.1279,70.6132],[-79.0132,70.631],[-79.0032,70.6186],[-79.1112,70.5483],[-79.1282,70.5238],[-79.1761,70.5176],[-79.1425,70.5107],[-79.1562,70.4971],[-79.1488,70.4561],[-79.2134,70.4208],[-79.3468,70.4487],[-79.2931,70.4552],[-79.3058,70.4732],[-79.2963,70.4938],[-79.2245,70.5312],[-79.2381,70.5449],[-79.2307,70.5585],[-79.3132,70.5449],[-79.279,70.5238],[-79.3166,70.4832],[-79.3436,70.4766],[-79.3909,70.494],[-79.4243,70.4923],[-79.389,70.463],[-79.4064,70.4398],[-79.5039,70.4607],[-79.5751,70.4362],[-79.5913,70.4113],[-79.5651,70.3902],[-79.4693,70.371],[-79.4501,70.3527],[-79.3742,70.3731],[-79.3314,70.3685],[-79.2247,70.321],[-79.128,70.3092],[-79.0873,70.3183],[-79.0842,70.3411],[-79.0463,70.3425],[-78.9254,70.3021],[-78.7557,70.1822],[-78.7509,70.134],[-78.731,70.1129],[-78.7366,70.0777],[-78.6901,70.0515],[-78.6651,70.0138],[-78.6658,69.9661],[-78.7,69.9313],[-78.7788,69.9075],[-78.7999,69.8795],[-78.8881,69.8938],[-79.4324,69.8837],[-79.6809,69.8486],[-79.7725,69.8869],[-79.8189,69.9444],[-79.9061,69.9831],[-80.0115,69.9456],[-80.0537,69.9695],[-80.0333,69.9962],[-80.0683,70.0041],[-80.2048,70.0115],[-80.2964,69.9894],[-80.3665,69.994],[-80.5495,70.0475],[-80.8259,70.0556],[-80.8965,70.0737],[-81.0091,70.0626],[-81.0455,70.0701],[-81.0715,70.0993],[-81.1362,70.0856],[-81.5654,70.1083],[-81.7,70.1336],[-81.7624,70.1229],[-81.7355,70.0955],[-81.6875,70.0741],[-81.5749,70.0687],[-81.4584,70.0241],[-81.4453,70.0048],[-81.3376,70.0371],[-81.1932,70.0008],[-81.1635,69.9831],[-81.1246,69.929],[-80.9853,69.8869],[-80.7703,69.7823],[-80.7935,69.7471],[-80.9512,69.715],[-80.9711,69.7246],[-80.9512,69.7362],[-81.0814,69.7668],[-81.1759,69.8289],[-81.2771,69.8453],[-81.4884,69.9257],[-81.579,69.9326],[-81.5913,69.9573],[-81.5676,69.9695],[-81.7526,69.9733],[-82.1182,70.1169],[-82.1914,70.1266],[-82.2351,70.146],[-82.3041,70.143],[-82.3547,70.1646],[-82.5065,70.1889],[-82.5539,70.1856],[-82.6031,70.2106],[-82.8446,70.2575],[-82.9628,70.303],[-83.0479,70.3122],[-82.8356,70.2296],[-82.8152,70.2085],[-82.7189,70.2085],[-82.246,70.1129],[-82.1282,70.0704],[-82.0587,70.059],[-81.967,69.9976],[-81.8762,69.9709],[-81.7781,69.9626],[-81.7115,69.9348],[-81.7668,69.9075],[-81.7389,69.8795],[-81.8075,69.8929],[-81.8556,69.8869],[-81.8575,69.8649],[-81.9648,69.8454],[-81.9742,69.8685],[-82.0253,69.8742],[-82.0815,69.8386],[-82.1435,69.8249],[-82.1258,69.8181],[-82.1384,69.786],[-82.3013,69.8044],[-82.2602,69.8249],[-82.2764,69.8308],[-82.3286,69.8249],[-82.2966,69.8375],[-82.205,69.8323],[-82.3945,69.8644],[-82.4415,69.8441],[-82.6445,69.8938],[-82.699,69.923],[-82.7305,69.927],[-82.7395,69.9143],[-82.9102,69.9536],[-83.0001,69.9894],[-83.0293,69.9892],[-83.0516,70.0105],[-83.137,70.0031],[-83.1652,70.0168],[-83.2352,70.0032],[-83.2672,70.0165],[-83.3502,69.9831],[-83.6728,69.9464],[-84.0277,69.9779],[-84.0553,69.9894],[-84.3681,69.9875],[-84.5351,70.0105],[-84.6948,70.0066],[-84.8338,70.036],[-84.8709,70.0788],[-84.7904,70.0996],[-84.7883,70.1129],[-84.8117,70.1187],[-84.952,70.0666],[-85.1456,70.0856],[-85.1794,70.0986],[-85.2729,70.0942],[-85.3693,70.1093],[-85.4455,70.0966],[-85.5185,70.106],[-85.8004,70.0998],[-85.8566,70.0895],[-85.8748,70.072],[-85.8536,70.0499],[-85.8269,70.0499],[-85.6094,70.0784],[-85.3469,70.0323],[-85.2346,69.9962],[-85.2548,69.9889],[-85.5909,70.0168],[-85.7829,69.9952],[-86.2697,70.1135],[-86.5499,70.2365],[-86.5579,70.3003],[-86.5772,70.3183],[-86.5567,70.3279],[-86.5538,70.3425],[-86.5908,70.3668],[-86.4952,70.4296],[-86.3634,70.4526],[-86.297,70.4774],[-86.2926,70.4934],[-86.3123,70.5074],[-86.3709,70.5266],[-86.3928,70.5238],[-86.3376,70.4897],[-86.5037,70.4373],[-86.5809,70.4282],[-86.6411,70.3818],[-86.6638,70.3801],[-86.6721,70.3718],[-86.6392,70.3251],[-86.8582,70.3251],[-86.8835,70.3356],[-86.8987,70.3593],[-86.7416,70.3872],[-86.7902,70.3948],[-86.9018,70.3851],[-86.9403,70.4077],[-86.8719,70.4077],[-86.8933,70.4226],[-86.9679,70.423],[-86.9949,70.435],[-86.9198,70.4561],[-86.9746,70.4727],[-87.1389,70.4418],[-87.1346,70.4166],[-87.2487,70.3941],[-87.2283,70.3796],[-87.0474,70.3845],[-87.0098,70.3745],[-86.9744,70.3531],[-86.9852,70.3307],[-86.9682,70.3183],[-86.988,70.2978],[-86.9744,70.2904],[-87.005,70.2833],[-87.4888,70.3288],[-87.7797,70.332],[-87.7982,70.3153],[-87.641,70.2989],[-87.6119,70.2842],[-87.8525,70.238],[-87.9339,70.2501],[-87.9204,70.2637],[-88.0302,70.2949],[-88.1504,70.3001],[-88.2629,70.332],[-88.1947,70.3531],[-88.1947,70.3388],[-88.0845,70.3388],[-87.9722,70.3008],[-87.8794,70.3183],[-87.904,70.3288],[-87.9573,70.3348],[-88.1413,70.3959],[-88.3371,70.4254],[-88.405,70.4513],[-88.4445,70.4418],[-88.6941,70.465],[-88.7687,70.484],[-88.9072,70.5449],[-89.0023,70.6343],[-89.0102,70.661],[-89.0649,70.6815],[-89.076,70.6999],[-89.2985,70.7774],[-89.3663,70.8188],[-89.4491,70.908],[-89.4277,70.9223],[-89.3218,70.9399],[-89.2089,70.9421],[-89.2157,70.9558],[-89.1884,70.9626],[-89.5066,71.0644],[-89.5577,71.093],[-89.2276,71.0771],[-89.2089,71.0657],[-89.2219,71.052],[-89.1263,71.0316],[-88.9209,71.0526],[-88.8383,71.0377],[-88.6424,71.0546],[-88.4105,71.0274],[-88.3729,71.0111],[-88.3554,70.9726],[-88.3249,70.9584],[-87.893,70.9353],[-87.6881,70.9619],[-87.5867,70.9485],[-87.3588,70.9491],[-87.3279,70.9868],[-87.2824,71.0093],[-87.059,70.9901],[-87.0023,70.9968],[-87.3303,71.0397],[-87.3375,71.052],[-87.3935,71.0489],[-87.4269,71.0725],[-87.5039,71.079],[-87.749,71.1408],[-87.8503,71.194],[-87.8253,71.2314],[-87.8446,71.2438],[-87.8179,71.2575],[-87.8641,71.2748],[-87.9206,71.27],[-88.0811,71.2097],[-88.181,71.2295],[-88.5111,71.2459],[-88.6158,71.237],[-89.8531,71.3393],[-89.8988,71.3625],[-89.9245,71.4008],[-89.963,71.4151],[-89.9808,71.4453],[-90.004,71.456],[-89.9822,71.4697],[-89.9934,71.5064],[-90.0102,71.5175],[-89.9571,71.5231],[-89.9593,71.5349],[-89.9909,71.5756],[-90.0449,71.5967],[-89.9968,71.61],[-89.9886,71.6173],[-90.004,71.6348],[-89.9766,71.6579],[-89.9033,71.6806],[-89.873,71.7031],[-89.8805,71.7099],[-89.8203,71.7322],[-89.832,71.7509],[-89.7979,71.7646],[-89.914,71.7987],[-89.8805,71.8123],[-89.9521,71.8229],[-89.9556,71.8533],[-90.003,71.8684],[-90.0144,71.8905],[-90.1186,71.9289],[-90.0992,71.9461],[-90.0521,71.9509],[-89.9965,71.9905],[-90.0102,72.0109],[-89.9965,72.0178],[-90.004,72.0246],[-89.9692,72.0389],[-89.9987,72.0649],[-89.9925,72.0716],[-89.7617,72.1256],[-89.6733,72.1133],[-89.6539,72.1276],[-89.6564,72.1392],[-89.5782,72.1624],[-89.5858,72.1791],[-89.6176,72.1847],[-89.7706,72.1624],[-89.9009,72.1898],[-89.9009,72.217],[-89.963,72.2574],[-89.9329,72.2705],[-89.9556,72.3123],[-89.9507,72.3337],[-89.9044,72.3707],[-89.8331,72.403],[-89.913,72.426],[-89.9009,72.4429],[-89.8789,72.4266],[-89.7875,72.4243],[-89.8824,72.4326],[-89.8877,72.4491],[-89.8144,72.4592],[-89.7906,72.4747],[-89.7737,72.5211],[-89.7843,72.5733],[-89.7351,72.6212],[-89.6614,72.6347],[-89.5875,72.6166],[-89.5485,72.6401],[-89.5651,72.6621],[-89.4683,72.6689],[-89.567,72.7001],[-89.5856,72.7241],[-89.5515,72.7651],[-89.5782,72.7924],[-89.4274,72.7651],[-89.2766,72.7582],[-89.2908,72.7788],[-89.2498,72.7924],[-89.3939,72.8116],[-89.4136,72.8309],[-89.3802,72.8607],[-89.3209,72.8823],[-89.3318,72.8955],[-89.298,72.9207],[-89.3072,72.9467],[-89.3557,72.9671],[-89.3607,72.9802],[-89.3402,73.0039],[-89.3015,73.0186],[-89.2149,73.0133],[-89.3119,73.0525],[-89.2635,73.0798],[-89.2185,73.1317],[-89.1257,73.1481],[-89.1809,73.1555],[-89.1475,73.1862],[-89.0412,73.2189],[-88.9368,73.2088],[-88.8867,73.217],[-88.9809,73.2257],[-89.0512,73.2517],[-88.9619,73.2897],[-88.8629,73.3063],[-88.8212,73.2927],[-88.6192,73.2858],[-88.8594,73.3337],[-88.6875,73.423],[-88.4978,73.4665],[-88.4718,73.4953],[-88.4138,73.5255],[-87.7645,73.7167],[-87.4346,73.7654],[-87.2983,73.7703],[-87.1341,73.8027],[-86.5584,73.8553],[-86.0186,73.8549],[-85.7478,73.8319],[-85.2719,73.8183],[-85.2408,73.8271],[-85.1057,73.812],[-84.8828,73.7482],[-84.8367,73.7452],[-84.952,73.6677],[-85.4736,73.5255],[-85.5772,73.5124],[-85.6646,73.4572],[-85.7396,73.4433],[-86.0303,73.3024],[-86.1296,73.2331],[-86.2181,73.1485],[-86.2924,73.1162],[-86.2829,73.0872],[-86.3301,73.06],[-86.332,73.0443],[-86.4697,72.9585],[-86.6129,72.8936],[-86.6727,72.847],[-86.6986,72.8161],[-86.7106,72.7617],[-86.7375,72.7309],[-86.7354,72.7167],[-86.6802,72.6832],[-86.7058,72.6684],[-86.6802,72.6462],[-86.3261,72.5036],[-86.2663,72.4663],[-86.242,72.4225],[-86.2534,72.3946],[-86.4325,72.2768],[-86.4604,72.2034],[-86.4338,72.1686],[-86.4475,72.1276],[-86.4082,72.0058],[-86.3339,71.987],[-86.3261,71.9509],[-86.3096,71.9359],[-86.2565,71.9056],[-86.111,71.7844],[-86.043,71.7731],[-85.9636,71.7395],[-85.8469,71.671],[-85.7593,71.6526],[-85.7268,71.6379],[-85.7206,71.6131],[-85.5743,71.5661],[-85.5288,71.5455],[-85.4969,71.5144],[-85.4258,71.5175],[-85.3907,71.489],[-85.3299,71.4902],[-85.3003,71.4729],[-85.2067,71.4622],[-85.1859,71.4448],[-85.0246,71.4411],[-84.9476,71.4233],[-84.9187,71.3906],[-84.9417,71.3686],[-84.9438,71.3444],[-84.8867,71.3436],[-84.8376,71.2866],[-84.8581,71.2761],[-85.1932,71.2993],[-85.2756,71.2847],[-85.2551,71.2709],[-85.1719,71.2705],[-85.2961,71.2438],[-85.4166,71.2527],[-85.4715,71.2297],[-85.3951,71.2264],[-85.3897,71.2085],[-85.4062,71.197],[-85.4708,71.2104],[-85.4978,71.1855],[-85.5432,71.1806],[-85.7001,71.2097],[-85.8814,71.1779],[-85.9453,71.1809],[-86.0189,71.1462],[-86.2141,71.0998],[-86.2072,71.0787],[-86.3084,71.0556],[-86.8236,70.9905],[-86.6625,70.9763],[-86.2849,71.0063],[-86.1213,71.0561],[-85.8859,71.105],[-85.8186,71.1413],[-85.7685,71.1494],[-85.5441,71.1555],[-85.4838,71.1751],[-85.193,71.1544],[-85.1992,71.1476],[-85.1818,71.1411],[-85.09,71.1544],[-85.1247,71.1823],[-85.0136,71.1615],[-84.9875,71.168],[-85.0428,71.1885],[-84.9726,71.1962],[-84.9139,71.1737],[-84.8861,71.178],[-84.8568,71.1597],[-84.8777,71.0725],[-84.9823,71.1078],[-85.1452,71.0861],[-84.9597,71.0787],[-84.973,71.0565],[-85.008,71.052],[-85.008,71.0316],[-84.9462,71.0193],[-84.9311,71.0009],[-84.9392,70.9763],[-84.9779,70.9504],[-84.968,70.924],[-84.7992,70.9279],[-84.788,70.9572],[-84.753,70.9759],[-84.7628,71.0125],[-84.7861,71.0241],[-84.7746,71.0377],[-84.8236,71.0666],[-84.8293,71.0861],[-84.8026,71.1408],[-84.7971,71.1849],[-84.6648,71.2233],[-84.758,71.2589],[-84.7987,71.2877],[-84.7412,71.3803],[-84.7613,71.4077],[-84.7005,71.4328],[-84.5472,71.4499],[-84.5283,71.4731],[-84.5631,71.5554],[-84.645,71.5843],[-84.658,71.6131],[-84.6034,71.6479],[-84.6224,71.6658],[-84.7132,71.682],[-84.8709,71.6752],[-84.8436,71.6553],[-84.8529,71.6398],[-84.8916,71.633],[-85.2579,71.6684],[-85.328,71.6857],[-85.4553,71.759],[-85.5834,71.7918],[-85.454,71.8017],[-85.4378,71.8148],[-85.5629,71.8942],[-85.5555,71.9017],[-85.7473,71.9486],[-86.0214,71.9841],[-86.0506,72.0146],[-86.0307,72.0175],[-86.0149,71.9977],[-85.9602,71.9836],[-85.9875,72.0041],[-85.9875,72.0314],[-85.8749,72.0317],[-85.7206,72.0109],[-85.7821,72.0389],[-85.7407,72.0519],[-85.5718,72.0578],[-85.4978,72.0799],[-85.5425,72.1276],[-85.3985,72.1345],[-85.444,72.1641],[-85.5084,72.1754],[-85.5009,72.2144],[-85.5425,72.2369],[-85.4189,72.217],[-85.4526,72.2453],[-85.5009,72.2512],[-85.4764,72.2663],[-85.3637,72.2512],[-85.2961,72.2642],[-85.2203,72.2574],[-85.2408,72.2512],[-85.2184,72.2357],[-85.1862,72.2443],[-85.193,72.2512],[-85.1805,72.2595],[-85.0992,72.2546],[-85.0948,72.2414],[-85.1105,72.2307],[-85.0711,72.2314],[-85.0559,72.2373],[-85.0559,72.2512],[-85.0358,72.2547],[-84.862,72.2197],[-84.8366,72.1933],[-84.6834,72.145],[-84.5078,72.1174],[-84.4184,72.0622],[-84.3546,72.0566],[-84.2713,72.0246],[-84.2303,71.9526],[-84.2066,71.9385],[-84.1717,71.951],[-84.1788,71.9763],[-84.1583,71.9836],[-84.1925,72.0109],[-84.1645,72.0246],[-84.3314,72.0712],[-84.4116,72.1208],[-84.3774,72.1345],[-84.5903,72.1624],[-84.7474,72.2307],[-84.6722,72.2369],[-84.6898,72.244],[-84.7704,72.2466],[-84.9392,72.2921],[-84.8857,72.31],[-84.8141,72.3576],[-84.5692,72.3542],[-84.4321,72.3815],[-84.4563,72.387],[-84.5351,72.3672],[-84.8731,72.3737],[-84.8777,72.402],[-84.8035,72.4099],[-84.7695,72.4604],[-84.7801,72.4617],[-85.0211,72.402],[-85.008,72.3741],[-85.0769,72.376],[-85.1319,72.3539],[-85.1452,72.3604],[-85.142,72.3706],[-85.1179,72.3878],[-85.3443,72.4129],[-85.5145,72.4634],[-85.57,72.5185],[-85.6182,72.5454],[-85.6021,72.5581],[-85.4968,72.5661],[-85.4736,72.5795],[-85.6328,72.5935],[-85.7064,72.6385],[-85.6896,72.6915],[-85.6933,72.7167],[-85.7138,72.7378],[-85.6523,72.8712],[-85.6821,72.8936],[-85.5706,72.9723],[-85.3179,72.9631],[-84.458,72.8406],[-84.2579,72.7888],[-84.1304,72.7788],[-83.9914,72.749],[-83.9529,72.7582],[-84.0787,72.7875],[-84.2379,72.8012],[-84.6192,72.9044],[-84.719,72.9111],[-84.9158,72.9626],[-85.09,72.9848],[-85.0627,72.991],[-85.0822,73.017],[-85.118,73.0331],[-85.1571,73.0351],[-85.1862,73.019],[-85.1719,73.0115],[-85.5356,73.0258],[-85.4636,73.1119],[-85.4172,73.1406],[-85.3931,73.14],[-85.3348,73.0948],[-85.2082,73.0593],[-85.1247,73.0525],[-85.2138,73.1103],[-85.2272,73.1313],[-85.1754,73.149],[-85.0304,73.1365],[-84.8809,73.1021],[-84.4589,73.0624],[-83.8613,73.0366],[-83.6376,72.9848],[-83.7947,73.0466],[-83.9199,73.0638],[-84.1651,73.0705],[-84.2423,73.0892],[-84.5692,73.1146],[-85.0211,73.2033],[-85.1581,73.2091],[-85.193,73.2313],[-85.1609,73.2541],[-85.1358,73.3094],[-85.1134,73.3218],[-84.7972,73.3909],[-84.7369,73.3718],[-84.6859,73.3262],[-84.6313,73.3],[-84.5145,73.2777],[-84.3985,73.2245],[-84.3426,73.2313],[-84.3846,73.2575],[-84.5726,73.322],[-84.5979,73.3356],[-84.5986,73.365],[-84.658,73.3951],[-84.6033,73.414],[-84.1822,73.4777],[-83.781,73.4361],[-83.7208,73.401],[-83.74,73.3951],[-83.6788,73.3218],[-83.6052,73.3015],[-83.596,73.3262],[-83.6425,73.3606],[-83.63,73.4228],[-83.6652,73.4561],[-84.0075,73.5049],[-83.9849,73.5231],[-83.3565,73.6434],[-83.1631,73.6672],[-83.0572,73.6494],[-82.8311,73.7367],[-82.0506,73.7377],[-81.8768,73.7216],[-81.5284,73.7162],[-81.4746,73.7047],[-81.4233,73.638],[-81.343,73.6103],[-81.2291,73.5397],[-81.1976,73.481],[-81.2045,73.464],[-81.1841,73.4143],[-81.1821,73.3698],[-81.2175,73.3212],[-81.2181,73.2927],[-81.1876,73.2646],[-80.6197,73.1601],[-80.5499,73.0948],[-80.5964,73.0464],[-80.5807,73.0258],[-80.6571,72.9774],[-80.6388,72.9616],[-80.6403,72.9279],[-80.5652,72.8914],[-80.5062,72.8402],[-80.3206,72.8061],[-80.2455,72.7378],[-80.3755,72.7072],[-80.5585,72.6276],[-80.5261,72.5795],[-80.7594,72.5249],[-80.9027,72.4645],[-80.9512,72.4566],[-81.1185,72.3495],[-81.1783,72.341],[-81.1912,72.321],[-81.1846,72.3057],[-81.2048,72.2916],[-81.3826,72.2443],[-81.2416,72.2608],[-80.8892,72.4362],[-80.797,72.4467],[-80.5555,72.5155],[-80.5062,72.4976],[-80.4936,72.45],[-80.5262,72.41],[-80.5124,72.3815],[-80.6378,72.358],[-80.7523,72.3092],[-80.8316,72.2607],[-80.8564,72.2306],[-80.8345,72.2096],[-80.8666,72.1997],[-80.9718,72.2034],[-80.6187,72.1101],[-80.5669,72.0823],[-80.6026,72.0634],[-80.6871,72.0755],[-80.758,72.1039],[-81.0263,72.0935],[-80.9922,72.073],[-81.0878,72.0526],[-81.0041,72.0361],[-80.8414,72.0543],[-80.807,72.0463],[-80.8004,72.0178],[-80.8244,72.0123],[-80.8226,71.967],[-80.8448,71.9393],[-80.9613,71.9087],[-80.9853,71.8881],[-80.834,71.9079],[-80.7644,71.9372],[-80.7594,71.9836],[-80.3967,72.0501],[-80.3539,72.0749],[-80.3653,72.1109],[-80.4415,72.1399],[-80.4829,72.1807],[-80.4748,72.1927],[-80.4199,72.1959],[-80.352,72.1767],[-80.298,72.2076],[-80.2381,72.2096],[-80.307,72.2574],[-80.2836,72.2886],[-80.2452,72.2999],[-80.163,72.2816],[-80.0053,72.1828],[-79.6764,72.1276],[-79.7312,72.1575],[-79.8385,72.1664],[-79.9302,72.1959],[-80.1698,72.3263],[-80.049,72.3979],[-79.9266,72.4096],[-79.8749,72.4287],[-79.8603,72.4471],[-79.8681,72.4914],[-79.8188,72.5064],[-79.7657,72.4976],[-79.7862,72.484],[-79.7738,72.4772],[-79.7321,72.4891],[-79.6906,72.4703],[-79.7681,72.4348],[-79.7725,72.4157],[-79.6558,72.3741],[-79.6702,72.3604],[-79.5938,72.3405],[-79.6551,72.2891],[-79.7735,72.2487],[-79.78,72.2369],[-79.768,72.2224],[-79.7149,72.2182],[-79.6968,72.2232],[-79.7111,72.2369],[-79.607,72.2753],[-79.5456,72.2751],[-79.5084,72.2608],[-79.4768,72.2029],[-79.4504,72.1959],[-79.4563,72.2274],[-79.4819,72.2631],[-79.546,72.2921],[-79.4901,72.3006],[-79.4846,72.3263],[-79.3895,72.3579],[-79.3641,72.3727],[-79.3685,72.3952],[-79.3316,72.4023],[-79.1268,72.3419],[-79.0424,72.2878],[-78.9572,72.2831],[-78.9505,72.2758],[-78.9849,72.2441],[-78.9842,72.2307],[-78.9433,72.1959],[-79.0034,72.1547],[-79.0389,72.073],[-79.116,72.0348],[-79.1425,72.0059],[-79.2307,71.9763],[-79.1525,71.9557],[-79.0665,71.9763],[-78.7189,71.9233],[-78.5455,71.8616],[-78.5045,71.8745],[-78.5902,71.9049],[-78.6015,71.9426],[-78.7603,71.9595],[-78.9144,72.0141],[-78.916,72.0314],[-78.8819,72.0588],[-78.862,72.1059],[-78.8802,72.159],[-78.8581,72.1742],[-78.8304,72.1727],[-78.5045,72.1003],[-78.4377,72.0454],[-78.3884,71.97],[-78.3849,71.9405],[-78.209,71.8238],[-77.9086,71.7714],[-78.0659,71.8096],[-78.1713,71.8504],[-78.227,71.8912],[-78.2988,71.9172],[-78.3127,71.929],[-78.3083,71.9499],[-78.1536,71.9724],[-78.1379,71.9666],[-78.1345,71.9427],[-77.9888,71.8797],[-77.9769,71.8471],[-77.9316,71.8248],[-77.8197,71.804],[-77.7476,71.7517],[-77.7301,71.7962],[-77.6964,71.8123],[-77.8892,71.8437],[-78.0179,71.9189],[-78.0916,71.9432],[-78.1066,71.9557],[-78.0989,71.968],[-78.1249,71.9768],[-78.2945,71.9765],[-78.3384,72.0043],[-78.3746,72.0836],[-78.429,72.1199],[-78.6838,72.1657],[-78.8751,72.2307],[-78.7671,72.2652],[-78.7509,72.2853],[-78.7591,72.2994],[-78.8129,72.3126],[-78.8048,72.3381],[-78.7174,72.3331],[-78.6043,72.3578],[-78.5367,72.3459],[-78.5119,72.3263],[-78.5393,72.3057],[-78.5273,72.2904],[-78.5318,72.2512],[-78.5204,72.2353],[-78.4567,72.217],[-78.4562,72.1937],[-78.4276,72.1794],[-78.3972,72.1763],[-78.3915,72.1863],[-78.4226,72.2034],[-78.4157,72.2232],[-78.4766,72.2443],[-78.4557,72.2827],[-78.4709,72.3188],[-78.4088,72.329],[-78.0206,72.2796],[-78.0086,72.2694],[-78.0246,72.2512],[-77.9155,72.2642],[-77.6914,72.2166],[-77.655,72.1942],[-77.6684,72.1686],[-77.6206,72.1379],[-77.661,72.1003],[-77.5998,72.1254],[-77.5865,72.1413],[-77.6206,72.1754],[-77.5896,72.1833],[-77.2985,72.1898],[-76.9974,72.1345],[-77.2718,72.1959],[-77.5478,72.1992],[-77.826,72.2779],[-78.2271,72.3376],[-78.5321,72.4256],[-78.5548,72.4448],[-78.5449,72.4868],[-78.5591,72.5106],[-78.4567,72.5556],[-78.4431,72.587],[-78.4274,72.5937],[-78.3747,72.5938],[-78.1889,72.6536],[-78.0246,72.6757],[-77.9771,72.6984],[-77.7994,72.7042],[-77.601,72.7558],[-76.8891,72.7435],[-76.7835,72.7295],[-76.6753,72.6894],[-76.6584,72.6664],[-76.6815,72.6552],[-76.652,72.6387],[-76.1695,72.5911],[-76.1538,72.5664],[-76.1682,72.5386],[-76.103,72.4797],[-76.0372,72.4914],[-76.0697,72.5553],[-75.9901,72.587],[-75.9399,72.5922],[-75.7351,72.5826],[-75.5436,72.5526],[-75.4741,72.5292],[-75.1984,72.4976],[-75.1949,72.4566],[-75.1534,72.4157],[-74.9417,72.2574],[-75.0303,72.2153],[-75.0299,72.2034],[-75.0633,72.1865],[-75.246,72.1285],[-75.4779,72.147],[-75.6392,72.1451],[-76.0288,72.0887],[-76.0684,72.0759],[-76.0966,72.0345],[-76.1522,71.9891],[-76.2837,71.9455],[-76.4146,71.8608],[-76.3581,71.8559],[-76.2524,71.9298],[-76.0867,71.989],[-76.0051,72.0594],[-75.6577,72.1243],[-75.5132,72.1256],[-75.2421,72.0834],[-75.2223,72.0693],[-75.2451,72.0512],[-75.2967,72.0395],[-75.5391,72.0194],[-75.5854,72.0041],[-75.6225,71.9729],[-75.6376,71.9105],[-75.6754,71.8942],[-75.7021,71.8608],[-75.6918,71.8435],[-75.8045,71.7578],[-75.8736,71.7268],[-76.025,71.7175],[-76.0999,71.6963],[-75.8664,71.708],[-75.8051,71.7264],[-75.6714,71.8167],[-75.6332,71.8759],[-75.5745,71.9187],[-75.5742,71.968],[-75.5506,71.9835],[-75.4606,72.0092],[-75.2931,72.0044],[-75.196,72.0242],[-75.1639,72.042],[-75.1366,72.083],[-75.0632,72.1282],[-75.0202,72.1337],[-74.8923,72.111],[-74.2423,72.0799],[-74.1739,72.0314],[-74.118,71.9672],[-74.2091,71.916],[-74.1814,71.8942],[-74.1729,71.8654],[-74.215,71.8371],[-74.2627,71.8198],[-74.4138,71.8061],[-74.4916,71.8123],[-74.5514,71.832],[-74.578,71.826],[-74.5507,71.7987],[-74.6534,71.7748],[-74.7099,71.7389],[-74.8449,71.7298],[-74.9045,71.7121],[-75.0516,71.723],[-75.3518,71.7001],[-75.3942,71.6752],[-75.0851,71.7031],[-74.9701,71.6915],[-74.9417,71.6752],[-74.9398,71.6617],[-75.4141,71.525],[-75.3947,71.5192],[-75.3116,71.5455],[-75.2019,71.5539],[-75.0455,71.6055],[-74.8986,71.6256],[-74.8428,71.6661],[-74.7156,71.7016],[-74.6807,71.6994],[-74.6494,71.6789],[-74.6346,71.6551],[-74.6773,71.61],[-74.7322,71.583],[-74.8306,71.5493],[-75.0196,71.5427],[-75.1337,71.4924],[-75.1534,71.4697],[-75.0255,71.5207],[-74.8437,71.5233],[-74.8215,71.5133],[-74.825,71.4902],[-74.9281,71.456],[-74.7449,71.4411],[-74.7047,71.3949],[-74.722,71.3773],[-74.7867,71.3647],[-74.8009,71.3431],[-74.8893,71.2988],[-74.92,71.2707],[-75.0987,71.1954],[-75.0768,71.1837],[-75.0459,71.1872],[-74.8933,71.2473],[-74.631,71.3902],[-74.6295,71.4182],[-74.7304,71.4782],[-74.7425,71.5141],[-74.7282,71.5442],[-74.619,71.5585],[-74.5227,71.6626],[-74.419,71.6712],[-74.2821,71.7346],[-74.1083,71.7379],[-74.1,71.728],[-74.1209,71.6881],[-74.232,71.6375],[-74.2495,71.6088],[-74.2359,71.5657],[-74.146,71.5386],[-74.2168,71.6209],[-74.1136,71.6527],[-73.996,71.7542],[-73.9059,71.7756],[-73.7215,71.7782],[-73.6874,71.7589],[-73.6805,71.723],[-73.6571,71.7589],[-73.621,71.7725],[-73.5964,71.7639],[-73.6254,71.7193],[-73.8029,71.658],[-73.7966,71.6348],[-73.8054,71.6285],[-73.8767,71.6164],[-73.8996,71.5795],[-73.9753,71.5455],[-74.0163,71.4902],[-73.9821,71.4765],[-73.9962,71.4618],[-74.1024,71.466],[-74.3179,71.4151],[-74.2915,71.4083],[-74.1814,71.4356],[-74.03,71.4424],[-74.0704,71.3977],[-74.0721,71.3373],[-74.1814,71.3127],[-74.1022,71.305],[-74.0908,71.2954],[-74.0965,71.2828],[-74.2423,71.2028],[-74.1865,71.2199],[-74.0029,71.3263],[-73.9951,71.3434],[-74.0089,71.3708],[-73.9545,71.4322],[-73.8996,71.456],[-73.9022,71.483],[-73.8673,71.5189],[-73.8662,71.5353],[-73.7584,71.58],[-73.6879,71.5932],[-73.6217,71.5832],[-73.5638,71.5585],[-73.6196,71.5172],[-73.6117,71.4857],[-73.6532,71.4424],[-73.5861,71.3956],[-73.6389,71.3605],[-73.5262,71.3803],[-73.5024,71.4288],[-73.4615,71.4419],[-73.4272,71.439],[-73.422,71.4208],[-73.3789,71.3872],[-73.4936,71.3715],[-73.521,71.3311],[-73.6616,71.2668],[-73.6879,71.2438],[-73.6805,71.2097],[-73.7147,71.1749],[-73.7147,71.1197],[-73.7475,71.0897],[-73.8559,71.0766],[-73.8996,71.0595],[-73.8808,71.0533],[-73.6942,71.0861],[-73.6671,71.1074],[-73.66,71.1823],[-73.6221,71.2332],[-73.5312,71.2904],[-73.4387,71.3135],[-73.4298,71.3332],[-73.4409,71.3468],[-73.2539,71.33],[-73.1759,71.3079],[-73.1608,71.2911],[-73.1201,71.2968],[-73.0499,71.2705],[-73.2271,71.2468],[-73.2764,71.2233],[-73.2481,71.1943],[-73.2416,71.1544],[-73.2901,71.0998],[-73.4277,71.0549],[-73.4546,71.0316],[-73.3789,70.9831],[-73.3723,71.0017],[-73.4013,71.026],[-73.3999,71.0452],[-73.2874,71.0716],[-73.2612,71.1055],[-73.1703,71.1715],[-73.1871,71.2062],[-73.169,71.2273],[-73.0305,71.2326],[-72.9954,71.2542],[-72.97,71.2873],[-72.9604,71.3362],[-72.9946,71.4077],[-72.9357,71.4194],[-72.8118,71.4183],[-72.7551,71.4356],[-72.7778,71.4718],[-72.8179,71.488],[-72.8376,71.5107],[-72.639,71.5455],[-72.6182,71.5734],[-72.6008,71.6364],[-72.5843,71.6553],[-72.5494,71.6651],[-71.9201,71.5743],[-71.7827,71.5346],[-71.5443,71.5051],[-71.4187,71.456],[-71.433,71.4356],[-71.2875,71.3843],[-71.1171,71.2705],[-71.1544,71.244],[-71.3436,71.168],[-71.445,71.0735],[-71.4705,71.0657],[-71.6199,71.072],[-71.7109,71.0969],[-71.861,71.1135],[-72.0451,71.0848],[-72.1122,71.0582],[-72.1182,71.0486],[-72.1003,71.021],[-72.1824,70.9658],[-72.2974,70.9471],[-72.3237,70.9279],[-72.3113,70.9114],[-72.32,70.8972],[-72.3563,70.8787],[-72.7761,70.818],[-72.4769,70.8378],[-72.3032,70.8732],[-72.1654,70.8397],[-72.169,70.8268],[-72.2735,70.7751],[-72.3373,70.7578],[-72.3162,70.7299],[-72.3646,70.6889],[-72.4903,70.6514],[-72.6247,70.6337],[-72.5564,70.6337],[-72.5707,70.6132],[-72.5317,70.6171],[-72.478,70.6464],[-72.3919,70.6541],[-72.3277,70.6749],[-72.2105,70.7646],[-71.9531,70.7913],[-71.5906,70.8732],[-71.3228,70.8872],[-71.215,70.8553],[-71.1744,70.8572],[-71.289,70.908],[-71.2744,70.9321],[-71.2346,70.9547],[-71.2019,71.007],[-71.1509,71.0377],[-70.8616,71.1091],[-70.7872,71.1146],[-70.7136,71.1039],[-70.6214,71.0693],[-70.5864,71.0346],[-70.5727,70.9936],[-70.5164,70.9371],[-70.5212,70.9143],[-70.713,70.8397],[-70.7478,70.7988],[-70.749,70.7548],[-70.8055,70.7244],[-71.0675,70.6762],[-71.1034,70.661],[-71.1415,70.6044],[-71.2122,70.5819],[-71.5262,70.6205],[-71.5764,70.6132],[-71.5961,70.603],[-71.5793,70.5695],[-71.5933,70.5479],[-71.7272,70.4971],[-71.748,70.4489],[-71.8894,70.4424],[-71.9674,70.4214],[-71.9374,70.4147],[-71.8129,70.435],[-71.7298,70.4255],[-71.745,70.3571],[-71.7698,70.3281],[-71.8507,70.2978],[-71.8237,70.2937],[-71.7535,70.3146],[-71.6719,70.373],[-71.6658,70.4145],[-71.6378,70.4561],[-71.6589,70.4698],[-71.508,70.5456],[-71.5149,70.579],[-71.4516,70.5866],[-71.3914,70.5716],[-71.4398,70.5585],[-71.42,70.5525],[-71.3433,70.5654],[-71.1689,70.5351],[-71.1655,70.5176],[-71.242,70.4182],[-71.275,70.3425],[-71.3231,70.3183],[-71.2746,70.2699],[-71.3126,70.2258],[-71.3715,70.1955],[-71.3771,70.1697],[-71.4188,70.1569],[-71.4398,70.1266],[-71.405,70.134],[-71.4204,70.1162],[-71.5012,70.0856],[-71.5422,70.0241],[-71.4567,70.0814],[-71.353,70.1233],[-71.3097,70.1888],[-71.248,70.2221],[-71.2101,70.2712],[-71.2279,70.2827],[-71.2283,70.3046],[-71.1927,70.332],[-71.1927,70.3531],[-71.0756,70.4907],[-71.0624,70.5107],[-71.0699,70.5176],[-70.9873,70.5312],[-71.0562,70.5517],[-70.9853,70.6337],[-70.8433,70.6479],[-70.6174,70.7299],[-70.5135,70.7418],[-70.3977,70.7845],[-70.2363,70.801],[-69.915,70.8799],[-69.819,70.8776],[-69.7745,70.8562],[-69.8072,70.8148],[-69.9565,70.7345],[-70.2058,70.6567],[-70.4487,70.6352],[-70.4802,70.6132],[-70.4011,70.5275],[-70.4945,70.4829],[-70.4535,70.4787],[-70.3095,70.5033],[-70.329,70.5385],[-70.412,70.6064],[-70.3936,70.6147],[-70.0762,70.6132],[-70.053,70.6352],[-70.0409,70.5966],[-69.9799,70.6541],[-69.9014,70.6674],[-69.8559,70.6897],[-69.7745,70.6889],[-69.8087,70.7026],[-69.7822,70.7192],[-69.6818,70.6854],[-69.6162,70.7636],[-69.4735,70.7913],[-69.4045,70.7913],[-69.4108,70.777],[-69.203,70.7794],[-69.0978,70.7231],[-68.3623,70.5843],[-68.2905,70.5538],[-68.2805,70.5176],[-68.2978,70.4969],[-68.3846,70.4575],[-68.3934,70.4337],[-68.4354,70.4224],[-68.4586,70.373],[-68.4874,70.3692],[-68.566,70.3945],[-68.5821,70.4111],[-68.548,70.4418],[-68.5522,70.4614],[-68.5913,70.467],[-68.673,70.4235],[-68.6528,70.3618],[-68.6846,70.332],[-68.72,70.3223],[-68.9054,70.2969],[-69.0138,70.3049],[-69.0973,70.2821],[-69.2125,70.2842],[-69.4702,70.2481],[-69.5046,70.2252],[-69.6169,70.2159],[-69.8083,70.1667],[-69.8326,70.1528],[-69.8428,70.1266],[-69.9009,70.0932],[-70.0886,70.0683],[-70.1566,70.0455],[-70.1799,70.0205],[-70.1175,70.0255],[-70.0277,70.0651],[-69.9509,70.0592],[-69.8559,70.0325],[-69.8149,69.992],[-69.8322,69.9831],[-70.0006,69.9962],[-70.1444,69.9695],[-70.2236,69.9456],[-70.2196,69.9205],[-70.2415,69.9073],[-70.3427,69.8884],[-70.3846,69.8659],[-70.446,69.8635],[-70.4728,69.8454],[-70.3363,69.8529],[-70.0533,69.9641],[-69.9332,69.9687],[-69.8763,69.9516],[-69.7585,69.9729],[-69.7412,69.9855],[-69.7403,70.0031],[-69.8015,70.0439],[-69.8018,70.0683],[-69.7702,70.1011],[-69.6832,70.1396],[-69.2089,70.1929],[-69.0374,70.1677],[-69.0135,70.1887],[-69.1117,70.2014],[-69.1302,70.2159],[-69.1002,70.2201],[-68.957,70.1993],[-68.7065,70.2094],[-68.6783,70.2023],[-68.6436,70.147],[-68.7603,70.106],[-68.7324,70.0788],[-68.7906,70.0412],[-69.1223,69.975],[-69.2855,69.9025],[-69.4082,69.8293],[-69.4803,69.8187],[-69.7106,69.8446],[-69.7882,69.8323],[-69.8602,69.7942],[-69.8906,69.7362],[-69.9912,69.6774],[-70.0079,69.6263],[-69.982,69.6178],[-69.9355,69.6741],[-69.83,69.7206],[-69.8087,69.743],[-69.8141,69.7729],[-69.7469,69.8044],[-69.603,69.8116],[-69.5039,69.7862],[-69.3906,69.7839],[-69.2117,69.8877],[-69.1029,69.9205],[-68.9282,69.9553],[-68.7794,69.9516],[-68.7059,69.934],[-68.6914,69.9484],[-68.6492,69.9429],[-68.6362,69.9484],[-68.6641,69.9553],[-68.6575,69.9744],[-68.6715,69.9831],[-68.612,69.9923],[-68.5338,70.0372],[-68.5535,70.0371],[-68.5649,70.0534],[-68.4586,70.0515],[-68.441,70.0736],[-68.3369,70.0688],[-68.1911,70.1266],[-68.3249,70.1425],[-68.3315,70.1479],[-68.2935,70.1675],[-68.3496,70.1727],[-68.3487,70.1887],[-68.2935,70.1887],[-68.3231,70.2234],[-68.1762,70.283],[-68.1495,70.3001],[-68.157,70.3183],[-68.0546,70.3251],[-68.0054,70.2941],[-67.8085,70.2637],[-67.5461,70.1476],[-67.4308,70.0714],[-67.4112,70.0717],[-67.4035,70.0651],[-67.4171,70.0651],[-67.378,70.0451],[-67.3414,69.9997],[-67.2253,69.9484],[-67.2167,69.8799],[-67.1625,69.8255],[-67.152,69.8055],[-67.1701,69.7908],[-67.1155,69.7287],[-67.3469,69.7166],[-67.5548,69.7402],[-67.7472,69.7826],[-68.0131,69.7761],[-68.2255,69.71],[-68.2536,69.6675],[-68.3492,69.6331],[-68.7261,69.6467],[-69.2608,69.5349],[-69.7062,69.5717],[-69.9458,69.5369],[-70.0216,69.5369],[-70.0172,69.5261],[-69.8857,69.5071],[-69.764,69.5443],[-69.6582,69.5512],[-69.2905,69.5087],[-69.0989,69.5369],[-69.012,69.5366],[-68.9538,69.5672],[-68.7656,69.5924],[-68.5875,69.591],[-68.0051,69.462],[-67.9174,69.4543],[-67.7915,69.4805],[-67.2276,69.4643],[-66.788,69.34],[-66.7387,69.3016],[-66.6909,69.2829],[-66.6494,69.2222],[-66.6688,69.1846],[-66.7423,69.1369],[-66.7819,69.1331],[-66.9775,69.1769],[-67.1594,69.1845],[-67.2042,69.1745],[-67.1844,69.154],[-67.2125,69.1479],[-67.3557,69.1928],[-67.5095,69.1608],[-67.678,69.1772],[-68.1979,69.311],[-68.3459,69.2983],[-69.0135,69.3594],[-69.2606,69.2768],[-69.2351,69.2649],[-69.1371,69.3041],[-68.9525,69.3389],[-68.4169,69.2757],[-68.2182,69.2845],[-68.1706,69.2768],[-68.0825,69.2197],[-68.1573,69.2011],[-68.6263,69.2365],[-68.7847,69.2157],[-68.9641,69.2235],[-68.8837,69.2032],[-68.6764,69.2131],[-68.507,69.2011],[-68.6505,69.1669],[-68.705,69.1396],[-69.0699,69.1137],[-69.0961,69.0919],[-69.0511,69.0919],[-69.0272,69.1055],[-68.9248,69.1055],[-68.9248,69.085],[-68.9677,69.0118],[-69.0183,68.9684],[-68.9326,68.9962],[-68.9316,69.0236],[-68.8641,69.0916],[-68.6771,69.1144],[-68.6327,69.1398],[-68.463,69.1741],[-68.3734,69.1796],[-68.1482,69.1453],[-67.7045,69.0236],[-67.7414,69.0124],[-67.9515,69.0057],[-67.9788,68.9957],[-67.9652,68.982],[-68.0008,68.972],[-68.2401,69.0056],[-68.3945,69.007],[-68.4671,68.9955],[-68.4853,68.982],[-68.5512,68.9841],[-68.5469,68.9644],[-68.3031,68.9853],[-68.2687,68.9645],[-68.1631,68.9477],[-68.0403,68.9479],[-68.0496,68.9191],[-68.0887,68.9069],[-68.0136,68.8933],[-67.9726,68.8659],[-67.999,68.8559],[-68.1843,68.8827],[-68.4928,68.8995],[-68.4558,68.8851],[-68.2751,68.8754],[-68.1332,68.8372],[-67.8707,68.8112],[-67.8559,68.8039],[-67.869,68.7971],[-67.8458,68.79],[-67.7734,68.784],[-67.8778,68.7712],[-68.4006,68.8454],[-68.5825,68.8499],[-68.6094,68.8386],[-68.5096,68.8161],[-68.4928,68.7971],[-68.6026,68.8039],[-68.6003,68.7882],[-68.6196,68.7862],[-68.743,68.8137],[-68.7907,68.8024],[-68.8371,68.8162],[-68.9658,68.8175],[-69.0614,68.8523],[-69.1612,68.8538],[-69.3021,68.8828],[-69.3635,68.8811],[-69.3978,68.8585],[-69.2685,68.8603],[-69.2035,68.8529],[-69.1507,68.8312],[-69.3506,68.8349],[-69.3835,68.8175],[-68.9595,68.7971],[-68.946,68.7872],[-68.9595,68.7629],[-68.9999,68.756],[-68.9735,68.7425],[-68.8759,68.7684],[-68.6641,68.7424],[-68.5472,68.7531],[-68.4965,68.7336],[-68.2115,68.716],[-68.1219,68.6887],[-68.0477,68.6872],[-68.0955,68.6667],[-68.1706,68.6741],[-68.0751,68.6462],[-68.1057,68.6302],[-68.2256,68.6605],[-68.3605,68.6299],[-68.644,68.6654],[-68.7674,68.6525],[-68.8012,68.6326],[-68.8012,68.6195],[-68.9043,68.6052],[-68.7974,68.5928],[-68.6849,68.6326],[-68.63,68.6387],[-68.487,68.6225],[-68.4769,68.6059],[-68.5478,68.5867],[-68.7158,68.583],[-68.7603,68.5711],[-68.4586,68.5643],[-68.4214,68.5947],[-68.3785,68.601],[-68.2163,68.5883],[-68.1904,68.5711],[-68.1433,68.5786],[-68.1195,68.541],[-68.0235,68.5438],[-68.0027,68.529],[-67.9334,68.56],[-67.9174,68.5507],[-67.9312,68.5282],[-67.9076,68.4561],[-67.9584,68.3998],[-67.8963,68.4339],[-67.8649,68.4977],[-67.869,68.537],[-67.859,68.5502],[-67.8146,68.537],[-67.6641,68.5647],[-67.5942,68.5429],[-67.5192,68.5491],[-67.4923,68.5301],[-67.63,68.4931],[-67.6021,68.4544],[-67.6225,68.3998],[-67.6063,68.3841],[-67.5508,68.4279],[-67.5506,68.4565],[-67.5748,68.4886],[-67.5486,68.4923],[-67.419,68.4973],[-67.3762,68.4749],[-67.3747,68.4924],[-67.3287,68.5015],[-67.3079,68.4954],[-67.2731,68.4544],[-67.2417,68.4909],[-67.1905,68.4339],[-67.3143,68.4294],[-67.3414,68.4135],[-67.1247,68.4133],[-67.1086,68.4202],[-67.0944,68.4544],[-67.1291,68.4824],[-67.064,68.4749],[-66.9888,68.4435],[-66.8634,68.4665],[-66.6636,68.4408],[-66.788,68.4315],[-66.8038,68.4235],[-66.8002,68.406],[-66.8937,68.4224],[-66.9243,68.4135],[-66.9197,68.3936],[-66.9395,68.3793],[-67.0225,68.3616],[-67.1844,68.393],[-67.4031,68.397],[-67.4431,68.3767],[-67.7939,68.3377],[-67.8558,68.3149],[-67.8762,68.2834],[-67.8514,68.2616],[-67.828,68.2695],[-67.8181,68.2968],[-67.7493,68.3177],[-67.6473,68.3188],[-67.527,68.3445],[-67.5748,68.3179],[-67.5748,68.2769],[-67.5948,68.2641],[-67.6977,68.2496],[-67.6822,68.2415],[-67.5611,68.2558],[-67.5426,68.27],[-67.5364,68.3082],[-67.4035,68.3551],[-67.3314,68.3496],[-67.3352,68.324],[-67.2581,68.3571],[-67.2198,68.3607],[-67.0325,68.3266],[-67.0124,68.3179],[-67.239,68.2968],[-67.2247,68.2857],[-67.317,68.2554],[-67.338,68.2264],[-67.3277,68.1869],[-67.3851,68.1542],[-67.4515,68.1528],[-67.5645,68.1752],[-67.6021,68.1671],[-67.3797,68.1288],[-67.3153,68.1561],[-67.2748,68.1953],[-67.2936,68.2421],[-67.0653,68.2961],[-67.0037,68.2936],[-66.8968,68.2591],[-66.7882,68.2494],[-66.766,68.2421],[-66.779,68.2143],[-66.8207,68.1943],[-66.8448,68.1615],[-66.8275,68.1323],[-66.9575,68.075],[-66.9714,68.0367],[-66.9442,68.0162],[-66.9316,68.0198],[-66.9243,68.0504],[-66.9066,68.0647],[-66.7651,68.1149],[-66.7387,68.1397],[-66.6932,68.1455],[-66.6698,68.1118],[-66.6841,68.1015],[-66.6772,68.0504],[-66.7387,67.989],[-66.6679,68.008],[-66.6445,68.0324],[-66.6295,68.1076],[-66.6114,68.134],[-66.5814,68.1484],[-66.3135,68.1291],[-66.3341,68.0959],[-66.478,68.0776],[-66.3892,68.0709],[-66.2999,68.0913],[-66.2484,68.0851],[-66.2277,68.0409],[-66.1832,68.0162],[-66.2923,67.9943],[-66.3278,67.9753],[-66.4097,67.8996],[-66.3981,67.8895],[-66.4136,67.8691],[-66.5011,67.8631],[-66.696,67.8898],[-66.7456,67.8791],[-66.5719,67.852],[-66.5127,67.8297],[-66.4231,67.8358],[-66.3967,67.817],[-66.4036,67.7968],[-66.3887,67.7815],[-66.3673,67.7823],[-66.3545,67.8101],[-66.369,67.8419],[-66.3376,67.881],[-66.3415,67.9063],[-66.2794,67.961],[-66.1322,67.9859],[-65.9558,68.0424],[-65.9442,68.1118],[-65.9634,68.1459],[-65.9488,68.1649],[-65.9282,68.1648],[-65.8671,68.1106],[-65.9027,68.0851],[-65.8685,68.0913],[-65.8548,68.081],[-65.922,68.0209],[-66.0323,67.961],[-65.9442,67.8996],[-65.9459,67.8737],[-66.0051,67.817],[-65.9989,67.776],[-66.0323,67.7282],[-66.0133,67.6717],[-66.0262,67.6531],[-66.0118,67.6366],[-65.9865,67.6486],[-65.9989,67.6667],[-65.9764,67.6818],[-65.9503,67.7275],[-65.9403,67.7789],[-65.9593,67.8173],[-65.8002,67.8688],[-65.7706,67.8977],[-65.7791,67.9343],[-65.8276,67.9684],[-65.8096,67.9749],[-65.7586,67.9684],[-65.6547,67.9981],[-65.4519,67.9986],[-65.4653,67.9277],[-65.5295,67.8389],[-65.6136,67.7995],[-65.6145,67.7895],[-65.5803,67.7557],[-65.4425,67.7098],[-65.3612,67.5979],[-65.3249,67.6094],[-65.3804,67.7187],[-65.5177,67.7663],[-65.5495,67.793],[-65.498,67.817],[-65.4194,67.9138],[-65.3751,67.9343],[-65.1815,67.9672],[-65.1501,67.9895],[-65.1833,68.0162],[-65.1682,68.0312],[-65.1069,68.023],[-65.0803,68.0429],[-65.025,68.0572],[-64.7497,68.0007],[-64.7196,67.9852],[-64.7589,67.9654],[-64.8888,67.9404],[-65.0143,67.9486],[-65.0666,67.9343],[-64.9431,67.9138],[-65.0456,67.8518],[-65.0837,67.8449],[-65.1088,67.8666],[-65.1069,67.8449],[-65.1491,67.7965],[-65.0395,67.8312],[-65.0192,67.8181],[-65.012,67.793],[-65.0455,67.7767],[-65.0393,67.7624],[-65.1641,67.7355],[-65.2008,67.697],[-65.1948,67.6437],[-65.1656,67.6442],[-65.1696,67.6594],[-65.1389,67.7073],[-65.1144,67.722],[-65.0376,67.7309],[-65.0188,67.7419],[-65.0188,67.7624],[-64.9132,67.7943],[-64.8161,67.7829],[-64.8065,67.7487],[-64.8237,67.7135],[-64.8605,67.7003],[-64.8264,67.6942],[-64.7734,67.711],[-64.752,67.8017],[-64.7587,67.8244],[-64.6898,67.817],[-64.624,67.8333],[-64.5035,67.8065],[-64.4577,67.7893],[-64.4571,67.7624],[-64.3787,67.7724],[-64.3676,67.7589],[-64.3988,67.7145],[-64.5448,67.7029],[-64.6414,67.6667],[-64.3745,67.7003],[-64.3124,67.7351],[-64.2341,67.6959],[-64.2073,67.6542],[-64.2221,67.6362],[-64.2851,67.6252],[-64.2278,67.6142],[-64.0763,67.6178],[-64.0771,67.5892],[-64.103,67.5508],[-64.042,67.5365],[-64.1002,67.5228],[-64.1175,67.5023],[-64.2482,67.4691],[-64.4434,67.4811],[-64.3268,67.4536],[-64.0976,67.4669],[-63.9971,67.4538],[-63.9476,67.4016],[-63.9416,67.361],[-63.9543,67.3432],[-64.0046,67.331],[-63.9209,67.3183],[-63.9084,67.3068],[-63.9234,67.2958],[-64.7623,67.3627],[-64.7997,67.3515],[-64.2305,67.2962],[-64.3472,67.2553],[-64.5253,67.2621],[-64.7886,67.2216],[-64.8195,67.2069],[-64.7727,67.1983],[-64.5749,67.2364],[-64.298,67.2379],[-64.0117,67.2825],[-63.963,67.2757],[-64.0214,67.213],[-64.0914,67.2091],[-64.1466,67.2221],[-64.6091,67.1403],[-64.6645,67.1171],[-64.6966,67.0839],[-64.7004,67.0089],[-64.6451,67.0119],[-64.5968,67.0941],[-64.4965,67.1386],[-64.3472,67.1454],[-64.1417,67.187],[-63.9619,67.188],[-63.9186,67.2038],[-63.8885,67.2416],[-63.7851,67.2416],[-63.7435,67.2171],[-63.6893,67.2348],[-63.5675,67.2441],[-63.4491,67.228],[-63.4559,67.1767],[-63.5391,67.1112],[-63.7375,67.0476],[-63.7681,67.0259],[-63.8004,66.993],[-63.7712,66.9604],[-63.7674,67.0034],[-63.737,67.0293],[-63.6745,67.0526],[-63.5507,67.0712],[-63.4394,67.1213],[-63.3982,67.1562],[-63.4215,67.1968],[-63.4121,67.2177],[-63.2965,67.3056],[-63.2662,67.3126],[-63.2035,67.2988],[-63.2914,67.2477],[-63.2206,67.2571],[-63.1679,67.2962],[-63.2095,67.3167],[-63.1636,67.3376],[-63.002,67.288],[-62.9769,67.2219],[-63.0587,67.1658],[-63.2504,67.1323],[-63.2808,67.1108],[-63.2843,67.0988],[-63.2299,67.0368],[-63.2228,67.0002],[-63.2368,66.9741],[-63.285,66.9475],[-63.5506,66.9068],[-63.5651,66.8922],[-63.5555,66.8564],[-63.6146,66.8298],[-63.806,66.8315],[-63.8197,66.8171],[-63.5723,66.8096],[-63.528,66.8182],[-63.4772,66.846],[-63.4956,66.871],[-63.4868,66.9053],[-63.4425,66.9108],[-63.4238,66.8804],[-63.4147,66.8037],[-63.4559,66.7072],[-63.4285,66.7078],[-63.3842,66.7385],[-63.3361,66.8061],[-63.3284,66.838],[-63.3491,66.8907],[-63.2033,66.9091],[-63.1298,66.938],[-62.9991,66.9488],[-62.9761,66.9678],[-62.8653,66.9691],[-62.8389,66.9604],[-62.843,66.9169],[-62.8227,66.8015],[-62.8668,66.7388],[-62.8601,66.7072],[-62.9118,66.6548],[-62.9016,66.6383],[-62.8228,66.6833],[-62.8327,66.7209],[-62.7502,66.788],[-62.7434,66.8134],[-62.776,66.8508],[-62.7508,66.8785],[-62.7713,66.9126],[-62.7471,66.9431],[-62.6068,66.9536],[-62.5552,66.9385],[-62.514,66.9092],[-62.4969,66.845],[-62.4117,66.8179],[-62.4007,66.786],[-62.3113,66.7277],[-62.292,66.7585],[-62.2989,66.7766],[-62.3392,66.7966],[-62.3802,66.8376],[-62.4267,66.8498],[-62.4212,66.8642],[-62.4417,66.8996],[-62.4212,66.9126],[-62.425,66.9282],[-62.284,66.9461],[-62.272,66.9608],[-62.2757,66.9809],[-62.2983,67.0225],[-62.2712,67.0472],[-62.09,67.0598],[-62.0041,67.0368],[-62.0476,66.9984],[-62.0649,66.9461],[-62.1059,66.9194],[-62.0172,66.9126],[-61.956,66.963],[-61.9063,66.9761],[-61.839,66.9741],[-61.8663,66.9461],[-61.8458,66.9372],[-61.7536,66.9512],[-61.7361,66.933],[-61.7465,66.9161],[-61.7971,66.8937],[-61.9313,66.9053],[-61.9895,66.8959],[-62.0083,66.8801],[-61.9783,66.8726],[-61.9356,66.8916],[-61.7559,66.8817],[-61.7006,66.8939],[-61.6056,66.8716],[-61.6274,66.846],[-61.6586,66.8341],[-61.7297,66.8307],[-61.6628,66.8112],[-61.5059,66.805],[-61.4479,66.7686],[-61.4691,66.7618],[-61.4074,66.7475],[-61.3011,66.6777],[-61.2675,66.6316],[-61.2903,66.6184],[-61.2705,66.6048],[-61.3476,66.5789],[-61.4138,66.5768],[-61.4382,66.5465],[-61.5988,66.5563],[-61.6458,66.608],[-61.7344,66.6467],[-61.8663,66.6588],[-61.9993,66.6989],[-62.0314,66.6867],[-62.017,66.6723],[-62.0498,66.6495],[-62.1884,66.6321],[-62.0891,66.609],[-62.005,66.6483],[-61.8215,66.6286],[-61.6677,66.5258],[-61.5911,66.498],[-61.582,66.4779],[-61.6472,66.4601],[-61.7229,66.4601],[-61.7775,66.4328],[-61.8768,66.4465],[-61.9898,66.4123],[-61.9593,66.4045],[-61.8663,66.4192],[-61.5646,66.4192],[-61.4622,66.3714],[-61.5646,66.3441],[-61.6199,66.3503],[-61.6608,66.3304],[-61.7844,66.3372],[-61.85,66.295],[-61.9346,66.2895],[-62.0823,66.3304],[-62.1264,66.3168],[-62.1953,66.3168],[-62.2117,66.3237],[-62.2369,66.3714],[-62.2196,66.3972],[-62.2518,66.4074],[-62.6267,66.4403],[-62.6063,66.4084],[-62.716,66.4123],[-62.6147,66.3874],[-62.5662,66.407],[-62.499,66.4081],[-62.4758,66.3993],[-62.4706,66.37],[-62.3188,66.3031],[-62.6643,66.2196],[-62.7644,66.2547],[-62.757,66.2684],[-62.7794,66.2816],[-62.7794,66.3045],[-62.8137,66.3282],[-62.8942,66.3372],[-62.8122,66.2752],[-62.8197,66.2684],[-62.802,66.2449],[-62.699,66.1981],[-62.5385,66.2274],[-62.4517,66.1954],[-62.3597,66.1858],[-62.3568,66.1687],[-62.3265,66.1607],[-62.1059,66.1448],[-62.1704,66.1208],[-62.1283,66.0986],[-62.0376,66.1039],[-62.0786,66.0834],[-62.0103,66.0759],[-62.1134,66.0561],[-61.9927,66.0502],[-61.9542,66.0198],[-62.0554,66.0184],[-62.1114,66.0004],[-62.1999,66.0106],[-62.3188,65.9809],[-62.4109,66.023],[-62.4411,66.0126],[-62.5285,66.0356],[-62.6235,66.0294],[-62.7086,66.0501],[-62.7852,66.0377],[-62.8426,66.0666],[-62.8799,66.1312],[-62.9237,66.1512],[-62.9722,66.1509],[-63.0655,66.1243],[-62.9283,66.1243],[-62.8979,66.0976],[-62.8741,66.051],[-62.8228,66.0219],[-62.5317,66.0076],[-62.4772,65.9727],[-62.4289,65.9787],[-62.3871,65.9326],[-62.456,65.9257],[-62.4204,65.9069],[-62.3597,65.9121],[-62.374,65.8916],[-62.3696,65.8681],[-62.2915,65.8227],[-62.3021,65.8117],[-62.3529,65.8159],[-62.5103,65.7933],[-62.5385,65.8022],[-62.5249,65.8159],[-62.5378,65.8185],[-62.6446,65.8108],[-62.7925,65.867],[-62.8255,65.9008],[-62.8708,65.9081],[-62.8736,65.8848],[-62.8122,65.8643],[-62.8259,65.8432],[-62.7418,65.8136],[-62.6749,65.8085],[-62.5718,65.7626],[-62.5891,65.724],[-62.6022,65.7233],[-62.8464,65.7687],[-62.8198,65.732],[-62.6881,65.7134],[-62.6407,65.6838],[-62.598,65.6749],[-62.6182,65.6212],[-62.6572,65.5888],[-62.675,65.6042],[-62.6533,65.6308],[-62.6752,65.6391],[-62.7291,65.621],[-62.7307,65.5931],[-62.767,65.5913],[-62.8197,65.6104],[-62.8264,65.6291],[-62.8601,65.6452],[-62.8761,65.7239],[-62.9321,65.7606],[-62.9631,65.7551],[-62.9147,65.724],[-62.8966,65.6408],[-62.9597,65.59],[-63.0013,65.5941],[-63.0137,65.6352],[-63.1601,65.6492],[-63.1617,65.6315],[-63.1962,65.6337],[-63.2504,65.693],[-63.3295,65.7414],[-63.352,65.7823],[-63.4323,65.8469],[-63.4764,65.9336],[-63.5101,65.9365],[-63.5145,65.8978],[-63.5316,65.8779],[-63.4833,65.8492],[-63.4119,65.7627],[-63.3671,65.734],[-63.3876,65.7134],[-63.3467,65.6725],[-63.4633,65.6862],[-63.5794,65.6793],[-63.6019,65.6656],[-63.7214,65.6793],[-63.6643,65.6489],[-63.5863,65.6588],[-63.4975,65.6315],[-63.3666,65.6335],[-63.3187,65.5967],[-63.3398,65.59],[-63.3324,65.5769],[-63.3666,65.5383],[-63.4801,65.5285],[-63.5679,65.5915],[-63.6074,65.5967],[-63.5869,65.5832],[-63.5726,65.549],[-63.6204,65.549],[-63.6018,65.5325],[-63.5422,65.5217],[-63.5242,65.5012],[-63.5305,65.4856],[-63.4393,65.4856],[-63.2914,65.4323],[-63.4241,65.4337],[-63.6274,65.4803],[-63.6551,65.467],[-63.4633,65.4056],[-63.3876,65.3981],[-63.5242,65.3851],[-63.4633,65.3851],[-63.4975,65.3708],[-63.3734,65.3298],[-63.3876,65.3088],[-63.3398,65.3026],[-63.4423,65.2957],[-63.4566,65.2849],[-63.4087,65.2678],[-63.3637,65.2752],[-63.3406,65.2575],[-63.4559,65.2412],[-63.3469,65.2269],[-63.3133,65.2098],[-63.3395,65.1927],[-63.3734,65.2064],[-63.5179,65.1927],[-63.436,65.1722],[-63.4832,65.1654],[-63.3398,65.1449],[-63.3552,65.1269],[-63.436,65.1039],[-63.3671,65.0692],[-63.4633,65.0623],[-63.3876,65.0419],[-63.4696,65.0351],[-63.4559,65.0077],[-63.5316,64.973],[-63.5043,64.9599],[-63.5384,64.9326],[-63.5241,64.903],[-63.535,64.8985],[-63.6551,64.9184],[-63.6346,64.9311],[-63.6619,64.9456],[-63.6052,64.9655],[-63.6024,64.9945],[-63.6127,65.0029],[-63.7563,64.9659],[-63.7735,64.9794],[-63.8258,64.9866],[-63.8122,65.0077],[-63.8258,65.0146],[-63.765,65.0146],[-63.7712,65.0214],[-63.7435,65.0307],[-63.6551,65.0419],[-63.7552,65.0528],[-63.8074,65.0295],[-63.871,65.0445],[-63.8804,65.1041],[-63.8021,65.1645],[-63.7916,65.1793],[-63.8091,65.1859],[-63.8731,65.1748],[-63.8848,65.1431],[-63.9016,65.1449],[-63.9689,65.1014],[-64.0732,65.1202],[-64.0819,65.0773],[-64.1097,65.0523],[-64.1532,65.0554],[-64.2106,65.0965],[-64.1964,65.1101],[-64.2783,65.1039],[-64.1785,65.1767],[-64.079,65.2001],[-64.1147,65.2083],[-64.2274,65.2001],[-64.3282,65.1512],[-64.3461,65.1757],[-64.3743,65.1793],[-64.3945,65.2469],[-64.3382,65.2955],[-64.3506,65.3026],[-64.4,65.279],[-64.4086,65.2883],[-64.2517,65.3919],[-64.2646,65.4056],[-64.2374,65.4323],[-64.298,65.423],[-64.2926,65.4056],[-64.3472,65.3851],[-64.357,65.3527],[-64.4461,65.3195],[-64.4775,65.282],[-64.4558,65.2415],[-64.4622,65.2062],[-64.5571,65.0932],[-64.5733,65.1264],[-64.6414,65.1238],[-64.6135,65.1374],[-64.6399,65.1579],[-64.6169,65.1924],[-64.7308,65.1592],[-64.7025,65.2],[-64.6824,65.2064],[-64.7157,65.2272],[-64.6489,65.2541],[-64.6892,65.2519],[-64.7147,65.2743],[-64.7366,65.2763],[-64.7974,65.2397],[-64.8319,65.2433],[-64.9021,65.282],[-64.8543,65.282],[-64.8629,65.2931],[-64.9089,65.3026],[-64.8195,65.3298],[-64.7587,65.3162],[-64.6824,65.3435],[-64.9151,65.3435],[-64.7508,65.3928],[-64.6759,65.4006],[-64.6077,65.4306],[-64.4585,65.4211],[-64.4318,65.4377],[-64.4086,65.4807],[-64.438,65.4862],[-64.4652,65.4495],[-64.507,65.4409],[-64.5253,65.4465],[-64.498,65.4596],[-64.6171,65.4536],[-64.6421,65.4706],[-64.7087,65.4354],[-64.813,65.4186],[-64.8706,65.4282],[-64.9551,65.4075],[-64.9903,65.3946],[-64.984,65.3776],[-65.0102,65.3694],[-65.0725,65.3883],[-65.1318,65.425],[-65.1491,65.449],[-65.1456,65.4742],[-65.1696,65.4875],[-64.9294,65.5285],[-64.9368,65.5415],[-64.8908,65.555],[-64.8535,65.5873],[-64.7922,65.5832],[-64.8332,65.6073],[-64.8301,65.6384],[-64.7347,65.6453],[-64.7103,65.6588],[-64.8527,65.6608],[-64.9913,65.548],[-65.1807,65.546],[-65.2221,65.5661],[-65.1929,65.5834],[-65.1833,65.6005],[-65.1959,65.6029],[-65.3128,65.5558],[-65.3409,65.5832],[-65.3007,65.6004],[-65.3013,65.6296],[-65.1177,65.6384],[-65.0904,65.6793],[-64.9774,65.7071],[-64.8226,65.7153],[-64.7922,65.7277],[-64.8248,65.7366],[-65.0666,65.7134],[-65.184,65.6567],[-65.4538,65.6793],[-65.3768,65.7744],[-65.385,65.7877],[-65.4663,65.7448],[-65.4907,65.7397],[-65.5054,65.7551],[-65.4508,65.8432],[-65.3358,65.9213],[-64.9381,66.0073],[-64.8127,65.9742],[-64.7376,65.9742],[-64.8543,66.0356],[-64.7782,66.1029],[-64.7407,66.1997],[-64.7172,66.2246],[-64.6388,66.2438],[-64.5601,66.286],[-64.4299,66.3102],[-64.354,66.3503],[-64.3696,66.354],[-64.413,66.3311],[-64.4667,66.3411],[-64.7103,66.2826],[-64.7656,66.2557],[-64.8332,66.1994],[-64.8592,66.1512],[-64.8504,66.12],[-64.9636,66.0759],[-65.0209,66.0782],[-65.2363,66.0245],[-65.2894,66.0424],[-65.3061,66.0076],[-65.3931,65.9822],[-65.7517,65.9709],[-65.8994,65.9537],[-65.9397,65.9768],[-65.9604,66.0527],[-65.9186,66.0742],[-65.9231,66.0902],[-65.8406,66.1039],[-65.6392,66.1728],[-65.6194,66.2016],[-65.5495,66.2448],[-65.5293,66.286],[-65.4707,66.3168],[-65.5389,66.3236],[-65.4699,66.353],[-65.4775,66.3918],[-65.5054,66.3765],[-65.5218,66.3436],[-65.5517,66.3353],[-65.5774,66.2718],[-65.6819,66.1914],[-65.7791,66.1728],[-65.8599,66.1346],[-65.9347,66.1175],[-66.0119,66.1175],[-66.1478,66.1407],[-66.1559,66.1585],[-66.2043,66.1796],[-66.2142,66.2032],[-66.2573,66.2236],[-66.2122,66.2504],[-66.1907,66.241],[-66.1496,66.2895],[-66.2806,66.2423],[-66.3135,66.2622],[-66.3106,66.2731],[-66.362,66.2547],[-66.4222,66.2807],[-66.4438,66.2684],[-66.3875,66.242],[-66.3728,66.2241],[-66.3892,66.2069],[-66.4763,66.2048],[-66.5208,66.2187],[-66.5401,66.2448],[-66.5467,66.2826],[-66.478,66.2789],[-66.4924,66.3123],[-66.5157,66.3204],[-66.4718,66.3503],[-66.5711,66.352],[-66.5742,66.3714],[-66.4444,66.4018],[-66.4432,66.4143],[-66.4739,66.4188],[-66.5659,66.3969],[-66.6152,66.3714],[-66.6925,66.3699],[-66.766,66.3851],[-66.7085,66.4035],[-66.6772,66.4601],[-66.7044,66.4584],[-66.7184,66.4379],[-66.739,66.4328],[-66.7853,66.442],[-66.8207,66.467],[-66.7944,66.4741],[-66.8051,66.5258],[-66.8275,66.5427],[-66.8616,66.5427],[-66.7454,66.5727],[-66.725,66.5911],[-66.7642,66.5993],[-66.8486,66.5903],[-66.9683,66.6308],[-67.0603,66.6457],[-66.8827,66.57],[-66.9613,66.5408],[-67.0342,66.5427],[-67.0472,66.5222],[-67.1046,66.5388],[-67.1633,66.5285],[-67.0807,66.5119],[-67.0955,66.4939],[-67.1294,66.4872],[-67.1905,66.4949],[-67.1948,66.5376],[-67.312,66.5631],[-67.3352,66.5768],[-67.3299,66.5935],[-67.4103,66.5911],[-67.4486,66.5737],[-67.5278,66.6245],[-67.5559,66.6217],[-67.527,66.598],[-67.5205,66.5757],[-67.5389,66.5703],[-67.6318,66.5983],[-67.6499,66.598],[-67.6368,66.5768],[-67.7237,66.5824],[-67.7461,66.57],[-67.3786,66.5492],[-67.2862,66.5262],[-67.2523,66.4768],[-67.1428,66.4403],[-67.1609,66.4245],[-67.1457,66.3918],[-67.1556,66.3685],[-67.1991,66.371],[-67.2523,66.4055],[-67.3619,66.4123],[-67.3352,66.426],[-67.351,66.4329],[-67.4103,66.4328],[-67.3605,66.3943],[-67.1877,66.3521],[-67.1291,66.3168],[-67.146,66.3028],[-67.2322,66.3093],[-67.3032,66.2807],[-67.3834,66.3175],[-67.3989,66.2965],[-67.4512,66.3304],[-67.437,66.3441],[-67.4923,66.3571],[-67.4978,66.3859],[-67.5282,66.3862],[-67.5748,66.4192],[-67.5816,66.4123],[-67.6431,66.4328],[-67.6294,66.4465],[-67.701,66.4385],[-67.8004,66.4586],[-67.8218,66.467],[-67.8594,66.5222],[-67.8898,66.4949],[-67.9379,66.5222],[-67.9925,66.5085],[-67.8766,66.4638],[-67.8524,66.4134],[-67.7634,66.3655],[-67.7508,66.3282],[-67.7045,66.2926],[-67.7222,66.2674],[-67.7529,66.2547],[-67.6877,66.2408],[-67.6778,66.2274],[-67.5611,66.1858],[-67.4794,66.1734],[-67.486,66.1585],[-67.4353,66.1384],[-67.3133,66.1193],[-67.2936,66.1113],[-67.2561,66.0561],[-67.2185,66.0424],[-67.1633,66.0424],[-67.2342,66.0117],[-67.3142,66.0015],[-67.2595,65.9878],[-67.2258,65.9514],[-67.1701,65.9326],[-67.1871,65.9162],[-67.2691,65.9286],[-67.3437,65.9191],[-67.4103,65.9468],[-67.473,65.8935],[-67.5177,65.9112],[-67.6157,65.9062],[-67.6583,65.9276],[-67.7045,65.9326],[-67.7459,65.9665],[-67.7468,65.9374],[-67.7045,65.8984],[-67.81,65.8784],[-67.9228,65.9032],[-67.9447,65.9468],[-67.9886,65.9734],[-67.9857,65.9878],[-68.0334,66.0015],[-68.0136,66.0458],[-68.0261,66.0656],[-67.9726,66.0834],[-68.0787,66.1195],[-68.2162,66.1459],[-68.2389,66.1585],[-68.2584,66.2186],[-68.2737,66.2274],[-68.3319,66.2226],[-68.3424,66.2102],[-68.3289,66.1858],[-68.3992,66.1868],[-68.4444,66.2684],[-68.5135,66.3031],[-68.5264,66.2968],[-68.519,66.2821],[-68.4724,66.2367],[-68.4966,66.2129],[-68.8497,66.1933],[-68.7125,66.1728],[-68.6509,66.1882],[-68.5952,66.1728],[-68.544,66.195],[-68.4853,66.1933],[-68.4406,66.1837],[-68.3894,66.1361],[-68.2611,66.0806],[-68.2191,66.0759],[-68.26,66.1113],[-68.2191,66.1113],[-68.222,66.1282],[-68.1999,66.1281],[-68.1501,66.1175],[-68.0815,66.0776],[-68.0273,66.0759],[-68.0682,66.0493],[-68.053,66.0078],[-68.0825,65.9809],[-68.1015,65.9918],[-68.0955,66.0076],[-68.124,66.0271],[-68.1906,66.0275],[-68.2116,66.0076],[-68.1302,65.9863],[-68.116,65.9667],[-68.1762,65.9728],[-68.3343,66.0493],[-68.3479,66.0398],[-68.2802,65.9824],[-68.1911,65.953],[-68.2147,65.9473],[-68.2743,65.9667],[-68.3153,65.9614],[-68.3352,65.9326],[-68.3124,65.9128],[-68.1911,65.9257],[-68.1774,65.9052],[-68.1467,65.9326],[-68.1376,65.9132],[-68.157,65.8916],[-68.1525,65.8798],[-68.1911,65.8643],[-68.1296,65.837],[-68.0823,65.8328],[-68.2054,65.796],[-68.1242,65.7984],[-68.0076,65.7807],[-67.9609,65.7978],[-67.9017,65.7923],[-67.8609,65.827],[-67.8143,65.8159],[-67.8345,65.7994],[-67.8143,65.7824],[-67.8447,65.7625],[-67.9249,65.7568],[-67.9584,65.7408],[-67.9536,65.7252],[-67.9744,65.7096],[-67.9487,65.6964],[-67.8895,65.706],[-67.869,65.6862],[-67.8876,65.6674],[-67.869,65.6452],[-67.91,65.6179],[-67.9652,65.6384],[-67.9916,65.6336],[-67.9174,65.6042],[-67.9547,65.59],[-67.9788,65.6042],[-68.0607,65.5694],[-68.0248,65.5622],[-67.9699,65.5782],[-67.9509,65.5626],[-68.0334,65.4875],[-68.0014,65.4934],[-67.869,65.5832],[-67.7939,65.59],[-67.777,65.6167],[-67.7355,65.6384],[-67.5439,65.6623],[-67.4863,65.646],[-67.4718,65.6725],[-67.4356,65.6806],[-67.3695,65.6745],[-67.2731,65.6452],[-67.2542,65.6084],[-67.3414,65.5769],[-67.2756,65.5593],[-67.2595,65.5353],[-67.3782,65.5435],[-67.4171,65.5285],[-67.3413,65.5219],[-67.3277,65.508],[-67.4587,65.5012],[-67.3808,65.4783],[-67.3355,65.4505],[-67.2731,65.4739],[-67.2253,65.4596],[-67.0843,65.4677],[-67.0603,65.4534],[-67.1155,65.4398],[-67.0705,65.4359],[-67.0599,65.4241],[-67.0913,65.3806],[-67.1163,65.371],[-67.3142,65.3674],[-67.327,65.3554],[-67.4171,65.351],[-67.3865,65.3286],[-67.3342,65.3229],[-67.2837,65.3572],[-67.1223,65.3162],[-67.1688,65.2685],[-67.1601,65.261],[-67.1257,65.2752],[-67.0807,65.2473],[-67.1345,65.2469],[-67.1701,65.2269],[-67.1263,65.2285],[-67.1119,65.2034],[-67.0281,65.2243],[-67.0124,65.22],[-67.0199,65.2064],[-66.9945,65.2013],[-66.9373,65.2412],[-66.9615,65.1101],[-67.0534,65.1101],[-67.1086,65.0623],[-66.996,65.0867],[-66.9515,65.0795],[-66.9653,65.0623],[-66.9062,65.0712],[-66.8874,65.0816],[-66.8964,65.1039],[-66.837,65.1459],[-66.725,65.1859],[-66.7588,65.1157],[-66.8275,65.0903],[-66.7927,65.0903],[-66.8114,65.0626],[-66.8909,65.0659],[-66.9168,65.0493],[-66.8513,65.0361],[-66.7592,65.0692],[-66.7865,65.0351],[-66.766,65.0276],[-66.7786,65.0165],[-66.7728,65.0009],[-66.7463,65.0068],[-66.7434,64.9682],[-66.8343,64.9456],[-66.725,64.9184],[-66.766,64.8706],[-66.7368,64.853],[-66.7387,64.8227],[-66.72,64.8139],[-66.725,64.7949],[-66.6977,64.7886],[-66.7052,64.7688],[-66.6357,64.7812],[-66.684,64.8096],[-66.6909,64.8262],[-66.6494,64.9699],[-66.694,65.0177],[-66.6977,65.0351],[-66.6822,65.0442],[-66.5394,65.0134],[-66.5371,64.9584],[-66.5056,64.9838],[-66.4825,64.986],[-66.4802,64.9689],[-66.4985,64.9456],[-66.4795,64.9359],[-66.3732,64.9195],[-66.3614,64.9246],[-66.3688,64.9456],[-66.3469,64.9453],[-66.3067,64.9122],[-66.3186,64.8744],[-66.2924,64.8749],[-66.2726,64.9047],[-66.2445,64.9062],[-66.1496,64.8706],[-66.1968,64.8227],[-66.1826,64.8126],[-66.1903,64.781],[-66.3415,64.7744],[-66.3213,64.7612],[-66.2105,64.7613],[-66.2202,64.7488],[-66.2105,64.7259],[-66.218,64.6924],[-66.1709,64.6834],[-66.1495,64.744],[-66.1009,64.8074],[-66.0187,64.8576],[-66.0106,64.8065],[-66.0484,64.7416],[-66.0414,64.7194],[-66.0225,64.707],[-65.9989,64.7129],[-66.0126,64.7545],[-65.9573,64.7675],[-65.9538,64.7368],[-65.908,64.6787],[-65.8074,64.6374],[-65.7996,64.6514],[-65.8542,64.6856],[-65.8956,64.7325],[-65.893,64.7506],[-65.8542,64.7613],[-65.9368,64.8091],[-65.9062,64.81],[-65.889,64.8296],[-65.9521,64.8845],[-65.9171,64.8876],[-65.8668,64.8692],[-65.824,64.8828],[-65.7814,64.8618],[-65.7934,64.8091],[-65.7761,64.8044],[-65.7379,64.8467],[-65.7168,64.8442],[-65.6688,64.812],[-65.6693,64.7986],[-65.7091,64.7796],[-65.7381,64.7477],[-65.7103,64.6924],[-65.703,64.7546],[-65.6466,64.7734],[-65.5828,64.7568],[-65.56,64.7129],[-65.5874,64.6993],[-65.5743,64.6788],[-65.5865,64.6491],[-65.6531,64.6068],[-65.7524,64.59],[-65.7225,64.5756],[-65.7261,64.5152],[-65.7069,64.4901],[-65.5054,64.5006],[-65.519,64.4802],[-65.4927,64.4757],[-65.3986,64.5246],[-65.3409,64.528],[-65.3483,64.501],[-65.4116,64.4623],[-65.4078,64.4454],[-65.3341,64.487],[-65.2745,64.4715],[-65.2652,64.5211],[-65.2114,64.5414],[-65.2065,64.518],[-65.2379,64.487],[-65.1144,64.515],[-65.1758,64.4802],[-65.0897,64.4865],[-65.0734,64.4491],[-65.0942,64.4197],[-65.2386,64.4056],[-65.2652,64.384],[-65.1989,64.366],[-65.1784,64.3475],[-65.1963,64.315],[-65.227,64.3005],[-65.2689,64.2956],[-65.5259,64.3293],[-65.6562,64.3014],[-65.4355,64.3051],[-65.416,64.2884],[-65.4644,64.2952],[-65.4365,64.2741],[-65.5668,64.2542],[-65.5245,64.2443],[-65.3437,64.2533],[-65.3608,64.2269],[-65.2939,64.2268],[-65.2623,64.2189],[-65.2447,64.199],[-65.3074,64.1934],[-65.3955,64.1512],[-65.3481,64.1505],[-65.2928,64.1785],[-65.2515,64.1785],[-65.1963,64.1512],[-65.1969,64.1406],[-65.1622,64.1444],[-65.1833,64.1239],[-65.1144,64.1096],[-65.1963,64.0761],[-65.0767,64.0834],[-65.0529,64.0687],[-65.1287,64.0482],[-65.2242,64.0419],[-65.1931,64.0219],[-64.9226,64.0141],[-64.9636,63.973],[-64.8998,63.9846],[-64.8358,64.0233],[-64.7936,64.031],[-64.7513,64.0072],[-64.6948,64.0461],[-64.663,64.0278],[-64.6578,64.0012],[-64.6352,63.983],[-64.6467,63.9755],[-64.7996,63.9369],[-64.8953,63.8974],[-64.8851,63.8805],[-64.8928,63.8684],[-64.9674,63.8527],[-64.9914,63.8284],[-64.9547,63.7877],[-64.9295,63.7777],[-64.764,63.7493],[-64.7068,63.7623],[-64.5223,63.6691],[-64.5048,63.6441],[-64.5261,63.6141],[-64.5797,63.6147],[-64.5868,63.6025],[-64.5382,63.5699],[-64.5594,63.5622],[-64.5278,63.5337],[-64.5251,63.5004],[-64.5526,63.4728],[-64.5207,63.4619],[-64.5048,63.4432],[-64.5076,63.4221],[-64.5316,63.4039],[-64.5628,63.4007],[-64.6096,63.4226],[-64.6352,63.4182],[-64.6059,63.3854],[-64.5223,63.3767],[-64.5048,63.3459],[-64.5114,63.3144],[-64.552,63.3112],[-64.6016,63.3293],[-64.6278,63.3214],[-64.4844,63.2878],[-64.5253,63.2748],[-64.5368,63.2552],[-64.6072,63.2605],[-64.642,63.2394],[-64.6751,63.2711],[-64.7171,63.281],[-64.7211,63.3039],[-64.7717,63.3288],[-64.7751,63.3682],[-64.7587,63.3834],[-64.7997,63.3976],[-64.8406,63.4858],[-64.8369,63.5039],[-64.9317,63.5714],[-64.9431,63.5894],[-64.9427,63.6327],[-65.0551,63.6706],[-65.0803,63.685],[-65.1177,63.7366],[-65.2099,63.7812],[-65.1491,63.7744],[-65.173,63.7933],[-65.3024,63.8127],[-65.1782,63.7289],[-65.1376,63.7178],[-65.0939,63.6577],[-64.9875,63.6031],[-64.9877,63.5894],[-65.0529,63.5752],[-65.0993,63.5495],[-65.0581,63.4827],[-65.0598,63.4523],[-65.1328,63.4445],[-65.1491,63.4312],[-65.0467,63.4387],[-65.1212,63.4039],[-65.0126,63.4011],[-64.9465,63.3598],[-64.9089,63.2878],[-64.9226,63.2748],[-64.9021,63.2394],[-64.9334,63.2434],[-65.0101,63.299],[-65.0607,63.3168],[-65.0734,63.3083],[-65.0051,63.2748],[-65.0281,63.2497],[-65.1491,63.2878],[-65.0973,63.2394],[-65.0051,63.2394],[-64.9778,63.2279],[-64.9762,63.2119],[-64.9907,63.2003],[-65.0745,63.2199],[-65.087,63.2059],[-65.0467,63.1916],[-65.0598,63.1779],[-64.9313,63.1839],[-64.8605,63.1711],[-64.9021,63.154],[-64.8826,63.1419],[-64.8058,63.1381],[-64.77,63.1015],[-64.7513,63.1022],[-64.8679,63.096],[-64.7783,63.0744],[-64.765,63.0551],[-64.7688,63.0412],[-64.8126,63.0507],[-64.7786,63.0271],[-64.7875,63.0068],[-64.7717,62.9862],[-64.8475,62.9731],[-64.7587,62.9514],[-64.718,62.9213],[-64.7132,62.9565],[-64.6936,62.957],[-64.6278,62.9111],[-64.6418,62.8972],[-64.7215,62.9002],[-64.7513,62.8695],[-64.7834,62.8642],[-64.8871,62.8694],[-65.0871,62.9475],[-65.1287,62.9998],[-65.1475,62.9806],[-65.1212,62.9248],[-65.2362,62.965],[-65.272,63.0067],[-65.2853,62.9841],[-65.1833,62.9213],[-65.2037,62.8956],[-65.1901,62.8769],[-65.1212,62.8354],[-64.9914,62.7255],[-64.9752,62.6771],[-64.9294,62.6435],[-64.9395,62.631],[-64.9914,62.6435],[-64.9906,62.6278],[-65.0081,62.6146],[-65.1091,62.576],[-65.1696,62.5684],[-65.211,62.5788],[-65.246,62.6059],[-65.3,62.6783],[-65.2652,62.6982],[-65.3188,62.6979],[-65.3341,62.692],[-65.3355,62.6716],[-65.3546,62.6845],[-65.3502,62.7071],[-65.3162,62.745],[-65.2447,62.7801],[-65.2724,62.7878],[-65.3425,62.7751],[-65.3751,62.7869],[-65.3559,62.8253],[-65.2515,62.8354],[-65.326,62.8437],[-65.3409,62.8558],[-65.3273,62.9179],[-65.345,62.9258],[-65.3986,62.8292],[-65.4365,62.8223],[-65.4436,62.8459],[-65.457,62.8489],[-65.4775,62.8223],[-65.6038,62.8251],[-65.6406,62.842],[-65.6659,62.9123],[-65.6866,62.8968],[-65.7524,62.9248],[-65.6835,62.9998],[-65.7103,63.0202],[-65.7122,63.0512],[-65.7388,63.0487],[-65.7519,63.0332],[-65.7573,63.0141],[-65.7421,62.9764],[-65.8166,62.9483],[-65.8269,62.9284],[-65.7904,62.9042],[-65.7791,62.8869],[-65.7882,62.8732],[-65.8758,62.9289],[-65.9299,62.9232],[-65.9635,62.9375],[-65.8343,63.0334],[-65.9573,62.9998],[-65.9442,62.9793],[-66.0294,62.9862],[-66.0717,63.0224],[-66.0517,63.0505],[-66.1175,63.035],[-66.1422,63.0476],[-66.1648,63.095],[-66.2832,63.1369],[-66.2909,63.129],[-66.218,63.0886],[-66.206,63.0405],[-66.1042,62.9968],[-66.0876,62.9793],[-66.1087,62.9731],[-66.1039,62.9516],[-66.1647,62.9446],[-66.2226,62.976],[-66.2764,62.9761],[-66.2794,62.9936],[-66.3967,62.9998],[-66.4622,63.0346],[-66.478,63.0476],[-66.4718,63.0613],[-66.5192,63.0773],[-66.5168,63.0889],[-66.491,63.0886],[-66.5742,63.1649],[-66.5509,63.1867],[-66.5637,63.2158],[-66.6884,63.2814],[-66.6909,63.3015],[-66.6357,63.3567],[-66.6437,63.3746],[-66.6654,63.3735],[-66.6698,63.3493],[-66.7387,63.294],[-66.7168,63.2656],[-66.6009,63.2121],[-66.623,63.1645],[-66.5809,63.1326],[-66.5879,63.1022],[-66.56,63.0932],[-66.5599,63.0817],[-66.6015,63.0681],[-66.6841,63.1022],[-66.6291,63.0513],[-66.5537,63.0202],[-66.5504,62.9963],[-66.6562,63.0408],[-66.6494,63.0271],[-66.6979,63.0385],[-66.7687,63.0906],[-66.7653,63.1318],[-66.7805,63.1419],[-66.7642,63.1837],[-66.8036,63.2353],[-66.807,63.2748],[-66.8339,63.2717],[-66.8459,63.252],[-66.8464,63.23],[-66.8137,63.21],[-66.8047,63.1884],[-66.8114,63.1652],[-66.8343,63.1507],[-66.8865,63.1621],[-66.9487,63.2084],[-67.0199,63.2394],[-67.0191,63.2616],[-66.951,63.2909],[-67.0048,63.3198],[-67.0062,63.3425],[-66.974,63.3959],[-67.0129,63.4027],[-67.0378,63.3432],[-67.0124,63.2878],[-67.112,63.2878],[-67.1844,63.3214],[-67.1541,63.2852],[-67.2011,63.2885],[-67.3571,63.3878],[-67.4008,63.4655],[-67.4235,63.4651],[-67.4103,63.4244],[-67.4188,63.414],[-67.5007,63.4428],[-67.5059,63.4728],[-67.5491,63.5059],[-67.5332,63.5212],[-67.6184,63.558],[-67.6444,63.6033],[-67.6897,63.6329],[-67.6704,63.6577],[-67.7663,63.6367],[-67.7857,63.6448],[-67.8076,63.6993],[-67.8354,63.696],[-67.8392,63.7233],[-67.9242,63.7676],[-67.916,63.7452],[-67.87,63.7138],[-67.8686,63.6864],[-67.8143,63.6509],[-67.8066,63.6298],[-67.8195,63.5924],[-67.7922,63.5414],[-67.6847,63.4333],[-67.6704,63.3948],[-67.6977,63.3697],[-67.7313,63.3697],[-67.827,63.4079],[-67.8689,63.4637],[-68.0339,63.5468],[-68.0921,63.5584],[-68.1372,63.6099],[-68.1304,63.588],[-68.1433,63.5816],[-68.1811,63.6062],[-68.2305,63.5966],[-68.2464,63.6099],[-68.2243,63.6174],[-68.223,63.6315],[-68.2573,63.6784],[-68.2889,63.6991],[-68.3153,63.6918],[-68.2801,63.6447],[-68.287,63.6367],[-68.3867,63.6577],[-68.4407,63.7163],[-68.5288,63.7461],[-68.5443,63.7329],[-68.5753,63.7329],[-68.7488,63.7798],[-68.7125,63.7465],[-68.7152,63.7357],[-68.7737,63.7307],[-68.9282,63.7607],[-68.993,63.7607],[-68.9902,63.7404],[-68.8149,63.6367],[-68.8144,63.6247],[-68.8634,63.6099],[-68.7862,63.5906],[-68.7603,63.5548],[-68.7147,63.5257],[-68.5819,63.4727],[-68.5517,63.4494],[-68.4444,63.4449],[-68.4669,63.4301],[-68.4996,63.4312],[-68.4487,63.3917],[-68.3791,63.3604],[-68.3372,63.3226],[-68.2896,63.3043],[-68.2743,63.2878],[-68.2873,63.2736],[-68.2803,63.2617],[-68.2137,63.2416],[-68.2071,63.2187],[-68.2464,63.2121],[-68.2298,63.1993],[-68.1328,63.1579],[-68.0595,63.1662],[-67.9174,63.1432],[-67.9857,63.0755],[-67.9283,63.0771],[-67.91,63.0886],[-67.9174,63.106],[-67.8957,63.1185],[-67.8615,63.1203],[-67.7987,63.0889],[-67.6778,63.1022],[-67.6113,63.0971],[-67.6021,63.0817],[-67.6109,63.0668],[-67.7136,63.0609],[-67.8007,63.0141],[-67.7666,63.0141],[-67.7656,62.9915],[-67.7386,62.9862],[-67.7734,62.9588],[-67.715,62.9622],[-67.7386,62.9998],[-67.6635,63.0408],[-67.5931,63.0368],[-67.5577,63.053],[-67.5369,63.045],[-67.5059,63.0202],[-67.5102,63.0078],[-67.6293,62.9804],[-67.6498,62.9691],[-67.6431,62.9588],[-67.6726,62.9472],[-67.6766,62.9287],[-67.6567,62.9179],[-67.5679,62.9731],[-67.551,62.9636],[-67.4786,62.9862],[-67.4238,62.9794],[-67.3942,62.9639],[-67.4233,62.9384],[-67.4171,62.9315],[-67.3722,62.9409],[-67.2938,62.9001],[-67.2452,62.89],[-67.3687,62.8558],[-67.28,62.8632],[-67.2873,62.8558],[-67.2224,62.881],[-67.198,62.8769],[-67.1748,62.8545],[-67.2452,62.8148],[-67.1844,62.8258],[-67.1563,62.8166],[-67.1223,62.8292],[-67.0882,62.7978],[-67.1223,62.7596],[-67.0397,62.7739],[-67.0472,62.7596],[-67.0147,62.7375],[-67.0603,62.6982],[-67.0534,62.692],[-66.982,62.7031],[-66.91,62.6982],[-67.0062,62.6572],[-66.7597,62.6839],[-66.725,62.6708],[-66.754,62.6606],[-66.7728,62.6367],[-66.6698,62.6435],[-66.7182,62.6292],[-66.6957,62.6168],[-66.6083,62.6156],[-66.6226,62.6026],[-66.6052,62.583],[-66.5515,62.5607],[-66.5253,62.519],[-66.4803,62.5051],[-66.5122,62.4238],[-66.4407,62.4449],[-66.3524,62.4475],[-66.3967,62.4238],[-66.3278,62.3903],[-66.3371,62.3806],[-66.3903,62.3721],[-66.417,62.3544],[-66.4755,62.3557],[-66.4739,62.3367],[-66.3438,62.2707],[-66.3067,62.273],[-66.3633,62.332],[-66.302,62.3511],[-66.2446,62.3214],[-66.2246,62.3495],[-66.2033,62.324],[-66.1559,62.3078],[-66.1702,62.2866],[-66.1553,62.2481],[-66.1855,62.2651],[-66.2651,62.2668],[-66.18,62.242],[-66.0592,62.2281],[-66.0184,62.2505],[-65.9871,62.2421],[-65.93,62.1978],[-66.0121,62.1741],[-66.0532,62.1453],[-66.0535,62.1262],[-66.0292,62.0917],[-66.04,62.0753],[-66.1285,62.0886],[-66.1787,62.1347],[-66.2043,62.1166],[-66.1865,62.1091],[-66.173,62.1175],[-66.1029,62.0429],[-66.1066,62.0237],[-66.1422,62.0129],[-66.0652,61.9966],[-66.0398,61.9583],[-65.9883,61.9617],[-65.9873,61.9338],[-65.9488,61.9088],[-65.9713,61.8864],[-66.0336,61.8894],[-66.0631,61.8749],[-66.1702,61.8764],[-66.2745,61.8581],[-66.5398,61.903],[-66.5913,61.9304],[-66.6431,61.9241],[-66.6624,61.9376],[-66.6561,61.9478],[-66.6152,61.9651],[-66.6977,61.9651],[-66.7518,61.9993],[-66.7456,62.0129],[-66.8554,62.0197],[-66.9436,62.0477],[-66.9168,62.034],[-66.9376,62.0145],[-67.0233,62.0539],[-67.1075,62.0367],[-67.236,62.1019],[-67.2561,62.0812],[-67.3175,62.0732],[-67.3488,62.1227],[-67.3314,62.1257],[-67.3378,62.14],[-67.5223,62.1506],[-67.5813,62.1811],[-67.6741,62.1575],[-67.8349,62.178],[-67.8076,62.1978],[-67.8201,62.2089],[-67.8726,62.1909],[-67.9809,62.2119],[-68.0459,62.2082],[-68.0825,62.232],[-68.1092,62.2184],[-68.5537,62.2497],[-68.7261,62.3078],[-68.705,62.3283],[-68.8153,62.3419],[-68.8384,62.3803],[-68.8634,62.3829],[-68.8906,62.3624],[-68.9617,62.3872],[-69.0272,62.3798],[-69.1975,62.4445],[-69.2883,62.4936],[-69.3152,62.5411],[-69.2811,62.6237],[-69.3046,62.6292],[-69.3189,62.592],[-69.3773,62.5337],[-69.4085,62.5752],[-69.4071,62.6053],[-69.4241,62.6182],[-69.4592,62.6292],[-69.4319,62.5958],[-69.4365,62.5675],[-69.4244,62.561],[-69.4451,62.5535],[-69.5868,62.6577],[-69.5895,62.667],[-69.5452,62.6828],[-69.4735,62.6783],[-69.4871,62.6982],[-69.454,62.6971],[-69.4319,62.7125],[-69.5325,62.7067],[-69.569,62.7193],[-69.5374,62.7391],[-69.404,62.7476],[-69.3841,62.7589],[-69.3902,62.767],[-69.4626,62.7596],[-69.5093,62.7745],[-69.5478,62.7651],[-69.6269,62.791],[-69.6405,62.7596],[-69.6988,62.7459],[-69.6789,62.7801],[-69.7621,62.7938],[-69.8353,62.8292],[-69.8496,62.8223],[-69.8192,62.7907],[-69.7761,62.7724],[-69.7676,62.7596],[-69.7813,62.7534],[-69.7609,62.7329],[-69.7925,62.7357],[-69.8286,62.7649],[-69.8964,62.7638],[-69.939,62.8012],[-69.9956,62.7659],[-70.0698,62.7476],[-70.1618,62.7596],[-70.2403,62.7541],[-70.3834,62.8008],[-70.4932,62.8666],[-70.8297,62.8968],[-70.8985,62.9179],[-70.7683,62.9315],[-71.0419,62.9588],[-70.9395,62.9731],[-70.9597,63.0075],[-70.9327,63.0202],[-70.9462,63.0328],[-70.9893,63.0292],[-71.0072,63.0202],[-71.0098,62.9968],[-71.0513,62.9873],[-71.158,62.9936],[-71.1208,63.0334],[-71.0321,63.0271],[-71.001,63.0551],[-70.96,63.0681],[-70.9405,63.0988],[-70.8228,63.1301],[-70.8297,63.1432],[-70.8645,63.1402],[-70.9327,63.1165],[-70.9526,63.1432],[-70.8985,63.1649],[-70.9265,63.1726],[-70.9982,63.1431],[-70.9925,63.106],[-71.0289,63.0786],[-71.1108,63.0755],[-71.1597,63.0978],[-71.1965,63.0646],[-71.2162,63.0088],[-71.2746,63.0141],[-71.2525,63.0273],[-71.2847,63.0435],[-71.402,63.0556],[-71.4261,63.0755],[-71.3941,63.1011],[-71.3918,63.1164],[-71.4088,63.1234],[-71.4605,63.1048],[-71.7135,63.1779],[-71.6589,63.1984],[-71.762,63.2326],[-71.7359,63.2473],[-71.6491,63.2536],[-71.6487,63.2639],[-71.6709,63.2721],[-71.7687,63.2605],[-71.7408,63.2748],[-71.7665,63.2841],[-71.7687,63.3214],[-71.8227,63.3493],[-71.7272,63.3567],[-71.7483,63.3629],[-71.7472,63.3812],[-71.7809,63.4145],[-71.8011,63.3913],[-71.8269,63.3877],[-71.937,63.3945],[-71.9875,63.4318],[-72.0152,63.3976],[-72.0804,63.4039],[-72.063,63.4244],[-72.1423,63.4483],[-72.0843,63.4473],[-72.0714,63.4315],[-72.0201,63.4533],[-71.6145,63.4269],[-71.5799,63.4357],[-71.5633,63.4523],[-71.5741,63.4639],[-71.5539,63.4719],[-71.4178,63.4875],[-71.3989,63.5001],[-71.4125,63.5137],[-71.3199,63.5405],[-71.2772,63.5661],[-71.2891,63.5845],[-71.2778,63.5984],[-71.2269,63.6025],[-71.2891,63.6191],[-71.3219,63.6093],[-71.3359,63.5688],[-71.4034,63.5694],[-71.4187,63.5752],[-71.3722,63.5998],[-71.3671,63.6259],[-71.4187,63.6367],[-71.405,63.6168],[-71.4597,63.6099],[-71.4398,63.5894],[-71.5619,63.5815],[-71.5832,63.5925],[-71.5729,63.6208],[-71.4876,63.6304],[-71.5832,63.6544],[-71.5656,63.6908],[-71.5354,63.7123],[-71.5836,63.6993],[-71.5954,63.7084],[-71.5832,63.7198],[-71.6461,63.7201],[-71.6612,63.6985],[-71.6159,63.6508],[-71.6555,63.6577],[-71.7204,63.6918],[-71.7014,63.7009],[-71.6794,63.7403],[-71.6981,63.7534],[-71.7545,63.6918],[-71.7756,63.7123],[-71.766,63.7299],[-71.7759,63.7458],[-71.8369,63.7836],[-71.9053,63.7949],[-71.8854,63.8091],[-71.9228,63.8196],[-71.9578,63.8068],[-72.0084,63.754],[-71.9953,63.7465],[-71.9265,63.7744],[-71.9326,63.7607],[-71.8445,63.7607],[-71.8955,63.7055],[-71.878,63.685],[-71.9298,63.655],[-71.974,63.6554],[-71.9693,63.6702],[-71.9262,63.6945],[-71.953,63.723],[-72.0416,63.6707],[-72.0555,63.685],[-72.0513,63.7104],[-72.063,63.7329],[-72.0762,63.7407],[-72.0935,63.7252],[-72.1309,63.7239],[-72.2006,63.7804],[-72.2147,63.7691],[-72.2064,63.7403],[-72.2215,63.7117],[-72.2138,63.6776],[-72.3176,63.6789],[-72.3245,63.7442],[-72.3646,63.7607],[-72.3199,63.7807],[-72.2485,63.7676],[-72.2736,63.8093],[-72.25,63.8232],[-72.2207,63.8694],[-72.1313,63.8864],[-72.0903,63.911],[-72.2092,63.9008],[-72.2336,63.9194],[-72.2207,63.9321],[-72.2418,63.9594],[-72.2754,63.9248],[-72.2548,63.8974],[-72.2579,63.884],[-72.31,63.9042],[-72.3276,63.8737],[-72.4056,63.8284],[-72.3688,63.811],[-72.3685,63.7852],[-72.3782,63.7825],[-72.5132,63.7897],[-72.536,63.8017],[-72.4732,63.8099],[-72.4608,63.8222],[-72.5981,63.8671],[-72.6662,63.8564],[-72.6403,63.8952],[-72.6662,63.9321],[-72.612,63.9495],[-72.6116,64.001],[-72.5912,64.0277],[-72.6697,64.0174],[-72.6778,64.0324],[-72.6632,64.0839],[-72.6824,64.0882],[-72.7059,64.017],[-72.6588,63.9867],[-72.7003,63.9672],[-72.7342,63.9699],[-72.7482,64.001],[-72.7789,64.0159],[-72.8549,64.0222],[-72.886,64.0351],[-72.8581,64.0482],[-72.9338,64.055],[-72.9349,64.0777],[-72.8753,64.0942],[-72.8757,64.1159],[-72.899,64.1239],[-72.9056,64.1656],[-72.9654,64.1914],[-73.0782,64.1833],[-73.0847,64.199],[-73.0543,64.2284],[-73.0635,64.2468],[-73.1318,64.2679],[-73.1045,64.2815],[-73.2163,64.2991],[-73.2257,64.326],[-73.2434,64.3361],[-73.2596,64.3142],[-73.3105,64.315],[-73.2749,64.2913],[-73.2705,64.2751],[-73.2827,64.2604],[-73.3407,64.2587],[-73.3863,64.2815],[-73.3921,64.336],[-73.349,64.3512],[-73.334,64.3809],[-73.2963,64.3641],[-73.2656,64.3703],[-73.3413,64.4051],[-73.3931,64.3703],[-73.4819,64.4051],[-73.4293,64.4542],[-73.384,64.4384],[-73.3257,64.4557],[-73.3031,64.4727],[-73.3254,64.4792],[-73.3894,64.4597],[-73.4184,64.465],[-73.4172,64.4774],[-73.2727,64.528],[-73.2481,64.5646],[-73.1804,64.5758],[-73.1672,64.59],[-73.1747,64.6161],[-73.2245,64.5917],[-73.269,64.5969],[-73.3031,64.6657],[-73.3515,64.6378],[-73.3094,64.5937],[-73.3014,64.5656],[-73.314,64.5382],[-73.4642,64.508],[-73.4819,64.515],[-73.4685,64.5461],[-73.4887,64.5758],[-73.4122,64.553],[-73.3953,64.5651],[-73.4523,64.5915],[-73.4272,64.603],[-73.4503,64.6164],[-73.5372,64.5925],[-73.5826,64.5965],[-73.5781,64.6105],[-73.6037,64.6431],[-73.6464,64.6657],[-73.669,64.664],[-73.663,64.6135],[-73.6879,64.5826],[-73.6464,64.5758],[-73.6641,64.5635],[-73.7482,64.5559],[-73.7519,64.5416],[-73.791,64.5517],[-73.8725,64.6041],[-73.9217,64.6093],[-73.9344,64.59],[-73.886,64.5758],[-73.8916,64.5542],[-73.8447,64.5045],[-73.7966,64.4931],[-73.8034,64.5006],[-73.7829,64.4802],[-73.8165,64.4685],[-73.874,64.4992],[-73.886,64.4931],[-73.8763,64.4642],[-73.8962,64.4597],[-73.9617,64.4802],[-73.9664,64.4278],[-73.9405,64.4113],[-73.9896,64.3908],[-73.9958,64.3293],[-74.0578,64.3397],[-74.0777,64.3293],[-74.0715,64.3368],[-74.1023,64.3359],[-74.1125,64.3498],[-74.1739,64.3703],[-74.0982,64.3778],[-74.1125,64.4051],[-74.079,64.4206],[-74.1739,64.4659],[-74.0945,64.4597],[-74.0559,64.4345],[-74.0436,64.446],[-74.0513,64.4693],[-74.1262,64.5416],[-73.9548,64.515],[-73.9979,64.5434],[-74.0893,64.5679],[-74.1671,64.5695],[-74.1314,64.5901],[-74.0026,64.5826],[-74.0723,64.6208],[-74.0839,64.6409],[-74.0498,64.7259],[-74.1011,64.753],[-74.1282,64.7316],[-74.1086,64.7047],[-74.1187,64.6856],[-74.1671,64.6856],[-74.2023,64.6652],[-74.215,64.6788],[-74.2325,64.6564],[-74.2159,64.6089],[-74.2423,64.5826],[-74.2926,64.6222],[-74.2938,64.6344],[-74.2623,64.6509],[-74.3003,64.6831],[-74.3255,64.6781],[-74.3243,64.6426],[-74.3384,64.631],[-74.4204,64.6657],[-74.3446,64.5969],[-74.3686,64.5766],[-74.3945,64.5768],[-74.4346,64.6105],[-74.4158,64.6276],[-74.4961,64.6166],[-74.5408,64.6262],[-74.5643,64.6657],[-74.6254,64.6847],[-74.7084,64.7402],[-74.6839,64.7622],[-74.6605,64.7613],[-74.6423,64.791],[-74.6069,64.8034],[-74.5536,64.8488],[-74.4866,64.8367],[-74.4818,64.8501],[-74.5019,64.8628],[-74.5622,64.8642],[-74.578,64.8774],[-74.5439,64.8985],[-74.6463,64.9047],[-74.6608,64.8997],[-74.6401,64.8637],[-74.7429,64.8579],[-74.7098,64.803],[-74.7314,64.7722],[-74.8216,64.8091],[-74.8524,64.7812],[-74.9209,64.8023],[-74.9889,64.8023],[-74.9649,64.7751],[-74.8486,64.7508],[-74.8148,64.7098],[-74.7288,64.689],[-74.5917,64.631],[-74.4687,64.5621],[-74.5215,64.5422],[-74.6254,64.5488],[-74.6463,64.5347],[-74.5532,64.5248],[-74.5364,64.5075],[-74.5574,64.5012],[-74.6053,64.5211],[-74.6192,64.5165],[-74.6173,64.5059],[-74.5985,64.487],[-74.5057,64.4617],[-74.5381,64.4477],[-74.5364,64.4317],[-74.6136,64.4272],[-74.6122,64.4113],[-74.6848,64.3978],[-74.681,64.3778],[-74.7909,64.4051],[-74.7834,64.384],[-74.8148,64.3857],[-74.9261,64.4348],[-74.9721,64.4181],[-75.113,64.4659],[-75.1568,64.4944],[-75.1887,64.4824],[-75.1534,64.4659],[-75.1489,64.4518],[-75.2194,64.434],[-75.2427,64.4597],[-75.3118,64.48],[-75.3583,64.5115],[-75.456,64.5374],[-75.5411,64.5421],[-75.5651,64.5517],[-75.5717,64.5758],[-75.6628,64.5685],[-75.82,64.6222],[-75.8424,64.6136],[-75.8413,64.6015],[-75.784,64.5758],[-75.8392,64.5621],[-75.8154,64.5314],[-75.7393,64.515],[-75.6332,64.4597],[-75.6528,64.4515],[-75.7231,64.4715],[-75.743,64.4659],[-75.6947,64.446],[-75.7102,64.4416],[-75.8659,64.4891],[-75.9218,64.487],[-75.7983,64.4385],[-75.8249,64.4317],[-75.7158,64.384],[-75.736,64.3725],[-75.8318,64.384],[-75.8472,64.3681],[-75.9193,64.3891],[-75.9491,64.3778],[-75.953,64.4075],[-76.0712,64.3664],[-76.1267,64.3908],[-76.175,64.3778],[-76.1409,64.3703],[-76.1677,64.3553],[-76.2333,64.3684],[-76.2864,64.3511],[-76.3526,64.3624],[-76.3798,64.3566],[-76.3212,64.3211],[-76.2078,64.3192],[-76.1881,64.3014],[-76.3176,64.2808],[-76.42,64.3207],[-76.4897,64.315],[-76.4283,64.3088],[-76.3798,64.2884],[-76.4547,64.27],[-76.4963,64.2781],[-76.504,64.3014],[-76.5549,64.3088],[-76.5759,64.2999],[-76.5962,64.315],[-76.6409,64.2836],[-76.689,64.2815],[-76.6815,64.2952],[-76.7109,64.3054],[-76.7279,64.2961],[-76.7303,64.2763],[-76.7183,64.2414],[-76.6567,64.2213],[-76.6695,64.1968],[-76.689,64.1916],[-76.8466,64.2058],[-76.8118,64.2194],[-76.8323,64.2269],[-76.8255,64.2338],[-76.8986,64.2437],[-76.9627,64.2741],[-76.982,64.2575],[-77.0174,64.259],[-77.1332,64.3011],[-77.1522,64.2847],[-77.3508,64.2411],[-77.3811,64.2468],[-77.3702,64.2815],[-77.4016,64.2952],[-77.4499,64.2952],[-77.3811,64.315],[-77.4049,64.3276],[-77.4357,64.315],[-77.5455,64.315],[-77.4909,64.3498],[-77.5111,64.3572],[-77.5561,64.3578],[-77.6547,64.3908],[-77.6623,64.3773],[-77.647,64.3322],[-77.6789,64.3225],[-77.6926,64.3368],[-77.7578,64.343],[-77.7745,64.3641],[-77.854,64.3703],[-77.9086,64.4051],[-77.8602,64.4051],[-77.8366,64.4249],[-77.9626,64.4113],[-78.011,64.4282],[-78.0182,64.4428],[-77.97,64.4659],[-78.0775,64.5173],[-78.0656,64.5416],[-78.1444,64.5573],[-78.1822,64.5797],[-78.1724,64.59],[-78.1284,64.59],[-78.1621,64.6096],[-78.1689,64.6453],[-78.1966,64.6514],[-78.1831,64.6816],[-78.1556,64.6993],[-78.299,64.7067],[-78.183,64.7259],[-78.1879,64.753],[-78.1746,64.7681],[-78.123,64.7845],[-78.1136,64.8138],[-78.0731,64.8159],[-78.0656,64.8501],[-78.1175,64.8774],[-78.1329,64.9037],[-78.1456,64.9518],[-78.1206,64.9742],[-77.9769,65.0276],[-77.9636,65.0519],[-77.7049,65.1105],[-77.6295,65.1484],[-77.4864,65.1481],[-77.3765,65.1684],[-77.3128,65.2001],[-77.5142,65.3261],[-77.4561,65.3851],[-77.314,65.3625],[-77.2917,65.3814],[-77.4357,65.4596],[-77.3916,65.4731],[-77.2364,65.4739],[-77.2718,65.4596],[-77.1204,65.4398],[-77.1168,65.4244],[-77.0895,65.416],[-76.9664,65.4117],[-76.9322,65.4333],[-76.8309,65.4311],[-76.7678,65.4056],[-76.6769,65.4111],[-76.1204,65.2883],[-76.0416,65.2863],[-75.9828,65.2614],[-75.7979,65.2323],[-75.7573,65.2138],[-75.7703,65.1927],[-75.7553,65.1884],[-75.7393,65.1592],[-75.5239,65.1101],[-75.4523,65.0786],[-75.4186,65.0305],[-75.4158,65.0161],[-75.4407,65.0077],[-75.4141,64.9804],[-75.5023,64.9443],[-75.633,64.9535],[-75.6679,64.9456],[-75.6065,64.9184],[-75.6043,64.8818],[-75.5805,64.8578],[-75.4913,64.8568],[-75.4603,64.8431],[-75.4682,64.8131],[-75.5239,64.8091],[-75.5172,64.8023],[-75.5376,64.7812],[-75.4497,64.7718],[-75.4277,64.7539],[-75.4339,64.7477],[-75.4014,64.7423],[-75.3951,64.7345],[-75.4072,64.7259],[-75.297,64.7341],[-75.294,64.7508],[-75.3531,64.7934],[-75.3527,64.8296],[-75.3731,64.8358],[-75.339,64.8842],[-75.3569,64.9018],[-75.3458,64.9252],[-75.3872,64.9196],[-75.4594,64.8771],[-75.5717,64.8842],[-75.4846,64.9044],[-75.4683,64.939],[-75.3868,64.9599],[-75.393,64.9825],[-75.2626,64.957],[-75.2905,65.0009],[-75.2477,65.0149],[-75.2353,65.0559],[-75.1949,65.0727],[-75.1987,65.1057],[-75.2539,65.1086],[-75.2702,65.0494],[-75.3631,65.0076],[-75.38,65.0146],[-75.4072,65.0623],[-75.5621,65.1689],[-75.6816,65.2001],[-75.7182,65.1916],[-75.7294,65.2001],[-75.7089,65.2138],[-75.7507,65.2364],[-75.9082,65.261],[-75.898,65.2789],[-75.9346,65.2917],[-75.9491,65.3225],[-75.7154,65.3088],[-75.6206,65.3434],[-75.5981,65.3216],[-75.6127,65.3088],[-75.5498,65.2771],[-75.1932,65.2563],[-75.1298,65.2678],[-75.084,65.3027],[-75.0742,65.3284],[-75.1051,65.3961],[-74.9685,65.3776],[-74.8722,65.3981],[-74.786,65.3865],[-74.7556,65.3983],[-74.7459,65.4257],[-74.7152,65.4398],[-74.6754,65.4314],[-74.6744,65.4201],[-74.7084,65.4056],[-74.6682,65.3953],[-74.6605,65.3851],[-74.6947,65.3776],[-74.6614,65.3507],[-74.5512,65.3334],[-74.3446,65.4118],[-74.3248,65.4515],[-74.2869,65.4807],[-74.1534,65.4949],[-74.1876,65.5217],[-74.1184,65.5371],[-74.0436,65.5353],[-73.9838,65.5068],[-73.8804,65.5357],[-73.7761,65.5248],[-73.7391,65.5168],[-73.7338,65.4878],[-73.6737,65.4596],[-73.5947,65.476],[-73.5256,65.4538],[-73.4744,65.4596],[-73.5899,65.5888],[-73.6327,65.6104],[-73.6135,65.6295],[-73.6116,65.6514],[-73.6805,65.665],[-73.6943,65.6784],[-73.6955,65.7146],[-73.6532,65.7203],[-73.702,65.7463],[-73.7178,65.7746],[-73.8247,65.8154],[-74.0123,65.8551],[-74.0814,65.9076],[-74.1814,65.953],[-74.2208,65.9912],[-74.4204,66.0834],[-74.4586,66.112],[-74.4722,66.1486],[-74.3454,66.2258],[-74.082,66.3002],[-73.9617,66.3571],[-73.9064,66.3571],[-73.9133,66.3714],[-73.9006,66.3797],[-73.7802,66.4184],[-73.7147,66.4601],[-73.4556,66.5506],[-73.4309,66.5638],[-73.39,66.6295],[-73.3447,66.6588],[-73.0983,66.7277],[-72.949,66.7346]]],[[[-61.0855,82.3312],[-61.0862,82.3071],[-61.1187,82.2584],[-61.3124,82.1972],[-62.0313,82.1394],[-61.8731,82.1127],[-62.2576,82.0235],[-62.4758,82.0228],[-62.5122,82.0127],[-62.4901,82.0029],[-62.5148,81.987],[-63.9202,81.7987],[-64.123,81.8032],[-64.3261,81.8309],[-64.1206,81.7695],[-64.1866,81.745],[-64.3726,81.725],[-64.7806,81.731],[-64.9221,81.7579],[-65.0463,81.749],[-65.375,81.7627],[-65.3409,81.7416],[-66.0466,81.6944],[-66.0058,81.683],[-65.8687,81.6944],[-65.7074,81.6801],[-65.3409,81.6944],[-65.3741,81.6805],[-65.8581,81.6273],[-65.93,81.6398],[-65.946,81.6539],[-65.9997,81.6544],[-66.1507,81.6279],[-67.6731,81.5934],[-68.2132,81.5632],[-69.3083,81.7217],[-69.2513,81.7003],[-68.3894,81.5666],[-68.3562,81.543],[-68.8559,81.5504],[-68.5806,81.5161],[-67.2688,81.5714],[-66.659,81.5312],[-66.6083,81.5162],[-66.6541,81.4999],[-68.0448,81.3734],[-68.145,81.3507],[-68.6217,81.294],[-69.0203,81.2618],[-69.4251,81.2767],[-69.4734,81.2618],[-69.3152,81.2419],[-69.5801,81.2119],[-69.7,81.212],[-69.9237,81.1882],[-70.1648,81.1937],[-70.2133,81.1799],[-70.071,81.1621],[-69.6373,81.1799],[-70.0203,81.1059],[-69.6323,81.1387],[-69.4822,81.1848],[-67.787,81.317],[-67.2021,81.3755],[-65.9595,81.4639],[-65.7357,81.4933],[-64.5461,81.5504],[-64.4359,81.4815],[-64.4682,81.4614],[-64.6921,81.3908],[-65.1164,81.3328],[-65.4001,81.2695],[-65.9889,81.2283],[-66.4639,81.1216],[-66.53,81.0825],[-66.6721,81.0399],[-66.8717,81.0137],[-67.2349,80.9405],[-67.563,80.946],[-67.6089,80.9334],[-67.5332,80.8987],[-67.6058,80.8712],[-67.8328,80.8539],[-67.8628,80.8372],[-67.8433,80.8293],[-67.8537,80.8228],[-68.2794,80.7599],[-68.4034,80.7212],[-68.6533,80.6761],[-68.7733,80.6392],[-68.9726,80.6175],[-68.8906,80.6045],[-68.926,80.5834],[-69.1681,80.5221],[-69.2671,80.471],[-69.2978,80.43],[-69.3318,80.4089],[-69.666,80.3552],[-70.3095,80.358],[-70.2195,80.4195],[-70.2695,80.4535],[-70.334,80.4765],[-70.7882,80.5705],[-70.8245,80.567],[-70.8296,80.556],[-70.8191,80.549],[-70.683,80.5257],[-70.511,80.4735],[-70.4548,80.4364],[-70.3704,80.4127],[-70.4591,80.3853],[-70.4713,80.3589],[-70.4529,80.3437],[-70.0159,80.2845],[-69.9595,80.2618],[-70.0821,80.2306],[-70.1591,80.1925],[-70.7477,80.2072],[-71.1004,80.186],[-71.5008,80.1213],[-71.7346,80.1179],[-71.8407,80.1383],[-71.9053,80.1725],[-71.9979,80.1916],[-72.1646,80.1945],[-72.3328,80.2298],[-72.4198,80.2134],[-72.0236,80.1509],[-71.8985,80.1179],[-72.1073,80.0859],[-72.3919,80.0905],[-72.3236,80.0837],[-72.3572,80.0701],[-72.342,80.0626],[-71.5243,80.0682],[-71.0067,80.1225],[-70.6482,80.1429],[-70.5034,80.0984],[-70.487,80.0626],[-70.5293,80.0439],[-70.6356,80.0403],[-70.7054,79.9916],[-71.376,79.9423],[-71.4488,79.9161],[-71.4596,79.8987],[-71.4287,79.8878],[-71.1785,79.9164],[-70.9116,79.8926],[-70.9896,79.8557],[-71.0188,79.8229],[-71.0882,79.8156],[-71.0903,79.8019],[-71.1424,79.7895],[-71.3826,79.763],[-71.4826,79.7378],[-71.9405,79.702],[-72.2317,79.6626],[-72.3919,79.6865],[-72.6284,79.679],[-72.9202,79.7096],[-72.9503,79.7216],[-72.9474,79.7417],[-72.9617,79.7525],[-73.0157,79.7684],[-73.0635,79.8019],[-72.9058,79.8161],[-72.931,79.8236],[-73.1909,79.8232],[-73.3852,79.8386],[-73.8133,79.8223],[-73.8655,79.8373],[-73.7419,79.8503],[-73.7686,79.865],[-74.2278,79.8957],[-74.326,79.8745],[-74.8449,79.8503],[-74.7685,79.8376],[-74.7703,79.8236],[-74.6702,79.7957],[-74.352,79.8093],[-73.5843,79.761],[-73.3833,79.7756],[-73.3515,79.7684],[-73.3863,79.7547],[-73.36,79.7171],[-73.1734,79.6586],[-73.1619,79.6262],[-73.187,79.597],[-73.1324,79.58],[-73.1253,79.5664],[-73.1739,79.5388],[-73.3169,79.5091],[-73.7337,79.4962],[-73.9047,79.5544],[-73.9658,79.5636],[-74.0026,79.5425],[-73.9511,79.4875],[-73.9595,79.4715],[-73.9922,79.4587],[-74.282,79.4399],[-74.3924,79.4517],[-74.6961,79.45],[-74.7907,79.4755],[-74.9132,79.4888],[-74.9479,79.5015],[-74.928,79.5077],[-74.9582,79.5153],[-74.9964,79.5134],[-75.0646,79.4941],[-74.8886,79.4156],[-74.9616,79.3806],[-75.028,79.3733],[-75.5124,79.3962],[-75.675,79.4339],[-75.7021,79.4195],[-75.6946,79.4127],[-75.7556,79.414],[-75.7871,79.4198],[-75.8187,79.4531],[-75.9613,79.4273],[-76.1952,79.4935],[-77.045,79.522],[-77.1338,79.5487],[-77.1794,79.5312],[-77.1885,79.5084],[-77.1271,79.4941],[-76.8541,79.4827],[-76.7574,79.4941],[-76.5769,79.4757],[-76.4486,79.4829],[-76.1936,79.4703],[-76.1409,79.4469],[-76.2075,79.4299],[-76.1523,79.395],[-75.8802,79.3569],[-76.1545,79.337],[-76.2357,79.3485],[-76.8733,79.35],[-77.0871,79.4061],[-77.1035,79.4161],[-77.1245,79.4689],[-77.243,79.4498],[-77.3529,79.4642],[-77.4015,79.4531],[-77.221,79.35],[-77.1619,79.3302],[-77.7865,79.3542],[-77.8824,79.3703],[-78.0594,79.3569],[-77.8335,79.3177],[-77.6332,79.321],[-77.3258,79.2674],[-77.4971,79.2476],[-76.783,79.2792],[-76.5121,79.2607],[-76.304,79.2635],[-76.2056,79.2772],[-75.9481,79.2372],[-75.0517,79.2311],[-74.7985,79.2438],[-74.4687,79.2272],[-74.4925,79.212],[-74.5935,79.1946],[-74.7834,79.1932],[-74.825,79.1793],[-74.7798,79.16],[-74.6598,79.1655],[-74.6121,79.1514],[-74.6674,79.1452],[-74.6314,79.1279],[-74.5644,79.121],[-74.4408,79.0627],[-74.4473,79.0499],[-74.4923,79.0367],[-74.7926,79.048],[-75.087,79.0318],[-75.5052,79.0748],[-75.7572,79.0842],[-75.7874,79.1033],[-75.8938,79.1036],[-75.8597,79.1179],[-75.8864,79.1309],[-75.8529,79.1452],[-75.8936,79.1697],[-76.0888,79.2047],[-76.9832,79.1908],[-77.207,79.1998],[-78.1824,79.1954],[-78.2574,79.1719],[-78.2127,79.1599],[-78.0594,79.1793],[-76.7417,79.1496],[-76.1335,79.1241],[-76.1409,79.1105],[-76.0856,79.1036],[-76.1148,79.0849],[-76.1687,79.0773],[-76.7065,79.0907],[-77.1591,79.0712],[-77.5339,79.0239],[-77.6963,79.0353],[-77.7919,79.0694],[-78.0962,79.0848],[-78.8955,79.0694],[-77.9151,79.0559],[-77.7659,79.0365],[-77.7032,79.008],[-77.9563,78.9596],[-78.299,78.7958],[-78.2711,78.7742],[-78.2268,78.7722],[-78.1819,78.7829],[-78.0627,78.8578],[-77.8214,78.9459],[-77.718,78.9697],[-76.7328,79.0367],[-75.7808,78.982],[-75.7219,78.967],[-75.8276,78.9261],[-76.2684,78.9046],[-76.4412,78.8713],[-76.4592,78.8494],[-76.3941,78.8504],[-76.2563,78.8797],[-75.846,78.8805],[-75.7443,78.8972],[-75.3049,78.8846],[-74.9151,78.8544],[-74.879,78.8367],[-74.8865,78.8225],[-74.7738,78.8348],[-74.7561,78.8193],[-74.7776,78.8055],[-74.9063,78.7883],[-74.7862,78.7827],[-74.763,78.7678],[-74.8319,78.7473],[-74.722,78.7126],[-74.7512,78.7003],[-74.8449,78.699],[-74.8663,78.6771],[-74.8319,78.6579],[-74.8728,78.6443],[-74.8086,78.6267],[-74.7161,78.6277],[-74.6326,78.5897],[-74.8023,78.5886],[-75.0309,78.5351],[-75.1846,78.5416],[-75.3981,78.5156],[-76.5005,78.5475],[-76.6616,78.5283],[-76.6908,78.513],[-76.2818,78.5195],[-76.1502,78.5069],[-76.0786,78.4662],[-75.1077,78.3755],[-75.0559,78.3403],[-75.0298,78.3364],[-75.1198,78.3049],[-75.3699,78.3073],[-75.4484,78.2474],[-75.5171,78.2192],[-75.6262,78.1998],[-76.1937,78.2471],[-76.3594,78.2318],[-76.6048,78.2552],[-76.8883,78.2233],[-76.9154,78.2068],[-76.8758,78.1918],[-76.7235,78.1856],[-76.689,78.172],[-76.2946,78.1528],[-76.191,78.133],[-75.6685,78.1373],[-75.5819,78.113],[-75.5884,78.0953],[-75.6884,78.0559],[-75.6816,78.0484],[-75.934,77.9586],[-75.9683,77.9659],[-75.9892,77.9846],[-76.2324,78.0211],[-76.4639,77.991],[-76.539,77.9457],[-76.7462,77.9341],[-76.8807,77.905],[-77.0633,77.9149],[-77.1538,77.9487],[-77.8805,77.9427],[-78.2166,78.0025],[-78.2717,77.9802],[-78.2248,77.9813],[-78.1829,77.9659],[-78.3788,77.9365],[-78.43,77.9113],[-78.3199,77.8705],[-78.1568,77.8642],[-78.1386,77.8586],[-78.1413,77.8424],[-77.9807,77.8167],[-77.9495,77.7952],[-77.9626,77.7952],[-77.9421,77.7605],[-78.052,77.7331],[-78.0094,77.7233],[-77.9875,77.7025],[-78.0799,77.6785],[-78.0264,77.6684],[-77.9128,77.675],[-77.8601,77.6581],[-77.8474,77.6324],[-77.7564,77.6273],[-77.7162,77.6096],[-77.9765,77.5602],[-77.9844,77.5482],[-77.9421,77.5134],[-78.0185,77.472],[-78.1973,77.4525],[-78.2786,77.4315],[-78.2307,77.4042],[-78.2521,77.3871],[-78.501,77.3652],[-78.6897,77.3191],[-78.8409,77.3154],[-78.7242,77.3769],[-78.771,77.385],[-78.844,77.3783],[-79.0025,77.3169],[-79.1332,77.2913],[-79.6456,77.3216],[-79.8441,77.3113],[-79.9712,77.2806],[-80.5514,77.3098],[-80.7799,77.3359],[-81.013,77.3837],[-81.0331,77.4042],[-81.2969,77.4365],[-81.399,77.4894],[-81.5823,77.517],[-81.5675,77.5408],[-81.5888,77.5544],[-81.6706,77.5687],[-81.6092,77.5823],[-81.6405,77.5984],[-81.8248,77.6249],[-81.8474,77.6363],[-81.8345,77.6581],[-81.8555,77.6738],[-81.9164,77.6905],[-81.9375,77.6854],[-81.946,77.6543],[-81.911,77.6179],[-81.804,77.5973],[-81.673,77.5237],[-81.6744,77.5051],[-81.7419,77.46],[-81.7372,77.4348],[-81.48,77.3759],[-81.2071,77.3741],[-81.1811,77.3635],[-81.1709,77.3325],[-81.8489,77.29],[-82.1519,77.3159],[-82.1981,77.3017],[-81.9176,77.2534],[-81.8828,77.2192],[-81.9102,77.2056],[-81.8918,77.1827],[-81.8577,77.1705],[-81.7527,77.1666],[-81.6204,77.2018],[-81.5259,77.2087],[-81.103,77.2875],[-80.1151,77.2056],[-80.2393,77.1677],[-80.2791,77.1244],[-80.4099,77.0827],[-80.3725,77.0747],[-80.3213,77.0812],[-80.0264,77.189],[-79.7178,77.2434],[-79.4324,77.2386],[-79.2024,77.2073],[-79.0554,77.1679],[-79.0326,77.1572],[-79.0662,77.1373],[-79.0065,77.1047],[-79.3467,76.9792],[-79.3929,76.9529],[-79.3893,76.9304],[-79.3756,76.9256],[-78.9031,76.9342],[-78.8675,76.9244],[-78.9644,76.8424],[-78.7204,76.8276],[-78.6963,76.8424],[-78.7242,76.8834],[-78.6255,76.8834],[-78.5671,76.8973],[-78.5665,76.9318],[-78.5342,76.954],[-78.3884,76.9728],[-78.4157,76.9858],[-78.3844,77.0041],[-78.0909,77.0228],[-77.8892,76.9498],[-77.9024,76.9182],[-77.8335,76.8909],[-77.8949,76.8691],[-77.7162,76.822],[-77.772,76.7999],[-77.7898,76.7763],[-77.7664,76.7279],[-77.8074,76.7112],[-77.8128,76.6881],[-77.7708,76.6643],[-77.8278,76.641],[-77.8879,76.6337],[-78.0323,76.6334],[-78.1897,76.5613],[-78.1593,76.55],[-78.1413,76.5272],[-78.3556,76.4984],[-78.3805,76.4862],[-78.3673,76.4657],[-78.4998,76.4593],[-78.5646,76.4704],[-78.6217,76.4998],[-78.5864,76.5203],[-78.6143,76.555],[-78.5665,76.5681],[-78.7742,76.5773],[-78.856,76.5295],[-78.9187,76.4656],[-78.9701,76.4349],[-79.1828,76.404],[-79.1958,76.3893],[-79.1761,76.3832],[-79.2449,76.3619],[-79.2671,76.3415],[-79.2517,76.3223],[-79.2932,76.3024],[-79.3477,76.2969],[-79.5503,76.317],[-80.0963,76.2279],[-80.19,76.2467],[-80.2388,76.2442],[-80.4432,76.1977],[-80.6086,76.1982],[-80.6672,76.164],[-80.8878,76.173],[-80.9394,76.1462],[-81.0725,76.1291],[-81.0828,76.1374],[-81.0673,76.164],[-80.958,76.1982],[-81.0952,76.2186],[-81.0431,76.2358],[-81.0399,76.2596],[-80.9597,76.2757],[-80.8932,76.3355],[-80.7966,76.3719],[-80.7764,76.3865],[-80.7725,76.42],[-80.8946,76.4468],[-80.9978,76.4861],[-81.0965,76.5021],[-81.2181,76.4998],[-81.1772,76.5334],[-81.2069,76.5636],[-81.3211,76.5067],[-81.4023,76.4831],[-81.5381,76.473],[-81.9353,76.495],[-82.0557,76.5165],[-82.0821,76.5272],[-81.9864,76.5843],[-81.9927,76.5961],[-82.0616,76.6165],[-81.8311,76.6559],[-81.7844,76.6744],[-81.7832,76.6885],[-82.1779,76.6301],[-82.2763,76.6349],[-82.4446,76.6916],[-82.493,76.7327],[-82.5893,76.7834],[-82.7298,76.821],[-82.7735,76.8146],[-82.6986,76.7966],[-82.637,76.7599],[-82.6507,76.7531],[-82.5544,76.7252],[-82.5613,76.6926],[-82.5119,76.6623],[-82.3818,76.6196],[-82.2957,76.6146],[-82.0821,76.5681],[-82.2095,76.5422],[-82.2255,76.5203],[-82.133,76.4551],[-82.1382,76.4387],[-82.282,76.4005],[-82.8009,76.39],[-82.8528,76.4136],[-83.001,76.4363],[-83.1025,76.4657],[-83.0616,76.4998],[-83.0847,76.5159],[-83.0752,76.5334],[-83.1161,76.5886],[-83.1994,76.6097],[-83.1994,76.6227],[-83.2225,76.6325],[-83.3911,76.678],[-83.4048,76.7189],[-83.3564,76.7531],[-83.381,76.7613],[-83.5167,76.7223],[-83.5277,76.7087],[-83.5006,76.6811],[-83.4044,76.654],[-83.3765,76.6265],[-83.2516,76.5773],[-83.2369,76.5187],[-83.1851,76.4961],[-83.2465,76.4588],[-83.1851,76.4309],[-83.2237,76.4114],[-83.2793,76.4062],[-83.7128,76.435],[-83.7337,76.4588],[-83.7778,76.4758],[-83.8731,76.4862],[-83.8976,76.5067],[-84.0506,76.5533],[-84.0484,76.5749],[-84.1013,76.6348],[-84.293,76.6638],[-84.3296,76.6507],[-84.1973,76.6181],[-84.2036,76.5935],[-84.251,76.5371],[-84.1787,76.4862],[-84.2159,76.4508],[-84.6334,76.439],[-84.7957,76.4787],[-84.7995,76.5034],[-84.8445,76.5354],[-84.9875,76.586],[-85.0353,76.5749],[-85.0558,76.5203],[-85.0217,76.4997],[-85.0286,76.4719],[-85.0176,76.4586],[-84.942,76.4223],[-84.3999,76.3393],[-84.3836,76.3285],[-84.3881,76.3151],[-85.2034,76.2843],[-85.2274,76.2906],[-85.2491,76.3161],[-85.4326,76.3081],[-85.5198,76.3315],[-85.7233,76.3547],[-86.3474,76.3885],[-86.4127,76.4105],[-86.4176,76.4717],[-86.4058,76.4825],[-86.2372,76.5079],[-86.2072,76.5272],[-86.2322,76.5487],[-86.4043,76.5836],[-86.578,76.6417],[-86.6317,76.637],[-86.3029,76.5277],[-86.6427,76.4772],[-86.6591,76.4657],[-86.6343,76.461],[-86.6354,76.4492],[-86.6837,76.4087],[-86.722,76.3484],[-86.8485,76.3695],[-87.1314,76.39],[-87.1558,76.404],[-87.1221,76.4199],[-87.1218,76.4343],[-87.1514,76.4487],[-87.401,76.4557],[-87.4331,76.4657],[-87.3921,76.4967],[-87.3958,76.5104],[-87.502,76.5476],[-87.4835,76.5504],[-87.461,76.5886],[-87.563,76.6202],[-87.5839,76.6097],[-87.5708,76.5886],[-87.5953,76.5375],[-87.4958,76.5032],[-87.5467,76.4688],[-87.5474,76.449],[-87.4331,76.4235],[-87.4331,76.4042],[-87.502,76.3832],[-87.4063,76.3558],[-87.4505,76.3513],[-87.5606,76.3714],[-87.5839,76.3695],[-87.5708,76.3491],[-87.6299,76.3356],[-87.7067,76.3396],[-87.7773,76.3622],[-87.8179,76.4042],[-87.8036,76.4042],[-87.8371,76.418],[-87.8794,76.4105],[-87.8657,76.3968],[-87.9179,76.3641],[-88.4036,76.3937],[-88.4342,76.4042],[-88.3585,76.4377],[-88.3994,76.4603],[-88.4411,76.4657],[-88.359,76.49],[-88.366,76.4998],[-88.3543,76.5191],[-88.4212,76.5476],[-88.44,76.5928],[-88.5196,76.6214],[-88.5236,76.6336],[-88.482,76.6609],[-88.4927,76.683],[-88.5396,76.7079],[-88.5517,76.7405],[-88.482,76.777],[-88.49,76.8178],[-88.507,76.8237],[-88.5552,76.8087],[-88.7086,76.7121],[-88.6735,76.7005],[-88.585,76.637],[-88.6602,76.6022],[-88.5311,76.5814],[-88.4963,76.5476],[-88.513,76.528],[-88.4888,76.5067],[-88.5829,76.4678],[-88.6216,76.4382],[-88.5987,76.4105],[-88.6184,76.4044],[-88.6678,76.4025],[-88.6958,76.4153],[-88.6577,76.4751],[-88.6129,76.4862],[-88.6807,76.5237],[-88.6663,76.5489],[-88.6397,76.5613],[-88.7105,76.6008],[-88.7359,76.5961],[-88.7493,76.564],[-88.7974,76.555],[-88.7786,76.5356],[-88.8315,76.4998],[-88.7974,76.4846],[-88.7905,76.4588],[-88.8867,76.4309],[-88.9106,76.4105],[-89.0194,76.4173],[-89.0468,76.4503],[-89.1338,76.4237],[-89.2355,76.4377],[-89.2604,76.4588],[-89.4348,76.4998],[-89.4053,76.529],[-89.4106,76.5442],[-89.4616,76.5755],[-89.5439,76.5429],[-89.6812,76.5749],[-89.6197,76.5886],[-89.6197,76.6165],[-89.5996,76.629],[-89.4476,76.6591],[-89.419,76.6875],[-89.4552,76.7252],[-89.3864,76.7327],[-89.4705,76.7631],[-89.4683,76.7804],[-89.5372,76.8568],[-89.4731,76.8812],[-88.9979,76.955],[-88.9754,76.9728],[-88.9905,76.9818],[-88.7195,77.0141],[-88.5351,77.0736],[-88.4195,77.0788],[-88.3932,77.1025],[-88.5441,77.1025],[-88.4946,77.1141],[-88.2936,77.1363],[-88.1326,77.1298],[-88.1673,77.1162],[-88.1293,77.109],[-87.8648,77.1373],[-87.7735,77.1279],[-87.6775,77.1373],[-87.6454,77.1326],[-87.6186,77.1162],[-87.6156,77.1008],[-87.5857,77.0977],[-87.3375,77.1162],[-87.461,77.1298],[-87.3616,77.1765],[-87.0835,77.189],[-86.9577,77.165],[-86.9539,77.1509],[-86.9193,77.1391],[-86.8232,77.1293],[-86.79,77.1373],[-86.8924,77.1708],[-86.6038,77.1782],[-86.6768,77.1935],[-86.8284,77.1802],[-87.1326,77.2136],[-87.1593,77.2056],[-87.1457,77.1987],[-87.1813,77.2002],[-87.2146,77.2124],[-87.1251,77.2442],[-86.9129,77.267],[-86.9936,77.2816],[-87.1708,77.2745],[-87.2173,77.2823],[-87.2487,77.308],[-87.0418,77.3489],[-86.9334,77.3427],[-86.831,77.3564],[-86.8504,77.3639],[-87.1233,77.3687],[-87.3487,77.334],[-87.6812,77.3534],[-87.721,77.3701],[-87.7006,77.3973],[-87.7517,77.4084],[-87.7831,77.4383],[-87.758,77.4581],[-87.6696,77.468],[-87.6466,77.4868],[-87.6875,77.5134],[-87.7006,77.5408],[-87.8196,77.5527],[-87.852,77.5687],[-87.8105,77.5754],[-87.8262,77.5819],[-87.9052,77.5842],[-88.2115,77.6503],[-88.222,77.6643],[-88.2146,77.6805],[-88.1531,77.7195],[-88.1533,77.7424],[-88.1673,77.7605],[-88.2244,77.7616],[-88.235,77.7741],[-88.1836,77.7756],[-88.1685,77.7834],[-88.181,77.8015],[-88.1053,77.815],[-88.222,77.8629],[-88.1326,77.8567],[-88.1462,77.8498],[-88.0422,77.8227],[-87.192,77.9045],[-86.8467,77.8895],[-86.6641,77.8542],[-86.4522,77.8364],[-86.2156,77.7933],[-86.0727,77.7339],[-85.9744,77.7133],[-85.8814,77.6315],[-85.7959,77.5129],[-85.7185,77.4745],[-85.7957,77.4253],[-85.5288,77.4663],[-85.5294,77.4782],[-85.5081,77.4791],[-85.4804,77.4663],[-85.5356,77.4526],[-85.5274,77.4435],[-85.4023,77.4007],[-85.0006,77.3837],[-84.761,77.3216],[-84.4661,77.3017],[-84.4845,77.3205],[-84.576,77.3489],[-84.5655,77.3631],[-84.5764,77.3736],[-84.617,77.3837],[-84.5733,77.4067],[-84.3563,77.3905],[-84.0621,77.4042],[-83.4662,77.3489],[-83.4842,77.3914],[-83.7998,77.429],[-83.8362,77.4588],[-83.8037,77.4728],[-83.6239,77.4725],[-83.5042,77.5025],[-83.3889,77.5141],[-83.3169,77.5583],[-83.2591,77.5678],[-83.0243,77.6719],[-82.9861,77.6785],[-82.9523,77.7133],[-82.8809,77.728],[-82.7803,77.7952],[-82.8083,77.8015],[-82.6843,77.8333],[-82.6507,77.8567],[-82.6407,77.8942],[-82.5408,77.9249],[-82.5818,77.946],[-82.5135,77.9597],[-82.596,78.0212],[-82.4859,78.0442],[-82.3701,78.0416],[-82.3719,78.0554],[-82.3211,78.0826],[-82.5091,78.0803],[-82.6575,78.0618],[-82.7649,78.0277],[-82.7841,78.0177],[-82.793,77.989],[-82.7388,77.9476],[-82.736,77.9283],[-82.936,77.8819],[-83.0007,77.8262],[-83.1236,77.7878],[-83.2019,77.7095],[-83.3266,77.6716],[-83.4225,77.6073],[-83.6785,77.5345],[-83.9182,77.4935],[-83.9221,77.5034],[-83.9044,77.5134],[-84.0841,77.5095],[-84.3342,77.5326],[-84.761,77.5203],[-84.8454,77.5432],[-84.8647,77.555],[-84.8572,77.5624],[-84.8682,77.5735],[-84.8349,77.5909],[-84.6313,77.6301],[-84.5929,77.6539],[-84.4726,77.6918],[-84.4351,77.7286],[-84.4649,77.7488],[-84.5084,77.7543],[-84.4736,77.74],[-84.4926,77.7136],[-84.5445,77.6809],[-84.943,77.6027],[-85.0006,77.6233],[-85.2825,77.6597],[-85.3072,77.6711],[-85.2681,77.7133],[-85.3506,77.74],[-85.2106,77.7588],[-85.1895,77.7983],[-85.1641,77.8062],[-85.0558,77.8015],[-84.946,77.8287],[-84.9714,77.8437],[-85.26,77.8039],[-85.3799,77.8133],[-85.4017,77.8317],[-85.3202,77.8721],[-85.2505,77.8854],[-85.0358,77.8785],[-84.8982,77.8966],[-84.8367,77.8908],[-84.9069,77.8408],[-84.8911,77.8378],[-84.6768,77.9077],[-84.3568,77.8883],[-84.3153,77.8976],[-84.5498,77.9281],[-85.2362,77.91],[-85.4726,77.8721],[-85.5083,77.8834],[-85.5096,77.9035],[-85.4878,77.9113],[-85.6523,77.9191],[-85.6796,77.9352],[-85.6606,77.9501],[-85.0628,78.0627],[-84.9254,78.0416],[-84.7067,78.0348],[-84.5386,78.0745],[-84.3382,78.0705],[-84.2886,78.0826],[-84.5893,78.0806],[-84.7381,78.0585],[-84.852,78.0577],[-85.0974,78.1031],[-84.9944,78.1583],[-85.0353,78.1788],[-84.8421,78.1689],[-84.6236,78.2032],[-84.3933,78.1909],[-84.2088,78.1595],[-84.028,78.1788],[-84.2232,78.1856],[-84.4252,78.213],[-84.7528,78.2181],[-84.8708,78.1993],[-84.9485,78.2012],[-84.9683,78.2141],[-84.9344,78.2548],[-84.8088,78.3265],[-84.5882,78.3437],[-84.576,78.3535],[-84.5833,78.3669],[-84.6214,78.3714],[-84.6977,78.3469],[-84.761,78.3432],[-84.8709,78.37],[-84.8388,78.3945],[-84.8037,78.4671],[-84.7683,78.4876],[-84.7883,78.5071],[-84.617,78.5897],[-84.647,78.5994],[-84.6796,78.591],[-84.8572,78.5071],[-84.8729,78.4659],[-84.9723,78.4222],[-84.9801,78.411],[-84.9528,78.3985],[-84.9725,78.3748],[-84.9596,78.3501],[-85.049,78.3154],[-85.0286,78.2887],[-85.085,78.2785],[-85.2378,78.2012],[-85.4915,78.1061],[-85.5288,78.1093],[-85.4878,78.1167],[-86.2277,78.0621],[-86.2894,78.0834],[-86.2661,78.1241],[-86.2345,78.1372],[-86.2556,78.1583],[-86.118,78.172],[-85.9392,78.2374],[-85.9202,78.2678],[-85.8782,78.2955],[-85.9055,78.3023],[-85.8366,78.3418],[-85.8503,78.37],[-85.8304,78.3774],[-85.8603,78.3856],[-85.8919,78.3774],[-85.8919,78.3501],[-85.9086,78.3423],[-86.0564,78.3023],[-86.0833,78.2519],[-86.2365,78.2051],[-86.2877,78.1953],[-86.3553,78.2095],[-86.5063,78.2152],[-86.5692,78.1808],[-86.7698,78.1204],[-87.4879,78.1272],[-87.5367,78.1446],[-87.4355,78.1871],[-87.0911,78.2068],[-87.2784,78.2354],[-87.4193,78.2162],[-87.4884,78.219],[-87.523,78.2334],[-87.4958,78.2781],[-87.5162,78.3259],[-87.4987,78.3745],[-87.5002,78.3935],[-87.5293,78.411],[-87.4825,78.452],[-87.1573,78.5493],[-86.8583,78.5488],[-86.8583,78.5692],[-86.9036,78.583],[-87.0551,78.5692],[-87.1223,78.5829],[-86.9888,78.6482],[-86.9405,78.7142],[-86.6099,78.8093],[-86.5059,78.8022],[-86.0159,78.8379],[-85.7573,78.8317],[-85.3838,78.8839],[-85.2461,78.9169],[-85.0311,78.9219],[-84.7061,78.8708],[-83.7456,78.8389],[-83.5495,78.7923],[-83.3222,78.772],[-83.1617,78.7244],[-82.7878,78.6927],[-82.691,78.6654],[-82.7053,78.6579],[-82.6292,78.6373],[-82.5791,78.607],[-82.3428,78.5692],[-82.239,78.5943],[-82.5147,78.6688],[-82.596,78.7064],[-82.4977,78.7174],[-82.4719,78.7269],[-82.4793,78.7337],[-82.2193,78.7269],[-82.2625,78.7513],[-82.3394,78.7592],[-82.7735,78.7337],[-82.8902,78.7678],[-83.0357,78.7799],[-83.0981,78.8032],[-83.2276,78.8072],[-83.2602,78.8367],[-83.2093,78.8512],[-82.9837,78.8552],[-82.4014,78.8287],[-82.3245,78.8475],[-82.018,78.867],[-81.7717,78.8659],[-81.7388,78.8572],[-81.8073,78.8475],[-81.7537,78.843],[-81.71,78.8491],[-81.7054,78.8708],[-81.6569,78.8907],[-81.76,78.9186],[-81.7122,78.9494],[-81.6986,78.9785],[-81.4788,79.049],[-81.547,79.0694],[-81.8814,79.0189],[-81.9407,79.004],[-81.9735,78.9698],[-82.1225,78.9165],[-82.5346,78.8851],[-82.9678,78.9408],[-83.6691,78.9337],[-83.9613,78.962],[-84.2793,78.9553],[-84.5095,79.0154],[-84.7521,79.0389],[-84.7828,79.0528],[-84.7821,79.0769],[-84.7659,79.0871],[-84.5058,79.1468],[-84.4529,79.1483],[-84.3406,79.1323],[-84.1645,79.1309],[-84.0509,79.1047],[-84.0689,79.0831],[-84.0135,79.0749],[-83.9825,79.0511],[-83.4474,79.029],[-83.3632,79.0552],[-83.407,79.0657],[-83.5409,79.0471],[-83.6924,79.07],[-83.7133,79.0769],[-83.6928,79.0831],[-83.7274,79.0966],[-83.9612,79.1276],[-83.9944,79.1384],[-83.9801,79.1514],[-84.028,79.1589],[-83.9318,79.1924],[-83.9625,79.2204],[-84.0003,79.223],[-84.1428,79.1827],[-84.3296,79.1924],[-84.3177,79.2036],[-84.3222,79.2184],[-84.3501,79.2476],[-84.3358,79.2476],[-84.347,79.2629],[-84.4297,79.2971],[-84.4525,79.3711],[-84.4825,79.3793],[-84.4866,79.4127],[-84.8793,79.4874],[-84.896,79.4979],[-84.8846,79.5145],[-84.9683,79.5384],[-84.9664,79.5561],[-84.983,79.5687],[-85.049,79.5908],[-85.021,79.6175],[-85.3216,79.6797],[-85.6278,79.7091],[-85.8628,79.6981],[-86.4747,79.761],[-86.4961,79.7776],[-86.4819,79.8216],[-86.3785,79.8236],[-86.4536,79.8503],[-86.4747,79.8926],[-86.4493,79.9372],[-86.3963,79.963],[-86.3118,79.9737],[-85.8789,79.9415],[-85.5346,79.9355],[-85.4189,79.9056],[-85.3326,79.9001],[-85.2538,79.926],[-85.4248,79.9339],[-85.5214,79.9654],[-86.4411,80.0076],[-86.5347,80.0309],[-86.5838,80.0505],[-86.5877,80.0664],[-86.6454,80.111],[-86.6538,80.1369],[-86.5219,80.2413],[-86.5293,80.2482],[-86.5088,80.2898],[-86.5157,80.3028],[-86.5039,80.3091],[-85.8933,80.3384],[-85.3157,80.2685],[-84.6267,80.2787],[-84.0379,80.2685],[-83.7879,80.2509],[-83.3438,80.146],[-83.1133,80.0742],[-82.6776,79.9918],[-82.1709,79.8689],[-82.1047,79.8423],[-81.9648,79.7473],[-81.9859,79.7274],[-81.8311,79.6934],[-81.6706,79.6933],[-81.6866,79.6655],[-81.6775,79.6484],[-81.616,79.6244],[-81.6837,79.6103],[-81.7507,79.6263],[-81.7873,79.6114],[-81.6516,79.5942],[-81.587,79.6013],[-81.4532,79.6417],[-81.378,79.6429],[-80.5875,79.5692],[-80.6427,79.5908],[-80.6201,79.6041],[-80.0845,79.6512],[-79.9196,79.6485],[-79.752,79.707],[-80.4001,79.6897],[-80.4446,79.675],[-80.881,79.6539],[-81.3222,79.7206],[-81.5234,79.718],[-81.5334,79.7213],[-81.5061,79.7547],[-81.629,79.7684],[-81.5656,79.8066],[-81.6042,79.8614],[-81.659,79.8893],[-81.6617,79.9076],[-81.5675,79.926],[-81.4423,79.9267],[-81.4037,79.9397],[-81.4573,79.9542],[-81.9992,79.991],[-82.1687,80.0183],[-82.9424,80.2444],[-83.0017,80.2796],[-83.2056,80.3232],[-83.1592,80.3354],[-81.9886,80.404],[-81.6121,80.411],[-80.3523,80.4726],[-80.2926,80.4884],[-80.3616,80.5083],[-80.0512,80.5276],[-79.5097,80.538],[-79.4297,80.5528],[-79.0403,80.5498],[-78.9275,80.5644],[-78.8132,80.5555],[-78.6996,80.5703],[-78.0523,80.5691],[-78.0179,80.597],[-78.7851,80.6159],[-79.9643,80.6175],[-79.5684,80.6643],[-79.3916,80.6984],[-79.0788,80.7115],[-78.8499,80.7455],[-78.6383,80.754],[-78.5319,80.7807],[-78.3384,80.7829],[-78.1893,80.806],[-77.5073,80.8338],[-76.5691,80.8463],[-76.5153,80.8561],[-76.4835,80.8788],[-76.5892,80.9024],[-77.0244,80.8868],[-77.3895,80.9045],[-77.9976,80.9061],[-78.116,80.8883],[-78.8478,80.8577],[-78.9364,80.8788],[-78.862,80.9254],[-78.8784,80.9576],[-78.9267,80.9861],[-78.9091,81.0017],[-78.4697,81.1044],[-78.3946,81.1463],[-78.4766,81.1519],[-78.4442,81.1705],[-78.1597,81.1929],[-77.8421,81.2844],[-77.6242,81.3212],[-77.366,81.3402],[-77.1958,81.3765],[-77.0715,81.3756],[-76.9667,81.4062],[-76.7442,81.4405],[-76.8539,81.4553],[-78.1917,81.3052],[-78.4829,81.2256],[-78.6829,81.1918],[-78.7576,81.1389],[-78.69,81.1252],[-78.7368,81.1136],[-78.9441,81.1074],[-79.505,81.2003],[-79.4632,81.1754],[-79.0662,81.0911],[-79.107,81.071],[-79.2586,81.0638],[-79.3467,81.0017],[-79.2801,80.9874],[-79.1828,80.9957],[-79.1684,80.9875],[-79.195,80.9594],[-79.2794,80.9296],[-79.4112,80.923],[-79.4374,80.9061],[-79.4427,80.8847],[-79.6145,80.8276],[-79.9275,80.7977],[-80.057,80.7631],[-80.3574,80.7396],[-80.8756,80.6629],[-81.2171,80.6277],[-81.5528,80.6218],[-82.3763,80.556],[-82.7248,80.5535],[-82.9131,80.5394],[-83.1204,80.5478],[-83.1657,80.561],[-83.1683,80.5877],[-83.087,80.6472],[-82.8903,80.6586],[-82.8349,80.6846],[-82.1494,80.7269],[-81.9422,80.7614],[-81.76,80.8167],[-81.9703,80.8372],[-82.4224,80.7728],[-82.5081,80.7712],[-82.5786,80.7416],[-83.3018,80.6984],[-83.5259,80.7054],[-83.5482,80.7143],[-83.5277,80.7212],[-83.5686,80.7416],[-83.5264,80.758],[-83.3564,80.7695],[-83.1236,80.831],[-83.2737,80.8465],[-83.3837,80.8099],[-83.601,80.7794],[-83.658,80.7552],[-83.7061,80.7486],[-83.8628,80.7621],[-83.7747,80.7416],[-83.8099,80.7388],[-83.8292,80.7262],[-83.8267,80.7088],[-83.75,80.668],[-83.7195,80.6318],[-83.8017,80.5598],[-83.846,80.5441],[-84.397,80.51],[-84.6912,80.5317],[-84.9271,80.53],[-85.1214,80.5041],[-85.5506,80.5255],[-85.6509,80.5412],[-85.797,80.5304],[-85.8645,80.543],[-85.7957,80.5746],[-85.6345,80.6009],[-85.5629,80.6249],[-85.7853,80.6018],[-86.0502,80.5378],[-86.7491,80.6045],[-86.6883,80.651],[-86.5517,80.7162],[-85.7985,80.9463],[-85.6225,80.9803],[-85.3637,80.9955],[-85.1961,81.0228],[-85.0006,81.029],[-85.0149,81.0364],[-84.9773,81.0451],[-84.8841,81.0281],[-84.2195,81.0581],[-84.1421,81.0725],[-82.7528,81.1357],[-82.6992,81.1489],[-82.459,81.1606],[-82.3633,81.1799],[-84.2037,81.0957],[-85.1774,81.069],[-85.2798,81.0513],[-85.3931,81.0602],[-85.781,81.034],[-86.1116,80.9929],[-86.3669,80.9272],[-86.4619,80.8886],[-86.5631,80.8746],[-86.6255,80.8447],[-86.6181,80.8372],[-87.0639,80.7336],[-87.0991,80.6915],[-87.276,80.6318],[-87.7065,80.6455],[-87.8949,80.6749],[-88.1011,80.6808],[-88.6252,80.769],[-88.9314,80.7985],[-89.1846,80.8515],[-89.3864,80.8789],[-89.4621,80.9148],[-89.2719,80.9532],[-89.0255,80.9574],[-88.8607,80.9811],[-88.4132,80.9988],[-87.8301,80.9988],[-87.6186,80.9814],[-87.1381,80.9897],[-87.0291,81.0058],[-86.6992,81.0054],[-86.4581,81.0282],[-86.2814,81.0694],[-86.0157,81.0838],[-85.8583,81.076],[-85.8304,81.0842],[-85.9192,81.1116],[-85.8576,81.1332],[-85.751,81.1431],[-85.533,81.1892],[-85.1862,81.2343],[-84.8413,81.2613],[-84.7337,81.2835],[-84.7742,81.2996],[-84.8485,81.2905],[-84.9391,81.3102],[-85.245,81.2991],[-85.8752,81.2402],[-86.2002,81.189],[-86.2936,81.1522],[-86.5157,81.1252],[-86.9351,81.111],[-87.3885,81.0694],[-87.8596,81.0797],[-89.8262,81.013],[-90.1821,81.07],[-90.3189,81.1417],[-90.3528,81.1737],[-90.2981,81.1935],[-89.9836,81.2499],[-89.9167,81.2402],[-89.7933,81.2468],[-89.5586,81.2086],[-88.9339,81.2487],[-88.9947,81.2661],[-89.3874,81.2518],[-89.574,81.2858],[-89.8313,81.3037],[-89.9556,81.3306],[-89.9245,81.3422],[-89.6086,81.3639],[-89.4536,81.4064],[-89.2434,81.411],[-88.9909,81.4693],[-88.8861,81.4552],[-88.8179,81.461],[-88.9339,81.4815],[-88.8889,81.5005],[-87.9407,81.5361],[-87.9756,81.5224],[-87.8929,81.5108],[-87.7873,81.5237],[-87.5264,81.5169],[-87.284,81.4861],[-87.2487,81.4951],[-87.3135,81.5179],[-88.0476,81.5703],[-88.136,81.5572],[-88.2486,81.5635],[-88.235,81.5709],[-88.3427,81.5905],[-88.6129,81.5537],[-88.9785,81.5405],[-89.5143,81.4875],[-89.7852,81.4463],[-90.2582,81.3978],[-90.3503,81.376],[-90.4923,81.3708],[-90.552,81.3852],[-90.4831,81.3989],[-90.8599,81.4473],[-90.8336,81.4643],[-90.0899,81.5699],[-89.976,81.5676],[-89.9148,81.5964],[-89.6415,81.6017],[-89.5856,81.6323],[-90.0921,81.6261],[-90.0238,81.646],[-90.1336,81.6602],[-90.2366,81.696],[-90.2987,81.7041],[-90.3565,81.6907],[-90.3545,81.6781],[-90.2913,81.646],[-90.7159,81.6743],[-90.7806,81.6418],[-90.9287,81.6323],[-91.0076,81.6084],[-90.9623,81.5635],[-91.1012,81.5398],[-91.1104,81.5426],[-91.0994,81.5504],[-91.1439,81.56],[-91.47,81.5299],[-91.4085,81.5504],[-91.442,81.5851],[-91.4817,81.5962],[-91.8809,81.6186],[-91.9492,81.6323],[-91.9366,81.644],[-91.8672,81.646],[-91.9566,81.6602],[-91.9126,81.6702],[-91.7716,81.6671],[-91.8127,81.6801],[-91.7375,81.6944],[-91.7512,81.7005],[-91.7173,81.7209],[-91.7307,81.7285],[-91.618,81.7366],[-91.4844,81.7718],[-91.0508,81.765],[-91.0312,81.7695],[-91.1541,81.8037],[-91.0913,81.8304],[-91.0139,81.8423],[-90.7323,81.8393],[-90.6775,81.8655],[-90.6129,81.8767],[-90.2429,81.8998],[-89.9351,81.8856],[-89.9831,81.9028],[-89.8924,81.9011],[-89.7218,81.9233],[-89.6812,81.9135],[-89.7432,81.8998],[-89.6448,81.864],[-89.4621,81.8378],[-89.4826,81.8241],[-89.3354,81.809],[-89.3522,81.821],[-89.341,81.8305],[-89.1475,81.8856],[-89.1763,81.9005],[-89.4059,81.9109],[-89.4211,81.9203],[-89.4132,81.9296],[-89.3445,81.9465],[-89.2521,81.9487],[-89.0793,81.9141],[-88.9891,81.9277],[-89.0028,81.9402],[-88.9891,81.9476],[-89.058,81.9886],[-89.0074,82.0068],[-88.6807,82.0584],[-88.2366,82.0808],[-88.0705,82.1073],[-87.7934,82.0774],[-87.5879,82.0916],[-87.3728,82.0774],[-87.1936,82.0306],[-87.1736,82.0159],[-87.3176,81.9756],[-87.2896,81.9645],[-86.7279,81.893],[-86.7566,81.9152],[-86.814,81.9317],[-87.0898,81.956],[-87.1314,81.9756],[-86.844,81.9886],[-87.0014,82.032],[-86.9648,82.0515],[-86.6289,82.0587],[-86.1621,82.0458],[-85.9788,82.0165],[-85.3993,81.8569],[-85.3711,81.8651],[-85.406,81.8874],[-85.6402,81.9486],[-85.7342,81.9886],[-85.6837,82.0078],[-85.2679,82.008],[-85.2,81.9974],[-85.021,81.9203],[-84.9105,81.8951],[-84.7957,81.8856],[-84.9395,81.9309],[-85.0695,81.9886],[-85.032,81.9991],[-84.8659,81.9935],[-84.8233,81.9689],[-84.8293,81.9402],[-84.7745,81.9186],[-84.6033,81.893],[-84.6856,81.9241],[-84.7132,81.9681],[-84.7524,81.9912],[-86.7282,82.1374],[-86.8594,82.1903],[-86.8787,82.2083],[-86.848,82.2206],[-86.5583,82.2413],[-86.3578,82.2308],[-85.6725,82.245],[-85.5627,82.2746],[-85.401,82.277],[-85.3506,82.2903],[-85.4947,82.3237],[-85.4189,82.3517],[-85.5157,82.352],[-85.5352,82.3657],[-85.5009,82.4001],[-85.5484,82.4158],[-85.7063,82.4138],[-85.9192,82.4336],[-85.7619,82.4675],[-84.7084,82.483],[-84.6235,82.4525],[-84.946,82.4274],[-84.5206,82.3998],[-84.3836,82.3728],[-84.3911,82.366],[-84.3474,82.3533],[-84.1986,82.3728],[-83.6749,82.349],[-83.4268,82.303],[-83.37,82.272],[-83.3694,82.2493],[-83.3362,82.2283],[-83.034,82.1716],[-82.9517,82.1258],[-82.9792,82.0994],[-83.1304,82.0712],[-82.1018,82.0596],[-81.9471,82.0352],[-81.8766,82.0438],[-81.9449,82.0712],[-82.112,82.0994],[-82.5843,82.0948],[-82.627,82.1037],[-82.8371,82.1871],[-83.0185,82.2362],[-83.025,82.2852],[-82.9699,82.2984],[-82.5716,82.2472],[-82.4008,82.2472],[-82.1297,82.1902],[-81.588,82.1196],[-80.6148,82.0159],[-80.6088,82.0022],[-80.5682,81.9961],[-80.4403,82.008],[-80.0213,81.9676],[-79.6152,81.8591],[-79.5291,81.824],[-79.2306,81.8179],[-79.6809,81.9358],[-79.7111,81.9545],[-79.7036,81.9613],[-79.9234,81.9886],[-79.8346,82.0159],[-79.8637,82.0269],[-80.9337,82.1039],[-80.9742,82.1346],[-80.8693,82.1599],[-81.2919,82.1628],[-82.7116,82.3815],[-82.7315,82.4049],[-82.6809,82.4393],[-82.4973,82.5094],[-81.4788,82.5025],[-81.9136,82.5246],[-82.2943,82.5845],[-82.3968,82.6192],[-82.371,82.6461],[-82.328,82.6592],[-82.07,82.6743],[-81.4164,82.6313],[-80.887,82.535],[-80.5806,82.5434],[-80.6006,82.5588],[-81.0972,82.6727],[-81.1601,82.7171],[-81.4783,82.7659],[-81.5845,82.8005],[-81.5408,82.8237],[-81.4739,82.8303],[-80.3154,82.7864],[-80.2796,82.77],[-80.2926,82.7564],[-80.1424,82.7216],[-80.1834,82.7012],[-80.152,82.6808],[-79.847,82.6438],[-79.7992,82.6533],[-79.9848,82.6943],[-79.9008,82.7179],[-79.1265,82.6691],[-79.0382,82.6813],[-78.9409,82.6706],[-78.5479,82.676],[-78.5044,82.6881],[-79.895,82.7652],[-79.9309,82.7794],[-79.9234,82.798],[-79.9984,82.8036],[-79.9235,82.8223],[-79.6763,82.8315],[-80.3522,82.8644],[-80.4298,82.9004],[-80.2225,82.9197],[-80.1581,82.9393],[-79.3405,82.9755],[-79.2722,82.9543],[-79.1907,82.954],[-79.2177,82.9345],[-79.1235,82.9222],[-79.0794,82.9047],[-79.0736,82.8799],[-79.009,82.8747],[-78.7928,82.9437],[-78.606,82.9436],[-78.5089,82.9214],[-78.5124,82.8977],[-78.5591,82.8663],[-78.5187,82.8461],[-78.4206,82.8723],[-78.3747,82.8724],[-78.3656,82.8569],[-78.1754,82.8315],[-78.1066,82.8383],[-78.1791,82.843],[-78.2437,82.8663],[-78.202,82.8784],[-78.024,82.8609],[-78.0318,82.8762],[-78.114,82.8929],[-77.8522,82.926],[-77.1387,82.8669],[-76.9285,82.7905],[-76.9627,82.7762],[-76.7888,82.7584],[-76.5569,82.6755],[-76.281,82.6351],[-76.1667,82.6329],[-75.8938,82.5987],[-76.1512,82.5314],[-76.2637,82.4684],[-76.2183,82.4521],[-75.668,82.5937],[-75.4615,82.6008],[-75.4004,82.6192],[-76.1061,82.6881],[-76.0924,82.7012],[-76.2118,82.7084],[-76.2724,82.7264],[-76.3116,82.7564],[-76.2307,82.7742],[-76.0564,82.7703],[-75.9757,82.7905],[-76.3736,82.7905],[-76.5396,82.823],[-76.6678,82.8799],[-77.3872,82.9897],[-77.335,83.0133],[-77.134,83.037],[-77.175,83.0233],[-77.1304,83.0106],[-76.2366,83.035],[-76.1355,83.0537],[-75.4313,83.0401],[-75.2905,83.0233],[-75.187,83.0231],[-75.0569,83.0421],[-74.2,83.0021],[-74.0163,82.9619],[-74.0156,82.9425],[-73.9025,82.9134],[-73.8284,82.8657],[-72.5911,82.7012],[-72.6116,82.7154],[-72.5017,82.7291],[-73.1143,82.7915],[-73.373,82.848],[-73.3583,82.8588],[-73.453,82.9027],[-73.6531,82.9271],[-73.5735,82.9592],[-73.4361,82.9719],[-73.2478,83.0207],[-72.9327,83.0445],[-72.886,83.0581],[-73.0089,83.0581],[-72.9722,83.073],[-72.7021,83.0965],[-72.5916,83.1024],[-72.5017,83.0779],[-72.2738,83.1088],[-71.6276,83.1033],[-71.5832,83.0921],[-71.7667,83.0425],[-71.7961,83.0201],[-71.7652,83.0017],[-71.5695,82.9619],[-71.5832,82.9482],[-70.8371,82.8861],[-70.8672,82.9051],[-71.3089,82.9897],[-71.5012,83.0096],[-71.4806,83.0224],[-71.2691,83.0605],[-71.0903,83.0779],[-71.1244,83.0996],[-71.0129,83.1015],[-70.9081,83.0818],[-70.8371,83.0921],[-70.8917,83.0996],[-70.8174,83.1111],[-69.6875,83.1165],[-69.6577,83.1052],[-69.7335,83.0921],[-69.6652,83.0779],[-69.7744,83.0512],[-69.4517,83.037],[-69.6577,83.0028],[-69.617,82.9899],[-69.2144,83.0135],[-69.0393,83.0458],[-68.9999,83.0423],[-68.9763,83.0265],[-68.9862,82.996],[-68.9537,82.9831],[-68.6794,82.9831],[-68.5337,83.0096],[-68.1718,82.9991],[-68.1433,82.9897],[-68.1911,82.9482],[-68.1319,82.9332],[-67.9996,82.954],[-67.5968,82.9712],[-67.1802,82.9333],[-67.1155,82.9482],[-67.1179,82.9599],[-67.0977,82.9636],[-66.9373,82.9543],[-66.9789,82.9345],[-66.8953,82.9254],[-66.8524,82.926],[-66.7851,82.9584],[-66.6562,82.9414],[-66.2998,82.9345],[-66.3892,82.9209],[-66.3415,82.9072],[-66.3628,82.8941],[-66.8069,82.8315],[-66.8001,82.8247],[-66.8463,82.8121],[-67.1505,82.7927],[-67.2467,82.7702],[-68.4283,82.6848],[-68.6715,82.6397],[-68.6177,82.6304],[-67.442,82.6584],[-67.1023,82.7108],[-66.8601,82.7242],[-66.6676,82.7119],[-66.6356,82.7216],[-66.6772,82.7291],[-66.6295,82.7583],[-65.8516,82.8424],[-65.4925,82.8431],[-65.4569,82.8315],[-65.5259,82.8036],[-65.4928,82.7853],[-65.1553,82.77],[-65.3545,82.8036],[-65.1946,82.847],[-65.1007,82.852],[-65.1448,82.8668],[-65.3061,82.8724],[-65.2761,82.8787],[-65.2017,82.881],[-65.1324,82.8994],[-64.6967,82.9098],[-64.6557,82.9004],[-64.7152,82.8795],[-64.9031,82.8829],[-64.9368,82.8724],[-64.8865,82.8601],[-64.7103,82.8588],[-64.7513,82.8315],[-64.4429,82.7605],[-64.4024,82.77],[-64.4223,82.7837],[-64.3931,82.7922],[-64.3284,82.7908],[-64.1363,82.8374],[-63.4471,82.8267],[-63.3808,82.8036],[-63.3926,82.7874],[-63.3808,82.77],[-63.49,82.741],[-63.8531,82.7216],[-63.6515,82.7178],[-63.5384,82.7012],[-63.5589,82.6806],[-63.5393,82.6758],[-63.4832,82.6806],[-63.2299,82.6466],[-63.302,82.6236],[-63.3808,82.6254],[-63.3706,82.6118],[-62.9627,82.5935],[-62.9283,82.5708],[-63.0007,82.5636],[-63.0655,82.5373],[-63.0616,82.5156],[-63.1003,82.4829],[-63.1207,82.482],[-63.0933,82.4684],[-63.3095,82.4609],[-63.3733,82.441],[-63.035,82.4567],[-62.8699,82.5168],[-62.8327,82.5168],[-62.8196,82.4963],[-62.7978,82.4901],[-62.729,82.4889],[-62.7644,82.51],[-62.7393,82.5234],[-62.1747,82.5299],[-62.3012,82.5212],[-62.3318,82.51],[-62.3256,82.5025],[-62.3523,82.482],[-62.2574,82.4897],[-62.2368,82.5025],[-62.2573,82.51],[-62.099,82.51],[-62.1059,82.4963],[-61.5789,82.4889],[-61.3412,82.4502],[-61.137,82.3823],[-61.0855,82.3312]]],[[[-110.0037,72.7104],[-109.8387,72.6711],[-109.8179,72.6794],[-109.856,72.703],[-109.8174,72.7181],[-109.7734,72.7167],[-109.8,72.731],[-109.9105,72.7346],[-110.0037,72.7554],[-110.0037,72.9851],[-109.9053,72.9706],[-109.8834,72.9549],[-109.8833,72.9364],[-109.8549,72.9219],[-109.7592,72.9364],[-109.6226,72.916],[-109.6427,72.9001],[-109.7274,72.8964],[-109.7523,72.8812],[-109.3762,72.7713],[-109.4042,72.752],[-109.1833,72.767],[-109.1161,72.7446],[-109.1639,72.7241],[-109.0581,72.6889],[-108.946,72.6738],[-108.9408,72.6655],[-108.9574,72.6588],[-109.0336,72.6484],[-109.0252,72.624],[-109.0541,72.6075],[-109.0268,72.5938],[-109.0472,72.5733],[-108.8418,72.5733],[-108.889,72.5938],[-108.8678,72.6059],[-108.6334,72.5656],[-108.5897,72.5038],[-108.5941,72.484],[-108.6302,72.4653],[-108.6631,72.361],[-108.6439,72.3258],[-108.5911,72.2887],[-108.5343,72.2025],[-108.5402,72.1487],[-108.4845,72.1381],[-108.4428,72.1631],[-108.4024,72.1487],[-108.4377,72.1345],[-108.4135,72.1271],[-108.3961,72.0861],[-108.4003,72.0264],[-108.4166,71.9905],[-108.3525,71.9926],[-108.2931,71.9763],[-108.3409,71.9359],[-108.2242,71.97],[-108.1915,71.963],[-108.1883,71.9495],[-108.2211,71.9117],[-108.2943,71.8815],[-108.246,71.8328],[-108.2869,71.7987],[-108.1703,71.7541],[-108.1771,71.7373],[-108.246,71.723],[-108.1988,71.706],[-108.0976,71.7234],[-108.0467,71.7167],[-107.9919,71.6834],[-107.9778,71.6606],[-107.9852,71.6348],[-107.8325,71.6082],[-107.741,71.6181],[-107.7245,71.6348],[-107.8331,71.6792],[-107.8344,71.7099],[-107.8011,71.7344],[-107.6684,71.7082],[-107.5636,71.7752],[-107.2516,71.8061],[-107.399,71.8383],[-107.4725,71.8703],[-107.429,71.887],[-107.3072,71.8743],[-107.2516,71.9017],[-107.4167,71.929],[-107.4227,71.9772],[-107.6048,72.0109],[-107.6563,72.073],[-107.6147,72.0969],[-107.6632,72.1208],[-107.6352,72.1276],[-107.7792,72.1413],[-107.7728,72.1553],[-107.7948,72.251],[-107.8649,72.2958],[-107.8378,72.3074],[-107.7491,72.284],[-107.7178,72.3027],[-107.7345,72.3266],[-107.8481,72.3604],[-107.8039,72.3741],[-107.8065,72.3878],[-107.8649,72.4119],[-107.8719,72.4348],[-107.8087,72.4428],[-107.786,72.4634],[-107.8933,72.4735],[-107.9852,72.5181],[-107.8754,72.5249],[-107.8902,72.5476],[-107.8754,72.5733],[-107.9354,72.6069],[-108.0132,72.6205],[-107.9579,72.6422],[-108.0125,72.6638],[-108.0262,72.6799],[-108.0057,72.703],[-108.0836,72.7601],[-108.0565,72.7761],[-108.0677,72.8006],[-108.1392,72.8712],[-108.1425,72.8884],[-108.1055,72.9013],[-108.1047,72.9122],[-108.1634,72.9438],[-108.1678,72.9582],[-108.1361,72.9848],[-108.2347,73.0429],[-108.1566,73.0525],[-108.2655,73.1019],[-108.2983,73.1338],[-108.2589,73.176],[-108.1649,73.2061],[-107.8679,73.1896],[-107.9045,73.2126],[-108.0703,73.2436],[-108.1187,73.2688],[-108.1224,73.2927],[-108.1566,73.3063],[-108.1238,73.316],[-108.0132,73.3132],[-108.0876,73.3542],[-107.7934,73.3262],[-107.662,73.3284],[-107.454,73.2886],[-107.1724,73.195],[-107.0732,73.178],[-107.0397,73.1787],[-107.0114,73.1971],[-107.1287,73.2443],[-107.0834,73.2711],[-107.0877,73.2858],[-107.0052,73.3063],[-106.9571,73.2989],[-106.8734,73.3156],[-106.7767,73.2969],[-106.6759,73.2296],[-106.563,73.2131],[-106.5425,73.2204],[-106.5378,73.2367],[-106.5047,73.2344],[-106.4844,73.2238],[-106.4708,73.1896],[-106.423,73.1752],[-106.4056,73.1543],[-106.2684,73.1146],[-106.234,73.0872],[-106.0084,73.049],[-105.928,73.0653],[-105.8501,73.06],[-105.8293,73.0513],[-105.8307,73.0133],[-105.8193,73.0047],[-105.7541,72.9759],[-105.6068,72.9501],[-105.6409,72.9364],[-105.5248,72.8812],[-105.5589,72.8607],[-105.4632,72.8463],[-105.3672,72.7924],[-105.4013,72.7713],[-105.3188,72.7378],[-105.3815,72.7304],[-105.4822,72.7863],[-105.5106,72.7788],[-105.4286,72.7304],[-105.4565,72.703],[-105.2897,72.6544],[-105.2936,72.638],[-105.3467,72.6205],[-105.3157,72.5971],[-105.3188,72.559],[-105.2306,72.5454],[-105.2436,72.5324],[-105.2232,72.5181],[-105.2484,72.5007],[-105.1959,72.484],[-105.2106,72.4533],[-105.3051,72.4566],[-105.2095,72.3815],[-105.1378,72.3437],[-105.1217,72.3057],[-105.0138,72.2148],[-104.9663,72.1935],[-104.9625,72.1624],[-105.025,72.1333],[-105.0389,72.114],[-105.0126,72.0967],[-105.0246,72.073],[-104.9488,72.0588],[-104.9256,72.0246],[-104.8856,72.0009],[-104.8319,71.9317],[-104.8146,71.8619],[-104.7872,71.8448],[-104.6695,71.824],[-104.6405,71.7825],[-104.5831,71.7598],[-104.5249,71.6963],[-104.3803,71.6],[-104.3653,71.5772],[-104.4076,71.5107],[-104.3716,71.4816],[-104.3188,71.4697],[-104.3451,71.4219],[-104.2824,71.364],[-104.2813,71.3502],[-104.4076,71.3673],[-104.487,71.3476],[-104.497,71.3258],[-104.4405,71.2491],[-104.4774,71.1977],[-104.5448,71.1606],[-104.6274,71.1386],[-104.6478,71.1197],[-104.5912,71.0732],[-104.304,70.9729],[-104.2025,70.9553],[-104.1052,70.8981],[-103.9981,70.7619],[-103.8434,70.7431],[-103.6473,70.661],[-103.5718,70.6055],[-103.3085,70.598],[-103.272,70.591],[-103.1393,70.5106],[-102.9278,70.4991],[-102.9204,70.5176],[-102.946,70.5316],[-103.0303,70.5373],[-103.1252,70.5761],[-103.1612,70.661],[-103.1316,70.6823],[-103.0869,70.6775],[-102.8597,70.5966],[-102.8389,70.5596],[-102.8559,70.5347],[-102.8511,70.5163],[-102.4093,70.4255],[-102.2494,70.373],[-102.1922,70.3334],[-102.1262,70.345],[-101.9202,70.2637],[-101.8524,70.2617],[-101.8234,70.272],[-101.8113,70.3013],[-101.7903,70.3056],[-101.6928,70.3087],[-101.595,70.2773],[-101.5841,70.2723],[-101.6439,70.2248],[-101.6475,70.2044],[-101.6222,70.1644],[-101.5823,70.1325],[-101.5294,70.1129],[-101.5022,70.1266],[-101.4007,70.1343],[-101.3743,70.1769],[-101.2394,70.138],[-101.1432,70.1604],[-101.1184,70.1843],[-101.126,70.1955],[-101.0223,70.1862],[-100.9957,70.175],[-100.9763,70.1474],[-100.9957,70.0878],[-100.9267,70.0168],[-100.9473,70.0105],[-100.9267,69.9757],[-100.956,69.9496],[-100.9589,69.9249],[-100.9101,69.9116],[-100.8859,69.8869],[-100.8783,69.7829],[-100.9186,69.7464],[-100.9473,69.743],[-100.92,69.7197],[-100.9251,69.6997],[-100.9643,69.6645],[-101.0921,69.661],[-101.153,69.6922],[-101.2551,69.6679],[-101.2948,69.6705],[-101.3565,69.6962],[-101.3784,69.732],[-101.4302,69.7668],[-101.4715,69.8323],[-101.4264,69.8795],[-101.4257,69.9011],[-101.4574,69.9062],[-101.5529,69.7971],[-101.5694,69.7457],[-101.6381,69.6955],[-101.6735,69.6467],[-101.7068,69.6912],[-101.8507,69.7471],[-101.9198,69.7316],[-101.9372,69.7396],[-102.0221,69.8039],[-102.0297,69.8472],[-102.0467,69.8553],[-102.157,69.8323],[-102.1786,69.8549],[-102.1672,69.8832],[-102.1794,69.9018],[-102.225,69.9205],[-102.253,69.9125],[-102.2358,69.8529],[-102.2962,69.8532],[-102.3457,69.8323],[-102.2972,69.7976],[-102.3359,69.767],[-102.374,69.7643],[-102.3661,69.7908],[-102.3954,69.8176],[-102.4117,69.7791],[-102.4823,69.7902],[-102.5253,69.7603],[-102.5823,69.7435],[-102.6726,69.7694],[-102.6815,69.756],[-102.5784,69.6979],[-102.4872,69.6907],[-102.5076,69.6355],[-102.4952,69.5996],[-102.517,69.5854],[-102.5096,69.5642],[-102.5702,69.5487],[-102.715,69.5512],[-102.8179,69.5387],[-103.1574,69.6169],[-103.2976,69.6945],[-103.3798,69.6815],[-103.4207,69.7088],[-103.4896,69.6945],[-103.4789,69.6766],[-103.5101,69.6195],[-103.2208,69.5555],[-103.1884,69.533],[-103.1256,69.4399],[-103.0954,69.4581],[-103.0985,69.5151],[-103.0852,69.5233],[-103.0411,69.5153],[-103.0167,69.4822],[-103.0104,69.4481],[-102.9893,69.4208],[-103.0371,69.3662],[-103.0163,69.3262],[-103.0235,69.2803],[-103.0383,69.2574],[-103.0727,69.2404],[-103.2084,69.2011],[-103.2192,69.1402],[-103.1981,69.1203],[-103.1686,69.1176],[-103.1334,69.1669],[-103.0462,69.2025],[-102.9484,69.2979],[-102.8829,69.3283],[-102.8776,69.3618],[-102.8429,69.3847],[-102.5474,69.4135],[-102.4642,69.4807],[-102.2826,69.5036],[-102.0548,69.4844],[-101.9391,69.4206],[-101.9466,69.4059],[-102.0387,69.3574],[-102.1195,69.3665],[-102.1732,69.3525],[-102.1732,69.3184],[-102.1103,69.333],[-102.0378,69.288],[-102.0908,69.24],[-102.1557,69.2761],[-102.2106,69.2793],[-102.2358,69.2631],[-102.2165,69.2499],[-102.2215,69.2291],[-102.0898,69.1824],[-102.0672,69.1892],[-102.047,69.2294],[-102.0223,69.2426],[-101.9275,69.2615],[-101.854,69.2195],[-101.7716,69.1938],[-101.756,69.1601],[-101.7684,69.123],[-101.8659,69.0441],[-101.8113,69.0063],[-101.8468,68.9883],[-101.9645,68.9696],[-102.0574,69.0031],[-102.1673,68.953],[-102.3109,68.9404],[-102.4071,68.9547],[-102.3861,68.9274],[-102.3957,68.9169],[-102.5231,68.8655],[-102.6349,68.8659],[-102.7491,68.8995],[-102.7643,68.8921],[-102.702,68.8523],[-102.714,68.8397],[-102.8292,68.8304],[-102.9659,68.7987],[-103.1636,68.843],[-103.3314,68.8312],[-103.3612,68.8135],[-103.3531,68.7902],[-103.4154,68.7833],[-103.5681,68.8312],[-103.6193,68.8175],[-103.8649,68.8428],[-103.962,68.8659],[-104.0997,68.8585],[-104.2233,68.8933],[-104.2642,68.9479],[-104.3052,68.9404],[-104.2704,68.9069],[-104.4468,68.9416],[-104.5296,68.875],[-104.5936,68.8645],[-105.123,68.8964],[-105.2778,68.9547],[-105.222,68.963],[-105.1466,69.0019],[-105.0648,68.9875],[-105.0314,69.0031],[-105.0519,69.0168],[-104.9171,69.0479],[-104.9184,69.0751],[-105.0807,69.1062],[-105.127,69.0919],[-105.0773,69.0871],[-105.0389,69.0646],[-105.2572,69.0942],[-105.4579,69.1011],[-105.5485,69.154],[-105.8859,69.1765],[-105.9841,69.1471],[-106.0729,69.1601],[-106.204,69.1499],[-106.4121,69.1881],[-106.4019,69.237],[-106.2742,69.2881],[-106.2821,69.3147],[-106.3095,69.331],[-106.3175,69.4013],[-106.3509,69.4225],[-106.4405,69.4412],[-106.5117,69.4897],[-106.5839,69.5036],[-106.7411,69.4447],[-106.7513,69.3799],[-106.9634,69.3627],[-106.9909,69.3451],[-106.9927,69.3272],[-106.9591,69.2968],[-106.9264,69.239],[-106.9374,69.2156],[-106.9642,69.2011],[-107.0261,69.1979],[-107.0393,69.1881],[-107.0273,69.1523],[-107.1082,69.1637],[-107.1687,69.1369],[-107.2721,69.0578],[-107.3348,69.0256],[-107.475,68.9929],[-107.9412,68.9411],[-108.2317,68.9328],[-108.3272,68.9521],[-108.5395,68.947],[-108.5675,68.9342],[-108.5333,68.9069],[-108.5648,68.876],[-108.8028,68.7939],[-108.8661,68.784],[-108.9517,68.7424],[-109.0286,68.7268],[-109.3474,68.6981],[-109.6246,68.6417],[-109.9038,68.6387],[-109.9864,68.6252],[-110.2287,68.6279],[-110.3761,68.5764],[-110.4446,68.6113],[-110.5694,68.6191],[-110.6051,68.6169],[-110.6579,68.5895],[-110.7604,68.5848],[-110.9801,68.5484],[-111.0416,68.5643],[-110.8452,68.5952],[-110.8907,68.6121],[-111.0196,68.6029],[-111.1094,68.5807],[-111.3624,68.5874],[-111.4183,68.5786],[-111.371,68.5623],[-111.2054,68.5507],[-111.251,68.5197],[-111.5312,68.5438],[-112.2472,68.5159],[-112.2967,68.5255],[-112.3915,68.5029],[-112.6024,68.5078],[-112.6584,68.4749],[-112.749,68.4631],[-112.898,68.4749],[-113.244,68.4544],[-113.283,68.4606],[-113.3031,68.4749],[-113.2981,68.491],[-113.2117,68.5045],[-113.0391,68.4949],[-113.1034,68.537],[-113.3505,68.5915],[-113.4439,68.6466],[-113.4548,68.6689],[-113.4398,68.6872],[-113.452,68.7016],[-113.5508,68.7438],[-113.6681,68.8154],[-113.6617,68.8357],[-113.6192,68.8454],[-113.6692,68.8824],[-113.6721,68.9099],[-113.5719,68.9652],[-113.584,68.9769],[-113.5702,69.0298],[-113.6378,69.0298],[-113.6249,69.0429],[-113.5497,69.0441],[-113.6522,69.0884],[-113.6726,69.1328],[-113.6378,69.1396],[-113.7006,69.1635],[-113.6874,69.1827],[-113.6931,69.1949],[-113.5088,69.1745],[-113.5411,69.1907],[-113.8851,69.2311],[-113.9445,69.2589],[-114.1322,69.2506],[-114.2548,69.2837],[-114.3973,69.2882],[-114.8557,69.2529],[-114.9399,69.282],[-115.0065,69.2846],[-115.1125,69.2452],[-115.189,69.2427],[-115.9748,69.3002],[-116.0536,69.336],[-116.1457,69.3411],[-116.5277,69.4139],[-116.6327,69.4618],[-116.6214,69.477],[-116.5576,69.4959],[-116.6122,69.5369],[-116.5864,69.5442],[-116.5961,69.564],[-116.7631,69.5779],[-116.7084,69.5512],[-116.7329,69.5438],[-116.9281,69.6058],[-116.8481,69.6328],[-116.8558,69.6476],[-116.6348,69.63],[-117.1436,69.888],[-117.1237,70.0012],[-112.8988,70.0001],[-112.881,69.9889],[-112.8749,69.8323],[-112.6499,69.8334],[-112.6474,69.8562],[-112.6276,69.8593],[-112.4626,69.8502],[-112.4005,69.8695],[-112.3989,69.881],[-112.4277,69.8951],[-112.5286,69.8891],[-112.6591,69.9023],[-112.5842,69.9162],[-112.4998,69.9105],[-112.5,70.0001],[-110.0,70.0001],[-110.0037,72.4581],[-109.8083,72.4302],[-109.7803,72.4362],[-109.8031,72.4509],[-110.0037,72.4966],[-110.0037,72.5238],[-109.8857,72.4917],[-109.7877,72.5044],[-109.8272,72.5338],[-109.9106,72.559],[-109.9569,72.6078],[-110.0037,72.6273],[-110.0037,72.7104]]],[[[-96.6231,80.0443],[-96.7213,80.0541],[-96.773,80.0727],[-96.8017,80.0973],[-96.7827,80.1005],[-96.748,80.1401],[-96.7106,80.1481],[-96.3639,80.1415],[-96.0185,80.072],[-95.1693,80.034],[-94.8457,80.0454],[-94.4228,79.9822],[-94.3822,79.988],[-94.8074,80.0973],[-94.5458,80.1577],[-94.0875,80.1799],[-94.4921,80.2072],[-94.5028,80.2193],[-94.5857,80.2264],[-94.6934,80.1882],[-94.9598,80.1423],[-95.4015,80.1267],[-95.6981,80.1799],[-95.5592,80.21],[-95.3371,80.2094],[-95.232,80.2413],[-95.2636,80.251],[-95.376,80.2277],[-95.5627,80.2277],[-95.6125,80.2481],[-95.8824,80.2003],[-95.9691,80.2014],[-96.3216,80.2616],[-96.5683,80.2761],[-96.4652,80.3232],[-96.685,80.3437],[-96.6322,80.3644],[-96.4591,80.3437],[-96.4535,80.3574],[-96.423,80.3564],[-96.2482,80.3366],[-96.2189,80.3437],[-96.2803,80.3642],[-96.1646,80.3849],[-95.949,80.3915],[-95.8099,80.3695],[-95.6684,80.3716],[-95.4374,80.3437],[-95.4722,80.3716],[-95.4517,80.3785],[-95.4839,80.39],[-95.6861,80.4043],[-95.7922,80.4514],[-96.1022,80.4946],[-95.9646,80.5095],[-95.9219,80.5424],[-95.9036,80.5429],[-96.0074,80.5641],[-96.027,80.5839],[-95.296,80.5876],[-94.9815,80.6037],[-94.7617,80.5692],[-94.576,80.5554],[-94.2868,80.5666],[-94.0321,80.5487],[-93.9866,80.5582],[-93.9577,80.5498],[-93.9713,80.5429],[-93.9349,80.5219],[-93.7858,80.5293],[-94.0055,80.5914],[-94.3754,80.6174],[-94.5428,80.6079],[-94.6008,80.6418],[-94.6771,80.6658],[-94.6202,80.6934],[-94.0738,80.7074],[-94.1288,80.7282],[-94.314,80.7273],[-94.3106,80.7458],[-94.3343,80.7496],[-94.514,80.7259],[-94.6952,80.7341],[-95.0248,80.7714],[-95.0402,80.7825],[-94.8558,80.8099],[-94.8874,80.8198],[-95.1392,80.7973],[-95.4997,80.808],[-95.5336,80.8241],[-95.5194,80.831],[-95.5268,80.8371],[-95.4807,80.8493],[-95.1923,80.8724],[-95.15,80.8856],[-95.4352,80.8884],[-95.4852,80.9061],[-95.2991,80.9484],[-95.2711,80.9618],[-95.2318,81.0153],[-95.0387,81.0352],[-94.903,81.0637],[-94.4735,81.022],[-94.4573,81.0153],[-94.5126,80.988],[-94.4471,80.9675],[-94.3345,80.9855],[-94.2786,81.0178],[-94.1825,81.0056],[-94.105,81.0306],[-93.9366,81.0228],[-94.0738,81.0426],[-94.0388,81.0524],[-93.9093,81.0426],[-93.9702,81.0581],[-94.1702,81.0637],[-94.3599,81.1047],[-94.3024,81.1227],[-94.1557,81.0978],[-93.8236,81.1047],[-93.4916,81.07],[-93.5189,81.091],[-93.3135,81.0867],[-93.1558,81.0978],[-93.1831,81.1053],[-93.1217,81.1183],[-93.1831,81.1326],[-93.1,81.1564],[-93.1111,81.1767],[-93.1442,81.1911],[-93.252,81.2003],[-93.2172,81.2145],[-93.579,81.2241],[-93.7766,81.2071],[-93.9206,81.2095],[-94.1664,81.2232],[-94.3959,81.2617],[-94.3603,81.2929],[-94.2448,81.3293],[-94.2799,81.3442],[-94.1885,81.3666],[-93.6643,81.3394],[-93.5598,81.3101],[-93.5666,81.3033],[-93.4967,81.3203],[-93.4855,81.3348],[-93.5338,81.3512],[-93.5666,81.3791],[-93.5478,81.385],[-93.2577,81.3734],[-92.7064,81.3018],[-92.2369,81.2563],[-91.7983,81.1592],[-91.8473,81.1252],[-91.7853,81.091],[-91.915,81.0774],[-91.7081,81.038],[-91.5246,80.978],[-91.5301,80.954],[-91.5113,80.9368],[-91.3611,80.8996],[-91.2365,80.8337],[-91.1683,80.8241],[-91.1471,80.8131],[-91.154,80.79],[-91.1303,80.7647],[-91.0889,80.7486],[-90.7098,80.7033],[-90.5929,80.6528],[-90.6188,80.6319],[-90.7503,80.5942],[-90.7662,80.5762],[-90.7311,80.5667],[-90.5754,80.5646],[-90.5548,80.5788],[-90.4918,80.5634],[-90.0067,80.5419],[-89.7743,80.4641],[-89.7398,80.4709],[-89.8319,80.5293],[-89.6313,80.5317],[-89.6265,80.5429],[-89.3249,80.5368],[-89.058,80.4678],[-89.2572,80.399],[-89.2139,80.3929],[-89.1208,80.4096],[-89.0785,80.399],[-89.1302,80.3556],[-89.1058,80.3437],[-89.1657,80.3188],[-89.2605,80.3037],[-89.2558,80.2897],[-89.1588,80.2325],[-89.04,80.1938],[-88.5384,80.0991],[-88.4137,80.111],[-88.482,80.1451],[-88.3928,80.142],[-88.2449,80.1069],[-88.1461,80.1035],[-88.3993,80.1752],[-88.4274,80.1929],[-88.2931,80.174],[-88.2555,80.1867],[-88.3102,80.212],[-88.5093,80.2208],[-88.5934,80.2383],[-88.7086,80.2897],[-88.6577,80.3217],[-88.6501,80.3389],[-88.6806,80.3611],[-88.6811,80.3775],[-88.6442,80.3967],[-88.469,80.4399],[-87.7006,80.4126],[-87.6743,80.4038],[-87.6223,80.3471],[-87.6118,80.2686],[-87.5722,80.2282],[-87.5776,80.2003],[-87.5677,80.1833],[-87.6694,80.1621],[-88.0246,80.1385],[-88.0636,80.1252],[-87.9891,80.111],[-87.9867,80.0941],[-87.8987,80.0594],[-87.7141,80.0796],[-87.2394,80.0704],[-87.1688,80.0084],[-87.0085,79.9533],[-87.0352,79.939],[-87.2293,79.9189],[-87.3121,79.8737],[-87.4379,79.8611],[-87.4883,79.8372],[-87.3468,79.8425],[-87.0324,79.9125],[-86.962,79.9088],[-86.9713,79.8816],[-87.0646,79.7946],[-87.0569,79.7379],[-87.1313,79.6728],[-87.1358,79.6495],[-87.1887,79.6278],[-87.4107,79.5904],[-87.4473,79.5691],[-87.4447,79.5521],[-87.4609,79.5356],[-87.3412,79.5082],[-87.2806,79.5122],[-87.2213,79.5322],[-87.1593,79.5766],[-86.991,79.6035],[-86.8448,79.5932],[-86.8209,79.5841],[-86.8379,79.5498],[-86.8214,79.5467],[-86.7764,79.5561],[-86.769,79.5704],[-86.6938,79.5691],[-86.712,79.592],[-86.8173,79.6175],[-86.7194,79.6425],[-86.6204,79.652],[-86.3091,79.6481],[-86.0421,79.5691],[-86.0631,79.5629],[-86.0421,79.5486],[-86.1383,79.5219],[-86.0694,79.5076],[-86.0629,79.4905],[-86.0284,79.4809],[-86.1662,79.4599],[-86.0675,79.4362],[-86.0106,79.4392],[-85.9296,79.4904],[-85.8944,79.499],[-85.8987,79.5356],[-85.8618,79.593],[-85.7865,79.6174],[-85.6987,79.618],[-85.5638,79.5798],[-85.5351,79.5408],[-85.4192,79.4879],[-85.3944,79.4533],[-85.3246,79.4381],[-85.2469,79.397],[-85.0558,79.3568],[-84.936,79.3071],[-84.9186,79.296],[-84.9126,79.2707],[-85.196,79.234],[-85.2956,79.1964],[-85.4048,79.1906],[-85.5105,79.1662],[-85.633,79.1626],[-85.6765,79.1496],[-86.5039,79.0687],[-86.5628,79.049],[-86.552,79.0399],[-86.5975,78.98],[-86.7467,78.9591],[-86.8105,78.9732],[-86.912,79.0196],[-86.9436,79.0589],[-86.9683,79.0642],[-86.9879,79.0521],[-87.0011,78.9901],[-86.9849,78.9497],[-86.9402,78.9186],[-87.0361,78.8745],[-87.2218,78.8217],[-87.3098,78.8093],[-87.3921,78.7535],[-87.5292,78.6927],[-87.5367,78.6716],[-87.6492,78.643],[-87.8879,78.7065],[-87.9975,78.8112],[-87.9891,78.8571],[-87.9558,78.9065],[-87.9847,78.9643],[-87.7974,79.008],[-87.8383,79.0285],[-87.7452,79.0613],[-87.7284,79.0831],[-87.8055,79.079],[-87.9286,79.009],[-88.1737,78.9956],[-88.2083,78.9732],[-88.2165,78.9529],[-88.1871,78.905],[-88.2281,78.8299],[-88.2289,78.8045],[-88.1362,78.6869],[-88.3226,78.6732],[-88.3585,78.6579],[-88.022,78.6546],[-87.9071,78.596],[-87.8987,78.5742],[-87.9097,78.5524],[-88.0421,78.4793],[-88.2285,78.4636],[-88.5441,78.5896],[-88.5577,78.6102],[-88.8048,78.6102],[-88.7643,78.5984],[-88.7574,78.5891],[-88.7774,78.576],[-88.7535,78.5685],[-88.7563,78.5487],[-88.54,78.4169],[-88.571,78.3806],[-88.6737,78.3227],[-88.7367,78.2163],[-88.8113,78.1654],[-88.9989,78.1692],[-89.05,78.1817],[-89.2459,78.2621],[-89.352,78.3391],[-89.4908,78.3754],[-89.5514,78.4109],[-89.6575,78.4357],[-89.8043,78.5039],[-89.8354,78.5388],[-89.9009,78.5617],[-89.9555,78.5971],[-89.9486,78.6039],[-90.0062,78.6138],[-90.0667,78.6055],[-90.0858,78.5932],[-90.0832,78.5679],[-90.0995,78.5617],[-90.0511,78.5282],[-90.0587,78.5092],[-89.9961,78.4647],[-89.9822,78.4661],[-89.9888,78.4487],[-89.7872,78.3984],[-89.5992,78.2852],[-89.5682,78.237],[-89.472,78.1862],[-89.4552,78.1645],[-89.5748,78.1544],[-89.6261,78.1677],[-89.6519,78.2089],[-89.6952,78.2246],[-89.9014,78.2212],[-89.9604,78.2436],[-89.9555,78.2675],[-90.0465,78.3046],[-90.1388,78.3253],[-90.332,78.3364],[-90.5383,78.3227],[-90.7054,78.3354],[-90.7506,78.3227],[-90.5946,78.2912],[-90.3725,78.2875],[-90.3254,78.2744],[-90.3704,78.2563],[-90.3732,78.2408],[-90.2759,78.1865],[-90.288,78.1674],[-90.3527,78.1446],[-90.6036,78.1539],[-90.8841,78.1446],[-91.1846,78.1754],[-91.6044,78.1909],[-91.8595,78.2439],[-91.9699,78.2309],[-92.0245,78.2107],[-92.1163,78.227],[-92.1962,78.2613],[-92.1874,78.2769],[-92.2013,78.2825],[-92.3265,78.2886],[-92.2949,78.3041],[-92.1757,78.3153],[-92.2198,78.3323],[-92.3886,78.3085],[-92.5034,78.3132],[-92.6139,78.3364],[-92.6009,78.3569],[-92.6243,78.3649],[-92.8704,78.4053],[-92.9527,78.4367],[-92.9913,78.4661],[-92.9691,78.4896],[-92.8754,78.496],[-92.882,78.5071],[-92.5594,78.4936],[-92.491,78.5146],[-92.5667,78.5207],[-92.5427,78.5274],[-92.4705,78.5207],[-91.844,78.55],[-91.654,78.5299],[-91.6388,78.5465],[-91.6492,78.565],[-91.7373,78.5595],[-92.6559,78.6119],[-92.8114,78.6381],[-92.93,78.6238],[-92.9768,78.6043],[-93.2817,78.5947],[-93.4718,78.6518],[-93.3475,78.6784],[-93.3737,78.6883],[-93.5394,78.6784],[-93.8131,78.7678],[-93.7775,78.7827],[-93.5662,78.7863],[-93.1626,78.7399],[-93.0648,78.7418],[-93.0425,78.7523],[-93.0384,78.7678],[-93.5469,78.8386],[-93.8746,78.834],[-93.9603,78.8833],[-94.0627,78.9022],[-94.2716,78.9682],[-94.2935,78.9869],[-93.9318,79.0434],[-93.6092,79.0569],[-93.5758,79.084],[-93.47,79.1201],[-93.4642,79.1383],[-93.433,79.1565],[-93.3305,79.171],[-92.8404,79.1452],[-92.7511,79.165],[-92.5273,79.1677],[-92.2903,79.1531],[-91.8812,79.1635],[-91.3756,79.195],[-90.5281,79.2202],[-90.3664,79.2475],[-90.4166,79.2608],[-91.0442,79.2517],[-91.3546,79.23],[-92.0863,79.206],[-92.6273,79.2454],[-92.6959,79.2674],[-92.5644,79.3104],[-92.1348,79.3022],[-92.1832,79.3159],[-92.1427,79.3211],[-92.0625,79.3008],[-91.915,79.3022],[-91.6588,79.3356],[-91.1703,79.3544],[-91.1341,79.3642],[-91.1478,79.3773],[-91.1205,79.3916],[-91.7437,79.3642],[-91.8303,79.3432],[-92.3985,79.371],[-92.4954,79.3654],[-92.5478,79.3686],[-92.5804,79.3848],[-92.423,79.4177],[-92.2303,79.4326],[-92.2875,79.4575],[-92.6063,79.4506],[-92.8472,79.4127],[-92.9238,79.416],[-93.0867,79.4871],[-93.1345,79.483],[-93.147,79.4663],[-93.005,79.3916],[-93.0924,79.3708],[-93.3885,79.3432],[-93.2344,79.4182],[-93.2722,79.4514],[-93.321,79.4521],[-93.4125,79.4193],[-93.5058,79.3568],[-93.6544,79.3665],[-93.6765,79.3568],[-93.6622,79.35],[-93.6839,79.3432],[-93.6287,79.3227],[-93.786,79.2806],[-93.9298,79.2592],[-94.0465,79.2612],[-94.1527,79.2812],[-94.2109,79.2749],[-94.1611,79.2981],[-94.1654,79.3255],[-94.1441,79.3369],[-93.841,79.399],[-94.0919,79.3918],[-94.4801,79.4267],[-94.5126,79.4195],[-94.4907,79.405],[-94.4983,79.3848],[-94.4471,79.3916],[-94.3884,79.371],[-94.5298,79.3425],[-94.9607,79.2916],[-95.0023,79.2674],[-95.211,79.281],[-95.2388,79.2885],[-95.191,79.3159],[-95.2579,79.3178],[-95.3214,79.337],[-95.2135,79.3306],[-95.1637,79.35],[-95.2902,79.362],[-95.2847,79.3798],[-95.3077,79.3916],[-95.2804,79.4052],[-95.386,79.3998],[-95.3902,79.3773],[-95.7554,79.4062],[-95.78,79.4195],[-95.7528,79.4257],[-95.78,79.4326],[-95.6702,79.4468],[-95.78,79.4809],[-95.739,79.4855],[-95.7049,79.5076],[-95.7391,79.5424],[-94.7277,79.6105],[-94.3406,79.6862],[-94.3282,79.697],[-94.3617,79.7342],[-94.2934,79.7587],[-94.3003,79.7752],[-94.3708,79.7849],[-94.3884,79.7752],[-94.3686,79.7683],[-94.4165,79.7529],[-94.5738,79.7431],[-94.6155,79.7119],[-94.694,79.7064],[-94.7702,79.6821],[-95.1933,79.6474],[-95.8537,79.6524],[-96.1339,79.7373],[-96.2381,79.7434],[-96.253,79.7546],[-96.253,79.7888],[-96.2852,79.8065],[-96.4932,79.8372],[-96.3902,79.8645],[-96.4376,79.8695],[-96.5427,79.8484],[-96.5888,79.8571],[-96.5819,79.8645],[-96.6161,79.885],[-96.5613,79.9051],[-96.4064,79.9133],[-96.3773,79.905],[-96.3902,79.885],[-96.2807,79.9055],[-96.1369,79.9117],[-96.2074,79.9337],[-96.5579,79.9486],[-96.5956,79.9601],[-96.6776,80.0154],[-96.644,80.0277],[-96.3902,80.0489],[-96.6231,80.0443]]],[[[-79.5602,74.9915],[-79.4393,74.923],[-79.3343,74.9034],[-79.3952,74.8763],[-79.8158,74.8354],[-79.909,74.814],[-80.1667,74.8633],[-80.1459,74.9202],[-80.1966,74.9434],[-80.2055,74.9345],[-80.1902,74.8959],[-80.262,74.8794],[-80.2864,74.8959],[-80.3131,74.9416],[-80.4106,74.9018],[-80.3555,74.8703],[-80.1008,74.8276],[-80.1225,74.814],[-80.1008,74.7935],[-80.2155,74.7751],[-80.2454,74.7587],[-80.1288,74.7178],[-80.2047,74.6973],[-80.2107,74.6768],[-80.1766,74.6632],[-80.197,74.6426],[-80.1562,74.6369],[-80.1617,74.6238],[-80.2318,74.6018],[-80.2175,74.5875],[-80.265,74.5779],[-80.4475,74.5861],[-80.5419,74.5635],[-81.1153,74.5789],[-81.3202,74.5618],[-81.4378,74.526],[-81.6221,74.5009],[-81.7887,74.4584],[-82.068,74.4771],[-82.2262,74.5101],[-82.4217,74.5183],[-82.383,74.5465],[-82.3951,74.5645],[-82.4215,74.5727],[-82.4718,74.5607],[-82.4582,74.5533],[-82.4793,74.539],[-82.6062,74.5124],[-82.92,74.5515],[-83.085,74.6385],[-83.1173,74.6694],[-83.1304,74.7078],[-83.1177,74.7375],[-83.0956,74.7587],[-83.0375,74.7761],[-83.0411,74.7881],[-83.0819,74.7935],[-83.0785,74.8158],[-83.0988,74.8281],[-83.1893,74.8243],[-83.3588,74.8564],[-83.4917,74.9095],[-83.5625,74.8923],[-83.502,74.83],[-83.3557,74.7916],[-83.3319,74.7819],[-83.3222,74.7622],[-83.3911,74.7041],[-83.3837,74.6973],[-83.396,74.6841],[-83.4457,74.6632],[-83.4383,74.6563],[-83.4709,74.5947],[-83.4935,74.5778],[-83.6204,74.5456],[-83.6857,74.5544],[-84.0439,74.5432],[-84.2583,74.5065],[-84.5005,74.5128],[-84.6129,74.5029],[-84.6968,74.5267],[-84.8437,74.5048],[-84.9149,74.5124],[-84.9457,74.5556],[-84.9875,74.5744],[-84.9739,74.6116],[-84.9944,74.6489],[-84.9617,74.6629],[-84.9572,74.6811],[-85.008,74.7041],[-85.0016,74.6826],[-85.0762,74.6426],[-85.0491,74.6202],[-85.0626,74.5875],[-85.0353,74.539],[-85.0714,74.5131],[-85.1849,74.4931],[-85.3574,74.5056],[-85.3676,74.5172],[-85.3636,74.5465],[-85.4263,74.5875],[-85.4803,74.6743],[-85.5337,74.6901],[-85.5456,74.685],[-85.5356,74.6706],[-85.5555,74.6632],[-85.5362,74.6576],[-85.5226,74.6012],[-85.4823,74.5454],[-85.5303,74.5157],[-85.6039,74.498],[-86.1246,74.4844],[-86.0802,74.5499],[-86.1793,74.5942],[-86.1538,74.6079],[-86.1793,74.6222],[-86.2379,74.6014],[-86.224,74.5551],[-86.2899,74.508],[-86.38,74.4875],[-86.4408,74.4898],[-86.6614,74.5375],[-86.7108,74.5586],[-86.7211,74.5812],[-86.7569,74.5875],[-86.749,74.6154],[-86.7891,74.6229],[-86.803,74.6222],[-86.7919,74.5987],[-86.801,74.5494],[-86.6037,74.4714],[-86.911,74.4645],[-87.0023,74.498],[-87.0141,74.514],[-87.0392,74.5023],[-87.0296,74.4844],[-87.0499,74.4774],[-87.2593,74.4682],[-87.3347,74.4831],[-87.3728,74.526],[-87.2965,74.5465],[-87.4027,74.5371],[-87.4643,74.4844],[-87.6436,74.4583],[-87.6992,74.4598],[-87.7384,74.4748],[-87.7558,74.5199],[-87.8773,74.4819],[-88.0604,74.4774],[-88.1129,74.4849],[-88.1492,74.5119],[-88.2421,74.4814],[-88.5178,74.5012],[-88.5475,74.5217],[-88.5644,74.5734],[-88.5325,74.6299],[-88.4344,74.7011],[-88.4342,74.7253],[-88.4156,74.7312],[-88.4076,74.7528],[-88.4342,74.7656],[-88.297,74.7799],[-88.4888,74.7935],[-88.475,74.8197],[-88.4478,74.8344],[-88.5395,74.9038],[-88.5788,74.8961],[-88.5441,74.855],[-88.5549,74.8409],[-88.6191,74.8208],[-88.6143,74.8397],[-88.626,74.855],[-88.6613,74.8515],[-88.6949,74.8072],[-88.7526,74.7756],[-88.7473,74.7351],[-88.7646,74.7155],[-88.8476,74.665],[-88.8906,74.675],[-88.8792,74.6905],[-88.9182,74.7267],[-88.9098,74.766],[-88.9208,74.7861],[-89.0989,74.8407],[-89.0625,74.8024],[-89.0102,74.7861],[-89.0603,74.7222],[-89.2703,74.7587],[-89.2088,74.7215],[-89.0989,74.6871],[-89.1474,74.6079],[-89.2481,74.5835],[-89.3818,74.5877],[-89.4344,74.5533],[-89.5781,74.5465],[-89.5713,74.5533],[-89.5957,74.558],[-89.7012,74.536],[-89.9185,74.5273],[-89.9486,74.5328],[-89.9828,74.5844],[-90.0087,74.5906],[-90.1107,74.5547],[-90.3732,74.6018],[-90.3118,74.6291],[-90.473,74.6049],[-90.5638,74.6086],[-90.7301,74.6632],[-90.7637,74.7178],[-90.7233,74.7383],[-90.8462,74.7253],[-90.8741,74.6973],[-90.9055,74.687],[-91.025,74.7041],[-90.9923,74.7383],[-90.8941,74.7609],[-90.8148,74.8174],[-90.7568,74.8344],[-90.7471,74.8507],[-90.7568,74.8829],[-90.7868,74.8896],[-90.8413,74.8821],[-90.9014,74.8407],[-91.0994,74.7525],[-91.1702,74.7587],[-91.2304,74.7383],[-91.2278,74.7248],[-91.182,74.7041],[-91.1815,74.6872],[-91.0994,74.6291],[-91.2856,74.6359],[-91.2782,74.6426],[-91.3048,74.6632],[-91.2821,74.6787],[-91.2953,74.7052],[-91.3304,74.7209],[-91.3738,74.7041],[-91.3395,74.6888],[-91.3465,74.6632],[-91.3685,74.6486],[-91.5135,74.6447],[-91.6891,74.6837],[-91.6208,74.7116],[-91.666,74.7268],[-91.8126,74.7253],[-91.8006,74.707],[-91.821,74.7017],[-91.8808,74.7116],[-91.8058,74.7383],[-92.0185,74.7775],[-92.0627,74.8034],[-92.0565,74.8286],[-92.0137,74.855],[-92.0044,74.8891],[-92.0118,74.9096],[-92.0795,74.9369],[-92.0487,74.9482],[-92.0611,74.9628],[-92.2241,75.0325],[-92.203,75.0467],[-92.2024,75.0673],[-92.2303,75.074],[-92.1548,75.0966],[-92.0539,75.0878],[-92.0118,75.1014],[-92.1142,75.1361],[-92.0559,75.1532],[-92.2823,75.1408],[-92.3265,75.1498],[-92.3259,75.1662],[-92.3886,75.1772],[-92.3811,75.1907],[-92.504,75.218],[-92.4569,75.2522],[-92.4705,75.2932],[-92.4289,75.3415],[-92.3265,75.3757],[-92.463,75.3757],[-92.3808,75.4561],[-92.3,75.5125],[-92.1958,75.5567],[-92.0863,75.5707],[-92.0044,75.6016],[-92.0795,75.629],[-92.0118,75.6637],[-92.1531,75.7294],[-92.1757,75.7525],[-92.1047,75.8145],[-92.1164,75.8624],[-92.1846,75.8949],[-92.2667,75.8979],[-92.4128,75.9265],[-92.4612,75.9632],[-92.5303,75.9693],[-92.5543,76.0015],[-92.6197,76.0146],[-92.6487,76.0815],[-92.6356,76.1025],[-92.6661,76.1351],[-92.7599,76.1649],[-92.8009,76.2143],[-92.9275,76.237],[-93.0485,76.2954],[-93.0807,76.3223],[-93.0527,76.3353],[-93.0602,76.349],[-93.1283,76.3702],[-93.2899,76.3692],[-93.5911,76.2997],[-93.6697,76.3005],[-93.6212,76.3148],[-93.6349,76.3284],[-93.6773,76.3271],[-93.7659,76.2869],[-93.6349,76.2596],[-93.7037,76.2515],[-93.8427,76.27],[-94.0676,76.2594],[-94.1864,76.2841],[-94.6037,76.2737],[-94.6634,76.2869],[-94.6423,76.2943],[-94.6696,76.308],[-94.6634,76.3148],[-94.7491,76.3148],[-94.8481,76.2692],[-94.9992,76.2534],[-95.0607,76.2254],[-95.1639,76.2391],[-95.3902,76.2391],[-95.3836,76.2835],[-95.3578,76.3051],[-95.2902,76.288],[-95.0989,76.3072],[-95.0749,76.3148],[-95.0755,76.3268],[-95.0313,76.3342],[-94.8808,76.334],[-94.8415,76.3223],[-94.862,76.308],[-94.8434,76.3073],[-94.8006,76.3284],[-95.1258,76.3675],[-95.1764,76.3496],[-95.2686,76.3778],[-95.399,76.3579],[-95.4517,76.3695],[-95.4466,76.382],[-95.376,76.3967],[-95.4205,76.4009],[-95.5541,76.3831],[-95.8233,76.3991],[-95.9738,76.4359],[-96.109,76.4997],[-96.0573,76.524],[-95.7577,76.5273],[-95.5882,76.6096],[-95.6483,76.602],[-95.784,76.5547],[-95.8287,76.5685],[-96.027,76.555],[-95.9923,76.5817],[-96.1422,76.5835],[-96.1945,76.6149],[-96.2467,76.6227],[-96.2257,76.6369],[-96.3724,76.6376],[-96.4485,76.6604],[-96.4757,76.6905],[-96.4996,76.6957],[-96.6819,76.7117],[-96.767,76.6984],[-96.8715,76.7032],[-96.9656,76.7394],[-96.901,76.7468],[-96.8426,76.7735],[-96.9004,76.7864],[-96.9041,76.8015],[-96.8675,76.8137],[-96.7402,76.7939],[-96.6776,76.7735],[-96.6901,76.7634],[-96.663,76.7541],[-96.5356,76.77],[-96.4062,76.7467],[-96.3082,76.7598],[-96.4949,76.7801],[-96.5819,76.7735],[-96.5069,76.7872],[-96.5267,76.8015],[-96.5115,76.8081],[-96.4454,76.7939],[-96.3144,76.8083],[-96.5991,76.8408],[-96.6847,76.8668],[-96.8196,76.872],[-96.8661,76.9173],[-96.8511,76.9296],[-96.6577,76.9523],[-96.7414,76.9708],[-96.8284,76.9728],[-96.8184,76.9834],[-96.4796,76.9728],[-96.4857,76.9591],[-96.473,76.9592],[-96.3791,76.9894],[-96.267,76.9871],[-96.2467,77.0063],[-96.3082,77.0063],[-96.3014,77.0137],[-96.3219,77.0243],[-96.3902,77.0342],[-96.0013,77.0504],[-95.7707,77.0767],[-95.6673,77.0626],[-95.4237,77.0615],[-95.1916,77.0041],[-95.0028,76.997],[-94.9303,76.9789],[-94.508,76.9712],[-94.4947,76.9596],[-94.4983,76.9448],[-94.4555,76.9211],[-94.3073,76.9217],[-94.234,76.8906],[-94.1136,76.8878],[-93.964,76.9365],[-93.7009,76.921],[-93.6435,76.9021],[-93.5853,76.861],[-93.5065,76.8498],[-93.4634,76.8266],[-93.4165,76.8219],[-93.3885,76.8015],[-93.2855,76.7803],[-93.2991,76.7673],[-93.2728,76.7529],[-93.1968,76.7531],[-93.179,76.7199],[-93.1763,76.6811],[-93.2616,76.6264],[-93.265,76.596],[-93.3126,76.5698],[-93.2991,76.555],[-93.4847,76.4862],[-93.6561,76.4451],[-93.5607,76.3952],[-93.5072,76.3908],[-93.4574,76.4104],[-93.5609,76.4145],[-93.5803,76.4309],[-93.5052,76.4544],[-93.3619,76.4719],[-93.3197,76.4997],[-93.2451,76.5237],[-93.2178,76.555],[-93.1529,76.5678],[-93.0937,76.596],[-93.1148,76.6164],[-93.0793,76.6276],[-92.9503,76.6301],[-92.693,76.596],[-92.5238,76.6222],[-92.369,76.5991],[-92.2353,76.6231],[-92.1547,76.6192],[-92.0044,76.6643],[-91.4411,76.6937],[-90.9211,76.6433],[-90.8064,76.5875],[-90.5717,76.564],[-90.5327,76.5505],[-90.4974,76.5271],[-90.5309,76.5066],[-90.4694,76.4862],[-90.4927,76.4683],[-90.6534,76.4568],[-90.925,76.4862],[-91.0045,76.5201],[-91.025,76.4997],[-91.0106,76.4923],[-91.0736,76.4806],[-91.1451,76.4806],[-91.3494,76.5169],[-91.5655,76.4997],[-91.47,76.4862],[-91.4011,76.4588],[-90.9901,76.4514],[-90.9526,76.4377],[-90.6407,76.4172],[-90.5774,76.3916],[-90.4478,76.4113],[-89.2976,76.3005],[-89.1944,76.2482],[-89.2088,76.2254],[-89.2634,76.2254],[-89.3127,76.1968],[-89.3801,76.1845],[-90.4564,76.1777],[-90.4267,76.1628],[-90.0979,76.1501],[-90.0511,76.1361],[-90.0937,76.125],[-90.2367,76.1435],[-91.1615,76.1981],[-91.2372,76.2254],[-91.6134,76.267],[-91.2577,76.2016],[-91.27,76.1892],[-91.3539,76.1777],[-91.4085,76.1497],[-91.3671,76.1448],[-91.2436,76.164],[-90.6681,76.1156],[-90.7301,76.1087],[-90.7438,76.0883],[-90.7723,76.0784],[-90.8667,76.0678],[-90.7193,76.0564],[-90.6204,76.088],[-90.552,76.0957],[-90.1882,76.0678],[-90.2298,76.0425],[-90.2912,76.0318],[-91.1046,76.0346],[-91.1615,76.0207],[-91.1107,76.0125],[-90.9892,76.0209],[-90.943,76.0063],[-91.0721,75.9927],[-90.9583,75.9668],[-90.9472,75.9429],[-91.1478,75.9033],[-91.1205,75.8698],[-91.1288,75.8361],[-91.0868,75.8494],[-91.0522,75.8828],[-91.0659,75.8965],[-90.9318,75.9234],[-90.853,75.9548],[-90.7978,75.9988],[-90.734,75.999],[-90.6749,75.9784],[-90.7363,75.9654],[-90.7003,75.9567],[-90.5519,75.986],[-90.4285,75.9722],[-90.5192,75.9404],[-90.5309,75.9169],[-90.5185,75.8988],[-90.4357,75.9357],[-90.3589,75.9486],[-90.3148,75.9744],[-90.2452,75.9695],[-90.1766,75.9391],[-90.1138,75.9374],[-90.079,75.9927],[-90.0486,76.0107],[-89.9638,76.016],[-89.9281,76.0063],[-89.9593,75.977],[-89.8478,75.9678],[-89.7961,75.9331],[-89.688,75.9033],[-89.7703,75.8437],[-89.7842,75.8214],[-89.7569,75.8071],[-89.7773,75.7941],[-89.7159,75.7941],[-89.6815,75.8214],[-89.5611,75.8427],[-89.5514,75.8555],[-89.6197,75.8555],[-89.6055,75.862],[-89.5148,75.8593],[-89.4416,75.8481],[-89.3187,75.8071],[-89.1977,75.7963],[-89.171,75.7835],[-89.1625,75.7652],[-89.2572,75.6358],[-89.4034,75.6173],[-89.6472,75.6224],[-89.6962,75.5925],[-89.7631,75.5812],[-89.7116,75.573],[-89.5985,75.5938],[-89.5446,75.5744],[-89.7084,75.5607],[-89.6755,75.5496],[-89.5412,75.5539],[-89.4145,75.5886],[-89.2085,75.586],[-89.1378,75.5218],[-89.1114,75.5168],[-89.1024,75.4887],[-88.9788,75.4682],[-88.9864,75.4492],[-88.9681,75.4376],[-88.9174,75.4304],[-88.7638,75.4377],[-88.7529,75.4819],[-88.8155,75.5508],[-88.9003,75.6091],[-88.7565,75.6458],[-88.7563,75.678],[-88.7224,75.6861],[-88.5799,75.6585],[-88.482,75.6091],[-88.3312,75.5607],[-88.2226,75.545],[-88.2014,75.5334],[-88.2001,75.5184],[-88.3038,75.4992],[-88.2281,75.4713],[-87.9684,75.5473],[-87.7508,75.5809],[-87.6694,75.5687],[-87.6334,75.5551],[-87.6159,75.5245],[-87.4957,75.4924],[-87.5121,75.4751],[-87.6056,75.4515],[-87.4669,75.456],[-87.433,75.4713],[-87.4237,75.5008],[-87.4903,75.5286],[-87.5094,75.5439],[-87.5075,75.5613],[-87.4029,75.5886],[-87.3656,75.6159],[-87.2657,75.623],[-87.1115,75.5948],[-87.0602,75.5512],[-86.7778,75.476],[-86.5799,75.4776],[-86.3648,75.4304],[-86.4193,75.4052],[-86.618,75.3689],[-86.4016,75.3763],[-86.1964,75.4154],[-85.9928,75.4222],[-85.5219,75.403],[-85.5809,75.4197],[-85.7919,75.4304],[-85.9079,75.4673],[-86.111,75.4849],[-86.1517,75.5088],[-86.0104,75.5359],[-85.7165,75.5573],[-85.5919,75.5971],[-85.5287,75.6016],[-85.5681,75.5723],[-85.2271,75.5607],[-85.3227,75.5744],[-85.2817,75.5886],[-85.296,75.6016],[-85.2134,75.6016],[-85.1793,75.629],[-85.0148,75.6433],[-85.0449,75.6558],[-84.8025,75.6562],[-84.5761,75.6243],[-84.5009,75.6358],[-84.6579,75.6501],[-84.6418,75.6705],[-84.6647,75.6911],[-84.2896,75.7133],[-84.178,75.7628],[-84.0192,75.7722],[-83.9181,75.8145],[-84.0006,75.8288],[-83.8392,75.8145],[-83.7362,75.8266],[-83.699,75.8214],[-83.7542,75.8071],[-83.6823,75.7918],[-83.5205,75.7987],[-83.3959,75.7486],[-83.1721,75.7546],[-83.1195,75.7401],[-82.6245,75.8207],[-82.331,75.8436],[-81.1131,75.7791],[-81.0951,75.76],[-81.2863,75.6637],[-81.0152,75.6363],[-80.5034,75.6616],[-80.4176,75.6364],[-80.3365,75.6379],[-80.0786,75.5861],[-80.0599,75.5682],[-80.0878,75.5477],[-79.9787,75.5499],[-79.95,75.5402],[-79.9955,75.5242],[-80.3418,75.4829],[-80.3758,75.4651],[-79.6498,75.4698],[-79.5738,75.4515],[-79.6597,75.45],[-79.6831,75.4377],[-79.5965,75.4019],[-79.4913,75.3825],[-79.4935,75.3681],[-79.5329,75.3552],[-79.5118,75.3485],[-79.5326,75.3273],[-79.6003,75.3188],[-79.6149,75.3037],[-79.5911,75.2899],[-79.4435,75.287],[-79.4534,75.2724],[-79.5118,75.2522],[-79.5169,75.2292],[-79.6285,75.1802],[-79.8336,75.1732],[-79.8483,75.155],[-79.9355,75.1413],[-79.9687,75.0975],[-80.2878,75.0629],[-80.3448,75.0399],[-80.4434,75.0399],[-80.2873,74.9938],[-80.1766,74.9853],[-80.2762,74.9686],[-80.2746,74.9565],[-80.2491,74.9535],[-80.1063,74.9737],[-80.0593,74.9609],[-80.0257,74.9853],[-79.7799,75.0325],[-79.592,75.0206],[-79.505,74.999],[-79.5602,74.9915]]],[[[-96.3213,72.4669],[-96.3036,72.4267],[-96.3393,72.4122],[-96.3985,72.4101],[-96.4599,72.369],[-96.6644,72.3183],[-96.8768,72.3263],[-96.6459,72.2777],[-96.6066,72.2724],[-96.5819,72.2853],[-96.5547,72.2642],[-96.6161,72.2512],[-96.5741,72.2383],[-96.5342,72.2443],[-96.5266,72.197],[-96.4848,72.1285],[-96.5,72.0935],[-96.5284,72.0816],[-96.8693,72.0451],[-96.6645,72.0178],[-96.5158,72.0422],[-96.4932,72.028],[-96.515,71.971],[-96.5408,71.9545],[-96.5751,71.9495],[-96.6263,71.9632],[-96.7669,71.9223],[-96.7174,71.9044],[-96.5615,71.9359],[-96.5013,71.9315],[-96.4932,71.9154],[-96.5888,71.8207],[-96.7377,71.7991],[-96.7464,71.8161],[-96.7384,71.8286],[-96.6776,71.8397],[-96.7086,71.8546],[-96.7396,71.8524],[-96.8294,71.8131],[-96.9616,71.8068],[-97.0798,71.718],[-97.0829,71.7031],[-97.2119,71.6665],[-97.3016,71.657],[-97.4612,71.6174],[-97.6853,71.6184],[-97.7638,71.6459],[-97.9698,71.6615],[-98.1449,71.6479],[-98.2528,71.67],[-98.3593,71.7344],[-98.3186,71.8118],[-98.2131,71.8813],[-98.2152,71.8938],[-98.2462,71.8952],[-98.2603,71.9017],[-98.2547,71.9079],[-98.295,71.9017],[-98.2603,71.8676],[-98.3435,71.8608],[-98.48,71.7672],[-98.5005,71.723],[-98.3979,71.7082],[-98.393,71.7013],[-98.4111,71.6963],[-98.3754,71.6524],[-98.3213,71.6461],[-98.2976,71.6174],[-98.1784,71.5864],[-98.1344,71.5437],[-98.0418,71.5312],[-98.2152,71.4094],[-98.3155,71.3872],[-98.5415,71.2922],[-98.6636,71.2989],[-98.6998,71.2922],[-98.6923,71.2779],[-98.73,71.2717],[-98.8276,71.3005],[-98.9676,71.3832],[-99.0209,71.3841],[-99.119,71.3498],[-99.2351,71.3496],[-99.2512,71.3837],[-99.282,71.4014],[-99.3177,71.4487],[-99.3161,71.4765],[-99.4123,71.5455],[-99.3745,71.5613],[-99.3713,71.5759],[-99.3852,71.5858],[-99.5617,71.6201],[-99.5995,71.6418],[-99.62,71.6988],[-99.6761,71.7264],[-99.673,71.7435],[-99.6935,71.7672],[-99.8201,71.8061],[-99.8644,71.8594],[-100.0355,71.8676],[-100.1186,71.8942],[-100.1439,71.9249],[-100.2757,71.9666],[-100.3787,72.0389],[-100.447,72.0588],[-100.4309,72.0646],[-100.4203,72.0935],[-100.4984,72.0967],[-100.5152,72.1208],[-100.4879,72.1276],[-100.5636,72.1413],[-100.6251,72.1686],[-100.6365,72.1865],[-100.7991,72.2113],[-100.8613,72.1959],[-100.8963,72.2093],[-100.9267,72.2034],[-100.9131,72.1898],[-100.9678,72.1754],[-101.0292,72.2034],[-101.0571,72.2369],[-101.023,72.2574],[-101.0838,72.2642],[-101.036,72.2779],[-101.167,72.3057],[-101.2162,72.3347],[-101.3562,72.3057],[-101.4032,72.2793],[-101.3998,72.2512],[-101.4486,72.2421],[-101.4953,72.2512],[-101.4707,72.2587],[-101.474,72.2729],[-101.6023,72.311],[-101.6958,72.2919],[-101.7176,72.3114],[-101.782,72.3088],[-101.8401,72.3265],[-101.8932,72.3604],[-101.8728,72.3811],[-101.8932,72.3952],[-101.7765,72.3952],[-101.7943,72.4121],[-101.9198,72.4082],[-101.9062,72.4225],[-101.9615,72.4703],[-101.9062,72.4703],[-101.934,72.4865],[-102.0653,72.5124],[-102.1393,72.5411],[-102.1675,72.5386],[-102.1557,72.531],[-102.1642,72.529],[-102.1948,72.5324],[-102.3419,72.5795],[-102.3928,72.5795],[-102.4133,72.6007],[-102.6142,72.6613],[-102.7423,72.7304],[-102.715,72.752],[-102.7503,72.7639],[-102.756,72.8123],[-102.602,72.9122],[-102.5955,72.9535],[-102.5679,72.9948],[-102.4848,73.0412],[-102.3519,73.06],[-102.3928,73.0661],[-102.2693,73.0729],[-102.2829,73.0872],[-102.0462,73.0803],[-101.9478,73.0935],[-101.9813,73.0661],[-101.9629,73.0537],[-101.9062,73.06],[-101.8993,73.0408],[-101.8668,73.0228],[-101.7628,73.019],[-101.7895,72.9848],[-101.7349,72.9705],[-101.8175,72.9705],[-101.7392,72.9277],[-101.6287,72.8923],[-101.5979,72.9223],[-101.5438,72.9221],[-101.5984,72.9084],[-101.5223,72.8808],[-101.4635,72.8308],[-101.4555,72.8177],[-101.4686,72.8061],[-101.3551,72.7785],[-101.324,72.7856],[-101.365,72.8061],[-101.3406,72.8061],[-101.2768,72.7788],[-101.3111,72.7477],[-101.3687,72.7582],[-101.4134,72.752],[-101.3336,72.7248],[-101.1344,72.7116],[-101.056,72.6909],[-101.0035,72.7037],[-100.9472,72.6894],[-100.8746,72.6962],[-100.8101,72.7241],[-100.8722,72.7378],[-100.8464,72.7631],[-100.7558,72.7504],[-100.4818,72.752],[-100.4483,72.7381],[-100.348,72.7766],[-100.3166,72.8061],[-100.3334,72.8502],[-100.4203,72.875],[-100.393,72.8918],[-100.3966,72.9028],[-100.447,72.9221],[-100.3924,72.9501],[-100.5023,72.9637],[-100.447,73.0047],[-100.4674,73.019],[-100.406,73.0327],[-100.4203,73.0395],[-100.3834,73.0277],[-100.3514,73.0525],[-100.3104,73.0327],[-100.3594,73.0118],[-100.406,73.019],[-100.3814,73.0097],[-100.4166,72.9783],[-100.373,72.9514],[-100.3122,72.938],[-100.2825,72.9364],[-100.3063,72.9506],[-100.2938,72.9623],[-100.2688,72.96],[-100.2552,72.9331],[-100.265,72.9228],[-100.3297,72.9084],[-100.327,72.8843],[-100.3048,72.875],[-100.1353,72.8962],[-100.0718,72.8886],[-100.0644,72.901],[-100.0884,72.919],[-100.0355,72.9438],[-100.056,72.9501],[-100.0497,72.9637],[-100.1801,72.991],[-100.1693,73.0038],[-100.1112,72.9985],[-100.128,73.0154],[-100.1112,73.0327],[-100.1522,73.0327],[-100.1317,73.0463],[-100.2279,73.0525],[-100.1732,73.0798],[-100.2078,73.0981],[-100.3235,73.1009],[-100.262,73.1146],[-100.2961,73.1214],[-100.2798,73.1274],[-100.2279,73.1344],[-100.3149,73.1418],[-100.3636,73.1339],[-100.4584,73.0862],[-100.5295,73.0935],[-100.5193,73.116],[-100.6115,73.1481],[-100.5773,73.1794],[-100.5221,73.1828],[-100.5227,73.1915],[-100.4674,73.2033],[-100.5563,73.2313],[-100.447,73.2443],[-100.4538,73.2579],[-100.3514,73.2927],[-100.3651,73.2858],[-100.3565,73.274],[-100.2923,73.285],[-100.1995,73.2402],[-100.1044,73.2443],[-100.1385,73.2238],[-100.0387,73.1937],[-99.8111,73.1951],[-99.7686,73.2108],[-99.926,73.2138],[-100.0536,73.2452],[-100.1596,73.2927],[-100.2068,73.3337],[-100.3629,73.3996],[-100.3931,73.3945],[-100.3787,73.3815],[-100.406,73.3678],[-100.3887,73.3405],[-100.3371,73.3262],[-100.4776,73.3233],[-100.6581,73.2811],[-100.8579,73.2628],[-101.0316,73.3024],[-101.0424,73.3113],[-101.0292,73.3262],[-101.289,73.3601],[-101.3178,73.3747],[-101.3148,73.4005],[-101.4305,73.4156],[-101.4851,73.4435],[-101.5632,73.4495],[-101.5847,73.4572],[-101.5506,73.4572],[-101.5616,73.4686],[-101.6256,73.4914],[-101.5316,73.4956],[-101.4372,73.5534],[-101.2694,73.56],[-101.2551,73.5906],[-101.2298,73.6061],[-100.978,73.5944],[-100.9186,73.603],[-100.7691,73.5459],[-100.694,73.4777],[-100.6543,73.4615],[-100.5577,73.4536],[-100.4814,73.4116],[-100.44,73.4081],[-100.4203,73.4193],[-100.4826,73.4583],[-100.5892,73.4838],[-100.6043,73.4988],[-100.6031,73.5178],[-100.5432,73.567],[-100.5494,73.6005],[-100.6478,73.6007],[-100.6915,73.6244],[-100.7607,73.605],[-100.8747,73.6186],[-100.9131,73.6353],[-100.8773,73.6427],[-100.8579,73.6689],[-101.0479,73.6826],[-101.0572,73.696],[-101.0162,73.7172],[-101.0636,73.7315],[-101.1186,73.7241],[-101.095,73.7425],[-101.0119,73.7541],[-100.9814,73.7725],[-101.0292,73.7787],[-101.0049,73.8024],[-100.8858,73.814],[-100.8858,73.8321],[-100.7583,73.8144],[-100.7228,73.8174],[-100.6414,73.8543],[-100.4149,73.8437],[-100.3027,73.8095],[-100.1727,73.8],[-100.0699,73.773],[-100.0233,73.7378],[-100.0157,73.7549],[-100.0293,73.7656],[-99.9743,73.7961],[-99.9678,73.814],[-99.8611,73.8445],[-99.8461,73.8883],[-99.8888,73.8954],[-99.8785,73.8681],[-99.9144,73.8883],[-100.0293,73.8414],[-100.086,73.8318],[-100.262,73.8414],[-100.2477,73.855],[-100.303,73.8612],[-100.2492,73.9088],[-100.1155,73.9401],[-100.0013,73.95],[-99.8027,73.937],[-99.8375,73.9022],[-99.789,73.8681],[-99.7731,73.8768],[-99.7013,73.8476],[-99.5147,73.8339],[-99.4464,73.7998],[-99.3931,73.7995],[-99.355,73.7769],[-99.2184,73.7394],[-99.2062,73.7315],[-99.2096,73.7193],[-99.2478,73.6967],[-99.1795,73.6906],[-99.1634,73.6954],[-99.1485,73.7414],[-99.1286,73.7518],[-98.8386,73.7617],[-98.7891,73.7377],[-98.7474,73.7649],[-98.6792,73.7774],[-98.0965,73.8183],[-97.9769,73.8486],[-97.9046,73.9022],[-97.7739,73.9189],[-97.7333,73.909],[-97.8358,73.8681],[-97.7683,73.8633],[-97.6134,73.8955],[-97.4612,73.8652],[-97.2604,73.8612],[-97.1937,73.8475],[-97.0688,73.7705],[-96.9564,73.7373],[-96.9382,73.6868],[-96.973,73.6627],[-96.9696,73.6408],[-96.9947,73.6259],[-97.172,73.5893],[-97.1778,73.5739],[-97.22,73.556],[-97.2777,73.5548],[-97.4486,73.5851],[-97.4555,73.5645],[-97.4317,73.5323],[-97.4846,73.5211],[-97.5919,73.5427],[-97.6439,73.5397],[-97.6311,73.526],[-97.6685,73.4821],[-97.6322,73.4604],[-97.5517,73.468],[-97.445,73.5026],[-97.348,73.4695],[-97.2202,73.4775],[-97.1832,73.4724],[-97.1648,73.4497],[-97.2541,73.4361],[-97.1838,73.4214],[-97.1505,73.3951],[-97.1778,73.3747],[-97.1727,73.359],[-97.1937,73.3513],[-97.2951,73.3664],[-97.7333,73.3063],[-97.8283,73.2783],[-97.869,73.2363],[-98.1893,73.1168],[-98.2316,73.0883],[-98.3486,73.0436],[-98.494,73.0179],[-98.5148,73.0047],[-98.4554,72.9958],[-98.4479,72.9797],[-98.4732,72.9637],[-98.4316,72.9434],[-98.453,72.9123],[-98.4462,72.8725],[-98.4176,72.861],[-98.3953,72.9049],[-98.2677,72.9774],[-98.1267,73.0128],[-98.0902,73.0327],[-98.0548,73.0263],[-97.9852,73.0441],[-97.6607,73.0367],[-97.256,72.9621],[-97.2262,72.9364],[-97.2507,72.935],[-97.2467,72.916],[-97.2738,72.8787],[-97.4186,72.8607],[-97.2663,72.8544],[-97.2194,72.8402],[-97.1772,72.8112],[-97.1649,72.7851],[-97.0908,72.7827],[-97.0256,72.7295],[-97.1853,72.6689],[-97.171,72.6484],[-97.1921,72.6422],[-97.1778,72.6347],[-97.1939,72.6151],[-97.0686,72.6142],[-96.932,72.6757],[-96.6591,72.714],[-96.5966,72.7463],[-96.6161,72.752],[-96.5376,72.752],[-96.5137,72.7241],[-96.5888,72.6968],[-96.4523,72.6422],[-96.4587,72.6199],[-96.4487,72.5964],[-96.4038,72.5659],[-96.4386,72.5386],[-96.3793,72.5401],[-96.325,72.486],[-96.3213,72.4669]]],[[[-80.1833,63.7676],[-80.1964,63.7529],[-80.4664,63.7273],[-80.5127,63.6825],[-80.5977,63.6369],[-80.774,63.5778],[-80.8446,63.5341],[-80.9181,63.5301],[-80.9346,63.5106],[-80.9341,63.4796],[-80.9856,63.4557],[-81.1249,63.4638],[-81.2215,63.5015],[-81.4545,63.5498],[-81.4977,63.5758],[-81.6606,63.582],[-81.7296,63.6309],[-81.7637,63.6411],[-81.8971,63.6367],[-82.0746,63.6918],[-82.2427,63.687],[-82.2626,63.6787],[-82.2602,63.6645],[-82.2875,63.685],[-82.3189,63.6594],[-82.4818,63.6852],[-82.493,63.7198],[-82.5516,63.743],[-82.5509,63.7573],[-82.5177,63.7966],[-82.3763,63.8284],[-82.3558,63.853],[-82.3558,63.8974],[-82.3709,63.913],[-82.5339,63.973],[-82.7394,63.973],[-82.8686,63.9868],[-83.0845,63.9582],[-83.1304,63.9792],[-83.1236,63.9935],[-83.1383,64.0067],[-83.0474,64.0629],[-82.9658,64.137],[-82.9721,64.158],[-83.0137,64.1916],[-83.0843,64.1898],[-83.1509,64.1717],[-83.2035,64.1221],[-83.3021,64.1406],[-83.4014,64.1095],[-83.4565,64.1253],[-83.5128,64.1204],[-83.5627,64.0956],[-83.6016,64.0457],[-83.6853,64.0141],[-83.6046,63.9304],[-83.6512,63.8694],[-83.5959,63.8222],[-83.6175,63.8205],[-83.6338,63.771],[-83.728,63.7823],[-83.7839,63.7685],[-83.9319,63.6894],[-84.0074,63.6714],[-84.0893,63.6099],[-84.1849,63.6302],[-84.2843,63.6268],[-84.3099,63.5977],[-84.4053,63.5548],[-84.4049,63.5273],[-84.4525,63.4797],[-84.4457,63.4591],[-84.4803,63.3934],[-84.5902,63.3151],[-84.6826,63.3],[-84.9544,63.1938],[-85.2739,63.1234],[-85.5098,63.1292],[-85.5853,63.1733],[-85.6352,63.2431],[-85.655,63.4177],[-85.6039,63.5212],[-85.6301,63.5737],[-85.5902,63.6133],[-85.617,63.6749],[-85.7063,63.6993],[-85.7137,63.7744],[-85.8198,63.7055],[-85.9539,63.6993],[-86.214,63.6509],[-86.2854,63.6461],[-86.4945,63.6714],[-86.6323,63.6645],[-86.8021,63.5749],[-86.8682,63.5618],[-87.0644,63.5548],[-87.1238,63.5636],[-87.1754,63.585],[-87.2145,63.623],[-87.2238,63.6601],[-87.1774,63.7304],[-86.8959,63.9302],[-86.5979,63.9969],[-86.5614,64.0163],[-86.4919,64.0231],[-86.3497,64.073],[-86.2174,64.0872],[-86.1929,64.1034],[-86.1832,64.124],[-86.196,64.1647],[-86.2106,64.182],[-86.2988,64.2187],[-86.3164,64.2338],[-86.2959,64.2679],[-86.3382,64.2819],[-86.3648,64.3088],[-86.3754,64.3746],[-86.3437,64.4113],[-86.4058,64.4385],[-86.3888,64.4747],[-86.383,64.5458],[-86.4194,64.5969],[-86.3529,64.6508],[-86.2382,64.8126],[-86.173,64.8296],[-86.2071,64.8501],[-86.182,64.8559],[-86.214,64.8911],[-86.1704,64.9075],[-86.1593,64.9394],[-86.2145,64.9726],[-86.2279,65.0039],[-86.2003,65.0555],[-86.1455,65.0952],[-86.1383,65.1135],[-86.1404,65.2],[-86.1739,65.2865],[-86.0973,65.3572],[-86.1412,65.3757],[-86.1515,65.3961],[-86.12,65.4446],[-86.0834,65.5621],[-86.066,65.5864],[-86.0283,65.6061],[-86.0284,65.665],[-85.9389,65.7632],[-85.6098,65.9105],[-85.4865,65.9241],[-85.4623,65.8807],[-85.5062,65.8387],[-85.4891,65.8203],[-85.4883,65.7966],[-85.4263,65.8022],[-85.3695,65.8396],[-85.201,65.8093],[-85.1719,65.7891],[-85.1719,65.7612],[-85.1527,65.7367],[-85.1839,65.7263],[-85.0737,65.6497],[-85.0524,65.6142],[-85.1117,65.5812],[-85.2506,65.5552],[-85.2864,65.56],[-85.3165,65.5415],[-85.2301,65.4934],[-85.0767,65.4564],[-85.0076,65.4157],[-85.0012,65.3965],[-85.019,65.3522],[-84.9313,65.2643],[-84.9318,65.2182],[-84.8153,65.2211],[-84.7473,65.2957],[-84.7548,65.3125],[-84.745,65.3515],[-84.5934,65.4841],[-84.5547,65.4859],[-84.4503,65.4623],[-84.4272,65.4498],[-84.4391,65.4142],[-84.3637,65.3851],[-84.16,65.347],[-84.1523,65.3322],[-84.2334,65.282],[-84.2303,65.2676],[-84.0985,65.2095],[-83.8771,65.1927],[-83.9181,65.1784],[-83.8825,65.1655],[-83.7752,65.1802],[-83.7248,65.163],[-83.5465,65.1623],[-83.3977,65.1366],[-83.3358,65.076],[-83.3398,65.0358],[-83.2223,64.9699],[-83.2084,64.9477],[-83.0011,64.9162],[-82.9561,64.8915],[-82.8838,64.8797],[-82.7732,64.7999],[-82.7145,64.781],[-82.6233,64.7812],[-82.5377,64.744],[-82.4247,64.7675],[-82.3367,64.7615],[-82.267,64.7259],[-82.2049,64.7197],[-82.2177,64.6912],[-82.0985,64.6872],[-82.0616,64.6514],[-81.8487,64.5347],[-81.7713,64.512],[-81.7525,64.4727],[-81.7745,64.4323],[-81.7525,64.384],[-81.7531,64.3615],[-81.7804,64.3259],[-81.7746,64.3092],[-81.7135,64.2542],[-81.6085,64.2096],[-81.588,64.1854],[-81.6091,64.1512],[-81.6066,64.1341],[-81.8826,64.0786],[-81.9396,64.0524],[-81.95,64.0681],[-81.9784,64.0482],[-81.9742,64.035],[-82.0001,64.0106],[-81.9916,63.9987],[-81.779,64.002],[-81.65,64.0285],[-81.4565,64.0378],[-81.4303,64.055],[-81.4508,64.0823],[-81.3988,64.1015],[-81.3826,64.0966],[-81.4098,64.0823],[-81.2983,64.0806],[-81.2451,64.0574],[-81.0585,64.0265],[-80.9737,63.9936],[-80.9307,63.9935],[-80.9037,64.0108],[-80.9791,64.0687],[-80.9307,64.1034],[-80.9512,64.1301],[-80.8888,64.1226],[-80.7632,64.0735],[-80.6971,64.0163],[-80.5438,63.9849],[-80.5219,63.9697],[-80.5397,63.9594],[-80.5488,63.9332],[-80.4969,63.9177],[-80.5771,63.8979],[-80.7047,63.9184],[-80.6746,63.894],[-80.3794,63.8506],[-80.2796,63.8091],[-80.2045,63.8154],[-80.1697,63.7744],[-80.1833,63.7676]]],[[[-90.291,73.9233],[-90.1957,73.9022],[-90.2642,73.8448],[-90.2912,73.8476],[-90.3254,73.8755],[-90.3789,73.8584],[-90.3875,73.8476],[-90.3616,73.8269],[-90.3732,73.7924],[-90.5107,73.6979],[-90.7864,73.5568],[-90.939,73.5459],[-90.9834,73.5596],[-90.996,73.5512],[-90.9213,73.4981],[-91.0326,73.4442],[-91.0448,73.4156],[-91.0756,73.4077],[-91.1041,73.3773],[-91.1758,73.3542],[-91.2577,73.2722],[-91.3043,73.2559],[-91.5956,73.2436],[-91.6339,73.2313],[-91.3773,73.2134],[-91.3763,73.2032],[-91.4737,73.1344],[-91.4973,73.1009],[-91.6456,73.0224],[-91.6515,72.9847],[-91.7716,72.9229],[-91.8577,72.848],[-92.0118,72.7986],[-92.0958,72.7462],[-92.3849,72.7099],[-92.5832,72.7263],[-92.6287,72.7404],[-93.0482,72.7692],[-93.1145,72.7856],[-93.211,72.7856],[-93.301,72.8183],[-93.4032,72.7943],[-94.1557,72.7713],[-94.2866,72.7803],[-94.3208,72.7651],[-94.3336,72.7347],[-94.3143,72.7166],[-94.1859,72.7368],[-94.0195,72.7125],[-93.8758,72.7099],[-93.8128,72.7417],[-93.7874,72.7407],[-93.7795,72.7304],[-93.7965,72.7279],[-93.7932,72.6931],[-93.8236,72.6585],[-93.8168,72.6453],[-93.6283,72.6012],[-93.5603,72.566],[-93.5006,72.516],[-93.4642,72.4634],[-93.4921,72.4335],[-93.5492,72.4255],[-93.6228,72.3579],[-93.6849,72.335],[-93.811,72.3163],[-94.0266,72.155],[-94.0465,72.1003],[-94.0878,72.0635],[-94.2184,72.0526],[-94.2339,72.0324],[-94.129,72.0246],[-94.0568,72.0626],[-94.0266,72.0656],[-94.0738,72.0246],[-94.0328,72.0041],[-94.0675,71.998],[-94.0601,71.9836],[-94.0883,71.9794],[-94.1904,72.0041],[-94.2913,72.0029],[-94.345,72.0256],[-94.602,72.0109],[-94.7495,72.0153],[-95.1453,71.9659],[-95.1728,71.9733],[-95.109,71.998],[-95.2115,71.9942],[-95.1871,72.069],[-95.0886,72.1003],[-95.1939,72.0999],[-95.2012,72.1109],[-94.7904,72.1599],[-94.8407,72.1664],[-95.113,72.139],[-95.1767,72.155],[-95.1614,72.1607],[-95.2139,72.2048],[-95.1878,72.275],[-95.1705,72.2887],[-95.1767,72.3092],[-95.1637,72.3542],[-95.2115,72.3952],[-95.2353,72.4395],[-95.1432,72.4362],[-95.1985,72.4566],[-95.1357,72.4634],[-95.1847,72.4925],[-95.2152,72.5324],[-95.3139,72.5454],[-95.3486,72.5938],[-95.3139,72.6075],[-95.3632,72.6397],[-95.4365,72.657],[-95.4517,72.6832],[-95.5927,72.6994],[-95.5882,72.7241],[-95.6094,72.7304],[-95.5904,72.7434],[-95.5131,72.7378],[-95.5746,72.7713],[-95.5636,72.7863],[-95.6219,72.7864],[-95.6689,72.8022],[-95.6776,72.8232],[-95.663,72.8849],[-95.623,72.9296],[-95.6514,72.9464],[-95.6749,72.9828],[-95.7174,72.9971],[-95.7192,73.0115],[-95.6647,73.0226],[-95.6503,73.0395],[-95.6488,73.0574],[-95.6913,73.0872],[-95.6516,73.1186],[-95.5133,73.1337],[-95.5461,73.1564],[-95.582,73.1623],[-95.5885,73.2302],[-95.5609,73.238],[-95.5898,73.2467],[-95.5917,73.3026],[-95.6503,73.3337],[-95.6155,73.3473],[-95.622,73.3591],[-95.6019,73.3889],[-95.6443,73.4055],[-95.6852,73.4632],[-95.6748,73.4821],[-95.6292,73.5049],[-95.6565,73.5124],[-95.6359,73.5281],[-95.7049,73.5596],[-95.6435,73.567],[-95.6702,73.5869],[-95.6329,73.5945],[-95.5699,73.5754],[-95.5404,73.5807],[-95.6423,73.6303],[-95.7254,73.6415],[-95.6846,73.6679],[-95.7192,73.6906],[-95.6565,73.7042],[-95.6844,73.7172],[-95.6623,73.7309],[-95.4117,73.7764],[-95.3539,73.7519],[-95.3082,73.7676],[-95.2459,73.7597],[-95.0214,73.6706],[-94.8037,73.6489],[-94.6224,73.6557],[-94.6848,73.685],[-94.8402,73.6916],[-94.9105,73.7104],[-95.0743,73.7783],[-95.1159,73.814],[-94.9576,73.8414],[-95.0476,73.8612],[-95.1554,73.8273],[-95.2992,73.8795],[-95.3309,73.9175],[-95.3131,73.9737],[-95.2486,74.0099],[-94.8594,74.0568],[-94.7206,74.1014],[-94.4623,74.0976],[-94.3739,74.1323],[-93.919,74.1401],[-93.883,74.1291],[-93.8265,74.088],[-93.7572,74.0771],[-93.7249,74.0878],[-93.7501,74.0945],[-93.7659,74.1356],[-93.7298,74.1608],[-93.6676,74.1728],[-93.2726,74.178],[-93.0176,74.1415],[-92.8,74.1318],[-92.7511,74.1083],[-92.765,74.0932],[-92.7471,74.0851],[-92.6428,74.103],[-92.5171,74.0701],[-92.4302,74.0624],[-92.319,74.0244],[-92.2713,73.9922],[-92.334,73.9432],[-92.1309,73.9508],[-92.1142,73.9575],[-92.1074,73.9922],[-91.8145,74.0288],[-91.7758,74.0165],[-91.5724,74.0331],[-91.3705,74.0153],[-90.9939,74.0059],[-90.3497,73.9158],[-90.3326,73.9302],[-90.291,73.9233]]],[[[-97.4249,75.5197],[-97.4089,75.4716],[-97.3734,75.4416],[-97.2809,75.403],[-97.3316,75.3966],[-97.4723,75.4245],[-97.4988,75.4545],[-97.4983,75.4832],[-97.4795,75.4924],[-97.7242,75.5722],[-97.7606,75.5744],[-97.7498,75.5478],[-97.8563,75.5477],[-97.7612,75.5001],[-97.7474,75.4754],[-97.7738,75.4601],[-97.8231,75.465],[-97.8614,75.5124],[-97.9237,75.5196],[-97.9556,75.5076],[-97.9456,75.4924],[-98.0418,75.4849],[-97.9456,75.4713],[-98.0555,75.4583],[-98.0204,75.4491],[-97.9425,75.4544],[-97.7743,75.4241],[-97.8051,75.4144],[-98.0353,75.4155],[-98.0623,75.403],[-97.88,75.3743],[-97.9934,75.3552],[-97.9866,75.3689],[-98.0828,75.3552],[-98.0623,75.3757],[-98.123,75.3686],[-98.1647,75.3342],[-98.1169,75.3279],[-98.1374,75.3342],[-98.1063,75.3424],[-98.076,75.3279],[-98.1312,75.3143],[-98.1167,75.298],[-98.0572,75.2868],[-97.9736,75.3326],[-97.9305,75.3395],[-97.891,75.3279],[-97.953,75.3143],[-97.9456,75.3074],[-98.0008,75.2795],[-97.9115,75.2665],[-97.9249,75.2872],[-97.8978,75.3055],[-97.8514,75.2647],[-97.76,75.2379],[-97.7333,75.2112],[-97.7737,75.2132],[-97.8022,75.1976],[-97.6951,75.1924],[-97.6576,75.1833],[-97.6849,75.1702],[-97.6145,75.1541],[-97.5968,75.1566],[-97.6166,75.1634],[-97.602,75.1701],[-97.5688,75.1498],[-97.7277,75.1133],[-97.8129,75.1131],[-98.0133,75.1596],[-98.035,75.1772],[-98.0214,75.2112],[-98.1033,75.2255],[-98.0799,75.2076],[-98.151,75.1833],[-98.1238,75.1772],[-98.151,75.1702],[-98.1034,75.1411],[-97.9733,75.112],[-97.9443,75.0725],[-97.9443,75.0526],[-97.9593,75.0189],[-97.9758,75.0145],[-98.035,75.0263],[-98.7502,74.9884],[-98.7891,74.999],[-98.7469,75.0126],[-98.8568,75.0189],[-98.8431,75.0263],[-98.8636,75.0399],[-98.8369,75.0542],[-98.9002,75.0671],[-98.9667,75.0468],[-98.9416,75.0305],[-98.9387,75.0175],[-98.9542,75.0089],[-99.3743,74.9892],[-99.4055,74.999],[-99.3782,75.0126],[-99.391,75.0292],[-99.3783,75.0469],[-99.2808,75.11],[-99.282,75.1225],[-99.3058,75.1313],[-99.3896,75.0762],[-99.501,75.0325],[-99.4871,75.0156],[-99.4259,74.9915],[-99.4791,74.9964],[-99.6454,74.976],[-100.3688,75.0231],[-100.3979,75.0588],[-100.3876,75.1206],[-100.4333,75.1498],[-100.3985,75.1634],[-100.515,75.1871],[-100.5494,75.205],[-100.4881,75.2271],[-100.4165,75.2346],[-100.0175,75.2293],[-99.987,75.2386],[-100.2523,75.263],[-100.3537,75.2568],[-100.406,75.2733],[-100.2794,75.289],[-100.2477,75.3143],[-100.5029,75.2926],[-100.7821,75.3552],[-100.6492,75.3834],[-100.6046,75.3757],[-100.7003,75.362],[-100.6242,75.3494],[-100.5856,75.3527],[-100.5767,75.3689],[-100.4601,75.3703],[-100.4265,75.3825],[-100.5166,75.3946],[-100.5358,75.4099],[-100.5221,75.4099],[-100.5685,75.4271],[-100.7213,75.4377],[-100.0412,75.4572],[-100.0088,75.4713],[-100.3104,75.4787],[-100.2229,75.4897],[-100.0392,75.4802],[-99.9535,75.4992],[-100.2825,75.5272],[-99.83,75.5477],[-100.0423,75.5607],[-99.7037,75.5952],[-99.6655,75.6159],[-99.8641,75.6159],[-99.8096,75.6358],[-99.8232,75.6562],[-98.9604,75.6842],[-98.8942,75.6997],[-98.9312,75.7142],[-99.6655,75.678],[-99.5563,75.6985],[-100.2233,75.6667],[-100.2742,75.6516],[-100.3545,75.6562],[-100.4792,75.6419],[-100.5535,75.6501],[-101.0622,75.6153],[-101.3612,75.5783],[-101.3923,75.5886],[-101.3718,75.5948],[-101.4062,75.6068],[-101.4494,75.6077],[-102.0638,75.5477],[-102.2079,75.5539],[-102.4003,75.5402],[-102.6334,75.4981],[-102.6679,75.5041],[-102.6671,75.5272],[-102.6859,75.5367],[-102.7761,75.545],[-102.7286,75.5744],[-102.8817,75.6178],[-102.8214,75.6374],[-102.736,75.617],[-102.633,75.6159],[-102.702,75.6358],[-102.6671,75.6501],[-102.6877,75.678],[-102.5306,75.6985],[-102.5853,75.7115],[-102.5619,75.7255],[-102.2467,75.7244],[-102.1061,75.698],[-102.0093,75.7047],[-102.0924,75.7035],[-102.1191,75.7115],[-102.0912,75.7189],[-102.1173,75.7375],[-102.2358,75.7457],[-102.2227,75.7582],[-102.0912,75.7873],[-102.119,75.7995],[-102.3258,75.7838],[-102.3741,75.8105],[-102.3441,75.8376],[-102.2623,75.8698],[-101.833,75.9058],[-101.7816,75.8742],[-101.7076,75.8555],[-101.4544,75.8145],[-101.4748,75.7736],[-101.4459,75.7641],[-101.2758,75.7457],[-101.1511,75.7836],[-100.9881,75.7907],[-100.9132,75.8145],[-101.0497,75.8071],[-101.0292,75.8009],[-101.0644,75.7904],[-101.3588,75.7797],[-101.3275,75.8179],[-101.3718,75.8518],[-101.4149,75.8624],[-101.5074,75.8571],[-101.5506,75.8698],[-101.5532,75.8974],[-101.5895,75.9245],[-101.3992,75.9753],[-101.3035,76.0207],[-101.4136,76.0036],[-101.71,75.9897],[-101.8438,76.027],[-101.8963,76.0647],[-101.9088,76.0872],[-101.9029,76.1059],[-101.7423,76.1845],[-101.5436,76.2104],[-101.3855,76.2534],[-101.7867,76.2186],[-101.8499,76.2296],[-102.1028,76.2208],[-102.1676,76.2391],[-102.067,76.2586],[-102.0577,76.28],[-102.0779,76.2938],[-102.1948,76.2943],[-102.0521,76.3231],[-102.0986,76.349],[-101.9855,76.3558],[-101.9547,76.3695],[-102.0577,76.3967],[-102.0351,76.4128],[-101.8113,76.4588],[-101.4134,76.4377],[-101.3216,76.4145],[-101.2157,76.3706],[-101.0571,76.3284],[-101.0912,76.3112],[-101.1321,76.2452],[-100.8463,76.2106],[-100.7172,76.174],[-100.6251,76.123],[-100.7412,76.0957],[-100.4203,76.123],[-100.4556,76.1015],[-100.6251,76.0815],[-100.3539,76.0656],[-100.2059,75.9943],[-100.1678,75.9634],[-100.0702,75.9517],[-100.0826,75.9355],[-100.1522,75.9169],[-100.0993,75.9094],[-99.9996,75.9267],[-99.9757,75.9129],[-99.974,75.8828],[-99.9471,75.8752],[-99.8656,75.9079],[-99.7239,75.9169],[-99.6845,75.9357],[-99.6023,75.9424],[-99.5847,75.9632],[-99.5204,75.957],[-99.4403,75.9722],[-99.4914,75.9833],[-99.8184,75.9512],[-99.8641,75.9374],[-99.8667,75.9502],[-99.902,75.9548],[-99.8956,75.9714],[-99.8717,75.9784],[-99.8907,75.9895],[-99.9622,75.9909],[-99.9774,76.0098],[-100.0355,76.0131],[-99.9945,76.0405],[-100.0602,76.0425],[-100.0837,76.0526],[-100.1166,76.1037],[-100.2211,76.1361],[-100.1186,76.1361],[-100.1249,76.1497],[-100.0839,76.1605],[-99.6837,76.1238],[-99.4185,76.164],[-99.6996,76.1411],[-99.9942,76.205],[-100.1687,76.1904],[-100.4787,76.2338],[-100.511,76.2499],[-100.4951,76.2702],[-100.4446,76.2838],[-100.0771,76.2733],[-100.1317,76.2869],[-100.1249,76.2943],[-100.2142,76.308],[-100.1781,76.3176],[-100.0631,76.2869],[-99.897,76.2769],[-99.8437,76.2869],[-99.9966,76.2988],[-100.0218,76.308],[-99.9269,76.3223],[-100.0634,76.3284],[-100.1801,76.3632],[-100.1385,76.3831],[-100.2477,76.3695],[-100.3214,76.389],[-100.6753,76.381],[-100.963,76.4803],[-100.9882,76.5066],[-100.7316,76.532],[-100.7003,76.5407],[-100.7281,76.5612],[-100.3326,76.6447],[-100.2696,76.6496],[-99.8513,76.6099],[-99.7413,76.6369],[-99.6409,76.6374],[-99.5495,76.6096],[-99.6866,76.6022],[-99.523,76.5909],[-99.2911,76.5034],[-99.2546,76.4997],[-99.2615,76.5141],[-99.1637,76.5135],[-99.1385,76.4997],[-99.2573,76.4689],[-99.241,76.4482],[-99.1588,76.4157],[-99.0703,76.4042],[-99.1385,76.4551],[-99.1227,76.4649],[-99.0471,76.4554],[-98.9792,76.4728],[-98.9535,76.4677],[-98.953,76.4514],[-98.9309,76.4395],[-98.8506,76.4377],[-98.8915,76.4514],[-98.8568,76.4656],[-98.8781,76.4794],[-98.9729,76.5102],[-98.994,76.5334],[-99.056,76.5407],[-99.0376,76.5624],[-99.056,76.5817],[-99.015,76.5886],[-99.0287,76.6022],[-98.9047,76.6244],[-98.8341,76.6226],[-98.7816,76.6096],[-98.7799,76.5897],[-98.7518,76.5822],[-98.7267,76.5902],[-98.7339,76.6164],[-98.5482,76.6155],[-98.508,76.6369],[-98.5415,76.6432],[-98.4875,76.6574],[-98.5646,76.6657],[-98.7774,76.6508],[-98.8288,76.6584],[-98.8568,76.6779],[-98.4553,76.6821],[-98.408,76.6677],[-98.4305,76.6422],[-98.4216,76.6255],[-98.151,76.5886],[-98.2783,76.5817],[-98.4049,76.596],[-98.3679,76.5705],[-98.1859,76.5476],[-98.1581,76.5612],[-98.0758,76.5334],[-97.8063,76.5164],[-97.6651,76.4862],[-97.6992,76.4656],[-97.6648,76.4329],[-97.6684,76.4204],[-97.7331,76.3956],[-97.7527,76.3438],[-97.7886,76.3223],[-97.7197,76.308],[-97.7333,76.2869],[-97.7089,76.2708],[-97.5541,76.2255],[-97.5067,76.1907],[-97.5015,76.1438],[-97.5824,76.0892],[-97.5968,76.0336],[-97.6269,75.9932],[-97.6545,75.9821],[-97.6451,75.9415],[-97.5751,75.8828],[-97.5702,75.8652],[-97.6676,75.8024],[-97.9394,75.7457],[-97.6719,75.7258],[-97.6032,75.7047],[-97.4249,75.6985],[-97.3775,75.6798],[-97.3725,75.6594],[-97.4064,75.6264],[-97.405,75.5644],[-97.4186,75.5539],[-97.4249,75.5197]]],[[[-110.0037,75.9114],[-109.6857,75.9478],[-109.587,75.9839],[-109.4333,76.0036],[-109.3899,76.0207],[-109.4377,76.0336],[-109.2974,76.0391],[-109.2726,76.0541],[-109.3899,76.0678],[-109.3824,76.0883],[-109.308,76.1025],[-109.3444,76.1218],[-109.4894,76.1518],[-109.5422,76.1894],[-109.6996,76.195],[-109.725,76.205],[-109.6875,76.2104],[-109.6955,76.2247],[-109.8319,76.2408],[-109.9038,76.2316],[-109.8833,76.205],[-109.8934,76.1975],[-110.0037,76.2264],[-110.0037,76.4862],[-109.8616,76.4982],[-109.8083,76.4916],[-109.7052,76.5271],[-109.8492,76.5407],[-109.7598,76.5749],[-109.7803,76.596],[-109.6505,76.5886],[-109.6636,76.6164],[-109.5543,76.6301],[-109.5521,76.6749],[-109.5066,76.6984],[-109.4945,76.7228],[-109.3353,76.7598],[-109.3489,76.7735],[-109.3251,76.7889],[-109.1844,76.8219],[-109.0063,76.8288],[-108.9012,76.8161],[-108.8208,76.8344],[-108.7938,76.8607],[-108.7593,76.8629],[-108.6494,76.8145],[-108.69,76.7711],[-108.5323,76.767],[-108.4855,76.7571],[-108.4508,76.7326],[-108.4441,76.7033],[-108.4686,76.6863],[-108.5765,76.646],[-108.6491,76.6535],[-108.7319,76.6432],[-108.6872,76.6022],[-108.5387,76.5618],[-108.5333,76.5476],[-108.5483,76.5395],[-108.6289,76.5202],[-108.5259,76.5141],[-108.5911,76.4824],[-108.4849,76.4588],[-108.5872,76.4432],[-108.6159,76.4235],[-108.5897,76.4102],[-108.53,76.4158],[-108.3188,76.3964],[-108.2385,76.3558],[-108.1771,76.349],[-108.2242,76.3353],[-108.0809,76.2869],[-108.1287,76.28],[-108.115,76.2733],[-108.1385,76.2591],[-108.2115,76.2669],[-108.2317,76.2534],[-108.2142,76.2391],[-108.0876,76.2254],[-108.1199,76.2101],[-108.3776,76.1738],[-108.4098,76.1497],[-108.3969,76.132],[-108.4576,76.1025],[-108.3825,76.0883],[-108.4484,76.0712],[-108.4992,76.0405],[-107.889,76.0678],[-107.7307,76.039],[-107.6503,76.0058],[-107.6401,75.9892],[-107.6483,75.9728],[-107.7934,75.9306],[-107.7382,75.9169],[-107.7882,75.9026],[-107.8974,75.9011],[-107.9442,75.876],[-107.9368,75.8624],[-107.9994,75.8444],[-108.0467,75.8071],[-108.0188,75.7941],[-108.0262,75.7873],[-107.9786,75.7807],[-107.9215,75.7907],[-107.7206,75.8858],[-107.3672,75.9186],[-107.076,75.8994],[-107.0461,75.889],[-107.0939,75.8698],[-107.1076,75.8419],[-107.077,75.8153],[-106.9568,75.7941],[-107.0006,75.7912],[-107.0331,75.7736],[-106.9499,75.7525],[-106.967,75.7351],[-106.9617,75.7104],[-106.9294,75.6706],[-106.8809,75.6492],[-106.8749,75.6637],[-106.909,75.6985],[-106.8612,75.76],[-106.8823,75.7661],[-106.754,75.7958],[-106.6148,75.8009],[-106.6642,75.8144],[-106.8623,75.8256],[-106.8859,75.8382],[-106.891,75.8585],[-106.8686,75.9027],[-106.8914,75.9411],[-106.8749,75.9654],[-106.7187,76.0151],[-106.6317,76.0585],[-106.3398,76.0616],[-105.7599,75.9902],[-105.6068,75.9374],[-105.4665,75.8577],[-105.4429,75.8214],[-105.4634,75.8012],[-105.4571,75.7824],[-105.4224,75.7457],[-105.4634,75.7326],[-105.4022,75.6936],[-105.39,75.6534],[-105.4101,75.6312],[-105.4634,75.6159],[-105.4936,75.5655],[-105.5181,75.5539],[-105.6893,75.5272],[-105.6614,75.5067],[-105.7508,75.4924],[-105.6199,75.4813],[-105.5931,75.4651],[-105.7091,75.4197],[-105.6553,75.3776],[-105.6614,75.3552],[-105.7218,75.3378],[-105.7167,75.3279],[-105.7356,75.314],[-105.8122,75.3],[-105.8845,75.2665],[-105.9394,75.2147],[-105.8395,75.1833],[-105.8885,75.1669],[-105.8916,75.1457],[-106.0104,75.1342],[-106.0738,75.1046],[-106.0792,75.093],[-106.0033,75.0737],[-105.9978,75.0604],[-106.0089,75.0566],[-106.7602,75.003],[-106.786,74.9853],[-107.0052,74.9238],[-107.231,74.9201],[-107.5126,74.9434],[-107.6863,74.9822],[-107.6898,74.999],[-107.7245,75.0225],[-107.69,75.0397],[-107.6925,75.0759],[-107.7148,75.092],[-107.7717,75.1014],[-107.786,75.0952],[-107.7655,75.0877],[-107.7732,75.0754],[-107.7436,75.0527],[-107.7739,75.0344],[-107.8539,75.0137],[-107.9368,75.0058],[-107.9164,75.0126],[-107.9546,75.0211],[-107.9914,75.0126],[-107.9972,75.0007],[-107.9471,74.9721],[-108.0188,74.9506],[-107.9442,74.9369],[-108.4166,74.9171],[-108.5399,74.9412],[-108.5685,74.9605],[-108.807,74.9853],[-108.5122,74.9785],[-108.5965,75.0385],[-108.6521,75.0548],[-108.8242,75.0715],[-108.9442,75.0468],[-108.9715,75.0189],[-108.9374,75.0058],[-109.0336,75.0058],[-108.9926,74.9915],[-109.3572,74.9467],[-109.4103,74.9096],[-109.3899,74.9034],[-109.5323,74.867],[-109.5819,74.8581],[-109.8839,74.8706],[-110.0037,74.8526],[-110.0037,75.5447],[-109.0254,75.4987],[-108.91,75.4787],[-108.8964,75.4924],[-108.9268,75.5303],[-109.0336,75.5539],[-108.9941,75.5681],[-108.8555,75.5607],[-108.8964,75.5886],[-108.835,75.6227],[-108.9374,75.678],[-108.8281,75.6911],[-108.9579,75.7047],[-108.9926,75.7189],[-109.0677,75.7189],[-109.0615,75.7388],[-109.102,75.7501],[-109.4083,75.7788],[-109.4643,75.7941],[-109.4042,75.8009],[-109.6915,75.8071],[-109.6295,75.8344],[-109.7052,75.8481],[-109.6574,75.8698],[-109.7011,75.8804],[-109.7886,75.8642],[-109.8396,75.8709],[-109.8934,75.8522],[-110.0037,75.8787],[-110.0037,75.9114]]],[[[-105.6068,79.1036],[-105.6,79.1104],[-105.6278,79.165],[-105.5608,79.2355],[-105.4255,79.2851],[-105.4256,79.2964],[-105.4839,79.3022],[-105.4569,79.3293],[-105.4081,79.3343],[-105.1569,79.2999],[-103.7216,79.3633],[-103.657,79.3413],[-103.3724,79.3009],[-103.2904,79.3096],[-103.1209,79.2907],[-102.9962,79.2407],[-102.8795,79.2333],[-102.9278,79.2134],[-102.8937,79.1719],[-102.8249,79.165],[-102.7497,79.1241],[-102.6188,79.0967],[-102.6072,79.0765],[-102.6649,78.986],[-102.75,78.9682],[-102.7764,78.9459],[-102.5716,78.9459],[-102.5716,78.9316],[-102.6262,78.905],[-102.5921,78.8851],[-102.5989,78.8776],[-102.5256,78.8803],[-102.4027,78.9348],[-102.3798,78.967],[-102.427,79.008],[-102.4071,79.0142],[-102.4208,79.0142],[-102.1205,79.0427],[-101.9103,79.0912],[-101.6484,79.081],[-101.6269,79.0646],[-101.3054,78.9775],[-101.1671,78.9583],[-101.1337,78.9783],[-101.0142,78.9505],[-100.9882,78.9316],[-101.2079,78.8225],[-101.1852,78.8074],[-101.0354,78.8039],[-101.005,78.798],[-101.0019,78.7814],[-100.9064,78.7737],[-100.7646,78.8016],[-100.5954,78.8008],[-100.5212,78.8239],[-100.3498,78.8237],[-100.3268,78.8143],[-100.3164,78.7842],[-100.2739,78.7721],[-99.9904,78.7361],[-99.8921,78.6989],[-99.9277,78.6785],[-100.0343,78.657],[-100.0634,78.6381],[-99.9364,78.6238],[-99.8298,78.6393],[-99.7584,78.6039],[-99.5579,78.5987],[-99.5284,78.5834],[-99.6519,78.5425],[-99.5973,78.5351],[-99.6593,78.5071],[-99.6778,78.4841],[-99.8336,78.4576],[-99.8717,78.4389],[-99.798,78.4219],[-99.7629,78.4052],[-99.7481,78.3808],[-99.8027,78.3085],[-99.7703,78.2944],[-99.5339,78.2884],[-99.4328,78.2129],[-99.2956,78.1855],[-99.0445,78.0819],[-98.9462,78.0689],[-98.9667,78.0382],[-98.9701,78.0041],[-99.1038,77.9659],[-99.0703,77.9385],[-99.0804,77.9296],[-99.0723,77.9208],[-99.0172,77.8938],[-99.029,77.8827],[-99.1822,77.8437],[-99.7967,77.8194],[-99.8854,77.7861],[-99.9386,77.7829],[-100.1112,77.815],[-100.2795,77.819],[-100.389,77.844],[-100.61,77.864],[-100.6251,77.8703],[-100.6048,77.8839],[-100.6163,77.9006],[-100.7819,77.9726],[-100.8307,78.0153],[-100.8285,78.055],[-100.7629,78.0621],[-100.7621,78.083],[-101.0023,78.138],[-101.023,78.1583],[-101.0214,78.187],[-101.0597,78.2055],[-101.2626,78.1855],[-101.4984,78.2378],[-102.1608,78.2883],[-102.5925,78.2445],[-102.8022,78.2878],[-102.818,78.3119],[-102.7972,78.3288],[-102.6671,78.3637],[-102.7441,78.3806],[-103.6588,78.3211],[-103.9142,78.2744],[-103.9045,78.253],[-103.9465,78.2428],[-104.4657,78.2746],[-104.8196,78.3616],[-104.8688,78.3968],[-104.9904,78.4389],[-105.0464,78.5048],[-104.9753,78.54],[-104.8192,78.578],[-104.641,78.5834],[-104.0377,78.5207],[-103.7218,78.5243],[-103.5395,78.5004],[-103.4972,78.5065],[-103.4536,78.5396],[-103.4943,78.5661],[-103.3798,78.5896],[-103.435,78.6039],[-103.4002,78.6169],[-103.4394,78.6252],[-104.0106,78.6202],[-104.0445,78.6306],[-103.9103,78.6688],[-103.4828,78.6716],[-103.5306,78.7064],[-103.4596,78.7206],[-103.348,78.7217],[-103.3183,78.737],[-103.3258,78.7475],[-103.3586,78.7486],[-103.384,78.7746],[-103.4984,78.7883],[-103.5821,78.7465],[-103.6125,78.7535],[-103.592,78.7678],[-103.6161,78.7729],[-103.8179,78.7405],[-103.6951,78.7957],[-103.7209,78.8065],[-103.8118,78.7957],[-103.8892,78.8098],[-103.9073,78.7957],[-103.8937,78.7814],[-103.9923,78.7574],[-104.0482,78.7574],[-104.1,78.7772],[-104.1881,78.7767],[-104.2233,78.7883],[-104.149,78.8244],[-103.8563,78.8826],[-103.8316,78.8914],[-103.8322,78.905],[-104.0259,78.9442],[-104.0776,78.9863],[-104.2472,78.9971],[-104.2711,78.9907],[-104.2994,78.9587],[-104.3702,78.969],[-104.4563,78.957],[-104.5795,78.8633],[-104.8354,78.7998],[-104.9554,78.7982],[-105.0056,78.8071],[-105.0319,78.8262],[-105.01,78.8451],[-104.8328,78.9118],[-104.817,78.9402],[-104.6785,79.0111],[-104.7456,79.039],[-104.9534,79.0539],[-105.4025,79.0129],[-105.5635,79.0259],[-105.607,79.0554],[-105.5931,79.0768],[-105.6068,79.1036]]],[[[-80.9034,73.6074],[-80.8393,73.6238],[-80.8026,73.6707],[-80.8058,73.7204],[-80.8618,73.7514],[-80.5602,73.7725],[-80.3342,73.7589],[-80.1256,73.6979],[-80.0795,73.7023],[-80.0462,73.7315],[-80.0225,73.7341],[-79.95,73.7104],[-79.6461,73.6801],[-79.4503,73.6353],[-78.9743,73.6353],[-78.8463,73.6663],[-78.7654,73.6553],[-78.1138,73.6657],[-77.8635,73.6096],[-77.4281,73.5596],[-77.3208,73.5147],[-77.2135,73.5108],[-77.1483,73.4777],[-77.1619,73.464],[-77.0316,73.4025],[-77.0663,73.3815],[-77.0399,73.3588],[-76.9043,73.325],[-76.8497,73.3337],[-76.7144,73.3225],[-76.702,73.3063],[-76.7504,73.2989],[-76.7274,73.2778],[-76.5836,73.2192],[-76.5865,73.2045],[-76.6343,73.1698],[-76.4908,73.1224],[-76.2433,73.0935],[-76.319,73.06],[-76.2774,73.0525],[-76.3252,73.0327],[-76.2637,72.9985],[-76.3326,72.9705],[-76.2662,72.9443],[-76.1173,72.9417],[-76.0583,72.9017],[-76.0985,72.8892],[-76.106,72.8789],[-76.0856,72.8675],[-76.1251,72.847],[-76.319,72.8167],[-76.6639,72.8268],[-76.7337,72.8417],[-76.8189,72.8332],[-77.3194,72.8559],[-77.4233,72.8828],[-78.1169,72.8892],[-78.1709,72.8986],[-78.6417,72.8525],[-78.7096,72.8305],[-79.1754,72.7546],[-79.3909,72.7418],[-79.5684,72.7598],[-79.8278,72.8332],[-79.9486,72.8475],[-80.0018,72.8712],[-80.026,72.9151],[-80.1083,72.9705],[-80.1761,73.0456],[-80.1225,73.1214],[-80.1662,73.1345],[-80.1802,73.1591],[-80.1182,73.1845],[-80.1176,73.2015],[-80.1638,73.2334],[-80.2725,73.2528],[-80.3675,73.2397],[-80.4416,73.2575],[-80.7713,73.2791],[-80.8601,73.319],[-80.8717,73.3384],[-80.8481,73.361],[-80.896,73.3815],[-80.8692,73.3987],[-80.8783,73.446],[-80.8498,73.4753],[-80.8193,73.4907],[-80.6973,73.4844],[-80.7799,73.5049],[-80.8561,73.5449],[-80.9034,73.6074]]],[[[-95.2149,68.8622],[-95.2135,68.8493],[-95.2749,68.8],[-95.439,68.7396],[-95.5304,68.6784],[-95.5683,68.681],[-95.5475,68.7295],[-95.5951,68.756],[-95.7305,68.7318],[-95.7778,68.7414],[-95.8074,68.7294],[-95.7928,68.6992],[-95.8363,68.6868],[-95.8539,68.6686],[-95.8421,68.6195],[-95.8815,68.6103],[-95.9586,68.6291],[-95.9997,68.6257],[-96.0657,68.5826],[-96.1522,68.5644],[-96.2959,68.4801],[-96.5205,68.4476],[-96.9433,68.5265],[-97.0202,68.5466],[-97.102,68.5898],[-97.1443,68.5915],[-97.0962,68.5391],[-97.1593,68.5181],[-97.4081,68.5507],[-97.4645,68.5352],[-97.7108,68.6194],[-97.7886,68.6605],[-97.8378,68.6578],[-98.0418,68.7014],[-98.1193,68.675],[-98.2903,68.7582],[-98.2916,68.7734],[-98.2513,68.8115],[-98.255,68.8258],[-98.3638,68.8576],[-98.4066,68.8615],[-98.4254,68.8489],[-98.4006,68.7923],[-98.4111,68.7703],[-98.4394,68.7541],[-98.5224,68.7503],[-98.584,68.7944],[-98.6445,68.8039],[-98.7177,68.7914],[-98.8634,68.8344],[-98.8739,68.874],[-98.8185,68.9057],[-98.8197,68.9277],[-98.97,68.9547],[-99.0014,68.9479],[-99.0014,68.9211],[-99.0188,68.9092],[-99.1266,68.9206],[-99.0423,68.8659],[-99.1923,68.8298],[-99.2424,68.8558],[-99.4412,68.8994],[-99.4556,68.9119],[-99.4464,68.9274],[-99.463,68.9511],[-99.5973,69.0267],[-99.5777,69.0535],[-99.4613,69.1346],[-99.3497,69.1331],[-99.293,69.1611],[-99.2751,69.1471],[-99.2573,69.1544],[-99.2062,69.1396],[-99.0067,69.1391],[-98.9245,69.1777],[-98.7864,69.1777],[-98.7128,69.2021],[-98.6998,69.2222],[-98.7101,69.2565],[-98.6532,69.301],[-98.5551,69.2768],[-98.5148,69.3041],[-98.4096,69.3078],[-98.3932,69.3181],[-98.3927,69.3334],[-98.4111,69.3525],[-98.554,69.4064],[-98.6113,69.4492],[-98.5763,69.4805],[-98.4516,69.4645],[-98.4186,69.4761],[-98.5906,69.5203],[-98.5961,69.5581],[-98.5494,69.5851],[-98.3693,69.5683],[-98.2765,69.4991],[-98.1827,69.4674],[-98.1088,69.466],[-98.1101,69.4379],[-98.095,69.427],[-98.0238,69.4346],[-98.0008,69.4481],[-98.1562,69.5012],[-98.2902,69.589],[-98.3702,69.6058],[-98.3362,69.6374],[-98.3292,69.702],[-98.2838,69.7571],[-98.2194,69.7976],[-98.1169,69.8112],[-98.0215,69.8852],[-97.9252,69.8959],[-97.7067,69.8529],[-97.6764,69.8085],[-97.4753,69.7772],[-97.4521,69.7668],[-97.4388,69.742],[-97.3423,69.7088],[-97.3784,69.6918],[-97.4583,69.6892],[-97.4932,69.6741],[-97.3907,69.6002],[-97.3766,69.5976],[-97.315,69.6877],[-97.284,69.697],[-97.2248,69.6823],[-97.1215,69.6274],[-97.0842,69.5823],[-96.8934,69.4977],[-96.8566,69.4879],[-96.7935,69.4958],[-96.7123,69.4543],[-96.5342,69.4283],[-96.2198,69.314],[-96.1842,69.291],[-96.1711,69.2631],[-96.2059,69.2299],[-96.2231,69.1795],[-96.253,69.1601],[-96.2251,69.1408],[-96.2166,69.1189],[-96.2394,69.072],[-96.2256,69.0544],[-96.1747,69.0327],[-96.1234,69.0334],[-96.1566,69.0849],[-96.1369,69.1267],[-96.1548,69.1642],[-96.0773,69.232],[-96.0482,69.2297],[-96.0172,69.1844],[-95.952,69.1396],[-95.9247,69.085],[-95.9716,69.062],[-95.9746,69.04],[-95.9385,69.0056],[-95.8553,68.9691],[-95.8455,68.8906],[-95.8282,68.8759],[-95.7667,68.8933],[-95.7066,68.8842],[-95.678,68.8695],[-95.6576,68.8361],[-95.629,68.831],[-95.571,68.8351],[-95.3533,68.904],[-95.2149,68.8622]]],[[[-93.4369,74.9443],[-93.409,74.8891],[-93.4431,74.7693],[-93.4589,74.75],[-93.5666,74.7451],[-93.4722,74.7344],[-93.4574,74.7178],[-93.5331,74.6706],[-93.6077,74.6542],[-94.1952,74.6362],[-94.2862,74.6577],[-94.4512,74.6291],[-94.7242,74.6318],[-94.7733,74.6526],[-94.7901,74.6745],[-94.8286,74.6851],[-94.8712,74.6846],[-94.921,74.6638],[-95.067,74.6821],[-95.0886,74.6905],[-95.0538,74.7314],[-95.3054,74.8055],[-95.4425,74.7729],[-95.4647,74.7799],[-95.3828,74.8072],[-95.4604,74.8043],[-95.4802,74.7813],[-95.4517,74.7451],[-95.5113,74.7436],[-95.5402,74.7512],[-95.5466,74.773],[-95.4921,74.7998],[-95.5149,74.8141],[-95.6764,74.8189],[-95.7189,74.8466],[-95.7433,74.8361],[-95.7391,74.8208],[-95.8976,74.8259],[-95.9247,74.8344],[-95.8915,74.8359],[-95.87,74.855],[-95.9623,74.8632],[-96.0333,74.8959],[-96.0943,74.9059],[-96.1369,74.9369],[-96.0333,74.9506],[-96.0546,74.9727],[-96.1431,74.958],[-96.105,74.9918],[-96.0544,75.0126],[-96.0646,75.0236],[-96.1505,75.0189],[-96.1505,74.9853],[-96.1962,74.9638],[-96.2058,74.9306],[-96.2667,74.9096],[-96.3485,74.91],[-96.3876,74.9186],[-96.4038,74.9369],[-96.3841,74.9592],[-96.3976,74.9853],[-96.3317,74.9783],[-96.3213,74.9884],[-96.3295,75.0041],[-96.5198,75.0058],[-96.5898,74.9848],[-96.6161,74.9915],[-96.5888,75.0325],[-96.6046,75.0648],[-96.5981,75.0755],[-96.5751,75.0815],[-96.5819,75.0952],[-96.5089,75.1395],[-96.477,75.1701],[-96.4694,75.1944],[-96.388,75.18],[-96.3697,75.1976],[-96.4038,75.2112],[-96.3541,75.2247],[-96.1322,75.2453],[-96.0784,75.2368],[-95.9861,75.2522],[-96.094,75.261],[-96.0764,75.275],[-95.9036,75.2932],[-95.9337,75.3029],[-96.1711,75.287],[-96.1574,75.3],[-96.1711,75.3074],[-96.027,75.3279],[-95.9618,75.3762],[-95.9205,75.3896],[-95.8899,75.3689],[-95.9377,75.3485],[-95.78,75.3825],[-96.0389,75.4048],[-96.0817,75.403],[-96.0817,75.3893],[-96.13,75.3786],[-96.1779,75.3825],[-96.1555,75.408],[-96.1142,75.4195],[-96.0099,75.4178],[-95.9861,75.4382],[-95.8806,75.4283],[-95.8626,75.4167],[-95.8646,75.4047],[-95.842,75.4004],[-95.7049,75.403],[-95.6795,75.4135],[-95.7136,75.4282],[-95.8002,75.4362],[-95.8421,75.4651],[-95.7915,75.501],[-95.5906,75.5489],[-95.4493,75.5726],[-95.3734,75.555],[-95.3118,75.6013],[-95.1512,75.5932],[-95.0745,75.6203],[-94.9818,75.6227],[-94.8995,75.6447],[-94.3939,75.6042],[-94.0515,75.4742],[-93.9874,75.4393],[-93.8888,75.4167],[-93.7861,75.3744],[-93.6765,75.362],[-93.6492,75.3279],[-93.8,75.3074],[-93.6678,75.3027],[-93.4994,75.268],[-93.5228,75.2309],[-93.5803,75.205],[-93.4623,75.1351],[-93.467,75.1199],[-93.512,75.0952],[-93.4916,75.074],[-93.6424,75.0399],[-93.5345,75.0447],[-93.4488,74.9879],[-93.431,74.9675],[-93.4369,74.9443]]],[[[-96.9103,77.7952],[-97.1033,77.8082],[-97.089,77.8498],[-97.1239,77.8771],[-97.0529,77.8933],[-96.9935,77.9249],[-97.3433,77.9594],[-97.4348,77.9936],[-97.7528,78.0286],[-97.7743,78.0416],[-97.6514,78.0559],[-97.6849,78.0757],[-97.6569,78.0971],[-96.9376,78.081],[-96.8563,78.1093],[-96.8847,78.1091],[-96.9041,78.1235],[-96.8693,78.1372],[-96.9774,78.1556],[-97.0378,78.1524],[-97.2284,78.195],[-97.3942,78.2129],[-97.5351,78.2067],[-97.8296,78.2265],[-97.9195,78.2203],[-97.9221,78.244],[-97.8153,78.2333],[-97.7668,78.247],[-97.9137,78.2921],[-98.0685,78.3085],[-98.0139,78.3364],[-98.0902,78.3699],[-98.082,78.384],[-98.035,78.3985],[-98.2167,78.4152],[-98.3597,78.4517],[-98.4073,78.4882],[-98.4028,78.513],[-98.323,78.5207],[-98.3566,78.5351],[-98.3399,78.5436],[-98.0758,78.5351],[-98.025,78.5526],[-98.0487,78.5555],[-98.0276,78.5692],[-98.0543,78.5805],[-98.1376,78.6021],[-98.2231,78.6024],[-98.2473,78.6102],[-98.2336,78.6238],[-98.3161,78.6462],[-98.3292,78.6549],[-98.3292,78.6833],[-98.3155,78.7064],[-98.3702,78.7268],[-98.3155,78.7473],[-98.3619,78.7662],[-98.1491,78.8187],[-97.451,78.7971],[-97.3451,78.7733],[-96.9593,78.7336],[-96.8942,78.7029],[-96.5431,78.6856],[-96.3139,78.6208],[-96.2196,78.6308],[-96.1573,78.6196],[-96.2121,78.5931],[-96.2189,78.5617],[-96.2735,78.5351],[-95.907,78.4873],[-95.6998,78.5261],[-95.4611,78.5111],[-95.2634,78.4689],[-95.1187,78.4547],[-94.8729,78.3951],[-94.8279,78.3637],[-94.8813,78.3349],[-95.4032,78.2333],[-95.109,78.1924],[-95.0917,78.1646],[-94.8893,78.1093],[-94.9242,78.0867],[-94.8893,78.0621],[-94.9375,78.0518],[-94.9508,78.0416],[-94.9377,78.0416],[-95.0607,77.9726],[-95.1131,77.9607],[-95.3774,77.9726],[-95.4517,77.946],[-95.5252,77.9481],[-95.8085,77.903],[-96.3655,77.863],[-96.4106,77.8771],[-96.4064,77.8914],[-96.4211,77.9018],[-96.4962,77.9061],[-96.6322,77.8774],[-96.7402,77.8703],[-96.6875,77.8525],[-96.6183,77.852],[-96.4932,77.8771],[-96.5751,77.8566],[-96.5137,77.8566],[-96.525,77.8464],[-96.7267,77.8368],[-96.8426,77.8082],[-96.8148,77.8014],[-96.838,77.7915],[-96.9103,77.7952]]],[[[-75.0335,68.1733],[-75.0056,68.1371],[-75.0072,68.1105],[-75.0347,68.0993],[-75.0701,68.0332],[-75.1614,67.9531],[-75.1356,67.9228],[-75.1167,67.8663],[-75.0441,67.817],[-75.0655,67.7317],[-75.0593,67.6862],[-75.0286,67.6307],[-75.0651,67.5524],[-75.2048,67.4439],[-75.3253,67.4129],[-75.3314,67.3924],[-75.3594,67.3856],[-75.3905,67.3577],[-75.5106,67.3611],[-75.5438,67.3515],[-75.5959,67.3111],[-75.6897,67.3078],[-75.9211,67.2553],[-76.1476,67.2553],[-76.2433,67.2695],[-76.3668,67.2416],[-76.5377,67.2475],[-76.6337,67.228],[-76.9816,67.2433],[-77.0759,67.2863],[-77.178,67.4255],[-77.2506,67.4538],[-77.238,67.4894],[-77.258,67.5228],[-77.2233,67.5433],[-77.2637,67.5939],[-77.3227,67.708],[-77.2122,67.8704],[-76.9831,68.0634],[-76.908,68.1118],[-76.8772,68.1528],[-76.6889,68.2626],[-76.2991,68.3348],[-76.2522,68.3317],[-76.2563,68.3179],[-76.2281,68.3039],[-76.0819,68.2977],[-75.9112,68.3445],[-75.5975,68.3138],[-75.4966,68.2831],[-75.1376,68.2363],[-75.0788,68.1869],[-75.0335,68.1733]]],[[[-104.6809,73.6298],[-104.5008,73.5672],[-104.4896,73.5323],[-104.5174,73.5124],[-104.5184,73.4929],[-104.5795,73.4497],[-104.5516,73.4265],[-104.5863,73.3852],[-104.5727,73.3322],[-104.7498,73.2175],[-104.7601,73.2004],[-104.7366,73.1896],[-104.7618,73.173],[-104.8378,73.1549],[-104.9904,73.0798],[-104.9813,73.0357],[-105.0158,73.0139],[-105.1205,72.988],[-105.2306,72.9364],[-105.3295,72.9599],[-105.3597,72.9501],[-105.3001,72.9222],[-105.3331,72.916],[-105.2034,72.8675],[-105.285,72.8514],[-105.3188,72.875],[-105.3877,72.8675],[-105.3815,72.8886],[-105.4469,72.9044],[-105.4857,72.9558],[-105.7288,73.0458],[-105.8265,73.1113],[-105.9159,73.1418],[-105.8942,73.1623],[-105.9494,73.1623],[-106.1077,73.1971],[-106.0456,73.2108],[-106.0592,73.217],[-106.0456,73.2238],[-106.1586,73.2614],[-106.1958,73.2858],[-106.1207,73.2927],[-106.3466,73.3473],[-106.3682,73.369],[-106.4252,73.3782],[-106.4565,73.4025],[-106.5088,73.4141],[-106.619,73.4199],[-106.7904,73.468],[-106.9888,73.4704],[-107.0393,73.4844],[-106.9618,73.5461],[-106.8634,73.5703],[-106.737,73.6562],[-106.5996,73.7106],[-105.7201,73.7355],[-105.5767,73.7618],[-105.3814,73.7707],[-105.1031,73.7452],[-104.9836,73.6967],[-104.8649,73.6707],[-104.8246,73.6382],[-104.6809,73.6298]]],[[[-82.1913,62.9862],[-81.9346,62.955],[-81.8624,62.9248],[-81.8983,62.8966],[-81.9033,62.8558],[-81.9416,62.8447],[-81.9517,62.8354],[-81.9353,62.827],[-81.9393,62.8173],[-81.9648,62.8012],[-81.9237,62.7459],[-81.9398,62.7116],[-82.1367,62.6156],[-82.296,62.5851],[-82.3446,62.5644],[-82.3934,62.5306],[-82.4247,62.4722],[-82.6227,62.3965],[-82.7467,62.3105],[-83.0662,62.1872],[-83.1346,62.1766],[-83.199,62.2296],[-83.2806,62.2525],[-83.4178,62.2394],[-83.673,62.1451],[-83.7052,62.1435],[-83.7194,62.1606],[-83.7132,62.2394],[-83.7248,62.2856],[-83.9398,62.4238],[-83.9391,62.4592],[-83.907,62.4914],[-83.7132,62.5684],[-83.6546,62.6367],[-83.5655,62.6823],[-83.5482,62.7224],[-83.5589,62.7507],[-83.5345,62.808],[-83.4187,62.8923],[-83.2874,62.9315],[-83.2088,62.9085],[-83.1189,62.8472],[-83.0604,62.842],[-82.7394,62.9384],[-82.6059,62.946],[-82.4205,62.928],[-82.3763,62.9384],[-82.3763,62.9656],[-82.2572,62.9956],[-82.1913,62.9862]]],[[[-93.252,77.6444],[-93.3747,77.634],[-93.409,77.6096],[-93.3749,77.5891],[-93.4779,77.5587],[-93.492,77.5441],[-93.4848,77.5198],[-93.5058,77.5071],[-93.4784,77.4881],[-93.5455,77.4448],[-93.7416,77.4458],[-93.841,77.4587],[-93.7659,77.4457],[-93.7845,77.4377],[-93.9577,77.4383],[-93.9508,77.4525],[-94.0048,77.4614],[-94.0885,77.4505],[-94.2277,77.4575],[-94.3308,77.4775],[-95.9876,77.4791],[-96.0764,77.4981],[-96.1227,77.5277],[-96.3287,77.6096],[-96.2751,77.6224],[-96.2939,77.6301],[-96.2825,77.6435],[-96.2878,77.658],[-96.2574,77.6575],[-96.2604,77.6915],[-96.2355,77.7055],[-96.1295,77.7133],[-95.8967,77.7604],[-95.6241,77.7759],[-95.5065,77.8107],[-95.4442,77.8113],[-95.4032,77.7815],[-95.4126,77.7594],[-95.4015,77.7468],[-95.3555,77.7399],[-95.2936,77.7692],[-95.241,77.7459],[-95.1996,77.7459],[-94.9484,77.7914],[-94.3549,77.7741],[-94.3686,77.7604],[-94.3003,77.7604],[-94.314,77.7741],[-94.1774,77.7604],[-94.063,77.7734],[-93.94,77.7373],[-93.9096,77.7468],[-93.8273,77.7399],[-93.7789,77.7679],[-93.608,77.7815],[-93.2383,77.7333],[-93.1011,77.6642],[-93.252,77.6444]]],[[[-79.2825,62.2699],[-79.2638,62.2355],[-79.2695,62.1452],[-79.3277,62.0705],[-79.326,61.9884],[-79.3864,62.0022],[-79.4027,61.9581],[-79.5183,61.8481],[-79.5633,61.7424],[-79.6164,61.7044],[-79.639,61.6605],[-79.7589,61.5822],[-79.8338,61.5731],[-79.8544,61.5822],[-79.95,61.6833],[-80.0409,61.7173],[-80.0599,61.746],[-80.1804,61.7743],[-80.2611,61.8563],[-80.2591,61.8894],[-80.2856,61.9304],[-80.2625,61.9811],[-80.2515,62.0512],[-80.2186,62.0912],[-80.215,62.1377],[-80.1583,62.1994],[-79.9892,62.3084],[-79.9766,62.3413],[-79.9346,62.3781],[-79.8308,62.4108],[-79.7905,62.3959],[-79.724,62.4029],[-79.711,62.3965],[-79.7226,62.3848],[-79.7036,62.3767],[-79.6111,62.4176],[-79.5397,62.4176],[-79.505,62.3965],[-79.4547,62.3884],[-79.4193,62.3419],[-79.3684,62.3214],[-79.3404,62.2866],[-79.2825,62.2699]]],[[[-89.6613,77.3564],[-89.6445,77.3434],[-89.6571,77.3242],[-89.7909,77.2707],[-90.0939,77.2041],[-90.1652,77.213],[-90.405,77.2032],[-90.4171,77.2138],[-90.3875,77.2334],[-90.9245,77.307],[-91.1795,77.3942],[-91.2021,77.4197],[-91.1683,77.4525],[-91.2093,77.5202],[-91.182,77.5407],[-91.2093,77.5754],[-91.1687,77.6175],[-91.0553,77.6216],[-90.9555,77.6513],[-90.8817,77.6577],[-90.3041,77.6294],[-90.2277,77.6115],[-90.1847,77.5869],[-89.7757,77.4864],[-89.7159,77.4587],[-89.7195,77.4247],[-89.6948,77.3904],[-89.7124,77.386],[-89.7159,77.37],[-89.6613,77.3564]]],[[[-104.3945,77.1925],[-104.45,77.1518],[-104.6478,77.1373],[-104.7912,77.1099],[-105.0058,77.175],[-105.2246,77.1645],[-105.2642,77.1782],[-105.2436,77.2055],[-105.3951,77.2192],[-105.3188,77.226],[-105.3908,77.2589],[-105.4696,77.2744],[-105.4082,77.2874],[-105.5363,77.3044],[-105.5658,77.3216],[-105.5658,77.3564],[-105.5441,77.3708],[-105.6614,77.3836],[-105.6278,77.4041],[-105.6893,77.4252],[-105.6597,77.441],[-105.765,77.4662],[-105.6816,77.5162],[-105.8607,77.5482],[-105.821,77.5679],[-105.8395,77.5754],[-105.8262,77.5957],[-105.8442,77.6203],[-105.9031,77.6561],[-106.0502,77.695],[-106.0937,77.7296],[-105.9088,77.7679],[-105.6483,77.7542],[-105.503,77.7211],[-104.9961,77.5371],[-104.9662,77.5168],[-104.952,77.487],[-105.0062,77.4608],[-105.0159,77.4146],[-104.7485,77.4177],[-104.7039,77.3828],[-104.4213,77.3079],[-104.4765,77.2874],[-104.3972,77.2733],[-104.3711,77.2348],[-104.3945,77.1925]]],[[[-100.1522,79.998],[-100.1937,80.0323],[-100.1252,80.0595],[-100.0969,80.0836],[-100.1044,80.0768],[-100.0603,80.0962],[-99.7794,80.1508],[-99.5703,80.1422],[-99.4228,80.111],[-99.1197,80.1337],[-98.8738,80.0838],[-98.8506,80.07],[-98.8779,80.0563],[-98.7869,80.0222],[-98.778,79.997],[-98.706,79.967],[-98.7586,79.9399],[-98.7751,79.9047],[-98.6957,79.8677],[-98.6719,79.8441],[-98.6514,79.7922],[-98.7805,79.7084],[-98.8028,79.6758],[-98.8402,79.6699],[-98.8779,79.6789],[-98.8734,79.6983],[-98.8848,79.7096],[-98.9589,79.7282],[-99.3304,79.7683],[-99.303,79.7888],[-99.3365,79.8093],[-99.2956,79.8161],[-99.3118,79.8484],[-99.5836,79.8987],[-99.7051,79.885],[-100.0983,79.8852],[-100.1801,79.9117],[-100.1385,79.9499],[-100.1522,79.998]]],[[[-80.7593,52.9192],[-80.6784,52.7804],[-80.6696,52.742],[-80.7047,52.7213],[-80.6995,52.7001],[-80.7177,52.695],[-80.7845,52.723],[-81.0268,52.7526],[-81.2863,52.8441],[-81.4688,52.8613],[-81.9517,52.9744],[-82.0627,53.0228],[-81.9441,53.1437],[-81.8828,53.1799],[-81.7804,53.1799],[-81.6662,53.207],[-81.4949,53.2131],[-81.4244,53.2288],[-81.1742,53.2123],[-81.1228,53.2022],[-80.9776,53.1103],[-80.9479,53.0695],[-80.8791,53.0322],[-80.7593,52.9192]]],[[[-103.8114,76.0336],[-103.9443,76.0408],[-103.8732,76.0541],[-104.0654,76.0673],[-104.0861,76.0616],[-104.0786,76.0541],[-104.3677,76.0764],[-104.4109,76.0897],[-104.4781,76.147],[-104.4443,76.1718],[-104.3423,76.1831],[-104.312,76.2124],[-104.2025,76.2254],[-104.1295,76.2195],[-103.8571,76.2569],[-103.5896,76.259],[-103.4469,76.2781],[-102.7266,76.3156],[-102.6536,76.2943],[-102.6258,76.258],[-102.5416,76.2314],[-102.5404,76.2197],[-102.5853,76.1845],[-102.5306,76.1572],[-102.6262,76.1572],[-102.6125,76.1435],[-102.8376,76.0806],[-103.2364,76.0473],[-103.8114,76.0336]]],[[[-103.6384,75.1995],[-103.5858,75.1772],[-103.6422,75.1357],[-103.7627,75.0906],[-103.8673,75.0644],[-104.1636,75.0373],[-104.2295,75.0189],[-104.5959,75.0495],[-104.9065,75.1241],[-104.9296,75.1411],[-104.9093,75.1584],[-104.8144,75.1823],[-104.744,75.2522],[-104.6888,75.2665],[-104.7707,75.2795],[-104.7149,75.3046],[-104.7229,75.3143],[-104.7023,75.3332],[-104.4032,75.4326],[-104.1309,75.4356],[-104.0724,75.4167],[-103.9688,75.4099],[-103.8937,75.3757],[-103.8205,75.3667],[-103.8049,75.3552],[-103.8114,75.337],[-103.7452,75.2879],[-103.7469,75.2392],[-103.6384,75.1995]]],[[[-104.398,76.4687],[-104.4639,76.4986],[-104.5255,76.4832],[-104.5721,76.4923],[-104.5659,76.4997],[-104.5932,76.5202],[-104.5659,76.5271],[-104.6683,76.555],[-104.641,76.5817],[-104.6813,76.6022],[-104.3524,76.6633],[-104.0246,76.6705],[-103.9669,76.6617],[-103.9247,76.6401],[-103.9356,76.622],[-104.0582,76.5681],[-103.883,76.5779],[-103.8534,76.6103],[-103.7961,76.6231],[-103.678,76.5771],[-103.5579,76.5681],[-103.5908,76.5467],[-103.5797,76.5268],[-103.3874,76.4966],[-103.2494,76.5066],[-103.2342,76.4736],[-103.0701,76.4646],[-103.0207,76.4501],[-103.0104,76.4235],[-103.3363,76.3317],[-103.8804,76.317],[-103.9499,76.3264],[-104.3777,76.3249],[-104.4076,76.3353],[-104.3331,76.3695],[-104.3666,76.3899],[-104.4622,76.3967],[-104.4037,76.4207],[-104.3864,76.4423],[-104.398,76.4687]]],[[[-73.3583,67.8381],[-73.3712,67.8032],[-73.4095,67.776],[-74.4023,67.7789],[-74.5506,67.8101],[-74.6402,67.8567],[-74.7701,67.9642],[-74.7752,68.0294],[-74.756,68.0634],[-74.7307,68.0741],[-74.6573,68.0842],[-74.4485,68.0756],[-74.4346,68.0851],[-74.4346,68.105],[-74.3858,68.1279],[-74.3619,68.1699],[-74.3384,68.1807],[-74.2144,68.1354],[-74.2218,68.1162],[-74.2721,68.0884],[-74.277,68.0776],[-74.2554,68.0635],[-74.1258,68.0671],[-73.9231,68.0338],[-73.7897,67.9951],[-73.7155,68.0172],[-73.5218,68.0096],[-73.4462,67.993],[-73.4129,67.9684],[-73.4334,67.9343],[-73.3992,67.8944],[-73.4061,67.862],[-73.3583,67.8381]]],[[[-79.5459,56.0438],[-79.4745,56.1027],[-79.4708,56.121],[-79.5239,56.1353],[-79.5841,56.1107],[-79.7228,55.9786],[-79.8301,55.8986],[-79.8671,55.8435],[-79.909,55.8253],[-79.9491,55.8891],[-80.0257,55.9003],[-79.9876,55.9553],[-79.949,55.9682],[-79.7372,56.1614],[-79.551,56.2663],[-79.5254,56.2936],[-79.4675,56.4287],[-79.4613,56.4797],[-79.4783,56.5242],[-79.464,56.5303],[-79.4708,56.5521],[-79.4537,56.5595],[-79.4156,56.4969],[-79.4352,56.4142],[-79.4813,56.3471],[-79.4783,56.3013],[-79.5047,56.2461],[-79.6039,56.1614],[-79.6073,56.1345],[-79.5875,56.1331],[-79.5308,56.1847],[-79.4093,56.2225],[-79.361,56.3485],[-79.3087,56.4353],[-79.2849,56.661],[-79.2583,56.6818],[-79.204,56.685],[-79.1343,56.6344],[-79.1327,56.6151],[-79.1539,56.6054],[-79.19,56.6429],[-79.223,56.6495],[-79.2476,56.6317],[-79.2553,56.5953],[-79.247,56.5621],[-79.235,56.5515],[-79.131,56.5442],[-79.1175,56.491],[-79.0576,56.437],[-78.9361,56.4302],[-78.9227,56.4081],[-78.9289,56.3659],[-78.909,56.3454],[-78.9364,56.3454],[-78.9522,56.3225],[-78.8818,56.3256],[-78.9575,56.2774],[-78.9808,56.2327],[-79.0622,56.1394],[-79.098,56.0508],[-79.1955,55.9048],[-79.2033,55.8594],[-79.2184,55.8722],[-79.2101,55.8929],[-79.1111,56.087],[-78.9901,56.2626],[-78.9702,56.3428],[-78.9979,56.3529],[-78.9747,56.3846],[-78.9802,56.392],[-79.0494,56.3607],[-79.1023,56.2215],[-79.0525,56.2293],[-79.0736,56.2089],[-79.0593,56.2021],[-79.1126,56.1401],[-79.2191,55.9522],[-79.2859,55.8663],[-79.1971,56.0102],[-79.1282,56.1611],[-79.1314,56.205],[-79.1556,56.2362],[-79.2484,56.1452],[-79.3548,55.9779],[-79.4694,55.8794],[-79.5093,55.865],[-79.5538,55.8685],[-79.6339,55.903],[-79.7391,55.8118],[-79.7861,55.7905],[-79.6318,55.9412],[-79.5459,56.0438]]],[[[-99.2474,73.855],[-99.3551,73.8662],[-99.4114,73.8827],[-99.4403,73.909],[-99.097,73.9575],[-98.9993,73.9505],[-98.9735,73.9575],[-99.0219,73.9848],[-98.9828,73.9959],[-98.8426,74.0074],[-98.7525,74.0336],[-98.5292,74.0334],[-98.173,74.0977],[-97.7253,74.1216],[-97.6576,74.1014],[-97.6432,74.0722],[-97.6929,74.0329],[-97.8085,73.9779],[-98.0072,73.9392],[-98.0744,73.8989],[-98.1434,73.8784],[-98.6514,73.8345],[-98.7184,73.8652],[-98.743,73.8547],[-98.7485,73.8364],[-98.7202,73.8271],[-98.7408,73.8189],[-98.897,73.8187],[-98.9513,73.8071],[-99.1434,73.8216],[-99.1721,73.8339],[-98.8192,73.8376],[-98.876,73.8569],[-99.2474,73.855]]],[[[-77.538,63.2878],[-77.496,63.2761],[-77.5675,63.2072],[-77.5597,63.1848],[-77.6448,63.1432],[-77.7588,63.1104],[-77.9408,63.0871],[-78.0457,63.1301],[-78.0443,63.1442],[-78.1103,63.1612],[-78.2086,63.2101],[-78.3155,63.2819],[-78.5092,63.375],[-78.5317,63.3902],[-78.5112,63.4107],[-78.5331,63.4183],[-78.5247,63.432],[-78.5443,63.4492],[-78.4848,63.5111],[-78.4405,63.5194],[-78.3798,63.4551],[-78.1864,63.4932],[-78.0798,63.4728],[-78.0488,63.4858],[-77.8443,63.4725],[-77.8192,63.4523],[-77.8471,63.4387],[-77.8264,63.4321],[-77.758,63.4244],[-77.6826,63.4387],[-77.6888,63.4182],[-77.6342,63.4039],[-77.6547,63.3976],[-77.6273,63.3902],[-77.6417,63.3759],[-77.6283,63.3552],[-77.556,63.3183],[-77.538,63.2878]]],[[[-79.0798,68.879],[-79.1446,68.8693],[-79.2128,68.8349],[-79.2682,68.8323],[-79.3967,68.8632],[-79.3882,68.907],[-79.423,68.9274],[-79.3686,68.9416],[-79.3258,68.9699],[-79.2418,69.0621],[-79.2042,69.0849],[-78.9575,69.1092],[-78.8633,69.1484],[-78.8545,69.2011],[-78.7651,69.2563],[-78.7273,69.2698],[-78.6217,69.2631],[-78.7109,69.3034],[-78.7309,69.3253],[-78.7101,69.3416],[-78.6074,69.373],[-78.4774,69.3918],[-78.3127,69.3871],[-78.2751,69.3696],[-78.214,69.3029],[-78.2951,69.2625],[-78.3607,69.1992],[-78.4567,69.2291],[-78.4751,69.2056],[-78.4709,69.1707],[-78.5665,69.1328],[-78.5516,69.1024],[-78.7173,69.0168],[-78.7242,68.9752],[-78.7992,68.9513],[-78.8466,68.9079],[-79.0798,68.879]]],[[[-86.5771,68.2906],[-86.5023,68.2632],[-86.4078,68.2078],[-86.4337,68.1671],[-86.4354,68.0981],[-86.3922,68.0231],[-86.3725,67.9366],[-86.4127,67.8449],[-86.4778,67.7829],[-86.5975,67.7282],[-86.6801,67.7351],[-86.7208,67.7658],[-86.8719,67.8101],[-86.9204,67.8614],[-86.9504,67.9306],[-86.9129,67.9343],[-86.8924,67.9548],[-86.8583,67.961],[-86.8371,67.992],[-86.8479,68.0222],[-86.969,68.0547],[-86.9874,68.0843],[-86.9713,68.1084],[-86.8979,68.1379],[-86.9129,68.1733],[-86.8951,68.1951],[-86.8267,68.2278],[-86.7477,68.287],[-86.6869,68.3104],[-86.5771,68.2906]]],[[[-102.4487,77.7399],[-102.4256,77.7424],[-102.4133,77.7604],[-102.4989,77.7824],[-102.517,77.7952],[-102.5008,77.8193],[-102.5306,77.8361],[-102.4485,77.8813],[-101.8054,77.8954],[-101.7252,77.9065],[-101.2143,77.8407],[-100.932,77.7445],[-100.9607,77.7285],[-101.1476,77.7198],[-101.558,77.7307],[-101.621,77.7009],[-101.7906,77.6794],[-102.1763,77.6951],[-102.4487,77.7399]]],[[[-79.9711,69.6331],[-80.0532,69.649],[-80.0775,69.6369],[-79.9364,69.5369],[-79.9625,69.5067],[-79.9986,69.5001],[-80.2306,69.5408],[-80.238,69.5581],[-80.2104,69.6187],[-80.238,69.6263],[-80.3342,69.5581],[-80.3516,69.616],[-80.4968,69.6675],[-80.7606,69.668],[-80.7979,69.6755],[-80.814,69.6945],[-80.7352,69.7324],[-80.7184,69.756],[-80.5875,69.7287],[-80.4938,69.7276],[-80.4645,69.715],[-80.4509,69.6815],[-80.4027,69.6702],[-80.3976,69.6828],[-80.4242,69.702],[-80.3758,69.715],[-80.4612,69.7344],[-80.496,69.7614],[-80.5006,69.7874],[-80.4103,69.8023],[-80.3411,69.7976],[-80.3364,69.7824],[-80.206,69.8007],[-80.1367,69.7763],[-80.1225,69.7597],[-80.1508,69.7408],[-80.1503,69.7234],[-80.0654,69.7543],[-79.9741,69.7306],[-79.8138,69.7634],[-79.7679,69.7539],[-79.7551,69.7597],[-79.7563,69.7868],[-79.7036,69.7976],[-79.6905,69.8187],[-79.6724,69.8204],[-79.5329,69.7976],[-79.5111,69.8077],[-79.4547,69.801],[-79.4081,69.7789],[-79.4156,69.743],[-79.3661,69.7366],[-79.3268,69.7088],[-79.5329,69.6331],[-79.6129,69.6198],[-79.9181,69.6047],[-79.9711,69.6331]]],[[[-89.675,76.7326],[-89.6933,76.7211],[-89.675,76.7121],[-89.6942,76.6926],[-89.8162,76.6677],[-89.8358,76.6575],[-89.8593,76.6164],[-89.8221,76.5513],[-89.675,76.5066],[-89.8258,76.4862],[-89.9196,76.5158],[-89.9486,76.5066],[-89.9386,76.4833],[-89.9774,76.4777],[-90.0648,76.4862],[-90.2043,76.5242],[-90.2662,76.5746],[-90.568,76.7156],[-90.5945,76.7509],[-90.5295,76.7922],[-90.3305,76.8238],[-89.9822,76.8424],[-89.8487,76.8137],[-89.6964,76.7535],[-89.675,76.7326]]],[[[-110.0037,78.6869],[-109.8873,78.6759],[-109.856,78.6654],[-109.858,78.6468],[-109.8402,78.6363],[-109.7594,78.6282],[-109.6335,78.5868],[-109.4932,78.5865],[-109.4794,78.5723],[-109.3467,78.5353],[-109.3197,78.4958],[-109.2665,78.4936],[-109.2595,78.4835],[-109.2787,78.4657],[-109.2595,78.4593],[-109.3343,78.4284],[-109.3141,78.4109],[-109.3557,78.3911],[-109.3251,78.3738],[-109.4087,78.3099],[-109.5079,78.3165],[-109.8232,78.2954],[-109.9604,78.3291],[-110.0037,78.329],[-110.0037,78.6869]]],[[[-84.4735,66.0902],[-84.4735,66.1386],[-84.4578,66.1461],[-84.1234,66.0834],[-84.0883,66.0651],[-84.0688,66.0629],[-84.0214,66.0877],[-83.9989,66.0693],[-84.0006,66.0356],[-83.7429,65.9583],[-83.6927,65.9257],[-83.6825,65.8815],[-83.712,65.8535],[-83.802,65.8227],[-83.7864,65.8128],[-83.5422,65.7482],[-83.5277,65.7374],[-83.5311,65.7134],[-83.4727,65.7277],[-83.2908,65.728],[-83.2123,65.706],[-83.2585,65.6901],[-83.2668,65.6782],[-83.2464,65.665],[-83.2552,65.6567],[-83.3671,65.6186],[-83.4792,65.6588],[-83.6227,65.6645],[-83.5829,65.706],[-83.6493,65.6898],[-83.6576,65.6729],[-83.6239,65.6514],[-83.7611,65.6725],[-83.8389,65.6522],[-83.8491,65.6759],[-83.802,65.6862],[-83.802,65.7169],[-83.786,65.7284],[-83.6853,65.7551],[-83.723,65.7641],[-83.8293,65.7551],[-83.7809,65.7824],[-83.8019,65.7939],[-83.8697,65.7829],[-83.959,65.7408],[-84.0211,65.7612],[-84.0728,65.7554],[-84.1427,65.7668],[-84.1036,65.8159],[-84.1327,65.8763],[-84.1246,65.9067],[-84.1869,65.9286],[-84.1855,65.9605],[-84.2053,65.9764],[-84.2896,66.0044],[-84.3971,66.0129],[-84.4519,66.0527],[-84.4735,66.0902]]],[[[-64.8406,61.3515],[-64.8512,61.3337],[-64.8751,61.3307],[-64.915,61.3618],[-64.9754,61.3494],[-64.9772,61.3791],[-64.9225,61.4028],[-64.972,61.4164],[-65.0758,61.4186],[-65.1211,61.437],[-65.087,61.458],[-65.1608,61.459],[-65.2035,61.507],[-65.263,61.5093],[-65.2931,61.5338],[-65.3763,61.5482],[-65.4858,61.5993],[-65.4842,61.6225],[-65.4706,61.6444],[-65.4292,61.6623],[-65.0466,61.6977],[-64.9757,61.6805],[-64.717,61.6635],[-64.7921,61.6225],[-64.7233,61.6361],[-64.7375,61.6157],[-64.6842,61.6185],[-64.65,61.6047],[-64.7234,61.5505],[-64.7201,61.54],[-64.6823,61.5338],[-64.717,61.5133],[-64.675,61.508],[-64.6793,61.4953],[-64.6966,61.458],[-64.7212,61.4386],[-64.7996,61.4102],[-64.7866,61.3953],[-64.8406,61.3515]]],[[[-76.6923,69.4109],[-76.6473,69.383],[-76.6473,69.3389],[-76.6735,69.3307],[-76.6752,69.311],[-76.8158,69.2703],[-76.9436,69.208],[-76.9259,69.1713],[-76.8602,69.154],[-76.9217,69.1267],[-76.9012,69.1055],[-76.9446,69.1169],[-76.9551,69.141],[-77.0725,69.1396],[-77.1582,69.1181],[-77.265,69.1467],[-77.3669,69.2246],[-77.3872,69.2665],[-77.34,69.3253],[-77.3605,69.3898],[-77.3268,69.4171],[-77.2501,69.4351],[-77.1134,69.4481],[-77.0478,69.4197],[-76.9763,69.4078],[-76.7845,69.4078],[-76.7168,69.425],[-76.6923,69.4109]]],[[[-102.8733,75.7661],[-102.8658,75.76],[-102.8946,75.7509],[-103.3275,75.7509],[-103.3866,75.7661],[-103.2711,75.7924],[-103.2494,75.8071],[-103.3109,75.8071],[-103.2541,75.8297],[-103.0514,75.8344],[-103.1373,75.8511],[-103.1334,75.8698],[-103.1099,75.8863],[-103.0449,75.9062],[-102.2147,75.9927],[-102.0707,75.9722],[-102.0863,75.9588],[-101.9813,75.9517],[-101.9888,75.9374],[-102.0934,75.9154],[-102.3887,75.8904],[-102.4413,75.8698],[-102.5045,75.7991],[-102.6048,75.7726],[-102.6671,75.7661],[-102.7315,75.7781],[-102.7286,75.76],[-102.7681,75.7583],[-102.8044,75.7661],[-102.7969,75.7736],[-102.8733,75.7661]]],[[[-85.0011,66.0076],[-84.9303,66.0151],[-84.8572,65.9667],[-84.8913,65.9468],[-84.7561,65.8772],[-84.761,65.8643],[-84.715,65.8353],[-84.713,65.8085],[-84.6337,65.7097],[-84.5902,65.6862],[-84.6033,65.6725],[-84.5741,65.6356],[-84.6907,65.56],[-84.8009,65.5671],[-84.8412,65.5876],[-84.8572,65.6483],[-84.8763,65.6704],[-85.0454,65.7163],[-85.1127,65.7621],[-85.1526,65.8569],[-85.1367,65.8796],[-85.1459,65.9063],[-85.1861,65.9468],[-85.1735,65.9665],[-85.1793,65.9878],[-85.1557,66.0112],[-85.1024,66.0285],[-85.0522,66.0278],[-85.0011,66.0076]]],[[[-70.2406,62.6156],[-70.1995,62.6101],[-70.177,62.59],[-70.194,62.5675],[-70.2308,62.5509],[-70.362,62.5269],[-70.5624,62.5411],[-70.6446,62.5684],[-70.6822,62.5473],[-70.7279,62.5534],[-70.7405,62.5576],[-70.7254,62.569],[-70.7334,62.5958],[-70.7907,62.6028],[-70.8204,62.6266],[-70.8171,62.6732],[-70.8665,62.72],[-70.9252,62.7459],[-70.8902,62.7546],[-70.7927,62.7442],[-70.7781,62.7497],[-70.774,62.7713],[-70.8023,62.7801],[-70.9073,62.7748],[-70.997,62.8117],[-71.1573,62.8035],[-71.1797,62.8148],[-71.0351,62.8292],[-71.1974,62.8502],[-71.237,62.8732],[-71.236,62.8864],[-70.7886,62.8415],[-70.4925,62.767],[-70.3976,62.7193],[-70.4255,62.7125],[-70.3267,62.6865],[-70.3733,62.6666],[-70.275,62.6574],[-70.2406,62.6156]]],[[[-67.8808,60.4968],[-67.8403,60.4895],[-67.8265,60.4657],[-67.847,60.4164],[-67.9601,60.3326],[-67.9558,60.3021],[-67.9728,60.2903],[-68.0612,60.2941],[-68.1109,60.2685],[-68.1726,60.2575],[-68.2046,60.2264],[-68.2839,60.2173],[-68.321,60.1971],[-68.4194,60.2097],[-68.439,60.2593],[-68.4166,60.3075],[-68.2413,60.5856],[-68.1306,60.5965],[-67.9991,60.5859],[-67.9466,60.5306],[-67.8808,60.4968]]],[[[-76.6889,63.4858],[-76.5449,63.4665],[-76.6295,63.4296],[-76.6548,63.4387],[-76.6388,63.4195],[-76.702,63.3697],[-76.8502,63.3902],[-76.8661,63.4081],[-76.89,63.4119],[-76.9821,63.4073],[-77.1619,63.5075],[-77.2438,63.5274],[-77.2528,63.5493],[-77.3735,63.582],[-77.3605,63.5894],[-77.4356,63.5956],[-77.4015,63.6025],[-77.4414,63.6195],[-77.3332,63.6304],[-77.4481,63.6417],[-77.4461,63.6611],[-77.3664,63.7014],[-77.2877,63.6857],[-77.196,63.685],[-77.1374,63.6645],[-77.1062,63.6696],[-77.1203,63.685],[-76.7093,63.5678],[-76.7224,63.5622],[-76.7073,63.5459],[-76.6178,63.5217],[-76.6889,63.4858]]],[[[-74.838,68.4202],[-74.7843,68.4179],[-74.8052,68.398],[-74.8653,68.3856],[-74.8075,68.3662],[-74.8148,68.344],[-74.8591,68.3445],[-74.8113,68.324],[-74.8523,68.324],[-74.8841,68.344],[-74.9962,68.3377],[-75.0162,68.3856],[-75.0347,68.3972],[-75.2563,68.4494],[-75.379,68.4988],[-75.4115,68.5228],[-75.3942,68.5507],[-75.4004,68.6087],[-75.3921,68.626],[-75.3314,68.6605],[-75.31,68.6964],[-75.2389,68.7248],[-75.1705,68.6898],[-75.0199,68.681],[-74.9894,68.6688],[-74.9339,68.5714],[-74.7738,68.4855],[-74.771,68.4733],[-74.7976,68.4514],[-74.8869,68.4466],[-74.9001,68.4339],[-74.8799,68.4182],[-74.838,68.4202]]],[[[-102.5716,75.9927],[-103.6916,75.889],[-103.9142,75.9033],[-103.9315,75.9272],[-103.9762,75.9443],[-103.821,75.948],[-103.7255,75.9783],[-103.4979,75.9824],[-103.3189,76.0229],[-103.2068,76.0237],[-103.113,76.0504],[-103.0297,76.0473],[-102.4438,76.0899],[-102.3519,76.0753],[-102.328,76.0654],[-102.3185,76.0441],[-102.3268,76.0228],[-102.3559,76.0131],[-102.5716,75.9927]]],[[[-96.5751,75.4377],[-96.6757,75.4365],[-96.7055,75.4241],[-96.6229,75.403],[-96.6567,75.3886],[-96.8727,75.3574],[-96.8693,75.3757],[-96.9867,75.3968],[-96.9564,75.4011],[-96.9474,75.4144],[-97.0344,75.4583],[-97.014,75.4717],[-97.0549,75.4992],[-96.7055,75.5682],[-96.6699,75.5545],[-96.4362,75.5878],[-96.4169,75.5948],[-96.4243,75.6358],[-96.3751,75.66],[-96.2869,75.6503],[-96.1312,75.6095],[-96.027,75.6091],[-95.9361,75.5804],[-95.9104,75.5607],[-95.949,75.542],[-96.0475,75.5272],[-96.0333,75.5197],[-96.2057,75.458],[-96.4086,75.5223],[-96.4243,75.5402],[-96.4154,75.5515],[-96.366,75.5644],[-96.3646,75.576],[-96.4243,75.5812],[-96.4169,75.5682],[-96.515,75.5502],[-96.541,75.5334],[-96.5489,75.5049],[-96.5027,75.4616],[-96.5751,75.4377]]],[[[-71.508,71.0173],[-71.3435,71.0076],[-71.3487,70.9847],[-71.3988,70.9496],[-71.386,70.9293],[-71.4061,70.9166],[-71.6247,70.9012],[-71.8984,70.8528],[-72.0021,70.8119],[-72.0907,70.8123],[-72.1182,70.8254],[-72.1212,70.8562],[-72.1868,70.8825],[-72.228,70.9217],[-72.228,70.9353],[-72.1798,70.9421],[-72.1318,70.9353],[-72.1517,70.9279],[-72.1253,70.921],[-72.0675,70.9316],[-72.0371,70.9615],[-72.0146,71.0227],[-72.022,71.0452],[-71.8597,71.0786],[-71.8175,71.0592],[-71.508,71.0173]]],[[[-78.8954,76.123],[-78.8126,76.1],[-78.7999,76.0849],[-78.8607,76.0473],[-79.1441,75.9803],[-79.176,75.958],[-79.1697,75.9375],[-79.1481,75.925],[-78.875,75.8555],[-78.8965,75.8426],[-79.0736,75.8481],[-79.0252,75.8698],[-79.0466,75.8762],[-79.2792,75.8765],[-79.4298,75.8481],[-79.3404,75.8288],[-79.4381,75.7954],[-79.477,75.8205],[-79.5937,75.8214],[-79.5664,75.845],[-79.5869,75.8616],[-79.6512,75.87],[-79.7231,75.8624],[-79.752,75.8828],[-79.6012,75.9033],[-79.5831,75.9161],[-79.5937,75.9374],[-79.5835,75.9481],[-79.5022,75.962],[-79.4098,76.0047],[-79.2648,76.0336],[-79.2722,76.0473],[-79.253,76.0587],[-79.1457,76.0831],[-79.0682,76.1247],[-78.8954,76.123]]],[[[-95.9445,69.4208],[-95.9993,69.449],[-96.0114,69.4828],[-95.952,69.517],[-95.9542,69.5393],[-95.9117,69.6002],[-95.8282,69.6092],[-95.8011,69.6331],[-95.7025,69.6313],[-95.6776,69.6263],[-95.6913,69.6126],[-95.6803,69.6093],[-95.6179,69.6173],[-95.3712,69.5136],[-95.4032,69.3969],[-95.4818,69.3696],[-95.5336,69.3314],[-95.7117,69.3218],[-95.7459,69.3389],[-95.7118,69.3451],[-95.7255,69.3688],[-95.7188,69.3862],[-95.6554,69.4095],[-95.6913,69.4761],[-95.6732,69.4942],[-95.6732,69.5146],[-95.7218,69.5556],[-95.8043,69.5656],[-95.8353,69.5581],[-95.8145,69.5077],[-95.78,69.4687],[-95.8554,69.4016],[-95.8762,69.373],[-95.8626,69.3594],[-95.8846,69.3439],[-95.9923,69.3594],[-95.9923,69.3935],[-95.9445,69.4208]]],[[[-97.072,73.1381],[-97.0438,73.1556],[-96.9038,73.1896],[-96.8092,73.1921],[-96.726,73.1623],[-96.7706,73.1234],[-96.7594,73.1146],[-96.7311,73.1126],[-96.6509,73.1418],[-96.579,73.0834],[-96.5683,73.0525],[-96.6461,72.9687],[-96.7101,72.9417],[-96.973,72.9296],[-97.1003,72.992],[-97.1407,73.0589],[-97.1356,73.0952],[-97.072,73.1381]]],[[[-78.3945,69.6467],[-78.3846,69.6593],[-78.3945,69.6945],[-78.378,69.7046],[-78.3058,69.6877],[-78.3236,69.675],[-78.2985,69.6621],[-78.2582,69.6587],[-78.2307,69.6741],[-78.2716,69.7362],[-78.2122,69.7371],[-78.1761,69.7564],[-78.0265,69.7186],[-77.9706,69.6845],[-77.942,69.6467],[-78.0511,69.6077],[-78.0923,69.5783],[-78.287,69.5578],[-78.5172,69.4848],[-78.6195,69.5106],[-78.654,69.5082],[-78.826,69.4516],[-78.8576,69.4581],[-78.8807,69.4807],[-78.8546,69.5042],[-78.6897,69.5611],[-78.5665,69.6467],[-78.3945,69.6467]]],[[[-101.1597,76.5817],[-101.3381,76.5612],[-101.6871,76.5886],[-101.4335,76.6417],[-101.1921,76.6558],[-101.1376,76.684],[-101.0505,76.6911],[-101.0325,76.7145],[-100.9725,76.7355],[-100.6285,76.7598],[-100.2477,76.7394],[-100.3335,76.7145],[-101.1597,76.5817]]],[[[-100.2068,68.8039],[-100.2211,68.7703],[-100.3104,68.7703],[-100.3635,68.7221],[-100.3924,68.7151],[-100.4454,68.7305],[-100.4948,68.7629],[-100.447,68.7766],[-100.4712,68.7998],[-100.545,68.7861],[-100.5795,68.7529],[-100.6033,68.7556],[-100.6313,68.7971],[-100.6304,68.8747],[-100.6221,68.9196],[-100.5904,68.9274],[-100.5797,68.948],[-100.6313,68.9957],[-100.5789,69.0119],[-100.5607,69.0378],[-100.5377,69.042],[-100.4041,69.0297],[-100.3235,69.0031],[-100.3285,68.9796],[-100.3092,68.9659],[-100.2286,68.9289],[-100.1542,68.9234],[-100.1249,68.9069],[-100.1801,68.8933],[-100.1656,68.8773],[-100.1712,68.8648],[-100.2068,68.8523],[-100.1776,68.8034],[-100.2068,68.8039]]],[[[-94.4853,75.9784],[-94.4575,75.9659],[-94.4512,75.9169],[-94.4232,75.889],[-94.4232,75.8729],[-94.3192,75.8193],[-94.2946,75.7757],[-94.3165,75.7643],[-94.6578,75.7465],[-94.7438,75.7615],[-94.8234,75.8105],[-94.8345,75.8456],[-94.8279,75.889],[-94.8787,75.9035],[-94.9105,75.9374],[-94.8524,75.9532],[-94.6634,75.9654],[-94.5323,75.998],[-94.4853,75.9784]]],[[[-87.0842,69.9894],[-87.2654,70.0311],[-87.2791,70.0683],[-87.379,70.106],[-87.3158,70.1181],[-87.1933,70.111],[-87.0978,70.1266],[-87.1456,70.1402],[-87.1165,70.1611],[-87.0016,70.1203],[-86.803,70.0924],[-86.6507,70.1209],[-86.5831,70.1059],[-86.5111,70.0518],[-86.5068,70.0274],[-86.4604,70.0168],[-86.5035,69.9859],[-86.7769,69.9713],[-87.0063,70.0163],[-87.0842,69.9894]]],[[[-101.694,68.7703],[-101.7014,68.722],[-101.6797,68.6741],[-101.694,68.6539],[-101.7151,68.6387],[-101.8249,68.653],[-101.799,68.6274],[-101.8448,68.5711],[-101.996,68.6168],[-102.0642,68.6121],[-102.1328,68.6387],[-102.21,68.6422],[-102.3519,68.6872],[-102.2611,68.6989],[-102.0646,68.7643],[-102.0577,68.7971],[-102.0246,68.8238],[-101.7078,68.7878],[-101.694,68.7703]]],[[[-104.4901,68.5159],[-104.4523,68.4919],[-104.4294,68.445],[-104.4658,68.4169],[-104.6552,68.398],[-104.9014,68.4578],[-105.0622,68.5495],[-105.086,68.5507],[-104.9909,68.5786],[-104.8889,68.5873],[-104.6813,68.5786],[-104.5757,68.5544],[-104.4901,68.5159]]],[[[-64.3806,62.5275],[-64.3813,62.5138],[-64.3602,62.4996],[-64.4843,62.4858],[-64.3949,62.4648],[-64.4452,62.437],[-64.4976,62.4486],[-64.5004,62.4392],[-64.47,62.4176],[-64.5941,62.3698],[-64.923,62.4195],[-64.9521,62.4354],[-64.943,62.4592],[-64.9635,62.4648],[-64.9322,62.4893],[-64.7921,62.4927],[-64.8678,62.5275],[-64.8417,62.5561],[-64.8013,62.5685],[-64.7565,62.5671],[-64.686,62.5337],[-64.6484,62.5473],[-64.5526,62.5411],[-64.5522,62.5597],[-64.5262,62.5612],[-64.4632,62.5473],[-64.4667,62.5267],[-64.4044,62.536],[-64.3806,62.5275]]],[[[-96.5549,69.4792],[-96.7402,69.5854],[-96.6918,69.5854],[-96.6369,69.5581],[-96.3841,69.5626],[-96.3225,69.5314],[-96.2083,69.5518],[-96.1894,69.5712],[-96.1693,69.5705],[-96.1369,69.5512],[-96.1013,69.4673],[-96.11,69.4497],[-96.1505,69.4283],[-96.1295,69.3935],[-96.1512,69.366],[-96.1431,69.3525],[-96.2757,69.3746],[-96.385,69.4498],[-96.5549,69.4792]]],[[[-72.9536,71.5175],[-72.899,71.4765],[-72.817,71.4486],[-73.0242,71.4123],[-73.0293,71.3977],[-73.0089,71.3605],[-73.0156,71.3468],[-72.9789,71.3258],[-73.005,71.3029],[-73.0536,71.2964],[-73.0879,71.3179],[-73.0635,71.3258],[-73.207,71.3444],[-73.2668,71.3644],[-73.2552,71.4213],[-73.2872,71.4277],[-73.29,71.4486],[-73.3074,71.4624],[-73.3719,71.4902],[-73.3663,71.5017],[-73.3788,71.5175],[-73.3524,71.5336],[-73.1719,71.5732],[-73.1009,71.5533],[-73.0771,71.5386],[-73.1225,71.48],[-73.1801,71.4523],[-73.1726,71.435],[-73.1393,71.4208],[-73.1216,71.4566],[-73.0387,71.4873],[-72.9922,71.519],[-72.9536,71.5175]]],[[[-95.8524,80.6528],[-96.1505,80.6658],[-96.0559,80.6937],[-95.7192,80.6938],[-95.7254,80.7],[-95.4777,80.7084],[-95.0675,80.687],[-94.9713,80.6391],[-95.1869,80.6129],[-95.4837,80.6299],[-95.6286,80.6573],[-95.8524,80.6528]]],[[[-100.3514,70.4897],[-100.462,70.4965],[-100.6556,70.5516],[-100.6803,70.5753],[-100.6718,70.6457],[-100.7145,70.6815],[-100.5804,70.661],[-100.4864,70.6815],[-100.4128,70.6405],[-100.3439,70.6262],[-100.3651,70.62],[-100.3444,70.6098],[-100.2751,70.6064],[-100.1938,70.579],[-100.2391,70.5671],[-100.3406,70.5932],[-100.3924,70.5853],[-100.2887,70.5381],[-100.2896,70.5185],[-100.2292,70.4645],[-100.262,70.4561],[-100.3514,70.4897]]],[[[-110.0037,78.0993],[-109.6972,78.0974],[-109.6037,78.0739],[-109.5815,78.0541],[-109.6861,77.9714],[-109.7869,77.9498],[-110.0037,77.9314],[-110.0037,78.0993]]],[[[-95.3623,74.5908],[-95.2668,74.5436],[-95.2556,74.5188],[-95.3496,74.4959],[-95.7176,74.5325],[-95.87,74.5812],[-95.7956,74.5987],[-95.7328,74.5875],[-95.7521,74.6145],[-95.7122,74.632],[-95.5632,74.6429],[-95.4926,74.6334],[-95.3623,74.5908]]],[[[-64.8883,63.7949],[-64.9165,63.8237],[-64.8933,63.8466],[-64.8126,63.8837],[-64.7512,63.8284],[-64.7563,63.8494],[-64.7785,63.8632],[-64.7578,63.8782],[-64.7308,63.8694],[-64.729,63.9027],[-64.6875,63.9176],[-64.6437,63.9154],[-64.6138,63.8861],[-64.5626,63.9086],[-64.5526,63.8974],[-64.6072,63.8427],[-64.5554,63.8518],[-64.5048,63.8427],[-64.6134,63.7875],[-64.555,63.7802],[-64.5011,63.7512],[-64.444,63.7852],[-64.4222,63.7812],[-64.3881,63.7329],[-64.4086,63.7329],[-64.3935,63.7008],[-64.4011,63.6882],[-64.4577,63.6774],[-64.4843,63.685],[-64.5218,63.7198],[-64.5762,63.726],[-64.7027,63.7871],[-64.7921,63.7676],[-64.8883,63.7949]]],[[[-78.7576,56.1679],[-78.7775,56.1727],[-78.8334,56.1331],[-78.9364,56.1195],[-78.9193,56.1713],[-78.829,56.269],[-78.847,56.2778],[-78.8146,56.3102],[-78.8266,56.3188],[-78.8129,56.3454],[-78.8334,56.3454],[-78.825,56.3583],[-78.7576,56.4348],[-78.6996,56.449],[-78.6708,56.4431],[-78.649,56.2908],[-78.6603,56.2805],[-78.6553,56.2362],[-78.6813,56.1972],[-78.6757,56.1815],[-78.7242,56.1815],[-78.7651,56.1611],[-78.7576,56.1679]]],[[[-78.6142,68.5063],[-78.6466,68.4827],[-78.7841,68.4459],[-78.8818,68.4544],[-78.8607,68.4687],[-78.8843,68.4765],[-78.9706,68.4749],[-78.9482,68.491],[-78.9507,68.5097],[-78.9355,68.5219],[-78.888,68.5159],[-78.83,68.5507],[-78.7428,68.5519],[-78.6689,68.5848],[-78.9017,68.653],[-78.8863,68.6589],[-78.8425,68.6673],[-78.6751,68.6584],[-78.5665,68.6257],[-78.4634,68.6195],[-78.484,68.5574],[-78.5053,68.5455],[-78.6566,68.5631],[-78.6755,68.5404],[-78.7242,68.5233],[-78.6142,68.5063]]],[[[-78.909,68.324],[-78.8104,68.2845],[-78.83,68.2527],[-79.0443,68.1662],[-79.0975,68.1771],[-79.1835,68.2217],[-79.1832,68.3191],[-79.1561,68.3445],[-78.9413,68.3536],[-78.909,68.324]]],[[[-64.0864,63.335],[-64.0992,63.3218],[-64.0597,63.2748],[-64.0932,63.2803],[-64.1596,63.3202],[-64.1826,63.3214],[-64.1689,63.3085],[-64.1858,63.3015],[-64.2792,63.3411],[-64.3516,63.3947],[-64.3639,63.4277],[-64.4222,63.4728],[-64.3881,63.4858],[-64.4086,63.4932],[-64.4178,63.5316],[-64.4638,63.5627],[-64.4979,63.6168],[-64.465,63.647],[-64.3944,63.6633],[-64.3949,63.6776],[-64.3549,63.6688],[-64.326,63.6441],[-64.316,63.5737],[-64.2819,63.5163],[-64.2838,63.499],[-64.3055,63.4858],[-64.2516,63.4449],[-64.2926,63.4387],[-64.2516,63.4244],[-64.2168,63.3902],[-64.1888,63.3976],[-64.1691,63.3629],[-64.0864,63.335]]],[[[-67.9099,69.5338],[-67.9674,69.5299],[-68.3077,69.5921],[-68.219,69.6058],[-68.0753,69.671],[-68.014,69.6779],[-67.8884,69.6491],[-67.828,69.6611],[-67.9481,69.6798],[-67.9726,69.6945],[-67.9718,69.7066],[-67.9558,69.7104],[-67.8806,69.7105],[-67.7311,69.6588],[-67.7249,69.6467],[-67.737,69.6352],[-67.8075,69.616],[-67.8671,69.5827],[-67.9099,69.5338]]],[[[-65.2412,61.9204],[-65.2078,61.9255],[-65.1876,61.9503],[-65.1132,61.944],[-65.0665,61.9304],[-65.0189,61.8561],[-64.9778,61.8969],[-64.9604,61.8842],[-64.9501,61.8211],[-64.892,61.8328],[-64.8279,61.7612],[-64.8743,61.7344],[-64.9299,61.7271],[-65.0378,61.7683],[-65.1473,61.7839],[-65.1695,61.8149],[-65.222,61.8345],[-65.2552,61.8909],[-65.2412,61.9204]]],[[[-102.9005,78.2744],[-102.7992,78.2567],[-102.7785,78.2148],[-102.7992,78.2001],[-103.0865,78.1224],[-103.2342,78.1281],[-103.2691,78.1392],[-103.2842,78.1614],[-103.2468,78.1953],[-103.0651,78.2613],[-102.9005,78.2744]]],[[[-79.9779,56.2021],[-80.0638,56.1874],[-80.105,56.2005],[-80.098,56.2399],[-80.0524,56.2837],[-80.0599,56.3044],[-80.0003,56.3259],[-79.8717,56.3355],[-79.8636,56.3548],[-79.8817,56.3768],[-79.8674,56.3855],[-79.7445,56.3659],[-79.6744,56.3845],[-79.6152,56.4338],[-79.589,56.4942],[-79.5459,56.5303],[-79.5926,56.4301],[-79.6788,56.3313],[-79.9779,56.2021]]],[[[-97.7368,74.4714],[-97.7948,74.4919],[-97.7572,74.5198],[-97.6347,74.5466],[-97.6181,74.574],[-97.542,74.5896],[-97.5137,74.6018],[-97.5341,74.6018],[-97.503,74.623],[-97.3702,74.6291],[-97.2604,74.598],[-97.291,74.564],[-97.3771,74.5124],[-97.4863,74.5062],[-97.6362,74.4599],[-97.7368,74.4714]]],[[[-65.5463,64.5484],[-65.5017,64.5334],[-65.4507,64.5347],[-65.5015,64.5192],[-65.6596,64.5089],[-65.6835,64.515],[-65.6881,64.5476],[-65.654,64.5808],[-65.5499,64.6227],[-65.4979,64.6657],[-65.4427,64.69],[-65.4289,64.7292],[-65.4119,64.7398],[-65.3818,64.7259],[-65.4091,64.6583],[-65.3929,64.6531],[-65.3607,64.6993],[-65.2931,64.7402],[-65.2988,64.7226],[-65.2889,64.7147],[-65.2515,64.7129],[-65.3135,64.6657],[-65.266,64.6655],[-65.2515,64.6583],[-65.2501,64.6378],[-65.2098,64.644],[-65.2283,64.6249],[-65.4364,64.59],[-65.3607,64.5826],[-65.3909,64.5621],[-65.5463,64.5484]]],[[[-85.1622,77.4587],[-85.1789,77.4642],[-85.1383,77.4997],[-85.2444,77.5325],[-85.5424,77.5407],[-85.3233,77.5891],[-85.0184,77.5835],[-84.9329,77.5277],[-84.8437,77.5158],[-84.8162,77.4997],[-85.0489,77.4587],[-85.1622,77.4587]]],[[[-74.0162,62.6708],[-73.9647,62.6094],[-74.1186,62.6026],[-74.3756,62.6345],[-74.4442,62.6621],[-74.5321,62.6689],[-74.6531,62.7193],[-74.5301,62.7534],[-74.4818,62.7459],[-74.4481,62.7255],[-74.4134,62.7255],[-74.3756,62.6845],[-74.1527,62.692],[-74.0162,62.6708]]],[[[-90.2504,69.2979],[-90.2507,69.2784],[-90.2717,69.2614],[-90.2973,69.254],[-90.3186,69.2631],[-90.3276,69.239],[-90.4079,69.2768],[-90.3946,69.2939],[-90.4034,69.3002],[-90.5104,69.3314],[-90.5067,69.3666],[-90.3897,69.4034],[-90.3574,69.4272],[-90.3024,69.4354],[-90.2504,69.414],[-90.264,69.3935],[-90.2393,69.3946],[-90.2288,69.4151],[-90.2504,69.4283],[-90.2019,69.4481],[-90.2093,69.4345],[-90.1778,69.4057],[-90.1957,69.3861],[-90.1473,69.373],[-90.1628,69.3491],[-90.2126,69.3349],[-90.2504,69.2979]]],[[[-79.3951,52.0837],[-79.329,52.105],[-79.2517,52.0769],[-79.3205,52.0335],[-79.3286,51.9714],[-79.3541,51.9534],[-79.414,51.9383],[-79.5155,51.9466],[-79.6204,51.9205],[-79.6558,51.9875],[-79.6353,52.0217],[-79.5574,52.019],[-79.484,52.0639],[-79.3951,52.0837]]],[[[-64.5192,60.3193],[-64.62,60.355],[-64.7503,60.3738],[-64.8244,60.4155],[-64.8541,60.4404],[-64.8616,60.4655],[-64.8269,60.4854],[-64.727,60.478],[-64.6413,60.4923],[-64.6014,60.4688],[-64.6072,60.4575],[-64.5604,60.4494],[-64.5663,60.4308],[-64.5294,60.4142],[-64.5315,60.3756],[-64.4874,60.4022],[-64.4325,60.4022],[-64.4225,60.3976],[-64.4324,60.3727],[-64.4902,60.3612],[-64.5192,60.3193]]],[[[-100.9814,69.4822],[-100.9593,69.4725],[-100.991,69.4499],[-101.0612,69.4595],[-101.0928,69.4389],[-101.0981,69.4078],[-101.1595,69.3935],[-101.1988,69.4055],[-101.2064,69.3801],[-101.2425,69.3743],[-101.2831,69.3861],[-101.2472,69.3941],[-101.2421,69.4208],[-101.3035,69.4481],[-101.2352,69.4438],[-101.1868,69.4822],[-101.248,69.5023],[-101.2694,69.5028],[-101.2626,69.4897],[-101.2802,69.4892],[-101.3815,69.5382],[-101.3537,69.5733],[-101.3109,69.5834],[-101.2602,69.5807],[-101.2374,69.5483],[-101.1732,69.5717],[-101.1807,69.5642],[-101.1706,69.5522],[-101.0784,69.5373],[-101.0635,69.531],[-101.0776,69.5233],[-101.0713,69.5119],[-100.9814,69.4822]]],[[[-96.9177,72.7378],[-96.9506,72.7413],[-97.014,72.7788],[-96.9481,72.7907],[-96.923,72.804],[-96.9382,72.8266],[-96.9145,72.8423],[-96.7594,72.8962],[-96.6918,72.8886],[-96.6888,72.8744],[-96.726,72.834],[-96.6483,72.8009],[-96.6509,72.7788],[-96.7533,72.7241],[-96.8453,72.7401],[-96.9177,72.7378]]],[[[-72.7379,71.6615],[-72.6893,71.644],[-72.6588,71.6],[-72.7653,71.529],[-72.9955,71.5567],[-73.0436,71.5864],[-72.9263,71.6553],[-72.7379,71.6615]]],[[[-100.0423,69.085],[-99.9863,69.0296],[-100.001,68.9606],[-100.0218,68.9404],[-100.1976,68.9819],[-100.2486,69.0223],[-100.2552,69.0503],[-100.2383,69.0845],[-100.1725,69.115],[-100.1385,69.1471],[-100.1227,69.1292],[-100.051,69.1069],[-100.0347,69.0962],[-100.0423,69.085]]],[[[-74.3688,68.3892],[-74.4009,68.4226],[-74.3998,68.4408],[-74.3761,68.4626],[-74.3202,68.4688],[-74.1704,68.3997],[-74.0807,68.3327],[-74.14,68.2891],[-74.1539,68.2556],[-74.2217,68.2496],[-74.2573,68.2689],[-74.2713,68.2948],[-74.2588,68.3151],[-74.2149,68.324],[-74.3345,68.3605],[-74.3688,68.3892]]],[[[-74.5581,78.7814],[-74.3156,78.7563],[-74.1671,78.7268],[-74.2402,78.69],[-74.3311,78.6784],[-74.7036,78.7269],[-74.6947,78.7473],[-74.6605,78.7535],[-74.6431,78.7783],[-74.5581,78.7814]]],[[[-88.0574,78.4525],[-88.0467,78.4232],[-88.1605,78.3637],[-88.1522,78.34],[-88.1649,78.3168],[-88.2083,78.2818],[-88.2888,78.2468],[-88.3339,78.241],[-88.4056,78.259],[-88.4114,78.2794],[-88.3795,78.319],[-88.2943,78.3489],[-88.2014,78.3569],[-88.2474,78.3726],[-88.2219,78.4326],[-88.0881,78.458],[-88.0574,78.4525]]],[[[-62.4075,67.187],[-62.3739,67.1658],[-62.5907,67.0954],[-62.671,67.0461],[-62.7399,67.0464],[-62.7469,67.0181],[-62.8078,67.0203],[-62.9015,67.0634],[-62.8219,67.0584],[-62.8053,67.0634],[-62.7999,67.1025],[-62.7184,67.11],[-62.6847,67.1423],[-62.6129,67.1454],[-62.6539,67.1733],[-62.639,67.1784],[-62.5248,67.1938],[-62.4075,67.187]]],[[[-90.4974,69.2427],[-90.4707,69.248],[-90.4563,69.2342],[-90.4892,69.2149],[-90.5906,69.2001],[-90.6339,69.2427],[-90.6202,69.2563],[-90.6854,69.2291],[-90.6808,69.246],[-90.6482,69.2631],[-90.6915,69.2717],[-90.6954,69.2837],[-90.6544,69.311],[-90.6817,69.311],[-90.656,69.3498],[-90.6671,69.3575],[-90.7773,69.2768],[-90.777,69.3287],[-90.7711,69.3451],[-90.7367,69.3652],[-90.6595,69.3813],[-90.619,69.3764],[-90.5482,69.342],[-90.5138,69.301],[-90.4708,69.2789],[-90.4626,69.2631],[-90.4974,69.2427]]],[[[-108.0876,73.5906],[-108.014,73.6224],[-107.8489,73.6334],[-107.6762,73.6254],[-107.5799,73.6005],[-107.6281,73.5738],[-107.994,73.5466],[-108.0876,73.5906]]],[[[-73.5296,64.5041],[-73.4949,64.4765],[-73.5049,64.4325],[-73.5501,64.4113],[-73.5399,64.3708],[-73.5153,64.3703],[-73.5745,64.3454],[-73.5842,64.3293],[-73.5563,64.315],[-73.6542,64.3232],[-73.6548,64.3925],[-73.6736,64.4317],[-73.6258,64.4522],[-73.578,64.446],[-73.6055,64.4892],[-73.578,64.4931],[-73.6736,64.5075],[-73.6842,64.5248],[-73.6088,64.5605],[-73.534,64.5661],[-73.5091,64.5559],[-73.5023,64.5347],[-73.5296,64.5041]]],[[[-77.9734,63.9656],[-77.9833,63.9725],[-77.9618,64.0046],[-77.9054,64.0245],[-77.7914,64.0208],[-77.7707,64.0277],[-77.7782,64.0351],[-77.5957,64.0412],[-77.5455,64.0277],[-77.6094,64.0142],[-77.7372,63.9321],[-77.9734,63.9656]]],[[[-74.8448,68.5786],[-74.8932,68.6257],[-74.7926,68.6757],[-74.683,68.6633],[-74.6461,68.6474],[-74.6475,68.6116],[-74.5745,68.5978],[-74.5171,68.5643],[-74.5382,68.555],[-74.7882,68.5613],[-74.8448,68.5786]]],[[[-62.2572,65.7482],[-62.2498,65.7408],[-62.2982,65.7134],[-62.1679,65.706],[-62.202,65.6862],[-62.1439,65.6877],[-62.1269,65.6793],[-62.1405,65.6725],[-62.1344,65.6545],[-62.202,65.6452],[-62.1897,65.6303],[-62.2089,65.6095],[-62.2517,65.6335],[-62.2662,65.6638],[-62.3181,65.6152],[-62.3392,65.6179],[-62.3486,65.6301],[-62.3113,65.665],[-62.3631,65.6509],[-62.3938,65.6514],[-62.387,65.6725],[-62.4696,65.665],[-62.4416,65.693],[-62.4857,65.7237],[-62.4696,65.7488],[-62.3971,65.7482],[-62.387,65.7277],[-62.3191,65.7466],[-62.2572,65.7482]]],[[[-66.2964,68.2695],[-66.1983,68.2757],[-66.1831,68.2626],[-66.2633,68.2222],[-66.2706,68.1614],[-66.6195,68.1857],[-66.6611,68.2095],[-66.6288,68.2217],[-66.5478,68.2135],[-66.4969,68.244],[-66.3277,68.2359],[-66.2964,68.2695]]],[[[-81.6433,69.4144],[-81.5058,69.4068],[-81.4856,69.3472],[-81.6722,69.3535],[-81.7008,69.3688],[-81.6919,69.3844],[-81.782,69.3873],[-81.7673,69.3653],[-81.8303,69.3443],[-81.8827,69.3633],[-81.9027,69.3941],[-81.8968,69.417],[-81.8389,69.4338],[-81.6433,69.4144]]],[[[-108.1287,67.6457],[-108.112,67.676],[-108.0038,67.6605],[-107.9225,67.5495],[-107.9532,67.5351],[-107.9778,67.5532],[-108.0703,67.5395],[-108.0349,67.5044],[-108.0618,67.481],[-108.1058,67.4682],[-108.1422,67.5296],[-108.1376,67.5505],[-108.0734,67.5637],[-108.107,67.5745],[-108.1287,67.5979],[-108.1287,67.6457]]],[[[-83.2738,66.3093],[-83.2961,66.312],[-83.2747,66.3435],[-83.2331,66.3441],[-83.1987,66.3202],[-83.1372,66.3093],[-83.1782,66.2895],[-83.1028,66.2895],[-83.0482,66.2622],[-82.9278,66.281],[-82.9044,66.2684],[-82.9576,66.2436],[-83.0069,66.1994],[-83.0776,66.1978],[-83.2926,66.2679],[-83.2738,66.3093]]],[[[-68.0061,68.7703],[-67.6963,68.7195],[-67.6634,68.7014],[-67.9147,68.7105],[-68.1873,68.7669],[-68.4586,68.7936],[-68.4531,68.8093],[-68.4176,68.8175],[-68.3214,68.7971],[-68.2047,68.7971],[-68.0061,68.7703]]],[[[-63.5179,67.3242],[-63.4763,67.3409],[-63.3602,67.2962],[-63.4092,67.2753],[-63.4608,67.2703],[-63.7701,67.2759],[-63.8332,67.29],[-63.6869,67.3469],[-63.6316,67.3561],[-63.5853,67.3419],[-63.593,67.3105],[-63.5179,67.3242]]],[[[-63.7575,67.5228],[-63.7893,67.5112],[-63.9824,67.5067],[-64.038,67.5296],[-64.0267,67.5662],[-63.9827,67.6175],[-63.9825,67.6431],[-63.9547,67.655],[-63.8945,67.6035],[-63.7943,67.5556],[-63.7575,67.5228]]],[[[-77.5727,77.8566],[-77.5933,77.8424],[-77.5813,77.8261],[-77.5966,77.8166],[-77.6718,77.7966],[-77.8526,77.7792],[-77.8812,77.7846],[-77.9563,77.8361],[-77.8893,77.8529],[-77.6505,77.8709],[-77.5727,77.8566]]],[[[-83.8361,69.7498],[-83.9022,69.7738],[-83.9171,69.7936],[-83.8976,69.8187],[-83.8556,69.8317],[-83.5693,69.8043],[-83.5277,69.7908],[-83.7007,69.7685],[-83.7132,69.756],[-83.658,69.7287],[-83.701,69.7228],[-83.8361,69.7498]]],[[[-78.2437,60.8349],[-78.2233,60.8349],[-78.2233,60.8131],[-78.3406,60.7728],[-78.2785,60.7728],[-78.5044,60.7387],[-78.5885,60.7143],[-78.6961,60.7141],[-78.6279,60.7523],[-78.6161,60.7764],[-78.2437,60.8349]]],[[[-79.2859,54.9135],[-79.0189,54.9408],[-79.036,54.9269],[-79.1514,54.9023],[-79.2417,54.8979],[-79.4019,54.852],[-79.6035,54.8288],[-79.7579,54.7802],[-79.7799,54.7838],[-79.735,54.8048],[-79.6831,54.8111],[-79.7315,54.8179],[-79.6539,54.8544],[-79.2859,54.9135]]],[[[-67.4443,69.5921],[-67.3771,69.586],[-67.3078,69.5581],[-67.3531,69.5319],[-67.4967,69.535],[-67.5542,69.5233],[-67.485,69.5076],[-67.5058,69.4959],[-67.7528,69.5233],[-67.7259,69.5499],[-67.6908,69.5443],[-67.5473,69.5695],[-67.5201,69.6058],[-67.4443,69.5921]]],[[[-108.0057,67.372],[-108.085,67.383],[-108.1491,67.4129],[-108.1284,67.4217],[-108.0399,67.3924],[-108.0324,67.4129],[-108.0809,67.4265],[-108.052,67.4465],[-107.9739,67.4578],[-107.9505,67.475],[-107.9716,67.4811],[-107.9197,67.4877],[-107.8816,67.4675],[-107.889,67.4061],[-107.9368,67.3577],[-107.9075,67.3314],[-107.9073,67.3168],[-107.953,67.3161],[-108.0132,67.3577],[-108.0057,67.372]]],[[[-91.4631,69.7771],[-91.4914,69.7493],[-91.5568,69.7292],[-91.6426,69.7528],[-91.7375,69.7976],[-91.5724,69.8354],[-91.5205,69.8327],[-91.5041,69.8386],[-91.4774,69.8795],[-91.4085,69.8795],[-91.4557,69.8597],[-91.4427,69.8524],[-91.4535,69.8373],[-91.5041,69.8187],[-91.4718,69.799],[-91.4631,69.7771]]],[[[-108.9107,67.92],[-108.882,67.9177],[-108.8734,67.9007],[-108.8833,67.8814],[-108.9411,67.8759],[-109.1392,67.9328],[-109.1847,67.9573],[-109.1981,67.9951],[-109.0472,67.9548],[-109.0746,67.9753],[-109.0128,67.9684],[-108.9824,67.9814],[-108.9351,67.9706],[-108.8859,67.9548],[-108.9107,67.92]]],[[[-110.836,68.5507],[-110.7557,68.5358],[-110.6989,68.4886],[-110.9024,68.4699],[-111.0952,68.48],[-111.034,68.5097],[-110.836,68.5507]]],[[[-80.1083,59.7648],[-80.0731,59.8021],[-80.0946,59.8132],[-80.1465,59.7761],[-80.1542,59.747],[-80.1798,59.7488],[-80.1288,59.8275],[-80.043,59.8778],[-80.0052,59.8889],[-79.9847,59.8685],[-79.9479,59.8819],[-79.8817,59.861],[-79.9364,59.8132],[-79.9899,59.7959],[-80.0189,59.7722],[-80.0666,59.7601],[-80.1083,59.7648]]],[[[-82.5062,69.7906],[-82.492,69.763],[-82.5589,69.7433],[-82.8547,69.7944],[-82.8433,69.8084],[-82.6477,69.8261],[-82.5062,69.7906]]],[[[-65.7033,61.7932],[-65.676,61.7597],[-65.6915,61.7504],[-65.7722,61.787],[-65.7865,61.7646],[-65.8135,61.7597],[-65.9,61.7729],[-65.9464,61.8011],[-65.7915,61.8725],[-65.7523,61.8559],[-65.7933,61.845],[-65.7845,61.8311],[-65.7233,61.8443],[-65.7033,61.7932]]],[[[-101.5294,69.1881],[-101.5045,69.1757],[-101.5061,69.1548],[-101.5506,69.113],[-101.6636,69.0881],[-101.7014,69.0987],[-101.681,69.1169],[-101.6185,69.1325],[-101.6052,69.1505],[-101.6195,69.1643],[-101.6916,69.1671],[-101.7219,69.1806],[-101.6891,69.2112],[-101.6278,69.2235],[-101.5638,69.2195],[-101.5233,69.2011],[-101.5294,69.1881]]],[[[-107.4167,67.1187],[-107.3205,67.1044],[-107.3836,67.0837],[-107.5436,67.0884],[-107.6147,67.1658],[-107.6242,67.2045],[-107.5799,67.2006],[-107.4167,67.1187]]],[[[-95.3275,71.8471],[-95.2593,71.8328],[-95.3087,71.778],[-95.3185,71.7425],[-95.4096,71.7304],[-95.4921,71.7435],[-95.4728,71.7612],[-95.3926,71.7741],[-95.3623,71.7918],[-95.4449,71.7987],[-95.4374,71.8123],[-95.4517,71.826],[-95.3275,71.8471]]],[[[-108.2869,67.5358],[-108.3026,67.5266],[-108.2999,67.4948],[-108.3825,67.4675],[-108.4527,67.4888],[-108.4992,67.5358],[-108.4713,67.5495],[-108.4923,67.5637],[-108.4582,67.5737],[-108.3614,67.5495],[-108.3142,67.5637],[-108.2933,67.5555],[-108.2869,67.5358]]],[[[-93.0255,61.9167],[-93.0322,61.903],[-92.964,61.8894],[-93.0201,61.8447],[-93.0589,61.8299],[-93.0875,61.8354],[-93.1483,61.8832],[-93.2161,61.8817],[-93.2247,61.9064],[-93.1942,61.9248],[-93.1041,61.9223],[-93.0664,61.9378],[-93.0255,61.9167]]],[[[-108.0535,67.9548],[-108.0556,67.9243],[-108.0922,67.8847],[-108.2292,67.8817],[-108.2589,67.8927],[-108.2402,67.8976],[-108.2222,67.9419],[-108.1771,67.961],[-108.1044,67.9785],[-108.0676,67.9765],[-108.0535,67.9548]]],[[[-97.4317,67.7077],[-97.3674,67.7383],[-97.3361,67.7282],[-97.3353,67.6798],[-97.4317,67.6395],[-97.5181,67.6243],[-97.5512,67.6453],[-97.5531,67.6574],[-97.5279,67.6804],[-97.562,67.694],[-97.4606,67.6961],[-97.4317,67.7077]]],[[[-66.9247,63.0652],[-66.8074,62.9859],[-66.7708,62.9449],[-66.7931,62.9255],[-67.0745,63.0975],[-66.9949,63.0929],[-66.9247,63.0652]]],[[[-64.9654,64.3097],[-64.9868,64.2901],[-64.8845,64.2637],[-64.9375,64.2442],[-64.8783,64.2296],[-64.9913,64.1932],[-65.0416,64.2447],[-65.0755,64.307],[-65.0462,64.3279],[-64.9654,64.3097]]],[[[-109.3557,68.0572],[-109.3168,68.0299],[-109.3082,68.0084],[-109.3175,67.9852],[-109.3835,67.9894],[-109.5475,68.0572],[-109.4718,68.0504],[-109.4824,68.0728],[-109.5066,68.0851],[-109.4839,68.0993],[-109.425,68.0899],[-109.4036,68.0632],[-109.3557,68.0572]]],[[[-64.9669,62.5337],[-65.1144,62.5385],[-65.1416,62.5541],[-65.0831,62.5594],[-65.025,62.5958],[-64.954,62.6085],[-64.8406,62.5821],[-64.8841,62.5566],[-64.9325,62.5545],[-64.9669,62.5337]]],[[[-64.2172,63.8426],[-64.1742,63.8057],[-64.2566,63.7616],[-64.2611,63.7239],[-64.315,63.7394],[-64.3429,63.7693],[-64.334,63.8448],[-64.2172,63.8426]]],[[[-79.793,57.4285],[-79.8288,57.4522],[-79.851,57.4865],[-79.8117,57.4853],[-79.8025,57.5116],[-79.7799,57.5278],[-79.7847,57.5378],[-79.8172,57.5241],[-79.8257,57.539],[-79.7911,57.5864],[-79.7372,57.622],[-79.7013,57.5733],[-79.6964,57.5295],[-79.7228,57.5019],[-79.7611,57.5205],[-79.7799,57.5111],[-79.793,57.4285]]],[[[-110.0614,68.0981],[-109.9206,68.1398],[-109.8758,68.1323],[-109.9139,68.0883],[-110.2594,68.0429],[-110.1648,68.082],[-110.0614,68.0981]]],[[[-97.4658,69.9006],[-97.487,69.914],[-97.486,69.9494],[-97.4658,69.9627],[-97.3884,69.9624],[-97.3472,69.952],[-97.3293,69.9348],[-97.3559,69.9075],[-97.3264,69.8918],[-97.2548,69.8947],[-97.2262,69.8795],[-97.2491,69.8602],[-97.2754,69.8589],[-97.3578,69.8929],[-97.4658,69.9006]]],[[[-79.9028,56.8941],[-79.8588,56.935],[-79.8271,56.9282],[-79.795,56.9516],[-79.7562,56.9164],[-79.7237,56.8207],[-79.7309,56.8019],[-79.7908,56.7961],[-79.7882,56.8369],[-79.8125,56.8967],[-79.8782,56.885],[-79.9028,56.8941]]],[[[-83.5034,65.8097],[-83.5724,65.8404],[-83.5825,65.8615],[-83.3694,65.8711],[-83.2912,65.8469],[-83.2895,65.8352],[-83.4132,65.8353],[-83.4631,65.8097],[-83.5034,65.8097]]],[[[-111.6579,68.3042],[-111.5287,68.314],[-111.5002,68.3042],[-111.6169,68.2831],[-111.6448,68.2359],[-111.677,68.2253],[-111.7687,68.2299],[-111.7814,68.2558],[-111.7194,68.2831],[-111.7201,68.3017],[-111.6579,68.3042]]],[[[-79.9059,56.8668],[-79.858,56.8655],[-79.8242,56.848],[-79.8174,56.8316],[-79.838,56.7945],[-79.8619,56.7849],[-79.8881,56.7491],[-79.9394,56.7605],[-79.9517,56.7852],[-79.9438,56.8395],[-79.9059,56.8668]]],[[[-83.9923,76.4254],[-84.1234,76.4514],[-84.1036,76.4824],[-84.1378,76.5141],[-84.0134,76.5034],[-83.9112,76.4719],[-83.9923,76.4254]]],[[[-79.5937,56.7712],[-79.5738,56.7774],[-79.5874,56.7953],[-79.5734,56.8182],[-79.5509,56.7847],[-79.5106,56.7837],[-79.4833,56.7394],[-79.4877,56.6636],[-79.5155,56.6675],[-79.5649,56.6206],[-79.5833,56.6489],[-79.5476,56.7275],[-79.5937,56.7712]]],[[[-82.0814,68.3073],[-82.1493,68.3344],[-82.3489,68.3651],[-82.328,68.3786],[-82.2255,68.3651],[-82.246,68.3856],[-82.1767,68.3854],[-82.1407,68.3797],[-82.1118,68.3524],[-82.0001,68.3514],[-82.0471,68.3168],[-82.0814,68.3073]]],[[[-79.95,53.3518],[-79.9567,53.3231],[-79.9173,53.2974],[-79.9233,53.2755],[-79.9471,53.2659],[-80.0182,53.2737],[-80.0461,53.3093],[-80.086,53.3304],[-80.0707,53.3549],[-80.0428,53.3662],[-79.9438,53.3716],[-79.95,53.3518]]],[[[-77.8539,62.5883],[-77.8363,62.5623],[-77.8606,62.5505],[-78.087,62.561],[-78.1134,62.5747],[-78.0904,62.5883],[-77.887,62.5992],[-77.8539,62.5883]]],[[[-79.0053,56.017],[-78.9364,56.0245],[-79.0214,55.9537],[-79.0783,55.8343],[-79.1122,55.8002],[-79.1424,55.7973],[-79.0898,55.8571],[-79.0281,55.9926],[-79.0133,56.0591],[-78.9657,56.0836],[-78.9507,56.0785],[-78.9507,56.0375],[-79.0053,56.017]]],[[[-79.8414,53.1457],[-79.7992,53.1219],[-79.7951,53.1054],[-79.8494,53.0851],[-79.9298,53.0944],[-79.9364,53.1253],[-79.9166,53.1703],[-79.8949,53.1806],[-79.8553,53.1694],[-79.8414,53.1457]]],[[[-80.225,59.7313],[-80.1492,59.7101],[-80.1561,59.6828],[-80.2209,59.6625],[-80.2562,59.6267],[-80.3173,59.6136],[-80.3422,59.6196],[-80.3258,59.6484],[-80.296,59.6627],[-80.3,59.6767],[-80.2454,59.6767],[-80.2591,59.6972],[-80.225,59.7313]]],[[[-77.3121,55.6192],[-77.2113,55.6538],[-77.2096,55.6397],[-77.3775,55.5603],[-77.5261,55.4654],[-77.5863,55.4362],[-77.6479,55.4274],[-77.3667,55.5783],[-77.3121,55.6192]]],[[[-109.856,68.1596],[-109.6432,68.2426],[-109.568,68.2496],[-109.5959,68.2183],[-109.6636,68.2143],[-109.6804,68.1838],[-109.782,68.1426],[-109.8293,68.1381],[-109.856,68.1596]]],[[[-107.8754,66.9431],[-107.8391,67.0007],[-107.8115,67.0152],[-107.7934,66.9946],[-107.8307,66.9027],[-107.8886,66.8671],[-107.9505,66.858],[-107.902,66.8923],[-107.8754,66.9431]]],[[[-73.2764,64.2194],[-73.1733,64.2058],[-73.2689,64.1854],[-73.2552,64.1717],[-73.2873,64.1477],[-73.3133,64.1599],[-73.3651,64.1512],[-73.3378,64.1717],[-73.3998,64.1649],[-73.3912,64.1962],[-73.331,64.1916],[-73.3148,64.2009],[-73.3121,64.2139],[-73.3378,64.2399],[-73.2621,64.2399],[-73.2764,64.2194]]],[[[-113.0083,67.9473],[-112.8165,67.9692],[-112.7613,67.9641],[-112.8683,67.9465],[-112.9393,67.9206],[-113.1551,67.9218],[-113.1389,67.9375],[-113.0083,67.9473]]],[[[-67.4325,65.7427],[-67.3892,65.7362],[-67.4788,65.708],[-67.5295,65.7131],[-67.6825,65.6893],[-67.7045,65.7165],[-67.6249,65.7337],[-67.4325,65.7427]]],[[[-64.0434,63.5631],[-64.0912,63.4865],[-64.1489,63.5401],[-64.1687,63.6046],[-64.1373,63.618],[-64.0434,63.5631]]],[[[-111.0893,67.8654],[-110.8082,67.961],[-110.8787,67.8925],[-111.0753,67.8553],[-111.0893,67.8654]]],[[[-90.6749,63.5212],[-90.6886,63.5104],[-90.8118,63.5001],[-90.9697,63.5548],[-90.7637,63.5274],[-90.7978,63.5485],[-90.7613,63.5539],[-90.7233,63.5485],[-90.6749,63.5212]]],[[[-81.328,76.1497],[-81.4651,76.164],[-81.3109,76.1964],[-81.2044,76.1845],[-81.328,76.1497]]],[[[-72.4744,63.7055],[-72.4598,63.6879],[-72.4713,63.6756],[-72.4912,63.6722],[-72.5134,63.6945],[-72.5404,63.6945],[-72.5911,63.6776],[-72.5427,63.6645],[-72.5997,63.6467],[-72.6299,63.6464],[-72.6796,63.6721],[-72.7829,63.6645],[-72.5006,63.7128],[-72.4744,63.7055]]],[[[-102.126,69.715],[-102.119,69.671],[-102.1593,69.6542],[-102.2106,69.6603],[-102.2358,69.6846],[-102.2262,69.7261],[-102.1565,69.7349],[-102.126,69.715]]],[[[-90.182,69.1192],[-90.1473,69.1055],[-90.1274,69.0578],[-90.1547,69.051],[-90.1661,69.0605],[-90.161,69.0782],[-90.2342,69.0705],[-90.2768,69.114],[-90.264,69.1471],[-90.2516,69.1226],[-90.233,69.1192],[-90.1785,69.1431],[-90.1547,69.1396],[-90.182,69.1192]]],[[[-77.723,62.5883],[-77.6205,62.5883],[-77.6656,62.5613],[-77.6929,62.5677],[-77.7621,62.54],[-77.8041,62.5482],[-77.8335,62.6026],[-77.7646,62.6026],[-77.723,62.5883]]],[[[-91.8536,69.8597],[-91.7475,69.883],[-91.6413,69.8597],[-91.8402,69.8249],[-91.8672,69.8454],[-91.8536,69.8597]]],[[[-113.446,67.9268],[-113.2843,67.9385],[-113.248,67.92],[-113.2953,67.9063],[-113.5284,67.8953],[-113.6037,67.9063],[-113.5586,67.9161],[-113.3989,67.9138],[-113.446,67.9268]]],[[[-65.7864,65.702],[-65.7981,65.6834],[-65.8372,65.6783],[-65.8611,65.7052],[-65.8656,65.7812],[-65.7706,65.7633],[-65.7864,65.702]]],[[[-100.0907,68.3725],[-100.0777,68.3626],[-100.0907,68.3377],[-100.0907,68.2906],[-100.121,68.2786],[-100.234,68.324],[-100.1555,68.3376],[-100.1208,68.3549],[-100.1186,68.3793],[-100.0907,68.3725]]],[[[-108.0467,66.9815],[-107.9936,66.956],[-107.9368,66.9536],[-107.9994,66.925],[-107.9989,66.9126],[-108.0368,66.9023],[-108.0982,66.9741],[-108.115,67.0368],[-108.0467,66.9815]]],[[[-110.6443,68.5507],[-110.5207,68.5507],[-110.5525,68.5287],[-110.6143,68.5226],[-110.7262,68.537],[-110.7605,68.5662],[-110.63,68.5786],[-110.6225,68.5711],[-110.6443,68.5507]]],[[[-98.9667,68.0709],[-98.9735,68.0162],[-98.9325,68.0026],[-98.954,67.9851],[-99.01,67.9903],[-99.0834,68.0572],[-99.0539,68.0521],[-98.9918,68.0766],[-98.9667,68.0709]]],[[[-91.4631,63.6168],[-91.2987,63.5678],[-91.4147,63.5678],[-91.4011,63.5548],[-91.4355,63.555],[-91.4665,63.5649],[-91.4821,63.5924],[-91.5391,63.607],[-91.5259,63.6196],[-91.4631,63.6168]]],[[[-66.9295,65.9498],[-66.9625,65.9511],[-66.9881,65.974],[-67.0574,65.9833],[-67.1057,65.9577],[-67.1486,65.9959],[-67.0534,66.0081],[-66.9639,65.997],[-66.9216,65.9753],[-66.9295,65.9498]]],[[[-95.7663,72.875],[-95.7118,72.834],[-95.7323,72.8077],[-95.7982,72.8159],[-95.8558,72.8607],[-95.7932,72.8806],[-95.7663,72.875]]],[[[-92.2719,62.4074],[-92.1415,62.3965],[-92.2412,62.359],[-92.3539,62.3624],[-92.2787,62.3903],[-92.2997,62.4042],[-92.3749,62.3903],[-92.3402,62.4176],[-92.2719,62.4074]]],[[[-66.4385,62.8953],[-66.3633,62.8706],[-66.3425,62.8496],[-66.4106,62.8483],[-66.569,62.9148],[-66.562,62.9311],[-66.4385,62.8953]]],[[[-67.8527,63.346],[-67.8183,63.2913],[-67.8662,63.2918],[-67.9515,63.3805],[-67.964,63.41],[-67.9125,63.3931],[-67.8527,63.346]]],[[[-90.6202,63.4796],[-90.5998,63.4665],[-90.6155,63.4491],[-90.7022,63.4449],[-90.7345,63.4652],[-90.7568,63.5001],[-90.6202,63.4796]]],[[[-77.9216,58.3328],[-77.8179,58.3088],[-77.6683,58.2447],[-77.7383,58.2504],[-77.9495,58.3266],[-77.9216,58.3328]]],[[[-76.652,57.0714],[-76.6751,57.0654],[-76.7009,57.0827],[-76.7335,57.1764],[-76.7251,57.1908],[-76.6985,57.1922],[-76.6786,57.1518],[-76.656,57.1398],[-76.6759,57.1089],[-76.652,57.0714]]],[[[-89.3801,76.4451],[-89.6265,76.4514],[-89.525,76.4804],[-89.3801,76.4451]]],[[[-100.7412,70.3122],[-100.776,70.2842],[-100.7692,70.2569],[-100.7943,70.256],[-100.8722,70.2978],[-100.8509,70.3063],[-100.8511,70.3251],[-100.8269,70.329],[-100.7412,70.3122]]],[[[-76.7911,57.3361],[-76.8354,57.4258],[-76.7518,57.3703],[-76.7394,57.2839],[-76.7638,57.2851],[-76.7911,57.3361]]],[[[-81.4688,64.1916],[-81.5388,64.2064],[-81.5368,64.2232],[-81.442,64.2382],[-81.3938,64.2297],[-81.3826,64.2132],[-81.4688,64.1916]]],[[[-78.6416,58.6283],[-78.4567,58.5389],[-78.6832,58.6208],[-78.6553,58.6413],[-78.6877,58.6603],[-78.6962,58.6966],[-78.6074,58.6345],[-78.6416,58.6283]]],[[[-114.1373,67.8876],[-113.9745,67.8918],[-113.9265,67.8791],[-114.2378,67.8791],[-114.2965,67.8996],[-114.2163,67.9062],[-114.1373,67.8876]]],[[[-112.8369,68.1702],[-112.7461,68.1676],[-112.7178,68.1559],[-112.7897,68.1301],[-112.9123,68.1449],[-112.8905,68.1735],[-112.8369,68.1702]]],[[[-91.1341,62.6845],[-91.0448,62.6826],[-90.984,62.664],[-91.1478,62.664],[-91.271,62.6801],[-91.2714,62.692],[-91.2466,62.6999],[-91.1341,62.6845]]],[[[-68.1453,63.2725],[-68.0585,63.2227],[-68.0498,63.1924],[-68.1879,63.2503],[-68.2161,63.2764],[-68.1453,63.2725]]],[[[-92.5767,62.404],[-92.5289,62.433],[-92.4928,62.4171],[-92.4022,62.4108],[-92.42,62.3969],[-92.5388,62.3829],[-92.5992,62.4001],[-92.5767,62.404]]],[[[-64.6103,60.6902],[-64.594,60.6837],[-64.5973,60.6502],[-64.6256,60.6146],[-64.6898,60.5878],[-64.7135,60.5976],[-64.6103,60.6902]]],[[[-113.9674,68.6121],[-113.8353,68.6144],[-113.762,68.5978],[-113.7958,68.5817],[-113.9674,68.5978],[-113.9674,68.6121]]],[[[-68.0234,63.3009],[-67.9317,63.2329],[-67.895,63.1894],[-67.9589,63.2184],[-68.092,63.3204],[-68.0234,63.3009]]],[[[-109.2117,67.7897],[-109.0707,67.811],[-109.0398,67.7897],[-109.1361,67.7681],[-109.1795,67.7691],[-109.2117,67.7897]]],[[[-66.9343,65.317],[-66.9678,65.283],[-67.0167,65.3198],[-66.9246,65.3649],[-66.903,65.345],[-66.9343,65.317]]],[[[-78.3365,57.3052],[-78.4154,57.2793],[-78.4808,57.2914],[-78.381,57.3288],[-78.3264,57.3178],[-78.3365,57.3052]]],[[[-80.4708,59.491],[-80.4672,59.4647],[-80.5138,59.4103],[-80.5272,59.3754],[-80.5422,59.3713],[-80.5471,59.4085],[-80.5192,59.4438],[-80.5533,59.4501],[-80.4708,59.491]]],[[[-76.4842,64.1813],[-76.5685,64.2061],[-76.5727,64.2343],[-76.4974,64.2426],[-76.4941,64.2235],[-76.4718,64.2061],[-76.4842,64.1813]]],[[[-80.1466,69.4005],[-80.071,69.3836],[-80.0878,69.3656],[-80.1313,69.3625],[-80.182,69.3796],[-80.2077,69.4081],[-80.201,69.4277],[-80.1466,69.4005]]],[[[-76.6644,64.2417],[-76.6909,64.2524],[-76.6901,64.2641],[-76.6131,64.2715],[-76.5653,64.2541],[-76.6074,64.221],[-76.6644,64.2417]]],[[[-76.6234,56.6815],[-76.619,56.5869],[-76.6547,56.5489],[-76.6342,56.7153],[-76.6161,56.6955],[-76.6234,56.6815]]],[[[-92.9777,63.9042],[-92.9615,63.8794],[-92.9717,63.8747],[-93.0522,63.8865],[-93.0937,63.911],[-92.9777,63.9042]]],[[[-85.0217,66.0831],[-85.0028,66.0753],[-85.009,66.0654],[-84.9975,66.0573],[-85.062,66.0494],[-85.104,66.059],[-85.0806,66.0814],[-85.0217,66.0831]]],[[[-76.7305,56.1608],[-76.7159,56.138],[-76.7208,56.1254],[-76.7803,56.1081],[-76.7655,56.176],[-76.7305,56.1608]]],[[[-114.4739,68.8933],[-114.4384,68.9004],[-114.3305,68.8862],[-114.3822,68.8692],[-114.4739,68.8933]]],[[[-114.1462,68.6741],[-114.0478,68.6272],[-114.0705,68.6195],[-114.1068,68.6284],[-114.1927,68.681],[-114.1666,68.6862],[-114.1462,68.6741]]],[[[-78.7342,52.4451],[-78.7074,52.4476],[-78.7552,52.4221],[-78.728,52.4174],[-78.7498,52.4062],[-78.8,52.4128],[-78.8017,52.4339],[-78.8273,52.4276],[-78.7685,52.4477],[-78.7342,52.4451]]],[[[-78.2684,57.1986],[-78.2569,57.1945],[-78.2967,57.1912],[-78.3243,57.1719],[-78.3819,57.1745],[-78.3256,57.2077],[-78.2684,57.1986]]],[[[-83.6114,66.0846],[-83.6484,66.0711],[-83.6424,66.0854],[-83.6578,66.0993],[-83.6488,66.123],[-83.5741,66.1103],[-83.6114,66.0846]]],[[[-88.4308,65.487],[-88.3713,65.462],[-88.459,65.4557],[-88.4891,65.4731],[-88.4308,65.487]]],[[[-79.4057,52.261],[-79.3813,52.2448],[-79.5013,52.2331],[-79.4849,52.2533],[-79.4057,52.261]]],[[[-91.5929,62.6509],[-91.5751,62.6244],[-91.6697,62.6542],[-91.6891,62.6708],[-91.5929,62.6509]]],[[[-77.8498,56.3153],[-77.9801,56.2866],[-77.949,56.3134],[-77.8414,56.3233],[-77.8498,56.3153]]],[[[-89.0468,65.4064],[-89.023,65.4147],[-88.9693,65.3879],[-89.0557,65.4009],[-89.0868,65.392],[-89.1045,65.4089],[-89.0468,65.4064]]],[[[-92.6417,62.0607],[-92.6361,62.0404],[-92.6528,62.0265],[-92.6887,62.0419],[-92.7009,62.0746],[-92.6417,62.0607]]],[[[-79.5846,52.5552],[-79.5653,52.5454],[-79.6394,52.5326],[-79.6124,52.5773],[-79.5914,52.5767],[-79.5846,52.5552]]],[[[-80.3873,59.7117],[-80.3703,59.7087],[-80.4437,59.6482],[-80.4387,59.6774],[-80.3873,59.7117]]],[[[-80.5185,59.6947],[-80.5107,59.6833],[-80.5515,59.6494],[-80.5882,59.6616],[-80.5185,59.6947]]],[[[-77.487,56.4421],[-77.4784,56.4307],[-77.5026,56.3865],[-77.5354,56.3795],[-77.537,56.397],[-77.487,56.4421]]],[[[-78.8111,56.6577],[-78.8509,56.6727],[-78.765,56.6772],[-78.7399,56.667],[-78.8111,56.6577]]],[[[-83.5952,66.0401],[-83.6223,66.049],[-83.5704,66.0837],[-83.5587,66.046],[-83.5952,66.0401]]],[[[-85.9556,66.4632],[-85.8962,66.4539],[-85.8995,66.4427],[-85.9624,66.4396],[-85.9823,66.4639],[-85.9556,66.4632]]],[[[-78.6288,58.7795],[-78.629,58.7707],[-78.6483,58.7722],[-78.7076,58.786],[-78.6747,58.7916],[-78.6919,58.7978],[-78.6831,58.8022],[-78.6509,58.8021],[-78.6288,58.7795]]],[[[-92.7984,61.948],[-92.7719,61.9351],[-92.8376,61.926],[-92.875,61.9387],[-92.7984,61.948]]],[[[-79.0275,52.1136],[-79.0019,52.1076],[-79.0316,52.0934],[-79.0867,52.0975],[-79.0275,52.1136]]],[[[-78.9011,58.8325],[-78.8861,58.8081],[-78.9421,58.8378],[-78.9376,58.8648],[-78.9011,58.8325]]],[[[-79.7582,53.5225],[-79.7656,53.5467],[-79.7036,53.5163],[-79.7247,53.5089],[-79.7582,53.5225]]],[[[-79.8619,53.9129],[-79.8749,53.9062],[-79.9069,53.9177],[-79.9301,53.9409],[-79.8619,53.9129]]],[[[-81.1052,54.3329],[-81.1018,54.3741],[-81.086,54.3482],[-81.1052,54.3329]]],[[[-80.5524,59.1101],[-80.5386,59.0947],[-80.5829,59.0983],[-80.5524,59.1101]]]]}},{"type":"Feature","id":"Ontario","properties":{"id":"Ontario","iso_code":"CA-ON","name":"Ontario","name_full":"Ontario","name_ja":"オンタリオ州","center_lonlat":[-85.8317,50.0654]},"geometry":{"type":"MultiPolygon","coordinates":[[[[-95.1606,49.3695],[-95.1538,52.8214],[-93.6202,53.7469],[-92.6002,54.4796],[-91.3784,55.316],[-89.9805,56.2151],[-88.947,56.8532],[-88.8792,56.8599],[-88.8628,56.8395],[-88.8234,56.8351],[-88.8173,56.8269],[-88.8382,56.8122],[-88.725,56.7551],[-88.644,56.6934],[-88.5238,56.6617],[-88.3114,56.538],[-87.9897,56.4494],[-87.9538,56.3938],[-87.8507,56.3228],[-87.7179,56.1946],[-87.7091,56.16],[-87.5892,56.0798],[-87.626,56.0307],[-87.6186,56.0028],[-87.579,56.0462],[-87.5008,56.0449],[-87.4848,56.0346],[-87.4883,56.017],[-87.3551,56.0036],[-87.3653,55.9482],[-87.3163,55.9623],[-87.0569,55.9283],[-86.9801,55.9336],[-86.9538,55.9283],[-86.9681,55.9146],[-86.9537,55.9086],[-86.8749,55.9113],[-86.8173,55.8867],[-86.7183,55.869],[-86.5817,55.817],[-86.3728,55.7622],[-86.2893,55.7257],[-85.9043,55.662],[-85.6964,55.6038],[-85.4392,55.4284],[-85.2641,55.3745],[-85.1279,55.3498],[-85.1178,55.3284],[-85.1266,55.3026],[-85.1991,55.284],[-85.2203,55.2486],[-85.2718,55.2257],[-85.3227,55.1537],[-85.389,55.1121],[-85.3984,55.0956],[-85.3854,55.0677],[-85.4173,54.9992],[-85.3664,55.0389],[-85.3246,55.1232],[-85.1991,55.2424],[-85.1545,55.2678],[-85.0539,55.2941],[-84.9464,55.2952],[-84.6131,55.2452],[-84.4216,55.2819],[-84.2272,55.2971],[-84.079,55.2775],[-83.9291,55.3265],[-83.7676,55.2813],[-83.73,55.2595],[-83.7242,55.2436],[-83.7366,55.2246],[-83.7163,55.2219],[-83.699,55.2486],[-83.6512,55.2294],[-83.6115,55.2322],[-83.5669,55.1907],[-83.5883,55.1568],[-83.5611,55.1332],[-83.5549,55.1401],[-83.5724,55.1548],[-83.558,55.1847],[-83.5829,55.2325],[-83.6747,55.2538],[-83.7132,55.2766],[-83.6895,55.2849],[-83.5753,55.2673],[-83.4836,55.2396],[-83.2259,55.2219],[-83.185,55.2015],[-83.0397,55.239],[-82.9757,55.2391],[-82.9203,55.2205],[-82.8976,55.1741],[-82.9517,55.1127],[-82.9289,55.1169],[-82.8772,55.1605],[-82.7629,55.1451],[-82.6444,55.1741],[-82.5666,55.1479],[-82.5408,55.1468],[-82.5476,55.1679],[-82.5294,55.1676],[-82.4161,55.116],[-82.411,55.0922],[-82.321,55.0711],[-82.3428,55.1053],[-82.3114,55.1186],[-82.3558,55.1679],[-82.2523,55.1179],[-82.2488,55.0996],[-82.2827,55.0281],[-82.2565,54.9831],[-82.2727,54.9378],[-82.2534,54.8862],[-82.2084,54.8759],[-82.2014,54.8339],[-82.3153,54.5775],[-82.3778,54.4791],[-82.4172,54.389],[-82.4445,54.3654],[-82.4411,54.3319],[-82.4271,54.3177],[-82.4273,54.2124],[-82.3717,54.1506],[-82.383,54.1252],[-82.324,54.1223],[-82.2426,54.065],[-82.126,53.8122],[-82.1435,53.7453],[-82.2008,53.6705],[-82.2192,53.6044],[-82.2061,53.5901],[-82.2082,53.5266],[-82.1488,53.4263],[-82.1144,53.289],[-82.1401,53.2587],[-82.2506,53.213],[-82.246,53.201],[-82.2897,53.1102],[-82.3035,53.0327],[-82.2833,52.9916],[-82.3012,52.9676],[-82.2366,52.926],[-82.125,52.8918],[-82.0419,52.8428],[-81.9881,52.7984],[-81.977,52.7822],[-81.9858,52.7684],[-81.9598,52.7477],[-81.9182,52.6804],[-81.8159,52.6337],[-81.6798,52.5109],[-81.5638,52.4562],[-81.5603,52.4302],[-81.5749,52.4121],[-81.5545,52.3531],[-81.4787,52.3035],[-81.6066,52.3137],[-81.7354,52.2756],[-81.7539,52.2512],[-81.7919,52.2642],[-81.8202,52.2594],[-81.8691,52.2346],[-81.8275,52.2482],[-81.8214,52.2408],[-81.8828,52.1936],[-81.8325,52.1993],[-81.7468,52.2419],[-81.512,52.2393],[-81.4651,52.2203],[-81.3906,52.1278],[-81.3552,52.1042],[-81.2707,52.091],[-81.1566,52.0428],[-81.0987,52.0546],[-81.057,52.0266],[-80.9791,52.0018],[-80.9209,51.9094],[-80.8208,51.8845],[-80.5949,51.7114],[-80.5943,51.6859],[-80.5192,51.535],[-80.4403,51.4773],[-80.4298,51.3572],[-80.628,51.2956],[-80.7047,51.2408],[-80.7455,51.1884],[-80.8618,51.1446],[-80.9094,51.093],[-80.9849,51.0648],[-81.0126,51.0354],[-80.94,51.0556],[-80.9307,51.0354],[-80.958,51.015],[-80.9512,51.0081],[-80.9171,51.0301],[-80.8481,51.1235],[-80.6898,51.1616],[-80.67,51.1862],[-80.6048,51.2188],[-80.5674,51.2651],[-80.3851,51.3414],[-80.197,51.2994],[-80.1083,51.2961],[-80.0673,51.2676],[-79.986,51.2551],[-79.9233,51.2067],[-79.7445,51.1235],[-79.7059,51.0645],[-79.5692,50.9856],[-79.5208,50.9429],[-79.5129,47.5968],[-79.5165,47.5657],[-79.5728,47.484],[-79.5803,47.4518],[-79.5541,47.3916],[-79.4454,47.2747],[-79.4364,47.2251],[-79.4472,47.1317],[-79.4313,47.087],[-79.3565,47.0152],[-79.2921,46.9289],[-79.1636,46.8239],[-79.0962,46.7043],[-79.0138,46.6383],[-78.9641,46.533],[-78.8912,46.4701],[-78.7541,46.4014],[-78.7198,46.3471],[-78.694,46.3365],[-78.3451,46.289],[-78.3207,46.266],[-78.1108,46.2626],[-78.0455,46.2382],[-77.9209,46.2356],[-77.6584,46.1839],[-77.469,46.1151],[-77.307,46.0198],[-77.2894,46.0003],[-77.2719,45.9292],[-77.2265,45.8908],[-77.1385,45.8398],[-77.0166,45.7962],[-76.9358,45.7944],[-76.918,45.8115],[-76.9233,45.8838],[-76.8775,45.8959],[-76.8177,45.8859],[-76.786,45.8617],[-76.7654,45.7601],[-76.7545,45.7411],[-76.7153,45.722],[-76.6984,45.6615],[-76.6475,45.5808],[-76.5962,45.5557],[-76.4328,45.5222],[-76.3435,45.4736],[-76.2604,45.4843],[-76.2232,45.52],[-76.1284,45.5296],[-76.0231,45.5054],[-76.0097,45.488],[-75.9594,45.4687],[-75.8694,45.3926],[-75.7755,45.3938],[-75.6833,45.4685],[-75.5928,45.4797],[-75.3604,45.5437],[-75.2836,45.5767],[-75.053,45.596],[-74.9375,45.6377],[-74.7751,45.6325],[-74.6437,45.6561],[-74.5453,45.6088],[-74.3935,45.5727],[-74.478,45.3169],[-74.3462,45.2206],[-74.4025,45.1866],[-74.4731,45.1644],[-74.5263,45.0911],[-74.6531,45.0425],[-74.713,44.9993],[-74.8865,45.0094],[-75.2702,44.8638],[-75.6997,44.5817],[-75.8309,44.4643],[-75.8703,44.4086],[-76.0673,44.348],[-76.1498,44.3045],[-76.1787,44.2786],[-76.1693,44.2424],[-76.1858,44.2257],[-76.3278,44.1815],[-76.3501,44.1517],[-76.4546,44.0842],[-76.7972,43.6453],[-76.8415,43.6255],[-78.6881,43.6318],[-78.7508,43.6171],[-79.1743,43.4645],[-79.0584,43.2778],[-79.0486,43.1706],[-79.0653,43.1059],[-79.0233,43.0581],[-79.032,43.0134],[-78.9835,42.9761],[-78.9153,42.9476],[-78.9091,42.9302],[-78.919,42.8892],[-78.9631,42.8401],[-79.0194,42.8027],[-80.2466,42.3655],[-81.2767,42.2087],[-82.4249,41.6768],[-82.6669,41.6691],[-83.0684,41.8477],[-83.1234,41.9203],[-83.157,42.0004],[-83.1595,42.0463],[-83.1396,42.1159],[-83.1285,42.24],[-83.08,42.3051],[-83.0404,42.3319],[-82.8328,42.398],[-82.6443,42.5578],[-82.5758,42.5718],[-82.5262,42.6199],[-82.4834,42.7193],[-82.471,42.7906],[-82.4823,42.8351],[-82.4532,42.919],[-82.4146,42.9832],[-82.4111,43.0513],[-82.1457,43.5764],[-82.5321,45.2935],[-82.5483,45.3346],[-82.5888,45.3718],[-83.484,45.7719],[-83.6369,45.7739],[-83.4628,46.0078],[-83.6139,46.1156],[-83.7665,46.1065],[-83.8393,46.1192],[-83.9307,46.067],[-83.9646,46.0632],[-84.0142,46.116],[-84.021,46.1516],[-84.0868,46.2012],[-84.0968,46.2248],[-84.1191,46.3142],[-84.1054,46.3477],[-84.1477,46.3999],[-84.1588,46.4333],[-84.1104,46.5265],[-84.1973,46.5464],[-84.3053,46.5016],[-84.3525,46.5227],[-84.3897,46.5203],[-84.4232,46.5116],[-84.4922,46.4569],[-84.5666,46.4612],[-84.7733,46.6334],[-84.8542,46.8612],[-84.8787,46.8979],[-86.5323,47.5819],[-88.3473,48.2987],[-88.4079,48.3041],[-88.6427,48.2566],[-89.3636,47.9796],[-89.6566,48.008],[-89.7128,48.0034],[-89.7633,48.0173],[-89.9205,47.9875],[-89.9953,48.0186],[-90.0733,48.1012],[-90.1204,48.1154],[-90.4905,48.0962],[-90.542,48.0837],[-90.5868,48.1048],[-90.7503,48.084],[-90.7865,48.1005],[-90.8123,48.161],[-90.8497,48.1896],[-90.8407,48.2201],[-90.8738,48.2343],[-90.9232,48.2271],[-91.0711,48.1709],[-91.2764,48.0648],[-91.3654,48.0578],[-91.4279,48.0364],[-91.4871,48.0535],[-91.5748,48.0482],[-91.587,48.0526],[-91.5798,48.071],[-91.5897,48.0883],[-91.6925,48.0979],[-91.7164,48.1121],[-91.6955,48.1376],[-91.7441,48.1796],[-91.8522,48.196],[-91.9755,48.2366],[-92.008,48.2625],[-92.0434,48.3346],[-92.0705,48.3467],[-92.1547,48.3501],[-92.2816,48.3318],[-92.3031,48.3109],[-92.291,48.2496],[-92.3719,48.2226],[-92.4625,48.3293],[-92.4676,48.3943],[-92.4906,48.4331],[-92.5269,48.4456],[-92.6571,48.4382],[-92.7041,48.4452],[-92.7189,48.4598],[-92.7106,48.4829],[-92.6275,48.5028],[-92.6486,48.5363],[-92.8842,48.5799],[-92.9797,48.6177],[-93.2577,48.6303],[-93.3857,48.6149],[-93.4515,48.5974],[-93.4599,48.5574],[-93.4918,48.5423],[-93.7568,48.5165],[-93.8094,48.5436],[-93.8357,48.6171],[-93.8749,48.6362],[-94.2322,48.652],[-94.251,48.6573],[-94.2585,48.6908],[-94.2926,48.7119],[-94.4795,48.7007],[-94.5929,48.7264],[-94.6889,48.7788],[-94.7109,48.8075],[-94.7112,48.9146],[-94.8112,49.1666],[-94.8061,49.2109],[-94.8391,49.3089],[-94.9261,49.3456],[-95.1028,49.3539],[-95.1606,49.3695]]],[[[-79.5208,50.9655],[-79.5459,50.9945],[-79.6698,51.0584],[-79.7036,51.09],[-79.7427,51.1576],[-79.7471,51.1955],[-79.6795,51.3132],[-79.6996,51.3684],[-79.6968,51.3985],[-79.6278,51.4244],[-79.6051,51.4478],[-79.5208,51.4667],[-79.5208,50.9655]]]]}},{"type":"Feature","id":"Prince Edward Island","properties":{"id":"Prince Edward Island","iso_code":"CA-PE","name":"Prince Edward Island","name_full":"Prince Edward Island","name_ja":"プリンスエドワードアイランド州","center_lonlat":[-63.2528,46.4009]},"geometry":{"type":"Polygon","coordinates":[[[-62.004,46.4641],[-61.9774,46.4482],[-62.1656,46.3584],[-62.2276,46.3459],[-62.2839,46.3821],[-62.2738,46.3449],[-62.3597,46.361],[-62.3318,46.3132],[-62.4006,46.3132],[-62.3657,46.2714],[-62.4713,46.2805],[-62.4969,46.2723],[-62.4237,46.2451],[-62.4211,46.2238],[-62.4373,46.2163],[-62.5139,46.2177],[-62.5764,46.239],[-62.5856,46.2275],[-62.513,46.2016],[-62.4969,46.1835],[-62.5992,46.2108],[-62.5719,46.1903],[-62.6068,46.1835],[-62.531,46.1699],[-62.5416,46.1282],[-62.4757,46.1214],[-62.4807,46.1352],[-62.5173,46.1494],[-62.4864,46.1527],[-62.4532,46.1076],[-62.4559,46.0805],[-62.4726,46.0634],[-62.5275,46.0573],[-62.5719,46.0327],[-62.5105,46.0184],[-62.4559,46.0252],[-62.4856,45.9899],[-62.5452,45.9718],[-62.729,45.9706],[-62.7507,45.9508],[-62.8463,45.978],[-62.8941,46.0054],[-62.8736,46.0184],[-62.9193,46.0324],[-62.9346,46.053],[-62.8873,46.0532],[-62.909,46.0719],[-63.0306,46.0668],[-62.9176,46.1013],[-62.8661,46.1357],[-62.8782,46.1556],[-62.8955,46.1575],[-62.9479,46.128],[-62.952,46.1664],[-62.9282,46.1767],[-62.9472,46.1934],[-62.976,46.2046],[-62.9897,46.1972],[-62.976,46.1835],[-62.9974,46.1793],[-63.1168,46.2158],[-63.0729,46.2456],[-63.0654,46.2661],[-63.0449,46.2661],[-63.0381,46.2866],[-62.963,46.32],[-63.0436,46.3016],[-63.1343,46.2381],[-63.1957,46.2723],[-63.1747,46.2277],[-63.2709,46.1972],[-63.1891,46.1953],[-63.1753,46.2177],[-63.1419,46.1984],[-63.1473,46.1835],[-63.2334,46.1455],[-63.2843,46.147],[-63.412,46.1835],[-63.4906,46.2238],[-63.535,46.2108],[-63.567,46.2231],[-63.6021,46.2169],[-63.6756,46.2426],[-63.713,46.2898],[-63.8,46.3319],[-63.8012,46.3488],[-63.7848,46.3411],[-63.8059,46.3747],[-63.7159,46.3542],[-63.7649,46.3821],[-63.7369,46.3964],[-63.8884,46.4026],[-63.9345,46.423],[-63.9872,46.3996],[-64.1343,46.4156],[-64.1335,46.4426],[-64.1144,46.4435],[-64.108,46.5444],[-64.0727,46.5534],[-64.079,46.5665],[-64.0619,46.57],[-64.079,46.5978],[-64.0727,46.6422],[-64.1448,46.5978],[-64.2305,46.6353],[-64.383,46.6278],[-64.4024,46.6422],[-64.4168,46.6828],[-64.4015,46.723],[-64.3695,46.7588],[-64.2723,46.825],[-64.2313,46.9033],[-63.9971,47.0673],[-63.9834,47.04],[-63.9978,46.971],[-63.9748,46.894],[-64.025,46.8483],[-64.038,46.821],[-64.0555,46.8193],[-64.0597,46.8066],[-64.079,46.8135],[-64.0933,46.78],[-64.0561,46.7488],[-63.9856,46.7541],[-63.9698,46.7452],[-63.9834,46.7173],[-63.939,46.6953],[-63.8814,46.6429],[-63.8858,46.6178],[-63.9151,46.6291],[-63.9066,46.608],[-63.8712,46.6032],[-63.8548,46.6329],[-63.8336,46.6124],[-63.8468,46.6013],[-63.8332,46.5808],[-63.8517,46.5737],[-63.881,46.5224],[-63.942,46.5003],[-63.9356,46.4783],[-63.8258,46.5193],[-63.813,46.5007],[-63.813,46.4895],[-63.833,46.4819],[-63.8226,46.4606],[-63.7089,46.4442],[-63.6966,46.4572],[-63.7342,46.5107],[-63.7023,46.5255],[-63.7301,46.5329],[-63.7108,46.5584],[-63.6769,46.5681],[-63.4947,46.5312],[-63.4974,46.492],[-63.4819,46.4926],[-63.4566,46.4674],[-63.4455,46.4675],[-63.4289,46.4975],[-63.4632,46.5063],[-63.399,46.5121],[-63.3323,46.4988],[-63.3056,46.451],[-63.2572,46.4231],[-63.2504,46.4299],[-63.2381,46.4074],[-63.1947,46.4311],[-63.0811,46.4209],[-62.8497,46.4374],[-62.8238,46.4151],[-62.8121,46.4299],[-62.8196,46.4374],[-62.7645,46.449],[-62.5856,46.4299],[-62.7023,46.4572],[-62.5856,46.4783],[-62.2646,46.4738],[-62.1852,46.487],[-62.004,46.4641]]]}},{"type":"Feature","id":"Quebec","properties":{"id":"Quebec","iso_code":"CA-QC","name":"Quebec","name_full":"Quebec","name_ja":"ケベック州","center_lonlat":[-71.9661,53.745]},"geometry":{"type":"MultiPolygon","coordinates":[[[[-79.5208,50.9429],[-79.423,50.8566],[-79.392,50.8051],[-79.3584,50.7805],[-79.3529,50.7434],[-79.3343,50.7269],[-79.3396,50.7918],[-79.3692,50.8114],[-79.4434,50.9038],[-79.4979,50.934],[-79.5208,50.9655],[-79.5208,51.4667],[-79.5297,51.5097],[-79.5602,51.5555],[-79.4681,51.5802],[-79.346,51.6618],[-79.3232,51.667],[-79.2555,51.6387],[-79.2445,51.6309],[-79.2856,51.552],[-79.2756,51.5316],[-79.1842,51.5257],[-79.1282,51.5425],[-79.0115,51.4674],[-79.0053,51.419],[-78.9706,51.3774],[-78.935,51.2816],[-78.9606,51.2579],[-78.9532,51.2192],[-78.9125,51.1825],[-78.847,51.1645],[-78.9198,51.233],[-78.9033,51.3044],[-78.8624,51.3442],[-78.8266,51.3501],[-78.8797,51.3745],[-78.8822,51.4033],[-78.7938,51.4745],[-78.69,51.4873],[-78.7131,51.5065],[-78.7823,51.5036],[-78.8129,51.5146],[-78.8197,51.568],[-78.7924,51.6108],[-78.8408,51.617],[-78.8675,51.6468],[-78.9293,51.6605],[-78.9425,51.6751],[-78.9364,51.7001],[-78.9806,51.7186],[-79.0194,51.7632],[-79.0388,51.7685],[-79.015,51.7961],[-78.9238,51.7982],[-78.8406,51.8423],[-78.8334,51.8572],[-78.8684,51.8903],[-78.8926,51.9468],[-78.7472,51.9769],[-78.7197,52.014],[-78.6962,52.0183],[-78.7099,52.0565],[-78.6497,52.0587],[-78.6348,52.0694],[-78.6553,52.0837],[-78.5913,52.1061],[-78.5317,52.1998],[-78.553,52.2364],[-78.5467,52.2466],[-78.49,52.2567],[-78.4082,52.2482],[-78.4672,52.2756],[-78.5528,52.2681],[-78.5589,52.2888],[-78.4996,52.3558],[-78.5317,52.3953],[-78.5099,52.4214],[-78.5431,52.44],[-78.5136,52.458],[-78.516,52.4768],[-78.5665,52.4879],[-78.5454,52.5151],[-78.5758,52.5394],[-78.6528,52.5317],[-78.649,52.5493],[-78.6677,52.556],[-78.7173,52.5424],[-78.7099,52.5629],[-78.7651,52.5704],[-78.69,52.5977],[-78.7309,52.6175],[-78.7099,52.625],[-78.7242,52.6523],[-78.756,52.6465],[-78.7856,52.6591],[-78.7624,52.696],[-78.8197,52.7007],[-78.7784,52.7138],[-78.772,52.7242],[-78.7856,52.741],[-78.8502,52.7574],[-78.847,52.7752],[-78.8308,52.7825],[-78.735,52.7892],[-78.7309,52.8304],[-78.7804,52.8196],[-78.69,52.8851],[-78.796,52.8709],[-78.8553,52.8839],[-78.9017,52.9266],[-78.8745,52.9398],[-78.8675,52.9676],[-78.8061,52.9601],[-78.7856,52.9819],[-78.8258,52.9839],[-78.857,53.0172],[-78.8931,53.0017],[-78.9842,53.0284],[-78.9454,53.0385],[-78.9159,53.0638],[-78.9774,53.07],[-78.9159,53.1662],[-78.9374,53.1867],[-78.9017,53.201],[-78.9289,53.2209],[-78.888,53.2318],[-78.8993,53.2482],[-78.9227,53.2482],[-78.8954,53.2686],[-78.952,53.2915],[-78.9374,53.317],[-78.9643,53.3444],[-78.9449,53.3923],[-78.9917,53.4536],[-79.0632,53.442],[-79.0525,53.461],[-79.1146,53.5089],[-79.03,53.5351],[-79.0463,53.5294],[-79.0463,53.5163],[-79.0284,53.4991],[-79.0041,53.4977],[-78.9569,53.5163],[-79.0326,53.5566],[-79.0195,53.5709],[-78.9606,53.5498],[-78.9231,53.5667],[-78.9818,53.6154],[-79.0662,53.5982],[-79.0388,53.6392],[-79.0231,53.6321],[-79.0076,53.6476],[-79.0338,53.6547],[-79.0463,53.6727],[-79.0133,53.6773],[-79.0193,53.6939],[-79.1561,53.7081],[-79.1269,53.7228],[-79.0488,53.7257],[-79.0388,53.7416],[-79.0626,53.7441],[-79.0634,53.7571],[-79.0463,53.79],[-79.0736,53.8037],[-79.0189,53.8242],[-79.0525,53.8378],[-79.0135,53.8459],[-78.9017,53.8173],[-78.9286,53.8435],[-78.9714,53.8551],[-79.0662,53.8577],[-79.0666,53.8943],[-79.1077,53.9061],[-79.0801,53.9163],[-78.9917,53.9129],[-79.0223,53.936],[-79.1351,53.9614],[-79.0423,53.9472],[-79.0252,53.9614],[-79.0764,53.9676],[-79.0388,53.9676],[-79.048,53.9797],[-79.1009,53.9818],[-79.0593,53.9892],[-79.0736,54.0023],[-79.049,54.0101],[-78.9643,54.0023],[-78.9796,54.0192],[-79.1371,54.083],[-79.2926,54.0911],[-79.2665,54.0994],[-79.1692,54.0911],[-79.175,54.1115],[-79.1077,54.1121],[-79.1287,54.1285],[-79.1077,54.1252],[-79.1009,54.1395],[-79.1424,54.1457],[-79.0725,54.1621],[-79.0463,54.1805],[-79.1014,54.1876],[-79.2383,54.1617],[-79.238,54.1805],[-79.2859,54.1737],[-79.2919,54.1884],[-79.3205,54.1967],[-79.3821,54.1941],[-79.3268,54.2282],[-79.3343,54.2487],[-79.3054,54.2416],[-79.2859,54.2556],[-79.4081,54.2709],[-79.4435,54.2835],[-79.4156,54.2972],[-79.4242,54.307],[-79.464,54.3102],[-79.4634,54.3533],[-79.4799,54.3697],[-79.505,54.3723],[-79.4913,54.3858],[-79.4982,54.4064],[-79.4503,54.42],[-79.505,54.4268],[-79.4906,54.4626],[-79.5192,54.5019],[-79.5534,54.5094],[-79.5292,54.5171],[-79.5399,54.535],[-79.6012,54.5572],[-79.5294,54.5772],[-79.5255,54.5914],[-79.5387,54.6044],[-79.5821,54.6064],[-79.6012,54.5981],[-79.5807,54.5914],[-79.6353,54.5777],[-79.592,54.621],[-79.5937,54.6329],[-79.6905,54.6329],[-79.6483,54.6497],[-79.6706,54.6739],[-79.6831,54.6739],[-79.6745,54.6589],[-79.6995,54.6529],[-79.7656,54.6596],[-79.6435,54.7008],[-79.6429,54.7382],[-79.6285,54.7422],[-79.6419,54.7285],[-79.6169,54.7147],[-79.4845,54.7564],[-79.3246,54.7797],[-79.2926,54.7974],[-78.9674,54.852],[-78.8749,54.9077],[-78.6037,54.9681],[-78.5297,55.0039],[-78.3922,55.0275],[-78.2374,55.0922],[-78.1556,55.1401],[-77.7816,55.2735],[-77.675,55.3669],[-77.636,55.3768],[-77.2375,55.5917],[-77.138,55.6577],[-77.0887,55.7142],[-77.1892,55.6819],[-76.8419,55.9337],[-76.8087,55.986],[-76.7115,56.0186],[-76.6815,56.0429],[-76.6221,56.1395],[-76.5889,56.2379],[-76.5452,56.295],[-76.5151,56.4382],[-76.5275,56.5945],[-76.5037,56.7838],[-76.5579,57.0312],[-76.5327,57.1153],[-76.5646,57.1535],[-76.5893,57.2713],[-76.6566,57.4044],[-76.6863,57.4272],[-76.7093,57.4626],[-76.6957,57.4694],[-76.715,57.4733],[-76.8056,57.6135],[-76.8087,57.6755],[-76.9136,57.7764],[-76.9498,57.8278],[-77.0083,57.866],[-77.0793,57.9615],[-77.1124,57.9702],[-77.1483,58.0175],[-77.2018,58.0562],[-77.2643,58.0864],[-77.34,58.1001],[-77.3946,58.1479],[-77.4908,58.1684],[-77.4451,58.1846],[-77.4706,58.212],[-77.6232,58.2784],[-77.6963,58.2851],[-77.7707,58.3192],[-78.0315,58.3881],[-78.0145,58.424],[-78.0788,58.4559],[-78.1277,58.4548],[-78.1437,58.4757],[-78.2027,58.5048],[-78.2673,58.5192],[-78.3126,58.5731],[-78.4093,58.6297],[-78.4299,58.6208],[-78.4174,58.6007],[-78.3201,58.5464],[-78.3446,58.5384],[-78.3988,58.5534],[-78.4464,58.5797],[-78.4676,58.612],[-78.5488,58.6089],[-78.5665,58.6208],[-78.5594,58.665],[-78.5733,58.6755],[-78.4686,58.706],[-78.4836,58.7314],[-78.5425,58.7652],[-78.5383,58.7955],[-78.5082,58.7791],[-78.4885,58.8065],[-78.5454,58.902],[-78.5317,58.943],[-78.56,58.9446],[-78.5657,58.9577],[-78.5511,58.9686],[-78.5181,58.9634],[-78.4643,58.9182],[-78.443,58.9157],[-78.4514,58.9398],[-78.4346,58.9545],[-78.3568,58.9594],[-78.3618,58.9142],[-78.3164,58.9255],[-78.3047,58.9599],[-78.2437,58.9982],[-78.3126,58.984],[-78.3201,58.9914],[-78.2794,59.0172],[-78.2716,59.0323],[-78.2853,59.0528],[-78.2543,59.0699],[-78.21,59.0535],[-78.2049,59.0737],[-78.2233,59.1081],[-78.2018,59.1127],[-78.1786,59.0922],[-78.1314,59.1079],[-78.1261,59.1233],[-78.1556,59.1552],[-78.0867,59.1614],[-78.1066,59.2099],[-77.9498,59.2679],[-77.8192,59.293],[-77.8949,59.3129],[-77.785,59.3265],[-77.7702,59.3507],[-77.8061,59.3681],[-77.6752,59.4023],[-77.7235,59.416],[-77.7392,59.4012],[-77.7707,59.4085],[-77.7745,59.4258],[-77.793,59.4326],[-77.8906,59.4014],[-77.9154,59.4191],[-77.8897,59.4454],[-77.8471,59.4501],[-77.8812,59.4849],[-77.7303,59.5487],[-77.7162,59.6214],[-77.7677,59.6388],[-77.7849,59.6594],[-77.7987,59.6828],[-77.744,59.6971],[-77.7782,59.7101],[-77.7062,59.7033],[-77.6685,59.6767],[-77.5703,59.6934],[-77.4875,59.6478],[-77.4621,59.6246],[-77.4697,59.5947],[-77.443,59.5776],[-77.3127,59.5668],[-77.4259,59.5954],[-77.4498,59.6146],[-77.4446,59.6449],[-77.4629,59.6766],[-77.5455,59.6897],[-77.4908,59.7176],[-77.5455,59.7449],[-77.5354,59.7593],[-77.4684,59.7477],[-77.4324,59.7896],[-77.2916,59.7995],[-77.3717,59.9003],[-77.425,59.9193],[-77.353,59.9299],[-77.3872,59.9435],[-77.3468,59.965],[-77.299,59.9709],[-77.3332,59.9845],[-77.2363,59.9975],[-77.3127,60.0255],[-77.2447,60.0337],[-77.1892,60.0602],[-77.3308,60.0357],[-77.3493,60.0422],[-77.3462,60.0602],[-77.3697,60.067],[-77.3946,60.0665],[-77.4186,60.0466],[-77.6342,60.0665],[-77.5796,60.0943],[-77.6007,60.1148],[-77.5571,60.1306],[-77.4083,60.1353],[-77.4825,60.1536],[-77.5353,60.1837],[-77.5597,60.211],[-77.4697,60.2172],[-77.5642,60.2674],[-77.538,60.2862],[-77.6137,60.2657],[-77.6219,60.2724],[-77.5933,60.3209],[-77.6333,60.3437],[-77.6342,60.3613],[-77.7162,60.3824],[-77.7432,60.4042],[-77.7423,60.4258],[-77.6963,60.4649],[-77.5917,60.5026],[-77.5469,60.5474],[-77.4151,60.5468],[-77.4608,60.5666],[-77.5418,60.5757],[-77.686,60.5583],[-77.7706,60.5925],[-77.8297,60.6492],[-77.6068,60.7591],[-77.6295,60.775],[-77.744,60.7665],[-77.5106,60.841],[-77.561,60.8388],[-77.8949,60.7523],[-77.8601,60.7927],[-77.97,60.7927],[-77.8807,60.8274],[-77.9194,60.8353],[-78.0457,60.807],[-78.1965,60.7927],[-78.1655,60.8684],[-78.1405,60.8736],[-78.0941,60.9168],[-77.871,61.0502],[-77.8093,61.0571],[-77.8124,61.0881],[-77.7887,61.1557],[-77.7652,61.1793],[-77.7031,61.1911],[-77.6927,61.2073],[-77.7515,61.232],[-77.7235,61.2731],[-77.744,61.2972],[-77.7484,61.3748],[-77.7853,61.4547],[-77.7491,61.4589],[-77.6976,61.4318],[-77.6772,61.4393],[-77.6826,61.4648],[-77.6077,61.4647],[-77.5455,61.4853],[-77.6661,61.5277],[-77.6413,61.5602],[-77.6037,61.5638],[-77.5684,61.5476],[-77.4766,61.54],[-77.5008,61.5633],[-77.5456,61.5759],[-77.6342,61.5821],[-77.5727,61.6014],[-77.7084,61.6163],[-77.7927,61.7014],[-77.8146,61.6918],[-77.9398,61.6936],[-78.0048,61.7324],[-78.0092,61.7783],[-78.0848,61.888],[-78.0731,61.9241],[-78.094,61.9769],[-78.1277,61.9933],[-78.137,62.0135],[-78.1427,62.1073],[-78.165,62.1669],[-78.1413,62.232],[-78.1549,62.2973],[-78.1107,62.3158],[-78.1005,62.3471],[-78.024,62.3918],[-77.9356,62.407],[-77.7847,62.468],[-77.687,62.4773],[-77.6566,62.5166],[-77.538,62.5473],[-77.4718,62.5938],[-77.4049,62.5883],[-77.3775,62.5576],[-77.1684,62.5473],[-77.1371,62.5268],[-77.0785,62.5353],[-77.0433,62.5192],[-76.9698,62.5434],[-76.912,62.5222],[-76.7577,62.5108],[-76.6647,62.4869],[-76.6269,62.4617],[-76.534,62.4592],[-76.4645,62.4354],[-76.1499,62.3871],[-76.0985,62.3456],[-76.0548,62.3555],[-76.0139,62.3419],[-75.949,62.3555],[-75.8297,62.3133],[-75.6586,62.2965],[-75.5922,62.273],[-75.7164,62.238],[-75.8938,62.1638],[-75.8317,62.1638],[-75.5751,62.2457],[-75.4935,62.2959],[-75.3277,62.3175],[-75.1505,62.285],[-75.1422,62.2723],[-75.1533,62.232],[-75.0924,62.2668],[-75.0061,62.269],[-74.8904,62.2342],[-74.7897,62.1821],[-74.7585,62.1521],[-74.673,62.1238],[-74.5581,62.1091],[-74.7411,62.1851],[-74.755,62.2136],[-74.7049,62.2525],[-74.4169,62.2525],[-74.3179,62.2866],[-74.2784,62.3235],[-74.2168,62.337],[-74.1547,62.3252],[-74.087,62.3522],[-73.9979,62.3674],[-73.8722,62.4648],[-73.6707,62.4821],[-73.6463,62.4722],[-73.5714,62.3948],[-73.5023,62.3903],[-73.4502,62.3662],[-73.3782,62.3705],[-73.3173,62.3282],[-73.2095,62.3128],[-73.212,62.2763],[-73.196,62.2606],[-73.0839,62.215],[-73.0622,62.1876],[-72.969,62.1729],[-72.899,62.1433],[-72.9474,62.1227],[-72.7829,62.1091],[-72.8238,62.1358],[-72.7345,62.1501],[-72.6879,62.1267],[-72.6291,62.1169],[-72.6214,62.1019],[-72.6662,62.0613],[-72.6263,62.0629],[-72.598,62.0477],[-72.6159,62.0366],[-72.598,62.0197],[-72.6078,61.9722],[-72.6851,61.9513],[-72.6913,61.9023],[-72.796,61.8354],[-72.755,61.8354],[-72.6662,61.8832],[-72.6632,61.8501],[-72.6316,61.821],[-72.6019,61.8126],[-72.6317,61.8956],[-72.6305,61.9229],[-72.6052,61.9437],[-72.3571,61.8894],[-72.2323,61.8813],[-72.2032,61.8658],[-72.1796,61.8279],[-72.1318,61.8006],[-72.2063,61.7932],[-72.187,61.7801],[-72.2116,61.7789],[-72.2237,61.7502],[-72.1947,61.7374],[-72.1411,61.7574],[-72.0763,61.7449],[-71.9952,61.6771],[-72.0246,61.6416],[-72.0851,61.6063],[-72.2435,61.6176],[-72.2773,61.6031],[-72.3031,61.5679],[-72.2209,61.6014],[-72.0834,61.5889],[-71.9795,61.6038],[-71.9354,61.671],[-71.9728,61.7082],[-71.9568,61.7112],[-71.6744,61.6563],[-71.581,61.6138],[-71.5694,61.6014],[-71.5906,61.6014],[-71.5582,61.5873],[-71.5487,61.5747],[-71.5558,61.561],[-71.6073,61.5679],[-71.6378,61.5468],[-71.6915,61.5393],[-71.8574,61.5338],[-71.8485,61.5231],[-71.7926,61.5269],[-71.7818,61.5044],[-71.796,61.4915],[-71.7482,61.4791],[-71.7688,61.4609],[-71.8916,61.4307],[-71.7345,61.4102],[-71.5831,61.4102],[-71.7073,61.3684],[-71.8227,61.3755],[-71.796,61.3692],[-71.8227,61.355],[-71.6656,61.3345],[-71.7271,61.2873],[-71.5968,61.2594],[-71.6309,61.2042],[-71.5729,61.2205],[-71.5558,61.1973],[-71.5804,61.161],[-71.5729,61.1557],[-71.508,61.17],[-71.5354,61.2108],[-71.4977,61.2309],[-71.4597,61.2134],[-71.444,61.1847],[-71.3716,61.129],[-71.36,61.1265],[-71.3714,61.1495],[-71.2133,61.1672],[-71.2206,61.1495],[-71.185,61.1227],[-71.1676,61.1411],[-71.1114,61.1252],[-71.0388,61.1318],[-70.9354,61.1066],[-70.9274,61.0927],[-70.9394,61.0738],[-70.8469,61.0754],[-70.7899,61.0548],[-70.7621,61.0567],[-70.7818,61.0738],[-70.7618,61.0858],[-70.6583,61.0539],[-70.6856,61.0328],[-70.6677,61.0268],[-70.6037,61.0328],[-70.5354,61.0123],[-70.5689,61.0465],[-70.5354,61.0465],[-70.5416,61.0601],[-70.5267,61.0654],[-70.4884,61.0603],[-70.4727,61.0539],[-70.4665,61.0328],[-70.4255,61.0266],[-70.4432,61.0583],[-70.4318,61.0676],[-70.4044,61.0601],[-70.4255,61.0881],[-70.3429,61.0676],[-70.3473,61.0831],[-70.3251,61.1004],[-70.2467,61.0738],[-70.1553,61.0876],[-70.144,61.0836],[-70.1512,61.0738],[-70.1102,61.0601],[-70.1512,61.0403],[-70.1601,61.0217],[-70.1269,61.0102],[-70.1034,61.0198],[-70.0959,61.0123],[-70.1117,60.9961],[-70.0897,60.9612],[-70.1048,60.9261],[-70.0897,60.9025],[-70.1512,60.882],[-70.055,60.8758],[-70.0587,60.8503],[-69.9867,60.8479],[-69.9159,60.81],[-69.8495,60.8547],[-69.9387,60.8402],[-69.777,60.9195],[-69.7403,60.923],[-69.7394,60.8861],[-69.7026,60.8743],[-69.6623,60.8852],[-69.6509,60.9168],[-69.6917,60.9588],[-69.6788,61.0123],[-69.6509,61.0403],[-69.651,61.0643],[-69.5854,61.0881],[-69.5366,61.0797],[-69.4334,60.964],[-69.4244,60.923],[-69.3697,60.9168],[-69.3902,60.8684],[-69.3697,60.824],[-69.3813,60.7999],[-69.4432,60.7754],[-69.5724,60.7515],[-69.644,60.7086],[-69.7198,60.684],[-69.6832,60.6431],[-69.6976,60.6081],[-69.6671,60.5994],[-69.6577,60.5841],[-69.6667,60.5672],[-69.829,60.5257],[-69.7497,60.4622],[-69.7759,60.4245],[-69.7353,60.4113],[-69.7198,60.3756],[-69.7655,60.3171],[-69.7123,60.2998],[-69.657,60.2415],[-69.6024,60.2247],[-69.6509,60.1837],[-69.5956,60.1789],[-69.6099,60.1496],[-69.611,60.1011],[-69.6304,60.0943],[-69.628,60.0767],[-69.7061,60.0633],[-69.7229,60.0466],[-69.8263,60.0716],[-69.8427,60.0289],[-69.7731,60.0043],[-69.8216,59.9892],[-69.901,60.005],[-70.3362,60.0323],[-70.3094,60.0118],[-70.5719,59.995],[-70.6507,60.0218],[-70.9962,60.0762],[-71.0351,60.0665],[-70.9213,60.0555],[-70.8628,60.0295],[-70.5777,59.9772],[-70.4801,59.9709],[-70.3846,59.9913],[-70.3225,59.9776],[-70.2266,59.9865],[-70.1649,59.9641],[-70.045,59.951],[-69.7351,59.9703],[-69.7198,59.9603],[-69.7278,59.9219],[-69.7676,59.9156],[-69.5615,59.8647],[-69.6007,59.8336],[-69.5963,59.8094],[-69.6122,59.7839],[-69.5478,59.7648],[-69.6577,59.7033],[-69.5206,59.6766],[-69.5162,59.6493],[-69.568,59.6026],[-69.6599,59.5778],[-69.7485,59.5161],[-69.7582,59.4905],[-69.6987,59.4848],[-69.7047,59.4722],[-69.6715,59.457],[-69.649,59.4283],[-69.6434,59.416],[-69.6715,59.3886],[-69.6321,59.3851],[-69.6434,59.3647],[-69.7495,59.3428],[-69.7551,59.3177],[-69.7247,59.305],[-69.6271,59.3067],[-69.5765,59.3318],[-69.4226,59.3615],[-69.3561,59.3341],[-69.3695,59.3204],[-69.3587,59.3141],[-69.2977,59.3343],[-69.2548,59.3248],[-69.2468,59.303],[-69.266,59.2768],[-69.2444,59.2665],[-69.2325,59.2413],[-69.2434,59.2282],[-69.2948,59.2161],[-69.3652,59.2445],[-69.3663,59.2034],[-69.389,59.1942],[-69.4181,59.2037],[-69.4256,59.2254],[-69.4495,59.2285],[-69.5426,59.1695],[-69.5417,59.128],[-69.5157,59.1085],[-69.5001,59.1068],[-69.4657,59.1373],[-69.4339,59.1105],[-69.3793,59.1197],[-69.3424,59.0938],[-69.4144,59.0549],[-69.4302,59.0255],[-69.5035,59.0733],[-69.4517,58.8952],[-69.4787,58.8729],[-69.5229,58.8899],[-69.538,58.8359],[-69.5653,58.8065],[-69.6652,58.7922],[-69.7198,58.8673],[-69.6785,58.8951],[-69.6719,58.9274],[-69.6884,58.9306],[-69.6919,58.9157],[-69.7086,58.9222],[-69.7198,58.9361],[-69.7047,58.9631],[-69.7294,58.983],[-69.7612,58.9881],[-69.7676,58.9709],[-69.7964,58.9813],[-69.8394,59.0456],[-69.8631,59.0597],[-69.8773,59.0518],[-69.8661,58.9874],[-69.8979,58.9634],[-69.8227,58.946],[-69.8035,58.9191],[-69.816,58.8815],[-69.8017,58.8263],[-69.8353,58.8342],[-69.879,58.8706],[-69.9116,58.8741],[-69.8905,58.8331],[-69.9593,58.8146],[-70.0345,58.8126],[-70.0724,58.7922],[-70.2119,58.7895],[-70.2542,58.7717],[-70.1715,58.7757],[-70.1363,58.7564],[-70.0587,58.7574],[-70.0413,58.7375],[-69.9212,58.7791],[-69.9322,58.7275],[-69.9183,58.6864],[-69.8614,58.715],[-69.7974,58.7008],[-69.8093,58.6823],[-69.8768,58.6447],[-69.8135,58.5965],[-69.7957,58.5985],[-69.7795,58.6296],[-69.6987,58.7027],[-69.6505,58.7012],[-69.6363,58.7391],[-69.6082,58.7604],[-69.487,58.7922],[-69.4181,58.8297],[-69.3782,58.8695],[-69.2563,58.8992],[-69.1248,58.9019],[-68.9793,58.902],[-68.993,58.8815],[-68.8948,58.8779],[-68.7734,58.9217],[-68.7287,58.9032],[-68.616,58.8912],[-68.4999,58.8331],[-68.4103,58.8239],[-68.3562,58.7717],[-68.3829,58.7341],[-68.3809,58.701],[-68.3288,58.6755],[-68.3487,58.6003],[-68.3332,58.5898],[-68.2914,58.5981],[-68.2742,58.5867],[-68.2915,58.5345],[-68.2742,58.5246],[-68.191,58.5464],[-68.2206,58.4843],[-68.2058,58.434],[-68.2225,58.4255],[-68.2433,58.3533],[-68.3152,58.2509],[-68.3503,58.1705],[-68.3419,58.1445],[-68.3541,58.1237],[-68.4772,58.0436],[-68.52,58.0312],[-68.7191,58.0137],[-68.8487,57.9764],[-68.9701,57.9604],[-69.0476,57.9151],[-69.1411,57.8987],[-69.2237,57.862],[-69.3697,57.7705],[-69.1094,57.8934],[-68.9497,57.941],[-68.6866,57.9937],[-68.4686,58.0204],[-68.4176,58.0386],[-68.3903,58.0721],[-68.3385,58.0898],[-68.3099,58.1209],[-68.2926,58.2218],[-68.2516,58.2365],[-68.2325,58.3077],[-68.1873,58.3639],[-68.1914,58.3906],[-68.1706,58.4222],[-68.1739,58.4911],[-68.1234,58.532],[-68.0902,58.52],[-68.0273,58.5217],[-68.0272,58.5519],[-68.0062,58.5795],[-67.9744,58.5698],[-67.9535,58.5444],[-67.9652,58.5184],[-67.8898,58.4987],[-67.9173,58.4529],[-67.9237,58.405],[-67.9099,58.3676],[-67.8617,58.3264],[-67.8627,58.3093],[-67.9003,58.2558],[-68.0824,58.1553],[-68.1295,58.083],[-68.1206,58.0719],[-68.0682,58.1131],[-67.9993,58.1411],[-67.9533,58.212],[-67.8627,58.2373],[-67.8646,58.259],[-67.8006,58.2987],[-67.8236,58.3356],[-67.8208,58.3992],[-67.787,58.4427],[-67.787,58.47],[-67.7385,58.4692],[-67.6754,58.4234],[-67.7082,58.3834],[-67.6914,58.3602],[-67.7296,58.3333],[-67.7181,58.2987],[-67.7323,58.2851],[-67.6755,58.2795],[-67.648,58.2362],[-67.6941,58.1721],[-67.7017,58.1415],[-67.6703,58.0721],[-67.7401,57.9637],[-67.7386,57.9431],[-67.7135,57.9271],[-67.7013,57.9378],[-67.7067,57.9908],[-67.6418,58.0491],[-67.6624,58.116],[-67.5679,58.2304],[-67.5369,58.2338],[-67.4648,58.2851],[-67.3635,58.2861],[-67.3321,58.324],[-67.218,58.3436],[-67.1602,58.3802],[-67.112,58.3602],[-67.0869,58.3628],[-67.0642,58.3929],[-67.0806,58.4222],[-67.0234,58.4267],[-66.9466,58.4984],[-66.91,58.5004],[-66.8837,58.4866],[-66.8963,58.4495],[-66.8605,58.4398],[-66.8522,58.425],[-66.8417,58.4495],[-66.802,58.4777],[-66.8069,58.498],[-66.6151,58.498],[-66.6693,58.54],[-66.624,58.5513],[-66.6288,58.5929],[-66.5885,58.6313],[-66.5954,58.6772],[-66.5714,58.6694],[-66.5536,58.7102],[-66.4687,58.722],[-66.4513,58.7444],[-66.491,58.7648],[-66.4634,58.7866],[-66.4718,58.8126],[-66.3824,58.8536],[-66.347,58.8458],[-66.3476,58.8331],[-66.2947,58.8034],[-66.2525,58.7951],[-66.194,58.7491],[-66.1158,58.7263],[-66.0788,58.6585],[-66.0075,58.6568],[-65.9971,58.6492],[-66.005,58.6345],[-65.9442,58.6208],[-65.9403,58.5963],[-66.0067,58.5259],[-66.0182,58.4982],[-65.9928,58.4309],[-65.9988,58.4086],[-66.095,58.3602],[-66.0651,58.3298],[-66.0534,58.3328],[-66.0351,58.3763],[-65.9692,58.397],[-65.9576,58.4329],[-65.923,58.4427],[-65.9254,58.4595],[-65.9851,58.4775],[-65.9796,58.4901],[-65.9052,58.5379],[-65.8889,58.5799],[-65.8275,58.5799],[-65.8642,58.5978],[-65.8752,58.6283],[-65.9378,58.6489],[-65.9442,58.6755],[-65.9617,58.6881],[-66.0397,58.6966],[-66.0431,58.7574],[-66.1086,58.7791],[-66.0192,58.8612],[-65.9709,58.8263],[-65.9449,58.8415],[-65.8595,58.8328],[-65.8096,58.8476],[-65.7956,58.8635],[-65.9367,58.8815],[-65.9831,58.9049],[-65.9822,58.9172],[-65.8616,58.943],[-65.8539,58.9611],[-65.8861,58.9932],[-65.8855,59.0082],[-65.7563,58.9758],[-65.6774,58.9286],[-65.6688,58.9493],[-65.6888,58.9739],[-65.7933,59.0051],[-65.7706,59.0192],[-65.7381,59.0181],[-65.779,59.0323],[-65.6835,59.0528],[-65.6056,59.0137],[-65.5071,58.9881],[-65.4917,58.9914],[-65.5019,59.0051],[-65.5607,59.0217],[-65.5941,59.046],[-65.5292,59.0665],[-65.4437,59.0451],[-65.3197,59.046],[-65.3497,59.0646],[-65.4256,59.0636],[-65.5292,59.0938],[-65.5416,59.1088],[-65.5817,59.0751],[-65.6425,59.0733],[-65.6657,59.114],[-65.7176,59.1583],[-65.71,59.1857],[-65.6835,59.1968],[-65.7449,59.2304],[-65.7393,59.2706],[-65.6802,59.264],[-65.5941,59.1894],[-65.6121,59.2494],[-65.6029,59.2571],[-65.5804,59.2446],[-65.5433,59.2646],[-65.4917,59.2583],[-65.5661,59.3074],[-65.5804,59.3647],[-65.559,59.3767],[-65.3576,59.2822],[-65.4054,59.3402],[-65.4403,59.3518],[-65.4472,59.3668],[-65.4329,59.4029],[-65.3818,59.4023],[-65.4979,59.4364],[-65.4706,59.4501],[-65.5453,59.4744],[-65.5599,59.491],[-65.4575,59.4724],[-65.3641,59.4848],[-65.1855,59.4631],[-65.1729,59.4389],[-65.0528,59.3812],[-64.984,59.3812],[-65.0823,59.4106],[-65.1813,59.4758],[-65.3134,59.5094],[-65.4119,59.5179],[-65.5463,59.7313],[-65.4664,59.7714],[-65.4979,59.7927],[-65.4917,59.7995],[-65.4459,59.787],[-65.4177,59.8153],[-65.3675,59.7995],[-65.379,59.8298],[-65.3235,59.848],[-65.0841,59.7717],[-64.984,59.7648],[-65.1415,59.8061],[-65.2242,59.8411],[-65.203,59.8542],[-65.2309,59.8821],[-65.2234,59.8956],[-65.1405,59.8713],[-65.1286,59.8855],[-65.1378,59.9002],[-65.2098,59.923],[-65.1411,59.9316],[-65.1351,59.9566],[-65.0802,59.9299],[-65.0709,59.9433],[-65.1286,59.9776],[-65.0665,59.9776],[-65.1177,60.0084],[-65.1286,60.0466],[-65.0461,60.0548],[-65.025,60.0808],[-65.0653,60.0946],[-65.0631,60.1043],[-65.001,60.1163],[-64.9948,60.1527],[-64.9661,60.1547],[-64.9515,60.1934],[-64.8741,60.2042],[-64.8804,60.2189],[-64.9573,60.2589],[-64.8641,60.2964],[-64.837,60.3292],[-64.8605,60.355],[-64.8488,60.3657],[-64.7785,60.3613],[-64.6761,60.3339],[-64.6966,60.355],[-64.6275,60.3467],[-64.5314,60.3039],[-64.7642,60.2896],[-64.8447,60.2641],[-64.858,60.2363],[-64.8096,60.1977],[-64.7489,60.1736],[-64.6696,60.1834],[-64.636,60.1743],[-64.5992,60.1178],[-64.6174,60.1065],[-64.741,60.1014],[-64.7047,60.0762],[-64.7051,60.0642],[-64.7815,60.0436],[-64.8172,60.0393],[-64.8774,60.0597],[-64.9042,60.0478],[-64.8453,59.9683],[-64.7902,59.9717],[-64.6901,59.9491],[-64.6635,59.9404],[-64.6544,59.9167],[-64.6707,59.8834],[-64.737,59.8918],[-64.7677,59.8801],[-64.7477,59.8432],[-64.8141,59.819],[-64.8015,59.8054],[-64.8103,59.7719],[-64.7745,59.6992],[-64.885,59.6638],[-64.9018,59.6415],[-64.9032,59.6038],[-64.8934,59.5647],[-64.7719,59.5142],[-64.7749,59.4973],[-64.7559,59.4746],[-64.702,59.4473],[-64.5792,59.4773],[-64.4535,59.5259],[-64.3762,59.5235],[-64.3494,59.5051],[-64.3557,59.4842],[-64.5034,59.4295],[-64.4859,59.3995],[-64.5372,59.3727],[-64.5053,59.3417],[-64.5365,59.2974],[-64.5075,59.2501],[-64.534,59.1953],[-64.4981,59.1657],[-64.4895,59.1057],[-64.4691,59.0884],[-64.3481,59.0662],[-64.3049,59.0344],[-64.2921,59.0073],[-64.3589,58.9854],[-64.4379,58.9829],[-64.6399,59.025],[-64.7159,59.0657],[-64.7542,59.0651],[-64.8241,59.0368],[-64.8635,58.9937],[-64.8403,58.9563],[-64.8822,58.9351],[-64.8227,58.9113],[-64.7015,58.9423],[-64.568,58.8873],[-64.4713,58.8959],[-64.3104,58.8847],[-64.2782,58.8752],[-64.2586,58.8501],[-64.2698,58.8077],[-64.2615,58.7818],[-64.1571,58.7508],[-64.1263,58.7525],[-63.9822,58.8233],[-63.8419,58.8298],[-63.7604,58.8791],[-63.5718,58.8353],[-63.4837,58.7586],[-63.4978,58.7372],[-63.5741,58.7159],[-63.8002,58.6984],[-63.8808,58.705],[-64.0594,58.669],[-64.0965,58.6142],[-64.0933,58.5714],[-64.078,58.552],[-64.0527,58.5332],[-64.0066,58.528],[-63.8904,58.5668],[-63.8619,58.5475],[-63.8199,58.4741],[-63.8646,58.4383],[-63.9794,58.434],[-64.0508,58.3723],[-64.1564,58.3481],[-64.2092,58.238],[-64.242,58.2198],[-64.3508,58.2064],[-64.3896,58.1877],[-64.4286,58.097],[-64.4276,58.0748],[-64.2214,58.0452],[-64.2144,57.9775],[-64.0941,57.806],[-64.0539,57.7679],[-64.0189,57.7781],[-64.0106,57.8137],[-63.9394,57.801],[-63.9111,57.7832],[-63.8919,57.7304],[-63.847,57.7238],[-63.8175,57.6885],[-63.7695,57.7305],[-63.6959,57.659],[-63.6753,57.6737],[-63.6492,57.7312],[-63.6106,57.7395],[-63.5839,57.7081],[-63.6392,57.6391],[-63.7324,57.6032],[-63.7649,57.5644],[-63.7646,57.4626],[-63.7079,57.3852],[-63.7177,57.3705],[-63.838,57.3253],[-63.8692,57.2498],[-63.8684,57.2006],[-63.8502,57.1918],[-63.8205,57.2745],[-63.7734,57.2631],[-63.7433,57.2267],[-63.7902,57.1689],[-63.7809,57.128],[-63.7952,57.1009],[-63.8503,57.0843],[-63.876,57.0592],[-63.8846,57.0195],[-63.8659,56.9918],[-63.9004,56.975],[-63.9154,56.9366],[-63.8714,56.8781],[-63.9432,56.8755],[-63.9974,56.8548],[-64.0108,56.837],[-63.9929,56.7886],[-64.0836,56.7656],[-64.1257,56.7093],[-64.1061,56.6694],[-64.0369,56.6273],[-64.015,56.5893],[-63.953,56.5577],[-63.9426,56.5451],[-63.947,56.4835],[-63.8746,56.4516],[-63.8771,56.4393],[-63.9615,56.4196],[-64.1454,56.4361],[-64.1697,56.4257],[-64.1081,56.3754],[-64.1147,56.3218],[-64.1366,56.3037],[-64.0911,56.2628],[-63.9417,56.253],[-63.8769,56.2173],[-63.8878,56.1942],[-63.9916,56.1712],[-64.0109,56.1556],[-64.0217,56.0898],[-64.0103,56.0698],[-63.8618,56.1233],[-63.8414,56.112],[-63.8779,56.0786],[-63.8439,56.0723],[-63.8341,56.0534],[-63.8043,56.0432],[-63.7032,56.0473],[-63.6075,56.0184],[-63.4613,56.0308],[-63.4449,56.0228],[-63.4847,55.9994],[-63.575,55.9917],[-63.691,55.9412],[-63.7893,55.9315],[-63.8403,55.9133],[-63.8421,55.8932],[-63.8257,55.8695],[-63.7674,55.8295],[-63.7619,55.793],[-63.6964,55.7766],[-63.6927,55.753],[-63.7492,55.6546],[-63.6818,55.6509],[-63.669,55.6236],[-63.6854,55.5198],[-63.7692,55.4833],[-63.7674,55.4615],[-63.7383,55.4396],[-63.6417,55.425],[-63.5105,55.4232],[-63.3903,55.405],[-63.3375,55.4123],[-63.3302,55.3886],[-63.3429,55.3613],[-63.578,55.3394],[-63.5761,55.3267],[-63.5361,55.323],[-63.5415,55.3084],[-63.6454,55.2866],[-63.6599,55.2702],[-63.6454,55.2447],[-63.5506,55.2265],[-63.4104,55.252],[-63.4195,55.2246],[-63.4541,55.2046],[-63.5488,55.1846],[-63.5889,55.1208],[-63.6016,55.0716],[-63.5852,55.0498],[-63.5761,54.9787],[-63.5962,54.9605],[-63.5943,54.9186],[-63.6053,54.9022],[-63.6599,54.9022],[-63.7729,54.9423],[-63.8148,54.9405],[-63.8458,54.8803],[-63.8239,54.8293],[-63.904,54.782],[-63.8713,54.7473],[-63.7893,54.7109],[-63.7292,54.6471],[-63.7401,54.6235],[-63.802,54.6417],[-63.8585,54.6289],[-63.8986,54.6016],[-64.0516,54.6071],[-64.1135,54.6308],[-64.181,54.7109],[-64.3923,54.7892],[-64.4579,54.7947],[-64.5763,54.7273],[-64.7676,54.7382],[-64.7767,54.7674],[-64.7585,54.8166],[-64.7821,54.8348],[-64.8477,54.8494],[-64.8714,54.8894],[-64.9406,54.9295],[-65.1028,54.9568],[-65.1629,54.9295],[-65.2212,54.8512],[-65.2959,54.8257],[-65.3177,54.8366],[-65.3997,54.8239],[-65.4726,54.8421],[-65.4817,54.8166],[-65.4453,54.7801],[-65.4453,54.7455],[-65.4799,54.7309],[-65.5455,54.7255],[-65.6256,54.7492],[-65.6806,54.7148],[-65.8191,54.8163],[-65.8467,54.8562],[-65.856,54.9075],[-65.9711,54.9278],[-66.0399,54.911],[-66.1341,54.9655],[-66.2543,54.9981],[-66.422,55.1373],[-66.4933,55.1715],[-66.5589,55.2404],[-66.588,55.2554],[-66.6768,55.2578],[-66.6996,55.3071],[-66.7704,55.3388],[-66.832,55.3347],[-66.8372,55.3172],[-66.6887,55.2017],[-66.7431,55.1716],[-66.7623,55.1042],[-66.6608,54.9842],[-66.7282,54.9599],[-66.7288,54.9387],[-66.6384,54.8517],[-66.6071,54.8039],[-66.6425,54.7812],[-66.7211,54.7755],[-66.7013,54.7402],[-66.737,54.7339],[-66.785,54.7458],[-66.9362,54.7991],[-66.9933,54.837],[-67.0252,54.896],[-67.1069,54.9217],[-67.1967,54.9746],[-67.3094,55.0157],[-67.2719,55.0552],[-67.2741,55.066],[-67.3564,55.0883],[-67.4081,55.0806],[-67.4435,55.0507],[-67.4229,54.9971],[-67.2646,54.8354],[-67.0858,54.7322],[-67.0858,54.6806],[-67.1546,54.6153],[-67.1924,54.6118],[-67.2612,54.5706],[-67.2337,54.5155],[-67.2681,54.4846],[-67.3403,54.5121],[-67.4263,54.5706],[-67.4985,54.5946],[-67.5157,54.574],[-67.4951,54.5396],[-67.5088,54.488],[-67.6051,54.4708],[-67.6327,54.4846],[-67.7496,54.4261],[-67.7462,54.3436],[-67.6911,54.3057],[-67.6739,54.2645],[-67.6395,54.2301],[-67.6395,54.1888],[-67.7049,54.1544],[-67.7427,54.1544],[-67.7737,54.1269],[-67.8081,54.034],[-67.7462,53.9824],[-67.6155,53.924],[-67.5948,53.8586],[-67.5226,53.838],[-67.5123,53.8139],[-67.5948,53.783],[-67.5742,53.7658],[-67.5295,53.7589],[-67.5123,53.7314],[-67.4125,53.6935],[-67.3988,53.6351],[-67.3231,53.5663],[-67.0308,53.5147],[-66.8898,53.4149],[-66.9861,53.384],[-67.0101,53.353],[-66.962,53.2946],[-66.9699,53.1834],[-66.9929,53.1673],[-66.9826,53.1054],[-66.9964,53.0813],[-67.048,53.0744],[-67.0583,53.0916],[-67.0514,53.1226],[-67.1202,53.1226],[-67.1683,53.1535],[-67.2406,53.1673],[-67.299,53.157],[-67.385,53.1054],[-67.3678,53.016],[-67.3403,52.9781],[-67.3334,52.9437],[-67.3472,52.9162],[-67.3025,52.8681],[-67.1649,52.8199],[-67.134,52.8578],[-67.0617,52.875],[-67.0411,52.7752],[-66.9482,52.7374],[-66.8657,52.6617],[-66.8519,52.7305],[-66.8244,52.7236],[-66.8141,52.6927],[-66.7935,52.6789],[-66.7694,52.6789],[-66.7591,52.7064],[-66.7694,52.7649],[-66.7075,52.7718],[-66.6559,52.7959],[-66.6456,52.8887],[-66.6249,52.9369],[-66.5493,52.9403],[-66.508,52.9575],[-66.4633,52.9953],[-66.4564,53.0297],[-66.4254,53.0366],[-66.3635,53.0022],[-66.3154,52.9369],[-66.2913,52.9025],[-66.2879,52.8474],[-66.3119,52.844],[-66.391,52.8715],[-66.4014,52.844],[-66.3326,52.7374],[-66.2879,52.6101],[-66.3119,52.6101],[-66.3739,52.6686],[-66.4048,52.648],[-66.4082,52.5895],[-66.3739,52.5413],[-66.3842,52.4691],[-66.3635,52.4416],[-66.3498,52.3591],[-66.4358,52.3763],[-66.4805,52.335],[-66.4564,52.2662],[-66.4323,52.2284],[-66.4082,52.218],[-66.3739,52.1424],[-66.3016,52.1321],[-66.2638,52.1561],[-66.3016,52.2868],[-66.2844,52.3075],[-66.2569,52.2971],[-66.195,52.2215],[-66.1228,52.2008],[-66.0781,52.1699],[-66.0884,52.0908],[-66.0265,52.0805],[-65.9921,52.0598],[-65.9405,52.0942],[-65.9027,52.0805],[-65.8236,52.108],[-65.7307,52.0873],[-65.655,52.108],[-65.6825,52.0254],[-65.6619,51.9876],[-65.6138,52.0323],[-65.5518,52.0323],[-65.5003,52.0977],[-65.459,52.0254],[-65.4143,51.9842],[-65.3764,51.9842],[-65.3592,51.9498],[-65.3936,51.8982],[-65.3386,51.8191],[-65.318,51.8535],[-65.2767,51.8672],[-65.2217,51.826],[-65.1838,51.8225],[-65.1838,51.7744],[-65.0806,51.7503],[-65.0325,51.7606],[-64.9568,51.7228],[-64.9224,51.7297],[-64.919,51.7606],[-64.8571,51.7744],[-64.7711,51.764],[-64.6886,51.7228],[-64.5785,51.6127],[-64.5304,51.5921],[-64.4065,51.654],[-64.3446,51.6677],[-64.2793,51.74],[-64.293,51.7847],[-64.3343,51.8191],[-64.3618,51.967],[-64.3377,52.0117],[-64.2758,51.967],[-64.2346,51.9807],[-64.2724,52.0392],[-64.2518,52.1149],[-64.2105,52.1286],[-64.1727,52.1149],[-64.1555,52.1321],[-64.2105,52.2215],[-64.2208,52.2662],[-64.207,52.304],[-64.1658,52.3212],[-64.1279,52.3866],[-64.1417,52.4898],[-64.1899,52.5723],[-64.1623,52.5964],[-64.1658,52.6755],[-64.1245,52.6961],[-64.1073,52.7202],[-63.7187,52.7787],[-63.612,52.8612],[-63.5958,52.7709],[-63.4389,52.7159],[-63.3842,52.6732],[-63.3791,52.6512],[-63.4136,52.639],[-63.5022,52.6468],[-63.8759,52.6084],[-63.9955,52.5579],[-64.0812,52.4734],[-64.0291,52.3978],[-63.9727,52.3536],[-63.8897,52.3338],[-63.7734,52.3351],[-63.7495,52.3224],[-63.7852,52.3023],[-63.7832,52.2912],[-63.7144,52.2286],[-63.6718,52.0978],[-63.6401,52.0506],[-63.6441,52.037],[-63.6704,52.0357],[-63.7882,52.0714],[-63.8196,52.0681],[-63.7744,52.0136],[-63.7387,51.9998],[-57.101,52.0001],[-57.1003,51.419],[-57.1898,51.4188],[-57.2463,51.4683],[-57.2272,51.4941],[-57.25,51.5083],[-57.3985,51.4804],[-57.4376,51.4857],[-57.4537,51.4804],[-57.442,51.4679],[-57.4497,51.4487],[-57.4662,51.4457],[-57.4839,51.4674],[-57.5009,51.4531],[-57.6034,51.4327],[-57.576,51.4674],[-57.6785,51.4344],[-57.6909,51.449],[-57.6859,51.4804],[-57.7485,51.4631],[-57.7707,51.4083],[-57.7993,51.4162],[-57.7958,51.4395],[-57.8769,51.4006],[-57.9777,51.3297],[-58.0402,51.3137],[-58.1247,51.2961],[-58.152,51.3023],[-58.1819,51.2844],[-58.234,51.2769],[-58.2613,51.2961],[-58.2548,51.3292],[-58.2892,51.3364],[-58.2712,51.3276],[-58.2991,51.2912],[-58.2892,51.275],[-58.3333,51.2777],[-58.4537,51.3166],[-58.5902,51.2511],[-58.5959,51.2684],[-58.6227,51.2773],[-58.6318,51.2613],[-58.6182,51.2334],[-58.6537,51.2365],[-58.6635,51.2571],[-58.6775,51.2442],[-58.6565,51.2109],[-58.5902,51.1862],[-58.6256,51.1515],[-58.6702,51.1418],[-58.7164,51.1065],[-58.7895,51.0969],[-58.81,51.0776],[-58.8304,51.09],[-58.8509,51.0553],[-58.8304,51.0416],[-58.8925,50.9945],[-58.912,50.9982],[-58.8851,51.0416],[-58.8955,51.055],[-59.008,51.015],[-58.9967,51.0041],[-58.9546,51.0031],[-58.9744,50.9535],[-58.954,50.9392],[-58.9669,50.8983],[-58.9403,50.8846],[-58.9675,50.877],[-58.954,50.8293],[-58.9613,50.8207],[-58.9933,50.7908],[-59.0297,50.781],[-59.008,50.7611],[-59.0378,50.7524],[-59.0891,50.7844],[-59.098,50.812],[-59.0623,50.8755],[-59.0738,50.8944],[-59.0878,50.8877],[-59.1253,50.8021],[-59.186,50.758],[-59.2028,50.7319],[-59.255,50.7611],[-59.2706,50.7187],[-59.3175,50.7016],[-59.3444,50.6751],[-59.4195,50.6649],[-59.4241,50.6522],[-59.4058,50.6444],[-59.4156,50.6319],[-59.4508,50.627],[-59.4684,50.5925],[-59.4105,50.5724],[-59.424,50.54],[-59.4541,50.5337],[-59.5101,50.5463],[-59.5566,50.5202],[-59.5945,50.4793],[-59.7253,50.4571],[-59.7558,50.4383],[-59.8031,50.4457],[-59.8856,50.3769],[-59.8583,50.3638],[-59.8547,50.3319],[-59.8409,50.3284],[-59.8221,50.3566],[-59.8273,50.3281],[-59.935,50.2842],[-59.9443,50.2611],[-59.9669,50.2724],[-60.0168,50.2447],[-60.0637,50.254],[-60.1349,50.213],[-60.1327,50.2329],[-60.1737,50.2329],[-60.1555,50.2508],[-60.1535,50.2884],[-60.199,50.2757],[-60.2465,50.2347],[-60.2698,50.2403],[-60.235,50.2745],[-60.2633,50.2709],[-60.276,50.2949],[-60.2937,50.2465],[-60.3498,50.2532],[-60.3654,50.2465],[-60.3541,50.2336],[-60.3654,50.226],[-60.4091,50.2546],[-60.4384,50.2418],[-60.4473,50.2465],[-60.4412,50.2608],[-60.4992,50.254],[-60.5404,50.226],[-60.5999,50.2164],[-60.6221,50.223],[-60.6186,50.254],[-60.6671,50.226],[-60.7223,50.226],[-60.7148,50.2403],[-60.7362,50.2403],[-60.7941,50.2047],[-60.8384,50.2198],[-60.8155,50.249],[-60.7769,50.2608],[-60.8026,50.2671],[-60.9346,50.1993],[-60.9551,50.2198],[-60.9823,50.2124],[-61.0261,50.2272],[-61.0487,50.2217],[-61.0506,50.2056],[-61.0785,50.2124],[-61.1195,50.1925],[-61.1606,50.2017],[-61.1531,50.185],[-61.2254,50.2056],[-61.3113,50.1993],[-61.7179,50.1],[-61.7843,50.1099],[-61.5956,50.1584],[-61.5817,50.1638],[-61.5761,50.1874],[-61.5925,50.1925],[-61.6109,50.1745],[-61.7768,50.1341],[-61.8048,50.1441],[-61.7967,50.1721],[-61.8632,50.2302],[-61.9616,50.2413],[-62.0239,50.226],[-62.2125,50.2418],[-62.327,50.2892],[-62.38,50.2768],[-62.3903,50.2945],[-62.4506,50.2655],[-62.4795,50.2812],[-62.7507,50.2875],[-62.7091,50.3154],[-62.7917,50.3092],[-62.8326,50.2875],[-62.9316,50.2875],[-62.9698,50.2913],[-62.9931,50.3134],[-63.0176,50.3154],[-63.0524,50.2875],[-63.1767,50.2901],[-63.1616,50.2608],[-63.2029,50.2451],[-63.3348,50.2503],[-63.3602,50.2465],[-63.395,50.2198],[-63.4206,50.219],[-63.4422,50.2229],[-63.4479,50.2421],[-63.485,50.2635],[-63.6035,50.254],[-63.6377,50.2745],[-63.6824,50.2745],[-63.7096,50.3017],[-63.809,50.3154],[-63.9892,50.307],[-64.0959,50.2909],[-64.1448,50.2676],[-64.3486,50.288],[-64.4454,50.3229],[-64.6294,50.284],[-64.8768,50.2726],[-64.916,50.2883],[-65.0338,50.2842],[-65.151,50.2989],[-65.1913,50.2873],[-65.2583,50.3223],[-65.7372,50.2574],[-65.8385,50.2605],[-65.9292,50.2928],[-65.9642,50.2932],[-66.0465,50.226],[-66.0792,50.2223],[-66.0878,50.2303],[-66.0807,50.2465],[-66.1034,50.2441],[-66.0875,50.1925],[-66.1619,50.1958],[-66.2129,50.2177],[-66.252,50.2198],[-66.357,50.2014],[-66.4094,50.2225],[-66.4131,50.2642],[-66.4682,50.2685],[-66.5293,50.2303],[-66.5495,50.1983],[-66.5121,50.1646],[-66.4451,50.1759],[-66.4302,50.1721],[-66.4349,50.1575],[-66.4661,50.1427],[-66.4974,50.1463],[-66.5741,50.1584],[-66.6356,50.185],[-66.6225,50.1509],[-66.6659,50.1348],[-66.7659,50.0411],[-66.9121,50.0113],[-66.9509,49.9864],[-66.9789,49.9449],[-66.9659,49.9154],[-66.9914,49.9031],[-67.0449,49.8283],[-67.0912,49.8493],[-67.1315,49.8313],[-67.1815,49.7549],[-67.17,49.678],[-67.2253,49.6234],[-67.2451,49.5681],[-67.2316,49.514],[-67.2451,49.4588],[-67.3763,49.3392],[-67.4011,49.3297],[-67.5493,49.3312],[-67.6151,49.3149],[-67.7355,49.3149],[-67.8141,49.2802],[-68.0546,49.2944],[-68.0824,49.2602],[-68.1224,49.2713],[-68.1644,49.2056],[-68.2289,49.192],[-68.3009,49.1982],[-68.254,49.1671],[-68.1905,49.1675],[-68.1811,49.1245],[-68.3254,49.0985],[-68.3923,49.0639],[-68.4443,49.0616],[-68.3698,49.1156],[-68.3719,49.1403],[-68.4065,49.1637],[-68.4033,49.1845],[-68.4443,49.1982],[-68.4071,49.123],[-68.515,49.0699],[-68.5951,49.0548],[-68.6151,49.0395],[-68.6445,48.9912],[-68.6361,48.9654],[-68.6988,48.9449],[-68.6435,48.9177],[-68.7953,48.9074],[-68.8148,48.8829],[-68.9496,48.8258],[-68.9744,48.7882],[-69.0557,48.7735],[-69.1179,48.6306],[-69.1444,48.6005],[-69.2295,48.5921],[-69.2678,48.5433],[-69.2894,48.4646],[-69.4044,48.3627],[-69.4466,48.2962],[-69.5478,48.2454],[-69.5752,48.2454],[-69.582,48.2255],[-69.676,48.1499],[-69.7128,48.1445],[-69.8199,48.1619],[-69.8823,48.2211],[-69.9851,48.2784],[-70.1444,48.2734],[-70.211,48.315],[-70.2835,48.3333],[-70.3692,48.3741],[-70.4352,48.363],[-70.6344,48.3968],[-70.693,48.3928],[-70.7667,48.435],[-70.8241,48.4317],[-70.9872,48.4652],[-71.0698,48.4446],[-70.9736,48.4515],[-70.7885,48.3957],[-70.8114,48.3697],[-70.8917,48.3627],[-70.8656,48.3242],[-70.8268,48.3257],[-70.7445,48.3553],[-70.4775,48.3564],[-70.3459,48.326],[-70.3238,48.3011],[-70.2878,48.3075],[-70.163,48.2451],[-70.0926,48.2348],[-70.0277,48.2529],[-69.9503,48.2308],[-69.9062,48.2073],[-69.8467,48.1428],[-69.736,48.1225],[-69.7744,48.0748],[-69.7949,47.9887],[-69.8258,47.97],[-69.8353,47.9171],[-69.8942,47.8516],[-69.932,47.7731],[-70.0345,47.6973],[-70.1444,47.6564],[-70.1371,47.6423],[-70.1996,47.5955],[-70.2101,47.5284],[-70.2369,47.4956],[-70.4591,47.4305],[-70.4869,47.4448],[-70.5069,47.3796],[-70.5338,47.3596],[-70.5977,47.2494],[-70.7506,47.0918],[-70.9569,47.0207],[-71.191,46.8581],[-71.2448,46.789],[-71.3417,46.7423],[-71.5148,46.7247],[-71.7202,46.6701],[-71.8805,46.6907],[-72.0137,46.6077],[-72.2279,46.5534],[-72.258,46.4709],[-72.4623,46.4023],[-72.6025,46.3013],[-72.6451,46.2865],[-72.7379,46.2865],[-72.8445,46.2648],[-72.9945,46.2108],[-72.986,46.1953],[-73.022,46.1096],[-73.1586,46.0749],[-73.1793,46.053],[-73.2041,45.9835],[-73.2623,45.9022],[-73.3559,45.8415],[-73.4203,45.7651],[-73.4954,45.7279],[-73.6774,45.7082],[-73.7554,45.6764],[-73.8627,45.5926],[-73.9095,45.5347],[-73.9792,45.4984],[-74.1048,45.485],[-74.1475,45.4944],[-74.199,45.5309],[-74.307,45.5255],[-74.3795,45.5616],[-74.3297,45.5097],[-74.1015,45.4634],[-74.0377,45.4385],[-74.0161,45.4504],[-74.0019,45.3961],[-73.9615,45.3542],[-74.0135,45.3284],[-74.1533,45.3201],[-74.2113,45.2649],[-74.3462,45.2206],[-74.478,45.3169],[-74.3935,45.5727],[-74.5453,45.6088],[-74.6437,45.6561],[-74.7751,45.6325],[-74.9375,45.6377],[-75.053,45.596],[-75.2836,45.5767],[-75.3604,45.5437],[-75.5928,45.4797],[-75.6833,45.4685],[-75.7755,45.3938],[-75.8694,45.3926],[-75.9594,45.4687],[-76.0097,45.488],[-76.0231,45.5054],[-76.1284,45.5296],[-76.2232,45.52],[-76.2604,45.4843],[-76.3435,45.4736],[-76.4328,45.5222],[-76.5962,45.5557],[-76.6475,45.5808],[-76.6984,45.6615],[-76.7153,45.722],[-76.7545,45.7411],[-76.7654,45.7601],[-76.786,45.8617],[-76.8177,45.8859],[-76.8775,45.8959],[-76.9233,45.8838],[-76.918,45.8115],[-76.9358,45.7944],[-77.0166,45.7962],[-77.1385,45.8398],[-77.2265,45.8908],[-77.2719,45.9292],[-77.2894,46.0003],[-77.307,46.0198],[-77.469,46.1151],[-77.6584,46.1839],[-77.9209,46.2356],[-78.0455,46.2382],[-78.1108,46.2626],[-78.3207,46.266],[-78.3451,46.289],[-78.694,46.3365],[-78.7198,46.3471],[-78.7541,46.4014],[-78.8912,46.4701],[-78.9641,46.533],[-79.0138,46.6383],[-79.0962,46.7043],[-79.1636,46.8239],[-79.2921,46.9289],[-79.3565,47.0152],[-79.4313,47.087],[-79.4472,47.1317],[-79.4364,47.2251],[-79.4454,47.2747],[-79.5541,47.3916],[-79.5803,47.4518],[-79.5728,47.484],[-79.5165,47.5657],[-79.5129,47.5968],[-79.5208,50.9429]]],[[[-74.713,44.9993],[-74.4735,45.0671],[-74.4071,45.1147],[-74.3996,45.1448],[-74.3295,45.1781],[-74.2195,45.1976],[-74.1456,45.234],[-74.0485,45.2325],[-74.0044,45.2452],[-73.8892,45.3371],[-73.8575,45.3401],[-73.7759,45.3815],[-73.7347,45.4186],[-73.6874,45.4312],[-73.5692,45.428],[-73.5573,45.4143],[-73.519,45.4263],[-73.5026,45.4634],[-73.5227,45.5045],[-73.522,45.5399],[-73.4606,45.6081],[-73.4469,45.6422],[-73.4569,45.6724],[-73.4488,45.7045],[-73.4128,45.7515],[-73.2593,45.8541],[-73.2173,45.8988],[-73.2065,45.9156],[-73.2074,45.9706],[-73.1561,46.0497],[-73.0406,46.0736],[-72.9326,46.1444],[-72.876,46.1366],[-72.731,46.1766],[-72.6694,46.2152],[-72.6706,46.2474],[-72.5563,46.3057],[-72.496,46.3605],[-72.3981,46.3964],[-72.2743,46.4206],[-72.2416,46.4435],[-72.1899,46.5262],[-72.1024,46.5602],[-72.0074,46.5714],[-71.9604,46.6149],[-71.8671,46.6667],[-71.7606,46.6342],[-71.7142,46.6322],[-71.3025,46.7452],[-71.2051,46.787],[-71.1579,46.8408],[-70.9736,46.8619],[-70.9197,46.8976],[-70.8569,46.8954],[-70.8153,46.9165],[-70.7743,46.9165],[-70.7272,46.9564],[-70.5349,47.0106],[-70.3882,47.1159],[-70.2866,47.2091],[-70.1949,47.3153],[-70.0761,47.369],[-70.0504,47.4],[-70.0311,47.4696],[-70.0004,47.4994],[-69.9007,47.5456],[-69.5619,47.8281],[-69.548,47.8896],[-69.4455,47.9919],[-69.324,48.0306],[-69.2537,48.0924],[-69.1523,48.1467],[-69.0544,48.2324],[-68.8446,48.3427],[-68.8248,48.3658],[-68.7261,48.3764],[-68.6385,48.432],[-68.5233,48.4708],[-68.4633,48.5289],[-68.425,48.5471],[-68.3536,48.556],[-68.2056,48.6419],[-68.1327,48.6525],[-68.0603,48.6938],[-67.962,48.7016],[-67.5468,48.8624],[-67.4252,48.8736],[-67.3618,48.904],[-67.1175,48.9631],[-66.6221,49.1226],[-66.5265,49.1334],[-66.2193,49.2079],[-65.6842,49.2425],[-65.5658,49.2665],[-64.9635,49.2193],[-64.8226,49.189],[-64.7134,49.1389],[-64.6134,49.123],[-64.3965,49.0118],[-64.3401,48.9702],[-64.2987,48.9592],[-64.2816,48.9344],[-64.2212,48.8944],[-64.2065,48.8696],[-64.2168,48.8282],[-64.1553,48.7742],[-64.1688,48.7618],[-64.2274,48.801],[-64.3033,48.8303],[-64.5594,48.8829],[-64.4774,48.8419],[-64.5392,48.83],[-64.5389,48.8214],[-64.3972,48.8214],[-64.3741,48.7917],[-64.4183,48.7912],[-64.4291,48.7805],[-64.3881,48.7805],[-64.328,48.7558],[-64.2782,48.7258],[-64.2354,48.6781],[-64.175,48.6445],[-64.1622,48.6296],[-64.2577,48.6192],[-64.2821,48.569],[-64.1888,48.5266],[-64.2205,48.4958],[-64.3055,48.4694],[-64.326,48.4378],[-64.3124,48.4316],[-64.3291,48.4196],[-64.5452,48.3875],[-64.7233,48.3354],[-64.7047,48.3237],[-64.704,48.3075],[-64.7313,48.284],[-64.7794,48.204],[-64.9088,48.1772],[-64.9604,48.1877],[-64.9498,48.1498],[-65.181,48.0428],[-65.2856,48.0126],[-65.4322,48.0033],[-65.4774,48.0201],[-65.5034,48.0521],[-65.82,48.13],[-65.8905,48.1706],[-65.8957,48.2255],[-65.913,48.2008],[-65.953,48.1954],[-66.067,48.102],[-66.2869,48.1145],[-66.2998,48.1082],[-66.265,48.102],[-66.2747,48.0731],[-66.29,48.0652],[-66.3761,48.1142],[-66.4733,48.1201],[-66.5154,48.1081],[-66.5428,48.0587],[-66.5851,48.0613],[-66.6,48.0447],[-66.6439,48.0519],[-66.6988,48.024],[-66.843,47.9968],[-66.8942,47.9921],[-66.9385,47.9678],[-66.9494,47.9486],[-66.9419,47.9023],[-66.9616,47.8945],[-67.0504,47.9291],[-67.188,47.885],[-67.3199,47.8961],[-67.3637,47.8393],[-67.3913,47.8499],[-67.4149,47.8813],[-67.606,47.9381],[-67.6128,47.9975],[-68.1135,47.9975],[-68.1135,47.9283],[-68.3779,47.9283],[-68.3792,47.5879],[-68.4081,47.5363],[-68.5838,47.4222],[-68.7646,47.3626],[-69.0636,47.2908],[-69.054,47.4184],[-69.0697,47.4319],[-69.222,47.4597],[-69.2509,47.4529],[-70.0078,46.7041],[-70.0743,46.4195],[-70.1884,46.3584],[-70.2019,46.3055],[-70.2362,46.2883],[-70.2809,46.2119],[-70.2848,46.1919],[-70.2633,46.1832],[-70.244,46.141],[-70.2644,46.1066],[-70.3126,46.0796],[-70.292,46.0487],[-70.3061,46.0353],[-70.3163,45.983],[-70.2559,45.9489],[-70.2625,45.923],[-70.2832,45.8905],[-70.4152,45.8044],[-70.4024,45.7497],[-70.4193,45.7169],[-70.5724,45.6623],[-70.6868,45.5727],[-70.732,45.4916],[-70.7074,45.4564],[-70.6503,45.4275],[-70.6413,45.4085],[-70.6536,45.3955],[-70.6967,45.3887],[-70.7719,45.43],[-70.813,45.4234],[-70.8338,45.3931],[-70.8353,45.3098],[-70.8702,45.2831],[-70.8744,45.2457],[-70.8924,45.2346],[-70.9516,45.332],[-70.9932,45.3478],[-71.0165,45.3431],[-71.0544,45.3104],[-71.0952,45.3009],[-71.1603,45.2458],[-71.2934,45.2923],[-71.3343,45.2887],[-71.3949,45.2415],[-71.449,45.2269],[-71.4066,45.2049],[-71.4566,45.111],[-71.5048,45.053],[-71.5041,45.0137],[-74.713,44.9993]]],[[[-64.3192,49.7912],[-64.3354,49.8155],[-64.3672,49.8256],[-64.3887,49.8194],[-64.3744,49.7946],[-64.4247,49.8085],[-64.4706,49.8524],[-64.5106,49.8681],[-64.4513,49.9095],[-64.2577,49.9312],[-64.2137,49.9523],[-64.1328,49.9501],[-63.9447,49.8961],[-63.3747,49.8294],[-63.2086,49.7908],[-63.1241,49.7839],[-63.0449,49.7537],[-62.9621,49.7405],[-62.893,49.6975],[-62.8463,49.6984],[-62.7757,49.6692],[-62.6876,49.653],[-62.6173,49.6205],[-62.5343,49.6047],[-62.4484,49.5551],[-62.4416,49.5346],[-62.3973,49.4967],[-62.2642,49.4657],[-62.2043,49.4142],[-62.0181,49.3884],[-61.9413,49.349],[-61.8826,49.3545],[-61.8179,49.3081],[-61.8189,49.2868],[-61.7905,49.2739],[-61.7768,49.2466],[-61.6608,49.151],[-61.7024,49.123],[-61.707,49.0976],[-61.7573,49.0969],[-61.8116,49.069],[-61.8821,49.0837],[-62.0506,49.0745],[-62.13,49.0821],[-62.2482,49.0679],[-62.3426,49.1022],[-62.5063,49.1386],[-62.6818,49.1485],[-63.0933,49.2329],[-63.2124,49.2729],[-63.2777,49.3149],[-63.5868,49.39],[-63.5731,49.4049],[-63.6141,49.4486],[-63.6268,49.4984],[-63.7642,49.602],[-63.9252,49.6749],[-64.178,49.741],[-64.3192,49.7912]]],[[[-73.4993,45.7099],[-73.469,45.7056],[-73.5041,45.6004],[-73.5406,45.5478],[-73.5394,45.4874],[-73.5887,45.4479],[-73.6086,45.4416],[-73.7948,45.4672],[-73.9249,45.43],[-73.9586,45.431],[-73.9736,45.4446],[-73.875,45.4931],[-73.8498,45.5207],[-73.7668,45.5272],[-73.694,45.5553],[-73.6207,45.6383],[-73.4993,45.7099]]],[[[-69.102,59.1313],[-69.0613,59.0766],[-69.102,59.0663],[-69.0818,59.0614],[-69.2172,58.9945],[-69.2315,58.9807],[-69.2189,58.9634],[-69.2377,58.9542],[-69.2946,58.984],[-69.3221,58.9508],[-69.3635,58.9634],[-69.3226,59.0051],[-69.3226,59.029],[-69.2862,59.0698],[-69.3542,59.1406],[-69.235,59.1531],[-69.1519,59.1347],[-69.1143,59.1422],[-69.102,59.1313]]],[[[-61.671,47.5465],[-61.7435,47.4831],[-61.8594,47.4237],[-61.8222,47.4154],[-61.7854,47.4338],[-61.6715,47.538],[-61.6362,47.5571],[-61.5925,47.5608],[-61.6564,47.5307],[-61.7086,47.4857],[-61.765,47.4111],[-61.8215,47.41],[-61.8628,47.3554],[-61.9314,47.3383],[-61.9656,47.283],[-61.941,47.2623],[-61.9203,47.2601],[-61.9072,47.2797],[-61.8834,47.2559],[-61.8251,47.2426],[-61.7843,47.266],[-61.793,47.2403],[-61.8454,47.225],[-61.873,47.225],[-61.8749,47.2376],[-61.9382,47.2182],[-62.0106,47.2248],[-62.0171,47.2455],[-61.9591,47.3175],[-61.9486,47.3828],[-61.9255,47.4132],[-61.8393,47.4367],[-61.5621,47.6271],[-61.5059,47.6414],[-61.3822,47.6367],[-61.5011,47.5568],[-61.5515,47.5608],[-61.5023,47.5827],[-61.469,47.6223],[-61.5546,47.615],[-61.671,47.5465]]],[[[-70.8433,47.0332],[-70.8097,47.0134],[-70.8743,46.937],[-71.0312,46.8629],[-71.114,46.8594],[-71.1247,46.877],[-70.8854,47.0266],[-70.8433,47.0332]]],[[[-73.8573,45.5494],[-73.8664,45.5608],[-73.8486,45.5841],[-73.7409,45.6643],[-73.6761,45.6905],[-73.5648,45.6987],[-73.6365,45.6493],[-73.7183,45.5624],[-73.7799,45.5471],[-73.8573,45.5494]]],[[[-67.5583,58.411],[-67.5262,58.3471],[-67.5308,58.2969],[-67.582,58.2785],[-67.6359,58.291],[-67.6619,58.3272],[-67.6366,58.4022],[-67.5928,58.4222],[-67.5583,58.411]]],[[[-73.9952,45.3201],[-73.9206,45.3338],[-73.9343,45.3127],[-74.003,45.2687],[-74.1394,45.2512],[-74.165,45.2697],[-74.1626,45.2878],[-74.1284,45.3076],[-74.0436,45.3056],[-73.9952,45.3201]]],[[[-58.4626,51.1763],[-58.4274,51.1671],[-58.4957,51.121],[-58.5692,51.1007],[-58.5815,51.08],[-58.6212,51.0918],[-58.547,51.1504],[-58.4626,51.1763]]],[[[-58.3984,51.2545],[-58.4742,51.2204],[-58.5629,51.2334],[-58.5359,51.258],[-58.4795,51.278],[-58.4121,51.2818],[-58.3984,51.2545]]],[[[-69.9219,61.0131],[-69.9111,60.9999],[-69.95,60.9859],[-69.9497,60.9657],[-69.9721,60.953],[-69.9776,60.9299],[-70.0039,60.9351],[-70.0119,60.9968],[-69.9567,61.035],[-69.9234,61.0316],[-69.9219,61.0131]]],[[[-68.9955,59.0163],[-68.9746,58.9896],[-69.1203,58.9573],[-69.0612,59.0112],[-68.9955,59.0163]]],[[[-59.3506,50.6035],[-59.3754,50.6205],[-59.3763,50.6523],[-59.3375,50.6444],[-59.296,50.5723],[-59.3411,50.538],[-59.358,50.5516],[-59.3239,50.6103],[-59.3355,50.616],[-59.3506,50.6035]]],[[[-72.0914,61.8947],[-71.9734,61.8589],[-72.0589,61.8505],[-72.1308,61.889],[-72.113,61.9046],[-72.0914,61.8947]]],[[[-73.889,45.3967],[-73.8581,45.3818],[-73.9485,45.3697],[-73.9845,45.4064],[-73.9767,45.4154],[-73.9173,45.41],[-73.889,45.3967]]],[[[-70.3698,47.4268],[-70.3239,47.4274],[-70.3932,47.3727],[-70.4357,47.377],[-70.4254,47.405],[-70.3698,47.4268]]],[[[-71.561,61.3334],[-71.4878,61.3371],[-71.4865,61.3019],[-71.5864,61.302],[-71.5856,61.3239],[-71.561,61.3334]]],[[[-58.3076,51.2523],[-58.3071,51.2358],[-58.3629,51.2022],[-58.411,51.2016],[-58.4139,51.2222],[-58.3882,51.2389],[-58.3076,51.2523]]],[[[-63.8847,50.1994],[-63.927,50.2214],[-63.9248,50.2397],[-63.9015,50.254],[-63.8575,50.2174],[-63.8561,50.2047],[-63.8847,50.1994]]],[[[-72.4121,62.0391],[-72.3281,62.016],[-72.3524,62.0003],[-72.4624,62.0367],[-72.4121,62.0391]]],[[[-73.9318,45.4888],[-73.9473,45.4982],[-73.9432,45.5076],[-73.8865,45.5234],[-73.8993,45.5009],[-73.9318,45.4888]]],[[[-58.8612,50.8331],[-58.8463,50.7894],[-58.8611,50.7796],[-58.8856,50.7943],[-58.8612,50.8331]]],[[[-68.8643,48.4076],[-68.8381,48.4138],[-68.8447,48.396],[-68.8911,48.388],[-68.8643,48.4076]]]]}},{"type":"Feature","id":"Saskatchewan","properties":{"id":"Saskatchewan","iso_code":"CA-SK","name":"Saskatchewan","name_full":"Saskatchewan","name_ja":"サスカチュワン州","center_lonlat":[-105.899,54.4186]},"geometry":{"type":"Polygon","coordinates":[[[-109.9993,48.9926],[-110.0,60.0001],[-102.0016,60.0001],[-102.0011,55.8165],[-101.3643,48.9927],[-109.9993,48.9926]]]}},{"type":"Feature","id":"Yukon","properties":{"id":"Yukon","iso_code":"CA-YT","name":"Yukon","name_full":"Yukon","name_ja":"ユーコン準州","center_lonlat":[-135.5095,63.6326]},"geometry":{"type":"MultiPolygon","coordinates":[[[[-136.4449,68.9099],[-136.4448,67.7256],[-136.4249,67.6937],[-136.4233,67.6574],[-136.2465,67.6202],[-136.1983,67.5787],[-136.1811,67.5222],[-136.1573,67.5042],[-136.1738,67.4934],[-136.2009,67.4081],[-136.1161,67.3773],[-136.138,67.3596],[-136.0952,67.2972],[-136.1202,67.2759],[-136.1382,67.2246],[-136.2374,67.178],[-136.2035,67.146],[-136.2248,67.1101],[-136.2216,67.0644],[-136.1674,67.006],[-133.8311,67.0034],[-133.873,66.9864],[-134.045,66.9852],[-134.0912,66.9638],[-134.0723,66.9443],[-133.9249,66.9124],[-133.8419,66.8625],[-133.8184,66.8303],[-133.77,66.8089],[-133.7633,66.7986],[-133.7795,66.7646],[-133.8314,66.7401],[-133.8342,66.7258],[-133.7552,66.6801],[-133.7819,66.6566],[-133.7754,66.6467],[-133.7251,66.635],[-133.6779,66.5908],[-133.5919,66.5692],[-133.6925,66.5198],[-133.6294,66.4453],[-133.6515,66.4356],[-133.7323,66.453],[-133.7597,66.4371],[-133.7659,66.3821],[-133.8191,66.3102],[-133.7612,66.2967],[-133.6335,66.3032],[-133.5843,66.2927],[-133.5643,66.2606],[-133.5766,66.2212],[-133.558,66.18],[-133.5672,66.1538],[-133.6641,66.1204],[-133.7047,66.072],[-133.6774,66.0568],[-133.6084,66.0499],[-133.6313,65.9854],[-133.6118,65.9619],[-133.3876,65.947],[-133.3307,65.9869],[-133.2817,65.9863],[-133.1274,66.0233],[-132.9554,66.0297],[-132.9204,66.0255],[-132.9072,66.0031],[-132.9189,65.9797],[-132.9939,65.9231],[-132.9355,65.9074],[-132.8128,65.9221],[-132.8022,65.9523],[-132.7814,65.9689],[-132.6246,66.0288],[-132.5615,66.0293],[-132.5335,66.0129],[-132.5202,65.9879],[-132.4819,65.9771],[-132.3911,65.9966],[-132.3413,65.9793],[-132.3344,65.9467],[-132.5134,65.9029],[-132.5645,65.8672],[-132.5694,65.8441],[-132.3707,65.7715],[-132.2941,65.7195],[-132.2783,65.6898],[-132.2197,65.6587],[-132.1726,65.5945],[-132.2054,65.5695],[-132.2761,65.5447],[-132.2794,65.5131],[-132.3108,65.4829],[-132.3221,65.4398],[-132.3569,65.4359],[-132.3743,65.417],[-132.5299,65.3525],[-132.5534,65.327],[-132.5545,65.2841],[-132.6467,65.2743],[-132.7134,65.2286],[-132.7813,65.2262],[-132.7202,65.2088],[-132.7147,65.1964],[-132.7252,65.1912],[-132.7877,65.1879],[-132.7158,65.1564],[-132.6936,65.1557],[-132.6788,65.1711],[-132.6266,65.1721],[-132.5908,65.1912],[-132.5536,65.1806],[-132.5266,65.1574],[-132.5529,65.1031],[-132.4791,65.0832],[-132.3706,65.0809],[-132.3344,65.0315],[-132.4088,65.0142],[-132.433,64.9824],[-132.5075,64.9645],[-132.5134,64.9434],[-132.4825,64.905],[-132.4812,64.8799],[-132.6097,64.8356],[-132.6153,64.8155],[-132.5555,64.7706],[-132.4828,64.7843],[-132.3206,64.7686],[-132.1587,64.7059],[-132.0538,64.6964],[-131.9376,64.5965],[-131.8487,64.5558],[-131.7369,64.547],[-131.6817,64.5212],[-131.8058,64.4266],[-131.8261,64.387],[-131.8186,64.3775],[-131.6822,64.3923],[-131.5989,64.3689],[-131.4266,64.4159],[-131.4112,64.4565],[-131.3845,64.4679],[-131.2527,64.4331],[-131.1456,64.4241],[-131.0677,64.3756],[-131.0708,64.3584],[-131.0035,64.3252],[-131.0605,64.2795],[-130.9753,64.2644],[-130.9335,64.2084],[-130.8727,64.1905],[-130.9405,64.15],[-130.942,64.1289],[-130.8593,64.0772],[-130.8626,64.0419],[-130.7567,64.0467],[-130.7508,64.0353],[-130.7754,64.0106],[-130.7399,63.9734],[-130.5811,63.9256],[-130.5298,63.9338],[-130.4333,63.8901],[-130.3625,63.8415],[-130.2025,63.8015],[-130.1144,63.804],[-130.098,63.7823],[-130.1079,63.7666],[-130.2788,63.737],[-130.318,63.703],[-130.2519,63.6668],[-130.1286,63.7026],[-130.0945,63.6975],[-130.0858,63.6879],[-130.1067,63.6658],[-130.0855,63.6482],[-130.0937,63.6333],[-129.9558,63.6173],[-129.9554,63.5833],[-129.8872,63.5634],[-129.8228,63.4779],[-129.8944,63.4548],[-129.9091,63.4391],[-129.9067,63.3838],[-129.9189,63.3733],[-130.1294,63.3165],[-130.1501,63.2681],[-130.058,63.2695],[-130.0344,63.2615],[-129.9774,63.207],[-129.9053,63.1969],[-129.8352,63.1148],[-129.8447,63.0913],[-129.7365,63.0639],[-129.6138,63.0722],[-129.5997,63.0467],[-129.6638,63.0026],[-129.6711,62.9756],[-129.7067,62.9498],[-129.721,62.9093],[-129.7024,62.8923],[-129.7652,62.8853],[-129.7733,62.8686],[-129.6365,62.7615],[-129.6483,62.7492],[-129.6258,62.7281],[-129.6242,62.7054],[-129.5711,62.7014],[-129.5169,62.6726],[-129.5199,62.6435],[-129.4939,62.6284],[-129.4955,62.6077],[-129.5538,62.593],[-129.5689,62.5801],[-129.552,62.5664],[-129.4515,62.5904],[-129.3342,62.5368],[-129.1969,62.5072],[-129.1716,62.4791],[-129.1995,62.4625],[-129.2695,62.4573],[-129.2826,62.4305],[-129.3047,62.423],[-129.2824,62.3974],[-129.2158,62.3776],[-129.2707,62.3558],[-129.3094,62.3212],[-129.2772,62.2652],[-129.2018,62.2105],[-129.2831,62.1729],[-129.2941,62.162],[-129.2876,62.1534],[-129.2388,62.1518],[-129.13,62.1161],[-129.0145,62.1364],[-128.8938,62.1173],[-128.8656,62.1027],[-128.8485,62.0687],[-128.7791,62.0569],[-128.7236,62.1054],[-128.685,62.1203],[-128.5466,62.1218],[-128.505,62.0829],[-128.3822,62.0311],[-128.3911,61.999],[-128.3813,61.9902],[-128.2772,61.9467],[-128.2394,61.9067],[-128.2247,61.8584],[-128.1988,61.8463],[-128.1363,61.8583],[-128.0843,61.85],[-128.0087,61.7746],[-128.0057,61.7264],[-127.9813,61.694],[-127.9132,61.6789],[-127.8069,61.6109],[-127.7026,61.5897],[-127.6693,61.5512],[-127.5479,61.5125],[-127.3881,61.5065],[-127.3127,61.5216],[-127.1457,61.4652],[-127.1208,61.397],[-127.0632,61.3699],[-127.0691,61.3337],[-127.0352,61.2838],[-127.0072,61.1877],[-127.0307,61.1535],[-127.0122,61.127],[-127.0443,61.1034],[-127.0928,61.0901],[-127.1,61.0707],[-127.0583,61.0427],[-126.9909,61.0658],[-126.9365,61.059],[-126.9344,61.0005],[-126.9008,60.9457],[-126.9198,60.9141],[-126.9162,60.8523],[-126.8809,60.833],[-126.8947,60.8073],[-126.8845,60.7819],[-126.8339,60.7549],[-126.7727,60.7837],[-126.6749,60.7456],[-126.5728,60.7994],[-126.5103,60.8145],[-126.4124,60.7793],[-126.2885,60.7796],[-126.2215,60.806],[-126.2198,60.8219],[-126.2441,60.8456],[-126.2012,60.864],[-126.1217,60.8657],[-126.1074,60.859],[-126.1141,60.8265],[-126.0938,60.8147],[-126.0142,60.8035],[-125.9921,60.812],[-125.9613,60.8685],[-125.9014,60.8947],[-125.826,60.8831],[-125.7154,60.834],[-125.5466,60.8222],[-125.3642,60.782],[-125.2807,60.8007],[-125.1786,60.8497],[-124.8919,60.8551],[-124.869,60.8634],[-124.8687,60.9262],[-124.8058,60.9682],[-124.7474,60.9546],[-124.5986,60.9645],[-124.5665,60.939],[-124.5341,60.8546],[-124.4787,60.7879],[-124.5042,60.7617],[-124.6027,60.7183],[-124.6197,60.6821],[-124.5791,60.6401],[-124.4573,60.5688],[-124.4164,60.4793],[-124.2824,60.4836],[-124.2162,60.4613],[-124.2063,60.4311],[-124.2132,60.3737],[-124.1957,60.3301],[-124.1026,60.2172],[-124.0138,60.1526],[-123.9808,60.0985],[-124.0259,60.042],[-124.0256,60.0199],[-123.865,60.0383],[-123.8191,60.0001],[-139.0602,60.0001],[-139.1821,60.0734],[-139.1832,60.1002],[-139.0732,60.2998],[-139.0795,60.341],[-139.1016,60.3466],[-139.6798,60.3268],[-139.9169,60.2079],[-139.9678,60.1884],[-140.0158,60.1874],[-140.4241,60.2932],[-140.4628,60.2891],[-140.5337,60.2185],[-140.9796,60.2958],[-141.0012,60.3211],[-141.0056,69.6509],[-140.8985,69.6406],[-140.9059,69.6331],[-140.873,69.6254],[-140.8192,69.6381],[-140.4051,69.6015],[-140.2227,69.5991],[-140.1527,69.6188],[-139.918,69.6213],[-139.5998,69.5797],[-139.7746,69.6002],[-139.7006,69.5744],[-139.3635,69.5443],[-139.295,69.517],[-139.1438,69.5137],[-138.994,69.4222],[-138.7665,69.3591],[-138.6367,69.2837],[-138.6026,69.2427],[-138.507,69.2563],[-138.5275,69.2495],[-138.4449,69.2353],[-138.4454,69.2475],[-138.4183,69.2546],[-138.3978,69.2979],[-138.4518,69.2837],[-138.4271,69.3016],[-138.357,69.3047],[-138.3293,69.2416],[-138.3124,69.2295],[-138.2272,69.1833],[-138.0955,69.1401],[-137.5182,69.0168],[-137.4247,69.0142],[-137.3829,69.0031],[-137.4313,68.9957],[-137.2237,68.9509],[-136.9925,68.9479],[-136.9618,68.9274],[-136.7455,68.879],[-136.663,68.8758],[-136.6015,68.8995],[-136.5257,68.8933],[-136.54,68.9069],[-136.5006,68.9159],[-136.4449,68.9099]]],[[[-139.1134,69.6542],[-138.921,69.617],[-138.8701,69.5921],[-138.9054,69.5783],[-139.0277,69.5854],[-139.1103,69.5369],[-139.1378,69.5352],[-139.2072,69.5523],[-139.2602,69.5854],[-139.3356,69.5717],[-139.2184,69.6316],[-139.1134,69.6542]]]]}}]}
