{"type":"FeatureCollection","features":[{"type":"Feature","id":"Antofagasta","properties":{"id":"Antofagasta","iso_code":"CL-AN","name":"Antofagasta","name_full":"Antofagasta","name_ja":"アントファガスタ州","center_lonlat":[-69.1173,-23.4701]},"geometry":{"type":"Polygon","coordinates":[[[-68.5316,-20.9277],[-68.5102,-20.9402],[-68.4321,-20.945],[-68.4163,-20.9598],[-68.2075,-21.2843],[-68.1937,-21.3285],[-68.1984,-21.5719],[-68.1906,-21.6064],[-68.1284,-21.7123],[-68.1076,-21.7896],[-68.0962,-21.954],[-68.0827,-21.9803],[-67.9902,-22.0576],[-67.9606,-22.1029],[-67.9572,-22.1246],[-67.9766,-22.1598],[-67.945,-22.2083],[-67.9348,-22.2517],[-67.9519,-22.3341],[-67.8592,-22.5473],[-67.8913,-22.7157],[-67.8915,-22.7929],[-67.8763,-22.8336],[-67.833,-22.8401],[-67.8036,-22.8787],[-67.7714,-22.8887],[-67.6168,-22.8973],[-67.1939,-22.8222],[-67.014,-23.0007],[-67.3398,-24.0006],[-67.3624,-24.0304],[-68.2445,-24.3854],[-68.3268,-24.4982],[-68.3798,-24.4911],[-68.3977,-24.5005],[-68.4515,-24.6293],[-68.4818,-24.5988],[-68.5037,-24.6123],[-68.5213,-24.6753],[-68.5724,-24.7699],[-68.578,-24.8087],[-68.551,-24.8688],[-68.4731,-24.9079],[-68.4691,-24.9368],[-68.4374,-24.9741],[-68.4435,-25.0211],[-68.3674,-25.1034],[-68.3666,-25.1234],[-68.3992,-25.1448],[-68.474,-25.1454],[-68.493,-25.1559],[-68.516,-25.1836],[-68.5542,-25.2912],[-68.5918,-25.3015],[-68.6674,-25.359],[-68.7167,-25.3794],[-68.858,-25.3699],[-69.0055,-25.385],[-69.0185,-25.4152],[-68.9943,-25.4796],[-69.0631,-25.5916],[-69.0795,-25.6495],[-69.441,-25.6799],[-69.5683,-25.648],[-69.7114,-25.6608],[-69.8832,-25.7467],[-70.0137,-25.7594],[-70.0551,-25.7213],[-70.1473,-25.7371],[-70.2714,-25.8262],[-70.3223,-25.8167],[-70.3987,-25.8231],[-70.5514,-25.9217],[-70.6346,-26.0286],[-70.6489,-25.9436],[-70.6967,-25.8852],[-70.7104,-25.8354],[-70.74,-25.8293],[-70.724,-25.7787],[-70.7003,-25.7734],[-70.6867,-25.6681],[-70.6348,-25.6255],[-70.6469,-25.5217],[-70.5385,-25.4682],[-70.5137,-25.3863],[-70.4649,-25.3824],[-70.4448,-25.3449],[-70.4529,-25.318],[-70.4392,-25.2765],[-70.437,-25.1935],[-70.4491,-25.1529],[-70.5006,-25.0955],[-70.4687,-25.0001],[-70.4727,-24.9753],[-70.521,-24.919],[-70.5559,-24.8108],[-70.5559,-24.7659],[-70.5764,-24.7317],[-70.5764,-24.6533],[-70.5548,-24.6059],[-70.5828,-24.5248],[-70.5419,-24.4152],[-70.5559,-24.3652],[-70.5416,-24.3515],[-70.5477,-24.3273],[-70.5329,-24.3057],[-70.5343,-24.261],[-70.5061,-24.1674],[-70.5196,-24.1238],[-70.504,-24.1148],[-70.5023,-24.0676],[-70.5264,-23.9963],[-70.5006,-23.9127],[-70.5133,-23.8591],[-70.4945,-23.8376],[-70.4985,-23.7846],[-70.4213,-23.6847],[-70.3907,-23.5769],[-70.4131,-23.5113],[-70.497,-23.4695],[-70.5393,-23.5323],[-70.6058,-23.5107],[-70.6213,-23.5311],[-70.6316,-23.517],[-70.6139,-23.4472],[-70.5851,-23.4236],[-70.5993,-23.4049],[-70.6046,-23.3573],[-70.5915,-23.3263],[-70.6001,-23.2442],[-70.5678,-23.2002],[-70.5652,-23.131],[-70.5807,-23.1083],[-70.5622,-23.0598],[-70.5062,-23.01],[-70.4844,-23.086],[-70.4508,-23.0971],[-70.4254,-23.0885],[-70.3564,-23.0299],[-70.2916,-22.902],[-70.2878,-22.8681],[-70.3126,-22.7906],[-70.2811,-22.6952],[-70.2878,-22.6316],[-70.2672,-22.6071],[-70.2809,-22.5662],[-70.2406,-22.4876],[-70.2542,-22.4566],[-70.2482,-22.3276],[-70.2355,-22.2981],[-70.2132,-22.0829],[-70.1985,-22.0751],[-70.1861,-22.0414],[-70.2001,-22.0055],[-70.1779,-21.9731],[-70.1716,-21.9321],[-70.1921,-21.8844],[-70.1501,-21.862],[-70.1502,-21.6535],[-70.1036,-21.6087],[-70.0714,-21.5226],[-70.0829,-21.4833],[-70.0614,-21.4483],[-69.9133,-21.4513],[-69.8856,-21.413],[-69.8134,-21.3895],[-69.7424,-21.3842],[-69.6127,-21.3932],[-69.5059,-21.4446],[-69.45,-21.4463],[-68.7943,-21.2409],[-68.7536,-21.2115],[-68.6902,-21.1244],[-68.5579,-21.0641],[-68.5316,-20.9277]]]}},{"type":"Feature","id":"Araucania","properties":{"id":"Araucania","iso_code":"CL-AR","name":"Araucania","name_full":"Araucanía","name_ja":"ラ・アラウカニア州","center_lonlat":[-72.2806,-38.7098]},"geometry":{"type":"MultiPolygon","coordinates":[[[[-71.0161,-38.1437],[-71.0167,-38.2647],[-70.9738,-38.4247],[-70.9505,-38.4594],[-70.8487,-38.5276],[-70.8343,-38.5644],[-70.8834,-38.6431],[-70.8738,-38.6914],[-70.9095,-38.7064],[-70.945,-38.7472],[-71.0484,-38.7466],[-71.1528,-38.7988],[-71.236,-38.8116],[-71.2798,-38.8502],[-71.3999,-38.9105],[-71.4158,-38.9353],[-71.431,-39.026],[-71.402,-39.236],[-71.412,-39.318],[-71.4202,-39.3421],[-71.4765,-39.383],[-71.4617,-39.4338],[-71.542,-39.5323],[-71.4957,-39.5656],[-71.5035,-39.6017],[-71.52,-39.615],[-71.6008,-39.6195],[-71.6411,-39.6],[-71.6552,-39.5362],[-71.6809,-39.496],[-71.7311,-39.4612],[-71.7702,-39.4554],[-71.7985,-39.4663],[-71.9369,-39.69],[-71.992,-39.7297],[-72.0673,-39.7451],[-72.1926,-39.7472],[-72.2901,-39.7136],[-72.3738,-39.733],[-72.4335,-39.6728],[-72.5453,-39.6232],[-72.7887,-39.5848],[-72.9662,-39.5892],[-72.9762,-39.5608],[-72.9426,-39.4075],[-72.9569,-39.3798],[-73.0353,-39.3643],[-73.1425,-39.3909],[-73.2467,-39.3859],[-73.2211,-39.3417],[-73.2353,-39.2493],[-73.2098,-39.1938],[-73.2353,-39.1809],[-73.233,-39.2066],[-73.2454,-39.2213],[-73.2834,-39.0753],[-73.3613,-38.9138],[-73.4334,-38.6869],[-73.4272,-38.7763],[-73.4451,-38.7614],[-73.4615,-38.6738],[-73.5207,-38.5216],[-73.5251,-38.4757],[-73.3642,-38.4254],[-73.3479,-38.4293],[-73.3058,-38.4815],[-73.2705,-38.4768],[-73.267,-38.4486],[-73.2914,-38.3749],[-73.2808,-38.3317],[-73.2121,-38.2797],[-73.0914,-38.1378],[-73.0973,-38.0993],[-73.155,-38.0668],[-73.1666,-38.025],[-73.1383,-37.9615],[-73.1307,-37.8931],[-73.0592,-37.8113],[-73.0632,-37.7713],[-73.1119,-37.722],[-73.082,-37.6594],[-73.0611,-37.6472],[-72.9729,-37.6645],[-72.8973,-37.6383],[-72.8353,-37.6332],[-72.6944,-37.6421],[-72.5056,-37.6795],[-72.4749,-37.7602],[-72.3772,-37.8536],[-72.2188,-37.9138],[-72.1551,-37.9535],[-72.0892,-38.0165],[-71.9798,-38.0036],[-71.8842,-38.0495],[-71.788,-38.0344],[-71.7206,-38.0571],[-71.7179,-38.0719],[-71.7445,-38.0891],[-71.7456,-38.1023],[-71.715,-38.1321],[-71.6933,-38.2172],[-71.6551,-38.2461],[-71.6121,-38.2153],[-71.4641,-38.1609],[-71.4041,-38.0977],[-71.3129,-38.0631],[-71.1498,-38.0836],[-71.0161,-38.1437]]],[[[-73.8824,-38.3608],[-73.8716,-38.3867],[-73.8782,-38.4015],[-73.8922,-38.414],[-73.9121,-38.4099],[-73.947,-38.3728],[-73.9534,-38.3136],[-73.8824,-38.3608]]]]}},{"type":"Feature","id":"Arica y Parinacota","properties":{"id":"Arica y Parinacota","iso_code":"CL-AP","name":"Arica y Parinacota","name_full":"Arica y Parinacota","name_ja":"アリカ・イ・パリナコータ州","center_lonlat":[-69.6389,-18.486]},"geometry":{"type":"Polygon","coordinates":[[[-68.9896,-18.9465],[-69.0783,-19.0499],[-69.1356,-19.0896],[-69.193,-19.1029],[-69.2988,-19.0896],[-69.462,-19.0323],[-69.559,-19.0279],[-69.6604,-18.9882],[-69.7883,-18.9882],[-70.0132,-19.0456],[-70.2116,-19.1558],[-70.2703,-19.1715],[-70.2809,-19.1604],[-70.2774,-19.109],[-70.3127,-19.0219],[-70.309,-18.9715],[-70.3566,-18.7734],[-70.3362,-18.6757],[-70.3505,-18.6363],[-70.3352,-18.6176],[-70.3389,-18.5782],[-70.3225,-18.5134],[-70.3293,-18.4719],[-70.3064,-18.4606],[-70.3036,-18.4454],[-70.3947,-18.3377],[-70.3179,-18.3212],[-70.1591,-18.326],[-69.9703,-18.2506],[-69.8653,-18.1446],[-69.7831,-17.9816],[-69.7824,-17.9439],[-69.8128,-17.8883],[-69.829,-17.8038],[-69.8576,-17.7342],[-69.8498,-17.6916],[-69.8181,-17.6591],[-69.6839,-17.656],[-69.5101,-17.5066],[-69.4971,-17.6214],[-69.3594,-17.7594],[-69.3342,-17.8058],[-69.3269,-17.9151],[-69.3024,-17.9762],[-69.262,-17.964],[-69.2348,-17.993],[-69.1739,-18.0189],[-69.1408,-18.0308],[-69.0921,-18.0233],[-69.0817,-18.04],[-69.0892,-18.0831],[-69.1554,-18.1402],[-69.1412,-18.1868],[-69.1004,-18.2343],[-69.0793,-18.328],[-69.0778,-18.3988],[-69.0344,-18.4783],[-69.0428,-18.6005],[-69.0338,-18.6495],[-69.0035,-18.7027],[-69.0105,-18.7445],[-68.9514,-18.8673],[-68.9598,-18.9078],[-68.9896,-18.9465]]]}},{"type":"Feature","id":"Atacama","properties":{"id":"Atacama","iso_code":"CL-AT","name":"Atacama","name_full":"Atacama","name_ja":"アタカマ州","center_lonlat":[-69.9316,-27.3813]},"geometry":{"type":"Polygon","coordinates":[[[-68.5542,-25.2912],[-68.606,-25.437],[-68.6082,-25.4929],[-68.555,-25.5726],[-68.5688,-25.5878],[-68.5594,-25.663],[-68.4985,-25.7549],[-68.409,-26.1442],[-68.4199,-26.1793],[-68.5461,-26.2691],[-68.5752,-26.3035],[-68.5939,-26.3786],[-68.5953,-26.4573],[-68.5702,-26.5506],[-68.3054,-26.898],[-68.3021,-26.9266],[-68.3291,-27.0001],[-68.3305,-27.045],[-68.3773,-27.0444],[-68.518,-27.0769],[-68.5574,-27.1074],[-68.5859,-27.1628],[-68.6495,-27.1512],[-68.7186,-27.1067],[-68.7643,-27.1046],[-68.8143,-27.1203],[-68.8708,-27.1984],[-68.8831,-27.295],[-68.9314,-27.3952],[-69.0174,-27.4604],[-69.0286,-27.5513],[-69.0923,-27.6402],[-69.0758,-27.6962],[-69.1243,-27.7344],[-69.173,-27.9241],[-69.1902,-27.9514],[-69.3032,-27.9995],[-69.3118,-28.0365],[-69.4203,-28.2126],[-69.4762,-28.1879],[-69.4905,-28.1984],[-69.5101,-28.2675],[-69.653,-28.3979],[-69.6724,-28.4577],[-69.6784,-28.5739],[-69.7221,-28.6107],[-69.7534,-28.6734],[-69.7559,-28.7077],[-69.7328,-28.7943],[-69.8028,-28.9399],[-69.8039,-29.0987],[-69.8444,-29.1293],[-69.9109,-29.1432],[-69.922,-29.168],[-69.9895,-29.2144],[-69.9762,-29.2335],[-69.9803,-29.25],[-70.0311,-29.2772],[-70.0407,-29.2975],[-70.0426,-29.3631],[-70.0195,-29.4044],[-69.9685,-29.5833],[-69.9732,-29.6661],[-69.9294,-29.7179],[-70.0034,-29.7479],[-70.0892,-29.747],[-70.3022,-29.6756],[-70.3476,-29.6047],[-70.4235,-29.5541],[-70.456,-29.5109],[-70.5515,-29.1774],[-70.5738,-29.1171],[-70.6053,-29.0915],[-70.7081,-29.0709],[-70.7292,-29.0862],[-70.7389,-29.1246],[-70.7628,-29.1513],[-70.9747,-29.2066],[-71.0078,-29.332],[-71.0524,-29.3858],[-71.0928,-29.374],[-71.1169,-29.3358],[-71.1993,-29.3355],[-71.2642,-29.2302],[-71.3373,-29.1924],[-71.3924,-29.1845],[-71.4871,-29.2113],[-71.4962,-29.1347],[-71.4821,-29.0934],[-71.5011,-29.0698],[-71.4875,-29.0356],[-71.4975,-28.9768],[-71.5148,-28.9776],[-71.522,-28.9401],[-71.5112,-28.8896],[-71.4878,-28.8451],[-71.3913,-28.7995],[-71.3578,-28.7237],[-71.3019,-28.6749],[-71.2889,-28.607],[-71.3162,-28.5729],[-71.2701,-28.5405],[-71.2678,-28.4767],[-71.2336,-28.4705],[-71.2104,-28.4467],[-71.1739,-28.3606],[-71.1722,-28.3264],[-71.1936,-28.2944],[-71.1722,-28.2678],[-71.1601,-28.2117],[-71.1571,-28.1428],[-71.1731,-28.0929],[-71.1473,-28.0489],[-71.1326,-27.9235],[-71.0972,-27.874],[-71.1047,-27.839],[-71.0846,-27.8229],[-71.0316,-27.6574],[-71.0133,-27.6716],[-70.9525,-27.6611],[-70.9124,-27.6218],[-70.9186,-27.5439],[-70.8917,-27.4931],[-70.9052,-27.4415],[-70.9458,-27.3718],[-70.9327,-27.298],[-70.9549,-27.2436],[-70.9449,-27.2149],[-70.96,-27.1614],[-70.9293,-27.1067],[-70.9005,-27.1325],[-70.8708,-27.1179],[-70.8487,-27.048],[-70.8184,-27.0479],[-70.8227,-27.0236],[-70.7886,-26.9963],[-70.8242,-26.8738],[-70.786,-26.788],[-70.7325,-26.7493],[-70.7562,-26.7136],[-70.7303,-26.6818],[-70.6953,-26.5685],[-70.7067,-26.4929],[-70.6856,-26.4345],[-70.6993,-26.393],[-70.6666,-26.3853],[-70.6565,-26.3558],[-70.63,-26.341],[-70.6424,-26.3153],[-70.6814,-26.3045],[-70.6483,-26.2358],[-70.6719,-26.1608],[-70.6583,-26.0646],[-70.6346,-26.0286],[-70.5514,-25.9217],[-70.3987,-25.8231],[-70.3223,-25.8167],[-70.2714,-25.8262],[-70.1473,-25.7371],[-70.0551,-25.7213],[-70.0137,-25.7594],[-69.8832,-25.7467],[-69.7114,-25.6608],[-69.5683,-25.648],[-69.441,-25.6799],[-69.0795,-25.6495],[-69.0631,-25.5916],[-68.9943,-25.4796],[-69.0185,-25.4152],[-69.0055,-25.385],[-68.858,-25.3699],[-68.7167,-25.3794],[-68.6674,-25.359],[-68.5918,-25.3015],[-68.5542,-25.2912]]]}},{"type":"Feature","id":"Aysen","properties":{"id":"Aysen","iso_code":"CL-AI","name":"Aysen","name_full":"Aysén","name_ja":"アイセン・デル・ヘネラル・カルロス・イバニェス・デル・カンポ州","center_lonlat":[-73.0464,-46.4917]},"geometry":{"type":"MultiPolygon","coordinates":[[[[-71.7453,-44.045],[-71.7957,-44.086],[-71.8587,-44.1078],[-71.8051,-44.2052],[-71.8318,-44.2702],[-71.804,-44.3148],[-71.8104,-44.3336],[-71.8642,-44.3592],[-71.8606,-44.3771],[-71.822,-44.4032],[-71.7378,-44.3934],[-71.4378,-44.4015],[-71.2098,-44.4276],[-71.1713,-44.4522],[-71.1554,-44.4986],[-71.1227,-44.5303],[-71.1316,-44.5706],[-71.1994,-44.5917],[-71.2349,-44.6388],[-71.2382,-44.7479],[-71.2978,-44.7956],[-71.3789,-44.7919],[-71.4971,-44.7429],[-71.6312,-44.78],[-71.7627,-44.7544],[-71.8546,-44.791],[-72.0478,-44.7548],[-72.0762,-44.7608],[-72.0887,-44.7828],[-72.0735,-44.9022],[-72.0098,-44.9045],[-71.8894,-44.9472],[-71.7825,-44.9274],[-71.7024,-44.9737],[-71.5887,-44.9781],[-71.5552,-45.0058],[-71.4872,-45.1233],[-71.3633,-45.2088],[-71.3172,-45.2672],[-71.3115,-45.2995],[-71.3894,-45.3708],[-71.5083,-45.4084],[-71.4781,-45.4827],[-71.4891,-45.4985],[-71.5258,-45.519],[-71.7137,-45.5332],[-71.7496,-45.5493],[-71.7651,-45.5724],[-71.7428,-45.5943],[-71.7824,-45.6418],[-71.7805,-45.6894],[-71.8018,-45.724],[-71.749,-45.7868],[-71.7649,-45.831],[-71.7585,-45.8482],[-71.6659,-45.884],[-71.6413,-45.9057],[-71.6123,-45.9705],[-71.7235,-46.0577],[-71.7702,-46.1126],[-71.9045,-46.1363],[-71.9147,-46.1523],[-71.7633,-46.2445],[-71.7519,-46.393],[-71.6805,-46.5381],[-71.6955,-46.5871],[-71.6802,-46.6596],[-71.6872,-46.6901],[-71.776,-46.7381],[-71.8341,-46.7886],[-71.9341,-46.7995],[-71.9501,-46.814],[-71.9362,-46.8543],[-71.9532,-46.8748],[-71.9704,-46.9485],[-71.9148,-46.9985],[-72.0,-47.0422],[-72.0052,-47.0619],[-71.8741,-47.1425],[-71.8633,-47.1966],[-71.8807,-47.2219],[-71.9125,-47.2345],[-72.0303,-47.1975],[-72.0451,-47.2158],[-72.0294,-47.2697],[-72.0382,-47.287],[-72.1706,-47.4075],[-72.2092,-47.4203],[-72.2882,-47.415],[-72.3612,-47.451],[-72.3705,-47.4745],[-72.3209,-47.4984],[-72.3444,-47.6023],[-72.4573,-47.7491],[-72.5005,-47.8529],[-72.5439,-47.9148],[-72.5353,-47.9458],[-72.5094,-47.973],[-72.4192,-48.0096],[-72.388,-48.0578],[-72.343,-48.0705],[-72.3095,-48.2112],[-72.3256,-48.2855],[-72.2951,-48.3333],[-72.3023,-48.3475],[-72.3714,-48.3464],[-72.4331,-48.4004],[-72.5768,-48.4521],[-72.6147,-48.51],[-72.5842,-48.6159],[-72.578,-48.7219],[-72.5923,-48.7911],[-72.672,-48.863],[-72.7812,-48.9339],[-72.9222,-48.9523],[-73.0097,-48.9904],[-73.0786,-49.0587],[-73.1072,-49.1349],[-73.1713,-49.1893],[-73.1843,-49.2143],[-73.1704,-49.2509],[-74.0667,-48.742],[-74.0572,-48.7328],[-74.0892,-48.7172],[-74.1693,-48.7033],[-74.3062,-48.7277],[-74.3309,-48.713],[-74.2899,-48.6925],[-74.3179,-48.6645],[-74.3289,-48.678],[-74.3643,-48.6823],[-74.3719,-48.631],[-74.3998,-48.6105],[-74.328,-48.549],[-74.2701,-48.5348],[-74.2833,-48.5235],[-74.2704,-48.5109],[-74.1971,-48.4733],[-74.0435,-48.5554],[-74.023,-48.5895],[-73.9935,-48.5973],[-73.9718,-48.565],[-74.0206,-48.5336],[-74.0286,-48.448],[-73.8927,-48.4113],[-73.8996,-48.402],[-73.9353,-48.3957],[-73.9955,-48.4142],[-74.0299,-48.4113],[-74.0572,-48.3908],[-74.1093,-48.3857],[-74.1549,-48.3578],[-74.2379,-48.3508],[-74.2056,-48.3307],[-74.0839,-48.3157],[-74.1072,-48.3061],[-74.1875,-48.3089],[-74.2701,-48.3356],[-74.2786,-48.3268],[-74.2626,-48.3014],[-74.2672,-48.2813],[-74.3197,-48.2311],[-74.3179,-48.2121],[-74.4425,-48.1824],[-74.5121,-48.0899],[-74.4687,-48.0558],[-74.4687,-48.0278],[-74.588,-48.08],[-74.6268,-48.0589],[-74.6254,-48.0042],[-74.5171,-47.9594],[-74.484,-47.9771],[-74.4154,-47.9837],[-74.3446,-48.0209],[-74.3087,-48.0717],[-74.2765,-48.1845],[-74.2458,-48.1882],[-74.2269,-48.2287],[-74.2056,-48.2311],[-74.172,-48.2186],[-74.196,-48.2135],[-74.2009,-48.193],[-74.2325,-48.1646],[-74.236,-48.1511],[-74.2217,-48.1369],[-74.2576,-48.1139],[-74.3309,-48.0004],[-74.31,-47.9904],[-74.2454,-47.9997],[-74.2042,-47.9899],[-74.0606,-48.0004],[-74.0329,-48.0344],[-74.0026,-48.0278],[-73.9616,-48.0481],[-73.8911,-48.0222],[-73.8579,-48.0419],[-73.8797,-48.096],[-73.7698,-48.0278],[-73.7623,-48.0624],[-73.8042,-48.1081],[-73.7931,-48.1159],[-73.7481,-48.0817],[-73.6013,-48.1301],[-73.5914,-48.1646],[-73.6047,-48.2058],[-73.5563,-48.2468],[-73.5296,-48.199],[-73.4864,-48.1725],[-73.4336,-48.1767],[-73.3514,-48.2195],[-73.3409,-48.1817],[-73.2767,-48.1384],[-73.2818,-48.0793],[-73.29,-48.0624],[-73.2946,-48.127],[-73.3748,-48.1625],[-73.4003,-48.162],[-73.4818,-48.1233],[-73.5122,-48.0898],[-73.5917,-48.0419],[-73.581,-48.0129],[-73.6422,-47.9836],[-73.6472,-47.9737],[-73.6326,-47.9594],[-73.6553,-47.9323],[-73.6531,-47.898],[-73.5756,-47.9098],[-73.5402,-47.9628],[-73.5071,-47.978],[-73.4261,-47.9884],[-73.3146,-47.9801],[-73.2732,-48.0012],[-73.2279,-48.0041],[-73.2573,-47.9765],[-73.3556,-47.9557],[-73.4813,-47.9631],[-73.5262,-47.9321],[-73.5091,-47.898],[-73.5168,-47.8785],[-73.537,-47.87],[-73.5409,-47.8842],[-73.5615,-47.8886],[-73.619,-47.8639],[-73.5929,-47.831],[-73.5501,-47.808],[-73.6984,-47.7859],[-73.7319,-47.7431],[-73.741,-47.7031],[-73.6691,-47.6471],[-73.6662,-47.6163],[-73.7015,-47.6298],[-73.7028,-47.5932],[-73.6736,-47.5685],[-73.6929,-47.5548],[-73.7146,-47.5616],[-73.7279,-47.5466],[-73.7214,-47.5274],[-73.776,-47.589],[-73.7309,-47.6237],[-73.7897,-47.7397],[-73.7729,-47.7795],[-73.8019,-47.8071],[-73.9237,-47.8427],[-74.023,-47.8285],[-74.0677,-47.7708],[-74.1975,-47.7892],[-74.2914,-47.7682],[-74.318,-47.7897],[-74.3507,-47.7885],[-74.4072,-47.7677],[-74.3384,-47.754],[-74.3784,-47.7448],[-74.5489,-47.7848],[-74.5438,-47.7677],[-74.6284,-47.7678],[-74.6701,-47.7546],[-74.681,-47.7328],[-74.7108,-47.7374],[-74.7356,-47.7187],[-74.7288,-47.6961],[-74.6727,-47.6482],[-74.6378,-47.6458],[-74.578,-47.664],[-74.5916,-47.692],[-74.5506,-47.664],[-74.6322,-47.6213],[-74.6121,-47.5685],[-74.5333,-47.5479],[-74.5207,-47.6032],[-74.5028,-47.5958],[-74.4818,-47.5548],[-74.4605,-47.551],[-74.4199,-47.5634],[-74.3998,-47.6163],[-74.3935,-47.5932],[-74.3719,-47.589],[-74.3446,-47.6367],[-74.3741,-47.6562],[-74.4559,-47.6716],[-74.4818,-47.6988],[-74.3446,-47.6708],[-74.3288,-47.6756],[-74.3247,-47.6988],[-74.2959,-47.7254],[-74.2533,-47.7472],[-74.2051,-47.7566],[-74.1597,-47.7465],[-74.2698,-47.7326],[-74.3036,-47.6783],[-74.2726,-47.6633],[-74.1738,-47.6742],[-74.1329,-47.664],[-74.2142,-47.6633],[-74.2626,-47.642],[-74.2298,-47.6251],[-74.0537,-47.6222],[-74.0435,-47.6095],[-74.105,-47.6095],[-74.14,-47.5862],[-74.0906,-47.5666],[-74.0572,-47.5343],[-74.1391,-47.5616],[-74.1813,-47.589],[-74.2251,-47.5821],[-74.2944,-47.6021],[-74.3284,-47.5857],[-74.3446,-47.52],[-74.3923,-47.5348],[-74.4535,-47.4811],[-74.3856,-47.4592],[-74.3944,-47.4465],[-74.4408,-47.4455],[-74.4653,-47.4181],[-74.4847,-47.4562],[-74.5066,-47.4697],[-74.5289,-47.4223],[-74.5028,-47.413],[-74.4673,-47.3629],[-74.4072,-47.3425],[-74.4162,-47.3214],[-74.3665,-47.2907],[-74.3247,-47.2189],[-74.2838,-47.2463],[-74.2663,-47.2122],[-74.2322,-47.2394],[-74.2217,-47.2361],[-74.2251,-47.2088],[-74.1776,-47.2053],[-74.1597,-47.281],[-74.1124,-47.3355],[-74.105,-47.3151],[-74.1401,-47.2566],[-74.1322,-47.2045],[-74.1154,-47.193],[-74.0162,-47.1774],[-73.9735,-47.255],[-73.9678,-47.2292],[-73.9896,-47.1674],[-74.0572,-47.1569],[-73.9473,-47.0476],[-73.949,-47.0156],[-74.0406,-46.9719],[-74.1186,-46.9881],[-74.1391,-46.9787],[-74.2086,-46.894],[-74.1813,-46.8694],[-74.1501,-46.8681],[-74.1261,-46.8285],[-74.1813,-46.8422],[-74.2217,-46.8694],[-74.2433,-46.8647],[-74.2655,-46.8307],[-74.2899,-46.8217],[-74.2651,-46.8048],[-74.2668,-46.7817],[-74.3102,-46.778],[-74.3276,-46.7582],[-74.3384,-46.7672],[-74.4414,-46.7672],[-74.5916,-46.7255],[-74.4777,-46.7724],[-74.5267,-46.8012],[-74.6266,-46.7786],[-74.6509,-46.7883],[-74.6488,-46.8293],[-74.6735,-46.8491],[-74.5509,-46.8354],[-74.4923,-46.8634],[-74.4346,-46.8559],[-74.4792,-46.9023],[-74.6183,-46.8761],[-74.681,-46.8839],[-74.7215,-46.84],[-74.7995,-46.8012],[-74.8153,-46.7685],[-74.838,-46.78],[-74.8564,-46.8139],[-74.9581,-46.7597],[-75.015,-46.7492],[-75.0162,-46.7193],[-75.0834,-46.6409],[-74.9962,-46.54],[-74.9416,-46.5168],[-74.9342,-46.4376],[-74.9646,-46.454],[-75.0141,-46.5201],[-75.0515,-46.5133],[-75.0751,-46.5584],[-75.1116,-46.5868],[-75.2017,-46.63],[-75.2079,-46.5951],[-75.2484,-46.6325],[-75.3389,-46.6437],[-75.3424,-46.6573],[-75.3961,-46.6523],[-75.4047,-46.6298],[-75.4149,-46.6327],[-75.4372,-46.6498],[-75.5751,-46.6879],[-75.5968,-46.7009],[-75.6064,-46.7324],[-75.661,-46.7672],[-75.6313,-46.7854],[-75.5406,-46.6982],[-75.4637,-46.6999],[-75.4225,-46.714],[-75.4261,-46.7267],[-75.4481,-46.7255],[-75.4488,-46.7565],[-75.4761,-46.774],[-75.3867,-46.78],[-75.3823,-46.8063],[-75.4339,-46.8634],[-75.3721,-46.8488],[-75.3463,-46.8668],[-75.3526,-46.9006],[-75.4106,-46.9316],[-75.5517,-46.9483],[-75.569,-46.9399],[-75.5853,-46.9036],[-75.6502,-46.8732],[-75.6539,-46.8334],[-75.707,-46.7866],[-75.7083,-46.6547],[-75.6361,-46.573],[-75.5171,-46.5543],[-75.5406,-46.5133],[-75.453,-46.5094],[-75.4339,-46.4784],[-75.373,-46.4716],[-75.4011,-46.4405],[-75.3453,-46.3948],[-75.2706,-46.3624],[-75.2387,-46.3757],[-75.2222,-46.404],[-75.1963,-46.2983],[-75.1783,-46.297],[-75.1532,-46.3243],[-75.1058,-46.3471],[-75.0565,-46.3578],[-75.0298,-46.342],[-75.1387,-46.3141],[-75.1228,-46.2796],[-75.0987,-46.2736],[-75.1163,-46.2496],[-75.0907,-46.2161],[-75.0298,-46.2122],[-74.9605,-46.2678],[-74.928,-46.2736],[-74.9615,-46.2302],[-74.9581,-46.2153],[-74.9242,-46.1877],[-74.91,-46.1502],[-74.8795,-46.1467],[-74.7772,-46.2122],[-74.7908,-46.1911],[-74.756,-46.178],[-74.8182,-46.1427],[-74.8212,-46.1122],[-74.7738,-46.0403],[-74.7015,-46.0329],[-74.7059,-46.0227],[-74.7379,-46.0231],[-74.7134,-45.9845],[-74.7287,-45.944],[-74.6909,-45.8416],[-74.6473,-45.8162],[-74.6068,-45.8459],[-74.56,-45.8263],[-74.544,-45.8743],[-74.5581,-45.9031],[-74.5154,-45.9042],[-74.5074,-45.9274],[-74.4718,-45.9238],[-74.4582,-45.9339],[-74.4549,-45.9553],[-74.4809,-46.0084],[-74.4647,-46.0221],[-74.3998,-45.9372],[-74.4637,-45.8658],[-74.4687,-45.8347],[-74.4346,-45.8416],[-74.4618,-45.815],[-74.3451,-45.7911],[-74.3136,-45.8331],[-74.2899,-45.815],[-74.1703,-45.7918],[-74.1031,-45.8368],[-74.1355,-45.8671],[-74.1928,-45.8819],[-74.1186,-45.8963],[-74.1459,-45.9304],[-74.0799,-45.9212],[-74.0592,-45.9299],[-74.064,-45.9645],[-74.0801,-45.9819],[-74.1671,-46.0055],[-74.1518,-46.0183],[-74.1016,-46.013],[-74.0839,-46.0297],[-74.0985,-46.0808],[-74.1671,-46.1364],[-74.0763,-46.0961],[-74.0564,-46.0279],[-74.0697,-45.9954],[-74.0435,-45.9788],[-74.03,-46.0084],[-73.982,-46.0297],[-73.9695,-46.061],[-73.9706,-46.0842],[-74.0213,-46.1482],[-74.1915,-46.2184],[-74.3384,-46.2525],[-74.4243,-46.2151],[-74.4892,-46.1638],[-74.4899,-46.1894],[-74.3878,-46.2507],[-74.3422,-46.2608],[-74.1898,-46.2423],[-74.0497,-46.1911],[-74.0435,-46.1979],[-74.0714,-46.2327],[-74.0389,-46.247],[-74.0417,-46.2708],[-74.0777,-46.322],[-74.0264,-46.2867],[-73.9415,-46.3049],[-73.8924,-46.3398],[-73.8449,-46.342],[-73.9452,-46.2657],[-73.9582,-46.2494],[-73.953,-46.2315],[-74.0162,-46.2184],[-74.0193,-46.2044],[-73.9986,-46.1674],[-73.9682,-46.1447],[-73.8818,-46.1418],[-73.8579,-46.1843],[-73.7698,-46.2346],[-73.7623,-46.2736],[-73.7942,-46.3616],[-73.8579,-46.4308],[-73.9125,-46.4688],[-73.9892,-46.5597],[-73.9245,-46.5969],[-73.8517,-46.5951],[-73.7821,-46.4948],[-73.7419,-46.5338],[-73.744,-46.4968],[-73.7655,-46.4863],[-73.7555,-46.4444],[-73.6723,-46.3596],[-73.5802,-46.3102],[-73.4886,-46.301],[-73.5505,-46.2956],[-73.5683,-46.2704],[-73.5239,-46.1752],[-73.5065,-46.1554],[-73.4744,-46.1502],[-73.4818,-46.1427],[-73.4237,-46.0714],[-73.3446,-46.0265],[-73.4303,-46.0297],[-73.4695,-46.0893],[-73.5763,-46.2018],[-73.6115,-46.2184],[-73.5998,-46.2468],[-73.6244,-46.2765],[-73.6879,-46.322],[-73.7015,-46.2936],[-73.6918,-46.2564],[-73.6664,-46.2263],[-73.6326,-46.2184],[-73.6481,-46.1948],[-73.619,-46.1023],[-73.6265,-46.0711],[-73.6497,-46.0505],[-73.6606,-45.9757],[-73.6219,-45.9504],[-73.6096,-45.9031],[-73.586,-45.8855],[-73.5228,-45.8757],[-73.5592,-45.8537],[-73.5602,-45.8298],[-73.4021,-45.7019],[-73.3563,-45.6881],[-73.1975,-45.6772],[-73.1858,-45.6625],[-73.2962,-45.6498],[-73.3273,-45.6191],[-73.4203,-45.6498],[-73.4897,-45.7267],[-73.5328,-45.7411],[-73.5655,-45.7765],[-73.5917,-45.7802],[-73.5653,-45.6326],[-73.5109,-45.4518],[-73.4459,-45.4135],[-73.4225,-45.4195],[-73.4061,-45.4513],[-73.3924,-45.3756],[-73.371,-45.3669],[-73.3236,-45.3959],[-73.3277,-45.3409],[-73.2264,-45.3009],[-73.1929,-45.3118],[-73.162,-45.3657],[-73.0879,-45.4067],[-73.0448,-45.4162],[-73.0143,-45.4448],[-72.8595,-45.4645],[-72.858,-45.4438],[-72.8306,-45.4181],[-72.8452,-45.3964],[-72.8743,-45.3862],[-72.9405,-45.4096],[-72.9815,-45.401],[-73.0791,-45.3548],[-73.2163,-45.2589],[-73.2567,-45.2482],[-73.3464,-45.2906],[-73.4481,-45.2795],[-73.4626,-45.2462],[-73.4501,-45.1995],[-73.3559,-45.1907],[-73.3044,-45.1448],[-73.3378,-45.1017],[-73.3371,-45.0831],[-73.3702,-45.0755],[-73.3992,-45.0434],[-73.3978,-44.9882],[-73.3483,-44.9578],[-73.2344,-44.9653],[-73.1801,-44.9441],[-73.1171,-44.9483],[-73.0071,-44.8655],[-72.9148,-44.8478],[-72.81,-44.7678],[-72.7663,-44.7507],[-72.7277,-44.7586],[-72.7072,-44.725],[-72.7315,-44.6742],[-72.7036,-44.6344],[-72.6798,-44.5436],[-72.598,-44.5053],[-72.6182,-44.4653],[-72.5911,-44.3408],[-72.6426,-44.4055],[-72.6664,-44.413],[-72.6625,-44.4401],[-72.6868,-44.4885],[-72.7219,-44.5014],[-72.7502,-44.449],[-72.9246,-44.3737],[-72.9337,-44.3647],[-72.9266,-44.3206],[-72.9399,-44.3067],[-73.1835,-44.2481],[-73.192,-44.2268],[-73.1392,-44.2105],[-73.1186,-44.1832],[-73.1281,-44.1458],[-73.1398,-44.1452],[-73.1533,-44.1773],[-73.1977,-44.1955],[-73.2451,-44.1944],[-73.2836,-44.1741],[-73.2869,-44.1235],[-73.2626,-44.1085],[-73.223,-44.127],[-73.2154,-44.068],[-73.1733,-44.0597],[-73.1528,-44.0876],[-73.1272,-44.0969],[-73.1161,-44.0857],[-73.1392,-43.9851],[-73.1204,-43.9521],[-73.0704,-43.9145],[-73.0127,-43.7721],[-72.9837,-43.8145],[-72.9673,-43.8201],[-72.8989,-43.777],[-72.8723,-43.7791],[-72.8568,-43.8085],[-72.8246,-43.8079],[-72.8496,-43.7592],[-72.8472,-43.6795],[-72.8859,-43.7512],[-72.9709,-43.7654],[-72.9887,-43.7419],[-73.0423,-43.7296],[-72.926,-43.6876],[-72.8757,-43.6959],[-72.8493,-43.6476],[-72.8254,-43.6365],[-72.7683,-43.7257],[-72.5617,-43.7773],[-72.5153,-43.7727],[-72.4207,-43.7343],[-72.3482,-43.733],[-72.2612,-43.7929],[-72.2704,-43.8315],[-72.1926,-43.8801],[-72.1295,-43.9463],[-71.9676,-43.9605],[-71.7964,-44.0],[-71.7453,-44.045]]],[[[-73.3825,-44.5878],[-73.3514,-44.6152],[-73.3105,-44.6015],[-73.2412,-44.6393],[-73.2262,-44.6205],[-73.2674,-44.586],[-73.2805,-44.5418],[-73.2367,-44.5356],[-73.149,-44.5717],[-73.1316,-44.5452],[-73.2416,-44.5121],[-73.2612,-44.4772],[-73.2462,-44.4372],[-73.2103,-44.4089],[-73.1671,-44.4091],[-73.1392,-44.4433],[-73.1345,-44.4339],[-73.0846,-44.4303],[-73.0362,-44.4848],[-73.0548,-44.4186],[-73.0908,-44.4023],[-73.0838,-44.3845],[-73.002,-44.3613],[-72.9535,-44.3945],[-72.9263,-44.4371],[-72.9809,-44.5121],[-72.9556,-44.5136],[-72.9058,-44.4527],[-72.8723,-44.4371],[-72.7689,-44.4666],[-72.7466,-44.5092],[-72.7212,-44.528],[-72.7452,-44.5695],[-72.8133,-44.6363],[-72.9008,-44.631],[-72.9809,-44.6015],[-72.9626,-44.6329],[-72.9023,-44.6616],[-72.8313,-44.6765],[-72.8376,-44.7101],[-73.1475,-44.9119],[-73.257,-44.94],[-73.2914,-44.9324],[-73.4076,-44.8224],[-73.3446,-44.8102],[-73.3075,-44.7859],[-73.2552,-44.8137],[-73.2074,-44.8001],[-73.2996,-44.7586],[-73.3588,-44.789],[-73.3934,-44.7887],[-73.4681,-44.6425],[-73.4272,-44.601],[-73.3825,-44.5878]]],[[[-75.1499,-48.6584],[-75.2245,-48.7065],[-75.2396,-48.7014],[-75.2529,-48.6656],[-75.2296,-48.6373],[-75.2662,-48.6415],[-75.2828,-48.6305],[-75.2706,-48.6105],[-75.3041,-48.5777],[-75.2932,-48.5411],[-75.3207,-48.4924],[-75.3099,-48.4614],[-75.2706,-48.4181],[-75.3253,-48.3942],[-75.3179,-48.3489],[-75.3284,-48.343],[-75.3802,-48.3903],[-75.4276,-48.3908],[-75.4866,-48.423],[-75.5373,-48.4158],[-75.5542,-48.3971],[-75.555,-48.3786],[-75.4056,-48.3444],[-75.3458,-48.3014],[-75.3638,-48.2953],[-75.4071,-48.3157],[-75.3942,-48.2741],[-75.4618,-48.3157],[-75.4822,-48.3014],[-75.5277,-48.3258],[-75.5438,-48.322],[-75.5543,-48.3077],[-75.5414,-48.282],[-75.4469,-48.2267],[-75.4339,-48.199],[-75.4961,-48.2272],[-75.5401,-48.2263],[-75.5325,-48.1943],[-75.5658,-48.1713],[-75.5853,-48.0857],[-75.5511,-48.0558],[-75.4751,-48.0263],[-75.4565,-48.0655],[-75.4062,-48.0192],[-75.351,-48.0045],[-75.3389,-48.0175],[-75.3491,-48.0592],[-75.3257,-48.1067],[-75.3048,-48.1028],[-75.2689,-48.1659],[-75.2899,-48.2155],[-75.2632,-48.2121],[-75.2706,-48.24],[-75.2484,-48.2519],[-75.2039,-48.3355],[-75.1648,-48.3696],[-75.1874,-48.4113],[-75.1518,-48.4089],[-75.0987,-48.4659],[-75.1499,-48.483],[-75.0834,-48.5077],[-75.0924,-48.5491],[-75.0714,-48.5963],[-75.1499,-48.6584]]],[[[-74.4991,-48.5832],[-74.4871,-48.5904],[-74.4853,-48.6262],[-74.5141,-48.6661],[-74.6073,-48.6939],[-74.7506,-48.6295],[-74.8175,-48.6364],[-74.9962,-48.6037],[-75.0331,-48.5045],[-75.0083,-48.4684],[-74.9456,-48.4176],[-74.8459,-48.3902],[-74.82,-48.4035],[-74.811,-48.4498],[-74.7816,-48.485],[-74.7509,-48.4848],[-74.7172,-48.4535],[-74.7134,-48.4382],[-74.7563,-48.425],[-74.8113,-48.3635],[-74.8136,-48.3425],[-74.7987,-48.2664],[-74.7629,-48.2121],[-74.7643,-48.1526],[-74.7377,-48.1257],[-74.7015,-48.1574],[-74.7034,-48.1949],[-74.7286,-48.2067],[-74.7083,-48.2335],[-74.6962,-48.2287],[-74.6726,-48.2509],[-74.68,-48.3034],[-74.6178,-48.3338],[-74.5848,-48.3766],[-74.5869,-48.4034],[-74.6735,-48.4181],[-74.618,-48.4421],[-74.6052,-48.4592],[-74.5994,-48.5637],[-74.5306,-48.6218],[-74.5265,-48.5834],[-74.4991,-48.5832]]],[[[-75.1608,-48.2984],[-75.1198,-48.261],[-75.1581,-48.2607],[-75.1744,-48.2294],[-75.2079,-48.2121],[-75.1874,-48.1853],[-75.2176,-48.1686],[-75.2188,-48.1403],[-75.2495,-48.1028],[-75.2563,-48.0686],[-75.1676,-48.0753],[-75.1435,-48.0945],[-75.0714,-48.1096],[-75.085,-48.0898],[-75.0175,-48.083],[-74.8278,-48.1455],[-74.8045,-48.1745],[-74.8105,-48.232],[-74.8349,-48.2493],[-74.8393,-48.2704],[-74.8413,-48.3593],[-74.8639,-48.3742],[-74.8932,-48.3703],[-75.0311,-48.4438],[-75.0568,-48.4327],[-75.0839,-48.3761],[-75.1608,-48.2984]]],[[[-73.7319,-45.2148],[-73.7422,-45.2356],[-73.7318,-45.2673],[-73.768,-45.2846],[-73.8428,-45.2397],[-73.9896,-45.2458],[-74.0841,-45.1401],[-74.105,-45.1359],[-74.1329,-45.1633],[-74.1689,-45.1417],[-74.1836,-45.1695],[-74.2055,-45.1694],[-74.2422,-45.1496],[-74.2501,-45.1096],[-74.2354,-45.0724],[-74.1739,-45.0261],[-74.0746,-45.0335],[-74.0329,-45.0192],[-73.9753,-45.0192],[-73.9147,-44.9953],[-73.8661,-44.9946],[-73.7781,-45.0388],[-73.7596,-45.0621],[-73.7698,-45.0776],[-73.7146,-45.1142],[-73.7008,-45.1606],[-73.7319,-45.2148]]],[[[-75.2706,-48.0278],[-75.2317,-48.0055],[-75.2232,-47.9926],[-75.2359,-47.9724],[-75.207,-47.9169],[-75.1678,-47.8936],[-75.0879,-47.8673],[-75.0082,-47.8682],[-74.9429,-47.8837],[-74.8728,-47.8155],[-74.8541,-47.8229],[-74.8314,-47.8108],[-74.7883,-47.8123],[-74.7657,-47.8842],[-74.813,-47.9389],[-74.7844,-47.9495],[-74.7772,-47.9706],[-74.7842,-47.9888],[-74.8349,-48.0079],[-74.7644,-48.0214],[-74.7274,-48.1059],[-74.7933,-48.078],[-75.0128,-48.0414],[-75.0335,-48.0312],[-75.0298,-47.9936],[-75.0524,-47.9863],[-75.1024,-47.9902],[-75.1499,-48.0243],[-75.1981,-48.04],[-75.2495,-48.0419],[-75.2706,-48.0278]]],[[[-73.9268,-44.6288],[-73.8759,-44.694],[-74.0118,-44.7165],[-74.2587,-44.8045],[-74.3205,-44.7898],[-74.3688,-44.7475],[-74.3729,-44.7253],[-74.3608,-44.7133],[-74.3179,-44.7045],[-74.4138,-44.686],[-74.4005,-44.6261],[-74.2974,-44.6288],[-74.3068,-44.6164],[-74.2672,-44.6031],[-74.0256,-44.6031],[-73.9268,-44.6288]]],[[[-74.4137,-47.9382],[-74.4615,-47.9363],[-74.5028,-47.9179],[-74.3964,-47.8395],[-74.3642,-47.8308],[-74.2489,-47.8769],[-74.3309,-47.8222],[-74.2899,-47.8074],[-73.9955,-47.8536],[-73.9076,-47.8839],[-73.8369,-47.8569],[-73.8089,-47.8874],[-73.8312,-47.9526],[-73.923,-47.9636],[-73.9343,-47.9382],[-73.9249,-47.9159],[-74.0245,-47.9539],[-74.1302,-47.947],[-74.3185,-47.9812],[-74.4137,-47.9382]]],[[[-74.7529,-45.8075],[-74.7211,-45.8098],[-74.7151,-45.8484],[-74.7452,-45.9],[-74.7808,-46.0115],[-74.8136,-46.0358],[-74.8521,-46.045],[-74.9197,-46.1042],[-74.9862,-46.1121],[-75.0743,-46.0938],[-75.1061,-46.0471],[-75.0844,-46.0268],[-74.9888,-46.0055],[-74.8905,-46.0162],[-74.8591,-45.9987],[-74.9137,-46.013],[-74.9827,-45.9788],[-75.0335,-45.9924],[-75.0788,-45.985],[-75.0298,-45.9645],[-75.0887,-45.9503],[-75.085,-45.9167],[-75.1129,-45.8857],[-75.1083,-45.8742],[-75.0544,-45.8635],[-74.9698,-45.8854],[-74.8835,-45.9294],[-74.8591,-45.9236],[-74.9705,-45.8629],[-74.9474,-45.8541],[-74.8894,-45.8819],[-74.8807,-45.8543],[-74.836,-45.8588],[-74.8319,-45.8075],[-74.7939,-45.8212],[-74.7529,-45.8075]]],[[[-75.3284,-48.5522],[-75.3177,-48.5895],[-75.3399,-48.6148],[-75.5062,-48.6948],[-75.5417,-48.7009],[-75.5884,-48.6944],[-75.6078,-48.6769],[-75.6066,-48.6611],[-75.4994,-48.6601],[-75.4525,-48.631],[-75.4407,-48.6105],[-75.5438,-48.6373],[-75.4891,-48.6037],[-75.5367,-48.6061],[-75.5989,-48.6373],[-75.6261,-48.632],[-75.6754,-48.5832],[-75.657,-48.5671],[-75.6558,-48.485],[-75.6271,-48.4811],[-75.6126,-48.4659],[-75.6224,-48.4457],[-75.6064,-48.4392],[-75.5644,-48.4504],[-75.5477,-48.4729],[-75.5243,-48.4719],[-75.4506,-48.4289],[-75.4386,-48.4285],[-75.4239,-48.4588],[-75.4066,-48.4304],[-75.3822,-48.4279],[-75.3788,-48.4601],[-75.3444,-48.4274],[-75.3406,-48.4584],[-75.3662,-48.5417],[-75.3284,-48.5522]]],[[[-74.5028,-45.7324],[-74.456,-45.6774],[-74.4481,-45.643],[-74.4923,-45.6124],[-74.4481,-45.5878],[-74.4654,-45.5724],[-74.4696,-45.5466],[-74.4639,-45.5183],[-74.4213,-45.4543],[-74.3719,-45.4513],[-74.2735,-45.4953],[-74.2486,-45.5356],[-74.2532,-45.5535],[-74.277,-45.5673],[-74.225,-45.5821],[-74.2217,-45.6015],[-74.2494,-45.6204],[-74.2899,-45.6225],[-74.2712,-45.6359],[-74.208,-45.6355],[-74.2418,-45.676],[-74.3588,-45.6977],[-74.3263,-45.7037],[-74.3309,-45.7249],[-74.4397,-45.777],[-74.4704,-45.775],[-74.5028,-45.7324]]],[[[-73.6662,-45.4369],[-73.6032,-45.4577],[-73.586,-45.4802],[-73.5842,-45.5126],[-73.5979,-45.5748],[-73.6228,-45.6189],[-73.6115,-45.6293],[-73.6467,-45.6349],[-73.6804,-45.6225],[-73.6632,-45.6547],[-73.6115,-45.6909],[-73.6299,-45.7376],[-73.6804,-45.7529],[-73.7214,-45.7052],[-73.8183,-45.6425],[-73.7419,-45.609],[-73.7862,-45.5699],[-73.7709,-45.512],[-73.7222,-45.4578],[-73.6662,-45.4369]]],[[[-74.2701,-44.9441],[-74.2114,-44.8858],[-74.1637,-44.8647],[-73.9866,-44.8977],[-73.9132,-44.9504],[-73.9857,-44.9851],[-74.064,-44.964],[-74.036,-44.9919],[-74.0658,-44.9988],[-74.1875,-44.9919],[-74.2801,-45.0274],[-74.3569,-45.0115],[-74.3636,-44.9972],[-74.3483,-44.9749],[-74.2701,-44.9441]]],[[[-73.8245,-45.2663],[-73.7921,-45.3023],[-73.7862,-45.3339],[-73.8279,-45.3476],[-74.0123,-45.3536],[-74.1295,-45.324],[-74.1671,-45.2526],[-74.1581,-45.2355],[-74.0704,-45.2043],[-74.0299,-45.2526],[-73.9861,-45.2708],[-73.8245,-45.2663]]],[[[-74.1439,-43.8276],[-74.1165,-43.8096],[-74.0452,-43.7961],[-73.9673,-43.8288],[-73.9132,-43.8132],[-73.921,-43.7992],[-73.8654,-43.7893],[-73.8651,-43.7626],[-73.7933,-43.829],[-73.7623,-43.8889],[-73.8722,-43.8889],[-73.9132,-43.8679],[-73.8654,-43.8473],[-73.9285,-43.8408],[-73.9753,-43.8679],[-73.9064,-43.9094],[-73.9957,-43.9367],[-74.0319,-43.893],[-74.0839,-43.902],[-74.1654,-43.8751],[-74.1662,-43.8538],[-74.1439,-43.8276]]],[[[-73.66,-44.6765],[-73.6147,-44.6769],[-73.5915,-44.7067],[-73.7525,-44.7414],[-73.8443,-44.6525],[-73.8312,-44.6425],[-73.8207,-44.6534],[-73.8214,-44.5787],[-73.7965,-44.5532],[-73.7345,-44.5517],[-73.6995,-44.5368],[-73.6799,-44.5449],[-73.6531,-44.5737],[-73.6736,-44.5737],[-73.6252,-44.622],[-73.6269,-44.6406],[-73.66,-44.6765]]],[[[-74.0714,-45.6909],[-74.1147,-45.5997],[-74.0504,-45.5446],[-74.0125,-45.5366],[-73.9102,-45.591],[-73.9006,-45.6284],[-73.9206,-45.6977],[-74.0001,-45.7216],[-74.0436,-45.7155],[-74.0714,-45.6909]]],[[[-75.1824,-47.8315],[-75.1916,-47.808],[-75.2662,-47.7761],[-75.3048,-47.7677],[-75.3425,-47.7829],[-75.334,-47.759],[-75.3559,-47.7361],[-75.3185,-47.7066],[-75.2948,-47.7032],[-75.2457,-47.7237],[-75.0916,-47.6805],[-75.0594,-47.7499],[-75.1232,-47.7819],[-75.0771,-47.7727],[-75.0237,-47.8033],[-75.0508,-47.8227],[-75.2273,-47.8547],[-75.1824,-47.8315]]],[[[-73.8859,-45.4711],[-73.825,-45.4521],[-73.817,-45.4748],[-73.8705,-45.5617],[-74.0297,-45.5173],[-74.1087,-45.54],[-74.1261,-45.5748],[-74.1426,-45.575],[-74.1329,-45.5195],[-74.064,-45.4233],[-73.9894,-45.4275],[-73.8859,-45.4711]]],[[[-74.5438,-48.322],[-74.5581,-48.2434],[-74.5219,-48.1945],[-74.5438,-48.199],[-74.5751,-48.2407],[-74.595,-48.2468],[-74.6037,-48.2354],[-74.5848,-48.1642],[-74.6052,-48.1574],[-74.5582,-48.1223],[-74.5028,-48.1437],[-74.4741,-48.1798],[-74.4096,-48.2131],[-74.3726,-48.2532],[-74.4039,-48.29],[-74.5194,-48.3332],[-74.5344,-48.3356],[-74.5438,-48.322]]],[[[-73.7251,-46.0505],[-73.6867,-46.0728],[-73.6841,-46.1054],[-73.7318,-46.1459],[-73.7454,-46.1872],[-73.7755,-46.1995],[-73.8085,-46.1911],[-73.8303,-46.1667],[-73.8097,-46.1381],[-73.9405,-46.0681],[-73.9193,-46.0276],[-73.8965,-46.0115],[-73.8374,-46.013],[-73.7794,-46.0471],[-73.7251,-46.0505]]],[[[-74.393,-44.547],[-74.5233,-44.5265],[-74.5477,-44.4767],[-74.5411,-44.4538],[-74.503,-44.4345],[-74.4388,-44.4391],[-74.4203,-44.4713],[-74.3483,-44.4023],[-74.3064,-44.3937],[-74.2595,-44.4129],[-74.2231,-44.4674],[-74.4203,-44.5053],[-74.393,-44.547]]],[[[-75.3389,-48.6242],[-75.3256,-48.634],[-75.345,-48.6503],[-75.3424,-48.6614],[-75.302,-48.6581],[-75.2904,-48.6782],[-75.297,-48.7271],[-75.3363,-48.7371],[-75.3769,-48.7265],[-75.3662,-48.6987],[-75.3842,-48.6965],[-75.4932,-48.7756],[-75.6126,-48.7949],[-75.6479,-48.7789],[-75.6536,-48.716],[-75.6418,-48.7013],[-75.5076,-48.7175],[-75.3389,-48.6242]]],[[[-74.0746,-47.0203],[-73.9753,-47.0476],[-74.0233,-47.0812],[-74.0674,-47.1375],[-74.1459,-47.1712],[-74.1829,-47.1598],[-74.1534,-47.1506],[-74.1671,-47.1359],[-74.2265,-47.122],[-74.2242,-47.0794],[-74.1774,-47.0165],[-74.1254,-47.0256],[-74.1112,-47.0539],[-74.0746,-47.0203]]],[[[-74.8182,-43.635],[-74.825,-43.5624],[-74.7844,-43.5753],[-74.7449,-43.5659],[-74.7379,-43.5302],[-74.6482,-43.554],[-74.5575,-43.6274],[-74.6727,-43.6394],[-74.7585,-43.6769],[-74.8182,-43.635]]],[[[-74.5544,-45.5748],[-74.5389,-45.5875],[-74.5727,-45.6541],[-74.5504,-45.6713],[-74.5839,-45.7353],[-74.6115,-45.7514],[-74.6857,-45.7433],[-74.7056,-45.7009],[-74.6797,-45.6207],[-74.6435,-45.5943],[-74.5544,-45.5748]]],[[[-74.4954,-48.3499],[-74.4582,-48.3408],[-74.3588,-48.3703],[-74.3952,-48.3302],[-74.3932,-48.3132],[-74.3577,-48.2875],[-74.3141,-48.2809],[-74.298,-48.288],[-74.3104,-48.3325],[-74.3023,-48.3634],[-74.2322,-48.4216],[-74.2233,-48.4449],[-74.2717,-48.4627],[-74.3391,-48.4229],[-74.4608,-48.3845],[-74.4954,-48.3499]]],[[[-73.7419,-45.7939],[-73.7163,-45.8122],[-73.6941,-45.8888],[-73.7897,-45.8757],[-73.8247,-45.9306],[-73.8449,-45.9236],[-73.8374,-45.944],[-73.8566,-45.9675],[-73.911,-45.9826],[-73.9343,-45.9719],[-73.9457,-45.9251],[-73.9114,-45.8753],[-73.8021,-45.8359],[-73.7419,-45.7939]]],[[[-73.9305,-44.7892],[-73.8859,-44.7654],[-73.8545,-44.7687],[-73.7623,-44.9299],[-73.8137,-44.9609],[-73.8397,-44.9586],[-73.8832,-44.9282],[-73.9237,-44.8927],[-73.9267,-44.8544],[-73.8579,-44.8957],[-73.8887,-44.8438],[-73.9391,-44.8129],[-73.9305,-44.7892]]],[[[-75.0915,-44.7961],[-75.0633,-44.8309],[-75.0217,-44.8437],[-75.0425,-44.8704],[-75.0313,-44.904],[-75.0852,-44.9234],[-75.1524,-44.9212],[-75.1647,-44.9138],[-75.1464,-44.8783],[-75.1983,-44.8072],[-75.1472,-44.7638],[-75.1132,-44.7665],[-75.0915,-44.7961]]],[[[-74.1087,-44.2275],[-74.1263,-44.2003],[-74.1105,-44.1891],[-74.0497,-44.1969],[-74.0729,-44.155],[-74.0643,-44.149],[-73.9842,-44.2079],[-73.9152,-44.2153],[-73.8936,-44.2394],[-74.0093,-44.2573],[-74.0138,-44.2853],[-73.9896,-44.3272],[-74.0179,-44.3277],[-74.0944,-44.2824],[-74.1087,-44.2275]]],[[[-74.3414,-45.3377],[-74.3104,-45.3893],[-74.378,-45.401],[-74.4892,-45.3551],[-74.5264,-45.3155],[-74.5258,-45.295],[-74.3893,-45.2817],[-74.3414,-45.3377]]],[[[-73.9268,-45.7454],[-73.9753,-45.7802],[-73.962,-45.7957],[-73.982,-45.8347],[-73.9678,-45.8583],[-73.9948,-45.9028],[-74.0156,-45.914],[-74.0687,-45.8386],[-74.064,-45.815],[-74.091,-45.8146],[-74.1024,-45.7888],[-74.0946,-45.7639],[-74.064,-45.7665],[-74.0597,-45.7444],[-74.0446,-45.7385],[-73.9268,-45.7454]]],[[[-73.2279,-44.0119],[-73.2751,-43.9941],[-73.2842,-43.9357],[-73.2175,-43.8881],[-73.1597,-43.8815],[-73.1408,-43.9036],[-73.1671,-43.9815],[-73.1516,-44.0158],[-73.187,-44.0265],[-73.2279,-44.0119]]],[[[-74.3414,-44.8063],[-74.3124,-44.8414],[-74.3935,-44.857],[-74.4694,-44.8268],[-74.5277,-44.7433],[-74.4908,-44.7197],[-74.4271,-44.7182],[-74.3988,-44.7877],[-74.3414,-44.8063]]],[[[-74.8852,-47.7121],[-74.8614,-47.7439],[-74.868,-47.7632],[-74.9577,-47.7748],[-75.0272,-47.7385],[-75.0544,-47.6896],[-75.0426,-47.6668],[-75.0004,-47.6622],[-74.904,-47.6859],[-74.8852,-47.7121]]],[[[-74.2735,-45.2079],[-74.2899,-45.2253],[-74.3075,-45.2945],[-74.3253,-45.3023],[-74.3932,-45.2682],[-74.4203,-45.2321],[-74.4083,-45.172],[-74.3876,-45.1552],[-74.3588,-45.1564],[-74.2735,-45.2079]]],[[[-74.4721,-48.456],[-74.5063,-48.4284],[-74.5102,-48.4083],[-74.4072,-48.4181],[-74.307,-48.4659],[-74.3031,-48.4799],[-74.4001,-48.5255],[-74.429,-48.5258],[-74.4721,-48.456]]],[[[-74.036,-44.4985],[-74.0589,-44.476],[-74.1437,-44.4581],[-74.1671,-44.4303],[-74.1139,-44.4534],[-74.0162,-44.4568],[-73.9715,-44.4713],[-73.9503,-44.499],[-73.9473,-44.5436],[-74.0707,-44.552],[-74.1265,-44.5343],[-74.1329,-44.519],[-74.036,-44.4985]]],[[[-74.1937,-44.4923],[-74.1544,-44.539],[-74.1329,-44.547],[-74.1542,-44.5597],[-74.3263,-44.5797],[-74.3689,-44.5411],[-74.3684,-44.5256],[-74.2943,-44.4994],[-74.2544,-44.506],[-74.1937,-44.4923]]],[[[-74.6499,-47.7977],[-74.5262,-47.8129],[-74.5247,-47.8684],[-74.594,-47.8644],[-74.6212,-47.8786],[-74.6213,-47.9211],[-74.644,-47.9231],[-74.6742,-47.8908],[-74.6892,-47.8341],[-74.6892,-47.8139],[-74.6499,-47.7977]]],[[[-73.745,-43.9535],[-73.7113,-43.9372],[-73.7019,-43.9444],[-73.7077,-43.964],[-73.6388,-44.0051],[-73.6555,-44.0374],[-73.6102,-44.0851],[-73.6334,-44.1238],[-73.6654,-44.1298],[-73.6719,-44.0807],[-73.7288,-44.0466],[-73.755,-43.9853],[-73.745,-43.9535]]],[[[-74.4687,-47.075],[-74.3567,-47.045],[-74.3247,-47.0539],[-74.3158,-47.0781],[-74.3309,-47.1023],[-74.4547,-47.1677],[-74.4715,-47.1594],[-74.4625,-47.1476],[-74.4922,-47.0989],[-74.4687,-47.075]]],[[[-74.4823,-44.6363],[-74.4559,-44.6588],[-74.469,-44.6972],[-74.5933,-44.6822],[-74.6387,-44.6894],[-74.6695,-44.6702],[-74.6673,-44.6562],[-74.6227,-44.622],[-74.4823,-44.6363]]],[[[-75.3231,-46.6851],[-75.174,-46.678],[-75.1462,-46.697],[-75.1218,-46.747],[-75.1322,-46.778],[-75.1618,-46.7816],[-75.207,-46.7518],[-75.2504,-46.7435],[-75.2661,-46.7244],[-75.3423,-46.7017],[-75.3231,-46.6851]]],[[[-74.0907,-48.4796],[-74.1791,-48.4431],[-74.2455,-48.3942],[-74.2508,-48.378],[-74.1937,-48.3635],[-74.0572,-48.4256],[-74.0542,-48.455],[-74.0686,-48.4797],[-74.0907,-48.4796]]],[[[-73.9616,-44.8102],[-73.9737,-44.8346],[-74.0033,-44.8478],[-74.0714,-44.8542],[-74.1875,-44.8063],[-73.9957,-44.7721],[-73.9635,-44.7805],[-73.9616,-44.8102]]],[[[-73.6047,-44.7449],[-73.6223,-44.7802],[-73.6134,-44.8127],[-73.6273,-44.8298],[-73.6773,-44.8403],[-73.7493,-44.8028],[-73.7555,-44.7796],[-73.7417,-44.7547],[-73.6896,-44.7532],[-73.633,-44.7315],[-73.6047,-44.7449]]],[[[-74.0299,-44.3546],[-73.9268,-44.3546],[-73.9289,-44.4312],[-73.9405,-44.4506],[-73.988,-44.419],[-74.0815,-44.384],[-74.1124,-44.3272],[-74.0914,-44.3202],[-74.0299,-44.3546]]],[[[-73.8828,-44.1183],[-73.8646,-44.1393],[-73.8797,-44.1559],[-73.8323,-44.1608],[-73.8463,-44.1902],[-73.9524,-44.1863],[-74.0162,-44.1428],[-73.9527,-44.1048],[-73.9176,-44.0984],[-73.8828,-44.1183]]],[[[-73.7077,-45.9236],[-73.706,-45.9716],[-73.6832,-46.0177],[-73.8195,-45.9987],[-73.8218,-45.9689],[-73.7721,-45.8987],[-73.7555,-45.8888],[-73.7481,-45.9236],[-73.7077,-45.9236]]],[[[-73.8245,-45.3959],[-73.8634,-45.4203],[-73.9217,-45.4304],[-74.0112,-45.4112],[-74.023,-45.3927],[-73.941,-45.3663],[-73.8282,-45.3723],[-73.8245,-45.3959]]],[[[-74.5544,-45.5468],[-74.571,-45.5397],[-74.5682,-45.5237],[-74.5198,-45.4441],[-74.4687,-45.4172],[-74.4457,-45.4282],[-74.4991,-45.5025],[-74.5013,-45.5881],[-74.5544,-45.5468]]],[[[-74.7772,-44.5812],[-74.7415,-44.5724],[-74.7325,-44.5932],[-74.7478,-44.6656],[-74.8039,-44.6738],[-74.8258,-44.631],[-74.8249,-44.5812],[-74.7982,-44.5488],[-74.783,-44.5551],[-74.7772,-44.5812]]],[[[-73.7897,-44.4228],[-73.7829,-44.443],[-73.7972,-44.4545],[-73.867,-44.4661],[-73.9041,-44.4449],[-73.911,-44.3967],[-73.8877,-44.3692],[-73.8654,-44.3749],[-73.838,-44.4129],[-73.7897,-44.4228]]],[[[-73.8654,-44.3341],[-73.9325,-44.3285],[-73.9626,-44.3139],[-73.9753,-44.2896],[-73.8511,-44.2963],[-73.8347,-44.2717],[-73.8057,-44.2664],[-73.7891,-44.3095],[-73.8075,-44.3251],[-73.8654,-44.3341]]],[[[-74.7908,-45.6325],[-74.7524,-45.6996],[-74.7971,-45.6975],[-74.8706,-45.6508],[-74.8793,-45.6246],[-74.8699,-45.6049],[-74.8391,-45.6018],[-74.798,-45.6144],[-74.7908,-45.6325]]],[[[-73.2628,-44.3884],[-73.2985,-44.3681],[-73.3027,-44.3497],[-73.29,-44.3272],[-73.249,-44.3067],[-73.2106,-44.3238],[-73.1772,-44.3678],[-73.2628,-44.3884]]],[[[-73.7265,-44.4251],[-73.7897,-44.3824],[-73.746,-44.3637],[-73.6541,-44.3508],[-73.66,-44.3855],[-73.7288,-44.3886],[-73.6805,-44.4075],[-73.6787,-44.4345],[-73.7265,-44.4251]]],[[[-74.3866,-44.2499],[-74.3036,-44.2582],[-74.29,-44.2973],[-74.2982,-44.3095],[-74.4099,-44.2844],[-74.4169,-44.2649],[-74.3866,-44.2499]]],[[[-74.277,-44.149],[-74.2582,-44.1731],[-74.3374,-44.1899],[-74.3856,-44.1596],[-74.3578,-44.1456],[-74.277,-44.149]]],[[[-73.7419,-44.2651],[-73.6757,-44.2413],[-73.6662,-44.2651],[-73.722,-44.3028],[-73.7574,-44.2824],[-73.7532,-44.2529],[-73.7419,-44.2651]]],[[[-74.2974,-44.0119],[-74.208,-44.0193],[-74.2983,-44.0319],[-74.3168,-44.0165],[-74.2974,-44.0119]]]]}},{"type":"Feature","id":"Biobio","properties":{"id":"Biobio","iso_code":"CL-BI","name":"Biobio","name_full":"Biobío","name_ja":"ビオビオ州","center_lonlat":[-72.4043,-37.4974]},"geometry":{"type":"MultiPolygon","coordinates":[[[[-71.0891,-37.1034],[-71.1393,-37.1333],[-71.1465,-37.2148],[-71.2056,-37.2927],[-71.1947,-37.3435],[-71.1177,-37.4665],[-71.1417,-37.5439],[-71.1279,-37.5844],[-71.1839,-37.6259],[-71.1923,-37.6609],[-71.185,-37.7061],[-71.1333,-37.8385],[-71.0949,-37.8974],[-71.0876,-37.9402],[-71.0074,-38.071],[-71.0235,-38.1046],[-71.0161,-38.1437],[-71.1498,-38.0836],[-71.3129,-38.0631],[-71.4041,-38.0977],[-71.4641,-38.1609],[-71.6121,-38.2153],[-71.6551,-38.2461],[-71.6933,-38.2172],[-71.715,-38.1321],[-71.7456,-38.1023],[-71.7445,-38.0891],[-71.7179,-38.0719],[-71.7206,-38.0571],[-71.788,-38.0344],[-71.8842,-38.0495],[-71.9798,-38.0036],[-72.0892,-38.0165],[-72.1551,-37.9535],[-72.2188,-37.9138],[-72.3772,-37.8536],[-72.4749,-37.7602],[-72.5056,-37.6795],[-72.6944,-37.6421],[-72.8353,-37.6332],[-72.8973,-37.6383],[-72.9729,-37.6645],[-73.0611,-37.6472],[-73.082,-37.6594],[-73.1119,-37.722],[-73.0632,-37.7713],[-73.0592,-37.8113],[-73.1307,-37.8931],[-73.1383,-37.9615],[-73.1666,-38.025],[-73.155,-38.0668],[-73.0973,-38.0993],[-73.0914,-38.1378],[-73.2121,-38.2797],[-73.2808,-38.3317],[-73.2914,-38.3749],[-73.267,-38.4486],[-73.2705,-38.4768],[-73.3058,-38.4815],[-73.3479,-38.4293],[-73.3642,-38.4254],[-73.5251,-38.4757],[-73.5419,-38.3992],[-73.531,-38.3321],[-73.5091,-38.3165],[-73.5199,-38.2577],[-73.4818,-38.218],[-73.463,-38.0512],[-73.5032,-37.9333],[-73.6221,-37.7587],[-73.6681,-37.7194],[-73.6662,-37.6628],[-73.6879,-37.6217],[-73.6851,-37.5984],[-73.6666,-37.5637],[-73.6041,-37.5124],[-73.5979,-37.4919],[-73.6115,-37.4127],[-73.6804,-37.3478],[-73.6463,-37.2687],[-73.6446,-37.2014],[-73.6204,-37.1663],[-73.5945,-37.1524],[-73.5025,-37.2078],[-73.4681,-37.2072],[-73.4607,-37.242],[-73.4285,-37.2271],[-73.4034,-37.2366],[-73.3199,-37.2236],[-73.237,-37.1915],[-73.2091,-37.1603],[-73.1733,-37.0763],[-73.1801,-36.9909],[-73.1569,-36.95],[-73.1454,-36.8339],[-73.1654,-36.7931],[-73.2074,-36.7753],[-73.1735,-36.7418],[-73.1597,-36.735],[-73.1493,-36.7468],[-73.1317,-36.7364],[-73.1265,-36.7184],[-73.1528,-36.707],[-73.1256,-36.6655],[-73.1329,-36.65],[-73.1186,-36.5971],[-73.0924,-36.6183],[-73.0909,-36.6874],[-73.0702,-36.7138],[-73.0174,-36.7193],[-72.988,-36.7026],[-72.9789,-36.6482],[-72.9595,-36.6207],[-72.9884,-36.5732],[-72.9862,-36.5214],[-72.9622,-36.5183],[-72.957,-36.5357],[-72.9322,-36.5236],[-72.8959,-36.4381],[-72.8685,-36.4583],[-72.8126,-36.4628],[-72.8005,-36.493],[-72.8235,-36.5266],[-72.7982,-36.606],[-72.7689,-36.6048],[-72.6204,-36.6982],[-72.6002,-36.724],[-72.5895,-36.8189],[-72.5565,-36.8476],[-72.5563,-36.8718],[-72.5609,-36.8867],[-72.5849,-36.8936],[-72.6485,-36.8871],[-72.6546,-36.9158],[-72.539,-36.9278],[-72.4411,-36.9121],[-72.3859,-36.9248],[-72.315,-36.9832],[-72.1919,-37.0332],[-72.1872,-37.0531],[-72.2594,-37.0981],[-72.2664,-37.174],[-72.2417,-37.191],[-72.1555,-37.1958],[-71.9237,-37.1736],[-71.7296,-37.1177],[-71.5723,-37.1309],[-71.5481,-37.1157],[-71.5191,-37.069],[-71.4513,-37.0366],[-71.3971,-37.0389],[-71.2998,-37.0937],[-71.2572,-37.1046],[-71.0891,-37.1034]]],[[[-73.5408,-36.9894],[-73.5231,-36.9753],[-73.5203,-37.0058],[-73.4465,-37.0592],[-73.493,-37.0418],[-73.5107,-37.0505],[-73.5189,-37.0799],[-73.5517,-37.0276],[-73.5408,-36.9894]]]]}},{"type":"Feature","id":"Coquimbo","properties":{"id":"Coquimbo","iso_code":"CL-CO","name":"Coquimbo","name_full":"Coquimbo","name_ja":"コキンボ州","center_lonlat":[-70.8872,-30.6355]},"geometry":{"type":"Polygon","coordinates":[[[-69.9294,-29.7179],[-69.9156,-29.8056],[-69.9222,-29.9396],[-69.9413,-30.0131],[-69.9804,-30.0725],[-69.9732,-30.0894],[-69.8807,-30.0998],[-69.8497,-30.1266],[-69.8358,-30.1619],[-69.849,-30.1991],[-69.8862,-30.221],[-69.9028,-30.3127],[-69.9646,-30.3748],[-70.0302,-30.3971],[-70.1469,-30.3539],[-70.1734,-30.3647],[-70.1439,-30.4396],[-70.1512,-30.4597],[-70.197,-30.4868],[-70.2171,-30.5151],[-70.2354,-30.5916],[-70.276,-30.6731],[-70.2762,-30.7256],[-70.3195,-30.8008],[-70.3392,-30.9382],[-70.3251,-30.9716],[-70.2666,-31.0365],[-70.3398,-31.0417],[-70.3809,-31.1216],[-70.4086,-31.15],[-70.4234,-31.1538],[-70.4356,-31.1414],[-70.4481,-31.0976],[-70.4798,-31.0967],[-70.5359,-31.1726],[-70.5468,-31.2645],[-70.569,-31.3042],[-70.5547,-31.3629],[-70.579,-31.432],[-70.5898,-31.5677],[-70.5272,-31.6843],[-70.4863,-31.7312],[-70.4752,-31.8201],[-70.4283,-31.8701],[-70.3133,-31.8821],[-70.2445,-31.9422],[-70.2417,-31.9615],[-70.2847,-32.0468],[-70.3733,-32.0304],[-70.3875,-32.0417],[-70.3612,-32.0858],[-70.3556,-32.1226],[-70.3352,-32.14],[-70.3455,-32.1747],[-70.3308,-32.2096],[-70.3815,-32.2204],[-70.4445,-32.2141],[-70.5105,-32.1425],[-70.6455,-32.0927],[-70.7212,-32.0305],[-70.7719,-32.0123],[-70.8351,-32.0163],[-70.9599,-31.9739],[-70.9869,-31.9872],[-71.0045,-32.0238],[-71.0454,-32.0307],[-71.1385,-31.9891],[-71.181,-31.9971],[-71.339,-32.0792],[-71.3975,-32.0605],[-71.4243,-32.0382],[-71.4484,-32.0432],[-71.5438,-32.193],[-71.5077,-31.9775],[-71.5279,-31.9166],[-71.5011,-31.8898],[-71.5396,-31.8377],[-71.515,-31.7755],[-71.5704,-31.5916],[-71.5694,-31.5192],[-71.6085,-31.4202],[-71.6471,-31.2021],[-71.6662,-31.1699],[-71.651,-31.0224],[-71.7073,-30.7795],[-71.699,-30.7089],[-71.7134,-30.6149],[-71.6949,-30.5449],[-71.7035,-30.5086],[-71.6768,-30.3425],[-71.6378,-30.2415],[-71.621,-30.2467],[-71.6088,-30.2752],[-71.5421,-30.2853],[-71.5061,-30.2719],[-71.5044,-30.2395],[-71.491,-30.2382],[-71.4459,-30.1624],[-71.4146,-30.1881],[-71.3988,-30.1767],[-71.3826,-30.1477],[-71.3765,-30.0789],[-71.4125,-29.9918],[-71.3586,-29.9616],[-71.3507,-29.9308],[-71.3197,-29.9433],[-71.2978,-29.9339],[-71.2826,-29.8801],[-71.2851,-29.8361],[-71.3194,-29.8],[-71.3359,-29.7281],[-71.3175,-29.6818],[-71.3231,-29.6559],[-71.2881,-29.6031],[-71.3234,-29.5678],[-71.336,-29.525],[-71.3088,-29.4089],[-71.336,-29.381],[-71.3609,-29.2956],[-71.4871,-29.2113],[-71.3924,-29.1845],[-71.3373,-29.1924],[-71.2642,-29.2302],[-71.1993,-29.3355],[-71.1169,-29.3358],[-71.0928,-29.374],[-71.0524,-29.3858],[-71.0078,-29.332],[-70.9747,-29.2066],[-70.7628,-29.1513],[-70.7389,-29.1246],[-70.7292,-29.0862],[-70.7081,-29.0709],[-70.6053,-29.0915],[-70.5738,-29.1171],[-70.5515,-29.1774],[-70.456,-29.5109],[-70.4235,-29.5541],[-70.3476,-29.6047],[-70.3022,-29.6756],[-70.0892,-29.747],[-70.0034,-29.7479],[-69.9294,-29.7179]]]}},{"type":"Feature","id":"Los Lagos","properties":{"id":"Los Lagos","iso_code":"CL-LL","name":"Los Lagos","name_full":"Los Lagos","name_ja":"ロス・ラゴス州","center_lonlat":[-72.681,-41.8928]},"geometry":{"type":"MultiPolygon","coordinates":[[[[-71.7453,-44.045],[-71.7964,-44.0],[-71.9676,-43.9605],[-72.1295,-43.9463],[-72.1926,-43.8801],[-72.2704,-43.8315],[-72.2612,-43.7929],[-72.3482,-43.733],[-72.4207,-43.7343],[-72.5153,-43.7727],[-72.5617,-43.7773],[-72.7683,-43.7257],[-72.8254,-43.6365],[-72.8493,-43.6476],[-72.8757,-43.6959],[-72.926,-43.6876],[-73.0423,-43.7296],[-73.0552,-43.7156],[-73.0436,-43.696],[-72.9879,-43.6664],[-72.973,-43.6214],[-72.9058,-43.6077],[-72.9171,-43.5886],[-73.026,-43.5867],[-73.1113,-43.461],[-73.0853,-43.3825],[-73.0846,-43.3163],[-73.0557,-43.2887],[-72.9122,-43.2354],[-72.9081,-43.1901],[-72.9344,-43.0982],[-72.8649,-43.0187],[-72.8251,-43.0075],[-72.8047,-43.0139],[-72.7899,-43.0545],[-72.7345,-43.0797],[-72.7611,-43.009],[-72.7471,-42.9098],[-72.8422,-42.8381],[-72.8649,-42.7512],[-72.8649,-42.6965],[-72.8356,-42.6881],[-72.8238,-42.6653],[-72.8649,-42.6209],[-72.8568,-42.5559],[-72.8238,-42.5042],[-72.7536,-42.4919],[-72.6798,-42.5042],[-72.5797,-42.5613],[-72.5394,-42.5583],[-72.5585,-42.5248],[-72.6785,-42.4784],[-72.7178,-42.4325],[-72.7214,-42.3881],[-72.7624,-42.3813],[-72.7928,-42.3056],[-72.8341,-42.3029],[-72.8463,-42.2949],[-72.8437,-42.2783],[-72.8097,-42.2433],[-72.7659,-42.227],[-72.673,-42.2094],[-72.6199,-42.1847],[-72.5722,-42.1906],[-72.4562,-42.4409],[-72.426,-42.463],[-72.4198,-42.4396],[-72.4403,-42.3541],[-72.4813,-42.2885],[-72.4735,-42.2698],[-72.4123,-42.2374],[-72.46,-42.2343],[-72.4813,-42.1992],[-72.4769,-42.1738],[-72.426,-42.1472],[-72.488,-42.1275],[-72.488,-42.0647],[-72.4643,-41.9762],[-72.5172,-41.9509],[-72.5806,-42.0312],[-72.6178,-42.0312],[-72.633,-42.0095],[-72.6547,-42.0206],[-72.6867,-41.9972],[-72.7101,-42.0156],[-72.7373,-42.0139],[-72.8267,-41.9723],[-72.8437,-41.9418],[-72.8886,-41.9108],[-72.817,-41.8742],[-72.8092,-41.8451],[-72.6451,-41.7228],[-72.5695,-41.7306],[-72.5343,-41.7136],[-72.4949,-41.7166],[-72.4247,-41.6964],[-72.3509,-41.6482],[-72.3031,-41.6482],[-72.3434,-41.613],[-72.3236,-41.5383],[-72.3031,-41.5241],[-72.3304,-41.4832],[-72.2999,-41.4052],[-72.3031,-41.3808],[-72.3214,-41.3674],[-72.3392,-41.3715],[-72.3441,-41.3868],[-72.3236,-41.408],[-72.3509,-41.4558],[-72.3727,-41.5901],[-72.4161,-41.6583],[-72.5328,-41.6855],[-72.5724,-41.7067],[-72.6094,-41.7067],[-72.6697,-41.6824],[-72.6935,-41.613],[-72.7279,-41.5904],[-72.7589,-41.5439],[-72.8431,-41.4997],[-72.8856,-41.5117],[-72.9474,-41.4832],[-72.978,-41.5157],[-73.0221,-41.5147],[-73.0359,-41.5292],[-73.0356,-41.5568],[-73.1041,-41.5766],[-73.1119,-41.5862],[-73.0908,-41.6067],[-73.0983,-41.6203],[-73.0745,-41.6368],[-73.0771,-41.6651],[-73.0592,-41.6974],[-73.0997,-41.7105],[-73.1417,-41.7548],[-73.1733,-41.7507],[-73.2014,-41.7848],[-73.4272,-41.778],[-73.4129,-41.7985],[-73.4949,-41.8059],[-73.66,-41.7575],[-73.7599,-41.7488],[-73.7283,-41.7265],[-73.7001,-41.6818],[-73.6966,-41.6371],[-73.6689,-41.6166],[-73.5548,-41.6085],[-73.4949,-41.5104],[-73.5716,-41.5901],[-73.6152,-41.5999],[-73.66,-41.5862],[-73.7135,-41.5891],[-73.775,-41.5603],[-73.7982,-41.5657],[-73.8103,-41.5457],[-73.8015,-41.5234],[-73.8417,-41.4668],[-73.8538,-41.4221],[-73.8412,-41.3328],[-73.8548,-41.279],[-73.9197,-41.1527],[-73.9175,-41.1161],[-73.9317,-41.0949],[-73.9469,-40.9728],[-73.8546,-40.9162],[-73.8932,-40.8638],[-73.8708,-40.8205],[-73.8622,-40.7647],[-73.8089,-40.706],[-73.8415,-40.6667],[-73.821,-40.641],[-73.7607,-40.6078],[-73.7285,-40.5442],[-73.7828,-40.4246],[-73.7623,-40.3902],[-73.7486,-40.273],[-73.6677,-40.296],[-73.4509,-40.296],[-73.1999,-40.353],[-73.0616,-40.3416],[-72.9929,-40.353],[-72.9488,-40.3987],[-72.9103,-40.4943],[-72.8863,-40.5223],[-72.7206,-40.6183],[-72.6343,-40.6529],[-72.5267,-40.6726],[-72.2642,-40.6711],[-72.0114,-40.6513],[-71.8926,-40.5935],[-71.8606,-40.5594],[-71.8477,-40.5796],[-71.8531,-40.6164],[-71.9556,-40.7204],[-71.9107,-40.8501],[-71.8514,-40.9383],[-71.8677,-40.999],[-71.854,-41.0789],[-71.8713,-41.1667],[-71.8894,-41.1798],[-71.8734,-41.2492],[-71.904,-41.3677],[-71.8798,-41.4367],[-71.8881,-41.5128],[-71.8533,-41.5673],[-71.926,-41.6229],[-71.9259,-41.653],[-71.869,-41.7155],[-71.8569,-41.7861],[-71.794,-41.8675],[-71.7744,-41.9392],[-71.7807,-41.9864],[-71.7396,-42.0319],[-71.7363,-42.0839],[-71.7731,-42.12],[-71.8843,-42.1442],[-71.9238,-42.1769],[-71.948,-42.1673],[-71.9775,-42.1253],[-72.0098,-42.1247],[-72.0399,-42.1447],[-72.0589,-42.1976],[-72.1247,-42.2633],[-72.1337,-42.2876],[-72.1216,-42.313],[-72.0607,-42.3689],[-72.0752,-42.4338],[-72.0392,-42.4812],[-72.1226,-42.5299],[-72.1432,-42.5571],[-72.1484,-42.5926],[-72.1316,-42.6241],[-72.1415,-42.6557],[-72.1213,-42.7197],[-72.1127,-42.8638],[-72.1485,-42.9987],[-72.1293,-43.0422],[-72.0544,-43.1054],[-72.0098,-43.1204],[-71.8619,-43.1332],[-71.7702,-43.1614],[-71.743,-43.1901],[-71.7577,-43.2254],[-71.7507,-43.2953],[-71.7609,-43.3069],[-71.8051,-43.3],[-71.9017,-43.322],[-71.9123,-43.3678],[-71.941,-43.3918],[-71.9368,-43.4267],[-71.9551,-43.4435],[-71.9373,-43.4569],[-71.9062,-43.4492],[-71.8688,-43.4626],[-71.8586,-43.4986],[-71.8815,-43.5245],[-71.8738,-43.5389],[-71.8007,-43.5442],[-71.7143,-43.6022],[-71.7092,-43.6844],[-71.8032,-43.726],[-71.8192,-43.7581],[-71.8155,-43.7744],[-71.7971,-43.7808],[-71.755,-43.7714],[-71.7618,-43.8284],[-71.7287,-43.8462],[-71.6599,-43.9263],[-71.6696,-43.9598],[-71.7453,-44.045]]],[[[-74.3346,-43.2817],[-74.3633,-43.2917],[-74.401,-43.2604],[-74.4072,-43.2379],[-74.3755,-43.217],[-74.3538,-43.1531],[-74.3117,-43.1375],[-74.3079,-43.1248],[-74.3384,-43.1],[-74.3179,-43.0721],[-74.2801,-43.0685],[-74.2295,-43.0229],[-74.2282,-43.0101],[-74.2557,-42.9909],[-74.2117,-42.9636],[-74.2322,-42.9167],[-74.1825,-42.9035],[-74.1674,-42.8825],[-74.1621,-42.8406],[-74.1721,-42.8287],[-74.1569,-42.8041],[-74.1704,-42.7667],[-74.1465,-42.7476],[-74.1614,-42.7184],[-74.1314,-42.693],[-74.1284,-42.6411],[-74.1443,-42.5782],[-74.1671,-42.5281],[-74.1937,-42.5142],[-74.183,-42.4834],[-74.1896,-42.4319],[-74.1432,-42.3186],[-74.1688,-42.2653],[-74.1595,-42.2413],[-74.1471,-42.2165],[-74.0533,-42.1303],[-74.064,-42.0895],[-74.0453,-42.0578],[-74.0553,-41.945],[-74.0124,-41.9078],[-74.0088,-41.8879],[-74.0306,-41.8531],[-74.0568,-41.843],[-74.064,-41.8059],[-74.036,-41.7712],[-73.9499,-41.8122],[-73.9343,-41.7848],[-73.9171,-41.7826],[-73.8902,-41.8051],[-73.8961,-41.8427],[-73.9831,-41.8209],[-74.0026,-41.8264],[-74.0062,-41.8451],[-73.9836,-41.8665],[-73.866,-41.8923],[-73.8461,-41.8874],[-73.8258,-41.8569],[-73.7698,-41.9015],[-73.7603,-41.8963],[-73.7774,-41.8581],[-73.691,-41.809],[-73.6347,-41.8329],[-73.6061,-41.8004],[-73.5649,-41.8049],[-73.537,-41.84],[-73.5195,-41.8331],[-73.5023,-41.8469],[-73.5477,-41.87],[-73.5303,-41.9069],[-73.5408,-41.9288],[-73.5705,-41.9288],[-73.5784,-41.9455],[-73.5333,-41.9661],[-73.4969,-42.0172],[-73.4565,-42.0444],[-73.447,-42.0797],[-73.5023,-42.1166],[-73.4891,-42.1456],[-73.3862,-42.1957],[-73.3998,-42.2162],[-73.3756,-42.24],[-73.3788,-42.2783],[-73.3961,-42.309],[-73.4334,-42.2994],[-73.5091,-42.3261],[-73.5917,-42.3261],[-73.6662,-42.3541],[-73.6815,-42.37],[-73.6736,-42.408],[-73.6885,-42.4527],[-73.6656,-42.4828],[-73.6115,-42.5117],[-73.7077,-42.5383],[-73.7537,-42.5336],[-73.7897,-42.5042],[-73.7694,-42.487],[-73.7555,-42.4631],[-73.7623,-42.4571],[-73.8026,-42.478],[-73.8245,-42.5144],[-73.7965,-42.5418],[-73.817,-42.5867],[-73.8092,-42.6087],[-73.7353,-42.6583],[-73.6978,-42.6618],[-73.6324,-42.7407],[-73.5167,-42.7892],[-73.4919,-42.8186],[-73.4943,-42.8668],[-73.5095,-42.8777],[-73.5719,-42.88],[-73.6115,-42.8674],[-73.6221,-42.8863],[-73.7077,-42.8674],[-73.6463,-42.9055],[-73.6531,-42.9362],[-73.6288,-42.9441],[-73.6218,-42.962],[-73.5774,-42.9658],[-73.5228,-43.0529],[-73.5876,-43.0343],[-73.6088,-43.0356],[-73.6117,-43.0495],[-73.5682,-43.0537],[-73.4901,-43.1],[-73.5023,-43.128],[-73.5243,-43.131],[-73.588,-43.1069],[-73.7214,-43.1417],[-73.7385,-43.1069],[-73.7757,-43.1181],[-73.7457,-43.1704],[-73.7546,-43.2093],[-73.745,-43.227],[-73.666,-43.2944],[-73.6658,-43.3098],[-73.6802,-43.3172],[-73.7315,-43.3167],[-73.6716,-43.3511],[-73.669,-43.3638],[-73.6817,-43.3811],[-73.7311,-43.3926],[-73.8,-43.3598],[-73.8005,-43.4094],[-73.8277,-43.4019],[-73.8475,-43.4235],[-73.877,-43.422],[-73.9295,-43.3649],[-73.9731,-43.3694],[-73.9918,-43.3883],[-74.0262,-43.3645],[-74.0534,-43.3629],[-74.0792,-43.3768],[-74.0849,-43.4016],[-74.13,-43.3569],[-74.2934,-43.32],[-74.3346,-43.2817]]],[[[-73.4123,-42.5256],[-73.4194,-42.5642],[-73.4796,-42.4953],[-73.6127,-42.4518],[-73.6516,-42.3865],[-73.6463,-42.3738],[-73.5432,-42.3792],[-73.519,-42.4257],[-73.4123,-42.5256]]],[[[-72.5427,-42.141],[-72.6178,-42.1036],[-72.5942,-42.0715],[-72.5597,-42.0517],[-72.5299,-42.0536],[-72.5093,-42.0733],[-72.508,-42.1389],[-72.5182,-42.1506],[-72.5427,-42.141]]],[[[-73.6115,-42.9362],[-73.5884,-42.9135],[-73.5528,-42.9186],[-73.4206,-42.9557],[-73.3651,-42.9908],[-73.4501,-42.9937],[-73.5026,-42.961],[-73.6115,-42.9362]]],[[[-73.6047,-42.5793],[-73.6072,-42.6374],[-73.6168,-42.6388],[-73.6724,-42.6227],[-73.7214,-42.6345],[-73.755,-42.5988],[-73.6631,-42.5867],[-73.621,-42.568],[-73.6047,-42.5793]]],[[[-73.0876,-41.8434],[-73.0702,-41.8121],[-73.0858,-41.7478],[-73.0669,-41.737],[-73.003,-41.8443],[-73.0096,-41.8577],[-73.0362,-41.8605],[-73.0876,-41.8434]]],[[[-73.0092,-42.6953],[-72.9958,-42.6999],[-72.9817,-42.7339],[-72.9583,-42.7372],[-72.9439,-42.7162],[-72.9304,-42.7233],[-72.9188,-42.7865],[-72.9565,-42.8078],[-73.0336,-42.7139],[-73.0307,-42.6968],[-73.0092,-42.6953]]],[[[-73.0876,-42.2475],[-73.0723,-42.2669],[-73.0732,-42.289],[-73.1416,-42.3137],[-73.182,-42.283],[-73.1939,-42.2491],[-73.1767,-42.2501],[-73.1454,-42.2783],[-73.1061,-42.241],[-73.0876,-42.2475]]],[[[-73.6911,-43.1882],[-73.6564,-43.196],[-73.647,-43.2292],[-73.6612,-43.2448],[-73.7185,-43.216],[-73.7267,-43.1917],[-73.7146,-43.1802],[-73.6911,-43.1882]]],[[[-73.3073,-42.6273],[-73.241,-42.6314],[-73.239,-42.6508],[-73.2952,-42.654],[-73.3569,-42.629],[-73.3439,-42.6204],[-73.3073,-42.6273]]],[[[-74.2534,-43.3504],[-74.2516,-43.3887],[-74.2307,-43.4134],[-74.2573,-43.4275],[-74.284,-43.4178],[-74.2741,-43.3612],[-74.2534,-43.3504]]]]}},{"type":"Feature","id":"Los Rios","properties":{"id":"Los Rios","iso_code":"CL-LR","name":"Los Rios","name_full":"Los Ríos","name_ja":"ロス・リオス州","center_lonlat":[-72.6086,-40.0668]},"geometry":{"type":"Polygon","coordinates":[[[-71.6411,-39.6],[-71.6774,-39.5685],[-71.7054,-39.5836],[-71.7161,-39.6448],[-71.694,-39.6735],[-71.7144,-39.7263],[-71.6794,-39.8479],[-71.6166,-39.9099],[-71.6805,-40.0095],[-71.6709,-40.0608],[-71.6837,-40.099],[-71.7668,-40.0769],[-71.8007,-40.0797],[-71.814,-40.0929],[-71.8029,-40.1161],[-71.8238,-40.2101],[-71.7427,-40.2965],[-71.7055,-40.2819],[-71.6867,-40.2885],[-71.674,-40.3241],[-71.7293,-40.4214],[-71.7964,-40.4145],[-71.8606,-40.5594],[-71.8926,-40.5935],[-72.0114,-40.6513],[-72.2642,-40.6711],[-72.5267,-40.6726],[-72.6343,-40.6529],[-72.7206,-40.6183],[-72.8863,-40.5223],[-72.9103,-40.4943],[-72.9488,-40.3987],[-72.9929,-40.353],[-73.0616,-40.3416],[-73.1999,-40.353],[-73.4509,-40.296],[-73.6677,-40.296],[-73.7486,-40.273],[-73.7214,-40.2089],[-73.735,-40.1747],[-73.6978,-40.1264],[-73.6742,-40.1251],[-73.66,-40.1096],[-73.6736,-40.0309],[-73.7112,-39.9687],[-73.6736,-39.9345],[-73.6326,-39.9345],[-73.5828,-39.9047],[-73.5171,-39.8876],[-73.4584,-39.8338],[-73.4162,-39.8434],[-73.404,-39.8954],[-73.3933,-39.9089],[-73.3788,-39.9005],[-73.3757,-39.8577],[-73.4019,-39.8041],[-73.3788,-39.7428],[-73.4061,-39.6949],[-73.3961,-39.6779],[-73.3463,-39.6559],[-73.3583,-39.6471],[-73.298,-39.5827],[-73.2828,-39.5388],[-73.2416,-39.4895],[-73.25,-39.4503],[-73.2245,-39.4173],[-73.2467,-39.3859],[-73.1425,-39.3909],[-73.0353,-39.3643],[-72.9569,-39.3798],[-72.9426,-39.4075],[-72.9762,-39.5608],[-72.9662,-39.5892],[-72.7887,-39.5848],[-72.5453,-39.6232],[-72.4335,-39.6728],[-72.3738,-39.733],[-72.2901,-39.7136],[-72.1926,-39.7472],[-72.0673,-39.7451],[-71.992,-39.7297],[-71.9369,-39.69],[-71.7985,-39.4663],[-71.7702,-39.4554],[-71.7311,-39.4612],[-71.6809,-39.496],[-71.6552,-39.5362],[-71.6411,-39.6]]]}},{"type":"Feature","id":"Magellan and the Chilean Antarctic","properties":{"id":"Magellan and the Chilean Antarctic","iso_code":"CL-MA","name":"Magellan and the Chilean Antarctic","name_full":"Magellan and the Chilean Antarctic","name_ja":"マガジャネス・イ・デ・ラ・アンタルティカ・チレーナ州","center_lonlat":[-72.4688,-51.7387]},"geometry":{"type":"MultiPolygon","coordinates":[[[[-73.1704,-49.2509],[-73.0982,-49.2728],[-73.1413,-49.2856],[-73.145,-49.3037],[-73.4579,-49.3077],[-73.4711,-49.3172],[-73.4667,-49.3876],[-73.5404,-49.4278],[-73.5511,-49.444],[-73.5426,-49.491],[-73.5866,-49.53],[-73.5756,-49.5592],[-73.5211,-49.609],[-73.5182,-49.6285],[-73.5464,-49.6768],[-73.5395,-49.6927],[-73.4651,-49.76],[-73.463,-49.7871],[-73.5345,-49.8476],[-73.5419,-49.8945],[-73.5727,-49.9324],[-73.5002,-49.9787],[-73.4786,-50.0095],[-73.5315,-50.0831],[-73.5415,-50.1137],[-73.5306,-50.1408],[-73.3463,-50.2437],[-73.3014,-50.2996],[-73.2742,-50.3645],[-73.2576,-50.573],[-73.1922,-50.6414],[-73.1777,-50.7495],[-73.1395,-50.7702],[-73.0517,-50.7578],[-72.9029,-50.6666],[-72.7784,-50.6196],[-72.7335,-50.6243],[-72.6626,-50.6678],[-72.6181,-50.6668],[-72.5491,-50.6151],[-72.506,-50.6013],[-72.3834,-50.6203],[-72.3028,-50.6489],[-72.3474,-50.7432],[-72.2635,-50.8363],[-72.2659,-50.9607],[-72.2934,-51.0292],[-72.3386,-51.037],[-72.4046,-51.1058],[-72.3822,-51.1606],[-72.274,-51.2168],[-72.2588,-51.2452],[-72.3205,-51.3126],[-72.3236,-51.3908],[-72.3517,-51.4404],[-72.3512,-51.476],[-72.4501,-51.5527],[-72.4291,-51.576],[-72.3515,-51.5835],[-72.3309,-51.5994],[-72.3007,-51.6915],[-72.1421,-51.7394],[-71.9817,-51.8449],[-71.9485,-51.896],[-71.9652,-51.9706],[-71.9177,-51.9901],[-69.9528,-52.0074],[-69.4853,-52.1325],[-69.2123,-52.138],[-69.0076,-52.1791],[-68.8205,-52.2432],[-68.6217,-52.2636],[-68.4545,-52.2999],[-68.4486,-52.3466],[-68.4717,-52.3372],[-68.5655,-52.3409],[-68.7128,-52.3069],[-68.8985,-52.3035],[-69.0081,-52.2673],[-69.1301,-52.2081],[-69.2347,-52.2031],[-69.3462,-52.2446],[-69.442,-52.2521],[-69.4709,-52.2727],[-69.4969,-52.3853],[-69.5453,-52.3993],[-69.5749,-52.468],[-69.6724,-52.5309],[-69.7798,-52.5226],[-69.8466,-52.4865],[-69.9457,-52.5311],[-70.152,-52.5865],[-70.1994,-52.6217],[-70.2077,-52.651],[-70.3218,-52.6381],[-70.333,-52.6601],[-70.3661,-52.6555],[-70.5177,-52.7233],[-70.5482,-52.7227],[-70.5498,-52.7027],[-70.5018,-52.6775],[-70.506,-52.6613],[-70.5259,-52.6599],[-70.583,-52.672],[-70.5922,-52.688],[-70.5696,-52.7025],[-70.5868,-52.7143],[-70.6332,-52.7084],[-70.6982,-52.7394],[-70.7164,-52.7371],[-70.7235,-52.7043],[-70.734,-52.7014],[-70.7644,-52.7214],[-70.8638,-52.7214],[-70.8568,-52.734],[-70.8023,-52.7493],[-70.7915,-52.7761],[-70.7388,-52.7839],[-70.8121,-52.8214],[-70.8412,-52.9034],[-70.8782,-52.9014],[-70.8892,-52.9136],[-70.8105,-52.9272],[-70.8092,-52.9616],[-70.8169,-52.9924],[-70.8661,-53.0497],[-70.8871,-53.1139],[-70.9506,-53.1975],[-70.9637,-53.3268],[-70.9927,-53.383],[-70.9935,-53.427],[-70.9394,-53.5922],[-70.9456,-53.6388],[-70.9795,-53.6793],[-70.9736,-53.756],[-70.9958,-53.7873],[-71.0343,-53.8097],[-71.285,-53.886],[-71.336,-53.8796],[-71.4798,-53.8294],[-71.6446,-53.8237],[-71.8651,-53.7332],[-71.8744,-53.6965],[-71.8916,-53.694],[-71.9294,-53.7288],[-72.0015,-53.6741],[-72.0425,-53.7068],[-72.1039,-53.6891],[-72.2283,-53.6004],[-72.2841,-53.5812],[-72.2969,-53.5512],[-72.3981,-53.4789],[-72.4533,-53.4073],[-72.4449,-53.3859],[-72.4065,-53.3616],[-72.4235,-53.3318],[-72.4123,-53.311],[-72.2823,-53.2428],[-72.1146,-53.2568],[-72.0972,-53.2678],[-72.0804,-53.329],[-72.0834,-53.3725],[-72.0996,-53.3901],[-72.1357,-53.3713],[-72.1687,-53.4116],[-72.2417,-53.4345],[-72.2114,-53.442],[-72.0925,-53.4226],[-72.0489,-53.3898],[-72.0151,-53.393],[-72.0045,-53.3503],[-72.0217,-53.2473],[-71.9809,-53.2223],[-71.9258,-53.2353],[-71.8556,-53.2254],[-71.835,-53.252],[-71.8165,-53.3625],[-71.7884,-53.419],[-71.7892,-53.4413],[-71.8547,-53.4843],[-71.9938,-53.5222],[-72.008,-53.5543],[-71.9844,-53.5649],[-71.8984,-53.5307],[-71.8142,-53.5207],[-71.7545,-53.4625],[-71.7755,-53.3417],[-71.7424,-53.2234],[-71.63,-53.198],[-71.5847,-53.1669],[-71.4798,-53.1355],[-71.4049,-53.1329],[-71.3602,-53.1161],[-71.2617,-53.026],[-71.2349,-52.9558],[-71.1986,-52.9239],[-71.1725,-52.9307],[-71.1188,-52.9196],[-71.1205,-52.8803],[-71.1693,-52.8128],[-71.2102,-52.8155],[-71.2492,-52.7888],[-71.3521,-52.8071],[-71.3988,-52.7282],[-71.3986,-52.8317],[-71.484,-52.8249],[-71.5772,-52.89],[-71.612,-52.8927],[-71.6422,-52.9164],[-71.9062,-53.0109],[-72.022,-53.1254],[-72.1171,-53.1286],[-72.215,-53.0488],[-72.286,-53.0299],[-72.3136,-53.0334],[-72.269,-53.0715],[-72.38,-53.0504],[-72.4948,-53.0559],[-72.5631,-53.0789],[-72.5428,-53.0855],[-72.4744,-53.0715],[-72.4127,-53.0854],[-72.3671,-53.0681],[-72.3216,-53.1321],[-72.2271,-53.1502],[-72.1914,-53.1806],[-72.2063,-53.2011],[-72.2535,-53.2068],[-72.2987,-53.1825],[-72.3646,-53.1808],[-72.3158,-53.2067],[-72.3276,-53.2213],[-72.3646,-53.2223],[-72.488,-53.1876],[-72.4353,-53.2164],[-72.4403,-53.2284],[-72.462,-53.2299],[-72.5154,-53.1943],[-72.5382,-53.1974],[-72.5216,-53.2195],[-72.4266,-53.2423],[-72.4123,-53.2564],[-72.447,-53.2819],[-72.517,-53.2619],[-72.5359,-53.2701],[-72.5038,-53.3139],[-72.5048,-53.3437],[-72.5222,-53.3663],[-72.5583,-53.3746],[-72.5935,-53.364],[-72.6451,-53.3178],[-72.6515,-53.3408],[-72.6373,-53.3585],[-72.5592,-53.4179],[-72.5393,-53.4208],[-72.5222,-53.3995],[-72.4835,-53.4091],[-72.3646,-53.5369],[-72.5317,-53.5421],[-72.5495,-53.5232],[-72.6389,-53.4967],[-72.6572,-53.4716],[-72.7214,-53.4625],[-72.7331,-53.4492],[-72.7313,-53.4177],[-72.7632,-53.3878],[-72.776,-53.4345],[-72.7947,-53.4401],[-72.8096,-53.3868],[-72.8773,-53.3819],[-72.8723,-53.3663],[-72.9437,-53.3526],[-73.1991,-53.2408],[-73.2521,-53.1842],[-73.303,-53.1534],[-73.1392,-53.1876],[-73.0848,-53.1697],[-72.9564,-53.1606],[-72.9061,-53.1954],[-72.8795,-53.1936],[-72.7587,-53.2353],[-72.7569,-53.2576],[-72.776,-53.2831],[-72.7568,-53.2949],[-72.7345,-53.2831],[-72.7133,-53.2903],[-72.7245,-53.2667],[-72.6892,-53.2403],[-72.7544,-53.212],[-72.796,-53.1733],[-72.7277,-53.1876],[-72.7633,-53.1457],[-72.7482,-53.1391],[-72.6526,-53.1534],[-72.7072,-53.1254],[-72.714,-53.1056],[-72.7413,-53.1186],[-72.8034,-53.1186],[-72.8451,-53.1502],[-72.9337,-53.1048],[-72.8761,-53.0364],[-72.8785,-53.0168],[-72.9045,-53.0363],[-72.9264,-53.0246],[-72.9172,-52.9894],[-72.9477,-52.9264],[-72.924,-52.8864],[-72.9765,-52.8388],[-72.9604,-52.825],[-72.8782,-52.8131],[-72.834,-52.787],[-72.7624,-52.7698],[-72.7035,-52.7077],[-72.6116,-52.7419],[-72.6113,-52.7741],[-72.6975,-52.8271],[-72.7214,-52.8517],[-72.7148,-52.8694],[-72.5882,-52.796],[-72.5631,-52.8039],[-72.5959,-52.8342],[-72.5768,-52.8381],[-72.5259,-52.8107],[-72.474,-52.8064],[-72.4609,-52.8405],[-72.4313,-52.8566],[-72.4201,-52.8083],[-72.3981,-52.7835],[-72.3039,-52.7465],[-72.269,-52.7009],[-72.1986,-52.6933],[-72.1796,-52.6804],[-72.1775,-52.6577],[-72.1609,-52.6521],[-72.0777,-52.6536],[-72.0429,-52.6743],[-72.0145,-52.6727],[-72.0004,-52.6461],[-71.9801,-52.6455],[-71.9203,-52.6816],[-71.8505,-52.6947],[-71.6294,-52.6838],[-71.585,-52.6604],[-71.4781,-52.6461],[-71.4918,-52.6126],[-71.5716,-52.5613],[-71.6311,-52.5744],[-71.6868,-52.5631],[-71.7599,-52.5684],[-71.9112,-52.542],[-71.9754,-52.5609],[-72.0028,-52.5515],[-72.0277,-52.5593],[-72.0478,-52.5574],[-72.0976,-52.5165],[-72.2032,-52.5234],[-72.2816,-52.5138],[-72.3278,-52.5252],[-72.3739,-52.5881],[-72.4335,-52.6189],[-72.3981,-52.6189],[-72.4193,-52.653],[-72.5491,-52.5916],[-72.4869,-52.5388],[-72.4017,-52.531],[-72.3896,-52.5076],[-72.5017,-52.5165],[-72.57,-52.5569],[-72.6561,-52.5217],[-72.795,-52.5412],[-72.8096,-52.5165],[-72.858,-52.5022],[-72.8573,-52.5297],[-72.9045,-52.6297],[-72.9884,-52.7043],[-72.9726,-52.7171],[-72.8643,-52.6119],[-72.8192,-52.5865],[-72.7987,-52.6154],[-72.687,-52.6342],[-72.6739,-52.6525],[-72.7908,-52.7527],[-72.8451,-52.7594],[-72.8604,-52.7888],[-72.9399,-52.7971],[-73.0156,-52.8417],[-72.9536,-52.8933],[-72.9725,-52.9247],[-72.9474,-52.9858],[-72.9536,-53.0236],[-72.9796,-53.0548],[-73.1397,-53.0992],[-73.1847,-53.0646],[-73.1587,-53.0363],[-73.1767,-53.0152],[-73.2082,-53.0532],[-73.2106,-53.068],[-73.1801,-53.0912],[-73.1985,-53.1049],[-73.2529,-53.0815],[-73.3273,-53.0715],[-73.3862,-53.0168],[-73.4263,-53.0178],[-73.456,-52.9865],[-73.4044,-52.9807],[-73.3514,-52.9958],[-73.3719,-52.9653],[-73.3236,-52.9553],[-73.3139,-52.9343],[-73.2416,-52.9616],[-73.2621,-52.9274],[-73.2279,-52.9343],[-73.2327,-52.9138],[-73.2047,-52.8969],[-73.2139,-52.8878],[-73.2887,-52.9021],[-73.3079,-52.8738],[-73.3514,-52.8859],[-73.3826,-52.8448],[-73.4921,-52.8256],[-73.5637,-52.7971],[-73.5409,-52.78],[-73.4945,-52.7753],[-73.4589,-52.7848],[-73.4681,-52.8107],[-73.4095,-52.7766],[-73.3842,-52.8038],[-73.2962,-52.7835],[-73.2331,-52.7906],[-73.2211,-52.7766],[-73.2441,-52.777],[-73.2609,-52.754],[-73.303,-52.7555],[-73.3066,-52.7154],[-73.2826,-52.7214],[-73.2494,-52.7039],[-73.226,-52.6493],[-73.1527,-52.634],[-73.1221,-52.5501],[-73.004,-52.5583],[-73.118,-52.5328],[-73.0916,-52.4938],[-73.0089,-52.496],[-72.8859,-52.5256],[-72.9058,-52.496],[-73.0558,-52.4714],[-73.1006,-52.4894],[-73.1435,-52.49],[-73.195,-52.4299],[-73.1944,-52.4755],[-73.2282,-52.4824],[-73.2353,-52.496],[-73.1965,-52.5009],[-73.1809,-52.5148],[-73.1597,-52.5637],[-73.2032,-52.6056],[-73.2388,-52.62],[-73.2689,-52.6736],[-73.3186,-52.6628],[-73.3378,-52.6467],[-73.3049,-52.6018],[-73.3085,-52.5846],[-73.3625,-52.5881],[-73.3936,-52.5441],[-73.407,-52.5644],[-73.3854,-52.6056],[-73.3973,-52.6365],[-73.4497,-52.6352],[-73.4576,-52.6633],[-73.5087,-52.656],[-73.5091,-52.6804],[-73.5348,-52.6749],[-73.5979,-52.7214],[-73.6164,-52.721],[-73.6164,-52.7491],[-73.6995,-52.7145],[-73.671,-52.6801],[-73.5844,-52.6533],[-73.5705,-52.632],[-73.6696,-52.6432],[-73.6879,-52.5978],[-73.6444,-52.5844],[-73.6359,-52.5632],[-73.5534,-52.551],[-73.5563,-52.5364],[-73.6193,-52.5204],[-73.5655,-52.4789],[-73.4949,-52.4755],[-73.5309,-52.457],[-73.5153,-52.4203],[-73.5329,-52.4153],[-73.5811,-52.4483],[-73.6662,-52.424],[-73.6603,-52.3839],[-73.6289,-52.372],[-73.5979,-52.3862],[-73.563,-52.3228],[-73.6047,-52.2968],[-73.6127,-52.2774],[-73.5806,-52.2084],[-73.6326,-52.1938],[-73.6433,-52.1637],[-73.6804,-52.1459],[-73.6883,-52.1223],[-73.745,-52.0654],[-73.735,-52.03],[-73.7159,-52.0206],[-73.677,-52.0431],[-73.6146,-52.1447],[-73.5814,-52.1344],[-73.5501,-52.1869],[-73.5289,-52.1956],[-73.4683,-52.169],[-73.5228,-52.1391],[-73.4957,-52.1319],[-73.4317,-52.153],[-73.362,-52.2079],[-73.303,-52.2218],[-73.2428,-52.2021],[-73.2218,-52.1799],[-73.2041,-52.1081],[-73.1734,-52.1071],[-73.1454,-52.1256],[-73.0869,-52.0825],[-72.9978,-52.0649],[-72.9809,-52.0982],[-72.9875,-52.143],[-73.0035,-52.1542],[-73.0409,-52.1489],[-73.0815,-52.2109],[-73.0793,-52.2371],[-73.0275,-52.193],[-72.9945,-52.1869],[-72.922,-52.214],[-72.9128,-52.2448],[-72.8664,-52.2568],[-72.8348,-52.234],[-72.8068,-52.1466],[-72.7543,-52.0751],[-72.7549,-52.0568],[-72.7684,-52.0512],[-72.8412,-52.1057],[-72.8546,-52.1785],[-72.8837,-52.1983],[-72.9474,-52.1664],[-72.9474,-52.0497],[-72.9327,-52.0395],[-72.9023,-52.0641],[-72.8649,-51.9548],[-72.8028,-51.9374],[-72.6867,-51.9884],[-72.7151,-52.0373],[-72.7035,-52.0603],[-72.6588,-52.0846],[-72.644,-52.1066],[-72.6321,-52.1119],[-72.6224,-52.0981],[-72.6014,-52.1119],[-72.5365,-52.1956],[-72.5359,-52.2218],[-72.5594,-52.2413],[-72.5742,-52.3092],[-72.6017,-52.3393],[-72.6367,-52.3439],[-72.679,-52.323],[-72.7145,-52.3629],[-72.7654,-52.3779],[-72.7829,-52.3657],[-72.7816,-52.387],[-72.8034,-52.3862],[-72.8522,-52.4252],[-72.9305,-52.4482],[-72.889,-52.4518],[-72.7214,-52.4067],[-72.6147,-52.4203],[-72.5514,-52.4535],[-72.5057,-52.4337],[-72.6063,-52.4171],[-72.6376,-52.3976],[-72.4971,-52.3154],[-72.4669,-52.2043],[-72.5797,-52.0969],[-72.6487,-52.049],[-72.6697,-51.961],[-72.6321,-51.9474],[-72.598,-51.9753],[-72.5737,-51.9406],[-72.504,-51.9514],[-72.4533,-51.9133],[-72.5079,-51.8586],[-72.5084,-51.8371],[-72.4669,-51.7897],[-72.4949,-51.7692],[-72.522,-51.7131],[-72.608,-51.6785],[-72.6697,-51.6082],[-72.7125,-51.5822],[-72.8275,-51.5706],[-72.8686,-51.5495],[-72.9152,-51.5471],[-72.9695,-51.4985],[-73.0535,-51.4875],[-73.0797,-51.4583],[-73.0771,-51.4197],[-73.091,-51.4208],[-73.1392,-51.447],[-73.2604,-51.4711],[-73.2621,-51.4949],[-73.2271,-51.5079],[-73.1406,-51.4876],[-73.1051,-51.5022],[-73.0543,-51.5026],[-73.0389,-51.5353],[-73.1061,-51.5839],[-73.0983,-51.6048],[-72.9892,-51.5266],[-72.9437,-51.5632],[-72.858,-51.5973],[-72.7938,-51.5961],[-72.7579,-51.6235],[-72.703,-51.698],[-72.5552,-51.7297],[-72.5624,-51.7783],[-72.6451,-51.8313],[-72.7241,-51.8381],[-72.7379,-51.8171],[-72.8,-51.8025],[-72.8297,-51.768],[-72.858,-51.7624],[-72.8993,-51.7761],[-72.918,-51.7574],[-72.9767,-51.7692],[-72.9884,-51.7624],[-72.9884,-51.7214],[-73.0294,-51.7167],[-73.0488,-51.6969],[-73.1508,-51.7031],[-73.1733,-51.6935],[-73.1848,-51.67],[-73.1824,-51.6375],[-73.2284,-51.6291],[-73.2552,-51.6048],[-73.28,-51.6062],[-73.2962,-51.6183],[-73.2375,-51.6474],[-73.2245,-51.7109],[-73.0701,-51.7245],[-73.0267,-51.7441],[-72.9945,-51.7897],[-73.106,-51.7449],[-73.1392,-51.7692],[-73.0604,-51.7692],[-73.0456,-51.7976],[-73.0498,-51.8313],[-73.0823,-51.8536],[-73.1741,-51.8598],[-73.2074,-51.8791],[-73.168,-51.8898],[-73.1183,-51.871],[-73.0771,-51.8722],[-72.9724,-51.8217],[-72.9408,-51.8277],[-72.9194,-51.8586],[-73.1453,-51.94],[-73.1733,-52.0226],[-73.1767,-52.0812],[-73.2237,-52.0915],[-73.2726,-52.0396],[-73.2682,-51.9719],[-73.303,-51.8996],[-73.2997,-51.832],[-73.3268,-51.727],[-73.3568,-51.6764],[-73.3862,-51.6525],[-73.3413,-51.7527],[-73.308,-52.0221],[-73.285,-52.1044],[-73.2928,-52.1657],[-73.3944,-52.1345],[-73.4194,-52.1008],[-73.5635,-52.04],[-73.5813,-52.0219],[-73.5729,-51.9837],[-73.6115,-51.9343],[-73.578,-51.9269],[-73.6456,-51.8487],[-73.6497,-51.8279],[-73.6209,-51.8122],[-73.5271,-51.8952],[-73.514,-51.9386],[-73.4642,-51.9674],[-73.4364,-52.0152],[-73.3998,-52.0157],[-73.4818,-51.9133],[-73.4545,-51.9064],[-73.4612,-51.8957],[-73.4886,-51.8853],[-73.493,-51.8549],[-73.5306,-51.8347],[-73.5228,-51.8034],[-73.5798,-51.7687],[-73.5892,-51.7496],[-73.5035,-51.7228],[-73.4607,-51.6867],[-73.4882,-51.6876],[-73.5501,-51.7214],[-73.5501,-51.6804],[-73.5917,-51.7214],[-73.6116,-51.72],[-73.6357,-51.6867],[-73.6549,-51.6886],[-73.6837,-51.7419],[-73.6804,-51.7692],[-73.6995,-51.7853],[-73.7189,-51.7758],[-73.7623,-51.735],[-73.7628,-51.7151],[-73.812,-51.6886],[-73.807,-51.67],[-73.7146,-51.6388],[-73.7842,-51.645],[-73.8189,-51.6288],[-73.8995,-51.6252],[-73.8912,-51.5867],[-73.817,-51.5366],[-73.9093,-51.527],[-73.9206,-51.4983],[-73.9063,-51.4788],[-73.9343,-51.406],[-73.8804,-51.3679],[-73.8614,-51.3928],[-73.814,-51.3922],[-73.7808,-51.433],[-73.6995,-51.4801],[-73.6208,-51.6282],[-73.6119,-51.6254],[-73.6047,-51.5911],[-73.6388,-51.5366],[-73.6046,-51.513],[-73.66,-51.4949],[-73.6556,-51.4684],[-73.5997,-51.4513],[-73.5979,-51.4328],[-73.6379,-51.4465],[-73.6691,-51.4387],[-73.6922,-51.4145],[-73.7214,-51.3478],[-73.7177,-51.2885],[-73.7481,-51.2519],[-73.7828,-51.2348],[-73.7596,-51.195],[-73.7047,-51.2382],[-73.701,-51.2683],[-73.6827,-51.276],[-73.6926,-51.2145],[-73.6736,-51.1877],[-73.7288,-51.1796],[-73.6941,-51.1393],[-73.7063,-51.1315],[-73.735,-51.1454],[-73.7698,-51.1181],[-73.7628,-51.1638],[-73.8794,-51.2379],[-73.914,-51.2315],[-73.9753,-51.1877],[-73.982,-51.1523],[-74.0233,-51.111],[-74.017,-51.1909],[-74.0299,-51.2076],[-74.054,-51.2123],[-74.1295,-51.1877],[-74.1346,-51.093],[-74.1529,-51.061],[-74.0777,-50.9879],[-74.0868,-50.9739],[-74.0714,-50.9537],[-74.1022,-50.9645],[-74.184,-51.0339],[-74.2322,-51.0356],[-74.2422,-50.9742],[-74.2252,-50.9558],[-74.2564,-50.9394],[-74.2326,-50.9075],[-74.151,-50.8728],[-73.9517,-50.8932],[-73.933,-50.8864],[-73.9268,-50.8644],[-73.8743,-50.8891],[-73.8555,-50.9096],[-73.8579,-50.9332],[-73.8033,-50.9605],[-73.7897,-50.9195],[-73.817,-50.878],[-73.8797,-50.8342],[-73.8546,-50.7973],[-73.83,-50.7971],[-73.7616,-50.83],[-73.7419,-50.8205],[-73.7897,-50.7966],[-73.7698,-50.745],[-73.7825,-50.7004],[-73.7729,-50.6707],[-73.6367,-50.6399],[-73.5917,-50.6589],[-73.5532,-50.7072],[-73.5334,-50.7065],[-73.5199,-50.6769],[-73.4744,-50.6725],[-73.4871,-50.6601],[-73.5501,-50.6526],[-73.5677,-50.6244],[-73.6354,-50.6184],[-73.7251,-50.5595],[-73.7093,-50.5203],[-73.6252,-50.5012],[-73.5637,-50.405],[-73.5876,-50.4034],[-73.6579,-50.482],[-73.7594,-50.5157],[-73.776,-50.5769],[-73.8002,-50.6007],[-73.7983,-50.6452],[-73.8255,-50.6795],[-73.8108,-50.742],[-73.8226,-50.7579],[-73.8709,-50.7896],[-73.898,-50.7924],[-73.9371,-50.8271],[-74.0427,-50.822],[-74.1261,-50.7625],[-74.0572,-50.7277],[-74.0602,-50.712],[-74.1186,-50.6868],[-74.1124,-50.714],[-74.1341,-50.733],[-74.1471,-50.7287],[-74.1671,-50.6868],[-74.236,-50.6042],[-74.1987,-50.559],[-74.2587,-50.5348],[-74.2662,-50.5061],[-74.2974,-50.4806],[-74.208,-50.4636],[-74.1261,-50.5905],[-74.1079,-50.5878],[-74.1459,-50.5359],[-74.1261,-50.5148],[-74.1484,-50.5063],[-74.1498,-50.4831],[-74.1261,-50.4806],[-74.0535,-50.5222],[-73.8973,-50.5491],[-73.8797,-50.5427],[-74.0165,-50.5027],[-74.015,-50.4492],[-74.0734,-50.4694],[-74.1289,-50.4229],[-74.0867,-50.4108],[-74.0644,-50.3798],[-74.0162,-50.3639],[-74.0839,-50.3572],[-74.0907,-50.3845],[-74.1813,-50.4124],[-74.2287,-50.4055],[-74.2526,-50.4405],[-74.2875,-50.4265],[-74.3213,-50.3845],[-74.2629,-50.3171],[-74.277,-50.3025],[-74.2698,-50.2807],[-74.2827,-50.2649],[-74.3104,-50.2653],[-74.3548,-50.3596],[-74.3938,-50.3659],[-74.4755,-50.3442],[-74.4544,-50.3298],[-74.5096,-50.323],[-74.5364,-50.2963],[-74.4818,-50.2486],[-74.5216,-50.2608],[-74.5491,-50.2545],[-74.5233,-50.2206],[-74.5925,-50.2403],[-74.6189,-50.235],[-74.5916,-50.2008],[-74.5985,-50.1933],[-74.6557,-50.2145],[-74.683,-50.2094],[-74.6913,-50.1686],[-74.6283,-50.1149],[-74.5575,-50.0971],[-74.5367,-50.1012],[-74.5301,-50.1313],[-74.5187,-50.1344],[-74.4952,-50.1247],[-74.5079,-50.0943],[-74.4954,-50.0766],[-74.4603,-50.0984],[-74.3476,-50.0861],[-74.2899,-50.1313],[-74.3247,-50.1728],[-74.277,-50.1653],[-74.225,-50.197],[-74.203,-50.2277],[-74.2149,-50.2486],[-74.1944,-50.2597],[-74.1214,-50.2231],[-73.9586,-50.2878],[-73.906,-50.2981],[-73.8579,-50.2895],[-73.8768,-50.2745],[-73.9991,-50.2418],[-74.0255,-50.2123],[-73.9957,-50.2138],[-74.0061,-50.2019],[-74.1747,-50.1985],[-74.2046,-50.1762],[-74.2422,-50.08],[-74.3004,-50.0593],[-74.3649,-49.9903],[-74.3649,-49.9511],[-74.3494,-49.9353],[-74.3179,-49.9293],[-74.3127,-49.9496],[-74.2663,-49.9325],[-74.1981,-49.9602],[-74.1395,-50.0159],[-74.1124,-50.0016],[-74.0489,-50.037],[-73.9343,-50.0289],[-73.8859,-50.0766],[-73.889,-50.0356],[-73.9132,-50.0077],[-73.9459,-50.0177],[-73.9837,-50.0108],[-74.0077,-49.9914],[-73.9991,-49.9633],[-73.9602,-49.9306],[-73.8797,-49.919],[-73.9042,-49.9157],[-73.9064,-49.8569],[-73.9473,-49.9054],[-73.9896,-49.9054],[-73.9957,-49.9394],[-74.036,-49.9648],[-74.1105,-49.9547],[-74.1459,-49.9116],[-74.1885,-49.8981],[-74.2889,-49.8935],[-74.3247,-49.8712],[-74.3483,-49.7921],[-74.2974,-49.7955],[-74.2472,-49.7634],[-74.1971,-49.749],[-74.0714,-49.7415],[-74.064,-49.7136],[-74.2489,-49.7277],[-74.2899,-49.7415],[-74.3163,-49.7195],[-74.3223,-49.6325],[-74.3036,-49.6037],[-74.2339,-49.566],[-74.0538,-49.5393],[-74.0329,-49.5524],[-74.0351,-49.6057],[-74.023,-49.6179],[-73.9991,-49.5593],[-73.9618,-49.5535],[-73.9268,-49.5695],[-73.9339,-49.5827],[-73.9014,-49.65],[-73.8088,-49.6884],[-73.7555,-49.7277],[-73.7279,-49.7817],[-73.6879,-49.7203],[-73.735,-49.7067],[-73.7727,-49.6686],[-73.855,-49.6508],[-73.8788,-49.5881],[-73.8797,-49.5285],[-73.9153,-49.5105],[-74.091,-49.4972],[-74.1097,-49.4836],[-74.1078,-49.4372],[-74.1235,-49.4226],[-74.0745,-49.2617],[-74.0088,-49.2747],[-73.9635,-49.3298],[-73.8995,-49.3498],[-73.8449,-49.3498],[-73.9473,-49.3088],[-73.9851,-49.2734],[-74.0088,-49.2263],[-73.9797,-49.1642],[-74.0026,-49.117],[-74.0435,-49.0829],[-73.9423,-49.0235],[-73.8995,-49.0283],[-73.8547,-49.0571],[-73.8218,-49.0423],[-73.8329,-49.0322],[-73.8892,-49.0074],[-74.0306,-49.0229],[-74.0575,-49.0125],[-74.064,-49.0419],[-74.0435,-49.0798],[-74.0531,-49.1311],[-74.036,-49.145],[-74.1064,-49.2213],[-74.1329,-49.2263],[-74.1671,-49.1996],[-74.1929,-49.2082],[-74.1597,-49.2369],[-74.1459,-49.302],[-74.1813,-49.3947],[-74.1947,-49.47],[-74.1875,-49.4876],[-74.2149,-49.5231],[-74.2411,-49.5279],[-74.2705,-49.5099],[-74.3371,-49.435],[-74.3949,-49.4132],[-74.4228,-49.3847],[-74.3935,-49.3175],[-74.4127,-49.2188],[-74.404,-49.1935],[-74.3719,-49.1866],[-74.4109,-49.1406],[-74.4055,-49.0678],[-74.4408,-49.0904],[-74.4626,-49.0663],[-74.4687,-49.0317],[-74.4031,-48.9872],[-74.4225,-48.935],[-74.3656,-48.9321],[-74.4346,-48.8957],[-74.4357,-48.8742],[-74.4203,-48.8632],[-74.446,-48.8515],[-74.4479,-48.8078],[-74.3719,-48.7192],[-74.3348,-48.7551],[-74.3384,-48.7403],[-74.3069,-48.7499],[-74.2006,-48.7192],[-74.0667,-48.742],[-73.1704,-49.2509]]],[[[-68.642,-54.7992],[-68.6423,-54.8537],[-68.6541,-54.8862],[-68.6658,-54.8864],[-68.7398,-54.8471],[-68.9286,-54.7785],[-68.9657,-54.7844],[-68.883,-54.8077],[-68.8384,-54.851],[-68.7379,-54.8961],[-68.788,-54.9202],[-69.067,-54.9488],[-69.6483,-54.8225],[-69.6788,-54.7877],[-69.6244,-54.7608],[-69.6271,-54.6921],[-69.6788,-54.7647],[-69.6921,-54.7497],[-69.6977,-54.6998],[-69.7161,-54.6891],[-69.713,-54.7848],[-69.7308,-54.8032],[-69.7676,-54.7945],[-69.7617,-54.7273],[-69.7744,-54.7156],[-69.7908,-54.7214],[-69.7949,-54.7877],[-69.809,-54.811],[-69.9116,-54.8186],[-69.9666,-54.7784],[-69.973,-54.7193],[-69.9581,-54.6938],[-69.9696,-54.6769],[-70.0004,-54.7333],[-69.9785,-54.8222],[-69.9933,-54.8351],[-70.0928,-54.8491],[-70.0871,-54.7786],[-70.1102,-54.8112],[-70.1388,-54.7971],[-70.1444,-54.8276],[-70.1649,-54.846],[-70.2397,-54.8578],[-70.3094,-54.8386],[-70.3267,-54.8171],[-70.3238,-54.7975],[-70.2386,-54.7145],[-70.2263,-54.6951],[-70.2445,-54.6891],[-70.2631,-54.7153],[-70.3224,-54.7465],[-70.3505,-54.777],[-70.3653,-54.8352],[-70.5812,-54.779],[-70.7588,-54.8406],[-70.8249,-54.8215],[-70.837,-54.7877],[-70.7797,-54.7602],[-70.6246,-54.7315],[-70.5456,-54.6977],[-70.4529,-54.6337],[-70.491,-54.6139],[-70.5431,-54.6235],[-70.631,-54.6677],[-70.5826,-54.6891],[-70.6064,-54.7038],[-70.6715,-54.7267],[-70.7606,-54.7231],[-70.8159,-54.7504],[-70.9272,-54.7382],[-70.9221,-54.7126],[-70.7743,-54.6816],[-70.9448,-54.6721],[-70.96,-54.6891],[-70.9398,-54.7021],[-70.9502,-54.7214],[-71.0276,-54.777],[-71.0423,-54.7756],[-71.0426,-54.7462],[-71.0009,-54.7156],[-71.0009,-54.6611],[-70.9497,-54.6269],[-70.9516,-54.6164],[-71.004,-54.62],[-71.0624,-54.5927],[-71.0423,-54.6284],[-71.05,-54.6574],[-71.0723,-54.6598],[-71.1033,-54.6337],[-71.1483,-54.6873],[-71.1797,-54.7026],[-71.2336,-54.6752],[-71.2897,-54.6764],[-71.3037,-54.6524],[-71.2184,-54.6443],[-71.1927,-54.6269],[-71.2558,-54.6139],[-71.2654,-54.5686],[-71.2336,-54.5313],[-71.2631,-54.5344],[-71.298,-54.5593],[-71.3471,-54.5172],[-71.3622,-54.5383],[-71.336,-54.5655],[-71.4003,-54.5561],[-71.4125,-54.5792],[-71.336,-54.6064],[-71.3946,-54.6039],[-71.4171,-54.6513],[-71.4429,-54.6337],[-71.4875,-54.6549],[-71.4774,-54.6764],[-71.4879,-54.6874],[-71.5066,-54.6835],[-71.5211,-54.6611],[-71.5218,-54.6378],[-71.4943,-54.5927],[-71.5342,-54.6126],[-71.5496,-54.6549],[-71.5664,-54.6467],[-71.5831,-54.6549],[-71.5916,-54.6388],[-71.5841,-54.6188],[-71.5558,-54.5859],[-71.5831,-54.5927],[-71.5978,-54.581],[-71.6452,-54.6549],[-71.6756,-54.6511],[-71.685,-54.6347],[-71.652,-54.5995],[-71.6998,-54.6064],[-71.7545,-54.5927],[-71.7405,-54.6142],[-71.8165,-54.62],[-71.8045,-54.6404],[-71.8227,-54.6549],[-71.9443,-54.6546],[-71.9619,-54.6471],[-71.9809,-54.6132],[-71.944,-54.6051],[-71.9053,-54.6132],[-71.9189,-54.5995],[-71.8898,-54.5681],[-71.9466,-54.5706],[-71.9533,-54.5649],[-71.9325,-54.5512],[-71.9479,-54.55],[-72.0015,-54.5717],[-71.9809,-54.5313],[-72.0077,-54.5053],[-71.94,-54.5108],[-72.0023,-54.4591],[-71.9735,-54.4487],[-71.8854,-54.4828],[-71.8498,-54.5382],[-71.6719,-54.5717],[-71.7169,-54.548],[-71.7482,-54.5108],[-71.7107,-54.5105],[-71.6317,-54.5468],[-71.5831,-54.545],[-71.6913,-54.4914],[-71.6936,-54.4693],[-71.7167,-54.4627],[-71.7817,-54.476],[-71.8407,-54.4659],[-71.8529,-54.446],[-71.8301,-54.4413],[-71.8507,-54.4146],[-71.8028,-54.4146],[-71.7864,-54.3966],[-71.7491,-54.3971],[-71.7152,-54.4148],[-71.7345,-54.4277],[-71.6892,-54.4402],[-71.6149,-54.5014],[-71.5632,-54.5108],[-71.5625,-54.4918],[-71.4952,-54.4937],[-71.4943,-54.476],[-71.5797,-54.4621],[-71.6091,-54.4422],[-71.6141,-54.4109],[-71.5873,-54.4054],[-71.5289,-54.4483],[-71.514,-54.4338],[-71.5353,-54.4072],[-71.52,-54.4096],[-71.4596,-54.4352],[-71.4106,-54.4352],[-71.3893,-54.4573],[-71.3231,-54.4277],[-71.4329,-54.401],[-71.4049,-54.3798],[-71.3915,-54.3859],[-71.3646,-54.373],[-71.1893,-54.4285],[-71.1673,-54.4413],[-71.1499,-54.477],[-71.0902,-54.5108],[-71.1449,-54.4352],[-71.0109,-54.4487],[-70.9724,-54.469],[-70.9615,-54.4312],[-70.9342,-54.4159],[-70.9525,-54.3388],[-70.9293,-54.3442],[-70.8603,-54.3178],[-70.8006,-54.3159],[-70.7477,-54.3315],[-70.7455,-54.3453],[-70.6856,-54.3388],[-70.6719,-54.3253],[-70.6105,-54.3388],[-70.7272,-54.4277],[-70.7116,-54.4807],[-70.7741,-54.5441],[-70.7807,-54.5715],[-70.7644,-54.5995],[-70.7402,-54.5512],[-70.6842,-54.5943],[-70.634,-54.6003],[-70.7012,-54.5335],[-70.6969,-54.4948],[-70.6514,-54.4277],[-70.5852,-54.3906],[-70.4398,-54.4784],[-70.3463,-54.5069],[-70.2494,-54.5754],[-70.2331,-54.5512],[-70.276,-54.5324],[-70.302,-54.4965],[-70.1307,-54.545],[-70.2525,-54.4861],[-70.4276,-54.4377],[-70.4557,-54.4163],[-70.4591,-54.3832],[-70.5137,-54.3593],[-70.4981,-54.341],[-70.5103,-54.3209],[-70.5777,-54.2748],[-70.8433,-54.2631],[-70.8686,-54.2462],[-70.8985,-54.1818],[-70.8917,-54.1744],[-70.8227,-54.1955],[-70.9029,-54.1559],[-70.9327,-54.1135],[-70.3225,-54.3253],[-70.2888,-54.3494],[-70.246,-54.3572],[-70.1369,-54.4277],[-70.1446,-54.3914],[-70.086,-54.3832],[-70.0748,-54.3698],[-70.1658,-54.3493],[-70.199,-54.3206],[-70.1399,-54.2966],[-70.0902,-54.2532],[-70.0345,-54.2569],[-69.973,-54.2973],[-69.9739,-54.3453],[-69.9525,-54.3526],[-69.9669,-54.3798],[-69.9247,-54.3738],[-69.9116,-54.3798],[-69.9043,-54.4107],[-69.8749,-54.421],[-69.8837,-54.5034],[-69.8249,-54.4684],[-69.7852,-54.4841],[-69.8017,-54.5375],[-69.7754,-54.5549],[-69.7541,-54.5429],[-69.7638,-54.5197],[-69.7413,-54.478],[-69.8155,-54.4212],[-69.8222,-54.4041],[-69.808,-54.3844],[-69.8443,-54.36],[-69.857,-54.3253],[-69.8819,-54.3127],[-69.8591,-54.2804],[-69.6919,-54.3178],[-69.6524,-54.341],[-69.6372,-54.3761],[-69.5888,-54.401],[-69.5586,-54.4365],[-69.522,-54.4365],[-69.528,-54.4146],[-69.5709,-54.3728],[-69.5653,-54.3561],[-69.5229,-54.3375],[-69.24,-54.4413],[-69.2267,-54.477],[-69.3561,-54.5512],[-69.4175,-54.6233],[-69.3902,-54.6474],[-69.3951,-54.6682],[-69.3772,-54.6816],[-69.373,-54.6159],[-69.3317,-54.5997],[-69.2694,-54.5324],[-69.2244,-54.5273],[-69.1699,-54.5782],[-69.1575,-54.5585],[-69.1749,-54.476],[-69.1575,-54.4531],[-69.0981,-54.4472],[-69.0408,-54.4693],[-68.9949,-54.4684],[-68.989,-54.4314],[-69.0914,-54.3914],[-69.1717,-54.3824],[-69.2796,-54.3215],[-69.5311,-54.2569],[-69.5685,-54.2248],[-69.8837,-54.1613],[-69.9732,-54.1187],[-70.014,-54.1135],[-70.0568,-54.087],[-70.1034,-53.9695],[-70.1471,-53.9223],[-70.1782,-53.8334],[-70.1853,-53.8113],[-70.1752,-53.7605],[-70.137,-53.7387],[-69.9255,-53.6789],[-69.9158,-53.6615],[-69.8068,-53.6655],[-69.6514,-53.6362],[-69.3608,-53.5217],[-69.324,-53.4923],[-69.3186,-53.4505],[-69.3527,-53.3557],[-69.6755,-53.3584],[-69.8978,-53.3866],[-70.0216,-53.4363],[-70.0587,-53.427],[-70.1164,-53.4345],[-70.2027,-53.4687],[-70.2567,-53.461],[-70.3447,-53.3918],[-70.4425,-53.3625],[-70.4735,-53.3093],[-70.4626,-53.2207],[-70.4348,-53.1686],[-70.4402,-53.1061],[-70.419,-53.0117],[-70.34,-52.9697],[-70.3149,-52.968],[-70.3137,-52.9801],[-70.3429,-53.0063],[-70.3157,-53.0264],[-70.3352,-53.0513],[-70.3239,-53.0615],[-70.2435,-53.0617],[-70.1342,-53.012],[-70.0892,-52.9111],[-70.1307,-52.8796],[-70.1549,-52.8859],[-70.2194,-52.8652],[-70.3009,-52.9149],[-70.3037,-52.9018],[-70.2862,-52.8829],[-70.2572,-52.8683],[-70.2827,-52.7984],[-70.3358,-52.777],[-70.4255,-52.7766],[-70.4161,-52.7581],[-70.2747,-52.7356],[-70.1286,-52.7323],[-70.1146,-52.7566],[-70.0011,-52.8417],[-69.9114,-52.8479],[-69.8244,-52.7825],[-69.7344,-52.7745],[-69.591,-52.6419],[-69.6236,-52.5603],[-69.6039,-52.5212],[-69.4176,-52.4515],[-69.3742,-52.4703],[-69.2259,-52.6393],[-69.1402,-52.6838],[-69.0885,-52.6804],[-69.0203,-52.6502],[-68.9207,-52.6402],[-68.8132,-52.5913],[-68.779,-52.5483],[-68.746,-52.5569],[-68.6276,-52.6396],[-68.6419,-54.783],[-68.7124,-54.7709],[-68.642,-54.7992]]],[[[-75.1983,-49.7712],[-75.2093,-49.753],[-75.2069,-49.7084],[-75.2632,-49.6794],[-75.2495,-49.652],[-75.2972,-49.633],[-75.2953,-49.6091],[-75.2528,-49.5886],[-75.2359,-49.5558],[-75.2808,-49.5647],[-75.3178,-49.549],[-75.2563,-49.4938],[-75.3352,-49.5112],[-75.3488,-49.4964],[-75.3253,-49.4596],[-75.373,-49.4665],[-75.3594,-49.4323],[-75.4067,-49.4273],[-75.4232,-49.4111],[-75.4673,-49.3327],[-75.462,-49.3066],[-75.4272,-49.2795],[-75.3833,-49.2805],[-75.2887,-49.4161],[-75.167,-49.5012],[-75.2016,-49.4506],[-75.1874,-49.4391],[-75.2597,-49.4015],[-75.2883,-49.3708],[-75.2917,-49.3401],[-75.3205,-49.3154],[-75.3234,-49.2636],[-75.2803,-49.2547],[-75.2598,-49.2641],[-75.1522,-49.3777],[-75.0924,-49.3703],[-75.1608,-49.3498],[-75.1874,-49.2952],[-75.16,-49.2941],[-75.1112,-49.3194],[-75.0987,-49.3088],[-75.1125,-49.2732],[-75.0372,-49.2604],[-75.0726,-49.2346],[-75.0924,-49.1996],[-74.9302,-49.3142],[-74.9149,-49.3596],[-74.8932,-49.364],[-74.8851,-49.2546],[-74.8732,-49.2328],[-74.8448,-49.2399],[-74.879,-49.2027],[-74.868,-49.1837],[-74.8448,-49.1791],[-74.8564,-49.1518],[-74.838,-49.1313],[-74.8591,-49.1108],[-74.8045,-49.1039],[-74.9547,-49.0071],[-74.8569,-48.9765],[-74.8182,-49.0071],[-74.8236,-48.9504],[-74.8376,-48.9395],[-74.969,-48.9866],[-74.9615,-48.9731],[-74.9863,-48.9674],[-74.9833,-48.9529],[-74.9547,-48.9184],[-75.0038,-48.9182],[-75.021,-48.9005],[-75.0152,-48.8918],[-74.8728,-48.8427],[-75.0118,-48.8732],[-75.0515,-48.857],[-75.058,-48.8167],[-75.0267,-48.7949],[-74.9416,-48.829],[-74.972,-48.7823],[-75.0099,-48.7743],[-74.8303,-48.6895],[-74.7948,-48.7472],[-74.797,-48.713],[-74.7833,-48.6878],[-74.6966,-48.6799],[-74.661,-48.7096],[-74.681,-48.7267],[-74.6227,-48.7228],[-74.64,-48.7709],[-74.6263,-48.8154],[-74.6673,-48.857],[-74.6348,-48.8552],[-74.61,-48.8326],[-74.6163,-48.7634],[-74.5699,-48.7126],[-74.5438,-48.7062],[-74.5255,-48.7228],[-74.5226,-48.7524],[-74.5301,-48.8669],[-74.5639,-48.901],[-74.5581,-48.9184],[-74.5058,-48.9057],[-74.4755,-48.9464],[-74.4866,-48.9963],[-74.5301,-49.0283],[-74.5071,-49.0395],[-74.4618,-49.1193],[-74.4735,-49.1482],[-74.4448,-49.2131],[-74.4458,-49.3023],[-74.4768,-49.4426],[-74.5394,-49.5193],[-74.506,-49.5637],[-74.5037,-49.5875],[-74.5544,-49.621],[-74.5581,-49.6583],[-74.6038,-49.6935],[-74.6052,-49.7136],[-74.5933,-49.7242],[-74.5775,-49.7156],[-74.5386,-49.6687],[-74.5267,-49.6279],[-74.5083,-49.6203],[-74.4604,-49.6318],[-74.4301,-49.6579],[-74.4237,-49.7449],[-74.4954,-49.734],[-74.5364,-49.747],[-74.4346,-49.7887],[-74.4361,-49.8412],[-74.4544,-49.8849],[-74.4755,-49.8432],[-74.4767,-49.8639],[-74.4894,-49.8694],[-74.5233,-49.8569],[-74.5162,-49.8842],[-74.4711,-49.907],[-74.4742,-49.9445],[-74.5315,-49.9605],[-74.6121,-49.9116],[-74.5364,-49.9947],[-74.6606,-50.0506],[-74.6947,-50.0424],[-74.7007,-50.0285],[-74.6735,-49.9947],[-74.7272,-50.0165],[-74.7405,-50.0409],[-74.7684,-50.0533],[-74.8163,-50.024],[-74.8045,-49.9872],[-74.8334,-49.998],[-74.8319,-50.0289],[-74.8677,-50.0162],[-74.8563,-49.9913],[-74.7397,-49.9218],[-74.7071,-49.9236],[-74.6605,-49.9531],[-74.6805,-49.9284],[-74.7346,-49.8991],[-74.8812,-49.9589],[-74.9137,-49.9259],[-74.8912,-49.8679],[-74.8022,-49.8785],[-74.7287,-49.8432],[-74.8227,-49.8512],[-74.838,-49.8364],[-74.7738,-49.7675],[-74.807,-49.7644],[-74.8558,-49.8014],[-74.8826,-49.797],[-74.89,-49.7494],[-74.8653,-49.734],[-74.9015,-49.7117],[-74.9205,-49.6794],[-74.9062,-49.6716],[-74.8448,-49.6862],[-74.8977,-49.6456],[-74.892,-49.6144],[-74.7701,-49.6447],[-74.7083,-49.6384],[-74.7184,-49.6253],[-74.7666,-49.621],[-74.756,-49.5763],[-74.8079,-49.6037],[-74.864,-49.5895],[-74.8861,-49.5646],[-74.887,-49.5346],[-74.7829,-49.4787],[-74.7433,-49.5187],[-74.7526,-49.4577],[-74.6605,-49.4323],[-74.7356,-49.4323],[-74.6462,-49.3498],[-74.747,-49.398],[-74.7838,-49.3953],[-74.8113,-49.3777],[-74.7888,-49.405],[-74.7489,-49.4249],[-74.8516,-49.4981],[-74.8802,-49.5036],[-74.8864,-49.4739],[-74.9226,-49.5328],[-74.9447,-49.5422],[-74.9643,-49.5315],[-74.9632,-49.4846],[-74.9877,-49.4793],[-74.9885,-49.5027],[-75.0095,-49.5187],[-75.0028,-49.5802],[-75.0441,-49.59],[-75.0099,-49.6179],[-75.011,-49.676],[-74.9652,-49.6316],[-74.9529,-49.6409],[-74.972,-49.685],[-75.0226,-49.7421],[-75.0162,-49.7613],[-74.9811,-49.7398],[-74.9615,-49.7853],[-75.0434,-49.8263],[-75.0122,-49.8373],[-75.0099,-49.8985],[-75.1339,-49.8583],[-75.1983,-49.7712]]],[[[-67.9993,-55.6275],[-68.0334,-55.6616],[-67.9982,-55.6604],[-67.9856,-55.6752],[-68.0616,-55.7131],[-68.0983,-55.7121],[-68.1501,-55.6616],[-68.1533,-55.5963],[-68.2353,-55.6174],[-68.2898,-55.6101],[-68.2486,-55.5418],[-68.2525,-55.5245],[-68.329,-55.5032],[-68.3536,-55.4753],[-68.425,-55.5038],[-68.5005,-55.491],[-68.5381,-55.4726],[-68.5542,-55.4523],[-68.5558,-55.4235],[-68.5951,-55.4356],[-68.603,-55.4118],[-68.6168,-55.4078],[-68.6025,-55.4623],[-68.7315,-55.4649],[-68.7733,-55.4288],[-68.8011,-55.4213],[-68.7722,-55.4638],[-68.8011,-55.4623],[-68.7683,-55.4926],[-68.8653,-55.5053],[-68.9674,-55.4299],[-68.9657,-55.4078],[-68.9042,-55.3873],[-68.7534,-55.3805],[-68.8087,-55.36],[-68.7602,-55.3326],[-68.9505,-55.3811],[-68.9713,-55.3771],[-68.8979,-55.3278],[-68.8968,-55.2923],[-68.8558,-55.2575],[-68.8701,-55.2438],[-68.8642,-55.2335],[-68.8011,-55.1887],[-68.9491,-55.2322],[-68.9691,-55.2609],[-68.9867,-55.2652],[-69.0568,-55.2535],[-69.1166,-55.2057],[-69.1227,-55.1476],[-69.1514,-55.1708],[-69.109,-55.2438],[-69.1341,-55.2477],[-69.2127,-55.2165],[-69.2497,-55.1443],[-69.24,-55.1271],[-69.4386,-55.1619],[-69.2878,-55.1681],[-69.3009,-55.175],[-69.2673,-55.2302],[-69.2961,-55.2223],[-69.409,-55.2468],[-69.4381,-55.2306],[-69.4796,-55.237],[-69.4517,-55.2712],[-69.4591,-55.3059],[-69.4058,-55.2844],[-69.3356,-55.3189],[-69.2804,-55.3189],[-69.3151,-55.3326],[-69.3023,-55.3466],[-69.3083,-55.36],[-69.2406,-55.3696],[-69.2434,-55.3839],[-69.2989,-55.4138],[-69.3009,-55.4282],[-69.2537,-55.4282],[-69.2295,-55.4493],[-69.195,-55.4356],[-69.137,-55.4418],[-69.178,-55.4698],[-69.1506,-55.4937],[-69.1616,-55.5143],[-69.2264,-55.4698],[-69.2994,-55.4903],[-69.3392,-55.4749],[-69.3492,-55.4078],[-69.3629,-55.3889],[-69.3862,-55.4049],[-69.4033,-55.4881],[-69.4371,-55.4913],[-69.4386,-55.4319],[-69.4515,-55.4089],[-69.508,-55.4086],[-69.5206,-55.394],[-69.5041,-55.3805],[-69.3977,-55.36],[-69.4161,-55.3531],[-69.487,-55.36],[-69.4659,-55.3395],[-69.4938,-55.3361],[-69.5448,-55.3661],[-69.6077,-55.3655],[-69.6304,-55.36],[-69.6065,-55.3479],[-69.6202,-55.3295],[-69.6788,-55.3263],[-69.7267,-55.3059],[-69.7881,-55.3059],[-69.7773,-55.2942],[-69.6708,-55.2742],[-69.569,-55.2712],[-69.674,-55.2603],[-69.6577,-55.237],[-69.5464,-55.2058],[-69.5001,-55.175],[-69.5516,-55.175],[-69.6236,-55.2096],[-69.6582,-55.2057],[-69.6805,-55.2306],[-69.7169,-55.2437],[-69.8481,-55.2579],[-69.8669,-55.2541],[-69.8631,-55.237],[-69.9247,-55.2228],[-69.8524,-55.2155],[-69.8353,-55.2023],[-69.9116,-55.1961],[-69.8427,-55.1681],[-69.9596,-55.1618],[-70.0021,-55.1712],[-70.0311,-55.1476],[-69.9867,-55.1129],[-69.9659,-55.1266],[-69.9476,-55.0871],[-69.886,-55.0636],[-69.5875,-55.0412],[-69.5615,-55.1271],[-69.582,-55.1545],[-69.5415,-55.1451],[-69.5462,-55.0375],[-69.5276,-55.032],[-69.4386,-55.0167],[-69.4265,-55.0313],[-69.4455,-55.0446],[-69.4298,-55.0527],[-69.3902,-55.0383],[-69.3288,-55.052],[-69.3834,-55.0167],[-69.2856,-54.9871],[-69.1987,-55.0167],[-69.1888,-55.0055],[-69.2127,-54.9907],[-69.096,-54.9907],[-69.051,-55.0036],[-69.0135,-54.9832],[-68.8344,-54.9815],[-68.6847,-54.9422],[-68.5753,-54.9422],[-68.5275,-54.9285],[-68.4412,-54.9397],[-68.3351,-55.0104],[-68.3348,-55.0624],[-68.3727,-55.075],[-68.4414,-55.0457],[-68.4313,-55.0788],[-68.5108,-55.1124],[-68.6026,-55.0661],[-68.6202,-55.0866],[-68.5821,-55.0998],[-68.5694,-55.1354],[-68.6161,-55.1523],[-68.8259,-55.1152],[-68.8905,-55.0788],[-68.993,-55.052],[-69.028,-55.0246],[-69.0519,-55.0192],[-69.0619,-55.0446],[-69.057,-55.0608],[-69.005,-55.0632],[-68.9485,-55.1109],[-68.7866,-55.1652],[-68.6088,-55.1754],[-68.564,-55.192],[-68.3831,-55.1845],[-68.3575,-55.2131],[-68.2742,-55.2302],[-68.3288,-55.237],[-68.2092,-55.2629],[-68.2081,-55.2828],[-68.2276,-55.2918],[-68.2747,-55.2797],[-68.4315,-55.2985],[-68.4665,-55.2907],[-68.5001,-55.3115],[-68.6168,-55.3059],[-68.661,-55.2575],[-68.7017,-55.2551],[-68.746,-55.2712],[-68.68,-55.2672],[-68.6715,-55.2814],[-68.6803,-55.2966],[-68.648,-55.3051],[-68.6504,-55.3189],[-68.5616,-55.3263],[-68.6025,-55.36],[-68.448,-55.3263],[-68.3911,-55.3444],[-68.3453,-55.344],[-68.3244,-55.3995],[-68.2762,-55.3792],[-68.2396,-55.3985],[-68.1465,-55.4044],[-68.1501,-55.4418],[-68.1774,-55.4623],[-68.0575,-55.469],[-68.1014,-55.5276],[-68.0511,-55.5551],[-68.0272,-55.5859],[-67.9652,-55.5934],[-67.9993,-55.6275]]],[[[-72.5297,-54.0754],[-72.5433,-54.1],[-72.5744,-54.0955],[-72.6321,-54.0584],[-72.6234,-54.0369],[-72.6355,-54.0236],[-72.7068,-54.081],[-72.7069,-54.1033],[-72.7863,-54.0925],[-72.817,-54.1266],[-72.8431,-54.1336],[-72.9263,-54.1198],[-72.8828,-54.1056],[-72.8851,-54.0839],[-72.9194,-54.0993],[-72.9368,-54.0856],[-73.0089,-54.0925],[-73.0268,-54.0749],[-73.0045,-54.0645],[-72.8263,-54.0678],[-72.796,-54.0584],[-72.8807,-54.0344],[-72.8859,-54.0236],[-72.861,-54.0168],[-72.7624,-54.0305],[-72.8238,-53.9963],[-72.776,-53.9758],[-72.8506,-53.9553],[-72.7829,-53.928],[-72.7431,-53.8937],[-72.6451,-53.8596],[-72.7686,-53.8727],[-72.7277,-53.8386],[-72.8096,-53.8596],[-72.7829,-53.8318],[-72.8017,-53.8175],[-72.8972,-53.8673],[-72.9437,-53.8683],[-72.9655,-53.852],[-73.0073,-53.8737],[-73.0218,-53.8243],[-73.0406,-53.808],[-73.056,-53.8128],[-73.1044,-53.9342],[-73.0362,-53.986],[-73.0983,-54.0379],[-73.1234,-54.0143],[-73.1923,-53.992],[-73.3089,-53.9738],[-73.3378,-53.9553],[-73.2647,-53.9321],[-73.2621,-53.9075],[-73.2364,-53.8966],[-73.2879,-53.8796],[-73.2943,-53.8518],[-73.3131,-53.8445],[-73.3097,-53.8243],[-73.2689,-53.8147],[-73.2528,-53.7861],[-73.3105,-53.7424],[-73.2454,-53.7158],[-73.2749,-53.7009],[-73.5917,-53.756],[-73.4849,-53.7009],[-73.4967,-53.665],[-73.6088,-53.6568],[-73.6153,-53.614],[-73.5847,-53.5828],[-73.4828,-53.588],[-73.4355,-53.5632],[-73.3363,-53.589],[-73.2803,-53.6463],[-73.2042,-53.6662],[-72.9529,-53.6645],[-72.9474,-53.6467],[-72.9585,-53.6332],[-73.0122,-53.6536],[-73.0808,-53.6482],[-73.0293,-53.5847],[-73.081,-53.6025],[-73.1348,-53.6463],[-73.2587,-53.6352],[-73.2912,-53.6059],[-73.2621,-53.558],[-73.34,-53.5479],[-73.4203,-53.4789],[-73.421,-53.4669],[-73.3874,-53.4622],[-73.2978,-53.4828],[-73.2621,-53.5103],[-73.223,-53.4939],[-73.1696,-53.4992],[-73.0771,-53.5307],[-73.1317,-53.4892],[-73.1349,-53.4404],[-73.174,-53.4303],[-73.1752,-53.4208],[-73.0377,-53.3855],[-73.0402,-53.435],[-73.002,-53.4933],[-72.9896,-53.4475],[-73.0156,-53.4073],[-72.9352,-53.4357],[-72.9132,-53.427],[-72.9181,-53.4718],[-72.941,-53.5183],[-72.9298,-53.5305],[-72.9219,-53.5149],[-72.898,-53.5108],[-72.8725,-53.5348],[-72.9132,-53.6232],[-72.8841,-53.6813],[-72.8642,-53.6716],[-72.8678,-53.627],[-72.817,-53.5649],[-72.8149,-53.5392],[-72.8616,-53.4705],[-72.8585,-53.4527],[-72.8238,-53.4755],[-72.7809,-53.483],[-72.7707,-53.5046],[-72.7345,-53.5165],[-72.7482,-53.5444],[-72.6798,-53.5991],[-72.6759,-53.6225],[-72.6961,-53.657],[-72.6786,-53.6733],[-72.6423,-53.6715],[-72.6305,-53.6599],[-72.6344,-53.5976],[-72.673,-53.5369],[-72.5335,-53.5914],[-72.4642,-53.5751],[-72.4368,-53.5953],[-72.4372,-53.6154],[-72.3973,-53.6335],[-72.4018,-53.6502],[-72.4547,-53.6537],[-72.4847,-53.674],[-72.4748,-53.6974],[-72.4381,-53.7055],[-72.4533,-53.7424],[-72.4366,-53.7493],[-72.373,-53.6878],[-72.3475,-53.7101],[-72.2342,-53.7288],[-72.2684,-53.7634],[-72.187,-53.7765],[-72.1387,-53.7976],[-72.2172,-53.8212],[-72.2277,-53.8355],[-72.2204,-53.8517],[-72.2509,-53.8775],[-72.3486,-53.8313],[-72.3918,-53.8454],[-72.3509,-53.8596],[-72.3441,-53.9101],[-72.3509,-53.928],[-72.4198,-53.8971],[-72.4057,-53.9312],[-72.3714,-53.9485],[-72.4198,-53.9695],[-72.3236,-53.9894],[-72.3205,-54.019],[-72.3434,-54.044],[-72.397,-54.0325],[-72.4335,-54.044],[-72.4591,-54.0268],[-72.4533,-53.9894],[-72.4855,-53.9964],[-72.5154,-53.9826],[-72.5328,-54.0236],[-72.5187,-54.0302],[-72.5297,-54.0754]]],[[[-67.8832,-55.2438],[-67.8605,-55.2324],[-67.7386,-55.237],[-67.8627,-55.2023],[-67.8981,-55.1687],[-67.9142,-55.1952],[-67.9378,-55.1824],[-67.9573,-55.2105],[-67.9856,-55.2236],[-68.0819,-55.2331],[-68.1351,-55.2188],[-68.1569,-55.1961],[-68.116,-55.175],[-68.1569,-55.1545],[-68.1881,-55.1044],[-68.1639,-55.0549],[-68.1864,-54.9782],[-68.2629,-54.9953],[-68.3288,-54.9907],[-68.3605,-54.9309],[-68.3453,-54.9211],[-68.2258,-54.9211],[-68.2115,-54.908],[-67.9418,-54.9055],[-67.8058,-54.9138],[-67.7242,-54.9352],[-67.6498,-54.9211],[-67.3018,-54.9289],[-67.1831,-54.968],[-67.0619,-55.072],[-67.0534,-55.0937],[-67.0533,-55.134],[-67.0885,-55.1905],[-67.2256,-55.2911],[-67.2706,-55.3069],[-67.4133,-55.2927],[-67.4512,-55.2716],[-67.4536,-55.2415],[-67.4232,-55.2165],[-67.444,-55.1823],[-67.5029,-55.1721],[-67.6088,-55.1887],[-67.6474,-55.2615],[-67.8006,-55.2643],[-67.8832,-55.2438]]],[[[-70.455,-53.6116],[-70.4732,-53.6653],[-70.4453,-53.7628],[-70.4216,-53.8025],[-70.4313,-53.8266],[-70.4197,-53.8712],[-70.4522,-53.8869],[-70.3363,-54.0074],[-70.3428,-54.0281],[-70.4393,-54.0604],[-70.4957,-54.0332],[-70.6105,-53.9484],[-70.6489,-53.9387],[-70.67,-53.9503],[-70.6711,-53.9677],[-70.5689,-54.0651],[-70.5679,-54.088],[-70.5826,-54.0993],[-70.5388,-54.1342],[-70.5491,-54.1955],[-70.5137,-54.2154],[-70.5404,-54.2216],[-70.6856,-54.1881],[-70.8227,-54.1135],[-70.8065,-54.096],[-70.8842,-54.027],[-70.8975,-53.9312],[-70.8638,-53.9206],[-70.9005,-53.8737],[-70.8575,-53.86],[-70.8815,-53.8423],[-70.7766,-53.8247],[-70.6721,-53.8497],[-70.6344,-53.8733],[-70.6061,-53.8651],[-70.6005,-53.8292],[-70.6993,-53.7872],[-70.6993,-53.7312],[-70.7129,-53.7014],[-70.6637,-53.6856],[-70.5665,-53.6261],[-70.5356,-53.5605],[-70.4695,-53.5663],[-70.455,-53.6116]]],[[[-73.2074,-53.3178],[-73.1397,-53.3278],[-73.0908,-53.3557],[-73.1078,-53.3689],[-73.1894,-53.3582],[-73.2309,-53.3681],[-73.2962,-53.3383],[-73.3173,-53.3526],[-73.3752,-53.3244],[-73.4203,-53.2831],[-73.4781,-53.3246],[-73.5842,-53.3178],[-73.6096,-53.3001],[-73.6036,-53.2932],[-73.5079,-53.301],[-73.4949,-53.2906],[-73.578,-53.2701],[-73.6,-53.2415],[-73.5998,-53.2276],[-73.5842,-53.2223],[-73.6059,-53.2111],[-73.6115,-53.1876],[-73.6546,-53.2066],[-73.6949,-53.1546],[-73.7288,-53.1329],[-73.7146,-53.1671],[-73.7445,-53.1658],[-73.7611,-53.1506],[-73.7698,-53.1091],[-73.8343,-53.1091],[-73.8804,-53.0577],[-73.9231,-53.0803],[-74.0572,-53.0578],[-74.0162,-53.0851],[-74.0863,-53.1049],[-74.1112,-53.0896],[-74.1394,-53.0993],[-74.1697,-53.0898],[-74.2196,-53.0471],[-74.2489,-53.0373],[-74.232,-53.0728],[-74.2399,-53.0829],[-74.3183,-53.0973],[-74.3309,-53.082],[-74.3309,-53.0373],[-74.3549,-53.0305],[-74.3656,-53.0463],[-74.4072,-53.0299],[-74.4072,-52.969],[-74.4993,-52.968],[-74.5171,-52.9616],[-74.5194,-52.941],[-74.5965,-52.9229],[-74.5849,-52.8957],[-74.5916,-52.8796],[-74.5712,-52.8517],[-74.6087,-52.8214],[-74.7085,-52.7856],[-74.7499,-52.7555],[-74.7015,-52.7419],[-74.6915,-52.7185],[-74.6744,-52.7213],[-74.5985,-52.7698],[-74.4892,-52.7971],[-74.5028,-52.825],[-74.4491,-52.8494],[-74.434,-52.8687],[-74.371,-52.8727],[-74.4072,-52.9138],[-74.3588,-52.9479],[-74.3426,-52.9257],[-74.3269,-52.9241],[-74.2615,-52.9602],[-74.236,-52.9479],[-74.2114,-52.9553],[-74.1883,-52.9405],[-74.143,-52.9897],[-74.0839,-52.9616],[-74.1329,-52.9343],[-74.0746,-52.9479],[-74.0299,-52.982],[-74.0256,-52.9636],[-73.9382,-52.9962],[-73.9393,-53.0085],[-73.9753,-53.0094],[-73.9616,-53.0236],[-73.8995,-53.0373],[-73.9023,-53.0123],[-73.8759,-53.0032],[-73.8142,-53.0615],[-73.7897,-53.051],[-73.7555,-53.0575],[-73.6289,-53.1466],[-73.6103,-53.1419],[-73.6458,-53.1007],[-73.66,-53.0578],[-73.6233,-53.0598],[-73.5979,-53.0789],[-73.6013,-53.1091],[-73.5705,-53.1124],[-73.5705,-53.0993],[-73.5512,-53.1184],[-73.5452,-53.1559],[-73.578,-53.1876],[-73.5433,-53.2148],[-73.5333,-53.249],[-73.5163,-53.2614],[-73.5066,-53.2639],[-73.493,-53.2302],[-73.4681,-53.2223],[-73.5023,-53.1876],[-73.4853,-53.1711],[-73.4977,-53.1432],[-73.4595,-53.1329],[-73.422,-53.1524],[-73.4334,-53.1671],[-73.3986,-53.171],[-73.3924,-53.1808],[-73.4061,-53.1876],[-73.3552,-53.2045],[-73.3117,-53.2389],[-73.3719,-53.2428],[-73.3583,-53.2564],[-73.366,-53.2712],[-73.2665,-53.2687],[-73.1944,-53.3041],[-73.2074,-53.3178]]],[[[-71.6309,-54.0788],[-71.6571,-53.9832],[-71.6122,-53.948],[-71.5544,-53.9418],[-71.5148,-53.9894],[-71.5008,-53.9871],[-71.4857,-53.9461],[-71.4633,-53.9416],[-71.4565,-53.9792],[-71.3964,-54.0628],[-71.3793,-54.0412],[-71.3769,-54.004],[-71.3988,-53.9758],[-71.338,-53.9763],[-71.2821,-54.0099],[-71.2611,-54.0743],[-71.2889,-54.1061],[-71.2534,-54.1116],[-71.2211,-54.1847],[-71.2119,-54.1842],[-71.2145,-54.1501],[-71.1797,-54.0856],[-71.1636,-54.0865],[-71.1722,-54.1508],[-71.1551,-54.1554],[-71.1381,-54.144],[-71.1307,-54.0829],[-71.1125,-54.0705],[-71.0698,-54.0651],[-71.0162,-54.0954],[-71.0214,-54.148],[-71.0624,-54.2023],[-71.0455,-54.2016],[-71.005,-54.1664],[-70.9933,-54.2238],[-71.028,-54.2374],[-70.9901,-54.2658],[-71.0203,-54.2857],[-71.0624,-54.2911],[-71.0429,-54.3134],[-71.0565,-54.33],[-71.1579,-54.2973],[-71.1417,-54.3166],[-71.0828,-54.3351],[-71.1065,-54.3766],[-71.1483,-54.3798],[-71.1768,-54.3277],[-71.1927,-54.3668],[-71.2075,-54.3692],[-71.2952,-54.3178],[-71.3475,-54.3092],[-71.3578,-54.2973],[-71.3477,-54.2848],[-71.3088,-54.2911],[-71.2712,-54.27],[-71.2405,-54.2774],[-71.2436,-54.2498],[-71.2132,-54.2291],[-71.2385,-54.2167],[-71.2643,-54.2468],[-71.3008,-54.2614],[-71.3298,-54.2291],[-71.3317,-54.204],[-71.3548,-54.2446],[-71.411,-54.2333],[-71.446,-54.1853],[-71.3714,-54.1539],[-71.4134,-54.152],[-71.4049,-54.1266],[-71.4166,-54.11],[-71.4321,-54.1345],[-71.508,-54.1403],[-71.4813,-54.1713],[-71.5096,-54.1868],[-71.4999,-54.211],[-71.5353,-54.2223],[-71.5421,-54.27],[-71.5756,-54.2555],[-71.5968,-54.2291],[-71.5496,-54.1818],[-71.6005,-54.1955],[-71.6212,-54.2359],[-71.6515,-54.232],[-71.6998,-54.1662],[-71.6723,-54.132],[-71.5963,-54.0878],[-71.6309,-54.0788]]],[[[-72.0151,-54.2023],[-72.1107,-54.1539],[-72.0424,-54.1403],[-72.1244,-54.1335],[-72.1146,-54.1169],[-72.0424,-54.1135],[-72.0868,-54.0959],[-72.1039,-54.0584],[-72.1691,-54.1027],[-72.2053,-54.0919],[-72.228,-54.0584],[-72.2032,-53.9963],[-72.2397,-53.9806],[-72.2591,-53.9299],[-72.128,-53.9342],[-72.1008,-53.9728],[-72.0648,-53.9836],[-72.0572,-53.9684],[-72.0834,-53.9485],[-72.0424,-53.9621],[-72.0397,-53.9347],[-72.0021,-53.9029],[-72.0083,-53.8864],[-71.9605,-53.8938],[-71.9952,-53.8659],[-71.9457,-53.8528],[-71.9039,-53.8617],[-71.8301,-53.9206],[-71.8519,-53.9741],[-71.8301,-53.9695],[-71.7926,-53.8971],[-71.7654,-53.9074],[-71.7273,-53.8986],[-71.6529,-53.9264],[-71.7132,-53.9687],[-71.7922,-53.998],[-71.7619,-54.0037],[-71.7006,-53.9854],[-71.702,-54.0307],[-71.7687,-54.0514],[-71.7271,-54.0584],[-71.7408,-54.0856],[-71.6632,-54.0724],[-71.652,-54.089],[-71.7134,-54.1477],[-71.7661,-54.164],[-71.8081,-54.1481],[-71.9079,-54.0572],[-71.9263,-54.0388],[-71.9255,-54.0079],[-71.9523,-54.0149],[-71.9501,-54.0502],[-71.9155,-54.1168],[-71.837,-54.1613],[-71.7983,-54.2092],[-71.7445,-54.2311],[-71.7619,-54.2631],[-71.837,-54.2494],[-71.8472,-54.2727],[-71.8711,-54.2836],[-71.8301,-54.2973],[-71.8574,-54.3116],[-71.8301,-54.3315],[-71.9879,-54.3178],[-71.9623,-54.2978],[-71.9369,-54.2459],[-71.9053,-54.2291],[-71.9586,-54.205],[-72.0151,-54.2023]]],[[[-75.0406,-50.2895],[-75.0941,-50.3244],[-75.1198,-50.3168],[-75.1149,-50.3408],[-75.1808,-50.3808],[-75.2229,-50.4365],[-75.3212,-50.4275],[-75.3232,-50.4003],[-75.2537,-50.3625],[-75.1949,-50.3025],[-75.3078,-50.3474],[-75.3082,-50.3333],[-75.2852,-50.3154],[-75.3046,-50.3053],[-75.3253,-50.3298],[-75.3696,-50.3298],[-75.4327,-50.3674],[-75.4549,-50.3639],[-75.4451,-50.2766],[-75.4009,-50.258],[-75.4202,-50.2224],[-75.3905,-50.1623],[-75.3479,-50.1452],[-75.2679,-50.1586],[-75.2561,-50.1702],[-75.2662,-50.184],[-75.3526,-50.2008],[-75.3189,-50.2262],[-75.2947,-50.2175],[-75.2706,-50.2486],[-75.1793,-50.2558],[-75.1465,-50.2486],[-75.1567,-50.2214],[-75.1198,-50.1388],[-75.188,-50.1642],[-75.2587,-50.1235],[-75.3048,-50.1251],[-75.3575,-50.0826],[-75.3833,-50.0766],[-75.4004,-50.0392],[-75.3526,-50.0357],[-75.3253,-50.0016],[-75.297,-50.0029],[-75.2857,-50.009],[-75.2916,-50.0289],[-75.2715,-50.0671],[-75.2296,-50.0289],[-75.2017,-50.0357],[-75.1571,-50.0214],[-75.1287,-50.0296],[-75.1334,-50.0834],[-75.1218,-50.093],[-75.085,-50.0766],[-75.0521,-50.1252],[-75.0352,-50.1213],[-75.0298,-50.1039],[-74.9878,-50.0925],[-74.9772,-50.0722],[-74.9533,-50.0798],[-74.9521,-50.1088],[-75.0714,-50.1865],[-74.9801,-50.1652],[-74.928,-50.1728],[-74.9011,-50.1526],[-74.8695,-50.1583],[-74.8448,-50.1388],[-74.8591,-50.1176],[-74.7997,-50.1254],[-74.7937,-50.1699],[-74.8159,-50.1955],[-74.8113,-50.2138],[-74.9424,-50.2201],[-74.9522,-50.2568],[-75.0406,-50.2895]]],[[[-74.3856,-50.9811],[-74.3803,-51.0275],[-74.3893,-51.0383],[-74.4072,-51.0219],[-74.3983,-51.0868],[-74.4447,-51.0144],[-74.4755,-50.9946],[-74.5364,-51.0219],[-74.6344,-51.0401],[-74.6263,-51.0871],[-74.7255,-51.1051],[-74.75,-51.0925],[-74.756,-51.0764],[-74.7369,-51.0646],[-74.7499,-51.0424],[-74.6915,-51.0266],[-74.681,-51.0082],[-74.7448,-51.01],[-74.7746,-50.9933],[-74.7803,-51.039],[-74.8001,-51.0654],[-74.8319,-51.0764],[-74.8932,-51.0492],[-74.838,-50.9742],[-74.9005,-50.9588],[-74.9452,-50.9828],[-74.9615,-50.9742],[-74.9664,-50.9499],[-74.9547,-50.9257],[-74.9001,-50.9195],[-74.9309,-50.8946],[-74.9032,-50.8854],[-74.6959,-50.9177],[-74.6605,-50.9332],[-74.6445,-50.9192],[-74.6255,-50.9249],[-74.5848,-50.8854],[-74.6405,-50.8854],[-74.6567,-50.8748],[-74.6431,-50.8478],[-74.569,-50.8329],[-74.5581,-50.8171],[-74.6068,-50.8116],[-74.6326,-50.7761],[-74.678,-50.7463],[-74.6793,-50.7353],[-74.6605,-50.7277],[-74.5506,-50.7516],[-74.4873,-50.7822],[-74.4662,-50.8238],[-74.4193,-50.8297],[-74.3998,-50.8444],[-74.3949,-50.8698],[-74.4346,-50.9257],[-74.3856,-50.9811]]],[[[-73.8374,-52.7009],[-73.9132,-52.7214],[-73.9547,-52.7077],[-73.9398,-52.676],[-73.8449,-52.5978],[-73.959,-52.6562],[-73.982,-52.653],[-73.9822,-52.6325],[-73.9669,-52.6165],[-73.8722,-52.5501],[-73.994,-52.6119],[-74.0382,-52.6567],[-74.1234,-52.7066],[-74.1433,-52.707],[-74.147,-52.6966],[-74.1278,-52.6659],[-74.1815,-52.6479],[-74.1844,-52.5868],[-74.0497,-52.5637],[-73.944,-52.4828],[-73.9481,-52.47],[-73.9871,-52.4668],[-74.0342,-52.476],[-74.0423,-52.4512],[-74.0297,-52.4299],[-73.9377,-52.4249],[-73.8949,-52.4081],[-73.7897,-52.4278],[-73.7746,-52.408],[-73.7252,-52.4047],[-73.677,-52.4851],[-73.7242,-52.5178],[-73.7397,-52.5455],[-73.7873,-52.5543],[-73.7369,-52.5929],[-73.7485,-52.6279],[-73.7965,-52.6872],[-73.8374,-52.7009]]],[[[-70.2952,-55.0825],[-70.2672,-55.1129],[-70.3384,-55.1285],[-70.3775,-55.0883],[-70.4181,-55.0788],[-70.3976,-55.1066],[-70.4525,-55.1052],[-70.446,-55.1271],[-70.3844,-55.1445],[-70.3703,-55.1619],[-70.446,-55.175],[-70.4945,-55.2096],[-70.4957,-55.1674],[-70.5385,-55.1545],[-70.5483,-55.1608],[-70.524,-55.1939],[-70.5279,-55.2096],[-70.5481,-55.2136],[-70.567,-55.177],[-70.5641,-55.1403],[-70.5137,-55.1066],[-70.5627,-55.0911],[-70.5901,-55.0505],[-70.6173,-55.0583],[-70.59,-55.0732],[-70.6453,-55.0732],[-70.6666,-55.1066],[-70.7158,-55.1228],[-70.7477,-55.0998],[-70.7225,-55.0685],[-70.729,-55.054],[-70.7545,-55.052],[-70.8153,-55.0862],[-70.8568,-55.0585],[-70.9122,-55.0788],[-71.0072,-55.0446],[-70.9911,-55.0336],[-70.9935,-55.0036],[-70.9303,-55.0012],[-70.919,-54.9907],[-71.0128,-54.965],[-70.9872,-54.9484],[-70.9054,-54.9484],[-70.8644,-54.9308],[-70.8501,-54.9342],[-70.8641,-54.9656],[-70.7955,-54.9763],[-70.7886,-54.9322],[-70.7061,-54.9689],[-70.5627,-54.9689],[-70.6151,-54.9532],[-70.6105,-54.9422],[-70.4921,-54.9],[-70.3505,-54.8937],[-70.3157,-54.908],[-70.4938,-54.9422],[-70.5054,-54.9508],[-70.5097,-54.9882],[-70.5245,-54.9968],[-70.5972,-54.9865],[-70.5968,-55.0036],[-70.6615,-55.0002],[-70.7197,-54.9832],[-70.7298,-55.0134],[-70.6514,-55.0309],[-70.5658,-55.0309],[-70.5079,-55.0168],[-70.4869,-55.0241],[-70.5137,-55.0309],[-70.4936,-55.0406],[-70.4081,-55.052],[-70.3634,-55.0309],[-70.3094,-55.0279],[-70.2777,-55.0485],[-70.3429,-55.0691],[-70.2952,-55.0825]]],[[[-74.3104,-50.8342],[-74.3222,-50.8459],[-74.3738,-50.8274],[-74.4248,-50.7615],[-74.3998,-50.7482],[-74.5171,-50.7316],[-74.5028,-50.7004],[-74.5438,-50.6902],[-74.5812,-50.6336],[-74.5301,-50.6042],[-74.5134,-50.5769],[-74.4653,-50.57],[-74.4687,-50.5359],[-74.4203,-50.5285],[-74.444,-50.5156],[-74.4687,-50.5222],[-74.5796,-50.5014],[-74.6052,-50.4738],[-74.6396,-50.4819],[-74.6735,-50.4738],[-74.6106,-50.4386],[-74.5525,-50.4239],[-74.5372,-50.4246],[-74.4767,-50.4763],[-74.3831,-50.456],[-74.3475,-50.5117],[-74.3327,-50.5773],[-74.2711,-50.6243],[-74.239,-50.6762],[-74.4271,-50.6526],[-74.2982,-50.6921],[-74.2781,-50.7204],[-74.2226,-50.7216],[-74.1813,-50.7823],[-74.1861,-50.8331],[-74.1992,-50.8483],[-74.2367,-50.8411],[-74.2427,-50.8054],[-74.2694,-50.7866],[-74.3155,-50.8007],[-74.3104,-50.8342]]],[[[-69.9042,-54.9968],[-69.9488,-54.9726],[-69.9503,-54.9529],[-69.8427,-54.9422],[-69.9247,-54.9142],[-69.9283,-54.8976],[-69.9156,-54.8869],[-69.8363,-54.8722],[-69.7856,-54.9065],[-69.7744,-54.9558],[-69.7509,-54.9381],[-69.7135,-54.9488],[-69.7025,-54.9313],[-69.7335,-54.9142],[-69.6919,-54.9142],[-69.7136,-54.8958],[-69.7744,-54.8795],[-69.7283,-54.8645],[-69.5137,-54.8937],[-69.5093,-54.9081],[-69.53,-54.9461],[-69.5022,-54.9467],[-69.4264,-54.8996],[-69.2349,-54.9319],[-69.1643,-54.9558],[-69.2597,-54.9709],[-69.3561,-54.9558],[-69.3319,-54.9797],[-69.4425,-54.9985],[-69.5001,-54.9763],[-69.4849,-54.9955],[-69.4986,-55.0058],[-69.6024,-55.0036],[-69.6373,-55.0241],[-69.7764,-55.0346],[-69.816,-55.0167],[-69.8622,-55.039],[-69.9178,-55.0383],[-69.9023,-55.0175],[-69.9042,-54.9968]]],[[[-75.4481,-49.775],[-75.5402,-49.8082],[-75.5441,-49.8367],[-75.6174,-49.8642],[-75.6349,-49.8279],[-75.6203,-49.8095],[-75.6355,-49.7817],[-75.6268,-49.7563],[-75.555,-49.7343],[-75.5253,-49.7397],[-75.5108,-49.7182],[-75.5214,-49.7051],[-75.5635,-49.7075],[-75.5867,-49.688],[-75.5815,-49.6427],[-75.6135,-49.6364],[-75.548,-49.589],[-75.4975,-49.5835],[-75.5044,-49.557],[-75.3553,-49.6102],[-75.2974,-49.7067],[-75.2742,-49.7148],[-75.2536,-49.7604],[-75.2113,-49.7927],[-75.1779,-49.8842],[-75.1807,-49.9054],[-75.2359,-49.8712],[-75.2628,-49.8346],[-75.2843,-49.8295],[-75.2648,-49.874],[-75.2704,-49.898],[-75.3397,-49.8596],[-75.3673,-49.8289],[-75.3757,-49.7986],[-75.3458,-49.7818],[-75.3662,-49.7203],[-75.3845,-49.7482],[-75.4313,-49.7584],[-75.4481,-49.775]]],[[[-74.739,-51.3686],[-74.7987,-51.4323],[-74.9063,-51.4533],[-74.9455,-51.4489],[-74.9854,-51.4745],[-75.0242,-51.4562],[-75.0032,-51.4313],[-74.8703,-51.3775],[-74.7983,-51.33],[-74.7908,-51.3175],[-74.9218,-51.3637],[-74.9513,-51.3617],[-74.9638,-51.3437],[-74.9342,-51.3036],[-74.838,-51.2758],[-74.8363,-51.2551],[-74.7931,-51.2112],[-74.7604,-51.214],[-74.7151,-51.1938],[-74.6431,-51.197],[-74.6019,-51.206],[-74.5557,-51.2504],[-74.549,-51.2844],[-74.6263,-51.2621],[-74.6239,-51.2809],[-74.5438,-51.3652],[-74.5942,-51.3995],[-74.6232,-51.407],[-74.6462,-51.3925],[-74.6431,-51.3617],[-74.6795,-51.3279],[-74.6872,-51.2833],[-74.7179,-51.3141],[-74.7356,-51.2962],[-74.7407,-51.3166],[-74.7246,-51.3412],[-74.739,-51.3686]]],[[[-74.8898,-52.002],[-74.904,-52.0068],[-74.8864,-52.0431],[-74.9642,-52.1176],[-74.9739,-52.0997],[-74.9479,-52.0566],[-75.014,-52.1041],[-75.0236,-52.0846],[-74.9923,-52.0656],[-74.9752,-52.0362],[-75.0069,-52.0362],[-75.0714,-51.9821],[-74.969,-51.9269],[-75.0244,-51.9333],[-75.0372,-51.9207],[-74.9575,-51.8156],[-74.9205,-51.8375],[-74.9335,-51.8564],[-74.8653,-51.8791],[-74.8319,-51.8375],[-74.8675,-51.8318],[-74.8523,-51.8034],[-74.8864,-51.773],[-74.8448,-51.7624],[-74.8645,-51.7355],[-74.8523,-51.7072],[-74.9001,-51.7009],[-74.8864,-51.673],[-74.9222,-51.6559],[-74.9252,-51.636],[-74.9034,-51.621],[-74.8653,-51.6183],[-74.8728,-51.6252],[-74.8564,-51.6381],[-74.838,-51.6457],[-74.8072,-51.6342],[-74.7834,-51.6594],[-74.7904,-51.6794],[-74.7772,-51.7138],[-74.7908,-51.7282],[-74.776,-51.738],[-74.7629,-51.7829],[-74.7908,-51.7897],[-74.7876,-51.8193],[-74.8319,-51.8962],[-74.8343,-51.9474],[-74.8898,-52.002]]],[[[-75.126,-50.4943],[-75.0974,-50.4972],[-75.1295,-50.5427],[-75.1745,-50.553],[-75.1807,-50.57],[-75.2154,-50.5564],[-75.2025,-50.593],[-75.2689,-50.5898],[-75.3215,-50.549],[-75.3456,-50.5607],[-75.2709,-50.6205],[-75.2904,-50.6458],[-75.3048,-50.6458],[-75.2632,-50.6663],[-75.283,-50.6862],[-75.2823,-50.7161],[-75.3048,-50.714],[-75.2746,-50.7541],[-75.2906,-50.7818],[-75.3251,-50.789],[-75.3363,-50.7408],[-75.3865,-50.7721],[-75.4618,-50.7625],[-75.4339,-50.742],[-75.455,-50.7123],[-75.412,-50.6946],[-75.4071,-50.6738],[-75.4966,-50.6725],[-75.5138,-50.6491],[-75.4758,-50.6443],[-75.456,-50.6064],[-75.373,-50.611],[-75.3799,-50.5905],[-75.3594,-50.5905],[-75.4069,-50.5382],[-75.4339,-50.5359],[-75.4276,-50.5148],[-75.453,-50.5115],[-75.4686,-50.4943],[-75.4242,-50.4838],[-75.4038,-50.4601],[-75.382,-50.464],[-75.3526,-50.5012],[-75.3309,-50.4665],[-75.2999,-50.4738],[-75.2768,-50.5012],[-75.2563,-50.4881],[-75.2154,-50.5086],[-75.1949,-50.4943],[-75.126,-50.4943]]],[[[-75.2154,-49.0146],[-75.2076,-49.0346],[-75.2281,-49.0661],[-75.276,-49.0632],[-75.3165,-48.9537],[-75.3639,-48.9667],[-75.373,-48.9526],[-75.3799,-48.968],[-75.4177,-48.9767],[-75.4651,-49.0364],[-75.4993,-49.0392],[-75.5333,-49.0195],[-75.4686,-48.9526],[-75.5438,-48.9866],[-75.5974,-48.9877],[-75.6474,-48.9669],[-75.6549,-48.9111],[-75.6147,-48.8587],[-75.5966,-48.858],[-75.5853,-48.8774],[-75.5682,-48.8525],[-75.5375,-48.8632],[-75.5407,-48.8337],[-75.4686,-48.8427],[-75.5273,-48.9081],[-75.5111,-48.9086],[-75.3942,-48.829],[-75.4245,-48.8632],[-75.4216,-48.8842],[-75.4071,-48.8774],[-75.3924,-48.9067],[-75.3594,-48.9184],[-75.3833,-48.8796],[-75.3793,-48.8522],[-75.306,-48.8649],[-75.2693,-48.9079],[-75.2359,-49.0009],[-75.2154,-49.0146]]],[[[-74.1225,-52.3977],[-74.1873,-52.3674],[-74.1981,-52.353],[-74.1875,-52.3242],[-74.2454,-52.3166],[-74.1937,-52.28],[-74.236,-52.2483],[-74.2071,-52.2263],[-74.105,-52.2483],[-74.2217,-52.1869],[-74.1459,-52.1938],[-74.2834,-52.1459],[-74.3599,-52.1642],[-74.4147,-52.143],[-74.4169,-52.129],[-74.3446,-52.0908],[-74.2868,-52.0886],[-74.1191,-52.1818],[-73.9357,-52.3249],[-73.982,-52.3316],[-73.9678,-52.3447],[-74.0394,-52.3442],[-74.036,-52.3582],[-74.058,-52.3746],[-74.1225,-52.3977]]],[[[-74.9032,-49.0768],[-74.8905,-49.0955],[-74.8949,-49.1376],[-74.9205,-49.2726],[-74.9357,-49.2805],[-75.06,-49.1965],[-75.0788,-49.1723],[-75.0577,-49.1655],[-75.0898,-49.1584],[-75.2017,-49.1723],[-75.167,-49.145],[-75.1198,-49.1313],[-75.2356,-49.145],[-75.2296,-49.117],[-75.1584,-49.051],[-75.0987,-49.0488],[-75.126,-49.0214],[-74.9997,-49.0798],[-74.9901,-49.0766],[-74.9833,-49.0309],[-74.972,-49.0317],[-74.9032,-49.0768]]],[[[-75.0236,-51.331],[-74.9962,-51.3617],[-75.0162,-51.4135],[-75.0708,-51.4006],[-75.116,-51.4732],[-75.1608,-51.4267],[-75.1334,-51.5328],[-75.1418,-51.565],[-75.1624,-51.5732],[-75.2154,-51.5495],[-75.2209,-51.5748],[-75.2058,-51.6017],[-75.3129,-51.6292],[-75.3253,-51.5774],[-75.3147,-51.5366],[-75.2253,-51.4907],[-75.2206,-51.4128],[-75.1874,-51.3754],[-75.2079,-51.3652],[-75.2198,-51.3054],[-75.1424,-51.2638],[-75.126,-51.2702],[-75.1488,-51.3671],[-75.1298,-51.3617],[-75.1024,-51.2962],[-75.0577,-51.331],[-75.0236,-51.331]]],[[[-74.6726,-52.3905],[-74.7035,-52.3859],[-74.7019,-52.3496],[-74.7133,-52.3428],[-74.7445,-52.3418],[-74.7555,-52.3651],[-74.7841,-52.3679],[-74.8154,-52.3504],[-74.8204,-52.3221],[-74.8007,-52.3018],[-74.8067,-52.2842],[-74.9063,-52.2348],[-74.9116,-52.2028],[-74.879,-52.1869],[-74.8152,-52.2366],[-74.7595,-52.2143],[-74.6207,-52.2043],[-74.5444,-52.2462],[-74.5361,-52.2719],[-74.5938,-52.3948],[-74.6726,-52.3905]]],[[[-75.558,-49.2473],[-75.6351,-49.2289],[-75.661,-49.2057],[-75.6201,-49.2126],[-75.6301,-49.1847],[-75.6073,-49.1511],[-75.5307,-49.1108],[-75.5511,-49.145],[-75.505,-49.1326],[-75.4966,-49.1244],[-75.5238,-49.1244],[-75.4632,-49.091],[-75.4481,-49.0964],[-75.414,-49.0624],[-75.443,-49.0556],[-75.407,-49.0077],[-75.3373,-48.9894],[-75.338,-49.0235],[-75.373,-49.0562],[-75.3253,-49.0488],[-75.2874,-49.0866],[-75.3159,-49.1335],[-75.3389,-49.1464],[-75.3458,-49.1244],[-75.4038,-49.1866],[-75.4205,-49.1813],[-75.4217,-49.1679],[-75.4004,-49.1313],[-75.4152,-49.1349],[-75.4339,-49.1723],[-75.4618,-49.1791],[-75.4822,-49.22],[-75.4761,-49.2399],[-75.4938,-49.2634],[-75.5238,-49.2678],[-75.558,-49.2473]]],[[[-73.7077,-52.1869],[-73.6879,-52.2081],[-73.6941,-52.2423],[-73.8712,-52.0949],[-74.0902,-52.01],[-74.1124,-51.9946],[-74.0435,-52.0089],[-74.1102,-51.9689],[-74.0985,-51.9538],[-74.0777,-51.9548],[-74.0944,-51.927],[-74.0572,-51.9269],[-74.0642,-51.9109],[-74.0533,-51.9085],[-74.035,-51.9145],[-73.784,-52.0597],[-73.7267,-52.1257],[-73.7077,-52.1596],[-73.7077,-52.1869]]],[[[-73.9439,-51.7413],[-73.9285,-51.7763],[-74.0146,-51.7997],[-74.0496,-51.7934],[-74.2406,-51.6985],[-74.2191,-51.6713],[-74.1937,-51.6804],[-74.1833,-51.6677],[-74.1391,-51.6668],[-74.1341,-51.6399],[-74.1496,-51.6042],[-74.0714,-51.6048],[-74.105,-51.5533],[-74.0981,-51.539],[-74.0821,-51.5382],[-74.0497,-51.5569],[-74.0255,-51.6301],[-73.9927,-51.6632],[-74.0088,-51.7146],[-73.9439,-51.7413]]],[[[-74.9063,-50.7966],[-74.9616,-50.7692],[-74.9479,-50.7625],[-74.959,-50.7283],[-74.9263,-50.7254],[-74.8448,-50.7482],[-74.8541,-50.7311],[-74.8944,-50.7161],[-74.9063,-50.7004],[-74.9011,-50.676],[-74.8319,-50.7072],[-74.8224,-50.6955],[-74.8285,-50.6651],[-74.8045,-50.6663],[-74.7424,-50.7072],[-74.756,-50.7551],[-74.7151,-50.8028],[-74.7772,-50.8028],[-74.7274,-50.8338],[-74.7182,-50.8615],[-74.6735,-50.8102],[-74.6605,-50.8239],[-74.693,-50.8901],[-74.782,-50.882],[-74.9313,-50.851],[-74.9416,-50.8376],[-74.8591,-50.8239],[-74.9261,-50.8108],[-74.9416,-50.7966],[-74.9063,-50.7966]]],[[[-74.4346,-51.8449],[-74.4097,-51.8087],[-74.4574,-51.7875],[-74.4481,-51.7624],[-74.5096,-51.7146],[-74.5028,-51.7072],[-74.3758,-51.7423],[-74.3719,-51.7692],[-74.3179,-51.7624],[-74.3302,-51.7802],[-74.3116,-51.7866],[-74.3141,-51.8139],[-74.2287,-51.8196],[-74.2149,-51.8375],[-74.1739,-51.8375],[-74.1631,-51.8556],[-74.2217,-51.8722],[-74.1608,-51.8864],[-74.0963,-51.8774],[-74.1459,-51.9474],[-74.1947,-51.9503],[-74.3064,-51.9129],[-74.3213,-51.8956],[-74.3695,-51.8913],[-74.3921,-51.8635],[-74.4346,-51.8449]]],[[[-70.9838,-54.9285],[-71.0146,-54.9211],[-71.0351,-54.9422],[-71.0643,-54.9496],[-71.1517,-54.9342],[-71.0902,-54.908],[-71.1207,-54.8923],[-71.2048,-54.9064],[-71.2098,-54.8679],[-71.279,-54.8654],[-71.2895,-54.8857],[-71.3088,-54.8869],[-71.3182,-54.9416],[-71.351,-54.9544],[-71.3612,-54.9402],[-71.3346,-54.9023],[-71.3503,-54.9006],[-71.4028,-54.9426],[-71.426,-54.9025],[-71.4596,-54.8795],[-71.4049,-54.8591],[-71.4165,-54.8359],[-71.4041,-54.8298],[-71.3578,-54.8251],[-71.3102,-54.8405],[-71.2035,-54.846],[-71.1654,-54.8323],[-71.1478,-54.84],[-71.1449,-54.8591],[-71.0779,-54.8801],[-71.0062,-54.8577],[-70.9774,-54.8793],[-70.9469,-54.8733],[-70.9662,-54.908],[-70.9115,-54.9211],[-70.9838,-54.9285]]],[[[-73.7698,-52.3793],[-73.8287,-52.3937],[-73.8727,-52.3762],[-73.8859,-52.362],[-73.8245,-52.3385],[-74.0026,-52.2558],[-74.0537,-52.2013],[-74.0929,-52.1852],[-74.0928,-52.1666],[-74.0792,-52.1477],[-74.0422,-52.1413],[-74.0162,-52.1596],[-73.9896,-52.1596],[-73.9503,-52.1974],[-73.8153,-52.2411],[-73.776,-52.2866],[-73.7965,-52.3316],[-73.7493,-52.3577],[-73.7698,-52.3793]]],[[[-73.3924,-53.414],[-73.488,-53.4516],[-73.5091,-53.4755],[-73.4679,-53.4719],[-73.3924,-53.5307],[-73.4133,-53.5451],[-73.444,-53.5444],[-73.4818,-53.5717],[-73.5072,-53.5686],[-73.5433,-53.5103],[-73.5525,-53.5405],[-73.578,-53.5444],[-73.5942,-53.5265],[-73.6497,-53.5165],[-73.7077,-53.4755],[-73.7794,-53.455],[-73.8033,-53.4345],[-73.7982,-53.4186],[-73.7794,-53.4208],[-73.6912,-53.4672],[-73.6392,-53.468],[-73.5749,-53.4911],[-73.5637,-53.4824],[-73.619,-53.455],[-73.537,-53.455],[-73.5979,-53.424],[-73.5926,-53.3858],[-73.5467,-53.4073],[-73.4485,-53.3915],[-73.3924,-53.414]]],[[[-74.7499,-52.0431],[-74.7829,-52.0829],[-74.838,-52.0908],[-74.8362,-52.1121],[-74.8506,-52.1301],[-74.8707,-52.1371],[-74.8964,-52.1131],[-74.8591,-52.0566],[-74.7834,-52.0089],[-74.8356,-52.0157],[-74.8449,-51.9968],[-74.7509,-51.8339],[-74.7283,-51.8388],[-74.7287,-51.8722],[-74.6605,-51.8688],[-74.5985,-51.8375],[-74.6409,-51.8982],[-74.7279,-51.9688],[-74.7356,-51.9821],[-74.681,-51.9684],[-74.7499,-52.0431]]],[[[-73.8151,-51.8641],[-73.7695,-51.8276],[-73.7183,-51.8489],[-73.6977,-51.9078],[-73.6998,-51.9431],[-73.7208,-51.9383],[-73.7038,-51.976],[-73.7135,-51.996],[-73.7384,-52.0113],[-73.7671,-52.0053],[-73.8371,-51.9439],[-73.8387,-51.9168],[-73.9436,-51.8929],[-73.9794,-51.8385],[-73.9659,-51.8186],[-73.9007,-51.8036],[-73.8151,-51.8641]]],[[[-67.3761,-55.7509],[-67.4034,-55.7442],[-67.4455,-55.7626],[-67.4648,-55.7442],[-67.5518,-55.7356],[-67.5815,-55.7094],[-67.5507,-55.7062],[-67.5391,-55.6601],[-67.5058,-55.6541],[-67.435,-55.6829],[-67.4206,-55.7075],[-67.4068,-55.6994],[-67.4034,-55.6479],[-67.4329,-55.6238],[-67.432,-55.5955],[-67.3487,-55.5756],[-67.3618,-55.5934],[-67.3483,-55.6004],[-67.3452,-55.6334],[-67.3209,-55.6541],[-67.35,-55.672],[-67.3618,-55.7062],[-67.2699,-55.7162],[-67.2799,-55.7408],[-67.2526,-55.7639],[-67.2648,-55.7778],[-67.3414,-55.7919],[-67.343,-55.7586],[-67.3761,-55.7509]]],[[[-74.9703,-50.2875],[-74.9266,-50.2754],[-74.8893,-50.2949],[-74.9625,-50.3583],[-74.9544,-50.3882],[-74.9763,-50.4329],[-75.0445,-50.476],[-75.1716,-50.4622],[-75.1685,-50.4304],[-75.1212,-50.3821],[-74.9703,-50.2875]]],[[[-72.2969,-54.0788],[-72.2397,-54.1121],[-72.2417,-54.1266],[-72.2063,-54.1477],[-72.247,-54.1486],[-72.2506,-54.1975],[-72.2967,-54.2009],[-72.3015,-54.2514],[-72.3485,-54.2494],[-72.3785,-54.2238],[-72.4265,-54.2547],[-72.5017,-54.2428],[-72.4813,-54.2154],[-72.5154,-54.2023],[-72.4401,-54.1713],[-72.3448,-54.1596],[-72.3304,-54.1403],[-72.3918,-54.1477],[-72.3897,-54.1288],[-72.2969,-54.1135],[-72.3931,-54.0945],[-72.3146,-54.0631],[-72.2969,-54.0788]]],[[[-75.1058,-48.9699],[-75.194,-48.9957],[-75.223,-48.9789],[-75.2471,-48.9246],[-75.2489,-48.8933],[-75.2359,-48.8707],[-75.2808,-48.8532],[-75.3082,-48.7949],[-75.2106,-48.8118],[-75.0914,-48.8707],[-75.0788,-48.8946],[-75.0907,-48.9145],[-75.1396,-48.9218],[-75.1129,-48.9389],[-75.0787,-48.9294],[-75.0644,-48.9483],[-75.0728,-48.9703],[-75.1058,-48.9699]]],[[[-67.5016,-55.8211],[-67.4816,-55.8077],[-67.472,-55.8426],[-67.5073,-55.8303],[-67.5316,-55.8408],[-67.5439,-55.8898],[-67.5681,-55.8989],[-67.5945,-55.8845],[-67.6218,-55.9185],[-67.6469,-55.9041],[-67.632,-55.8594],[-67.6753,-55.8611],[-67.6936,-55.8895],[-67.7313,-55.8771],[-67.721,-55.8686],[-67.7484,-55.8492],[-67.7933,-55.8724],[-67.8028,-55.898],[-67.8366,-55.8799],[-67.8773,-55.8852],[-67.9036,-55.8743],[-67.9139,-55.8366],[-67.8006,-55.8124],[-67.7352,-55.8266],[-67.6704,-55.8157],[-67.5606,-55.838],[-67.5891,-55.8021],[-67.5133,-55.8096],[-67.5016,-55.8211]]],[[[-74.2489,-51.2348],[-74.2846,-51.2356],[-74.2854,-51.1965],[-74.3329,-51.0322],[-74.3218,-50.9648],[-74.352,-50.9257],[-74.3227,-50.9216],[-74.3013,-50.9392],[-74.2762,-51.0239],[-74.1969,-51.1754],[-74.2006,-51.2001],[-74.2489,-51.2348]]],[[[-66.8553,-55.2712],[-66.8296,-55.2825],[-66.8396,-55.3025],[-66.8963,-55.3326],[-66.9381,-55.3346],[-67.0602,-55.3263],[-67.0501,-55.3073],[-67.0745,-55.278],[-67.0394,-55.2436],[-66.9923,-55.2287],[-66.8653,-55.233],[-66.8494,-55.2535],[-66.8553,-55.2712]]],[[[-74.4203,-51.1113],[-74.3945,-51.1222],[-74.3854,-51.1437],[-74.4051,-51.1926],[-74.4342,-51.2058],[-74.4751,-51.1819],[-74.5744,-51.1549],[-74.6052,-51.0803],[-74.4861,-51.0213],[-74.4589,-51.0341],[-74.4603,-51.0621],[-74.4874,-51.0654],[-74.4954,-51.0492],[-74.5127,-51.0595],[-74.5195,-51.0964],[-74.4542,-51.1198],[-74.4203,-51.1113]]],[[[-70.3846,-54.1881],[-70.2878,-54.1881],[-70.2672,-54.2092],[-70.2263,-54.2154],[-70.2187,-54.2346],[-70.2694,-54.2711],[-70.3398,-54.2658],[-70.4591,-54.2359],[-70.4971,-54.2099],[-70.5211,-54.1744],[-70.4917,-54.1484],[-70.3846,-54.1881]]],[[[-74.426,-49.6149],[-74.4353,-49.6028],[-74.4341,-49.5343],[-74.4686,-49.5012],[-74.427,-49.4265],[-74.4086,-49.448],[-74.3531,-49.4653],[-74.288,-49.5484],[-74.397,-49.6184],[-74.426,-49.6149]]],[[[-75.085,-48.6373],[-75.0641,-48.6432],[-75.0607,-48.6994],[-75.1094,-48.8092],[-75.1488,-48.8188],[-75.2461,-48.7848],[-75.2491,-48.7668],[-75.1807,-48.7403],[-75.183,-48.7189],[-75.085,-48.6373]]],[[[-73.4334,-52.8654],[-73.3788,-52.9103],[-73.3901,-52.9416],[-73.4193,-52.9577],[-73.4763,-52.9452],[-73.4925,-52.922],[-73.4607,-52.9001],[-73.5019,-52.8859],[-73.6326,-52.8796],[-73.8108,-52.9138],[-73.7419,-52.8796],[-73.7482,-52.8692],[-73.6846,-52.8497],[-73.6013,-52.8654],[-73.5924,-52.8606],[-73.6326,-52.8312],[-73.6117,-52.8217],[-73.5524,-52.8532],[-73.5296,-52.8381],[-73.4785,-52.8663],[-73.4334,-52.8654]]],[[[-75.0611,-51.8823],[-75.0875,-51.898],[-75.1169,-51.8941],[-75.1198,-51.8781],[-75.0924,-51.8245],[-75.1076,-51.8069],[-75.0954,-51.7765],[-75.0398,-51.7164],[-74.9827,-51.7214],[-74.97,-51.7367],[-74.9962,-51.7766],[-74.9752,-51.7766],[-75.0009,-51.8438],[-75.0238,-51.8691],[-75.0611,-51.8823]]],[[[-74.7834,-50.4806],[-74.7356,-50.4124],[-74.7629,-50.3987],[-74.7367,-50.3718],[-74.6087,-50.3639],[-74.5446,-50.3821],[-74.555,-50.4037],[-74.6263,-50.4124],[-74.6287,-50.4396],[-74.6845,-50.4578],[-74.7203,-50.4894],[-74.7768,-50.4933],[-74.7834,-50.4806]]],[[[-74.1971,-51.4267],[-74.2386,-51.4096],[-74.2405,-51.394],[-74.2217,-51.3788],[-74.2482,-51.3714],[-74.26,-51.3531],[-74.2546,-51.2908],[-74.1651,-51.287],[-74.1459,-51.3378],[-74.1124,-51.3788],[-74.1194,-51.4474],[-74.1379,-51.4475],[-74.1671,-51.4135],[-74.1971,-51.4267]]],[[[-73.1801,-54.072],[-73.187,-54.0993],[-73.1597,-54.1061],[-73.1785,-54.1272],[-73.2333,-54.1115],[-73.2552,-54.1135],[-73.2532,-54.1257],[-73.3134,-54.1212],[-73.3304,-54.1027],[-73.3374,-54.0659],[-73.3861,-54.0803],[-73.4744,-54.072],[-73.3583,-54.0236],[-73.275,-54.0283],[-73.2428,-54.0426],[-73.249,-54.072],[-73.1879,-54.0536],[-73.1801,-54.072]]],[[[-66.4267,-55.1855],[-66.4208,-55.2009],[-66.4718,-55.2165],[-66.5155,-55.2643],[-66.5878,-55.2848],[-66.6039,-55.2708],[-66.6298,-55.2779],[-66.6431,-55.2643],[-66.6322,-55.206],[-66.5348,-55.1628],[-66.4267,-55.1855]]],[[[-74.4923,-51.9787],[-74.5141,-52.0053],[-74.6259,-52.0427],[-74.6667,-52.0686],[-74.7356,-52.0846],[-74.7071,-52.0263],[-74.5438,-51.9207],[-74.5096,-51.9406],[-74.4923,-51.9787]]],[[[-70.4218,-54.846],[-70.401,-54.8733],[-70.5074,-54.8795],[-70.5809,-54.8979],[-70.6545,-54.902],[-70.6785,-54.8982],[-70.6916,-54.8759],[-70.7334,-54.8869],[-70.7477,-54.8733],[-70.7109,-54.8521],[-70.6573,-54.8556],[-70.6071,-54.8323],[-70.4218,-54.846]]],[[[-70.4026,-54.0786],[-70.3133,-54.0528],[-70.2933,-54.0685],[-70.2981,-54.126],[-70.3229,-54.1507],[-70.4051,-54.1504],[-70.5137,-54.0913],[-70.5048,-54.073],[-70.4805,-54.0692],[-70.4361,-54.0851],[-70.4026,-54.0786]]],[[[-74.9815,-50.7978],[-75.0168,-50.8128],[-75.0839,-50.7836],[-75.1131,-50.7213],[-75.0924,-50.7072],[-75.0552,-50.7208],[-75.0441,-50.7072],[-75.0804,-50.6711],[-75.0817,-50.6549],[-75.0515,-50.6526],[-75.0201,-50.6729],[-74.9854,-50.6572],[-74.9991,-50.7812],[-74.9815,-50.7978]]],[[[-66.869,-55.0241],[-66.831,-55.0623],[-66.8069,-55.1129],[-66.8517,-55.1066],[-66.9278,-55.0627],[-67.0662,-55.0221],[-67.0709,-55.0095],[-67.047,-54.9911],[-67.0239,-54.9924],[-66.869,-55.0241]]],[[[-73.7931,-51.2587],[-73.7549,-51.2976],[-73.7789,-51.3635],[-73.7937,-51.371],[-73.817,-51.3515],[-73.8722,-51.3583],[-73.8956,-51.3352],[-73.8927,-51.3242],[-73.8594,-51.3244],[-73.8245,-51.3036],[-73.9001,-51.3137],[-73.9206,-51.3036],[-73.8647,-51.2587],[-73.8253,-51.248],[-73.7931,-51.2587]]],[[[-72.3398,-54.3315],[-72.3014,-54.3328],[-72.3053,-54.3652],[-72.3788,-54.3526],[-72.3608,-54.3798],[-72.4123,-54.3668],[-72.4352,-54.3772],[-72.4518,-54.4184],[-72.4707,-54.4277],[-72.5417,-54.343],[-72.4996,-54.3492],[-72.5017,-54.3315],[-72.4269,-54.3302],[-72.4335,-54.3116],[-72.4159,-54.3041],[-72.3398,-54.3315]]],[[[-75.0236,-48.6887],[-74.9752,-48.685],[-75.0032,-48.6681],[-75.0099,-48.6373],[-74.9686,-48.6533],[-74.8981,-48.6427],[-74.8249,-48.6584],[-74.928,-48.7192],[-74.9883,-48.7405],[-75.0231,-48.7446],[-75.0441,-48.7328],[-75.0236,-48.6887]]],[[[-73.7897,-51.735],[-73.7716,-51.781],[-73.7828,-51.7897],[-73.817,-51.7766],[-73.7954,-51.8139],[-73.8388,-51.8126],[-73.8675,-51.7872],[-73.8992,-51.7223],[-73.9298,-51.7088],[-73.9405,-51.6632],[-73.9304,-51.6564],[-73.8506,-51.6839],[-73.8517,-51.7282],[-73.7897,-51.735]]],[[[-74.7908,-52.1795],[-74.8042,-52.1593],[-74.7939,-52.124],[-74.7569,-52.1241],[-74.6877,-52.0878],[-74.6375,-52.0773],[-74.628,-52.0616],[-74.6018,-52.0641],[-74.6642,-52.1337],[-74.6719,-52.163],[-74.7704,-52.1876],[-74.7908,-52.1795]]],[[[-67.6431,-55.4973],[-67.5956,-55.5331],[-67.5878,-55.5859],[-67.7386,-55.6169],[-67.7247,-55.5888],[-67.6839,-55.5654],[-67.6994,-55.5055],[-67.6787,-55.4916],[-67.6431,-55.4973]]],[[[-73.8245,-53.4721],[-73.6879,-53.5232],[-73.7166,-53.5414],[-73.7795,-53.5392],[-73.7897,-53.5717],[-73.8485,-53.5883],[-73.8536,-53.5656],[-73.8245,-53.5369],[-73.8743,-53.5397],[-73.8923,-53.5263],[-73.8334,-53.5058],[-73.8606,-53.4589],[-73.8548,-53.4482],[-73.8245,-53.4721]]],[[[-74.1459,-53.2428],[-74.0958,-53.2284],[-74.0708,-53.2309],[-74.0581,-53.2503],[-74.105,-53.2701],[-74.098,-53.2927],[-74.1161,-53.3074],[-74.1937,-53.3315],[-74.2422,-53.311],[-74.2236,-53.281],[-74.1459,-53.2428]]],[[[-74.4278,-52.5037],[-74.3942,-52.5199],[-74.362,-52.5717],[-74.3493,-52.623],[-74.3693,-52.6292],[-74.482,-52.5708],[-74.4916,-52.5518],[-74.4278,-52.5037]]],[[[-67.2451,-55.8396],[-67.2174,-55.8517],[-67.2253,-55.8738],[-67.2042,-55.8806],[-67.2241,-55.8976],[-67.3384,-55.8649],[-67.3713,-55.832],[-67.4171,-55.8336],[-67.4035,-55.8186],[-67.3586,-55.8105],[-67.282,-55.821],[-67.2451,-55.8396]]],[[[-74.8653,-51.1215],[-74.8602,-51.1438],[-74.8769,-51.1585],[-75.0205,-51.1728],[-75.0067,-51.1336],[-74.969,-51.1044],[-74.91,-51.1031],[-74.8653,-51.1215]]],[[[-71.9468,-54.7026],[-71.9293,-54.6949],[-71.9213,-54.7053],[-71.9264,-54.7367],[-71.9536,-54.7512],[-71.9975,-54.7531],[-72.0097,-54.7379],[-71.9875,-54.7153],[-71.9915,-54.6989],[-72.0403,-54.6505],[-72.0643,-54.6516],[-72.0663,-54.6752],[-72.0802,-54.6744],[-72.1043,-54.6448],[-72.0282,-54.6293],[-71.9468,-54.7026]]],[[[-75.5213,-49.3791],[-75.4895,-49.4031],[-75.4706,-49.4031],[-75.4612,-49.4186],[-75.4685,-49.4493],[-75.4591,-49.4586],[-75.4448,-49.4502],[-75.4294,-49.4664],[-75.4404,-49.5178],[-75.4664,-49.4977],[-75.4925,-49.4954],[-75.5443,-49.4529],[-75.5371,-49.4406],[-75.5016,-49.4384],[-75.5026,-49.4215],[-75.5476,-49.4113],[-75.5415,-49.3906],[-75.5213,-49.3791]]],[[[-69.7145,-55.345],[-69.6562,-55.3642],[-69.6373,-55.3884],[-69.6885,-55.3736],[-69.7065,-55.3769],[-69.6715,-55.4015],[-69.686,-55.4073],[-69.8017,-55.4078],[-69.7744,-55.3805],[-69.8017,-55.3326],[-69.7145,-55.345]]],[[[-74.4764,-52.3097],[-74.484,-52.3282],[-74.4691,-52.353],[-74.4889,-52.3899],[-74.4523,-52.3948],[-74.4619,-52.4376],[-74.4822,-52.4417],[-74.5378,-52.4043],[-74.5364,-52.3687],[-74.5287,-52.3296],[-74.5082,-52.304],[-74.4764,-52.3097]]],[[[-74.359,-51.3379],[-74.2965,-51.3954],[-74.3062,-51.4178],[-74.3356,-51.4268],[-74.3965,-51.4131],[-74.3935,-51.3736],[-74.412,-51.367],[-74.3843,-51.3362],[-74.359,-51.3379]]],[[[-67.0943,-55.8261],[-67.0784,-55.9101],[-67.1143,-55.9127],[-67.17,-55.8738],[-67.1692,-55.8517],[-67.1404,-55.8173],[-67.1008,-55.8054],[-67.0806,-55.8124],[-67.0943,-55.8261]]],[[[-70.6868,-52.8474],[-70.6317,-52.8327],[-70.6193,-52.8434],[-70.6492,-52.877],[-70.7252,-52.9136],[-70.7644,-52.9155],[-70.7897,-52.9005],[-70.6868,-52.8474]]],[[[-74.6087,-50.5148],[-74.5841,-50.5309],[-74.6027,-50.5631],[-74.6405,-50.5864],[-74.6735,-50.5769],[-74.681,-50.5148],[-74.6665,-50.5031],[-74.6087,-50.5148]]],[[[-70.014,-55.3059],[-69.9478,-55.2839],[-69.9451,-55.2985],[-69.9798,-55.3263],[-69.9867,-55.3661],[-70.0065,-55.3744],[-70.0413,-55.3326],[-70.0277,-55.3189],[-70.0882,-55.309],[-70.1102,-55.2923],[-70.055,-55.2848],[-70.014,-55.3059]]],[[[-73.0372,-54.4565],[-72.9728,-54.445],[-72.9538,-54.4569],[-72.9891,-54.4957],[-73.039,-54.4858],[-73.0857,-54.495],[-73.0983,-54.4858],[-73.0372,-54.4565]]],[[[-67.2321,-55.7714],[-67.1878,-55.7569],[-67.1649,-55.7608],[-67.157,-55.7783],[-67.2042,-55.7783],[-67.2117,-55.7953],[-67.2285,-55.7984],[-67.2401,-55.7897],[-67.2321,-55.7714]]],[[[-74.3446,-52.0641],[-74.3878,-52.0772],[-74.4072,-52.0431],[-74.3446,-52.0641]]],[[[-73.331,-52.694],[-73.3692,-52.7286],[-73.3886,-52.7374],[-73.3998,-52.7282],[-73.331,-52.694]]]]}},{"type":"Feature","id":"Maule","properties":{"id":"Maule","iso_code":"CL-ML","name":"Maule","name_full":"Maule","name_ja":"マウレ州","center_lonlat":[-71.4547,-35.6265]},"geometry":{"type":"Polygon","coordinates":[[[-70.3724,-35.0274],[-70.3685,-35.0971],[-70.3866,-35.1667],[-70.5429,-35.2093],[-70.5789,-35.2597],[-70.5604,-35.2984],[-70.4753,-35.3141],[-70.4398,-35.3322],[-70.4284,-35.3571],[-70.4718,-35.3794],[-70.4455,-35.4611],[-70.4082,-35.5062],[-70.4215,-35.6597],[-70.3616,-35.7831],[-70.3573,-35.8152],[-70.4202,-35.8684],[-70.4208,-35.9038],[-70.3837,-35.9132],[-70.4127,-35.9689],[-70.3803,-36.046],[-70.4515,-36.1523],[-70.4991,-36.1636],[-70.5453,-36.1428],[-70.5814,-36.1432],[-70.6044,-36.1946],[-70.6616,-36.2446],[-70.7105,-36.2658],[-70.7127,-36.3003],[-70.7322,-36.3343],[-70.7086,-36.3799],[-70.7186,-36.4146],[-70.8072,-36.4334],[-70.8904,-36.4004],[-70.9078,-36.4052],[-70.935,-36.4726],[-70.971,-36.4855],[-71.0278,-36.4812],[-71.0692,-36.4191],[-71.1088,-36.4019],[-71.4147,-36.4261],[-71.8627,-36.2257],[-72.0506,-36.124],[-72.0871,-36.125],[-72.126,-36.1737],[-72.1904,-36.1956],[-72.383,-36.1874],[-72.4382,-36.146],[-72.4734,-36.075],[-72.4961,-36.0599],[-72.6982,-36.0127],[-72.7991,-36.0531],[-72.79,-36.0191],[-72.8043,-35.9889],[-72.7933,-35.9675],[-72.6857,-35.8834],[-72.6662,-35.8468],[-72.598,-35.8102],[-72.5836,-35.7706],[-72.6007,-35.691],[-72.6492,-35.6074],[-72.6466,-35.5666],[-72.5297,-35.4904],[-72.488,-35.4184],[-72.4894,-35.377],[-72.4322,-35.3346],[-72.4198,-35.2682],[-72.3981,-35.2335],[-72.2882,-35.1686],[-72.2306,-35.1161],[-72.2034,-35.0406],[-72.1878,-34.8855],[-72.1454,-34.8294],[-72.1318,-34.7844],[-72.103,-34.7609],[-71.9879,-34.8111],[-71.9299,-34.856],[-71.8181,-34.8753],[-71.7368,-34.951],[-71.6412,-34.9214],[-71.418,-34.9253],[-71.3691,-34.8721],[-71.3257,-34.8452],[-71.2733,-34.854],[-71.1705,-34.8184],[-71.1309,-34.8491],[-70.957,-34.9154],[-70.7851,-34.9199],[-70.6492,-35.014],[-70.5171,-34.9999],[-70.3724,-35.0274]]]}},{"type":"Feature","id":"Nuble","properties":{"id":"Nuble","iso_code":"CL-NB","name":"Nuble","name_full":"Ñuble","name_ja":"ニュブレ州","center_lonlat":[-71.9819,-36.6283]},"geometry":{"type":"Polygon","coordinates":[[[-71.0278,-36.4812],[-71.0433,-36.4843],[-71.0614,-36.5204],[-71.0689,-36.5664],[-71.0574,-36.6876],[-71.073,-36.6968],[-71.1299,-36.6769],[-71.1453,-36.6882],[-71.1515,-36.7605],[-71.1969,-36.8482],[-71.1588,-36.8827],[-71.1691,-36.9219],[-71.1357,-36.9515],[-71.1615,-36.9755],[-71.2071,-36.9724],[-71.156,-37.0028],[-71.1396,-37.0617],[-71.0891,-37.1034],[-71.2572,-37.1046],[-71.2998,-37.0937],[-71.3971,-37.0389],[-71.4513,-37.0366],[-71.5191,-37.069],[-71.5481,-37.1157],[-71.5723,-37.1309],[-71.7296,-37.1177],[-71.9237,-37.1736],[-72.1555,-37.1958],[-72.2417,-37.191],[-72.2664,-37.174],[-72.2594,-37.0981],[-72.1872,-37.0531],[-72.1919,-37.0332],[-72.315,-36.9832],[-72.3859,-36.9248],[-72.4411,-36.9121],[-72.539,-36.9278],[-72.6546,-36.9158],[-72.6485,-36.8871],[-72.5849,-36.8936],[-72.5609,-36.8867],[-72.5563,-36.8718],[-72.5565,-36.8476],[-72.5895,-36.8189],[-72.6002,-36.724],[-72.6204,-36.6982],[-72.7689,-36.6048],[-72.7982,-36.606],[-72.8235,-36.5266],[-72.8005,-36.493],[-72.8126,-36.4628],[-72.8685,-36.4583],[-72.8959,-36.4381],[-72.8262,-36.287],[-72.8375,-36.1794],[-72.8133,-36.1545],[-72.8238,-36.1007],[-72.7991,-36.0531],[-72.6982,-36.0127],[-72.4961,-36.0599],[-72.4734,-36.075],[-72.4382,-36.146],[-72.383,-36.1874],[-72.1904,-36.1956],[-72.126,-36.1737],[-72.0871,-36.125],[-72.0506,-36.124],[-71.8627,-36.2257],[-71.4147,-36.4261],[-71.1088,-36.4019],[-71.0692,-36.4191],[-71.0278,-36.4812]]]}},{"type":"Feature","id":"O'Higgins","properties":{"id":"O'Higgins","iso_code":"CL-LI","name":"O'Higgins","name_full":"O'Higgins","name_ja":"リベルタドール・ベルナルド・オイギンス州","center_lonlat":[-71.0769,-34.466]},"geometry":{"type":"Polygon","coordinates":[[[-70.0482,-34.2835],[-70.0645,-34.3135],[-70.0587,-34.3958],[-70.0676,-34.4146],[-70.1143,-34.4474],[-70.1678,-34.5384],[-70.2278,-34.5853],[-70.2522,-34.6958],[-70.2731,-34.727],[-70.3163,-34.7456],[-70.2767,-34.7982],[-70.3537,-34.9533],[-70.3724,-35.0274],[-70.5171,-34.9999],[-70.6492,-35.014],[-70.7851,-34.9199],[-70.957,-34.9154],[-71.1309,-34.8491],[-71.1705,-34.8184],[-71.2733,-34.854],[-71.3257,-34.8452],[-71.3691,-34.8721],[-71.418,-34.9253],[-71.6412,-34.9214],[-71.7368,-34.951],[-71.8181,-34.8753],[-71.9299,-34.856],[-71.9879,-34.8111],[-72.103,-34.7609],[-72.0572,-34.6588],[-72.0424,-34.5079],[-72.0555,-34.4282],[-72.0481,-34.4039],[-71.9891,-34.3552],[-71.9952,-34.2125],[-72.0268,-34.1627],[-71.9314,-34.0221],[-71.9066,-34.0095],[-71.9053,-33.9728],[-71.8713,-33.9328],[-71.7797,-33.94],[-71.7179,-33.9712],[-71.6238,-34.0399],[-71.558,-34.0214],[-71.5247,-34.0258],[-71.3676,-34.1027],[-71.3181,-34.0816],[-71.2982,-34.0869],[-71.1824,-34.1648],[-71.0668,-34.1858],[-70.9876,-34.1733],[-70.9491,-34.151],[-70.9086,-34.0981],[-70.815,-34.0274],[-70.8116,-33.9576],[-70.6805,-33.9348],[-70.5865,-33.934],[-70.4376,-33.9002],[-70.3681,-33.9673],[-70.314,-34.06],[-70.1888,-34.0815],[-70.1464,-34.1753],[-70.0731,-34.2265],[-70.0482,-34.2835]]]}},{"type":"Feature","id":"Santiago","properties":{"id":"Santiago","iso_code":"CL-RM","name":"Santiago","name_full":"Santiago","name_ja":"首都州","center_lonlat":[-70.6586,-33.6034]},"geometry":{"type":"Polygon","coordinates":[[[-70.1061,-33.0526],[-70.0922,-33.0918],[-70.1095,-33.1696],[-70.0411,-33.239],[-70.01,-33.2991],[-69.9839,-33.2945],[-69.9406,-33.2429],[-69.9053,-33.2382],[-69.8697,-33.2496],[-69.8139,-33.2895],[-69.7867,-33.3993],[-69.8309,-33.4582],[-69.8415,-33.5328],[-69.8788,-33.558],[-69.8729,-33.586],[-69.8954,-33.6623],[-69.86,-33.7264],[-69.9143,-33.7719],[-69.8973,-33.8714],[-69.9096,-33.9557],[-69.8656,-33.9577],[-69.8558,-33.9847],[-69.8732,-34.14],[-69.8289,-34.2333],[-69.9023,-34.2687],[-69.9116,-34.2846],[-69.9892,-34.2691],[-70.0482,-34.2835],[-70.0731,-34.2265],[-70.1464,-34.1753],[-70.1888,-34.0815],[-70.314,-34.06],[-70.3681,-33.9673],[-70.4376,-33.9002],[-70.5865,-33.934],[-70.6805,-33.9348],[-70.8116,-33.9576],[-70.815,-34.0274],[-70.9086,-34.0981],[-70.9491,-34.151],[-70.9876,-34.1733],[-71.0668,-34.1858],[-71.1824,-34.1648],[-71.2982,-34.0869],[-71.3181,-34.0816],[-71.3676,-34.1027],[-71.5247,-34.0258],[-71.558,-34.0214],[-71.6238,-34.0399],[-71.7179,-33.9712],[-71.584,-33.9052],[-71.5198,-33.8364],[-71.4007,-33.7971],[-71.421,-33.7298],[-71.361,-33.6563],[-71.3667,-33.5127],[-71.4512,-33.4333],[-71.4615,-33.3851],[-71.4443,-33.3369],[-71.0534,-33.0444],[-70.9183,-32.9849],[-70.7981,-32.9604],[-70.7427,-32.958],[-70.6765,-33.0133],[-70.6162,-32.9736],[-70.4911,-33.0704],[-70.4058,-33.086],[-70.345,-33.139],[-70.3274,-33.1703],[-70.302,-33.1714],[-70.151,-33.0581],[-70.1061,-33.0526]]]}},{"type":"Feature","id":"Tarapaca","properties":{"id":"Tarapaca","iso_code":"CL-TA","name":"Tarapaca","name_full":"Tarapacá","name_ja":"タラパカ州","center_lonlat":[-69.4113,-20.1953]},"geometry":{"type":"Polygon","coordinates":[[[-68.9896,-18.9465],[-68.9617,-18.9694],[-68.9085,-19.0679],[-68.8154,-19.1133],[-68.6985,-19.2156],[-68.6633,-19.2736],[-68.4932,-19.377],[-68.4476,-19.4346],[-68.5102,-19.4716],[-68.631,-19.642],[-68.7032,-19.7155],[-68.6984,-19.7463],[-68.5535,-19.8579],[-68.5416,-19.9204],[-68.5793,-20.0454],[-68.5972,-20.0567],[-68.6529,-20.0542],[-68.7755,-20.0897],[-68.7926,-20.1066],[-68.7895,-20.1259],[-68.7263,-20.151],[-68.7295,-20.2287],[-68.6785,-20.3286],[-68.7577,-20.3643],[-68.769,-20.3905],[-68.7507,-20.4518],[-68.6855,-20.5168],[-68.481,-20.6247],[-68.4816,-20.643],[-68.5502,-20.699],[-68.5728,-20.7429],[-68.572,-20.8724],[-68.5551,-20.9139],[-68.5316,-20.9277],[-68.5579,-21.0641],[-68.6902,-21.1244],[-68.7536,-21.2115],[-68.7943,-21.2409],[-69.45,-21.4463],[-69.5059,-21.4446],[-69.6127,-21.3932],[-69.7424,-21.3842],[-69.8134,-21.3895],[-69.8856,-21.413],[-69.9133,-21.4513],[-70.0614,-21.4483],[-70.0927,-21.3653],[-70.0941,-21.3455],[-70.0687,-21.3058],[-70.0868,-21.2551],[-70.0801,-21.2333],[-70.1307,-21.124],[-70.1273,-21.0892],[-70.1713,-21.0146],[-70.1275,-20.9353],[-70.154,-20.8562],[-70.1942,-20.8158],[-70.2138,-20.8116],[-70.1904,-20.7918],[-70.2056,-20.7394],[-70.1921,-20.7131],[-70.2058,-20.7062],[-70.1942,-20.6446],[-70.2058,-20.5281],[-70.1765,-20.4918],[-70.1667,-20.4481],[-70.1921,-20.3668],[-70.1457,-20.3304],[-70.1307,-20.2668],[-70.1649,-20.2088],[-70.1444,-20.1786],[-70.1512,-20.1376],[-70.1271,-20.0917],[-70.1369,-20.0416],[-70.1233,-19.9999],[-70.1444,-19.8901],[-70.1369,-19.8491],[-70.1586,-19.8185],[-70.1512,-19.7194],[-70.1841,-19.6294],[-70.2425,-19.5982],[-70.2144,-19.5964],[-70.1996,-19.5344],[-70.2263,-19.4108],[-70.266,-19.3347],[-70.2608,-19.3235],[-70.2878,-19.301],[-70.2703,-19.1715],[-70.2116,-19.1558],[-70.0132,-19.0456],[-69.7883,-18.9882],[-69.6604,-18.9882],[-69.559,-19.0279],[-69.462,-19.0323],[-69.2988,-19.0896],[-69.193,-19.1029],[-69.1356,-19.0896],[-69.0783,-19.0499],[-68.9896,-18.9465]]]}},{"type":"Feature","id":"Valparaiso","properties":{"id":"Valparaiso","iso_code":"CL-VS","name":"Valparaiso","name_full":"Valparaíso","name_ja":"バルパライソ州","center_lonlat":[-70.9754,-32.7463]},"geometry":{"type":"MultiPolygon","coordinates":[[[[-70.1061,-33.0526],[-70.151,-33.0581],[-70.302,-33.1714],[-70.3274,-33.1703],[-70.345,-33.139],[-70.4058,-33.086],[-70.4911,-33.0704],[-70.6162,-32.9736],[-70.6765,-33.0133],[-70.7427,-32.958],[-70.7981,-32.9604],[-70.9183,-32.9849],[-71.0534,-33.0444],[-71.4443,-33.3369],[-71.4615,-33.3851],[-71.4512,-33.4333],[-71.3667,-33.5127],[-71.361,-33.6563],[-71.421,-33.7298],[-71.4007,-33.7971],[-71.5198,-33.8364],[-71.584,-33.9052],[-71.7179,-33.9712],[-71.7797,-33.94],[-71.8713,-33.9328],[-71.8081,-33.777],[-71.7445,-33.7569],[-71.6719,-33.6985],[-71.6478,-33.6339],[-71.6452,-33.5688],[-71.6247,-33.5414],[-71.6408,-33.5006],[-71.7059,-33.4343],[-71.7073,-33.3899],[-71.6975,-33.3704],[-71.6722,-33.3586],[-71.6719,-33.3258],[-71.7073,-33.2467],[-71.7257,-33.154],[-71.7619,-33.102],[-71.7435,-33.0864],[-71.6903,-33.0856],[-71.6457,-33.019],[-71.5729,-33.0102],[-71.5526,-32.9643],[-71.5558,-32.9319],[-71.5211,-32.8966],[-71.5183,-32.8731],[-71.5487,-32.7848],[-71.5321,-32.7692],[-71.5011,-32.7668],[-71.495,-32.7462],[-71.5067,-32.7109],[-71.4655,-32.6995],[-71.4483,-32.6657],[-71.4491,-32.5971],[-71.4767,-32.5353],[-71.4397,-32.485],[-71.4318,-32.4267],[-71.4079,-32.3863],[-71.4125,-32.3696],[-71.4671,-32.3317],[-71.4813,-32.2665],[-71.5305,-32.2267],[-71.5438,-32.193],[-71.4484,-32.0432],[-71.4243,-32.0382],[-71.3975,-32.0605],[-71.339,-32.0792],[-71.181,-31.9971],[-71.1385,-31.9891],[-71.0454,-32.0307],[-71.0045,-32.0238],[-70.9869,-31.9872],[-70.9599,-31.9739],[-70.8351,-32.0163],[-70.7719,-32.0123],[-70.7212,-32.0305],[-70.6455,-32.0927],[-70.5105,-32.1425],[-70.4445,-32.2141],[-70.3815,-32.2204],[-70.3308,-32.2096],[-70.3218,-32.2801],[-70.2692,-32.2991],[-70.2424,-32.3303],[-70.2453,-32.404],[-70.2273,-32.4347],[-70.1725,-32.4649],[-70.1608,-32.4853],[-70.1579,-32.5425],[-70.1377,-32.569],[-70.1706,-32.5727],[-70.1811,-32.6076],[-70.1557,-32.7384],[-70.0873,-32.8233],[-70.0002,-32.8766],[-70.0425,-32.9927],[-70.103,-33.0183],[-70.1061,-33.0526]]],[[[-109.2316,-27.0925],[-109.22,-27.1052],[-109.2436,-27.1292],[-109.3415,-27.154],[-109.4293,-27.1994],[-109.4513,-27.1955],[-109.4234,-27.0993],[-109.3796,-27.0595],[-109.2694,-27.0993],[-109.2316,-27.0925]]],[[[-78.789,-33.6091],[-78.7576,-33.6432],[-78.8129,-33.6506],[-78.8636,-33.6305],[-78.9795,-33.6691],[-78.9917,-33.6569],[-78.9432,-33.6165],[-78.9017,-33.6022],[-78.8849,-33.5756],[-78.8284,-33.5906],[-78.8158,-33.6088],[-78.789,-33.6091]]],[[[-80.7593,-33.7668],[-80.7773,-33.7345],[-80.7671,-33.7011],[-80.7408,-33.6852],[-80.7109,-33.7053],[-80.7047,-33.7668],[-80.7321,-33.7753],[-80.7593,-33.7668]]]]}}]}
