{"type":"FeatureCollection","features":[{"type":"Feature","id":"Anhui","properties":{"id":"Anhui","iso_code":"CN-AH","name":"Anhui","name_full":"Anhui","name_ja":"安徽省","center_lonlat":[117.2266,31.8214]},"geometry":{"type":"Polygon","coordinates":[[[119.6298,31.1329],[119.5783,30.8552],[119.5374,30.7904],[119.4976,30.7672],[119.4881,30.7185],[119.4514,30.6481],[119.4175,30.6399],[119.3939,30.6802],[119.3603,30.6805],[119.3162,30.6235],[119.2723,30.6083],[119.2653,30.5725],[119.2429,30.5566],[119.2448,30.5347],[119.2659,30.5166],[119.3263,30.515],[119.3587,30.4121],[119.3972,30.379],[119.3924,30.3684],[119.3204,30.3688],[119.28,30.3463],[119.2378,30.2986],[119.2043,30.3144],[119.0504,30.313],[118.9543,30.3548],[118.8811,30.3244],[118.8778,30.2922],[118.9095,30.2222],[118.8527,30.1593],[118.8802,30.1475],[118.869,30.1085],[118.894,29.9826],[118.8463,29.9368],[118.8276,29.8867],[118.7313,29.8155],[118.7237,29.7302],[118.6481,29.6583],[118.6052,29.6525],[118.5569,29.6252],[118.4696,29.5239],[118.4213,29.4943],[118.3895,29.4563],[118.3732,29.4528],[118.3436,29.4849],[118.3199,29.491],[118.3068,29.478],[118.3105,29.4469],[118.1747,29.4079],[118.1196,29.4468],[118.1173,29.5068],[118.1046,29.53],[118.0023,29.57],[117.8986,29.549],[117.8072,29.5702],[117.7077,29.5556],[117.6372,29.6126],[117.5337,29.6172],[117.4069,29.7648],[117.4043,29.8344],[117.3506,29.8239],[117.3197,29.8444],[117.2808,29.8302],[117.2459,29.8358],[117.2232,29.8585],[117.2295,29.9012],[117.1924,29.9265],[117.1252,29.9106],[117.0637,29.8369],[117.1067,29.7864],[117.0858,29.7155],[116.9629,29.6615],[116.8762,29.5498],[116.8243,29.5455],[116.7755,29.5712],[116.7535,29.5474],[116.7343,29.5463],[116.6485,29.6274],[116.675,29.708],[116.6892,29.7243],[116.7226,29.7152],[116.7498,29.7563],[116.7941,29.752],[116.8637,29.8507],[116.8868,29.9204],[116.8735,29.947],[116.7914,30.022],[116.7017,30.0565],[116.6505,30.0507],[116.5939,30.0107],[116.5133,29.8942],[116.3895,29.8761],[116.2655,29.7889],[116.1473,29.7888],[116.124,29.8404],[116.1232,29.9135],[116.0722,29.9788],[116.0809,30.0468],[116.0405,30.2214],[115.9801,30.2617],[115.9594,30.2977],[115.9063,30.32],[115.8766,30.3757],[115.8894,30.4095],[115.946,30.4459],[115.9401,30.5056],[115.8805,30.5784],[115.829,30.5972],[115.7666,30.6944],[115.7806,30.7635],[115.8579,30.779],[115.8586,30.861],[116.0169,30.964],[116.036,30.9889],[116.0354,31.0309],[115.9893,31.0432],[115.9395,31.0354],[115.9303,31.0641],[115.8769,31.1294],[115.793,31.1277],[115.6563,31.2218],[115.624,31.2172],[115.5956,31.1617],[115.5689,31.1638],[115.5114,31.2464],[115.4574,31.2797],[115.4366,31.3262],[115.3804,31.3505],[115.374,31.4175],[115.3942,31.5241],[115.5315,31.7364],[115.56,31.7357],[115.688,31.7891],[115.7604,31.7968],[115.8655,31.7851],[115.9013,31.7945],[115.9009,31.8861],[115.9281,32.0246],[115.9148,32.25],[115.8937,32.3089],[115.8885,32.3939],[115.8607,32.432],[115.8757,32.4994],[115.8617,32.515],[115.9204,32.5744],[115.8845,32.5717],[115.8435,32.5426],[115.7901,32.4707],[115.7548,32.4983],[115.7419,32.4792],[115.6938,32.4918],[115.6466,32.4024],[115.6094,32.4164],[115.5648,32.4024],[115.5467,32.4092],[115.5007,32.4451],[115.4609,32.5043],[115.38,32.554],[115.1993,32.5915],[115.2102,32.6569],[115.1802,32.7145],[115.1821,32.7741],[115.1964,32.7975],[115.1894,32.854],[115.1304,32.8924],[115.0452,32.9131],[114.8992,32.9742],[114.8759,33.0011],[114.8898,33.0457],[114.8866,33.0834],[114.9692,33.1237],[115.0328,33.0904],[115.1428,33.0843],[115.2791,33.138],[115.3006,33.2098],[115.3492,33.2633],[115.3379,33.3451],[115.3151,33.3678],[115.3268,33.4276],[115.3464,33.453],[115.35,33.5169],[115.3986,33.4997],[115.4426,33.5481],[115.5922,33.5685],[115.6346,33.5848],[115.5735,33.7502],[115.5888,33.7692],[115.615,33.7584],[115.6225,33.7662],[115.6293,33.8446],[115.6185,33.8564],[115.5694,33.8597],[115.5614,33.8981],[115.5862,33.9796],[115.6617,34.0541],[115.7482,34.0653],[115.8411,34.0069],[115.8793,34.0181],[115.9614,34.0001],[115.9764,33.9772],[115.9677,33.9084],[116.0405,33.849],[116.0674,33.7954],[116.1211,33.7364],[116.1573,33.7179],[116.4207,33.7908],[116.4562,33.8559],[116.5527,33.8842],[116.5838,33.9115],[116.6325,33.9046],[116.6342,33.9705],[116.5429,34.1209],[116.5477,34.1497],[116.5748,34.1838],[116.5734,34.2788],[116.5521,34.2868],[116.3939,34.2752],[116.3693,34.2861],[116.1567,34.4473],[116.1634,34.5347],[116.1513,34.5667],[116.194,34.5843],[116.2433,34.5683],[116.3772,34.6395],[116.4281,34.6397],[116.598,34.4948],[116.7695,34.4518],[116.8145,34.3921],[116.9214,34.4007],[116.9495,34.3893],[116.9796,34.351],[116.9695,34.2754],[117.0195,34.2376],[117.0184,34.1707],[117.1594,34.0912],[117.2293,34.0741],[117.3317,34.0774],[117.4069,34.025],[117.5182,34.0472],[117.5826,33.9866],[117.6084,33.9899],[117.6192,34.0073],[117.6345,34.0014],[117.6909,33.8835],[117.7487,33.8757],[117.7468,33.7636],[117.7269,33.7279],[117.8711,33.7266],[117.9655,33.7516],[118.1048,33.7676],[118.1442,33.7556],[118.1695,33.7256],[118.1767,33.6926],[118.1215,33.6113],[118.1155,33.4844],[118.0973,33.476],[118.0633,33.489],[118.0529,33.4769],[117.9925,33.3489],[117.9831,33.2995],[117.941,33.2617],[117.9319,33.2351],[117.9789,33.2044],[117.9964,33.1678],[118.0807,33.1496],[118.1549,33.1791],[118.1665,33.2123],[118.209,33.194],[118.2207,33.1644],[118.2173,33.1051],[118.2484,33.0134],[118.2991,32.968],[118.245,32.9329],[118.2375,32.9112],[118.2506,32.8701],[118.2877,32.838],[118.2997,32.7774],[118.3628,32.7499],[118.3814,32.7298],[118.4308,32.7403],[118.5764,32.7267],[118.6108,32.7456],[118.7202,32.7321],[118.7454,32.7572],[118.7374,32.7812],[118.7498,32.8437],[118.7977,32.8651],[118.8097,32.9207],[118.8574,32.9723],[118.9065,32.957],[118.993,32.962],[119.0089,32.9095],[119.1019,32.8363],[119.1534,32.8245],[119.1544,32.7713],[119.1882,32.723],[119.1994,32.5937],[119.1629,32.5691],[119.1388,32.5001],[119.0805,32.4461],[119.0662,32.4454],[119.0595,32.472],[119.0212,32.5094],[118.9778,32.5142],[118.9407,32.5583],[118.9057,32.5637],[118.8975,32.5955],[118.8336,32.5886],[118.8141,32.6052],[118.783,32.5974],[118.7587,32.6127],[118.6739,32.5876],[118.5589,32.5875],[118.5551,32.5545],[118.5892,32.5312],[118.5973,32.4869],[118.6668,32.4589],[118.6841,32.3392],[118.6504,32.289],[118.6688,32.273],[118.6654,32.2497],[118.599,32.2116],[118.5079,32.1975],[118.4991,32.1377],[118.3979,32.0781],[118.3807,32.0371],[118.4028,32.0032],[118.3502,31.9524],[118.4226,31.896],[118.4604,31.8907],[118.4811,31.8587],[118.4724,31.804],[118.4842,31.7844],[118.556,31.7398],[118.6801,31.7095],[118.6604,31.6685],[118.6739,31.6498],[118.736,31.6392],[118.7773,31.6742],[118.8043,31.625],[118.8441,31.6329],[118.8657,31.6207],[118.8809,31.5224],[118.8272,31.3975],[118.803,31.3752],[118.7461,31.3548],[118.7374,31.3339],[118.7557,31.2808],[118.8036,31.2276],[119.0747,31.2388],[119.1629,31.2874],[119.2545,31.2621],[119.3112,31.265],[119.3446,31.2875],[119.3575,31.2695],[119.3573,31.2073],[119.3699,31.1884],[119.4931,31.151],[119.5269,31.1553],[119.575,31.1331],[119.6298,31.1329]]]}},{"type":"Feature","id":"Beijing","properties":{"id":"Beijing","iso_code":"CN-BJ","name":"Beijing","name_full":"Beijing","name_ja":"北京市","center_lonlat":[116.4065,40.1748]},"geometry":{"type":"Polygon","coordinates":[[[117.3568,40.257],[117.372,40.2006],[117.3637,40.1805],[117.3063,40.1072],[117.2391,40.0926],[117.0643,40.0648],[116.9877,40.0344],[116.8294,40.0367],[116.765,40.019],[116.745,39.9531],[116.7844,39.8856],[116.8792,39.8324],[116.9061,39.8437],[116.9287,39.8014],[116.9222,39.7736],[116.8766,39.7143],[116.8756,39.6865],[116.8216,39.6191],[116.7934,39.6023],[116.6143,39.6121],[116.5644,39.5975],[116.5377,39.5615],[116.4283,39.5214],[116.4269,39.5059],[116.4617,39.483],[116.4646,39.4663],[116.4473,39.4474],[116.4104,39.4404],[116.3176,39.4609],[116.2498,39.5058],[116.2104,39.5719],[116.1955,39.5778],[116.0101,39.5564],[115.9381,39.5755],[115.802,39.5424],[115.7559,39.509],[115.6881,39.5497],[115.6604,39.5955],[115.5542,39.5983],[115.4768,39.6248],[115.4361,39.7514],[115.4409,39.7701],[115.4685,39.7851],[115.5278,39.7822],[115.5657,39.8007],[115.5047,39.8494],[115.5015,39.9199],[115.4271,39.9626],[115.4252,39.9855],[115.4795,40.0129],[115.5284,40.0732],[115.5776,40.0963],[115.845,40.1606],[115.8922,40.2278],[115.943,40.2715],[115.9303,40.3251],[115.895,40.3469],[115.7282,40.5396],[115.7279,40.556],[115.8879,40.6131],[115.9947,40.596],[116.0394,40.6019],[116.1304,40.658],[116.2261,40.7647],[116.2506,40.7647],[116.2989,40.7387],[116.3538,40.7648],[116.468,40.7656],[116.4589,40.7916],[116.3558,40.9016],[116.3509,40.9261],[116.3648,40.9303],[116.4171,40.9024],[116.4541,40.9028],[116.4972,40.9532],[116.5918,40.9919],[116.5996,41.0306],[116.6331,41.0477],[116.6491,41.0403],[116.6579,40.9653],[116.6758,40.9401],[116.9588,40.7183],[117.0727,40.6735],[117.1744,40.6934],[117.3035,40.6618],[117.4859,40.6619],[117.4886,40.6513],[117.4381,40.6369],[117.4118,40.5974],[117.3283,40.5946],[117.2431,40.5702],[117.1849,40.512],[117.1956,40.4795],[117.2402,40.4464],[117.2379,40.3855],[117.2505,40.3378],[117.288,40.2979],[117.3568,40.257]]]}},{"type":"Feature","id":"Chongqing","properties":{"id":"Chongqing","iso_code":"CN-CQ","name":"Chongqing","name_full":"Chongqing","name_ja":"重慶市","center_lonlat":[107.8604,30.0544]},"geometry":{"type":"Polygon","coordinates":[[[108.5184,32.1976],[108.5859,32.1693],[108.6632,32.1125],[108.753,32.083],[108.7893,32.0453],[109.1177,31.9057],[109.1889,31.8403],[109.2526,31.744],[109.3032,31.7094],[109.594,31.7376],[109.6588,31.7181],[109.7033,31.6737],[109.7245,31.6361],[109.7326,31.5611],[109.9682,31.5034],[109.966,31.4782],[110.1082,31.398],[110.1467,31.3311],[110.1408,31.2503],[110.1749,31.1887],[110.1076,31.1223],[110.1098,31.0765],[110.1376,31.0002],[110.1277,30.9064],[110.087,30.8413],[110.0501,30.8242],[109.9967,30.8262],[109.9591,30.8471],[109.9272,30.8885],[109.8707,30.8886],[109.7304,30.8229],[109.665,30.768],[109.6398,30.7179],[109.5548,30.6532],[109.5028,30.6559],[109.3942,30.5837],[109.3228,30.5803],[109.271,30.6026],[109.1524,30.562],[109.0734,30.6003],[108.9646,30.6075],[108.9134,30.5888],[108.8811,30.5562],[108.7325,30.5197],[108.6974,30.5288],[108.6613,30.5754],[108.5898,30.5035],[108.4332,30.4873],[108.4074,30.4606],[108.3806,30.3997],[108.386,30.3785],[108.4105,30.3628],[108.5229,30.324],[108.5435,30.281],[108.5278,30.1628],[108.5504,30.0093],[108.5289,29.9424],[108.5366,29.8744],[108.5137,29.8545],[108.4048,29.8387],[108.4023,29.8195],[108.4299,29.7846],[108.4405,29.7435],[108.4734,29.7229],[108.5126,29.7219],[108.544,29.7923],[108.6042,29.8518],[108.6408,29.8466],[108.696,29.6982],[108.7485,29.6719],[108.872,29.639],[108.8894,29.6224],[108.8955,29.5779],[108.8709,29.4867],[108.9238,29.4024],[108.9136,29.37],[108.9206,29.349],[109.0142,29.3075],[109.0773,29.2141],[109.2066,29.1042],[109.2857,29.0303],[109.2677,29.0066],[109.2404,28.8827],[109.2467,28.7855],[109.2811,28.7209],[109.2601,28.6993],[109.2597,28.664],[109.2132,28.6288],[109.2851,28.5846],[109.2584,28.5059],[109.1631,28.4499],[109.1236,28.3059],[109.0871,28.2613],[109.0965,28.2175],[109.0846,28.1936],[109.0213,28.2116],[108.99,28.1974],[108.8981,28.2163],[108.854,28.2095],[108.7913,28.232],[108.7364,28.2155],[108.7285,28.2422],[108.7809,28.4321],[108.7124,28.4848],[108.6499,28.4709],[108.6409,28.4529],[108.6701,28.4102],[108.6658,28.3704],[108.6813,28.3377],[108.6584,28.3239],[108.6075,28.3352],[108.578,28.3961],[108.5789,28.6067],[108.5387,28.6462],[108.4852,28.6403],[108.3303,28.6892],[108.3207,28.7397],[108.3759,28.7944],[108.3418,28.8595],[108.3405,28.9197],[108.3015,29.006],[108.2962,29.0759],[108.1661,29.0604],[108.0546,29.0645],[107.8963,28.992],[107.85,28.9826],[107.7898,29.0402],[107.7776,29.1459],[107.6823,29.1433],[107.5799,29.1783],[107.5393,29.1988],[107.4961,29.2461],[107.4438,29.2068],[107.4172,29.1378],[107.4285,29.0671],[107.5001,28.9988],[107.4688,28.9593],[107.4588,28.9039],[107.4368,28.8773],[107.2702,28.8048],[107.2289,28.8202],[107.1309,28.898],[107.0155,28.8799],[106.9595,28.791],[106.9115,28.8106],[106.8492,28.773],[106.8351,28.7305],[106.8485,28.6785],[106.8372,28.6229],[106.8032,28.5883],[106.762,28.5909],[106.75,28.5022],[106.7129,28.4805],[106.6448,28.5189],[106.5551,28.5152],[106.6277,28.6484],[106.5624,28.7671],[106.4763,28.8348],[106.4611,28.8194],[106.463,28.7999],[106.5219,28.685],[106.5151,28.6487],[106.4833,28.6057],[106.4887,28.541],[106.4532,28.5416],[106.3824,28.5725],[106.282,28.7027],[106.2574,28.7938],[106.2603,28.8693],[106.2476,28.8847],[106.1793,28.9157],[106.1057,28.9207],[106.0004,28.9744],[105.8697,28.9178],[105.8371,28.9176],[105.7951,28.9365],[105.7391,29.0122],[105.7401,29.0712],[105.724,29.1177],[105.7338,29.1541],[105.7006,29.2237],[105.7037,29.2998],[105.6784,29.3004],[105.6539,29.2689],[105.5887,29.2887],[105.5058,29.2915],[105.4579,29.315],[105.4125,29.3439],[105.4052,29.43],[105.3208,29.464],[105.2978,29.5003],[105.2852,29.5528],[105.2911,29.5848],[105.3909,29.6922],[105.4117,29.7032],[105.4562,29.6982],[105.4945,29.7318],[105.5428,29.7307],[105.5677,29.8168],[105.7166,29.8733],[105.713,29.9568],[105.7486,30.0208],[105.568,30.1359],[105.5552,30.1759],[105.6483,30.2139],[105.6514,30.2291],[105.628,30.2566],[105.6392,30.2792],[105.7283,30.2767],[105.7283,30.3296],[105.7917,30.4234],[105.8331,30.4363],[105.905,30.3974],[105.9988,30.3851],[106.1247,30.3423],[106.1642,30.316],[106.1907,30.2637],[106.239,30.2202],[106.267,30.2277],[106.3049,30.2629],[106.4083,30.2719],[106.4364,30.3216],[106.5017,30.3126],[106.5441,30.3399],[106.6178,30.2687],[106.6538,30.168],[106.6855,30.1337],[106.6954,30.0928],[106.7292,30.0499],[106.7919,30.0363],[106.9593,30.064],[107.0329,30.0579],[107.1293,30.141],[107.185,30.2097],[107.2287,30.2382],[107.2671,30.3259],[107.3721,30.4999],[107.4165,30.5267],[107.4776,30.6095],[107.4884,30.6578],[107.4511,30.7331],[107.4772,30.7911],[107.5305,30.8358],[107.6514,30.8406],[107.7215,30.8892],[107.7799,30.8142],[107.8249,30.7986],[107.9295,30.8727],[107.9529,30.9172],[107.9329,30.9564],[108.0068,31.0386],[108.0436,31.1857],[108.0374,31.2298],[108.1759,31.3061],[108.194,31.3309],[108.1925,31.3779],[108.2322,31.4813],[108.3232,31.4994],[108.3523,31.5174],[108.4068,31.566],[108.4496,31.6529],[108.5162,31.7083],[108.5235,31.7379],[108.5148,31.7661],[108.4809,31.8108],[108.2714,31.9321],[108.2602,31.9546],[108.3447,32.0735],[108.4169,32.0893],[108.4146,32.1097],[108.3612,32.1672],[108.389,32.1843],[108.5184,32.1976]]]}},{"type":"Feature","id":"Fujian","properties":{"id":"Fujian","iso_code":"CN-FJ","name":"Fujian","name_full":"Fujian","name_ja":"福建省","center_lonlat":[117.9643,26.0848]},"geometry":{"type":"MultiPolygon","coordinates":[[[[120.4192,27.2064],[120.4292,27.1737],[120.4067,27.1842],[120.3762,27.2363],[120.3473,27.2494],[120.292,27.2494],[120.2953,27.2763],[120.3193,27.2904],[120.2988,27.2978],[120.3119,27.3177],[120.2852,27.304],[120.264,27.3244],[120.2715,27.304],[120.2586,27.3],[120.2237,27.3115],[120.2437,27.2904],[120.2257,27.2686],[120.1958,27.2978],[120.1958,27.263],[120.1753,27.2388],[120.1824,27.2169],[120.2019,27.2178],[120.2095,27.2351],[120.2566,27.2569],[120.3064,27.2153],[120.3473,27.2426],[120.3655,27.2096],[120.3473,27.1805],[120.3699,27.1875],[120.4217,27.147],[120.3739,27.147],[120.408,27.1396],[120.367,27.1252],[120.3814,27.119],[120.3739,27.106],[120.395,27.106],[120.3775,27.0986],[120.2827,27.1123],[120.2437,27.1327],[120.2783,27.0638],[120.2715,27.0576],[120.2578,27.0727],[120.2163,27.0371],[120.2415,27.034],[120.2552,26.9971],[120.2374,26.9819],[120.1487,26.9819],[120.187,26.9635],[120.2357,26.9664],[120.2374,26.9272],[120.2191,26.9154],[120.1257,26.9273],[120.1136,26.9188],[120.1207,26.8999],[120.0956,26.8873],[120.032,26.8999],[120.0553,26.8894],[120.0252,26.8602],[120.0245,26.8379],[120.1282,26.7969],[120.0977,26.7585],[120.1002,26.7429],[120.1428,26.7328],[120.1487,26.7212],[120.1021,26.6892],[120.1207,26.6461],[120.1344,26.6461],[120.0903,26.6222],[120.0752,26.6215],[120.0867,26.6392],[120.0797,26.6461],[120.0149,26.6113],[119.96,26.6113],[119.9412,26.5933],[119.9356,26.5605],[119.8843,26.5232],[119.8357,26.5314],[119.8359,26.5615],[119.8538,26.5641],[119.8538,26.5983],[119.9841,26.6535],[119.9768,26.674],[120.0115,26.7212],[120.0323,26.7166],[120.0776,26.7856],[120.0797,26.7969],[120.0675,26.8005],[119.9251,26.7922],[119.9356,26.759],[119.888,26.6872],[119.9016,26.6597],[119.8796,26.6553],[119.8569,26.6535],[119.8538,26.6877],[119.8292,26.715],[119.7918,26.6877],[119.8023,26.7668],[119.8401,26.79],[119.7918,26.79],[119.7974,26.8164],[119.8348,26.8325],[119.8463,26.8522],[119.782,26.8285],[119.7652,26.7941],[119.7706,26.759],[119.7562,26.7377],[119.7302,26.7429],[119.712,26.8079],[119.6858,26.812],[119.678,26.7631],[119.7274,26.7179],[119.7249,26.6978],[119.6961,26.7082],[119.646,26.7533],[119.6266,26.7491],[119.6218,26.7868],[119.606,26.7969],[119.5755,26.788],[119.5794,26.7764],[119.5521,26.7491],[119.5589,26.7082],[119.606,26.6945],[119.5999,26.6461],[119.5589,26.6666],[119.5411,26.6563],[119.5542,26.6152],[119.5924,26.5909],[119.5999,26.5704],[119.6751,26.6188],[119.7352,26.612],[119.7364,26.5915],[119.7849,26.5778],[119.7849,26.5505],[119.7706,26.5641],[119.7659,26.5344],[119.7986,26.5158],[119.7849,26.502],[119.8189,26.4532],[119.8123,26.4338],[119.7918,26.4338],[119.7918,26.4133],[119.762,26.4075],[119.7376,26.4437],[119.6898,26.4595],[119.6537,26.498],[119.6204,26.468],[119.5796,26.4709],[119.5664,26.4549],[119.5731,26.4378],[119.6163,26.4374],[119.6309,26.4487],[119.6484,26.4374],[119.6555,26.3556],[119.6653,26.3402],[119.6887,26.3376],[119.6819,26.3171],[119.7471,26.3276],[119.7544,26.3721],[119.7706,26.3649],[119.7918,26.4065],[119.8258,26.4269],[119.8513,26.3928],[119.8401,26.3786],[119.8948,26.3587],[119.95,26.3649],[119.8775,26.3134],[119.8547,26.3275],[119.8011,26.3176],[119.7849,26.2966],[119.8054,26.2904],[119.7927,26.2841],[119.7644,26.2966],[119.6543,26.2724],[119.6341,26.2551],[119.6682,26.242],[119.6682,26.2215],[119.637,26.2117],[119.6001,26.1763],[119.5918,26.1664],[119.5999,26.1458],[119.5611,26.125],[119.4585,25.9825],[119.4356,25.9813],[119.415,26.0093],[119.3269,26.048],[119.2771,26.0529],[119.2158,26.1001],[119.1611,26.1116],[119.0935,26.1458],[119.1573,26.0908],[119.1815,26.0986],[119.1952,26.0876],[119.2468,25.9672],[119.3298,25.9443],[119.3775,25.9414],[119.4409,25.9638],[119.49,25.9942],[119.5042,26.036],[119.5191,26.0445],[119.5664,26.0502],[119.6484,26.0154],[119.6751,26.0223],[119.7007,25.9952],[119.6751,25.9261],[119.6165,25.8926],[119.5999,25.8442],[119.5841,25.8769],[119.5742,25.8849],[119.5664,25.8721],[119.583,25.8202],[119.6079,25.8052],[119.606,25.769],[119.6209,25.7603],[119.5964,25.7315],[119.5899,25.6872],[119.5726,25.6797],[119.5354,25.7059],[119.4771,25.6797],[119.4491,25.6872],[119.4671,25.6139],[119.4832,25.6257],[119.481,25.5805],[119.4924,25.5648],[119.5173,25.5568],[119.5344,25.5759],[119.5584,25.5638],[119.5794,25.5847],[119.5684,25.5474],[119.5723,25.5334],[119.5931,25.5295],[119.5664,25.5158],[119.5999,25.5084],[119.5726,25.4879],[119.6036,25.4912],[119.5999,25.4748],[119.628,25.4614],[119.614,25.4388],[119.6341,25.4333],[119.646,25.3926],[119.6204,25.365],[119.6546,25.3581],[119.5794,25.3445],[119.5999,25.3712],[119.578,25.4187],[119.5931,25.4394],[119.576,25.4674],[119.5521,25.4538],[119.5386,25.4612],[119.536,25.4191],[119.5582,25.4046],[119.5444,25.3772],[119.4832,25.3712],[119.5042,25.4299],[119.4907,25.4469],[119.5073,25.4744],[119.4662,25.4748],[119.447,25.4388],[119.4331,25.4595],[119.4491,25.5053],[119.3565,25.5269],[119.356,25.5507],[119.3809,25.5909],[119.3604,25.5773],[119.343,25.6092],[119.3052,25.6046],[119.3214,25.5873],[119.2778,25.5705],[119.2688,25.5269],[119.2378,25.4818],[119.1025,25.4203],[119.157,25.3626],[119.1732,25.3251],[119.2034,25.3581],[119.2232,25.3166],[119.1815,25.2893],[119.2013,25.2597],[119.2258,25.2797],[119.243,25.3302],[119.2651,25.3176],[119.2887,25.3254],[119.3189,25.2794],[119.3475,25.2678],[119.3442,25.2424],[119.2813,25.2414],[119.2725,25.2318],[119.2888,25.1891],[119.2813,25.1794],[119.2556,25.1759],[119.2294,25.1932],[119.1756,25.1765],[119.142,25.221],[119.1161,25.2138],[119.1042,25.1829],[119.1338,25.1384],[119.1531,25.1397],[119.1338,25.1247],[119.0933,25.1356],[119.0855,25.1247],[119.0991,25.1112],[119.0648,25.1247],[119.0792,25.1521],[119.0647,25.1625],[119.0444,25.1247],[119.0291,25.1405],[119.0689,25.2167],[118.9693,25.2264],[118.98,25.2449],[119.0249,25.2593],[119.0273,25.2782],[118.9837,25.283],[118.9185,25.2644],[118.8648,25.228],[118.9111,25.2172],[118.9153,25.1794],[118.9483,25.1972],[118.9746,25.1826],[118.943,25.1088],[118.8856,25.1061],[118.849,25.0866],[118.8779,25.0407],[118.9352,25.0224],[118.9283,25.0149],[118.9537,25.003],[118.98,25.0118],[119.0042,25.0502],[118.9832,24.9951],[118.9973,24.9534],[119.0177,24.9603],[119.009,24.9473],[118.9771,24.934],[118.9485,24.9568],[118.9116,24.9534],[118.9011,24.9378],[118.9099,24.9072],[118.9342,24.8861],[118.97,24.8989],[118.9762,24.8778],[118.9244,24.8699],[118.8667,24.891],[118.8259,24.8778],[118.7921,24.8911],[118.7776,24.8852],[118.7801,24.8678],[118.7161,24.8436],[118.6981,24.8595],[118.7297,24.8852],[118.7295,24.9005],[118.6956,24.9404],[118.6888,24.8957],[118.6881,24.9262],[118.6677,24.9534],[118.6404,24.9156],[118.6734,24.8866],[118.6712,24.8747],[118.6241,24.8678],[118.572,24.8852],[118.6128,24.8558],[118.6179,24.8053],[118.638,24.7721],[118.7018,24.81],[118.72,24.7694],[118.7434,24.7753],[118.763,24.7627],[118.7468,24.7207],[118.6854,24.6665],[118.6541,24.6934],[118.6421,24.6787],[118.6336,24.6279],[118.6642,24.6122],[118.6466,24.5684],[118.5908,24.5281],[118.554,24.5181],[118.5545,24.5532],[118.5781,24.5602],[118.5012,24.6081],[118.4281,24.6313],[118.4312,24.6997],[118.4009,24.6723],[118.4219,24.6245],[118.4048,24.6066],[118.3517,24.5823],[118.284,24.5978],[118.273,24.5744],[118.2498,24.5761],[118.2418,24.5438],[118.219,24.5414],[118.1812,24.5761],[118.1817,24.5978],[118.2158,24.604],[118.2152,24.6148],[118.1743,24.6245],[118.1876,24.6574],[118.1605,24.6934],[118.1575,24.6627],[118.1414,24.657],[118.1104,24.5841],[118.0444,24.6177],[118.0374,24.5606],[118.0029,24.5624],[118.0093,24.5807],[117.9749,24.5527],[118.0581,24.5159],[117.9995,24.4709],[118.0217,24.4457],[117.8677,24.4896],[117.8259,24.4805],[117.8849,24.4687],[117.9011,24.4532],[117.7913,24.4675],[117.8746,24.3963],[117.9073,24.3849],[117.9894,24.3948],[118.0301,24.4128],[118.043,24.4067],[118.0408,24.3656],[118.0159,24.3269],[118.053,24.3469],[118.0906,24.3415],[118.1196,24.2993],[118.1265,24.262],[118.0718,24.2546],[118.0239,24.2067],[117.9893,24.1931],[117.9788,24.1621],[117.9679,24.1598],[117.9585,24.2031],[117.9436,24.2126],[117.9073,24.1863],[117.9324,24.1783],[117.9378,24.1617],[117.8958,24.0866],[117.8936,24.028],[117.8623,24.0352],[117.8391,24.0236],[117.772,23.9589],[117.7481,23.9075],[117.7293,23.9194],[117.7379,23.9505],[117.7981,24.0218],[117.7865,24.0281],[117.7617,24.0148],[117.7571,24.0249],[117.7761,24.0373],[117.7633,24.0703],[117.75,24.0373],[117.7241,24.0338],[117.6671,24.0627],[117.6797,24.039],[117.7088,24.0355],[117.6885,23.9975],[117.6951,23.9536],[117.6486,23.9092],[117.6255,23.8402],[117.6393,23.7941],[117.5917,23.7371],[117.5982,23.8524],[117.5711,23.9033],[117.5374,23.9194],[117.4548,23.9256],[117.4166,23.9468],[117.4097,23.9134],[117.4685,23.9119],[117.4996,23.8741],[117.4635,23.7883],[117.4343,23.7759],[117.3824,23.7952],[117.3191,23.7616],[117.2926,23.7895],[117.2774,23.7822],[117.2923,23.7622],[117.2719,23.7213],[117.2762,23.6877],[117.2636,23.6554],[117.2791,23.6363],[117.239,23.6055],[117.2441,23.6575],[117.2295,23.6928],[117.2085,23.6649],[117.2192,23.6296],[117.1746,23.6163],[117.15,23.6509],[117.0674,23.6966],[117.0365,23.7383],[116.9248,24.0776],[116.9372,24.1374],[116.966,24.1787],[116.9633,24.2069],[116.8857,24.39],[116.8364,24.4346],[116.824,24.4809],[116.7493,24.5334],[116.7726,24.6628],[116.6599,24.6696],[116.5166,24.6154],[116.3721,24.8413],[116.2684,24.8078],[116.2466,24.8439],[116.1043,24.8481],[116.0301,24.8961],[115.9952,24.893],[115.9533,24.9125],[115.8875,24.9168],[115.8545,24.9595],[115.8811,24.9759],[115.8885,24.9999],[115.8428,25.1947],[115.901,25.2306],[115.9746,25.332],[116.0002,25.4972],[116.0445,25.5746],[116.0276,25.6364],[116.0578,25.6927],[116.0912,25.7141],[116.1151,25.7582],[116.1597,25.7755],[116.1344,25.8166],[116.1352,25.8663],[116.1845,25.9101],[116.2735,25.9282],[116.3293,25.9615],[116.3973,26.0615],[116.4168,26.1303],[116.399,26.2875],[116.5053,26.4095],[116.5273,26.4107],[116.567,26.3775],[116.598,26.4027],[116.6193,26.5001],[116.5743,26.5155],[116.5423,26.5628],[116.5329,26.6392],[116.505,26.6893],[116.5318,26.7616],[116.5453,26.8679],[116.6139,26.9475],[116.6697,26.9869],[116.702,26.9794],[116.7675,27.0081],[116.8353,27.0107],[116.8846,27.0266],[116.9234,27.021],[117.0401,27.1095],[117.0766,27.1885],[117.1562,27.2822],[117.1303,27.3436],[117.1011,27.3467],[117.0989,27.3828],[117.1247,27.4299],[117.1042,27.4917],[117.1058,27.5541],[117.2251,27.7234],[117.2871,27.7726],[117.2842,27.857],[117.3497,27.866],[117.4245,27.9234],[117.5218,27.9744],[117.5444,27.9667],[117.5575,27.9315],[117.6136,27.8595],[117.7532,27.8161],[117.7851,27.8479],[117.7901,27.9026],[117.8174,27.9351],[117.9465,27.9732],[118.0685,27.9808],[118.1406,28.0444],[118.1827,28.0417],[118.3638,28.0936],[118.3807,28.1785],[118.3489,28.2198],[118.4464,28.2887],[118.516,28.2623],[118.5354,28.2848],[118.5925,28.2992],[118.6232,28.2844],[118.678,28.2919],[118.7352,28.326],[118.7629,28.2696],[118.7961,28.2399],[118.8002,28.2172],[118.7646,28.1834],[118.786,28.1363],[118.7532,28.1009],[118.7481,27.9732],[118.8198,27.9099],[118.841,27.8157],[118.8895,27.7222],[118.8808,27.6793],[118.9227,27.55],[118.8831,27.5104],[118.9081,27.4818],[118.9483,27.4717],[119.0053,27.4801],[119.0868,27.4595],[119.1081,27.466],[119.1332,27.434],[119.1576,27.4258],[119.2567,27.4198],[119.283,27.4503],[119.3306,27.4661],[119.3727,27.5065],[119.3967,27.5123],[119.4175,27.5021],[119.4599,27.5199],[119.5303,27.6584],[119.5578,27.6757],[119.6044,27.6691],[119.6247,27.6467],[119.6116,27.6049],[119.6479,27.5861],[119.6539,27.5507],[119.6866,27.5113],[119.6881,27.4209],[119.7558,27.3517],[119.7701,27.3159],[119.9307,27.3248],[119.9839,27.36],[120.0579,27.3417],[120.1477,27.4002],[120.2347,27.413],[120.2986,27.3784],[120.344,27.3796],[120.3585,27.3672],[120.4058,27.2969],[120.4192,27.2064]]],[[[119.8465,25.5363],[119.8345,25.5491],[119.8186,25.5458],[119.7988,25.5158],[119.8465,25.4612],[119.8211,25.4675],[119.772,25.4506],[119.7578,25.4333],[119.7573,25.4049],[119.693,25.4376],[119.71,25.4879],[119.6685,25.4879],[119.6862,25.5077],[119.7485,25.5026],[119.7783,25.522],[119.7263,25.5251],[119.7162,25.5363],[119.7271,25.5909],[119.7026,25.5773],[119.6927,25.5942],[119.7136,25.6306],[119.7635,25.6595],[119.7817,25.6592],[119.7759,25.6357],[119.792,25.6046],[119.8135,25.6088],[119.8329,25.5909],[119.8169,25.5798],[119.8745,25.5568],[119.8465,25.5363]]],[[[117.4689,23.7531],[117.5267,23.7401],[117.5162,23.7163],[117.4842,23.7108],[117.4798,23.6627],[117.4448,23.6649],[117.4211,23.6465],[117.4154,23.6082],[117.4316,23.5826],[117.3205,23.574],[117.3691,23.6224],[117.3937,23.6792],[117.3405,23.689],[117.3767,23.7289],[117.3727,23.7667],[117.4136,23.7717],[117.4198,23.7543],[117.4478,23.7423],[117.4689,23.7531]]],[[[118.0925,24.5562],[118.1379,24.5365],[118.1814,24.5351],[118.1887,24.4941],[118.1639,24.4719],[118.1538,24.4371],[118.1365,24.4293],[118.0921,24.4385],[118.07,24.4603],[118.103,24.4799],[118.1062,24.4941],[118.0823,24.4823],[118.072,24.4979],[118.0925,24.5562]]],[[[119.3054,26.036],[119.4012,25.996],[119.405,25.9779],[119.3811,25.967],[119.2576,26.0015],[119.2178,26.059],[119.2092,26.0986],[119.2576,26.0476],[119.3054,26.036]]],[[[119.3465,25.5667],[119.335,25.438],[119.2969,25.4229],[119.2815,25.4829],[119.3075,25.5468],[119.3317,25.5713],[119.3465,25.5667]]],[[[119.551,25.2095],[119.5676,25.2049],[119.5422,25.1654],[119.529,25.1654],[119.5109,25.1823],[119.5127,25.1988],[119.4612,25.2033],[119.4447,25.2291],[119.4704,25.2522],[119.512,25.2134],[119.551,25.2095]]],[[[119.627,26.1079],[119.6441,26.0784],[119.6204,26.0642],[119.5653,26.0805],[119.554,26.0956],[119.5994,26.1281],[119.627,26.1079]]],[[[120.3268,26.9397],[120.3222,26.9621],[120.3449,26.972],[120.3857,26.9352],[120.3525,26.9238],[120.3268,26.9397]]]]}},{"type":"Feature","id":"Gansu","properties":{"id":"Gansu","iso_code":"CN-GS","name":"Gansu","name_full":"Gansu","name_ja":"甘粛省","center_lonlat":[102.3692,37.8282]},"geometry":{"type":"Polygon","coordinates":[[[96.3663,42.7229],[97.1907,42.7871],[97.8469,41.6193],[97.6591,41.4839],[97.6476,41.4555],[97.659,41.4134],[97.837,41.2175],[97.9505,41.1198],[98.018,41.09],[98.2038,40.9512],[98.2939,40.9166],[98.3206,40.8919],[98.3265,40.8557],[98.2344,40.5282],[98.5152,40.5335],[98.6007,40.548],[98.6458,40.5675],[98.8257,40.7266],[99.1574,40.8363],[99.496,40.8429],[99.6645,40.9013],[99.7667,40.9099],[100.0112,40.8963],[100.0497,40.8805],[100.1903,40.7094],[100.2047,40.638],[100.1898,40.5801],[100.0044,40.3909],[99.9566,40.2733],[99.917,40.219],[99.627,40.0692],[99.5325,40.0008],[99.4309,39.8788],[99.6861,39.876],[99.762,39.8602],[99.8431,39.8029],[99.9251,39.7663],[100.2216,39.6804],[100.2937,39.6165],[100.3181,39.5334],[100.4733,39.4856],[100.5067,39.4185],[100.8102,39.4039],[100.8332,39.3801],[100.8434,39.3433],[100.8451,39.1995],[100.8766,39.1201],[100.9413,39.0639],[101.0521,38.9994],[101.1101,38.9929],[101.1635,39.0203],[101.2113,39.0083],[101.2064,38.9308],[101.2656,38.8512],[101.3362,38.8183],[101.3089,38.7785],[101.3198,38.7582],[101.414,38.7492],[101.5802,38.6882],[101.65,38.7006],[101.8311,38.6898],[101.992,38.8286],[102.0312,38.8792],[101.8255,39.0644],[101.8308,39.0824],[102.0152,39.1201],[102.3931,39.2372],[102.4539,39.2382],[102.5935,39.1779],[102.8306,39.1302],[102.9654,39.1194],[103.0064,39.1303],[103.1364,39.2248],[103.4638,39.3572],[103.7493,39.4249],[104.024,39.4411],[104.0606,39.4274],[104.0646,39.4048],[104.046,39.3477],[104.0524,39.3222],[104.2184,39.1031],[104.2276,39.0791],[104.2168,39.0347],[104.1608,38.9471],[104.0595,38.8952],[103.9795,38.759],[103.8734,38.6427],[103.7943,38.5908],[103.4394,38.4136],[103.4877,38.3303],[103.529,38.1466],[103.3881,38.102],[103.3875,37.9991],[103.421,37.8603],[103.4382,37.8424],[103.6787,37.775],[103.8637,37.6264],[104.1085,37.4618],[104.2287,37.4039],[104.2625,37.3903],[104.3143,37.4065],[104.3585,37.4012],[104.4086,37.4013],[104.4763,37.4438],[104.5316,37.4247],[104.7176,37.4069],[104.6805,37.3732],[104.7224,37.3393],[104.7199,37.3237],[104.6634,37.2783],[104.6305,37.2748],[104.6214,37.2493],[104.6581,37.2226],[104.6946,37.2141],[104.7647,37.2505],[104.8554,37.2182],[104.9224,37.0968],[104.9939,37.0472],[105.0905,37.0263],[105.1515,36.9961],[105.3206,36.7966],[105.3217,36.7807],[105.2292,36.7351],[105.2192,36.7024],[105.2687,36.5502],[105.344,36.4225],[105.4075,36.3651],[105.4459,36.2546],[105.447,36.2073],[105.4334,36.179],[105.4374,36.1067],[105.3465,36.0548],[105.3148,35.9728],[105.3206,35.9234],[105.4275,35.7595],[105.5631,35.7],[105.6024,35.6966],[105.6674,35.7167],[105.7256,35.7101],[105.7195,35.6892],[105.687,35.6813],[105.6931,35.6471],[105.8294,35.4936],[105.8597,35.4881],[105.9035,35.5182],[105.9361,35.5248],[106.0768,35.4789],[106.0604,35.4639],[105.9006,35.4468],[105.8848,35.4296],[105.898,35.4077],[106.0017,35.4294],[106.1773,35.413],[106.2107,35.3952],[106.339,35.2571],[106.3778,35.2607],[106.4577,35.3235],[106.4901,35.4052],[106.4966,35.4748],[106.4352,35.5033],[106.4138,35.5406],[106.4184,35.5548],[106.5109,35.5609],[106.4538,35.6105],[106.4298,35.6876],[106.4341,35.7096],[106.4696,35.7274],[106.5576,35.7332],[106.69,35.7067],[106.7285,35.677],[106.7505,35.6807],[106.7767,35.7127],[106.8551,35.7346],[106.9109,35.7824],[106.8432,35.8822],[106.9386,35.9239],[106.9137,35.9526],[106.9406,35.9818],[106.9293,36.0106],[106.9448,36.0769],[106.8295,36.2067],[106.7449,36.2066],[106.6084,36.2771],[106.5147,36.261],[106.4749,36.3002],[106.4732,36.3178],[106.5039,36.3559],[106.4954,36.4367],[106.4315,36.5078],[106.492,36.5426],[106.4866,36.6679],[106.496,36.7002],[106.5482,36.7302],[106.6122,36.7312],[106.6496,36.8],[106.649,36.8342],[106.5748,36.9313],[106.6084,36.9555],[106.637,37.006],[106.6206,37.0702],[106.6441,37.1817],[106.6684,37.2028],[106.7472,37.2063],[106.9193,37.1094],[107.0061,37.1071],[107.1257,37.1246],[107.2439,37.0983],[107.2855,37.0685],[107.2778,37.0438],[107.2942,36.9907],[107.2879,36.911],[107.4429,36.8864],[107.5009,36.8908],[107.5326,36.8742],[107.5225,36.853],[107.5489,36.84],[107.6173,36.8242],[107.6955,36.8251],[107.7577,36.7898],[107.8865,36.7554],[107.9486,36.6769],[108.033,36.6544],[108.0251,36.6204],[108.0417,36.5977],[108.1613,36.5691],[108.2021,36.5993],[108.2187,36.5986],[108.2511,36.5699],[108.3564,36.546],[108.4326,36.4649],[108.5331,36.4577],[108.6146,36.429],[108.7037,36.359],[108.6953,36.313],[108.6444,36.2485],[108.6901,36.176],[108.6991,36.1359],[108.6749,35.9998],[108.6548,35.98],[108.6013,35.9615],[108.4909,35.8764],[108.5226,35.7951],[108.5129,35.6759],[108.5463,35.6105],[108.6037,35.5479],[108.6149,35.3845],[108.5039,35.2748],[108.3536,35.2783],[108.2689,35.2624],[108.2143,35.2923],[108.155,35.2906],[107.9718,35.2226],[107.938,35.2615],[107.862,35.2744],[107.7417,35.3184],[107.7315,35.3065],[107.7332,35.2557],[107.6728,35.233],[107.6722,35.2206],[107.7598,35.0789],[107.8254,35.0272],[107.8424,34.9981],[107.8303,34.9767],[107.7245,34.9532],[107.5696,34.9654],[107.4969,34.9258],[107.4241,34.9425],[107.3555,34.9335],[107.3105,34.9432],[107.27,34.9116],[107.2109,34.8918],[107.1578,34.9438],[107.099,34.9796],[107.0515,35.0381],[106.9494,35.0615],[106.9148,35.089],[106.7702,35.0952],[106.6248,35.0766],[106.5834,35.0849],[106.4912,35.0301],[106.5045,34.9865],[106.4988,34.9307],[106.5516,34.8572],[106.5432,34.82],[106.4848,34.7325],[106.4228,34.7],[106.3772,34.6322],[106.3177,34.5833],[106.3684,34.5202],[106.4866,34.5241],[106.5349,34.4902],[106.5963,34.4729],[106.6141,34.4587],[106.6273,34.4196],[106.6736,34.3847],[106.6906,34.2913],[106.6788,34.2604],[106.656,34.2542],[106.554,34.2808],[106.4968,34.2665],[106.5525,34.2421],[106.5874,34.1375],[106.5708,34.1231],[106.5244,34.121],[106.4983,34.043],[106.4232,33.9252],[106.4349,33.8819],[106.4909,33.8556],[106.4551,33.8156],[106.4715,33.7124],[106.5469,33.6531],[106.5595,33.5986],[106.5429,33.5634],[106.4955,33.5436],[106.4539,33.5623],[106.4352,33.6005],[106.4058,33.6174],[106.2921,33.6121],[106.1706,33.5622],[106.1192,33.5744],[106.0855,33.6154],[105.9929,33.6106],[105.9639,33.5594],[105.8324,33.4975],[105.8013,33.4178],[105.7329,33.4017],[105.7151,33.3748],[105.7231,33.325],[105.7472,33.294],[105.8441,33.243],[105.9003,33.2382],[105.9247,33.2241],[105.8976,33.1589],[105.9106,33.0317],[105.8918,32.9854],[105.8704,32.966],[105.801,32.9575],[105.7339,32.9074],[105.6671,32.8875],[105.4986,32.9074],[105.4813,32.9218],[105.4309,32.9115],[105.378,32.8605],[105.3781,32.8359],[105.4388,32.7673],[105.4289,32.7375],[105.3703,32.7141],[105.27,32.6417],[105.1947,32.6617],[105.1468,32.6083],[105.1127,32.5943],[105.0883,32.6],[105.0473,32.6376],[104.8983,32.6118],[104.8277,32.6439],[104.7041,32.6481],[104.5584,32.6883],[104.4057,32.8094],[104.3128,32.8302],[104.2821,32.8572],[104.2765,32.8823],[104.2907,32.9231],[104.3213,32.9527],[104.3876,32.9658],[104.4158,33.0345],[104.4059,33.0633],[104.3282,33.1404],[104.2966,33.1934],[104.282,33.2821],[104.3078,33.3028],[104.3677,33.3043],[104.3858,33.3201],[104.3669,33.3391],[104.2929,33.3636],[104.1747,33.4902],[104.1638,33.5223],[104.1713,33.5908],[104.1445,33.6396],[104.093,33.6685],[103.9151,33.6833],[103.7659,33.6723],[103.6439,33.7137],[103.5313,33.7063],[103.5215,33.7258],[103.5563,33.794],[103.553,33.8156],[103.3901,33.7577],[103.297,33.7596],[103.2286,33.7833],[103.188,33.8126],[103.1932,33.8838],[103.1442,33.9435],[103.1543,34.0831],[103.1406,34.1473],[103.1201,34.1686],[103.0095,34.2066],[102.9443,34.2841],[102.9125,34.2997],[102.7647,34.2682],[102.7083,34.2142],[102.5885,34.1604],[102.5805,34.1307],[102.6359,34.1103],[102.6352,34.0885],[102.4586,34.0692],[102.4254,34.0398],[102.4061,33.9987],[102.372,33.976],[102.2777,33.9827],[102.1712,33.9418],[102.2642,33.8262],[102.2487,33.8164],[102.2474,33.7977],[102.2995,33.7808],[102.3248,33.7518],[102.2907,33.7251],[102.3052,33.7203],[102.3351,33.7357],[102.3431,33.7252],[102.3248,33.6534],[102.356,33.6094],[102.4029,33.5941],[102.4818,33.5401],[102.46,33.5416],[102.4531,33.5234],[102.4818,33.465],[102.4546,33.4719],[102.462,33.4576],[102.3863,33.4098],[102.2893,33.3855],[102.2392,33.3281],[102.1456,33.3034],[102.0994,33.2222],[101.9875,33.2136],[101.856,33.1202],[101.8559,33.184],[101.8247,33.2483],[101.8435,33.2847],[101.8891,33.3287],[101.9247,33.4332],[101.886,33.4975],[101.884,33.5463],[101.845,33.5848],[101.7954,33.6051],[101.7775,33.53],[101.7468,33.5277],[101.7074,33.5044],[101.6134,33.5119],[101.5769,33.6305],[101.5471,33.6761],[101.5089,33.7049],[101.3769,33.6396],[101.3199,33.6392],[101.2282,33.674],[101.1705,33.6544],[101.1579,33.6899],[101.1623,33.7772],[101.1295,33.8506],[101.009,33.8815],[100.948,33.9298],[100.8929,34.0296],[100.7917,34.1549],[100.7813,34.2065],[100.8065,34.2781],[100.8288,34.3101],[100.9353,34.3863],[101.0608,34.3296],[101.256,34.3005],[101.3237,34.2595],[101.5699,34.2082],[101.6117,34.1912],[101.6472,34.136],[101.7189,34.1034],[101.729,34.1087],[101.7376,34.0889],[101.7804,34.0675],[101.8724,34.1478],[101.9306,34.1323],[101.9616,34.1404],[101.9732,34.1701],[102.0205,34.1865],[102.0196,34.2186],[102.0632,34.2382],[102.0874,34.2765],[102.1538,34.2858],[102.1767,34.3336],[102.2161,34.3643],[102.1503,34.4951],[102.072,34.5364],[102.0041,34.5371],[101.9592,34.5583],[101.9319,34.5911],[101.9139,34.6614],[101.891,34.6628],[101.8319,34.624],[101.7934,34.6319],[101.7579,34.6699],[101.7551,34.7037],[101.852,34.7632],[101.8761,34.7504],[101.9069,34.7557],[101.9232,34.7873],[101.9128,34.8448],[101.9324,34.879],[102.0094,34.9421],[102.0847,34.9574],[102.1948,35.0376],[102.2671,35.0559],[102.3205,35.1373],[102.3745,35.1736],[102.3756,35.2037],[102.3341,35.2408],[102.3177,35.275],[102.2654,35.2806],[102.2602,35.2904],[102.2992,35.3506],[102.2893,35.4069],[102.2981,35.4206],[102.4264,35.4353],[102.4907,35.5111],[102.535,35.5356],[102.6874,35.5146],[102.7022,35.524],[102.7204,35.5663],[102.7213,35.6191],[102.6799,35.7568],[102.7003,35.8395],[102.7499,35.8321],[102.7876,35.86],[102.8375,35.8608],[102.976,35.8333],[102.9828,35.8561],[102.9685,35.9327],[102.9995,35.9907],[102.9284,36.0678],[103.0404,36.2165],[102.981,36.2607],[102.9336,36.274],[102.8945,36.3094],[102.8186,36.3261],[102.7697,36.4976],[102.7359,36.5289],[102.6982,36.6089],[102.5985,36.6724],[102.5962,36.7138],[102.6765,36.75],[102.6786,36.795],[102.5888,36.8574],[102.5482,36.9067],[102.4601,36.9557],[102.4958,37.0891],[102.5498,37.1188],[102.5591,37.1345],[102.5506,37.1638],[102.4266,37.2781],[102.3506,37.3028],[102.2128,37.3991],[102.142,37.4067],[102.0401,37.4648],[102.0349,37.4979],[102.0672,37.5483],[102.0539,37.5793],[101.9959,37.6145],[101.9656,37.7349],[101.9371,37.7307],[101.8275,37.6177],[101.8017,37.5261],[101.7656,37.525],[101.6925,37.5984],[101.6465,37.6119],[101.2929,37.7989],[101.0498,37.9637],[100.6357,38.1054],[100.602,38.1274],[100.57,38.2302],[100.5301,38.2742],[100.4974,38.2894],[100.4117,38.2921],[100.3302,38.3207],[100.1408,38.4858],[100.1037,38.4855],[100.0831,38.3945],[100.1156,38.334],[100.1555,38.3028],[100.1704,38.228],[100.1585,38.2074],[100.079,38.2784],[100.0006,38.3144],[99.7999,38.3657],[99.5572,38.5154],[99.4963,38.6011],[99.4459,38.6254],[99.3598,38.7056],[99.0993,38.8896],[99.0856,38.9136],[99.0999,38.9482],[99.0819,38.9686],[98.9734,38.976],[98.9166,39.0286],[98.7819,39.0677],[98.7391,39.0668],[98.6964,39.0005],[98.6022,38.9476],[98.4446,38.9573],[98.3835,39.0092],[98.3243,39.0233],[98.284,38.9834],[98.2626,38.9317],[98.1029,38.8146],[98.0686,38.8018],[98.0205,38.8362],[97.6976,38.981],[97.6749,39.005],[97.3626,39.1504],[97.1375,39.2032],[97.0133,39.1921],[96.9616,39.1121],[96.9912,39.0006],[96.9709,38.8642],[96.9812,38.7443],[96.9705,38.683],[96.9399,38.6535],[96.9712,38.5673],[96.9587,38.3872],[96.9455,38.3582],[96.9123,38.3508],[96.7492,38.3794],[96.6762,38.4153],[96.5324,38.4577],[96.5043,38.4799],[96.5084,38.5448],[96.3945,38.5824],[96.3006,38.633],[96.209,38.6352],[96.1265,38.6699],[96.0548,38.6788],[96.0186,38.7459],[95.8919,38.7837],[95.7719,38.8705],[95.7028,38.8832],[95.6019,38.971],[95.5783,39.0081],[95.4609,39.0466],[95.3137,39.1813],[95.2186,39.1604],[95.006,39.1512],[94.9199,39.1962],[94.7246,39.2368],[94.6311,39.2954],[94.4793,39.3178],[94.1499,39.3243],[93.8982,39.2848],[93.7338,39.3085],[93.6451,39.2802],[93.5213,39.2776],[93.4152,39.2204],[93.2756,39.1887],[93.1293,39.1979],[93.0244,39.1476],[92.936,39.1529],[92.9515,39.4417],[92.7724,39.8105],[92.7645,39.8624],[92.7774,39.9055],[92.9153,40.0933],[92.9259,40.4229],[92.9415,40.4726],[93.0368,40.4899],[93.2863,40.4693],[93.5035,40.5476],[93.5775,40.588],[93.6691,40.6834],[93.7599,40.8233],[94.011,41.104],[94.5809,41.5852],[95.0583,41.7886],[95.492,41.856],[95.7719,41.8297],[95.8639,41.855],[95.952,41.9192],[96.0444,42.0131],[96.0178,42.1387],[96.0438,42.4999],[96.0628,42.5593],[96.0909,42.5869],[96.3663,42.7229]]]}},{"type":"Feature","id":"Guangdong","properties":{"id":"Guangdong","iso_code":"CN-GD","name":"Guangdong","name_full":"Guangdong","name_ja":"広東省","center_lonlat":[113.4284,23.368]},"geometry":{"type":"MultiPolygon","coordinates":[[[[109.7481,21.5749],[109.7514,21.6568],[109.8085,21.6338],[109.8866,21.6567],[109.9148,21.6824],[109.9501,21.8409],[109.9672,21.8667],[110.0437,21.8726],[110.1058,21.8985],[110.2161,21.8745],[110.2991,21.897],[110.3692,21.8909],[110.3803,21.9515],[110.344,21.9922],[110.3555,22.1203],[110.3336,22.1905],[110.4053,22.203],[110.4827,22.145],[110.5393,22.18],[110.591,22.1602],[110.6289,22.1722],[110.6434,22.1867],[110.6458,22.2277],[110.6764,22.2739],[110.692,22.2804],[110.7467,22.2662],[110.7746,22.2837],[110.7503,22.3281],[110.697,22.3687],[110.704,22.428],[110.6754,22.4782],[110.7147,22.4746],[110.7268,22.4846],[110.7499,22.5762],[110.7925,22.5666],[110.8231,22.5906],[110.9256,22.6137],[110.9556,22.6543],[111.0016,22.6387],[111.0309,22.6421],[111.0832,22.7054],[111.052,22.735],[111.1923,22.7518],[111.2693,22.8104],[111.3512,22.9082],[111.3608,22.9738],[111.3836,22.9872],[111.4128,23.0597],[111.3706,23.1273],[111.3859,23.1935],[111.3628,23.273],[111.3664,23.3508],[111.3912,23.4313],[111.4642,23.5449],[111.4676,23.6077],[111.5343,23.6462],[111.6012,23.658],[111.6218,23.6757],[111.6291,23.7062],[111.6137,23.73],[111.6137,23.7599],[111.6575,23.8417],[111.7041,23.8467],[111.7632,23.8312],[111.7896,23.8405],[111.8166,23.9233],[111.8681,23.9496],[111.9008,23.9954],[111.8761,24.0925],[111.8665,24.2272],[111.9348,24.2738],[111.9711,24.2734],[112.0501,24.3516],[112.0473,24.3815],[111.9883,24.4716],[112.0055,24.5531],[111.9443,24.5907],[111.923,24.6331],[111.9432,24.6563],[111.9348,24.7023],[111.9966,24.7357],[112.0184,24.7425],[112.0577,24.7898],[112.0912,24.8092],[112.107,24.8122],[112.1269,24.789],[112.1431,24.788],[112.1668,24.907],[112.1264,24.9405],[112.1224,24.9608],[112.1954,25.1999],[112.2571,25.1762],[112.3316,25.1815],[112.3823,25.1632],[112.4584,25.1643],[112.536,25.1335],[112.6374,25.1304],[112.6853,25.0854],[112.6972,25.0239],[112.7141,24.9995],[112.8001,24.945],[112.8764,24.9422],[112.9889,24.9639],[112.9931,24.9754],[112.9594,25.0386],[112.9737,25.1051],[112.9669,25.1724],[113.0285,25.2304],[113.0148,25.2456],[112.9749,25.2518],[112.8891,25.2415],[112.8589,25.2839],[112.8517,25.3213],[112.8646,25.3428],[112.913,25.322],[112.9437,25.3489],[113.0635,25.3969],[113.1864,25.4931],[113.2829,25.5176],[113.3018,25.4714],[113.3576,25.4244],[113.4216,25.3838],[113.4713,25.3766],[113.5234,25.3856],[113.5695,25.3234],[113.694,25.3632],[113.764,25.3414],[113.8091,25.3482],[113.8465,25.3748],[113.8802,25.4335],[113.9275,25.4481],[113.9848,25.4223],[114.0164,25.4325],[114.0256,25.3336],[114.004,25.2868],[114.0194,25.2685],[114.127,25.3105],[114.2911,25.2931],[114.3844,25.3353],[114.4339,25.3885],[114.4914,25.3834],[114.522,25.4114],[114.5459,25.4159],[114.5693,25.4069],[114.5899,25.3479],[114.6908,25.3028],[114.7127,25.2795],[114.7168,25.2456],[114.6831,25.1635],[114.7307,25.1294],[114.7293,25.1189],[114.671,25.1037],[114.6336,25.0758],[114.5575,25.0597],[114.4746,25.0044],[114.4135,24.9797],[114.391,24.9429],[114.3836,24.8847],[114.3431,24.8357],[114.3147,24.7747],[114.2694,24.7328],[114.1696,24.6747],[114.1822,24.6592],[114.2481,24.6447],[114.2894,24.5956],[114.3625,24.5652],[114.4058,24.5015],[114.4398,24.5047],[114.4921,24.5538],[114.5695,24.5513],[114.6419,24.5853],[114.6762,24.5546],[114.7072,24.5519],[114.7332,24.6184],[114.7572,24.6321],[114.8257,24.6208],[114.8444,24.5954],[114.8702,24.588],[114.9334,24.6652],[115.024,24.6882],[115.047,24.7067],[115.1021,24.6855],[115.1522,24.6855],[115.2639,24.7591],[115.2996,24.7624],[115.3328,24.7467],[115.3483,24.7669],[115.4206,24.7846],[115.4473,24.7731],[115.4964,24.7099],[115.5496,24.679],[115.5992,24.6091],[115.6515,24.5846],[115.6915,24.548],[115.7904,24.5613],[115.7997,24.5682],[115.7826,24.623],[115.782,24.691],[115.7496,24.7423],[115.755,24.8196],[115.7781,24.8541],[115.8113,24.8726],[115.9034,24.8716],[115.8875,24.9168],[115.9533,24.9125],[115.9952,24.893],[116.0301,24.8961],[116.1043,24.8481],[116.2466,24.8439],[116.2684,24.8078],[116.3721,24.8413],[116.5166,24.6154],[116.6599,24.6696],[116.7726,24.6628],[116.7493,24.5334],[116.824,24.4809],[116.8364,24.4346],[116.8857,24.39],[116.9633,24.2069],[116.966,24.1787],[116.9372,24.1374],[116.9248,24.0776],[117.0365,23.7383],[117.0674,23.6966],[117.15,23.6509],[117.1746,23.6163],[117.1508,23.6069],[117.1285,23.5724],[117.0842,23.5506],[117.0684,23.6513],[117.0234,23.6587],[116.9507,23.6109],[116.9176,23.6379],[116.9409,23.6587],[116.9165,23.6627],[116.8721,23.6069],[116.8833,23.5596],[116.8497,23.5113],[116.8726,23.4738],[116.8666,23.4502],[116.7732,23.3494],[116.6578,23.3545],[116.5689,23.391],[116.5432,23.4212],[116.5232,23.4185],[116.5232,23.3775],[116.573,23.3237],[116.6419,23.3188],[116.661,23.3372],[116.6912,23.339],[116.7094,23.3198],[116.7486,23.3263],[116.7771,23.2404],[116.8048,23.2361],[116.7839,23.2124],[116.7056,23.2766],[116.6672,23.2813],[116.7151,23.2438],[116.6712,23.2146],[116.6468,23.163],[116.6152,23.1783],[116.6115,23.2387],[116.57,23.247],[116.5089,23.2341],[116.5093,23.2164],[116.527,23.2006],[116.564,23.223],[116.6045,23.2096],[116.5451,23.1448],[116.5336,23.1091],[116.5517,23.0867],[116.5632,23.0188],[116.5219,22.9984],[116.5185,22.9675],[116.4947,22.9394],[116.4585,22.9474],[116.3796,22.929],[116.2985,22.9632],[116.2891,22.9789],[116.2136,22.9828],[116.201,22.9735],[116.2815,22.9579],[116.1449,22.8478],[116.0957,22.8259],[116.0847,22.8498],[116.0913,22.8684],[116.1237,22.8947],[116.0421,22.9329],[116.0873,22.8897],[116.0762,22.8679],[115.9967,22.8367],[115.958,22.8047],[115.8835,22.7946],[115.826,22.7466],[115.81,22.7461],[115.788,22.7978],[115.8136,22.7763],[115.8048,22.8151],[115.7369,22.8517],[115.697,22.8507],[115.7036,22.8693],[115.6843,22.8778],[115.6926,22.9001],[115.7213,22.9045],[115.7303,22.9342],[115.692,22.929],[115.6533,22.8937],[115.5779,22.8773],[115.5606,22.8493],[115.533,22.862],[115.5476,22.8954],[115.5056,22.8978],[115.4509,22.9319],[115.4302,22.9182],[115.406,22.925],[115.4273,22.9006],[115.4642,22.912],[115.483,22.9018],[115.4942,22.8608],[115.468,22.8493],[115.5594,22.8361],[115.6121,22.8636],[115.527,22.767],[115.5239,22.7418],[115.5556,22.7144],[115.5673,22.7473],[115.5901,22.7372],[115.5625,22.7056],[115.5752,22.6683],[115.5362,22.6681],[115.4648,22.701],[115.3735,22.6942],[115.3385,22.7331],[115.3507,22.7469],[115.4241,22.762],[115.4112,22.7883],[115.364,22.7636],[115.3306,22.7885],[115.2334,22.7882],[115.2328,22.8053],[115.3202,22.8505],[115.3248,22.8596],[115.3094,22.8694],[115.3171,22.9045],[115.3038,22.903],[115.2456,22.8354],[115.1729,22.8212],[115.1803,22.7848],[115.1329,22.8115],[115.0655,22.796],[115.0178,22.737],[115.0289,22.7084],[114.9853,22.6893],[114.9547,22.7035],[114.9417,22.7539],[114.9268,22.7612],[114.9168,22.744],[114.8891,22.7637],[114.8625,22.7632],[114.8819,22.7475],[114.8807,22.7215],[114.9267,22.7169],[114.9666,22.6765],[114.9387,22.6573],[114.9019,22.5981],[114.9191,22.5612],[114.896,22.5475],[114.8802,22.5591],[114.8868,22.5909],[114.8658,22.6017],[114.7541,22.5897],[114.7438,22.6094],[114.7374,22.669],[114.7538,22.6934],[114.7389,22.7106],[114.742,22.7327],[114.8213,22.7906],[114.7752,22.8158],[114.7549,22.7817],[114.7341,22.7758],[114.6955,22.7926],[114.6378,22.7551],[114.5633,22.7327],[114.5711,22.7024],[114.5523,22.6945],[114.5221,22.706],[114.5238,22.6872],[114.4996,22.6531],[114.5066,22.6465],[114.5825,22.6553],[114.5903,22.6439],[114.4954,22.562],[114.5093,22.5495],[114.5432,22.5694],[114.6116,22.5287],[114.6177,22.5141],[114.5422,22.478],[114.5158,22.4526],[114.4851,22.4683],[114.4796,22.5462],[114.4557,22.5705],[114.4404,22.5687],[114.4243,22.6017],[114.3958,22.6135],[114.3171,22.6024],[114.3071,22.5854],[114.2762,22.588],[114.2298,22.5558],[114.162,22.5605],[114.1487,22.5381],[114.1171,22.5276],[114.0915,22.5344],[114.0553,22.5069],[113.9638,22.5381],[113.9478,22.4904],[113.9103,22.4858],[113.8903,22.4527],[113.8662,22.5115],[113.8939,22.5211],[113.8224,22.5872],[113.7936,22.6616],[113.7729,22.6724],[113.7581,22.7534],[113.7122,22.7633],[113.6724,22.7469],[113.6536,22.7587],[113.6626,22.7981],[113.6172,22.8903],[113.6172,22.8362],[113.6056,22.8472],[113.6104,22.9045],[113.596,22.8806],[113.5923,22.8891],[113.6382,23.0349],[113.6167,23.0079],[113.5967,22.9182],[113.6172,23.0349],[113.5762,22.9387],[113.583,23.0212],[113.554,22.9876],[113.542,22.9865],[113.5288,23.0108],[113.5364,23.0631],[113.5821,23.0985],[113.7202,23.1379],[113.7581,23.1216],[113.7844,23.1317],[113.8301,23.1175],[113.7031,23.1578],[113.5091,23.0622],[113.4175,23.097],[113.3987,23.0833],[113.4193,23.0655],[113.4812,23.0515],[113.5023,23.0204],[113.484,22.9243],[113.4299,22.9313],[113.3076,22.8941],[113.213,22.9045],[113.2581,22.8978],[113.2922,22.8773],[113.3504,22.8897],[113.44,22.8041],[113.4942,22.7748],[113.4395,22.7394],[113.3775,22.7674],[113.4663,22.7165],[113.553,22.6385],[113.5992,22.5752],[113.5947,22.5234],[113.5464,22.4376],[113.5581,22.3808],[113.6104,22.3702],[113.5923,22.3161],[113.5736,22.3007],[113.5877,22.2379],[113.523,22.213],[113.5299,22.2023],[113.4837,22.1551],[113.4592,22.158],[113.4256,22.1862],[113.4119,22.2255],[113.3645,22.2678],[113.357,22.3019],[113.2764,22.3721],[113.2319,22.4791],[113.1653,22.5756],[113.1602,22.4876],[113.2273,22.4253],[113.3285,22.2685],[113.402,22.1796],[113.3508,22.1715],[113.3027,22.1833],[113.251,22.1157],[113.2472,22.0543],[113.2306,22.0432],[113.1947,22.0464],[113.1575,22.0247],[113.1189,22.0658],[113.1106,22.0992],[113.1275,22.161],[113.1106,22.2193],[113.0851,22.2076],[113.0773,22.1473],[113.0579,22.1211],[113.0266,22.1432],[113.0206,22.126],[113.0256,21.9494],[112.9894,21.9373],[112.9796,21.9012],[112.9571,21.8757],[112.9116,21.8563],[112.8794,21.8752],[112.8516,21.9483],[112.826,21.9661],[112.7437,21.932],[112.7305,21.8903],[112.7005,21.8903],[112.6451,21.8494],[112.6476,21.8227],[112.608,21.7751],[112.5509,21.7729],[112.426,21.8452],[112.4111,21.9012],[112.4815,21.9446],[112.4937,21.9661],[112.4363,21.9456],[112.4048,21.9429],[112.3906,21.9555],[112.3763,21.9866],[112.3975,22.0685],[112.3648,22.0345],[112.3565,21.9797],[112.3906,21.9012],[112.4021,21.8014],[112.388,21.7561],[112.3633,21.7333],[112.2862,21.7088],[112.2449,21.7065],[112.1824,21.753],[112.2031,21.8067],[112.1926,21.8432],[112.1727,21.8144],[112.0282,21.7973],[112.0071,21.8187],[112.0413,21.8842],[111.9692,21.824],[111.9341,21.8904],[111.8904,21.9251],[111.9041,21.8153],[111.9464,21.7859],[112.0003,21.7743],[111.9058,21.7159],[111.9041,21.7017],[111.8679,21.6767],[111.8389,21.6781],[111.8538,21.7074],[111.8767,21.6986],[111.8606,21.7215],[111.8362,21.717],[111.8351,21.7668],[111.8069,21.7433],[111.7879,21.76],[111.7579,21.7533],[111.6781,21.7812],[111.7606,21.7258],[111.7796,21.6754],[111.7737,21.6501],[111.7469,21.6439],[111.7879,21.616],[111.7129,21.6234],[111.6514,21.5409],[111.6305,21.5299],[111.5819,21.5819],[111.5956,21.5341],[111.5379,21.5205],[111.521,21.5341],[111.4761,21.5136],[111.4727,21.5546],[111.4553,21.5512],[111.4441,21.5636],[111.4322,21.603],[111.4111,21.5683],[111.438,21.5341],[111.3628,21.5412],[111.3497,21.5267],[111.4043,21.5267],[111.2673,21.4394],[111.2529,21.4447],[111.3013,21.4993],[111.1924,21.5312],[111.158,21.5136],[111.1716,21.5136],[111.1716,21.4993],[111.1988,21.5078],[111.2263,21.4993],[111.1436,21.4658],[111.0884,21.4726],[111.13,21.4993],[111.1238,21.5068],[111.0884,21.4931],[111.0755,21.5136],[111.0276,21.5409],[111.0233,21.5278],[110.9859,21.5136],[111.0139,21.4857],[110.9797,21.4447],[111.0081,21.4499],[111.0422,21.4846],[111.0686,21.4726],[111.0437,21.4694],[110.9929,21.4249],[110.9659,21.4328],[110.8699,21.3832],[110.8062,21.4016],[110.7682,21.3975],[110.7048,21.3485],[110.6509,21.2604],[110.6548,21.3146],[110.6776,21.3485],[110.6555,21.3428],[110.6433,21.3218],[110.6365,21.3703],[110.6924,21.3992],[110.7554,21.4134],[110.76,21.4447],[110.7273,21.4189],[110.6356,21.381],[110.6167,21.3454],[110.6157,21.3012],[110.6433,21.2529],[110.6365,21.2302],[110.5752,21.2467],[110.5887,21.2256],[110.4815,21.2172],[110.4312,21.1915],[110.4373,21.2392],[110.4258,21.2692],[110.4373,21.2734],[110.4243,21.2877],[110.4373,21.2939],[110.4789,21.2734],[110.4863,21.3013],[110.4661,21.2961],[110.4448,21.3076],[110.4863,21.3355],[110.4653,21.3287],[110.4653,21.3485],[110.4339,21.3088],[110.4239,21.3416],[110.4373,21.3975],[110.4195,21.3774],[110.401,21.387],[110.369,21.4249],[110.3895,21.4521],[110.3585,21.4357],[110.3944,21.364],[110.3895,21.3287],[110.3281,21.3355],[110.3567,21.3192],[110.3628,21.2877],[110.4082,21.238],[110.3994,21.1766],[110.3338,21.1164],[110.2693,21.0892],[110.2188,21.0276],[110.2046,21.0822],[110.1956,21.0713],[110.1567,20.986],[110.1431,20.9923],[110.1548,20.9773],[110.1493,20.924],[110.1773,20.8625],[110.1567,20.8768],[110.1567,20.8489],[110.1915,20.8489],[110.1915,20.8358],[110.2871,20.842],[110.3197,20.8599],[110.3611,20.8359],[110.369,20.8489],[110.4027,20.7901],[110.4094,20.751],[110.397,20.7185],[110.3836,20.7134],[110.3565,20.7323],[110.3418,20.8215],[110.3213,20.7943],[110.3321,20.7679],[110.3076,20.7532],[110.3076,20.739],[110.3375,20.7258],[110.3008,20.6571],[110.3281,20.6776],[110.3284,20.6527],[110.3145,20.6365],[110.3394,20.6315],[110.3628,20.6434],[110.3628,20.6223],[110.3806,20.6338],[110.4085,20.5859],[110.4789,20.5677],[110.5342,20.4783],[110.5023,20.4127],[110.4754,20.3976],[110.4068,20.3052],[110.3621,20.3049],[110.3443,20.2792],[110.2803,20.253],[110.2372,20.275],[110.1966,20.2703],[110.1878,20.253],[110.1275,20.248],[110.0379,20.3017],[110.006,20.2803],[109.9658,20.281],[109.9172,20.2393],[109.9287,20.3264],[109.9172,20.3523],[109.8741,20.3763],[109.8899,20.3827],[109.8628,20.4063],[109.9036,20.4311],[109.9824,20.3515],[110.0155,20.4184],[110.0098,20.4342],[109.9649,20.4783],[109.9581,20.4516],[109.9436,20.4607],[109.9309,20.5063],[109.9172,20.4448],[109.8961,20.4926],[109.8221,20.5165],[109.8257,20.5428],[109.8414,20.5472],[109.8482,20.5956],[109.8211,20.5546],[109.8189,20.5891],[109.802,20.6163],[109.7759,20.6313],[109.7459,20.6298],[109.7516,20.6737],[109.7657,20.6844],[109.8059,20.6795],[109.8277,20.698],[109.8414,20.6844],[109.8619,20.7082],[109.8547,20.7199],[109.801,20.7063],[109.7869,20.6911],[109.7564,20.7497],[109.7732,20.7669],[109.7581,20.7928],[109.7732,20.8141],[109.752,20.842],[109.7595,20.855],[109.7454,20.8677],[109.7315,20.855],[109.739,20.8078],[109.7044,20.842],[109.7179,20.8078],[109.6656,20.8809],[109.6612,20.9276],[109.6913,20.9587],[109.6807,20.9945],[109.6975,21.0406],[109.7117,21.0338],[109.7,21.083],[109.6702,21.1232],[109.7044,21.1785],[109.7202,21.1834],[109.752,21.1641],[109.7467,21.1797],[109.7732,21.2154],[109.7657,21.3559],[109.7837,21.3483],[109.7869,21.3287],[109.8074,21.3559],[109.9241,21.3628],[109.9048,21.3907],[109.9513,21.4584],[109.9334,21.4538],[109.9246,21.465],[109.9444,21.4931],[109.859,21.4828],[109.8414,21.5068],[109.8142,21.4584],[109.8027,21.4733],[109.8005,21.5546],[109.7701,21.5516],[109.7732,21.5819],[109.7481,21.5749]]],[[[110.5475,21.0373],[110.5169,20.9376],[110.493,20.978],[110.4414,21.0058],[110.363,21.0058],[110.2666,20.9726],[110.2459,20.986],[110.2654,21.0043],[110.2459,21.0276],[110.2874,21.0338],[110.2707,21.0449],[110.2731,21.0611],[110.3099,21.0529],[110.3352,21.0686],[110.308,21.0609],[110.2874,21.0744],[110.3426,21.0747],[110.3898,21.0959],[110.4177,21.0406],[110.4321,21.0573],[110.5264,21.0821],[110.5475,21.0373]]],[[[112.844,21.7743],[112.8626,21.7694],[112.8626,21.7456],[112.7975,21.7059],[112.8106,21.6576],[112.7935,21.6082],[112.8106,21.5893],[112.7997,21.5791],[112.7649,21.5819],[112.7344,21.6287],[112.7676,21.6635],[112.7744,21.6917],[112.7156,21.6802],[112.7117,21.7025],[112.7478,21.7333],[112.7649,21.7318],[112.7775,21.7726],[112.844,21.7743]]],[[[113.5935,22.7848],[113.6029,22.7724],[113.5946,22.7561],[113.5583,22.7579],[113.5286,22.8022],[113.5212,22.7879],[113.5061,22.798],[113.4808,22.8493],[113.4732,22.8254],[113.4559,22.8308],[113.3962,22.8981],[113.433,22.912],[113.4756,22.9007],[113.527,22.8466],[113.573,22.8301],[113.5935,22.7848]]],[[[111.9627,21.6576],[111.9998,21.654],[111.9998,21.6212],[111.9097,21.6005],[111.8633,21.5683],[111.8093,21.5655],[111.8421,21.6068],[111.8353,21.6439],[111.9282,21.6645],[111.9452,21.6501],[111.9627,21.6576]]],[[[110.617,21.1915],[110.5652,21.1126],[110.5432,21.105],[110.5207,21.1118],[110.5071,21.1437],[110.4792,21.1641],[110.4792,21.1505],[110.4614,21.1511],[110.4453,21.1657],[110.4519,21.1785],[110.4177,21.1785],[110.4622,21.2051],[110.4998,21.2063],[110.4963,21.1952],[110.4634,21.1907],[110.4929,21.1839],[110.5432,21.2042],[110.5686,21.1915],[110.5501,21.1684],[110.5549,21.1567],[110.594,21.2028],[110.617,21.1915]]],[[[113.5468,22.7419],[113.5732,22.7007],[113.6357,22.6565],[113.6418,22.6016],[113.628,22.5958],[113.6026,22.6115],[113.4765,22.7195],[113.4765,22.7313],[113.5468,22.7419]]],[[[117.0715,23.4731],[117.0903,23.4611],[117.1089,23.4823],[117.1259,23.4827],[117.1226,23.4655],[117.1418,23.4497],[117.1288,23.3994],[116.943,23.4301],[116.9822,23.4595],[117.01,23.439],[117.0376,23.4469],[117.0491,23.4741],[117.0715,23.4731]]],[[[112.6454,21.7128],[112.6546,21.6985],[112.638,21.6645],[112.6504,21.6404],[112.6072,21.616],[112.5559,21.6234],[112.5392,21.5989],[112.5254,21.5989],[112.5243,21.6269],[112.5679,21.6606],[112.5559,21.6781],[112.6454,21.7128]]],[[[113.3914,22.0275],[113.4058,22.007],[113.3235,22.0119],[113.3094,22.0241],[113.3436,22.0685],[113.3827,22.0896],[113.3989,22.0685],[113.4126,22.076],[113.3914,22.0275]]],[[[113.3648,22.1579],[113.3136,22.0764],[113.2791,22.0747],[113.2642,22.1049],[113.2717,22.12],[113.2987,22.1286],[113.3231,22.1579],[113.328,22.1458],[113.3648,22.1579]]],[[[110.5959,20.9587],[110.6325,20.9367],[110.5892,20.8835],[110.5475,20.9177],[110.6027,20.9649],[110.5959,20.9587]]],[[[113.4735,22.0985],[113.4715,22.1141],[113.5189,22.1273],[113.5327,22.1203],[113.5326,22.0954],[113.5476,22.0926],[113.4847,22.0714],[113.4702,22.0776],[113.4735,22.0985]]],[[[113.278,21.925],[113.2837,21.9135],[113.2585,21.8804],[113.2258,21.9008],[113.2317,21.9345],[113.2477,21.9432],[113.2678,21.9433],[113.278,21.925]]],[[[110.4714,20.6474],[110.4758,20.5959],[110.4573,20.5869],[110.4177,20.6548],[110.437,20.6679],[110.4714,20.6474]]],[[[113.5292,22.9604],[113.5536,22.9113],[113.545,22.88],[113.51,22.9212],[113.5058,22.9516],[113.5154,22.9692],[113.5292,22.9604]]],[[[116.9956,23.5635],[117.0093,23.555],[116.9878,23.5241],[116.971,23.5146],[116.9373,23.5263],[116.936,23.5355],[116.9956,23.5635]]],[[[113.6234,22.4399],[113.6496,22.4386],[113.6578,22.4238],[113.6212,22.3914],[113.6104,22.4133],[113.6234,22.4399]]],[[[114.3068,22.0572],[114.3025,22.0449],[114.2067,22.0258],[114.3042,22.0693],[114.3068,22.0572]]],[[[113.7717,22.0003],[113.7645,21.9668],[113.7482,21.9728],[113.7363,21.9972],[113.7717,22.0003]]]]}},{"type":"Feature","id":"Guangxi","properties":{"id":"Guangxi","iso_code":"CN-GX","name":"Guangxi","name_full":"Guangxi","name_ja":"広西チワン族自治区","center_lonlat":[108.7762,23.8316]},"geometry":{"type":"MultiPolygon","coordinates":[[[[105.5213,23.1631],[105.5324,23.2061],[105.6218,23.2888],[105.6317,23.3517],[105.6924,23.3474],[105.7017,23.3593],[105.6931,23.3961],[105.7458,23.4138],[105.8434,23.5169],[105.88,23.5192],[105.9592,23.4747],[106.0049,23.47],[106.0609,23.4854],[106.0885,23.5153],[106.1241,23.5306],[106.1376,23.6866],[106.1539,23.7401],[106.1331,23.8075],[106.1446,23.824],[106.1922,23.8349],[106.2,23.8479],[106.1452,23.9347],[106.1574,23.9737],[106.0152,24.0594],[106.0064,24.0727],[106.0142,24.1136],[105.9653,24.0859],[105.8997,24.0777],[105.8722,24.0247],[105.78,24.0221],[105.7352,24.047],[105.6674,24.0609],[105.6409,24.0825],[105.6222,24.1319],[105.6016,24.1415],[105.5273,24.1239],[105.4978,24.0525],[105.4472,24.0376],[105.2967,24.1294],[105.2863,24.1243],[105.295,24.0836],[105.2706,24.0775],[105.1909,24.1256],[105.1731,24.1506],[105.1755,24.3156],[105.1263,24.3601],[105.1155,24.4052],[105.0934,24.4269],[104.9519,24.4168],[104.8594,24.4537],[104.7354,24.4657],[104.6994,24.4487],[104.6929,24.4274],[104.7011,24.3942],[104.7287,24.3642],[104.7281,24.3425],[104.7061,24.3282],[104.6723,24.3364],[104.5693,24.4434],[104.5019,24.5782],[104.4831,24.6658],[104.4946,24.6982],[104.5399,24.7418],[104.556,24.7454],[104.6303,24.6829],[104.6952,24.6618],[104.7293,24.6314],[104.781,24.6796],[104.8411,24.695],[104.8897,24.7654],[105.0125,24.7975],[105.0481,24.8954],[105.1001,24.9543],[105.1637,24.9788],[105.1887,25.0088],[105.249,24.971],[105.2672,24.9382],[105.3145,24.9359],[105.3807,24.9571],[105.4308,24.9341],[105.4444,24.9236],[105.4581,24.8664],[105.5086,24.8175],[105.5932,24.8107],[105.6551,24.7807],[105.6753,24.7897],[105.8057,24.7071],[105.8708,24.7344],[105.9165,24.7287],[106.0207,24.6419],[106.0595,24.6935],[106.1762,24.7822],[106.1994,24.8299],[106.1987,24.8768],[106.1557,24.9604],[106.1973,24.9604],[106.2274,24.9815],[106.3066,24.9815],[106.4567,25.0361],[106.5045,25.0714],[106.5871,25.1044],[106.6668,25.1735],[106.886,25.197],[106.9093,25.2484],[106.9238,25.2549],[106.9632,25.2502],[106.9707,25.2347],[106.9816,25.2403],[107.0053,25.2813],[107.0155,25.3478],[106.9803,25.398],[106.9746,25.4404],[107.0025,25.4594],[107.0219,25.498],[107.0779,25.5284],[107.1656,25.5268],[107.2326,25.5615],[107.3263,25.4757],[107.3166,25.4192],[107.3938,25.3909],[107.421,25.3072],[107.4772,25.28],[107.4643,25.2373],[107.4736,25.2195],[107.5277,25.2243],[107.5648,25.2587],[107.6081,25.2695],[107.6409,25.3128],[107.6416,25.2675],[107.6769,25.2302],[107.6769,25.206],[107.745,25.2263],[107.7864,25.1491],[107.874,25.1481],[107.9503,25.2045],[108.0678,25.2131],[108.1025,25.2301],[108.1292,25.2688],[108.1342,25.3914],[108.1914,25.4296],[108.2243,25.4767],[108.2785,25.5037],[108.2934,25.5387],[108.348,25.5166],[108.4211,25.5087],[108.5012,25.442],[108.5749,25.3273],[108.5985,25.3113],[108.6027,25.3732],[108.5679,25.4159],[108.568,25.4472],[108.588,25.4752],[108.6551,25.5042],[108.6391,25.5372],[108.6751,25.5898],[108.7257,25.6125],[108.7595,25.6086],[108.7724,25.5872],[108.7648,25.5352],[108.7741,25.5219],[108.9359,25.5502],[108.9836,25.515],[109.0035,25.5141],[109.0414,25.5434],[109.0238,25.6108],[109.0447,25.7167],[108.9798,25.7043],[108.8783,25.6503],[108.8607,25.6729],[108.8709,25.7075],[108.9533,25.7757],[109.0854,25.8054],[109.1042,25.796],[109.128,25.7494],[109.1574,25.7576],[109.1625,25.8044],[109.1735,25.809],[109.2286,25.7384],[109.2561,25.7283],[109.2921,25.7358],[109.3556,25.876],[109.398,25.9132],[109.4033,25.9346],[109.3855,25.9601],[109.3871,25.9813],[109.4567,26.0389],[109.4879,26.05],[109.5511,26.0362],[109.6032,26.0527],[109.6723,25.9853],[109.6575,25.8986],[109.7126,25.8902],[109.7808,25.9164],[109.7746,26.0138],[109.8504,26.0572],[109.9273,26.1971],[109.9672,26.1931],[110.062,26.1499],[110.0276,26.0736],[110.0336,26.0365],[110.1646,26.047],[110.2223,25.9833],[110.247,25.9782],[110.288,26.0053],[110.3528,26.1266],[110.4097,26.164],[110.4846,26.1716],[110.5365,26.2249],[110.556,26.3013],[110.5516,26.3337],[110.5628,26.3469],[110.6886,26.3323],[110.7009,26.3168],[110.6975,26.2888],[110.7133,26.2761],[110.8789,26.2752],[110.9065,26.293],[110.9297,26.3725],[110.9473,26.3899],[111.001,26.3537],[111.1233,26.306],[111.2472,26.2824],[111.277,26.2502],[111.2567,26.2101],[111.2317,26.0629],[111.1953,25.974],[111.2021,25.9303],[111.2429,25.8781],[111.2785,25.8611],[111.2961,25.8637],[111.3174,25.909],[111.4083,25.9078],[111.4539,25.9287],[111.451,25.9065],[111.4761,25.8959],[111.4224,25.8569],[111.4113,25.8026],[111.3663,25.7386],[111.32,25.725],[111.3032,25.647],[111.3257,25.5965],[111.3211,25.5203],[111.2827,25.43],[111.2496,25.3961],[111.1713,25.3724],[111.1475,25.3032],[111.113,25.2822],[111.1153,25.2452],[111.099,25.2137],[111.0615,25.1786],[110.9965,25.1561],[110.9549,25.0513],[110.9585,25.0125],[111.0092,24.9314],[111.0399,24.919],[111.079,24.9442],[111.1258,25.0445],[111.1709,25.065],[111.264,25.1439],[111.2796,25.1456],[111.3181,25.112],[111.3886,25.1348],[111.4232,25.1161],[111.4143,25.0598],[111.4619,25.0195],[111.4286,24.9483],[111.4499,24.8839],[111.4418,24.8497],[111.4744,24.7988],[111.4291,24.6984],[111.4325,24.6775],[111.5169,24.6427],[111.5728,24.7028],[111.6158,24.707],[111.6363,24.7598],[111.6671,24.7797],[111.797,24.7604],[111.9334,24.7747],[111.9871,24.7588],[111.9966,24.7357],[111.9348,24.7023],[111.9432,24.6563],[111.923,24.6331],[111.9443,24.5907],[112.0055,24.5531],[111.9883,24.4716],[112.0473,24.3815],[112.0501,24.3516],[111.9711,24.2734],[111.9348,24.2738],[111.8665,24.2272],[111.8761,24.0925],[111.9008,23.9954],[111.8681,23.9496],[111.8166,23.9233],[111.7896,23.8405],[111.7632,23.8312],[111.7041,23.8467],[111.6575,23.8417],[111.6137,23.7599],[111.6137,23.73],[111.6291,23.7062],[111.6218,23.6757],[111.6012,23.658],[111.5343,23.6462],[111.4676,23.6077],[111.4642,23.5449],[111.3912,23.4313],[111.3664,23.3508],[111.3628,23.273],[111.3859,23.1935],[111.3706,23.1273],[111.4128,23.0597],[111.3836,22.9872],[111.3608,22.9738],[111.3512,22.9082],[111.2693,22.8104],[111.1923,22.7518],[111.052,22.735],[111.0832,22.7054],[111.0309,22.6421],[111.0016,22.6387],[110.9556,22.6543],[110.9256,22.6137],[110.8231,22.5906],[110.7925,22.5666],[110.7499,22.5762],[110.7268,22.4846],[110.7147,22.4746],[110.6754,22.4782],[110.704,22.428],[110.697,22.3687],[110.7503,22.3281],[110.7746,22.2837],[110.7467,22.2662],[110.692,22.2804],[110.6764,22.2739],[110.6458,22.2277],[110.6434,22.1867],[110.6289,22.1722],[110.591,22.1602],[110.5393,22.18],[110.4827,22.145],[110.4053,22.203],[110.3336,22.1905],[110.3555,22.1203],[110.344,21.9922],[110.3803,21.9515],[110.3692,21.8909],[110.2991,21.897],[110.2161,21.8745],[110.1058,21.8985],[110.0437,21.8726],[109.9672,21.8667],[109.9501,21.8409],[109.9148,21.6824],[109.8866,21.6567],[109.8085,21.6338],[109.7514,21.6568],[109.7481,21.5749],[109.7478,21.5452],[109.7732,21.4857],[109.7595,21.4931],[109.7415,21.474],[109.6497,21.5205],[109.677,21.5751],[109.677,21.6234],[109.6372,21.6016],[109.6253,21.5854],[109.636,21.5683],[109.608,21.5751],[109.6135,21.6012],[109.603,21.6206],[109.6155,21.6501],[109.5853,21.6308],[109.5609,21.6713],[109.5608,21.7073],[109.5945,21.7402],[109.5677,21.76],[109.4927,21.6986],[109.5062,21.685],[109.4927,21.6781],[109.5199,21.685],[109.521,21.6658],[109.4647,21.6645],[109.5299,21.6357],[109.5728,21.5817],[109.5609,21.5683],[109.5609,21.5267],[109.5308,21.4916],[109.4722,21.4658],[109.4722,21.4993],[109.4244,21.4524],[109.3438,21.4535],[109.3208,21.4801],[109.2989,21.4433],[109.2586,21.4447],[109.245,21.4316],[109.2388,21.4857],[109.2146,21.4174],[109.172,21.4175],[109.1494,21.4385],[109.1446,21.418],[109.1563,21.4038],[109.1387,21.4016],[109.0398,21.4503],[109.0601,21.4801],[109.1328,21.4959],[109.1426,21.5102],[109.1358,21.603],[109.1244,21.591],[109.1011,21.6092],[109.0776,21.597],[109.0601,21.616],[109.0464,21.603],[109.0667,21.6439],[108.9924,21.6092],[108.928,21.6151],[108.8975,21.6713],[108.8695,21.6713],[108.8552,21.685],[108.8695,21.7054],[108.8655,21.7397],[108.9166,21.7538],[108.9241,21.7668],[108.8975,21.76],[108.9031,21.7743],[108.8695,21.7538],[108.8614,21.7668],[108.8757,21.801],[108.8552,21.7812],[108.8499,21.7917],[108.8614,21.8153],[108.8014,21.8183],[108.7796,21.8153],[108.8211,21.801],[108.8142,21.7812],[108.8326,21.7838],[108.8435,21.745],[108.8167,21.7164],[108.8059,21.7584],[108.7931,21.7538],[108.7999,21.7333],[108.7869,21.7402],[108.7931,21.7333],[108.7796,21.7258],[108.7999,21.7258],[108.7931,21.7128],[108.8343,21.6857],[108.8386,21.668],[108.8211,21.6439],[108.8614,21.6439],[108.8499,21.626],[108.7874,21.6414],[108.7727,21.6234],[108.7385,21.616],[108.7454,21.603],[108.7275,21.6448],[108.7112,21.6501],[108.7332,21.6624],[108.7516,21.6501],[108.7516,21.6917],[108.7385,21.6713],[108.7127,21.6884],[108.7249,21.7464],[108.7112,21.7464],[108.6832,21.7054],[108.6492,21.7333],[108.6832,21.7402],[108.6463,21.7514],[108.677,21.8153],[108.656,21.7948],[108.6423,21.8221],[108.6355,21.7743],[108.615,21.7879],[108.6287,21.7464],[108.5945,21.7402],[108.6075,21.7879],[108.5806,21.7813],[108.5714,21.8128],[108.6006,21.8306],[108.6355,21.8903],[108.5945,21.9177],[108.5877,21.8979],[108.5671,21.9046],[108.5808,21.8979],[108.5603,21.8955],[108.553,21.9177],[108.5738,21.9355],[108.5733,21.9518],[108.5598,21.9388],[108.553,21.9518],[108.5256,21.9046],[108.5051,21.9108],[108.5188,21.8903],[108.4849,21.8771],[108.4784,21.8664],[108.4915,21.8563],[108.4631,21.863],[108.4778,21.945],[108.458,21.9177],[108.4487,21.8658],[108.4846,21.8221],[108.471,21.8221],[108.4778,21.8078],[108.4971,21.809],[108.5051,21.7879],[108.4915,21.7402],[108.4635,21.7402],[108.5051,21.7191],[108.4778,21.6986],[108.5051,21.6917],[108.5051,21.6713],[108.5331,21.7191],[108.5188,21.6713],[108.553,21.6986],[108.5654,21.6785],[108.5452,21.6661],[108.5469,21.6431],[108.512,21.6439],[108.5331,21.6303],[108.512,21.6092],[108.5188,21.5955],[108.4812,21.5819],[108.4891,21.6076],[108.5051,21.603],[108.4915,21.6234],[108.4635,21.5955],[108.4712,21.5812],[108.458,21.5683],[108.471,21.562],[108.42,21.5569],[108.3897,21.5751],[108.3906,21.5954],[108.4067,21.6002],[108.4209,21.5942],[108.4164,21.5819],[108.4319,21.5832],[108.4437,21.6234],[108.4276,21.6167],[108.4164,21.6303],[108.471,21.6713],[108.4097,21.6645],[108.4238,21.6986],[108.4097,21.6781],[108.4033,21.685],[108.386,21.6729],[108.3377,21.6975],[108.3413,21.7258],[108.3114,21.6817],[108.3276,21.6303],[108.3065,21.6303],[108.314,21.616],[108.2935,21.5893],[108.314,21.5819],[108.2838,21.5447],[108.211,21.5006],[108.2528,21.5885],[108.2268,21.6256],[108.2383,21.6439],[108.2103,21.6303],[108.2061,21.6426],[108.1973,21.6365],[108.2103,21.603],[108.1764,21.5758],[108.1353,21.5819],[108.1283,21.5627],[108.1148,21.5751],[108.1058,21.5591],[108.0663,21.562],[108.0711,21.5366],[108.0171,21.5552],[107.9912,21.5484],[108.0396,21.5205],[108.0112,21.5065],[108.0222,21.4857],[108.061,21.4962],[108.0806,21.4857],[108.0166,21.4704],[107.9707,21.4316],[107.9653,21.4473],[107.9912,21.4857],[107.8116,21.6478],[107.7448,21.6575],[107.6719,21.6176],[107.6132,21.6056],[107.5331,21.6087],[107.5013,21.5815],[107.461,21.5964],[107.457,21.6315],[107.426,21.6521],[107.3482,21.5994],[107.3297,21.616],[107.3032,21.6887],[107.2727,21.7183],[107.2121,21.7052],[107.1724,21.7151],[107.0658,21.7958],[107.0029,21.8106],[106.9871,21.8448],[107.0211,21.8923],[107.0094,21.9274],[106.9712,21.9358],[106.9204,21.917],[106.8648,21.9681],[106.7815,21.975],[106.7288,22.0083],[106.6746,21.9622],[106.6531,21.9689],[106.6482,21.9955],[106.6722,22.0925],[106.6397,22.1909],[106.6629,22.2233],[106.6338,22.3094],[106.5418,22.3451],[106.5269,22.4383],[106.5771,22.5953],[106.6076,22.61],[106.6463,22.5688],[106.6802,22.5795],[106.7466,22.7443],[106.7915,22.7721],[106.7987,22.7844],[106.7898,22.7972],[106.7304,22.7976],[106.6675,22.8675],[106.6479,22.867],[106.6327,22.8496],[106.6104,22.8529],[106.5817,22.8953],[106.4878,22.9254],[106.458,22.889],[106.3157,22.8538],[106.2554,22.8547],[106.2271,22.8756],[106.223,22.9124],[106.2024,22.947],[106.1321,22.975],[105.9992,22.9754],[105.9612,22.9324],[105.876,22.9283],[105.8539,22.9047],[105.7547,23.0057],[105.6903,23.044],[105.5516,23.0597],[105.5213,23.1631]]],[[[109.1009,21.0212],[109.0905,21.0419],[109.0999,21.0607],[109.1227,21.0654],[109.1362,21.051],[109.1277,21.0322],[109.1009,21.0212]]]]}},{"type":"Feature","id":"Guizhou","properties":{"id":"Guizhou","iso_code":"CN-GZ","name":"Guizhou","name_full":"Guizhou","name_ja":"貴州省","center_lonlat":[106.872,26.8145]},"geometry":{"type":"Polygon","coordinates":[[[109.2584,28.5059],[109.2498,28.4604],[109.2732,28.3907],[109.2639,28.3222],[109.3385,28.2793],[109.3586,28.2481],[109.3543,28.2088],[109.2945,28.0727],[109.3077,28.046],[109.3469,28.0633],[109.3675,28.0461],[109.3128,27.9819],[109.3136,27.9571],[109.3403,27.9355],[109.3163,27.9129],[109.3108,27.8877],[109.3351,27.7925],[109.3588,27.7607],[109.4134,27.739],[109.4145,27.714],[109.4462,27.6592],[109.4442,27.5978],[109.4184,27.5595],[109.3184,27.5006],[109.2769,27.4385],[109.2064,27.4448],[109.1356,27.4112],[109.1174,27.3706],[109.0149,27.2622],[108.9639,27.2465],[108.9001,27.1888],[108.89,27.131],[108.8583,27.1109],[108.7981,27.1055],[108.7879,27.0941],[108.8922,27.009],[108.9502,27.0269],[108.9909,27.0826],[109.0955,27.1344],[109.1222,27.1352],[109.1121,27.0931],[109.1476,27.0779],[109.1771,27.0934],[109.2258,27.1531],[109.2695,27.1322],[109.3225,27.152],[109.3819,27.1519],[109.4382,27.131],[109.5013,27.0598],[109.5033,26.9642],[109.4438,26.8979],[109.4558,26.8783],[109.5025,26.8759],[109.5199,26.8584],[109.5155,26.8339],[109.3971,26.7547],[109.294,26.7273],[109.2814,26.7111],[109.3017,26.6806],[109.3699,26.6536],[109.4067,26.5972],[109.4026,26.5373],[109.3202,26.4357],[109.2916,26.3375],[109.3,26.3062],[109.3231,26.2837],[109.4069,26.2638],[109.3853,26.2196],[109.4104,26.188],[109.4275,26.0986],[109.4567,26.0389],[109.3871,25.9813],[109.3855,25.9601],[109.4033,25.9346],[109.398,25.9132],[109.3556,25.876],[109.2921,25.7358],[109.2561,25.7283],[109.2286,25.7384],[109.1735,25.809],[109.1625,25.8044],[109.1574,25.7576],[109.128,25.7494],[109.1042,25.796],[109.0854,25.8054],[108.9533,25.7757],[108.8709,25.7075],[108.8607,25.6729],[108.8783,25.6503],[108.9798,25.7043],[109.0447,25.7167],[109.0238,25.6108],[109.0414,25.5434],[109.0035,25.5141],[108.9836,25.515],[108.9359,25.5502],[108.7741,25.5219],[108.7648,25.5352],[108.7724,25.5872],[108.7595,25.6086],[108.7257,25.6125],[108.6751,25.5898],[108.6391,25.5372],[108.6551,25.5042],[108.588,25.4752],[108.568,25.4472],[108.5679,25.4159],[108.6027,25.3732],[108.5985,25.3113],[108.5749,25.3273],[108.5012,25.442],[108.4211,25.5087],[108.348,25.5166],[108.2934,25.5387],[108.2785,25.5037],[108.2243,25.4767],[108.1914,25.4296],[108.1342,25.3914],[108.1292,25.2688],[108.1025,25.2301],[108.0678,25.2131],[107.9503,25.2045],[107.874,25.1481],[107.7864,25.1491],[107.745,25.2263],[107.6769,25.206],[107.6769,25.2302],[107.6416,25.2675],[107.6409,25.3128],[107.6081,25.2695],[107.5648,25.2587],[107.5277,25.2243],[107.4736,25.2195],[107.4643,25.2373],[107.4772,25.28],[107.421,25.3072],[107.3938,25.3909],[107.3166,25.4192],[107.3263,25.4757],[107.2326,25.5615],[107.1656,25.5268],[107.0779,25.5284],[107.0219,25.498],[107.0025,25.4594],[106.9746,25.4404],[106.9803,25.398],[107.0155,25.3478],[107.0053,25.2813],[106.9816,25.2403],[106.9707,25.2347],[106.9632,25.2502],[106.9238,25.2549],[106.9093,25.2484],[106.886,25.197],[106.6668,25.1735],[106.5871,25.1044],[106.5045,25.0714],[106.4567,25.0361],[106.3066,24.9815],[106.2274,24.9815],[106.1973,24.9604],[106.1557,24.9604],[106.1987,24.8768],[106.1994,24.8299],[106.1762,24.7822],[106.0595,24.6935],[106.0207,24.6419],[105.9165,24.7287],[105.8708,24.7344],[105.8057,24.7071],[105.6753,24.7897],[105.6551,24.7807],[105.5932,24.8107],[105.5086,24.8175],[105.4581,24.8664],[105.4444,24.9236],[105.4308,24.9341],[105.3807,24.9571],[105.3145,24.9359],[105.2672,24.9382],[105.249,24.971],[105.1887,25.0088],[105.1637,24.9788],[105.1001,24.9543],[105.0481,24.8954],[105.0125,24.7975],[104.8897,24.7654],[104.8411,24.695],[104.781,24.6796],[104.7293,24.6314],[104.6952,24.6618],[104.6303,24.6829],[104.556,24.7454],[104.5399,24.7418],[104.5522,24.8335],[104.7049,25.0087],[104.6876,25.0874],[104.7174,25.1594],[104.7197,25.2109],[104.7741,25.2232],[104.7891,25.2508],[104.6909,25.2821],[104.6124,25.3561],[104.5658,25.3812],[104.5461,25.5013],[104.535,25.5081],[104.4681,25.4911],[104.4334,25.5007],[104.4299,25.5714],[104.3499,25.6142],[104.3087,25.6524],[104.2986,25.7545],[104.313,25.7671],[104.367,25.7505],[104.3885,25.7715],[104.4218,25.8753],[104.4156,25.9089],[104.39,25.9436],[104.4634,25.9815],[104.499,26.0308],[104.517,26.1076],[104.5046,26.1554],[104.535,26.1978],[104.5452,26.2704],[104.6769,26.3816],[104.6265,26.4977],[104.5815,26.5394],[104.5707,26.574],[104.5455,26.591],[104.4821,26.5931],[104.4662,26.6135],[104.46,26.6632],[104.4172,26.7182],[104.3931,26.7137],[104.381,26.6761],[104.3306,26.6313],[104.2313,26.625],[104.1596,26.6503],[104.1238,26.6439],[104.0798,26.6002],[104.0446,26.5281],[104.0271,26.5154],[103.9064,26.5187],[103.8292,26.5471],[103.7813,26.5827],[103.7592,26.6234],[103.7746,26.7368],[103.7335,26.7405],[103.7151,26.816],[103.7327,26.8606],[103.7764,26.8748],[103.7783,26.9559],[103.7065,27.05],[103.692,27.0523],[103.6371,27.0184],[103.5964,27.0761],[103.6954,27.1517],[103.8185,27.2719],[103.9017,27.3832],[103.9398,27.399],[103.9864,27.3972],[104.0471,27.3463],[104.1743,27.2715],[104.2451,27.3014],[104.2527,27.3592],[104.361,27.447],[104.4437,27.3472],[104.5156,27.3183],[104.5942,27.3138],[104.6904,27.3292],[104.7426,27.3196],[104.7904,27.3321],[104.8563,27.3068],[104.991,27.3623],[105.0688,27.4112],[105.1929,27.395],[105.2194,27.4515],[105.2233,27.4998],[105.2447,27.5307],[105.2461,27.5825],[105.2777,27.6381],[105.297,27.7217],[105.3297,27.7293],[105.3684,27.7637],[105.4798,27.7839],[105.5245,27.7746],[105.5535,27.7447],[105.5988,27.7263],[105.6256,27.6863],[105.6469,27.6781],[105.7119,27.6915],[105.7566,27.7203],[105.8431,27.7194],[105.9048,27.7539],[106.0392,27.7568],[106.0949,27.7875],[106.2291,27.769],[106.3397,27.8284],[106.3449,27.8451],[106.3109,27.9257],[106.299,28.0004],[106.211,28.0609],[106.2007,28.1208],[106.1815,28.1417],[106.1094,28.1747],[106.009,28.1402],[105.9561,28.1553],[105.8918,28.1539],[105.8756,28.1742],[105.8806,28.2357],[105.866,28.2584],[105.7599,28.3043],[105.6986,28.3045],[105.6522,28.3312],[105.6558,28.4411],[105.6188,28.4915],[105.6581,28.5246],[105.676,28.5741],[105.7063,28.5984],[105.7301,28.6037],[105.7849,28.589],[105.8919,28.6093],[105.9237,28.6935],[105.9753,28.7552],[106.1537,28.6236],[106.1793,28.5905],[106.2873,28.545],[106.2997,28.483],[106.3142,28.471],[106.3387,28.4801],[106.3721,28.5228],[106.3824,28.5725],[106.4532,28.5416],[106.4887,28.541],[106.4833,28.6057],[106.5151,28.6487],[106.5219,28.685],[106.463,28.7999],[106.4611,28.8194],[106.4763,28.8348],[106.5624,28.7671],[106.6277,28.6484],[106.5551,28.5152],[106.6448,28.5189],[106.7129,28.4805],[106.75,28.5022],[106.762,28.5909],[106.8032,28.5883],[106.8372,28.6229],[106.8485,28.6785],[106.8351,28.7305],[106.8492,28.773],[106.9115,28.8106],[106.9595,28.791],[107.0155,28.8799],[107.1309,28.898],[107.2289,28.8202],[107.2702,28.8048],[107.4368,28.8773],[107.4588,28.9039],[107.4688,28.9593],[107.5001,28.9988],[107.4285,29.0671],[107.4172,29.1378],[107.4438,29.2068],[107.4961,29.2461],[107.5393,29.1988],[107.5799,29.1783],[107.6823,29.1433],[107.7776,29.1459],[107.7898,29.0402],[107.85,28.9826],[107.8963,28.992],[108.0546,29.0645],[108.1661,29.0604],[108.2962,29.0759],[108.3015,29.006],[108.3405,28.9197],[108.3418,28.8595],[108.3759,28.7944],[108.3207,28.7397],[108.3303,28.6892],[108.4852,28.6403],[108.5387,28.6462],[108.5789,28.6067],[108.578,28.3961],[108.6075,28.3352],[108.6584,28.3239],[108.6813,28.3377],[108.6658,28.3704],[108.6701,28.4102],[108.6409,28.4529],[108.6499,28.4709],[108.7124,28.4848],[108.7809,28.4321],[108.7285,28.2422],[108.7364,28.2155],[108.7913,28.232],[108.854,28.2095],[108.8981,28.2163],[108.99,28.1974],[109.0213,28.2116],[109.0846,28.1936],[109.0965,28.2175],[109.0871,28.2613],[109.1236,28.3059],[109.1631,28.4499],[109.2584,28.5059]]]}},{"type":"Feature","id":"Hainan","properties":{"id":"Hainan","iso_code":"CN-HI","name":"Hainan","name_full":"Hainan","name_ja":"海南省","center_lonlat":[109.7396,19.1964]},"geometry":{"type":"Polygon","coordinates":[[[111.0105,19.6838],[111.0347,19.6422],[110.9658,19.636],[110.8765,19.5398],[110.8428,19.5399],[110.8218,19.5678],[110.8257,19.6033],[110.8626,19.6087],[110.8477,19.6225],[110.7944,19.6013],[110.8218,19.5541],[110.7962,19.4846],[110.7603,19.4579],[110.7576,19.4309],[110.6983,19.4169],[110.6697,19.3817],[110.6779,19.3344],[110.6414,19.3124],[110.6216,19.2307],[110.5803,19.1552],[110.5686,19.1631],[110.5101,19.1501],[110.4792,19.1693],[110.5073,19.1322],[110.5462,19.1399],[110.5549,19.0873],[110.5823,19.1501],[110.5632,19.0556],[110.5181,18.9935],[110.5134,18.9064],[110.4656,18.8819],[110.4588,18.8483],[110.4315,18.8215],[110.4451,18.8037],[110.4928,18.7931],[110.5025,18.8112],[110.4937,18.876],[110.5034,18.8819],[110.5344,18.7856],[110.4928,18.772],[110.469,18.7772],[110.4246,18.7038],[110.4268,18.6809],[110.4035,18.6628],[110.3887,18.675],[110.3445,18.6646],[110.3352,18.6733],[110.4109,18.6901],[110.4035,18.7038],[110.3079,18.6628],[110.2708,18.6682],[110.1211,18.5558],[110.0881,18.5043],[110.0342,18.5119],[110.0825,18.4778],[110.0682,18.4089],[110.0446,18.4401],[110.0526,18.3902],[110.0403,18.3823],[109.9686,18.3898],[109.9686,18.4055],[110.0137,18.4089],[110.0205,18.4505],[110.0062,18.4294],[109.9925,18.4431],[109.9925,18.4294],[109.9819,18.4355],[109.9652,18.4163],[109.8983,18.4143],[109.8355,18.3823],[109.7957,18.4052],[109.7461,18.3959],[109.75,18.3736],[109.7266,18.3038],[109.7318,18.273],[109.7046,18.2922],[109.6704,18.273],[109.7393,18.2587],[109.7088,18.2072],[109.6907,18.2092],[109.6773,18.2451],[109.6061,18.2089],[109.6157,18.1762],[109.5877,18.1816],[109.5612,18.1693],[109.568,18.1932],[109.5476,18.2209],[109.5663,18.243],[109.5612,18.2587],[109.5296,18.2277],[109.5339,18.2104],[109.5108,18.2136],[109.4787,18.1927],[109.465,18.2041],[109.5096,18.2308],[109.5065,18.2528],[109.5002,18.2595],[109.4929,18.2451],[109.44,18.289],[109.2181,18.3056],[109.1626,18.2878],[109.1292,18.3475],[109.136,18.3612],[108.9909,18.3687],[108.9528,18.4023],[108.8859,18.4267],[108.7956,18.4866],[108.7107,18.4997],[108.6849,18.5152],[108.6741,18.5548],[108.6909,18.6047],[108.6936,18.7199],[108.6681,18.7886],[108.6239,18.8492],[108.6563,18.944],[108.6152,19.1016],[108.6631,19.1562],[108.6834,19.1562],[108.6639,19.2096],[108.6221,19.2177],[108.638,19.249],[108.627,19.275],[108.6494,19.2996],[108.6448,19.3104],[108.6626,19.3097],[108.6773,19.3276],[108.6693,19.3437],[108.6865,19.3779],[108.763,19.389],[108.7903,19.4232],[108.8698,19.4579],[108.9245,19.5063],[108.9448,19.492],[108.9408,19.5141],[109.0085,19.5971],[109.0789,19.6127],[109.1565,19.6496],[109.1921,19.6785],[109.2112,19.7248],[109.259,19.7316],[109.3074,19.7111],[109.2747,19.7572],[109.2942,19.7595],[109.2868,19.7732],[109.3074,19.7869],[109.2732,19.7936],[109.1633,19.7248],[109.1668,19.8055],[109.2487,19.8688],[109.2551,19.8983],[109.3114,19.9195],[109.3213,19.892],[109.3688,19.8893],[109.4126,19.8614],[109.4436,19.873],[109.465,19.8341],[109.527,19.862],[109.533,19.8526],[109.5817,19.8557],[109.5202,19.8825],[109.5156,19.9052],[109.5575,19.9173],[109.5446,19.9333],[109.5309,19.9301],[109.527,19.9514],[109.5957,19.9931],[109.719,20.0106],[109.7284,19.9979],[109.7181,19.9575],[109.7376,19.9781],[109.8076,19.9514],[109.8159,19.9912],[109.8351,19.9733],[109.8355,19.9309],[109.8704,19.9534],[109.8833,19.9848],[109.9426,19.9909],[109.9756,19.9323],[109.9515,19.9309],[109.9901,19.906],[110.0062,19.9103],[109.9922,19.9254],[110.0147,19.9409],[110.0137,19.9575],[110.0682,19.9787],[110.1099,19.965],[110.1227,19.9743],[110.1496,20.0066],[110.1155,19.9848],[110.0682,19.9848],[110.1297,20.0128],[110.157,20.0674],[110.261,20.0331],[110.325,20.0612],[110.3447,20.0581],[110.3767,20.0264],[110.3682,20.0078],[110.3972,19.9787],[110.4177,19.9234],[110.4094,19.98],[110.383,20.0128],[110.383,20.081],[110.4246,20.0475],[110.5276,20.0202],[110.5208,20.0066],[110.5505,19.9885],[110.5641,19.9845],[110.5755,19.9992],[110.6058,19.9232],[110.6232,19.9407],[110.6232,19.9718],[110.6009,20.0211],[110.5708,20.0307],[110.5662,20.0695],[110.5931,20.1073],[110.652,20.117],[110.6779,20.1636],[110.7109,20.0752],[110.7883,20.0104],[110.8699,19.997],[110.9207,20.012],[110.9346,19.9951],[110.9771,19.8659],[111.0,19.7217],[110.9944,19.6943],[111.0105,19.6838]]]}},{"type":"Feature","id":"Hebei","properties":{"id":"Hebei","iso_code":"CN-HE","name":"Hebei","name_full":"Hebei","name_ja":"河北省","center_lonlat":[116.1224,39.5501]},"geometry":{"type":"MultiPolygon","coordinates":[[[[117.5435,38.6213],[117.566,38.6125],[117.7161,38.3785],[117.8372,38.2709],[117.7752,38.2358],[117.7677,38.1909],[117.7798,38.1644],[117.7541,38.1282],[117.6873,38.0727],[117.5687,38.0489],[117.5327,38.0154],[117.4957,37.9401],[117.4206,37.8467],[116.9965,37.8319],[116.7928,37.8383],[116.7503,37.809],[116.7253,37.7503],[116.6486,37.7038],[116.5939,37.6226],[116.4494,37.5116],[116.4252,37.4807],[116.3864,37.5156],[116.376,37.5831],[116.3501,37.6209],[116.2787,37.55],[116.2639,37.5113],[116.2199,37.4624],[116.2227,37.4383],[116.2565,37.3943],[116.2265,37.3635],[116.1955,37.3541],[116.1339,37.37],[116.0492,37.3582],[115.9772,37.3238],[115.9671,37.2572],[115.8984,37.1962],[115.8574,37.0662],[115.7814,36.9963],[115.773,36.9457],[115.6918,36.8696],[115.6644,36.8153],[115.6264,36.7936],[115.4778,36.7536],[115.3416,36.5998],[115.348,36.5817],[115.2761,36.4797],[115.3433,36.3521],[115.3542,36.303],[115.4,36.2986],[115.4488,36.2492],[115.4603,36.1579],[115.3981,36.1252],[115.3497,36.0822],[115.3221,36.0779],[115.296,36.0868],[115.2344,36.17],[115.1124,36.186],[115.0606,36.1516],[115.0338,36.1009],[114.9971,36.0701],[114.9307,36.0566],[114.9189,36.0612],[114.9155,36.0992],[114.8423,36.1486],[114.7979,36.1401],[114.7144,36.1535],[114.6235,36.1306],[114.5606,36.1344],[114.4182,36.2119],[114.3659,36.2221],[114.3431,36.2447],[114.2456,36.2528],[114.1932,36.2409],[114.0735,36.2716],[114.0277,36.3339],[113.9893,36.359],[113.9071,36.3441],[113.8673,36.3653],[113.8083,36.3394],[113.721,36.3559],[113.6915,36.3953],[113.6308,36.4381],[113.5351,36.4834],[113.5331,36.5163],[113.5474,36.5485],[113.5064,36.6032],[113.455,36.6402],[113.469,36.6896],[113.4384,36.7195],[113.4635,36.7396],[113.6078,36.7691],[113.6647,36.8199],[113.6792,36.8716],[113.7708,36.8682],[113.7748,36.9687],[113.7484,37.0515],[113.7543,37.1149],[113.8577,37.2089],[113.897,37.3122],[114.0515,37.498],[114.0919,37.5832],[114.1065,37.6694],[114.1004,37.6982],[114.0264,37.7508],[113.9871,37.839],[113.9264,37.9236],[113.8915,37.9495],[113.7907,38.1529],[113.7458,38.1618],[113.676,38.2122],[113.5395,38.2521],[113.5174,38.3687],[113.5429,38.4393],[113.5345,38.5373],[113.609,38.6445],[113.6809,38.6678],[113.6906,38.7136],[113.7487,38.7295],[113.8251,38.8103],[113.7542,38.9313],[113.7669,38.9634],[113.8158,38.9948],[113.8533,39.0723],[114.0212,39.1193],[114.1167,39.0656],[114.268,39.0821],[114.3167,39.1367],[114.3779,39.1574],[114.4056,39.1839],[114.4164,39.2901],[114.4595,39.3382],[114.4684,39.3901],[114.529,39.4822],[114.5409,39.5312],[114.4757,39.5981],[114.4305,39.6127],[114.4021,39.6585],[114.4055,39.8265],[114.3881,39.8576],[114.2332,39.8764],[114.1857,39.904],[114.058,39.9245],[114.0095,39.9807],[113.9244,40.0291],[113.9342,40.0607],[113.996,40.1318],[114.0149,40.127],[114.04,40.0888],[114.0608,40.0867],[114.0749,40.16],[114.0996,40.1968],[114.4503,40.2938],[114.5107,40.325],[114.5042,40.3425],[114.4482,40.3589],[114.2951,40.3668],[114.2591,40.4926],[114.2523,40.5679],[114.1563,40.6639],[114.1541,40.7426],[114.1159,40.7869],[114.0524,40.8205],[114.0444,40.8759],[114.0186,40.9236],[113.9694,40.9523],[113.9125,41.0247],[113.8228,41.0942],[113.8746,41.0899],[113.8983,41.1559],[113.9638,41.1534],[113.9877,41.1698],[113.9803,41.2486],[113.9319,41.26],[113.9103,41.2861],[113.928,41.4184],[114.0167,41.5255],[114.1364,41.5557],[114.1904,41.5842],[114.2135,41.7669],[114.2319,41.8269],[114.324,41.9135],[114.4197,41.9563],[114.4427,41.9817],[114.4813,42.0753],[114.5327,42.1224],[114.5963,42.1413],[114.7519,42.1399],[114.8049,42.1784],[114.8449,42.1483],[114.8562,42.1262],[114.8474,42.0748],[114.9203,41.9369],[114.9313,41.8478],[114.8689,41.7959],[114.889,41.7371],[114.8772,41.6124],[115.0974,41.6162],[115.24,41.586],[115.2683,41.6196],[115.3474,41.6241],[115.3115,41.6881],[115.3398,41.7208],[115.5779,41.7911],[115.8801,41.9334],[115.9373,41.9275],[116.0379,41.8006],[116.0566,41.7985],[116.086,41.8109],[116.1175,41.8679],[116.2071,41.884],[116.2762,41.9503],[116.3775,42.0097],[116.427,41.9978],[116.4521,41.9496],[116.5367,41.9671],[116.5802,41.9271],[116.5997,41.9237],[116.7973,41.987],[116.8677,42.0253],[116.8894,42.0634],[116.8542,42.1173],[116.886,42.167],[116.8848,42.2032],[116.8266,42.3082],[116.8694,42.383],[117.1034,42.4761],[117.2439,42.4823],[117.3486,42.4568],[117.4124,42.4581],[117.4504,42.5493],[117.5361,42.6215],[117.5936,42.5516],[117.7875,42.6096],[117.8084,42.6063],[117.8058,42.5595],[117.8457,42.5357],[117.9446,42.4362],[118.0242,42.3826],[118.0185,42.3352],[118.0413,42.2782],[117.9912,42.2446],[117.9893,42.2216],[118.0986,42.1756],[118.0968,42.1245],[118.1267,42.0642],[118.1248,42.0293],[118.1478,42.0198],[118.189,42.0267],[118.2145,42.0757],[118.2323,42.0842],[118.2772,42.0624],[118.2772,42.0126],[118.2976,41.9723],[118.2744,41.9114],[118.3222,41.8635],[118.3029,41.7856],[118.2782,41.7527],[118.2632,41.7523],[118.2151,41.7932],[118.1834,41.7967],[118.1681,41.7901],[118.1516,41.7505],[118.2312,41.5994],[118.301,41.5851],[118.3136,41.5696],[118.2947,41.4606],[118.3394,41.4331],[118.3425,41.3658],[118.3589,41.3226],[118.4066,41.3096],[118.4223,41.3426],[118.4784,41.3551],[118.7089,41.3423],[118.8089,41.3828],[118.8671,41.3365],[119.1527,41.3122],[119.235,41.3228],[119.231,41.2734],[119.2155,41.2328],[119.1635,41.1764],[119.0301,41.0847],[118.9371,41.0605],[118.9289,41.0297],[119.0063,41.0008],[119.0103,40.9763],[118.9789,40.9538],[118.9253,40.9638],[118.9022,40.9566],[118.8511,40.8572],[118.8493,40.8298],[119.0615,40.6514],[119.1187,40.6649],[119.1646,40.7008],[119.191,40.7004],[119.1898,40.6201],[119.2395,40.5596],[119.2936,40.5307],[119.5637,40.5401],[119.5999,40.4769],[119.5801,40.3734],[119.637,40.2753],[119.6347,40.2091],[119.7066,40.2149],[119.7426,40.2052],[119.7418,40.0905],[119.7654,40.063],[119.8235,40.0311],[119.8502,39.9863],[119.7744,39.9505],[119.6609,39.9327],[119.5356,39.8908],[119.5199,39.8583],[119.5307,39.8147],[119.4668,39.8148],[119.3499,39.7318],[119.2849,39.5954],[119.2454,39.5945],[119.2086,39.5696],[119.209,39.5502],[119.243,39.5707],[119.2293,39.536],[119.2624,39.5775],[119.2814,39.575],[119.2564,39.4931],[119.2708,39.4891],[119.3051,39.433],[119.2794,39.384],[119.2557,39.3655],[119.1848,39.3548],[119.0156,39.1898],[118.926,39.1306],[118.8943,39.1244],[118.97,39.1933],[118.8806,39.1728],[118.8738,39.2138],[118.8405,39.1756],[118.796,39.1518],[118.7278,39.1472],[118.6194,39.161],[118.5902,39.1483],[118.5271,39.1492],[118.5194,39.1394],[118.5291,39.1247],[118.3261,39.0309],[118.2353,39.0531],[118.1405,39.1728],[118.0964,39.2024],[118.0096,39.2186],[118.0079,39.3427],[117.9763,39.3718],[117.8913,39.4018],[117.8762,39.4246],[117.9127,39.5333],[117.9051,39.5539],[117.8742,39.5714],[117.8239,39.5656],[117.7563,39.5815],[117.7342,39.5422],[117.7136,39.5331],[117.6799,39.5617],[117.6248,39.5785],[117.6189,39.5889],[117.6371,39.6285],[117.6273,39.6605],[117.5803,39.6842],[117.5641,39.7297],[117.5331,39.7504],[117.5235,39.8282],[117.5032,39.8732],[117.5174,39.9397],[117.503,39.9929],[117.5305,40.0025],[117.6345,39.9614],[117.7727,39.9649],[117.7888,39.9866],[117.742,40.0261],[117.7553,40.0582],[117.6501,40.0832],[117.6225,40.1239],[117.5559,40.1704],[117.4511,40.2267],[117.3568,40.257],[117.288,40.2979],[117.2505,40.3378],[117.2379,40.3855],[117.2402,40.4464],[117.1956,40.4795],[117.1849,40.512],[117.2431,40.5702],[117.3283,40.5946],[117.4118,40.5974],[117.4381,40.6369],[117.4886,40.6513],[117.4859,40.6619],[117.3035,40.6618],[117.1744,40.6934],[117.0727,40.6735],[116.9588,40.7183],[116.6758,40.9401],[116.6579,40.9653],[116.6491,41.0403],[116.6331,41.0477],[116.5996,41.0306],[116.5918,40.9919],[116.4972,40.9532],[116.4541,40.9028],[116.4171,40.9024],[116.3648,40.9303],[116.3509,40.9261],[116.3558,40.9016],[116.4589,40.7916],[116.468,40.7656],[116.3538,40.7648],[116.2989,40.7387],[116.2506,40.7647],[116.2261,40.7647],[116.1304,40.658],[116.0394,40.6019],[115.9947,40.596],[115.8879,40.6131],[115.7279,40.556],[115.7282,40.5396],[115.895,40.3469],[115.9303,40.3251],[115.943,40.2715],[115.8922,40.2278],[115.845,40.1606],[115.5776,40.0963],[115.5284,40.0732],[115.4795,40.0129],[115.4252,39.9855],[115.4271,39.9626],[115.5015,39.9199],[115.5047,39.8494],[115.5657,39.8007],[115.5278,39.7822],[115.4685,39.7851],[115.4409,39.7701],[115.4361,39.7514],[115.4768,39.6248],[115.5542,39.5983],[115.6604,39.5955],[115.6881,39.5497],[115.7559,39.509],[115.802,39.5424],[115.9381,39.5755],[116.0101,39.5564],[116.1955,39.5778],[116.2104,39.5719],[116.2498,39.5058],[116.3176,39.4609],[116.4104,39.4404],[116.4473,39.4474],[116.4646,39.4663],[116.4617,39.483],[116.4269,39.5059],[116.4283,39.5214],[116.5377,39.5615],[116.5644,39.5975],[116.6143,39.6121],[116.7934,39.6023],[116.7912,39.4929],[116.8532,39.3522],[116.8261,39.2165],[116.8436,39.1833],[116.902,39.1565],[116.9101,39.1301],[116.8918,39.1025],[116.7122,39.0118],[116.6958,38.9934],[116.6825,38.8968],[116.7234,38.8032],[116.7738,38.7642],[116.8511,38.7389],[116.8975,38.6928],[117.0356,38.7077],[117.0528,38.6904],[117.0727,38.6242],[117.0949,38.6118],[117.2133,38.5979],[117.2557,38.5614],[117.5435,38.6213]]],[[[117.2391,40.0926],[117.1484,39.9558],[117.1594,39.9057],[117.1796,39.8794],[117.2482,39.8647],[117.2631,39.8512],[117.1843,39.8088],[117.2029,39.7616],[117.1694,39.6272],[117.1222,39.618],[116.8756,39.6865],[116.8766,39.7143],[116.9222,39.7736],[116.9287,39.8014],[116.9061,39.8437],[116.8792,39.8324],[116.7844,39.8856],[116.745,39.9531],[116.765,40.019],[116.8294,40.0367],[116.9877,40.0344],[117.0643,40.0648],[117.2391,40.0926]]],[[[118.6327,39.0746],[118.6487,39.0447],[118.5943,38.9722],[118.5143,38.9194],[118.4803,38.9348],[118.4909,38.9432],[118.4707,38.9706],[118.4785,39.0429],[118.5264,39.0467],[118.5597,39.0031],[118.6287,39.0486],[118.6146,39.0676],[118.6327,39.0746]]]]}},{"type":"Feature","id":"Heilongjiang","properties":{"id":"Heilongjiang","iso_code":"CN-HL","name":"Heilongjiang","name_full":"Heilongjiang","name_ja":"黒竜江省","center_lonlat":[127.7461,47.8758]},"geometry":{"type":"Polygon","coordinates":[[[131.2528,43.4692],[131.1237,43.4327],[131.0413,43.5003],[131.003,43.509],[130.9077,43.4463],[130.85,43.4383],[130.7978,43.5115],[130.6194,43.616],[130.4004,43.675],[130.415,43.7452],[130.3736,43.7924],[130.362,43.8666],[130.3328,43.9278],[130.3466,44.0186],[130.3288,44.0483],[130.2727,43.9545],[130.168,43.91],[130.1036,43.8454],[130.0332,43.8556],[130.0001,43.9836],[129.9129,44.0216],[129.8055,43.9694],[129.7928,43.9005],[129.772,43.8791],[129.4786,43.8605],[129.3622,43.8108],[129.2492,43.7862],[129.2163,43.7443],[129.2166,43.6704],[129.2371,43.6209],[129.2233,43.6056],[129.0022,43.5368],[128.951,43.5554],[128.8829,43.5562],[128.8182,43.6587],[128.7645,43.7091],[128.7474,43.8022],[128.694,43.869],[128.6315,43.9122],[128.5449,44.0288],[128.5222,44.0898],[128.4459,44.1539],[128.4367,44.2193],[128.4506,44.3442],[128.4388,44.4008],[128.4188,44.4501],[128.37,44.4981],[128.3208,44.4913],[128.2069,44.4405],[128.1553,44.353],[128.1362,44.3417],[128.0462,44.3579],[128.0591,44.2891],[128.0487,44.2438],[128.0566,44.1498],[128.0398,44.1133],[127.8496,44.0559],[127.7787,44.0692],[127.7444,44.0856],[127.7105,44.1656],[127.6735,44.1739],[127.6098,44.2201],[127.6161,44.2774],[127.4928,44.4109],[127.5172,44.4618],[127.513,44.5183],[127.5828,44.5384],[127.5556,44.5772],[127.3752,44.6488],[127.255,44.611],[127.2274,44.6199],[127.2044,44.6498],[127.1724,44.6583],[127.1392,44.6504],[127.089,44.5897],[127.0579,44.5862],[127.045,44.5982],[127.0323,44.7306],[126.9901,44.7887],[126.9783,44.8261],[127.0047,44.8693],[127.0666,44.8956],[127.0766,44.934],[127.0351,45.0074],[126.9892,45.0554],[126.9527,45.1342],[126.8886,45.1476],[126.7953,45.1457],[126.7534,45.1735],[126.67,45.1969],[126.6217,45.2324],[126.5669,45.2462],[126.4074,45.2255],[126.3365,45.187],[126.2934,45.1864],[126.2429,45.1561],[126.1505,45.1412],[125.9104,45.2066],[125.811,45.2523],[125.7355,45.3114],[125.7078,45.3494],[125.7137,45.4144],[125.6993,45.512],[125.6189,45.5082],[125.5212,45.471],[125.4514,45.4849],[125.4325,45.4772],[125.3977,45.409],[125.3748,45.3985],[125.3074,45.417],[125.2857,45.4004],[125.2329,45.4138],[125.0829,45.3861],[125.08,45.4167],[125.0438,45.4515],[125.0417,45.4929],[124.9512,45.4949],[124.9156,45.5328],[124.8979,45.5273],[124.877,45.4806],[124.8806,45.4561],[124.8614,45.4444],[124.7807,45.4506],[124.7677,45.471],[124.7227,45.4506],[124.6314,45.4465],[124.5895,45.4574],[124.5725,45.4192],[124.5495,45.4145],[124.5029,45.4232],[124.4774,45.4561],[124.4558,45.4636],[124.3956,45.4515],[124.3618,45.4729],[124.3493,45.5046],[124.3631,45.5256],[124.3523,45.5419],[124.2748,45.5503],[124.2619,45.5901],[124.2265,45.6113],[124.2236,45.6355],[124.1492,45.6222],[124.141,45.6322],[124.165,45.6628],[124.1262,45.669],[124.1031,45.7097],[124.0551,45.7317],[124.075,45.7448],[124.0135,45.7687],[124.0598,45.8091],[124.0415,45.8304],[124.062,45.8717],[123.9752,45.9398],[123.9794,45.9781],[124.0065,45.9964],[123.9931,46.0055],[124.0016,46.0166],[124.0341,46.0185],[124.0389,46.0345],[124.0113,46.0561],[123.9863,46.1594],[123.9732,46.1625],[123.9586,46.1927],[123.9658,46.2239],[123.9543,46.2924],[123.9328,46.2898],[123.9074,46.2667],[123.866,46.2911],[123.7617,46.2599],[123.3561,46.2352],[123.2339,46.2659],[123.1915,46.2489],[123.1617,46.2201],[122.9889,46.4066],[123.0101,46.6027],[123.0633,46.6246],[123.2915,46.5864],[123.3973,46.5978],[123.5361,46.692],[123.6087,46.7746],[123.626,46.8066],[123.5952,46.8102],[123.6133,46.8411],[123.5918,46.8756],[123.5632,46.8653],[123.5419,46.8159],[123.5043,46.8143],[123.4636,46.8368],[123.4601,46.8847],[123.38,46.8981],[123.3218,46.8261],[123.2537,46.8126],[123.1941,46.7642],[123.1244,46.7753],[122.9962,46.8403],[122.7877,47.0407],[122.6503,47.0863],[122.574,47.1311],[122.5357,47.1701],[122.5008,47.2375],[122.4052,47.3317],[122.4947,47.4102],[122.5654,47.5312],[122.723,47.5978],[122.7973,47.6436],[123.0954,47.7549],[123.2068,47.8138],[123.2866,47.9413],[123.4874,48.0076],[123.5776,48.0543],[123.7269,48.1911],[124.0779,48.4483],[124.234,48.5308],[124.2525,48.5334],[124.3038,48.4876],[124.3172,48.351],[124.3926,48.2637],[124.4159,48.2225],[124.4212,48.1783],[124.4653,48.1554],[124.4824,48.1116],[124.5205,48.1287],[124.5281,48.1909],[124.5622,48.2362],[124.5595,48.3149],[124.5475,48.3523],[124.5207,48.369],[124.5441,48.4668],[124.5336,48.5016],[124.5486,48.5199],[124.5316,48.5593],[124.6071,48.6387],[124.6218,48.742],[124.8216,49.0609],[124.8223,49.1157],[124.8735,49.1784],[125.0312,49.1641],[125.0625,49.1368],[125.1356,49.1389],[125.2258,49.2256],[125.2188,49.2591],[125.2332,49.274],[125.2225,49.2855],[125.2537,49.3429],[125.24,49.3901],[125.2674,49.4385],[125.2185,49.5197],[125.24,49.5409],[125.2357,49.5544],[125.2127,49.5682],[125.1954,49.5999],[125.1481,49.6194],[125.1252,49.6566],[125.1513,49.6644],[125.1885,49.6439],[125.2196,49.6681],[125.2233,49.787],[125.1779,49.819],[125.2348,49.848],[125.2258,49.8636],[125.245,49.877],[125.224,49.9007],[125.2258,49.9183],[125.1866,49.9517],[125.2258,49.9592],[125.248,49.9889],[125.2952,50.0145],[125.2436,50.0511],[125.3112,50.0513],[125.3294,50.0623],[125.281,50.0691],[125.2644,50.1057],[125.3015,50.1374],[125.3158,50.1246],[125.3428,50.1291],[125.3595,50.1445],[125.3431,50.1647],[125.385,50.1899],[125.4342,50.2007],[125.4393,50.2261],[125.4537,50.232],[125.444,50.2624],[125.4644,50.2925],[125.5063,50.3141],[125.542,50.4066],[125.5724,50.394],[125.5747,50.4364],[125.6467,50.4527],[125.713,50.5073],[125.7933,50.5344],[125.8094,50.5622],[125.8098,50.5969],[125.7827,50.6756],[125.8086,50.696],[125.754,50.7543],[125.7682,50.7679],[125.824,50.7668],[125.9122,50.8363],[125.8912,50.8567],[125.9253,50.8567],[125.9517,50.8926],[125.9806,50.8704],[125.9903,50.8752],[125.9948,50.8942],[126.0453,50.9431],[126.0563,50.9803],[126.0266,51.0511],[125.9891,51.0704],[125.9844,51.1042],[125.9253,51.11],[125.9284,51.1266],[125.8707,51.1448],[125.8434,51.2062],[125.7995,51.21],[125.703,51.2667],[125.648,51.3432],[125.5687,51.3966],[125.5387,51.4568],[125.4866,51.5074],[125.3333,51.5827],[125.1275,51.6157],[125.0683,51.5944],[125.0606,51.5344],[125.0461,51.5158],[124.9592,51.493],[124.9403,51.4452],[124.8656,51.4135],[124.8281,51.3676],[124.7625,51.3657],[124.6662,51.3353],[124.5019,51.3606],[124.465,51.3564],[124.4304,51.3016],[124.3699,51.2809],[124.2843,51.2833],[124.1621,51.3284],[124.0044,51.3017],[123.8486,51.3116],[123.8083,51.2906],[123.792,51.2375],[123.7741,51.2221],[123.6219,51.1971],[123.5632,51.2067],[123.5026,51.2598],[123.4639,51.2711],[123.2717,51.2667],[123.2321,51.2787],[123.1789,51.3164],[123.0881,51.3125],[122.9562,51.3861],[122.8844,51.4481],[122.844,51.4981],[122.8355,51.5678],[122.709,51.7111],[122.7084,51.7398],[122.7593,51.7967],[122.761,51.8261],[122.6325,52.1161],[122.6449,52.1359],[122.7248,52.1566],[122.7629,52.1801],[122.7771,52.218],[122.752,52.2412],[122.5019,52.286],[122.454,52.3491],[122.3816,52.3976],[122.3464,52.4496],[122.2077,52.4902],[122.1737,52.4796],[122.0973,52.3617],[122.0179,52.2831],[121.9111,52.2583],[121.8313,52.2694],[121.703,52.3838],[121.4909,52.4447],[121.3255,52.532],[121.1691,52.5766],[121.1739,52.595],[121.5027,52.7747],[121.6915,52.9083],[121.7991,53.018],[121.7586,53.1034],[121.6772,53.1376],[121.6486,53.2087],[121.6262,53.2297],[121.4523,53.2882],[121.4133,53.3173],[121.5121,53.3298],[121.641,53.3849],[121.889,53.4306],[122.0816,53.4295],[122.1687,53.4691],[122.3168,53.496],[122.4016,53.4509],[122.4712,53.4647],[122.8597,53.4739],[123.0025,53.5073],[123.1536,53.5131],[123.2526,53.5678],[123.3403,53.5614],[123.4815,53.5181],[123.4948,53.5601],[123.5144,53.5624],[123.5475,53.5405],[123.5196,53.52],[123.5419,53.5141],[123.5919,53.5579],[123.6143,53.5633],[123.7018,53.5101],[123.8502,53.495],[123.9706,53.4552],[124.0174,53.407],[124.0689,53.3896],[124.1218,53.3527],[124.1822,53.3786],[124.2531,53.3755],[124.2934,53.3513],[124.3425,53.2725],[124.3837,53.2461],[124.5005,53.2137],[124.6516,53.2088],[124.6883,53.1936],[124.6983,53.1626],[124.7202,53.1488],[124.8014,53.1552],[124.8701,53.108],[124.8962,53.1177],[124.8792,53.1539],[124.8804,53.1725],[124.8977,53.1855],[125.0737,53.2122],[125.1274,53.2065],[125.4765,53.0835],[125.4995,53.0506],[125.5213,53.0424],[125.6214,53.0621],[125.6502,53.0234],[125.7335,52.9817],[125.7198,52.9463],[125.6609,52.9194],[125.6465,52.8849],[125.6687,52.878],[125.8374,52.9067],[125.8637,52.8886],[125.8569,52.8643],[125.8674,52.8494],[125.9769,52.765],[126.0178,52.7824],[126.088,52.7754],[126.1041,52.7545],[126.0351,52.7271],[126.0686,52.6799],[125.9828,52.653],[125.9732,52.6316],[125.9908,52.5864],[126.028,52.5664],[126.0828,52.5934],[126.2123,52.533],[126.2003,52.4671],[126.276,52.4633],[126.3507,52.3769],[126.3157,52.3162],[126.4393,52.2753],[126.3122,52.2279],[126.3167,52.1998],[126.5312,52.1527],[126.556,52.1306],[126.5144,52.0425],[126.4671,52.0317],[126.4393,51.9979],[126.6479,51.7413],[126.7136,51.7232],[126.7256,51.7087],[126.7073,51.6856],[126.7237,51.6359],[126.6751,51.5884],[126.6769,51.5766],[126.8074,51.5342],[126.8304,51.5081],[126.7927,51.4591],[126.8003,51.419],[126.8901,51.407],[126.9094,51.3911],[126.8975,51.362],[126.827,51.339],[126.8073,51.3081],[126.809,51.2891],[126.8459,51.2515],[126.8699,51.2517],[126.8907,51.2715],[126.8853,51.3029],[126.8994,51.3165],[126.9345,51.3288],[126.9722,51.324],[126.9778,51.2966],[126.9052,51.2081],[126.9318,51.0638],[127.0323,50.9724],[127.1443,50.9035],[127.2207,50.7882],[127.2874,50.751],[127.2964,50.7301],[127.2823,50.6948],[127.289,50.6752],[127.344,50.6278],[127.3671,50.5778],[127.3648,50.5547],[127.289,50.466],[127.3585,50.4151],[127.3587,50.3813],[127.3307,50.3282],[127.3546,50.2986],[127.5906,50.2087],[127.5702,50.1302],[127.5066,50.0635],[127.4867,50.0256],[127.4944,49.9732],[127.534,49.9225],[127.5067,49.8443],[127.5081,49.8223],[127.5387,49.7899],[127.6443,49.7671],[127.68,49.7392],[127.7036,49.6606],[127.8547,49.5849],[127.9207,49.5811],[127.9679,49.6032],[128.0125,49.5874],[128.0671,49.5467],[128.1983,49.539],[128.2679,49.5588],[128.3448,49.548],[128.3835,49.5794],[128.5513,49.5884],[128.6287,49.5753],[128.6719,49.6114],[128.8017,49.5651],[128.7995,49.5319],[128.7541,49.5025],[128.7601,49.4709],[128.8792,49.4797],[128.9982,49.4413],[129.0669,49.3616],[129.1154,49.3488],[129.1939,49.3897],[129.2179,49.3908],[129.341,49.3412],[129.3732,49.3699],[129.3787,49.425],[129.4806,49.4213],[129.5277,49.3848],[129.5321,49.3215],[129.5518,49.2905],[129.6192,49.2743],[129.7112,49.2742],[129.7351,49.2389],[129.7418,49.1957],[129.776,49.1776],[129.8415,49.1672],[129.8415,49.1092],[129.9207,49.0819],[129.9134,49.0395],[129.9265,49.0257],[129.9742,49.0151],[130.2018,48.8826],[130.2493,48.8645],[130.3868,48.8963],[130.4397,48.8965],[130.4653,48.8913],[130.4866,48.8637],[130.5409,48.8535],[130.6253,48.8744],[130.6743,48.8708],[130.6765,48.8574],[130.6278,48.796],[130.5297,48.6163],[130.5408,48.5984],[130.6077,48.5767],[130.6202,48.5605],[130.6135,48.5195],[130.6264,48.4823],[130.7159,48.4991],[130.759,48.4857],[130.7383,48.4298],[130.7433,48.4116],[130.7796,48.3564],[130.8221,48.3338],[130.824,48.2942],[130.7739,48.2442],[130.7528,48.1896],[130.6747,48.1359],[130.6634,48.1164],[130.6747,48.0639],[130.907,47.8843],[130.9417,47.8206],[130.9418,47.718],[130.9657,47.7039],[131.0441,47.6772],[131.1039,47.6765],[131.2101,47.7092],[131.4409,47.7412],[131.5078,47.7215],[131.6033,47.6615],[131.703,47.6962],[131.7804,47.6791],[131.8546,47.6841],[131.914,47.6676],[132.0254,47.6979],[132.1617,47.69],[132.2508,47.7254],[132.3324,47.7365],[132.5247,47.7075],[132.5742,47.7396],[132.5764,47.7942],[132.668,47.8813],[132.6604,47.9313],[132.6746,47.9506],[132.7225,47.9589],[132.7749,47.9338],[132.8059,47.9362],[132.8648,47.9857],[132.9408,48.0267],[133.0328,48.0568],[133.061,48.0918],[133.092,48.1068],[133.2237,48.126],[133.3015,48.1013],[133.5244,48.0954],[133.5599,48.1133],[133.5938,48.1642],[133.6702,48.19],[133.7379,48.2511],[133.9664,48.2787],[134.0572,48.3272],[134.3863,48.3813],[134.4713,48.3399],[134.5426,48.3573],[134.5695,48.3155],[134.6113,48.2854],[134.6612,48.267],[134.7187,48.2634],[134.6874,48.2198],[134.683,48.1355],[134.6627,48.108],[134.5864,48.0611],[134.5594,48.0095],[134.6013,47.9441],[134.5877,47.9259],[134.6578,47.8867],[134.6765,47.8243],[134.6965,47.7951],[134.7698,47.741],[134.7726,47.7107],[134.7254,47.6632],[134.6929,47.6489],[134.6827,47.5878],[134.6243,47.5496],[134.5569,47.4712],[134.4846,47.4302],[134.415,47.4392],[134.3129,47.4201],[134.2451,47.3551],[134.1836,47.3275],[134.1541,47.2579],[134.1972,47.2053],[134.1898,47.1729],[134.2273,47.1177],[134.2172,47.0944],[134.1242,47.0705],[134.0692,46.9812],[134.0628,46.9069],[134.0167,46.8195],[134.0447,46.772],[134.0148,46.665],[133.988,46.6252],[133.9025,46.5736],[133.8919,46.529],[133.8458,46.4707],[133.8544,46.4447],[133.9003,46.4266],[133.9339,46.3908],[133.926,46.3713],[133.8634,46.3393],[133.8744,46.3198],[133.8964,46.3272],[133.916,46.313],[133.8938,46.3019],[133.9025,46.259],[133.8553,46.2366],[133.8609,46.2236],[133.8366,46.2004],[133.7935,46.2143],[133.741,46.159],[133.6874,46.1418],[133.72,46.0638],[133.6581,45.9345],[133.6176,45.9363],[133.5859,45.8763],[133.5523,45.8884],[133.5144,45.8793],[133.4983,45.8372],[133.4773,45.8201],[133.4838,45.7966],[133.5114,45.7786],[133.4849,45.7685],[133.4709,45.7289],[133.443,45.7097],[133.4878,45.6867],[133.4915,45.6734],[133.4567,45.6488],[133.4773,45.6277],[133.4276,45.6153],[133.4151,45.6004],[133.4252,45.5804],[133.4135,45.5733],[133.3748,45.5731],[133.1798,45.4938],[133.1332,45.4196],[133.1019,45.2872],[133.0975,45.2435],[133.1272,45.1554],[133.0988,45.1078],[132.9662,45.0289],[132.9212,45.0279],[132.8398,45.0592],[131.9688,45.234],[131.9146,45.2601],[131.8531,45.3376],[131.818,45.3328],[131.7853,45.3047],[131.7232,45.2153],[131.6278,45.1985],[131.6052,45.1646],[131.6224,45.1237],[131.6091,45.0897],[131.4338,44.9613],[131.3295,44.9676],[131.259,44.9282],[131.1765,44.9034],[131.1101,44.9195],[131.0516,44.909],[131.0248,44.8624],[130.9334,44.8417],[130.9301,44.825],[130.9716,44.7756],[131.0214,44.7469],[131.0658,44.682],[131.2645,44.0542],[131.2178,44.0161],[131.2067,43.9748],[131.2173,43.9085],[131.1703,43.7811],[131.192,43.5886],[131.1607,43.5328],[131.2528,43.4692]]]}},{"type":"Feature","id":"Henan","properties":{"id":"Henan","iso_code":"CN-HA","name":"Henan","name_full":"Henan","name_ja":"河南省","center_lonlat":[113.6078,33.8826]},"geometry":{"type":"Polygon","coordinates":[[[115.4603,36.1579],[115.4588,36.07],[115.424,35.9946],[115.3357,35.9364],[115.3184,35.8173],[115.3258,35.7753],[115.3556,35.7808],[115.4164,35.8238],[115.4454,35.8969],[115.4682,35.9129],[115.5303,35.9112],[115.6692,35.9438],[115.7387,35.9686],[115.8332,36.0324],[115.9269,36.022],[116.0773,36.1031],[116.0917,36.0682],[116.0644,36.0409],[116.0337,35.9658],[115.9657,35.9859],[115.8635,35.925],[115.8583,35.9044],[115.8863,35.8777],[115.8738,35.8655],[115.7613,35.8492],[115.73,35.8306],[115.655,35.7463],[115.618,35.7313],[115.5042,35.7228],[115.4921,35.6782],[115.4032,35.6305],[115.3835,35.5575],[115.3416,35.5555],[115.3308,35.5344],[115.3404,35.4852],[115.3071,35.4758],[115.2488,35.4246],[115.1507,35.4159],[115.1321,35.3979],[115.0684,35.3801],[114.9417,35.2188],[114.8516,35.1782],[114.865,35.1206],[114.8342,35.0162],[114.9051,34.996],[114.9978,35.0078],[115.1816,34.94],[115.2223,34.8965],[115.216,34.8357],[115.2307,34.8267],[115.2597,34.8473],[115.3065,34.8469],[115.4293,34.7797],[115.4428,34.6601],[115.5308,34.5801],[115.6464,34.5687],[115.6931,34.6008],[115.8164,34.5714],[115.8793,34.5891],[115.9666,34.594],[115.9937,34.6216],[116.0437,34.6002],[116.0847,34.6162],[116.1305,34.5716],[116.1513,34.5667],[116.1634,34.5347],[116.1567,34.4473],[116.3693,34.2861],[116.3939,34.2752],[116.5521,34.2868],[116.5734,34.2788],[116.5748,34.1838],[116.5477,34.1497],[116.5429,34.1209],[116.6342,33.9705],[116.6325,33.9046],[116.5838,33.9115],[116.5527,33.8842],[116.4562,33.8559],[116.4207,33.7908],[116.1573,33.7179],[116.1211,33.7364],[116.0674,33.7954],[116.0405,33.849],[115.9677,33.9084],[115.9764,33.9772],[115.9614,34.0001],[115.8793,34.0181],[115.8411,34.0069],[115.7482,34.0653],[115.6617,34.0541],[115.5862,33.9796],[115.5614,33.8981],[115.5694,33.8597],[115.6185,33.8564],[115.6293,33.8446],[115.6225,33.7662],[115.615,33.7584],[115.5888,33.7692],[115.5735,33.7502],[115.6346,33.5848],[115.5922,33.5685],[115.4426,33.5481],[115.3986,33.4997],[115.35,33.5169],[115.3464,33.453],[115.3268,33.4276],[115.3151,33.3678],[115.3379,33.3451],[115.3492,33.2633],[115.3006,33.2098],[115.2791,33.138],[115.1428,33.0843],[115.0328,33.0904],[114.9692,33.1237],[114.8866,33.0834],[114.8898,33.0457],[114.8759,33.0011],[114.8992,32.9742],[115.0452,32.9131],[115.1304,32.8924],[115.1894,32.854],[115.1964,32.7975],[115.1821,32.7741],[115.1802,32.7145],[115.2102,32.6569],[115.1993,32.5915],[115.38,32.554],[115.4609,32.5043],[115.5007,32.4451],[115.5467,32.4092],[115.5648,32.4024],[115.6094,32.4164],[115.6466,32.4024],[115.6938,32.4918],[115.7419,32.4792],[115.7548,32.4983],[115.7901,32.4707],[115.8435,32.5426],[115.8845,32.5717],[115.9204,32.5744],[115.8617,32.515],[115.8757,32.4994],[115.8607,32.432],[115.8885,32.3939],[115.8937,32.3089],[115.9148,32.25],[115.9281,32.0246],[115.9009,31.8861],[115.9013,31.7945],[115.8655,31.7851],[115.7604,31.7968],[115.688,31.7891],[115.56,31.7357],[115.5315,31.7364],[115.3942,31.5241],[115.374,31.4175],[115.2862,31.3951],[115.2595,31.4065],[115.2067,31.4647],[115.2135,31.5456],[115.1594,31.6034],[115.1286,31.5945],[115.0769,31.5155],[115.0378,31.486],[114.9989,31.4776],[114.7666,31.4905],[114.745,31.5151],[114.6936,31.5195],[114.6382,31.568],[114.5479,31.5729],[114.5336,31.6474],[114.5659,31.7128],[114.5476,31.7429],[114.4857,31.7591],[114.4528,31.7402],[114.3618,31.7343],[114.2618,31.8125],[114.1707,31.8464],[114.144,31.8475],[114.0855,31.7838],[114.0425,31.7583],[113.9581,31.7503],[113.9572,31.8383],[113.9267,31.8566],[113.8722,31.8469],[113.8492,31.916],[113.7911,31.9792],[113.786,32.0472],[113.7524,32.1376],[113.781,32.1857],[113.7674,32.285],[113.7843,32.3523],[113.7292,32.4193],[113.6302,32.3959],[113.6014,32.3552],[113.5625,32.34],[113.5351,32.299],[113.436,32.2888],[113.3363,32.3144],[113.3174,32.3455],[113.2601,32.3694],[113.2187,32.4103],[113.183,32.4133],[113.1124,32.3816],[113.0458,32.4252],[112.7608,32.3503],[112.5339,32.3768],[112.4343,32.3599],[112.3536,32.3629],[112.3043,32.3447],[112.2271,32.3885],[112.1446,32.3946],[112.0611,32.4535],[112.0054,32.434],[111.9621,32.4743],[111.7793,32.5204],[111.727,32.5908],[111.658,32.6225],[111.6222,32.6257],[111.5689,32.5952],[111.5456,32.5968],[111.4978,32.6929],[111.4063,32.762],[111.345,32.8439],[111.2145,32.9247],[111.2117,32.992],[111.1608,33.0435],[111.1088,33.148],[111.0027,33.2075],[110.9746,33.2665],[111.0156,33.3744],[110.9901,33.4381],[111.011,33.4989],[110.9771,33.5839],[110.9428,33.6184],[110.8779,33.6431],[110.8005,33.696],[110.7906,33.7504],[110.7492,33.8028],[110.5938,33.8797],[110.6442,33.9696],[110.6127,34.0345],[110.5933,34.0459],[110.6183,34.1625],[110.477,34.2211],[110.4338,34.2614],[110.438,34.2972],[110.4821,34.341],[110.4638,34.3754],[110.3741,34.4037],[110.3404,34.4368],[110.3277,34.4798],[110.3423,34.5181],[110.336,34.6158],[110.377,34.6158],[110.4112,34.5891],[110.4378,34.609],[110.4832,34.6158],[110.5305,34.5837],[110.5848,34.6009],[110.6476,34.6022],[110.7086,34.621],[110.7658,34.6613],[110.8838,34.6661],[110.9232,34.6858],[110.9108,34.7325],[110.9899,34.722],[111.0257,34.7475],[111.1094,34.7687],[111.1246,34.7788],[111.1387,34.8192],[111.2229,34.7986],[111.2569,34.8281],[111.285,34.8164],[111.3428,34.8424],[111.3838,34.8219],[111.5577,34.8634],[111.6308,34.9584],[111.6786,34.9789],[111.6705,34.9975],[111.6829,35.0079],[111.7408,35.019],[111.8294,35.0826],[111.9577,35.0942],[112.0382,35.0458],[112.0611,35.1085],[112.0585,35.2345],[112.335,35.2187],[112.4015,35.2358],[112.526,35.2203],[112.5832,35.242],[112.6101,35.2877],[112.6746,35.3122],[112.7238,35.2745],[112.8076,35.242],[112.9028,35.2406],[112.9636,35.2715],[113.0198,35.3286],[113.1209,35.348],[113.1684,35.3886],[113.2375,35.4196],[113.2803,35.4219],[113.297,35.4376],[113.3,35.4647],[113.3284,35.463],[113.4676,35.5056],[113.5461,35.5906],[113.6096,35.6341],[113.5853,35.6809],[113.5973,35.7589],[113.5903,35.7867],[113.5944,35.8078],[113.6325,35.8182],[113.6209,35.8555],[113.6257,35.9461],[113.6627,35.981],[113.6853,36.044],[113.6785,36.0911],[113.6946,36.1302],[113.6713,36.1614],[113.6945,36.1937],[113.6729,36.2215],[113.721,36.3559],[113.8083,36.3394],[113.8673,36.3653],[113.9071,36.3441],[113.9893,36.359],[114.0277,36.3339],[114.0735,36.2716],[114.1932,36.2409],[114.2456,36.2528],[114.3431,36.2447],[114.3659,36.2221],[114.4182,36.2119],[114.5606,36.1344],[114.6235,36.1306],[114.7144,36.1535],[114.7979,36.1401],[114.8423,36.1486],[114.9155,36.0992],[114.9189,36.0612],[114.9307,36.0566],[114.9971,36.0701],[115.0338,36.1009],[115.0606,36.1516],[115.1124,36.186],[115.2344,36.17],[115.296,36.0868],[115.3221,36.0779],[115.3497,36.0822],[115.3981,36.1252],[115.4603,36.1579]]]}},{"type":"Feature","id":"Hubei","properties":{"id":"Hubei","iso_code":"CN-HB","name":"Hubei","name_full":"Hubei","name_ja":"湖北省","center_lonlat":[112.2668,30.9743]},"geometry":{"type":"Polygon","coordinates":[[[109.594,31.7376],[109.5801,31.7623],[109.6158,31.8212],[109.6109,31.9367],[109.6738,32.0694],[109.6296,32.1234],[109.6136,32.2029],[109.5383,32.2405],[109.4861,32.3467],[109.4997,32.3689],[109.5613,32.405],[109.5794,32.5412],[109.6159,32.5513],[109.6348,32.5906],[109.6581,32.5991],[109.7082,32.5851],[109.7686,32.6001],[109.8153,32.5706],[109.8795,32.5916],[110.0133,32.5491],[110.0619,32.5764],[110.0617,32.6065],[110.0738,32.6166],[110.1522,32.6073],[110.1713,32.633],[110.1464,32.6668],[110.155,32.7296],[110.1455,32.7561],[110.0958,32.8413],[109.9928,32.8891],[109.8991,32.9144],[109.8358,32.8959],[109.7832,32.9012],[109.7396,32.93],[109.7663,32.9686],[109.7808,33.0336],[109.7534,33.0838],[109.6519,33.1133],[109.5709,33.1118],[109.5118,33.1403],[109.4531,33.1482],[109.4476,33.168],[109.4623,33.189],[109.5299,33.2443],[109.604,33.2359],[109.6597,33.2641],[109.752,33.2409],[109.8753,33.2434],[109.9599,33.2141],[110.1104,33.2116],[110.1822,33.1661],[110.2344,33.1563],[110.4386,33.1745],[110.5097,33.2362],[110.5393,33.2461],[110.5682,33.2344],[110.6104,33.1489],[110.6643,33.1459],[110.7174,33.1044],[110.7477,33.0959],[110.7412,33.133],[110.7986,33.1638],[110.8176,33.1949],[110.9088,33.2068],[110.9404,33.2499],[110.9746,33.2665],[111.0027,33.2075],[111.1088,33.148],[111.1608,33.0435],[111.2117,32.992],[111.2145,32.9247],[111.345,32.8439],[111.4063,32.762],[111.4978,32.6929],[111.5456,32.5968],[111.5689,32.5952],[111.6222,32.6257],[111.658,32.6225],[111.727,32.5908],[111.7793,32.5204],[111.9621,32.4743],[112.0054,32.434],[112.0611,32.4535],[112.1446,32.3946],[112.2271,32.3885],[112.3043,32.3447],[112.3536,32.3629],[112.4343,32.3599],[112.5339,32.3768],[112.7608,32.3503],[113.0458,32.4252],[113.1124,32.3816],[113.183,32.4133],[113.2187,32.4103],[113.2601,32.3694],[113.3174,32.3455],[113.3363,32.3144],[113.436,32.2888],[113.5351,32.299],[113.5625,32.34],[113.6014,32.3552],[113.6302,32.3959],[113.7292,32.4193],[113.7843,32.3523],[113.7674,32.285],[113.781,32.1857],[113.7524,32.1376],[113.786,32.0472],[113.7911,31.9792],[113.8492,31.916],[113.8722,31.8469],[113.9267,31.8566],[113.9572,31.8383],[113.9581,31.7503],[114.0425,31.7583],[114.0855,31.7838],[114.144,31.8475],[114.1707,31.8464],[114.2618,31.8125],[114.3618,31.7343],[114.4528,31.7402],[114.4857,31.7591],[114.5476,31.7429],[114.5659,31.7128],[114.5336,31.6474],[114.5479,31.5729],[114.6382,31.568],[114.6936,31.5195],[114.745,31.5151],[114.7666,31.4905],[114.9989,31.4776],[115.0378,31.486],[115.0769,31.5155],[115.1286,31.5945],[115.1594,31.6034],[115.2135,31.5456],[115.2067,31.4647],[115.2595,31.4065],[115.2862,31.3951],[115.374,31.4175],[115.3804,31.3505],[115.4366,31.3262],[115.4574,31.2797],[115.5114,31.2464],[115.5689,31.1638],[115.5956,31.1617],[115.624,31.2172],[115.6563,31.2218],[115.793,31.1277],[115.8769,31.1294],[115.9303,31.0641],[115.9395,31.0354],[115.9893,31.0432],[116.0354,31.0309],[116.036,30.9889],[116.0169,30.964],[115.8586,30.861],[115.8579,30.779],[115.7806,30.7635],[115.7666,30.6944],[115.829,30.5972],[115.8805,30.5784],[115.9401,30.5056],[115.946,30.4459],[115.8894,30.4095],[115.8766,30.3757],[115.9063,30.32],[115.9594,30.2977],[115.9801,30.2617],[116.0405,30.2214],[116.0809,30.0468],[116.0722,29.9788],[116.1232,29.9135],[116.124,29.8404],[116.1473,29.7888],[116.1105,29.7865],[115.999,29.7441],[115.8889,29.7318],[115.8559,29.7386],[115.7438,29.8089],[115.7052,29.8608],[115.5352,29.8547],[115.4862,29.8643],[115.4389,29.792],[115.4169,29.7117],[115.3427,29.6403],[115.2721,29.6147],[115.1785,29.65],[115.0812,29.6557],[115.1123,29.6325],[115.1402,29.5875],[115.1139,29.5069],[115.0753,29.5542],[114.9655,29.5578],[114.9322,29.5001],[114.8812,29.5227],[114.8781,29.4926],[114.8378,29.4508],[114.8182,29.3939],[114.7582,29.361],[114.7367,29.3624],[114.7243,29.386],[114.7087,29.3895],[114.4632,29.3172],[114.42,29.3344],[114.3426,29.3282],[114.2894,29.3584],[114.2461,29.3178],[114.2438,29.2421],[114.1494,29.2128],[114.0635,29.2032],[113.9967,29.1643],[113.9024,29.0663],[113.7728,29.1253],[113.7019,29.0724],[113.6549,29.124],[113.6414,29.2218],[113.5809,29.253],[113.6094,29.3288],[113.6534,29.3825],[113.6963,29.3976],[113.7294,29.4371],[113.7177,29.4774],[113.6741,29.5313],[113.6809,29.6024],[113.6494,29.6763],[113.6217,29.6877],[113.5477,29.6818],[113.5333,29.6933],[113.5424,29.7599],[113.5911,29.86],[113.5903,29.88],[113.4158,29.7646],[113.1862,29.5317],[113.1457,29.4721],[113.1181,29.464],[113.0849,29.4947],[113.0665,29.4424],[113.05,29.447],[113.0449,29.5084],[113.0329,29.5191],[113.0081,29.5181],[112.9533,29.4766],[112.9358,29.4805],[112.9085,29.6008],[112.9137,29.6345],[112.9353,29.6596],[113.0063,29.7062],[113.0218,29.7474],[113.0129,29.773],[112.9363,29.6933],[112.9125,29.7645],[112.8862,29.7918],[112.7862,29.7367],[112.7519,29.6906],[112.6959,29.6757],[112.6649,29.6319],[112.4509,29.644],[112.3631,29.5722],[112.2819,29.5369],[112.2773,29.5946],[112.2337,29.6254],[112.2138,29.6731],[112.1728,29.6456],[112.1263,29.7072],[111.9236,29.8564],[111.8566,29.8713],[111.7686,29.9196],[111.7414,29.9235],[111.6831,29.899],[111.5849,29.9044],[111.475,29.9397],[111.3962,29.9247],[111.3639,29.9596],[111.2462,30.0317],[110.9435,30.0635],[110.7648,30.0984],[110.7339,30.0882],[110.726,30.0399],[110.6987,30.0247],[110.6362,30.0462],[110.5434,30.055],[110.4982,30.0449],[110.4632,30.014],[110.5066,29.9846],[110.477,29.958],[110.4734,29.9063],[110.5006,29.8626],[110.5805,29.8048],[110.5912,29.7714],[110.5019,29.7151],[110.4275,29.7222],[110.4192,29.6828],[110.3769,29.6535],[110.285,29.68],[110.2082,29.7499],[110.1039,29.7854],[109.7832,29.7349],[109.7,29.6557],[109.6851,29.6007],[109.6441,29.5971],[109.5988,29.6189],[109.5337,29.5969],[109.5075,29.5668],[109.4659,29.5664],[109.455,29.5313],[109.4363,29.5403],[109.4263,29.5046],[109.4108,29.4998],[109.4007,29.453],[109.3785,29.4382],[109.381,29.3953],[109.3283,29.3537],[109.3382,29.2897],[109.2578,29.2287],[109.2454,29.1322],[109.2066,29.1042],[109.0773,29.2141],[109.0142,29.3075],[108.9206,29.349],[108.9136,29.37],[108.9238,29.4024],[108.8709,29.4867],[108.8955,29.5779],[108.8894,29.6224],[108.872,29.639],[108.7485,29.6719],[108.696,29.6982],[108.6408,29.8466],[108.6042,29.8518],[108.544,29.7923],[108.5126,29.7219],[108.4734,29.7229],[108.4405,29.7435],[108.4299,29.7846],[108.4023,29.8195],[108.4048,29.8387],[108.5137,29.8545],[108.5366,29.8744],[108.5289,29.9424],[108.5504,30.0093],[108.5278,30.1628],[108.5435,30.281],[108.5229,30.324],[108.4105,30.3628],[108.386,30.3785],[108.3806,30.3997],[108.4074,30.4606],[108.4332,30.4873],[108.5898,30.5035],[108.6613,30.5754],[108.6974,30.5288],[108.7325,30.5197],[108.8811,30.5562],[108.9134,30.5888],[108.9646,30.6075],[109.0734,30.6003],[109.1524,30.562],[109.271,30.6026],[109.3228,30.5803],[109.3942,30.5837],[109.5028,30.6559],[109.5548,30.6532],[109.6398,30.7179],[109.665,30.768],[109.7304,30.8229],[109.8707,30.8886],[109.9272,30.8885],[109.9591,30.8471],[109.9967,30.8262],[110.0501,30.8242],[110.087,30.8413],[110.1277,30.9064],[110.1376,31.0002],[110.1098,31.0765],[110.1076,31.1223],[110.1749,31.1887],[110.1408,31.2503],[110.1467,31.3311],[110.1082,31.398],[109.966,31.4782],[109.9682,31.5034],[109.7326,31.5611],[109.7245,31.6361],[109.7033,31.6737],[109.6588,31.7181],[109.594,31.7376]]]}},{"type":"Feature","id":"Hunan","properties":{"id":"Hunan","iso_code":"CN-HN","name":"Hunan","name_full":"Hunan","name_ja":"湖南省","center_lonlat":[111.6987,27.6139]},"geometry":{"type":"Polygon","coordinates":[[[109.2584,28.5059],[109.2851,28.5846],[109.2132,28.6288],[109.2597,28.664],[109.2601,28.6993],[109.2811,28.7209],[109.2467,28.7855],[109.2404,28.8827],[109.2677,29.0066],[109.2857,29.0303],[109.2066,29.1042],[109.2454,29.1322],[109.2578,29.2287],[109.3382,29.2897],[109.3283,29.3537],[109.381,29.3953],[109.3785,29.4382],[109.4007,29.453],[109.4108,29.4998],[109.4263,29.5046],[109.4363,29.5403],[109.455,29.5313],[109.4659,29.5664],[109.5075,29.5668],[109.5337,29.5969],[109.5988,29.6189],[109.6441,29.5971],[109.6851,29.6007],[109.7,29.6557],[109.7832,29.7349],[110.1039,29.7854],[110.2082,29.7499],[110.285,29.68],[110.3769,29.6535],[110.4192,29.6828],[110.4275,29.7222],[110.5019,29.7151],[110.5912,29.7714],[110.5805,29.8048],[110.5006,29.8626],[110.4734,29.9063],[110.477,29.958],[110.5066,29.9846],[110.4632,30.014],[110.4982,30.0449],[110.5434,30.055],[110.6362,30.0462],[110.6987,30.0247],[110.726,30.0399],[110.7339,30.0882],[110.7648,30.0984],[110.9435,30.0635],[111.2462,30.0317],[111.3639,29.9596],[111.3962,29.9247],[111.475,29.9397],[111.5849,29.9044],[111.6831,29.899],[111.7414,29.9235],[111.7686,29.9196],[111.8566,29.8713],[111.9236,29.8564],[112.1263,29.7072],[112.1728,29.6456],[112.2138,29.6731],[112.2337,29.6254],[112.2773,29.5946],[112.2819,29.5369],[112.3631,29.5722],[112.4509,29.644],[112.6649,29.6319],[112.6959,29.6757],[112.7519,29.6906],[112.7862,29.7367],[112.8862,29.7918],[112.9125,29.7645],[112.9363,29.6933],[113.0129,29.773],[113.0218,29.7474],[113.0063,29.7062],[112.9353,29.6596],[112.9137,29.6345],[112.9085,29.6008],[112.9358,29.4805],[112.9533,29.4766],[113.0081,29.5181],[113.0329,29.5191],[113.0449,29.5084],[113.05,29.447],[113.0665,29.4424],[113.0849,29.4947],[113.1181,29.464],[113.1457,29.4721],[113.1862,29.5317],[113.4158,29.7646],[113.5903,29.88],[113.5911,29.86],[113.5424,29.7599],[113.5333,29.6933],[113.5477,29.6818],[113.6217,29.6877],[113.6494,29.6763],[113.6809,29.6024],[113.6741,29.5313],[113.7177,29.4774],[113.7294,29.4371],[113.6963,29.3976],[113.6534,29.3825],[113.6094,29.3288],[113.5809,29.253],[113.6414,29.2218],[113.6549,29.124],[113.7019,29.0724],[113.7728,29.1253],[113.9024,29.0663],[113.9052,28.956],[114.0121,28.9129],[114.0387,28.8723],[114.1305,28.8261],[114.1427,28.7885],[114.1128,28.6155],[114.0569,28.5643],[114.122,28.5158],[114.177,28.5073],[114.1716,28.4397],[114.2216,28.4153],[114.2338,28.3762],[114.1845,28.2931],[114.0919,28.2577],[114.0721,28.209],[114.0239,28.1791],[114.0106,28.0945],[113.9891,28.0719],[113.9165,28.0212],[113.7426,27.9843],[113.7188,27.9637],[113.706,27.9377],[113.7081,27.8346],[113.611,27.6995],[113.5585,27.5754],[113.6086,27.3567],[113.6755,27.3288],[113.7827,27.3708],[113.851,27.3459],[113.8473,27.2736],[113.7558,27.1473],[113.7525,27.097],[113.7623,27.0773],[113.7944,27.0855],[113.8632,26.9777],[113.8932,26.961],[113.8661,26.8677],[113.8316,26.8275],[113.8647,26.6559],[113.8966,26.6311],[113.9679,26.6191],[114.0164,26.5852],[114.0851,26.5775],[114.0878,26.5685],[114.0734,26.4627],[114.0206,26.3992],[113.9986,26.2831],[113.9395,26.2094],[113.9254,26.1704],[113.9595,26.1624],[114.001,26.1885],[114.0472,26.1717],[114.1492,26.2221],[114.2048,26.2033],[114.2152,26.1806],[114.1752,26.1394],[114.1173,26.1218],[114.087,26.0896],[114.0538,26.0808],[114.0186,26.0372],[114.0146,25.9168],[113.9028,25.7402],[113.9179,25.6602],[113.9618,25.6247],[113.9824,25.5817],[113.942,25.511],[113.9275,25.4481],[113.8802,25.4335],[113.8465,25.3748],[113.8091,25.3482],[113.764,25.3414],[113.694,25.3632],[113.5695,25.3234],[113.5234,25.3856],[113.4713,25.3766],[113.4216,25.3838],[113.3576,25.4244],[113.3018,25.4714],[113.2829,25.5176],[113.1864,25.4931],[113.0635,25.3969],[112.9437,25.3489],[112.913,25.322],[112.8646,25.3428],[112.8517,25.3213],[112.8589,25.2839],[112.8891,25.2415],[112.9749,25.2518],[113.0148,25.2456],[113.0285,25.2304],[112.9669,25.1724],[112.9737,25.1051],[112.9594,25.0386],[112.9931,24.9754],[112.9889,24.9639],[112.8764,24.9422],[112.8001,24.945],[112.7141,24.9995],[112.6972,25.0239],[112.6853,25.0854],[112.6374,25.1304],[112.536,25.1335],[112.4584,25.1643],[112.3823,25.1632],[112.3316,25.1815],[112.2571,25.1762],[112.1954,25.1999],[112.1224,24.9608],[112.1264,24.9405],[112.1668,24.907],[112.1431,24.788],[112.1269,24.789],[112.107,24.8122],[112.0912,24.8092],[112.0577,24.7898],[112.0184,24.7425],[111.9966,24.7357],[111.9871,24.7588],[111.9334,24.7747],[111.797,24.7604],[111.6671,24.7797],[111.6363,24.7598],[111.6158,24.707],[111.5728,24.7028],[111.5169,24.6427],[111.4325,24.6775],[111.4291,24.6984],[111.4744,24.7988],[111.4418,24.8497],[111.4499,24.8839],[111.4286,24.9483],[111.4619,25.0195],[111.4143,25.0598],[111.4232,25.1161],[111.3886,25.1348],[111.3181,25.112],[111.2796,25.1456],[111.264,25.1439],[111.1709,25.065],[111.1258,25.0445],[111.079,24.9442],[111.0399,24.919],[111.0092,24.9314],[110.9585,25.0125],[110.9549,25.0513],[110.9965,25.1561],[111.0615,25.1786],[111.099,25.2137],[111.1153,25.2452],[111.113,25.2822],[111.1475,25.3032],[111.1713,25.3724],[111.2496,25.3961],[111.2827,25.43],[111.3211,25.5203],[111.3257,25.5965],[111.3032,25.647],[111.32,25.725],[111.3663,25.7386],[111.4113,25.8026],[111.4224,25.8569],[111.4761,25.8959],[111.451,25.9065],[111.4539,25.9287],[111.4083,25.9078],[111.3174,25.909],[111.2961,25.8637],[111.2785,25.8611],[111.2429,25.8781],[111.2021,25.9303],[111.1953,25.974],[111.2317,26.0629],[111.2567,26.2101],[111.277,26.2502],[111.2472,26.2824],[111.1233,26.306],[111.001,26.3537],[110.9473,26.3899],[110.9297,26.3725],[110.9065,26.293],[110.8789,26.2752],[110.7133,26.2761],[110.6975,26.2888],[110.7009,26.3168],[110.6886,26.3323],[110.5628,26.3469],[110.5516,26.3337],[110.556,26.3013],[110.5365,26.2249],[110.4846,26.1716],[110.4097,26.164],[110.3528,26.1266],[110.288,26.0053],[110.247,25.9782],[110.2223,25.9833],[110.1646,26.047],[110.0336,26.0365],[110.0276,26.0736],[110.062,26.1499],[109.9672,26.1931],[109.9273,26.1971],[109.8504,26.0572],[109.7746,26.0138],[109.7808,25.9164],[109.7126,25.8902],[109.6575,25.8986],[109.6723,25.9853],[109.6032,26.0527],[109.5511,26.0362],[109.4879,26.05],[109.4567,26.0389],[109.4275,26.0986],[109.4104,26.188],[109.3853,26.2196],[109.4069,26.2638],[109.3231,26.2837],[109.3,26.3062],[109.2916,26.3375],[109.3202,26.4357],[109.4026,26.5373],[109.4067,26.5972],[109.3699,26.6536],[109.3017,26.6806],[109.2814,26.7111],[109.294,26.7273],[109.3971,26.7547],[109.5155,26.8339],[109.5199,26.8584],[109.5025,26.8759],[109.4558,26.8783],[109.4438,26.8979],[109.5033,26.9642],[109.5013,27.0598],[109.4382,27.131],[109.3819,27.1519],[109.3225,27.152],[109.2695,27.1322],[109.2258,27.1531],[109.1771,27.0934],[109.1476,27.0779],[109.1121,27.0931],[109.1222,27.1352],[109.0955,27.1344],[108.9909,27.0826],[108.9502,27.0269],[108.8922,27.009],[108.7879,27.0941],[108.7981,27.1055],[108.8583,27.1109],[108.89,27.131],[108.9001,27.1888],[108.9639,27.2465],[109.0149,27.2622],[109.1174,27.3706],[109.1356,27.4112],[109.2064,27.4448],[109.2769,27.4385],[109.3184,27.5006],[109.4184,27.5595],[109.4442,27.5978],[109.4462,27.6592],[109.4145,27.714],[109.4134,27.739],[109.3588,27.7607],[109.3351,27.7925],[109.3108,27.8877],[109.3163,27.9129],[109.3403,27.9355],[109.3136,27.9571],[109.3128,27.9819],[109.3675,28.0461],[109.3469,28.0633],[109.3077,28.046],[109.2945,28.0727],[109.3543,28.2088],[109.3586,28.2481],[109.3385,28.2793],[109.2639,28.3222],[109.2732,28.3907],[109.2498,28.4604],[109.2584,28.5059]]]}},{"type":"Feature","id":"Inner Mongolia","properties":{"id":"Inner Mongolia","iso_code":"CN-NM","name":"Inner Mongolia","name_full":"Inner Mongolia","name_ja":"内モンゴル自治区","center_lonlat":[113.9076,44.0819]},"geometry":{"type":"Polygon","coordinates":[[[121.4133,53.3173],[121.4523,53.2882],[121.6262,53.2297],[121.6486,53.2087],[121.6772,53.1376],[121.7586,53.1034],[121.7991,53.018],[121.6915,52.9083],[121.5027,52.7747],[121.1739,52.595],[121.1691,52.5766],[121.3255,52.532],[121.4909,52.4447],[121.703,52.3838],[121.8313,52.2694],[121.9111,52.2583],[122.0179,52.2831],[122.0973,52.3617],[122.1737,52.4796],[122.2077,52.4902],[122.3464,52.4496],[122.3816,52.3976],[122.454,52.3491],[122.5019,52.286],[122.752,52.2412],[122.7771,52.218],[122.7629,52.1801],[122.7248,52.1566],[122.6449,52.1359],[122.6325,52.1161],[122.761,51.8261],[122.7593,51.7967],[122.7084,51.7398],[122.709,51.7111],[122.8355,51.5678],[122.844,51.4981],[122.8844,51.4481],[122.9562,51.3861],[123.0881,51.3125],[123.1789,51.3164],[123.2321,51.2787],[123.2717,51.2667],[123.4639,51.2711],[123.5026,51.2598],[123.5632,51.2067],[123.6219,51.1971],[123.7741,51.2221],[123.792,51.2375],[123.8083,51.2906],[123.8486,51.3116],[124.0044,51.3017],[124.1621,51.3284],[124.2843,51.2833],[124.3699,51.2809],[124.4304,51.3016],[124.465,51.3564],[124.5019,51.3606],[124.6662,51.3353],[124.7625,51.3657],[124.8281,51.3676],[124.8656,51.4135],[124.9403,51.4452],[124.9592,51.493],[125.0461,51.5158],[125.0606,51.5344],[125.0683,51.5944],[125.1275,51.6157],[125.3333,51.5827],[125.4866,51.5074],[125.5387,51.4568],[125.5687,51.3966],[125.648,51.3432],[125.703,51.2667],[125.7995,51.21],[125.8434,51.2062],[125.8707,51.1448],[125.9284,51.1266],[125.9253,51.11],[125.9844,51.1042],[125.9891,51.0704],[126.0266,51.0511],[126.0563,50.9803],[126.0453,50.9431],[125.9948,50.8942],[125.9903,50.8752],[125.9806,50.8704],[125.9517,50.8926],[125.9253,50.8567],[125.8912,50.8567],[125.9122,50.8363],[125.824,50.7668],[125.7682,50.7679],[125.754,50.7543],[125.8086,50.696],[125.7827,50.6756],[125.8098,50.5969],[125.8094,50.5622],[125.7933,50.5344],[125.713,50.5073],[125.6467,50.4527],[125.5747,50.4364],[125.5724,50.394],[125.542,50.4066],[125.5063,50.3141],[125.4644,50.2925],[125.444,50.2624],[125.4537,50.232],[125.4393,50.2261],[125.4342,50.2007],[125.385,50.1899],[125.3431,50.1647],[125.3595,50.1445],[125.3428,50.1291],[125.3158,50.1246],[125.3015,50.1374],[125.2644,50.1057],[125.281,50.0691],[125.3294,50.0623],[125.3112,50.0513],[125.2436,50.0511],[125.2952,50.0145],[125.248,49.9889],[125.2258,49.9592],[125.1866,49.9517],[125.2258,49.9183],[125.224,49.9007],[125.245,49.877],[125.2258,49.8636],[125.2348,49.848],[125.1779,49.819],[125.2233,49.787],[125.2196,49.6681],[125.1885,49.6439],[125.1513,49.6644],[125.1252,49.6566],[125.1481,49.6194],[125.1954,49.5999],[125.2127,49.5682],[125.2357,49.5544],[125.24,49.5409],[125.2185,49.5197],[125.2674,49.4385],[125.24,49.3901],[125.2537,49.3429],[125.2225,49.2855],[125.2332,49.274],[125.2188,49.2591],[125.2258,49.2256],[125.1356,49.1389],[125.0625,49.1368],[125.0312,49.1641],[124.8735,49.1784],[124.8223,49.1157],[124.8216,49.0609],[124.6218,48.742],[124.6071,48.6387],[124.5316,48.5593],[124.5486,48.5199],[124.5336,48.5016],[124.5441,48.4668],[124.5207,48.369],[124.5475,48.3523],[124.5595,48.3149],[124.5622,48.2362],[124.5281,48.1909],[124.5205,48.1287],[124.4824,48.1116],[124.4653,48.1554],[124.4212,48.1783],[124.4159,48.2225],[124.3926,48.2637],[124.3172,48.351],[124.3038,48.4876],[124.2525,48.5334],[124.234,48.5308],[124.0779,48.4483],[123.7269,48.1911],[123.5776,48.0543],[123.4874,48.0076],[123.2866,47.9413],[123.2068,47.8138],[123.0954,47.7549],[122.7973,47.6436],[122.723,47.5978],[122.5654,47.5312],[122.4947,47.4102],[122.4052,47.3317],[122.5008,47.2375],[122.5357,47.1701],[122.574,47.1311],[122.6503,47.0863],[122.7877,47.0407],[122.9962,46.8403],[123.1244,46.7753],[123.1941,46.7642],[123.2537,46.8126],[123.3218,46.8261],[123.38,46.8981],[123.4601,46.8847],[123.4636,46.8368],[123.5043,46.8143],[123.5419,46.8159],[123.5632,46.8653],[123.5918,46.8756],[123.6133,46.8411],[123.5952,46.8102],[123.626,46.8066],[123.6087,46.7746],[123.5361,46.692],[123.3973,46.5978],[123.2915,46.5864],[123.0633,46.6246],[123.0101,46.6027],[122.9889,46.4066],[123.1617,46.2201],[123.086,46.1134],[122.8012,46.0942],[122.791,45.9705],[122.8006,45.9131],[122.7685,45.8611],[122.772,45.7814],[122.7028,45.7123],[122.647,45.7251],[122.5085,45.8127],[122.4662,45.902],[122.4144,45.9473],[122.3908,45.9448],[122.3686,45.9001],[122.2938,45.8344],[122.2398,45.8135],[122.2039,45.8488],[122.0595,45.9274],[122.0108,45.9749],[121.8864,46.0089],[121.7954,46.0151],[121.7737,46.0103],[121.7709,45.9967],[121.8115,45.9473],[121.8106,45.8978],[121.742,45.7987],[121.65,45.735],[121.6664,45.7158],[121.7591,45.6749],[121.8802,45.701],[121.9394,45.6868],[121.985,45.6367],[121.9645,45.5739],[121.9747,45.536],[122.0209,45.4871],[122.1284,45.4564],[122.2089,45.3568],[122.2097,45.3205],[122.237,45.2707],[122.2181,45.2239],[122.1482,45.1777],[122.037,45.1455],[122.0108,45.1183],[122.0058,45.0899],[122.0381,44.9344],[122.0212,44.8567],[122.046,44.7791],[122.046,44.6949],[122.0882,44.6197],[122.2819,44.4287],[122.2541,44.2459],[122.2779,44.2188],[122.3225,44.2106],[122.5948,44.2911],[122.6379,44.324],[122.7263,44.3382],[122.8212,44.3941],[122.9553,44.4468],[123.0445,44.5133],[123.0988,44.5315],[123.1238,44.4944],[123.1212,44.3962],[123.175,44.3593],[123.1885,44.3152],[123.2532,44.2079],[123.3401,44.1716],[123.3591,44.1513],[123.3611,44.0969],[123.3238,44.0614],[123.3223,44.0419],[123.3431,43.9929],[123.4177,43.8897],[123.4713,43.7617],[123.5265,43.6862],[123.5167,43.612],[123.4942,43.5895],[123.4186,43.6183],[123.4199,43.5729],[123.3553,43.5339],[123.3448,43.5093],[123.3505,43.4793],[123.3781,43.4532],[123.4545,43.4374],[123.4999,43.4064],[123.5706,43.3957],[123.6059,43.3651],[123.6963,43.3535],[123.6988,43.3227],[123.6536,43.2099],[123.6601,43.1784],[123.6204,43.0869],[123.3544,43.0123],[123.2998,43.0165],[123.2612,42.9988],[123.1819,42.9441],[123.1398,42.8345],[123.0675,42.7905],[122.9655,42.7862],[122.8928,42.7449],[122.7633,42.7323],[122.5272,42.8342],[122.4764,42.8496],[122.392,42.8536],[122.3683,42.8405],[122.3635,42.8094],[122.4342,42.6967],[122.4255,42.675],[122.3996,42.6583],[122.2831,42.6375],[122.1833,42.6869],[122.045,42.7209],[121.9339,42.6734],[121.8778,42.5396],[121.7605,42.4869],[121.7237,42.4577],[121.629,42.4574],[121.58,42.5213],[121.5518,42.5355],[121.3828,42.507],[121.0141,42.2506],[120.9697,42.2612],[120.9319,42.2964],[120.9126,42.2966],[120.7351,42.2279],[120.6279,42.1604],[120.4957,42.1441],[120.4859,42.1244],[120.4916,42.0839],[120.4584,42.0251],[120.3313,41.9602],[120.2609,41.8801],[120.1408,41.7893],[120.1177,41.7167],[120.0956,41.7021],[120.0326,41.7116],[120.0303,41.8606],[119.9824,41.9072],[119.9727,41.9603],[119.8911,42.0001],[119.8809,42.0643],[119.8009,42.1288],[119.8011,42.1448],[119.845,42.1745],[119.837,42.1991],[119.6364,42.2401],[119.6209,42.2856],[119.5885,42.3155],[119.5816,42.3557],[119.5117,42.3945],[119.4664,42.3262],[119.344,42.2944],[119.2692,42.2323],[119.2467,42.1978],[119.2487,42.1822],[119.3161,42.1218],[119.3659,42.1005],[119.3742,42.0804],[119.3681,42.0249],[119.3217,41.9654],[119.3308,41.8675],[119.3062,41.8381],[119.2986,41.7773],[119.3147,41.6593],[119.3556,41.6083],[119.3907,41.46],[119.3823,41.4095],[119.3616,41.375],[119.231,41.2734],[119.235,41.3228],[119.1527,41.3122],[118.8671,41.3365],[118.8089,41.3828],[118.7089,41.3423],[118.4784,41.3551],[118.4223,41.3426],[118.4066,41.3096],[118.3589,41.3226],[118.3425,41.3658],[118.3394,41.4331],[118.2947,41.4606],[118.3136,41.5696],[118.301,41.5851],[118.2312,41.5994],[118.1516,41.7505],[118.1681,41.7901],[118.1834,41.7967],[118.2151,41.7932],[118.2632,41.7523],[118.2782,41.7527],[118.3029,41.7856],[118.3222,41.8635],[118.2744,41.9114],[118.2976,41.9723],[118.2772,42.0126],[118.2772,42.0624],[118.2323,42.0842],[118.2145,42.0757],[118.189,42.0267],[118.1478,42.0198],[118.1248,42.0293],[118.1267,42.0642],[118.0968,42.1245],[118.0986,42.1756],[117.9893,42.2216],[117.9912,42.2446],[118.0413,42.2782],[118.0185,42.3352],[118.0242,42.3826],[117.9446,42.4362],[117.8457,42.5357],[117.8058,42.5595],[117.8084,42.6063],[117.7875,42.6096],[117.5936,42.5516],[117.5361,42.6215],[117.4504,42.5493],[117.4124,42.4581],[117.3486,42.4568],[117.2439,42.4823],[117.1034,42.4761],[116.8694,42.383],[116.8266,42.3082],[116.8848,42.2032],[116.886,42.167],[116.8542,42.1173],[116.8894,42.0634],[116.8677,42.0253],[116.7973,41.987],[116.5997,41.9237],[116.5802,41.9271],[116.5367,41.9671],[116.4521,41.9496],[116.427,41.9978],[116.3775,42.0097],[116.2762,41.9503],[116.2071,41.884],[116.1175,41.8679],[116.086,41.8109],[116.0566,41.7985],[116.0379,41.8006],[115.9373,41.9275],[115.8801,41.9334],[115.5779,41.7911],[115.3398,41.7208],[115.3115,41.6881],[115.3474,41.6241],[115.2683,41.6196],[115.24,41.586],[115.0974,41.6162],[114.8772,41.6124],[114.889,41.7371],[114.8689,41.7959],[114.9313,41.8478],[114.9203,41.9369],[114.8474,42.0748],[114.8562,42.1262],[114.8449,42.1483],[114.8049,42.1784],[114.7519,42.1399],[114.5963,42.1413],[114.5327,42.1224],[114.4813,42.0753],[114.4427,41.9817],[114.4197,41.9563],[114.324,41.9135],[114.2319,41.8269],[114.2135,41.7669],[114.1904,41.5842],[114.1364,41.5557],[114.0167,41.5255],[113.928,41.4184],[113.9103,41.2861],[113.9319,41.26],[113.9803,41.2486],[113.9877,41.1698],[113.9638,41.1534],[113.8983,41.1559],[113.8746,41.0899],[113.8228,41.0942],[113.9125,41.0247],[113.9694,40.9523],[114.0186,40.9236],[114.0444,40.8759],[114.0524,40.8205],[114.1159,40.7869],[114.1541,40.7426],[114.0635,40.6925],[114.0284,40.6424],[114.0335,40.6008],[114.0816,40.5396],[114.0687,40.4979],[113.8961,40.4692],[113.7953,40.4309],[113.6766,40.4285],[113.4873,40.3331],[113.3238,40.3206],[113.2843,40.3431],[113.2436,40.4071],[113.1831,40.4253],[113.0865,40.4044],[112.9506,40.3504],[112.8157,40.2024],[112.7156,40.171],[112.5958,40.2378],[112.5332,40.2482],[112.4534,40.2841],[112.3992,40.2883],[112.2793,40.229],[112.1651,40.0593],[112.099,40.0054],[111.9925,39.8235],[111.9529,39.7821],[111.9267,39.6959],[111.847,39.6288],[111.7514,39.5978],[111.7083,39.6096],[111.6749,39.6359],[111.4899,39.6522],[111.453,39.6453],[111.4635,39.6203],[111.4254,39.6254],[111.4212,39.5221],[111.3728,39.4892],[111.3427,39.4444],[111.2843,39.4249],[111.1642,39.4233],[111.11,39.3852],[111.0554,39.4055],[111.041,39.423],[111.1227,39.5276],[111.1371,39.565],[111.1273,39.5806],[111.0683,39.5605],[111.0181,39.5678],[110.9799,39.5341],[110.9002,39.5068],[110.8457,39.4652],[110.7282,39.3383],[110.6849,39.2644],[110.6462,39.2443],[110.6034,39.2672],[110.5506,39.3423],[110.5134,39.372],[110.4189,39.3531],[110.3896,39.3236],[110.3471,39.3163],[110.2744,39.357],[110.2155,39.4302],[110.1449,39.4448],[110.1128,39.432],[110.1088,39.4094],[110.1658,39.3225],[110.1741,39.2799],[109.9633,39.1813],[109.8452,39.0966],[109.8206,39.0545],[109.6743,39.0112],[109.6353,38.9058],[109.5746,38.8521],[109.5489,38.7953],[109.5264,38.7829],[109.4992,38.7942],[109.4624,38.7871],[109.4035,38.7542],[109.375,38.6973],[109.3158,38.6678],[109.3132,38.6205],[109.176,38.5546],[109.1443,38.5045],[109.0454,38.4225],[109.0233,38.3752],[108.9864,38.3352],[108.9805,38.2831],[108.9522,38.2122],[108.9704,38.1668],[109.0351,38.1014],[109.0354,38.0752],[109.001,37.9885],[108.9426,37.9183],[108.9202,37.9182],[108.8724,37.9817],[108.8515,37.9902],[108.8253,37.9818],[108.7907,37.9418],[108.7805,37.9053],[108.7836,37.78],[108.7697,37.695],[108.7543,37.6755],[108.6499,37.6628],[108.4964,37.6686],[108.333,37.6336],[108.0387,37.6325],[107.9996,37.645],[107.9996,37.7123],[107.9287,37.7853],[107.7026,37.8324],[107.6576,37.8529],[107.4918,37.9045],[107.412,37.912],[107.3928,37.9852],[107.3242,38.0659],[107.1626,38.1386],[107.0608,38.1149],[106.8292,38.1504],[106.4701,38.2907],[106.645,38.4592],[106.7089,38.6453],[106.9317,38.9211],[106.9834,39.0247],[106.8875,39.0849],[106.8483,39.1639],[106.8082,39.1991],[106.7994,39.2418],[106.8094,39.3093],[106.7891,39.361],[106.7738,39.373],[106.6286,39.3614],[106.5674,39.3163],[106.4969,39.2858],[106.3269,39.2941],[106.2851,39.2793],[106.2715,39.2498],[106.2834,39.1565],[106.2282,39.1239],[106.1529,39.1308],[106.1132,39.1208],[106.0816,39.0613],[106.0603,38.9791],[106.0187,38.9313],[105.9996,38.8733],[105.8966,38.7362],[105.8412,38.5713],[105.8226,38.3958],[105.8235,38.3405],[105.8452,38.3041],[105.8475,38.2654],[105.8281,38.2268],[105.774,38.1975],[105.7556,38.1478],[105.7767,38.0747],[105.8261,37.9999],[105.7996,37.8895],[105.7995,37.8128],[105.6416,37.7349],[105.5049,37.7246],[105.3687,37.754],[105.2466,37.7253],[105.0651,37.649],[105.0017,37.57],[104.9443,37.5457],[104.6627,37.5071],[104.5744,37.5307],[104.4752,37.5214],[104.4252,37.4986],[104.3585,37.4012],[104.3143,37.4065],[104.2625,37.3903],[104.2287,37.4039],[104.1085,37.4618],[103.8637,37.6264],[103.6787,37.775],[103.4382,37.8424],[103.421,37.8603],[103.3875,37.9991],[103.3881,38.102],[103.529,38.1466],[103.4877,38.3303],[103.4394,38.4136],[103.7943,38.5908],[103.8734,38.6427],[103.9795,38.759],[104.0595,38.8952],[104.1608,38.9471],[104.2168,39.0347],[104.2276,39.0791],[104.2184,39.1031],[104.0524,39.3222],[104.046,39.3477],[104.0646,39.4048],[104.0606,39.4274],[104.024,39.4411],[103.7493,39.4249],[103.4638,39.3572],[103.1364,39.2248],[103.0064,39.1303],[102.9654,39.1194],[102.8306,39.1302],[102.5935,39.1779],[102.4539,39.2382],[102.3931,39.2372],[102.0152,39.1201],[101.8308,39.0824],[101.8255,39.0644],[102.0312,38.8792],[101.992,38.8286],[101.8311,38.6898],[101.65,38.7006],[101.5802,38.6882],[101.414,38.7492],[101.3198,38.7582],[101.3089,38.7785],[101.3362,38.8183],[101.2656,38.8512],[101.2064,38.9308],[101.2113,39.0083],[101.1635,39.0203],[101.1101,38.9929],[101.0521,38.9994],[100.9413,39.0639],[100.8766,39.1201],[100.8451,39.1995],[100.8434,39.3433],[100.8332,39.3801],[100.8102,39.4039],[100.5067,39.4185],[100.4733,39.4856],[100.3181,39.5334],[100.2937,39.6165],[100.2216,39.6804],[99.9251,39.7663],[99.8431,39.8029],[99.762,39.8602],[99.6861,39.876],[99.4309,39.8788],[99.5325,40.0008],[99.627,40.0692],[99.917,40.219],[99.9566,40.2733],[100.0044,40.3909],[100.1898,40.5801],[100.2047,40.638],[100.1903,40.7094],[100.0497,40.8805],[100.0112,40.8963],[99.7667,40.9099],[99.6645,40.9013],[99.496,40.8429],[99.1574,40.8363],[98.8257,40.7266],[98.6458,40.5675],[98.6007,40.548],[98.5152,40.5335],[98.2344,40.5282],[98.3265,40.8557],[98.3206,40.8919],[98.2939,40.9166],[98.2038,40.9512],[98.018,41.09],[97.9505,41.1198],[97.837,41.2175],[97.659,41.4134],[97.6476,41.4555],[97.6591,41.4839],[97.8469,41.6193],[97.1907,42.7871],[99.4745,42.5642],[99.9716,42.6763],[100.017,42.6765],[101.2187,42.5298],[101.4107,42.5449],[101.5249,42.5375],[101.6376,42.5154],[101.7354,42.4612],[101.8865,42.278],[101.9742,42.2079],[102.0342,42.1846],[103.0735,42.0045],[103.6914,41.7592],[104.5008,41.8706],[104.5049,41.6566],[104.6012,41.6454],[104.8923,41.6448],[104.9738,41.5861],[105.0148,41.5961],[105.2009,41.7435],[105.3582,41.7858],[105.8686,41.9935],[106.7678,42.2866],[108.1774,42.4543],[108.3198,42.4326],[108.5365,42.4351],[108.7969,42.3984],[108.8627,42.4089],[108.9613,42.4475],[109.2534,42.4259],[109.4851,42.4493],[109.6673,42.549],[109.9127,42.6288],[110.0602,42.6384],[110.1399,42.6826],[110.4067,42.7686],[110.4494,42.8373],[110.6082,42.9447],[110.6801,43.0577],[110.797,43.1489],[110.9734,43.3156],[111.0961,43.3667],[111.3386,43.4382],[111.4014,43.4755],[111.5677,43.5025],[111.7538,43.6632],[111.8458,43.6669],[111.9334,43.6966],[111.9451,43.7239],[111.9443,43.7864],[111.8388,43.9388],[111.7807,43.9862],[111.6345,44.0659],[111.5438,44.1567],[111.5037,44.2257],[111.4906,44.2826],[111.4106,44.3261],[111.3964,44.3466],[111.3971,44.3874],[111.4241,44.448],[111.4838,44.5064],[111.5382,44.5834],[111.5514,44.6932],[111.7385,44.9663],[111.8433,45.0395],[111.9267,45.0609],[111.9583,45.0845],[112.0115,45.0875],[112.1076,45.0674],[112.4128,45.066],[112.5239,44.9933],[112.586,44.9238],[112.7485,44.8653],[113.0169,44.8211],[113.1049,44.7944],[113.4732,44.7707],[113.5324,44.7453],[113.6048,44.7397],[113.6725,44.7682],[113.8893,44.9083],[114.017,44.9273],[114.0893,44.9618],[114.1493,45.0301],[114.4189,45.2015],[114.5023,45.3032],[114.5194,45.3709],[114.5337,45.3855],[114.7033,45.4272],[114.9389,45.3738],[115.1263,45.3944],[115.3373,45.3947],[115.6674,45.4543],[115.7673,45.5301],[116.0021,45.6756],[116.0949,45.6765],[116.1699,45.7091],[116.2516,45.8033],[116.2071,45.8809],[116.2132,45.9082],[116.3572,46.1056],[116.5251,46.2268],[116.5683,46.2909],[116.6036,46.3093],[116.722,46.3287],[116.8146,46.3867],[116.9579,46.3664],[117.3017,46.3501],[117.3375,46.3573],[117.3531,46.3795],[117.3692,46.4757],[117.4125,46.5246],[117.3938,46.5714],[117.4729,46.5847],[117.5101,46.5785],[117.5682,46.6035],[117.6252,46.5357],[117.6734,46.516],[117.7976,46.5203],[117.9006,46.6076],[118.0055,46.627],[118.0839,46.6683],[118.169,46.6785],[118.269,46.7229],[118.3355,46.7222],[118.4728,46.6857],[118.552,46.6858],[118.6094,46.7058],[118.7201,46.6767],[118.7538,46.6912],[118.8162,46.7582],[118.8465,46.7655],[118.8675,46.7583],[118.8906,46.7135],[118.9071,46.7094],[118.9672,46.7405],[119.037,46.6687],[119.3169,46.6117],[119.5013,46.628],[119.6235,46.6163],[119.6801,46.5916],[119.7403,46.6133],[119.7822,46.6556],[119.8344,46.651],[119.8727,46.6732],[119.907,46.7183],[119.8831,46.753],[119.9029,46.8424],[119.8831,46.8554],[119.8814,46.8729],[119.8964,46.8986],[119.8523,46.9107],[119.7701,46.993],[119.754,47.0944],[119.7,47.1595],[119.5874,47.2384],[119.5251,47.2508],[119.476,47.3092],[119.3207,47.407],[119.2819,47.4149],[119.3178,47.4621],[119.3101,47.4761],[119.1339,47.5275],[119.0835,47.6616],[118.7674,47.7562],[118.7133,47.7936],[118.6052,47.9147],[118.5423,47.9662],[118.4728,47.9894],[118.28,47.9981],[118.1825,48.0282],[118.064,48.0196],[117.9728,47.9979],[117.8152,48.0048],[117.7669,47.9931],[117.5272,47.7865],[117.4365,47.7305],[117.3608,47.6509],[117.3171,47.6541],[117.0697,47.8102],[116.822,47.8763],[116.4997,47.8364],[116.4289,47.8351],[116.2439,47.8629],[116.1816,47.8496],[116.0843,47.8069],[115.9729,47.7091],[115.9145,47.6839],[115.8527,47.7056],[115.5757,47.9097],[115.5142,48.1316],[115.5364,48.1492],[115.8,48.2423],[115.8093,48.274],[115.7866,48.493],[115.8004,48.5304],[116.0282,48.7675],[116.048,48.7998],[116.0378,48.8701],[116.6843,49.8233],[117.0576,49.6729],[117.2529,49.6225],[117.4729,49.6143],[117.7588,49.5127],[117.8036,49.5189],[117.8369,49.509],[117.8738,49.5132],[117.8938,49.5466],[117.9307,49.5673],[118.0171,49.5958],[118.1064,49.6518],[118.1885,49.6813],[118.2294,49.7292],[118.373,49.7863],[118.3937,49.82],[118.477,49.836],[118.4908,49.8695],[118.5213,49.8941],[118.6444,49.9546],[118.7415,49.9531],[118.9238,49.9916],[118.9904,49.9793],[119.0917,49.9866],[119.2085,50.0151],[119.3162,50.0927],[119.344,50.1424],[119.3338,50.2763],[119.3385,50.294],[119.3655,50.3108],[119.3566,50.3408],[119.1753,50.3561],[119.1805,50.3698],[119.1412,50.3766],[119.1376,50.3925],[119.1549,50.4114],[119.2068,50.4151],[119.2437,50.4455],[119.2646,50.4828],[119.2509,50.5045],[119.2936,50.5992],[119.3737,50.6427],[119.3917,50.672],[119.4428,50.6851],[119.4967,50.7371],[119.5149,50.7919],[119.4975,50.8359],[119.528,50.8668],[119.518,50.9048],[119.6043,50.9782],[119.6832,51.0161],[119.7102,51.0385],[119.7104,51.0625],[119.7408,51.0715],[119.7652,51.1424],[119.7581,51.158],[119.7854,51.1717],[119.7581,51.199],[119.7622,51.215],[119.815,51.2159],[119.8059,51.244],[119.8196,51.2747],[119.8606,51.289],[119.8833,51.318],[119.9157,51.3307],[119.8953,51.384],[119.9529,51.3977],[119.9827,51.4422],[119.9772,51.487],[120.0529,51.5522],[120.0567,51.5964],[120.1005,51.6599],[120.1656,51.6686],[120.3193,51.776],[120.4083,51.8261],[120.4648,51.8402],[120.4931,51.8757],[120.5411,51.883],[120.5663,51.9053],[120.6476,51.911],[120.7109,51.9883],[120.6973,52.0487],[120.7451,52.0767],[120.7792,52.1176],[120.7713,52.141],[120.7832,52.162],[120.7513,52.203],[120.7581,52.2374],[120.6549,52.2991],[120.6262,52.3468],[120.6904,52.4391],[120.6904,52.4702],[120.724,52.5422],[120.6087,52.574],[120.454,52.639],[120.3676,52.6173],[120.2611,52.6111],[120.176,52.5837],[120.0794,52.59],[120.0338,52.6254],[120.0326,52.6589],[120.0529,52.693],[120.033,52.7607],[120.2802,52.8659],[120.2907,52.8854],[120.3267,52.899],[120.4503,53.0083],[120.6148,53.0971],[120.7141,53.185],[120.8239,53.2352],[120.826,53.2619],[120.8457,53.2734],[121.0549,53.29],[121.2035,53.2767],[121.341,53.3236],[121.4133,53.3173]]]}},{"type":"Feature","id":"Jiangsu","properties":{"id":"Jiangsu","iso_code":"CN-JS","name":"Jiangsu","name_full":"Jiangsu","name_ja":"江蘇省","center_lonlat":[119.4406,32.9795]},"geometry":{"type":"MultiPolygon","coordinates":[[[[119.2803,35.0766],[119.2127,35.058],[119.1929,35.0004],[119.2034,34.9316],[119.1887,34.8563],[119.2019,34.785],[119.1891,34.7665],[119.1922,34.7182],[119.2098,34.7186],[119.2293,34.7597],[119.3118,34.7551],[119.3467,34.7808],[119.3877,34.7535],[119.4422,34.746],[119.4742,34.7153],[119.4566,34.6846],[119.5317,34.6157],[119.641,34.5505],[119.6477,34.5338],[119.7289,34.5241],[119.8262,34.4704],[119.94,34.4579],[120.023,34.4194],[120.0787,34.3775],[120.2571,34.3118],[120.3252,34.1113],[120.3713,34.036],[120.4133,33.8974],[120.3997,33.8693],[120.4314,33.846],[120.4497,33.7864],[120.4983,33.7533],[120.5049,33.7356],[120.5117,33.6567],[120.4951,33.6622],[120.4837,33.65],[120.6344,33.4669],[120.6558,33.4132],[120.6672,33.3251],[120.6951,33.2932],[120.7503,33.2696],[120.7302,33.2421],[120.7435,33.2086],[120.7302,33.2049],[120.807,33.1378],[120.7922,33.1087],[120.8125,33.1058],[120.8189,33.0922],[120.8259,33.0302],[120.8674,33.0324],[120.8958,33.0136],[120.8887,32.9627],[120.9048,32.8126],[120.8803,32.772],[120.8524,32.756],[120.8604,32.6898],[120.8401,32.7245],[120.8303,32.6977],[120.8639,32.6711],[120.9066,32.6597],[120.9112,32.6301],[120.9439,32.6052],[121.0862,32.536],[121.1008,32.498],[121.1202,32.5074],[121.1573,32.4956],[121.3541,32.4148],[121.3894,32.3849],[121.4193,32.2503],[121.3608,32.2316],[121.3987,32.1689],[121.4251,32.164],[121.4434,32.1143],[121.4673,32.1218],[121.488,32.1081],[121.5308,32.1085],[121.6554,32.0629],[121.8219,31.9525],[121.8252,31.9277],[121.875,31.8637],[121.8747,31.8259],[121.9304,31.7267],[121.9148,31.7064],[121.872,31.6907],[121.8173,31.6909],[121.6756,31.7236],[121.2864,31.8906],[121.1151,31.7963],[121.0399,31.8193],[120.9778,31.8144],[120.9506,31.8252],[120.9406,31.8446],[120.9414,31.8925],[120.9193,31.8994],[120.8108,32.0226],[120.6344,32.077],[120.4908,32.0825],[120.3616,32.0256],[120.2671,31.9487],[120.2237,31.9368],[120.1314,31.9432],[120.0523,31.9709],[119.992,32.0159],[119.9122,32.1237],[119.9221,32.2174],[119.9005,32.1982],[119.8743,32.2651],[119.8421,32.2991],[119.7581,32.327],[119.6924,32.3198],[119.6409,32.3588],[119.6129,32.3546],[119.6607,32.3272],[119.6854,32.2924],[119.649,32.2195],[119.606,32.1969],[119.6453,32.1952],[119.6904,32.2353],[119.7302,32.2106],[119.7786,32.2047],[119.7886,32.1986],[119.7638,32.1625],[119.7644,32.1437],[119.7849,32.1143],[119.8556,32.087],[120.0064,31.9503],[120.131,31.9123],[120.23,31.9089],[120.3412,31.9563],[120.4182,31.9697],[120.4558,31.9825],[120.4554,32.0214],[120.4695,32.0251],[120.6043,31.9914],[120.69,31.9982],[120.7504,31.9783],[120.8248,31.8287],[120.8078,31.8097],[120.7515,31.8247],[120.7171,31.8611],[120.7315,31.8139],[120.8319,31.7778],[121.0138,31.743],[121.1444,31.6847],[121.2447,31.6004],[121.3409,31.491],[121.2487,31.4854],[121.1804,31.4512],[121.1356,31.3744],[121.1415,31.3242],[121.1289,31.2803],[121.0613,31.2666],[121.063,31.1537],[120.9582,31.135],[120.8652,31.1357],[120.8663,31.1074],[120.8892,31.0791],[120.9093,31.0117],[120.8883,30.9952],[120.7815,30.9968],[120.6865,30.9734],[120.68,30.9595],[120.7008,30.9345],[120.7053,30.8817],[120.5924,30.8556],[120.491,30.7637],[120.4378,30.9012],[120.377,30.8912],[120.3617,30.9388],[120.2134,30.9205],[120.1286,30.9432],[119.9431,31.0866],[119.9319,31.15],[119.9094,31.1649],[119.8037,31.1587],[119.7401,31.1765],[119.6627,31.1629],[119.6298,31.1329],[119.575,31.1331],[119.5269,31.1553],[119.4931,31.151],[119.3699,31.1884],[119.3573,31.2073],[119.3575,31.2695],[119.3446,31.2875],[119.3112,31.265],[119.2545,31.2621],[119.1629,31.2874],[119.0747,31.2388],[118.8036,31.2276],[118.7557,31.2808],[118.7374,31.3339],[118.7461,31.3548],[118.803,31.3752],[118.8272,31.3975],[118.8809,31.5224],[118.8657,31.6207],[118.8441,31.6329],[118.8043,31.625],[118.7773,31.6742],[118.736,31.6392],[118.6739,31.6498],[118.6604,31.6685],[118.6801,31.7095],[118.556,31.7398],[118.4842,31.7844],[118.4724,31.804],[118.4811,31.8587],[118.4604,31.8907],[118.4226,31.896],[118.3502,31.9524],[118.4028,32.0032],[118.3807,32.0371],[118.3979,32.0781],[118.4991,32.1377],[118.5079,32.1975],[118.599,32.2116],[118.6654,32.2497],[118.6688,32.273],[118.6504,32.289],[118.6841,32.3392],[118.6668,32.4589],[118.5973,32.4869],[118.5892,32.5312],[118.5551,32.5545],[118.5589,32.5875],[118.6739,32.5876],[118.7587,32.6127],[118.783,32.5974],[118.8141,32.6052],[118.8336,32.5886],[118.8975,32.5955],[118.9057,32.5637],[118.9407,32.5583],[118.9778,32.5142],[119.0212,32.5094],[119.0595,32.472],[119.0662,32.4454],[119.0805,32.4461],[119.1388,32.5001],[119.1629,32.5691],[119.1994,32.5937],[119.1882,32.723],[119.1544,32.7713],[119.1534,32.8245],[119.1019,32.8363],[119.0089,32.9095],[118.993,32.962],[118.9065,32.957],[118.8574,32.9723],[118.8097,32.9207],[118.7977,32.8651],[118.7498,32.8437],[118.7374,32.7812],[118.7454,32.7572],[118.7202,32.7321],[118.6108,32.7456],[118.5764,32.7267],[118.4308,32.7403],[118.3814,32.7298],[118.3628,32.7499],[118.2997,32.7774],[118.2877,32.838],[118.2506,32.8701],[118.2375,32.9112],[118.245,32.9329],[118.2991,32.968],[118.2484,33.0134],[118.2173,33.1051],[118.2207,33.1644],[118.209,33.194],[118.1665,33.2123],[118.1549,33.1791],[118.0807,33.1496],[117.9964,33.1678],[117.9789,33.2044],[117.9319,33.2351],[117.941,33.2617],[117.9831,33.2995],[117.9925,33.3489],[118.0529,33.4769],[118.0633,33.489],[118.0973,33.476],[118.1155,33.4844],[118.1215,33.6113],[118.1767,33.6926],[118.1695,33.7256],[118.1442,33.7556],[118.1048,33.7676],[117.9655,33.7516],[117.8711,33.7266],[117.7269,33.7279],[117.7468,33.7636],[117.7487,33.8757],[117.6909,33.8835],[117.6345,34.0014],[117.6192,34.0073],[117.6084,33.9899],[117.5826,33.9866],[117.5182,34.0472],[117.4069,34.025],[117.3317,34.0774],[117.2293,34.0741],[117.1594,34.0912],[117.0184,34.1707],[117.0195,34.2376],[116.9695,34.2754],[116.9796,34.351],[116.9495,34.3893],[116.9214,34.4007],[116.8145,34.3921],[116.7695,34.4518],[116.598,34.4948],[116.4281,34.6397],[116.3772,34.6395],[116.3825,34.7084],[116.4157,34.758],[116.4202,34.8343],[116.47,34.8983],[116.6319,34.9379],[116.7773,34.9343],[116.8185,34.9621],[116.9677,34.8515],[116.9832,34.789],[117.0606,34.7095],[117.1404,34.5643],[117.1498,34.4872],[117.1818,34.4501],[117.2289,34.4552],[117.2443,34.5343],[117.278,34.5663],[117.337,34.5886],[117.469,34.4753],[117.5466,34.4624],[117.5859,34.4687],[117.6712,34.5328],[117.7685,34.5232],[117.7901,34.6512],[117.8059,34.6637],[117.9281,34.6778],[118.077,34.6408],[118.0942,34.571],[118.1529,34.5415],[118.1324,34.4843],[118.1676,34.4477],[118.1654,34.3992],[118.3428,34.4186],[118.391,34.4437],[118.4099,34.4717],[118.4255,34.5918],[118.4534,34.6342],[118.464,34.6809],[118.581,34.7091],[118.6807,34.6839],[118.7135,34.697],[118.746,34.7301],[118.7728,34.7916],[118.7767,34.8336],[118.8423,34.9346],[118.8668,35.0363],[118.954,35.0508],[119.0763,35.0498],[119.1936,35.11],[119.253,35.1091],[119.2732,35.0993],[119.2803,35.0766]]],[[[119.8807,32.1252],[119.9019,32.0734],[119.8587,32.1015],[119.792,32.1218],[119.791,32.1655],[119.8193,32.2038],[119.7498,32.228],[119.7195,32.2496],[119.7162,32.2726],[119.7508,32.2931],[119.8143,32.2756],[119.8807,32.1252]]]]}},{"type":"Feature","id":"Jiangxi","properties":{"id":"Jiangxi","iso_code":"CN-JX","name":"Jiangxi","name_full":"Jiangxi","name_ja":"江西省","center_lonlat":[115.7149,27.6165]},"geometry":{"type":"Polygon","coordinates":[[[113.9275,25.4481],[113.942,25.511],[113.9824,25.5817],[113.9618,25.6247],[113.9179,25.6602],[113.9028,25.7402],[114.0146,25.9168],[114.0186,26.0372],[114.0538,26.0808],[114.087,26.0896],[114.1173,26.1218],[114.1752,26.1394],[114.2152,26.1806],[114.2048,26.2033],[114.1492,26.2221],[114.0472,26.1717],[114.001,26.1885],[113.9595,26.1624],[113.9254,26.1704],[113.9395,26.2094],[113.9986,26.2831],[114.0206,26.3992],[114.0734,26.4627],[114.0878,26.5685],[114.0851,26.5775],[114.0164,26.5852],[113.9679,26.6191],[113.8966,26.6311],[113.8647,26.6559],[113.8316,26.8275],[113.8661,26.8677],[113.8932,26.961],[113.8632,26.9777],[113.7944,27.0855],[113.7623,27.0773],[113.7525,27.097],[113.7558,27.1473],[113.8473,27.2736],[113.851,27.3459],[113.7827,27.3708],[113.6755,27.3288],[113.6086,27.3567],[113.5585,27.5754],[113.611,27.6995],[113.7081,27.8346],[113.706,27.9377],[113.7188,27.9637],[113.7426,27.9843],[113.9165,28.0212],[113.9891,28.0719],[114.0106,28.0945],[114.0239,28.1791],[114.0721,28.209],[114.0919,28.2577],[114.1845,28.2931],[114.2338,28.3762],[114.2216,28.4153],[114.1716,28.4397],[114.177,28.5073],[114.122,28.5158],[114.0569,28.5643],[114.1128,28.6155],[114.1427,28.7885],[114.1305,28.8261],[114.0387,28.8723],[114.0121,28.9129],[113.9052,28.956],[113.9024,29.0663],[113.9967,29.1643],[114.0635,29.2032],[114.1494,29.2128],[114.2438,29.2421],[114.2461,29.3178],[114.2894,29.3584],[114.3426,29.3282],[114.42,29.3344],[114.4632,29.3172],[114.7087,29.3895],[114.7243,29.386],[114.7367,29.3624],[114.7582,29.361],[114.8182,29.3939],[114.8378,29.4508],[114.8781,29.4926],[114.8812,29.5227],[114.9322,29.5001],[114.9655,29.5578],[115.0753,29.5542],[115.1139,29.5069],[115.1402,29.5875],[115.1123,29.6325],[115.0812,29.6557],[115.1785,29.65],[115.2721,29.6147],[115.3427,29.6403],[115.4169,29.7117],[115.4389,29.792],[115.4862,29.8643],[115.5352,29.8547],[115.7052,29.8608],[115.7438,29.8089],[115.8559,29.7386],[115.8889,29.7318],[115.999,29.7441],[116.1105,29.7865],[116.1473,29.7888],[116.2655,29.7889],[116.3895,29.8761],[116.5133,29.8942],[116.5939,30.0107],[116.6505,30.0507],[116.7017,30.0565],[116.7914,30.022],[116.8735,29.947],[116.8868,29.9204],[116.8637,29.8507],[116.7941,29.752],[116.7498,29.7563],[116.7226,29.7152],[116.6892,29.7243],[116.675,29.708],[116.6485,29.6274],[116.7343,29.5463],[116.7535,29.5474],[116.7755,29.5712],[116.8243,29.5455],[116.8762,29.5498],[116.9629,29.6615],[117.0858,29.7155],[117.1067,29.7864],[117.0637,29.8369],[117.1252,29.9106],[117.1924,29.9265],[117.2295,29.9012],[117.2232,29.8585],[117.2459,29.8358],[117.2808,29.8302],[117.3197,29.8444],[117.3506,29.8239],[117.4043,29.8344],[117.4069,29.7648],[117.5337,29.6172],[117.6372,29.6126],[117.7077,29.5556],[117.8072,29.5702],[117.8986,29.549],[118.0023,29.57],[118.1046,29.53],[118.1173,29.5068],[118.1196,29.4468],[118.1747,29.4079],[118.1836,29.3691],[118.1726,29.342],[118.1324,29.2979],[118.052,29.2753],[118.05,29.2164],[117.9992,29.1344],[118.0639,29.0506],[118.1288,29.0245],[118.2271,28.9581],[118.2245,28.9322],[118.2719,28.9088],[118.3029,28.8358],[118.3717,28.7986],[118.3937,28.7261],[118.4277,28.6885],[118.4159,28.604],[118.4314,28.5549],[118.4573,28.5227],[118.439,28.4969],[118.4646,28.4714],[118.4763,28.3322],[118.4464,28.2887],[118.3489,28.2198],[118.3807,28.1785],[118.3638,28.0936],[118.1827,28.0417],[118.1406,28.0444],[118.0685,27.9808],[117.9465,27.9732],[117.8174,27.9351],[117.7901,27.9026],[117.7851,27.8479],[117.7532,27.8161],[117.6136,27.8595],[117.5575,27.9315],[117.5444,27.9667],[117.5218,27.9744],[117.4245,27.9234],[117.3497,27.866],[117.2842,27.857],[117.2871,27.7726],[117.2251,27.7234],[117.1058,27.5541],[117.1042,27.4917],[117.1247,27.4299],[117.0989,27.3828],[117.1011,27.3467],[117.1303,27.3436],[117.1562,27.2822],[117.0766,27.1885],[117.0401,27.1095],[116.9234,27.021],[116.8846,27.0266],[116.8353,27.0107],[116.7675,27.0081],[116.702,26.9794],[116.6697,26.9869],[116.6139,26.9475],[116.5453,26.8679],[116.5318,26.7616],[116.505,26.6893],[116.5329,26.6392],[116.5423,26.5628],[116.5743,26.5155],[116.6193,26.5001],[116.598,26.4027],[116.567,26.3775],[116.5273,26.4107],[116.5053,26.4095],[116.399,26.2875],[116.4168,26.1303],[116.3973,26.0615],[116.3293,25.9615],[116.2735,25.9282],[116.1845,25.9101],[116.1352,25.8663],[116.1344,25.8166],[116.1597,25.7755],[116.1151,25.7582],[116.0912,25.7141],[116.0578,25.6927],[116.0276,25.6364],[116.0445,25.5746],[116.0002,25.4972],[115.9746,25.332],[115.901,25.2306],[115.8428,25.1947],[115.8885,24.9999],[115.8811,24.9759],[115.8545,24.9595],[115.8875,24.9168],[115.9034,24.8716],[115.8113,24.8726],[115.7781,24.8541],[115.755,24.8196],[115.7496,24.7423],[115.782,24.691],[115.7826,24.623],[115.7997,24.5682],[115.7904,24.5613],[115.6915,24.548],[115.6515,24.5846],[115.5992,24.6091],[115.5496,24.679],[115.4964,24.7099],[115.4473,24.7731],[115.4206,24.7846],[115.3483,24.7669],[115.3328,24.7467],[115.2996,24.7624],[115.2639,24.7591],[115.1522,24.6855],[115.1021,24.6855],[115.047,24.7067],[115.024,24.6882],[114.9334,24.6652],[114.8702,24.588],[114.8444,24.5954],[114.8257,24.6208],[114.7572,24.6321],[114.7332,24.6184],[114.7072,24.5519],[114.6762,24.5546],[114.6419,24.5853],[114.5695,24.5513],[114.4921,24.5538],[114.4398,24.5047],[114.4058,24.5015],[114.3625,24.5652],[114.2894,24.5956],[114.2481,24.6447],[114.1822,24.6592],[114.1696,24.6747],[114.2694,24.7328],[114.3147,24.7747],[114.3431,24.8357],[114.3836,24.8847],[114.391,24.9429],[114.4135,24.9797],[114.4746,25.0044],[114.5575,25.0597],[114.6336,25.0758],[114.671,25.1037],[114.7293,25.1189],[114.7307,25.1294],[114.6831,25.1635],[114.7168,25.2456],[114.7127,25.2795],[114.6908,25.3028],[114.5899,25.3479],[114.5693,25.4069],[114.5459,25.4159],[114.522,25.4114],[114.4914,25.3834],[114.4339,25.3885],[114.3844,25.3353],[114.2911,25.2931],[114.127,25.3105],[114.0194,25.2685],[114.004,25.2868],[114.0256,25.3336],[114.0164,25.4325],[113.9848,25.4223],[113.9275,25.4481]]]}},{"type":"Feature","id":"Jilin","properties":{"id":"Jilin","iso_code":"CN-JL","name":"Jilin","name_full":"Jilin","name_ja":"吉林省","center_lonlat":[126.1738,43.6777]},"geometry":{"type":"Polygon","coordinates":[[[131.2528,43.4692],[131.2743,43.4512],[131.2809,43.3802],[131.2479,43.3442],[131.2377,43.2658],[131.1691,43.2017],[131.1672,43.1816],[131.1899,43.1392],[131.184,43.1208],[131.0783,43.0318],[131.0743,42.9934],[131.103,42.9104],[131.074,42.8966],[131.0239,42.8963],[130.9924,42.8487],[130.8562,42.8498],[130.7695,42.8658],[130.7349,42.8245],[130.6491,42.8289],[130.5865,42.8173],[130.4072,42.7354],[130.3797,42.6967],[130.4038,42.6776],[130.5039,42.6778],[130.5719,42.6218],[130.5845,42.5689],[130.5308,42.5305],[130.5165,42.5994],[130.5014,42.6108],[130.4551,42.5852],[130.471,42.5698],[130.4525,42.5493],[130.4312,42.5615],[130.4277,42.5994],[130.393,42.6062],[130.3248,42.6503],[130.2627,42.7086],[130.243,42.7434],[130.2565,42.8669],[130.239,42.9022],[130.1404,42.9071],[130.0988,42.9215],[130.1305,42.9595],[130.1215,42.9818],[130.0473,42.9619],[129.9957,42.9619],[129.9341,43.0084],[129.9092,43.0084],[129.8798,42.996],[129.907,42.9761],[129.8517,42.9619],[129.8467,42.9282],[129.7613,42.746],[129.7576,42.7036],[129.7876,42.6769],[129.7723,42.6617],[129.7767,42.6472],[129.7416,42.629],[129.7631,42.6062],[129.7365,42.5852],[129.7289,42.4759],[129.7033,42.4424],[129.5917,42.448],[129.5877,42.4114],[129.5632,42.4041],[129.5542,42.3769],[129.5352,42.3696],[129.4341,42.4411],[129.3862,42.4281],[129.3401,42.4455],[129.3521,42.4206],[129.3379,42.4144],[129.3265,42.4268],[129.3038,42.3896],[129.2361,42.3744],[129.228,42.3592],[129.2423,42.3387],[129.2363,42.3239],[129.1939,42.3182],[129.228,42.2977],[129.1808,42.2431],[129.2093,42.2347],[129.2112,42.22],[129.1198,42.1494],[129.0885,42.1432],[129.0647,42.1538],[129.0635,42.1361],[129.0266,42.1019],[128.9638,42.0885],[128.9401,42.0354],[128.9035,42.0263],[128.721,42.0476],[128.7093,42.0302],[128.6079,42.0302],[128.5644,42.0008],[128.5437,42.0081],[128.5024,41.9961],[128.4076,42.0083],[128.3638,42.0265],[128.262,42.0329],[128.0346,41.9937],[128.0204,41.9651],[128.0478,41.864],[128.0576,41.8499],[128.091,41.8417],[128.1591,41.7118],[128.2509,41.6601],[128.303,41.5834],[128.2876,41.5447],[128.1857,41.4045],[128.1461,41.3763],[128.1039,41.3791],[128.1182,41.3934],[128.1039,41.3996],[128.0642,41.3884],[128.0469,41.3988],[128.0506,41.4207],[128.0152,41.4133],[128.0124,41.4601],[128.0014,41.4709],[127.9742,41.4503],[127.9442,41.4709],[127.8815,41.4609],[127.8489,41.4313],[127.8104,41.4436],[127.6627,41.447],[127.6383,41.4299],[127.5588,41.4582],[127.5429,41.4913],[127.5258,41.4843],[127.4741,41.4988],[127.4273,41.4831],[127.379,41.4988],[127.3051,41.4947],[127.2691,41.505],[127.2898,41.5186],[127.2815,41.5311],[127.2445,41.528],[127.2071,41.5459],[127.1797,41.517],[127.1559,41.5305],[127.1346,41.522],[127.1047,41.5374],[127.1365,41.5692],[127.1797,41.5852],[127.0972,41.6124],[127.1047,41.6262],[127.059,41.6433],[127.049,41.6777],[127.0766,41.6808],[127.0427,41.7326],[126.9812,41.7633],[126.9461,41.7662],[126.9298,41.801],[126.8871,41.7849],[126.8648,41.7473],[126.8089,41.7298],[126.7886,41.6959],[126.7273,41.7369],[126.6795,41.736],[126.728,41.7013],[126.6693,41.6671],[126.6179,41.6659],[126.567,41.6142],[126.5773,41.5618],[126.5013,41.4344],[126.5221,41.3519],[126.4877,41.3444],[126.5013,41.3661],[126.4725,41.3665],[126.4409,41.3484],[126.3095,41.2078],[126.2748,41.1526],[126.1238,41.0755],[126.1382,41.057],[126.1013,41.0221],[126.1041,41.0092],[126.0756,40.9971],[126.0455,40.9447],[125.992,40.9284],[125.9806,40.9136],[126.01,40.9139],[126.0078,40.8993],[125.9362,40.8774],[125.8852,40.8975],[125.822,40.8698],[125.7609,40.8857],[125.7459,40.8682],[125.7041,40.8592],[125.688,40.8927],[125.6002,40.8978],[125.5764,40.9126],[125.6917,41.0041],[125.7225,41.0738],[125.7253,41.1143],[125.7689,41.1442],[125.7448,41.1753],[125.7464,41.2368],[125.6508,41.2863],[125.6347,41.3415],[125.5634,41.4108],[125.4639,41.5878],[125.4495,41.6799],[125.3732,41.6657],[125.3063,41.6804],[125.3282,41.7474],[125.2863,41.8259],[125.3038,41.9153],[125.2919,41.9532],[125.3608,41.9903],[125.3734,42.0242],[125.4167,42.0552],[125.4805,42.1514],[125.3913,42.1786],[125.3186,42.1694],[125.284,42.2345],[125.2852,42.2988],[125.1758,42.3383],[125.1766,42.3611],[125.2025,42.3773],[125.2087,42.4058],[125.102,42.4939],[125.0927,42.5821],[125.0405,42.6136],[125.0084,42.6561],[124.9499,42.6618],[124.9825,42.7247],[124.9679,42.7809],[124.9421,42.8037],[124.8799,42.8124],[124.8618,42.8547],[124.8856,43.1023],[124.8718,43.1178],[124.7657,43.1056],[124.6912,43.0506],[124.6732,42.999],[124.6312,42.9571],[124.4805,42.8513],[124.4471,42.8786],[124.3857,42.8848],[124.3835,42.9129],[124.4369,42.9492],[124.3874,42.9717],[124.3701,43.0023],[124.4182,43.0893],[124.3035,43.1488],[124.2924,43.206],[124.2753,43.2307],[124.2122,43.2567],[124.1583,43.2583],[124.0947,43.3011],[124.016,43.3052],[123.782,43.4662],[123.7487,43.4723],[123.7066,43.4207],[123.687,43.3683],[123.6963,43.3535],[123.6059,43.3651],[123.5706,43.3957],[123.4999,43.4064],[123.4545,43.4374],[123.3781,43.4532],[123.3505,43.4793],[123.3448,43.5093],[123.3553,43.5339],[123.4199,43.5729],[123.4186,43.6183],[123.4942,43.5895],[123.5167,43.612],[123.5265,43.6862],[123.4713,43.7617],[123.4177,43.8897],[123.3431,43.9929],[123.3223,44.0419],[123.3238,44.0614],[123.3611,44.0969],[123.3591,44.1513],[123.3401,44.1716],[123.2532,44.2079],[123.1885,44.3152],[123.175,44.3593],[123.1212,44.3962],[123.1238,44.4944],[123.0988,44.5315],[123.0445,44.5133],[122.9553,44.4468],[122.8212,44.3941],[122.7263,44.3382],[122.6379,44.324],[122.5948,44.2911],[122.3225,44.2106],[122.2779,44.2188],[122.2541,44.2459],[122.2819,44.4287],[122.0882,44.6197],[122.046,44.6949],[122.046,44.7791],[122.0212,44.8567],[122.0381,44.9344],[122.0058,45.0899],[122.0108,45.1183],[122.037,45.1455],[122.1482,45.1777],[122.2181,45.2239],[122.237,45.2707],[122.2097,45.3205],[122.2089,45.3568],[122.1284,45.4564],[122.0209,45.4871],[121.9747,45.536],[121.9645,45.5739],[121.985,45.6367],[121.9394,45.6868],[121.8802,45.701],[121.7591,45.6749],[121.6664,45.7158],[121.65,45.735],[121.742,45.7987],[121.8106,45.8978],[121.8115,45.9473],[121.7709,45.9967],[121.7737,46.0103],[121.7954,46.0151],[121.8864,46.0089],[122.0108,45.9749],[122.0595,45.9274],[122.2039,45.8488],[122.2398,45.8135],[122.2938,45.8344],[122.3686,45.9001],[122.3908,45.9448],[122.4144,45.9473],[122.4662,45.902],[122.5085,45.8127],[122.647,45.7251],[122.7028,45.7123],[122.772,45.7814],[122.7685,45.8611],[122.8006,45.9131],[122.791,45.9705],[122.8012,46.0942],[123.086,46.1134],[123.1617,46.2201],[123.1915,46.2489],[123.2339,46.2659],[123.3561,46.2352],[123.7617,46.2599],[123.866,46.2911],[123.9074,46.2667],[123.9328,46.2898],[123.9543,46.2924],[123.9658,46.2239],[123.9586,46.1927],[123.9732,46.1625],[123.9863,46.1594],[124.0113,46.0561],[124.0389,46.0345],[124.0341,46.0185],[124.0016,46.0166],[123.9931,46.0055],[124.0065,45.9964],[123.9794,45.9781],[123.9752,45.9398],[124.062,45.8717],[124.0415,45.8304],[124.0598,45.8091],[124.0135,45.7687],[124.075,45.7448],[124.0551,45.7317],[124.1031,45.7097],[124.1262,45.669],[124.165,45.6628],[124.141,45.6322],[124.1492,45.6222],[124.2236,45.6355],[124.2265,45.6113],[124.2619,45.5901],[124.2748,45.5503],[124.3523,45.5419],[124.3631,45.5256],[124.3493,45.5046],[124.3618,45.4729],[124.3956,45.4515],[124.4558,45.4636],[124.4774,45.4561],[124.5029,45.4232],[124.5495,45.4145],[124.5725,45.4192],[124.5895,45.4574],[124.6314,45.4465],[124.7227,45.4506],[124.7677,45.471],[124.7807,45.4506],[124.8614,45.4444],[124.8806,45.4561],[124.877,45.4806],[124.8979,45.5273],[124.9156,45.5328],[124.9512,45.4949],[125.0417,45.4929],[125.0438,45.4515],[125.08,45.4167],[125.0829,45.3861],[125.2329,45.4138],[125.2857,45.4004],[125.3074,45.417],[125.3748,45.3985],[125.3977,45.409],[125.4325,45.4772],[125.4514,45.4849],[125.5212,45.471],[125.6189,45.5082],[125.6993,45.512],[125.7137,45.4144],[125.7078,45.3494],[125.7355,45.3114],[125.811,45.2523],[125.9104,45.2066],[126.1505,45.1412],[126.2429,45.1561],[126.2934,45.1864],[126.3365,45.187],[126.4074,45.2255],[126.5669,45.2462],[126.6217,45.2324],[126.67,45.1969],[126.7534,45.1735],[126.7953,45.1457],[126.8886,45.1476],[126.9527,45.1342],[126.9892,45.0554],[127.0351,45.0074],[127.0766,44.934],[127.0666,44.8956],[127.0047,44.8693],[126.9783,44.8261],[126.9901,44.7887],[127.0323,44.7306],[127.045,44.5982],[127.0579,44.5862],[127.089,44.5897],[127.1392,44.6504],[127.1724,44.6583],[127.2044,44.6498],[127.2274,44.6199],[127.255,44.611],[127.3752,44.6488],[127.5556,44.5772],[127.5828,44.5384],[127.513,44.5183],[127.5172,44.4618],[127.4928,44.4109],[127.6161,44.2774],[127.6098,44.2201],[127.6735,44.1739],[127.7105,44.1656],[127.7444,44.0856],[127.7787,44.0692],[127.8496,44.0559],[128.0398,44.1133],[128.0566,44.1498],[128.0487,44.2438],[128.0591,44.2891],[128.0462,44.3579],[128.1362,44.3417],[128.1553,44.353],[128.2069,44.4405],[128.3208,44.4913],[128.37,44.4981],[128.4188,44.4501],[128.4388,44.4008],[128.4506,44.3442],[128.4367,44.2193],[128.4459,44.1539],[128.5222,44.0898],[128.5449,44.0288],[128.6315,43.9122],[128.694,43.869],[128.7474,43.8022],[128.7645,43.7091],[128.8182,43.6587],[128.8829,43.5562],[128.951,43.5554],[129.0022,43.5368],[129.2233,43.6056],[129.2371,43.6209],[129.2166,43.6704],[129.2163,43.7443],[129.2492,43.7862],[129.3622,43.8108],[129.4786,43.8605],[129.772,43.8791],[129.7928,43.9005],[129.8055,43.9694],[129.9129,44.0216],[130.0001,43.9836],[130.0332,43.8556],[130.1036,43.8454],[130.168,43.91],[130.2727,43.9545],[130.3288,44.0483],[130.3466,44.0186],[130.3328,43.9278],[130.362,43.8666],[130.3736,43.7924],[130.415,43.7452],[130.4004,43.675],[130.6194,43.616],[130.7978,43.5115],[130.85,43.4383],[130.9077,43.4463],[131.003,43.509],[131.0413,43.5003],[131.1237,43.4327],[131.2528,43.4692]]]}},{"type":"Feature","id":"Liaoning","properties":{"id":"Liaoning","iso_code":"CN-LN","name":"Liaoning","name_full":"Liaoning","name_ja":"遼寧省","center_lonlat":[122.6134,41.3037]},"geometry":{"type":"MultiPolygon","coordinates":[[[[125.7041,40.8592],[125.6448,40.8106],[125.6826,40.7689],[125.6099,40.7613],[125.5717,40.7849],[125.5601,40.7783],[125.5465,40.7259],[125.4691,40.7129],[125.453,40.6734],[125.4189,40.6666],[125.4133,40.6318],[125.2933,40.6486],[125.2561,40.615],[125.0251,40.5344],[125.0153,40.5083],[125.0463,40.4711],[125.0413,40.4611],[124.9353,40.4556],[124.8955,40.4836],[124.8008,40.3941],[124.7412,40.3704],[124.7125,40.3103],[124.6426,40.2943],[124.5709,40.2524],[124.5487,40.2209],[124.3582,40.0891],[124.3613,40.0112],[124.2942,39.9338],[124.1182,39.8332],[124.0881,39.8519],[124.0554,39.8299],[123.9857,39.8102],[123.9421,39.8406],[123.8875,39.8229],[123.8076,39.8376],[123.773,39.8183],[123.7201,39.8306],[123.6431,39.8786],[123.6567,39.9195],[123.631,39.904],[123.5914,39.7843],[123.5632,39.7688],[123.5418,39.7917],[123.5132,39.7978],[123.4277,39.7266],[123.4085,39.746],[123.4171,39.8245],[123.3982,39.8183],[123.4036,39.8102],[123.3867,39.7896],[123.3141,39.7761],[123.2732,39.8102],[123.2572,39.8011],[123.252,39.8171],[123.2358,39.8024],[123.2654,39.7541],[123.21,39.755],[123.2042,39.7451],[123.2691,39.7076],[123.2232,39.6798],[123.1284,39.6649],[123.108,39.6901],[123.0581,39.6748],[123.0091,39.6805],[122.9776,39.6662],[122.9963,39.6496],[122.9641,39.6116],[122.9449,39.6197],[122.8716,39.6058],[122.8486,39.6179],[122.7798,39.5605],[122.6882,39.5186],[122.6484,39.5324],[122.5879,39.467],[122.5621,39.4868],[122.5554,39.456],[122.4698,39.4167],[122.3963,39.411],[122.29,39.351],[122.2674,39.318],[122.2515,39.3237],[122.2402,39.2856],[122.115,39.2008],[122.1045,39.1591],[122.1627,39.1461],[122.1275,39.142],[122.0479,39.0992],[122.0423,39.0597],[121.988,39.0629],[121.943,39.0363],[121.9043,39.0494],[121.8884,39.0425],[121.9129,39.0307],[121.9232,39.009],[121.8269,39.0363],[121.838,39.0151],[121.8953,38.981],[121.8713,38.9506],[121.8479,38.9475],[121.8115,38.9728],[121.7725,39.022],[121.7247,39.0302],[121.7201,39.0195],[121.7388,39.0015],[121.6802,39.009],[121.6358,38.9953],[121.656,38.9906],[121.6526,38.9634],[121.5874,38.9401],[121.6936,38.9096],[121.7048,38.8731],[121.6963,38.8629],[121.6761,38.8712],[121.6548,38.8579],[121.5527,38.8581],[121.485,38.8099],[121.3447,38.8146],[121.2876,38.7881],[121.2367,38.7985],[121.2175,38.7756],[121.2447,38.7756],[121.1795,38.7209],[121.1531,38.7276],[121.1145,38.7681],[121.1393,38.7895],[121.1113,38.8403],[121.1145,38.8581],[121.1524,38.8863],[121.1485,38.8991],[121.0862,38.9057],[121.1179,38.9434],[121.1795,38.9543],[121.2195,38.9405],[121.2918,38.9674],[121.3343,38.9686],[121.3342,39.0266],[121.3748,39.0442],[121.4033,39.0383],[121.4281,39.0147],[121.4673,39.0151],[121.6741,39.088],[121.6898,39.1181],[121.681,39.1364],[121.6419,39.1762],[121.5926,39.1922],[121.6079,39.2008],[121.6017,39.2213],[121.6331,39.2362],[121.5899,39.2641],[121.612,39.275],[121.647,39.2649],[121.6802,39.2752],[121.7361,39.3118],[121.7313,39.3305],[121.7798,39.3715],[121.8375,39.3647],[121.943,39.3994],[121.9312,39.4172],[121.8489,39.3874],[121.7078,39.3957],[121.7178,39.3715],[121.5259,39.3647],[121.492,39.389],[121.4614,39.4737],[121.436,39.5086],[121.354,39.5222],[121.3062,39.5018],[121.2368,39.5147],[121.2234,39.5286],[121.3062,39.598],[121.4498,39.6151],[121.4707,39.6321],[121.4639,39.6458],[121.4982,39.6529],[121.5259,39.6179],[121.5333,39.6223],[121.5396,39.639],[121.5259,39.6527],[121.5501,39.6787],[121.5374,39.6925],[121.5068,39.6943],[121.4598,39.7443],[121.4873,39.778],[121.4707,39.8102],[121.5099,39.824],[121.5359,39.8618],[121.6161,39.8717],[121.636,39.8967],[121.6849,39.9225],[121.7744,39.9208],[121.8097,39.965],[121.8738,39.9914],[121.8748,40.0163],[121.8269,40.0225],[121.8805,40.0415],[121.9295,40.0773],[121.9331,40.1014],[121.9957,40.1239],[122.0064,40.1563],[121.9915,40.187],[122.0386,40.1964],[122.0916,40.2272],[122.1075,40.2622],[122.1061,40.3101],[122.211,40.3806],[122.2036,40.4272],[122.2501,40.4306],[122.2515,40.4539],[122.2881,40.4728],[122.3019,40.5023],[122.2756,40.5436],[122.2249,40.5785],[122.1504,40.6039],[122.1376,40.624],[122.168,40.6535],[122.1707,40.6865],[122.1594,40.7016],[122.1218,40.6801],[122.0491,40.7461],[121.8511,40.8323],[121.8259,40.9482],[121.8748,40.9896],[121.8679,40.9958],[121.826,40.974],[121.7777,40.935],[121.7801,40.9079],[121.7396,40.8491],[121.575,40.8415],[121.5104,40.8794],[121.4502,40.8859],[121.4298,40.9138],[121.3613,40.9396],[121.2993,40.8996],[121.2739,40.903],[121.2584,40.9206],[121.2447,40.9064],[121.2249,40.9271],[121.1758,40.9223],[121.0799,40.863],[121.0803,40.8284],[121.0657,40.8184],[121.0684,40.8034],[121.0499,40.7974],[121.0296,40.8265],[120.9819,40.8268],[120.9632,40.8066],[120.9685,40.7836],[120.9363,40.7556],[120.9395,40.7405],[120.9944,40.7363],[121.0207,40.7193],[120.9626,40.7093],[120.9402,40.6912],[120.8253,40.674],[120.7984,40.5997],[120.6788,40.5219],[120.6591,40.4838],[120.6041,40.4652],[120.5974,40.4224],[120.5457,40.4024],[120.5475,40.3762],[120.5884,40.3843],[120.5912,40.3673],[120.5018,40.3269],[120.5049,40.2491],[120.472,40.2143],[120.436,40.1945],[120.309,40.1797],[120.2613,40.1467],[119.9503,40.0565],[119.9153,40.0362],[119.912,39.9981],[119.8502,39.9863],[119.8235,40.0311],[119.7654,40.063],[119.7418,40.0905],[119.7426,40.2052],[119.7066,40.2149],[119.6347,40.2091],[119.637,40.2753],[119.5801,40.3734],[119.5999,40.4769],[119.5637,40.5401],[119.2936,40.5307],[119.2395,40.5596],[119.1898,40.6201],[119.191,40.7004],[119.1646,40.7008],[119.1187,40.6649],[119.0615,40.6514],[118.8493,40.8298],[118.8511,40.8572],[118.9022,40.9566],[118.9253,40.9638],[118.9789,40.9538],[119.0103,40.9763],[119.0063,41.0008],[118.9289,41.0297],[118.9371,41.0605],[119.0301,41.0847],[119.1635,41.1764],[119.2155,41.2328],[119.231,41.2734],[119.3616,41.375],[119.3823,41.4095],[119.3907,41.46],[119.3556,41.6083],[119.3147,41.6593],[119.2986,41.7773],[119.3062,41.8381],[119.3308,41.8675],[119.3217,41.9654],[119.3681,42.0249],[119.3742,42.0804],[119.3659,42.1005],[119.3161,42.1218],[119.2487,42.1822],[119.2467,42.1978],[119.2692,42.2323],[119.344,42.2944],[119.4664,42.3262],[119.5117,42.3945],[119.5816,42.3557],[119.5885,42.3155],[119.6209,42.2856],[119.6364,42.2401],[119.837,42.1991],[119.845,42.1745],[119.8011,42.1448],[119.8009,42.1288],[119.8809,42.0643],[119.8911,42.0001],[119.9727,41.9603],[119.9824,41.9072],[120.0303,41.8606],[120.0326,41.7116],[120.0956,41.7021],[120.1177,41.7167],[120.1408,41.7893],[120.2609,41.8801],[120.3313,41.9602],[120.4584,42.0251],[120.4916,42.0839],[120.4859,42.1244],[120.4957,42.1441],[120.6279,42.1604],[120.7351,42.2279],[120.9126,42.2966],[120.9319,42.2964],[120.9697,42.2612],[121.0141,42.2506],[121.3828,42.507],[121.5518,42.5355],[121.58,42.5213],[121.629,42.4574],[121.7237,42.4577],[121.7605,42.4869],[121.8778,42.5396],[121.9339,42.6734],[122.045,42.7209],[122.1833,42.6869],[122.2831,42.6375],[122.3996,42.6583],[122.4255,42.675],[122.4342,42.6967],[122.3635,42.8094],[122.3683,42.8405],[122.392,42.8536],[122.4764,42.8496],[122.5272,42.8342],[122.7633,42.7323],[122.8928,42.7449],[122.9655,42.7862],[123.0675,42.7905],[123.1398,42.8345],[123.1819,42.9441],[123.2612,42.9988],[123.2998,43.0165],[123.3544,43.0123],[123.6204,43.0869],[123.6601,43.1784],[123.6536,43.2099],[123.6988,43.3227],[123.6963,43.3535],[123.687,43.3683],[123.7066,43.4207],[123.7487,43.4723],[123.782,43.4662],[124.016,43.3052],[124.0947,43.3011],[124.1583,43.2583],[124.2122,43.2567],[124.2753,43.2307],[124.2924,43.206],[124.3035,43.1488],[124.4182,43.0893],[124.3701,43.0023],[124.3874,42.9717],[124.4369,42.9492],[124.3835,42.9129],[124.3857,42.8848],[124.4471,42.8786],[124.4805,42.8513],[124.6312,42.9571],[124.6732,42.999],[124.6912,43.0506],[124.7657,43.1056],[124.8718,43.1178],[124.8856,43.1023],[124.8618,42.8547],[124.8799,42.8124],[124.9421,42.8037],[124.9679,42.7809],[124.9825,42.7247],[124.9499,42.6618],[125.0084,42.6561],[125.0405,42.6136],[125.0927,42.5821],[125.102,42.4939],[125.2087,42.4058],[125.2025,42.3773],[125.1766,42.3611],[125.1758,42.3383],[125.2852,42.2988],[125.284,42.2345],[125.3186,42.1694],[125.3913,42.1786],[125.4805,42.1514],[125.4167,42.0552],[125.3734,42.0242],[125.3608,41.9903],[125.2919,41.9532],[125.3038,41.9153],[125.2863,41.8259],[125.3282,41.7474],[125.3063,41.6804],[125.3732,41.6657],[125.4495,41.6799],[125.4639,41.5878],[125.5634,41.4108],[125.6347,41.3415],[125.6508,41.2863],[125.7464,41.2368],[125.7448,41.1753],[125.7689,41.1442],[125.7253,41.1143],[125.7225,41.0738],[125.6917,41.0041],[125.5764,40.9126],[125.6002,40.8978],[125.688,40.8927],[125.7041,40.8592]]],[[[121.4225,39.4745],[121.4505,39.4503],[121.4163,39.4403],[121.4356,39.4162],[121.4217,39.3737],[121.3369,39.3774],[121.3796,39.4249],[121.3643,39.4455],[121.3406,39.4403],[121.2962,39.3914],[121.2595,39.3915],[121.2659,39.4336],[121.311,39.4479],[121.3406,39.4813],[121.4225,39.4745]]],[[[122.6844,39.2622],[122.5862,39.258],[122.5335,39.2717],[122.5051,39.2969],[122.6439,39.2785],[122.6844,39.2622]]],[[[122.3213,39.166],[122.3548,39.1956],[122.4026,39.2138],[122.3889,39.1871],[122.4026,39.1591],[122.334,39.1463],[122.3213,39.166]]],[[[122.9644,39.5154],[122.968,39.5411],[122.9898,39.5495],[123.04,39.5297],[123.03,39.5079],[123.0057,39.4973],[122.9797,39.4993],[122.9644,39.5154]]],[[[123.1807,39.0919],[123.1956,39.0521],[123.1607,39.0292],[123.1452,39.0433],[123.1647,39.0664],[123.1436,39.0809],[123.1807,39.0919]]],[[[122.636,39.2343],[122.742,39.2361],[122.7256,39.21],[122.6907,39.1933],[122.6975,39.2213],[122.636,39.2343]]]]}},{"type":"Feature","id":"Ningxia","properties":{"id":"Ningxia","iso_code":"CN-NX","name":"Ningxia","name_full":"Ningxia","name_ja":"寧夏回族自治区","center_lonlat":[106.1612,37.2674]},"geometry":{"type":"Polygon","coordinates":[[[107.6576,37.8529],[107.6617,37.8107],[107.6437,37.7803],[107.6067,37.7657],[107.4964,37.7611],[107.4658,37.6897],[107.311,37.5784],[107.3222,37.5276],[107.27,37.4278],[107.238,37.3064],[107.286,37.2618],[107.327,37.1554],[107.2855,37.0685],[107.2439,37.0983],[107.1257,37.1246],[107.0061,37.1071],[106.9193,37.1094],[106.7472,37.2063],[106.6684,37.2028],[106.6441,37.1817],[106.6206,37.0702],[106.637,37.006],[106.6084,36.9555],[106.5748,36.9313],[106.649,36.8342],[106.6496,36.8],[106.6122,36.7312],[106.5482,36.7302],[106.496,36.7002],[106.4866,36.6679],[106.492,36.5426],[106.4315,36.5078],[106.4954,36.4367],[106.5039,36.3559],[106.4732,36.3178],[106.4749,36.3002],[106.5147,36.261],[106.6084,36.2771],[106.7449,36.2066],[106.8295,36.2067],[106.9448,36.0769],[106.9293,36.0106],[106.9406,35.9818],[106.9137,35.9526],[106.9386,35.9239],[106.8432,35.8822],[106.9109,35.7824],[106.8551,35.7346],[106.7767,35.7127],[106.7505,35.6807],[106.7285,35.677],[106.69,35.7067],[106.5576,35.7332],[106.4696,35.7274],[106.4341,35.7096],[106.4298,35.6876],[106.4538,35.6105],[106.5109,35.5609],[106.4184,35.5548],[106.4138,35.5406],[106.4352,35.5033],[106.4966,35.4748],[106.4901,35.4052],[106.4577,35.3235],[106.3778,35.2607],[106.339,35.2571],[106.2107,35.3952],[106.1773,35.413],[106.0017,35.4294],[105.898,35.4077],[105.8848,35.4296],[105.9006,35.4468],[106.0604,35.4639],[106.0768,35.4789],[105.9361,35.5248],[105.9035,35.5182],[105.8597,35.4881],[105.8294,35.4936],[105.6931,35.6471],[105.687,35.6813],[105.7195,35.6892],[105.7256,35.7101],[105.6674,35.7167],[105.6024,35.6966],[105.5631,35.7],[105.4275,35.7595],[105.3206,35.9234],[105.3148,35.9728],[105.3465,36.0548],[105.4374,36.1067],[105.4334,36.179],[105.447,36.2073],[105.4459,36.2546],[105.4075,36.3651],[105.344,36.4225],[105.2687,36.5502],[105.2192,36.7024],[105.2292,36.7351],[105.3217,36.7807],[105.3206,36.7966],[105.1515,36.9961],[105.0905,37.0263],[104.9939,37.0472],[104.9224,37.0968],[104.8554,37.2182],[104.7647,37.2505],[104.6946,37.2141],[104.6581,37.2226],[104.6214,37.2493],[104.6305,37.2748],[104.6634,37.2783],[104.7199,37.3237],[104.7224,37.3393],[104.6805,37.3732],[104.7176,37.4069],[104.5316,37.4247],[104.4763,37.4438],[104.4086,37.4013],[104.3585,37.4012],[104.4252,37.4986],[104.4752,37.5214],[104.5744,37.5307],[104.6627,37.5071],[104.9443,37.5457],[105.0017,37.57],[105.0651,37.649],[105.2466,37.7253],[105.3687,37.754],[105.5049,37.7246],[105.6416,37.7349],[105.7995,37.8128],[105.7996,37.8895],[105.8261,37.9999],[105.7767,38.0747],[105.7556,38.1478],[105.774,38.1975],[105.8281,38.2268],[105.8475,38.2654],[105.8452,38.3041],[105.8235,38.3405],[105.8226,38.3958],[105.8412,38.5713],[105.8966,38.7362],[105.9996,38.8733],[106.0187,38.9313],[106.0603,38.9791],[106.0816,39.0613],[106.1132,39.1208],[106.1529,39.1308],[106.2282,39.1239],[106.2834,39.1565],[106.2715,39.2498],[106.2851,39.2793],[106.3269,39.2941],[106.4969,39.2858],[106.5674,39.3163],[106.6286,39.3614],[106.7738,39.373],[106.7891,39.361],[106.8094,39.3093],[106.7994,39.2418],[106.8082,39.1991],[106.8483,39.1639],[106.8875,39.0849],[106.9834,39.0247],[106.9317,38.9211],[106.7089,38.6453],[106.645,38.4592],[106.4701,38.2907],[106.8292,38.1504],[107.0608,38.1149],[107.1626,38.1386],[107.3242,38.0659],[107.3928,37.9852],[107.412,37.912],[107.4918,37.9045],[107.6576,37.8529]]]}},{"type":"Feature","id":"Paracel Islands","properties":{"id":"Paracel Islands","iso_code":"CN-X01~","name":"Paracel Islands","name_full":"Paracel Islands","name_ja":"パラセル諸島","center_lonlat":[111.2008,15.7829]},"geometry":{"type":"Polygon","coordinates":[[[111.1965,15.7754],[111.1941,15.7761],[111.1929,15.7782],[111.1963,15.7857],[111.1994,15.7892],[111.2075,15.7893],[111.2085,15.7863],[111.2075,15.7822],[111.2046,15.7792],[111.1965,15.7754]]]}},{"type":"Feature","id":"Qinghai","properties":{"id":"Qinghai","iso_code":"CN-QH","name":"Qinghai","name_full":"Qinghai","name_ja":"青海省","center_lonlat":[96.0024,35.749]},"geometry":{"type":"Polygon","coordinates":[[[92.936,39.1529],[93.0244,39.1476],[93.1293,39.1979],[93.2756,39.1887],[93.4152,39.2204],[93.5213,39.2776],[93.6451,39.2802],[93.7338,39.3085],[93.8982,39.2848],[94.1499,39.3243],[94.4793,39.3178],[94.6311,39.2954],[94.7246,39.2368],[94.9199,39.1962],[95.006,39.1512],[95.2186,39.1604],[95.3137,39.1813],[95.4609,39.0466],[95.5783,39.0081],[95.6019,38.971],[95.7028,38.8832],[95.7719,38.8705],[95.8919,38.7837],[96.0186,38.7459],[96.0548,38.6788],[96.1265,38.6699],[96.209,38.6352],[96.3006,38.633],[96.3945,38.5824],[96.5084,38.5448],[96.5043,38.4799],[96.5324,38.4577],[96.6762,38.4153],[96.7492,38.3794],[96.9123,38.3508],[96.9455,38.3582],[96.9587,38.3872],[96.9712,38.5673],[96.9399,38.6535],[96.9705,38.683],[96.9812,38.7443],[96.9709,38.8642],[96.9912,39.0006],[96.9616,39.1121],[97.0133,39.1921],[97.1375,39.2032],[97.3626,39.1504],[97.6749,39.005],[97.6976,38.981],[98.0205,38.8362],[98.0686,38.8018],[98.1029,38.8146],[98.2626,38.9317],[98.284,38.9834],[98.3243,39.0233],[98.3835,39.0092],[98.4446,38.9573],[98.6022,38.9476],[98.6964,39.0005],[98.7391,39.0668],[98.7819,39.0677],[98.9166,39.0286],[98.9734,38.976],[99.0819,38.9686],[99.0999,38.9482],[99.0856,38.9136],[99.0993,38.8896],[99.3598,38.7056],[99.4459,38.6254],[99.4963,38.6011],[99.5572,38.5154],[99.7999,38.3657],[100.0006,38.3144],[100.079,38.2784],[100.1585,38.2074],[100.1704,38.228],[100.1555,38.3028],[100.1156,38.334],[100.0831,38.3945],[100.1037,38.4855],[100.1408,38.4858],[100.3302,38.3207],[100.4117,38.2921],[100.4974,38.2894],[100.5301,38.2742],[100.57,38.2302],[100.602,38.1274],[100.6357,38.1054],[101.0498,37.9637],[101.2929,37.7989],[101.6465,37.6119],[101.6925,37.5984],[101.7656,37.525],[101.8017,37.5261],[101.8275,37.6177],[101.9371,37.7307],[101.9656,37.7349],[101.9959,37.6145],[102.0539,37.5793],[102.0672,37.5483],[102.0349,37.4979],[102.0401,37.4648],[102.142,37.4067],[102.2128,37.3991],[102.3506,37.3028],[102.4266,37.2781],[102.5506,37.1638],[102.5591,37.1345],[102.5498,37.1188],[102.4958,37.0891],[102.4601,36.9557],[102.5482,36.9067],[102.5888,36.8574],[102.6786,36.795],[102.6765,36.75],[102.5962,36.7138],[102.5985,36.6724],[102.6982,36.6089],[102.7359,36.5289],[102.7697,36.4976],[102.8186,36.3261],[102.8945,36.3094],[102.9336,36.274],[102.981,36.2607],[103.0404,36.2165],[102.9284,36.0678],[102.9995,35.9907],[102.9685,35.9327],[102.9828,35.8561],[102.976,35.8333],[102.8375,35.8608],[102.7876,35.86],[102.7499,35.8321],[102.7003,35.8395],[102.6799,35.7568],[102.7213,35.6191],[102.7204,35.5663],[102.7022,35.524],[102.6874,35.5146],[102.535,35.5356],[102.4907,35.5111],[102.4264,35.4353],[102.2981,35.4206],[102.2893,35.4069],[102.2992,35.3506],[102.2602,35.2904],[102.2654,35.2806],[102.3177,35.275],[102.3341,35.2408],[102.3756,35.2037],[102.3745,35.1736],[102.3205,35.1373],[102.2671,35.0559],[102.1948,35.0376],[102.0847,34.9574],[102.0094,34.9421],[101.9324,34.879],[101.9128,34.8448],[101.9232,34.7873],[101.9069,34.7557],[101.8761,34.7504],[101.852,34.7632],[101.7551,34.7037],[101.7579,34.6699],[101.7934,34.6319],[101.8319,34.624],[101.891,34.6628],[101.9139,34.6614],[101.9319,34.5911],[101.9592,34.5583],[102.0041,34.5371],[102.072,34.5364],[102.1503,34.4951],[102.2161,34.3643],[102.1767,34.3336],[102.1538,34.2858],[102.0874,34.2765],[102.0632,34.2382],[102.0196,34.2186],[102.0205,34.1865],[101.9732,34.1701],[101.9616,34.1404],[101.9306,34.1323],[101.8724,34.1478],[101.7804,34.0675],[101.7376,34.0889],[101.729,34.1087],[101.7189,34.1034],[101.6472,34.136],[101.6117,34.1912],[101.5699,34.2082],[101.3237,34.2595],[101.256,34.3005],[101.0608,34.3296],[100.9353,34.3863],[100.8288,34.3101],[100.8065,34.2781],[100.7813,34.2065],[100.7917,34.1549],[100.8929,34.0296],[100.948,33.9298],[101.009,33.8815],[101.1295,33.8506],[101.1623,33.7772],[101.1579,33.6899],[101.1705,33.6544],[101.2282,33.674],[101.3199,33.6392],[101.3769,33.6396],[101.5089,33.7049],[101.5471,33.6761],[101.5769,33.6305],[101.6134,33.5119],[101.7074,33.5044],[101.7468,33.5277],[101.7775,33.53],[101.7661,33.4712],[101.6911,33.4203],[101.6688,33.3828],[101.6651,33.3204],[101.7102,33.2947],[101.7269,33.2678],[101.6272,33.1168],[101.592,33.1296],[101.4806,33.2248],[101.4452,33.2359],[101.4093,33.2319],[101.3743,33.1786],[101.3243,33.2023],[101.22,33.1706],[101.1713,33.1399],[101.128,33.0227],[101.1272,32.9541],[101.1455,32.917],[101.226,32.8697],[101.2374,32.8183],[101.2175,32.7578],[101.1708,32.6883],[101.1278,32.6678],[101.0656,32.6809],[100.9964,32.6423],[100.9215,32.6262],[100.8349,32.6635],[100.6747,32.6831],[100.6794,32.6421],[100.6429,32.5945],[100.635,32.5262],[100.603,32.4512],[100.5312,32.4034],[100.4877,32.4326],[100.4665,32.4647],[100.4831,32.4982],[100.5448,32.5372],[100.5609,32.5633],[100.5087,32.6283],[100.4888,32.6836],[100.3994,32.7584],[100.3611,32.7399],[100.255,32.7258],[100.2232,32.6369],[100.142,32.6476],[100.119,32.6709],[100.1577,32.7506],[100.1448,32.8386],[100.0837,32.8854],[100.0469,32.9355],[100.0123,32.9465],[99.9661,32.939],[99.9366,32.9528],[99.8759,33.0246],[99.8602,33.0276],[99.8308,32.9469],[99.7693,32.9218],[99.7626,32.847],[99.7289,32.7577],[99.7212,32.7455],[99.6985,32.7446],[99.5249,32.8304],[99.4273,32.8443],[99.3632,32.8772],[99.2894,32.8871],[99.2253,32.9989],[99.2,33.017],[99.1006,33.0725],[98.8716,33.1592],[98.7742,33.2912],[98.7785,33.3503],[98.7357,33.4898],[98.6947,33.5212],[98.6634,33.5898],[98.6279,33.6159],[98.6538,33.6657],[98.5796,33.7427],[98.4442,33.8487],[98.3974,33.8638],[98.289,33.8469],[98.2702,33.8586],[98.263,33.9008],[98.2277,33.9341],[98.0349,33.9598],[97.9961,33.9526],[97.8755,33.8819],[97.7511,33.8594],[97.7314,33.9609],[97.6957,34.0052],[97.6416,34.0011],[97.624,33.9401],[97.6102,33.9309],[97.3752,33.8624],[97.3648,33.8258],[97.3947,33.7367],[97.3862,33.6214],[97.4195,33.5836],[97.4774,33.5622],[97.4972,33.4876],[97.5213,33.4626],[97.56,33.4479],[97.6216,33.4456],[97.6591,33.4203],[97.7243,33.4061],[97.7358,33.3894],[97.7011,33.3565],[97.6157,33.3284],[97.5752,33.264],[97.4951,33.1875],[97.4765,33.1203],[97.5043,33.0456],[97.4999,33.0083],[97.4687,32.9825],[97.4003,32.9577],[97.361,32.897],[97.3773,32.8617],[97.3842,32.7792],[97.4307,32.7003],[97.5657,32.6249],[97.6033,32.6215],[97.6206,32.588],[97.7157,32.5442],[97.6963,32.5013],[97.6667,32.4893],[97.6528,32.4549],[97.6309,32.4441],[97.5767,32.4815],[97.3609,32.5002],[97.326,32.4122],[97.3932,32.385],[97.3941,32.3536],[97.3749,32.3173],[97.3885,32.2808],[97.3598,32.2605],[97.2917,32.265],[97.2769,32.2523],[97.2446,32.1645],[97.251,32.1283],[97.2766,32.1138],[97.2397,32.0659],[97.1835,32.0646],[97.1754,32.0344],[97.1428,32.0127],[96.9998,32.0217],[96.9146,31.9901],[96.8717,31.9944],[96.8038,31.973],[96.7377,31.9688],[96.7354,31.9515],[96.7897,31.8968],[96.7485,31.8239],[96.7967,31.7374],[96.7954,31.7155],[96.7637,31.6809],[96.7374,31.6798],[96.6495,31.7257],[96.4646,31.7607],[96.3827,31.8185],[96.3316,31.8909],[96.3074,31.9062],[96.2782,31.9091],[96.1971,31.8819],[96.145,31.8195],[96.1412,31.7971],[96.1478,31.7799],[96.2129,31.7351],[96.2295,31.7021],[96.2146,31.6068],[96.2354,31.5689],[96.193,31.5347],[96.1673,31.548],[96.1248,31.6215],[96.108,31.6886],[96.0621,31.7138],[95.9524,31.7054],[95.8489,31.7143],[95.7848,31.6947],[95.725,31.7464],[95.6449,31.7604],[95.4869,31.7467],[95.4068,31.8107],[95.3902,31.8879],[95.3543,31.9544],[95.3555,31.9799],[95.3725,31.9994],[95.4243,32.0183],[95.4066,32.0435],[95.4253,32.0948],[95.3962,32.1621],[95.3176,32.1843],[95.2695,32.2409],[95.0783,32.2545],[94.9684,32.3196],[94.9513,32.3372],[94.9368,32.438],[94.9244,32.456],[94.8522,32.5001],[94.7552,32.5355],[94.7218,32.5929],[94.6714,32.6205],[94.6149,32.6727],[94.5822,32.6722],[94.5206,32.6313],[94.4106,32.5915],[94.3804,32.6141],[94.3568,32.6141],[94.335,32.55],[94.1783,32.5223],[94.1108,32.4782],[94.0046,32.4806],[93.9309,32.5096],[93.8524,32.4998],[93.802,32.5552],[93.7342,32.5725],[93.5972,32.5646],[93.4949,32.514],[93.4755,32.5188],[93.4426,32.5633],[93.3624,32.569],[93.1957,32.6672],[93.0817,32.6653],[93.044,32.6523],[93.0059,32.7346],[92.9859,32.7437],[92.9067,32.7269],[92.85,32.7289],[92.7273,32.7606],[92.65,32.7404],[92.4658,32.7694],[92.4191,32.7559],[92.373,32.7712],[92.3347,32.7522],[92.2974,32.7625],[92.2566,32.7444],[92.2214,32.745],[92.2032,32.7615],[92.1876,32.8153],[92.2038,32.8582],[92.1961,32.8686],[92.1015,32.8878],[92.031,32.8538],[91.9768,32.8486],[91.9244,32.8715],[91.8131,32.9683],[91.7203,32.9825],[91.5427,33.0803],[91.4752,33.1407],[91.3765,33.2713],[91.3681,33.292],[91.3999,33.3165],[91.3707,33.3357],[91.1776,33.3346],[91.1529,33.3147],[91.1425,33.2674],[91.1279,33.2543],[91.0375,33.2348],[90.94,33.2366],[90.8416,33.1546],[90.7738,33.1391],[90.6826,33.1493],[90.5826,33.1886],[90.4244,33.288],[90.3596,33.2838],[90.3056,33.2951],[90.262,33.3267],[90.2057,33.4015],[90.1924,33.4545],[90.2032,33.5001],[90.1602,33.5604],[90.0974,33.5973],[90.0372,33.6051],[89.9751,33.6306],[89.9528,33.7155],[89.8922,33.7556],[89.887,33.8139],[89.7419,33.9095],[89.6811,33.9834],[89.6359,34.0745],[89.658,34.131],[89.7306,34.1487],[89.7866,34.1985],[89.8186,34.3175],[89.8445,34.358],[89.8403,34.3833],[89.7957,34.4084],[89.7911,34.5541],[89.7618,34.6627],[89.725,34.6965],[89.7158,34.7251],[89.812,34.8123],[89.8252,34.8461],[89.808,34.906],[89.7782,34.9304],[89.6097,34.9347],[89.5692,34.948],[89.5607,34.9788],[89.5717,35.0733],[89.4702,35.1891],[89.4541,35.2246],[89.4831,35.2669],[89.4805,35.3322],[89.4916,35.3504],[89.6187,35.3872],[89.7376,35.45],[89.7434,35.4693],[89.6999,35.4976],[89.6907,35.5198],[89.7228,35.5663],[89.7151,35.6423],[89.7813,35.7534],[89.7926,35.818],[89.7601,35.838],[89.6337,35.8325],[89.5116,35.8639],[89.4589,35.9166],[89.4351,35.9878],[89.4669,36.0271],[89.5147,36.0533],[89.6778,36.082],[89.8668,36.0656],[89.9461,36.08],[89.972,36.1049],[90.0138,36.2528],[90.0296,36.2588],[90.0833,36.221],[90.1542,36.1325],[90.2925,36.1155],[90.6227,36.1111],[90.8534,36.0047],[90.8942,36.0066],[91.0059,36.0529],[91.1113,36.0739],[91.136,36.1046],[91.1178,36.1976],[91.061,36.3135],[91.0067,36.5035],[90.9723,36.5223],[90.8405,36.5436],[90.7603,36.5906],[90.6978,36.6555],[90.69,36.7763],[90.7124,36.8215],[90.8264,36.9236],[90.8911,36.9395],[91.0004,36.9312],[91.1914,37.0015],[91.2987,37.0176],[91.3256,37.053],[91.3163,37.119],[91.235,37.1954],[91.1631,37.3001],[91.1177,37.4387],[91.0817,37.4833],[90.9391,37.5273],[90.8345,37.6078],[90.4226,37.7885],[90.4051,37.8274],[90.4484,37.916],[90.4393,37.9961],[90.1935,38.3257],[90.1533,38.4088],[90.1593,38.4458],[90.2056,38.4693],[90.3125,38.4658],[90.3809,38.4862],[90.6315,38.6203],[90.6593,38.6771],[90.735,38.6732],[90.9239,38.7029],[91.0125,38.6987],[91.1988,38.7404],[91.2944,38.7451],[91.466,38.812],[91.6286,38.8257],[91.8806,38.8755],[92.1227,38.9406],[92.2486,38.989],[92.3676,39.0629],[92.5046,39.0744],[92.936,39.1529]]]}},{"type":"Feature","id":"Shaanxi","properties":{"id":"Shaanxi","iso_code":"CN-SN","name":"Shaanxi","name_full":"Shaanxi","name_ja":"陝西省","center_lonlat":[108.8639,35.1818]},"geometry":{"type":"Polygon","coordinates":[[[108.5184,32.1976],[108.4636,32.2566],[108.3676,32.2655],[108.2914,32.2512],[108.251,32.2648],[108.1877,32.2353],[108.0518,32.2266],[108.0159,32.2033],[108.0031,32.1499],[107.9804,32.1483],[107.851,32.2204],[107.783,32.3028],[107.6592,32.3886],[107.4596,32.4086],[107.4418,32.5328],[107.3804,32.5254],[107.2841,32.4529],[107.2562,32.4445],[107.2169,32.447],[107.0796,32.5136],[107.0686,32.5329],[107.093,32.5955],[107.0962,32.6692],[107.0653,32.7083],[107.039,32.718],[106.843,32.7169],[106.7231,32.7416],[106.6256,32.6801],[106.3756,32.6425],[106.2819,32.5955],[106.2289,32.592],[106.1149,32.6488],[106.0595,32.7061],[106.0569,32.7601],[106.1028,32.8482],[106.0823,32.8735],[105.8755,32.8447],[105.8438,32.8197],[105.806,32.7551],[105.7245,32.7598],[105.6333,32.7075],[105.5996,32.7039],[105.5683,32.7305],[105.5513,32.8059],[105.4986,32.9074],[105.6671,32.8875],[105.7339,32.9074],[105.801,32.9575],[105.8704,32.966],[105.8918,32.9854],[105.9106,33.0317],[105.8976,33.1589],[105.9247,33.2241],[105.9003,33.2382],[105.8441,33.243],[105.7472,33.294],[105.7231,33.325],[105.7151,33.3748],[105.7329,33.4017],[105.8013,33.4178],[105.8324,33.4975],[105.9639,33.5594],[105.9929,33.6106],[106.0855,33.6154],[106.1192,33.5744],[106.1706,33.5622],[106.2921,33.6121],[106.4058,33.6174],[106.4352,33.6005],[106.4539,33.5623],[106.4955,33.5436],[106.5429,33.5634],[106.5595,33.5986],[106.5469,33.6531],[106.4715,33.7124],[106.4551,33.8156],[106.4909,33.8556],[106.4349,33.8819],[106.4232,33.9252],[106.4983,34.043],[106.5244,34.121],[106.5708,34.1231],[106.5874,34.1375],[106.5525,34.2421],[106.4968,34.2665],[106.554,34.2808],[106.656,34.2542],[106.6788,34.2604],[106.6906,34.2913],[106.6736,34.3847],[106.6273,34.4196],[106.6141,34.4587],[106.5963,34.4729],[106.5349,34.4902],[106.4866,34.5241],[106.3684,34.5202],[106.3177,34.5833],[106.3772,34.6322],[106.4228,34.7],[106.4848,34.7325],[106.5432,34.82],[106.5516,34.8572],[106.4988,34.9307],[106.5045,34.9865],[106.4912,35.0301],[106.5834,35.0849],[106.6248,35.0766],[106.7702,35.0952],[106.9148,35.089],[106.9494,35.0615],[107.0515,35.0381],[107.099,34.9796],[107.1578,34.9438],[107.2109,34.8918],[107.27,34.9116],[107.3105,34.9432],[107.3555,34.9335],[107.4241,34.9425],[107.4969,34.9258],[107.5696,34.9654],[107.7245,34.9532],[107.8303,34.9767],[107.8424,34.9981],[107.8254,35.0272],[107.7598,35.0789],[107.6722,35.2206],[107.6728,35.233],[107.7332,35.2557],[107.7315,35.3065],[107.7417,35.3184],[107.862,35.2744],[107.938,35.2615],[107.9718,35.2226],[108.155,35.2906],[108.2143,35.2923],[108.2689,35.2624],[108.3536,35.2783],[108.5039,35.2748],[108.6149,35.3845],[108.6037,35.5479],[108.5463,35.6105],[108.5129,35.6759],[108.5226,35.7951],[108.4909,35.8764],[108.6013,35.9615],[108.6548,35.98],[108.6749,35.9998],[108.6991,36.1359],[108.6901,36.176],[108.6444,36.2485],[108.6953,36.313],[108.7037,36.359],[108.6146,36.429],[108.5331,36.4577],[108.4326,36.4649],[108.3564,36.546],[108.2511,36.5699],[108.2187,36.5986],[108.2021,36.5993],[108.1613,36.5691],[108.0417,36.5977],[108.0251,36.6204],[108.033,36.6544],[107.9486,36.6769],[107.8865,36.7554],[107.7577,36.7898],[107.6955,36.8251],[107.6173,36.8242],[107.5489,36.84],[107.5225,36.853],[107.5326,36.8742],[107.5009,36.8908],[107.4429,36.8864],[107.2879,36.911],[107.2942,36.9907],[107.2778,37.0438],[107.2855,37.0685],[107.327,37.1554],[107.286,37.2618],[107.238,37.3064],[107.27,37.4278],[107.3222,37.5276],[107.311,37.5784],[107.4658,37.6897],[107.4964,37.7611],[107.6067,37.7657],[107.6437,37.7803],[107.6617,37.8107],[107.6576,37.8529],[107.7026,37.8324],[107.9287,37.7853],[107.9996,37.7123],[107.9996,37.645],[108.0387,37.6325],[108.333,37.6336],[108.4964,37.6686],[108.6499,37.6628],[108.7543,37.6755],[108.7697,37.695],[108.7836,37.78],[108.7805,37.9053],[108.7907,37.9418],[108.8253,37.9818],[108.8515,37.9902],[108.8724,37.9817],[108.9202,37.9182],[108.9426,37.9183],[109.001,37.9885],[109.0354,38.0752],[109.0351,38.1014],[108.9704,38.1668],[108.9522,38.2122],[108.9805,38.2831],[108.9864,38.3352],[109.0233,38.3752],[109.0454,38.4225],[109.1443,38.5045],[109.176,38.5546],[109.3132,38.6205],[109.3158,38.6678],[109.375,38.6973],[109.4035,38.7542],[109.4624,38.7871],[109.4992,38.7942],[109.5264,38.7829],[109.5489,38.7953],[109.5746,38.8521],[109.6353,38.9058],[109.6743,39.0112],[109.8206,39.0545],[109.8452,39.0966],[109.9633,39.1813],[110.1741,39.2799],[110.1658,39.3225],[110.1088,39.4094],[110.1128,39.432],[110.1449,39.4448],[110.2155,39.4302],[110.2744,39.357],[110.3471,39.3163],[110.3896,39.3236],[110.4189,39.3531],[110.5134,39.372],[110.5506,39.3423],[110.6034,39.2672],[110.6462,39.2443],[110.6849,39.2644],[110.7282,39.3383],[110.8457,39.4652],[110.9002,39.5068],[110.9799,39.5341],[111.0181,39.5678],[111.0683,39.5605],[111.1273,39.5806],[111.1371,39.565],[111.1227,39.5276],[111.041,39.423],[111.0554,39.4055],[111.11,39.3852],[111.151,39.3572],[111.167,39.3648],[111.1852,39.3306],[111.2249,39.3105],[111.2267,39.297],[111.1585,39.1729],[111.118,39.0674],[111.089,39.0426],[110.995,39.0038],[110.9729,38.9743],[111.0036,38.9026],[110.9803,38.8166],[110.8718,38.6214],[110.9009,38.5805],[110.8971,38.5355],[110.8528,38.4572],[110.7743,38.4262],[110.7463,38.3778],[110.6712,38.317],[110.5797,38.2873],[110.5688,38.227],[110.5112,38.2022],[110.5,38.1661],[110.5096,38.1451],[110.5,38.0904],[110.515,37.955],[110.5772,37.9314],[110.6534,37.8132],[110.7429,37.7649],[110.7531,37.7458],[110.744,37.7325],[110.7054,37.7137],[110.7792,37.6784],[110.7948,37.6584],[110.7668,37.6379],[110.7888,37.5614],[110.7696,37.5424],[110.7463,37.4803],[110.7156,37.4499],[110.6536,37.434],[110.6371,37.4182],[110.6337,37.3793],[110.6874,37.3572],[110.665,37.2823],[110.6439,37.2748],[110.634,37.251],[110.5372,37.1555],[110.5089,37.1017],[110.4601,37.0513],[110.418,37.0353],[110.4453,37.0216],[110.4275,37.0103],[110.3733,37.0179],[110.4183,36.9673],[110.3951,36.907],[110.3696,36.8912],[110.4112,36.8497],[110.4041,36.8374],[110.418,36.8162],[110.3975,36.7814],[110.377,36.7752],[110.418,36.7541],[110.418,36.7336],[110.4393,36.7423],[110.4412,36.7265],[110.4214,36.6926],[110.3931,36.6986],[110.3901,36.6889],[110.4832,36.593],[110.4989,36.5246],[110.459,36.3494],[110.4732,36.2637],[110.4453,36.1855],[110.4472,36.1419],[110.4978,35.9797],[110.511,35.8869],[110.5415,35.8839],[110.5604,35.8492],[110.5756,35.7125],[110.6198,35.5973],[110.6029,35.5543],[110.5562,35.5086],[110.5631,35.4908],[110.5477,35.4382],[110.4965,35.4041],[110.4248,35.2942],[110.3728,35.2554],[110.3354,35.198],[110.2597,34.9448],[110.2725,34.8816],[110.2374,34.8014],[110.2523,34.6633],[110.2982,34.6213],[110.336,34.6158],[110.3423,34.5181],[110.3277,34.4798],[110.3404,34.4368],[110.3741,34.4037],[110.4638,34.3754],[110.4821,34.341],[110.438,34.2972],[110.4338,34.2614],[110.477,34.2211],[110.6183,34.1625],[110.5933,34.0459],[110.6127,34.0345],[110.6442,33.9696],[110.5938,33.8797],[110.7492,33.8028],[110.7906,33.7504],[110.8005,33.696],[110.8779,33.6431],[110.9428,33.6184],[110.9771,33.5839],[111.011,33.4989],[110.9901,33.4381],[111.0156,33.3744],[110.9746,33.2665],[110.9404,33.2499],[110.9088,33.2068],[110.8176,33.1949],[110.7986,33.1638],[110.7412,33.133],[110.7477,33.0959],[110.7174,33.1044],[110.6643,33.1459],[110.6104,33.1489],[110.5682,33.2344],[110.5393,33.2461],[110.5097,33.2362],[110.4386,33.1745],[110.2344,33.1563],[110.1822,33.1661],[110.1104,33.2116],[109.9599,33.2141],[109.8753,33.2434],[109.752,33.2409],[109.6597,33.2641],[109.604,33.2359],[109.5299,33.2443],[109.4623,33.189],[109.4476,33.168],[109.4531,33.1482],[109.5118,33.1403],[109.5709,33.1118],[109.6519,33.1133],[109.7534,33.0838],[109.7808,33.0336],[109.7663,32.9686],[109.7396,32.93],[109.7832,32.9012],[109.8358,32.8959],[109.8991,32.9144],[109.9928,32.8891],[110.0958,32.8413],[110.1455,32.7561],[110.155,32.7296],[110.1464,32.6668],[110.1713,32.633],[110.1522,32.6073],[110.0738,32.6166],[110.0617,32.6065],[110.0619,32.5764],[110.0133,32.5491],[109.8795,32.5916],[109.8153,32.5706],[109.7686,32.6001],[109.7082,32.5851],[109.6581,32.5991],[109.6348,32.5906],[109.6159,32.5513],[109.5794,32.5412],[109.5613,32.405],[109.4997,32.3689],[109.4861,32.3467],[109.5383,32.2405],[109.6136,32.2029],[109.6296,32.1234],[109.6738,32.0694],[109.6109,31.9367],[109.6158,31.8212],[109.5801,31.7623],[109.594,31.7376],[109.3032,31.7094],[109.2526,31.744],[109.1889,31.8403],[109.1177,31.9057],[108.7893,32.0453],[108.753,32.083],[108.6632,32.1125],[108.5859,32.1693],[108.5184,32.1976]]]}},{"type":"Feature","id":"Shandong","properties":{"id":"Shandong","iso_code":"CN-SD","name":"Shandong","name_full":"Shandong","name_ja":"山東省","center_lonlat":[118.1513,36.3533]},"geometry":{"type":"MultiPolygon","coordinates":[[[[117.8372,38.2709],[117.9417,38.2339],[117.9775,38.1948],[118.0072,38.197],[118.0537,38.1733],[118.0524,38.1537],[118.0848,38.1387],[118.1192,38.1523],[118.2158,38.145],[118.4489,38.1078],[118.543,38.0683],[118.6549,38.1457],[118.8401,38.1526],[118.95,38.0973],[118.9248,38.0578],[118.9561,38.0336],[118.9966,37.9631],[119.0484,37.948],[119.0925,37.9128],[119.1169,37.8533],[119.2431,37.7695],[119.2596,37.7158],[119.2557,37.6719],[119.2177,37.6752],[119.1201,37.7375],[119.0695,37.7406],[119.0371,37.7221],[119.0108,37.6538],[118.9767,37.6109],[118.9579,37.5314],[118.9446,37.3781],[118.9612,37.2956],[119.1455,37.1789],[119.2871,37.1373],[119.4412,37.1206],[119.5245,37.1391],[119.6607,37.1376],[119.7706,37.1518],[119.7918,37.1806],[119.8973,37.2494],[119.8463,37.3437],[119.8589,37.3602],[120.0598,37.4404],[120.1876,37.5118],[120.2976,37.5979],[120.3225,37.6324],[120.3064,37.6652],[120.2157,37.6841],[120.3685,37.6947],[120.4634,37.7477],[120.5562,37.7614],[120.738,37.834],[120.8367,37.816],[120.8777,37.8297],[120.9258,37.8193],[120.9408,37.8065],[120.9288,37.7887],[120.9409,37.774],[121.0054,37.7443],[121.0326,37.7104],[121.138,37.7012],[121.1485,37.6894],[121.1301,37.6518],[121.1485,37.6379],[121.1344,37.6105],[121.1716,37.5771],[121.3081,37.5812],[121.3745,37.6105],[121.354,37.6379],[121.3936,37.6225],[121.4298,37.5969],[121.3984,37.5949],[121.3814,37.583],[121.3817,37.5661],[121.4468,37.5196],[121.4769,37.468],[121.5371,37.4562],[121.5703,37.4287],[121.6761,37.4392],[121.6343,37.4624],[121.5874,37.4536],[121.6025,37.4719],[121.635,37.4813],[121.7324,37.4617],[121.9378,37.4643],[121.9573,37.4597],[121.9446,37.4407],[121.9498,37.4256],[121.988,37.4256],[121.9974,37.4341],[121.9778,37.4717],[122.0256,37.528],[122.0718,37.5445],[122.0671,37.5627],[122.0951,37.5491],[122.1218,37.5627],[122.1519,37.5329],[122.1526,37.5146],[122.1299,37.4835],[122.1414,37.4566],[122.1832,37.4182],[122.2242,37.458],[122.2454,37.4597],[122.2965,37.4182],[122.478,37.4256],[122.488,37.4119],[122.5706,37.4016],[122.6124,37.4186],[122.6882,37.4098],[122.679,37.3747],[122.6561,37.3846],[122.5708,37.3448],[122.5947,37.2952],[122.5497,37.3198],[122.5601,37.2747],[122.5947,37.2369],[122.6029,37.2099],[122.6289,37.1928],[122.5743,37.1854],[122.5632,37.1732],[122.5743,37.1444],[122.51,37.1552],[122.4827,37.14],[122.4707,37.1103],[122.4644,37.1518],[122.4539,37.1543],[122.4364,37.0898],[122.457,37.0659],[122.4024,37.0215],[122.4243,37.0036],[122.4364,37.0277],[122.54,37.0277],[122.5254,36.9445],[122.5327,36.9259],[122.5074,36.898],[122.5001,36.9156],[122.5127,36.9346],[122.4985,36.9389],[122.4566,36.9206],[122.4122,36.9248],[122.4034,36.9066],[122.4295,36.8881],[122.431,36.8647],[122.3797,36.8614],[122.3552,36.8291],[122.3198,36.8229],[122.1853,36.8499],[122.1848,36.885],[122.1969,36.898],[122.2659,36.898],[122.1627,36.9458],[122.1797,37.0058],[122.1661,37.0141],[122.15,37.0053],[122.1429,36.9458],[122.0943,36.9509],[122.0809,36.9166],[122.0331,36.898],[122.0376,36.9637],[122.0492,36.9799],[121.9263,36.9936],[121.9149,36.9858],[121.9498,36.9389],[121.9151,36.9202],[121.786,36.8912],[121.728,36.8359],[121.6494,36.8161],[121.6842,36.8428],[121.6375,36.8314],[121.6245,36.8148],[121.6343,36.7466],[121.6253,36.7404],[121.5942,36.7676],[121.5259,36.754],[121.4964,36.7745],[121.5032,36.7886],[121.5952,36.8263],[121.6072,36.845],[121.5465,36.8359],[121.5116,36.8086],[121.4844,36.8291],[121.4595,36.8287],[121.453,36.8164],[121.4707,36.7896],[121.4534,36.7574],[121.4089,36.754],[121.3778,36.7315],[121.3794,36.717],[121.4017,36.7124],[121.3142,36.7118],[121.1577,36.6686],[121.0802,36.61],[121.0325,36.6243],[121.0235,36.5839],[120.9288,36.5963],[120.9334,36.6203],[120.8506,36.6509],[120.7506,36.6168],[120.7576,36.5963],[120.7423,36.5559],[120.7503,36.5408],[120.7787,36.5411],[120.8264,36.5963],[120.8504,36.6046],[120.8948,36.5616],[120.9203,36.5533],[120.9275,36.5329],[120.9636,36.5479],[120.9363,36.497],[120.95,36.4592],[120.9063,36.4524],[120.8948,36.4387],[120.8983,36.4116],[120.8674,36.3772],[120.8497,36.3861],[120.844,36.4227],[120.8264,36.4325],[120.832,36.4553],[120.8069,36.4639],[120.7506,36.4592],[120.7141,36.4287],[120.6865,36.3872],[120.7222,36.3306],[120.7073,36.3227],[120.662,36.3363],[120.6436,36.3225],[120.662,36.3015],[120.6546,36.2883],[120.7048,36.1562],[120.6278,36.1165],[120.5516,36.1137],[120.5362,36.0915],[120.4736,36.0893],[120.3535,36.0408],[120.292,36.062],[120.3616,36.1916],[120.3392,36.2226],[120.3228,36.2264],[120.3064,36.2742],[120.2865,36.2638],[120.2735,36.2343],[120.2752,36.2041],[120.2988,36.1916],[120.2845,36.176],[120.2163,36.1991],[120.2191,36.2219],[120.1173,36.2097],[120.0972,36.2264],[120.0859,36.2091],[120.1092,36.1888],[120.0894,36.1477],[120.0897,36.1117],[120.1685,36.062],[120.1753,35.9936],[120.1978,35.9853],[120.23,35.9999],[120.2295,35.9728],[120.2428,35.9736],[120.2849,36.0109],[120.3031,35.994],[120.2988,35.9731],[120.2268,35.9418],[120.1753,35.89],[120.1705,35.9075],[120.189,35.9453],[120.1358,35.9041],[120.0972,35.9008],[120.0388,35.8428],[120.0029,35.7278],[119.97,35.7324],[119.9378,35.7611],[119.9082,35.7449],[119.9002,35.7363],[119.9356,35.705],[119.9016,35.6715],[119.9046,35.6246],[119.8602,35.6061],[119.8341,35.6353],[119.8401,35.6579],[119.8116,35.6479],[119.7439,35.5759],[119.7484,35.6093],[119.7325,35.6208],[119.648,35.5839],[119.5515,35.38],[119.5077,35.3323],[119.4239,35.3135],[119.4219,35.2774],[119.4046,35.2537],[119.358,35.0971],[119.2803,35.0766],[119.2732,35.0993],[119.253,35.1091],[119.1936,35.11],[119.0763,35.0498],[118.954,35.0508],[118.8668,35.0363],[118.8423,34.9346],[118.7767,34.8336],[118.7728,34.7916],[118.746,34.7301],[118.7135,34.697],[118.6807,34.6839],[118.581,34.7091],[118.464,34.6809],[118.4534,34.6342],[118.4255,34.5918],[118.4099,34.4717],[118.391,34.4437],[118.3428,34.4186],[118.1654,34.3992],[118.1676,34.4477],[118.1324,34.4843],[118.1529,34.5415],[118.0942,34.571],[118.077,34.6408],[117.9281,34.6778],[117.8059,34.6637],[117.7901,34.6512],[117.7685,34.5232],[117.6712,34.5328],[117.5859,34.4687],[117.5466,34.4624],[117.469,34.4753],[117.337,34.5886],[117.278,34.5663],[117.2443,34.5343],[117.2289,34.4552],[117.1818,34.4501],[117.1498,34.4872],[117.1404,34.5643],[117.0606,34.7095],[116.9832,34.789],[116.9677,34.8515],[116.8185,34.9621],[116.7773,34.9343],[116.6319,34.9379],[116.47,34.8983],[116.4202,34.8343],[116.4157,34.758],[116.3825,34.7084],[116.3772,34.6395],[116.2433,34.5683],[116.194,34.5843],[116.1513,34.5667],[116.1305,34.5716],[116.0847,34.6162],[116.0437,34.6002],[115.9937,34.6216],[115.9666,34.594],[115.8793,34.5891],[115.8164,34.5714],[115.6931,34.6008],[115.6464,34.5687],[115.5308,34.5801],[115.4428,34.6601],[115.4293,34.7797],[115.3065,34.8469],[115.2597,34.8473],[115.2307,34.8267],[115.216,34.8357],[115.2223,34.8965],[115.1816,34.94],[114.9978,35.0078],[114.9051,34.996],[114.8342,35.0162],[114.865,35.1206],[114.8516,35.1782],[114.9417,35.2188],[115.0684,35.3801],[115.1321,35.3979],[115.1507,35.4159],[115.2488,35.4246],[115.3071,35.4758],[115.3404,35.4852],[115.3308,35.5344],[115.3416,35.5555],[115.3835,35.5575],[115.4032,35.6305],[115.4921,35.6782],[115.5042,35.7228],[115.618,35.7313],[115.655,35.7463],[115.73,35.8306],[115.7613,35.8492],[115.8738,35.8655],[115.8863,35.8777],[115.8583,35.9044],[115.8635,35.925],[115.9657,35.9859],[116.0337,35.9658],[116.0644,36.0409],[116.0917,36.0682],[116.0773,36.1031],[115.9269,36.022],[115.8332,36.0324],[115.7387,35.9686],[115.6692,35.9438],[115.5303,35.9112],[115.4682,35.9129],[115.4454,35.8969],[115.4164,35.8238],[115.3556,35.7808],[115.3258,35.7753],[115.3184,35.8173],[115.3357,35.9364],[115.424,35.9946],[115.4588,36.07],[115.4603,36.1579],[115.4488,36.2492],[115.4,36.2986],[115.3542,36.303],[115.3433,36.3521],[115.2761,36.4797],[115.348,36.5817],[115.3416,36.5998],[115.4778,36.7536],[115.6264,36.7936],[115.6644,36.8153],[115.6918,36.8696],[115.773,36.9457],[115.7814,36.9963],[115.8574,37.0662],[115.8984,37.1962],[115.9671,37.2572],[115.9772,37.3238],[116.0492,37.3582],[116.1339,37.37],[116.1955,37.3541],[116.2265,37.3635],[116.2565,37.3943],[116.2227,37.4383],[116.2199,37.4624],[116.2639,37.5113],[116.2787,37.55],[116.3501,37.6209],[116.376,37.5831],[116.3864,37.5156],[116.4252,37.4807],[116.4494,37.5116],[116.5939,37.6226],[116.6486,37.7038],[116.7253,37.7503],[116.7503,37.809],[116.7928,37.8383],[116.9965,37.8319],[117.4206,37.8467],[117.4957,37.9401],[117.5327,38.0154],[117.5687,38.0489],[117.6873,38.0727],[117.7541,38.1282],[117.7798,38.1644],[117.7677,38.1909],[117.7752,38.2358],[117.8372,38.2709]]],[[[120.7484,37.9387],[120.7546,37.8967],[120.7224,37.9191],[120.7271,37.9477],[120.7484,37.9387]]],[[[120.7201,37.9809],[120.7205,37.964],[120.6882,37.9853],[120.7201,37.9809]]],[[[120.6068,37.9799],[120.6258,37.9726],[120.6229,37.9488],[120.6019,37.9693],[120.6068,37.9799]]],[[[120.8065,38.2882],[120.8074,38.3049],[120.8338,38.3126],[120.8065,38.2882]]],[[[120.7604,38.1705],[120.7733,38.1597],[120.7466,38.1619],[120.7427,38.1876],[120.7604,38.1705]]]]}},{"type":"Feature","id":"Shanghai","properties":{"id":"Shanghai","iso_code":"CN-SH","name":"Shanghai","name_full":"Shanghai","name_ja":"上海市","center_lonlat":[121.4114,31.0772]},"geometry":{"type":"MultiPolygon","coordinates":[[[[121.3409,31.491],[121.5462,31.3661],[121.6316,31.3358],[121.7252,31.2816],[121.877,31.0991],[121.9508,30.9821],[121.9774,30.9149],[121.9601,30.8743],[121.9074,30.8571],[121.6311,30.8366],[121.5429,30.8165],[121.4106,30.7674],[121.3335,30.7031],[121.2748,30.6912],[121.2352,30.7673],[121.2043,30.7848],[121.1403,30.7911],[121.0941,30.8408],[121.0679,30.8391],[121.0378,30.8085],[120.9849,30.8265],[120.9972,30.861],[120.979,30.8923],[120.9935,30.9264],[120.9843,30.9924],[120.9692,31.0095],[120.9093,31.0117],[120.8892,31.0791],[120.8663,31.1074],[120.8652,31.1357],[120.9582,31.135],[121.063,31.1537],[121.0613,31.2666],[121.1289,31.2803],[121.1415,31.3242],[121.1356,31.3744],[121.1804,31.4512],[121.2487,31.4854],[121.3409,31.491]]],[[[121.8441,31.6079],[121.9801,31.5403],[121.9779,31.4778],[121.8514,31.4392],[121.6846,31.5068],[121.5715,31.5294],[121.5175,31.5684],[121.3145,31.6556],[121.2859,31.704],[121.2245,31.7377],[121.1763,31.7843],[121.2193,31.8295],[121.2641,31.8411],[121.3226,31.8293],[121.4753,31.7708],[121.6632,31.6524],[121.8441,31.6079]]],[[[121.7624,31.3738],[121.7822,31.3418],[121.78,31.3252],[121.7664,31.3206],[121.5845,31.4414],[121.6182,31.4438],[121.6913,31.4192],[121.7624,31.3738]]],[[[121.8377,31.3751],[121.8678,31.3662],[121.8818,31.3366],[121.8662,31.3042],[121.8347,31.2925],[121.7942,31.3688],[121.8377,31.3751]]]]}},{"type":"Feature","id":"Shanxi","properties":{"id":"Shanxi","iso_code":"CN-SX","name":"Shanxi","name_full":"Shanxi","name_ja":"山西省","center_lonlat":[112.2837,37.5715]},"geometry":{"type":"Polygon","coordinates":[[[114.1541,40.7426],[114.1563,40.6639],[114.2523,40.5679],[114.2591,40.4926],[114.2951,40.3668],[114.4482,40.3589],[114.5042,40.3425],[114.5107,40.325],[114.4503,40.2938],[114.0996,40.1968],[114.0749,40.16],[114.0608,40.0867],[114.04,40.0888],[114.0149,40.127],[113.996,40.1318],[113.9342,40.0607],[113.9244,40.0291],[114.0095,39.9807],[114.058,39.9245],[114.1857,39.904],[114.2332,39.8764],[114.3881,39.8576],[114.4055,39.8265],[114.4021,39.6585],[114.4305,39.6127],[114.4757,39.5981],[114.5409,39.5312],[114.529,39.4822],[114.4684,39.3901],[114.4595,39.3382],[114.4164,39.2901],[114.4056,39.1839],[114.3779,39.1574],[114.3167,39.1367],[114.268,39.0821],[114.1167,39.0656],[114.0212,39.1193],[113.8533,39.0723],[113.8158,38.9948],[113.7669,38.9634],[113.7542,38.9313],[113.8251,38.8103],[113.7487,38.7295],[113.6906,38.7136],[113.6809,38.6678],[113.609,38.6445],[113.5345,38.5373],[113.5429,38.4393],[113.5174,38.3687],[113.5395,38.2521],[113.676,38.2122],[113.7458,38.1618],[113.7907,38.1529],[113.8915,37.9495],[113.9264,37.9236],[113.9871,37.839],[114.0264,37.7508],[114.1004,37.6982],[114.1065,37.6694],[114.0919,37.5832],[114.0515,37.498],[113.897,37.3122],[113.8577,37.2089],[113.7543,37.1149],[113.7484,37.0515],[113.7748,36.9687],[113.7708,36.8682],[113.6792,36.8716],[113.6647,36.8199],[113.6078,36.7691],[113.4635,36.7396],[113.4384,36.7195],[113.469,36.6896],[113.455,36.6402],[113.5064,36.6032],[113.5474,36.5485],[113.5331,36.5163],[113.5351,36.4834],[113.6308,36.4381],[113.6915,36.3953],[113.721,36.3559],[113.6729,36.2215],[113.6945,36.1937],[113.6713,36.1614],[113.6946,36.1302],[113.6785,36.0911],[113.6853,36.044],[113.6627,35.981],[113.6257,35.9461],[113.6209,35.8555],[113.6325,35.8182],[113.5944,35.8078],[113.5903,35.7867],[113.5973,35.7589],[113.5853,35.6809],[113.6096,35.6341],[113.5461,35.5906],[113.4676,35.5056],[113.3284,35.463],[113.3,35.4647],[113.297,35.4376],[113.2803,35.4219],[113.2375,35.4196],[113.1684,35.3886],[113.1209,35.348],[113.0198,35.3286],[112.9636,35.2715],[112.9028,35.2406],[112.8076,35.242],[112.7238,35.2745],[112.6746,35.3122],[112.6101,35.2877],[112.5832,35.242],[112.526,35.2203],[112.4015,35.2358],[112.335,35.2187],[112.0585,35.2345],[112.0611,35.1085],[112.0382,35.0458],[111.9577,35.0942],[111.8294,35.0826],[111.7408,35.019],[111.6829,35.0079],[111.6705,34.9975],[111.6786,34.9789],[111.6308,34.9584],[111.5577,34.8634],[111.3838,34.8219],[111.3428,34.8424],[111.285,34.8164],[111.2569,34.8281],[111.2229,34.7986],[111.1387,34.8192],[111.1246,34.7788],[111.1094,34.7687],[111.0257,34.7475],[110.9899,34.722],[110.9108,34.7325],[110.9232,34.6858],[110.8838,34.6661],[110.7658,34.6613],[110.7086,34.621],[110.6476,34.6022],[110.5848,34.6009],[110.5305,34.5837],[110.4832,34.6158],[110.4378,34.609],[110.4112,34.5891],[110.377,34.6158],[110.336,34.6158],[110.2982,34.6213],[110.2523,34.6633],[110.2374,34.8014],[110.2725,34.8816],[110.2597,34.9448],[110.3354,35.198],[110.3728,35.2554],[110.4248,35.2942],[110.4965,35.4041],[110.5477,35.4382],[110.5631,35.4908],[110.5562,35.5086],[110.6029,35.5543],[110.6198,35.5973],[110.5756,35.7125],[110.5604,35.8492],[110.5415,35.8839],[110.511,35.8869],[110.4978,35.9797],[110.4472,36.1419],[110.4453,36.1855],[110.4732,36.2637],[110.459,36.3494],[110.4989,36.5246],[110.4832,36.593],[110.3901,36.6889],[110.3931,36.6986],[110.4214,36.6926],[110.4412,36.7265],[110.4393,36.7423],[110.418,36.7336],[110.418,36.7541],[110.377,36.7752],[110.3975,36.7814],[110.418,36.8162],[110.4041,36.8374],[110.4112,36.8497],[110.3696,36.8912],[110.3951,36.907],[110.4183,36.9673],[110.3733,37.0179],[110.4275,37.0103],[110.4453,37.0216],[110.418,37.0353],[110.4601,37.0513],[110.5089,37.1017],[110.5372,37.1555],[110.634,37.251],[110.6439,37.2748],[110.665,37.2823],[110.6874,37.3572],[110.6337,37.3793],[110.6371,37.4182],[110.6536,37.434],[110.7156,37.4499],[110.7463,37.4803],[110.7696,37.5424],[110.7888,37.5614],[110.7668,37.6379],[110.7948,37.6584],[110.7792,37.6784],[110.7054,37.7137],[110.744,37.7325],[110.7531,37.7458],[110.7429,37.7649],[110.6534,37.8132],[110.5772,37.9314],[110.515,37.955],[110.5,38.0904],[110.5096,38.1451],[110.5,38.1661],[110.5112,38.2022],[110.5688,38.227],[110.5797,38.2873],[110.6712,38.317],[110.7463,38.3778],[110.7743,38.4262],[110.8528,38.4572],[110.8971,38.5355],[110.9009,38.5805],[110.8718,38.6214],[110.9803,38.8166],[111.0036,38.9026],[110.9729,38.9743],[110.995,39.0038],[111.089,39.0426],[111.118,39.0674],[111.1585,39.1729],[111.2267,39.297],[111.2249,39.3105],[111.1852,39.3306],[111.167,39.3648],[111.151,39.3572],[111.11,39.3852],[111.1642,39.4233],[111.2843,39.4249],[111.3427,39.4444],[111.3728,39.4892],[111.4212,39.5221],[111.4254,39.6254],[111.4635,39.6203],[111.453,39.6453],[111.4899,39.6522],[111.6749,39.6359],[111.7083,39.6096],[111.7514,39.5978],[111.847,39.6288],[111.9267,39.6959],[111.9529,39.7821],[111.9925,39.8235],[112.099,40.0054],[112.1651,40.0593],[112.2793,40.229],[112.3992,40.2883],[112.4534,40.2841],[112.5332,40.2482],[112.5958,40.2378],[112.7156,40.171],[112.8157,40.2024],[112.9506,40.3504],[113.0865,40.4044],[113.1831,40.4253],[113.2436,40.4071],[113.2843,40.3431],[113.3238,40.3206],[113.4873,40.3331],[113.6766,40.4285],[113.7953,40.4309],[113.8961,40.4692],[114.0687,40.4979],[114.0816,40.5396],[114.0335,40.6008],[114.0284,40.6424],[114.0635,40.6925],[114.1541,40.7426]]]}},{"type":"Feature","id":"Sichuan","properties":{"id":"Sichuan","iso_code":"CN-SC","name":"Sichuan","name_full":"Sichuan","name_ja":"四川省","center_lonlat":[102.7024,30.6142]},"geometry":{"type":"Polygon","coordinates":[[[108.5184,32.1976],[108.389,32.1843],[108.3612,32.1672],[108.4146,32.1097],[108.4169,32.0893],[108.3447,32.0735],[108.2602,31.9546],[108.2714,31.9321],[108.4809,31.8108],[108.5148,31.7661],[108.5235,31.7379],[108.5162,31.7083],[108.4496,31.6529],[108.4068,31.566],[108.3523,31.5174],[108.3232,31.4994],[108.2322,31.4813],[108.1925,31.3779],[108.194,31.3309],[108.1759,31.3061],[108.0374,31.2298],[108.0436,31.1857],[108.0068,31.0386],[107.9329,30.9564],[107.9529,30.9172],[107.9295,30.8727],[107.8249,30.7986],[107.7799,30.8142],[107.7215,30.8892],[107.6514,30.8406],[107.5305,30.8358],[107.4772,30.7911],[107.4511,30.7331],[107.4884,30.6578],[107.4776,30.6095],[107.4165,30.5267],[107.3721,30.4999],[107.2671,30.3259],[107.2287,30.2382],[107.185,30.2097],[107.1293,30.141],[107.0329,30.0579],[106.9593,30.064],[106.7919,30.0363],[106.7292,30.0499],[106.6954,30.0928],[106.6855,30.1337],[106.6538,30.168],[106.6178,30.2687],[106.5441,30.3399],[106.5017,30.3126],[106.4364,30.3216],[106.4083,30.2719],[106.3049,30.2629],[106.267,30.2277],[106.239,30.2202],[106.1907,30.2637],[106.1642,30.316],[106.1247,30.3423],[105.9988,30.3851],[105.905,30.3974],[105.8331,30.4363],[105.7917,30.4234],[105.7283,30.3296],[105.7283,30.2767],[105.6392,30.2792],[105.628,30.2566],[105.6514,30.2291],[105.6483,30.2139],[105.5552,30.1759],[105.568,30.1359],[105.7486,30.0208],[105.713,29.9568],[105.7166,29.8733],[105.5677,29.8168],[105.5428,29.7307],[105.4945,29.7318],[105.4562,29.6982],[105.4117,29.7032],[105.3909,29.6922],[105.2911,29.5848],[105.2852,29.5528],[105.2978,29.5003],[105.3208,29.464],[105.4052,29.43],[105.4125,29.3439],[105.4579,29.315],[105.5058,29.2915],[105.5887,29.2887],[105.6539,29.2689],[105.6784,29.3004],[105.7037,29.2998],[105.7006,29.2237],[105.7338,29.1541],[105.724,29.1177],[105.7401,29.0712],[105.7391,29.0122],[105.7951,28.9365],[105.8371,28.9176],[105.8697,28.9178],[106.0004,28.9744],[106.1057,28.9207],[106.1793,28.9157],[106.2476,28.8847],[106.2603,28.8693],[106.2574,28.7938],[106.282,28.7027],[106.3824,28.5725],[106.3721,28.5228],[106.3387,28.4801],[106.3142,28.471],[106.2997,28.483],[106.2873,28.545],[106.1793,28.5905],[106.1537,28.6236],[105.9753,28.7552],[105.9237,28.6935],[105.8919,28.6093],[105.7849,28.589],[105.7301,28.6037],[105.7063,28.5984],[105.676,28.5741],[105.6581,28.5246],[105.6188,28.4915],[105.6558,28.4411],[105.6522,28.3312],[105.6986,28.3045],[105.7599,28.3043],[105.866,28.2584],[105.8806,28.2357],[105.8756,28.1742],[105.8918,28.1539],[105.9561,28.1553],[106.009,28.1402],[106.1094,28.1747],[106.1815,28.1417],[106.2007,28.1208],[106.211,28.0609],[106.299,28.0004],[106.3109,27.9257],[106.3449,27.8451],[106.3397,27.8284],[106.2291,27.769],[106.0949,27.7875],[106.0392,27.7568],[105.9048,27.7539],[105.8431,27.7194],[105.7566,27.7203],[105.7119,27.6915],[105.6469,27.6781],[105.6256,27.6863],[105.5988,27.7263],[105.5535,27.7447],[105.5245,27.7746],[105.4798,27.7839],[105.3684,27.7637],[105.3297,27.7293],[105.297,27.7217],[105.27,27.759],[105.277,27.7874],[105.2281,27.8558],[105.2687,27.9184],[105.2824,28.0007],[105.2033,28.0015],[105.1719,28.0617],[105.0557,28.0881],[105.0174,28.0852],[104.9719,28.0561],[104.9525,28.0004],[104.9561,27.9457],[104.888,27.8958],[104.7734,27.8725],[104.7024,27.883],[104.6048,27.8458],[104.4825,27.891],[104.3754,27.9617],[104.3284,28.0231],[104.3338,28.0467],[104.4366,28.0816],[104.4431,28.1105],[104.4059,28.1878],[104.4232,28.22],[104.4173,28.2393],[104.3765,28.2823],[104.2941,28.3105],[104.2685,28.3338],[104.2499,28.5201],[104.2621,28.545],[104.3444,28.5716],[104.381,28.569],[104.44,28.6054],[104.443,28.6245],[104.3836,28.6465],[104.2927,28.6323],[104.2483,28.662],[104.2325,28.6397],[104.1402,28.6334],[104.0922,28.6127],[104.0478,28.6336],[103.9731,28.6131],[103.9088,28.6336],[103.8782,28.6306],[103.8666,28.6752],[103.8511,28.6681],[103.8367,28.6049],[103.7952,28.5312],[103.8598,28.4009],[103.8803,28.3257],[103.7223,28.2155],[103.6438,28.2705],[103.6128,28.25],[103.5718,28.2432],[103.5384,28.1845],[103.4551,28.1339],[103.4568,28.1053],[103.4346,28.0682],[103.4412,28.0424],[103.4892,28.0377],[103.5142,27.9714],[103.565,27.9831],[103.5189,27.9454],[103.5033,27.8497],[103.4769,27.8],[103.4588,27.7926],[103.4517,27.76],[103.2844,27.6405],[103.3048,27.6051],[103.2962,27.5879],[103.2181,27.5669],[103.1605,27.4972],[103.1472,27.4344],[103.1208,27.4123],[103.0473,27.4065],[102.9915,27.386],[102.9548,27.4208],[102.8895,27.2915],[102.9157,27.1344],[102.8784,27.0358],[102.8996,27.0031],[102.9013,26.9247],[102.9753,26.8311],[103.0295,26.6619],[103.0305,26.6018],[103.0579,26.5572],[103.039,26.5062],[102.9958,26.4854],[103.0033,26.4612],[102.9896,26.4413],[103.0033,26.4004],[102.9885,26.3652],[102.9514,26.3451],[102.8782,26.3651],[102.8455,26.3272],[102.767,26.2934],[102.7111,26.229],[102.6811,26.2216],[102.6099,26.2602],[102.6265,26.3451],[102.5681,26.3786],[102.5029,26.3377],[102.4006,26.3118],[102.3386,26.2512],[102.2521,26.2289],[102.2224,26.1869],[102.1457,26.1322],[102.1126,26.0844],[101.9216,26.0989],[101.8768,26.0494],[101.8449,26.0359],[101.8348,26.0553],[101.7806,26.0918],[101.7637,26.1763],[101.6679,26.2322],[101.6143,26.2057],[101.5824,26.219],[101.5741,26.2986],[101.6363,26.3419],[101.6437,26.3684],[101.6081,26.3969],[101.5817,26.4551],[101.5442,26.495],[101.5077,26.5182],[101.4512,26.5306],[101.4124,26.5697],[101.4947,26.7056],[101.5004,26.7748],[101.4689,26.787],[101.4303,26.7334],[101.3977,26.7353],[101.3757,26.761],[101.3503,26.8632],[101.1525,27.0273],[101.1407,27.0654],[101.1755,27.1703],[101.168,27.196],[101.0994,27.2052],[101.0372,27.1783],[101.0088,27.1884],[100.978,27.3737],[100.9266,27.4507],[100.8712,27.4853],[100.8721,27.562],[100.6609,27.8751],[100.6147,27.8934],[100.5435,27.8171],[100.4643,27.8472],[100.432,27.8456],[100.3492,27.7467],[100.3206,27.7331],[100.2975,27.7611],[100.2997,27.8322],[100.2881,27.8644],[100.2021,27.8988],[100.1596,27.9644],[100.0721,28.0442],[100.0282,28.1694],[100.162,28.2363],[100.1682,28.2603],[100.1468,28.2854],[100.1502,28.3278],[100.1316,28.351],[100.0683,28.384],[100.001,28.4562],[99.9451,28.5597],[99.8456,28.6038],[99.8284,28.6726],[99.755,28.7169],[99.7323,28.745],[99.7128,28.8458],[99.6152,28.8051],[99.5909,28.7408],[99.5413,28.696],[99.5217,28.6102],[99.5029,28.5794],[99.3931,28.5428],[99.3734,28.5189],[99.3711,28.5008],[99.398,28.4566],[99.3886,28.3343],[99.4164,28.2548],[99.3989,28.1265],[99.3867,28.1394],[99.3815,28.1845],[99.2747,28.2773],[99.2737,28.3073],[99.2269,28.3394],[99.1626,28.4382],[99.1805,28.5048],[99.1655,28.5548],[99.1724,28.5926],[99.1543,28.6407],[99.1308,28.6646],[99.1177,28.7087],[99.1246,28.7497],[99.0966,28.8359],[99.1211,28.9647],[99.1041,29.0923],[99.1088,29.2238],[99.0625,29.3083],[99.042,29.5625],[98.9868,29.6509],[99.001,29.757],[99.0147,29.7679],[99.001,29.785],[99.0055,29.8201],[99.0563,29.9153],[99.0368,29.9756],[99.0341,30.0553],[98.9868,30.1444],[98.9607,30.46],[98.9328,30.4907],[98.9318,30.5796],[98.9054,30.6638],[98.9055,30.6825],[98.9533,30.7082],[98.9607,30.7272],[98.9543,30.7479],[98.8986,30.7787],[98.7877,30.8809],[98.7751,30.9022],[98.798,30.9409],[98.803,30.991],[98.7262,31.0597],[98.6931,31.1247],[98.6516,31.1555],[98.6038,31.1698],[98.6203,31.1879],[98.6114,31.2562],[98.6212,31.2889],[98.6491,31.3167],[98.6827,31.3159],[98.7678,31.2304],[98.885,31.3541],[98.5922,31.5988],[98.5691,31.6318],[98.5587,31.6771],[98.5015,31.7498],[98.4685,31.7669],[98.4257,31.8134],[98.4353,31.8384],[98.419,31.8799],[98.445,31.908],[98.453,31.9841],[98.3935,32.0401],[98.3747,32.0804],[98.3096,32.1287],[98.2202,32.2522],[98.2058,32.3556],[98.1231,32.4003],[98.0806,32.4047],[98.0142,32.4645],[97.8868,32.4976],[97.8565,32.5191],[97.8178,32.5133],[97.7157,32.5442],[97.6206,32.588],[97.6033,32.6215],[97.5657,32.6249],[97.4307,32.7003],[97.3842,32.7792],[97.3773,32.8617],[97.361,32.897],[97.4003,32.9577],[97.4687,32.9825],[97.4999,33.0083],[97.5043,33.0456],[97.4765,33.1203],[97.4951,33.1875],[97.5752,33.264],[97.6157,33.3284],[97.7011,33.3565],[97.7358,33.3894],[97.7243,33.4061],[97.6591,33.4203],[97.6216,33.4456],[97.56,33.4479],[97.5213,33.4626],[97.4972,33.4876],[97.4774,33.5622],[97.4195,33.5836],[97.3862,33.6214],[97.3947,33.7367],[97.3648,33.8258],[97.3752,33.8624],[97.6102,33.9309],[97.624,33.9401],[97.6416,34.0011],[97.6957,34.0052],[97.7314,33.9609],[97.7511,33.8594],[97.8755,33.8819],[97.9961,33.9526],[98.0349,33.9598],[98.2277,33.9341],[98.263,33.9008],[98.2702,33.8586],[98.289,33.8469],[98.3974,33.8638],[98.4442,33.8487],[98.5796,33.7427],[98.6538,33.6657],[98.6279,33.6159],[98.6634,33.5898],[98.6947,33.5212],[98.7357,33.4898],[98.7785,33.3503],[98.7742,33.2912],[98.8716,33.1592],[99.1006,33.0725],[99.2,33.017],[99.2253,32.9989],[99.2894,32.8871],[99.3632,32.8772],[99.4273,32.8443],[99.5249,32.8304],[99.6985,32.7446],[99.7212,32.7455],[99.7289,32.7577],[99.7626,32.847],[99.7693,32.9218],[99.8308,32.9469],[99.8602,33.0276],[99.8759,33.0246],[99.9366,32.9528],[99.9661,32.939],[100.0123,32.9465],[100.0469,32.9355],[100.0837,32.8854],[100.1448,32.8386],[100.1577,32.7506],[100.119,32.6709],[100.142,32.6476],[100.2232,32.6369],[100.255,32.7258],[100.3611,32.7399],[100.3994,32.7584],[100.4888,32.6836],[100.5087,32.6283],[100.5609,32.5633],[100.5448,32.5372],[100.4831,32.4982],[100.4665,32.4647],[100.4877,32.4326],[100.5312,32.4034],[100.603,32.4512],[100.635,32.5262],[100.6429,32.5945],[100.6794,32.6421],[100.6747,32.6831],[100.8349,32.6635],[100.9215,32.6262],[100.9964,32.6423],[101.0656,32.6809],[101.1278,32.6678],[101.1708,32.6883],[101.2175,32.7578],[101.2374,32.8183],[101.226,32.8697],[101.1455,32.917],[101.1272,32.9541],[101.128,33.0227],[101.1713,33.1399],[101.22,33.1706],[101.3243,33.2023],[101.3743,33.1786],[101.4093,33.2319],[101.4452,33.2359],[101.4806,33.2248],[101.592,33.1296],[101.6272,33.1168],[101.7269,33.2678],[101.7102,33.2947],[101.6651,33.3204],[101.6688,33.3828],[101.6911,33.4203],[101.7661,33.4712],[101.7775,33.53],[101.7954,33.6051],[101.845,33.5848],[101.884,33.5463],[101.886,33.4975],[101.9247,33.4332],[101.8891,33.3287],[101.8435,33.2847],[101.8247,33.2483],[101.8559,33.184],[101.856,33.1202],[101.9875,33.2136],[102.0994,33.2222],[102.1456,33.3034],[102.2392,33.3281],[102.2893,33.3855],[102.3863,33.4098],[102.462,33.4576],[102.4546,33.4719],[102.4818,33.465],[102.4531,33.5234],[102.46,33.5416],[102.4818,33.5401],[102.4029,33.5941],[102.356,33.6094],[102.3248,33.6534],[102.3431,33.7252],[102.3351,33.7357],[102.3052,33.7203],[102.2907,33.7251],[102.3248,33.7518],[102.2995,33.7808],[102.2474,33.7977],[102.2487,33.8164],[102.2642,33.8262],[102.1712,33.9418],[102.2777,33.9827],[102.372,33.976],[102.4061,33.9987],[102.4254,34.0398],[102.4586,34.0692],[102.6352,34.0885],[102.6359,34.1103],[102.5805,34.1307],[102.5885,34.1604],[102.7083,34.2142],[102.7647,34.2682],[102.9125,34.2997],[102.9443,34.2841],[103.0095,34.2066],[103.1201,34.1686],[103.1406,34.1473],[103.1543,34.0831],[103.1442,33.9435],[103.1932,33.8838],[103.188,33.8126],[103.2286,33.7833],[103.297,33.7596],[103.3901,33.7577],[103.553,33.8156],[103.5563,33.794],[103.5215,33.7258],[103.5313,33.7063],[103.6439,33.7137],[103.7659,33.6723],[103.9151,33.6833],[104.093,33.6685],[104.1445,33.6396],[104.1713,33.5908],[104.1638,33.5223],[104.1747,33.4902],[104.2929,33.3636],[104.3669,33.3391],[104.3858,33.3201],[104.3677,33.3043],[104.3078,33.3028],[104.282,33.2821],[104.2966,33.1934],[104.3282,33.1404],[104.4059,33.0633],[104.4158,33.0345],[104.3876,32.9658],[104.3213,32.9527],[104.2907,32.9231],[104.2765,32.8823],[104.2821,32.8572],[104.3128,32.8302],[104.4057,32.8094],[104.5584,32.6883],[104.7041,32.6481],[104.8277,32.6439],[104.8983,32.6118],[105.0473,32.6376],[105.0883,32.6],[105.1127,32.5943],[105.1468,32.6083],[105.1947,32.6617],[105.27,32.6417],[105.3703,32.7141],[105.4289,32.7375],[105.4388,32.7673],[105.3781,32.8359],[105.378,32.8605],[105.4309,32.9115],[105.4813,32.9218],[105.4986,32.9074],[105.5513,32.8059],[105.5683,32.7305],[105.5996,32.7039],[105.6333,32.7075],[105.7245,32.7598],[105.806,32.7551],[105.8438,32.8197],[105.8755,32.8447],[106.0823,32.8735],[106.1028,32.8482],[106.0569,32.7601],[106.0595,32.7061],[106.1149,32.6488],[106.2289,32.592],[106.2819,32.5955],[106.3756,32.6425],[106.6256,32.6801],[106.7231,32.7416],[106.843,32.7169],[107.039,32.718],[107.0653,32.7083],[107.0962,32.6692],[107.093,32.5955],[107.0686,32.5329],[107.0796,32.5136],[107.2169,32.447],[107.2562,32.4445],[107.2841,32.4529],[107.3804,32.5254],[107.4418,32.5328],[107.4596,32.4086],[107.6592,32.3886],[107.783,32.3028],[107.851,32.2204],[107.9804,32.1483],[108.0031,32.1499],[108.0159,32.2033],[108.0518,32.2266],[108.1877,32.2353],[108.251,32.2648],[108.2914,32.2512],[108.3676,32.2655],[108.4636,32.2566],[108.5184,32.1976]]]}},{"type":"Feature","id":"Tianjin","properties":{"id":"Tianjin","iso_code":"CN-TJ","name":"Tianjin","name_full":"Tianjin","name_ja":"天津市","center_lonlat":[117.3185,39.2963]},"geometry":{"type":"Polygon","coordinates":[[[118.0096,39.2186],[117.8856,39.2011],[117.7573,39.1144],[117.7154,39.1114],[117.7183,39.093],[117.7515,39.0679],[117.7753,38.9811],[117.7019,38.9953],[117.7088,38.981],[117.584,38.8116],[117.5732,38.7137],[117.5435,38.6213],[117.2557,38.5614],[117.2133,38.5979],[117.0949,38.6118],[117.0727,38.6242],[117.0528,38.6904],[117.0356,38.7077],[116.8975,38.6928],[116.8511,38.7389],[116.7738,38.7642],[116.7234,38.8032],[116.6825,38.8968],[116.6958,38.9934],[116.7122,39.0118],[116.8918,39.1025],[116.9101,39.1301],[116.902,39.1565],[116.8436,39.1833],[116.8261,39.2165],[116.8532,39.3522],[116.7912,39.4929],[116.7934,39.6023],[116.8216,39.6191],[116.8756,39.6865],[117.1222,39.618],[117.1694,39.6272],[117.2029,39.7616],[117.1843,39.8088],[117.2631,39.8512],[117.2482,39.8647],[117.1796,39.8794],[117.1594,39.9057],[117.1484,39.9558],[117.2391,40.0926],[117.3063,40.1072],[117.3637,40.1805],[117.372,40.2006],[117.3568,40.257],[117.4511,40.2267],[117.5559,40.1704],[117.6225,40.1239],[117.6501,40.0832],[117.7553,40.0582],[117.742,40.0261],[117.7888,39.9866],[117.7727,39.9649],[117.6345,39.9614],[117.5305,40.0025],[117.503,39.9929],[117.5174,39.9397],[117.5032,39.8732],[117.5235,39.8282],[117.5331,39.7504],[117.5641,39.7297],[117.5803,39.6842],[117.6273,39.6605],[117.6371,39.6285],[117.6189,39.5889],[117.6248,39.5785],[117.6799,39.5617],[117.7136,39.5331],[117.7342,39.5422],[117.7563,39.5815],[117.8239,39.5656],[117.8742,39.5714],[117.9051,39.5539],[117.9127,39.5333],[117.8762,39.4246],[117.8913,39.4018],[117.9763,39.3718],[118.0079,39.3427],[118.0096,39.2186]]]}},{"type":"Feature","id":"Tibet","properties":{"id":"Tibet","iso_code":"CN-XZ","name":"Tibet","name_full":"Tibet","name_ja":"チベット自治区","center_lonlat":[88.1182,31.6864]},"geometry":{"type":"Polygon","coordinates":[[[78.9569,34.34],[79.0377,34.3847],[79.2045,34.4394],[79.3384,34.4308],[79.4811,34.4712],[79.6025,34.4587],[79.7279,34.4112],[79.7696,34.4142],[79.794,34.431],[79.8627,34.5212],[79.96,34.6974],[79.9585,34.7487],[79.9111,34.8077],[79.8812,34.8939],[79.8838,34.9196],[79.9263,34.9547],[80.01,34.9711],[80.0379,34.99],[80.0452,35.0302],[80.0142,35.0859],[80.1762,35.2532],[80.2595,35.4173],[80.2579,35.5017],[80.2742,35.5276],[80.486,35.4042],[80.6706,35.3814],[80.7582,35.3444],[80.8758,35.3434],[80.9789,35.2934],[81.0352,35.3042],[81.0372,35.3635],[81.0507,35.3833],[81.0735,35.3895],[81.2102,35.3169],[81.3573,35.3324],[81.4174,35.326],[81.4618,35.3102],[81.5587,35.2448],[81.6042,35.2369],[81.7114,35.2457],[82.0022,35.3194],[82.037,35.352],[82.0661,35.4337],[82.2892,35.545],[82.3098,35.5716],[82.3189,35.6337],[82.4145,35.6857],[82.7104,35.6502],[82.8254,35.6918],[82.9126,35.6829],[82.9568,35.6572],[82.9766,35.6214],[82.9718,35.4904],[83.1218,35.4044],[83.2262,35.4235],[83.3286,35.3971],[83.4526,35.3936],[83.5648,35.3607],[83.6151,35.359],[83.8707,35.3745],[84.0091,35.4185],[84.1332,35.3775],[84.1743,35.3768],[84.5634,35.5595],[84.7776,35.6005],[84.8475,35.6335],[84.9236,35.6893],[85.1498,35.7498],[85.2708,35.7302],[85.3674,35.7549],[85.4426,35.7521],[85.5239,35.7163],[85.5487,35.669],[85.5713,35.656],[85.6198,35.6754],[85.7289,35.7661],[85.9299,35.7617],[85.9732,35.7722],[86.0874,35.8756],[86.1286,35.9804],[86.1868,36.0343],[86.2123,36.1159],[86.2724,36.1456],[86.4113,36.1745],[86.4748,36.2239],[86.6613,36.2201],[86.787,36.2603],[87.0008,36.2741],[87.0635,36.2922],[87.1799,36.301],[87.3456,36.3741],[87.5006,36.3365],[87.5709,36.3338],[87.8876,36.3691],[88.0001,36.4284],[88.1488,36.4284],[88.2768,36.4486],[88.4592,36.4489],[88.5224,36.4143],[88.7117,36.3684],[88.8386,36.3717],[88.9749,36.2787],[89.1105,36.2623],[89.2236,36.2636],[89.6778,36.082],[89.5147,36.0533],[89.4669,36.0271],[89.4351,35.9878],[89.4589,35.9166],[89.5116,35.8639],[89.6337,35.8325],[89.7601,35.838],[89.7926,35.818],[89.7813,35.7534],[89.7151,35.6423],[89.7228,35.5663],[89.6907,35.5198],[89.6999,35.4976],[89.7434,35.4693],[89.7376,35.45],[89.6187,35.3872],[89.4916,35.3504],[89.4805,35.3322],[89.4831,35.2669],[89.4541,35.2246],[89.4702,35.1891],[89.5717,35.0733],[89.5607,34.9788],[89.5692,34.948],[89.6097,34.9347],[89.7782,34.9304],[89.808,34.906],[89.8252,34.8461],[89.812,34.8123],[89.7158,34.7251],[89.725,34.6965],[89.7618,34.6627],[89.7911,34.5541],[89.7957,34.4084],[89.8403,34.3833],[89.8445,34.358],[89.8186,34.3175],[89.7866,34.1985],[89.7306,34.1487],[89.658,34.131],[89.6359,34.0745],[89.6811,33.9834],[89.7419,33.9095],[89.887,33.8139],[89.8922,33.7556],[89.9528,33.7155],[89.9751,33.6306],[90.0372,33.6051],[90.0974,33.5973],[90.1602,33.5604],[90.2032,33.5001],[90.1924,33.4545],[90.2057,33.4015],[90.262,33.3267],[90.3056,33.2951],[90.3596,33.2838],[90.4244,33.288],[90.5826,33.1886],[90.6826,33.1493],[90.7738,33.1391],[90.8416,33.1546],[90.94,33.2366],[91.0375,33.2348],[91.1279,33.2543],[91.1425,33.2674],[91.1529,33.3147],[91.1776,33.3346],[91.3707,33.3357],[91.3999,33.3165],[91.3681,33.292],[91.3765,33.2713],[91.4752,33.1407],[91.5427,33.0803],[91.7203,32.9825],[91.8131,32.9683],[91.9244,32.8715],[91.9768,32.8486],[92.031,32.8538],[92.1015,32.8878],[92.1961,32.8686],[92.2038,32.8582],[92.1876,32.8153],[92.2032,32.7615],[92.2214,32.745],[92.2566,32.7444],[92.2974,32.7625],[92.3347,32.7522],[92.373,32.7712],[92.4191,32.7559],[92.4658,32.7694],[92.65,32.7404],[92.7273,32.7606],[92.85,32.7289],[92.9067,32.7269],[92.9859,32.7437],[93.0059,32.7346],[93.044,32.6523],[93.0817,32.6653],[93.1957,32.6672],[93.3624,32.569],[93.4426,32.5633],[93.4755,32.5188],[93.4949,32.514],[93.5972,32.5646],[93.7342,32.5725],[93.802,32.5552],[93.8524,32.4998],[93.9309,32.5096],[94.0046,32.4806],[94.1108,32.4782],[94.1783,32.5223],[94.335,32.55],[94.3568,32.6141],[94.3804,32.6141],[94.4106,32.5915],[94.5206,32.6313],[94.5822,32.6722],[94.6149,32.6727],[94.6714,32.6205],[94.7218,32.5929],[94.7552,32.5355],[94.8522,32.5001],[94.9244,32.456],[94.9368,32.438],[94.9513,32.3372],[94.9684,32.3196],[95.0783,32.2545],[95.2695,32.2409],[95.3176,32.1843],[95.3962,32.1621],[95.4253,32.0948],[95.4066,32.0435],[95.4243,32.0183],[95.3725,31.9994],[95.3555,31.9799],[95.3543,31.9544],[95.3902,31.8879],[95.4068,31.8107],[95.4869,31.7467],[95.6449,31.7604],[95.725,31.7464],[95.7848,31.6947],[95.8489,31.7143],[95.9524,31.7054],[96.0621,31.7138],[96.108,31.6886],[96.1248,31.6215],[96.1673,31.548],[96.193,31.5347],[96.2354,31.5689],[96.2146,31.6068],[96.2295,31.7021],[96.2129,31.7351],[96.1478,31.7799],[96.1412,31.7971],[96.145,31.8195],[96.1971,31.8819],[96.2782,31.9091],[96.3074,31.9062],[96.3316,31.8909],[96.3827,31.8185],[96.4646,31.7607],[96.6495,31.7257],[96.7374,31.6798],[96.7637,31.6809],[96.7954,31.7155],[96.7967,31.7374],[96.7485,31.8239],[96.7897,31.8968],[96.7354,31.9515],[96.7377,31.9688],[96.8038,31.973],[96.8717,31.9944],[96.9146,31.9901],[96.9998,32.0217],[97.1428,32.0127],[97.1754,32.0344],[97.1835,32.0646],[97.2397,32.0659],[97.2766,32.1138],[97.251,32.1283],[97.2446,32.1645],[97.2769,32.2523],[97.2917,32.265],[97.3598,32.2605],[97.3885,32.2808],[97.3749,32.3173],[97.3941,32.3536],[97.3932,32.385],[97.326,32.4122],[97.3609,32.5002],[97.5767,32.4815],[97.6309,32.4441],[97.6528,32.4549],[97.6667,32.4893],[97.6963,32.5013],[97.7157,32.5442],[97.8178,32.5133],[97.8565,32.5191],[97.8868,32.4976],[98.0142,32.4645],[98.0806,32.4047],[98.1231,32.4003],[98.2058,32.3556],[98.2202,32.2522],[98.3096,32.1287],[98.3747,32.0804],[98.3935,32.0401],[98.453,31.9841],[98.445,31.908],[98.419,31.8799],[98.4353,31.8384],[98.4257,31.8134],[98.4685,31.7669],[98.5015,31.7498],[98.5587,31.6771],[98.5691,31.6318],[98.5922,31.5988],[98.885,31.3541],[98.7678,31.2304],[98.6827,31.3159],[98.6491,31.3167],[98.6212,31.2889],[98.6114,31.2562],[98.6203,31.1879],[98.6038,31.1698],[98.6516,31.1555],[98.6931,31.1247],[98.7262,31.0597],[98.803,30.991],[98.798,30.9409],[98.7751,30.9022],[98.7877,30.8809],[98.8986,30.7787],[98.9543,30.7479],[98.9607,30.7272],[98.9533,30.7082],[98.9055,30.6825],[98.9054,30.6638],[98.9318,30.5796],[98.9328,30.4907],[98.9607,30.46],[98.9868,30.1444],[99.0341,30.0553],[99.0368,29.9756],[99.0563,29.9153],[99.0055,29.8201],[99.001,29.785],[99.0147,29.7679],[99.001,29.757],[98.9868,29.6509],[99.042,29.5625],[99.0625,29.3083],[99.1088,29.2238],[98.9802,29.1932],[98.9722,29.159],[99.0077,29.0437],[98.9324,28.9863],[98.9171,28.9615],[98.9089,28.9124],[98.9509,28.8594],[98.9456,28.842],[98.912,28.8221],[98.8735,28.8118],[98.8507,28.8201],[98.783,29.0016],[98.6462,28.9644],[98.6353,28.9414],[98.6387,28.8787],[98.6545,28.8552],[98.6787,28.7491],[98.5892,28.6703],[98.594,28.5832],[98.6358,28.5003],[98.6443,28.4439],[98.6135,28.3676],[98.5758,28.3175],[98.4899,28.2481],[98.4476,28.2317],[98.41,28.2506],[98.3368,28.3354],[98.2998,28.3548],[98.2477,28.22],[98.115,28.1439],[98.0486,28.1996],[97.9911,28.214],[97.9929,28.2689],[97.9447,28.2988],[97.8975,28.3553],[97.8591,28.3701],[97.7973,28.3439],[97.7653,28.3524],[97.74,28.3826],[97.6996,28.488],[97.6705,28.5113],[97.6136,28.482],[97.5462,28.5385],[97.5277,28.5295],[97.4881,28.4419],[97.4453,28.383],[97.4478,28.2976],[97.4367,28.2864],[97.3844,28.2848],[97.3696,28.2535],[97.3235,28.2175],[97.2297,28.2746],[97.2105,28.3081],[97.1827,28.315],[97.1155,28.3666],[97.0784,28.3751],[96.9658,28.3305],[96.7169,28.4365],[96.5615,28.4473],[96.3696,28.3781],[96.3019,28.4207],[96.3365,28.4797],[96.5024,28.6445],[96.501,28.6876],[96.598,28.7099],[96.5926,28.7579],[96.5767,28.8085],[96.5108,28.8855],[96.4922,28.948],[96.4521,28.9704],[96.4576,28.9946],[96.3666,29.0365],[96.2947,28.9923],[96.2486,28.9453],[96.1953,28.9411],[96.176,29.0174],[96.1746,29.1088],[96.2101,29.1458],[96.3275,29.1804],[96.3662,29.2572],[96.3371,29.2797],[96.2678,29.2417],[96.2353,29.2412],[96.1763,29.2865],[96.142,29.3685],[96.0745,29.3693],[95.9537,29.3592],[95.8631,29.324],[95.7959,29.3529],[95.7448,29.3404],[95.7474,29.2737],[95.7172,29.2183],[95.5923,29.2497],[95.5644,29.2456],[95.5502,29.2125],[95.5153,29.2094],[95.5214,29.1379],[95.4876,29.069],[95.3674,29.0365],[95.2249,29.0594],[95.1997,29.0942],[95.1169,29.1081],[94.9891,29.154],[94.7766,29.1667],[94.7615,29.1747],[94.7677,29.2139],[94.7042,29.2847],[94.6304,29.3195],[94.5999,29.3166],[94.5148,29.2211],[94.3964,29.2071],[94.3729,29.1963],[94.3358,29.1496],[94.2875,29.1479],[94.2708,29.0979],[94.3473,29.0243],[94.2502,28.9331],[94.1737,28.9302],[94.1354,28.8978],[93.992,28.8446],[93.9816,28.7681],[93.9278,28.6828],[93.8631,28.7049],[93.7817,28.6805],[93.7225,28.6966],[93.6255,28.6724],[93.4462,28.6719],[93.3172,28.6035],[93.287,28.5205],[93.1863,28.432],[93.2181,28.3946],[93.2078,28.3405],[92.9749,28.2823],[92.9038,28.2497],[92.8348,28.1835],[92.7902,28.1789],[92.7792,28.1959],[92.6786,28.1331],[92.6548,28.1058],[92.6389,28.0575],[92.6893,28.0483],[92.7364,27.9859],[92.6837,27.9105],[92.6365,27.8954],[92.575,27.8478],[92.4751,27.8466],[92.4276,27.8212],[92.3928,27.856],[92.3679,27.8038],[92.3501,27.8025],[92.3292,27.8329],[92.3039,27.7862],[92.2396,27.8653],[92.1263,27.8127],[92.0649,27.7617],[91.9889,27.7694],[91.9522,27.7248],[91.8649,27.73],[91.8266,27.8076],[91.7299,27.8041],[91.6801,27.8498],[91.6283,27.8527],[91.6528,27.9167],[91.638,27.9397],[91.6006,27.9593],[91.4188,27.9947],[91.3414,28.0306],[91.2902,28.0914],[91.2697,28.0729],[91.1947,28.0706],[91.0926,27.9717],[91.0519,27.9628],[90.9751,27.9821],[90.9095,28.0327],[90.7269,28.0617],[90.6675,28.0903],[90.5753,28.0658],[90.4752,28.0723],[90.4857,28.1247],[90.5153,28.1543],[90.5482,28.1576],[90.568,28.1905],[90.5976,28.2004],[90.5877,28.2333],[90.5054,28.2498],[90.456,28.2827],[90.4165,28.2827],[90.3869,28.2991],[90.354,28.2991],[90.3295,28.2558],[90.2915,28.2614],[90.2618,28.2991],[90.2618,28.3354],[90.2256,28.3584],[90.1532,28.3222],[90.0709,28.3452],[89.9525,28.3082],[89.9161,28.3156],[89.8629,28.2958],[89.7809,28.2288],[89.7558,28.1844],[89.5615,28.1346],[89.515,28.0819],[89.4445,28.0312],[89.336,27.8691],[89.2249,27.8078],[89.1982,27.7306],[89.1247,27.6149],[89.0915,27.6259],[89.064,27.6159],[88.9784,27.5303],[88.983,27.4926],[88.9511,27.4331],[88.997,27.3309],[88.9719,27.3124],[88.9508,27.3282],[88.9152,27.3309],[88.8923,27.3155],[88.7954,27.3859],[88.7598,27.4351],[88.7576,27.5114],[88.741,27.5457],[88.8057,27.6551],[88.8539,27.8437],[88.8516,27.8772],[88.8107,27.9279],[88.8177,27.9949],[88.7356,28.0553],[88.652,28.0694],[88.6105,28.1058],[88.5528,28.0781],[88.5021,28.0289],[88.4558,28.0315],[88.3788,27.9826],[88.1157,27.9473],[88.0975,27.904],[88.1182,27.8609],[88.03,27.8933],[87.9784,27.8805],[87.8367,27.9083],[87.7798,27.8394],[87.7268,27.8078],[87.6361,27.8237],[87.5733,27.805],[87.5513,27.8319],[87.5316,27.8368],[87.3691,27.8039],[87.3853,27.8494],[87.3638,27.8553],[87.2905,27.8161],[87.2329,27.8297],[87.1558,27.8258],[87.1165,27.8446],[87.062,27.9084],[87.0057,27.9515],[86.9147,27.9451],[86.8931,27.9542],[86.8405,28.0148],[86.7398,28.0215],[86.7317,28.0769],[86.6801,28.1057],[86.6123,28.0803],[86.5695,28.1066],[86.5536,28.1042],[86.5162,28.0122],[86.5105,27.9524],[86.4253,27.9099],[86.363,27.9461],[86.3277,27.9397],[86.2781,27.9837],[86.203,28.0026],[86.1722,28.0718],[86.186,28.1335],[86.176,28.153],[86.156,28.1565],[86.0687,28.0768],[86.0847,28.0439],[86.0792,28.0011],[86.0981,27.9856],[86.0956,27.9579],[86.1129,27.9268],[86.0617,27.889],[85.9803,27.8852],[85.9627,27.8914],[85.9512,27.9162],[85.9566,27.9762],[85.8983,28.036],[85.8891,28.0903],[85.8634,28.1433],[85.7345,28.2215],[85.6998,28.2691],[85.6929,28.3352],[85.6791,28.3329],[85.6751,28.3064],[85.6391,28.2879],[85.6118,28.2511],[85.5653,28.2754],[85.4757,28.2791],[85.4316,28.2971],[85.3626,28.2597],[85.3126,28.2828],[85.2434,28.2679],[85.2057,28.2783],[85.1736,28.3043],[85.1342,28.292],[85.0874,28.3041],[85.0776,28.4357],[85.1095,28.4593],[85.1232,28.5046],[85.1537,28.5249],[85.168,28.5832],[85.161,28.595],[85.0549,28.6387],[85.0253,28.6284],[85.0025,28.5944],[84.9549,28.5743],[84.9285,28.5385],[84.812,28.542],[84.7556,28.5854],[84.6778,28.6044],[84.683,28.6508],[84.6326,28.6688],[84.6162,28.6937],[84.4508,28.7339],[84.4227,28.7992],[84.3766,28.8488],[84.2351,28.9],[84.2067,28.9407],[84.2314,29.026],[84.1755,29.0574],[84.1662,29.0985],[84.1323,29.1438],[84.1617,29.1925],[84.1555,29.2066],[84.1124,29.2091],[84.0897,29.2566],[84.0352,29.2476],[84.0125,29.2702],[83.9758,29.2637],[83.958,29.289],[83.9144,29.2894],[83.7932,29.2348],[83.6955,29.2262],[83.6751,29.2088],[83.656,29.1608],[83.6393,29.1548],[83.5237,29.1836],[83.503,29.261],[83.4372,29.3052],[83.4282,29.3335],[83.3931,29.3562],[83.3872,29.3935],[83.357,29.4154],[83.3552,29.4607],[83.328,29.485],[83.2639,29.473],[83.2472,29.4947],[83.2608,29.542],[83.1736,29.6213],[83.0934,29.6151],[83.0796,29.5796],[83.0649,29.5788],[82.9759,29.664],[82.9319,29.6642],[82.8997,29.6884],[82.8366,29.6598],[82.8155,29.6901],[82.7811,29.7051],[82.691,29.7807],[82.6818,29.7977],[82.689,29.8277],[82.6185,29.8398],[82.5418,29.9232],[82.4571,29.9541],[82.3944,30.0031],[82.3473,30.0034],[82.3189,30.0318],[82.2557,30.0397],[82.2107,30.0644],[82.1538,30.0582],[82.1276,30.1244],[82.1557,30.1814],[82.085,30.2308],[82.0888,30.3301],[82.0499,30.3392],[81.969,30.3283],[81.9412,30.354],[81.8872,30.355],[81.8444,30.3712],[81.779,30.358],[81.614,30.4169],[81.5368,30.3786],[81.5207,30.3319],[81.5094,30.3284],[81.4628,30.3414],[81.4261,30.3725],[81.3875,30.3739],[81.368,30.301],[81.3779,30.2326],[81.3501,30.1572],[81.3224,30.1338],[81.267,30.1251],[81.272,30.0799],[81.2257,30.0505],[81.2168,30.0082],[81.1945,30.0045],[81.1481,30.0232],[81.0978,30.0169],[81.0309,30.1527],[80.996,30.197],[81.0033,30.2127],[80.976,30.2552],[80.7817,30.321],[80.7231,30.392],[80.5964,30.4598],[80.5083,30.4623],[80.3259,30.5465],[80.2528,30.565],[80.1798,30.5595],[80.2033,30.6063],[80.1666,30.6744],[80.207,30.6861],[80.2314,30.7249],[80.1571,30.7932],[80.0922,30.7745],[80.0625,30.7848],[80.0286,30.8308],[79.9032,30.8902],[79.8335,30.9615],[79.739,30.9792],[79.6303,30.9625],[79.5778,30.9384],[79.5127,30.9662],[79.4764,31.014],[79.4016,31.0236],[79.367,31.1116],[79.3194,31.1423],[79.3022,31.1635],[79.2883,31.2255],[79.2529,31.2454],[79.262,31.2785],[79.2383,31.3297],[79.1314,31.4384],[79.0702,31.4614],[78.9888,31.3433],[78.9596,31.3251],[78.921,31.2697],[78.862,31.2915],[78.7845,31.2883],[78.7451,31.3081],[78.7385,31.335],[78.7626,31.4451],[78.6954,31.4881],[78.6995,31.51],[78.797,31.5788],[78.8189,31.6074],[78.7581,31.6666],[78.724,31.6733],[78.6932,31.7185],[78.6956,31.7467],[78.6709,31.7705],[78.7003,31.8217],[78.7446,31.9642],[78.7222,31.9946],[78.6493,32.0364],[78.5131,32.2076],[78.458,32.2297],[78.4627,32.2818],[78.4345,32.3838],[78.4522,32.4168],[78.381,32.528],[78.3848,32.5475],[78.4475,32.5663],[78.6302,32.578],[78.6945,32.6297],[78.7368,32.6298],[78.751,32.6128],[78.7369,32.5458],[78.7715,32.4617],[78.9113,32.3547],[78.9434,32.3464],[79.0282,32.3771],[79.0753,32.3708],[79.0917,32.3906],[79.1129,32.4724],[79.1912,32.5043],[79.2356,32.5043],[79.2874,32.5326],[79.3205,32.5923],[79.3795,32.5765],[79.4068,32.5297],[79.4435,32.5348],[79.5157,32.6081],[79.5312,32.6483],[79.5762,32.6706],[79.6207,32.7287],[79.6139,32.765],[79.5641,32.7939],[79.4141,32.9721],[79.3336,32.9943],[79.3398,33.0133],[79.3993,33.0269],[79.3732,33.1121],[79.4235,33.1578],[79.4561,33.2504],[79.4201,33.2752],[79.075,33.2957],[78.965,33.3443],[78.8243,33.4611],[78.8009,33.4942],[78.7814,33.5528],[78.7941,33.7439],[78.7873,33.8084],[78.7211,33.9944],[78.7301,34.0793],[78.8061,34.123],[78.9032,34.1581],[78.9762,34.2172],[78.9854,34.2864],[78.9569,34.34]]]}},{"type":"Feature","id":"Xinjiang","properties":{"id":"Xinjiang","iso_code":"CN-XJ","name":"Xinjiang","name_full":"Xinjiang","name_ja":"新疆ウイグル自治区","center_lonlat":[85.1892,41.0986]},"geometry":{"type":"Polygon","coordinates":[[[96.3663,42.7229],[96.0909,42.5869],[96.0628,42.5593],[96.0438,42.4999],[96.0178,42.1387],[96.0444,42.0131],[95.952,41.9192],[95.8639,41.855],[95.7719,41.8297],[95.492,41.856],[95.0583,41.7886],[94.5809,41.5852],[94.011,41.104],[93.7599,40.8233],[93.6691,40.6834],[93.5775,40.588],[93.5035,40.5476],[93.2863,40.4693],[93.0368,40.4899],[92.9415,40.4726],[92.9259,40.4229],[92.9153,40.0933],[92.7774,39.9055],[92.7645,39.8624],[92.7724,39.8105],[92.9515,39.4417],[92.936,39.1529],[92.5046,39.0744],[92.3676,39.0629],[92.2486,38.989],[92.1227,38.9406],[91.8806,38.8755],[91.6286,38.8257],[91.466,38.812],[91.2944,38.7451],[91.1988,38.7404],[91.0125,38.6987],[90.9239,38.7029],[90.735,38.6732],[90.6593,38.6771],[90.6315,38.6203],[90.3809,38.4862],[90.3125,38.4658],[90.2056,38.4693],[90.1593,38.4458],[90.1533,38.4088],[90.1935,38.3257],[90.4393,37.9961],[90.4484,37.916],[90.4051,37.8274],[90.4226,37.7885],[90.8345,37.6078],[90.9391,37.5273],[91.0817,37.4833],[91.1177,37.4387],[91.1631,37.3001],[91.235,37.1954],[91.3163,37.119],[91.3256,37.053],[91.2987,37.0176],[91.1914,37.0015],[91.0004,36.9312],[90.8911,36.9395],[90.8264,36.9236],[90.7124,36.8215],[90.69,36.7763],[90.6978,36.6555],[90.7603,36.5906],[90.8405,36.5436],[90.9723,36.5223],[91.0067,36.5035],[91.061,36.3135],[91.1178,36.1976],[91.136,36.1046],[91.1113,36.0739],[91.0059,36.0529],[90.8942,36.0066],[90.8534,36.0047],[90.6227,36.1111],[90.2925,36.1155],[90.1542,36.1325],[90.0833,36.221],[90.0296,36.2588],[90.0138,36.2528],[89.972,36.1049],[89.9461,36.08],[89.8668,36.0656],[89.6778,36.082],[89.2236,36.2636],[89.1105,36.2623],[88.9749,36.2787],[88.8386,36.3717],[88.7117,36.3684],[88.5224,36.4143],[88.4592,36.4489],[88.2768,36.4486],[88.1488,36.4284],[88.0001,36.4284],[87.8876,36.3691],[87.5709,36.3338],[87.5006,36.3365],[87.3456,36.3741],[87.1799,36.301],[87.0635,36.2922],[87.0008,36.2741],[86.787,36.2603],[86.6613,36.2201],[86.4748,36.2239],[86.4113,36.1745],[86.2724,36.1456],[86.2123,36.1159],[86.1868,36.0343],[86.1286,35.9804],[86.0874,35.8756],[85.9732,35.7722],[85.9299,35.7617],[85.7289,35.7661],[85.6198,35.6754],[85.5713,35.656],[85.5487,35.669],[85.5239,35.7163],[85.4426,35.7521],[85.3674,35.7549],[85.2708,35.7302],[85.1498,35.7498],[84.9236,35.6893],[84.8475,35.6335],[84.7776,35.6005],[84.5634,35.5595],[84.1743,35.3768],[84.1332,35.3775],[84.0091,35.4185],[83.8707,35.3745],[83.6151,35.359],[83.5648,35.3607],[83.4526,35.3936],[83.3286,35.3971],[83.2262,35.4235],[83.1218,35.4044],[82.9718,35.4904],[82.9766,35.6214],[82.9568,35.6572],[82.9126,35.6829],[82.8254,35.6918],[82.7104,35.6502],[82.4145,35.6857],[82.3189,35.6337],[82.3098,35.5716],[82.2892,35.545],[82.0661,35.4337],[82.037,35.352],[82.0022,35.3194],[81.7114,35.2457],[81.6042,35.2369],[81.5587,35.2448],[81.4618,35.3102],[81.4174,35.326],[81.3573,35.3324],[81.2102,35.3169],[81.0735,35.3895],[81.0507,35.3833],[81.0372,35.3635],[81.0352,35.3042],[80.9789,35.2934],[80.8758,35.3434],[80.7582,35.3444],[80.6706,35.3814],[80.486,35.4042],[80.2742,35.5276],[80.2579,35.5017],[80.2595,35.4173],[80.1762,35.2532],[80.0142,35.0859],[80.0452,35.0302],[80.0379,34.99],[80.01,34.9711],[79.9263,34.9547],[79.8838,34.9196],[79.8812,34.8939],[79.9111,34.8077],[79.9585,34.7487],[79.96,34.6974],[79.8627,34.5212],[79.794,34.431],[79.7696,34.4142],[79.7279,34.4112],[79.6025,34.4587],[79.4811,34.4712],[79.3384,34.4308],[79.2045,34.4394],[79.0377,34.3847],[78.9569,34.34],[78.9221,34.3723],[78.8017,34.415],[78.7507,34.4713],[78.6646,34.5264],[78.6073,34.5465],[78.3794,34.5787],[78.296,34.6247],[78.2732,34.6589],[78.2114,34.8483],[78.1481,34.9431],[78.13,35.0554],[78.0364,35.1942],[78.0012,35.2689],[78.0098,35.3475],[78.0556,35.4529],[78.0443,35.4916],[77.9859,35.4942],[77.8831,35.4311],[77.8342,35.4522],[77.8003,35.4954],[77.7603,35.4981],[77.6606,35.4581],[77.5122,35.4785],[77.3837,35.472],[77.2811,35.528],[77.1413,35.5254],[77.1053,35.538],[77.0582,35.5801],[76.915,35.5832],[76.8805,35.6007],[76.843,35.6413],[76.7634,35.6471],[76.6767,35.7138],[76.5708,35.7513],[76.5511,35.784],[76.5653,35.8655],[76.5555,35.8979],[76.5372,35.9025],[76.5002,35.8715],[76.4321,35.8605],[76.4031,35.831],[76.3489,35.831],[76.312,35.8096],[76.2604,35.8178],[76.166,35.8062],[76.1381,35.8267],[76.1147,35.9418],[76.09,35.9781],[75.953,36.0073],[75.9,36.0635],[75.9014,36.1136],[75.9715,36.155],[75.9701,36.2023],[76.0144,36.2304],[75.9688,36.302],[75.9874,36.4212],[75.9766,36.4626],[75.8498,36.6447],[75.7287,36.7232],[75.6498,36.754],[75.5705,36.7667],[75.508,36.7476],[75.4926,36.7207],[75.4319,36.7229],[75.4105,36.7473],[75.3945,36.8643],[75.378,36.8943],[75.3135,36.9288],[75.1951,36.9489],[75.1001,36.9941],[74.925,36.9709],[74.8724,36.9071],[74.8532,36.959],[74.7926,37.0152],[74.7192,37.0164],[74.6625,37.0545],[74.5424,37.0217],[74.5192,37.0302],[74.4766,37.0831],[74.3826,37.1266],[74.3661,37.1478],[74.3683,37.1671],[74.4567,37.1773],[74.5001,37.2316],[74.59,37.2434],[74.6233,37.2308],[74.651,37.2596],[74.6763,37.2637],[74.7215,37.2978],[74.7374,37.2961],[74.794,37.2139],[74.8923,37.2311],[74.9515,37.2813],[75.0684,37.3121],[75.0918,37.3784],[75.1641,37.4006],[75.104,37.4406],[75.0534,37.4938],[74.9452,37.5486],[74.8919,37.5992],[74.8861,37.6535],[74.9652,37.7675],[74.9493,37.7953],[74.8861,37.8306],[74.8832,37.8439],[74.9137,37.8808],[74.8908,37.8977],[74.8928,37.994],[74.8804,38.0217],[74.8099,38.0532],[74.7907,38.0814],[74.7713,38.1963],[74.7711,38.2915],[74.7843,38.3257],[74.8267,38.3632],[74.8441,38.3978],[74.8262,38.4696],[74.7603,38.52],[74.6965,38.524],[74.6461,38.5611],[74.3342,38.667],[74.2214,38.6497],[74.1234,38.6695],[74.095,38.6458],[74.0844,38.614],[74.0373,38.5985],[74.0588,38.547],[74.0289,38.5272],[73.9329,38.5297],[73.8164,38.5866],[73.7886,38.6186],[73.7723,38.6746],[73.7364,38.7217],[73.7359,38.8004],[73.6837,38.8549],[73.6808,38.873],[73.7172,38.9186],[73.8096,38.9327],[73.8239,38.9449],[73.8261,38.9769],[73.7093,39.0655],[73.683,39.1287],[73.6314,39.1751],[73.6023,39.2358],[73.6438,39.3513],[73.6326,39.4483],[73.8383,39.4757],[73.8705,39.5468],[73.9268,39.5929],[73.8935,39.7104],[73.8793,39.7279],[73.8295,39.747],[73.8198,39.7667],[73.832,39.8237],[73.8807,39.865],[73.8932,39.9181],[73.944,39.9701],[73.9579,40.0214],[74.004,40.0608],[74.0695,40.0678],[74.1676,40.1064],[74.3338,40.0937],[74.4766,40.1724],[74.5654,40.2469],[74.7058,40.3313],[74.8621,40.3262],[74.8539,40.3588],[74.7874,40.4207],[74.8354,40.5116],[74.8792,40.5051],[75.0024,40.4473],[75.0644,40.4438],[75.1381,40.4639],[75.1939,40.4413],[75.4818,40.6141],[75.5238,40.6332],[75.5599,40.6329],[75.5877,40.6119],[75.6056,40.5694],[75.6179,40.494],[75.6669,40.4502],[75.6693,40.4324],[75.6383,40.3861],[75.6563,40.3231],[75.6818,40.2917],[75.772,40.3102],[75.9019,40.2989],[75.9624,40.3573],[76.0516,40.3902],[76.1514,40.3681],[76.185,40.3842],[76.2442,40.4412],[76.2734,40.4341],[76.3135,40.3433],[76.4765,40.4361],[76.5564,40.5657],[76.6094,40.5971],[76.6242,40.6275],[76.6308,40.7289],[76.6479,40.7649],[76.6742,40.7954],[76.7625,40.847],[76.7708,40.8671],[76.7574,40.9258],[76.7668,40.9447],[76.861,41.0132],[77.0077,41.0442],[77.1188,41.0117],[77.2432,41.0057],[77.333,41.0207],[77.5035,40.9811],[77.5807,40.9977],[77.6503,40.9971],[77.831,41.063],[78.075,41.0395],[78.1905,41.1178],[78.2754,41.2289],[78.3495,41.2704],[78.3597,41.2875],[78.3393,41.344],[78.3599,41.3775],[78.5104,41.4544],[78.6192,41.4781],[78.6583,41.5325],[78.8073,41.5784],[78.9158,41.6332],[78.9762,41.6418],[79.0887,41.7025],[79.1959,41.7295],[79.2823,41.7835],[79.3908,41.7727],[79.611,41.8676],[79.7475,41.8797],[79.7833,41.9051],[79.8128,41.9776],[79.8429,42.0018],[79.9309,42.0233],[80.1819,42.021],[80.2312,42.0337],[80.2576,42.0653],[80.2565,42.0844],[80.2246,42.1256],[80.2103,42.1895],[80.2491,42.2049],[80.2684,42.238],[80.1962,42.4346],[80.2105,42.4908],[80.1624,42.5524],[80.14,42.623],[80.1438,42.6448],[80.1889,42.7016],[80.2483,42.8162],[80.3339,42.8171],[80.5486,42.8785],[80.5545,42.8989],[80.5429,42.9167],[80.4762,42.9303],[80.3738,42.9752],[80.3551,43.0006],[80.3681,43.0285],[80.6185,43.1343],[80.66,43.1328],[80.7315,43.1011],[80.7734,43.1129],[80.7934,43.1495],[80.7652,43.1999],[80.7485,43.2752],[80.6429,43.3262],[80.6942,43.3947],[80.7127,43.4589],[80.4762,43.9102],[80.4231,43.9721],[80.4038,44.0489],[80.3389,44.1215],[80.3732,44.231],[80.3304,44.453],[80.3838,44.6028],[80.3558,44.6529],[80.3763,44.6713],[80.492,44.7017],[80.4923,44.728],[80.3145,44.7803],[80.2447,44.816],[79.9917,44.7936],[79.8686,44.8494],[79.843,44.8735],[79.8582,44.9037],[80.1034,45.0322],[80.219,45.026],[80.2905,45.0462],[80.3901,45.0458],[80.4454,45.1042],[80.5368,45.1011],[80.6971,45.1437],[80.8539,45.1265],[81.542,45.2933],[81.6652,45.348],[81.7393,45.3381],[81.7652,45.3077],[81.7936,45.1956],[81.8753,45.1811],[81.9501,45.1445],[82.2453,45.2318],[82.2946,45.2282],[82.3418,45.2049],[82.4275,45.1372],[82.4758,45.1157],[82.5397,45.1237],[82.5852,45.1768],[82.6146,45.2486],[82.6338,45.3394],[82.632,45.4158],[82.6157,45.4354],[82.513,45.4658],[82.3275,45.4933],[82.2915,45.5332],[82.3722,45.7342],[82.4475,45.8254],[82.4889,45.9017],[82.5419,46.1315],[82.5683,46.1965],[82.6744,46.3311],[82.7078,46.4342],[82.7474,46.4933],[82.839,46.7324],[82.9855,46.9425],[82.9855,47.0125],[83.0055,47.0698],[82.9982,47.1103],[83.0215,47.2059],[83.0991,47.2197],[83.1504,47.2115],[83.222,47.1719],[83.3534,47.145],[83.5245,47.0671],[83.9053,46.974],[84.0696,46.9644],[84.1591,46.9933],[84.2658,47.0001],[84.4218,46.9931],[84.521,46.9698],[84.6635,46.9839],[84.7317,46.9478],[84.7516,46.918],[84.7496,46.8825],[84.7155,46.8352],[84.7396,46.8148],[84.916,46.8506],[84.9758,46.902],[85.0482,46.9207],[85.2258,47.0416],[85.4986,47.0518],[85.5568,47.1787],[85.6597,47.2065],[85.679,47.2749],[85.6704,47.3843],[85.5846,47.4929],[85.5954,47.6241],[85.5154,47.9203],[85.5618,48.0307],[85.5864,48.1412],[85.7187,48.3588],[85.7837,48.4076],[86.006,48.4296],[86.192,48.4182],[86.2467,48.4374],[86.3074,48.4831],[86.4306,48.4859],[86.5651,48.5273],[86.6055,48.5901],[86.752,48.7154],[86.7392,48.7835],[86.7895,48.8391],[86.718,48.9125],[86.7094,48.9542],[86.7435,49.0077],[86.7989,49.0422],[86.8595,49.1053],[86.9754,49.0924],[87.1163,49.1298],[87.4004,49.071],[87.4756,49.0876],[87.5061,49.1209],[87.8163,49.1658],[87.8355,49.1007],[87.816,49.0506],[87.8219,49.0287],[87.8722,49.0041],[87.8726,48.968],[87.7569,48.9204],[87.7357,48.8867],[87.7379,48.8694],[87.7961,48.8398],[87.8059,48.8006],[87.8211,48.7883],[87.9076,48.7588],[87.9755,48.756],[88.0594,48.7081],[88.055,48.6734],[87.9428,48.5995],[87.9518,48.5752],[87.983,48.5523],[88.0166,48.5398],[88.0625,48.5429],[88.166,48.4937],[88.2356,48.4932],[88.3049,48.469],[88.4167,48.3941],[88.5027,48.3926],[88.5651,48.343],[88.573,48.3253],[88.5612,48.2683],[88.5962,48.1977],[88.6358,48.1758],[88.7092,48.1664],[88.8054,48.106],[88.9168,48.106],[89.0456,47.993],[89.2187,47.977],[89.3543,48.0388],[89.4254,48.0216],[89.5418,48.031],[89.5719,48.0205],[89.5832,47.962],[89.6274,47.9439],[89.6553,47.8998],[89.7234,47.8782],[89.7513,47.8243],[89.8891,47.8243],[89.9344,47.8443],[89.9467,47.8832],[90.0446,47.8798],[90.0644,47.8506],[90.0522,47.8107],[90.0829,47.7561],[90.1634,47.71],[90.3448,47.6586],[90.3496,47.6478],[90.3274,47.623],[90.3816,47.5384],[90.4412,47.493],[90.4482,47.404],[90.4872,47.3782],[90.4687,47.3089],[90.7121,47.0147],[90.7424,46.9919],[90.8282,46.9823],[90.8851,46.9447],[90.9365,46.8644],[90.92,46.8336],[90.9253,46.8131],[91.0048,46.7404],[91.0156,46.7032],[90.9959,46.5946],[91.0475,46.5664],[90.9358,46.3439],[90.8962,46.302],[90.9488,46.1683],[90.9959,46.1137],[91.0024,46.0218],[90.9862,45.9931],[90.9192,45.9501],[90.7108,45.7522],[90.6966,45.73],[90.6511,45.4931],[90.738,45.4417],[90.7533,45.4209],[90.7905,45.3377],[90.7966,45.2928],[90.8544,45.2706],[90.8666,45.2536],[90.8576,45.2151],[90.8732,45.1862],[90.9055,45.186],[90.9751,45.2149],[91.0568,45.2176],[91.135,45.1979],[91.1843,45.1538],[91.2491,45.1297],[91.3665,45.1142],[91.4169,45.1457],[91.4385,45.1461],[91.534,45.0711],[91.564,45.0771],[91.663,45.0595],[91.747,45.0724],[91.9191,45.0656],[92.043,45.0748],[92.2189,45.0101],[92.2854,45.0195],[92.4751,44.9975],[92.7527,45.038],[92.8476,45.0391],[92.9451,45.0058],[93.1657,45.0076],[93.2442,44.9815],[93.341,44.9849],[93.4206,44.9551],[93.5253,44.9513],[93.714,44.8746],[93.9274,44.6729],[94.0586,44.6513],[94.149,44.6672],[94.1819,44.6608],[94.2775,44.5896],[94.3385,44.5121],[94.4301,44.5045],[94.5881,44.4361],[94.6572,44.3888],[94.6982,44.3435],[95.0368,44.255],[95.3977,44.2805],[95.3475,44.2149],[95.3227,44.1582],[95.319,44.0171],[95.3275,44.0067],[95.5103,43.9791],[95.5353,43.9577],[95.5892,43.8695],[95.6925,43.6305],[95.8328,43.4089],[95.855,43.2845],[95.8744,43.2471],[96.3187,42.9101],[96.3372,42.8665],[96.3506,42.7409],[96.3663,42.7229]]]}},{"type":"Feature","id":"Yunnan","properties":{"id":"Yunnan","iso_code":"CN-YN","name":"Yunnan","name_full":"Yunnan","name_ja":"雲南省","center_lonlat":[101.4711,24.9748]},"geometry":{"type":"Polygon","coordinates":[[[98.115,28.1439],[98.2477,28.22],[98.2998,28.3548],[98.3368,28.3354],[98.41,28.2506],[98.4476,28.2317],[98.4899,28.2481],[98.5758,28.3175],[98.6135,28.3676],[98.6443,28.4439],[98.6358,28.5003],[98.594,28.5832],[98.5892,28.6703],[98.6787,28.7491],[98.6545,28.8552],[98.6387,28.8787],[98.6353,28.9414],[98.6462,28.9644],[98.783,29.0016],[98.8507,28.8201],[98.8735,28.8118],[98.912,28.8221],[98.9456,28.842],[98.9509,28.8594],[98.9089,28.9124],[98.9171,28.9615],[98.9324,28.9863],[99.0077,29.0437],[98.9722,29.159],[98.9802,29.1932],[99.1088,29.2238],[99.1041,29.0923],[99.1211,28.9647],[99.0966,28.8359],[99.1246,28.7497],[99.1177,28.7087],[99.1308,28.6646],[99.1543,28.6407],[99.1724,28.5926],[99.1655,28.5548],[99.1805,28.5048],[99.1626,28.4382],[99.2269,28.3394],[99.2737,28.3073],[99.2747,28.2773],[99.3815,28.1845],[99.3867,28.1394],[99.3989,28.1265],[99.4164,28.2548],[99.3886,28.3343],[99.398,28.4566],[99.3711,28.5008],[99.3734,28.5189],[99.3931,28.5428],[99.5029,28.5794],[99.5217,28.6102],[99.5413,28.696],[99.5909,28.7408],[99.6152,28.8051],[99.7128,28.8458],[99.7323,28.745],[99.755,28.7169],[99.8284,28.6726],[99.8456,28.6038],[99.9451,28.5597],[100.001,28.4562],[100.0683,28.384],[100.1316,28.351],[100.1502,28.3278],[100.1468,28.2854],[100.1682,28.2603],[100.162,28.2363],[100.0282,28.1694],[100.0721,28.0442],[100.1596,27.9644],[100.2021,27.8988],[100.2881,27.8644],[100.2997,27.8322],[100.2975,27.7611],[100.3206,27.7331],[100.3492,27.7467],[100.432,27.8456],[100.4643,27.8472],[100.5435,27.8171],[100.6147,27.8934],[100.6609,27.8751],[100.8721,27.562],[100.8712,27.4853],[100.9266,27.4507],[100.978,27.3737],[101.0088,27.1884],[101.0372,27.1783],[101.0994,27.2052],[101.168,27.196],[101.1755,27.1703],[101.1407,27.0654],[101.1525,27.0273],[101.3503,26.8632],[101.3757,26.761],[101.3977,26.7353],[101.4303,26.7334],[101.4689,26.787],[101.5004,26.7748],[101.4947,26.7056],[101.4124,26.5697],[101.4512,26.5306],[101.5077,26.5182],[101.5442,26.495],[101.5817,26.4551],[101.6081,26.3969],[101.6437,26.3684],[101.6363,26.3419],[101.5741,26.2986],[101.5824,26.219],[101.6143,26.2057],[101.6679,26.2322],[101.7637,26.1763],[101.7806,26.0918],[101.8348,26.0553],[101.8449,26.0359],[101.8768,26.0494],[101.9216,26.0989],[102.1126,26.0844],[102.1457,26.1322],[102.2224,26.1869],[102.2521,26.2289],[102.3386,26.2512],[102.4006,26.3118],[102.5029,26.3377],[102.5681,26.3786],[102.6265,26.3451],[102.6099,26.2602],[102.6811,26.2216],[102.7111,26.229],[102.767,26.2934],[102.8455,26.3272],[102.8782,26.3651],[102.9514,26.3451],[102.9885,26.3652],[103.0033,26.4004],[102.9896,26.4413],[103.0033,26.4612],[102.9958,26.4854],[103.039,26.5062],[103.0579,26.5572],[103.0305,26.6018],[103.0295,26.6619],[102.9753,26.8311],[102.9013,26.9247],[102.8996,27.0031],[102.8784,27.0358],[102.9157,27.1344],[102.8895,27.2915],[102.9548,27.4208],[102.9915,27.386],[103.0473,27.4065],[103.1208,27.4123],[103.1472,27.4344],[103.1605,27.4972],[103.2181,27.5669],[103.2962,27.5879],[103.3048,27.6051],[103.2844,27.6405],[103.4517,27.76],[103.4588,27.7926],[103.4769,27.8],[103.5033,27.8497],[103.5189,27.9454],[103.565,27.9831],[103.5142,27.9714],[103.4892,28.0377],[103.4412,28.0424],[103.4346,28.0682],[103.4568,28.1053],[103.4551,28.1339],[103.5384,28.1845],[103.5718,28.2432],[103.6128,28.25],[103.6438,28.2705],[103.7223,28.2155],[103.8803,28.3257],[103.8598,28.4009],[103.7952,28.5312],[103.8367,28.6049],[103.8511,28.6681],[103.8666,28.6752],[103.8782,28.6306],[103.9088,28.6336],[103.9731,28.6131],[104.0478,28.6336],[104.0922,28.6127],[104.1402,28.6334],[104.2325,28.6397],[104.2483,28.662],[104.2927,28.6323],[104.3836,28.6465],[104.443,28.6245],[104.44,28.6054],[104.381,28.569],[104.3444,28.5716],[104.2621,28.545],[104.2499,28.5201],[104.2685,28.3338],[104.2941,28.3105],[104.3765,28.2823],[104.4173,28.2393],[104.4232,28.22],[104.4059,28.1878],[104.4431,28.1105],[104.4366,28.0816],[104.3338,28.0467],[104.3284,28.0231],[104.3754,27.9617],[104.4825,27.891],[104.6048,27.8458],[104.7024,27.883],[104.7734,27.8725],[104.888,27.8958],[104.9561,27.9457],[104.9525,28.0004],[104.9719,28.0561],[105.0174,28.0852],[105.0557,28.0881],[105.1719,28.0617],[105.2033,28.0015],[105.2824,28.0007],[105.2687,27.9184],[105.2281,27.8558],[105.277,27.7874],[105.27,27.759],[105.297,27.7217],[105.2777,27.6381],[105.2461,27.5825],[105.2447,27.5307],[105.2233,27.4998],[105.2194,27.4515],[105.1929,27.395],[105.0688,27.4112],[104.991,27.3623],[104.8563,27.3068],[104.7904,27.3321],[104.7426,27.3196],[104.6904,27.3292],[104.5942,27.3138],[104.5156,27.3183],[104.4437,27.3472],[104.361,27.447],[104.2527,27.3592],[104.2451,27.3014],[104.1743,27.2715],[104.0471,27.3463],[103.9864,27.3972],[103.9398,27.399],[103.9017,27.3832],[103.8185,27.2719],[103.6954,27.1517],[103.5964,27.0761],[103.6371,27.0184],[103.692,27.0523],[103.7065,27.05],[103.7783,26.9559],[103.7764,26.8748],[103.7327,26.8606],[103.7151,26.816],[103.7335,26.7405],[103.7746,26.7368],[103.7592,26.6234],[103.7813,26.5827],[103.8292,26.5471],[103.9064,26.5187],[104.0271,26.5154],[104.0446,26.5281],[104.0798,26.6002],[104.1238,26.6439],[104.1596,26.6503],[104.2313,26.625],[104.3306,26.6313],[104.381,26.6761],[104.3931,26.7137],[104.4172,26.7182],[104.46,26.6632],[104.4662,26.6135],[104.4821,26.5931],[104.5455,26.591],[104.5707,26.574],[104.5815,26.5394],[104.6265,26.4977],[104.6769,26.3816],[104.5452,26.2704],[104.535,26.1978],[104.5046,26.1554],[104.517,26.1076],[104.499,26.0308],[104.4634,25.9815],[104.39,25.9436],[104.4156,25.9089],[104.4218,25.8753],[104.3885,25.7715],[104.367,25.7505],[104.313,25.7671],[104.2986,25.7545],[104.3087,25.6524],[104.3499,25.6142],[104.4299,25.5714],[104.4334,25.5007],[104.4681,25.4911],[104.535,25.5081],[104.5461,25.5013],[104.5658,25.3812],[104.6124,25.3561],[104.6909,25.2821],[104.7891,25.2508],[104.7741,25.2232],[104.7197,25.2109],[104.7174,25.1594],[104.6876,25.0874],[104.7049,25.0087],[104.5522,24.8335],[104.5399,24.7418],[104.4946,24.6982],[104.4831,24.6658],[104.5019,24.5782],[104.5693,24.4434],[104.6723,24.3364],[104.7061,24.3282],[104.7281,24.3425],[104.7287,24.3642],[104.7011,24.3942],[104.6929,24.4274],[104.6994,24.4487],[104.7354,24.4657],[104.8594,24.4537],[104.9519,24.4168],[105.0934,24.4269],[105.1155,24.4052],[105.1263,24.3601],[105.1755,24.3156],[105.1731,24.1506],[105.1909,24.1256],[105.2706,24.0775],[105.295,24.0836],[105.2863,24.1243],[105.2967,24.1294],[105.4472,24.0376],[105.4978,24.0525],[105.5273,24.1239],[105.6016,24.1415],[105.6222,24.1319],[105.6409,24.0825],[105.6674,24.0609],[105.7352,24.047],[105.78,24.0221],[105.8722,24.0247],[105.8997,24.0777],[105.9653,24.0859],[106.0142,24.1136],[106.0064,24.0727],[106.0152,24.0594],[106.1574,23.9737],[106.1452,23.9347],[106.2,23.8479],[106.1922,23.8349],[106.1446,23.824],[106.1331,23.8075],[106.1539,23.7401],[106.1376,23.6866],[106.1241,23.5306],[106.0885,23.5153],[106.0609,23.4854],[106.0049,23.47],[105.9592,23.4747],[105.88,23.5192],[105.8434,23.5169],[105.7458,23.4138],[105.6931,23.3961],[105.7017,23.3593],[105.6924,23.3474],[105.6317,23.3517],[105.6218,23.2888],[105.5324,23.2061],[105.5213,23.1631],[105.4739,23.1945],[105.4259,23.2732],[105.3596,23.2916],[105.3323,23.318],[105.3122,23.3658],[105.2937,23.3663],[105.2359,23.3198],[105.2175,23.2654],[105.2009,23.254],[105.1556,23.2669],[105.0611,23.2325],[104.9351,23.1543],[104.8948,23.1703],[104.8701,23.1635],[104.8613,23.1196],[104.7979,23.0856],[104.827,22.9543],[104.8236,22.9241],[104.7742,22.8962],[104.7008,22.8182],[104.6627,22.8109],[104.6098,22.823],[104.5884,22.8069],[104.5535,22.836],[104.449,22.7452],[104.3402,22.6864],[104.2368,22.7421],[104.2288,22.7834],[104.2412,22.8244],[104.0869,22.7916],[104.0238,22.7192],[103.9856,22.5703],[103.9854,22.5272],[103.9595,22.5071],[103.917,22.5333],[103.8946,22.5692],[103.8668,22.5754],[103.8363,22.6028],[103.7942,22.6594],[103.6469,22.799],[103.59,22.768],[103.5471,22.7007],[103.5509,22.6408],[103.5036,22.5814],[103.4731,22.5916],[103.4475,22.6183],[103.4043,22.6888],[103.4017,22.7378],[103.3571,22.776],[103.3096,22.7879],[103.2449,22.6687],[103.1417,22.607],[103.13,22.578],[103.142,22.5378],[103.0442,22.4865],[103.0451,22.4405],[103.029,22.4302],[102.9026,22.4772],[102.8318,22.5997],[102.7519,22.6253],[102.6927,22.6705],[102.6125,22.6916],[102.5867,22.7161],[102.5584,22.6949],[102.5358,22.6958],[102.5158,22.7452],[102.4678,22.7686],[102.4427,22.7652],[102.4256,22.7453],[102.395,22.6805],[102.3559,22.6699],[102.3843,22.6289],[102.2525,22.4955],[102.218,22.4107],[102.1645,22.4255],[102.1073,22.3975],[102.0855,22.4291],[101.995,22.4474],[101.8916,22.4297],[101.8679,22.3788],[101.8426,22.3833],[101.8178,22.4063],[101.7849,22.4722],[101.7551,22.4955],[101.6891,22.4789],[101.6545,22.4461],[101.6437,22.3647],[101.6237,22.3466],[101.6012,22.277],[101.551,22.2767],[101.5157,22.2454],[101.5615,22.1761],[101.5554,22.0903],[101.5922,22.0281],[101.6068,21.9676],[101.6381,21.9409],[101.6737,21.9314],[101.7213,21.8444],[101.7511,21.8161],[101.7285,21.7175],[101.7548,21.6898],[101.7559,21.6487],[101.8038,21.6259],[101.7936,21.5882],[101.7362,21.5709],[101.7482,21.5145],[101.7297,21.4742],[101.7151,21.3211],[101.7365,21.2923],[101.8012,21.2671],[101.8237,21.2345],[101.8052,21.2045],[101.7736,21.2074],[101.7601,21.196],[101.7702,21.1704],[101.756,21.1433],[101.7043,21.1351],[101.6551,21.1892],[101.5818,21.1757],[101.584,21.2244],[101.5176,21.2426],[101.3815,21.2225],[101.2927,21.1761],[101.2443,21.1929],[101.209,21.2455],[101.2204,21.2963],[101.2074,21.3148],[101.2331,21.3717],[101.1714,21.4034],[101.1878,21.5059],[101.1866,21.5353],[101.1542,21.568],[101.1739,21.6119],[101.1688,21.6379],[101.1277,21.6952],[101.1189,21.7598],[101.0828,21.7667],[100.9928,21.7114],[100.8349,21.6575],[100.704,21.5164],[100.6217,21.4691],[100.5718,21.4551],[100.4567,21.455],[100.3991,21.5189],[100.342,21.5304],[100.2895,21.4831],[100.1979,21.4332],[100.1625,21.4364],[100.0973,21.5083],[100.0861,21.5509],[100.1039,21.6156],[100.1437,21.64],[100.1428,21.6549],[100.0823,21.6845],[99.9967,21.6861],[99.9503,21.7212],[99.918,21.8292],[99.9657,21.963],[99.9343,22.0189],[99.9424,22.0455],[99.8478,22.055],[99.8417,22.0271],[99.821,22.0178],[99.7237,22.0706],[99.6839,22.039],[99.6335,22.0848],[99.539,22.1067],[99.4904,22.1043],[99.4386,22.1242],[99.3649,22.0989],[99.2529,22.1028],[99.1664,22.1321],[99.1445,22.1535],[99.1751,22.1687],[99.1594,22.1847],[99.2437,22.3412],[99.2431,22.3932],[99.2828,22.4119],[99.3578,22.4955],[99.3441,22.5333],[99.355,22.6085],[99.3079,22.7196],[99.308,22.7452],[99.359,22.7749],[99.4144,22.8569],[99.4134,22.9307],[99.4299,22.9367],[99.4845,22.9103],[99.5153,22.9088],[99.538,22.9264],[99.5346,22.9493],[99.4904,23.012],[99.4931,23.0574],[99.4033,23.0683],[99.3338,23.1296],[99.3141,23.1265],[99.2848,23.0882],[99.2166,23.0574],[99.1942,23.0958],[99.0551,23.1096],[99.0264,23.1604],[98.859,23.1794],[98.8601,23.2123],[98.9107,23.2976],[98.8965,23.3233],[98.8534,23.3249],[98.8901,23.3679],[98.8896,23.4068],[98.864,23.4666],[98.8489,23.4804],[98.8,23.4807],[98.7809,23.5329],[98.7963,23.5579],[98.8502,23.5906],[98.856,23.61],[98.8003,23.6927],[98.7932,23.7585],[98.6637,23.7969],[98.6745,23.9369],[98.6588,23.9611],[98.8562,24.0838],[98.8735,24.1145],[98.8657,24.1457],[98.8181,24.129],[98.7162,24.1213],[98.5852,24.0757],[98.5033,24.1213],[98.435,24.1303],[98.3956,24.1281],[98.3307,24.0995],[98.1815,24.1187],[98.1051,24.1015],[97.89,24.0226],[97.8178,23.9582],[97.7678,23.9465],[97.6968,23.8871],[97.6371,23.8636],[97.6247,23.8467],[97.6099,23.8831],[97.5165,23.9428],[97.7201,24.1474],[97.7231,24.1713],[97.7016,24.2109],[97.7241,24.2415],[97.7184,24.2777],[97.6445,24.3024],[97.6382,24.3281],[97.6896,24.3465],[97.6883,24.3677],[97.6626,24.3901],[97.6473,24.4323],[97.6244,24.4423],[97.5196,24.4308],[97.5133,24.4386],[97.5386,24.5973],[97.5328,24.7233],[97.5362,24.7451],[97.6639,24.8298],[97.7652,24.8347],[97.773,24.8547],[97.7241,24.8972],[97.7083,24.9273],[97.6996,25.065],[97.7541,25.1136],[97.801,25.2376],[97.8236,25.2616],[97.8603,25.2441],[97.8889,25.2056],[97.9099,25.2076],[97.9763,25.2723],[98.0449,25.3119],[98.0757,25.3761],[98.1121,25.3962],[98.0998,25.5],[98.1342,25.5346],[98.1401,25.6115],[98.2324,25.5866],[98.2766,25.5524],[98.3326,25.567],[98.3572,25.5928],[98.3752,25.6493],[98.4132,25.6921],[98.4187,25.7242],[98.4613,25.7947],[98.4981,25.8307],[98.5268,25.8388],[98.61,25.8006],[98.6778,25.8433],[98.6924,25.879],[98.6162,25.9794],[98.5824,25.9823],[98.5455,26.1056],[98.563,26.1312],[98.6193,26.1457],[98.6243,26.1085],[98.6444,26.0979],[98.6808,26.125],[98.7055,26.1749],[98.677,26.2393],[98.6422,26.2545],[98.6578,26.3116],[98.7135,26.3895],[98.7211,26.5389],[98.7556,26.625],[98.732,26.7135],[98.7504,26.792],[98.7145,26.862],[98.7363,26.8983],[98.7127,26.9951],[98.7378,27.0487],[98.7314,27.0688],[98.6914,27.0924],[98.6726,27.1756],[98.7077,27.3372],[98.6974,27.3689],[98.6744,27.3866],[98.6683,27.4752],[98.6793,27.5773],[98.6472,27.6117],[98.5784,27.5917],[98.5222,27.6563],[98.4923,27.6434],[98.4103,27.6843],[98.4,27.6757],[98.3833,27.5558],[98.3639,27.5322],[98.3286,27.5229],[98.2947,27.5366],[98.2544,27.6481],[98.2044,27.7273],[98.2115,27.7603],[98.1979,27.7806],[98.1966,27.8232],[98.1624,27.8428],[98.1401,27.8786],[98.1767,27.8981],[98.1773,27.9129],[98.1071,27.9731],[98.1225,28.0154],[98.128,28.1055],[98.115,28.1439]]]}},{"type":"Feature","id":"Zhejiang","properties":{"id":"Zhejiang","iso_code":"CN-ZJ","name":"Zhejiang","name_full":"Zhejiang","name_ja":"浙江省","center_lonlat":[120.0467,29.1707]},"geometry":{"type":"MultiPolygon","coordinates":[[[[121.2748,30.6912],[121.2029,30.6651],[121.1485,30.6278],[121.1213,30.593],[121.0474,30.5828],[120.9778,30.5433],[120.9317,30.473],[120.9395,30.4219],[120.9288,30.4081],[120.8948,30.4013],[120.9151,30.3746],[120.8882,30.3686],[120.8318,30.3053],[120.7874,30.2936],[120.754,30.3271],[120.745,30.3596],[120.6981,30.394],[120.6192,30.4061],[120.4791,30.4035],[120.4303,30.3898],[120.379,30.2735],[120.2579,30.2981],[120.1471,30.1989],[120.179,30.2007],[120.2302,30.236],[120.25,30.2701],[120.2744,30.2776],[120.2955,30.2787],[120.3503,30.2407],[120.3847,30.2496],[120.4505,30.3689],[120.6216,30.3726],[120.6517,30.3593],[120.6987,30.2518],[120.7344,30.2322],[120.6301,30.135],[120.6318,30.1224],[120.6825,30.0849],[120.765,30.0866],[120.7922,30.0661],[120.7837,30.0893],[120.688,30.0978],[120.6463,30.1269],[120.7514,30.2256],[120.8135,30.2133],[120.8286,30.185],[120.8928,30.1698],[120.9944,30.2111],[121.1091,30.2828],[121.1497,30.3258],[121.1854,30.3376],[121.2541,30.3484],[121.3774,30.3251],[121.5068,30.22],[121.6583,30.0184],[121.7323,29.9786],[121.7219,29.9605],[121.7675,29.9732],[121.9149,29.9187],[121.9356,29.8874],[122.0562,29.8874],[122.1059,29.907],[122.1291,29.9038],[122.1364,29.8845],[122.1148,29.8716],[121.983,29.8232],[121.9022,29.7525],[121.8853,29.7613],[121.8731,29.7538],[121.8624,29.708],[121.7765,29.6526],[121.7041,29.572],[121.6091,29.5457],[121.5743,29.5522],[121.5308,29.51],[121.5168,29.5461],[121.4844,29.5447],[121.4434,29.5242],[121.4553,29.4894],[121.4278,29.4679],[121.4426,29.4154],[121.4651,29.4209],[121.4797,29.4748],[121.5049,29.4838],[121.4918,29.456],[121.5137,29.452],[121.5117,29.4376],[121.4776,29.4127],[121.4849,29.3905],[121.5313,29.417],[121.5696,29.4746],[121.6427,29.4952],[121.7109,29.5386],[121.7246,29.5385],[121.7313,29.518],[121.764,29.5308],[121.7572,29.499],[121.7784,29.4694],[121.812,29.4901],[121.8306,29.5281],[121.8474,29.5242],[121.8448,29.5362],[121.814,29.5522],[121.745,29.5447],[121.7484,29.5626],[121.7961,29.6006],[121.9158,29.6409],[121.9712,29.5933],[121.971,29.5689],[121.9412,29.5512],[121.9498,29.5385],[121.9104,29.5246],[121.9441,29.4977],[121.9427,29.4797],[121.971,29.4491],[121.9573,29.4081],[121.9363,29.4277],[121.9226,29.4181],[121.9162,29.3489],[121.9314,29.3239],[121.9089,29.3188],[121.9158,29.3051],[121.9005,29.2987],[121.94,29.2641],[121.9744,29.2846],[121.9915,29.2573],[121.9532,29.2497],[121.9573,29.2164],[121.943,29.2232],[121.943,29.1959],[121.8406,29.1611],[121.7853,29.1681],[121.7997,29.3051],[121.8406,29.3188],[121.8307,29.3339],[121.7997,29.3188],[121.7882,29.3286],[121.7997,29.374],[121.7866,29.3745],[121.7586,29.3598],[121.7779,29.2964],[121.7743,29.2539],[121.7243,29.182],[121.7045,29.1742],[121.6525,29.183],[121.6392,29.2173],[121.6546,29.3],[121.6404,29.3066],[121.6248,29.3015],[121.6289,29.1884],[121.5743,29.3051],[121.562,29.2958],[121.5743,29.2778],[121.5259,29.2778],[121.5364,29.2583],[121.5049,29.2089],[121.5035,29.1789],[121.491,29.176],[121.4802,29.1972],[121.4564,29.1611],[121.4314,29.1722],[121.4085,29.1611],[121.4564,29.1338],[121.4017,29.1065],[121.6214,29.1133],[121.6148,29.0581],[121.5992,29.0502],[121.5369,29.0612],[121.5321,29.0205],[121.5486,29.0214],[121.5396,29.0376],[121.5574,29.049],[121.6174,29.04],[121.6419,29.0513],[121.6898,29.0171],[121.6538,28.9886],[121.6594,28.9727],[121.6847,28.9675],[121.6842,28.9556],[121.7178,28.9488],[121.6842,28.9147],[121.6053,28.9426],[121.5874,28.9631],[121.5853,28.9383],[121.5708,28.9301],[121.5371,28.955],[121.4978,28.9497],[121.4918,28.9284],[121.5049,28.9352],[121.5177,28.9128],[121.5806,28.8868],[121.6108,28.8912],[121.6289,28.8771],[121.6235,28.8423],[121.6419,28.8459],[121.6699,28.8253],[121.6358,28.8048],[121.6626,28.7906],[121.6183,28.7619],[121.6214,28.7359],[121.6056,28.7247],[121.5028,28.7004],[121.3512,28.7119],[121.2903,28.7516],[121.2379,28.7639],[121.2144,28.8073],[121.1736,28.8179],[121.1423,28.8459],[121.1597,28.8135],[121.2061,28.7991],[121.2312,28.7602],[121.2993,28.7229],[121.2987,28.7012],[121.2584,28.6751],[121.365,28.696],[121.3814,28.682],[121.4138,28.6966],[121.4548,28.6895],[121.5101,28.6571],[121.5384,28.5714],[121.5816,28.5047],[121.521,28.501],[121.5116,28.4895],[121.5846,28.4891],[121.6077,28.4772],[121.5838,28.4429],[121.6323,28.3794],[121.634,28.3472],[121.6563,28.3393],[121.6079,28.2705],[121.5781,28.2603],[121.5806,28.3008],[121.5,28.3327],[121.4731,28.3306],[121.436,28.2971],[121.4089,28.3049],[121.3955,28.2841],[121.4188,28.2697],[121.416,28.2562],[121.3648,28.2258],[121.354,28.1879],[121.3745,28.1953],[121.374,28.1726],[121.3514,28.1466],[121.3301,28.1475],[121.3093,28.1749],[121.2879,28.1809],[121.2617,28.2258],[121.2252,28.2389],[121.2489,28.2702],[121.2368,28.3061],[121.2031,28.3319],[121.2175,28.3524],[121.2442,28.3491],[121.2647,28.366],[121.2141,28.3606],[121.169,28.3848],[121.169,28.3598],[121.1443,28.3436],[121.1303,28.3056],[121.0721,28.2917],[121.0667,28.3114],[121.025,28.3046],[121.0581,28.2799],[121.1218,28.2844],[121.1248,28.2355],[121.0858,28.1665],[121.0094,28.1031],[120.9935,28.0258],[120.9652,27.9871],[120.9214,27.9817],[120.88,27.9987],[120.8196,27.9892],[120.731,28.0358],[120.606,28.0422],[120.5902,28.0544],[120.577,28.1156],[120.5596,28.1128],[120.5802,28.0898],[120.589,28.0267],[120.6736,28.0217],[120.7506,27.9756],[120.8353,27.956],[120.8638,27.9181],[120.8684,27.8826],[120.8523,27.8582],[120.8075,27.8348],[120.7226,27.7159],[120.7043,27.7128],[120.6353,27.7633],[120.6367,27.7458],[120.6725,27.7115],[120.6756,27.6597],[120.6665,27.6254],[120.5966,27.5703],[120.6185,27.5164],[120.6769,27.4946],[120.6781,27.4665],[120.6465,27.4445],[120.6362,27.416],[120.6489,27.4002],[120.6353,27.3797],[120.5459,27.4033],[120.5396,27.3652],[120.5049,27.345],[120.5493,27.321],[120.544,27.286],[120.5178,27.263],[120.526,27.2388],[120.5081,27.216],[120.5178,27.2016],[120.4684,27.1822],[120.4597,27.2204],[120.4217,27.2221],[120.4192,27.2064],[120.4058,27.2969],[120.3585,27.3672],[120.344,27.3796],[120.2986,27.3784],[120.2347,27.413],[120.1477,27.4002],[120.0579,27.3417],[119.9839,27.36],[119.9307,27.3248],[119.7701,27.3159],[119.7558,27.3517],[119.6881,27.4209],[119.6866,27.5113],[119.6539,27.5507],[119.6479,27.5861],[119.6116,27.6049],[119.6247,27.6467],[119.6044,27.6691],[119.5578,27.6757],[119.5303,27.6584],[119.4599,27.5199],[119.4175,27.5021],[119.3967,27.5123],[119.3727,27.5065],[119.3306,27.4661],[119.283,27.4503],[119.2567,27.4198],[119.1576,27.4258],[119.1332,27.434],[119.1081,27.466],[119.0868,27.4595],[119.0053,27.4801],[118.9483,27.4717],[118.9081,27.4818],[118.8831,27.5104],[118.9227,27.55],[118.8808,27.6793],[118.8895,27.7222],[118.841,27.8157],[118.8198,27.9099],[118.7481,27.9732],[118.7532,28.1009],[118.786,28.1363],[118.7646,28.1834],[118.8002,28.2172],[118.7961,28.2399],[118.7629,28.2696],[118.7352,28.326],[118.678,28.2919],[118.6232,28.2844],[118.5925,28.2992],[118.5354,28.2848],[118.516,28.2623],[118.4464,28.2887],[118.4763,28.3322],[118.4646,28.4714],[118.439,28.4969],[118.4573,28.5227],[118.4314,28.5549],[118.4159,28.604],[118.4277,28.6885],[118.3937,28.7261],[118.3717,28.7986],[118.3029,28.8358],[118.2719,28.9088],[118.2245,28.9322],[118.2271,28.9581],[118.1288,29.0245],[118.0639,29.0506],[117.9992,29.1344],[118.05,29.2164],[118.052,29.2753],[118.1324,29.2979],[118.1726,29.342],[118.1836,29.3691],[118.1747,29.4079],[118.3105,29.4469],[118.3068,29.478],[118.3199,29.491],[118.3436,29.4849],[118.3732,29.4528],[118.3895,29.4563],[118.4213,29.4943],[118.4696,29.5239],[118.5569,29.6252],[118.6052,29.6525],[118.6481,29.6583],[118.7237,29.7302],[118.7313,29.8155],[118.8276,29.8867],[118.8463,29.9368],[118.894,29.9826],[118.869,30.1085],[118.8802,30.1475],[118.8527,30.1593],[118.9095,30.2222],[118.8778,30.2922],[118.8811,30.3244],[118.9543,30.3548],[119.0504,30.313],[119.2043,30.3144],[119.2378,30.2986],[119.28,30.3463],[119.3204,30.3688],[119.3924,30.3684],[119.3972,30.379],[119.3587,30.4121],[119.3263,30.515],[119.2659,30.5166],[119.2448,30.5347],[119.2429,30.5566],[119.2653,30.5725],[119.2723,30.6083],[119.3162,30.6235],[119.3603,30.6805],[119.3939,30.6802],[119.4175,30.6399],[119.4514,30.6481],[119.4881,30.7185],[119.4976,30.7672],[119.5374,30.7904],[119.5783,30.8552],[119.6298,31.1329],[119.6627,31.1629],[119.7401,31.1765],[119.8037,31.1587],[119.9094,31.1649],[119.9319,31.15],[119.9431,31.0866],[120.1286,30.9432],[120.2134,30.9205],[120.3617,30.9388],[120.377,30.8912],[120.4378,30.9012],[120.491,30.7637],[120.5924,30.8556],[120.7053,30.8817],[120.7008,30.9345],[120.68,30.9595],[120.6865,30.9734],[120.7815,30.9968],[120.8883,30.9952],[120.9093,31.0117],[120.9692,31.0095],[120.9843,30.9924],[120.9935,30.9264],[120.979,30.8923],[120.9972,30.861],[120.9849,30.8265],[121.0378,30.8085],[121.0679,30.8391],[121.0941,30.8408],[121.1403,30.7911],[121.2043,30.7848],[121.2352,30.7673],[121.2748,30.6912]]],[[[122.3275,30.0245],[122.307,29.9972],[122.2936,29.9338],[122.2292,29.9787],[122.099,30.0145],[122.0653,30.0159],[122.0191,29.9972],[122.0122,30.0319],[121.9734,30.06],[121.9808,30.0901],[121.9631,30.1424],[122.1033,30.1437],[122.1323,30.1238],[122.1648,30.1205],[122.1736,30.1022],[122.2293,30.0916],[122.2561,30.0682],[122.2896,30.0673],[122.3275,30.0245]]],[[[121.2555,28.14],[121.2854,28.1019],[121.2791,28.0854],[121.2381,28.0929],[121.2315,28.065],[121.1516,28.0412],[121.1552,28.0714],[121.1306,28.1035],[121.125,28.1401],[121.1653,28.1505],[121.2306,28.2197],[121.2564,28.2148],[121.2689,28.1939],[121.2555,28.14]]],[[[122.2388,30.3131],[122.2039,30.2914],[122.2319,30.2777],[122.2023,30.2419],[122.1377,30.2546],[122.0736,30.2914],[122.1042,30.3142],[122.2114,30.3466],[122.2251,30.3323],[122.2205,30.3207],[122.2388,30.3131]]],[[[122.1432,29.7334],[122.1869,29.6734],[122.1629,29.6545],[122.1698,29.675],[122.1494,29.6688],[122.1494,29.6818],[122.1275,29.669],[122.0928,29.7258],[122.04,29.7164],[122.0329,29.7309],[122.0682,29.7795],[122.1074,29.7896],[122.1221,29.7787],[122.1221,29.7508],[122.1432,29.7334]]],[[[121.9575,29.1195],[121.9353,29.0629],[121.8887,29.0723],[121.9002,29.0937],[121.8682,29.1474],[121.8814,29.1603],[121.9266,29.1667],[121.9519,29.1523],[121.9575,29.1195]]],[[[121.8818,30.0764],[121.9092,30.045],[121.9105,30.0241],[121.8897,29.984],[121.8601,29.9781],[121.8289,29.9975],[121.8347,30.045],[121.853,30.0871],[121.8818,30.0764]]],[[[122.3952,29.8836],[122.3828,29.8647],[122.3952,29.8333],[122.3571,29.8617],[122.3674,29.8959],[122.3252,29.9279],[122.3301,29.9582],[122.3418,29.963],[122.3591,29.9463],[122.4067,29.9527],[122.4075,29.9306],[122.3952,29.9221],[122.4081,29.8998],[122.3952,29.8836]]],[[[122.3989,30.4565],[122.411,30.4521],[122.4231,30.4149],[122.348,30.436],[122.2854,30.4221],[122.2728,30.436],[122.2871,30.4422],[122.2738,30.4514],[122.28,30.4826],[122.3374,30.4585],[122.3692,30.477],[122.3747,30.4573],[122.3989,30.4565]]],[[[122.3047,29.8175],[122.3084,29.7763],[122.2513,29.8061],[122.2317,29.8362],[122.2712,29.8468],[122.312,29.829],[122.3047,29.8175]]],[[[122.3457,30.2419],[122.2776,30.2355],[122.324,30.2722],[122.3826,30.2772],[122.4077,30.2659],[122.4085,30.244],[122.3958,30.2394],[122.3806,30.2637],[122.3457,30.2419]]],[[[121.8622,29.1296],[121.8674,29.1158],[121.8421,29.095],[121.7827,29.1247],[121.7898,29.1498],[121.8622,29.1296]]],[[[121.0493,27.9509],[121.0452,27.9675],[121.0702,27.9829],[121.1113,27.9838],[121.1397,27.9658],[121.1033,27.9462],[121.0718,27.9573],[121.0493,27.9509]]],[[[122.5293,30.7208],[122.5247,30.7018],[122.4553,30.694],[122.4273,30.7039],[122.4299,30.7431],[122.4729,30.7172],[122.5293,30.7208]]],[[[121.1817,27.8647],[121.1893,27.8483],[121.173,27.841],[121.1712,27.8188],[121.098,27.8178],[121.114,27.8441],[121.1492,27.8458],[121.1817,27.8647]]],[[[121.9722,29.9448],[121.9924,29.9083],[121.9461,29.904],[121.9336,29.9213],[121.9409,29.9377],[121.96,29.9532],[121.9722,29.9448]]],[[[121.074,27.4795],[121.1034,27.4519],[121.0665,27.455],[121.0765,27.4385],[121.0673,27.4368],[121.0461,27.4652],[121.074,27.4795]]]]}}]}
