{"type":"FeatureCollection","features":[{"type":"Feature","id":"Kujalleq","properties":{"id":"Kujalleq","iso_code":"GL-KU","name":"Kujalleq","name_full":"Kujalleq","name_ja":"クヤレック","center_lonlat":[-44.4008,61.4313]},"geometry":{"type":"MultiPolygon","coordinates":[[[[-43.1512,62.7596],[-43.1103,62.7255],[-43.1313,62.7111],[-43.118,62.7006],[-42.87,62.6749],[-42.7308,62.6406],[-42.7267,62.6156],[-42.6789,62.5883],[-42.6789,62.6156],[-42.6135,62.63],[-42.3837,62.5715],[-42.3443,62.5169],[-42.3226,62.5058],[-42.347,62.4741],[-42.384,62.4648],[-42.4325,62.4784],[-42.5216,62.5344],[-42.5553,62.5411],[-42.4803,62.4784],[-42.5577,62.4833],[-42.5417,62.4685],[-42.4939,62.4648],[-42.3751,62.4168],[-42.3568,62.4238],[-42.3636,62.4374],[-42.3406,62.4416],[-42.2537,62.4374],[-42.2611,62.4238],[-42.2446,62.4049],[-42.2742,62.3829],[-42.1644,62.3903],[-42.2544,62.3637],[-42.3393,62.3767],[-42.4667,62.4108],[-42.4871,62.4312],[-42.5485,62.4238],[-42.61,62.4592],[-42.6798,62.4667],[-42.6994,62.4784],[-42.6919,62.4927],[-42.7331,62.504],[-42.7886,62.4868],[-42.857,62.5132],[-42.974,62.5248],[-42.9799,62.4784],[-42.9116,62.4784],[-42.7615,62.4328],[-42.659,62.3883],[-42.608,62.3365],[-42.412,62.3493],[-42.3287,62.3166],[-42.2611,62.3146],[-42.3271,62.2676],[-42.2675,62.2466],[-42.258,62.2275],[-42.2804,62.1842],[-42.3295,62.1501],[-42.3314,62.1383],[-42.3021,62.1227],[-42.3122,62.1032],[-42.412,62.0886],[-42.384,62.0749],[-42.4237,62.0502],[-42.5212,62.0402],[-42.434,62.0255],[-42.4181,62.0129],[-42.5485,61.9515],[-42.4959,61.9426],[-42.3295,62.0197],[-42.1481,62.0237],[-42.1172,62.0067],[-42.2086,61.9202],[-42.4158,61.9206],[-42.3431,61.8969],[-42.2264,61.8894],[-42.2537,61.8696],[-42.1923,61.8696],[-42.2196,61.8354],[-42.3431,61.7597],[-42.5895,61.7386],[-42.7406,61.7995],[-42.7535,61.8206],[-42.7681,61.8217],[-42.8407,61.7968],[-42.87,61.7699],[-42.7683,61.787],[-42.5936,61.7038],[-42.4193,61.6999],[-42.2836,61.7283],[-42.2537,61.7112],[-42.3927,61.6828],[-42.3939,61.6609],[-42.3331,61.6484],[-42.3251,61.6245],[-42.3747,61.6171],[-42.453,61.6361],[-42.3773,61.6088],[-42.4667,61.6157],[-42.4294,61.569],[-42.4355,61.561],[-42.6134,61.5468],[-42.8676,61.5638],[-42.9988,61.6001],[-43.0829,61.5952],[-42.9656,61.5624],[-42.9312,61.5306],[-42.8531,61.5434],[-42.7906,61.5283],[-42.5275,61.5338],[-42.5485,61.4853],[-42.5111,61.4364],[-42.4803,61.4307],[-42.4256,61.4443],[-42.4045,61.4164],[-42.4181,61.4028],[-42.4664,61.4106],[-42.5067,61.3741],[-42.5001,61.3618],[-42.5924,61.3524],[-42.6037,61.3413],[-42.5835,61.341],[-42.5903,61.3266],[-42.6919,61.314],[-42.6305,61.2935],[-42.7075,61.2918],[-42.8559,61.3373],[-43.2095,61.3516],[-43.2481,61.3413],[-42.8861,61.3102],[-42.7751,61.2799],[-42.8063,61.2672],[-42.8845,61.2639],[-42.9054,61.2458],[-42.7956,61.2475],[-42.7482,61.2683],[-42.6584,61.2594],[-42.6652,61.2458],[-42.5923,61.218],[-42.5758,61.1973],[-42.7329,61.1973],[-42.7609,61.1837],[-42.9101,61.2161],[-42.9577,61.2043],[-43.1792,61.211],[-42.8695,61.1748],[-42.762,61.144],[-42.7062,61.1496],[-42.6919,61.1291],[-42.6305,61.1011],[-42.8896,61.1243],[-42.9257,61.1042],[-43.171,61.1318],[-43.3024,61.1222],[-43.5163,61.1474],[-43.572,61.1452],[-43.6112,61.1291],[-43.4159,61.1171],[-43.3647,61.1005],[-43.1641,61.1094],[-43.1478,61.0943],[-43.0966,61.0943],[-43.1034,61.1011],[-42.9874,61.0812],[-43.0147,61.0539],[-42.915,61.0738],[-42.8635,61.0715],[-42.8229,61.0539],[-42.7699,61.0704],[-42.7062,61.0601],[-42.7683,61.0403],[-42.6857,61.0329],[-42.6688,61.017],[-42.6919,60.9993],[-42.6584,60.9993],[-42.6977,60.9826],[-42.7733,61.022],[-42.8072,61.0109],[-42.7867,60.9795],[-42.8018,60.9543],[-42.7267,60.9304],[-43.0275,60.8816],[-43.4294,60.9474],[-43.4818,60.9416],[-43.4773,60.9108],[-43.4464,60.9168],[-43.1339,60.8808],[-43.1034,60.8616],[-43.1246,60.8479],[-43.0609,60.8586],[-42.8851,60.8454],[-42.8489,60.8218],[-42.7861,60.8245],[-42.8011,60.8048],[-42.9216,60.7927],[-43.1246,60.8274],[-43.5038,60.8482],[-43.528,60.841],[-43.5064,60.8298],[-43.2965,60.812],[-43.274,60.8],[-43.2754,60.7864],[-43.249,60.7798],[-43.2003,60.7974],[-43.0898,60.8001],[-42.9734,60.7864],[-42.9284,60.7665],[-42.7854,60.7463],[-42.7716,60.7349],[-42.8365,60.684],[-42.9327,60.6508],[-43.2754,60.6766],[-43.2413,60.6562],[-42.9054,60.6213],[-42.9247,60.6431],[-42.8036,60.6881],[-42.7472,60.6902],[-42.8187,60.6511],[-42.8291,60.6394],[-42.8263,60.6113],[-42.8882,60.6018],[-43.1444,60.6083],[-43.107,60.592],[-42.8291,60.5804],[-42.8472,60.5679],[-42.9116,60.5742],[-42.9768,60.5468],[-43.1444,60.5468],[-43.1269,60.5294],[-43.0284,60.5258],[-43.0445,60.5079],[-43.1095,60.5063],[-43.1698,60.5281],[-43.2003,60.5533],[-43.2444,60.5432],[-43.3011,60.5575],[-43.3085,60.546],[-43.2754,60.5258],[-43.1644,60.4957],[-43.1444,60.478],[-43.2274,60.4709],[-43.5443,60.5447],[-43.6664,60.655],[-43.6686,60.6895],[-43.6892,60.7237],[-43.7102,60.7147],[-43.7024,60.6723],[-43.6208,60.5599],[-43.6589,60.553],[-44.0843,60.5936],[-44.1702,60.6516],[-44.1927,60.6431],[-44.1598,60.6054],[-44.2002,60.6015],[-44.1639,60.5759],[-44.0257,60.5723],[-43.8502,60.5394],[-43.7955,60.478],[-43.8371,60.4506],[-43.8048,60.4428],[-43.7856,60.4521],[-43.7817,60.4726],[-43.7955,60.4984],[-43.7696,60.5233],[-43.7253,60.5255],[-43.4276,60.4831],[-43.3194,60.4472],[-43.3229,60.4333],[-43.4663,60.3948],[-43.4871,60.3824],[-43.4598,60.3681],[-43.54,60.3493],[-43.5927,60.3218],[-43.5911,60.3065],[-43.4529,60.355],[-43.3573,60.3339],[-43.3995,60.3767],[-43.3663,60.3912],[-43.1753,60.4001],[-43.2133,60.3886],[-43.151,60.3661],[-43.1686,60.355],[-43.3245,60.3804],[-43.3573,60.3756],[-43.3194,60.3476],[-43.2825,60.3554],[-43.1655,60.3135],[-43.137,60.3271],[-43.1034,60.3135],[-43.1322,60.2866],[-43.1792,60.2787],[-43.0898,60.2589],[-43.0992,60.2437],[-43.2263,60.2589],[-43.33,60.2172],[-43.1568,60.215],[-43.1246,60.1968],[-43.1655,60.1906],[-43.1103,60.1837],[-43.1308,60.1627],[-43.1103,60.1558],[-43.137,60.1485],[-43.2065,60.1701],[-43.1939,60.1467],[-43.2133,60.1353],[-43.1549,60.1216],[-43.1171,60.1291],[-43.0881,60.0994],[-43.1287,60.0835],[-43.3093,60.0956],[-43.4871,60.1353],[-43.5889,60.1384],[-43.6243,60.1906],[-43.6426,60.1914],[-43.6446,60.1663],[-43.6606,60.1543],[-43.762,60.1701],[-43.8069,60.1604],[-43.9404,60.1745],[-43.9906,60.1909],[-44.1418,60.1837],[-44.1659,60.1732],[-44.1729,60.1968],[-44.1571,60.2231],[-43.9947,60.3066],[-44.0545,60.3203],[-44.0668,60.3718],[-44.1008,60.3874],[-44.1108,60.3824],[-44.0829,60.3414],[-44.0973,60.3112],[-44.0836,60.3023],[-44.0983,60.283],[-44.1593,60.2514],[-44.2124,60.3121],[-44.2489,60.3354],[-44.2746,60.3339],[-44.2306,60.2824],[-44.2242,60.2322],[-44.2374,60.2247],[-44.3169,60.2383],[-44.3154,60.2247],[-44.2616,60.1906],[-44.3299,60.1496],[-44.4261,60.1558],[-44.4578,60.1456],[-44.4813,60.1237],[-44.5155,60.0388],[-44.5902,59.9891],[-44.6244,59.9879],[-44.6683,60.0156],[-44.6657,60.1074],[-44.7113,60.0744],[-44.7142,60.0073],[-44.7582,59.9975],[-44.8019,60.0166],[-44.8854,60.1148],[-44.8445,60.1496],[-44.8982,60.1452],[-44.9264,60.1043],[-44.8454,60.0412],[-44.8445,60.0193],[-44.8677,60.0358],[-44.9748,60.0397],[-44.9537,60.0665],[-44.9748,60.0808],[-44.9469,60.0739],[-45.0204,60.1057],[-45.0599,60.0944],[-45.1158,60.1034],[-45.0902,60.0808],[-45.1098,60.0705],[-45.1728,60.0876],[-45.159,60.1039],[-45.0704,60.1353],[-45.0901,60.147],[-45.081,60.1556],[-44.7551,60.2043],[-44.772,60.2216],[-44.8277,60.2053],[-44.8371,60.2174],[-44.8163,60.2448],[-44.7421,60.2741],[-44.7224,60.3284],[-44.6287,60.3746],[-44.5909,60.4332],[-44.5292,60.4506],[-44.5428,60.4649],[-44.5013,60.4819],[-44.4664,60.5258],[-44.4664,60.5673],[-44.5255,60.4984],[-44.5775,60.4809],[-44.6586,60.3906],[-44.7294,60.3642],[-44.7974,60.2979],[-44.8592,60.2784],[-44.8786,60.2247],[-44.9501,60.1991],[-45.0841,60.1968],[-45.1738,60.1336],[-45.2076,60.1422],[-45.1592,60.1837],[-45.2069,60.1756],[-45.1873,60.2126],[-45.0924,60.2819],[-44.9264,60.3271],[-44.942,60.3465],[-44.9398,60.3646],[-44.8922,60.437],[-44.8445,60.478],[-44.9532,60.4706],[-44.7824,60.5804],[-44.7613,60.6213],[-44.7724,60.6562],[-44.6254,60.7375],[-44.7153,60.7238],[-44.7411,60.6948],[-44.8026,60.6845],[-44.8581,60.5866],[-45.0004,60.4907],[-45.2142,60.439],[-45.2827,60.4649],[-45.2485,60.478],[-45.2672,60.4944],[-45.2034,60.569],[-45.063,60.6629],[-45.1728,60.6213],[-45.2225,60.6334],[-45.24,60.6236],[-45.2139,60.6151],[-45.2281,60.5742],[-45.2652,60.591],[-45.2901,60.5497],[-45.4956,60.4923],[-45.3981,60.5485],[-45.3714,60.6083],[-45.3257,60.6347],[-45.1666,60.6766],[-45.1139,60.7179],[-45.1219,60.725],[-45.2137,60.684],[-45.307,60.6766],[-45.3214,60.7254],[-45.3509,60.725],[-45.3744,60.7086],[-45.3714,60.6492],[-45.4552,60.6287],[-45.4775,60.5666],[-45.4881,60.5878],[-45.5088,60.584],[-45.5155,60.5468],[-45.5638,60.5058],[-45.5709,60.4755],[-45.5837,60.4711],[-45.6137,60.5214],[-45.5912,60.5394],[-45.6744,60.5305],[-45.5962,60.5659],[-45.5959,60.5884],[-45.6322,60.6015],[-45.6255,60.577],[-45.6907,60.5658],[-45.7314,60.5878],[-45.6247,60.6492],[-45.7854,60.6249],[-45.8102,60.5961],[-45.8028,60.551],[-45.8475,60.5659],[-45.8671,60.5225],[-45.8811,60.5184],[-45.8926,60.53],[-45.883,60.5388],[-45.9095,60.5707],[-45.9816,60.5804],[-45.7656,60.6523],[-45.6557,60.6715],[-45.5775,60.7039],[-45.608,60.7115],[-45.7106,60.6766],[-45.7855,60.6773],[-45.858,60.6977],[-45.7829,60.7039],[-45.7215,60.7387],[-45.5775,60.7665],[-45.628,60.7836],[-45.5541,60.8046],[-45.5093,60.841],[-45.4582,60.85],[-45.4198,60.882],[-45.3766,60.8979],[-45.255,60.9079],[-45.2963,60.9372],[-45.3473,60.9226],[-45.3646,60.9304],[-45.3339,60.9478],[-45.3306,60.9804],[-45.3954,61.0106],[-45.4198,60.9993],[-45.3879,60.9631],[-45.3938,60.9569],[-45.4881,60.91],[-45.4867,60.8896],[-45.5089,60.8726],[-45.7134,60.77],[-45.8187,60.7518],[-45.8749,60.756],[-45.8996,60.7728],[-45.7563,60.8274],[-45.8024,60.8489],[-45.8702,60.8474],[-45.9285,60.8278],[-45.9407,60.8349],[-45.9337,60.841],[-45.9558,60.8365],[-45.9805,60.8222],[-46.0089,60.783],[-46.016,60.7326],[-46.0607,60.7216],[-46.2051,60.7466],[-46.2201,60.7611],[-46.215,60.7796],[-46.0604,60.797],[-46.0105,60.8391],[-45.8512,60.8957],[-45.8851,60.8966],[-45.9577,60.8684],[-45.9931,60.8837],[-46.0914,60.8205],[-46.1079,60.8275],[-46.1256,60.8131],[-46.1949,60.8113],[-46.1744,60.8305],[-45.8854,60.9304],[-45.5102,60.9822],[-45.4683,61.0056],[-45.4313,61.0497],[-45.2588,61.1049],[-45.2622,61.1496],[-45.2032,61.1933],[-45.2137,61.211],[-45.2485,61.1911],[-45.3646,61.0943],[-45.4449,61.1634],[-45.4374,61.1982],[-45.5128,61.2476],[-45.5032,61.2073],[-45.5211,61.1719],[-45.484,61.1088],[-45.6185,61.0198],[-45.7898,60.9577],[-45.8413,60.9714],[-46.0328,60.9139],[-46.0703,60.9372],[-46.0362,60.9372],[-46.0914,60.9577],[-46.1003,60.9755],[-46.0926,60.9827],[-45.9481,61.0329],[-45.7047,61.0688],[-45.6799,61.0881],[-45.7761,61.0977],[-45.7027,61.1214],[-45.7345,61.1427],[-45.6188,61.145],[-45.6302,61.1603],[-45.6942,61.17],[-45.726,61.1692],[-45.7723,61.1471],[-45.7898,61.1632],[-45.7757,61.1799],[-45.7859,61.1916],[-45.8723,61.2227],[-45.8629,61.2414],[-45.7972,61.2873],[-45.714,61.3283],[-45.8171,61.3283],[-45.8649,61.3072],[-45.9384,61.2332],[-46.0049,61.2431],[-46.0504,61.2656],[-46.1119,61.2526],[-45.9879,61.2217],[-45.9316,61.1889],[-45.8614,61.184],[-45.8364,61.152],[-45.8649,61.1291],[-45.9542,61.1365],[-45.9133,61.0943],[-46.0328,61.0539],[-46.1437,61.0524],[-46.1739,61.0676],[-46.1676,61.083],[-46.1805,61.0887],[-46.2618,61.0891],[-46.2969,61.0738],[-46.2286,61.0676],[-46.1168,61.0233],[-46.1576,60.9985],[-46.2357,60.9789],[-46.257,60.9889],[-46.2484,61.0089],[-46.2701,61.0468],[-46.3174,61.0465],[-46.357,61.0797],[-46.413,61.0881],[-46.3795,61.0601],[-46.3822,61.0474],[-46.4204,61.0403],[-46.4565,61.0596],[-46.4613,61.0465],[-46.413,61.0124],[-46.4576,60.9993],[-46.5415,61.0255],[-46.578,61.0056],[-46.5442,60.9801],[-46.5441,60.9522],[-46.6317,60.9926],[-46.6531,60.9857],[-46.578,60.91],[-46.6265,60.9447],[-46.6516,60.9032],[-46.7494,60.9509],[-46.7009,60.91],[-46.7971,60.9372],[-46.8865,60.9372],[-46.8708,60.9238],[-46.8055,60.9186],[-46.7103,60.8867],[-46.72,60.8563],[-46.8623,60.8001],[-46.9412,60.8001],[-46.8865,60.8349],[-46.9781,60.8201],[-46.9691,60.8349],[-46.8456,60.882],[-46.9327,60.8619],[-46.9617,60.8684],[-47.0211,60.8343],[-47.0436,60.841],[-47.0373,60.8479],[-47.0565,60.8608],[-47.0442,60.8791],[-46.9139,60.9304],[-46.9435,60.9584],[-47.042,60.9396],[-47.0784,60.9447],[-47.0026,60.9645],[-47.0299,60.9748],[-47.1739,60.9372],[-47.249,60.8957],[-47.2678,60.9004],[-47.3004,60.9611],[-47.3716,60.9296],[-47.4634,60.9409],[-47.5467,60.9123],[-47.5378,60.9022],[-47.4967,60.9025],[-47.5272,60.8918],[-47.6591,60.9107],[-47.728,60.8975],[-47.7437,60.9025],[-47.7363,60.9168],[-47.8591,60.8684],[-47.753,60.883],[-47.722,60.8758],[-47.7629,60.8479],[-47.65,60.8758],[-47.5302,60.8758],[-47.483,60.8957],[-47.3602,60.8856],[-47.3312,60.8773],[-47.3247,60.8616],[-47.4383,60.8274],[-47.6171,60.8209],[-47.9321,60.8417],[-47.9486,60.8479],[-47.9137,60.8758],[-47.9413,60.8826],[-48.038,60.83],[-48.1813,60.8131],[-48.2427,60.8249],[-48.2321,60.8437],[-48.0285,60.9145],[-47.9895,60.8957],[-47.8926,60.9484],[-47.7537,60.9708],[-47.7352,60.9785],[-47.7363,60.9919],[-47.6885,61.0056],[-47.7164,61.017],[-47.8846,61.0093],[-47.8566,61.017],[-47.8642,61.0238],[-47.8462,61.0328],[-47.7268,61.0299],[-47.6049,61.0696],[-44.0,62.7472],[-43.5095,62.7272],[-43.1512,62.7596]]],[[[-43.1717,60.0739],[-43.1308,60.0665],[-43.1587,60.0466],[-43.141,60.0322],[-43.1571,60.0124],[-43.2201,59.9914],[-43.2679,60.0193],[-43.3362,60.0323],[-43.3635,60.0602],[-43.3812,60.0417],[-43.5017,60.0777],[-43.5764,60.0808],[-43.4967,60.063],[-43.4814,60.0393],[-43.498,60.0046],[-43.5189,59.9912],[-43.5229,59.963],[-43.5522,59.9504],[-43.5644,59.9254],[-43.5901,59.923],[-43.6341,59.9404],[-43.6488,59.9875],[-43.6706,59.9984],[-43.6839,59.9922],[-43.6861,59.9569],[-43.7204,59.951],[-43.7954,59.9617],[-43.9191,60.005],[-43.7225,60.0628],[-43.9408,60.0486],[-43.9888,60.0764],[-44.0907,60.1008],[-44.1296,60.142],[-44.1221,60.1577],[-44.0733,60.1763],[-43.1717,60.0739]]],[[[-43.7067,59.9025],[-43.6395,59.8691],[-43.6446,59.8542],[-43.6859,59.8685],[-43.7915,59.8165],[-43.803,59.848],[-43.7672,59.8901],[-43.7887,59.8889],[-43.825,59.8638],[-43.8297,59.8275],[-43.8466,59.8115],[-43.8967,59.7926],[-43.9191,59.7961],[-43.9313,59.8265],[-43.9002,59.8814],[-43.9162,59.8967],[-43.9289,59.8715],[-43.9782,59.8487],[-43.9736,59.8337],[-44.0077,59.8179],[-44.0961,59.8081],[-44.1183,59.8337],[-44.1047,59.8772],[-43.9613,59.9782],[-43.7821,59.9343],[-43.7067,59.9025]]],[[[-47.722,60.7591],[-47.6531,60.7591],[-47.7192,60.7294],[-47.8229,60.7126],[-47.9005,60.6824],[-47.9137,60.684],[-47.8988,60.7055],[-47.8728,60.7114],[-47.8943,60.73],[-47.9693,60.6977],[-48.0707,60.7009],[-48.072,60.7182],[-48.1267,60.725],[-48.0919,60.7387],[-48.0972,60.7465],[-48.1266,60.7608],[-48.1466,60.7448],[-48.1653,60.7465],[-48.1745,60.7728],[-48.236,60.8001],[-48.0137,60.8237],[-47.9693,60.841],[-47.9136,60.8304],[-47.8989,60.8019],[-47.8486,60.8205],[-47.7567,60.807],[-47.7983,60.7796],[-47.7704,60.7665],[-47.818,60.7675],[-47.8277,60.7517],[-47.7599,60.7353],[-47.722,60.7591]]],[[[-46.5539,60.7963],[-46.5862,60.787],[-46.66,60.7927],[-46.66,60.7796],[-46.758,60.7541],[-46.8127,60.7534],[-46.8456,60.7728],[-46.6879,60.8274],[-46.5515,60.8539],[-46.4835,60.8901],[-46.2013,60.9509],[-46.2194,60.9394],[-46.1703,60.9267],[-46.1641,60.9114],[-46.3066,60.8537],[-46.3381,60.8479],[-46.3916,60.8608],[-46.4663,60.8098],[-46.5539,60.7963]]],[[[-45.1529,60.3824],[-45.137,60.361],[-45.1728,60.3135],[-45.1833,60.2725],[-45.2701,60.2429],[-45.3181,60.2053],[-45.4114,60.1945],[-45.3857,60.2172],[-45.3929,60.2308],[-45.3656,60.2924],[-45.3498,60.3895],[-45.3079,60.3935],[-45.2485,60.3613],[-45.2079,60.39],[-45.1529,60.3824]]],[[[-44.351,59.9845],[-44.3993,59.9533],[-44.4257,59.9564],[-44.433,59.9845],[-44.4095,60.045],[-44.3783,60.0808],[-44.4083,60.0766],[-44.454,60.0084],[-44.4947,60.0112],[-44.4859,60.039],[-44.4651,60.0551],[-44.4429,60.1379],[-44.3869,60.1493],[-44.292,60.129],[-44.2519,60.1081],[-44.2037,60.0532],[-44.2104,60.036],[-44.2996,60.005],[-44.3169,59.9777],[-44.3371,59.9877],[-44.3436,60.0084],[-44.31,60.0397],[-44.34,60.0331],[-44.3755,59.9933],[-44.351,59.9845]]],[[[-44.0084,59.9914],[-44.1024,59.9444],[-44.1513,59.9029],[-44.1626,59.9132],[-44.1528,59.986],[-44.1927,59.9025],[-44.3404,59.8747],[-44.3988,59.9094],[-44.2745,59.981],[-44.252,60.0108],[-44.2001,60.0279],[-44.0251,60.0181],[-43.9974,60.0101],[-44.0084,59.9914]]],[[[-46.2764,60.7728],[-46.2484,60.7523],[-46.3568,60.719],[-46.4204,60.7182],[-46.3453,60.6902],[-46.3453,60.6697],[-46.4457,60.6773],[-46.4668,60.6987],[-46.5023,60.7039],[-46.3909,60.7642],[-46.3192,60.7822],[-46.2764,60.7728]]],[[[-43.3772,59.9914],[-43.3621,59.9797],[-43.3946,59.9388],[-43.4315,59.934],[-43.446,59.9566],[-43.4713,59.9418],[-43.4734,59.9156],[-43.515,59.9094],[-43.4693,60.0268],[-43.446,60.0397],[-43.3717,60.0241],[-43.35,60.0072],[-43.3772,59.9914]]],[[[-42.3021,62.5747],[-42.2622,62.5789],[-42.2537,62.5684],[-42.2742,62.5684],[-42.2317,62.5515],[-42.1601,62.5802],[-42.1234,62.561],[-42.1426,62.5274],[-42.1234,62.4996],[-42.193,62.4858],[-42.2644,62.5114],[-42.2804,62.52],[-42.3021,62.5747]]],[[[-44.2036,60.1074],[-44.248,60.1291],[-44.2286,60.1664],[-44.2081,60.1753],[-44.1702,60.1468],[-44.1729,60.1216],[-44.1471,60.0959],[-44.1108,60.0739],[-44.0084,60.0466],[-44.1387,60.0413],[-44.2036,60.1074]]],[[[-42.0824,61.8764],[-42.0951,61.8616],[-42.0963,61.8245],[-42.1718,61.8074],[-42.1631,61.7946],[-42.1202,61.7901],[-42.1175,61.7788],[-42.2627,61.7531],[-42.2879,61.7597],[-42.2469,61.7733],[-42.1786,61.8211],[-42.186,61.8279],[-42.1644,61.8416],[-42.1654,61.8571],[-42.0824,61.8764]]],[[[-42.7748,60.9025],[-42.6243,60.8957],[-42.6912,60.8711],[-42.7683,60.8616],[-42.9526,60.8758],[-42.8502,60.9025],[-42.7748,60.9025]]],[[[-45.9747,60.6697],[-45.9786,60.6805],[-45.9552,60.682],[-45.7829,60.6629],[-45.8258,60.6398],[-45.8532,60.6457],[-45.9785,60.6233],[-45.9904,60.6367],[-45.9747,60.6697]]],[[[-45.8928,60.6977],[-45.9897,60.6946],[-46.0894,60.6429],[-46.1392,60.6567],[-46.1739,60.6492],[-46.2075,60.6766],[-46.1769,60.6881],[-45.8928,60.6977]]],[[[-44.9953,60.4131],[-44.9726,60.4517],[-44.9264,60.437],[-45.0084,60.3476],[-45.0643,60.3204],[-45.1182,60.3135],[-45.0895,60.3301],[-45.0841,60.355],[-45.0045,60.3862],[-44.9953,60.4131]]],[[[-45.0561,60.3824],[-45.116,60.3881],[-45.1318,60.4022],[-45.1322,60.4338],[-45.0941,60.4478],[-45.0021,60.4506],[-45.0276,60.4038],[-45.0561,60.3824]]],[[[-43.2065,59.9709],[-43.2543,59.9641],[-43.2201,59.951],[-43.2704,59.9458],[-43.2994,59.9287],[-43.3194,59.9641],[-43.3439,59.9179],[-43.371,59.9156],[-43.316,60.005],[-43.2065,59.9709]]],[[[-46.5297,60.9919],[-46.506,60.9992],[-46.4272,60.9782],[-46.4403,60.9714],[-46.4263,60.9381],[-46.488,60.925],[-46.5166,60.9372],[-46.5121,60.9658],[-46.5297,60.9919]]],[[[-46.3031,60.8205],[-46.3653,60.7849],[-46.405,60.7827],[-46.4272,60.8001],[-46.3572,60.8258],[-46.3031,60.8205]]],[[[-46.6327,60.7523],[-46.5683,60.7744],[-46.5091,60.7523],[-46.6373,60.7355],[-46.6327,60.7523]]],[[[-47.1944,60.841],[-47.0845,60.8684],[-47.0857,60.8375],[-47.1173,60.8269],[-47.1944,60.841]]],[[[-47.3179,60.8131],[-47.3125,60.8017],[-47.2223,60.7864],[-47.2445,60.7689],[-47.3589,60.7927],[-47.3179,60.8131]]],[[[-45.3038,60.1422],[-45.2697,60.1845],[-45.2457,60.1891],[-45.2213,60.1701],[-45.2213,60.1496],[-45.2624,60.1378],[-45.3038,60.1422]]],[[[-44.598,59.9641],[-44.5584,59.9866],[-44.5149,59.9777],[-44.5153,59.956],[-44.5427,59.9449],[-44.577,59.9466],[-44.598,59.9641]]],[[[-42.4939,61.4512],[-42.4123,61.4986],[-42.3903,61.4853],[-42.4194,61.4775],[-42.4681,61.4389],[-42.4939,61.4512]]],[[[-45.3584,60.478],[-45.3523,60.4577],[-45.3994,60.437],[-45.3953,60.4272],[-45.4403,60.4308],[-45.3824,60.4781],[-45.3584,60.478]]],[[[-47.1739,60.882],[-47.1136,60.9138],[-47.1125,60.9304],[-47.0715,60.9304],[-47.0981,60.8992],[-47.1739,60.882]]],[[[-47.0026,60.807],[-46.9868,60.7763],[-47.0162,60.7768],[-47.051,60.8001],[-47.0303,60.8142],[-47.0026,60.807]]],[[[-47.1814,60.8758],[-47.22,60.8521],[-47.2558,60.8513],[-47.2279,60.8792],[-47.1814,60.8758]]],[[[-47.2223,60.8131],[-47.2187,60.8259],[-47.1951,60.8271],[-47.1466,60.8131],[-47.1832,60.7993],[-47.2223,60.8131]]],[[[-47.051,60.8957],[-47.0119,60.9263],[-46.9617,60.9304],[-46.9889,60.9111],[-47.051,60.8957]]]]}},{"type":"Feature","id":"Northeast Greenland National Park","properties":{"id":"Northeast Greenland National Park","iso_code":"GL-UO","name":"Northeast Greenland National Park","name_full":"Northeast Greenland National Park","name_ja":"北東グリーンランド国立公園","center_lonlat":[-35.0083,77.8551]},"geometry":{"type":"MultiPolygon","coordinates":[[[[-27.7657,71.1389],[-27.8064,71.1566],[-27.9251,71.134],[-27.9129,71.1163],[-28.8215,70.9996],[-44.0,71.0],[-44.0,78.0],[-57.1551,80.0378],[-58.0762,80.2182],[-59.9054,80.5303],[-60.285,80.6056],[-60.7526,80.7585],[-61.0201,80.8732],[-61.8506,81.1285],[-61.5455,81.0662],[-61.5031,81.0774],[-61.5304,81.0978],[-61.5015,81.1079],[-61.3134,81.123],[-61.0761,81.1205],[-60.9721,81.1462],[-60.9476,81.1662],[-60.893,81.1662],[-61.0854,81.2208],[-61.1509,81.2559],[-61.2015,81.3033],[-61.1605,81.317],[-61.2956,81.3496],[-61.3113,81.3654],[-60.8371,81.4595],[-60.7732,81.4916],[-60.7869,81.5089],[-61.024,81.5495],[-61.0502,81.5869],[-61.1928,81.6278],[-61.26,81.6683],[-61.3424,81.681],[-61.3796,81.7005],[-61.3864,81.7213],[-61.4543,81.745],[-61.4349,81.766],[-61.2811,81.8151],[-60.5336,81.9127],[-60.0673,81.9474],[-59.7526,81.9255],[-59.6056,81.8936],[-59.3705,81.8991],[-58.8385,81.8623],[-58.7902,81.8493],[-58.7573,81.7995],[-58.6666,81.7694],[-58.7554,81.7399],[-58.7547,81.7142],[-58.6814,81.684],[-57.9419,81.5947],[-57.6449,81.5913],[-57.5423,81.5627],[-57.5419,81.5429],[-57.1788,81.4752],[-57.2812,81.461],[-57.2414,81.436],[-57.1908,81.425],[-56.7543,81.3926],[-56.5695,81.3397],[-56.4525,81.3381],[-56.5832,81.3943],[-57.0655,81.4398],[-57.0968,81.4535],[-57.0953,81.4761],[-57.18,81.4993],[-57.172,81.5224],[-57.2006,81.5342],[-57.3334,81.5533],[-57.5343,81.6091],[-57.6785,81.6226],[-57.7475,81.6509],[-58.1378,81.667],[-58.1247,81.6801],[-58.1473,81.6955],[-58.3165,81.749],[-58.4158,81.8157],[-58.4742,81.8309],[-58.4575,81.8599],[-58.486,81.8793],[-58.8224,81.929],[-58.9918,81.9332],[-59.4266,81.9797],[-59.4679,82.0028],[-58.6109,82.1052],[-58.3301,82.1052],[-58.3445,82.1195],[-58.3129,82.1304],[-57.7132,82.1673],[-57.0296,82.1888],[-56.9526,82.2076],[-56.8599,82.2042],[-56.7364,82.2252],[-56.4665,82.2355],[-56.316,82.2014],[-56.3428,82.1872],[-56.3075,82.1664],[-56.2615,82.1659],[-56.215,82.1778],[-56.1874,82.1954],[-56.1976,82.2089],[-56.0984,82.2586],[-55.9589,82.2728],[-55.2716,82.2496],[-55.2267,82.2355],[-55.3278,82.2341],[-55.3249,82.2038],[-55.1913,82.1872],[-55.1125,82.1572],[-55.092,82.1738],[-55.1056,82.1894],[-55.2267,82.2151],[-55.1641,82.2355],[-55.2554,82.2753],[-55.3558,82.2902],[-55.5756,82.2751],[-55.6029,82.2827],[-55.3479,82.2999],[-55.2505,82.321],[-54.4407,82.3727],[-54.0919,82.3205],[-54.0468,82.2902],[-53.8475,82.2372],[-53.557,82.1161],[-53.5539,82.0643],[-53.6229,82.0261],[-53.5171,81.9615],[-53.5035,81.9365],[-53.51,81.9102],[-53.5877,81.8128],[-53.7662,81.7453],[-53.7731,81.7179],[-53.8215,81.7005],[-53.776,81.6711],[-53.7936,81.6601],[-53.7799,81.6397],[-53.8079,81.5882],[-53.7928,81.5561],[-53.683,81.5263],[-53.472,81.5087],[-53.6502,81.5429],[-53.4857,81.5503],[-53.4646,81.5634],[-53.5177,81.5994],[-53.5539,81.6528],[-53.5408,81.6722],[-53.4648,81.6888],[-53.2711,81.7637],[-53.081,81.7961],[-52.9302,81.8651],[-52.9306,81.9068],[-52.9532,81.9582],[-53.0238,82.008],[-52.9643,82.0363],[-52.7713,82.0331],[-52.7105,82.019],[-52.5193,82.0097],[-52.389,81.9817],[-52.1824,81.9782],[-52.0505,81.9427],[-51.3862,81.9049],[-50.7926,81.8036],[-50.738,81.7817],[-50.287,81.7243],[-50.2234,81.7005],[-50.2172,81.6601],[-50.2034,81.6486],[-49.9215,81.6118],[-49.6138,81.6459],[-49.8718,81.6625],[-49.8978,81.6767],[-49.9012,81.708],[-49.9274,81.7184],[-50.5102,81.7895],[-50.6417,81.8309],[-50.6212,81.8445],[-50.6454,81.8581],[-50.8907,81.8781],[-51.0663,81.9339],[-51.0361,81.9564],[-49.8291,81.8712],[-49.6516,81.8854],[-49.4357,81.9277],[-49.4645,81.9472],[-50.5813,82.154],[-50.7314,82.2101],[-50.7584,82.2355],[-50.814,82.3417],[-50.8494,82.3656],[-51.0494,82.4378],[-51.0608,82.4456],[-51.0607,82.4765],[-51.1208,82.4963],[-51.1072,82.5099],[-49.0113,82.4545],[-48.9141,82.4318],[-48.7353,82.3581],[-47.6107,82.2322],[-47.5575,82.2082],[-47.6059,82.1804],[-47.564,82.168],[-47.2313,82.1704],[-46.0082,82.0362],[-45.9673,82.0158],[-46.0089,81.9953],[-45.9816,81.9777],[-45.9481,81.9755],[-46.0504,81.9544],[-45.9264,81.9464],[-45.3998,81.8674],[-45.3418,81.8341],[-45.1561,81.7899],[-44.7824,81.7768],[-44.6628,81.7544],[-44.6316,81.7626],[-44.68,81.7768],[-44.6517,81.7858],[-44.3027,81.8142],[-44.2572,81.8367],[-44.1729,81.8377],[-44.3551,81.8465],[-44.4125,81.8588],[-44.3374,81.8651],[-44.4193,81.8793],[-44.3845,81.8855],[-44.4409,81.8949],[-44.5557,81.8876],[-44.6111,81.8998],[-44.5565,81.9135],[-44.7272,81.9401],[-44.5198,81.937],[-44.4608,81.9681],[-44.5137,81.9827],[-44.8848,81.9794],[-44.9264,81.9953],[-44.9059,82.0028],[-44.9401,82.0438],[-44.7282,82.0472],[-44.3988,82.1052],[-44.5648,82.1185],[-44.7939,82.192],[-44.7023,82.2578],[-44.5629,82.2934],[-44.2325,82.3198],[-43.6103,82.2678],[-42.7475,82.2545],[-42.6789,82.2355],[-42.6994,82.2151],[-42.3021,82.2151],[-42.3295,82.2318],[-43.0756,82.297],[-43.2356,82.278],[-43.8354,82.342],[-43.8849,82.3727],[-43.8503,82.3899],[-43.7272,82.4069],[-44.0196,82.4515],[-44.1949,82.4635],[-44.3091,82.4878],[-44.4346,82.4951],[-44.4503,82.5099],[-44.5408,82.5252],[-44.5924,82.5626],[-45.0091,82.6189],[-45.0983,82.6496],[-45.6628,82.7261],[-45.7693,82.77],[-45.2002,82.7836],[-45.0943,82.7979],[-44.9614,82.7689],[-42.0482,82.7563],[-42.1452,82.7279],[-42.1718,82.7086],[-41.8611,82.661],[-41.8013,82.6117],[-41.8653,82.5742],[-41.873,82.555],[-41.7235,82.4843],[-41.6147,82.4797],[-41.589,82.4888],[-41.5555,82.5335],[-41.6739,82.5854],[-41.6374,82.5987],[-41.651,82.6055],[-41.6158,82.6367],[-41.6315,82.6533],[-41.7193,82.6744],[-41.776,82.7048],[-41.8981,82.729],[-41.8659,82.7475],[-41.8185,82.7529],[-41.5775,82.7473],[-41.2576,82.7117],[-41.2094,82.7008],[-41.1774,82.6806],[-41.1849,82.6744],[-40.7497,82.6168],[-40.6308,82.5751],[-40.2276,82.5675],[-40.2076,82.5613],[-40.2185,82.5502],[-40.2037,82.5378],[-40.0056,82.4888],[-40.0836,82.4512],[-40.0819,82.4274],[-39.9243,82.3864],[-39.9311,82.3727],[-39.8041,82.3618],[-39.7694,82.3759],[-39.756,82.3959],[-39.7626,82.4103],[-39.8595,82.4354],[-39.8777,82.446],[-39.8759,82.4683],[-39.8559,82.4826],[-39.7591,82.5024],[-39.9637,82.5389],[-40.0095,82.5635],[-40.0093,82.5744],[-39.9769,82.5911],[-39.869,82.6191],[-39.9121,82.6772],[-39.9531,82.6931],[-40.3172,82.7307],[-40.5795,82.717],[-40.9766,82.7744],[-44.7056,82.8558],[-44.8311,82.8895],[-45.063,82.9133],[-44.865,82.8662],[-44.9663,82.845],[-45.6344,82.8775],[-45.6799,82.8724],[-45.6527,82.852],[-45.9744,82.8428],[-46.5575,82.8929],[-46.5297,82.9133],[-46.8927,82.9618],[-46.8452,82.976],[-45.9816,82.9208],[-46.2256,82.9814],[-46.7009,83.0028],[-46.6422,83.0243],[-46.5162,83.0215],[-46.5002,83.0292],[-46.5091,83.0512],[-46.43,83.0621],[-46.1108,83.0622],[-46.0404,83.0966],[-45.9707,83.0965],[-45.7848,83.0535],[-45.1217,82.9876],[-45.0772,82.9618],[-45.1116,82.9424],[-45.1051,82.9351],[-44.7346,82.9686],[-43.4871,82.9133],[-43.3635,82.9208],[-45.1204,83.0367],[-45.1322,83.0432],[-45.1182,83.0512],[-45.2002,83.058],[-45.1998,83.0697],[-45.2272,83.0769],[-45.3285,83.0819],[-45.5184,83.1227],[-45.516,83.1365],[-45.4462,83.1553],[-45.3789,83.1536],[-45.4012,83.1403],[-45.3646,83.1262],[-45.2277,83.1361],[-45.1312,83.1671],[-44.7244,83.1049],[-44.68,83.1126],[-44.7141,83.1262],[-44.6725,83.14],[-44.7477,83.1536],[-44.7059,83.1719],[-44.6469,83.1751],[-43.6985,83.1174],[-43.6662,83.1187],[-43.6378,83.136],[-42.8502,83.0996],[-42.8794,83.1103],[-44.001,83.202],[-42.8912,83.2082],[-43.0829,83.2225],[-42.9799,83.2361],[-43.3226,83.2429],[-43.2481,83.2497],[-43.2611,83.2634],[-42.6658,83.2812],[-42.4355,83.2289],[-42.1173,83.2425],[-41.8358,83.1979],[-41.7407,83.1946],[-41.7057,83.174],[-41.8833,83.123],[-41.9315,83.0921],[-41.6695,83.14],[-41.3651,83.1188],[-41.1249,83.0619],[-41.0201,83.0547],[-40.7387,83.0053],[-40.6903,82.9865],[-39.4376,82.9618],[-39.0057,82.9003],[-39.0336,82.8861],[-39.0045,82.8557],[-38.9608,82.8361],[-38.8688,82.8129],[-38.6796,82.7926],[-38.6426,82.77],[-38.6522,82.7644],[-38.644,82.7534],[-38.6151,82.746],[-38.5464,82.7563],[-38.6016,82.7762],[-38.4774,82.8314],[-38.6426,82.8246],[-38.7433,82.8342],[-38.7791,82.852],[-38.7833,82.8991],[-38.8249,82.9166],[-39.1496,82.9822],[-39.0997,83.0037],[-37.2721,83.0096],[-37.5951,83.0414],[-38.7592,83.0466],[-38.8009,83.058],[-38.7833,83.0678],[-36.9343,83.1412],[-36.881,83.1536],[-37.6283,83.1536],[-37.5253,83.1679],[-38.0262,83.1877],[-37.9437,83.202],[-38.6834,83.2084],[-38.7322,83.2318],[-38.8617,83.2567],[-38.7955,83.2756],[-38.7245,83.2771],[-38.7593,83.3044],[-38.6971,83.3181],[-38.7656,83.325],[-38.8275,83.3529],[-38.7381,83.3937],[-38.8685,83.4273],[-38.7572,83.4385],[-37.8131,83.3595],[-37.7382,83.3727],[-37.8116,83.4035],[-37.9828,83.4134],[-38.0597,83.4348],[-37.9164,83.4552],[-37.9351,83.4761],[-37.9642,83.4819],[-37.9157,83.4989],[-37.5854,83.508],[-36.8137,83.4346],[-36.7043,83.3926],[-36.4498,83.3618],[-36.4018,83.3727],[-36.6961,83.4143],[-36.6477,83.4284],[-36.4838,83.4348],[-36.5355,83.4512],[-36.8571,83.4805],[-36.9015,83.4962],[-36.7856,83.4943],[-36.7507,83.5036],[-36.8134,83.5098],[-36.7386,83.538],[-35.2436,83.5372],[-34.7025,83.606],[-34.6285,83.5916],[-34.5644,83.5515],[-34.5212,83.5422],[-34.4777,83.549],[-34.4221,83.5973],[-34.3629,83.6029],[-34.3083,83.5886],[-34.295,83.5548],[-34.2085,83.5283],[-33.9451,83.4851],[-33.9241,83.4621],[-33.8305,83.462],[-33.7428,83.4894],[-34.0074,83.5294],[-34.0854,83.5651],[-34.0115,83.5876],[-32.4907,83.6341],[-32.4076,83.619],[-32.2079,83.6135],[-32.3035,83.5918],[-32.2829,83.5855],[-32.3035,83.5713],[-31.75,83.6087],[-31.6334,83.5898],[-30.7588,83.583],[-30.6471,83.6018],[-29.2662,83.5338],[-29.213,83.5241],[-29.2615,83.5098],[-29.2139,83.4876],[-29.1483,83.4775],[-29.0287,83.4894],[-29.0554,83.5098],[-28.6301,83.522],[-28.5558,83.5149],[-28.5142,83.4894],[-28.6741,83.4753],[-28.8257,83.4868],[-28.9251,83.4757],[-28.5626,83.4205],[-28.1505,83.4348],[-28.4452,83.4552],[-28.3846,83.4713],[-25.6496,83.2976],[-25.7196,83.2695],[-25.8359,83.2592],[-26.0754,83.2085],[-30.7364,83.1371],[-30.8917,83.1057],[-32.1617,83.061],[-32.4461,83.1057],[-33.4398,83.1596],[-33.4828,83.1461],[-33.3419,83.14],[-33.2383,83.1164],[-33.1344,83.1338],[-32.5048,83.0658],[-32.4805,83.0443],[-32.9538,83.0223],[-33.0517,83.0025],[-35.5694,82.9202],[-35.6204,82.9072],[-35.5413,82.8942],[-35.3729,82.9014],[-35.2982,82.8929],[-35.4209,82.8682],[-35.4491,82.8383],[-35.4007,82.8184],[-35.4843,82.8041],[-35.531,82.7875],[-35.5515,82.7665],[-35.5268,82.7506],[-35.471,82.7462],[-35.374,82.7495],[-35.4248,82.7836],[-35.2642,82.8246],[-35.3126,82.845],[-35.2894,82.8546],[-34.951,82.9049],[-34.0243,82.9196],[-33.8431,82.8863],[-33.8157,82.8696],[-33.8044,82.8417],[-33.8209,82.8227],[-33.9346,82.7979],[-33.8846,82.7945],[-33.7229,82.8175],[-33.6882,82.8349],[-33.736,82.9072],[-33.7098,82.9246],[-33.6027,82.9454],[-33.1278,82.9667],[-33.0489,82.982],[-31.8267,82.9946],[-31.7384,82.9786],[-31.7133,82.9591],[-31.7281,82.9481],[-31.7214,82.9423],[-31.6656,82.9317],[-31.5967,82.9432],[-31.5841,82.9686],[-31.5488,82.9927],[-31.392,83.0207],[-30.2537,83.0972],[-30.0969,83.1262],[-28.2609,83.0847],[-28.2517,83.0609],[-28.1428,83.0479],[-27.9481,83.0818],[-27.4922,83.0775],[-27.381,83.0606],[-26.6182,83.0673],[-26.5478,83.0847],[-25.2214,83.1679],[-25.0268,83.156],[-24.8409,83.1126],[-24.9457,83.1035],[-24.9798,83.078],[-24.9071,83.0433],[-24.7694,83.0248],[-24.7537,82.9983],[-25.0933,82.9118],[-25.1298,82.8922],[-25.1306,82.8811],[-25.1085,82.8724],[-25.1493,82.8529],[-25.5876,82.7905],[-25.9036,82.7836],[-25.7672,82.7685],[-25.5834,82.7694],[-25.5163,82.7867],[-24.478,82.9003],[-24.2522,82.8861],[-23.9331,82.9164],[-23.8404,82.8929],[-24.0253,82.8724],[-24.0018,82.8482],[-23.9119,82.822],[-23.8813,82.7979],[-23.913,82.7794],[-24.0253,82.7631],[-23.7997,82.7744],[-23.7379,82.7979],[-23.7485,82.8135],[-23.725,82.8259],[-23.6622,82.8383],[-23.3842,82.8522],[-23.2096,82.838],[-23.1763,82.826],[-23.1763,82.8035],[-23.1022,82.7923],[-22.9353,82.7987],[-22.8423,82.7589],[-22.6649,82.7744],[-22.6469,82.786],[-22.6486,82.8035],[-22.5654,82.7965],[-22.4017,82.7639],[-22.1918,82.7474],[-22.0509,82.7151],[-21.8166,82.7015],[-21.7867,82.6967],[-21.7847,82.6806],[-21.6233,82.6723],[-21.3231,82.6184],[-21.3259,82.5985],[-21.4028,82.5552],[-21.5382,82.5434],[-21.8389,82.4848],[-22.141,82.4615],[-22.306,82.4274],[-22.1962,82.3926],[-22.4373,82.34],[-23.8378,82.2932],[-23.8867,82.2789],[-29.8523,82.1393],[-29.9297,82.1673],[-30.2236,82.1708],[-30.3948,82.1953],[-31.5821,82.2201],[-31.6256,82.2082],[-30.2874,82.1699],[-30.0897,82.1521],[-29.9051,82.0984],[-29.9432,82.0854],[-31.0653,82.0065],[-31.2256,81.9679],[-31.774,81.9614],[-31.8392,81.939],[-31.9873,81.9232],[-32.076,81.9311],[-32.5629,81.8833],[-32.7794,81.8411],[-32.7985,81.8289],[-32.8133,81.7944],[-32.8085,81.7607],[-32.7081,81.7449],[-32.7029,81.7191],[-32.7177,81.6918],[-32.6671,81.677],[-32.1479,81.6813],[-32.1446,81.7056],[-32.1119,81.7362],[-31.935,81.7928],[-31.6802,81.8348],[-30.8033,81.8653],[-30.699,81.8825],[-30.5917,81.8815],[-30.4862,81.903],[-29.7884,81.9482],[-29.7497,81.9376],[-29.5707,81.9431],[-29.5699,81.9101],[-29.5497,81.89],[-29.3416,81.9032],[-29.3017,81.9265],[-29.2822,81.9678],[-29.0386,81.9999],[-28.5541,82.0084],[-28.3953,82.0318],[-27.9378,82.0251],[-27.762,82.0624],[-24.6199,81.9875],[-24.6983,81.925],[-24.6562,81.9099],[-24.6254,81.8793],[-24.6168,81.8415],[-24.6411,81.805],[-24.7062,81.7812],[-26.3148,81.6168],[-26.4624,81.574],[-26.607,81.5608],[-26.723,81.5315],[-26.477,81.5119],[-26.4703,81.4909],[-26.5056,81.4581],[-26.3872,81.4277],[-25.6169,81.561],[-25.4789,81.5564],[-24.529,81.6461],[-24.4346,81.6328],[-24.3132,81.6756],[-23.7663,81.746],[-23.4757,81.7147],[-23.4039,81.7188],[-23.3553,81.741],[-23.3077,81.7925],[-23.3273,81.7993],[-23.3214,81.8124],[-23.337,81.8362],[-23.3297,81.852],[-23.3617,81.8737],[-23.2662,81.9189],[-23.3121,81.965],[-23.2344,81.9901],[-23.2262,82.0112],[-23.1954,82.0223],[-23.0857,82.0227],[-23.1243,82.0032],[-23.0547,82.0096],[-22.9552,82.0415],[-21.3884,82.0834],[-21.2906,82.0641],[-21.1205,81.978],[-21.057,81.913],[-21.0882,81.8428],[-21.0565,81.8212],[-21.0256,81.7716],[-21.033,81.7448],[-21.0421,81.7319],[-21.0782,81.7246],[-21.104,81.6716],[-21.1514,81.6436],[-21.1454,81.6363],[-21.1976,81.5736],[-21.2568,81.5175],[-21.8127,81.3105],[-22.0911,81.2677],[-22.0976,81.2197],[-22.2558,81.2024],[-22.2733,81.1852],[-22.2711,81.1504],[-22.4435,81.1243],[-22.5604,81.1202],[-22.5983,81.075],[-22.6627,81.0649],[-23.107,80.9222],[-23.1778,80.9189],[-23.2668,80.8963],[-23.2696,80.8773],[-23.2164,80.8491],[-23.2264,80.8231],[-23.3614,80.7738],[-23.5018,80.7512],[-23.458,80.7304],[-23.474,80.7073],[-23.7156,80.6777],[-23.8504,80.6363],[-23.8971,80.6007],[-23.8647,80.5836],[-23.2469,80.7121],[-23.0933,80.728],[-23.0758,80.7512],[-23.1241,80.7629],[-23.102,80.7836],[-22.9141,80.8244],[-22.9106,80.84],[-22.9801,80.8725],[-22.9719,80.8804],[-22.7475,80.9315],[-22.3054,80.9631],[-22.2765,80.9751],[-22.2312,81.0205],[-22.2038,81.0248],[-22.0854,81.0104],[-21.959,81.0214],[-21.8961,81.0768],[-21.8005,81.0882],[-21.3628,81.2004],[-20.9513,81.2357],[-20.8596,81.2795],[-20.7547,81.29],[-20.7242,81.3039],[-20.7055,81.352],[-20.6918,81.3596],[-19.8512,81.5429],[-19.8331,81.5556],[-20.0506,81.5873],[-20.0109,81.6047],[-19.8788,81.6222],[-19.9464,81.6468],[-19.9044,81.6695],[-19.7082,81.6955],[-19.6446,81.6899],[-19.6328,81.6316],[-19.3862,81.6352],[-19.2613,81.6105],[-19.0853,81.6254],[-18.9839,81.6103],[-19.0062,81.5967],[-19.2793,81.5414],[-19.3331,81.4569],[-19.3722,81.4296],[-19.4665,81.4044],[-19.5045,81.3788],[-19.4606,81.3747],[-18.6582,81.5024],[-18.5238,81.5057],[-18.3686,81.475],[-18.213,81.4822],[-17.9774,81.447],[-17.9144,81.4151],[-17.8553,81.4038],[-17.8194,81.41],[-17.8607,81.4661],[-17.8516,81.4669],[-17.6197,81.4301],[-17.5462,81.3893],[-17.3943,81.4088],[-17.1468,81.4134],[-17.2202,81.481],[-17.0173,81.4841],[-16.9254,81.5168],[-16.8353,81.5241],[-16.8127,81.5367],[-16.8359,81.5507],[-17.0465,81.5622],[-17.0199,81.5847],[-16.9156,81.591],[-16.838,81.6245],[-16.7293,81.631],[-16.5785,81.6162],[-16.4613,81.6301],[-16.4518,81.6397],[-16.4632,81.649],[-16.54,81.6846],[-16.5006,81.706],[-16.4852,81.7495],[-16.154,81.756],[-16.1274,81.7872],[-15.9412,81.7728],[-15.8451,81.7818],[-15.8257,81.7899],[-15.8166,81.8232],[-15.7927,81.832],[-15.29,81.8388],[-15.2357,81.8317],[-15.2567,81.8248],[-15.2067,81.8148],[-13.9205,81.8122],[-13.0568,81.7155],[-12.9189,81.7231],[-12.6944,81.6929],[-12.5701,81.6962],[-12.0277,81.6373],[-11.869,81.5983],[-11.7451,81.5505],[-11.6815,81.5041],[-11.4325,81.4905],[-11.3768,81.476],[-11.3959,81.4609],[-11.6386,81.3884],[-12.1657,81.3319],[-12.245,81.2881],[-12.5326,81.2227],[-12.5282,81.1931],[-12.5382,81.187],[-13.1418,81.0878],[-13.204,81.0922],[-13.2887,81.0633],[-13.3546,81.0199],[-13.6846,81.0008],[-14.079,81.0203],[-14.5527,80.9906],[-14.4915,80.9688],[-14.2037,80.9144],[-14.1322,80.8862],[-14.1571,80.8415],[-14.2949,80.7843],[-14.6213,80.7464],[-14.7247,80.7521],[-15.3207,80.7148],[-15.4204,80.6484],[-16.2528,80.6373],[-16.3586,80.6568],[-17.063,80.6628],[-17.1719,80.7092],[-17.2399,80.7223],[-17.4634,80.7166],[-17.4398,80.6537],[-17.4591,80.6409],[-17.617,80.6479],[-17.8378,80.6286],[-18.0653,80.5766],[-18.3223,80.5581],[-18.5939,80.5734],[-18.9528,80.6321],[-19.1661,80.6346],[-19.4717,80.6654],[-20.2228,80.5663],[-20.8454,80.5574],[-20.8,80.5403],[-20.3798,80.5351],[-20.3524,80.5115],[-20.3527,80.4606],[-20.2975,80.4671],[-20.2227,80.4965],[-19.488,80.6348],[-18.962,80.5753],[-18.8433,80.5723],[-18.6774,80.5414],[-18.1181,80.5054],[-18.0551,80.4918],[-17.3099,80.5124],[-16.8962,80.5837],[-16.8232,80.5734],[-16.6976,80.528],[-16.4482,80.4792],[-15.7934,80.4372],[-15.7552,80.4194],[-16.27,80.2905],[-16.3753,80.3259],[-16.4049,80.296],[-16.3801,80.2761],[-16.3275,80.2615],[-16.4473,80.2193],[-17.1221,80.1829],[-17.2884,80.218],[-17.8729,80.1611],[-18.6656,80.2009],[-18.7736,80.2216],[-19.026,80.2362],[-19.1796,80.268],[-19.4744,80.2602],[-19.6381,80.2214],[-19.727,80.1626],[-19.7799,80.1463],[-20.1712,80.1043],[-19.9665,80.0832],[-20.0531,80.0418],[-20.2283,80.024],[-20.077,79.9897],[-20.3534,79.8861],[-20.4231,79.8396],[-20.3524,79.8201],[-20.1014,79.8209],[-20.0821,79.8041],[-20.0684,79.7639],[-19.9762,79.7383],[-19.9669,79.6794],[-19.8486,79.6828],[-19.7827,79.7325],[-19.4857,79.7737],[-19.2078,79.7085],[-19.2035,79.6943],[-19.2589,79.6611],[-19.3853,79.6241],[-19.3527,79.5739],[-19.3518,79.5513],[-19.4723,79.496],[-19.5113,79.4237],[-19.5659,79.3859],[-19.5725,79.3734],[-19.4931,79.3502],[-19.4661,79.3148],[-19.5203,79.2477],[-19.6036,79.1799],[-19.4322,79.2799],[-19.321,79.2907],[-19.3065,79.3072],[-19.3113,79.3646],[-19.2767,79.3917],[-19.2623,79.3907],[-19.2301,79.3547],[-19.2253,79.3145],[-19.2409,79.273],[-19.1797,79.2925],[-19.1383,79.2814],[-19.1367,79.2683],[-18.9379,79.2615],[-18.8747,79.2366],[-18.8788,79.2251],[-18.949,79.2264],[-19.0012,79.2065],[-18.9945,79.1802],[-18.9552,79.149],[-19.0679,79.1446],[-19.1729,79.1704],[-19.19,79.1623],[-19.2313,79.0973],[-19.3545,79.1173],[-19.4686,79.0848],[-19.5217,79.1129],[-19.5513,79.1136],[-19.616,79.0759],[-19.7364,79.0744],[-19.8027,79.0457],[-19.8785,79.032],[-19.9106,79.0183],[-19.9055,78.9935],[-19.7843,78.9308],[-19.7657,78.8976],[-19.7953,78.8692],[-19.8813,78.8369],[-20.2384,78.8266],[-20.4416,78.8608],[-20.6505,78.8305],[-20.5802,78.7955],[-20.5679,78.7766],[-20.6859,78.7672],[-20.9708,78.7789],[-20.979,78.7668],[-20.842,78.7153],[-21.0958,78.673],[-21.2078,78.6329],[-20.8909,78.6271],[-20.8424,78.6085],[-20.8482,78.5926],[-20.8898,78.5644],[-21.0469,78.5045],[-21.11,78.4155],[-21.2261,78.3607],[-21.295,78.3],[-21.2997,78.2698],[-21.2629,78.2321],[-21.24,78.1844],[-21.2667,78.1606],[-21.3664,78.1443],[-21.3244,78.1131],[-21.3223,78.0768],[-21.63,77.9981],[-21.6471,77.9875],[-21.6409,77.9783],[-21.5472,77.9321],[-21.5574,77.8985],[-21.6208,77.8758],[-21.8148,77.8504],[-21.8168,77.835],[-21.7949,77.8105],[-21.847,77.7813],[-21.8765,77.7392],[-21.9522,77.7028],[-21.9673,77.6792],[-21.6505,77.6586],[-21.4935,77.6735],[-21.4468,77.6626],[-21.6046,77.5502],[-21.5624,77.5532],[-21.3546,77.6641],[-21.2927,77.6745],[-21.3783,77.6893],[-21.4089,77.7126],[-21.4015,77.7502],[-21.3739,77.7768],[-20.9374,77.9737],[-20.7606,77.9706],[-19.961,77.791],[-19.3568,77.7331],[-19.1268,77.6837],[-18.9792,77.6168],[-18.9947,77.5999],[-19.1124,77.5971],[-19.2554,77.5427],[-19.358,77.5264],[-20.0922,77.7014],[-20.2598,77.6892],[-20.3553,77.6592],[-20.8215,77.6535],[-20.8093,77.6313],[-20.7748,77.617],[-20.344,77.5549],[-20.2773,77.5295],[-20.2783,77.519],[-20.4703,77.5186],[-20.4816,77.5141],[-20.441,77.4902],[-20.468,77.4744],[-20.8176,77.5283],[-20.9263,77.5224],[-20.9193,77.5091],[-20.8193,77.4875],[-20.2033,77.4215],[-20.168,77.4041],[-20.4654,77.3828],[-20.5023,77.3621],[-20.2301,77.3725],[-19.7277,77.3411],[-19.6491,77.3082],[-19.4645,77.2821],[-19.4437,77.2099],[-19.3815,77.2177],[-19.2746,77.1893],[-19.0627,77.1867],[-19.1087,77.2155],[-19.0825,77.3184],[-18.8338,77.2914],[-18.6232,77.2943],[-18.5361,77.281],[-18.4444,77.2337],[-18.3245,77.2085],[-18.2965,77.1791],[-18.2588,77.1002],[-18.2702,77.0145],[-18.2586,76.947],[-18.2659,76.9206],[-18.3459,76.8359],[-18.3803,76.8194],[-18.459,76.8088],[-18.4892,76.785],[-18.5112,76.7409],[-18.626,76.7761],[-18.6389,76.7528],[-18.6284,76.7016],[-18.7562,76.7606],[-18.8107,76.7651],[-19.0627,76.8379],[-19.3913,76.8314],[-19.4453,76.8395],[-19.5216,76.8779],[-19.6479,76.8777],[-19.8951,76.9254],[-20.2236,76.9311],[-20.3176,76.9168],[-20.5134,76.9457],[-20.5912,76.941],[-20.5824,76.9293],[-20.5913,76.9149],[-20.7917,76.8701],[-21.0362,76.9024],[-21.3509,76.8872],[-21.5043,76.9035],[-21.7301,76.8908],[-21.6815,76.874],[-21.4357,76.8591],[-21.0692,76.8736],[-20.925,76.8454],[-20.7773,76.8424],[-20.9443,76.827],[-21.0932,76.7872],[-21.1814,76.8083],[-21.2857,76.808],[-21.3123,76.7939],[-21.1949,76.7803],[-21.301,76.7663],[-21.3299,76.7464],[-21.4963,76.6952],[-21.668,76.6841],[-21.5997,76.6574],[-21.6236,76.6464],[-21.7301,76.6574],[-21.8194,76.695],[-21.9263,76.7642],[-22.0946,76.8048],[-22.1533,76.8444],[-22.1962,76.8567],[-22.2659,76.8594],[-22.4699,76.8356],[-22.3964,76.82],[-22.3826,76.8126],[-22.3812,76.7939],[-22.306,76.7531],[-22.358,76.7408],[-22.5322,76.7531],[-22.6456,76.7458],[-22.702,76.7297],[-22.7442,76.6984],[-22.6626,76.666],[-22.515,76.6657],[-22.4873,76.654],[-22.4637,76.639],[-22.5124,76.6216],[-22.5091,76.6037],[-22.4364,76.5681],[-22.4425,76.557],[-22.4326,76.5502],[-22.3229,76.515],[-22.2921,76.5157],[-22.2852,76.5281],[-22.3241,76.5526],[-22.3122,76.5681],[-22.3395,76.5886],[-22.145,76.6458],[-22.0658,76.6369],[-22.0931,76.6301],[-22.0681,76.6161],[-21.9355,76.6227],[-21.8052,76.5886],[-21.8319,76.5768],[-22.0863,76.555],[-21.9582,76.5302],[-21.8821,76.5654],[-21.8109,76.5613],[-21.6748,76.5271],[-22.0118,76.4823],[-22.0385,76.4656],[-21.8317,76.4762],[-21.7229,76.4997],[-21.6811,76.4906],[-21.6999,76.4702],[-21.7921,76.4377],[-22.1453,76.4385],[-22.2283,76.4494],[-22.347,76.4997],[-22.4364,76.4997],[-22.3533,76.4656],[-22.3829,76.4499],[-22.504,76.4514],[-22.4122,76.4254],[-22.2808,76.4346],[-22.1903,76.4114],[-21.5854,76.4431],[-21.5775,76.4371],[-21.6065,76.4172],[-21.5673,76.3847],[-21.6438,76.3365],[-21.7045,76.2556],[-21.6521,76.2377],[-21.5463,76.2239],[-21.4079,76.2459],[-21.4557,76.2596],[-21.4375,76.2813],[-21.4001,76.2928],[-21.3259,76.2869],[-21.4079,76.2733],[-21.358,76.2633],[-21.1205,76.2846],[-20.9191,76.2219],[-20.7969,76.2102],[-20.6988,76.1679],[-20.5582,76.1497],[-20.6749,76.1361],[-20.6551,76.1241],[-20.4858,76.1435],[-20.421,76.1361],[-20.8717,76.2309],[-20.9083,76.2645],[-21.0106,76.2596],[-21.0857,76.2943],[-21.0244,76.3173],[-20.8944,76.3079],[-20.4891,76.2236],[-19.9377,76.258],[-19.8472,76.2449],[-19.7631,76.205],[-19.6981,76.1437],[-19.6706,76.1361],[-19.7214,76.0753],[-19.7152,76.0616],[-19.9965,76.0631],[-20.2694,75.9923],[-21.5653,75.9855],[-21.6549,75.9716],[-21.8055,75.9929],[-21.9239,76.0482],[-21.9559,76.0405],[-21.9417,76.0207],[-21.9839,75.9927],[-21.9082,75.9858],[-21.8448,75.9578],[-20.5741,75.9624],[-20.3323,75.9238],[-19.935,75.934],[-19.7494,75.889],[-19.5701,75.779],[-19.3453,75.7326],[-19.3727,75.7246],[-19.5487,75.7358],[-19.5759,75.7259],[-19.5651,75.7047],[-19.6123,75.6842],[-19.5948,75.6684],[-19.503,75.6433],[-19.5209,75.6259],[-19.3962,75.56],[-19.3815,75.5413],[-19.3691,75.4619],[-19.3419,75.4113],[-19.4023,75.2525],[-19.4639,75.1984],[-19.5886,75.1423],[-19.8798,75.1498],[-20.0026,75.1858],[-20.0033,75.205],[-20.051,75.2255],[-20.0234,75.2324],[-20.0064,75.2657],[-19.948,75.2795],[-19.9917,75.3012],[-20.1402,75.3361],[-20.307,75.3362],[-20.4039,75.3127],[-20.6678,75.2932],[-20.7137,75.2995],[-20.8528,75.3466],[-21.025,75.3688],[-21.1615,75.4049],[-21.1999,75.4216],[-21.2369,75.4775],[-21.2847,75.4954],[-21.6691,75.5927],[-22.2631,75.6695],[-22.2812,75.66],[-22.2591,75.6446],[-21.5924,75.5229],[-21.4079,75.4583],[-21.4433,75.4496],[-22.3993,75.5156],[-22.4613,75.5346],[-22.4767,75.5607],[-22.5046,75.5513],[-22.5065,75.5395],[-22.4614,75.5095],[-21.4292,75.4318],[-21.3857,75.4155],[-21.3139,75.3637],[-20.9779,75.315],[-20.8334,75.2506],[-20.6513,75.2248],[-20.5599,75.1973],[-20.5172,75.1423],[-20.6905,75.1255],[-20.997,75.1423],[-21.0731,75.1252],[-21.182,75.1219],[-21.5791,75.0044],[-21.7607,74.9853],[-21.8584,75.0156],[-21.8852,75.067],[-21.9269,75.0828],[-22.3468,75.1685],[-22.4364,75.1702],[-22.4103,75.1546],[-22.144,75.1081],[-21.9417,75.0542],[-21.9532,75.0369],[-22.0181,75.0189],[-21.7691,74.9602],[-21.668,74.958],[-21.5094,74.9802],[-21.116,75.0909],[-20.8387,75.0673],[-20.6766,75.0744],[-20.6264,75.0604],[-20.6407,75.0542],[-20.6418,75.0237],[-20.714,74.9802],[-20.7196,74.9614],[-20.6866,74.928],[-20.6822,74.8982],[-20.7518,74.8646],[-20.7642,74.8407],[-20.6167,74.7525],[-20.6097,74.7348],[-20.7919,74.666],[-21.1199,74.6669],[-21.041,74.647],[-20.7008,74.6478],[-20.5211,74.6843],[-20.3494,74.6706],[-20.2023,74.6795],[-20.0715,74.6632],[-19.9813,74.624],[-19.8918,74.6271],[-19.8407,74.5939],[-19.7184,74.5875],[-19.6426,74.6221],[-19.4028,74.6894],[-19.3555,74.6845],[-19.2696,74.6489],[-19.3095,74.6142],[-19.3122,74.5978],[-19.2908,74.5812],[-19.3863,74.5607],[-19.2814,74.5597],[-19.2634,74.539],[-19.2838,74.5328],[-19.2688,74.5226],[-19.0446,74.5048],[-18.9748,74.4844],[-19.0453,74.4591],[-19.0777,74.4377],[-19.0846,74.4162],[-19.1669,74.4062],[-19.178,74.3979],[-19.1666,74.3758],[-19.1846,74.3483],[-19.3492,74.2855],[-19.3658,74.2694],[-19.6265,74.2386],[-20.2007,74.2798],[-20.2224,74.2963],[-20.2149,74.3205],[-20.2361,74.3342],[-20.2428,74.3758],[-20.3729,74.4484],[-20.4489,74.4372],[-20.4694,74.4571],[-20.4982,74.4596],[-20.5855,74.4509],[-20.656,74.4643],[-20.8292,74.4525],[-21.255,74.4742],[-21.6289,74.4468],[-21.8055,74.4789],[-21.8759,74.5469],[-22.0818,74.603],[-22.1142,74.5942],[-21.9389,74.5323],[-21.874,74.4748],[-21.7716,74.4387],[-21.7688,74.4153],[-21.8281,74.3749],[-22.0516,74.3205],[-22.2069,74.322],[-22.3021,74.3033],[-22.4364,74.3205],[-22.471,74.3137],[-22.347,74.2864],[-22.1665,74.3001],[-22.0691,74.2943],[-22.0385,74.2517],[-22.0589,74.2319],[-22.1392,74.2018],[-22.3395,74.1629],[-22.2098,74.1697],[-22.1552,74.1287],[-22.176,74.1126],[-22.3334,74.094],[-22.4162,74.1018],[-22.4879,74.081],[-22.4542,74.0645],[-22.0883,74.0251],[-21.9887,73.9987],[-22.0044,73.9704],[-21.9854,73.9614],[-21.9969,73.9432],[-21.8597,73.9022],[-21.8672,73.8954],[-21.8127,73.8476],[-21.8405,73.8172],[-21.8331,73.7924],[-21.8535,73.7725],[-21.8324,73.7154],[-21.8472,73.6664],[-21.8271,73.6517],[-21.8015,73.6633],[-21.7692,73.6564],[-21.7027,73.6967],[-21.7573,73.7514],[-21.7436,73.7589],[-21.7642,73.8066],[-21.7499,73.8237],[-21.7655,73.8485],[-21.7581,73.8664],[-21.8127,73.9158],[-21.8843,73.9264],[-21.8706,73.9609],[-21.915,73.9779],[-21.9007,73.9922],[-21.9086,74.0158],[-21.7847,74.053],[-21.5901,74.0577],[-20.6886,73.8865],[-20.3658,73.8954],[-20.2776,73.8755],[-20.2655,73.8448],[-20.2497,73.8414],[-20.2797,73.8227],[-20.2977,73.7906],[-20.4491,73.7753],[-20.483,73.7589],[-20.4278,73.7315],[-20.5205,73.7289],[-20.5309,73.7104],[-20.4626,73.6353],[-20.483,73.6195],[-20.4813,73.5977],[-20.5216,73.5714],[-20.5206,73.5565],[-20.4888,73.544],[-20.4113,73.5457],[-20.3837,73.536],[-20.3825,73.5179],[-20.4498,73.4658],[-20.5433,73.449],[-21.2809,73.4572],[-21.5432,73.4904],[-21.6202,73.4572],[-21.5553,73.4244],[-21.5499,73.4086],[-21.5724,73.3951],[-21.7778,73.3747],[-21.9634,73.3337],[-22.2084,73.254],[-22.3141,73.2504],[-23.0958,73.3502],[-23.2235,73.4005],[-23.4499,73.4361],[-23.5871,73.4914],[-23.9685,73.5886],[-24.0157,73.6316],[-24.0328,73.6967],[-24.0157,73.7189],[-23.983,73.7244],[-23.5168,73.7107],[-23.3441,73.6582],[-23.1271,73.6323],[-22.8431,73.5608],[-22.6622,73.5487],[-22.4927,73.5724],[-22.3675,73.6074],[-22.175,73.6279],[-22.3282,73.6261],[-22.4364,73.6148],[-22.6097,73.5731],[-22.7995,73.5676],[-22.8666,73.5794],[-22.9388,73.6177],[-23.553,73.7357],[-23.8638,73.7441],[-24.0051,73.8123],[-24.06,73.8203],[-24.2484,73.7804],[-24.3406,73.7787],[-24.3334,73.7529],[-24.4335,73.7116],[-24.4716,73.6557],[-24.3754,73.5596],[-24.3975,73.5464],[-24.4569,73.5414],[-24.9415,73.6125],[-24.9848,73.6285],[-24.9952,73.6452],[-24.9687,73.6852],[-24.9986,73.7172],[-25.1782,73.7497],[-25.3446,73.8209],[-25.4303,73.8237],[-25.5187,73.9158],[-25.6907,73.9575],[-25.7209,73.9494],[-25.7391,73.9295],[-25.5901,73.8668],[-25.5634,73.8455],[-25.5746,73.8271],[-25.5509,73.8112],[-25.3867,73.7552],[-25.088,73.6967],[-25.088,73.6627],[-25.1116,73.6372],[-25.0566,73.6016],[-24.6796,73.5246],[-24.7191,73.4925],[-25.2922,73.4735],[-25.4989,73.4025],[-25.4237,73.3951],[-25.4398,73.3839],[-25.4368,73.3542],[-25.4526,73.3458],[-25.5709,73.327],[-25.7626,73.2598],[-25.9654,73.2419],[-26.1506,73.2409],[-26.406,73.3395],[-26.4857,73.3473],[-26.5646,73.3262],[-26.6437,73.3251],[-26.8256,73.3427],[-27.1708,73.4456],[-27.2296,73.4882],[-27.3324,73.4981],[-27.4501,73.4572],[-27.4591,73.4435],[-27.3412,73.4431],[-27.2875,73.4107],[-27.1288,73.3542],[-26.9059,73.3244],[-26.8557,73.3063],[-26.4473,73.2803],[-26.4016,73.2635],[-26.397,73.238],[-26.5819,73.217],[-26.6078,73.2028],[-26.6155,73.1794],[-26.7134,73.1347],[-27.0893,73.1904],[-27.2324,73.1896],[-27.3998,73.1625],[-27.6042,73.1666],[-27.6711,73.1592],[-27.7259,73.1344],[-27.6756,73.1226],[-27.4734,73.1333],[-27.4036,73.1107],[-27.4113,73.0661],[-27.3638,73.0035],[-27.4385,72.9569],[-27.5279,72.9364],[-27.4831,72.9257],[-27.3276,72.9683],[-27.3175,72.9816],[-27.3189,73.0382],[-27.2934,73.0742],[-27.3143,73.0972],[-27.2601,73.1272],[-27.1503,73.1475],[-26.6517,73.1032],[-26.4445,73.1967],[-25.999,73.2026],[-25.8873,73.1909],[-25.7206,73.1381],[-25.0526,73.0839],[-25.0395,73.0525],[-24.9843,73.0258],[-25.0065,72.9977],[-25.0749,72.977],[-25.1356,72.9398],[-25.2622,72.9189],[-25.3207,72.893],[-25.7399,72.8963],[-25.8716,72.8309],[-26.0826,72.7824],[-26.266,72.7856],[-26.6,72.8624],[-26.7828,72.8721],[-27.1027,72.826],[-27.1491,72.8258],[-27.3174,72.8632],[-27.3876,72.8464],[-27.3627,72.8332],[-27.1495,72.8042],[-26.9444,72.8289],[-26.7003,72.8325],[-26.397,72.7713],[-26.5404,72.7465],[-26.6695,72.7407],[-26.7806,72.7167],[-26.7197,72.7041],[-26.3495,72.7449],[-26.307,72.7304],[-26.3622,72.6484],[-26.4796,72.5795],[-26.469,72.577],[-26.4059,72.5868],[-26.1776,72.7259],[-26.0929,72.7157],[-25.8826,72.741],[-25.6094,72.8315],[-25.5228,72.8402],[-25.3415,72.7986],[-25.2562,72.8112],[-25.2313,72.8061],[-25.1866,72.7594],[-25.0675,72.752],[-24.9989,72.7304],[-24.8484,72.7241],[-24.7168,72.6864],[-24.6969,72.6757],[-24.7427,72.6466],[-24.7153,72.6114],[-24.7242,72.587],[-24.6634,72.5733],[-24.6901,72.5522],[-24.6683,72.5446],[-24.6013,72.5522],[-24.6102,72.5327],[-24.7025,72.5075],[-24.8874,72.4685],[-25.1323,72.4362],[-25.9097,72.4157],[-25.7349,72.3918],[-25.4236,72.4056],[-25.2889,72.3906],[-25.4958,72.2307],[-25.4955,72.204],[-25.4648,72.1624],[-25.5262,72.1276],[-25.5073,72.1238],[-25.4028,72.1486],[-25.3958,72.1754],[-25.4087,72.2018],[-25.3685,72.2488],[-25.3754,72.2642],[-25.181,72.3654],[-25.0197,72.3815],[-24.8279,72.4362],[-24.7382,72.4082],[-24.6833,72.4225],[-24.5464,72.4234],[-24.4505,72.3707],[-24.342,72.3317],[-24.2779,72.3192],[-24.2376,72.3263],[-24.2655,72.3405],[-24.2338,72.3367],[-24.0458,72.2717],[-23.8166,72.2536],[-23.8068,72.2307],[-23.895,72.2307],[-23.8718,72.2174],[-23.7944,72.217],[-23.7612,72.2445],[-23.7107,72.217],[-23.7113,72.182],[-23.8091,72.1348],[-23.8205,72.114],[-23.8075,72.1107],[-23.6917,72.1484],[-23.6203,72.1564],[-23.0868,72.0588],[-23.1058,72.0407],[-23.1967,72.0178],[-23.1428,72.0007],[-23.0057,72.0111],[-22.6814,71.9583],[-22.5161,71.9093],[-22.6639,71.9115],[-22.8865,71.9428],[-23.1312,71.8938],[-23.3038,71.9249],[-23.4293,71.9239],[-23.5322,71.8907],[-23.9043,71.8708],[-24.0912,71.8334],[-24.3395,71.849],[-24.4017,71.8133],[-24.4311,71.8185],[-24.4249,71.8079],[-24.4432,71.8011],[-24.4332,71.8004],[-24.4534,71.7992],[-24.4626,71.7516],[-24.4794,71.7391],[-24.4482,71.7328],[-24.4579,71.7174],[-24.5008,71.7192],[-24.504,71.7085],[-24.5299,71.706],[-24.5032,71.7029],[-24.4819,71.6227],[-24.6315,71.6301],[-24.5433,71.6093],[-24.5276,71.5905],[-24.5239,71.5441],[-24.5432,71.508],[-24.5355,71.4772],[-24.5646,71.4511],[-24.5511,71.4426],[-24.5795,71.4293],[-24.673,71.4199],[-24.7637,71.4696],[-24.777,71.4593],[-24.7303,71.3964],[-24.7526,71.3858],[-24.8661,71.3865],[-25.071,71.4316],[-25.1308,71.426],[-25.1922,71.4426],[-25.3199,71.4504],[-25.3477,71.4648],[-25.392,71.4466],[-25.4385,71.4494],[-25.5266,71.4834],[-25.5963,71.5306],[-25.6416,71.5417],[-25.7595,71.5455],[-25.8597,71.5717],[-25.9929,71.567],[-26.076,71.5864],[-26.1909,71.5722],[-26.3194,71.5783],[-26.4015,71.6425],[-26.4538,71.6238],[-26.4687,71.5759],[-26.5004,71.5597],[-26.7851,71.5465],[-26.9356,71.5808],[-27.1579,71.6684],[-27.2227,71.7451],[-27.4643,71.8105],[-27.6146,71.8669],[-27.6222,71.8812],[-27.6024,71.9017],[-27.8817,71.9788],[-27.9314,72.0105],[-27.9661,71.9836],[-28.0052,71.9753],[-28.2063,71.998],[-28.3292,72.0526],[-28.4601,72.0817],[-28.5869,72.1315],[-28.6328,72.131],[-28.6514,72.1078],[-28.706,72.0935],[-28.6741,72.081],[-28.6073,72.0888],[-28.4601,72.0624],[-28.3604,72.0071],[-28.4687,71.9783],[-28.4902,71.9594],[-28.4569,71.9394],[-27.8618,71.908],[-27.8241,71.8973],[-27.8016,71.8745],[-27.9934,71.9017],[-28.0341,71.8786],[-27.3314,71.7188],[-27.3793,71.6565],[-27.408,71.6425],[-27.6327,71.6525],[-27.8544,71.6069],[-27.9829,71.6308],[-28.0071,71.6131],[-27.932,71.6],[-27.9623,71.5894],[-28.3912,71.5722],[-28.4743,71.5854],[-28.4936,71.5795],[-28.4936,71.5659],[-28.4199,71.5498],[-27.9081,71.5704],[-27.6508,71.6131],[-27.1225,71.5722],[-27.1687,71.5443],[-27.3286,71.5175],[-27.2196,71.4814],[-27.1755,71.5093],[-27.0344,71.5312],[-26.7416,71.504],[-26.6871,71.4816],[-26.5223,71.4889],[-26.4469,71.5101],[-26.3213,71.497],[-26.2661,71.5091],[-26.1766,71.4937],[-26.2316,71.4079],[-26.3321,71.3458],[-27.7657,71.1389]]],[[[-44.5292,82.4138],[-44.4221,82.3847],[-44.4261,82.3585],[-44.5277,82.3334],[-44.7109,82.3161],[-45.0704,82.2226],[-45.0363,82.1975],[-44.9053,82.1636],[-44.7346,82.0984],[-44.8251,82.0705],[-45.035,82.0593],[-45.0881,82.064],[-45.3075,82.1286],[-45.3236,82.1536],[-45.4234,82.1845],[-46.876,82.36],[-46.9973,82.3909],[-47.0101,82.4069],[-47.0026,82.4138],[-47.0434,82.4449],[-47.1807,82.5118],[-47.2291,82.5099],[-47.3657,82.5373],[-47.5651,82.6151],[-47.7499,82.6253],[-47.6981,82.6438],[-46.7862,82.6401],[-46.763,82.6465],[-46.8592,82.6744],[-46.3242,82.6785],[-45.3168,82.5645],[-45.3236,82.5502],[-45.2137,82.5502],[-44.8961,82.4995],[-44.8302,82.4758],[-44.5292,82.4138]]],[[[-21.9491,72.4287],[-21.9286,72.4082],[-21.9619,72.3901],[-22.0057,72.3864],[-22.1577,72.4203],[-22.2528,72.4283],[-22.2713,72.4362],[-22.2576,72.4504],[-22.3603,72.4287],[-22.6414,72.4655],[-22.7601,72.4411],[-22.7368,72.4157],[-22.7442,72.4051],[-22.7328,72.3837],[-22.6752,72.3616],[-22.3274,72.3105],[-22.2986,72.2921],[-22.3197,72.2642],[-22.303,72.2573],[-22.26,72.2606],[-22.2434,72.2717],[-22.247,72.2825],[-22.221,72.2873],[-22.0453,72.2717],[-22.1962,72.2096],[-22.1252,72.1594],[-22.2013,72.1251],[-22.5249,72.1348],[-22.6002,72.1624],[-22.5147,72.1882],[-22.4978,72.2096],[-22.5443,72.2174],[-22.6077,72.1828],[-22.6846,72.1713],[-22.9484,72.2388],[-23.0651,72.31],[-23.6474,72.4221],[-23.7623,72.4282],[-23.9533,72.4729],[-23.9986,72.4703],[-24.0635,72.4453],[-24.0806,72.4703],[-23.9984,72.499],[-24.026,72.5214],[-24.1402,72.551],[-24.1616,72.531],[-24.3717,72.6041],[-24.4066,72.6785],[-24.4089,72.7378],[-24.4853,72.8266],[-24.4674,72.8432],[-24.4001,72.8591],[-23.9304,72.8815],[-23.8006,72.8596],[-23.7154,72.8601],[-23.6332,72.838],[-23.137,72.84],[-23.067,72.7943],[-23.0452,72.76],[-22.9514,72.7169],[-22.8661,72.7072],[-22.8467,72.6862],[-22.7296,72.668],[-22.7033,72.6484],[-22.7175,72.6347],[-22.5867,72.6076],[-22.4815,72.6265],[-22.4459,72.5956],[-22.1825,72.5454],[-22.1519,72.5285],[-22.1506,72.5184],[-22.2023,72.484],[-21.9866,72.5004],[-21.9517,72.4881],[-21.9354,72.4669],[-21.9491,72.4287]]],[[[-24.5243,73.0479],[-24.6528,73.0463],[-24.7515,73.0729],[-24.8854,73.0786],[-25.0632,73.1184],[-25.4305,73.1214],[-25.5735,73.1483],[-25.7073,73.1847],[-25.7108,73.1949],[-25.6912,73.2101],[-25.5675,73.2347],[-25.4495,73.2973],[-25.3124,73.32],[-25.286,73.3337],[-25.3022,73.3708],[-25.2968,73.3852],[-25.2435,73.4111],[-24.4601,73.425],[-23.2302,73.2511],[-23.2098,73.2313],[-23.2578,73.2211],[-24.9704,73.3253],[-25.0122,73.3132],[-24.9075,73.3173],[-24.4368,73.2739],[-24.3743,73.2563],[-24.3065,73.2654],[-23.7662,73.1953],[-23.0806,73.176],[-22.964,73.1481],[-22.8924,73.158],[-22.9807,73.1071],[-24.4675,73.0361],[-24.5243,73.0479]]],[[[-18.7643,79.9733],[-18.6854,79.9809],[-18.5776,80.017],[-17.7408,80.0912],[-17.664,80.0886],[-17.261,80.0036],[-17.3558,79.9438],[-17.8363,79.7425],[-18.1739,79.6937],[-18.4852,79.6861],[-18.569,79.7081],[-19.0931,79.7778],[-19.2496,79.8313],[-19.4142,79.8481],[-19.3575,79.8707],[-19.1489,79.9033],[-19.068,79.9278],[-18.9194,79.9337],[-19.0023,80.0143],[-18.8263,80.0251],[-18.7732,80.0012],[-18.7643,79.9733]]],[[[-21.9286,72.7378],[-21.8787,72.7233],[-21.8749,72.7099],[-21.9007,72.6968],[-21.8945,72.6894],[-21.9945,72.6826],[-22.0204,72.6965],[-22.0863,72.6894],[-22.0453,72.7167],[-22.0702,72.7209],[-22.137,72.7122],[-22.1695,72.6956],[-22.265,72.7099],[-22.654,72.6981],[-22.7231,72.7167],[-22.6185,72.7242],[-22.6139,72.7378],[-22.7419,72.7525],[-22.7716,72.7651],[-22.7631,72.7873],[-22.8196,72.8188],[-23.1633,72.8779],[-23.6161,72.8709],[-23.719,72.8969],[-23.8311,72.9078],[-24.5262,72.9017],[-24.5741,72.9279],[-24.5869,72.9504],[-24.5771,72.9739],[-24.5365,72.9919],[-23.7792,73.0154],[-23.2383,73.0753],[-22.255,72.9785],[-22.0954,72.93],[-22.0726,72.9438],[-21.9969,72.9327],[-21.9696,72.9438],[-21.9578,72.9293],[-21.9007,72.916],[-21.8877,72.8955],[-21.9794,72.8791],[-22.0044,72.8607],[-21.9764,72.847],[-22.1887,72.8123],[-22.0931,72.8061],[-22.0849,72.7944],[-21.979,72.7796],[-21.9634,72.7713],[-22.0249,72.7582],[-22.0047,72.7451],[-21.9567,72.7504],[-21.9286,72.7378]]],[[[-20.3527,74.2517],[-20.2975,74.2322],[-20.1402,74.2132],[-20.133,74.1902],[-20.1615,74.1688],[-20.7682,74.1186],[-20.8752,74.1222],[-21.0255,74.0963],[-21.2687,74.0878],[-21.4059,74.1372],[-21.9329,74.2077],[-21.98,74.2253],[-21.987,74.2482],[-21.9417,74.2963],[-21.8808,74.3137],[-21.874,74.3342],[-21.84,74.3512],[-21.2471,74.4571],[-20.9809,74.4502],[-20.9213,74.4253],[-20.8564,74.4304],[-20.5334,74.4067],[-20.4416,74.358],[-20.4346,74.3444],[-20.4573,74.329],[-20.4608,74.3091],[-20.3527,74.2517]]],[[[-17.317,75.1361],[-17.3802,75.1008],[-17.3995,75.077],[-17.3859,75.0468],[-17.3546,75.039],[-17.3553,75.0259],[-17.5155,75.0058],[-17.4976,74.9981],[-17.5062,74.9724],[-17.5497,74.9496],[-17.6184,74.9357],[-17.6459,74.9443],[-17.609,74.9637],[-17.6111,74.9976],[-17.7347,75.0126],[-17.8172,75.0058],[-17.8104,75.0126],[-17.8362,75.0308],[-17.8801,75.036],[-18.1007,75.038],[-18.1782,75.0175],[-18.4479,74.9853],[-18.8238,75.0071],[-18.8926,74.9992],[-18.9276,75.0468],[-18.9276,75.0815],[-18.8315,75.1566],[-18.8867,75.1907],[-18.8369,75.2059],[-18.8382,75.2631],[-18.8533,75.2948],[-18.9481,75.3342],[-18.7973,75.3362],[-18.7132,75.3603],[-18.5396,75.3751],[-18.4218,75.3406],[-18.3857,75.3074],[-18.3168,75.3],[-18.1604,75.3231],[-18.1257,75.3415],[-18.1295,75.3921],[-18.0941,75.4193],[-18.0513,75.4201],[-17.9595,75.3995],[-17.8669,75.3599],[-17.8452,75.348],[-17.8513,75.3342],[-17.8029,75.3143],[-17.8325,75.2947],[-17.9753,75.26],[-18.1228,75.2668],[-18.1461,75.2597],[-18.0915,75.2522],[-18.1984,75.2416],[-18.2092,75.2224],[-18.1198,75.2094],[-18.0158,75.2289],[-18.0524,75.1824],[-18.0201,75.1587],[-17.9612,75.1361],[-17.9127,75.1361],[-17.8992,75.1156],[-17.8134,75.0889],[-17.7217,75.0815],[-17.6029,75.0988],[-17.5839,75.1082],[-17.605,75.1287],[-17.5899,75.1525],[-17.3946,75.1596],[-17.317,75.1361]]],[[[-53.2748,82.1723],[-53.3491,82.2014],[-53.3395,82.2587],[-53.245,82.2991],[-53.0537,82.3311],[-52.7868,82.3175],[-52.5541,82.2766],[-52.6012,82.2691],[-52.5292,82.2194],[-52.4652,82.1999],[-51.2314,82.014],[-51.1898,81.9953],[-51.2947,81.9787],[-52.1052,81.9954],[-52.2081,82.0182],[-52.5338,82.0479],[-52.6111,82.0653],[-53.0175,82.0886],[-53.1901,82.1124],[-53.2318,82.1319],[-53.2392,82.1536],[-53.2748,82.1723]]],[[[-18.5503,76.0541],[-18.5503,75.9988],[-18.5691,75.9553],[-18.5503,75.9443],[-18.5979,75.9046],[-18.6293,75.8922],[-18.6533,75.9033],[-18.6291,75.9616],[-18.6359,75.9821],[-18.871,76.194],[-18.9029,76.2382],[-18.8913,76.2909],[-18.9023,76.3068],[-19.1064,76.4735],[-19.1329,76.513],[-19.1256,76.555],[-19.095,76.5819],[-19.0152,76.5964],[-18.7632,76.5886],[-18.7973,76.6022],[-18.783,76.6164],[-18.9849,76.6162],[-19.03,76.6574],[-19.0474,76.7055],[-19.0836,76.7189],[-19.0727,76.7343],[-19.03,76.7598],[-18.9479,76.7623],[-18.7262,76.6907],[-18.6734,76.6555],[-18.6603,76.6087],[-18.7215,76.5271],[-18.701,76.4787],[-18.7079,76.3831],[-18.6861,76.3144],[-18.6072,76.2349],[-18.6055,76.2186],[-18.6529,76.1807],[-18.6465,76.164],[-18.5503,76.0541]]],[[[-19.81,74.8909],[-19.7411,74.8813],[-19.7289,74.8686],[-19.735,74.8553],[-19.891,74.7741],[-19.9678,74.7572],[-20.0858,74.7041],[-20.1383,74.6993],[-20.4332,74.7342],[-20.6626,74.8052],[-20.6807,74.8209],[-20.5923,74.8624],[-20.5491,74.9079],[-20.5525,74.9462],[-20.6134,74.9853],[-20.5997,74.999],[-20.48,75.0395],[-20.3391,75.0542],[-20.189,75.0441],[-20.0063,75.0165],[-19.9617,74.999],[-19.9855,74.9749],[-20.1751,74.939],[-20.2019,74.9238],[-20.1764,74.9039],[-20.1386,74.9014],[-20.1125,74.9306],[-20.0305,74.9301],[-19.81,74.8909]]],[[[-19.4596,81.9532],[-19.5967,81.9918],[-19.6349,82.0146],[-19.6619,82.0522],[-19.6582,82.0941],[-19.5242,82.1179],[-19.4106,82.1199],[-19.2604,82.091],[-19.0914,82.0427],[-19.0506,81.9964],[-18.9198,81.9682],[-18.6793,81.869],[-18.6309,81.8197],[-19.045,81.8251],[-19.4596,81.9532]]],[[[-38.8343,83.174],[-38.6426,83.1188],[-38.9173,83.1096],[-39.8455,83.1999],[-39.905,83.2296],[-40.0499,83.2613],[-40.63,83.2709],[-40.6641,83.2835],[-40.6673,83.3026],[-40.6163,83.3386],[-40.5658,83.3473],[-40.4034,83.3386],[-40.5406,83.359],[-40.4874,83.3659],[-40.2961,83.3505],[-39.9985,83.2992],[-39.7742,83.3014],[-39.4749,83.2195],[-38.8343,83.174]]],[[[-39.4376,83.1052],[-39.2889,83.0924],[-39.3477,83.0508],[-39.5223,83.0067],[-39.6665,82.9955],[-39.8402,83.0163],[-40.0478,83.0716],[-40.3599,83.0849],[-40.3966,83.0996],[-40.3898,83.1126],[-40.5137,83.1385],[-40.5466,83.1624],[-39.9727,83.1598],[-39.8184,83.1231],[-39.4376,83.1052]]],[[[-19.5229,80.0303],[-19.656,80.0229],[-19.7041,80.0576],[-19.6284,80.0855],[-19.6402,80.0937],[-19.6045,80.1156],[-19.5924,80.16],[-19.4874,80.1959],[-19.3499,80.2132],[-19.2067,80.2102],[-18.703,80.1265],[-19.5229,80.0303]]],[[[-40.1033,83.0561],[-40.0527,83.0272],[-39.9445,83.0106],[-39.8622,82.9822],[-40.7037,83.0288],[-40.9032,83.0718],[-41.0621,83.084],[-41.157,83.1188],[-41.4866,83.1679],[-41.4298,83.1782],[-40.8581,83.1726],[-40.7461,83.1262],[-40.4867,83.0769],[-40.1033,83.0561]]],[[[-18.0065,77.6369],[-18.2272,77.6374],[-18.2672,77.6567],[-18.2286,77.6652],[-18.1368,77.7294],[-17.9938,77.7722],[-17.9718,77.7905],[-17.9534,77.8445],[-17.8901,77.8684],[-17.7027,77.8802],[-17.6173,77.8066],[-17.636,77.7803],[-17.7185,77.7331],[-17.7558,77.6816],[-17.8089,77.6555],[-18.0065,77.6369]]],[[[-19.318,77.8833],[-19.2634,77.8648],[-19.2355,77.8287],[-19.2613,77.809],[-19.3085,77.8037],[-20.4735,77.9486],[-20.4899,77.9597],[-20.4382,77.9768],[-20.206,77.9728],[-19.9957,77.9999],[-19.8977,77.9304],[-19.7467,77.8944],[-19.3583,77.8976],[-19.318,77.8833]]],[[[-18.9178,78.4435],[-18.89,78.3942],[-18.9346,78.3786],[-18.9051,78.3415],[-19.04,78.3303],[-19.0634,78.3088],[-19.04,78.281],[-18.8971,78.2421],[-18.8808,78.2318],[-18.8937,78.2104],[-19.0738,78.185],[-19.0886,78.199],[-19.2711,78.2307],[-19.2576,78.2575],[-19.2664,78.2889],[-19.3155,78.3477],[-19.2892,78.3681],[-18.9385,78.4753],[-18.9231,78.4674],[-18.9178,78.4435]]],[[[-17.7328,81.5956],[-17.7964,81.6169],[-18.2135,81.6922],[-18.2815,81.7185],[-18.2252,81.7353],[-17.7938,81.7462],[-17.7489,81.7204],[-17.5615,81.6736],[-17.4842,81.6394],[-17.3356,81.6086],[-17.38,81.5915],[-17.7328,81.5956]]],[[[-47.8522,82.7836],[-48.3309,82.7919],[-48.4,82.8094],[-48.4141,82.828],[-48.4128,82.8528],[-48.3922,82.8782],[-48.2872,82.8966],[-47.5067,82.8284],[-47.442,82.811],[-47.5334,82.7839],[-47.8522,82.7836]]],[[[-19.1244,78.7107],[-19.3143,78.6956],[-19.3956,78.7053],[-19.5121,78.7428],[-19.6042,78.7563],[-19.6107,78.77],[-19.5831,78.7895],[-19.1549,78.9283],[-19.048,78.9236],[-19.0554,78.9093],[-19.1653,78.8957],[-19.1393,78.8642],[-19.0207,78.8684],[-19.0479,78.851],[-19.1511,78.8376],[-19.1859,78.8205],[-19.1448,78.8137],[-19.2132,78.7926],[-19.1802,78.783],[-19.0554,78.7926],[-19.0622,78.7864],[-19.0418,78.779],[-19.0948,78.7641],[-19.2814,78.7659],[-19.2222,78.7482],[-19.1216,78.7571],[-19.0207,78.7454],[-19.1374,78.7175],[-19.1244,78.7107]]],[[[-17.5329,79.0322],[-17.682,79.0385],[-17.7042,79.0322],[-17.6831,79.0179],[-17.7725,79.0043],[-17.7452,78.9907],[-17.834,78.977],[-17.8152,78.968],[-17.8288,78.9604],[-17.8966,78.9481],[-17.965,78.9559],[-17.8966,78.9695],[-17.9596,79.0098],[-17.9513,79.0384],[-17.9215,79.0627],[-17.8004,79.1005],[-17.7458,79.1536],[-17.6055,79.1938],[-17.4059,79.1233],[-17.451,79.0452],[-17.5329,79.0322]]],[[[-18.7352,74.6325],[-18.7235,74.6266],[-18.7495,74.6079],[-18.7289,74.5876],[-18.7362,74.5727],[-18.8234,74.5473],[-19.1735,74.5452],[-19.1529,74.5607],[-19.2218,74.5875],[-18.9049,74.6755],[-18.7934,74.6716],[-18.7495,74.6489],[-18.8103,74.6222],[-18.7352,74.6325]]],[[[-19.1714,77.9953],[-19.1071,78.0429],[-19.1139,78.0613],[-19.2948,78.1041],[-19.3204,78.1445],[-19.1526,78.1088],[-18.8599,78.1445],[-18.8696,78.1271],[-18.9269,78.0942],[-18.9254,78.0569],[-18.8944,78.0439],[-19.1116,77.9323],[-19.1727,77.9189],[-19.2018,77.9274],[-19.2024,77.9587],[-19.1714,77.9953]]],[[[-24.7999,72.916],[-24.7725,72.9094],[-24.7997,72.8876],[-24.8825,72.8675],[-24.8694,72.8146],[-24.9014,72.782],[-25.0416,72.7878],[-25.3207,72.847],[-25.2123,72.8523],[-25.1283,72.8923],[-25.057,72.8886],[-24.9747,72.9084],[-24.7999,72.916]]],[[[-20.3795,78.1361],[-20.6003,78.1332],[-20.8146,78.175],[-20.6835,78.1962],[-20.5526,78.2431],[-20.4676,78.2495],[-20.3965,78.2257],[-20.3465,78.1829],[-20.3529,78.1474],[-20.3795,78.1361]]],[[[-19.4451,78.2],[-19.4967,78.2014],[-19.5143,78.2097],[-19.5013,78.2284],[-19.6476,78.2648],[-19.659,78.3069],[-19.6464,78.3508],[-19.63,78.3648],[-19.608,78.3615],[-19.4691,78.3096],[-19.4295,78.2802],[-19.3922,78.2244],[-19.3524,78.2148],[-19.4451,78.2]]],[[[-18.2349,78.6169],[-18.3151,78.5804],[-18.4739,78.5493],[-18.4676,78.5351],[-18.5098,78.5256],[-18.6159,78.5325],[-18.6527,78.5555],[-18.5029,78.6112],[-18.392,78.6364],[-18.2569,78.6326],[-18.2274,78.6238],[-18.2349,78.6169]]],[[[-21.3815,77.8643],[-21.4056,77.8934],[-21.333,77.9459],[-21.2303,77.9754],[-21.1278,77.9903],[-21.0864,77.9845],[-21.1,77.9709],[-21.1538,77.9611],[-21.1722,77.9477],[-21.1615,77.9299],[-21.2341,77.8985],[-21.2434,77.8757],[-21.3297,77.855],[-21.3815,77.8643]]],[[[-18.2052,78.7368],[-18.2449,78.7625],[-18.2324,78.7777],[-18.2399,78.7851],[-18.1618,78.8293],[-18.1131,78.8323],[-18.0686,78.8187],[-18.0003,78.7658],[-18.2052,78.6958],[-18.2052,78.7368]]],[[[-18.3715,74.7116],[-18.3038,74.7116],[-18.3789,74.6905],[-18.3245,74.653],[-18.3241,74.6363],[-18.4826,74.6292],[-18.5503,74.6768],[-18.5489,74.6932],[-18.5912,74.7253],[-18.3715,74.7116]]],[[[-21.3259,73.1481],[-21.2035,73.1461],[-21.1683,73.1344],[-21.1888,73.1214],[-21.3283,73.101],[-21.3967,73.0998],[-21.4625,73.1214],[-21.3259,73.1481]]]]}},{"type":"Feature","id":"Pituffik","properties":{"id":"Pituffik","iso_code":"GL-UO","name":"Pituffik","name_full":"Pituffik","name_ja":"ピツフィク","center_lonlat":[-68.411,76.4736]},"geometry":{"type":"Polygon","coordinates":[[[-69.0795,76.5003],[-68.9046,76.5224],[-68.8148,76.555],[-68.8968,76.5612],[-68.7328,76.5862],[-68.0311,76.5841],[-67.9865,76.6008],[-67.6428,76.6006],[-67.6429,76.5186],[-68.1856,76.5187],[-68.1857,76.3008],[-68.5541,76.3009],[-69.0795,76.5003]]]}},{"type":"Feature","id":"Qaasuitsup","properties":{"id":"Qaasuitsup","iso_code":"GL-QA","name":"Qaasuitsup","name_full":"Qaasuitsup","name_ja":"カースートスップ","center_lonlat":[-53.9558,75.2652]},"geometry":{"type":"MultiPolygon","coordinates":[[[[-67.9865,76.6008],[-67.9856,76.6227],[-68.0072,76.6376],[-68.0954,76.6574],[-67.9856,76.6841],[-68.0824,76.7053],[-68.3388,76.6735],[-68.9103,76.6649],[-69.1388,76.6861],[-69.2399,76.6766],[-69.918,76.7504],[-70.0345,76.7735],[-70.1034,76.8015],[-70.0569,76.8408],[-69.9209,76.8681],[-69.8936,76.881],[-69.8979,76.9039],[-69.7434,76.9693],[-69.5819,76.9887],[-69.5417,77.0063],[-69.757,77.0106],[-69.7608,76.9926],[-69.9678,76.93],[-70.0502,76.892],[-70.4075,76.7978],[-70.5211,76.7872],[-70.5941,76.8124],[-70.6601,76.802],[-70.8423,76.8488],[-70.8153,76.8691],[-70.9054,76.8647],[-70.9872,76.897],[-70.9555,76.9076],[-70.8296,76.9039],[-70.837,76.9113],[-70.6788,76.9386],[-70.8044,76.932],[-71.0828,76.9659],[-71.076,76.9591],[-71.1214,76.9509],[-71.0972,76.9318],[-71.3456,76.9918],[-71.3844,77.024],[-71.3725,77.0583],[-71.3424,77.0707],[-71.2355,77.0725],[-71.2336,77.1099],[-71.1879,77.1224],[-71.1927,77.1373],[-71.001,77.1554],[-70.9103,77.1457],[-70.6993,77.1509],[-70.9252,77.1782],[-70.9033,77.1914],[-69.7335,77.239],[-69.6581,77.2192],[-69.5775,77.2258],[-68.7286,77.1893],[-68.6168,77.1707],[-67.8782,77.2023],[-67.0316,77.1461],[-66.9514,77.1299],[-66.5089,77.1336],[-66.3619,77.1162],[-66.4513,77.1441],[-66.2462,77.164],[-66.1976,77.1757],[-66.1701,77.1987],[-66.6368,77.154],[-67.9928,77.226],[-68.216,77.2058],[-69.0619,77.2573],[-69.1029,77.2744],[-68.3695,77.3769],[-67.4359,77.3836],[-66.7728,77.3564],[-66.505,77.279],[-66.2261,77.2525],[-66.1968,77.2607],[-66.2427,77.2839],[-66.4438,77.2943],[-66.4972,77.3123],[-66.6635,77.4178],[-66.5867,77.4316],[-66.2014,77.4245],[-66.1252,77.4333],[-66.067,77.4662],[-66.095,77.4799],[-66.0534,77.4935],[-66.1151,77.5102],[-66.1459,77.5345],[-66.2316,77.5549],[-66.1632,77.5686],[-66.2998,77.5754],[-66.2414,77.5997],[-66.2813,77.6179],[-66.4838,77.6341],[-66.6134,77.6739],[-66.7237,77.6802],[-66.6635,77.7194],[-66.8485,77.6849],[-67.1409,77.6723],[-67.1632,77.6642],[-67.1435,77.6561],[-67.1874,77.6065],[-67.2501,77.5748],[-67.5917,77.5244],[-68.3564,77.4999],[-68.3903,77.5071],[-68.3703,77.5666],[-68.5275,77.6096],[-68.645,77.6625],[-68.7298,77.6691],[-68.8148,77.658],[-68.61,77.5649],[-68.5951,77.5345],[-68.6109,77.5177],[-69.2226,77.4529],[-70.2554,77.5574],[-70.2878,77.5754],[-69.5182,77.6874],[-69.4956,77.7021],[-69.5206,77.7331],[-69.4796,77.7542],[-69.5075,77.7604],[-69.6024,77.7269],[-69.7204,77.704],[-69.9994,77.6933],[-70.0682,77.6738],[-70.6756,77.6802],[-70.7061,77.6915],[-70.6805,77.7093],[-70.3698,77.7702],[-70.2125,77.8272],[-69.973,77.8361],[-70.0702,77.8578],[-70.2801,77.8481],[-70.4119,77.8627],[-70.5416,77.8361],[-70.679,77.7815],[-71.3128,77.7698],[-71.4396,77.8],[-71.407,77.8188],[-71.2403,77.8526],[-71.2132,77.8703],[-71.2509,77.8869],[-71.3122,77.8888],[-71.5249,77.8555],[-71.6309,77.8628],[-71.5906,77.905],[-71.5982,77.9224],[-71.6167,77.9252],[-71.9057,77.8887],[-72.0499,77.9249],[-72.2417,77.9385],[-72.228,77.9597],[-72.3514,78.015],[-72.2969,78.0559],[-72.5826,78.0621],[-72.673,78.0969],[-72.7843,78.1076],[-72.8952,78.154],[-73.0572,78.1583],[-73.0242,78.1784],[-72.8996,78.1719],[-72.7345,78.1924],[-72.817,78.2265],[-72.755,78.2333],[-72.8034,78.2408],[-72.774,78.2476],[-72.6798,78.2539],[-72.7072,78.2675],[-72.661,78.2912],[-72.4608,78.2886],[-72.5048,78.3048],[-72.8506,78.3153],[-72.817,78.3227],[-72.8313,78.3364],[-72.8139,78.3594],[-72.6036,78.4042],[-72.5843,78.4251],[-72.673,78.4389],[-72.6545,78.4551],[-72.5885,78.4672],[-72.5706,78.4873],[-72.6229,78.4882],[-72.6389,78.5009],[-72.5902,78.5212],[-71.9418,78.5583],[-71.5546,78.6435],[-71.2181,78.6425],[-71.114,78.6231],[-70.8639,78.6153],[-70.802,78.5988],[-70.7886,78.6102],[-70.8092,78.6169],[-70.7882,78.6476],[-70.8023,78.6784],[-70.7458,78.6954],[-70.4369,78.7295],[-70.3725,78.7244],[-70.318,78.7369],[-69.9867,78.7535],[-69.9628,78.7633],[-70.0215,78.7752],[-69.9086,78.8039],[-69.4386,78.8088],[-69.3587,78.7994],[-69.1483,78.8806],[-68.9862,78.8633],[-68.9114,78.8397],[-68.7808,78.8367],[-68.8607,78.8594],[-68.9132,78.9009],[-68.9686,78.8976],[-69.1717,78.9254],[-69.1085,78.9642],[-69.0339,78.98],[-68.0402,79.0768],[-67.7587,79.0383],[-67.6703,79.0552],[-67.746,79.0768],[-67.7122,79.0944],[-67.476,79.1065],[-67.5058,79.1383],[-67.2269,79.1152],[-67.1775,79.1179],[-67.2184,79.1383],[-67.1829,79.1579],[-67.1127,79.1564],[-67.0881,79.1452],[-67.1086,79.1383],[-67.0784,79.1197],[-67.0401,79.1157],[-67.0018,79.123],[-66.9713,79.1383],[-66.9809,79.1525],[-66.9617,79.1541],[-66.91,79.1308],[-66.9304,79.1036],[-66.7455,79.1452],[-66.8206,79.1179],[-66.7663,79.1147],[-66.6789,79.1444],[-66.588,79.1452],[-66.5332,79.1241],[-66.3631,79.1433],[-66.3277,79.1383],[-66.3364,79.1096],[-66.2707,79.1036],[-66.1875,79.1159],[-66.1171,79.1028],[-65.9777,79.1036],[-65.9945,79.1199],[-66.0732,79.1308],[-65.8188,79.1291],[-65.7859,79.1383],[-65.9094,79.1513],[-65.8576,79.1784],[-65.6623,79.2203],[-65.6919,79.2223],[-65.7102,79.2407],[-65.6695,79.2532],[-65.519,79.2674],[-65.5525,79.2885],[-65.4842,79.3022],[-65.4281,79.3337],[-65.1536,79.3764],[-65.1348,79.3916],[-65.149,79.399],[-65.1268,79.4135],[-65.0466,79.4326],[-65.087,79.44],[-65.0513,79.4638],[-64.9207,79.4855],[-64.8314,79.5272],[-64.8197,79.5799],[-64.8358,79.6124],[-64.8968,79.6408],[-65.0119,79.6585],[-64.9088,79.7069],[-65.0323,79.7546],[-64.943,79.7827],[-65.0528,79.8236],[-64.9982,79.8298],[-65.1286,79.8503],[-64.9982,79.8645],[-65.0466,79.8987],[-65.005,79.9117],[-65.0145,79.9284],[-64.9498,79.9601],[-64.9779,79.9809],[-65.0734,80.0085],[-65.0436,80.0239],[-64.3409,80.0788],[-64.126,80.144],[-63.9088,80.1313],[-63.7786,80.1519],[-64.159,80.1628],[-64.2031,80.1929],[-64.1712,80.2391],[-64.2228,80.2557],[-64.2611,80.2447],[-64.2545,80.2107],[-64.2914,80.1964],[-64.335,80.1491],[-64.4733,80.1057],[-64.926,80.0727],[-65.3061,80.096],[-65.4502,80.0585],[-65.8634,80.012],[-66.0611,80.0207],[-66.1702,80.0729],[-66.4333,80.1173],[-66.5004,80.0839],[-66.5532,80.0738],[-67.0501,80.0612],[-67.0806,80.0768],[-67.0554,80.0837],[-67.0635,80.0941],[-67.1236,80.1259],[-67.0806,80.1451],[-67.1911,80.1662],[-67.2743,80.1592],[-67.4624,80.1847],[-67.5058,80.2072],[-67.4443,80.2134],[-67.4717,80.2277],[-67.4369,80.2351],[-67.5187,80.2655],[-67.4479,80.3139],[-67.486,80.3232],[-67.4554,80.3425],[-67.2677,80.3662],[-67.0359,80.4145],[-66.9119,80.4545],[-66.7875,80.4637],[-66.7107,80.4946],[-66.7324,80.5014],[-66.6977,80.5224],[-66.7926,80.533],[-66.7584,80.5524],[-66.1432,80.6084],[-66.1086,80.6174],[-66.0749,80.6605],[-66.0534,80.6658],[-65.5252,80.6634],[-65.4979,80.6727],[-65.7079,80.7042],[-65.6244,80.7314],[-65.1247,80.7797],[-65.0752,80.7934],[-65.0528,80.8037],[-65.0466,80.8241],[-64.984,80.8515],[-65.0392,80.8787],[-65.0174,80.8947],[-64.777,80.907],[-64.7375,80.9191],[-64.7587,80.9265],[-64.7103,80.9402],[-64.7941,80.9597],[-64.8065,80.9743],[-64.7898,80.9904],[-64.7535,80.9962],[-64.5177,81.0047],[-64.4344,81.028],[-64.2406,81.028],[-64.1192,81.048],[-63.9294,81.0569],[-63.8277,81.1133],[-63.7228,81.1387],[-63.5937,81.1509],[-63.5075,81.1314],[-63.4385,81.096],[-63.4285,81.05],[-63.3056,80.9538],[-63.2488,80.9273],[-63.06,80.8769],[-62.9537,80.801],[-62.7799,80.7588],[-62.7364,80.7825],[-62.8661,80.8042],[-62.8735,80.8127],[-62.8531,80.8241],[-62.9252,80.8469],[-63.0271,80.9027],[-63.1843,80.9523],[-63.3235,81.062],[-63.3398,81.0842],[-63.3325,81.1062],[-63.3733,81.1592],[-63.1499,81.2117],[-62.9768,81.2283],[-62.8345,81.226],[-62.764,81.2145],[-62.1964,81.1991],[-61.8506,81.1285],[-61.0201,80.8732],[-60.7526,80.7585],[-60.285,80.6056],[-59.9054,80.5303],[-58.0762,80.2182],[-57.1551,80.0378],[-44.0,78.0],[-44.0,71.0],[-44.0,67.55],[-49.4121,67.55],[-49.7671,67.544],[-49.9318,67.5099],[-50.1038,67.5056],[-50.0725,67.5159],[-50.2821,67.4948],[-50.3884,67.5159],[-50.5517,67.5102],[-50.7436,67.5457],[-50.8744,67.6047],[-50.6023,67.6485],[-50.4403,67.6958],[-50.3429,67.7101],[-50.2816,67.7385],[-50.0793,67.7145],[-50.0998,67.694],[-49.9686,67.6852],[-49.9359,67.7003],[-50.1056,67.7405],[-50.286,67.7454],[-50.6605,67.6553],[-51.0116,67.6252],[-50.9018,67.6594],[-50.9565,67.6683],[-51.1038,67.6594],[-51.3201,67.7145],[-51.2959,67.7351],[-51.2356,67.7205],[-51.0038,67.7208],[-50.97,67.7419],[-50.9844,67.7487],[-50.7786,67.7734],[-50.6414,67.8244],[-50.4183,67.8218],[-50.332,67.8039],[-50.2878,67.8144],[-50.265,67.8449],[-50.4134,67.8472],[-50.4567,67.8585],[-50.4483,67.8808],[-50.4931,67.8996],[-50.5176,67.8927],[-50.4909,67.8791],[-50.5244,67.8725],[-50.7843,67.9113],[-50.8335,67.8859],[-50.8131,67.8791],[-50.8875,67.8585],[-50.849,67.8504],[-50.7538,67.8752],[-50.6485,67.8511],[-50.7015,67.8403],[-50.7174,67.8312],[-50.7099,67.8244],[-50.8429,67.8182],[-50.8677,67.8039],[-50.8267,67.8039],[-50.8578,67.7917],[-50.9564,67.8039],[-51.0048,67.7692],[-51.0768,67.776],[-51.1687,67.7624],[-51.2375,67.7829],[-51.1761,67.8039],[-51.2495,67.8259],[-51.2746,67.8638],[-51.3679,67.8859],[-51.0762,67.9079],[-51.0184,67.8791],[-50.9759,67.8869],[-50.9911,67.9138],[-50.97,67.92],[-51.0458,67.9405],[-51.0404,67.9633],[-51.06,67.9753],[-51.0389,67.9815],[-51.2439,67.9699],[-51.3144,67.932],[-51.3645,67.92],[-51.4914,67.9479],[-51.5734,67.9343],[-51.4877,67.8893],[-51.4703,67.8654],[-51.3967,67.8566],[-51.3256,67.8244],[-51.3984,67.7693],[-51.3816,67.7487],[-51.4448,67.7471],[-51.4744,67.731],[-51.5324,67.7351],[-51.4702,67.7584],[-51.5978,67.7537],[-51.68,67.7068],[-51.7696,67.6992],[-51.8204,67.722],[-51.7999,67.7282],[-51.8483,67.7351],[-51.7834,67.7613],[-51.6461,67.7604],[-51.63,67.7766],[-51.7316,67.7898],[-51.8061,67.7814],[-51.8587,67.7536],[-52.2319,67.7692],[-52.2988,67.8106],[-52.3422,67.8217],[-52.295,67.8558],[-52.159,67.8916],[-52.1388,67.8908],[-52.1562,67.8791],[-51.9228,67.8859],[-51.764,67.9299],[-51.6287,67.9368],[-51.5734,67.9684],[-51.6066,67.977],[-51.8368,67.9405],[-51.9489,67.9081],[-52.2374,67.9018],[-52.2748,67.8844],[-52.4094,67.8654],[-52.4669,67.8236],[-52.626,67.7939],[-52.824,67.7965],[-53.0643,67.7357],[-53.3317,67.5959],[-53.5767,67.5189],[-53.6788,67.5026],[-53.6905,67.5085],[-53.6808,67.5239],[-53.7255,67.5316],[-53.711,67.5637],[-53.7379,67.5727],[-53.7327,67.5904],[-53.7526,67.603],[-53.5602,67.6531],[-53.6973,67.6457],[-53.5539,67.6872],[-53.5677,67.694],[-53.5414,67.7197],[-53.5694,67.7525],[-53.5539,67.7624],[-53.5889,67.7649],[-53.6584,67.7956],[-53.7042,67.7965],[-53.6877,67.8118],[-53.5409,67.8511],[-53.4999,67.8454],[-53.4803,67.8585],[-53.4609,67.846],[-53.4625,67.8211],[-53.5055,67.8101],[-53.4032,67.817],[-53.4509,67.7965],[-53.278,67.8058],[-53.2455,67.8244],[-53.3873,67.8275],[-53.4311,67.8449],[-53.3758,67.8654],[-53.4857,67.8791],[-53.434,67.899],[-53.3793,67.8996],[-53.2992,67.8831],[-53.2939,67.8722],[-53.3253,67.8568],[-53.3144,67.842],[-53.2621,67.8322],[-53.184,67.8381],[-53.2702,67.8463],[-53.2865,67.8585],[-53.1502,67.8912],[-53.0537,67.8859],[-53.1252,67.9114],[-53.2591,67.8927],[-53.3144,67.9138],[-53.1908,67.9343],[-53.266,67.961],[-53.2501,67.9648],[-53.1591,67.96],[-53.0742,67.9753],[-52.8892,67.9815],[-52.9984,68.0026],[-53.0329,67.989],[-53.2591,67.989],[-53.2493,68.0064],[-53.2591,68.023],[-53.1766,68.0461],[-53.0412,68.0631],[-52.7292,67.9668],[-52.6322,67.961],[-52.6217,67.9479],[-52.5892,67.9431],[-52.5393,67.9534],[-52.2586,67.9405],[-52.2071,67.9268],[-52.0995,67.9452],[-52.0593,67.9753],[-52.0851,67.9809],[-52.1975,67.9502],[-52.7545,67.9866],[-53.163,68.126],[-53.081,68.1596],[-53.1116,68.1784],[-53.1493,68.1733],[-53.1532,68.1569],[-53.284,68.1301],[-53.2963,68.1442],[-53.266,68.1671],[-53.4578,68.1528],[-53.308,68.1865],[-53.1148,68.1986],[-52.9727,68.1605],[-52.8497,68.1484],[-52.7265,68.1112],[-52.5316,68.0954],[-52.4462,68.069],[-52.389,68.0776],[-52.5119,68.1027],[-52.531,68.1173],[-52.5124,68.126],[-52.5381,68.1338],[-52.6379,68.1289],[-52.636,68.1459],[-52.7042,68.1596],[-52.6906,68.1733],[-52.7135,68.1792],[-52.7945,68.1658],[-52.7991,68.1758],[-52.7762,68.1943],[-52.7247,68.2012],[-52.663,68.1869],[-52.5829,68.1911],[-52.2651,68.1197],[-52.1994,68.0916],[-52.0475,68.0801],[-51.9315,68.0468],[-51.2171,68.0709],[-50.8608,67.9783],[-50.7136,67.9578],[-50.6046,67.9095],[-50.5666,67.9063],[-50.5728,67.9138],[-50.5604,67.9188],[-50.4772,67.9343],[-50.2328,67.9124],[-50.1785,67.9204],[-50.1483,67.9479],[-50.2991,67.9343],[-50.5607,67.9698],[-50.5728,67.9753],[-50.5455,68.0026],[-50.7236,68.0026],[-50.6803,68.0269],[-50.9283,68.0527],[-50.9774,68.0776],[-51.0458,68.0913],[-50.9359,68.126],[-51.1007,68.1067],[-51.121,68.1301],[-51.1689,68.1323],[-51.2307,68.1596],[-51.2779,68.1472],[-51.4368,68.2012],[-50.998,68.1807],[-50.9559,68.1893],[-51.0359,68.2215],[-51.1418,68.2177],[-51.2113,68.2502],[-51.3816,68.2558],[-51.3428,68.2695],[-51.2233,68.2748],[-51.1556,68.2948],[-51.1488,68.324],[-51.1208,68.3514],[-51.1488,68.3725],[-51.1283,68.3725],[-51.1758,68.3842],[-51.1823,68.3964],[-51.167,68.4142],[-50.9427,68.45],[-50.8564,68.4896],[-50.8267,68.4824],[-50.8677,68.4687],[-50.8175,68.4737],[-50.772,68.4954],[-50.848,68.5071],[-51.2316,68.4158],[-51.3201,68.4202],[-51.43,68.406],[-51.5691,68.4302],[-51.649,68.4135],[-51.5609,68.3961],[-51.4834,68.3599],[-51.3133,68.3657],[-51.2322,68.329],[-51.2209,68.3137],[-51.245,68.3042],[-51.2233,68.2968],[-51.3131,68.2828],[-51.6481,68.2746],[-51.7471,68.2606],[-51.7777,68.2444],[-52.2269,68.2204],[-52.2816,68.1997],[-52.4451,68.1815],[-52.505,68.1943],[-52.4442,68.2285],[-52.5621,68.2644],[-52.5124,68.2906],[-52.7953,68.2773],[-52.6701,68.2609],[-52.6285,68.2421],[-52.7145,68.2155],[-52.8067,68.2217],[-52.834,68.2359],[-52.8824,68.2285],[-52.8995,68.2343],[-52.8545,68.2558],[-52.9376,68.2626],[-52.8883,68.2903],[-52.7519,68.3178],[-52.6669,68.31],[-52.6422,68.3179],[-52.6496,68.3315],[-52.6024,68.3332],[-52.5876,68.3514],[-52.7873,68.3367],[-52.8314,68.3173],[-53.0736,68.2875],[-53.2201,68.3094],[-53.3395,68.2719],[-53.3758,68.2968],[-53.3518,68.2923],[-53.3349,68.3042],[-53.3895,68.3315],[-53.2479,68.3529],[-53.0885,68.3179],[-52.9102,68.3715],[-52.7997,68.3789],[-52.78,68.3856],[-52.8203,68.3998],[-52.7752,68.4229],[-52.7175,68.4238],[-52.6405,68.4523],[-52.5398,68.4544],[-52.5329,68.4687],[-52.4231,68.4687],[-52.4783,68.4954],[-52.389,68.5097],[-52.4456,68.518],[-52.5749,68.5041],[-52.6422,68.5159],[-52.6164,68.5259],[-52.1932,68.5722],[-52.1453,68.5463],[-52.1078,68.5438],[-52.1146,68.5574],[-51.8849,68.5928],[-51.8129,68.5786],[-51.9644,68.5643],[-51.916,68.5574],[-51.9569,68.537],[-51.8644,68.517],[-51.7577,68.537],[-51.5688,68.5239],[-51.5324,68.5438],[-51.5339,68.5547],[-51.4904,68.5666],[-51.4703,68.5574],[-51.5051,68.537],[-51.3519,68.5487],[-51.3406,68.5643],[-51.402,68.5711],[-51.3453,68.5848],[-51.286,68.5786],[-51.2996,68.5711],[-51.1488,68.5639],[-51.1208,68.5786],[-51.1488,68.5848],[-51.0933,68.6041],[-51.0737,68.6002],[-51.0941,68.5786],[-51.0357,68.5842],[-51.0414,68.6181],[-51.0061,68.6421],[-51.0737,68.7014],[-51.0235,68.696],[-50.9665,68.6718],[-50.9226,68.6289],[-50.8621,68.6198],[-50.8591,68.6383],[-50.8875,68.653],[-50.8055,68.681],[-50.9291,68.6741],[-50.9154,68.6872],[-50.9235,68.6994],[-50.9639,68.7014],[-50.9911,68.7356],[-50.8813,68.7703],[-50.784,68.7768],[-50.7648,68.8035],[-50.6547,68.8312],[-50.7869,68.8419],[-51.0188,68.7526],[-51.1147,68.7356],[-51.2921,68.7486],[-51.1761,68.8113],[-51.2171,68.8454],[-51.1019,68.8662],[-50.9639,68.9342],[-51.0331,68.923],[-51.0967,68.8859],[-51.1898,68.8858],[-51.1699,68.9108],[-51.0873,68.9513],[-51.0958,69.0027],[-51.1351,69.0441],[-51.0799,69.0503],[-51.1208,69.0987],[-51.062,69.1144],[-51.0799,69.1328],[-50.7494,69.1209],[-50.7441,69.0987],[-50.7711,69.0876],[-50.9018,69.0782],[-50.9291,69.0503],[-50.9911,69.0373],[-50.9018,69.0298],[-50.9093,69.0441],[-50.7013,69.0815],[-50.6343,69.072],[-50.6485,69.0503],[-50.5868,69.0539],[-50.525,69.0298],[-50.5391,69.0005],[-50.5231,68.9511],[-50.4023,68.9301],[-50.3782,68.9084],[-50.3344,68.9078],[-50.3204,68.9244],[-50.3605,68.9683],[-50.4573,68.9699],[-50.4889,69.013],[-50.4601,69.0296],[-50.4182,69.0311],[-50.3509,68.996],[-50.3332,69.0093],[-50.3539,69.0334],[-50.3355,69.0544],[-50.2989,69.065],[-50.265,69.0578],[-50.255,69.0395],[-50.2991,68.9888],[-50.2217,68.9599],[-50.2029,68.9752],[-50.2302,68.9888],[-50.2152,69.0051],[-50.2172,69.0236],[-50.1832,69.0194],[-50.1749,69.0298],[-50.2234,69.072],[-50.2592,69.0795],[-50.4247,69.061],[-50.6762,69.1116],[-50.6895,69.1267],[-50.6545,69.1398],[-50.2994,69.123],[-50.1619,69.1601],[-50.1301,69.2025],[-50.1373,69.2212],[-50.1823,69.2258],[-50.2428,69.1965],[-50.4517,69.1963],[-50.4704,69.2086],[-50.443,69.2291],[-50.463,69.2427],[-50.4532,69.2519],[-50.4704,69.2563],[-50.4589,69.2709],[-50.4704,69.3041],[-50.3667,69.3389],[-50.4299,69.3472],[-50.6001,69.2768],[-50.5432,69.258],[-50.5424,69.2461],[-50.5933,69.2154],[-50.6622,69.2222],[-50.6417,69.2353],[-50.6852,69.2324],[-50.7672,69.2023],[-50.9149,69.1737],[-51.01,69.1804],[-51.1151,69.2122],[-51.0799,69.2291],[-51.1004,69.2427],[-51.0458,69.2427],[-51.0116,69.27],[-50.8677,69.2837],[-50.8927,69.2987],[-50.9737,69.3076],[-50.9875,69.3298],[-50.9093,69.3389],[-50.9154,69.3525],[-50.8335,69.3451],[-50.8922,69.3859],[-50.8949,69.4003],[-50.8472,69.4283],[-50.8451,69.4415],[-50.8677,69.4618],[-50.6852,69.4923],[-50.5751,69.4564],[-50.484,69.4481],[-50.5176,69.4897],[-50.4197,69.5089],[-50.2889,69.5006],[-50.2029,69.5233],[-50.2306,69.5318],[-50.3401,69.5233],[-50.396,69.5491],[-50.4499,69.5443],[-50.5926,69.4963],[-50.6905,69.4996],[-50.7236,69.5096],[-50.6622,69.517],[-50.7158,69.5267],[-50.854,69.4822],[-50.8806,69.5079],[-50.8734,69.5236],[-50.7958,69.5577],[-50.7988,69.5871],[-50.8472,69.6263],[-50.7753,69.6503],[-50.4242,69.5992],[-50.4083,69.6058],[-50.4615,69.6457],[-50.4357,69.6542],[-50.5087,69.6447],[-50.6212,69.6741],[-50.7944,69.6721],[-50.8267,69.702],[-50.7961,69.7199],[-50.669,69.7396],[-50.5943,69.7907],[-50.3539,69.7609],[-50.1892,69.7634],[-50.265,69.7839],[-50.3185,69.8267],[-50.3008,69.8622],[-50.3329,69.89],[-50.4855,69.9024],[-50.5933,69.9279],[-50.5666,69.9484],[-50.5865,69.9553],[-50.5609,69.9749],[-50.344,69.9786],[-50.2097,70.0168],[-50.2373,70.0384],[-50.2753,70.0458],[-50.422,70.0372],[-50.4711,70.0579],[-50.5015,70.0405],[-50.7188,69.9965],[-50.9391,69.9636],[-51.2597,69.963],[-51.286,69.9695],[-51.2521,69.9699],[-51.1823,70.0031],[-51.1327,70.0048],[-51.087,70.0372],[-51.0347,70.0314],[-50.9809,69.9962],[-50.8608,70.0241],[-50.8984,70.0388],[-50.9818,70.0324],[-51.0184,70.044],[-50.9911,70.0576],[-51.0308,70.0658],[-51.2211,70.074],[-51.2594,70.0668],[-51.3805,69.9885],[-51.4387,69.9665],[-51.5734,69.9831],[-51.5324,70.0241],[-51.5498,70.0303],[-51.6254,70.015],[-51.8351,70.0217],[-51.969,70.0111],[-52.0098,70.0198],[-52.0613,70.0512],[-52.1925,70.0414],[-52.2775,70.0562],[-52.3207,70.0515],[-52.3799,70.0734],[-52.5006,70.1521],[-52.5526,70.1657],[-52.577,70.1989],[-52.61,70.2171],[-53.2318,70.3531],[-53.84,70.3807],[-54.0187,70.4132],[-54.078,70.4489],[-54.1846,70.4766],[-54.2186,70.5184],[-54.3253,70.5732],[-54.5371,70.6565],[-54.6302,70.6541],[-54.5881,70.6826],[-54.5712,70.7205],[-54.3258,70.7976],[-54.1554,70.8288],[-53.9796,70.8297],[-53.8221,70.7938],[-53.6703,70.7988],[-53.5819,70.7708],[-53.434,70.7527],[-53.1916,70.7722],[-52.7906,70.7568],[-52.4503,70.7026],[-52.2699,70.6354],[-52.1214,70.6018],[-52.0521,70.5692],[-51.5494,70.4316],[-51.4095,70.435],[-51.1929,70.4026],[-51.0663,70.3668],[-50.8295,70.3564],[-50.6594,70.3258],[-50.5666,70.3337],[-50.5318,70.3593],[-50.5865,70.3941],[-50.6627,70.3902],[-50.6827,70.4009],[-50.5952,70.4436],[-50.5933,70.463],[-50.5749,70.4745],[-50.5045,70.5002],[-50.4983,70.5238],[-50.5386,70.5381],[-50.5597,70.5327],[-50.6422,70.497],[-50.6534,70.4692],[-50.7721,70.4208],[-50.9928,70.425],[-51.0586,70.439],[-51.0941,70.4698],[-50.9427,70.4698],[-51.0043,70.4972],[-51.0799,70.5107],[-51.1903,70.5025],[-51.2233,70.5107],[-51.2406,70.5344],[-51.3259,70.5554],[-51.3474,70.5716],[-51.2307,70.6064],[-51.195,70.6285],[-51.1765,70.619],[-51.1823,70.5927],[-51.1612,70.5794],[-50.9158,70.5314],[-50.8859,70.5108],[-50.8677,70.5176],[-50.8645,70.5353],[-50.9093,70.5716],[-50.7373,70.5449],[-50.7987,70.5728],[-50.8677,70.5853],[-50.8335,70.6132],[-50.9123,70.5995],[-50.9911,70.6132],[-50.9697,70.639],[-50.8787,70.6625],[-50.7564,70.6497],[-50.6969,70.6237],[-50.6235,70.6284],[-50.6527,70.6503],[-50.9154,70.6889],[-51.1004,70.661],[-51.0801,70.6778],[-51.0873,70.723],[-51.0599,70.761],[-51.0799,70.764],[-51.1763,70.6988],[-51.2081,70.6925],[-51.3992,70.6973],[-51.43,70.7094],[-51.4451,70.7319],[-51.4382,70.747],[-51.2921,70.764],[-51.2507,70.8139],[-51.0116,70.7845],[-50.8186,70.7209],[-50.688,70.7069],[-50.6616,70.7125],[-50.6316,70.7391],[-50.7147,70.7443],[-50.7402,70.756],[-50.7373,70.7845],[-50.9147,70.8161],[-50.92,70.8387],[-50.8472,70.8732],[-50.9403,70.8759],[-51.073,70.8405],[-51.1236,70.8439],[-51.2103,70.8732],[-51.1898,70.8869],[-51.5892,70.9299],[-51.6628,70.9619],[-51.9569,71.0241],[-51.8826,71.0613],[-51.8319,71.0694],[-51.2079,70.9622],[-50.9977,70.9652],[-50.9361,70.9869],[-50.931,71.0126],[-50.9154,71.0241],[-51.2021,71.0176],[-51.4848,71.0704],[-51.4311,71.0917],[-51.2921,71.0787],[-51.38,71.0932],[-51.3959,71.1135],[-51.2233,71.1476],[-51.3433,71.1466],[-51.5088,71.1153],[-51.6739,71.1109],[-51.746,71.1384],[-51.8425,71.1374],[-52.0255,71.0998],[-52.1783,71.1035],[-52.2427,71.1268],[-52.2102,71.1476],[-52.1146,71.1606],[-52.0273,71.2142],[-51.9032,71.2477],[-51.8102,71.2575],[-51.6212,71.2506],[-51.5287,71.2742],[-51.524,71.2962],[-51.5358,71.3127],[-51.6901,71.3468],[-51.6422,71.3673],[-51.749,71.3604],[-52.0494,71.2473],[-52.4243,71.1517],[-52.517,71.1483],[-52.5577,71.1786],[-52.5364,71.2062],[-52.4984,71.2267],[-52.3548,71.237],[-52.2589,71.2726],[-52.2456,71.2954],[-52.2882,71.3489],[-52.2577,71.3655],[-51.8843,71.4404],[-51.6122,71.4562],[-51.4214,71.4393],[-51.3816,71.4486],[-51.3959,71.4622],[-51.3474,71.484],[-51.361,71.4937],[-51.6823,71.5096],[-52.1073,71.4482],[-52.2402,71.4057],[-52.4263,71.3723],[-52.9923,71.4213],[-52.9477,71.4462],[-52.8067,71.4765],[-52.7009,71.5259],[-52.2586,71.5795],[-52.1388,71.5722],[-51.7816,71.6027],[-51.676,71.6726],[-51.6462,71.7175],[-51.6695,71.723],[-51.6627,71.7298],[-51.7579,71.7305],[-51.7982,71.7205],[-51.8303,71.6854],[-51.9014,71.6527],[-52.1664,71.6131],[-52.5733,71.6379],[-52.5633,71.6776],[-52.5815,71.6966],[-52.663,71.6798],[-53.266,71.7099],[-53.1099,71.7816],[-53.0018,71.7969],[-52.8957,71.8356],[-52.8545,71.8676],[-52.9088,71.8823],[-52.9165,71.8942],[-52.9078,71.9135],[-52.834,71.929],[-52.78,71.9763],[-52.6832,72.0109],[-52.776,72.0176],[-52.8267,71.9859],[-53.0173,71.9304],[-53.0332,71.9189],[-53.0278,71.9029],[-52.9848,71.8471],[-53.2255,71.8115],[-53.3164,71.779],[-53.3643,71.7778],[-53.3758,71.7844],[-53.336,71.8165],[-53.3212,71.857],[-53.3731,71.9041],[-53.4052,71.956],[-53.4168,71.987],[-53.3926,72.0229],[-53.3997,72.042],[-53.4803,72.0782],[-53.6983,72.1259],[-53.7253,72.1487],[-53.7266,72.1788],[-53.7777,72.2726],[-53.7958,72.2965],[-53.8488,72.3126],[-53.8516,72.3306],[-53.7645,72.3489],[-53.5811,72.3495],[-53.5539,72.3604],[-53.8702,72.3566],[-53.921,72.3491],[-53.9586,72.3263],[-53.8412,72.2519],[-53.8488,72.217],[-53.8351,72.1624],[-53.8131,72.1387],[-53.5677,72.0389],[-53.5021,71.9666],[-53.4742,71.9066],[-53.4105,71.8664],[-53.3989,71.8459],[-53.4925,71.7918],[-53.6398,71.7478],[-53.8855,71.7543],[-53.9177,71.7373],[-53.7689,71.7197],[-53.7327,71.6963],[-53.7229,71.6706],[-53.7659,71.6403],[-53.9106,71.6411],[-53.9822,71.6752],[-54.0167,71.7099],[-54.102,71.7099],[-54.0642,71.6979],[-54.0468,71.6718],[-54.102,71.6348],[-53.8957,71.5815],[-53.8488,71.5455],[-53.8589,71.5035],[-53.8829,71.4697],[-53.9518,71.4378],[-54.4355,71.3652],[-54.5502,71.3699],[-54.6252,71.3513],[-54.6986,71.3605],[-54.7873,71.3537],[-54.9259,71.3856],[-54.952,71.4043],[-54.9381,71.4151],[-54.9808,71.4362],[-55.1436,71.4424],[-55.2443,71.4963],[-55.2677,71.484],[-55.1175,71.3876],[-55.2876,71.3814],[-55.4042,71.4077],[-55.5145,71.4492],[-55.6627,71.5976],[-55.6762,71.6301],[-55.5693,71.6411],[-55.9045,71.682],[-55.8475,71.722],[-55.7878,71.7435],[-55.5619,71.7435],[-55.5756,71.7714],[-55.464,71.8027],[-55.4247,71.8061],[-55.2847,71.7686],[-55.2602,71.7782],[-55.3701,71.826],[-55.3767,71.8499],[-55.3304,71.8831],[-54.8533,71.913],[-54.5552,72.0338],[-54.5129,72.0799],[-54.525,72.1098],[-54.496,72.1262],[-54.4385,72.2034],[-54.3832,72.2232],[-54.4082,72.2325],[-54.529,72.1774],[-54.5411,72.1606],[-54.5266,72.1345],[-54.5819,72.114],[-54.6442,72.0705],[-54.6483,72.046],[-54.6302,72.0246],[-54.6416,72.0185],[-54.7054,72.0109],[-54.9208,71.9329],[-55.2678,71.9273],[-55.6097,71.9905],[-55.5673,72.0133],[-55.5517,72.0382],[-55.4344,72.0597],[-55.2814,72.0656],[-55.411,72.0861],[-55.3854,72.1064],[-55.0889,72.1898],[-55.0647,72.2103],[-54.8835,72.2512],[-54.9467,72.2779],[-54.9518,72.2995],[-54.9033,72.3331],[-54.9321,72.3391],[-54.9518,72.3604],[-54.8829,72.3696],[-54.7779,72.3547],[-54.6849,72.3672],[-54.9083,72.3799],[-54.9729,72.4082],[-54.8835,72.4287],[-55.0216,72.4237],[-55.0201,72.4082],[-55.1299,72.3952],[-55.2241,72.3618],[-55.2875,72.3741],[-55.246,72.3952],[-55.2969,72.4124],[-55.3087,72.4287],[-55.3044,72.4609],[-55.317,72.4703],[-55.3337,72.4702],[-55.3575,72.4293],[-55.3422,72.4082],[-55.3968,72.4157],[-55.4831,72.3952],[-55.5709,72.4105],[-55.6513,72.4504],[-55.5121,72.5151],[-55.4591,72.5259],[-55.411,72.5106],[-55.2667,72.4986],[-55.123,72.5044],[-54.8882,72.4697],[-54.7395,72.484],[-54.561,72.4703],[-54.4242,72.4976],[-54.3243,72.4764],[-54.2939,72.484],[-54.4392,72.5132],[-54.5402,72.4976],[-54.7013,72.4989],[-54.7838,72.5161],[-54.8009,72.5522],[-54.8683,72.5207],[-55.0106,72.5217],[-55.0166,72.5355],[-54.9984,72.5706],[-54.9033,72.5938],[-54.9102,72.6075],[-54.6361,72.6223],[-54.6793,72.6374],[-54.7411,72.6265],[-54.8311,72.6359],[-54.8609,72.6428],[-54.8835,72.6757],[-54.791,72.6621],[-54.7723,72.6658],[-54.7538,72.6968],[-54.7142,72.7055],[-54.6273,72.6881],[-54.5887,72.6968],[-54.669,72.7258],[-54.7538,72.7378],[-54.7338,72.7536],[-54.667,72.7486],[-54.5266,72.7788],[-54.5875,72.8023],[-54.6302,72.779],[-54.7328,72.7592],[-54.8661,72.7646],[-54.9244,72.7856],[-54.8037,72.8131],[-54.6579,72.8138],[-54.6029,72.834],[-54.6703,72.8572],[-54.6877,72.9003],[-54.8146,72.9364],[-54.7818,72.9518],[-54.7873,72.9637],[-54.8487,72.9705],[-54.7811,72.9985],[-54.8733,73.0146],[-55.0288,72.9982],[-55.0542,73.0115],[-55.0157,73.0706],[-55.1667,73.0115],[-55.1981,73.036],[-55.2677,73.0525],[-55.3701,73.0463],[-55.4657,73.0729],[-55.6634,73.0574],[-55.6954,73.0695],[-55.7127,73.0872],[-55.6614,73.1237],[-55.4715,73.1098],[-55.4378,73.1214],[-55.4185,73.1481],[-55.3353,73.1828],[-55.4284,73.1773],[-55.4595,73.1896],[-55.4301,73.1962],[-55.1626,73.1822],[-55.1416,73.1904],[-55.1562,73.2175],[-55.2193,73.2238],[-55.2125,73.2443],[-55.3978,73.2468],[-55.4595,73.2654],[-55.39,73.3026],[-55.3336,73.3083],[-55.3148,73.3262],[-55.3701,73.3337],[-55.2497,73.392],[-55.1761,73.3625],[-55.0951,73.3542],[-55.0897,73.3679],[-55.143,73.4062],[-55.519,73.4726],[-55.5346,73.4844],[-55.526,73.4983],[-55.5348,73.5108],[-55.6652,73.585],[-55.7122,73.5656],[-55.7739,73.5848],[-55.7947,73.6005],[-55.7537,73.6148],[-55.7726,73.6269],[-55.8779,73.6148],[-55.9562,73.6209],[-56.0677,73.653],[-55.9509,73.6586],[-55.8431,73.6831],[-55.8905,73.6962],[-55.9959,73.6799],[-56.0411,73.6906],[-55.9114,73.7241],[-55.9523,73.7377],[-55.9625,73.7656],[-55.7342,73.7072],[-55.6517,73.7014],[-55.6127,73.7211],[-55.7469,73.7241],[-55.8189,73.7594],[-55.8083,73.7656],[-55.871,73.7861],[-55.9455,73.8612],[-55.6993,73.8414],[-55.6295,73.855],[-55.6448,73.8755],[-55.8849,73.9191],[-56.0072,73.9568],[-56.0815,73.9611],[-56.11,73.9704],[-56.11,73.9984],[-56.082,74.0053],[-56.1243,74.0121],[-56.0959,74.0208],[-55.9939,74.0121],[-55.9636,74.0179],[-55.9705,74.0271],[-56.3313,74.0445],[-56.3748,74.0677],[-56.4116,74.0673],[-56.2428,74.0931],[-56.1987,74.1213],[-56.299,74.1116],[-56.316,74.1213],[-56.248,74.1624],[-56.2602,74.1766],[-56.1714,74.1925],[-56.1636,74.2477],[-56.1243,74.2796],[-56.1796,74.2847],[-56.2569,74.2379],[-56.5633,74.165],[-57.3141,74.1027],[-57.3184,74.1192],[-57.2883,74.1424],[-57.0894,74.1424],[-57.1583,74.1766],[-57.0406,74.1715],[-56.9098,74.2007],[-56.703,74.2038],[-56.5829,74.2311],[-56.6034,74.2448],[-56.3219,74.2877],[-56.3017,74.3063],[-56.371,74.3127],[-56.5829,74.2926],[-56.5317,74.3248],[-56.6405,74.3289],[-56.7132,74.3478],[-56.5821,74.3498],[-56.5026,74.3673],[-56.1547,74.3691],[-56.1304,74.3889],[-56.1717,74.4099],[-56.5038,74.4162],[-56.5619,74.4041],[-56.7952,74.4509],[-56.6136,74.4509],[-56.2955,74.4844],[-56.1683,74.4775],[-56.1448,74.4919],[-56.2419,74.4977],[-56.2602,74.5124],[-56.255,74.5299],[-56.1919,74.5533],[-56.2218,74.5626],[-56.4219,74.5533],[-56.4808,74.5752],[-56.5715,74.5878],[-56.6034,74.6079],[-56.5006,74.6265],[-56.4731,74.6489],[-56.7023,74.6447],[-56.7679,74.6632],[-56.7546,74.6735],[-56.764,74.6791],[-56.8774,74.7116],[-56.9492,74.6987],[-56.97,74.6752],[-56.9916,74.6724],[-57.0279,74.6905],[-57.0143,74.6973],[-57.0758,74.7116],[-57.0348,74.7314],[-57.0547,74.7453],[-57.1583,74.7383],[-57.1304,74.7656],[-57.193,74.773],[-57.1146,74.8008],[-57.0458,74.7726],[-56.9872,74.7656],[-56.8679,74.8059],[-56.7952,74.814],[-56.855,74.8485],[-56.987,74.8546],[-57.0007,74.8681],[-56.9945,74.9034],[-57.0579,74.9219],[-57.2926,74.9074],[-57.3187,74.914],[-57.3382,74.9384],[-57.391,74.9443],[-57.3968,74.9569],[-57.5528,74.98],[-57.6942,75.0197],[-57.8468,75.0197],[-57.8778,75.0268],[-57.9051,75.0506],[-57.973,75.0593],[-58.1416,75.0518],[-58.1595,75.0673],[-58.1461,75.0838],[-58.077,75.0877],[-58.1315,75.1082],[-57.9227,75.1634],[-57.9395,75.1802],[-58.0123,75.1981],[-58.1691,75.1967],[-58.2414,75.2112],[-58.2468,75.228],[-58.3301,75.2522],[-58.324,75.2665],[-58.3894,75.2837],[-58.4394,75.3143],[-58.4286,75.3254],[-58.3509,75.3212],[-58.3028,75.3342],[-58.3649,75.3552],[-58.3464,75.3758],[-58.2476,75.403],[-58.3688,75.4108],[-58.432,75.3987],[-58.5175,75.3472],[-58.7001,75.3485],[-58.6595,75.3773],[-58.5268,75.4066],[-58.4176,75.4142],[-58.3498,75.4377],[-58.2067,75.444],[-58.2203,75.4583],[-58.1667,75.5004],[-58.1657,75.5197],[-58.1899,75.5344],[-58.4261,75.5661],[-58.3924,75.6075],[-58.3103,75.6433],[-58.3795,75.6601],[-58.5203,75.6492],[-58.5841,75.6637],[-58.5943,75.6798],[-58.5537,75.7008],[-58.4292,75.7026],[-58.4059,75.7189],[-58.4476,75.7314],[-58.7134,75.7353],[-59.0416,75.7014],[-59.0768,75.7115],[-59.0632,75.7189],[-59.0843,75.7258],[-59.057,75.7437],[-59.0675,75.7626],[-59.0989,75.7754],[-59.2079,75.76],[-59.2829,75.7661],[-59.2209,75.7836],[-59.2215,75.8009],[-59.2365,75.8132],[-59.3034,75.8145],[-59.2238,75.8362],[-59.1395,75.8419],[-59.1828,75.8736],[-59.2722,75.8801],[-59.5037,75.8668],[-59.6403,75.8124],[-59.6687,75.8288],[-59.7135,75.8034],[-59.7729,75.8014],[-59.8147,75.8195],[-59.7969,75.8419],[-59.6765,75.8975],[-59.6112,75.9032],[-59.5914,75.9169],[-59.7558,75.9722],[-59.844,75.9443],[-59.9164,75.9385],[-59.913,75.9238],[-59.9935,75.9291],[-60.0166,75.9374],[-59.9886,75.9654],[-60.1395,75.9858],[-60.0911,76.0131],[-60.1242,76.0319],[-60.4616,76.0336],[-60.4556,76.0538],[-60.5008,76.0674],[-60.7083,76.0005],[-60.7455,76.001],[-60.781,76.0259],[-60.8321,76.0336],[-60.8179,76.0541],[-60.8384,76.0541],[-60.8248,76.0815],[-60.9073,76.0815],[-60.8321,76.1156],[-60.8575,76.1275],[-60.8321,76.1435],[-60.9241,76.1657],[-61.0627,76.1516],[-61.2404,76.1774],[-61.4179,76.1815],[-61.4827,76.1705],[-61.6573,76.1829],[-61.7564,76.2033],[-61.8527,76.2024],[-61.9394,76.2392],[-62.1669,76.222],[-62.1952,76.2391],[-62.1474,76.2596],[-62.2668,76.2899],[-62.3395,76.2758],[-62.3758,76.2449],[-62.5807,76.268],[-62.7363,76.2573],[-62.7774,76.2391],[-62.729,76.2124],[-62.7917,76.1981],[-62.7774,76.2124],[-62.8531,76.2391],[-62.8524,76.254],[-62.8196,76.28],[-62.8492,76.3035],[-63.1715,76.362],[-63.264,76.3558],[-63.3673,76.3769],[-63.4974,76.3695],[-63.485,76.3395],[-63.5172,76.3103],[-63.593,76.2733],[-63.6483,76.2254],[-63.7506,76.1981],[-63.7257,76.1896],[-63.7287,76.178],[-64.0311,76.1361],[-64.0967,76.1457],[-64.1492,76.1721],[-64.1908,76.2114],[-64.2242,76.2596],[-64.1963,76.28],[-64.2242,76.2943],[-64.1691,76.3223],[-64.3214,76.3527],[-64.4291,76.349],[-64.3744,76.308],[-64.3949,76.2943],[-64.3738,76.2896],[-64.3812,76.2603],[-64.4642,76.2351],[-64.5511,76.2409],[-64.6444,76.2741],[-64.6718,76.2717],[-64.6898,76.2534],[-64.6708,76.2166],[-64.5746,76.1751],[-64.6832,76.1859],[-64.6966,76.1743],[-64.6829,76.1573],[-64.5941,76.1361],[-64.6996,76.1256],[-64.8519,76.1764],[-65.025,76.1777],[-64.9778,76.1361],[-64.9703,76.1156],[-64.9879,76.1063],[-65.0668,76.1374],[-65.2379,76.1361],[-65.2077,76.1814],[-65.3426,76.1758],[-65.3607,76.164],[-65.3197,76.1497],[-65.3607,76.1361],[-65.2999,76.0753],[-65.3631,76.0502],[-65.3545,76.0268],[-65.6623,76.0405],[-65.6425,76.0616],[-65.7104,76.0616],[-65.8889,76.1025],[-65.8575,76.1198],[-65.779,76.1278],[-65.7523,76.1435],[-65.7523,76.1845],[-65.7014,76.1855],[-65.6897,76.1981],[-65.7722,76.2124],[-65.5525,76.2391],[-65.6413,76.268],[-65.7401,76.2785],[-66.0237,76.2603],[-66.1366,76.2837],[-66.2073,76.2778],[-66.2042,76.2534],[-66.2189,76.2251],[-66.3544,76.1907],[-66.3198,76.1664],[-66.4097,76.1497],[-66.3695,76.1263],[-66.3656,76.1121],[-66.4137,76.0861],[-66.5189,76.0957],[-66.6291,76.1466],[-66.7363,76.1661],[-66.7591,76.1845],[-66.6697,76.2186],[-66.806,76.2202],[-66.8144,76.2391],[-66.9272,76.2665],[-67.0973,76.259],[-67.1588,76.2288],[-67.1086,76.205],[-67.2503,76.2045],[-67.2936,76.1907],[-67.2873,76.1845],[-67.3078,76.164],[-67.0574,76.1402],[-67.0124,76.1025],[-67.0602,76.0815],[-67.0349,76.0644],[-66.6894,76.0068],[-66.4981,75.9517],[-66.4513,75.9238],[-66.4884,75.9099],[-66.7465,75.9584],[-67.027,75.9722],[-67.0976,75.9895],[-68.1139,76.0568],[-68.1836,76.0753],[-68.4325,76.0794],[-68.5696,76.1175],[-68.4381,76.1435],[-68.4706,76.1628],[-68.7925,76.1668],[-68.746,76.1845],[-68.9315,76.2254],[-68.9237,76.2469],[-69.0994,76.2834],[-69.3844,76.3136],[-69.6373,76.3831],[-69.6209,76.3986],[-69.6236,76.4172],[-69.5773,76.4376],[-69.0795,76.5003],[-68.5541,76.3009],[-68.1857,76.3008],[-68.1856,76.5187],[-67.6429,76.5186],[-67.6428,76.6006],[-67.9865,76.6008]]],[[[-52.9029,69.3451],[-52.9348,69.3507],[-53.2065,69.3144],[-53.2842,69.2874],[-53.5129,69.2521],[-53.5522,69.2359],[-53.6396,69.2606],[-53.8446,69.265],[-53.8859,69.3091],[-53.9252,69.3222],[-54.1485,69.3378],[-54.2174,69.3631],[-54.2323,69.383],[-54.2733,69.4003],[-54.2544,69.426],[-54.2193,69.4345],[-54.246,69.4481],[-54.2247,69.4537],[-54.1433,69.4383],[-54.0074,69.4438],[-53.7987,69.4263],[-53.6619,69.4496],[-53.403,69.4392],[-53.3758,69.4481],[-53.5394,69.4543],[-53.5819,69.4761],[-53.5433,69.5209],[-53.473,69.567],[-53.3899,69.5712],[-53.3491,69.5854],[-53.5644,69.5689],[-53.6086,69.5512],[-53.5935,69.5315],[-53.6575,69.4866],[-53.8166,69.4586],[-53.8624,69.4687],[-53.7327,69.517],[-53.7647,69.5248],[-53.9394,69.4896],[-53.9996,69.5028],[-53.8811,69.5611],[-53.8829,69.5854],[-53.9301,69.6039],[-53.9881,69.6032],[-53.9796,69.5747],[-53.9933,69.558],[-54.13,69.5512],[-54.2733,69.5717],[-54.34,69.5617],[-54.7374,69.5891],[-54.8282,69.6195],[-54.8146,69.6406],[-54.9128,69.6568],[-54.9927,69.702],[-54.9654,69.7088],[-54.9751,69.7236],[-54.9635,69.7329],[-54.8928,69.7512],[-54.8009,69.743],[-54.6849,69.756],[-54.5813,69.7127],[-54.4931,69.702],[-54.4131,69.6743],[-54.3894,69.6815],[-54.4993,69.7287],[-54.5558,69.7381],[-54.6199,69.7736],[-54.8162,69.7936],[-54.9119,69.8206],[-54.932,69.8659],[-54.7941,69.8795],[-54.8487,69.9075],[-54.865,69.9434],[-54.7668,69.9695],[-54.6634,69.9735],[-54.6208,69.9583],[-54.246,69.9139],[-54.2249,69.9205],[-54.2935,69.9481],[-54.5117,69.9689],[-54.7613,70.0351],[-54.8319,70.0856],[-54.8419,70.175],[-54.8292,70.2008],[-54.7569,70.247],[-54.453,70.3133],[-54.3297,70.324],[-53.9034,70.2904],[-53.772,70.2608],[-53.4903,70.2425],[-53.3353,70.2059],[-53.266,70.2023],[-53.0315,70.119],[-52.9323,70.0439],[-52.7281,69.9287],[-52.3113,69.8436],[-51.9982,69.8051],[-51.9365,69.7771],[-51.9086,69.7428],[-51.9678,69.6877],[-52.0259,69.6741],[-51.8918,69.6401],[-51.8375,69.6436],[-51.8364,69.6318],[-52.0257,69.5203],[-52.1416,69.4773],[-52.9029,69.3451]]],[[[-51.2233,69.9143],[-51.015,69.9254],[-50.9018,69.8938],[-50.8039,69.9004],[-50.7782,69.8869],[-50.7994,69.8659],[-50.6805,69.8703],[-50.6622,69.8563],[-50.6619,69.8351],[-50.7911,69.7684],[-50.8266,69.7636],[-50.8744,69.7771],[-50.9621,69.7304],[-50.9715,69.7195],[-50.9637,69.6727],[-50.9872,69.6341],[-50.9511,69.5594],[-51.0467,69.5408],[-51.1161,69.5128],[-51.1675,69.5119],[-51.2454,69.5383],[-51.2375,69.5642],[-51.2856,69.6071],[-51.3227,69.6754],[-51.3868,69.7012],[-51.385,69.7119],[-51.3406,69.743],[-51.2641,69.7471],[-51.2717,69.7703],[-51.2167,69.8044],[-51.1195,69.8315],[-51.0048,69.8869],[-51.2121,69.843],[-51.3611,69.8529],[-51.2109,69.8884],[-51.1823,69.9075],[-51.2233,69.9143]]],[[[-52.4849,71.2643],[-52.6034,71.2373],[-52.6322,71.2195],[-52.6391,71.1786],[-52.6616,71.1684],[-52.9574,71.1544],[-53.1197,71.2128],[-53.1775,71.3276],[-53.1697,71.3463],[-52.9718,71.3872],[-52.4091,71.3537],[-52.3275,71.2984],[-52.352,71.2764],[-52.397,71.2665],[-52.4849,71.2643]]],[[[-53.8966,71.0825],[-53.9857,71.1177],[-53.9785,71.1476],[-53.9213,71.1876],[-53.6118,71.3217],[-53.4093,71.1749],[-53.3821,71.1366],[-53.384,71.1177],[-53.4224,71.0758],[-53.5124,71.0377],[-53.6677,71.0317],[-53.8966,71.0825]]],[[[-71.5763,77.3904],[-71.3904,77.4008],[-71.3435,77.3769],[-71.3771,77.3593],[-71.7035,77.3154],[-72.1318,77.3216],[-72.0975,77.339],[-72.5297,77.3904],[-72.5768,77.4116],[-72.5381,77.4295],[-72.3646,77.4457],[-72.3714,77.4525],[-72.3393,77.4604],[-72.2342,77.4587],[-72.1933,77.4457],[-72.1318,77.4525],[-71.7541,77.4161],[-71.6774,77.4252],[-71.5763,77.3904]]],[[[-55.7394,72.6142],[-55.8493,72.6142],[-55.8346,72.6394],[-55.791,72.6658],[-55.6363,72.689],[-55.6097,72.7099],[-55.6072,72.759],[-55.5083,72.7672],[-55.4042,72.7856],[-55.378,72.8043],[-55.2466,72.8198],[-55.1407,72.7999],[-55.1094,72.8061],[-55.1995,72.8173],[-55.2329,72.8402],[-55.1988,72.847],[-54.9846,72.8233],[-54.9654,72.8123],[-55.0685,72.7788],[-55.0907,72.7358],[-55.2238,72.7119],[-55.2808,72.6862],[-55.2943,72.6552],[-55.3573,72.6317],[-55.3701,72.6142],[-55.3671,72.5899],[-55.3964,72.5878],[-55.3968,72.6075],[-55.4268,72.6164],[-55.4662,72.5834],[-55.5411,72.5556],[-55.5892,72.587],[-55.48,72.6142],[-55.5892,72.6205],[-55.6481,72.6537],[-55.6717,72.6484],[-55.6931,72.6196],[-55.7394,72.6142]]],[[[-70.3566,77.4178],[-70.1291,77.4155],[-70.055,77.4041],[-70.2455,77.3858],[-71.0799,77.3778],[-71.1403,77.3939],[-71.1966,77.43],[-71.3026,77.4525],[-70.9736,77.4608],[-70.8987,77.4735],[-70.3566,77.4178]]],[[[-55.048,72.3188],[-55.0275,72.2995],[-55.0889,72.3126],[-55.1299,72.2717],[-55.2193,72.2512],[-55.2671,72.2065],[-55.3761,72.1672],[-55.4862,72.1487],[-55.5551,72.1754],[-55.6829,72.19],[-55.6717,72.217],[-55.6376,72.2333],[-55.4346,72.268],[-55.4357,72.2807],[-55.4599,72.2831],[-55.6029,72.2779],[-55.6272,72.2834],[-55.6239,72.3026],[-55.4185,72.2921],[-55.3066,72.3256],[-55.1998,72.3352],[-55.133,72.3741],[-55.0132,72.3815],[-55.027,72.3268],[-55.048,72.3188]]],[[[-53.2939,71.5386],[-53.4372,71.5585],[-53.4783,71.6553],[-53.3987,71.6744],[-53.1394,71.6711],[-53.0555,71.6593],[-52.9948,71.6678],[-52.7595,71.6615],[-52.9093,71.6096],[-53.0736,71.5866],[-53.1015,71.5722],[-53.0982,71.5523],[-53.1125,71.541],[-53.2294,71.5302],[-53.2939,71.5386]]],[[[-56.1271,73.8271],[-56.2468,73.7924],[-56.317,73.7866],[-56.3485,73.7899],[-56.357,73.8066],[-56.316,73.8339],[-56.3353,73.8399],[-56.6587,73.8188],[-56.6928,73.8414],[-56.6313,73.8612],[-56.6571,73.8791],[-56.7448,73.8684],[-56.7748,73.8823],[-56.6239,73.9233],[-55.9849,73.8559],[-55.9546,73.833],[-55.9659,73.814],[-55.9984,73.8052],[-56.1271,73.8271]]],[[[-52.3511,68.6425],[-52.3713,68.6573],[-52.4196,68.6616],[-52.6694,68.6183],[-52.7353,68.6257],[-52.9366,68.6057],[-53.1219,68.5711],[-53.0657,68.6301],[-53.0257,68.6425],[-52.8258,68.6549],[-52.7657,68.6667],[-52.8483,68.6741],[-52.6325,68.7004],[-52.6496,68.7151],[-52.5261,68.7151],[-52.5398,68.7014],[-52.2589,68.7077],[-52.2269,68.7195],[-52.1283,68.7077],[-52.2049,68.6951],[-52.3259,68.6337],[-52.3511,68.6425]]],[[[-51.8166,70.9421],[-51.6695,70.8944],[-51.5658,70.8797],[-51.5938,70.8596],[-51.6654,70.8455],[-51.9302,70.8664],[-52.0952,70.8607],[-52.1425,70.8732],[-52.1614,70.8917],[-52.1357,70.9527],[-52.1139,70.9696],[-52.0645,70.9786],[-51.9383,70.9743],[-51.8166,70.9421]]],[[[-56.5182,74.4948],[-57.0939,74.4885],[-57.1952,74.4733],[-57.5095,74.4814],[-57.5562,74.498],[-56.8478,74.5387],[-56.7129,74.5607],[-56.6195,74.552],[-56.5277,74.5328],[-56.5488,74.5198],[-56.4669,74.5124],[-56.5182,74.4948]]],[[[-55.6097,73.036],[-55.5209,73.0525],[-55.1593,72.9977],[-55.1004,72.9806],[-55.0685,72.9569],[-55.1336,72.9324],[-55.2997,72.9222],[-55.3291,72.9296],[-55.3164,72.9453],[-55.3558,72.9705],[-55.3558,72.9985],[-55.4032,72.9666],[-55.5005,72.9501],[-55.6923,72.9985],[-55.6097,73.036]]],[[[-55.8021,72.6894],[-55.8772,72.7099],[-55.8568,72.7167],[-55.9031,72.7235],[-55.9386,72.703],[-55.8977,72.6621],[-55.9728,72.6757],[-56.0622,72.6552],[-56.1782,72.6689],[-56.226,72.7099],[-56.1272,72.7131],[-55.9728,72.7446],[-56.0001,72.7651],[-55.972,72.7731],[-55.7469,72.7856],[-55.7439,72.7695],[-55.6848,72.7856],[-55.6402,72.7759],[-55.6909,72.7646],[-55.6976,72.7554],[-55.6848,72.7446],[-55.7262,72.7028],[-55.8021,72.6894]]],[[[-69.4967,76.5923],[-69.4679,76.5794],[-69.4945,76.5622],[-69.6777,76.5338],[-70.0138,76.5566],[-70.0345,76.5681],[-69.9811,76.5908],[-69.5568,76.614],[-69.4967,76.5923]]],[[[-55.6869,71.9172],[-55.561,71.9336],[-55.4636,71.9177],[-55.411,71.8942],[-55.4491,71.8629],[-55.5609,71.8214],[-55.6981,71.8327],[-55.8083,71.8813],[-55.7871,71.8999],[-55.6869,71.9172]]],[[[-53.0981,68.4544],[-53.0024,68.4315],[-52.9718,68.4408],[-53.0506,68.4786],[-53.0499,68.4908],[-52.9923,68.4954],[-52.9661,68.487],[-52.9285,68.4497],[-52.9029,68.4544],[-52.9097,68.4612],[-52.874,68.4521],[-52.8545,68.424],[-52.9503,68.3686],[-53.0918,68.361],[-53.1149,68.3645],[-53.1151,68.3793],[-53.2079,68.3998],[-53.2096,68.426],[-53.225,68.4339],[-53.0981,68.4544]]],[[[-56.0311,73.5705],[-56.0076,73.5606],[-55.9678,73.5782],[-55.9455,73.5739],[-55.899,73.54],[-55.6234,73.4914],[-55.5824,73.464],[-55.4903,73.4527],[-55.4725,73.4299],[-55.5897,73.416],[-55.6097,73.3951],[-55.5892,73.3815],[-55.637,73.3815],[-55.6746,73.4025],[-55.7537,73.3951],[-55.7355,73.4137],[-55.6476,73.4193],[-55.6402,73.4374],[-55.6985,73.4497],[-55.6643,73.4844],[-55.7524,73.4641],[-55.7804,73.4709],[-55.7841,73.4844],[-55.8858,73.5003],[-55.8977,73.5124],[-55.871,73.5186],[-55.8979,73.5296],[-55.9939,73.5255],[-56.1168,73.5596],[-56.0721,73.5777],[-56.0311,73.5705]]],[[[-54.719,70.3798],[-54.9265,70.3747],[-54.9975,70.4113],[-55.0275,70.4863],[-54.7987,70.458],[-54.6821,70.414],[-54.6542,70.3829],[-54.719,70.3798]]],[[[-51.9569,68.6357],[-51.9408,68.6467],[-51.8234,68.6373],[-51.8068,68.6257],[-51.895,68.6254],[-51.9228,68.6195],[-51.9043,68.6045],[-52.1149,68.5643],[-52.2074,68.5886],[-52.3593,68.5831],[-52.4091,68.5643],[-52.4237,68.5906],[-52.4012,68.6169],[-52.3002,68.6195],[-52.1766,68.6462],[-52.0326,68.6257],[-52.1146,68.5978],[-52.0736,68.5848],[-51.9647,68.619],[-51.9569,68.6357]]],[[[-66.7756,80.5986],[-66.9129,80.619],[-66.9528,80.6348],[-66.9827,80.6716],[-66.8054,80.667],[-66.588,80.6198],[-66.6006,80.6087],[-66.7756,80.5986]]],[[[-51.6631,70.723],[-51.5051,70.6746],[-51.5338,70.655],[-51.5834,70.6581],[-51.8613,70.723],[-51.8473,70.7436],[-51.8204,70.7504],[-51.6631,70.723]]]]}},{"type":"Feature","id":"Qeqqata","properties":{"id":"Qeqqata","iso_code":"GL-QE","name":"Qeqqata","name_full":"Qeqqata","name_ja":"ケカッタ","center_lonlat":[-48.7557,66.4358]},"geometry":{"type":"MultiPolygon","coordinates":[[[[-52.0237,64.5939],[-52.0259,64.6105],[-52.064,64.5855],[-52.093,64.5891],[-52.11,64.5718],[-52.1414,64.5783],[-52.1649,64.6076],[-52.1615,64.6324],[-52.0938,64.6109],[-52.0497,64.6136],[-52.0451,64.6253],[-52.1234,64.6452],[-52.1344,64.6737],[-52.1562,64.6788],[-52.1324,64.7128],[-52.0578,64.7397],[-51.9787,64.7374],[-51.9346,64.7868],[-51.8954,64.7857],[-51.8893,64.7949],[-51.9092,64.7949],[-51.8748,64.8249],[-51.7384,64.8576],[-51.6832,64.8576],[-51.6081,64.8911],[-51.5699,64.8637],[-51.5316,64.8691],[-51.4387,64.928],[-51.4178,64.956],[-51.2899,64.994],[-51.245,65.0214],[-51.2718,65.0331],[-51.3512,65.0009],[-51.4225,65.0077],[-51.4334,64.9997],[-51.3884,64.9866],[-51.4571,64.972],[-51.5833,64.9119],[-51.7037,64.8911],[-51.6751,64.9085],[-51.6695,64.9184],[-51.6855,64.9267],[-51.649,64.973],[-51.5782,64.9749],[-51.5528,64.9941],[-51.6927,65.0259],[-51.7373,64.9748],[-51.731,64.9599],[-51.7923,64.946],[-51.8409,64.9122],[-51.7992,64.9103],[-51.7577,64.8637],[-51.7999,64.8576],[-51.7856,64.8706],[-51.8373,64.8911],[-51.8702,64.8755],[-51.8675,64.8432],[-51.9402,64.8159],[-52.1053,64.7986],[-52.0668,64.8227],[-51.9917,64.8395],[-51.9439,64.8774],[-52.0221,64.8985],[-52.0573,64.9237],[-52.0736,64.9122],[-52.0436,64.8808],[-52.0792,64.8492],[-52.1835,64.8023],[-52.2242,64.8217],[-52.2176,64.8358],[-52.18,64.8432],[-52.1562,64.8637],[-52.2163,64.8835],[-52.2177,64.9119],[-52.0641,64.9491],[-52.0122,64.9804],[-52.1016,64.9866],[-52.0763,65.0135],[-52.0821,65.021],[-52.1609,65.0044],[-52.191,65.0276],[-52.163,65.0493],[-52.2786,65.0788],[-52.2729,65.1039],[-52.2311,65.1132],[-52.1558,65.1028],[-52.1016,65.1238],[-52.1767,65.129],[-52.204,65.1784],[-52.1562,65.2001],[-52.0048,65.3162],[-52.0569,65.3041],[-52.1752,65.2227],[-52.276,65.2001],[-52.3096,65.2169],[-52.2225,65.2585],[-52.1986,65.2846],[-52.2176,65.2957],[-52.1951,65.324],[-52.2319,65.3298],[-52.3201,65.2883],[-52.3379,65.3132],[-52.3275,65.3435],[-52.35,65.3359],[-52.379,65.2786],[-52.4442,65.2138],[-52.5347,65.1923],[-52.4442,65.2752],[-52.464,65.282],[-52.4503,65.2957],[-52.4696,65.3022],[-52.5124,65.2883],[-52.567,65.3162],[-52.5472,65.3392],[-52.3818,65.3991],[-52.2319,65.4261],[-52.1526,65.4653],[-51.9817,65.4949],[-51.8661,65.5422],[-51.8409,65.5769],[-51.8122,65.5862],[-51.7168,65.59],[-51.8033,65.6104],[-51.8824,65.6076],[-51.9029,65.6241],[-51.6881,65.7048],[-51.4914,65.7408],[-51.1283,65.7612],[-51.0723,65.7526],[-50.9833,65.7652],[-50.7405,65.6829],[-50.5318,65.693],[-50.5524,65.7134],[-50.7723,65.6987],[-50.7926,65.7203],[-50.6622,65.734],[-50.6895,65.7408],[-50.6827,65.7551],[-50.768,65.7604],[-50.8151,65.7561],[-50.8409,65.7408],[-50.943,65.7824],[-51.043,65.7736],[-51.2522,65.7947],[-51.441,65.7725],[-51.916,65.6619],[-51.9378,65.6601],[-51.9701,65.6782],[-51.9917,65.6725],[-51.9336,65.6047],[-51.9365,65.5769],[-51.9169,65.5703],[-51.9312,65.5564],[-51.9943,65.5219],[-52.0903,65.498],[-52.18,65.5012],[-52.235,65.4596],[-52.2967,65.4417],[-52.3905,65.4383],[-52.4913,65.3919],[-52.5465,65.4323],[-52.4913,65.467],[-52.4988,65.4739],[-52.4442,65.5179],[-52.4803,65.5161],[-52.5631,65.4721],[-52.6012,65.4739],[-52.6142,65.4898],[-52.567,65.508],[-52.6087,65.5285],[-52.481,65.6243],[-52.4709,65.6725],[-52.5267,65.6315],[-52.5465,65.6011],[-52.5868,65.5862],[-52.6217,65.549],[-52.6974,65.5012],[-52.7917,65.5347],[-52.8009,65.5519],[-52.7868,65.5769],[-52.7306,65.5857],[-52.6633,65.6179],[-52.7664,65.5937],[-52.8004,65.5967],[-52.7751,65.612],[-52.5465,65.6793],[-52.5729,65.6865],[-52.7725,65.6384],[-52.7556,65.6723],[-52.6422,65.7134],[-52.6906,65.7203],[-52.6788,65.7537],[-52.68,65.7902],[-52.6934,65.8073],[-52.7582,65.7126],[-52.7869,65.6841],[-52.824,65.6725],[-52.8756,65.693],[-53.0011,65.6662],[-53.2392,65.6862],[-53.1493,65.7277],[-53.018,65.7437],[-52.8545,65.8022],[-52.8778,65.8088],[-53.1107,65.7474],[-53.2394,65.7399],[-53.2626,65.7517],[-53.2175,65.7551],[-53.1633,65.7802],[-53.0195,65.8159],[-53.0885,65.8159],[-53.0331,65.864],[-52.8892,65.8916],[-52.8323,65.8791],[-52.8141,65.8848],[-52.834,65.8984],[-52.8136,65.913],[-52.694,65.9394],[-52.5668,65.899],[-52.3382,65.8746],[-52.2992,65.8371],[-52.2773,65.8601],[-52.2176,65.8779],[-52.2612,65.8953],[-52.2621,65.9142],[-52.2357,65.9354],[-51.9774,66.0036],[-51.8872,65.9955],[-51.7399,65.9306],[-51.7112,65.9394],[-51.8613,66.0219],[-51.731,66.0759],[-52.2107,65.9898],[-52.3033,65.9052],[-52.5343,65.9099],[-52.5943,65.9584],[-52.5193,65.994],[-52.5764,66.008],[-52.715,65.9604],[-52.8021,65.9948],[-52.78,65.9468],[-52.9669,65.8959],[-53.181,65.8598],[-53.2318,65.8711],[-53.2188,65.8896],[-53.1426,65.8893],[-53.266,65.9196],[-52.8749,66.0219],[-52.921,66.0367],[-53.2591,65.9394],[-53.2523,65.953],[-53.2996,65.9549],[-53.3588,65.9326],[-53.4252,65.9455],[-53.472,65.9809],[-53.3895,66.0076],[-53.297,66.0015],[-53.1077,66.0219],[-53.1581,66.0307],[-53.3144,66.0151],[-53.2939,66.0356],[-53.4271,66.0223],[-53.4646,66.0356],[-53.3821,66.0783],[-52.9967,66.1718],[-52.7394,66.2622],[-52.7003,66.3243],[-52.4834,66.3893],[-52.361,66.4403],[-52.2406,66.4497],[-52.0531,66.4875],[-51.9779,66.4881],[-51.9644,66.5011],[-52.0248,66.5131],[-52.0251,66.5356],[-51.8747,66.642],[-51.615,66.7036],[-51.4454,66.7078],[-51.43,66.7209],[-51.525,66.7419],[-51.3668,66.7962],[-51.2834,66.8449],[-51.1823,66.8511],[-51.1004,66.8376],[-51.1488,66.8642],[-51.1163,66.8806],[-50.8931,66.8301],[-50.6554,66.8511],[-50.5678,66.8339],[-50.364,66.8293],[-50.3332,66.845],[-50.597,66.858],[-50.6786,66.8754],[-50.7347,66.8508],[-50.7797,66.8515],[-51.0116,66.9057],[-50.964,66.9357],[-50.6827,67.0089],[-50.3006,66.9951],[-50.1321,66.9674],[-49.9974,66.9815],[-50.1018,66.9962],[-50.2002,66.9914],[-50.2906,67.0126],[-50.4804,67.0003],[-50.6343,67.015],[-50.5597,67.043],[-50.2848,67.0703],[-50.3193,67.0786],[-50.5942,67.0421],[-50.7434,67.0035],[-50.896,66.9929],[-51.0958,66.9307],[-51.1747,66.9279],[-51.214,66.907],[-51.3201,66.8859],[-51.3975,66.8493],[-51.4934,66.8315],[-51.7135,66.7237],[-51.9708,66.6621],[-52.1398,66.5176],[-52.3002,66.4813],[-52.7192,66.3487],[-52.8852,66.2488],[-53.0058,66.2],[-53.3537,66.1121],[-53.4509,66.1039],[-53.6502,66.1243],[-53.4857,66.1585],[-53.6632,66.1386],[-53.5836,66.1915],[-53.5819,66.2138],[-53.5297,66.2332],[-53.327,66.2509],[-53.1219,66.2895],[-53.3144,66.2895],[-53.565,66.2462],[-53.626,66.2516],[-53.657,66.2752],[-53.6365,66.3031],[-53.649,66.3215],[-53.6888,66.3274],[-53.6953,66.3588],[-53.657,66.4123],[-53.6364,66.4051],[-53.5668,66.4558],[-53.4987,66.4744],[-53.5283,66.481],[-53.5662,66.4676],[-53.6432,66.4179],[-53.651,66.442],[-53.642,66.4604],[-53.5881,66.4813],[-53.6365,66.5011],[-53.623,66.509],[-53.5194,66.5283],[-53.3964,66.5285],[-53.368,66.5419],[-53.2113,66.5222],[-53.3553,66.5222],[-53.296,66.5028],[-53.201,66.4932],[-52.9514,66.5447],[-52.8309,66.5501],[-52.7867,66.5381],[-52.4573,66.5222],[-52.4162,66.5501],[-52.4578,66.5587],[-52.6149,66.5501],[-52.8053,66.5629],[-52.8203,66.5768],[-52.9885,66.5768],[-53.1219,66.5501],[-53.2264,66.5522],[-53.41,66.5714],[-53.4311,66.5843],[-53.3428,66.5977],[-53.3274,66.6184],[-53.4857,66.611],[-53.4311,66.6252],[-53.4578,66.6383],[-53.2593,66.6982],[-53.0967,66.689],[-53.0541,66.6729],[-52.8335,66.6899],[-52.766,66.7072],[-52.6675,66.693],[-52.5807,66.7072],[-52.597,66.7214],[-52.5876,66.7419],[-52.6701,66.7351],[-52.7884,66.7465],[-52.9848,66.7072],[-53.1356,66.7209],[-53.2045,66.7481],[-53.0461,66.7428],[-52.9856,66.7568],[-52.8157,66.7584],[-52.6955,66.7794],[-52.649,66.801],[-52.6807,66.8335],[-52.793,66.8096],[-52.8616,66.8232],[-52.9331,66.8165],[-53.0923,66.7663],[-53.1077,66.7724],[-53.0537,66.8028],[-53.0885,66.8171],[-53.0021,66.8551],[-52.8766,66.8366],[-52.8749,66.858],[-52.4884,66.8546],[-52.2953,66.815],[-52.2542,66.8227],[-52.2319,66.845],[-52.328,66.8395],[-52.4117,66.8728],[-52.464,66.8785],[-52.2927,66.8996],[-52.3064,66.9057],[-52.2927,66.9269],[-52.3646,66.9149],[-52.4988,66.9194],[-52.4885,66.9356],[-52.505,66.9461],[-52.4503,66.9815],[-52.4888,66.9792],[-52.6032,66.912],[-52.7998,66.8922],[-52.8824,66.9126],[-53.0674,66.9126],[-53.0611,66.9269],[-53.0958,66.932],[-53.647,66.9116],[-53.6843,66.9194],[-53.6502,66.9399],[-53.7718,66.9568],[-53.8284,66.9843],[-53.8177,66.9946],[-53.6365,66.9815],[-53.4239,66.9946],[-53.3144,66.9815],[-53.2175,66.9946],[-53.2516,67.0054],[-53.5602,67.015],[-53.6154,66.9946],[-53.6905,67.015],[-53.7753,67.0178],[-53.8149,67.027],[-53.814,67.0498],[-53.8294,67.0639],[-53.7389,67.0777],[-53.5887,67.0703],[-53.4298,67.0954],[-53.3978,67.1125],[-53.5539,67.0908],[-53.9649,67.0777],[-53.9381,67.0976],[-53.9649,67.1044],[-53.9034,67.1187],[-53.9239,67.1249],[-53.8898,67.1392],[-53.9239,67.1454],[-53.9069,67.1534],[-53.8624,67.1528],[-53.8407,67.1761],[-53.7117,67.1923],[-53.4119,67.1964],[-53.3827,67.2069],[-53.5345,67.2093],[-53.5881,67.2211],[-53.5215,67.2414],[-53.4202,67.2316],[-53.3144,67.2477],[-53.0742,67.2553],[-53.0058,67.2757],[-52.9302,67.2695],[-52.5804,67.3242],[-52.4982,67.3105],[-52.4176,67.3406],[-52.1907,67.3719],[-52.1493,67.372],[-52.049,67.3422],[-51.5528,67.331],[-51.4612,67.3029],[-51.4099,67.2436],[-51.3747,67.228],[-51.2771,67.1474],[-51.1761,67.1249],[-51.0023,67.1434],[-50.8285,67.1828],[-50.6696,67.1932],[-50.4181,67.1744],[-50.3468,67.1938],[-50.4321,67.1956],[-50.5247,67.228],[-50.8292,67.1988],[-51.1131,67.1394],[-51.1823,67.1454],[-51.3664,67.2473],[-51.4394,67.3308],[-51.5218,67.3505],[-51.5039,67.3708],[-51.2649,67.3856],[-51.1497,67.4085],[-51.1147,67.4265],[-51.9735,67.3598],[-52.1493,67.4061],[-53.1137,67.2801],[-53.2318,67.2962],[-53.1704,67.344],[-53.1885,67.3432],[-53.251,67.3271],[-53.3448,67.2796],[-53.509,67.2732],[-53.7669,67.2066],[-53.8079,67.2069],[-53.7731,67.228],[-53.7939,67.2346],[-53.8767,67.2348],[-53.8414,67.2477],[-53.8829,67.2621],[-53.8578,67.2924],[-53.873,67.3193],[-53.8351,67.331],[-53.8578,67.3496],[-53.8496,67.3666],[-53.7936,67.3924],[-53.8215,67.4061],[-53.8057,67.4186],[-53.7042,67.4613],[-53.6748,67.4609],[-53.5758,67.4975],[-53.3861,67.5296],[-53.3118,67.5623],[-53.1258,67.5903],[-53.1015,67.5979],[-53.1367,67.606],[-53.2069,67.5837],[-53.2392,67.5904],[-53.119,67.6341],[-52.991,67.6541],[-52.9097,67.6872],[-52.9899,67.6802],[-53.0575,67.6569],[-53.1077,67.6594],[-53.0477,67.6958],[-52.9005,67.727],[-52.8203,67.7282],[-52.7452,67.7077],[-52.598,67.7189],[-52.5329,67.7419],[-52.7539,67.7311],[-52.8277,67.7419],[-52.643,67.7512],[-52.5541,67.7692],[-52.4091,67.7692],[-52.1193,67.6991],[-52.0873,67.7003],[-52.0811,67.722],[-52.0621,67.7211],[-51.8887,67.6702],[-51.8893,67.6457],[-51.8641,67.6359],[-51.7545,67.6326],[-51.5324,67.6594],[-51.4036,67.6584],[-51.3816,67.6667],[-51.4157,67.6804],[-51.348,67.6795],[-51.0184,67.5941],[-50.9619,67.5926],[-50.8031,67.522],[-50.6931,67.4941],[-50.5597,67.4811],[-50.4838,67.4948],[-50.1966,67.4675],[-50.2029,67.4811],[-50.1738,67.4931],[-50.1038,67.5056],[-49.9318,67.5099],[-49.7671,67.544],[-49.4121,67.55],[-44.0,67.55],[-44.0,65.365],[-49.9953,65.3656],[-50.1786,65.3478],[-50.3188,65.3188],[-50.5424,65.2528],[-50.7232,65.1841],[-50.6895,65.2064],[-50.7373,65.2064],[-50.8875,65.1518],[-50.9548,65.2141],[-50.9844,65.2138],[-50.9413,65.1291],[-50.8875,65.1101],[-50.9427,65.0828],[-50.8817,65.0694],[-50.8744,65.0524],[-50.8875,64.9835],[-50.8322,64.9868],[-50.8644,64.9643],[-50.9783,64.944],[-50.9823,64.9286],[-51.0504,64.9008],[-51.2143,64.9035],[-51.4607,64.8753],[-51.4681,64.8431],[-51.4496,64.831],[-51.5351,64.8051],[-51.5406,64.7963],[-51.5248,64.7798],[-51.6012,64.7564],[-51.6441,64.7078],[-51.6931,64.6807],[-51.7067,64.6455],[-51.7329,64.6295],[-52.0237,64.5939]]],[[[-52.9376,65.6588],[-52.8596,65.6562],[-52.8483,65.6418],[-52.8531,65.6242],[-52.8808,65.5985],[-52.9544,65.566],[-53.0371,65.5433],[-53.1657,65.5603],[-53.2308,65.6022],[-53.1754,65.6308],[-52.9376,65.6588]]]]}},{"type":"Feature","id":"Sermersooq","properties":{"id":"Sermersooq","iso_code":"GL-SM","name":"Sermersooq","name_full":"Sermersooq","name_ja":"セルメルソーク","center_lonlat":[-39.1822,67.2619]},"geometry":{"type":"MultiPolygon","coordinates":[[[[-27.9129,71.1163],[-27.7897,71.0225],[-27.698,71.0051],[-27.6378,70.9763],[-27.6182,70.9538],[-27.7054,70.9421],[-27.8426,70.9763],[-27.9558,70.9763],[-28.0172,70.9968],[-28.183,70.9743],[-28.2913,70.9968],[-28.3976,70.9813],[-28.4111,70.9688],[-28.107,70.9393],[-28.0677,70.9224],[-28.0616,70.8944],[-27.9936,70.8991],[-27.9209,70.8813],[-27.9209,70.8681],[-27.9742,70.8167],[-28.0105,70.7398],[-28.1505,70.6479],[-28.2401,70.6268],[-28.336,70.6262],[-28.3153,70.6086],[-28.2398,70.5995],[-28.3103,70.5639],[-28.4167,70.5412],[-28.5415,70.5381],[-28.5964,70.5176],[-28.7162,70.5238],[-29.036,70.4797],[-29.0765,70.463],[-29.1986,70.4687],[-29.2225,70.4616],[-29.2335,70.4418],[-29.1796,70.4214],[-29.2062,70.3941],[-29.1106,70.3941],[-28.9794,70.4199],[-28.9364,70.4433],[-28.7879,70.4698],[-28.5736,70.4744],[-28.4936,70.5048],[-28.2814,70.5107],[-28.3217,70.4971],[-28.3013,70.4766],[-28.3488,70.434],[-28.3251,70.407],[-28.2329,70.372],[-27.1836,70.4567],[-27.0638,70.4422],[-26.9056,70.4546],[-26.7433,70.4841],[-26.5292,70.4742],[-26.3213,70.3798],[-26.3634,70.3598],[-26.4459,70.3515],[-26.4516,70.332],[-26.6986,70.2904],[-26.8537,70.301],[-26.9718,70.3287],[-27.1387,70.2719],[-27.2951,70.2501],[-27.4353,70.176],[-27.7035,70.1354],[-27.8187,70.0989],[-27.904,70.0924],[-28.1079,70.1437],[-28.2541,70.1453],[-28.3154,70.1356],[-28.4249,70.0932],[-28.5899,70.0924],[-28.5603,70.0597],[-28.5142,70.044],[-28.2268,70.0714],[-28.1027,70.0714],[-27.9661,70.0105],[-27.8041,70.039],[-27.5533,70.0597],[-27.5196,70.0375],[-27.5248,69.9817],[-27.4736,69.9598],[-27.3097,69.9777],[-27.1884,70.089],[-27.1799,70.1029],[-27.1983,70.1266],[-27.1771,70.1544],[-27.1853,70.1675],[-27.0748,70.2085],[-27.005,70.2007],[-26.8836,70.2569],[-26.6352,70.2509],[-26.5364,70.2122],[-26.3262,70.1983],[-25.9824,70.2778],[-25.9059,70.3074],[-25.3053,70.4132],[-25.2132,70.4088],[-25.2035,70.3983],[-25.2388,70.3798],[-25.3958,70.3593],[-25.2729,70.3593],[-25.3264,70.338],[-25.3483,70.3144],[-25.355,70.3032],[-25.3249,70.2783],[-25.2193,70.2799],[-25.1838,70.3132],[-25.0587,70.3614],[-25.0009,70.3656],[-24.9248,70.3451],[-24.8889,70.2991],[-24.8192,70.3247],[-24.4847,70.247],[-24.4716,70.2221],[-24.0343,70.1851],[-23.9864,70.1591],[-23.8634,70.1337],[-23.7971,70.1506],[-23.5598,70.1129],[-22.3717,70.1151],[-22.2101,70.1496],[-22.1097,70.1552],[-22.0771,70.1303],[-22.1614,70.0714],[-22.38,69.9713],[-22.4013,69.9726],[-22.4287,70.0061],[-22.4661,70.0129],[-22.4829,69.9813],[-22.5491,69.978],[-22.5661,69.9453],[-22.5824,69.9389],[-22.7366,69.9468],[-22.7784,69.9279],[-22.7995,69.9348],[-22.7784,69.9553],[-22.8813,69.9627],[-22.9292,69.9313],[-22.9158,69.9169],[-22.7716,69.8938],[-22.8057,69.8795],[-22.9156,69.8938],[-23.0062,69.9426],[-23.0384,69.9446],[-23.0936,69.9205],[-23.0452,69.8938],[-23.0467,69.8736],[-23.1969,69.8806],[-23.2413,69.8776],[-23.2787,69.8597],[-22.9759,69.8411],[-22.9095,69.8134],[-22.9244,69.791],[-22.9989,69.7656],[-23.1073,69.7703],[-23.1776,69.7884],[-23.2613,69.8405],[-23.3343,69.8615],[-23.3893,69.8526],[-23.3367,69.8422],[-23.2915,69.8159],[-23.2438,69.7535],[-23.3478,69.7621],[-23.6316,69.7327],[-23.9298,69.756],[-23.703,69.7181],[-23.6632,69.6903],[-23.6471,69.6567],[-23.5797,69.6263],[-23.7311,69.6058],[-23.6212,69.5921],[-23.6469,69.5643],[-23.6897,69.5465],[-23.8142,69.5123],[-23.9379,69.5354],[-23.9639,69.5779],[-24.0034,69.5942],[-24.0375,69.5586],[-24.0651,69.5578],[-24.3338,69.606],[-24.3549,69.5996],[-24.2081,69.554],[-24.1147,69.5443],[-24.0857,69.5187],[-24.0737,69.486],[-24.0836,69.4746],[-24.1557,69.4761],[-24.1352,69.4543],[-24.1495,69.4414],[-24.0942,69.4283],[-24.1332,69.4175],[-24.2655,69.4481],[-24.3679,69.4481],[-24.3419,69.435],[-24.3463,69.4181],[-24.4483,69.3621],[-24.5126,69.373],[-24.4716,69.3861],[-24.4913,69.3917],[-24.5809,69.3861],[-24.6613,69.3996],[-24.6833,69.4078],[-24.6964,69.4304],[-24.735,69.4337],[-24.7589,69.4078],[-24.7515,69.4003],[-24.6424,69.3556],[-24.615,69.3184],[-24.7659,69.2979],[-24.7361,69.2848],[-24.6491,69.2905],[-24.6151,69.2801],[-24.6361,69.2563],[-24.6755,69.2446],[-24.8142,69.2427],[-24.7931,69.2631],[-24.9071,69.2663],[-25.1016,69.3041],[-25.191,69.2837],[-25.2148,69.2702],[-25.1978,69.2495],[-25.2585,69.2528],[-25.2809,69.2376],[-25.0229,69.225],[-24.9843,69.2011],[-24.9972,69.186],[-24.9918,69.1669],[-25.1159,69.1471],[-25.0395,69.1328],[-25.0775,69.1098],[-25.212,69.1233],[-25.2506,69.1458],[-25.3275,69.1328],[-25.2114,69.0646],[-25.2413,69.0382],[-25.2934,69.0373],[-25.286,69.0236],[-25.3545,69.0383],[-25.3713,69.0525],[-25.3486,69.0646],[-25.48,69.0651],[-25.5882,69.0967],[-25.6565,69.0919],[-25.5538,69.0472],[-25.5482,69.0333],[-25.6565,69.0093],[-25.6173,68.9987],[-25.4989,69.0031],[-25.4637,68.9946],[-25.4451,68.9808],[-25.4498,68.9679],[-25.7015,68.9621],[-25.7179,68.9342],[-25.5782,68.915],[-25.6255,68.8759],[-25.6677,68.8704],[-25.7892,68.8886],[-25.821,68.8727],[-25.7726,68.8585],[-25.8526,68.8465],[-25.8415,68.8312],[-25.9445,68.7902],[-26.2624,68.7874],[-26.2894,68.7651],[-26.2523,68.7294],[-26.2877,68.722],[-26.266,68.7151],[-26.3256,68.6791],[-26.4514,68.6583],[-26.4957,68.6784],[-26.5356,68.6793],[-26.6434,68.653],[-26.7067,68.6659],[-26.7164,68.6806],[-26.6912,68.7014],[-26.7438,68.7052],[-26.8443,68.6374],[-26.9164,68.6532],[-26.9927,68.6364],[-27.0128,68.6257],[-27.0096,68.5915],[-27.0472,68.5806],[-27.142,68.5919],[-27.1822,68.6093],[-27.2963,68.6121],[-27.337,68.6008],[-27.2338,68.561],[-27.2187,68.5438],[-27.2379,68.5396],[-27.4557,68.5391],[-27.5279,68.5507],[-27.4863,68.5786],[-27.5822,68.5786],[-27.6583,68.5353],[-27.7227,68.5443],[-27.7563,68.5223],[-27.6024,68.4954],[-27.6309,68.4806],[-27.7811,68.4687],[-27.8844,68.4951],[-27.9145,68.5128],[-27.9481,68.5683],[-27.9803,68.5711],[-28.0222,68.5629],[-28.0244,68.4963],[-28.0105,68.4578],[-28.0548,68.4749],[-28.1095,68.4408],[-28.2206,68.4936],[-28.3565,68.5029],[-28.2944,68.4824],[-28.2535,68.4408],[-28.2947,68.4262],[-28.5079,68.4476],[-28.495,68.4228],[-28.5066,68.4127],[-28.5767,68.4128],[-28.6371,68.393],[-28.6097,68.3793],[-28.6313,68.3627],[-28.8223,68.3812],[-28.8431,68.3725],[-28.8519,68.3286],[-28.9499,68.3598],[-28.9803,68.3625],[-28.9803,68.3445],[-29.0067,68.3476],[-29.1721,68.3998],[-29.1927,68.3925],[-29.1964,68.3658],[-29.1102,68.3305],[-29.097,68.3104],[-29.1383,68.2795],[-29.1891,68.2626],[-29.282,68.324],[-29.3365,68.3042],[-29.357,68.2496],[-29.4479,68.2634],[-29.4738,68.2496],[-29.3952,68.2243],[-29.3776,68.2012],[-29.6259,68.2537],[-29.6383,68.2626],[-29.611,68.2968],[-29.6792,68.2906],[-29.7724,68.3083],[-29.7847,68.3696],[-29.8527,68.4156],[-29.9051,68.3924],[-29.9919,68.3798],[-30.0217,68.3351],[-30.0694,68.321],[-30.0628,68.2968],[-29.9939,68.2634],[-29.9934,68.251],[-30.0753,68.2434],[-30.1995,68.2711],[-30.303,68.2558],[-30.2873,68.2429],[-30.1758,68.2465],[-30.1227,68.2247],[-30.0969,68.1807],[-30.0082,68.126],[-30.056,68.1118],[-30.1037,68.126],[-30.1623,68.1025],[-30.2136,68.1118],[-30.3376,68.0994],[-30.4033,68.1389],[-30.3924,68.2144],[-30.402,68.2217],[-30.6716,68.2576],[-30.8169,68.2558],[-30.7943,68.2407],[-30.4947,68.1848],[-30.4747,68.1728],[-30.4507,68.1139],[-30.4469,68.0982],[-30.4606,68.0851],[-30.4197,68.0709],[-30.49,68.0599],[-30.5562,68.0776],[-30.5419,68.0851],[-30.6863,68.0634],[-30.7753,68.0851],[-30.8231,68.0709],[-30.8971,68.079],[-30.9193,68.0709],[-30.892,68.0572],[-30.9127,68.0451],[-30.9913,68.055],[-31.0172,68.0411],[-31.067,68.0634],[-31.1046,68.0515],[-31.4537,68.1323],[-31.4296,68.1446],[-31.337,68.1459],[-31.4037,68.1627],[-31.4847,68.1518],[-31.5028,68.1342],[-31.4781,68.1095],[-31.4127,68.0913],[-31.4695,68.0779],[-31.5812,68.0765],[-31.6256,68.0981],[-31.6183,68.105],[-31.7008,68.1046],[-31.7133,68.1513],[-31.6831,68.1816],[-31.7485,68.2143],[-31.7142,68.2176],[-31.6914,68.2404],[-31.578,68.2258],[-31.5289,68.2359],[-31.5455,68.2463],[-31.9028,68.2695],[-31.9473,68.2558],[-31.9913,68.26],[-32.0781,68.3315],[-32.0775,68.3676],[-32.1584,68.3976],[-32.1601,68.4202],[-32.1254,68.4749],[-32.1661,68.4858],[-32.2213,68.4318],[-32.2563,68.4202],[-32.3148,68.4435],[-32.3315,68.4544],[-32.3035,68.4954],[-32.3445,68.5233],[-32.3706,68.5791],[-32.427,68.6257],[-32.4872,68.6239],[-32.5033,68.6064],[-32.4952,68.5786],[-32.4525,68.5518],[-32.3997,68.5438],[-32.4217,68.5382],[-32.4282,68.5095],[-32.4549,68.5029],[-32.571,68.5097],[-32.5012,68.429],[-32.4071,68.3793],[-32.2089,68.348],[-32.1608,68.2791],[-32.0707,68.1943],[-32.0906,68.1873],[-32.223,68.2206],[-32.3928,68.2285],[-32.4398,68.2415],[-32.4512,68.239],[-32.4543,68.208],[-32.4252,68.1955],[-32.38,68.2124],[-32.3171,68.208],[-32.1805,68.1671],[-32.1942,68.1528],[-32.0515,68.1555],[-31.9956,68.0913],[-31.9956,68.0504],[-32.0781,68.0634],[-32.1464,68.0504],[-32.0912,68.023],[-32.1194,67.9988],[-32.0707,68.0026],[-32.1068,67.9704],[-32.1055,67.9548],[-32.0365,67.9268],[-32.1117,67.9343],[-32.098,67.9063],[-32.1787,67.9218],[-32.1874,67.8961],[-32.1264,67.8588],[-32.1396,67.8511],[-32.2738,67.8629],[-32.331,67.8859],[-32.5425,67.8679],[-32.5226,67.8312],[-32.6808,67.7965],[-32.6695,67.7814],[-32.6958,67.762],[-32.9273,67.6894],[-33.0543,67.6853],[-33.1597,67.7022],[-33.2023,67.694],[-33.2101,67.6764],[-33.2005,67.6638],[-33.0742,67.6469],[-33.057,67.6326],[-33.2103,67.5473],[-33.2835,67.5433],[-33.3381,67.5637],[-33.3657,67.5514],[-33.359,67.5342],[-33.3109,67.5085],[-33.3456,67.4887],[-33.2786,67.4924],[-33.2699,67.478],[-33.3456,67.434],[-33.2808,67.4184],[-33.2699,67.4129],[-33.2737,67.4008],[-33.3624,67.3577],[-33.412,67.3601],[-33.4207,67.372],[-33.4063,67.3797],[-33.437,67.3931],[-33.4557,67.3808],[-33.5101,67.3856],[-33.5026,67.372],[-33.5759,67.3804],[-33.5982,67.372],[-33.548,67.3456],[-33.4207,67.3378],[-33.4753,67.3167],[-33.4347,67.3115],[-33.4271,67.3034],[-33.4412,67.29],[-33.4285,67.2755],[-33.3655,67.2477],[-33.5508,67.2348],[-33.6007,67.2556],[-33.6681,67.2232],[-33.6539,67.2113],[-33.5914,67.2211],[-33.5163,67.2006],[-33.547,67.1668],[-33.5163,67.1454],[-33.551,67.1113],[-33.5303,67.0873],[-33.5374,67.0777],[-33.592,67.0976],[-33.6534,67.0976],[-33.6843,67.0803],[-33.6949,67.0573],[-33.8168,67.0407],[-33.88,67.015],[-33.839,67.0096],[-33.7616,67.0253],[-33.7292,67.0014],[-33.7509,66.9883],[-33.9757,66.9946],[-33.8589,66.9536],[-33.9991,66.9545],[-33.9483,66.9269],[-33.9906,66.8913],[-34.0157,66.8534],[-34.0151,66.8268],[-33.9893,66.7874],[-33.937,66.7807],[-33.9346,66.7686],[-33.9481,66.7521],[-33.9884,66.7465],[-33.9824,66.7686],[-34.0854,66.8096],[-34.0503,66.7451],[-34.0991,66.7618],[-34.0882,66.7213],[-34.1175,66.7095],[-34.1674,66.714],[-34.1507,66.6716],[-34.1957,66.65],[-34.2158,66.6184],[-34.2704,66.5768],[-34.3018,66.5798],[-34.2596,66.6733],[-34.2887,66.6842],[-34.3052,66.6724],[-34.307,66.6436],[-34.3724,66.597],[-34.4044,66.6452],[-34.3906,66.6918],[-34.4175,66.7499],[-34.4415,66.7089],[-34.4329,66.6879],[-34.4759,66.6553],[-34.5305,66.6383],[-34.4757,66.6323],[-34.4616,66.6184],[-34.5237,66.598],[-34.4076,66.5427],[-34.4735,66.509],[-34.519,66.5124],[-34.538,66.5011],[-34.5571,66.4494],[-34.6591,66.4385],[-34.7025,66.4192],[-34.6236,66.4192],[-34.654,66.3714],[-34.6855,66.3769],[-34.7242,66.4071],[-34.7357,66.3884],[-34.7154,66.3441],[-34.7638,66.3427],[-34.8158,66.3161],[-34.8443,66.3273],[-34.8258,66.3388],[-34.8391,66.3582],[-34.942,66.3441],[-34.9072,66.3168],[-34.9733,66.2895],[-35.1338,66.3441],[-35.1124,66.3732],[-35.1142,66.4215],[-35.1649,66.3993],[-35.1788,66.3776],[-35.2164,66.3714],[-35.2225,66.3315],[-35.2368,66.3236],[-35.0382,66.2622],[-35.0672,66.2431],[-35.1189,66.2359],[-35.2164,66.241],[-35.3488,66.2826],[-35.4491,66.2956],[-35.4346,66.3152],[-35.4454,66.3304],[-35.5043,66.3031],[-35.4969,66.2895],[-35.5893,66.2895],[-35.6291,66.3298],[-35.7531,66.3996],[-35.7986,66.4123],[-35.7371,66.4403],[-35.8326,66.4435],[-35.8811,66.4192],[-35.7365,66.3472],[-35.6782,66.3312],[-35.675,66.3093],[-35.7433,66.2684],[-35.6552,66.2752],[-35.5515,66.2485],[-35.5886,66.2324],[-35.6699,66.2247],[-35.7023,66.2069],[-35.6246,66.2094],[-35.5763,66.1558],[-35.5863,66.1113],[-35.6457,66.1267],[-35.6409,66.1448],[-35.675,66.1858],[-35.745,66.1992],[-35.765,66.1933],[-35.6981,66.1666],[-35.6887,66.1386],[-35.7106,66.123],[-35.8858,66.1418],[-35.921,66.1281],[-35.9425,66.1039],[-35.8395,66.1175],[-35.7166,66.0902],[-35.8054,66.0759],[-35.9084,66.0902],[-35.8811,66.0759],[-35.9173,66.0775],[-35.9425,66.0629],[-35.8736,66.0561],[-35.922,66.0424],[-35.8942,66.0151],[-36.0456,65.9742],[-36.0319,65.9605],[-36.0897,65.9326],[-36.1312,65.9468],[-36.2238,65.9394],[-36.2026,65.9809],[-36.2618,65.9517],[-36.2716,65.9636],[-36.2499,66.0023],[-36.261,66.0076],[-36.2988,65.9878],[-36.3466,65.9878],[-36.3199,65.9742],[-36.3302,65.9616],[-36.3262,65.9121],[-36.3639,65.916],[-36.3854,65.9522],[-36.3841,66.04],[-36.3398,66.0759],[-36.3585,66.0914],[-36.4496,66.0759],[-36.5536,66.0838],[-36.58,66.0704],[-36.5301,66.0513],[-36.477,66.0493],[-36.5216,65.9909],[-36.6818,65.9605],[-36.7616,65.9326],[-36.909,65.9326],[-36.8966,65.9194],[-36.8264,65.9196],[-36.8498,65.8865],[-36.8808,65.869],[-37.0138,65.8396],[-37.0429,65.8557],[-37.023,65.8725],[-37.0387,65.8848],[-37.031,65.8944],[-37.0598,65.9121],[-37.0666,65.9326],[-37.097,65.9431],[-37.097,65.9596],[-37.0318,66.0527],[-37.0797,66.0629],[-37.1042,66.0326],[-37.0865,65.994],[-37.1048,65.9891],[-37.1383,66.009],[-37.168,66.009],[-37.1274,65.9667],[-37.1622,65.9468],[-37.1229,65.9049],[-37.2373,65.9052],[-37.0865,65.8643],[-37.1144,65.8169],[-37.1697,65.8022],[-37.2444,65.832],[-37.2721,65.8301],[-37.1622,65.7824],[-37.1846,65.7741],[-37.4639,65.8569],[-37.5526,65.9052],[-37.6785,65.9457],[-37.6898,65.9468],[-37.7041,65.9196],[-37.786,65.9052],[-37.8148,65.883],[-37.8542,65.8916],[-37.7308,65.9809],[-37.793,66.0008],[-37.7786,66.0151],[-37.8126,66.0291],[-37.7979,66.0487],[-37.7341,66.0739],[-37.6488,66.0704],[-37.6625,66.0759],[-37.6219,66.114],[-37.5472,66.1138],[-37.555,66.1678],[-37.4939,66.2069],[-37.3113,66.2976],[-37.2308,66.2973],[-37.1697,66.3236],[-37.2154,66.3462],[-37.3918,66.3236],[-37.4847,66.3503],[-37.5522,66.326],[-37.6164,66.3288],[-37.8038,66.3757],[-37.8321,66.3981],[-37.8524,66.4447],[-37.8679,66.4192],[-37.8617,66.3851],[-37.8743,66.3777],[-37.9234,66.3723],[-37.9573,66.3918],[-38.0985,66.3945],[-38.1405,66.3692],[-38.1417,66.3406],[-37.7587,66.2956],[-37.6898,66.2684],[-37.7655,66.2212],[-37.8065,66.225],[-37.8131,66.2331],[-37.799,66.2485],[-37.9027,66.241],[-37.975,66.2532],[-37.9983,66.241],[-37.8542,66.1994],[-37.8816,66.1858],[-37.8641,66.183],[-37.8744,66.1662],[-37.93,66.1523],[-37.986,66.1104],[-38.0635,66.0976],[-38.087,66.1175],[-38.1067,66.1145],[-38.1046,66.093],[-38.087,66.0834],[-37.9798,66.0919],[-37.9596,66.0759],[-37.9573,66.0595],[-38.0041,66.0397],[-37.9852,65.9499],[-37.9989,65.9384],[-38.0802,65.9196],[-38.0705,65.9607],[-38.0836,65.9667],[-38.1287,65.9468],[-38.1282,65.9645],[-38.1844,65.9722],[-38.1928,65.964],[-38.1832,65.9468],[-38.1417,65.9291],[-38.1493,65.9138],[-38.2696,65.9052],[-38.3171,65.9148],[-38.3551,65.9394],[-38.3454,65.9694],[-38.3924,66.0076],[-38.444,66.0219],[-38.4849,66.0151],[-38.4545,65.9809],[-38.4598,65.9255],[-38.4508,65.9121],[-38.2923,65.862],[-38.2726,65.8507],[-38.2794,65.837],[-38.1061,65.8107],[-38.1112,65.7718],[-38.1901,65.7749],[-38.1634,65.7482],[-38.1764,65.7482],[-38.1656,65.7296],[-38.1851,65.7091],[-38.1764,65.6862],[-38.2589,65.7051],[-38.2106,65.6759],[-38.2206,65.6464],[-38.2458,65.6373],[-38.3286,65.6591],[-38.3955,65.6514],[-38.4194,65.665],[-38.4508,65.6042],[-38.4885,65.5941],[-38.5091,65.6109],[-38.4979,65.6524],[-38.4303,65.6793],[-38.5122,65.6793],[-38.5383,65.7104],[-38.5327,65.693],[-38.5538,65.665],[-38.5445,65.6442],[-38.5603,65.635],[-38.6016,65.6514],[-38.5873,65.6793],[-38.6295,65.6846],[-38.6444,65.6813],[-38.6357,65.665],[-38.6885,65.6625],[-38.7523,65.6933],[-38.7729,65.6862],[-38.7821,65.6642],[-38.7104,65.6359],[-38.6302,65.6313],[-38.6283,65.6104],[-38.6003,65.5779],[-38.6084,65.5694],[-38.6693,65.59],[-38.7799,65.592],[-38.8309,65.6179],[-38.8646,65.6069],[-38.8815,65.5788],[-38.9115,65.5686],[-38.9709,65.5832],[-38.951,65.59],[-39.0745,65.5552],[-39.0671,65.5832],[-39.1416,65.6671],[-39.1795,65.667],[-39.2339,65.6957],[-39.3163,65.7136],[-39.3414,65.7482],[-39.3664,65.7217],[-39.2999,65.693],[-39.2488,65.6418],[-39.2453,65.6179],[-39.2018,65.6076],[-39.2057,65.5825],[-39.2595,65.5832],[-39.3074,65.6104],[-39.3198,65.5895],[-39.3074,65.5626],[-39.3349,65.5451],[-39.3542,65.5675],[-39.3443,65.6278],[-39.3899,65.59],[-39.3852,65.5519],[-39.4481,65.5469],[-39.5053,65.59],[-39.4916,65.6042],[-39.5476,65.6198],[-39.5434,65.635],[-39.5053,65.6588],[-39.5249,65.665],[-39.581,65.6452],[-39.6561,65.6862],[-39.712,65.665],[-39.6356,65.6241],[-39.6581,65.6177],[-39.7318,65.6452],[-39.7594,65.6406],[-39.7765,65.6288],[-39.7746,65.6151],[-39.7455,65.5967],[-39.7932,65.5977],[-39.8349,65.5832],[-39.7158,65.5556],[-39.7145,65.5443],[-39.7318,65.5353],[-39.8107,65.5552],[-39.8223,65.5484],[-39.807,65.508],[-39.8745,65.5059],[-40.0472,65.5832],[-40.0861,65.575],[-40.1154,65.549],[-40.0409,65.4949],[-40.1719,65.5193],[-40.2185,65.508],[-40.1913,65.4794],[-40.133,65.4596],[-39.8846,65.4366],[-39.7887,65.4122],[-39.7803,65.3981],[-39.8913,65.4062],[-39.8827,65.3776],[-39.951,65.3606],[-39.8715,65.3179],[-39.8682,65.2929],[-39.8922,65.2858],[-39.8759,65.2716],[-39.8275,65.261],[-39.8414,65.2881],[-39.8212,65.2877],[-39.766,65.2678],[-39.7865,65.2541],[-39.7591,65.2473],[-39.8682,65.2356],[-39.9168,65.2541],[-39.9306,65.2327],[-39.9168,65.2138],[-39.9331,65.1983],[-40.0,65.2001],[-40.0321,65.188],[-39.9168,65.1654],[-39.9425,65.1489],[-40.1229,65.1662],[-40.1229,65.1374],[-40.0555,65.1226],[-40.0676,65.1101],[-39.9657,65.1077],[-39.9373,65.0965],[-40.1351,65.0875],[-40.1658,65.072],[-40.1632,65.0233],[-40.1918,65.0276],[-40.1843,65.0419],[-40.2291,65.0397],[-40.2595,65.0214],[-40.2608,65.0036],[-40.2814,65.0012],[-40.3787,65.0834],[-40.4103,65.0903],[-40.3693,65.0385],[-40.4262,65.038],[-40.4784,65.0714],[-40.5653,65.1008],[-40.602,65.1238],[-40.5936,65.1393],[-40.6028,65.1452],[-40.6584,65.1344],[-40.671,65.1101],[-40.6635,65.1039],[-40.7045,65.0555],[-40.7072,65.0296],[-40.7733,65.0692],[-40.7597,65.0828],[-40.8758,65.0965],[-40.8537,65.0659],[-40.8694,65.0632],[-41.0571,65.0998],[-41.0823,65.1317],[-41.1146,65.1225],[-41.1276,65.1042],[-41.121,65.0803],[-41.0776,65.0677],[-41.0067,65.0146],[-41.0135,65.0009],[-40.9831,64.9768],[-41.0135,64.9599],[-41.1301,64.9814],[-41.1501,64.9767],[-41.1464,64.9535],[-41.0546,64.8774],[-40.8832,64.8576],[-40.92,64.8386],[-40.9931,64.8296],[-40.8846,64.8091],[-40.8758,64.7886],[-40.7898,64.7463],[-40.7048,64.7338],[-40.6869,64.7196],[-40.6915,64.6924],[-40.6045,64.6835],[-40.5947,64.6558],[-40.6103,64.6486],[-40.5611,64.515],[-40.6351,64.4671],[-40.4013,64.4172],[-40.3682,64.3928],[-40.3583,64.359],[-40.4246,64.3368],[-40.4379,64.3518],[-40.4789,64.3575],[-40.5338,64.3293],[-40.5536,64.3395],[-40.5406,64.3641],[-40.6062,64.3743],[-40.623,64.3922],[-40.6672,64.3778],[-40.7187,64.3908],[-40.7733,64.3778],[-40.7672,64.384],[-40.8002,64.3887],[-40.9305,64.3336],[-41.0777,64.3111],[-41.3357,64.3293],[-41.322,64.343],[-41.3532,64.3497],[-41.5249,64.3261],[-41.5685,64.2815],[-41.5675,64.2662],[-41.4442,64.2476],[-41.4523,64.2135],[-41.3873,64.1785],[-41.0871,64.1492],[-40.984,64.0803],[-40.9375,64.0928],[-40.9242,64.1096],[-40.9652,64.1301],[-40.918,64.1649],[-40.712,64.158],[-40.6761,64.1332],[-40.5609,64.1069],[-40.5453,64.0588],[-40.6483,64.0119],[-40.602,63.9792],[-40.6454,63.966],[-40.7333,63.9941],[-40.7461,63.9792],[-40.7187,63.973],[-40.8417,63.9526],[-40.7607,63.9333],[-40.6778,63.9457],[-40.6217,63.9246],[-40.6225,63.9042],[-40.5946,63.8837],[-40.6083,63.8671],[-40.5611,63.8359],[-40.6141,63.8076],[-40.6181,63.7932],[-40.5884,63.7875],[-40.602,63.7744],[-40.5782,63.7507],[-40.5196,63.7405],[-40.5133,63.726],[-40.5264,63.6964],[-40.6437,63.685],[-40.6225,63.7055],[-40.6786,63.7114],[-40.7007,63.7014],[-40.6982,63.6776],[-40.9979,63.7029],[-41.0853,63.7219],[-41.1393,63.7495],[-41.3544,63.7825],[-41.4335,63.8559],[-41.4881,63.8603],[-41.4866,63.8393],[-41.5011,63.8222],[-41.6202,63.7944],[-41.6268,63.7778],[-41.5828,63.754],[-41.5309,63.7676],[-41.4414,63.7634],[-41.2184,63.6933],[-40.8795,63.6577],[-40.8417,63.5956],[-40.89,63.5956],[-40.8724,63.5803],[-40.8239,63.5715],[-40.7324,63.5894],[-40.7597,63.5622],[-40.7428,63.5384],[-40.7501,63.5169],[-40.8013,63.5001],[-40.8516,63.5312],[-40.8758,63.5212],[-40.8628,63.5075],[-40.8876,63.5079],[-40.9447,63.541],[-40.9521,63.5137],[-41.0142,63.5654],[-41.0211,63.5485],[-40.9931,63.5212],[-41.0321,63.5131],[-41.1439,63.5274],[-41.1295,63.5126],[-41.0494,63.5021],[-40.9993,63.4665],[-41.0168,63.4505],[-41.0736,63.4475],[-41.1155,63.4613],[-41.2154,63.5439],[-41.2873,63.5649],[-41.2873,63.5342],[-41.2054,63.5075],[-41.1743,63.4523],[-40.9993,63.4113],[-41.1295,63.3891],[-41.1774,63.394],[-41.202,63.4387],[-41.4139,63.5659],[-41.4319,63.5678],[-41.2457,63.4196],[-41.2401,63.4039],[-41.3931,63.4582],[-41.4896,63.5308],[-41.498,63.485],[-41.5828,63.4932],[-41.3594,63.4254],[-41.249,63.371],[-41.1601,63.3458],[-41.116,63.3083],[-41.1973,63.3422],[-41.374,63.3768],[-41.4039,63.4216],[-41.531,63.432],[-41.6671,63.5101],[-41.7159,63.553],[-41.7602,63.5485],[-41.7467,63.5274],[-41.7706,63.5096],[-41.9009,63.4699],[-41.8981,63.4449],[-41.8564,63.4008],[-41.6839,63.3533],[-41.6837,63.3361],[-41.6997,63.3276],[-41.7906,63.3488],[-41.8087,63.3425],[-41.7534,63.3151],[-41.7602,63.3015],[-41.6435,63.3151],[-41.591,63.2912],[-41.5685,63.2605],[-41.4885,63.2378],[-41.4729,63.2258],[-41.4916,63.171],[-41.4791,63.1507],[-41.4319,63.1369],[-41.4327,63.1253],[-41.5544,63.0969],[-41.6227,63.144],[-41.818,63.2148],[-42.0209,63.2531],[-41.9691,63.2216],[-41.8607,63.1954],[-41.6783,63.1234],[-41.5495,63.0529],[-41.5343,63.0334],[-41.6647,63.0408],[-41.7432,63.068],[-41.7671,63.0613],[-41.7113,63.0395],[-41.759,63.0338],[-41.8391,63.0476],[-41.8875,63.096],[-41.9325,63.1029],[-41.9725,63.0886],[-41.939,63.0755],[-41.9748,63.0743],[-42.0226,63.1086],[-42.0738,63.1756],[-42.144,63.2059],[-42.1786,63.2059],[-42.1374,63.1591],[-42.1354,63.1278],[-42.2059,63.1097],[-42.1788,63.0969],[-42.0824,63.0886],[-42.0064,63.0461],[-42.0073,63.0271],[-41.7519,63.0206],[-41.6914,62.9936],[-41.6241,62.9951],[-41.6101,62.9793],[-41.6232,62.9689],[-41.6101,62.9514],[-41.6365,62.928],[-41.718,62.9113],[-41.7682,62.9377],[-41.7882,62.9111],[-41.7602,62.8837],[-41.8217,62.8769],[-41.7501,62.8439],[-41.8431,62.8299],[-41.9831,62.8489],[-42.0104,62.8769],[-42.0208,62.873],[-42.0073,62.8415],[-42.0177,62.7968],[-42.0613,62.7902],[-42.1718,62.8148],[-42.3194,62.817],[-42.3536,62.8366],[-42.3494,62.8558],[-42.2611,62.8837],[-42.3636,62.89],[-42.2804,62.9384],[-42.3054,62.9455],[-42.394,62.9145],[-42.4323,62.916],[-42.4281,62.8787],[-42.4608,62.8625],[-42.5728,62.8797],[-42.5972,62.8715],[-42.6024,62.8563],[-42.5758,62.8415],[-42.4561,62.8415],[-42.4158,62.8288],[-42.4844,62.779],[-42.5094,62.7858],[-42.5421,62.8229],[-42.5797,62.8259],[-42.4871,62.6982],[-42.6027,62.7665],[-42.6169,62.7497],[-42.6108,62.7352],[-42.5622,62.7125],[-42.6037,62.6896],[-42.651,62.6845],[-42.6402,62.7203],[-42.6958,62.7789],[-42.7213,62.7736],[-42.7267,62.7596],[-42.6919,62.7125],[-42.7082,62.6929],[-43.0353,62.7253],[-43.1057,62.7605],[-43.1512,62.7596],[-43.5095,62.7272],[-44.0,62.7472],[-47.6049,61.0696],[-47.7268,61.0299],[-47.8462,61.0328],[-47.8642,61.0238],[-47.8566,61.017],[-47.8846,61.0093],[-47.9095,61.019],[-47.9663,60.9916],[-48.0236,60.9993],[-48.0683,60.9714],[-48.0994,60.9857],[-48.1608,60.9645],[-48.1466,60.9782],[-48.2073,60.9945],[-48.271,60.9993],[-48.3731,60.9782],[-48.4022,60.9865],[-48.3708,61.008],[-48.2297,61.0266],[-48.1199,61.0124],[-48.0939,61.0297],[-48.0174,61.0465],[-47.8834,61.0329],[-47.8385,61.0423],[-47.8352,61.0571],[-47.8591,61.0812],[-47.9137,61.0601],[-47.9349,61.0881],[-47.8559,61.1221],[-47.8347,61.1542],[-47.7704,61.1911],[-47.8669,61.1527],[-47.8922,61.124],[-48.0857,61.0881],[-48.1199,61.1147],[-48.0497,61.1696],[-48.0516,61.1837],[-48.1375,61.1323],[-48.2164,61.1862],[-48.2003,61.2103],[-48.1056,61.239],[-48.113,61.2526],[-48.0994,61.2594],[-48.1267,61.2799],[-48.0236,61.314],[-47.9137,61.3283],[-47.9608,61.3406],[-48.1199,61.3072],[-48.1282,61.321],[-48.147,61.3215],[-48.1658,61.3124],[-48.1821,61.2629],[-48.2176,61.2368],[-48.2564,61.2321],[-48.2911,61.1774],[-48.2154,61.1427],[-48.2912,61.1291],[-48.4072,61.134],[-48.4346,61.1427],[-48.442,61.1632],[-48.3048,61.1837],[-48.3328,61.1911],[-48.3048,61.2042],[-48.299,61.2272],[-48.358,61.1999],[-48.3731,61.1973],[-48.3663,61.211],[-48.4829,61.1774],[-48.4761,61.1911],[-48.5444,61.1973],[-48.5109,61.239],[-48.5723,61.211],[-48.558,61.2458],[-48.5235,61.2515],[-48.4966,61.2731],[-48.5474,61.2646],[-48.6191,61.2121],[-48.6396,61.2149],[-48.6406,61.239],[-48.5811,61.2802],[-48.3992,61.3011],[-48.3799,61.314],[-48.5109,61.301],[-48.4861,61.3481],[-48.4271,61.3581],[-48.3529,61.3454],[-48.3328,61.3581],[-48.3401,61.3758],[-48.5458,61.3813],[-48.5723,61.3891],[-48.5655,61.4028],[-48.6034,61.392],[-48.6747,61.3959],[-48.6411,61.4361],[-48.6543,61.4443],[-48.8173,61.38],[-48.8599,61.3782],[-48.8529,61.4028],[-48.8923,61.4042],[-48.9713,61.3616],[-48.9901,61.3693],[-48.9395,61.4033],[-49.0658,61.4028],[-48.8597,61.458],[-48.7464,61.458],[-48.4871,61.5137],[-48.2579,61.5313],[-48.2297,61.5468],[-48.4761,61.5338],[-48.3443,61.5654],[-48.3293,61.5967],[-48.3458,61.6088],[-48.5312,61.5437],[-48.6937,61.5232],[-48.8035,61.4858],[-48.901,61.4822],[-48.9897,61.458],[-49.0173,61.458],[-48.9833,61.4792],[-49.0061,61.4917],[-49.1135,61.496],[-49.1033,61.5231],[-49.0447,61.54],[-49.1756,61.54],[-49.2986,61.561],[-49.2228,61.5822],[-49.2638,61.6014],[-49.2411,61.6076],[-48.9502,61.5871],[-48.5922,61.6361],[-48.6644,61.6496],[-48.7367,61.6281],[-48.9833,61.6088],[-48.9382,61.6256],[-48.9332,61.6361],[-48.9545,61.6431],[-49.0583,61.6225],[-49.0658,61.6977],[-48.9491,61.7337],[-48.9121,61.7385],[-48.8802,61.7255],[-48.9044,61.765],[-48.874,61.7932],[-48.9675,61.7465],[-49.0347,61.7281],[-49.1483,61.7255],[-49.1019,61.7662],[-49.1216,61.8118],[-49.1092,61.8286],[-49.0857,61.8416],[-49.0027,61.8499],[-49.0173,61.8696],[-48.9451,61.8863],[-48.9246,61.9309],[-48.89,61.9494],[-48.7499,61.9583],[-48.7499,61.9787],[-48.7842,61.9923],[-48.9459,61.9765],[-49.1669,61.8566],[-49.1975,61.8145],[-49.1819,61.787],[-49.1819,61.7522],[-49.2201,61.7241],[-49.2638,61.7255],[-49.3532,61.7665],[-49.2296,61.8764],[-49.1756,61.903],[-49.2308,61.9035],[-49.288,61.8832],[-49.2912,61.8602],[-49.3463,61.8149],[-49.4282,61.8211],[-49.4147,61.8279],[-49.4349,61.8474],[-49.4283,61.8594],[-49.3811,61.8764],[-49.4084,61.8832],[-49.3928,61.8946],[-49.3873,61.9241],[-49.3265,61.9304],[-49.4084,61.9378],[-49.2886,61.9755],[-49.1614,61.9713],[-48.9923,62.053],[-48.9013,62.0477],[-48.8392,62.0749],[-49.0173,62.0886],[-48.9686,62.1289],[-48.9833,62.1358],[-49.0795,62.0812],[-49.0958,62.1015],[-49.0734,62.1409],[-49.003,62.2047],[-49.0311,62.2121],[-49.0994,62.1814],[-49.1514,62.1057],[-49.1483,62.0477],[-49.1691,62.0213],[-49.2466,62.0213],[-49.3559,61.9872],[-49.4357,61.9924],[-49.3532,62.0067],[-49.422,62.034],[-49.3873,62.0682],[-49.4403,62.0539],[-49.4801,62.0163],[-49.5899,61.9873],[-49.6385,61.9892],[-49.6935,62.0161],[-49.6691,62.034],[-49.5666,62.0189],[-49.5375,62.0266],[-49.6185,62.0576],[-49.4855,62.0727],[-49.463,62.0886],[-49.6033,62.0762],[-49.6281,62.0949],[-49.6944,62.0989],[-49.6958,62.1166],[-49.6003,62.1245],[-49.3326,62.0812],[-49.4282,62.1166],[-49.295,62.1369],[-49.2917,62.178],[-49.3532,62.1631],[-49.3674,62.1706],[-49.3463,62.2116],[-49.4128,62.2022],[-49.4303,62.1674],[-49.4747,62.1507],[-49.6827,62.1575],[-49.6101,62.1792],[-49.576,62.2258],[-49.5108,62.232],[-49.4691,62.2502],[-49.369,62.2299],[-49.3151,62.246],[-49.2917,62.2668],[-49.3426,62.2586],[-49.4698,62.2668],[-49.5729,62.2525],[-49.5411,62.2919],[-49.5412,62.3043],[-49.558,62.3065],[-49.6138,62.2525],[-49.6958,62.2668],[-49.8028,62.2585],[-49.8348,62.2396],[-49.8876,62.2457],[-49.8534,62.26],[-49.8733,62.2668],[-49.8102,62.2703],[-49.7845,62.2866],[-49.7884,62.2979],[-49.8053,62.3092],[-49.8458,62.2861],[-49.891,62.2904],[-49.9086,62.3643],[-49.9639,62.3146],[-50.0138,62.3204],[-50.0267,62.3312],[-50.0111,62.3419],[-50.0384,62.3624],[-50.0933,62.3732],[-50.145,62.4018],[-50.2015,62.4096],[-50.2476,62.462],[-50.3077,62.4913],[-50.3196,62.5058],[-50.2302,62.623],[-50.2134,62.676],[-50.1892,62.692],[-50.1147,62.7069],[-50.035,62.8046],[-49.897,62.8488],[-49.9224,62.8558],[-49.8733,62.8968],[-49.9589,62.8698],[-50.1349,62.7785],[-50.1593,62.7878],[-50.1483,62.808],[-50.1966,62.808],[-50.1717,62.7815],[-50.1785,62.7664],[-50.2718,62.7056],[-50.2979,62.737],[-50.3196,62.7391],[-50.2684,62.7907],[-50.2438,62.8524],[-50.1615,62.9057],[-50.1426,62.9382],[-49.7987,63.0093],[-49.7026,63.0613],[-49.8048,63.0643],[-49.8495,63.0373],[-50.0254,62.9768],[-50.1824,62.9588],[-50.2377,62.8934],[-50.2665,62.8787],[-50.2744,62.8511],[-50.3065,62.8415],[-50.349,62.793],[-50.3739,62.7869],[-50.3897,62.7922],[-50.3531,62.8115],[-50.3561,62.8303],[-50.4015,62.8558],[-50.319,62.9384],[-50.2699,62.9573],[-50.2281,62.9962],[-50.175,63.0008],[-50.1483,63.0202],[-50.2547,63.0441],[-50.2786,62.9793],[-50.3815,62.9496],[-50.469,62.9512],[-50.5028,62.9798],[-50.5233,62.962],[-50.563,62.9809],[-50.6138,62.9793],[-50.4909,63.0141],[-50.5246,63.0557],[-50.5524,63.0476],[-50.5393,63.0271],[-50.6138,63.0408],[-50.5865,63.0613],[-50.6075,63.096],[-50.5356,63.0976],[-50.5045,63.1234],[-50.4267,63.1424],[-50.4306,63.1638],[-50.4499,63.1711],[-50.4002,63.1894],[-50.0594,63.2296],[-50.1055,63.2403],[-50.3522,63.2397],[-50.4286,63.1942],[-50.4886,63.1839],[-50.5176,63.1916],[-50.5045,63.2059],[-50.593,63.2303],[-50.62,63.2058],[-50.6783,63.2177],[-50.7819,63.2023],[-50.9123,63.1432],[-50.931,63.1556],[-50.9196,63.186],[-50.7782,63.2531],[-50.8574,63.2393],[-50.9632,63.1708],[-51.0006,63.1647],[-51.0563,63.1848],[-51.0488,63.2087],[-51.0038,63.2446],[-50.9715,63.2382],[-50.9556,63.2507],[-51.015,63.2605],[-51.0556,63.2462],[-51.0737,63.2531],[-51.0622,63.2683],[-51.0048,63.2878],[-51.0707,63.2884],[-51.0908,63.2978],[-51.1011,63.3286],[-51.087,63.3493],[-50.4925,63.3719],[-50.4521,63.3977],[-50.2786,63.4039],[-50.402,63.4255],[-50.5538,63.3923],[-50.7512,63.3869],[-50.7782,63.3759],[-50.8025,63.398],[-50.8778,63.3759],[-50.9229,63.3834],[-51.0494,63.3716],[-51.0873,63.3834],[-51.0382,63.4192],[-51.0048,63.4728],[-51.0471,63.4705],[-51.0751,63.4197],[-51.1351,63.3759],[-51.1711,63.381],[-51.1383,63.4349],[-51.1638,63.4476],[-51.207,63.4286],[-51.2233,63.4449],[-51.1273,63.4956],[-51.0854,63.4859],[-51.0392,63.5039],[-50.7947,63.5265],[-50.7441,63.5548],[-51.0931,63.5314],[-51.1457,63.595],[-51.1445,63.6131],[-51.1208,63.6304],[-51.1012,63.6215],[-51.0563,63.6509],[-50.9154,63.623],[-50.9055,63.6099],[-50.5734,63.6441],[-50.5622,63.6362],[-50.5652,63.6102],[-50.5335,63.6263],[-50.5045,63.6714],[-50.5314,63.6784],[-50.8946,63.6304],[-51.0762,63.6643],[-51.1852,63.6289],[-51.1758,63.5875],[-51.1285,63.5268],[-51.1302,63.5129],[-51.1622,63.5075],[-51.2786,63.5485],[-51.3709,63.5545],[-51.3855,63.5503],[-51.3816,63.5342],[-51.4225,63.541],[-51.3884,63.5622],[-51.3959,63.5752],[-51.3065,63.6304],[-51.3762,63.6263],[-51.5392,63.685],[-51.4964,63.706],[-51.3474,63.7198],[-51.4297,63.7329],[-51.5525,63.7058],[-51.5597,63.7161],[-51.5483,63.7436],[-51.4977,63.7801],[-51.2103,63.8154],[-51.2311,63.8246],[-51.2199,63.8371],[-51.1148,63.8781],[-50.9562,63.9154],[-50.9229,63.9383],[-51.1691,63.8918],[-51.2996,63.8284],[-51.4029,63.8127],[-51.4584,63.8176],[-51.4778,63.8427],[-51.4645,63.8575],[-51.402,63.8427],[-51.4053,63.8894],[-51.3747,63.8911],[-51.4095,63.911],[-51.4065,63.9293],[-51.4422,63.9462],[-51.4365,63.956],[-51.3724,63.96],[-51.3611,63.973],[-51.4368,63.9867],[-51.5051,63.973],[-51.6565,64.0141],[-51.6204,64.0346],[-51.442,64.0398],[-51.3277,64.0129],[-51.3065,64.0208],[-51.3884,64.055],[-51.1208,64.0897],[-51.0325,64.0748],[-50.9828,64.0981],[-50.8813,64.0966],[-50.6527,64.1748],[-50.4977,64.158],[-50.4344,64.1375],[-50.3836,64.1671],[-50.3258,64.1649],[-50.21,64.2058],[-50.1135,64.1927],[-50.093,64.1301],[-50.065,64.1135],[-50.0725,64.0966],[-50.0539,64.1071],[-50.0793,64.1478],[-50.0699,64.1799],[-50.0452,64.199],[-50.0629,64.2118],[-50.134,64.2194],[-50.1141,64.2338],[-50.1626,64.2449],[-50.5524,64.1785],[-50.5333,64.2132],[-50.422,64.2884],[-50.4176,64.3065],[-50.3332,64.3498],[-50.3638,64.3591],[-50.4242,64.3428],[-50.4847,64.2945],[-50.5646,64.2648],[-50.5965,64.2365],[-50.669,64.2194],[-50.7373,64.2194],[-50.8143,64.1781],[-51.4399,64.0823],[-51.4703,64.0966],[-51.5665,64.0966],[-51.5597,64.1034],[-51.6332,64.1151],[-51.649,64.1301],[-51.5802,64.1649],[-51.522,64.1718],[-51.3548,64.1444],[-51.4586,64.1893],[-51.529,64.2005],[-51.6719,64.1519],[-51.7037,64.162],[-51.6975,64.1854],[-51.7651,64.1854],[-51.7315,64.2084],[-51.6624,64.2182],[-51.4126,64.2194],[-51.3514,64.1866],[-51.2658,64.1782],[-51.1347,64.2078],[-51.07,64.2399],[-51.0116,64.2399],[-50.9533,64.2194],[-50.8472,64.2604],[-50.8939,64.2684],[-51.0006,64.2597],[-51.0458,64.2815],[-50.9639,64.3225],[-50.9597,64.3654],[-50.8881,64.4113],[-50.7642,64.4285],[-50.7214,64.397],[-50.5802,64.384],[-50.6858,64.4107],[-50.6964,64.4522],[-50.5176,64.4051],[-50.3412,64.3903],[-50.3401,64.4051],[-50.2476,64.4113],[-50.2438,64.4317],[-50.1764,64.4482],[-50.1783,64.4596],[-50.2029,64.4659],[-50.1966,64.4802],[-50.2252,64.4776],[-50.3946,64.4249],[-50.6245,64.4667],[-50.6547,64.487],[-50.491,64.5256],[-50.443,64.5559],[-50.6412,64.5224],[-50.6711,64.5268],[-50.6895,64.5484],[-50.6274,64.59],[-50.7244,64.5799],[-50.7516,64.59],[-50.7441,64.5969],[-50.7848,64.6024],[-50.878,64.5822],[-50.9154,64.603],[-50.8364,64.6456],[-50.7388,64.6496],[-50.6075,64.631],[-50.5086,64.6672],[-50.4844,64.6574],[-50.4499,64.6657],[-50.5046,64.6779],[-50.5895,64.6694],[-50.6622,64.6924],[-50.4803,64.7129],[-50.3378,64.6844],[-50.2751,64.6549],[-50.2258,64.5637],[-50.1491,64.4867],[-49.7086,64.3487],[-49.6519,64.3356],[-49.5859,64.343],[-49.5975,64.3595],[-49.6827,64.3908],[-49.683,64.4223],[-49.8155,64.4385],[-49.8847,64.4777],[-50.0629,64.5297],[-50.117,64.6124],[-50.1204,64.6378],[-50.1012,64.6632],[-50.0083,64.6815],[-49.994,64.689],[-49.9972,64.7012],[-50.0797,64.7129],[-50.155,64.6993],[-50.2172,64.7259],[-50.1892,64.7613],[-50.1382,64.7774],[-50.1278,64.7886],[-50.1414,64.8014],[-50.1299,64.8134],[-49.9974,64.8637],[-50.0138,64.8725],[-50.1002,64.8432],[-50.1954,64.8284],[-50.2469,64.7746],[-50.2956,64.7477],[-50.3476,64.7707],[-50.3813,64.7613],[-50.5382,64.7692],[-50.5758,64.7855],[-50.6073,64.8551],[-50.6833,64.9075],[-50.6903,64.9533],[-50.7174,64.973],[-50.6951,65.0052],[-50.7267,65.0213],[-50.7759,65.0249],[-50.7926,65.0419],[-50.7994,65.0903],[-50.8409,65.1313],[-50.7232,65.1841],[-50.5424,65.2528],[-50.3188,65.3188],[-50.1786,65.3478],[-49.9953,65.3656],[-44.0,65.365],[-44.0,67.55],[-44.0,71.0],[-28.8215,70.9996],[-27.9129,71.1163]]],[[[-22.5161,71.9093],[-22.5034,71.8895],[-22.5192,71.8808],[-22.7287,71.8452],[-22.7368,71.8198],[-22.7833,71.7914],[-22.962,71.749],[-23.06,71.7121],[-23.1353,71.6553],[-23.1232,71.6319],[-23.0117,71.6411],[-22.8674,71.6963],[-22.4158,71.7965],[-22.4084,71.7714],[-22.4271,71.7532],[-22.5336,71.7142],[-22.5525,71.6963],[-22.6549,71.6684],[-22.6325,71.6105],[-22.6344,71.5814],[-22.5955,71.5741],[-22.5775,71.5974],[-22.6002,71.6131],[-22.479,71.6411],[-22.3942,71.6274],[-22.4016,71.6411],[-22.3842,71.6581],[-22.3051,71.6972],[-22.306,71.7298],[-22.2144,71.7565],[-22.1604,71.7573],[-22.141,71.7435],[-22.1605,71.7224],[-22.1392,71.7164],[-21.8945,71.7435],[-21.9468,71.711],[-22.0249,71.7031],[-21.9901,71.6888],[-22.0129,71.6747],[-22.0788,71.6707],[-22.2167,71.6348],[-22.1,71.6131],[-22.1483,71.5902],[-22.4254,71.5864],[-22.5074,71.5522],[-22.5358,71.4747],[-22.4932,71.4123],[-22.4978,71.3673],[-22.4494,71.3393],[-22.4699,71.2984],[-22.4552,71.2877],[-22.4767,71.2643],[-22.3933,71.2568],[-22.3554,71.2698],[-22.334,71.3292],[-22.3599,71.3435],[-22.306,71.4151],[-22.1324,71.4909],[-22.0044,71.4902],[-21.9413,71.4635],[-21.9218,71.4697],[-21.9559,71.497],[-21.8815,71.4932],[-21.8945,71.5175],[-21.8699,71.5142],[-21.8417,71.4909],[-21.8188,71.4902],[-21.7847,71.5175],[-21.7646,71.508],[-21.7499,71.4902],[-21.874,71.4486],[-21.7157,71.4424],[-21.8188,71.4213],[-21.6957,71.4165],[-21.668,71.4014],[-21.8386,71.3698],[-21.8562,71.3486],[-21.7904,71.3627],[-21.7157,71.3605],[-21.8188,71.3189],[-21.7301,71.3332],[-21.6065,71.3258],[-21.9634,71.2705],[-21.8877,71.2575],[-21.915,71.2438],[-21.8895,71.237],[-21.7965,71.2711],[-21.7385,71.2545],[-21.7232,71.2438],[-21.7499,71.2295],[-21.7031,71.2187],[-21.6611,71.1885],[-21.7128,71.1379],[-21.7436,71.1442],[-21.8109,71.1936],[-21.8467,71.1954],[-21.8204,71.1579],[-21.8331,71.1476],[-21.7157,71.1197],[-22.1615,71.0677],[-22.3334,71.0595],[-22.2961,71.0416],[-21.9699,71.0657],[-21.8863,71.0569],[-21.8672,71.0657],[-21.874,71.0725],[-21.785,71.0861],[-21.7265,71.0848],[-21.6748,71.0657],[-21.6771,71.0312],[-21.6611,71.0241],[-21.6778,71.0174],[-21.9901,70.9688],[-21.915,70.9626],[-21.7239,70.9927],[-21.6953,70.9831],[-21.7987,70.9447],[-21.7921,70.9279],[-21.6973,70.9626],[-21.668,70.9558],[-21.7027,70.9421],[-21.6671,70.938],[-21.6002,70.9648],[-21.5724,70.9558],[-21.7573,70.8664],[-21.7004,70.8364],[-21.7443,70.8003],[-21.9286,70.8124],[-21.8824,70.7853],[-21.8228,70.777],[-21.6392,70.8006],[-21.6422,70.7742],[-21.7677,70.751],[-21.7921,70.736],[-21.6177,70.7436],[-21.5457,70.7094],[-21.7642,70.7094],[-21.7435,70.6968],[-21.6304,70.6914],[-21.5792,70.6746],[-21.6543,70.6678],[-21.6202,70.6405],[-21.6457,70.6337],[-21.7573,70.6337],[-21.7374,70.6132],[-21.7711,70.5901],[-21.7609,70.5781],[-21.7301,70.579],[-21.6532,70.5993],[-21.6202,70.5853],[-21.6748,70.5716],[-21.5655,70.5585],[-21.5399,70.5429],[-21.5163,70.5531],[-21.4768,70.5449],[-21.5382,70.4971],[-21.6637,70.4355],[-21.7517,70.4269],[-21.7931,70.4404],[-21.9401,70.3903],[-21.9904,70.3974],[-21.9998,70.4114],[-21.9437,70.4704],[-22.0229,70.4995],[-22.1295,70.4932],[-22.2842,70.4463],[-22.3414,70.4389],[-22.3812,70.4487],[-22.4159,70.4973],[-22.4084,70.579],[-22.4399,70.6392],[-22.4725,70.6651],[-22.4289,70.8459],[-22.4792,70.8554],[-22.5729,70.8254],[-22.6081,70.77],[-22.586,70.7436],[-22.6486,70.723],[-22.6347,70.6841],[-22.6486,70.6644],[-22.6411,70.6502],[-22.5898,70.6231],[-22.5661,70.5716],[-22.6004,70.4755],[-22.6326,70.4455],[-23.0172,70.4404],[-23.0972,70.4263],[-23.3454,70.4406],[-23.6827,70.5449],[-23.8094,70.569],[-23.9298,70.6132],[-24.0663,70.6897],[-24.1124,70.7518],[-24.183,70.805],[-24.2075,70.8613],[-24.2279,70.9316],[-24.1956,71.0123],[-24.2649,71.0814],[-24.4275,71.164],[-24.5697,71.2177],[-24.5853,71.2424],[-24.5734,71.2643],[-24.6694,71.272],[-24.6833,71.2885],[-24.6738,71.3009],[-24.615,71.3393],[-24.638,71.3618],[-24.745,71.3332],[-24.7999,71.3332],[-24.8477,71.3073],[-24.9645,71.3189],[-25.0961,71.3048],[-25.1722,71.3471],[-25.2655,71.3742],[-25.3077,71.4077],[-25.392,71.4466],[-25.3477,71.4648],[-25.3199,71.4504],[-25.1922,71.4426],[-25.1308,71.426],[-25.071,71.4316],[-24.8661,71.3865],[-24.7526,71.3858],[-24.7303,71.3964],[-24.777,71.4593],[-24.7637,71.4696],[-24.673,71.4199],[-24.5795,71.4293],[-24.5511,71.4426],[-24.5646,71.4511],[-24.5355,71.4772],[-24.5432,71.508],[-24.5239,71.5441],[-24.5276,71.5905],[-24.5433,71.6093],[-24.6315,71.6301],[-24.4819,71.6227],[-24.5032,71.7029],[-24.5299,71.706],[-24.504,71.7085],[-24.5008,71.7192],[-24.4579,71.7174],[-24.4482,71.7328],[-24.4794,71.7391],[-24.4626,71.7516],[-24.4534,71.7992],[-24.4332,71.8004],[-24.4432,71.8011],[-24.4249,71.8079],[-24.4311,71.8185],[-24.4017,71.8133],[-24.3395,71.849],[-24.0912,71.8334],[-23.9043,71.8708],[-23.5322,71.8907],[-23.4293,71.9239],[-23.3038,71.9249],[-23.1312,71.8938],[-22.8865,71.9428],[-22.6639,71.9115],[-22.5161,71.9093]]],[[[-25.3173,70.747],[-25.2835,70.6909],[-25.286,70.6678],[-25.3011,70.6573],[-25.5701,70.6341],[-25.6528,70.6091],[-25.8253,70.6013],[-25.9997,70.5351],[-26.0712,70.5312],[-26.0882,70.5449],[-26.1329,70.5449],[-26.1636,70.579],[-26.2379,70.5893],[-26.3483,70.5637],[-26.5004,70.5479],[-26.5751,70.5238],[-26.9245,70.5176],[-26.9685,70.5281],[-27.0198,70.5033],[-28.0677,70.4307],[-28.1161,70.4371],[-28.1374,70.4595],[-28.1017,70.487],[-27.9951,70.5219],[-27.9866,70.5312],[-27.9946,70.5418],[-28.048,70.5585],[-28.0643,70.5816],[-27.9634,70.6313],[-27.6514,70.6609],[-27.5825,70.7094],[-27.4908,70.7462],[-27.2717,70.7989],[-27.1496,70.8778],[-27.0675,70.8935],[-26.6625,70.8965],[-26.3089,70.9385],[-26.2272,70.9746],[-26.083,70.9934],[-25.7038,71.0858],[-25.677,71.0861],[-25.677,71.0241],[-25.7255,70.9905],[-25.6776,70.9763],[-25.4853,70.9635],[-25.3976,70.9143],[-25.3754,70.8732],[-25.4169,70.8528],[-25.3553,70.8358],[-25.3418,70.8097],[-25.475,70.7924],[-25.4852,70.7807],[-25.478,70.7712],[-25.3575,70.7689],[-25.3218,70.7618],[-25.3173,70.747]]],[[[-26.1766,71.4937],[-26.1083,71.4895],[-26.0133,71.5032],[-25.805,71.4907],[-25.7274,71.4744],[-25.556,71.3869],[-25.4442,71.3803],[-25.4101,71.3537],[-25.4169,71.2847],[-25.5045,71.2355],[-25.5125,71.2159],[-25.7091,71.2612],[-25.78,71.2575],[-25.5808,71.1885],[-25.6019,71.1696],[-25.6802,71.1562],[-25.7235,71.1353],[-25.9369,71.095],[-26.0021,71.0622],[-26.253,71.0412],[-26.3008,71.0067],[-26.3385,71.0053],[-26.4256,70.9746],[-26.8284,70.9353],[-27.1542,70.9496],[-27.2529,70.9353],[-27.5062,70.9421],[-27.5751,71.0111],[-27.7405,71.103],[-27.7657,71.1389],[-26.3321,71.3458],[-26.2316,71.4079],[-26.1766,71.4937]]],[[[-50.8322,64.9868],[-50.7621,65.0032],[-50.7236,64.9941],[-50.7376,64.9749],[-50.7203,64.9452],[-50.7373,64.9326],[-50.7032,64.9047],[-50.772,64.8706],[-50.6652,64.852],[-50.6485,64.8327],[-50.6551,64.8216],[-50.6998,64.8057],[-50.7091,64.7896],[-50.6379,64.7702],[-50.6422,64.7592],[-50.6929,64.7477],[-50.7072,64.7702],[-50.7348,64.7709],[-50.9097,64.685],[-51.0663,64.6657],[-51.0753,64.6521],[-51.0178,64.6483],[-51.0096,64.6342],[-51.1451,64.6166],[-51.2171,64.6242],[-51.1673,64.7112],[-51.1212,64.7305],[-51.0948,64.7584],[-51.0253,64.7613],[-51.0526,64.7675],[-51.0389,64.7812],[-51.135,64.7922],[-51.2526,64.7602],[-51.2929,64.7322],[-51.3335,64.652],[-51.3782,64.6477],[-51.4225,64.6105],[-51.4348,64.5449],[-51.458,64.5117],[-51.4818,64.5032],[-51.5051,64.4727],[-51.5767,64.4376],[-51.5999,64.3996],[-51.7096,64.3695],[-51.6991,64.3568],[-51.6758,64.3566],[-51.6869,64.3278],[-51.6627,64.3088],[-51.7225,64.2934],[-51.7757,64.2487],[-51.8351,64.225],[-51.9365,64.2228],[-51.9508,64.2194],[-51.9302,64.2132],[-51.9388,64.2099],[-52.0735,64.1913],[-52.1037,64.2378],[-52.1163,64.2214],[-52.1426,64.2222],[-52.1615,64.2563],[-52.1219,64.311],[-52.1269,64.3271],[-52.1623,64.3335],[-52.1105,64.3911],[-52.1801,64.4438],[-52.1946,64.4722],[-52.1099,64.4658],[-52.088,64.4861],[-52.044,64.4956],[-52.0461,64.5082],[-52.1184,64.5033],[-52.1213,64.5185],[-52.1084,64.529],[-52.1414,64.525],[-52.1552,64.5373],[-52.1403,64.5516],[-52.0593,64.5695],[-52.0237,64.5939],[-51.7329,64.6295],[-51.7067,64.6455],[-51.6931,64.6807],[-51.6441,64.7078],[-51.6012,64.7564],[-51.5248,64.7798],[-51.5406,64.7963],[-51.5351,64.8051],[-51.4496,64.831],[-51.4681,64.8431],[-51.4607,64.8753],[-51.2143,64.9035],[-51.0504,64.9008],[-50.9823,64.9286],[-50.9783,64.944],[-50.8644,64.9643],[-50.8322,64.9868]]],[[[-37.454,65.7925],[-37.4974,65.8097],[-37.4701,65.7824],[-37.4701,65.7482],[-37.4154,65.734],[-37.4974,65.7203],[-37.4723,65.7073],[-37.3832,65.719],[-37.3231,65.7013],[-37.3131,65.6793],[-37.3599,65.6621],[-37.385,65.6346],[-37.4229,65.6315],[-37.4248,65.6549],[-37.457,65.6514],[-37.4433,65.6384],[-37.4775,65.6315],[-37.4908,65.6104],[-37.5104,65.6142],[-37.5253,65.6384],[-37.5459,65.6374],[-37.5694,65.6021],[-37.6011,65.5967],[-37.5868,65.6179],[-37.6147,65.6315],[-37.6011,65.6384],[-37.7113,65.6542],[-37.693,65.6269],[-37.6283,65.6042],[-37.7379,65.5694],[-37.843,65.5944],[-37.8757,65.5771],[-37.9069,65.5878],[-37.9498,65.6241],[-37.9573,65.6725],[-37.9873,65.7006],[-37.9543,65.7964],[-37.8754,65.8022],[-37.8236,65.8711],[-37.6966,65.8916],[-37.6932,65.9052],[-37.6036,65.9007],[-37.4974,65.8432],[-37.3969,65.8232],[-37.3671,65.788],[-37.2721,65.7612],[-37.4013,65.7578],[-37.454,65.7925]]],[[[-40.1434,64.487],[-40.1918,64.4522],[-40.1771,64.4406],[-40.1837,64.4341],[-40.1977,64.4343],[-40.2161,64.4491],[-40.4106,64.467],[-40.4928,64.4941],[-40.4964,64.5159],[-40.4791,64.5382],[-40.5405,64.5764],[-40.5481,64.5969],[-40.5118,64.603],[-40.555,64.6379],[-40.5765,64.6894],[-40.6163,64.7067],[-40.602,64.7197],[-40.7733,64.8023],[-40.8224,64.8486],[-40.8263,64.8715],[-40.8695,64.9047],[-40.8287,64.929],[-40.7728,64.9387],[-40.7165,64.9323],[-40.4996,64.8296],[-40.5344,64.8091],[-40.4392,64.7409],[-40.4586,64.7259],[-40.5133,64.7259],[-40.5482,64.7096],[-40.4071,64.6664],[-40.3761,64.6166],[-40.4171,64.6105],[-40.4586,64.631],[-40.4834,64.6276],[-40.4513,64.5969],[-40.4791,64.5826],[-40.3949,64.5553],[-40.2646,64.5428],[-40.1434,64.487]]],[[[-41.147,63.2844],[-41.099,63.2222],[-41.1228,63.2121],[-41.1588,63.2188],[-41.2401,63.2878],[-41.2198,63.2242],[-41.2603,63.2195],[-41.2902,63.2336],[-41.3422,63.2847],[-41.3699,63.281],[-41.3529,63.2712],[-41.3485,63.2431],[-41.4148,63.2322],[-41.7193,63.3902],[-41.8474,63.4329],[-41.8669,63.4508],[-41.8633,63.4728],[-41.8036,63.496],[-41.6814,63.4968],[-41.6101,63.4665],[-41.583,63.4301],[-41.5181,63.4119],[-41.4657,63.4147],[-41.4254,63.3961],[-41.4132,63.3743],[-41.4455,63.3493],[-41.2631,63.3467],[-41.2152,63.3301],[-41.1974,63.3073],[-41.147,63.2844]]],[[[-50.8055,64.528],[-50.8224,64.4852],[-51.0,64.4041],[-51.0822,64.3207],[-51.1268,64.3056],[-51.1387,64.2637],[-51.1553,64.2542],[-51.258,64.2194],[-51.3386,64.2458],[-51.3368,64.2641],[-51.3096,64.2744],[-51.2171,64.2604],[-51.2649,64.2815],[-51.2474,64.2991],[-51.1619,64.3014],[-51.2068,64.3372],[-51.1351,64.384],[-51.1823,64.3976],[-51.0873,64.4438],[-51.0775,64.4841],[-51.0253,64.5211],[-51.0317,64.5509],[-50.8656,64.5572],[-50.8298,64.5495],[-50.8055,64.528]]],[[[-27.7191,70.7398],[-27.7489,70.7691],[-27.7396,70.8124],[-27.76,70.8581],[-27.7228,70.8886],[-27.5893,70.9012],[-27.4932,70.8869],[-27.2399,70.8944],[-27.3696,70.818],[-27.6716,70.7385],[-27.7191,70.7398]]],[[[-42.0353,62.767],[-41.9935,62.7505],[-41.8633,62.7391],[-41.9459,62.7255],[-42.0278,62.7534],[-42.2059,62.7329],[-42.1429,62.7215],[-42.0308,62.7326],[-42.0221,62.715],[-42.0545,62.6982],[-42.0353,62.6845],[-42.1166,62.6845],[-42.1823,62.7125],[-42.2594,62.6977],[-42.2742,62.7154],[-42.2674,62.7329],[-42.3157,62.7045],[-42.3494,62.7056],[-42.3861,62.6872],[-42.4256,62.7255],[-42.4045,62.7534],[-42.4455,62.7534],[-42.3494,62.8133],[-42.0066,62.7824],[-41.9862,62.767],[-42.0353,62.767]]],[[[-51.2993,64.3808],[-51.3682,64.3788],[-51.4035,64.3972],[-51.5051,64.384],[-51.5152,64.3945],[-51.4315,64.4133],[-51.4157,64.4249],[-51.43,64.4385],[-51.3406,64.4522],[-51.3505,64.4797],[-51.2761,64.5342],[-51.2649,64.5621],[-51.0941,64.5695],[-51.1687,64.5075],[-51.1761,64.4597],[-51.2993,64.3808]]],[[[-40.671,64.2194],[-40.6225,64.2269],[-40.6313,64.2065],[-40.6508,64.2038],[-40.9313,64.2132],[-41.0178,64.2016],[-41.062,64.2338],[-41.0434,64.2388],[-41.0477,64.2542],[-40.9999,64.2641],[-40.9726,64.2884],[-40.8271,64.3138],[-40.6778,64.2952],[-40.712,64.2604],[-40.6915,64.2468],[-40.7324,64.2338],[-40.6594,64.2277],[-40.671,64.2194]]],[[[-23.4397,69.743],[-23.2986,69.7429],[-23.2582,69.7287],[-23.224,69.671],[-23.2404,69.6533],[-23.2777,69.6466],[-23.4804,69.6553],[-23.5445,69.6757],[-23.5934,69.715],[-23.4397,69.743]]],[[[-29.7127,68.2217],[-29.695,68.2129],[-29.7159,68.1763],[-29.8673,68.143],[-29.9863,68.1689],[-30.0144,68.2143],[-29.9477,68.2375],[-29.8741,68.2421],[-29.7127,68.2217]]],[[[-36.7507,65.9052],[-36.7088,65.9309],[-36.6278,65.9532],[-36.5467,65.9634],[-36.5043,65.953],[-36.5048,65.9298],[-36.5218,65.9114],[-36.566,65.8882],[-36.6068,65.8897],[-36.6119,65.8695],[-36.5868,65.8507],[-36.5961,65.8331],[-36.5868,65.8159],[-36.6352,65.796],[-36.6466,65.8065],[-36.7371,65.8022],[-36.7279,65.8188],[-36.6834,65.8404],[-36.7067,65.8813],[-36.7507,65.9052]]],[[[-36.9363,65.6793],[-36.9563,65.6694],[-36.909,65.6514],[-36.9537,65.6282],[-37.0114,65.6241],[-37.004,65.5877],[-37.1151,65.6179],[-37.0666,65.6384],[-37.0813,65.6457],[-37.1523,65.6514],[-37.2174,65.6862],[-37.0753,65.7341],[-36.9909,65.706],[-36.9977,65.693],[-36.9363,65.6793]]],[[[-26.2083,70.5654],[-26.1467,70.5312],[-26.0742,70.5238],[-26.1067,70.5082],[-26.1016,70.4897],[-26.1895,70.4584],[-26.2888,70.4594],[-26.3827,70.4897],[-26.3622,70.5033],[-26.3827,70.5238],[-26.307,70.5449],[-26.2325,70.5312],[-26.266,70.5517],[-26.2083,70.5654]]],[[[-41.2121,63.1575],[-41.322,63.1649],[-41.2965,63.1479],[-41.1849,63.1234],[-41.3521,63.1259],[-41.4374,63.1563],[-41.4628,63.1749],[-41.462,63.195],[-41.4028,63.2133],[-41.302,63.1998],[-41.2121,63.1575]]],[[[-36.7855,65.8711],[-36.7639,65.8539],[-36.806,65.8227],[-36.7855,65.7612],[-36.8281,65.7424],[-36.8485,65.7382],[-36.8793,65.7659],[-36.9425,65.7824],[-36.9158,65.8022],[-36.9977,65.8159],[-36.8885,65.837],[-36.8127,65.8757],[-36.7855,65.8711]]],[[[-39.5472,65.3193],[-39.5953,65.3162],[-39.5707,65.2871],[-39.4916,65.2883],[-39.5688,65.2755],[-39.7936,65.3225],[-39.8034,65.3346],[-39.7803,65.3435],[-39.7802,65.3663],[-39.7528,65.3769],[-39.727,65.3743],[-39.7318,65.3572],[-39.7098,65.3507],[-39.6083,65.351],[-39.5137,65.3378],[-39.4916,65.3225],[-39.5472,65.3193]]],[[[-41.5858,63.0104],[-41.5203,63.0214],[-41.4518,63.0141],[-41.4704,62.9751],[-41.4518,62.9731],[-41.507,62.9384],[-41.5531,62.8867],[-41.5825,62.8754],[-41.582,62.9008],[-41.5343,62.9315],[-41.5965,62.9114],[-41.6122,62.9174],[-41.5828,62.9694],[-41.5858,63.0104]]],[[[-50.6827,63.1234],[-50.8172,63.0841],[-50.8642,63.1059],[-50.88,63.1384],[-50.772,63.1918],[-50.7306,63.1719],[-50.7112,63.1346],[-50.6827,63.1234]]],[[[-48.6887,61.3693],[-48.5589,61.3729],[-48.5239,61.3618],[-48.5155,61.3366],[-48.586,61.314],[-48.5785,61.3345],[-48.6474,61.314],[-48.7157,61.3345],[-48.8122,61.3271],[-48.833,61.3413],[-48.6887,61.3693]]],[[[-50.4977,63.1745],[-50.4693,63.1474],[-50.6243,63.1165],[-50.6664,63.1269],[-50.6798,63.1485],[-50.6022,63.2047],[-50.5714,63.2128],[-50.4977,63.1745]]],[[[-48.1611,61.0571],[-48.1959,61.0678],[-48.2351,61.055],[-48.3315,61.0596],[-48.3731,61.0812],[-48.3473,61.097],[-48.2419,61.1012],[-48.1007,61.0854],[-48.0441,61.0676],[-48.1611,61.0571]]],[[[-36.23,65.9196],[-36.2343,65.904],[-36.1828,65.8848],[-36.2399,65.8533],[-36.251,65.8643],[-36.2988,65.8569],[-36.292,65.8432],[-36.3349,65.8231],[-36.3596,65.8214],[-36.3807,65.837],[-36.374,65.8813],[-36.3063,65.8995],[-36.2775,65.9205],[-36.23,65.9196]]],[[[-52.0668,64.1649],[-52.0277,64.1814],[-51.8955,64.1916],[-51.8817,64.1675],[-51.9321,64.1341],[-52.0293,64.1263],[-52.0447,64.1049],[-52.0834,64.1282],[-52.0668,64.1649]]],[[[-41.5275,63.0817],[-41.4697,63.1081],[-41.404,63.1165],[-41.3084,63.0755],[-41.3354,63.0542],[-41.3855,63.0473],[-41.4924,63.0637],[-41.5275,63.0817]]],[[[-25.5619,71.1072],[-25.4648,71.106],[-25.4237,71.0787],[-25.3412,71.0787],[-25.3756,71.0561],[-25.3318,71.0429],[-25.3077,71.0173],[-25.3958,71.0452],[-25.4005,71.0263],[-25.414,71.0274],[-25.4722,71.0875],[-25.5609,71.0889],[-25.5808,71.106],[-25.5619,71.1072]]],[[[-37.2174,65.5832],[-37.1101,65.5901],[-37.0509,65.5776],[-37.025,65.5521],[-37.0329,65.5375],[-37.0933,65.5552],[-37.1964,65.5353],[-37.214,65.55],[-37.2038,65.5694],[-37.2174,65.5832]]],[[[-33.8657,66.8232],[-33.8414,66.8247],[-33.8461,66.8019],[-33.9523,66.7952],[-33.9708,66.8046],[-33.9757,66.8307],[-33.9665,66.8548],[-33.9176,66.8307],[-33.9051,66.881],[-33.8661,66.859],[-33.9073,66.8307],[-33.8657,66.8232]]],[[[-51.2233,63.5137],[-51.2041,63.5001],[-51.2461,63.4836],[-51.3959,63.4665],[-51.3474,63.4932],[-51.3406,63.5212],[-51.3164,63.5299],[-51.2233,63.5137]]],[[[-35.5515,66.2069],[-35.5279,66.2297],[-35.4822,66.2421],[-35.387,66.2485],[-35.4845,66.1849],[-35.5209,66.1805],[-35.5583,66.1933],[-35.5515,66.2069]]],[[[-49.1648,61.7014],[-49.0857,61.6772],[-49.0865,61.6429],[-49.1204,61.6287],[-49.2166,61.6567],[-49.1648,61.7014]]],[[[-40.7733,63.6441],[-40.6813,63.6545],[-40.6635,63.6441],[-40.7256,63.6099],[-40.7997,63.6098],[-40.8381,63.6343],[-40.7733,63.6441]]],[[[-50.6861,63.0991],[-50.6454,63.1042],[-50.6307,63.0937],[-50.6793,63.0237],[-50.7584,63.0681],[-50.6861,63.0991]]],[[[-33.4753,67.187],[-33.3381,67.2069],[-33.4105,67.1528],[-33.4499,67.1415],[-33.4828,67.1528],[-33.4412,67.1733],[-33.4753,67.187]]],[[[-41.918,62.8148],[-41.8155,62.808],[-41.8367,62.7893],[-41.9169,62.7792],[-41.939,62.7944],[-41.9558,62.8384],[-41.8701,62.8292],[-41.8788,62.8171],[-41.918,62.8148]]],[[[-48.9348,61.2656],[-48.9132,61.2897],[-48.847,61.3046],[-48.7718,61.307],[-48.7231,61.2935],[-48.8209,61.286],[-48.8939,61.2594],[-48.9559,61.2594],[-48.9348,61.2656]]],[[[-33.2494,67.3577],[-33.2425,67.344],[-33.2767,67.331],[-33.2538,67.3192],[-33.2465,67.3056],[-33.2561,67.2978],[-33.2835,67.303],[-33.3313,67.3378],[-33.2656,67.376],[-33.2494,67.3577]]]]}}]}
