{"type":"FeatureCollection","features":[{"type":"Feature","id":"Andaman and Nicobar Islands","properties":{"id":"Andaman and Nicobar Islands","iso_code":"IN-AN","name":"Andaman and Nicobar Islands","name_full":"Andaman and Nicobar Islands","name_ja":"アンダマン・ニコバル諸島","center_lonlat":[92.8301,12.5656]},"geometry":{"type":"MultiPolygon","coordinates":[[[[93.0527,13.2839],[93.0794,13.2598],[93.0569,13.2248],[93.0368,13.0622],[93.0195,13.0336],[92.9906,13.0437],[92.9793,13.0295],[92.964,13.0369],[92.964,13.0847],[92.9566,13.0642],[92.937,13.0671],[92.9284,13.0275],[92.9526,12.9708],[92.936,12.9543],[92.9274,12.981],[92.9053,12.9822],[92.8763,12.9167],[92.8963,12.8997],[92.9155,12.9196],[92.9245,12.9144],[92.964,12.8649],[92.968,12.8032],[92.9566,12.783],[92.9905,12.7243],[92.9729,12.6281],[92.989,12.5921],[92.9906,12.5192],[92.9559,12.4774],[92.9702,12.4683],[92.9386,12.4381],[92.936,12.4199],[92.895,12.4547],[92.9019,12.4335],[92.8467,12.4335],[92.8636,12.3855],[92.915,12.3384],[92.8792,12.313],[92.9002,12.2832],[92.8799,12.2436],[92.8942,12.205],[92.8726,12.2015],[92.8745,12.1837],[92.8274,12.1401],[92.8337,12.1182],[92.7993,12.0895],[92.7575,12.0775],[92.7927,12.0363],[92.7637,12.031],[92.7406,11.9836],[92.7375,11.8786],[92.762,11.9401],[92.7879,11.9345],[92.7995,11.8991],[92.76,11.7087],[92.7229,11.6938],[92.6839,11.6499],[92.6828,11.6152],[92.6968,11.6112],[92.7107,11.6217],[92.7107,11.6596],[92.7312,11.6527],[92.736,11.6824],[92.7615,11.6636],[92.7654,11.6186],[92.7476,11.5978],[92.7351,11.5239],[92.717,11.4945],[92.6589,11.5463],[92.6546,11.5738],[92.6257,11.5954],[92.6213,11.6186],[92.6487,11.6385],[92.6196,11.6513],[92.6038,11.7189],[92.5798,11.7142],[92.5632,11.7256],[92.5667,11.8271],[92.5249,11.8575],[92.5706,11.9326],[92.5947,11.8987],[92.6145,11.8991],[92.6077,11.8828],[92.6177,11.8664],[92.6294,11.9438],[92.6213,11.9879],[92.6419,12.0363],[92.6401,12.1361],[92.6818,12.2196],[92.6971,12.2077],[92.7131,12.2326],[92.721,12.2265],[92.7278,12.1728],[92.784,12.1894],[92.7927,12.2077],[92.7824,12.2486],[92.7586,12.2659],[92.7588,12.2766],[92.7942,12.2832],[92.7927,12.2964],[92.7337,12.3181],[92.7178,12.3625],[92.7217,12.5994],[92.7547,12.6496],[92.779,12.6527],[92.7832,12.665],[92.7477,12.6927],[92.7375,12.8072],[92.7654,12.8451],[92.7857,12.84],[92.8003,12.8578],[92.8132,12.9581],[92.8347,13.002],[92.808,13.0201],[92.8296,13.1035],[92.8542,13.1461],[92.8337,13.174],[92.8447,13.187],[92.8428,13.227],[92.864,13.2355],[92.8542,13.3106],[92.8412,13.3249],[92.8474,13.3449],[92.8914,13.4009],[92.895,13.4546],[92.9429,13.5092],[92.9497,13.5446],[92.9844,13.5576],[93.0117,13.5508],[93.0117,13.5781],[93.0163,13.5674],[93.05,13.5664],[93.0664,13.5371],[93.0537,13.4714],[93.0596,13.4068],[93.0801,13.413],[93.0784,13.3971],[93.0469,13.3574],[93.0042,13.331],[92.9951,13.3574],[92.9771,13.3454],[92.9905,13.3178],[93.0256,13.3161],[93.0527,13.2839]]],[[[93.9203,7.0243],[93.9299,6.9591],[93.8894,6.8418],[93.9031,6.8083],[93.8594,6.8043],[93.8342,6.7456],[93.8127,6.754],[93.8137,6.8083],[93.7844,6.8364],[93.7932,6.8492],[93.7757,6.8674],[93.7653,6.9243],[93.7481,6.9236],[93.7036,7.0063],[93.6646,7.0265],[93.6492,7.0131],[93.6497,7.1196],[93.6764,7.1819],[93.7173,7.1877],[93.814,7.2418],[93.8308,7.2359],[93.865,7.2007],[93.8871,7.0893],[93.9203,7.0243]]],[[[92.5851,10.7713],[92.5959,10.6784],[92.5398,10.6207],[92.5418,10.5917],[92.5742,10.5806],[92.5354,10.5249],[92.513,10.508],[92.4218,10.5462],[92.4065,10.5293],[92.3841,10.5293],[92.3781,10.5413],[92.4026,10.5752],[92.417,10.6291],[92.3795,10.6721],[92.3767,10.784],[92.4154,10.7989],[92.429,10.8508],[92.4828,10.8856],[92.5276,10.8955],[92.5651,10.8493],[92.5851,10.7713]]],[[[93.4295,7.9553],[93.4598,7.9108],[93.4544,7.8693],[93.4212,7.8918],[93.3543,7.8833],[93.3403,7.9013],[93.3482,7.9249],[93.3136,7.9292],[93.305,7.9499],[93.3226,8.0021],[93.3703,8.0173],[93.3914,8.0156],[93.4012,7.968],[93.4295,7.9553]]],[[[92.8114,9.2312],[92.8338,9.2024],[92.832,9.145],[92.7996,9.1102],[92.7312,9.1308],[92.7085,9.2016],[92.7451,9.2291],[92.751,9.2612],[92.8114,9.2312]]],[[[93.7312,7.3694],[93.7285,7.3371],[93.6442,7.2575],[93.6179,7.26],[93.6151,7.2874],[93.594,7.3148],[93.6167,7.3673],[93.6672,7.3828],[93.697,7.4451],[93.6995,7.3987],[93.7312,7.3694]]],[[[93.5319,8.0347],[93.4844,7.9919],[93.4808,8.0405],[93.4978,8.062],[93.5169,8.0633],[93.4978,8.0825],[93.4922,8.0636],[93.4663,8.0744],[93.4466,8.1544],[93.4858,8.2201],[93.5046,8.227],[93.5317,8.2132],[93.5052,8.147],[93.5376,8.0573],[93.5319,8.0347]]],[[[92.6765,11.4125],[92.6999,11.3844],[92.6732,11.3673],[92.635,11.3579],[92.5935,11.3784],[92.6008,11.4063],[92.6312,11.4162],[92.6372,11.4302],[92.6276,11.4774],[92.6356,11.508],[92.6751,11.4904],[92.6963,11.4544],[92.6765,11.4125]]],[[[92.7331,12.9725],[92.7244,12.8724],[92.6828,12.7973],[92.6703,12.8677],[92.6828,12.9617],[92.7083,12.9887],[92.7331,12.9725]]],[[[93.0425,11.9612],[93.0664,11.8991],[93.0493,11.8961],[93.0249,11.9401],[92.947,11.9897],[92.9807,12.0363],[93.0147,12.0372],[93.0254,12.0316],[93.0186,12.0158],[93.0425,11.9612]]],[[[93.1345,8.2402],[93.1763,8.2129],[93.1535,8.2055],[93.1025,8.2215],[93.0658,8.2681],[93.0643,8.3361],[93.0838,8.3559],[93.1014,8.3458],[93.104,8.2756],[93.1345,8.2402]]],[[[93.1033,12.1905],[93.095,12.1518],[93.1033,12.102],[93.0942,12.091],[93.0643,12.1271],[93.0593,12.1536],[93.0733,12.2008],[93.0911,12.2043],[93.1033,12.1905]]],[[[93.5659,7.9993],[93.574,7.9249],[93.5108,7.9802],[93.5115,7.9955],[93.5393,7.9993],[93.5483,8.0201],[93.5659,7.9993]]],[[[92.2668,11.5895],[92.2869,11.5632],[92.285,11.544],[92.2521,11.5292],[92.2345,11.5404],[92.2173,11.5981],[92.2668,11.5895]]],[[[93.6077,8.548],[93.6282,8.4866],[93.6014,8.4382],[93.6077,8.5071],[93.595,8.558],[93.6077,8.5692],[93.6077,8.548]]],[[[93.0391,13.6675],[93.0527,13.6402],[92.9906,13.6675],[93.0332,13.6802],[93.0391,13.6675]]],[[[94.2809,13.4435],[94.2908,13.4229],[94.2749,13.4203],[94.2619,13.4293],[94.2809,13.4435]]],[[[93.8728,12.2689],[93.8538,12.2606],[93.8519,12.2716],[93.8606,12.2812],[93.8728,12.2689]]]]}},{"type":"Feature","id":"Andhra Pradesh","properties":{"id":"Andhra Pradesh","iso_code":"IN-AP","name":"Andhra Pradesh","name_full":"Andhra Pradesh","name_ja":"アーンドラ・プラデーシュ州","center_lonlat":[79.924,15.7219]},"geometry":{"type":"MultiPolygon","coordinates":[[[[80.2777,13.5125],[80.2455,13.5917],[80.1973,13.6436],[80.1525,13.7189],[80.1419,13.7289],[80.1356,13.6191],[80.1213,13.6273],[80.1178,13.6745],[80.094,13.6948],[80.0913,13.6591],[80.053,13.6191],[80.0565,13.5952],[80.1194,13.5007],[80.2197,13.4878],[80.2602,13.4685],[80.2023,13.4485],[80.1025,13.4594],[80.1086,13.5121],[80.0341,13.5341],[80.0295,13.5194],[80.0542,13.4839],[79.9692,13.4271],[79.9567,13.3658],[79.8163,13.2949],[79.7582,13.2933],[79.756,13.2702],[79.7902,13.2419],[79.776,13.2208],[79.7208,13.2225],[79.6968,13.2358],[79.6801,13.2891],[79.582,13.2779],[79.5222,13.3362],[79.4495,13.3311],[79.4202,13.22],[79.3786,13.1982],[79.3149,13.132],[79.2508,13.1478],[79.1616,13.0449],[79.0776,13.0356],[79.0125,13.0556],[78.9988,13.0837],[78.9612,13.0932],[78.9308,13.087],[78.9224,13.0546],[78.9014,13.0378],[78.8837,13.0411],[78.8587,13.0805],[78.7249,13.0578],[78.7037,13.0258],[78.6616,13.0137],[78.6447,12.992],[78.6105,12.8499],[78.5777,12.7705],[78.5336,12.736],[78.5004,12.7448],[78.4906,12.6883],[78.4257,12.6338],[78.3528,12.6415],[78.2991,12.675],[78.2296,12.7599],[78.2487,12.7916],[78.244,12.8537],[78.2859,12.8434],[78.326,12.8608],[78.339,12.8701],[78.3462,12.9133],[78.378,12.9111],[78.44,12.8675],[78.4678,12.8677],[78.4486,12.9102],[78.4119,12.9367],[78.471,13.0481],[78.5115,13.0772],[78.5236,13.1387],[78.5527,13.1747],[78.565,13.2179],[78.5589,13.2986],[78.5162,13.2789],[78.4591,13.3157],[78.4162,13.3276],[78.3873,13.3178],[78.3537,13.3689],[78.373,13.5862],[78.3042,13.5995],[78.2722,13.5861],[78.2317,13.5896],[78.1841,13.6015],[78.1267,13.6586],[78.0679,13.6593],[78.0614,13.6981],[78.1047,13.7011],[78.0822,13.7538],[78.0977,13.7961],[78.0914,13.8301],[78.0797,13.8569],[78.0327,13.8847],[78.0021,13.8671],[77.9602,13.8688],[77.9206,13.8305],[77.9093,13.8806],[77.9404,13.9171],[77.9371,13.9633],[77.8788,13.9166],[77.8449,13.934],[77.7826,13.9366],[77.7718,13.9178],[77.7892,13.8703],[77.7349,13.8242],[77.6937,13.8076],[77.6693,13.7609],[77.6405,13.7817],[77.6046,13.7763],[77.592,13.7394],[77.5512,13.7369],[77.4942,13.7024],[77.4425,13.702],[77.4248,13.7975],[77.384,13.8467],[77.2921,13.8484],[77.2583,13.8669],[77.2208,13.8681],[77.1967,13.8919],[77.1561,13.8746],[77.1435,13.9107],[77.124,13.8702],[77.0999,13.8587],[77.1259,13.8309],[77.1277,13.7679],[77.0638,13.7697],[77.0411,13.744],[76.9938,13.7799],[76.98,13.7528],[76.9692,13.7537],[76.9545,13.8203],[77.0102,13.9141],[76.9359,14.0109],[76.9409,14.0673],[76.873,14.1374],[76.8754,14.1627],[76.9167,14.1884],[76.9674,14.171],[76.9953,14.0664],[77.0819,14.0338],[77.1123,14.0051],[77.244,14.0222],[77.2893,14.0107],[77.331,13.9391],[77.3324,13.9082],[77.3867,13.8904],[77.4008,13.9032],[77.384,13.9393],[77.3861,13.9693],[77.3558,13.9932],[77.3279,14.0522],[77.361,14.1064],[77.3279,14.1227],[77.3754,14.1676],[77.4655,14.1862],[77.4542,14.2394],[77.4639,14.285],[77.4174,14.2999],[77.4061,14.3233],[77.3744,14.3345],[77.3576,14.3132],[77.388,14.2528],[77.3673,14.2383],[77.3271,14.281],[77.268,14.3015],[77.2568,14.334],[77.1851,14.3265],[77.1329,14.344],[77.0829,14.2887],[77.0727,14.2326],[76.9082,14.2579],[76.9218,14.3047],[76.8681,14.3381],[76.8582,14.3826],[76.8737,14.4069],[76.908,14.4104],[76.9296,14.4665],[76.911,14.4867],[76.8256,14.4813],[76.7913,14.5417],[76.7564,14.5589],[76.7406,14.6129],[76.7439,14.6679],[76.7653,14.7191],[76.7619,14.7637],[76.7997,14.7948],[76.8222,14.921],[76.8101,14.9484],[76.7195,14.9859],[76.7434,15.0184],[76.7455,15.0639],[76.7643,15.0941],[76.8633,15.041],[76.948,15.0216],[76.9935,15.0336],[77.0342,15.0052],[77.0872,15.0459],[77.1307,15.1416],[77.1049,15.3082],[77.0259,15.3515],[77.0145,15.4172],[76.9674,15.506],[76.9724,15.5222],[77.0009,15.5039],[77.008,15.5118],[76.9997,15.6138],[77.0105,15.6446],[77.0385,15.6625],[77.0832,15.6578],[77.0769,15.6902],[77.0277,15.7609],[77.0341,15.8737],[77.0736,15.921],[77.1631,15.9671],[77.2264,15.9764],[77.3062,15.9571],[77.4465,15.953],[77.5825,15.928],[77.6606,15.8956],[77.8499,15.8939],[77.8956,15.918],[78.1004,15.8297],[78.1414,15.8881],[78.2353,15.9505],[78.256,16.0057],[78.2444,16.0385],[78.2998,16.0228],[78.3788,16.0759],[78.4998,16.0938],[78.5597,16.0567],[78.6456,16.0716],[78.7341,16.0303],[78.7911,16.0345],[78.8394,16.0667],[78.8469,16.1507],[78.8977,16.1428],[78.9229,16.1898],[79.0217,16.2471],[79.1606,16.2193],[79.2101,16.2366],[79.2334,16.3305],[79.2083,16.3887],[79.2135,16.4932],[79.2656,16.5696],[79.4177,16.5902],[79.5043,16.6419],[79.5505,16.6297],[79.585,16.6485],[79.5943,16.6691],[79.7209,16.689],[79.752,16.7237],[79.7717,16.7271],[79.8126,16.7115],[79.8263,16.6921],[79.8823,16.7032],[79.9097,16.6313],[79.9581,16.6304],[80.043,16.7386],[80.0733,16.8229],[80.0024,16.871],[80.0127,16.9021],[80.0776,16.9726],[80.1531,17.0231],[80.2205,17.0333],[80.2541,17.0236],[80.2806,16.9974],[80.3291,16.8898],[80.3931,16.8385],[80.5061,16.7925],[80.5606,16.7836],[80.5979,16.7933],[80.5656,16.8616],[80.5952,16.907],[80.5862,16.9339],[80.5258,16.9523],[80.4743,16.9366],[80.3843,16.976],[80.3843,17.062],[80.3974,17.0791],[80.442,17.0325],[80.4674,17.0357],[80.4942,17.0594],[80.5018,17.108],[80.5909,17.1398],[80.6416,17.1169],[80.6697,17.0799],[80.8295,17.046],[80.8558,17.0531],[80.8779,17.0821],[80.8931,17.1556],[80.9308,17.1925],[80.9905,17.2182],[81.0591,17.2225],[81.1442,17.2495],[81.2143,17.3236],[81.4083,17.3706],[81.4695,17.4205],[81.5292,17.5884],[81.5352,17.6377],[81.5739,17.7045],[81.6286,17.7634],[81.7758,17.8332],[81.7866,17.8631],[81.7786,17.8944],[81.759,17.9089],[81.9236,18.0002],[81.9954,18.01],[82.0424,18.0433],[82.0922,18.0499],[82.1319,18.0388],[82.1811,17.9999],[82.2401,17.9929],[82.277,18.0404],[82.3299,18.044],[82.3381,18.0663],[82.3303,18.112],[82.3603,18.1394],[82.3126,18.187],[82.3113,18.2055],[82.3608,18.2916],[82.351,18.323],[82.3699,18.419],[82.4382,18.5193],[82.5027,18.5106],[82.5113,18.4222],[82.5974,18.3252],[82.5824,18.2511],[82.6357,18.2289],[82.652,18.2403],[82.6697,18.2893],[82.7716,18.3444],[82.7859,18.3699],[82.7797,18.4167],[82.7954,18.4293],[82.8784,18.4091],[82.8883,18.3625],[82.9041,18.3553],[83.03,18.382],[83.0439,18.417],[83.033,18.4619],[83.0835,18.5253],[83.0761,18.5442],[83.0476,18.5433],[83.0216,18.5877],[83.0281,18.6409],[83.1265,18.7582],[83.1615,18.7639],[83.2017,18.7416],[83.392,18.8533],[83.3942,18.8694],[83.3748,18.895],[83.3473,18.9047],[83.3268,18.9297],[83.2999,18.9916],[83.3414,19.0046],[83.4355,18.9619],[83.4547,18.9769],[83.4491,19.0009],[83.4657,19.0187],[83.458,19.0694],[83.4842,19.0609],[83.5032,19.0088],[83.5183,19.01],[83.5396,19.0517],[83.5812,19.0804],[83.6047,19.1313],[83.7015,19.0119],[83.7381,18.9293],[83.7519,18.9482],[83.7495,19.0011],[83.7719,19.0097],[83.8018,19.0],[83.8542,18.86],[83.8971,18.8084],[84.0714,18.8179],[84.1621,18.7853],[84.3361,18.8165],[84.3688,18.8494],[84.3914,18.9009],[84.4272,18.9044],[84.4672,18.9536],[84.4697,19.0306],[84.5252,19.033],[84.6415,19.1005],[84.6697,19.0902],[84.6871,19.112],[84.6855,19.1576],[84.763,19.1564],[84.7778,19.1162],[84.7388,19.1476],[84.72,19.1016],[84.7405,19.0737],[84.761,19.1016],[84.78,19.0971],[84.7411,19.0281],[84.665,18.9301],[84.6309,18.9157],[84.5418,18.7758],[84.4483,18.6806],[84.4237,18.6365],[84.3705,18.6013],[84.3329,18.5537],[84.2817,18.5256],[84.2469,18.5256],[84.2376,18.5109],[84.271,18.5002],[84.3499,18.5529],[84.1439,18.3748],[84.1131,18.2983],[84.0774,18.2716],[83.7752,18.1396],[83.6139,18.0452],[83.5261,17.9425],[83.4729,17.9025],[83.4519,17.9229],[83.453,17.8685],[83.4312,17.8542],[83.4024,17.7845],[83.3413,17.7174],[83.2986,17.6901],[83.2682,17.7175],[83.2469,17.7163],[83.2493,17.6954],[83.2991,17.6643],[83.2469,17.6342],[83.2129,17.6349],[83.2389,17.593],[83.0882,17.5307],[82.8968,17.4093],[82.8833,17.4221],[82.8377,17.3928],[82.7185,17.3486],[82.4749,17.206],[82.4229,17.14],[82.3704,17.1101],[82.2993,17.0303],[82.2527,16.9292],[82.2551,16.8853],[82.2679,16.8675],[82.3142,16.8466],[82.3346,16.8541],[82.3521,16.8454],[82.3625,16.8591],[82.3489,16.9565],[82.3665,16.9086],[82.3656,16.8116],[82.3381,16.6784],[82.3128,16.6081],[82.2938,16.6256],[82.2809,16.6208],[82.3074,16.5798],[82.259,16.5655],[82.2035,16.5127],[82.0907,16.4548],[82.0374,16.4477],[81.9927,16.4084],[81.8617,16.3754],[81.763,16.3226],[81.6961,16.3149],[81.6563,16.3373],[81.5681,16.3464],[81.5739,16.3583],[81.557,16.373],[81.5402,16.3737],[81.5491,16.3524],[81.4959,16.3607],[81.4167,16.3402],[81.4282,16.3657],[81.4114,16.3825],[81.3757,16.3675],[81.3174,16.3675],[81.2596,16.3327],[81.2485,16.3201],[81.2542,16.2713],[81.2303,16.2436],[81.156,16.0385],[81.1497,15.9696],[81.0269,15.8808],[80.9989,15.8467],[81.0192,15.7924],[81.0125,15.7778],[80.91,15.8527],[80.9089,15.9835],[80.8965,16.0311],[80.889,16.0037],[80.8753,16.0174],[80.8913,15.9783],[80.8901,15.8953],[80.8071,15.7164],[80.8027,15.8424],[80.7761,15.8843],[80.6702,15.9077],[80.6629,15.8894],[80.6184,15.8877],[80.5711,15.8687],[80.5539,15.8808],[80.4363,15.8083],[80.3933,15.797],[80.2796,15.7007],[80.2013,15.5183],[80.1976,15.5031],[80.2112,15.4966],[80.1268,15.3881],[80.0906,15.3049],[80.0824,15.2041],[80.053,15.0926],[80.0545,15.0141],[80.1082,14.7143],[80.1598,14.6627],[80.1785,14.6058],[80.1697,14.5858],[80.1419,14.5712],[80.197,14.565],[80.176,14.4687],[80.175,14.3445],[80.1282,14.2565],[80.0872,14.2503],[80.0466,14.2066],[80.0506,14.1961],[80.0735,14.2019],[80.1211,14.242],[80.1356,14.2292],[80.1258,14.1485],[80.1497,14.0277],[80.2493,13.8003],[80.2455,13.7556],[80.221,13.697],[80.2881,13.5271],[80.2777,13.5125]],[[82.2304,16.7193],[82.2137,16.7324],[82.2218,16.7503],[82.1777,16.7186],[82.2606,16.6903],[82.2851,16.6979],[82.2665,16.7031],[82.2951,16.7096],[82.3011,16.7333],[82.2912,16.7421],[82.2726,16.722],[82.2304,16.7193]]],[[[80.9683,15.7952],[80.9849,15.7618],[80.9426,15.741],[80.8685,15.812],[80.8884,15.8467],[80.9683,15.7952]]]]}},{"type":"Feature","id":"Arunachal Pradesh","properties":{"id":"Arunachal Pradesh","iso_code":"IN-AR","name":"Arunachal Pradesh","name_full":"Arunachal Pradesh","name_ja":"アルナーチャル・プラデーシュ州","center_lonlat":[94.6614,28.0352]},"geometry":{"type":"Polygon","coordinates":[[[95.2469,26.6489],[95.2257,26.731],[95.2353,26.7906],[95.1974,26.8418],[95.2291,26.8983],[95.2343,26.9457],[95.2254,26.9742],[95.1799,27.0037],[95.1764,27.0332],[95.1997,27.0468],[95.2612,27.0489],[95.3569,27.1151],[95.4238,27.1413],[95.4631,27.1769],[95.4934,27.25],[95.5343,27.2718],[95.5596,27.2714],[95.6438,27.2303],[95.7996,27.2859],[95.9037,27.2761],[96.0072,27.3651],[96.0094,27.4134],[95.9783,27.4497],[95.9403,27.4469],[95.8877,27.4018],[95.8796,27.4626],[95.8958,27.4975],[95.8868,27.557],[95.7985,27.6277],[95.7759,27.7173],[95.8134,27.7744],[95.9007,27.8654],[95.9731,27.9888],[95.7168,27.9902],[95.6723,27.978],[95.5436,27.9021],[95.4084,27.8708],[95.3048,27.8959],[95.247,27.8662],[94.9481,27.7695],[94.7985,27.7012],[94.6628,27.6687],[94.5259,27.6039],[94.4746,27.5939],[94.4492,27.6162],[94.3529,27.5931],[94.2891,27.6152],[94.2431,27.648],[94.2123,27.6126],[94.2569,27.5481],[94.2431,27.526],[93.9825,27.3277],[93.8466,27.1989],[93.8271,27.167],[93.8349,27.1139],[93.8266,27.096],[93.6947,27.0059],[93.632,26.9834],[93.4607,26.9472],[93.4191,26.9773],[93.375,26.9888],[93.0203,26.953],[92.9646,26.9657],[92.9362,27.0015],[92.8148,27.0508],[92.6988,27.0659],[92.6057,27.0094],[92.3289,26.9357],[92.2103,26.9123],[92.0804,26.9216],[92.067,26.9949],[92.0497,27.0268],[91.9999,27.0715],[91.9877,27.104],[91.9959,27.158],[92.0271,27.1998],[92.0368,27.2365],[92.0888,27.2923],[92.0236,27.4468],[91.9751,27.4724],[91.7796,27.4565],[91.6574,27.4792],[91.5951,27.5464],[91.5733,27.6197],[91.5799,27.658],[91.6267,27.7164],[91.6358,27.7825],[91.6053,27.8107],[91.566,27.8211],[91.5644,27.8514],[91.6801,27.8498],[91.7299,27.8041],[91.8266,27.8076],[91.8649,27.73],[91.9522,27.7248],[91.9889,27.7694],[92.0649,27.7617],[92.1263,27.8127],[92.2396,27.8653],[92.3039,27.7862],[92.3292,27.8329],[92.3501,27.8025],[92.3679,27.8038],[92.3928,27.856],[92.4276,27.8212],[92.4751,27.8466],[92.575,27.8478],[92.6365,27.8954],[92.6837,27.9105],[92.7364,27.9859],[92.6893,28.0483],[92.6389,28.0575],[92.6548,28.1058],[92.6786,28.1331],[92.7792,28.1959],[92.7902,28.1789],[92.8348,28.1835],[92.9038,28.2497],[92.9749,28.2823],[93.2078,28.3405],[93.2181,28.3946],[93.1863,28.432],[93.287,28.5205],[93.3172,28.6035],[93.4462,28.6719],[93.6255,28.6724],[93.7225,28.6966],[93.7817,28.6805],[93.8631,28.7049],[93.9278,28.6828],[93.9816,28.7681],[93.992,28.8446],[94.1354,28.8978],[94.1737,28.9302],[94.2502,28.9331],[94.3473,29.0243],[94.2708,29.0979],[94.2875,29.1479],[94.3358,29.1496],[94.3729,29.1963],[94.3964,29.2071],[94.5148,29.2211],[94.5999,29.3166],[94.6304,29.3195],[94.7042,29.2847],[94.7677,29.2139],[94.7615,29.1747],[94.7766,29.1667],[94.9891,29.154],[95.1169,29.1081],[95.1997,29.0942],[95.2249,29.0594],[95.3674,29.0365],[95.4876,29.069],[95.5214,29.1379],[95.5153,29.2094],[95.5502,29.2125],[95.5644,29.2456],[95.5923,29.2497],[95.7172,29.2183],[95.7474,29.2737],[95.7448,29.3404],[95.7959,29.3529],[95.8631,29.324],[95.9537,29.3592],[96.142,29.3685],[96.1763,29.2865],[96.2353,29.2412],[96.2678,29.2417],[96.3371,29.2797],[96.3662,29.2572],[96.3275,29.1804],[96.2101,29.1458],[96.1746,29.1088],[96.176,29.0174],[96.1953,28.9411],[96.2486,28.9453],[96.2947,28.9923],[96.3666,29.0365],[96.4576,28.9946],[96.4521,28.9704],[96.4922,28.948],[96.5108,28.8855],[96.5767,28.8085],[96.5926,28.7579],[96.598,28.7099],[96.501,28.6876],[96.5024,28.6445],[96.3365,28.4797],[96.3019,28.4207],[96.3696,28.3781],[96.5615,28.4473],[96.7169,28.4365],[96.9658,28.3305],[97.0784,28.3751],[97.1155,28.3666],[97.1827,28.315],[97.2105,28.3081],[97.2297,28.2746],[97.3235,28.2175],[97.3287,28.19],[97.2929,28.0951],[97.3551,28.023],[97.3623,27.9949],[97.34,27.9518],[97.3335,27.8942],[97.2929,27.8775],[97.2764,27.9103],[97.2229,27.8997],[97.0653,27.774],[97.0567,27.7468],[96.9909,27.7266],[96.8835,27.6363],[96.8621,27.5993],[96.8885,27.5072],[96.8814,27.4441],[97.0955,27.1913],[97.1044,27.156],[97.1293,27.1379],[97.133,27.1196],[97.106,27.0826],[97.0772,27.0965],[97.038,27.087],[97.003,27.1145],[96.8653,27.1716],[96.8427,27.1885],[96.8538,27.2487],[96.7763,27.3306],[96.7052,27.3608],[96.6759,27.3577],[96.649,27.3362],[96.5869,27.3536],[96.5473,27.3064],[96.5109,27.2925],[96.4078,27.2982],[96.1426,27.2575],[96.0132,27.1908],[95.9164,27.0514],[95.8615,27.0142],[95.778,26.9951],[95.6993,26.8962],[95.6243,26.8807],[95.5913,26.8237],[95.5748,26.8161],[95.4898,26.8107],[95.44,26.7354],[95.3927,26.6918],[95.2469,26.6489]]]}},{"type":"Feature","id":"Assam","properties":{"id":"Assam","iso_code":"IN-AS","name":"Assam","name_full":"Assam","name_ja":"アッサム州","center_lonlat":[92.8303,26.3561]},"geometry":{"type":"Polygon","coordinates":[[[89.8587,26.7221],[89.9121,26.7167],[90.1272,26.7514],[90.1522,26.7718],[90.1774,26.8321],[90.2109,26.8515],[90.2844,26.8571],[90.3488,26.8967],[90.3826,26.8918],[90.5878,26.7801],[90.7171,26.767],[91.0074,26.7821],[91.0919,26.8048],[91.1982,26.8023],[91.276,26.7741],[91.3456,26.7947],[91.3885,26.8585],[91.4202,26.8715],[91.4751,26.8655],[91.5206,26.7976],[91.5937,26.8108],[91.638,26.799],[91.7021,26.8035],[91.8251,26.8585],[91.8439,26.8494],[91.8631,26.8048],[91.8787,26.803],[91.8859,26.8309],[91.874,26.8443],[91.8955,26.8535],[91.8931,26.8814],[91.9257,26.8787],[91.9751,26.8466],[92.0359,26.8548],[92.0728,26.8878],[92.0804,26.9216],[92.2103,26.9123],[92.3289,26.9357],[92.6057,27.0094],[92.6988,27.0659],[92.8148,27.0508],[92.9362,27.0015],[92.9646,26.9657],[93.0203,26.953],[93.375,26.9888],[93.4191,26.9773],[93.4607,26.9472],[93.632,26.9834],[93.6947,27.0059],[93.8266,27.096],[93.8349,27.1139],[93.8271,27.167],[93.8466,27.1989],[93.9825,27.3277],[94.2431,27.526],[94.2569,27.5481],[94.2123,27.6126],[94.2431,27.648],[94.2891,27.6152],[94.3529,27.5931],[94.4492,27.6162],[94.4746,27.5939],[94.5259,27.6039],[94.6628,27.6687],[94.7985,27.7012],[94.9481,27.7695],[95.247,27.8662],[95.3048,27.8959],[95.4084,27.8708],[95.5436,27.9021],[95.6723,27.978],[95.7168,27.9902],[95.9731,27.9888],[95.9007,27.8654],[95.8134,27.7744],[95.7759,27.7173],[95.7985,27.6277],[95.8868,27.557],[95.8958,27.4975],[95.8796,27.4626],[95.8877,27.4018],[95.9403,27.4469],[95.9783,27.4497],[96.0094,27.4134],[96.0072,27.3651],[95.9037,27.2761],[95.7996,27.2859],[95.6438,27.2303],[95.5596,27.2714],[95.5343,27.2718],[95.4934,27.25],[95.4631,27.1769],[95.4238,27.1413],[95.3569,27.1151],[95.2612,27.0489],[95.1997,27.0468],[95.1764,27.0332],[95.1498,27.0005],[95.0179,26.9282],[94.9662,26.9271],[94.9171,26.9512],[94.7654,26.788],[94.669,26.7321],[94.4866,26.6767],[94.4287,26.6169],[94.4206,26.5675],[94.3965,26.5344],[94.3455,26.4897],[94.3083,26.4854],[94.291,26.5429],[94.2696,26.5547],[94.1954,26.4655],[94.1704,26.3608],[94.1029,26.3036],[94.0077,26.1844],[94.0027,26.0768],[93.9697,26.027],[93.9892,25.9462],[93.9478,25.8862],[93.9042,25.8568],[93.7791,25.831],[93.7748,25.8463],[93.8101,25.9036],[93.7964,25.9516],[93.7587,25.9606],[93.6851,25.927],[93.6776,25.9114],[93.7058,25.8644],[93.5808,25.7631],[93.5243,25.6893],[93.3383,25.5485],[93.3406,25.5293],[93.3963,25.4614],[93.4437,25.4217],[93.4585,25.3807],[93.4492,25.3021],[93.3943,25.235],[93.3121,25.0658],[93.263,25.036],[93.2601,25.0088],[93.2768,24.9734],[93.2394,24.9448],[93.2534,24.9147],[93.2072,24.8476],[93.1994,24.8165],[93.1811,24.8094],[93.1481,24.8239],[93.1177,24.7972],[93.0871,24.707],[93.0912,24.6827],[93.1063,24.6719],[93.08,24.6244],[93.1006,24.577],[93.0645,24.5589],[93.0457,24.4445],[93.0367,24.4146],[93.0118,24.4128],[93.0184,24.3991],[92.9919,24.3807],[92.9302,24.3916],[92.8634,24.3656],[92.8373,24.3676],[92.7838,24.4616],[92.7578,24.483],[92.7073,24.3696],[92.6226,24.2807],[92.6245,24.2385],[92.5885,24.2213],[92.4802,24.1292],[92.4533,24.1323],[92.4313,24.153],[92.4149,24.1957],[92.423,24.238],[92.2985,24.2377],[92.231,24.248],[92.2202,24.2643],[92.2543,24.3371],[92.2578,24.396],[92.2363,24.4379],[92.2279,24.4954],[92.15,24.5422],[92.2338,24.7775],[92.223,24.8914],[92.2522,24.903],[92.2902,24.8914],[92.3807,24.8367],[92.4777,24.8639],[92.4915,24.8837],[92.4838,24.9282],[92.3849,25.0048],[92.5101,25.1129],[92.5575,25.1279],[92.5607,25.1502],[92.6492,25.1554],[92.6804,25.1879],[92.8116,25.2341],[92.7863,25.2825],[92.7983,25.3273],[92.7896,25.3489],[92.7018,25.4255],[92.6368,25.4474],[92.5849,25.4915],[92.6788,25.5867],[92.6779,25.6106],[92.5934,25.5867],[92.4769,25.6999],[92.3824,25.7643],[92.3165,25.7273],[92.2277,25.7138],[92.1784,25.6847],[92.1673,25.6895],[92.167,25.8171],[92.2147,25.9195],[92.2078,25.9393],[92.1791,25.9477],[92.1757,25.9798],[92.2615,26.0554],[92.2704,26.0732],[92.2552,26.0852],[92.1641,26.0884],[92.0541,26.0568],[91.9225,26.0382],[91.8909,26.0437],[91.8253,26.0893],[91.8071,26.0881],[91.7519,26.0481],[91.7182,25.9677],[91.6725,25.9312],[91.6316,25.9396],[91.6458,26.0001],[91.6378,26.0261],[91.592,26.0344],[91.4723,25.8901],[91.4966,25.8829],[91.5328,25.9015],[91.5274,25.8881],[91.4735,25.8618],[91.3606,25.8433],[91.2691,25.7516],[91.2221,25.7307],[91.1993,25.7606],[91.1959,25.8689],[91.0816,25.8376],[91.0609,25.8517],[91.0313,25.8357],[91.029,25.8993],[90.9874,25.9226],[90.9745,25.9436],[90.8684,25.9516],[90.7781,25.9251],[90.7666,25.9597],[90.7529,25.9621],[90.6443,25.9315],[90.6267,25.9641],[90.6096,25.9694],[90.5347,25.911],[90.5517,25.9613],[90.5453,25.9807],[90.4949,26.0099],[90.3971,26.0171],[90.3239,25.9848],[90.1356,25.9598],[90.041,25.8863],[89.9802,25.814],[89.9446,25.7258],[89.9492,25.6658],[90.0005,25.6093],[89.9985,25.5807],[89.9665,25.5615],[89.9034,25.5535],[89.8833,25.4659],[89.8086,25.4395],[89.8344,25.6348],[89.7831,25.8144],[89.8344,25.9318],[89.792,25.9491],[89.8256,25.9657],[89.8287,25.9794],[89.8141,25.9961],[89.7894,25.988],[89.7502,26.0416],[89.7498,26.0839],[89.7185,26.1455],[89.6582,26.1592],[89.6578,26.1872],[89.7353,26.2117],[89.7326,26.2506],[89.7588,26.2632],[89.7815,26.3087],[89.8289,26.3279],[89.8152,26.361],[89.8434,26.3822],[89.8585,26.471],[89.8885,26.5329],[89.8587,26.7221]]]}},{"type":"Feature","id":"Bihar","properties":{"id":"Bihar","iso_code":"IN-BR","name":"Bihar","name_full":"Bihar","name_ja":"ビハール州","center_lonlat":[85.6041,25.6623]},"geometry":{"type":"Polygon","coordinates":[[[88.0871,26.5391],[88.1219,26.5305],[88.2034,26.5472],[88.1953,26.5001],[88.2787,26.435],[88.2545,26.396],[88.2996,26.3688],[88.3024,26.3439],[88.1675,26.2772],[88.0798,26.1928],[88.0165,26.1509],[87.9794,26.1458],[87.8314,26.0106],[87.8171,25.9371],[87.7895,25.9192],[87.7892,25.9024],[87.8054,25.8737],[87.8651,25.8439],[87.9041,25.7733],[87.9426,25.7353],[88.0051,25.7108],[88.0428,25.6781],[88.0568,25.6141],[88.0431,25.5471],[88.0649,25.5199],[88.0674,25.4911],[88.0058,25.5012],[87.9558,25.5341],[87.768,25.4363],[87.745,25.3995],[87.7748,25.367],[87.7988,25.3659],[87.839,25.2883],[87.7837,25.2141],[87.7496,25.2482],[87.6812,25.2454],[87.5987,25.2667],[87.5702,25.3035],[87.5235,25.3238],[87.4708,25.2842],[87.4234,25.1885],[87.4067,25.181],[87.3556,25.1971],[87.3025,25.1839],[87.2614,25.064],[87.2167,25.0726],[87.1855,25.062],[87.1213,24.9863],[87.1192,24.8511],[87.0681,24.7785],[87.0775,24.7453],[87.0694,24.6681],[87.0423,24.5884],[86.9178,24.6127],[86.8907,24.5645],[86.8899,24.5316],[86.8132,24.5542],[86.7554,24.5881],[86.7023,24.5478],[86.6492,24.5427],[86.5857,24.5614],[86.4944,24.4798],[86.486,24.4105],[86.4675,24.3999],[86.4569,24.3523],[86.4387,24.3404],[86.2764,24.4348],[86.2725,24.4545],[86.3035,24.4911],[86.2905,24.5516],[86.2236,24.5679],[86.1744,24.5524],[86.1257,24.5807],[86.1077,24.6716],[86.0815,24.7011],[86.0329,24.7124],[86.0469,24.7396],[86.0402,24.75],[85.9593,24.7032],[85.9116,24.6985],[85.8659,24.7517],[85.8309,24.7709],[85.746,24.77],[85.7185,24.7538],[85.6889,24.6688],[85.6473,24.6486],[85.6624,24.6057],[85.6568,24.5576],[85.5784,24.5578],[85.5171,24.4995],[85.3914,24.5095],[85.2806,24.4873],[85.2713,24.467],[85.171,24.4309],[85.1577,24.3956],[85.089,24.342],[85.0806,24.3933],[84.9818,24.3528],[84.9089,24.3537],[84.889,24.3728],[84.8763,24.4364],[84.8352,24.4379],[84.8256,24.4849],[84.7985,24.4966],[84.6882,24.4307],[84.6576,24.3751],[84.5883,24.3944],[84.5192,24.3075],[84.4845,24.3029],[84.3664,24.3881],[84.3144,24.4431],[84.3246,24.5029],[84.3054,24.5308],[84.2688,24.5177],[84.203,24.5213],[84.1902,24.4766],[84.1741,24.4795],[84.1692,24.5055],[84.1569,24.511],[84.1454,24.4766],[84.1305,24.4698],[84.107,24.4846],[84.0439,24.6239],[84.0217,24.639],[83.9887,24.5879],[83.9184,24.5438],[83.8089,24.5425],[83.7677,24.5138],[83.6959,24.5063],[83.5231,24.5297],[83.5254,24.6289],[83.5109,24.6674],[83.531,24.7036],[83.5236,24.7463],[83.5088,24.7621],[83.4444,24.7834],[83.3548,24.875],[83.3642,24.9984],[83.323,25.079],[83.3343,25.1726],[83.3573,25.2128],[83.7749,25.445],[83.8177,25.4902],[83.8869,25.517],[84.1434,25.7362],[84.1798,25.7459],[84.2129,25.728],[84.2224,25.6608],[84.276,25.6415],[84.3265,25.6633],[84.3127,25.7197],[84.3261,25.7485],[84.3728,25.7651],[84.4381,25.7187],[84.5242,25.7002],[84.5922,25.7384],[84.6124,25.7869],[84.5316,25.8621],[84.4566,25.87],[84.4121,25.8959],[84.3743,25.9403],[84.2615,25.9313],[84.2256,25.9636],[84.2061,26.0154],[84.1759,26.0228],[84.1503,26.066],[84.0649,26.1035],[84.0223,26.1839],[83.9881,26.2086],[83.9885,26.235],[84.0077,26.2509],[84.1856,26.2849],[84.1617,26.3379],[84.1862,26.3946],[84.0862,26.4261],[84.016,26.4734],[83.9691,26.4531],[83.9263,26.4646],[83.9259,26.5464],[83.9442,26.5497],[83.9635,26.5159],[83.9906,26.546],[84.054,26.5648],[84.0992,26.6496],[84.383,26.6417],[84.394,26.6544],[84.3063,26.7444],[84.2464,26.757],[84.2464,26.8535],[84.2261,26.8915],[84.1878,26.894],[84.149,26.8763],[84.0706,26.9236],[84.0272,26.9996],[84.0234,27.06],[83.9414,27.154],[83.9424,27.2225],[83.8858,27.2801],[83.8928,27.324],[83.8492,27.3267],[83.8533,27.3462],[83.8777,27.3699],[83.8341,27.434],[83.923,27.45],[84.0077,27.4408],[84.0796,27.5095],[84.1172,27.5133],[84.1216,27.495],[84.1657,27.4722],[84.1858,27.4386],[84.2255,27.4404],[84.2894,27.3761],[84.577,27.329],[84.6065,27.3105],[84.6319,27.277],[84.6577,27.2034],[84.6544,27.1254],[84.6215,27.058],[84.6402,27.0284],[84.7607,26.999],[84.8175,27.0106],[84.8518,26.9821],[84.924,26.9557],[84.9527,26.8976],[85.018,26.8744],[85.0186,26.8458],[85.1228,26.8657],[85.162,26.851],[85.1657,26.7863],[85.1949,26.7589],[85.2873,26.737],[85.337,26.7468],[85.3859,26.7884],[85.4396,26.7877],[85.5195,26.8264],[85.6094,26.851],[85.7018,26.7966],[85.7129,26.6532],[85.781,26.5992],[85.8097,26.603],[85.8285,26.5661],[85.8664,26.5799],[85.9521,26.642],[86.0114,26.6544],[86.1159,26.6026],[86.1959,26.5827],[86.2844,26.612],[86.3086,26.6022],[86.316,26.581],[86.3537,26.5826],[86.4949,26.5278],[86.5579,26.484],[86.7136,26.4146],[86.7382,26.4437],[86.7964,26.4315],[86.8219,26.4381],[86.8657,26.4724],[86.876,26.4949],[86.9724,26.532],[87.0413,26.5802],[87.0667,26.4656],[87.1063,26.4047],[87.135,26.3942],[87.2191,26.4081],[87.2453,26.3702],[87.314,26.3438],[87.3564,26.4037],[87.4165,26.427],[87.4803,26.4234],[87.587,26.378],[87.6812,26.4242],[87.7275,26.4038],[87.769,26.4515],[87.8216,26.4375],[87.8698,26.4646],[87.929,26.3964],[87.9755,26.3666],[88.0066,26.3699],[88.0742,26.4539],[88.0871,26.5391]]]}},{"type":"Feature","id":"Chandigarh","properties":{"id":"Chandigarh","iso_code":"IN-CH","name":"Chandigarh","name_full":"Chandigarh","name_ja":"チャンディーガル","center_lonlat":[76.7707,30.7416]},"geometry":{"type":"Polygon","coordinates":[[[76.8146,30.7891],[76.8273,30.6807],[76.7806,30.6735],[76.6937,30.7635],[76.7038,30.7814],[76.7415,30.7965],[76.8146,30.7891]]]}},{"type":"Feature","id":"Chhattisgarh","properties":{"id":"Chhattisgarh","iso_code":"IN-CT","name":"Chhattisgarh","name_full":"Chhattisgarh","name_ja":"チャッティースガル州","center_lonlat":[82.0338,21.2564]},"geometry":{"type":"Polygon","coordinates":[[[83.3371,24.1402],[83.4515,24.1194],[83.5175,24.0752],[83.5238,23.9995],[83.5404,23.9567],[83.7118,23.801],[83.7353,23.7383],[83.7208,23.6762],[83.7615,23.5965],[83.7882,23.5855],[83.8446,23.5887],[83.9163,23.5638],[83.9237,23.6235],[83.9693,23.6435],[83.9863,23.639],[84.0158,23.5618],[83.9522,23.4749],[83.944,23.3829],[83.9609,23.3587],[84.0043,23.3885],[84.0283,23.3584],[84.0386,23.3094],[84.02,23.1871],[84.0289,23.1461],[84.0891,23.0848],[84.1193,22.9957],[84.1454,22.9934],[84.1516,23.0244],[84.2171,22.9952],[84.2822,23.0001],[84.331,22.9703],[84.3533,22.8965],[84.3369,22.8619],[84.2283,22.7831],[84.191,22.7009],[84.1113,22.6439],[84.0565,22.6393],[83.9919,22.5897],[83.9702,22.5393],[83.9965,22.4405],[83.9557,22.3787],[83.8414,22.3486],[83.7216,22.2551],[83.6237,22.2133],[83.5487,22.1129],[83.5711,22.0584],[83.5222,22.0284],[83.5129,21.9731],[83.5706,21.9231],[83.5649,21.8536],[83.5571,21.8349],[83.5222,21.8303],[83.5112,21.7962],[83.4864,21.8085],[83.4669,21.8],[83.4589,21.748],[83.3519,21.5773],[83.3277,21.4992],[83.3346,21.4442],[83.3849,21.3894],[83.3797,21.3392],[83.2794,21.3588],[83.1983,21.1726],[83.1436,21.1206],[83.0694,21.1168],[82.9646,21.1785],[82.7904,21.145],[82.7526,21.1601],[82.6567,21.1526],[82.6427,21.1404],[82.6441,21.1043],[82.6069,21.0241],[82.5621,20.9545],[82.5146,20.9237],[82.463,20.8554],[82.4159,20.8338],[82.3949,20.8752],[82.3599,20.8824],[82.3432,20.8668],[82.3442,20.7479],[82.3676,20.6693],[82.3401,20.5425],[82.359,20.4998],[82.3809,20.501],[82.3913,20.4582],[82.4175,20.4625],[82.4203,20.4516],[82.4116,20.3268],[82.4271,20.294],[82.4358,20.1737],[82.4156,20.067],[82.4959,20.023],[82.5658,20.0223],[82.6112,19.9881],[82.6534,20.005],[82.695,20.0005],[82.7009,19.9688],[82.6845,19.8954],[82.7133,19.8555],[82.7079,19.8432],[82.5752,19.7681],[82.5791,19.8432],[82.4759,19.8724],[82.3611,19.8839],[82.3049,19.8233],[82.2179,19.973],[82.1647,19.9794],[82.1488,20.0057],[82.0813,20.0579],[82.0659,20.0537],[82.0461,20.0179],[82.0219,20.0117],[82.0093,20.0445],[81.9449,20.1056],[81.8678,20.0467],[81.8193,19.9657],[81.8137,19.9351],[81.8332,19.9038],[81.9294,19.8493],[81.9601,19.7963],[82.0201,19.782],[82.0362,19.7671],[82.0273,19.6956],[82.0406,19.6374],[82.029,19.5179],[82.0381,19.5025],[82.081,19.4888],[82.1064,19.4402],[82.151,19.4247],[82.1675,19.4052],[82.1687,19.3866],[82.1353,19.3558],[82.1718,19.3169],[82.1457,19.2253],[82.1687,19.1662],[82.1597,19.1228],[82.195,19.0926],[82.225,19.0152],[82.2279,18.934],[82.1662,18.8738],[82.1389,18.7473],[82.0987,18.7706],[82.0699,18.7198],[81.9895,18.7002],[81.9409,18.651],[81.9034,18.6341],[81.9084,18.6159],[81.9419,18.594],[81.9471,18.5676],[81.7924,18.4384],[81.7331,18.3496],[81.6756,18.3298],[81.6438,18.2924],[81.5425,18.2625],[81.5138,18.2008],[81.5249,18.1603],[81.5063,18.0856],[81.4829,18.0514],[81.4744,17.96],[81.4442,17.8797],[81.3973,17.8831],[81.394,17.8067],[81.2452,17.8037],[81.1572,17.8379],[81.0449,17.7761],[81.0154,17.7852],[80.9856,17.8405],[80.979,17.9639],[80.9381,18.0662],[80.9591,18.1482],[80.9345,18.1553],[80.8735,18.1376],[80.857,18.1556],[80.8472,18.208],[80.8283,18.2153],[80.7994,18.1687],[80.7426,18.167],[80.7321,18.2073],[80.7723,18.2327],[80.7742,18.2485],[80.7058,18.3968],[80.6652,18.45],[80.5834,18.5414],[80.5026,18.5999],[80.4644,18.6067],[80.4091,18.5889],[80.3721,18.6156],[80.352,18.5923],[80.3199,18.6422],[80.3031,18.7051],[80.2704,18.7137],[80.266,18.7682],[80.3492,18.8309],[80.2839,18.9203],[80.2718,18.9794],[80.3666,19.1174],[80.4054,19.2504],[80.4473,19.2721],[80.4808,19.3286],[80.517,19.3452],[80.5535,19.3869],[80.576,19.392],[80.6174,19.3186],[80.68,19.3215],[80.7205,19.2616],[80.7612,19.2985],[80.831,19.3342],[80.8057,19.4033],[80.8694,19.4194],[80.8954,19.4522],[80.8939,19.4844],[80.8381,19.5431],[80.7014,19.5975],[80.6677,19.689],[80.5745,19.7288],[80.5378,19.8109],[80.5008,19.8109],[80.4788,19.7665],[80.4316,19.7733],[80.409,19.792],[80.4718,19.8302],[80.4861,19.855],[80.4807,19.8711],[80.4275,19.8882],[80.4448,19.9312],[80.4602,19.941],[80.5311,19.9207],[80.5572,20.0483],[80.5306,20.1349],[80.4182,20.1489],[80.4244,20.2341],[80.4411,20.2533],[80.5342,20.2694],[80.6224,20.3259],[80.6144,20.4643],[80.6349,20.5123],[80.6146,20.6062],[80.5714,20.6161],[80.515,20.5888],[80.4949,20.6012],[80.5091,20.6413],[80.571,20.6824],[80.5547,20.9078],[80.5339,20.9375],[80.4912,20.9302],[80.4633,20.9422],[80.441,20.9788],[80.4363,21.0247],[80.4652,21.148],[80.6374,21.2517],[80.6784,21.302],[80.679,21.3512],[80.7214,21.4732],[80.7176,21.5856],[80.7398,21.7415],[80.7541,21.7565],[80.7878,21.7612],[80.8216,21.8028],[80.8379,21.8461],[80.8351,21.951],[80.9034,22.0853],[80.9347,22.0999],[80.9777,22.0528],[81.0022,22.0631],[80.9864,22.1145],[81.0161,22.1295],[81.0306,22.2107],[81.0954,22.2567],[81.1189,22.2946],[81.1225,22.4005],[81.1648,22.4653],[81.1994,22.4818],[81.2121,22.4524],[81.2349,22.4445],[81.3581,22.498],[81.4178,22.4375],[81.5396,22.52],[81.6423,22.5508],[81.6696,22.6093],[81.7664,22.664],[81.7618,22.7164],[81.7852,22.7443],[81.7793,22.8358],[81.7885,22.8529],[81.8653,22.8815],[81.9402,22.9458],[81.9342,23.0173],[81.9461,23.043],[82.0708,23.1003],[82.1294,23.0965],[82.1566,23.1483],[82.1863,23.3094],[82.1133,23.3688],[82.0344,23.3676],[82.0259,23.3877],[81.9914,23.4005],[81.9275,23.4954],[81.7595,23.5435],[81.6577,23.4872],[81.6283,23.4878],[81.5914,23.5612],[81.6147,23.5918],[81.6189,23.6273],[81.6556,23.6485],[81.6859,23.7065],[81.6249,23.8244],[81.6293,23.8583],[81.6195,23.8676],[81.6412,23.8853],[81.6819,23.8851],[81.7449,23.8249],[81.8087,23.7947],[81.8361,23.7954],[81.9369,23.8407],[82.0049,23.8364],[82.0774,23.8014],[82.5317,23.7754],[82.643,23.8371],[82.67,23.8956],[82.7681,23.929],[82.8009,23.9987],[82.8394,23.9896],[82.9365,23.9202],[83.1164,23.9151],[83.2213,23.9542],[83.2518,24.0],[83.26,24.0478],[83.3098,24.0843],[83.3371,24.1402]]]}},{"type":"Feature","id":"Dadra and Nagar Haveli and Daman and Diu","properties":{"id":"Dadra and Nagar Haveli and Daman and Diu","iso_code":"IN-DH","name":"Dadra and Nagar Haveli and Daman and Diu","name_full":"Dadra and Nagar Haveli and Daman and Diu","name_ja":"ダードラー・ナガル・ハヴェーリーおよびダマン・ディーウ連邦直轄領","center_lonlat":[73.0378,20.1703]},"geometry":{"type":"MultiPolygon","coordinates":[[[[73.1663,20.1149],[73.1659,20.0626],[73.1429,20.0266],[73.1031,20.0562],[73.0678,20.0408],[73.0394,20.0593],[72.9972,20.0398],[72.9472,20.1274],[72.9394,20.1843],[72.8917,20.2274],[72.8924,20.2518],[72.9429,20.2535],[72.9635,20.2952],[72.9976,20.2936],[73.0651,20.3373],[73.0763,20.328],[73.0741,20.2917],[73.1232,20.2781],[73.1122,20.2549],[73.0374,20.212],[73.0456,20.1489],[73.0861,20.1392],[73.1022,20.1468],[73.114,20.1817],[73.1547,20.1778],[73.17,20.1645],[73.1663,20.1149]]],[[[72.8181,20.3788],[72.847,20.4683],[72.8796,20.4395],[72.8818,20.3921],[72.8181,20.3788]]],[[[71.006,20.7366],[70.973,20.7096],[70.982,20.7381],[71.006,20.7366]]]]}},{"type":"Feature","id":"Delhi","properties":{"id":"Delhi","iso_code":"IN-DL","name":"Delhi","name_full":"Delhi","name_ja":"デリー","center_lonlat":[77.1077,28.6601]},"geometry":{"type":"Polygon","coordinates":[[[77.2008,28.8768],[77.2167,28.8435],[77.2063,28.8219],[77.2272,28.7836],[77.3131,28.7073],[77.3375,28.6262],[77.2978,28.5694],[77.3274,28.5197],[77.2413,28.4975],[77.2227,28.4774],[77.2399,28.4475],[77.1936,28.4326],[77.1005,28.4756],[77.0709,28.5286],[77.0034,28.5589],[76.9776,28.5346],[76.8727,28.5194],[76.835,28.5712],[76.8723,28.6282],[76.916,28.6422],[76.9223,28.6709],[76.9473,28.6962],[76.934,28.7919],[76.9544,28.8355],[77.0036,28.8544],[77.0362,28.8533],[77.068,28.8821],[77.1552,28.8616],[77.2008,28.8768]]]}},{"type":"Feature","id":"Goa","properties":{"id":"Goa","iso_code":"IN-GA","name":"Goa","name_full":"Goa","name_ja":"ゴア州","center_lonlat":[74.0464,15.3515]},"geometry":{"type":"Polygon","coordinates":[[[74.0912,14.8876],[74.036,14.9213],[74.0313,14.9953],[73.9958,15.0107],[73.9644,15.0646],[73.9131,15.0789],[73.929,15.1206],[73.9622,15.152],[73.9541,15.1683],[73.9473,15.1608],[73.8913,15.3432],[73.8826,15.3553],[73.8274,15.3652],[73.7829,15.4079],[73.8849,15.398],[73.8996,15.4079],[73.9334,15.3954],[73.9541,15.3663],[73.9678,15.3738],[73.9276,15.4174],[73.8416,15.4489],[73.7964,15.4489],[73.8176,15.4966],[73.8722,15.5109],[73.8595,15.5211],[73.866,15.5376],[73.7864,15.4922],[73.7512,15.5131],[73.7561,15.5376],[73.7368,15.5717],[73.7371,15.5985],[73.7604,15.632],[73.8381,15.6611],[73.7839,15.6591],[73.7283,15.6196],[73.707,15.6437],[73.6859,15.7043],[73.7009,15.7232],[73.7927,15.7416],[73.8264,15.783],[73.8438,15.7492],[73.9084,15.7212],[73.932,15.6443],[73.9644,15.6188],[73.9903,15.6135],[74.0616,15.6395],[74.1006,15.6403],[74.1408,15.6376],[74.1724,15.6534],[74.2341,15.6228],[74.2578,15.5186],[74.2392,15.4542],[74.2581,15.4282],[74.2591,15.386],[74.2984,15.3366],[74.3042,15.2892],[74.2897,15.2666],[74.2409,15.2473],[74.2491,15.2255],[74.2928,15.1883],[74.2625,15.1128],[74.2666,15.0323],[74.2412,14.956],[74.1976,14.9287],[74.1546,14.9275],[74.0912,14.8876]]]}},{"type":"Feature","id":"Gujarat","properties":{"id":"Gujarat","iso_code":"IN-GJ","name":"Gujarat","name_full":"Gujarat","name_ja":"グジャラート州","center_lonlat":[71.5585,22.7129]},"geometry":{"type":"Polygon","coordinates":[[[71.0566,24.6928],[71.2224,24.6368],[71.322,24.6623],[71.3935,24.6489],[71.4496,24.6819],[71.5458,24.6881],[71.591,24.6819],[71.637,24.6576],[71.7628,24.6766],[71.7848,24.6431],[71.8215,24.6357],[71.8336,24.6712],[71.8568,24.6849],[71.9348,24.6582],[71.9867,24.6953],[72.0509,24.7084],[72.0994,24.6566],[72.1728,24.634],[72.3275,24.6422],[72.3284,24.6172],[72.2558,24.6065],[72.2487,24.5927],[72.289,24.5612],[72.3385,24.5527],[72.356,24.5247],[72.4136,24.523],[72.422,24.4813],[72.457,24.4306],[72.4826,24.4403],[72.5081,24.5065],[72.5445,24.5101],[72.6676,24.4609],[72.7176,24.3902],[72.8974,24.3606],[72.955,24.3849],[72.9745,24.4642],[72.9945,24.4901],[73.0911,24.5072],[73.101,24.4851],[73.0898,24.4159],[73.0973,24.4043],[73.1657,24.3784],[73.2039,24.3911],[73.2166,24.369],[73.1927,24.3361],[73.1372,24.3359],[73.1075,24.2923],[73.0775,24.2143],[73.1016,24.1594],[73.1895,24.0937],[73.208,24.054],[73.2456,24.0155],[73.3037,24.0455],[73.3381,24.103],[73.3541,24.1047],[73.396,24.0422],[73.4239,23.9409],[73.3682,23.8996],[73.3581,23.7874],[73.4117,23.7792],[73.4497,23.7198],[73.5027,23.7017],[73.5042,23.6026],[73.5244,23.6031],[73.5664,23.6354],[73.5944,23.6274],[73.6154,23.6018],[73.6165,23.525],[73.6317,23.4877],[73.6188,23.4519],[73.6272,23.4387],[73.6661,23.4418],[73.7107,23.415],[73.8035,23.4388],[73.8854,23.3392],[73.9116,23.3346],[73.9385,23.3622],[73.9595,23.3588],[74.03,23.2977],[74.0975,23.26],[74.1219,23.1702],[74.1467,23.1581],[74.1931,23.1772],[74.2333,23.1559],[74.3235,23.0361],[74.3439,22.9869],[74.3593,22.8838],[74.3706,22.8728],[74.4009,22.8816],[74.4266,22.8716],[74.4591,22.8225],[74.3764,22.651],[74.338,22.618],[74.2727,22.6097],[74.1515,22.5103],[74.1197,22.5044],[74.0504,22.5205],[74.0249,22.4913],[74.036,22.4685],[74.0981,22.4169],[74.1965,22.4149],[74.2346,22.4034],[74.2457,22.3856],[74.2343,22.3589],[74.1965,22.3327],[74.1368,22.3209],[74.0849,22.3494],[74.0594,22.3206],[74.0662,22.2056],[74.0964,22.1735],[74.1173,22.102],[74.1406,22.0715],[74.1288,21.9518],[74.061,21.9403],[73.9427,21.8746],[73.8094,21.8365],[73.796,21.8052],[73.8035,21.7398],[73.8391,21.6822],[73.8109,21.6347],[73.7541,21.6188],[73.7572,21.5963],[73.8208,21.5083],[73.9959,21.5553],[74.109,21.5526],[74.1465,21.5707],[74.1916,21.5455],[74.2854,21.5731],[74.2996,21.5455],[74.2968,21.5202],[74.2406,21.4861],[74.1087,21.4516],[74.0422,21.4618],[73.9602,21.3944],[73.9186,21.2916],[73.8413,21.2658],[73.8084,21.2859],[73.7669,21.2038],[73.6961,21.1647],[73.6392,21.1645],[73.5769,21.1946],[73.5519,21.1907],[73.5974,21.1399],[73.634,21.1194],[73.7051,21.1187],[73.7423,21.0731],[73.7898,21.0585],[73.8683,20.9748],[73.9029,20.8839],[73.9112,20.7904],[73.8989,20.751],[73.811,20.6769],[73.8103,20.6393],[73.7923,20.6062],[73.6998,20.5624],[73.63,20.5639],[73.586,20.6154],[73.481,20.6737],[73.4535,20.7172],[73.434,20.7163],[73.4042,20.6699],[73.3641,20.6485],[73.4037,20.6336],[73.4139,20.596],[73.4464,20.5841],[73.4587,20.538],[73.3607,20.3694],[73.3867,20.3327],[73.3941,20.2704],[73.3779,20.2186],[73.3831,20.1863],[73.3638,20.1783],[73.2625,20.1909],[73.231,20.1257],[73.193,20.111],[73.1663,20.1149],[73.17,20.1645],[73.1547,20.1778],[73.114,20.1817],[73.1022,20.1468],[73.0861,20.1392],[73.0456,20.1489],[73.0374,20.212],[73.1122,20.2549],[73.1232,20.2781],[73.0741,20.2917],[73.0763,20.328],[73.0651,20.3373],[72.9976,20.2936],[72.9635,20.2952],[72.9429,20.2535],[72.8924,20.2518],[72.8917,20.2274],[72.9394,20.1843],[72.9472,20.1274],[72.8726,20.1018],[72.8058,20.0925],[72.7769,20.1015],[72.7081,20.0726],[72.7556,20.2152],[72.742,20.225],[72.7482,20.2803],[72.7816,20.3523],[72.8181,20.3788],[72.8818,20.3921],[72.8796,20.4395],[72.847,20.4683],[72.8865,20.5316],[72.8853,20.6192],[72.9026,20.6419],[72.9094,20.6987],[72.8989,20.7322],[72.9468,20.7595],[72.9194,20.7874],[72.9194,20.8215],[72.9002,20.7991],[72.8858,20.8071],[72.8801,20.8299],[72.9004,20.8681],[72.8369,20.8358],[72.8649,20.8973],[72.8367,20.9299],[72.8865,20.9621],[72.8884,20.9826],[72.8327,20.9724],[72.8161,20.999],[72.772,21.0239],[72.7669,21.0386],[72.8231,21.0338],[72.8499,21.048],[72.8096,21.13],[72.7556,21.1096],[72.742,21.1232],[72.7345,21.0925],[72.7004,21.0748],[72.7287,21.1481],[72.714,21.1641],[72.6764,21.1536],[72.6712,21.0998],[72.6379,21.0854],[72.615,21.1059],[72.6304,21.136],[72.7345,21.1989],[72.647,21.2536],[72.6458,21.2734],[72.6184,21.2529],[72.5868,21.3412],[72.6458,21.3628],[72.5789,21.367],[72.5646,21.3858],[72.6351,21.4075],[72.7283,21.4658],[72.7471,21.4529],[72.7485,21.4796],[72.7383,21.4829],[72.5837,21.4174],[72.6196,21.4874],[72.6901,21.5407],[72.7732,21.5805],[72.8231,21.6439],[72.8897,21.6405],[73.117,21.7372],[73.132,21.7578],[73.1188,21.7647],[73.0225,21.716],[72.9269,21.685],[72.8582,21.695],[72.7981,21.6735],[72.7332,21.6875],[72.5347,21.6729],[72.5285,21.6951],[72.5669,21.8494],[72.5855,21.8589],[72.6184,21.9251],[72.6521,21.9411],[72.6901,21.9388],[72.714,21.983],[72.7345,21.9866],[72.7137,21.9958],[72.6935,21.9723],[72.6231,21.9666],[72.5427,21.9108],[72.5017,21.976],[72.5422,22.1567],[72.5755,22.1945],[72.6141,22.2117],[72.7482,22.164],[72.8123,22.2341],[72.8474,22.2404],[72.8972,22.213],[72.916,22.2231],[72.9227,22.2546],[72.9058,22.2814],[72.8861,22.2624],[72.8182,22.2734],[72.7566,22.2437],[72.5737,22.2882],[72.5017,22.2404],[72.4662,22.2326],[72.4548,22.2453],[72.4639,22.264],[72.4137,22.2463],[72.3919,22.2535],[72.3804,22.3124],[72.405,22.333],[72.3972,22.3668],[72.361,22.3435],[72.3283,22.2607],[72.2752,22.2603],[72.2647,22.2952],[72.2404,22.3019],[72.2085,22.3004],[72.2063,22.2739],[72.1488,22.2779],[72.1907,22.2513],[72.2404,22.2882],[72.2341,22.2436],[72.2683,22.2268],[72.3065,22.2296],[72.3172,22.1849],[72.3076,22.079],[72.2577,22.0122],[72.221,22.011],[72.2144,21.994],[72.1999,22.007],[72.1634,21.9732],[72.1343,22.0046],[72.097,22.007],[72.1281,21.9835],[72.1149,21.9694],[72.0765,21.9797],[72.1045,21.9592],[72.1021,21.9451],[72.0552,21.9535],[72.0287,21.9388],[72.1045,21.9177],[72.1565,21.9258],[72.1454,21.9108],[72.1698,21.8904],[72.16,21.8659],[72.1694,21.8414],[72.1309,21.8463],[72.0985,21.8805],[72.058,21.8987],[72.0493,21.8804],[72.0864,21.8656],[72.1045,21.8358],[72.0628,21.8344],[71.9973,21.8549],[72.0015,21.7879],[72.0218,21.801],[72.0218,21.7743],[72.0739,21.7887],[72.1032,21.7752],[72.166,21.7939],[72.2238,21.7006],[72.2717,21.6909],[72.2957,21.6539],[72.2957,21.616],[72.2752,21.5955],[72.2422,21.4808],[72.1045,21.315],[72.1115,21.2961],[72.097,21.2877],[72.0908,21.2529],[72.1047,21.2051],[71.9907,21.1364],[71.9263,21.13],[71.763,21.0323],[71.7176,21.0321],[71.5835,20.9582],[71.5496,20.9512],[71.5693,20.9792],[71.5511,20.9736],[71.4934,20.9291],[71.4622,20.8853],[71.3186,20.8493],[71.1406,20.7657],[71.0955,20.7637],[71.0623,20.739],[71.006,20.7366],[70.982,20.7381],[70.973,20.7096],[70.8402,20.7019],[70.7746,20.7274],[70.7402,20.7185],[70.4631,20.8489],[70.3988,20.9035],[70.3367,20.9271],[70.2635,20.9804],[70.0544,21.1532],[69.845,21.3896],[69.8147,21.4337],[69.8086,21.4658],[69.7564,21.4904],[69.6297,21.616],[69.5682,21.6501],[69.4785,21.7526],[69.4274,21.7812],[69.3977,21.8153],[69.3909,21.8767],[69.3678,21.8561],[69.3362,21.8625],[69.1984,21.9797],[69.1506,22.0412],[69.103,22.0764],[69.0482,22.1579],[68.9942,22.2039],[68.9446,22.2951],[68.9832,22.4194],[69.0736,22.4819],[69.0823,22.4595],[69.0482,22.4316],[69.0718,22.3995],[69.147,22.4049],[69.1786,22.4276],[69.2022,22.4149],[69.2057,22.3987],[69.1697,22.3279],[69.1738,22.3083],[69.2121,22.2739],[69.2865,22.2846],[69.3599,22.3292],[69.4797,22.3422],[69.5256,22.3921],[69.516,22.4481],[69.5479,22.4521],[69.5617,22.3916],[69.5547,22.3776],[69.6161,22.3559],[69.6297,22.3838],[69.6404,22.376],[69.6694,22.4092],[69.6994,22.4043],[69.7334,22.48],[69.7949,22.4186],[69.8333,22.4638],[69.8848,22.4736],[69.973,22.5414],[70.0591,22.5584],[70.1447,22.5478],[70.1785,22.562],[70.3191,22.7783],[70.3225,22.8227],[70.3753,22.9027],[70.4534,22.9666],[70.4863,22.9637],[70.5047,22.9796],[70.5285,23.0471],[70.5029,23.1044],[70.4671,23.1297],[70.3988,23.069],[70.411,23.0232],[70.3924,22.9409],[70.3467,22.9313],[70.3257,22.945],[70.3035,22.9381],[70.2331,23.0001],[70.222,22.9592],[70.1631,22.949],[70.1291,22.9693],[70.1306,22.994],[70.1095,22.9592],[70.1354,22.93],[69.8332,22.8585],[69.7801,22.8275],[69.7158,22.7469],[69.5857,22.7612],[69.557,22.7785],[69.5,22.7817],[69.3381,22.8331],[69.2019,22.8522],[69.0399,22.9505],[68.8662,23.02],[68.6541,23.1578],[68.6497,23.1809],[68.6226,23.1916],[68.5999,23.225],[68.5957,23.2404],[68.6094,23.2267],[68.6231,23.2676],[68.5523,23.2597],[68.541,23.2782],[68.561,23.3161],[68.6069,23.3256],[68.561,23.3639],[68.541,23.357],[68.5207,23.3692],[68.5151,23.3993],[68.541,23.4117],[68.5364,23.4213],[68.5015,23.4233],[68.4754,23.4049],[68.4588,23.4198],[68.4655,23.4458],[68.4404,23.4343],[68.4237,23.4458],[68.4474,23.4875],[68.4858,23.5141],[68.4813,23.5251],[68.4587,23.5215],[68.4373,23.5488],[68.447,23.503],[68.4116,23.4947],[68.4089,23.6213],[68.4275,23.6314],[68.4915,23.6188],[68.4927,23.6376],[68.4688,23.6408],[68.4694,23.6592],[68.5335,23.6792],[68.5835,23.7353],[68.6379,23.7615],[68.6707,23.8157],[68.7256,23.8189],[68.8216,23.8784],[68.7669,23.8784],[68.7178,23.841],[68.6335,23.8331],[68.5989,23.7819],[68.4277,23.7143],[68.342,23.624],[68.353,23.6107],[68.3273,23.5869],[68.1814,23.5941],[68.1434,23.6127],[68.1501,23.6314],[68.1743,23.6314],[68.1981,23.6591],[68.2201,23.6592],[68.2327,23.645],[68.2759,23.6658],[68.2804,23.686],[68.241,23.674],[68.2088,23.6962],[68.1975,23.7145],[68.1978,23.7748],[68.1681,23.7475],[68.1637,23.7577],[68.1835,23.8433],[68.2073,23.877],[68.2604,23.8955],[68.2527,23.9201],[68.2639,23.9359],[68.3004,23.9105],[68.326,23.9278],[68.3304,23.9666],[68.3426,23.9686],[68.3536,23.9393],[68.3855,23.9604],[68.4316,23.9671],[68.7245,23.9652],[68.7259,24.2892],[68.7473,24.3312],[68.7992,24.3291],[68.8138,24.3084],[68.8197,24.2503],[68.8388,24.2365],[68.8851,24.3136],[68.9042,24.3206],[68.9626,24.2572],[69.0677,24.2884],[69.1667,24.2532],[69.2808,24.2837],[69.5631,24.2768],[69.5923,24.2646],[69.6706,24.1887],[69.7146,24.1686],[69.972,24.1652],[70.016,24.1741],[70.0521,24.2021],[70.0872,24.2826],[70.1097,24.3049],[70.2426,24.3306],[70.2985,24.3634],[70.3708,24.3724],[70.4164,24.4019],[70.5629,24.4241],[70.5752,24.4],[70.5456,24.3622],[70.5677,24.2728],[70.6215,24.2412],[70.7555,24.2314],[70.8515,24.2649],[70.8409,24.3058],[70.9177,24.3617],[70.9967,24.3566],[71.0251,24.3863],[71.0828,24.4115],[71.075,24.4364],[70.9771,24.4649],[70.9809,24.5347],[70.9578,24.556],[70.9548,24.5845],[70.9771,24.6397],[71.0639,24.6826],[71.0566,24.6928]]]}},{"type":"Feature","id":"Haryana","properties":{"id":"Haryana","iso_code":"IN-HR","name":"Haryana","name_full":"Haryana","name_ja":"ハリヤーナー州","center_lonlat":[76.3374,29.2086]},"geometry":{"type":"Polygon","coordinates":[[[77.5851,30.3829],[77.5851,30.3252],[77.5701,30.2782],[77.4143,30.1524],[77.4033,30.1128],[77.3233,30.0644],[77.3179,30.0404],[77.2847,30.0381],[77.2773,30.0176],[77.2299,29.9766],[77.1804,29.8043],[77.1618,29.7712],[77.1339,29.7644],[77.1375,29.7228],[77.1066,29.7023],[77.1139,29.6822],[77.0878,29.6585],[77.0998,29.589],[77.0582,29.5555],[77.0724,29.5279],[77.0656,29.5037],[77.1203,29.4838],[77.0656,29.4248],[77.1306,29.4264],[77.1482,29.4149],[77.1329,29.3722],[77.1501,29.3133],[77.1307,29.2806],[77.1339,29.1164],[77.1957,28.9976],[77.1755,28.9631],[77.2207,28.9144],[77.2008,28.8768],[77.1552,28.8616],[77.068,28.8821],[77.0362,28.8533],[77.0036,28.8544],[76.9544,28.8355],[76.934,28.7919],[76.9473,28.6962],[76.9223,28.6709],[76.916,28.6422],[76.8723,28.6282],[76.835,28.5712],[76.8727,28.5194],[76.9776,28.5346],[77.0034,28.5589],[77.0709,28.5286],[77.1005,28.4756],[77.1936,28.4326],[77.2399,28.4475],[77.2227,28.4774],[77.2413,28.4975],[77.3274,28.5197],[77.3769,28.4841],[77.3772,28.4553],[77.4155,28.465],[77.4282,28.4307],[77.4658,28.4343],[77.4682,28.3967],[77.497,28.3933],[77.4665,28.3152],[77.4879,28.299],[77.4908,28.2635],[77.5387,28.2431],[77.5207,28.2172],[77.497,28.2089],[77.5387,28.181],[77.5072,28.1702],[77.4949,28.1518],[77.5038,28.0929],[77.4697,28.1127],[77.4681,28.0468],[77.5038,28.0202],[77.5293,27.9525],[77.5082,27.9433],[77.4699,27.8881],[77.4245,27.8908],[77.3976,27.8645],[77.3133,27.8361],[77.2807,27.8094],[77.2528,27.8141],[77.2299,27.7927],[77.2057,27.8175],[77.1881,27.7983],[77.158,27.817],[77.1172,27.7931],[77.0525,27.8113],[77.032,27.7814],[77.0778,27.7462],[77.0059,27.7301],[76.973,27.6793],[76.9105,27.6704],[76.8957,27.6786],[76.8937,27.6963],[76.9194,27.7076],[76.9009,27.7441],[76.9154,27.8153],[76.9436,27.8652],[76.9374,27.9807],[76.9204,28.0516],[76.9415,28.1353],[76.9253,28.1664],[76.8427,28.2339],[76.8039,28.2191],[76.7581,28.1597],[76.6468,28.0855],[76.658,28.017],[76.5905,28.001],[76.5595,27.9713],[76.539,27.9853],[76.5218,28.0383],[76.4456,28.0647],[76.4765,28.0847],[76.4465,28.1041],[76.4416,28.1221],[76.483,28.1174],[76.4535,28.1628],[76.368,28.1564],[76.3386,28.1891],[76.3026,28.1992],[76.2995,28.1764],[76.3407,28.1397],[76.3044,28.1176],[76.3438,28.0859],[76.3329,28.0518],[76.3047,28.0488],[76.2538,28.0802],[76.2249,28.069],[76.1752,28.0728],[76.1596,28.0443],[76.1801,27.9096],[76.2014,27.8856],[76.2091,27.8274],[76.1791,27.8077],[76.1203,27.8519],[75.9875,27.8479],[75.9733,27.8886],[75.9315,27.9181],[75.9264,27.9376],[75.9357,27.9557],[75.968,27.9546],[75.9861,27.9706],[75.9662,28.0013],[76.03,28.1021],[76.0079,28.1084],[75.9793,28.085],[75.9414,28.1177],[76.0325,28.1878],[76.0739,28.1586],[76.0814,28.1746],[75.9578,28.3435],[75.8871,28.4038],[75.8182,28.4308],[75.7729,28.4325],[75.7731,28.4698],[75.6986,28.5206],[75.5936,28.6427],[75.486,28.9268],[75.5162,28.9575],[75.5187,28.9888],[75.4521,29.0239],[75.3929,29.106],[75.3936,29.1363],[75.3763,29.1701],[75.41,29.2013],[75.3881,29.2576],[75.3382,29.2345],[75.3231,29.2538],[75.3311,29.2898],[75.3138,29.2989],[75.2497,29.2564],[75.2141,29.2537],[75.1816,29.2733],[75.1502,29.2526],[75.0796,29.2363],[75.0421,29.2857],[74.9696,29.2843],[74.9255,29.366],[74.8312,29.4038],[74.7673,29.3662],[74.6559,29.366],[74.6363,29.3339],[74.6052,29.3384],[74.5371,29.4414],[74.5505,29.4654],[74.5949,29.4676],[74.6101,29.4878],[74.6119,29.5307],[74.5748,29.5897],[74.6048,29.755],[74.5843,29.7701],[74.4983,29.7362],[74.468,29.7444],[74.4594,29.7631],[74.476,29.8166],[74.5345,29.8465],[74.5497,29.8695],[74.5143,29.9154],[74.5165,29.9472],[74.6507,29.9141],[74.7107,29.9684],[74.8162,29.9863],[74.8415,29.9656],[74.9187,29.9484],[74.9413,29.9097],[74.9957,29.873],[75.0728,29.8911],[75.0953,29.9278],[75.1066,29.9104],[75.0926,29.8693],[75.1003,29.8269],[75.1477,29.7928],[75.1601,29.8243],[75.1932,29.8327],[75.2362,29.757],[75.2361,29.7475],[75.2079,29.7468],[75.2071,29.7076],[75.1723,29.6849],[75.2179,29.6147],[75.2346,29.5618],[75.2486,29.5598],[75.3018,29.5805],[75.2899,29.6115],[75.2967,29.634],[75.3215,29.6626],[75.3428,29.6628],[75.3453,29.687],[75.4525,29.8092],[75.6044,29.7647],[75.6986,29.769],[75.7177,29.778],[75.7275,29.8104],[75.797,29.8302],[75.8519,29.805],[75.8867,29.7492],[75.9569,29.7386],[76.0439,29.7582],[76.0844,29.8021],[76.2256,29.8691],[76.1933,29.9011],[76.177,29.9455],[76.2219,30.0464],[76.2166,30.0752],[76.2527,30.0886],[76.2058,30.113],[76.2014,30.1256],[76.2139,30.1375],[76.3081,30.1059],[76.3268,30.1119],[76.3281,30.1388],[76.3389,30.1412],[76.3735,30.117],[76.394,30.1494],[76.3878,30.18],[76.4093,30.1859],[76.4546,30.1016],[76.5314,30.084],[76.6248,30.1428],[76.6415,30.198],[76.6093,30.2176],[76.5908,30.2467],[76.5453,30.2178],[76.5331,30.2346],[76.5391,30.2451],[76.7297,30.3496],[76.739,30.3666],[76.7164,30.3812],[76.7276,30.4201],[76.7529,30.4305],[76.8294,30.4271],[76.8453,30.4175],[76.8692,30.3624],[76.9004,30.372],[76.896,30.4866],[76.9104,30.5142],[76.8931,30.5438],[76.9015,30.5988],[76.8866,30.6338],[76.8607,30.6452],[76.8513,30.6816],[76.8273,30.6807],[76.8146,30.7891],[76.8347,30.8225],[76.8328,30.8423],[76.8019,30.8562],[76.7682,30.9076],[76.8101,30.9343],[76.847,30.8987],[76.9057,30.8993],[76.9566,30.8208],[76.9946,30.802],[77.0015,30.7773],[77.1151,30.7221],[77.1503,30.664],[77.1341,30.5544],[77.2013,30.5002],[77.2081,30.477],[77.241,30.4893],[77.3591,30.4498],[77.3805,30.4293],[77.452,30.4548],[77.4344,30.4212],[77.5133,30.4249],[77.5851,30.3829]]]}},{"type":"Feature","id":"Himachal Pradesh","properties":{"id":"Himachal Pradesh","iso_code":"IN-HP","name":"Himachal Pradesh","name_full":"Himachal Pradesh","name_ja":"ヒマーチャル・プラデーシュ州","center_lonlat":[77.2203,31.937]},"geometry":{"type":"Polygon","coordinates":[[[78.381,32.528],[78.4522,32.4168],[78.4345,32.3838],[78.4627,32.2818],[78.458,32.2297],[78.5131,32.2076],[78.6493,32.0364],[78.7222,31.9946],[78.7446,31.9642],[78.7003,31.8217],[78.6709,31.7705],[78.6956,31.7467],[78.6932,31.7185],[78.724,31.6733],[78.7581,31.6666],[78.8189,31.6074],[78.797,31.5788],[78.6995,31.51],[78.6954,31.4881],[78.7626,31.4451],[78.7409,31.3177],[78.7845,31.2883],[78.8926,31.2818],[78.9933,31.1634],[78.9932,31.1308],[78.9332,31.1185],[78.8695,31.122],[78.8336,31.1468],[78.7927,31.207],[78.5817,31.2311],[78.501,31.2196],[78.4337,31.2681],[78.313,31.2945],[78.1862,31.2481],[78.0397,31.1722],[77.9528,31.1763],[77.9289,31.1653],[77.7985,31.0414],[77.8021,30.9922],[77.7497,30.9799],[77.7622,30.95],[77.7891,30.9306],[77.7934,30.8957],[77.7872,30.8738],[77.7519,30.8831],[77.7058,30.7915],[77.707,30.7594],[77.7349,30.7359],[77.7443,30.6854],[77.7708,30.6351],[77.7433,30.6006],[77.7736,30.5576],[77.8138,30.5467],[77.813,30.5211],[77.665,30.446],[77.5759,30.4287],[77.5653,30.4149],[77.5851,30.3829],[77.5133,30.4249],[77.4344,30.4212],[77.452,30.4548],[77.3805,30.4293],[77.3591,30.4498],[77.241,30.4893],[77.2081,30.477],[77.2013,30.5002],[77.1341,30.5544],[77.1503,30.664],[77.1151,30.7221],[77.0015,30.7773],[76.9946,30.802],[76.9566,30.8208],[76.9057,30.8993],[76.847,30.8987],[76.8101,30.9343],[76.7682,30.9076],[76.6153,31.0301],[76.6059,31.0726],[76.6231,31.1073],[76.5998,31.1349],[76.6014,31.1775],[76.6236,31.2265],[76.5823,31.2274],[76.5842,31.2599],[76.5672,31.2805],[76.5422,31.2557],[76.5205,31.2892],[76.4917,31.2845],[76.4694,31.308],[76.4394,31.2997],[76.3599,31.4303],[76.3221,31.4128],[76.3196,31.3538],[76.2945,31.3475],[76.2754,31.3104],[76.2428,31.3181],[76.2011,31.307],[76.1585,31.3386],[76.0705,31.5642],[75.9233,31.8063],[75.9276,31.8299],[75.9681,31.8411],[75.8797,31.9724],[75.6998,32.0561],[75.5809,32.0767],[75.5822,32.0923],[75.6394,32.1468],[75.661,32.1888],[75.6146,32.1968],[75.6134,32.2509],[75.7276,32.2879],[75.7793,32.3366],[75.9126,32.4191],[75.8706,32.4997],[75.8474,32.5167],[75.8659,32.5606],[75.9226,32.6173],[75.926,32.6412],[75.9014,32.7029],[75.9093,32.7727],[75.8117,32.8843],[75.8034,32.912],[75.8146,32.9318],[75.8696,32.94],[75.9547,32.9014],[76.1008,33.013],[76.237,33.0635],[76.2943,33.1479],[76.3967,33.1977],[76.5122,33.2172],[76.5424,33.2329],[76.6259,33.1893],[76.7398,33.1974],[76.7687,33.1868],[76.9401,33.0343],[77.0885,32.9502],[77.1358,32.9267],[77.3487,32.8672],[77.3713,32.867],[77.394,32.8899],[77.5535,32.9234],[77.6752,33.0004],[77.7211,33.0126],[77.8579,32.873],[77.9289,32.7624],[77.9385,32.6953],[78.0089,32.6103],[78.059,32.6183],[78.1146,32.6677],[78.2539,32.6979],[78.3143,32.7354],[78.3177,32.7647],[78.3666,32.7652],[78.3834,32.7144],[78.3778,32.6573],[78.2994,32.5887],[78.274,32.4911],[78.3134,32.4717],[78.381,32.528]]]}},{"type":"Feature","id":"Jammu and Kashmir","properties":{"id":"Jammu and Kashmir","iso_code":"IN-JK","name":"Jammu and Kashmir","name_full":"Jammu and Kashmir","name_ja":"ジャンムー・カシミール州","center_lonlat":[75.0793,33.5578]},"geometry":{"type":"Polygon","coordinates":[[[75.3481,34.5572],[75.3441,34.469],[75.3745,34.371],[75.4695,34.2801],[75.5846,34.2101],[75.6634,34.1992],[75.6913,34.1637],[75.6995,34.1177],[75.7417,34.0664],[75.8796,33.9637],[76.0244,33.9821],[76.0733,33.922],[76.1664,33.8732],[76.2358,33.7288],[76.2327,33.6499],[76.2461,33.5741],[76.488,33.5022],[76.6466,33.3521],[76.7398,33.1974],[76.6259,33.1893],[76.5424,33.2329],[76.5122,33.2172],[76.3967,33.1977],[76.2943,33.1479],[76.237,33.0635],[76.1008,33.013],[75.9547,32.9014],[75.8696,32.94],[75.8146,32.9318],[75.8034,32.912],[75.8117,32.8843],[75.9093,32.7727],[75.9014,32.7029],[75.926,32.6412],[75.9226,32.6173],[75.8659,32.5606],[75.8474,32.5167],[75.7977,32.4811],[75.743,32.4644],[75.7294,32.4296],[75.6983,32.406],[75.612,32.3955],[75.5733,32.3746],[75.5024,32.3006],[75.4447,32.3303],[75.4419,32.3598],[75.3904,32.3355],[75.2984,32.3324],[75.1962,32.3973],[75.126,32.4117],[75.0237,32.4663],[74.907,32.4452],[74.8381,32.4749],[74.725,32.4608],[74.6893,32.4714],[74.6626,32.4984],[74.6296,32.5881],[74.656,32.6407],[74.6497,32.7231],[74.6823,32.7873],[74.6853,32.8312],[74.6536,32.8374],[74.6141,32.7704],[74.5738,32.7525],[74.5009,32.746],[74.4387,32.786],[74.3462,32.7669],[74.3065,32.8099],[74.3367,32.8701],[74.3113,32.9943],[74.1539,33.0402],[74.0985,33.1048],[74.0023,33.1777],[73.9885,33.2086],[73.9918,33.2526],[74.0017,33.2702],[74.0554,33.292],[74.096,33.3285],[74.1578,33.4942],[74.1416,33.5494],[73.9767,33.6484],[73.9608,33.6923],[73.9662,33.7345],[74.0113,33.8105],[74.0346,33.8286],[74.1775,33.8575],[74.2395,33.901],[74.2723,33.9621],[74.2597,33.9944],[74.2284,34.0129],[74.1184,34.0025],[74.045,34.0194],[73.9767,34.0046],[73.9162,34.0279],[73.8844,34.0842],[73.8933,34.1147],[73.9954,34.1764],[73.9906,34.2185],[73.9377,34.3042],[73.8291,34.3153],[73.7827,34.3468],[73.7749,34.371],[73.7963,34.4185],[73.8404,34.4444],[73.847,34.4943],[73.8631,34.5171],[73.926,34.565],[73.9193,34.6425],[73.9622,34.6682],[74.1209,34.6909],[74.2218,34.7478],[74.2858,34.7689],[74.4121,34.7645],[74.6649,34.6883],[75.0178,34.6297],[75.2129,34.645],[75.2675,34.5983],[75.3481,34.5572]]]}},{"type":"Feature","id":"Jharkhand","properties":{"id":"Jharkhand","iso_code":"IN-JH","name":"Jharkhand","name_full":"Jharkhand","name_ja":"ジャールカンド州","center_lonlat":[85.5329,23.6409]},"geometry":{"type":"Polygon","coordinates":[[[83.3371,24.1402],[83.454,24.3616],[83.3979,24.4572],[83.3984,24.4933],[83.4378,24.5209],[83.5231,24.5297],[83.6959,24.5063],[83.7677,24.5138],[83.8089,24.5425],[83.9184,24.5438],[83.9887,24.5879],[84.0217,24.639],[84.0439,24.6239],[84.107,24.4846],[84.1305,24.4698],[84.1454,24.4766],[84.1569,24.511],[84.1692,24.5055],[84.1741,24.4795],[84.1902,24.4766],[84.203,24.5213],[84.2688,24.5177],[84.3054,24.5308],[84.3246,24.5029],[84.3144,24.4431],[84.3664,24.3881],[84.4845,24.3029],[84.5192,24.3075],[84.5883,24.3944],[84.6576,24.3751],[84.6882,24.4307],[84.7985,24.4966],[84.8256,24.4849],[84.8352,24.4379],[84.8763,24.4364],[84.889,24.3728],[84.9089,24.3537],[84.9818,24.3528],[85.0806,24.3933],[85.089,24.342],[85.1577,24.3956],[85.171,24.4309],[85.2713,24.467],[85.2806,24.4873],[85.3914,24.5095],[85.5171,24.4995],[85.5784,24.5578],[85.6568,24.5576],[85.6624,24.6057],[85.6473,24.6486],[85.6889,24.6688],[85.7185,24.7538],[85.746,24.77],[85.8309,24.7709],[85.8659,24.7517],[85.9116,24.6985],[85.9593,24.7032],[86.0402,24.75],[86.0469,24.7396],[86.0329,24.7124],[86.0815,24.7011],[86.1077,24.6716],[86.1257,24.5807],[86.1744,24.5524],[86.2236,24.5679],[86.2905,24.5516],[86.3035,24.4911],[86.2725,24.4545],[86.2764,24.4348],[86.4387,24.3404],[86.4569,24.3523],[86.4675,24.3999],[86.486,24.4105],[86.4944,24.4798],[86.5857,24.5614],[86.6492,24.5427],[86.7023,24.5478],[86.7554,24.5881],[86.8132,24.5542],[86.8899,24.5316],[86.8907,24.5645],[86.9178,24.6127],[87.0423,24.5884],[87.0694,24.6681],[87.0775,24.7453],[87.0681,24.7785],[87.1192,24.8511],[87.1213,24.9863],[87.1855,25.062],[87.2167,25.0726],[87.2614,25.064],[87.3025,25.1839],[87.3556,25.1971],[87.4067,25.181],[87.4234,25.1885],[87.4708,25.2842],[87.5235,25.3238],[87.5702,25.3035],[87.5987,25.2667],[87.6812,25.2454],[87.7496,25.2482],[87.7837,25.2141],[87.7695,25.1731],[87.7763,25.0968],[87.8441,25.0415],[87.8809,24.9155],[87.8542,24.7897],[87.8159,24.7947],[87.8124,24.7757],[87.8611,24.751],[87.8954,24.6703],[87.8701,24.6347],[87.9,24.621],[87.888,24.5974],[87.8492,24.5795],[87.7822,24.5998],[87.7509,24.5933],[87.789,24.5696],[87.8005,24.5008],[87.7763,24.4643],[87.7758,24.4193],[87.7338,24.3347],[87.6918,24.2966],[87.6237,24.2605],[87.6246,24.2229],[87.6528,24.2189],[87.6616,24.1862],[87.5941,24.1784],[87.5633,24.1121],[87.5173,24.1389],[87.4885,24.1324],[87.4912,24.0559],[87.4582,24.0198],[87.3972,24.0234],[87.3381,24.0018],[87.309,24.0562],[87.2355,24.0404],[87.2257,24.0273],[87.283,23.9549],[87.2827,23.9279],[87.2504,23.9055],[87.2325,23.8458],[87.2054,23.8689],[87.1393,23.8733],[87.1685,23.8294],[87.1663,23.8102],[87.1319,23.8031],[87.0797,23.8152],[87.0156,23.8596],[86.9799,23.8639],[86.8772,23.9131],[86.8151,23.8367],[86.8224,23.7769],[86.7998,23.7255],[86.6461,23.6969],[86.4105,23.6166],[86.3484,23.5679],[86.3365,23.5084],[86.273,23.4537],[86.2279,23.4432],[86.1265,23.4925],[86.1291,23.5784],[86.0983,23.5787],[86.0391,23.6072],[86.0022,23.5856],[86.0159,23.5293],[86.0048,23.5142],[85.8495,23.4932],[85.8255,23.4793],[85.8231,23.4539],[85.8415,23.4301],[85.8948,23.4165],[85.8807,23.3563],[85.844,23.307],[85.8298,23.2608],[85.8712,23.2107],[85.8884,23.1631],[85.9425,23.1803],[86.0019,23.1651],[86.178,23.0057],[86.2605,23.0198],[86.4505,23.0042],[86.5065,22.9883],[86.4415,22.964],[86.4105,22.9358],[86.3991,22.785],[86.4523,22.7454],[86.5244,22.7294],[86.5869,22.6807],[86.6114,22.6043],[86.7023,22.5859],[86.7401,22.5582],[86.7594,22.5121],[86.7509,22.5027],[86.7163,22.5056],[86.7181,22.4694],[86.7899,22.4156],[86.8033,22.3484],[86.8525,22.302],[86.8339,22.2883],[86.7723,22.2839],[86.7619,22.2406],[86.7287,22.2465],[86.6865,22.218],[86.4972,22.3347],[86.4016,22.32],[86.366,22.3301],[86.2895,22.409],[86.1025,22.5001],[86.0648,22.5459],[86.0398,22.5567],[85.9977,22.5191],[85.9378,22.4992],[85.9406,22.4681],[85.9865,22.3936],[85.993,22.3164],[85.9646,22.2449],[85.9883,22.1875],[85.9713,22.0977],[85.8973,22.0076],[85.8343,21.9861],[85.7847,22.0119],[85.7791,22.0719],[85.8017,22.117],[85.7922,22.1291],[85.6791,22.0759],[85.5507,22.1076],[85.4368,22.1642],[85.3241,22.1267],[85.2202,22.0291],[85.0979,22.1135],[85.0503,22.1209],[84.9863,22.1067],[85.04,22.2164],[85.0933,22.2902],[85.1047,22.3308],[85.1004,22.394],[85.0655,22.5032],[84.988,22.4522],[84.9441,22.4452],[84.9083,22.422],[84.8008,22.4502],[84.7337,22.4273],[84.5167,22.4214],[84.4973,22.3722],[84.4208,22.331],[84.311,22.324],[84.2309,22.3573],[84.1786,22.3644],[84.1478,22.3868],[84.067,22.4996],[83.9702,22.5393],[83.9919,22.5897],[84.0565,22.6393],[84.1113,22.6439],[84.191,22.7009],[84.2283,22.7831],[84.3369,22.8619],[84.3533,22.8965],[84.331,22.9703],[84.2822,23.0001],[84.2171,22.9952],[84.1516,23.0244],[84.1454,22.9934],[84.1193,22.9957],[84.0891,23.0848],[84.0289,23.1461],[84.02,23.1871],[84.0386,23.3094],[84.0283,23.3584],[84.0043,23.3885],[83.9609,23.3587],[83.944,23.3829],[83.9522,23.4749],[84.0158,23.5618],[83.9863,23.639],[83.9693,23.6435],[83.9237,23.6235],[83.9163,23.5638],[83.8446,23.5887],[83.7882,23.5855],[83.7615,23.5965],[83.7208,23.6762],[83.7353,23.7383],[83.7118,23.801],[83.5404,23.9567],[83.5238,23.9995],[83.5175,24.0752],[83.4515,24.1194],[83.3371,24.1402]]]}},{"type":"Feature","id":"Karnataka","properties":{"id":"Karnataka","iso_code":"IN-KA","name":"Karnataka","name_full":"Karnataka","name_ja":"カルナータカ州","center_lonlat":[76.1545,14.72]},"geometry":{"type":"Polygon","coordinates":[[[74.8543,12.7653],[74.8523,12.7973],[74.825,12.8382],[74.8591,12.8246],[74.9409,12.8786],[74.8506,12.8572],[74.8176,12.8618],[74.7703,13.0524],[74.7834,13.0847],[74.763,13.1188],[74.7151,13.331],[74.6895,13.3816],[74.6809,13.4682],[74.6937,13.4153],[74.7083,13.413],[74.6771,13.5268],[74.6667,13.6328],[74.6771,13.6303],[74.6809,13.647],[74.71,13.6406],[74.7356,13.6538],[74.7129,13.6562],[74.6883,13.6859],[74.7014,13.6948],[74.6878,13.7118],[74.6605,13.6601],[74.6146,13.8355],[74.584,13.9039],[74.4954,14.0306],[74.4675,14.1814],[74.429,14.2404],[74.4334,14.2634],[74.471,14.2487],[74.509,14.2503],[74.4277,14.2838],[74.4154,14.3011],[74.4126,14.3448],[74.3519,14.5302],[74.3888,14.4627],[74.4072,14.462],[74.4011,14.4797],[74.4277,14.4763],[74.3724,14.5302],[74.3792,14.5446],[74.3587,14.5446],[74.3587,14.5712],[74.3429,14.5637],[74.339,14.524],[74.3249,14.5172],[74.3005,14.5274],[74.2952,14.5873],[74.339,14.6128],[74.2759,14.6102],[74.2529,14.7189],[74.2205,14.7381],[74.1943,14.7158],[74.1738,14.7499],[74.1533,14.7499],[74.0964,14.7934],[74.0913,14.8114],[74.1091,14.8026],[74.1187,14.8319],[74.1405,14.8388],[74.1595,14.8257],[74.179,14.8563],[74.2331,14.8646],[74.2352,14.8765],[74.208,14.9008],[74.1409,14.8527],[74.1118,14.8462],[74.0912,14.8876],[74.1546,14.9275],[74.1976,14.9287],[74.2412,14.956],[74.2666,15.0323],[74.2625,15.1128],[74.2928,15.1883],[74.2491,15.2255],[74.2409,15.2473],[74.2897,15.2666],[74.3042,15.2892],[74.2984,15.3366],[74.2591,15.386],[74.2581,15.4282],[74.2392,15.4542],[74.2578,15.5186],[74.2341,15.6228],[74.1724,15.6534],[74.1408,15.6376],[74.1006,15.6403],[74.0948,15.6728],[74.1124,15.6822],[74.1381,15.7295],[74.1861,15.7657],[74.2138,15.7645],[74.2235,15.7261],[74.2816,15.7299],[74.3311,15.7619],[74.3731,15.8355],[74.3516,15.8674],[74.4288,15.9938],[74.4313,16.0408],[74.3835,16.0695],[74.4063,16.0932],[74.4575,16.0974],[74.4696,16.1098],[74.4708,16.2358],[74.3662,16.2929],[74.3238,16.2829],[74.3062,16.3771],[74.3579,16.4007],[74.3226,16.4246],[74.3146,16.4563],[74.2794,16.4614],[74.2669,16.496],[74.226,16.4862],[74.2483,16.5451],[74.2924,16.5284],[74.3148,16.5646],[74.3532,16.5435],[74.4114,16.5927],[74.4349,16.6468],[74.5246,16.6238],[74.5524,16.5518],[74.6217,16.5957],[74.6658,16.6062],[74.672,16.6254],[74.6445,16.6519],[74.6722,16.6727],[74.6883,16.7127],[74.7204,16.7194],[74.7961,16.7663],[74.8576,16.7579],[74.8667,16.7762],[74.8458,16.8612],[74.9223,16.8893],[74.9638,16.9542],[74.9996,16.9451],[75.0489,16.9532],[75.0669,16.9232],[75.1182,16.8822],[75.1665,16.8679],[75.2426,16.9021],[75.2414,16.9478],[75.256,16.9592],[75.3253,16.9636],[75.3708,16.9845],[75.4261,16.9849],[75.4717,16.963],[75.5178,16.982],[75.5487,17.0153],[75.6029,16.9782],[75.6274,16.977],[75.6415,17.0102],[75.6223,17.0535],[75.6468,17.0914],[75.6051,17.1581],[75.621,17.2424],[75.6112,17.2698],[75.5824,17.2903],[75.5515,17.3893],[75.6218,17.4764],[75.6596,17.4671],[75.678,17.4253],[75.7406,17.4157],[75.7699,17.3772],[75.7839,17.3748],[75.8318,17.417],[75.8454,17.4021],[75.87,17.4161],[75.8977,17.3522],[75.9365,17.3259],[76.0099,17.3537],[76.0406,17.3494],[76.1127,17.382],[76.1565,17.3709],[76.2104,17.3889],[76.2655,17.3577],[76.3536,17.357],[76.3804,17.3788],[76.3474,17.4134],[76.3163,17.4739],[76.3401,17.5155],[76.3364,17.5683],[76.3131,17.6098],[76.3906,17.6368],[76.4217,17.6781],[76.4617,17.6978],[76.4695,17.7321],[76.497,17.7444],[76.5227,17.777],[76.5927,17.7706],[76.676,17.7069],[76.7055,17.7921],[76.7557,17.8258],[76.7409,17.8984],[76.8391,17.8842],[76.8631,17.9037],[76.883,17.9549],[76.9002,18.157],[76.9495,18.18],[77.0058,18.1783],[77.0877,18.1971],[77.1179,18.2538],[77.2274,18.3221],[77.229,18.3995],[77.2648,18.4531],[77.3019,18.4603],[77.3243,18.4491],[77.3416,18.4263],[77.3466,18.3515],[77.4273,18.3161],[77.4376,18.2819],[77.4615,18.2819],[77.5091,18.3146],[77.5512,18.3079],[77.5833,18.2915],[77.5685,18.2337],[77.601,18.1251],[77.5965,18.1109],[77.561,18.0958],[77.5591,18.0784],[77.6035,18.0337],[77.6267,17.9422],[77.5592,17.8699],[77.5079,17.8347],[77.5003,17.8123],[77.5309,17.7776],[77.5313,17.754],[77.4636,17.7134],[77.4115,17.6308],[77.423,17.6125],[77.4929,17.5776],[77.5826,17.5788],[77.5991,17.5468],[77.6743,17.5771],[77.6858,17.5672],[77.6532,17.5001],[77.5993,17.4869],[77.5706,17.445],[77.5256,17.4304],[77.4964,17.3746],[77.3744,17.2226],[77.3704,17.1692],[77.4252,17.1423],[77.4678,17.0258],[77.4357,16.9549],[77.4344,16.8128],[77.4148,16.7796],[77.4096,16.7378],[77.4109,16.7206],[77.4455,16.6902],[77.4111,16.6478],[77.4388,16.6506],[77.4463,16.6408],[77.4272,16.5857],[77.3895,16.5659],[77.3787,16.5322],[77.2574,16.4494],[77.2937,16.4065],[77.394,16.3811],[77.4933,16.3782],[77.5332,16.361],[77.5526,16.3322],[77.54,16.2995],[77.4908,16.2616],[77.479,16.1644],[77.4837,16.0021],[77.4465,15.953],[77.3062,15.9571],[77.2264,15.9764],[77.1631,15.9671],[77.0736,15.921],[77.0341,15.8737],[77.0277,15.7609],[77.0769,15.6902],[77.0832,15.6578],[77.0385,15.6625],[77.0105,15.6446],[76.9997,15.6138],[77.008,15.5118],[77.0009,15.5039],[76.9724,15.5222],[76.9674,15.506],[77.0145,15.4172],[77.0259,15.3515],[77.1049,15.3082],[77.1307,15.1416],[77.0872,15.0459],[77.0342,15.0052],[76.9935,15.0336],[76.948,15.0216],[76.8633,15.041],[76.7643,15.0941],[76.7455,15.0639],[76.7434,15.0184],[76.7195,14.9859],[76.8101,14.9484],[76.8222,14.921],[76.7997,14.7948],[76.7619,14.7637],[76.7653,14.7191],[76.7439,14.6679],[76.7406,14.6129],[76.7564,14.5589],[76.7913,14.5417],[76.8256,14.4813],[76.911,14.4867],[76.9296,14.4665],[76.908,14.4104],[76.8737,14.4069],[76.8582,14.3826],[76.8681,14.3381],[76.9218,14.3047],[76.9082,14.2579],[77.0727,14.2326],[77.0829,14.2887],[77.1329,14.344],[77.1851,14.3265],[77.2568,14.334],[77.268,14.3015],[77.3271,14.281],[77.3673,14.2383],[77.388,14.2528],[77.3576,14.3132],[77.3744,14.3345],[77.4061,14.3233],[77.4174,14.2999],[77.4639,14.285],[77.4542,14.2394],[77.4655,14.1862],[77.3754,14.1676],[77.3279,14.1227],[77.361,14.1064],[77.3279,14.0522],[77.3558,13.9932],[77.3861,13.9693],[77.384,13.9393],[77.4008,13.9032],[77.3867,13.8904],[77.3324,13.9082],[77.331,13.9391],[77.2893,14.0107],[77.244,14.0222],[77.1123,14.0051],[77.0819,14.0338],[76.9953,14.0664],[76.9674,14.171],[76.9167,14.1884],[76.8754,14.1627],[76.873,14.1374],[76.9409,14.0673],[76.9359,14.0109],[77.0102,13.9141],[76.9545,13.8203],[76.9692,13.7537],[76.98,13.7528],[76.9938,13.7799],[77.0411,13.744],[77.0638,13.7697],[77.1277,13.7679],[77.1259,13.8309],[77.0999,13.8587],[77.124,13.8702],[77.1435,13.9107],[77.1561,13.8746],[77.1967,13.8919],[77.2208,13.8681],[77.2583,13.8669],[77.2921,13.8484],[77.384,13.8467],[77.4248,13.7975],[77.4425,13.702],[77.4942,13.7024],[77.5512,13.7369],[77.592,13.7394],[77.6046,13.7763],[77.6405,13.7817],[77.6693,13.7609],[77.6937,13.8076],[77.7349,13.8242],[77.7892,13.8703],[77.7718,13.9178],[77.7826,13.9366],[77.8449,13.934],[77.8788,13.9166],[77.9371,13.9633],[77.9404,13.9171],[77.9093,13.8806],[77.9206,13.8305],[77.9602,13.8688],[78.0021,13.8671],[78.0327,13.8847],[78.0797,13.8569],[78.0914,13.8301],[78.0977,13.7961],[78.0822,13.7538],[78.1047,13.7011],[78.0614,13.6981],[78.0679,13.6593],[78.1267,13.6586],[78.1841,13.6015],[78.2317,13.5896],[78.2722,13.5861],[78.3042,13.5995],[78.373,13.5862],[78.3537,13.3689],[78.3873,13.3178],[78.4162,13.3276],[78.4591,13.3157],[78.5162,13.2789],[78.5589,13.2986],[78.565,13.2179],[78.5527,13.1747],[78.5236,13.1387],[78.5115,13.0772],[78.471,13.0481],[78.4119,12.9367],[78.4486,12.9102],[78.4678,12.8677],[78.44,12.8675],[78.378,12.9111],[78.3462,12.9133],[78.339,12.8701],[78.326,12.8608],[78.2859,12.8434],[78.244,12.8537],[78.2487,12.7916],[78.2296,12.7599],[78.1638,12.7753],[78.0562,12.8459],[78.0296,12.8487],[78.0071,12.8113],[77.9874,12.8044],[77.9148,12.8684],[77.8458,12.8715],[77.8013,12.8566],[77.7562,12.7529],[77.76,12.7138],[77.6898,12.678],[77.6094,12.6728],[77.5687,12.5596],[77.5811,12.5272],[77.5768,12.495],[77.6102,12.4954],[77.6198,12.4807],[77.6046,12.4058],[77.5608,12.3397],[77.48,12.2825],[77.4648,12.2493],[77.4921,12.2055],[77.6986,12.198],[77.7368,12.1741],[77.7681,12.11],[77.6597,11.9629],[77.5177,11.9404],[77.4898,11.9261],[77.419,11.7957],[77.3386,11.7835],[77.2592,11.8169],[77.221,11.8023],[77.1308,11.7967],[77.0962,11.7504],[77.0127,11.822],[76.9315,11.812],[76.9077,11.8002],[76.8683,11.7456],[76.8208,11.6256],[76.7508,11.6423],[76.5669,11.6338],[76.5502,11.6454],[76.5441,11.6971],[76.5036,11.7192],[76.4653,11.715],[76.4159,11.6668],[76.3821,11.7492],[76.3092,11.7497],[76.2587,11.8061],[76.2122,11.8073],[76.1671,11.8626],[76.107,11.8575],[76.0863,11.8711],[76.0803,11.959],[76.0558,11.9637],[75.9606,11.9286],[75.846,11.9511],[75.7827,12.0002],[75.7611,12.0687],[75.7017,12.0775],[75.6629,12.1023],[75.6345,12.0992],[75.6061,12.135],[75.5527,12.1549],[75.4262,12.2918],[75.3893,12.2947],[75.3687,12.3611],[75.3397,12.4046],[75.3407,12.4287],[75.3682,12.4703],[75.3095,12.4709],[75.2514,12.5369],[75.247,12.5511],[75.2709,12.6007],[75.2253,12.6126],[75.1828,12.5973],[75.1489,12.6336],[75.1105,12.63],[75.0969,12.6535],[75.1003,12.6821],[75.0612,12.7026],[75.008,12.6907],[75.0031,12.7168],[74.9585,12.7321],[74.9407,12.7761],[74.8543,12.7653]]]}},{"type":"Feature","id":"Kerala","properties":{"id":"Kerala","iso_code":"IN-KL","name":"Kerala","name_full":"Kerala","name_ja":"ケーララ州","center_lonlat":[76.4236,10.426]},"geometry":{"type":"Polygon","coordinates":[[[75.2222,12.022],[75.2085,12.0084],[75.1863,12.0416],[75.1309,12.2078],[75.1397,12.2486],[75.1055,12.2213],[75.0829,12.3059],[74.992,12.4617],[74.8543,12.7653],[74.9407,12.7761],[74.9585,12.7321],[75.0031,12.7168],[75.008,12.6907],[75.0612,12.7026],[75.1003,12.6821],[75.0969,12.6535],[75.1105,12.63],[75.1489,12.6336],[75.1828,12.5973],[75.2253,12.6126],[75.2709,12.6007],[75.247,12.5511],[75.2514,12.5369],[75.3095,12.4709],[75.3682,12.4703],[75.3407,12.4287],[75.3397,12.4046],[75.3687,12.3611],[75.3893,12.2947],[75.4262,12.2918],[75.5527,12.1549],[75.6061,12.135],[75.6345,12.0992],[75.6629,12.1023],[75.7017,12.0775],[75.7611,12.0687],[75.7827,12.0002],[75.846,11.9511],[75.9606,11.9286],[76.0558,11.9637],[76.0803,11.959],[76.0863,11.8711],[76.107,11.8575],[76.1671,11.8626],[76.2122,11.8073],[76.2587,11.8061],[76.3092,11.7497],[76.3821,11.7492],[76.4159,11.6668],[76.4153,11.6487],[76.3742,11.6316],[76.3392,11.5915],[76.2995,11.5875],[76.2408,11.604],[76.2305,11.5291],[76.2563,11.4784],[76.4091,11.4368],[76.4852,11.3925],[76.5427,11.338],[76.5338,11.3131],[76.4442,11.2341],[76.4484,11.2069],[76.6412,11.2086],[76.7027,11.238],[76.6886,11.1738],[76.7675,11.0461],[76.7465,11.0289],[76.7087,11.0416],[76.6877,11.0335],[76.6725,10.9893],[76.6775,10.9563],[76.7038,10.9219],[76.8287,10.8696],[76.8544,10.8149],[76.8836,10.7974],[76.8897,10.78],[76.8755,10.6785],[76.8293,10.653],[76.8211,10.6332],[76.8267,10.5516],[76.8086,10.4371],[76.8381,10.3729],[76.8415,10.3107],[76.9218,10.239],[76.9698,10.2247],[77.0748,10.3033],[77.1915,10.3513],[77.2416,10.2844],[77.2545,10.2307],[77.2791,10.2029],[77.2244,10.0656],[77.2602,9.9524],[77.2268,9.8718],[77.2376,9.7788],[77.1868,9.5968],[77.244,9.5583],[77.3406,9.58],[77.3986,9.5],[77.4038,9.4611],[77.3698,9.429],[77.3121,9.3009],[77.2299,9.0641],[77.1649,9.001],[77.2026,8.8942],[77.2534,8.8507],[77.2354,8.7841],[77.1807,8.7037],[77.1877,8.6394],[77.2691,8.5555],[77.2788,8.5264],[77.2441,8.4765],[77.2247,8.4676],[77.2061,8.4789],[77.2159,8.4188],[77.1708,8.348],[77.1624,8.3017],[77.1103,8.2852],[76.9626,8.4047],[76.6445,8.819],[76.544,8.9125],[76.5591,8.9252],[76.5733,8.9044],[76.6206,8.9254],[76.5816,8.9199],[76.574,8.9426],[76.6033,8.9732],[76.6576,8.9664],[76.6343,8.9869],[76.6685,9.0074],[76.6441,9.0079],[76.6206,8.9871],[76.5828,9.0006],[76.5586,8.9521],[76.5511,8.9664],[76.5654,8.9943],[76.5388,8.9726],[76.5381,8.9391],[76.5281,8.947],[76.4605,9.1149],[76.4624,9.1383],[76.4766,9.1166],[76.4828,9.1718],[76.4624,9.1514],[76.4282,9.2453],[76.4146,9.247],[76.4426,9.1452],[76.363,9.3252],[76.3118,9.493],[76.2774,9.8093],[76.2363,9.9527],[76.2515,9.9631],[76.291,9.9086],[76.2568,9.9086],[76.2669,9.876],[76.2774,9.8708],[76.2842,9.8912],[76.2808,9.8428],[76.3,9.8478],[76.2971,9.8708],[76.3086,9.8796],[76.3389,9.6994],[76.3462,9.8161],[76.3201,9.8616],[76.3327,9.8708],[76.3592,9.8161],[76.368,9.7156],[76.3941,9.6789],[76.3729,9.6243],[76.3574,9.5207],[76.459,9.4973],[76.5033,9.535],[76.4485,9.5634],[76.4282,9.5554],[76.407,9.5691],[76.4197,9.5942],[76.4146,9.6827],[76.4026,9.7106],[76.3941,9.7062],[76.3804,9.7851],[76.3941,9.8428],[76.3592,9.9154],[76.3115,9.9669],[76.2943,9.9513],[76.2782,9.9779],[76.2739,10.0358],[76.2551,10.0477],[76.2451,10.1022],[76.2277,10.1096],[76.2153,10.1383],[76.2075,10.1171],[76.2427,9.9875],[76.2146,10.0245],[76.1824,10.1057],[76.1775,10.1706],[76.2241,10.1969],[76.2402,10.239],[76.2228,10.2344],[76.1948,10.2686],[76.2079,10.2346],[76.2017,10.1997],[76.1706,10.1938],[76.1532,10.2202],[76.1061,10.3847],[76.0701,10.4328],[76.0524,10.514],[76.0081,10.5671],[75.922,10.7656],[75.9416,10.7962],[75.9111,10.8092],[75.8945,10.8498],[75.8328,11.0978],[75.7308,11.3317],[75.7424,11.3587],[75.7112,11.3818],[75.6648,11.4626],[75.6089,11.4849],[75.5308,11.6937],[75.5061,11.7272],[75.3797,11.865],[75.3558,11.8577],[75.3246,11.8991],[75.3076,11.9322],[75.4002,11.9202],[75.3828,11.9455],[75.3934,11.9748],[75.3491,11.9476],[75.3023,11.9661],[75.2811,12.0106],[75.3298,12.0126],[75.3042,12.0432],[75.3095,12.0937],[75.3969,12.1288],[75.3969,12.1429],[75.3225,12.1434],[75.2762,12.101],[75.2405,12.1092],[75.2229,12.1002],[75.2222,12.022]]]}},{"type":"Feature","id":"Ladakh","properties":{"id":"Ladakh","iso_code":"IN-LA","name":"Ladakh","name_full":"Ladakh","name_ja":"ラダック","center_lonlat":[77.6349,33.8859]},"geometry":{"type":"Polygon","coordinates":[[[78.381,32.528],[78.3134,32.4717],[78.274,32.4911],[78.2994,32.5887],[78.3778,32.6573],[78.3834,32.7144],[78.3666,32.7652],[78.3177,32.7647],[78.3143,32.7354],[78.2539,32.6979],[78.1146,32.6677],[78.059,32.6183],[78.0089,32.6103],[77.9385,32.6953],[77.9289,32.7624],[77.8579,32.873],[77.7211,33.0126],[77.6752,33.0004],[77.5535,32.9234],[77.394,32.8899],[77.3713,32.867],[77.3487,32.8672],[77.1358,32.9267],[77.0885,32.9502],[76.9401,33.0343],[76.7687,33.1868],[76.7398,33.1974],[76.6466,33.3521],[76.488,33.5022],[76.2461,33.5741],[76.2327,33.6499],[76.2358,33.7288],[76.1664,33.8732],[76.0733,33.922],[76.0244,33.9821],[75.8796,33.9637],[75.7417,34.0664],[75.6995,34.1177],[75.6913,34.1637],[75.6634,34.1992],[75.5846,34.2101],[75.4695,34.2801],[75.3745,34.371],[75.3441,34.469],[75.3481,34.5572],[75.6116,34.4984],[75.7771,34.5038],[75.9393,34.612],[75.9734,34.6223],[76.0234,34.6772],[76.0583,34.6834],[76.1218,34.6609],[76.155,34.6617],[76.262,34.6847],[76.4382,34.7629],[76.4765,34.7578],[76.5358,34.7262],[76.6396,34.7411],[76.7439,34.8193],[76.7576,34.9151],[76.782,34.9309],[76.8526,34.9433],[76.9211,34.9207],[77.0131,34.9864],[77.0352,35.0345],[77.0231,35.0863],[77.0424,35.107],[77.8003,35.4954],[77.8342,35.4522],[77.8831,35.4311],[77.9859,35.4942],[78.0443,35.4916],[78.0556,35.4529],[78.0098,35.3475],[78.0012,35.2689],[78.0364,35.1942],[78.13,35.0554],[78.1481,34.9431],[78.2114,34.8483],[78.2732,34.6589],[78.296,34.6247],[78.3794,34.5787],[78.6073,34.5465],[78.6646,34.5264],[78.7507,34.4713],[78.8017,34.415],[78.9221,34.3723],[78.9512,34.3492],[78.9854,34.2864],[78.9762,34.2172],[78.9032,34.1581],[78.8061,34.123],[78.7301,34.0793],[78.7211,33.9944],[78.7873,33.8084],[78.7941,33.7439],[78.7814,33.5528],[78.8009,33.4942],[78.8243,33.4611],[78.965,33.3443],[79.075,33.2957],[79.4201,33.2752],[79.4561,33.2504],[79.4235,33.1578],[79.3732,33.1121],[79.3993,33.0269],[79.3398,33.0133],[79.3336,32.9943],[79.4141,32.9721],[79.5641,32.7939],[79.6139,32.765],[79.6207,32.7287],[79.5762,32.6706],[79.5312,32.6483],[79.5157,32.6081],[79.4435,32.5348],[79.4068,32.5297],[79.3795,32.5765],[79.3205,32.5923],[79.2874,32.5326],[79.2356,32.5043],[79.1912,32.5043],[79.1129,32.4724],[79.0917,32.3906],[79.0753,32.3708],[79.0282,32.3771],[78.9434,32.3464],[78.9113,32.3547],[78.7715,32.4617],[78.7369,32.5458],[78.751,32.6128],[78.7133,32.6375],[78.6302,32.578],[78.4475,32.5663],[78.3848,32.5475],[78.381,32.528]]]}},{"type":"Feature","id":"Lakshadweep","properties":{"id":"Lakshadweep","iso_code":"IN-LD","name":"Lakshadweep","name_full":"Lakshadweep","name_ja":"ラクシャディープ諸島","center_lonlat":[73.0576,8.2781]},"geometry":{"type":"MultiPolygon","coordinates":[[[[73.0772,8.3153],[73.084,8.3085],[73.0661,8.2705],[73.0447,8.2524],[73.0241,8.2554],[73.0225,8.2744],[73.0293,8.26],[73.0483,8.2676],[73.0772,8.3153]]],[[[72.1727,10.8092],[72.179,10.8487],[72.2,10.8781],[72.1727,10.8092]]],[[[73.6463,10.0847],[73.6326,10.0573],[73.6439,10.0945],[73.6463,10.0847]]]]}},{"type":"Feature","id":"Madhya Pradesh","properties":{"id":"Madhya Pradesh","iso_code":"IN-MP","name":"Madhya Pradesh","name_full":"Madhya Pradesh","name_ja":"マディヤ・プラデーシュ州","center_lonlat":[78.2933,23.5391]},"geometry":{"type":"Polygon","coordinates":[[[82.8009,23.9987],[82.7681,23.929],[82.67,23.8956],[82.643,23.8371],[82.5317,23.7754],[82.0774,23.8014],[82.0049,23.8364],[81.9369,23.8407],[81.8361,23.7954],[81.8087,23.7947],[81.7449,23.8249],[81.6819,23.8851],[81.6412,23.8853],[81.6195,23.8676],[81.6293,23.8583],[81.6249,23.8244],[81.6859,23.7065],[81.6556,23.6485],[81.6189,23.6273],[81.6147,23.5918],[81.5914,23.5612],[81.6283,23.4878],[81.6577,23.4872],[81.7595,23.5435],[81.9275,23.4954],[81.9914,23.4005],[82.0259,23.3877],[82.0344,23.3676],[82.1133,23.3688],[82.1863,23.3094],[82.1566,23.1483],[82.1294,23.0965],[82.0708,23.1003],[81.9461,23.043],[81.9342,23.0173],[81.9402,22.9458],[81.8653,22.8815],[81.7885,22.8529],[81.7793,22.8358],[81.7852,22.7443],[81.7618,22.7164],[81.7664,22.664],[81.6696,22.6093],[81.6423,22.5508],[81.5396,22.52],[81.4178,22.4375],[81.3581,22.498],[81.2349,22.4445],[81.2121,22.4524],[81.1994,22.4818],[81.1648,22.4653],[81.1225,22.4005],[81.1189,22.2946],[81.0954,22.2567],[81.0306,22.2107],[81.0161,22.1295],[80.9864,22.1145],[81.0022,22.0631],[80.9777,22.0528],[80.9347,22.0999],[80.9034,22.0853],[80.8351,21.951],[80.8379,21.8461],[80.8216,21.8028],[80.7878,21.7612],[80.7541,21.7565],[80.7398,21.7415],[80.7176,21.5856],[80.7214,21.4732],[80.679,21.3512],[80.6256,21.3265],[80.4844,21.4018],[80.4027,21.3943],[80.3953,21.4149],[80.4176,21.4468],[80.4027,21.4802],[80.3375,21.5255],[80.3102,21.5802],[80.2481,21.5968],[80.1867,21.6395],[80.0887,21.5918],[80.0803,21.5716],[80.0053,21.5483],[79.9653,21.5626],[79.8964,21.5325],[79.8497,21.5294],[79.8131,21.5798],[79.7588,21.5941],[79.6603,21.5852],[79.5652,21.5388],[79.5516,21.55],[79.5331,21.6193],[79.4983,21.6397],[79.4863,21.6635],[79.4264,21.6873],[79.3319,21.6903],[79.2587,21.7143],[79.2401,21.7128],[79.2158,21.6546],[79.0815,21.6129],[78.9504,21.5904],[78.9219,21.5723],[78.9323,21.5347],[78.9176,21.5139],[78.7996,21.4893],[78.696,21.4748],[78.6267,21.4794],[78.4972,21.5285],[78.4279,21.5085],[78.4133,21.6063],[78.3938,21.6223],[78.358,21.6248],[78.3102,21.5863],[78.1927,21.5511],[78.1444,21.4987],[78.0856,21.4624],[77.9102,21.4006],[77.8715,21.3981],[77.7945,21.4246],[77.703,21.3779],[77.6762,21.3951],[77.6381,21.3988],[77.5684,21.3864],[77.5195,21.4177],[77.4938,21.3912],[77.4331,21.4988],[77.432,21.5342],[77.4568,21.5485],[77.5749,21.5483],[77.5484,21.7074],[77.5037,21.7329],[77.4741,21.7673],[77.333,21.7745],[77.2511,21.7312],[77.219,21.7008],[77.1789,21.7262],[77.1155,21.724],[77.0288,21.6936],[76.9174,21.6181],[76.8436,21.6134],[76.8141,21.6001],[76.7937,21.577],[76.7771,21.4801],[76.7204,21.4034],[76.6371,21.3492],[76.654,21.2513],[76.6259,21.2088],[76.4983,21.1804],[76.4366,21.1078],[76.4104,21.0967],[76.2866,21.0748],[76.1669,21.0943],[76.1086,21.1531],[76.1062,21.1722],[76.1312,21.1763],[76.1429,21.1931],[76.1305,21.2801],[76.0829,21.3681],[76.0396,21.3657],[75.8778,21.3998],[75.814,21.3834],[75.6252,21.3855],[75.5211,21.3718],[75.3119,21.3815],[75.2095,21.4029],[75.1299,21.4377],[75.0677,21.5347],[75.0115,21.5735],[74.9561,21.5779],[74.9037,21.609],[74.8647,21.6161],[74.7081,21.6112],[74.6609,21.6453],[74.5916,21.6679],[74.5212,21.7176],[74.4882,21.8051],[74.4942,21.917],[74.4856,21.946],[74.4077,22.023],[74.352,21.9865],[74.29,21.966],[74.2844,21.9449],[74.249,21.9298],[74.2049,21.9251],[74.1288,21.9518],[74.1406,22.0715],[74.1173,22.102],[74.0964,22.1735],[74.0662,22.2056],[74.0594,22.3206],[74.0849,22.3494],[74.1368,22.3209],[74.1965,22.3327],[74.2343,22.3589],[74.2457,22.3856],[74.2346,22.4034],[74.1965,22.4149],[74.0981,22.4169],[74.036,22.4685],[74.0249,22.4913],[74.0504,22.5205],[74.1197,22.5044],[74.1515,22.5103],[74.2727,22.6097],[74.338,22.618],[74.3764,22.651],[74.4591,22.8225],[74.4266,22.8716],[74.4009,22.8816],[74.3706,22.8728],[74.3593,22.8838],[74.3439,22.9869],[74.3235,23.0361],[74.3874,23.0726],[74.4761,23.0624],[74.55,23.0987],[74.6119,23.1127],[74.7196,23.1694],[74.6584,23.2265],[74.5364,23.2509],[74.5213,23.2897],[74.5695,23.3679],[74.6314,23.4204],[74.823,23.5001],[74.8533,23.527],[74.935,23.6664],[74.9385,23.7217],[74.9066,23.7913],[74.9031,23.8553],[74.9083,23.8967],[74.9685,24.0413],[74.9003,24.1174],[74.87,24.2361],[74.8239,24.2613],[74.7456,24.2573],[74.731,24.2678],[74.754,24.3041],[74.7664,24.3587],[74.8468,24.4355],[74.8335,24.4664],[74.7202,24.5003],[74.7119,24.5239],[74.7843,24.6681],[74.7692,24.731],[74.7814,24.7817],[74.7976,24.7745],[74.8103,24.7267],[74.8585,24.6719],[74.8811,24.6649],[74.9569,24.683],[74.9792,24.7775],[74.9665,24.7902],[74.8326,24.8005],[74.8375,24.8594],[74.8171,24.9275],[74.8617,24.927],[74.8996,24.8972],[74.9951,24.8641],[75.0489,24.8985],[75.078,24.8889],[75.0954,24.8966],[75.1038,24.9275],[75.0938,24.9778],[75.1333,25.04],[75.2351,25.0402],[75.3194,25.0596],[75.2916,24.9963],[75.3203,24.9352],[75.3052,24.926],[75.2514,24.9365],[75.2452,24.9114],[75.2977,24.8876],[75.3873,24.9046],[75.4051,24.9019],[75.4058,24.8902],[75.355,24.8473],[75.2975,24.8394],[75.2473,24.852],[75.2025,24.8929],[75.1869,24.8929],[75.2104,24.821],[75.1736,24.7747],[75.1751,24.7505],[75.1922,24.7319],[75.448,24.7031],[75.649,24.7383],[75.747,24.7801],[75.7819,24.7591],[75.8134,24.7177],[75.8137,24.6639],[75.8694,24.5994],[75.874,24.5011],[75.8376,24.47],[75.7922,24.4942],[75.7654,24.4934],[75.745,24.4688],[75.7344,24.424],[75.7518,24.3423],[75.7966,24.3141],[75.804,24.2925],[75.7948,24.2516],[75.7592,24.2116],[75.7464,24.1719],[75.7635,24.141],[75.805,24.1191],[75.8062,24.0977],[75.73,24.0007],[75.6836,24.0246],[75.6218,23.9952],[75.5295,24.0426],[75.513,24.036],[75.4861,23.9889],[75.5014,23.9217],[75.5782,23.8757],[75.5971,23.8179],[75.6531,23.8104],[75.6929,23.7891],[75.7267,23.8588],[75.7203,23.9065],[75.7287,23.9162],[75.7925,23.8819],[75.8994,23.9183],[75.9867,23.9649],[76.0018,23.998],[75.9802,24.026],[75.9847,24.0369],[76.0832,24.0981],[76.1166,24.134],[76.124,24.312],[76.1327,24.3294],[76.1736,24.3515],[76.189,24.3521],[76.1902,24.3106],[76.2145,24.2838],[76.3047,24.2831],[76.3815,24.26],[76.4561,24.265],[76.4775,24.2535],[76.4948,24.2144],[76.5115,24.2091],[76.5521,24.2214],[76.5817,24.2824],[76.6608,24.3096],[76.6741,24.2948],[76.654,24.2405],[76.6692,24.2236],[76.7666,24.1603],[76.8627,24.175],[76.8941,24.2297],[76.8205,24.3373],[76.8067,24.5654],[76.8284,24.5766],[76.8758,24.5653],[76.8963,24.5339],[76.8988,24.5001],[76.9223,24.4961],[77.0352,24.5384],[77.0609,24.5779],[77.0462,24.6496],[77.0146,24.6992],[76.9564,24.7426],[76.8778,24.7439],[76.8481,24.7597],[76.7827,24.8268],[76.7919,24.8517],[76.8576,24.8664],[76.8817,24.8905],[76.8782,24.9354],[76.8473,25.0124],[76.869,25.0402],[76.9994,25.0877],[77.088,25.0937],[77.2004,25.1293],[77.266,25.1305],[77.3289,25.1086],[77.3824,25.1429],[77.3989,25.2122],[77.3579,25.2799],[77.3653,25.3244],[77.3428,25.3677],[77.3585,25.4119],[77.3277,25.4432],[77.2812,25.4427],[77.2371,25.4222],[77.2081,25.3648],[77.1811,25.3425],[77.0958,25.3554],[77.0015,25.3176],[76.947,25.3186],[76.9228,25.3064],[76.8697,25.3379],[76.8191,25.3445],[76.7659,25.3347],[76.7059,25.3726],[76.6415,25.3849],[76.6029,25.4374],[76.5514,25.4601],[76.4812,25.7322],[76.5127,25.7446],[76.5179,25.7993],[76.546,25.8483],[76.5919,25.8806],[76.6206,25.8851],[76.6411,25.9204],[76.7402,25.9232],[76.8043,25.9744],[76.8155,26.0188],[76.8875,26.0638],[76.908,26.0986],[76.9919,26.1359],[77.0189,26.1717],[77.0825,26.1853],[77.0998,26.2214],[77.1247,26.2379],[77.2097,26.242],[77.2881,26.3],[77.3358,26.3611],[77.4313,26.3737],[77.4418,26.4133],[77.5144,26.4164],[77.6168,26.483],[77.7151,26.506],[77.744,26.5362],[77.8315,26.5758],[77.8192,26.6051],[77.8807,26.6256],[77.9028,26.664],[78.0128,26.6956],[78.0385,26.6818],[78.0794,26.6829],[78.1004,26.7429],[78.0929,26.7798],[78.1012,26.7951],[78.1515,26.7832],[78.165,26.7919],[78.169,26.8222],[78.2001,26.8236],[78.2549,26.8173],[78.286,26.8548],[78.3506,26.8585],[78.3715,26.851],[78.3849,26.8268],[78.4281,26.8225],[78.4616,26.7923],[78.518,26.7832],[78.5635,26.7585],[78.5952,26.7584],[78.6143,26.7764],[78.6553,26.7764],[78.7101,26.7989],[78.7241,26.7764],[78.7454,26.7892],[78.7619,26.7652],[78.7924,26.7621],[78.8613,26.7013],[78.9261,26.7062],[78.96,26.5967],[79.041,26.468],[79.0521,26.4115],[79.0397,26.3751],[79.0608,26.3551],[79.0284,26.3011],[78.9633,26.2781],[78.9382,26.2546],[78.9566,26.1978],[78.9213,26.1727],[78.92,26.1447],[78.9531,26.1003],[78.8083,25.8416],[78.7398,25.7898],[78.7271,25.7402],[78.7536,25.6743],[78.7476,25.6427],[78.6161,25.6076],[78.5465,25.5726],[78.4818,25.5777],[78.3705,25.5527],[78.33,25.4648],[78.2512,25.3978],[78.3663,25.186],[78.3304,25.082],[78.3407,25.0458],[78.3249,25.0022],[78.2573,24.9402],[78.1804,24.8925],[78.1691,24.8655],[78.2249,24.7941],[78.2307,24.7343],[78.2613,24.6927],[78.258,24.6449],[78.2723,24.6244],[78.2648,24.5835],[78.2239,24.5192],[78.2444,24.4879],[78.2699,24.4777],[78.2775,24.4531],[78.3505,24.408],[78.3292,24.3537],[78.3565,24.3092],[78.3855,24.3012],[78.4235,24.3183],[78.4424,24.3374],[78.4633,24.4018],[78.4894,24.4108],[78.5358,24.3886],[78.6559,24.2946],[78.7514,24.2766],[78.7621,24.2357],[78.7921,24.2174],[78.8098,24.2202],[78.8668,24.2721],[78.902,24.3464],[78.9724,24.4226],[78.9783,24.4674],[78.9162,24.4868],[78.9224,24.5333],[78.8711,24.6257],[78.8271,24.6471],[78.7504,24.6298],[78.7268,24.6434],[78.7151,24.6687],[78.7362,24.7255],[78.7237,24.8487],[78.6489,24.9407],[78.6179,25.1089],[78.5737,25.2122],[78.5136,25.2734],[78.5304,25.3157],[78.5793,25.3699],[78.5821,25.4067],[78.6523,25.4095],[78.7275,25.3464],[78.7383,25.3598],[78.7315,25.3959],[78.7488,25.4261],[78.7226,25.4617],[78.7269,25.4945],[78.7819,25.524],[78.7972,25.4998],[78.8008,25.4269],[78.8355,25.4197],[78.8531,25.434],[78.8553,25.5021],[78.8911,25.5381],[78.9131,25.5253],[78.9191,25.5046],[78.9091,25.4414],[78.9531,25.4423],[78.96,25.4265],[78.9341,25.3465],[78.9355,25.3041],[78.8677,25.2377],[78.8698,25.1805],[78.8911,25.1754],[78.9378,25.2197],[78.973,25.2282],[78.9867,25.2762],[78.9986,25.2827],[79.0474,25.2569],[79.0113,25.214],[79.0087,25.1916],[79.024,25.1746],[79.109,25.195],[79.1258,25.1438],[79.1715,25.1817],[79.2795,25.1643],[79.2907,25.1888],[79.262,25.2959],[79.2759,25.334],[79.3116,25.3646],[79.3248,25.3498],[79.2896,25.2795],[79.3103,25.2438],[79.3589,25.2787],[79.3978,25.2748],[79.4418,25.2973],[79.3777,25.1879],[79.3391,25.1474],[79.3326,25.089],[79.3577,25.0711],[79.392,25.0741],[79.399,25.1413],[79.4381,25.1416],[79.4585,25.106],[79.4795,25.1055],[79.5312,25.1687],[79.5537,25.179],[79.6485,25.1493],[79.7676,25.1562],[79.8017,25.1319],[79.8633,25.1532],[79.8677,25.1706],[79.8348,25.2177],[79.8404,25.2407],[79.9154,25.2598],[80.0153,25.3309],[80.087,25.3616],[80.1245,25.351],[80.1981,25.4164],[80.2836,25.4145],[80.3123,25.3687],[80.3221,25.2883],[80.3758,25.2441],[80.3994,25.244],[80.422,25.186],[80.4133,25.1711],[80.3545,25.1438],[80.3047,25.0893],[80.2699,25.0886],[80.2718,25.0411],[80.2971,25.0121],[80.3513,25.0232],[80.407,25.0134],[80.4067,25.0638],[80.452,25.0187],[80.4782,25.0183],[80.5151,25.0407],[80.5139,25.0505],[80.4703,25.0737],[80.4585,25.117],[80.5464,25.1075],[80.5524,25.1474],[80.5646,25.1524],[80.6388,25.0734],[80.7179,25.082],[80.7258,25.1042],[80.6664,25.1497],[80.7698,25.16],[80.8022,25.2098],[80.8354,25.2177],[80.8562,25.208],[80.8589,25.1876],[80.8243,25.0874],[80.7957,25.0599],[80.7617,24.9833],[80.805,24.9688],[80.9004,24.9839],[80.9437,24.9533],[81.0047,24.9664],[81.0981,24.9086],[81.1312,24.9454],[81.1814,24.9581],[81.1746,25.0111],[81.2355,25.0891],[81.2432,25.1695],[81.3092,25.1719],[81.3605,25.157],[81.3708,25.1487],[81.3696,25.1116],[81.4184,25.1041],[81.4569,25.1114],[81.4692,25.1269],[81.4253,25.1648],[81.537,25.1998],[81.58,25.1165],[81.5779,25.0845],[81.7076,25.0653],[81.7267,25.0298],[81.7528,25.0205],[81.8081,25.0355],[81.8421,25.0271],[81.874,24.9802],[81.8732,24.93],[81.9561,24.871],[82.0332,24.8595],[82.1222,24.8081],[82.2087,24.8431],[82.2164,24.8063],[82.208,24.7643],[82.2333,24.7587],[82.263,24.7912],[82.2652,24.7154],[82.3234,24.6938],[82.307,24.632],[82.4097,24.6356],[82.4275,24.6588],[82.4271,24.7186],[82.4414,24.7214],[82.5951,24.6877],[82.7082,24.7215],[82.7236,24.6736],[82.7721,24.6683],[82.8176,24.5809],[82.7969,24.5609],[82.7502,24.568],[82.7344,24.5516],[82.7433,24.5067],[82.7326,24.4273],[82.7635,24.3991],[82.7648,24.33],[82.7411,24.2778],[82.7329,24.2141],[82.6738,24.1803],[82.7361,24.115],[82.7345,24.0659],[82.8009,23.9987]]]}},{"type":"Feature","id":"Maharashtra","properties":{"id":"Maharashtra","iso_code":"IN-MH","name":"Maharashtra","name_full":"Maharashtra","name_ja":"マハーラーシュトラ州","center_lonlat":[76.1123,19.4609]},"geometry":{"type":"Polygon","coordinates":[[[73.7009,15.7232],[73.6463,15.7369],[73.6463,15.7921],[73.6047,15.8808],[73.491,15.9935],[73.4873,16.0142],[73.516,16.0248],[73.4839,16.0282],[73.4504,16.0589],[73.4634,16.1596],[73.488,16.1894],[73.4528,16.1666],[73.447,16.1136],[73.4352,16.2178],[73.4136,16.2239],[73.3787,16.3569],[73.3582,16.3675],[73.3644,16.3893],[73.3849,16.4016],[73.3413,16.4321],[73.303,16.533],[73.3073,16.5632],[73.344,16.5236],[73.3787,16.5183],[73.3508,16.5382],[73.3713,16.5593],[73.3364,16.5656],[73.3146,16.5994],[73.3582,16.6207],[73.363,16.5968],[73.3713,16.6102],[73.3543,16.6347],[73.3235,16.6207],[73.3122,16.6447],[73.3216,16.6925],[73.2896,16.7402],[73.3037,16.8131],[73.2969,16.8056],[73.2866,16.8209],[73.2694,16.8756],[73.2796,16.8876],[73.2705,16.945],[73.2894,16.9838],[73.2546,17.0067],[73.2627,17.0185],[73.2512,17.0322],[73.259,17.0441],[73.2694,17.0316],[73.2757,17.0786],[73.2551,17.121],[73.2606,17.1505],[73.236,17.2206],[73.187,17.306],[73.2312,17.2793],[73.249,17.2849],[73.196,17.3694],[73.1706,17.3897],[73.1653,17.413],[73.1854,17.4419],[73.1733,17.4574],[73.1807,17.4777],[73.126,17.5565],[73.2007,17.5865],[73.1392,17.6008],[73.1213,17.6264],[73.1261,17.6554],[73.1055,17.6889],[73.1233,17.7358],[73.0652,17.8784],[73.0186,17.9517],[73.0171,17.9721],[73.0354,17.9918],[73.0189,17.9925],[73.0052,18.0124],[73.0422,18.049],[73.0435,18.067],[73.0088,18.039],[72.9873,18.0666],[72.9673,18.196],[72.9548,18.2175],[72.9269,18.2239],[72.94,18.286],[72.9727,18.2447],[73.051,18.2275],[73.0635,18.2104],[73.0476,18.2012],[73.0575,18.1856],[73.0715,18.2041],[73.0715,18.273],[72.9949,18.2836],[72.968,18.3106],[72.9748,18.3276],[72.9126,18.3612],[72.9102,18.3992],[72.8897,18.4413],[72.9072,18.5236],[72.9468,18.5324],[73.0088,18.4505],[73.015,18.47],[72.9888,18.4899],[72.9603,18.5547],[72.9102,18.559],[72.8553,18.6811],[72.8524,18.7699],[72.8656,18.7994],[72.9126,18.8],[72.9269,18.8266],[72.9748,18.7795],[72.9696,18.747],[72.9951,18.731],[72.9917,18.7794],[73.0163,18.8136],[72.9813,18.8327],[72.9778,18.875],[72.9461,18.8583],[72.8968,18.8945],[72.9126,18.9235],[72.9281,18.9114],[72.9368,18.9474],[72.9772,18.9484],[72.9883,18.9644],[72.9536,18.9713],[73.0466,18.9952],[73.0568,19.0153],[72.9883,18.9986],[72.981,19.0464],[72.9919,19.0672],[72.9673,19.091],[72.9748,19.1631],[72.9356,19.1151],[72.9269,19.0668],[72.9434,19.0551],[72.9343,19.0341],[72.8914,18.9918],[72.8853,19.0259],[72.8693,19.0114],[72.8363,18.9591],[72.8213,18.9033],[72.8125,18.8974],[72.8027,18.9098],[72.8027,18.9576],[72.7754,18.9365],[72.7704,18.9482],[72.8024,18.9997],[72.8027,19.0402],[72.8171,19.0327],[72.8242,19.0535],[72.8096,19.0668],[72.8231,19.1085],[72.8096,19.1463],[72.8231,19.1693],[72.8112,19.1755],[72.7922,19.1505],[72.7816,19.1597],[72.8301,19.2524],[72.8151,19.2536],[72.7754,19.2047],[72.7722,19.2651],[72.7854,19.3139],[72.867,19.3168],[72.9006,19.2908],[72.9727,19.2937],[73.0266,19.2055],[73.0497,19.2177],[73.03,19.2277],[73.0291,19.2593],[72.9878,19.3007],[72.8989,19.307],[72.8369,19.348],[72.8185,19.3303],[72.8021,19.3319],[72.7598,19.389],[72.7468,19.468],[72.7544,19.4818],[72.8792,19.5324],[72.8567,19.5413],[72.7959,19.5268],[72.7707,19.5661],[72.742,19.5808],[72.7345,19.5466],[72.7556,19.5194],[72.7415,19.516],[72.7225,19.5363],[72.7108,19.5876],[72.718,19.6067],[72.6867,19.7248],[72.7078,19.6975],[72.7264,19.7058],[72.714,19.7458],[72.7313,19.7546],[72.7328,19.7797],[72.7283,19.7936],[72.6779,19.7466],[72.6799,19.8005],[72.6492,19.852],[72.6642,19.8816],[72.6652,19.9529],[72.6843,19.964],[72.7078,20.0128],[72.7081,20.0726],[72.7769,20.1015],[72.8058,20.0925],[72.8726,20.1018],[72.9472,20.1274],[72.9972,20.0398],[73.0394,20.0593],[73.0678,20.0408],[73.1031,20.0562],[73.1429,20.0266],[73.1659,20.0626],[73.1663,20.1149],[73.193,20.111],[73.231,20.1257],[73.2625,20.1909],[73.3638,20.1783],[73.3831,20.1863],[73.3779,20.2186],[73.3941,20.2704],[73.3867,20.3327],[73.3607,20.3694],[73.4587,20.538],[73.4464,20.5841],[73.4139,20.596],[73.4037,20.6336],[73.3641,20.6485],[73.4042,20.6699],[73.434,20.7163],[73.4535,20.7172],[73.481,20.6737],[73.586,20.6154],[73.63,20.5639],[73.6998,20.5624],[73.7923,20.6062],[73.8103,20.6393],[73.811,20.6769],[73.8989,20.751],[73.9112,20.7904],[73.9029,20.8839],[73.8683,20.9748],[73.7898,21.0585],[73.7423,21.0731],[73.7051,21.1187],[73.634,21.1194],[73.5974,21.1399],[73.5519,21.1907],[73.5769,21.1946],[73.6392,21.1645],[73.6961,21.1647],[73.7669,21.2038],[73.8084,21.2859],[73.8413,21.2658],[73.9186,21.2916],[73.9602,21.3944],[74.0422,21.4618],[74.1087,21.4516],[74.2406,21.4861],[74.2968,21.5202],[74.2996,21.5455],[74.2854,21.5731],[74.1916,21.5455],[74.1465,21.5707],[74.109,21.5526],[73.9959,21.5553],[73.8208,21.5083],[73.7572,21.5963],[73.7541,21.6188],[73.8109,21.6347],[73.8391,21.6822],[73.8035,21.7398],[73.796,21.8052],[73.8094,21.8365],[73.9427,21.8746],[74.061,21.9403],[74.1288,21.9518],[74.2049,21.9251],[74.249,21.9298],[74.2844,21.9449],[74.29,21.966],[74.352,21.9865],[74.4077,22.023],[74.4856,21.946],[74.4942,21.917],[74.4882,21.8051],[74.5212,21.7176],[74.5916,21.6679],[74.6609,21.6453],[74.7081,21.6112],[74.8647,21.6161],[74.9037,21.609],[74.9561,21.5779],[75.0115,21.5735],[75.0677,21.5347],[75.1299,21.4377],[75.2095,21.4029],[75.3119,21.3815],[75.5211,21.3718],[75.6252,21.3855],[75.814,21.3834],[75.8778,21.3998],[76.0396,21.3657],[76.0829,21.3681],[76.1305,21.2801],[76.1429,21.1931],[76.1312,21.1763],[76.1062,21.1722],[76.1086,21.1531],[76.1669,21.0943],[76.2866,21.0748],[76.4104,21.0967],[76.4366,21.1078],[76.4983,21.1804],[76.6259,21.2088],[76.654,21.2513],[76.6371,21.3492],[76.7204,21.4034],[76.7771,21.4801],[76.7937,21.577],[76.8141,21.6001],[76.8436,21.6134],[76.9174,21.6181],[77.0288,21.6936],[77.1155,21.724],[77.1789,21.7262],[77.219,21.7008],[77.2511,21.7312],[77.333,21.7745],[77.4741,21.7673],[77.5037,21.7329],[77.5484,21.7074],[77.5749,21.5483],[77.4568,21.5485],[77.432,21.5342],[77.4331,21.4988],[77.4938,21.3912],[77.5195,21.4177],[77.5684,21.3864],[77.6381,21.3988],[77.6762,21.3951],[77.703,21.3779],[77.7945,21.4246],[77.8715,21.3981],[77.9102,21.4006],[78.0856,21.4624],[78.1444,21.4987],[78.1927,21.5511],[78.3102,21.5863],[78.358,21.6248],[78.3938,21.6223],[78.4133,21.6063],[78.4279,21.5085],[78.4972,21.5285],[78.6267,21.4794],[78.696,21.4748],[78.7996,21.4893],[78.9176,21.5139],[78.9323,21.5347],[78.9219,21.5723],[78.9504,21.5904],[79.0815,21.6129],[79.2158,21.6546],[79.2401,21.7128],[79.2587,21.7143],[79.3319,21.6903],[79.4264,21.6873],[79.4863,21.6635],[79.4983,21.6397],[79.5331,21.6193],[79.5516,21.55],[79.5652,21.5388],[79.6603,21.5852],[79.7588,21.5941],[79.8131,21.5798],[79.8497,21.5294],[79.8964,21.5325],[79.9653,21.5626],[80.0053,21.5483],[80.0803,21.5716],[80.0887,21.5918],[80.1867,21.6395],[80.2481,21.5968],[80.3102,21.5802],[80.3375,21.5255],[80.4027,21.4802],[80.4176,21.4468],[80.3953,21.4149],[80.4027,21.3943],[80.4844,21.4018],[80.6256,21.3265],[80.679,21.3512],[80.6784,21.302],[80.6374,21.2517],[80.4652,21.148],[80.4363,21.0247],[80.441,20.9788],[80.4633,20.9422],[80.4912,20.9302],[80.5339,20.9375],[80.5547,20.9078],[80.571,20.6824],[80.5091,20.6413],[80.4949,20.6012],[80.515,20.5888],[80.5714,20.6161],[80.6146,20.6062],[80.6349,20.5123],[80.6144,20.4643],[80.6224,20.3259],[80.5342,20.2694],[80.4411,20.2533],[80.4244,20.2341],[80.4182,20.1489],[80.5306,20.1349],[80.5572,20.0483],[80.5311,19.9207],[80.4602,19.941],[80.4448,19.9312],[80.4275,19.8882],[80.4807,19.8711],[80.4861,19.855],[80.4718,19.8302],[80.409,19.792],[80.4316,19.7733],[80.4788,19.7665],[80.5008,19.8109],[80.5378,19.8109],[80.5745,19.7288],[80.6677,19.689],[80.7014,19.5975],[80.8381,19.5431],[80.8939,19.4844],[80.8954,19.4522],[80.8694,19.4194],[80.8057,19.4033],[80.831,19.3342],[80.7612,19.2985],[80.7205,19.2616],[80.68,19.3215],[80.6174,19.3186],[80.576,19.392],[80.5535,19.3869],[80.517,19.3452],[80.4808,19.3286],[80.4473,19.2721],[80.4054,19.2504],[80.3666,19.1174],[80.2718,18.9794],[80.2839,18.9203],[80.3492,18.8309],[80.266,18.7682],[80.2704,18.7137],[80.2417,18.6975],[80.1697,18.69],[80.0905,18.6975],[80.0019,18.7856],[79.9169,18.8266],[79.9603,18.8671],[79.9649,18.9354],[79.9335,19.0531],[79.8647,19.0484],[79.8618,19.0811],[79.8937,19.1374],[79.9438,19.1692],[79.9285,19.2605],[79.9565,19.3134],[79.9638,19.426],[79.9275,19.4862],[79.8649,19.509],[79.7958,19.5941],[79.7354,19.6034],[79.6361,19.5698],[79.6089,19.5531],[79.6008,19.5189],[79.5764,19.5081],[79.5389,19.5338],[79.4041,19.5378],[79.3489,19.5801],[79.266,19.5896],[79.2455,19.5595],[79.2433,19.5311],[79.2161,19.5043],[79.2183,19.4744],[79.1977,19.4619],[79.0971,19.5311],[79.0589,19.5471],[79.014,19.5454],[79.0113,19.557],[78.9808,19.5642],[78.9727,19.5848],[78.9349,19.5982],[78.921,19.6247],[78.8759,19.6445],[78.8399,19.737],[78.78,19.7767],[78.7117,19.7743],[78.6166,19.8152],[78.5337,19.8247],[78.4777,19.7991],[78.4106,19.8249],[78.3833,19.8662],[78.3292,19.8913],[78.3218,19.8633],[78.3632,19.7604],[78.3994,19.7361],[78.4034,19.7193],[78.3924,19.692],[78.3334,19.6433],[78.3057,19.5748],[78.3026,19.4828],[78.2119,19.4401],[78.1744,19.3747],[78.1818,19.2985],[78.1679,19.2641],[78.051,19.2654],[78.0249,19.2786],[77.9891,19.325],[77.9115,19.3303],[77.8655,19.2974],[77.89,19.2714],[77.855,19.2284],[77.8324,19.1589],[77.8367,19.1267],[77.752,19.0459],[77.7666,18.9894],[77.7953,18.9872],[77.8073,18.9558],[77.839,18.947],[77.8424,18.9092],[77.9037,18.8618],[77.9121,18.8354],[77.8393,18.8096],[77.7811,18.7038],[77.7366,18.7041],[77.7124,18.6895],[77.7034,18.6691],[77.7098,18.6227],[77.6885,18.5747],[77.6022,18.5566],[77.5592,18.5076],[77.5439,18.4273],[77.5026,18.3816],[77.5527,18.3458],[77.5512,18.3079],[77.5091,18.3146],[77.4615,18.2819],[77.4376,18.2819],[77.4273,18.3161],[77.3466,18.3515],[77.3416,18.4263],[77.3243,18.4491],[77.3019,18.4603],[77.2648,18.4531],[77.229,18.3995],[77.2274,18.3221],[77.1179,18.2538],[77.0877,18.1971],[77.0058,18.1783],[76.9495,18.18],[76.9002,18.157],[76.883,17.9549],[76.8631,17.9037],[76.8391,17.8842],[76.7409,17.8984],[76.7557,17.8258],[76.7055,17.7921],[76.676,17.7069],[76.5927,17.7706],[76.5227,17.777],[76.497,17.7444],[76.4695,17.7321],[76.4617,17.6978],[76.4217,17.6781],[76.3906,17.6368],[76.3131,17.6098],[76.3364,17.5683],[76.3401,17.5155],[76.3163,17.4739],[76.3474,17.4134],[76.3804,17.3788],[76.3536,17.357],[76.2655,17.3577],[76.2104,17.3889],[76.1565,17.3709],[76.1127,17.382],[76.0406,17.3494],[76.0099,17.3537],[75.9365,17.3259],[75.8977,17.3522],[75.87,17.4161],[75.8454,17.4021],[75.8318,17.417],[75.7839,17.3748],[75.7699,17.3772],[75.7406,17.4157],[75.678,17.4253],[75.6596,17.4671],[75.6218,17.4764],[75.5515,17.3893],[75.5824,17.2903],[75.6112,17.2698],[75.621,17.2424],[75.6051,17.1581],[75.6468,17.0914],[75.6223,17.0535],[75.6415,17.0102],[75.6274,16.977],[75.6029,16.9782],[75.5487,17.0153],[75.5178,16.982],[75.4717,16.963],[75.4261,16.9849],[75.3708,16.9845],[75.3253,16.9636],[75.256,16.9592],[75.2414,16.9478],[75.2426,16.9021],[75.1665,16.8679],[75.1182,16.8822],[75.0669,16.9232],[75.0489,16.9532],[74.9996,16.9451],[74.9638,16.9542],[74.9223,16.8893],[74.8458,16.8612],[74.8667,16.7762],[74.8576,16.7579],[74.7961,16.7663],[74.7204,16.7194],[74.6883,16.7127],[74.6722,16.6727],[74.6445,16.6519],[74.672,16.6254],[74.6658,16.6062],[74.6217,16.5957],[74.5524,16.5518],[74.5246,16.6238],[74.4349,16.6468],[74.4114,16.5927],[74.3532,16.5435],[74.3148,16.5646],[74.2924,16.5284],[74.2483,16.5451],[74.226,16.4862],[74.2669,16.496],[74.2794,16.4614],[74.3146,16.4563],[74.3226,16.4246],[74.3579,16.4007],[74.3062,16.3771],[74.3238,16.2829],[74.3662,16.2929],[74.4708,16.2358],[74.4696,16.1098],[74.4575,16.0974],[74.4063,16.0932],[74.3835,16.0695],[74.4313,16.0408],[74.4288,15.9938],[74.3516,15.8674],[74.3731,15.8355],[74.3311,15.7619],[74.2816,15.7299],[74.2235,15.7261],[74.2138,15.7645],[74.1861,15.7657],[74.1381,15.7295],[74.1124,15.6822],[74.0948,15.6728],[74.1006,15.6403],[74.0616,15.6395],[73.9903,15.6135],[73.9644,15.6188],[73.932,15.6443],[73.9084,15.7212],[73.8438,15.7492],[73.8264,15.783],[73.7927,15.7416],[73.7009,15.7232]]]}},{"type":"Feature","id":"Manipur","properties":{"id":"Manipur","iso_code":"IN-MN","name":"Manipur","name_full":"Manipur","name_ja":"マニプル州","center_lonlat":[93.8619,24.7308]},"geometry":{"type":"Polygon","coordinates":[[[94.6504,25.4467],[94.608,25.3946],[94.5501,25.2453],[94.5533,25.2041],[94.5769,25.1736],[94.6891,25.1385],[94.7068,25.1099],[94.7086,25.0259],[94.6735,24.9748],[94.6548,24.8892],[94.599,24.8135],[94.5815,24.7301],[94.5557,24.7089],[94.5163,24.705],[94.475,24.5974],[94.4185,24.5603],[94.3971,24.4951],[94.3637,24.4658],[94.3612,24.4254],[94.3287,24.3945],[94.3307,24.3629],[94.2954,24.3326],[94.1903,23.9953],[94.1351,23.919],[94.1319,23.857],[94.0997,23.8426],[94.0551,23.8879],[93.9979,23.917],[93.9123,23.939],[93.8037,23.9361],[93.743,23.9953],[93.7111,24.0055],[93.6124,24.0091],[93.5711,23.968],[93.5435,23.9809],[93.4957,23.9591],[93.4567,23.96],[93.4392,23.9952],[93.3485,24.0889],[93.3222,24.0801],[93.3026,24.0358],[93.2487,24.0177],[93.2524,24.0493],[93.2329,24.0688],[93.1874,24.0403],[93.148,24.062],[93.1057,24.0449],[93.0709,24.0719],[92.9794,24.1048],[92.9976,24.1313],[93.0143,24.2745],[93.0459,24.3265],[93.0229,24.3543],[93.0184,24.3991],[93.0118,24.4128],[93.0367,24.4146],[93.0457,24.4445],[93.0645,24.5589],[93.1006,24.577],[93.08,24.6244],[93.1063,24.6719],[93.0912,24.6827],[93.0871,24.707],[93.1177,24.7972],[93.1481,24.8239],[93.1811,24.8094],[93.1994,24.8165],[93.2072,24.8476],[93.2534,24.9147],[93.2394,24.9448],[93.2768,24.9734],[93.2601,25.0088],[93.263,25.036],[93.3121,25.0658],[93.3943,25.235],[93.4492,25.3021],[93.515,25.2596],[93.5578,25.2475],[93.6055,25.2058],[93.6492,25.2619],[93.6791,25.3283],[93.8086,25.4461],[93.8075,25.4795],[93.7594,25.5],[93.7696,25.5321],[93.9299,25.5544],[94.0267,25.5538],[94.084,25.5195],[94.1508,25.5214],[94.1951,25.4966],[94.3253,25.512],[94.3867,25.5414],[94.4353,25.5944],[94.5704,25.6876],[94.5707,25.6215],[94.5359,25.5137],[94.5995,25.4608],[94.6504,25.4467]]]}},{"type":"Feature","id":"Meghalaya","properties":{"id":"Meghalaya","iso_code":"IN-ML","name":"Meghalaya","name_full":"Meghalaya","name_ja":"メーガーラヤ州","center_lonlat":[91.286,25.5361]},"geometry":{"type":"Polygon","coordinates":[[[92.3849,25.0048],[92.3811,25.0234],[92.3281,25.048],[92.3035,25.0743],[92.2201,25.0904],[92.1727,25.132],[92.1162,25.1394],[92.0929,25.1647],[92.034,25.1817],[91.9563,25.1698],[91.9006,25.1776],[91.7301,25.1675],[91.7107,25.1447],[91.6774,25.1526],[91.662,25.1272],[91.6387,25.124],[91.5962,25.1289],[91.5661,25.16],[91.4808,25.1353],[91.4319,25.138],[91.2357,25.2019],[90.822,25.1423],[90.754,25.1676],[90.7077,25.153],[90.6234,25.1714],[90.3646,25.15],[90.2869,25.1801],[90.1301,25.2116],[89.9081,25.2969],[89.819,25.285],[89.795,25.3742],[89.8086,25.4395],[89.8833,25.4659],[89.9034,25.5535],[89.9665,25.5615],[89.9985,25.5807],[90.0005,25.6093],[89.9492,25.6658],[89.9446,25.7258],[89.9802,25.814],[90.041,25.8863],[90.1356,25.9598],[90.3239,25.9848],[90.3971,26.0171],[90.4949,26.0099],[90.5453,25.9807],[90.5517,25.9613],[90.5347,25.911],[90.6096,25.9694],[90.6267,25.9641],[90.6443,25.9315],[90.7529,25.9621],[90.7666,25.9597],[90.7781,25.9251],[90.8684,25.9516],[90.9745,25.9436],[90.9874,25.9226],[91.029,25.8993],[91.0313,25.8357],[91.0609,25.8517],[91.0816,25.8376],[91.1959,25.8689],[91.1993,25.7606],[91.2221,25.7307],[91.2691,25.7516],[91.3606,25.8433],[91.4735,25.8618],[91.5274,25.8881],[91.5328,25.9015],[91.4966,25.8829],[91.4723,25.8901],[91.592,26.0344],[91.6378,26.0261],[91.6458,26.0001],[91.6316,25.9396],[91.6725,25.9312],[91.7182,25.9677],[91.7519,26.0481],[91.8071,26.0881],[91.8253,26.0893],[91.8909,26.0437],[91.9225,26.0382],[92.0541,26.0568],[92.1641,26.0884],[92.2552,26.0852],[92.2704,26.0732],[92.2615,26.0554],[92.1757,25.9798],[92.1791,25.9477],[92.2078,25.9393],[92.2147,25.9195],[92.167,25.8171],[92.1673,25.6895],[92.1784,25.6847],[92.2277,25.7138],[92.3165,25.7273],[92.3824,25.7643],[92.4769,25.6999],[92.5934,25.5867],[92.6779,25.6106],[92.6788,25.5867],[92.5849,25.4915],[92.6368,25.4474],[92.7018,25.4255],[92.7896,25.3489],[92.7983,25.3273],[92.7863,25.2825],[92.8116,25.2341],[92.6804,25.1879],[92.6492,25.1554],[92.5607,25.1502],[92.5575,25.1279],[92.5101,25.1129],[92.3849,25.0048]]]}},{"type":"Feature","id":"Mizoram","properties":{"id":"Mizoram","iso_code":"IN-MZ","name":"Mizoram","name_full":"Mizoram","name_ja":"ミゾラム州","center_lonlat":[92.8186,23.2908]},"geometry":{"type":"Polygon","coordinates":[[[93.3026,24.0358],[93.3081,23.9775],[93.356,23.907],[93.3748,23.739],[93.4063,23.7191],[93.4303,23.6803],[93.4002,23.454],[93.4072,23.3473],[93.3779,23.2968],[93.3749,23.1297],[93.3183,23.0337],[93.2728,23.0059],[93.2465,23.0045],[93.1965,23.0538],[93.1771,23.0584],[93.1401,23.0319],[93.1432,22.9775],[93.1711,22.9204],[93.1755,22.8817],[93.1159,22.7984],[93.0795,22.7727],[93.0708,22.6929],[93.1105,22.5963],[93.0992,22.512],[93.1179,22.4629],[93.1535,22.4275],[93.1659,22.3866],[93.1737,22.2594],[93.169,22.2469],[93.1235,22.2307],[93.1417,22.1873],[93.1195,22.181],[93.0725,22.2025],[93.0245,22.2019],[93.0255,22.1129],[92.9855,22.096],[92.9672,22.0627],[92.979,21.9954],[92.9617,21.9869],[92.9374,22.013],[92.9062,22.0173],[92.8775,21.957],[92.8361,22.0465],[92.7716,22.1042],[92.6838,22.1543],[92.6711,22.1339],[92.674,22.0952],[92.6621,22.0948],[92.6562,22.0753],[92.6509,22.0192],[92.6153,22.0088],[92.5759,21.9776],[92.5373,22.1286],[92.5756,22.1433],[92.577,22.1687],[92.5008,22.5605],[92.4959,22.6956],[92.442,22.7629],[92.4263,22.8711],[92.3787,22.9004],[92.3599,22.9266],[92.3276,23.1714],[92.3327,23.2263],[92.3575,23.2789],[92.3486,23.3541],[92.3015,23.4318],[92.2528,23.6093],[92.2597,23.7026],[92.2707,23.8291],[92.2921,23.8535],[92.3186,23.8505],[92.3138,23.9364],[92.332,23.9948],[92.3181,24.0359],[92.3254,24.1883],[92.2985,24.2377],[92.423,24.238],[92.4149,24.1957],[92.4313,24.153],[92.4533,24.1323],[92.4802,24.1292],[92.5885,24.2213],[92.6245,24.2385],[92.6226,24.2807],[92.7073,24.3696],[92.7578,24.483],[92.7838,24.4616],[92.8373,24.3676],[92.8634,24.3656],[92.9302,24.3916],[92.9919,24.3807],[93.0184,24.3991],[93.0229,24.3543],[93.0459,24.3265],[93.0143,24.2745],[92.9976,24.1313],[92.9794,24.1048],[93.0709,24.0719],[93.1057,24.0449],[93.148,24.062],[93.1874,24.0403],[93.2329,24.0688],[93.2524,24.0493],[93.2487,24.0177],[93.3026,24.0358]]]}},{"type":"Feature","id":"Nagaland","properties":{"id":"Nagaland","iso_code":"IN-NL","name":"Nagaland","name_full":"Nagaland","name_ja":"ナガランド州","center_lonlat":[94.4487,26.0614]},"geometry":{"type":"Polygon","coordinates":[[[95.2469,26.6489],[95.2233,26.6704],[95.2049,26.6676],[95.1732,26.6338],[95.1326,26.6208],[95.1096,26.5513],[95.0406,26.4756],[95.0661,26.4074],[95.0436,26.3277],[95.0463,26.248],[95.0587,26.2177],[95.0945,26.195],[95.0784,26.1713],[95.0882,26.1041],[95.1375,26.083],[95.1512,26.0499],[95.0659,25.9538],[95.0006,25.922],[94.9932,25.881],[95.0135,25.7777],[95.0088,25.7371],[94.9615,25.718],[94.8535,25.586],[94.8603,25.5672],[94.8224,25.5591],[94.7644,25.4917],[94.692,25.4763],[94.6504,25.4467],[94.5995,25.4608],[94.5359,25.5137],[94.5707,25.6215],[94.5704,25.6876],[94.4353,25.5944],[94.3867,25.5414],[94.3253,25.512],[94.1951,25.4966],[94.1508,25.5214],[94.084,25.5195],[94.0267,25.5538],[93.9299,25.5544],[93.7696,25.5321],[93.7594,25.5],[93.8075,25.4795],[93.8086,25.4461],[93.6791,25.3283],[93.6492,25.2619],[93.6055,25.2058],[93.5578,25.2475],[93.515,25.2596],[93.4492,25.3021],[93.4585,25.3807],[93.4437,25.4217],[93.3963,25.4614],[93.3406,25.5293],[93.3383,25.5485],[93.5243,25.6893],[93.5808,25.7631],[93.7058,25.8644],[93.6776,25.9114],[93.6851,25.927],[93.7587,25.9606],[93.7964,25.9516],[93.8101,25.9036],[93.7748,25.8463],[93.7791,25.831],[93.9042,25.8568],[93.9478,25.8862],[93.9892,25.9462],[93.9697,26.027],[94.0027,26.0768],[94.0077,26.1844],[94.1029,26.3036],[94.1704,26.3608],[94.1954,26.4655],[94.2696,26.5547],[94.291,26.5429],[94.3083,26.4854],[94.3455,26.4897],[94.3965,26.5344],[94.4206,26.5675],[94.4287,26.6169],[94.4866,26.6767],[94.669,26.7321],[94.7654,26.788],[94.9171,26.9512],[94.9662,26.9271],[95.0179,26.9282],[95.1498,27.0005],[95.1764,27.0332],[95.1799,27.0037],[95.2254,26.9742],[95.2343,26.9457],[95.2291,26.8983],[95.1974,26.8418],[95.2353,26.7906],[95.2257,26.731],[95.2469,26.6489]]]}},{"type":"Feature","id":"Odisha","properties":{"id":"Odisha","iso_code":"IN-OR","name":"Odisha","name_full":"Odisha","name_ja":"オリッサ州","center_lonlat":[84.4145,20.517]},"geometry":{"type":"Polygon","coordinates":[[[87.4774,21.6136],[87.3418,21.5624],[87.2009,21.552],[87.113,21.508],[87.0637,21.475],[86.9177,21.3274],[86.867,21.256],[86.8372,21.1747],[86.844,21.0822],[86.9657,20.806],[86.9539,20.7806],[86.8788,20.7806],[86.9107,20.7564],[86.9866,20.7519],[86.9987,20.7111],[86.9612,20.7128],[86.9402,20.698],[86.9865,20.6844],[86.9949,20.6707],[87.0432,20.698],[87.0036,20.6571],[86.9232,20.6217],[86.7515,20.4892],[86.7246,20.432],[86.7205,20.3685],[86.7698,20.4007],[86.7887,20.3901],[86.7962,20.4373],[86.8098,20.4151],[86.7683,20.3435],[86.6937,20.2939],[86.7017,20.2847],[86.7546,20.3144],[86.6282,20.2353],[86.4951,20.1841],[86.4671,20.0947],[86.3914,20.0202],[86.4041,20.0026],[86.4263,19.9992],[86.3972,19.9829],[86.2754,20.0674],[86.2092,20.0666],[86.1525,20.1431],[86.145,20.122],[86.1677,20.0729],[86.2302,20.0353],[86.2891,20.0264],[86.315,19.9869],[86.3724,19.965],[86.2686,19.9103],[86.089,19.8442],[86.0567,19.8569],[85.8464,19.7958],[85.7888,19.7657],[85.7344,19.7636],[85.6243,19.7186],[85.638,19.7316],[85.6143,19.7279],[85.5492,19.6906],[85.4568,19.6633],[85.4468,19.6906],[85.4304,19.6917],[85.427,19.7041],[85.522,19.7391],[85.515,19.7111],[85.5765,19.7458],[85.5632,19.7569],[85.5703,19.8756],[85.4768,19.901],[85.4401,19.8962],[85.3196,19.7936],[85.2681,19.78],[85.221,19.736],[85.2034,19.7073],[85.2066,19.6838],[85.1401,19.5966],[85.1514,19.5603],[85.1029,19.5296],[85.1087,19.5068],[85.124,19.5194],[85.1288,19.5095],[85.124,19.4783],[85.2029,19.5172],[85.1992,19.5541],[85.2332,19.5541],[85.193,19.5808],[85.2129,19.5811],[85.2476,19.6087],[85.2332,19.6326],[85.2476,19.6565],[85.3091,19.6422],[85.3506,19.6776],[85.3831,19.6761],[85.3914,19.6906],[85.4053,19.6459],[85.3846,19.636],[85.3779,19.6149],[85.3368,19.5961],[85.3184,19.6195],[85.3091,19.595],[85.2884,19.6013],[85.3029,19.5739],[85.3306,19.5764],[85.5765,19.6906],[85.3367,19.5752],[85.1804,19.475],[85.0695,19.3721],[84.8721,19.2199],[84.7778,19.1162],[84.763,19.1564],[84.6855,19.1576],[84.6871,19.112],[84.6697,19.0902],[84.6415,19.1005],[84.5252,19.033],[84.4697,19.0306],[84.4672,18.9536],[84.4272,18.9044],[84.3914,18.9009],[84.3688,18.8494],[84.3361,18.8165],[84.1621,18.7853],[84.0714,18.8179],[83.8971,18.8084],[83.8542,18.86],[83.8018,19.0],[83.7719,19.0097],[83.7495,19.0011],[83.7519,18.9482],[83.7381,18.9293],[83.7015,19.0119],[83.6047,19.1313],[83.5812,19.0804],[83.5396,19.0517],[83.5183,19.01],[83.5032,19.0088],[83.4842,19.0609],[83.458,19.0694],[83.4657,19.0187],[83.4491,19.0009],[83.4547,18.9769],[83.4355,18.9619],[83.3414,19.0046],[83.2999,18.9916],[83.3268,18.9297],[83.3473,18.9047],[83.3748,18.895],[83.3942,18.8694],[83.392,18.8533],[83.2017,18.7416],[83.1615,18.7639],[83.1265,18.7582],[83.0281,18.6409],[83.0216,18.5877],[83.0476,18.5433],[83.0761,18.5442],[83.0835,18.5253],[83.033,18.4619],[83.0439,18.417],[83.03,18.382],[82.9041,18.3553],[82.8883,18.3625],[82.8784,18.4091],[82.7954,18.4293],[82.7797,18.4167],[82.7859,18.3699],[82.7716,18.3444],[82.6697,18.2893],[82.652,18.2403],[82.6357,18.2289],[82.5824,18.2511],[82.5974,18.3252],[82.5113,18.4222],[82.5027,18.5106],[82.4382,18.5193],[82.3699,18.419],[82.351,18.323],[82.3608,18.2916],[82.3113,18.2055],[82.3126,18.187],[82.3603,18.1394],[82.3303,18.112],[82.3381,18.0663],[82.3299,18.044],[82.277,18.0404],[82.2401,17.9929],[82.1811,17.9999],[82.1319,18.0388],[82.0922,18.0499],[82.0424,18.0433],[81.9954,18.01],[81.9236,18.0002],[81.759,17.9089],[81.7044,17.861],[81.6558,17.8509],[81.5784,17.7969],[81.5112,17.8263],[81.4798,17.7875],[81.394,17.8067],[81.3973,17.8831],[81.4442,17.8797],[81.4744,17.96],[81.4829,18.0514],[81.5063,18.0856],[81.5249,18.1603],[81.5138,18.2008],[81.5425,18.2625],[81.6438,18.2924],[81.6756,18.3298],[81.7331,18.3496],[81.7924,18.4384],[81.9471,18.5676],[81.9419,18.594],[81.9084,18.6159],[81.9034,18.6341],[81.9409,18.651],[81.9895,18.7002],[82.0699,18.7198],[82.0987,18.7706],[82.1389,18.7473],[82.1662,18.8738],[82.2279,18.934],[82.225,19.0152],[82.195,19.0926],[82.1597,19.1228],[82.1687,19.1662],[82.1457,19.2253],[82.1718,19.3169],[82.1353,19.3558],[82.1687,19.3866],[82.1675,19.4052],[82.151,19.4247],[82.1064,19.4402],[82.081,19.4888],[82.0381,19.5025],[82.029,19.5179],[82.0406,19.6374],[82.0273,19.6956],[82.0362,19.7671],[82.0201,19.782],[81.9601,19.7963],[81.9294,19.8493],[81.8332,19.9038],[81.8137,19.9351],[81.8193,19.9657],[81.8678,20.0467],[81.9449,20.1056],[82.0093,20.0445],[82.0219,20.0117],[82.0461,20.0179],[82.0659,20.0537],[82.0813,20.0579],[82.1488,20.0057],[82.1647,19.9794],[82.2179,19.973],[82.3049,19.8233],[82.3611,19.8839],[82.4759,19.8724],[82.5791,19.8432],[82.5752,19.7681],[82.7079,19.8432],[82.7133,19.8555],[82.6845,19.8954],[82.7009,19.9688],[82.695,20.0005],[82.6534,20.005],[82.6112,19.9881],[82.5658,20.0223],[82.4959,20.023],[82.4156,20.067],[82.4358,20.1737],[82.4271,20.294],[82.4116,20.3268],[82.4203,20.4516],[82.4175,20.4625],[82.3913,20.4582],[82.3809,20.501],[82.359,20.4998],[82.3401,20.5425],[82.3676,20.6693],[82.3442,20.7479],[82.3432,20.8668],[82.3599,20.8824],[82.3949,20.8752],[82.4159,20.8338],[82.463,20.8554],[82.5146,20.9237],[82.5621,20.9545],[82.6069,21.0241],[82.6441,21.1043],[82.6427,21.1404],[82.6567,21.1526],[82.7526,21.1601],[82.7904,21.145],[82.9646,21.1785],[83.0694,21.1168],[83.1436,21.1206],[83.1983,21.1726],[83.2794,21.3588],[83.3797,21.3392],[83.3849,21.3894],[83.3346,21.4442],[83.3277,21.4992],[83.3519,21.5773],[83.4589,21.748],[83.4669,21.8],[83.4864,21.8085],[83.5112,21.7962],[83.5222,21.8303],[83.5571,21.8349],[83.5649,21.8536],[83.5706,21.9231],[83.5129,21.9731],[83.5222,22.0284],[83.5711,22.0584],[83.5487,22.1129],[83.6237,22.2133],[83.7216,22.2551],[83.8414,22.3486],[83.9557,22.3787],[83.9965,22.4405],[83.9702,22.5393],[84.067,22.4996],[84.1478,22.3868],[84.1786,22.3644],[84.2309,22.3573],[84.311,22.324],[84.4208,22.331],[84.4973,22.3722],[84.5167,22.4214],[84.7337,22.4273],[84.8008,22.4502],[84.9083,22.422],[84.9441,22.4452],[84.988,22.4522],[85.0655,22.5032],[85.1004,22.394],[85.1047,22.3308],[85.0933,22.2902],[85.04,22.2164],[84.9863,22.1067],[85.0503,22.1209],[85.0979,22.1135],[85.2202,22.0291],[85.3241,22.1267],[85.4368,22.1642],[85.5507,22.1076],[85.6791,22.0759],[85.7922,22.1291],[85.8017,22.117],[85.7791,22.0719],[85.7847,22.0119],[85.8343,21.9861],[85.8973,22.0076],[85.9713,22.0977],[85.9883,22.1875],[85.9646,22.2449],[85.993,22.3164],[85.9865,22.3936],[85.9406,22.4681],[85.9378,22.4992],[85.9977,22.5191],[86.0398,22.5567],[86.0648,22.5459],[86.1025,22.5001],[86.2895,22.409],[86.366,22.3301],[86.4016,22.32],[86.4972,22.3347],[86.6865,22.218],[86.7046,22.1887],[86.7667,22.1677],[86.8339,22.1218],[86.8927,22.1166],[86.9874,22.0666],[87.0057,22.014],[86.9959,21.957],[87.0314,21.908],[87.0592,21.9072],[87.1208,21.9769],[87.1907,21.9562],[87.2068,21.9414],[87.2256,21.8636],[87.252,21.8221],[87.4245,21.7747],[87.4309,21.6893],[87.4774,21.6136]]]}},{"type":"Feature","id":"Puducherry","properties":{"id":"Puducherry","iso_code":"IN-PY","name":"Puducherry","name_full":"Puducherry","name_ja":"ポンディシェリ連邦直轄領","center_lonlat":[79.757,11.9067]},"geometry":{"type":"MultiPolygon","coordinates":[[[[79.8496,11.9552],[79.8109,11.833],[79.7314,11.8391],[79.7031,11.8581],[79.7092,11.9141],[79.6721,11.9823],[79.6925,12.002],[79.7212,11.9746],[79.7686,11.9775],[79.7711,11.9613],[79.7531,11.938],[79.7778,11.9142],[79.8496,11.9552]]],[[[79.8467,10.9798],[79.8473,10.8096],[79.7975,10.8359],[79.8027,10.8708],[79.7744,10.8718],[79.7674,10.8886],[79.7502,10.8835],[79.7124,10.9038],[79.7061,10.9213],[79.7173,10.9353],[79.7043,10.9436],[79.7207,10.9517],[79.743,10.9438],[79.7287,10.9761],[79.7375,10.9862],[79.785,10.9709],[79.8061,10.9854],[79.8467,10.9798]]],[[[75.3042,12.0432],[75.2643,12.0133],[75.2767,11.9674],[75.2222,12.022],[75.2229,12.1002],[75.2405,12.1092],[75.2762,12.101],[75.3225,12.1434],[75.3969,12.1429],[75.3969,12.1288],[75.3095,12.0937],[75.3042,12.0432]]],[[[82.2218,16.7503],[82.2174,16.723],[82.2726,16.722],[82.2912,16.7421],[82.3014,16.7177],[82.2714,16.7085],[82.2851,16.6979],[82.2606,16.6903],[82.1777,16.7186],[82.2218,16.7503]]]]}},{"type":"Feature","id":"Punjab","properties":{"id":"Punjab","iso_code":"IN-PB","name":"Punjab","name_full":"Punjab","name_ja":"パンジャーブ州","center_lonlat":[75.4043,30.8486]},"geometry":{"type":"Polygon","coordinates":[[[75.2984,32.3324],[75.3904,32.3355],[75.4419,32.3598],[75.4447,32.3303],[75.5024,32.3006],[75.5733,32.3746],[75.612,32.3955],[75.6983,32.406],[75.7294,32.4296],[75.743,32.4644],[75.7977,32.4811],[75.8474,32.5167],[75.8706,32.4997],[75.9126,32.4191],[75.7793,32.3366],[75.7276,32.2879],[75.6134,32.2509],[75.6146,32.1968],[75.661,32.1888],[75.6394,32.1468],[75.5822,32.0923],[75.5809,32.0767],[75.6998,32.0561],[75.8797,31.9724],[75.9681,31.8411],[75.9276,31.8299],[75.9233,31.8063],[76.0705,31.5642],[76.1585,31.3386],[76.2011,31.307],[76.2428,31.3181],[76.2754,31.3104],[76.2945,31.3475],[76.3196,31.3538],[76.3221,31.4128],[76.3599,31.4303],[76.4394,31.2997],[76.4694,31.308],[76.4917,31.2845],[76.5205,31.2892],[76.5422,31.2557],[76.5672,31.2805],[76.5842,31.2599],[76.5823,31.2274],[76.6236,31.2265],[76.6014,31.1775],[76.5998,31.1349],[76.6231,31.1073],[76.6059,31.0726],[76.6153,31.0301],[76.7682,30.9076],[76.8019,30.8562],[76.8328,30.8423],[76.8347,30.8225],[76.8146,30.7891],[76.7415,30.7965],[76.7038,30.7814],[76.6937,30.7635],[76.7806,30.6735],[76.8273,30.6807],[76.8513,30.6816],[76.8607,30.6452],[76.8866,30.6338],[76.9015,30.5988],[76.8931,30.5438],[76.9104,30.5142],[76.896,30.4866],[76.9004,30.372],[76.8692,30.3624],[76.8453,30.4175],[76.8294,30.4271],[76.7529,30.4305],[76.7276,30.4201],[76.7164,30.3812],[76.739,30.3666],[76.7297,30.3496],[76.5391,30.2451],[76.5331,30.2346],[76.5453,30.2178],[76.5908,30.2467],[76.6093,30.2176],[76.6415,30.198],[76.6248,30.1428],[76.5314,30.084],[76.4546,30.1016],[76.4093,30.1859],[76.3878,30.18],[76.394,30.1494],[76.3735,30.117],[76.3389,30.1412],[76.3281,30.1388],[76.3268,30.1119],[76.3081,30.1059],[76.2139,30.1375],[76.2014,30.1256],[76.2058,30.113],[76.2527,30.0886],[76.2166,30.0752],[76.2219,30.0464],[76.177,29.9455],[76.1933,29.9011],[76.2256,29.8691],[76.0844,29.8021],[76.0439,29.7582],[75.9569,29.7386],[75.8867,29.7492],[75.8519,29.805],[75.797,29.8302],[75.7275,29.8104],[75.7177,29.778],[75.6986,29.769],[75.6044,29.7647],[75.4525,29.8092],[75.3453,29.687],[75.3428,29.6628],[75.3215,29.6626],[75.2967,29.634],[75.2899,29.6115],[75.3018,29.5805],[75.2486,29.5598],[75.2346,29.5618],[75.2179,29.6147],[75.1723,29.6849],[75.2071,29.7076],[75.2079,29.7468],[75.2361,29.7475],[75.2362,29.757],[75.1932,29.8327],[75.1601,29.8243],[75.1477,29.7928],[75.1003,29.8269],[75.0926,29.8693],[75.1066,29.9104],[75.0953,29.9278],[75.0728,29.8911],[74.9957,29.873],[74.9413,29.9097],[74.9187,29.9484],[74.8415,29.9656],[74.8162,29.9863],[74.7107,29.9684],[74.6507,29.9141],[74.5165,29.9472],[74.3856,29.9631],[73.8871,29.9842],[73.8985,30.0349],[73.9713,30.1419],[73.9704,30.1963],[73.9468,30.2041],[73.9119,30.3038],[73.8916,30.3298],[73.8423,30.353],[73.8517,30.3727],[73.8876,30.3965],[73.9061,30.3948],[73.8999,30.4221],[73.9293,30.4191],[74.0044,30.5089],[74.0575,30.5314],[74.0674,30.6105],[74.1115,30.6462],[74.1637,30.6649],[74.1912,30.717],[74.2667,30.7884],[74.2567,30.8153],[74.3002,30.8382],[74.3114,30.8559],[74.304,30.874],[74.3192,30.8934],[74.3425,30.9019],[74.4013,30.8931],[74.4416,30.9462],[74.5193,30.9625],[74.5641,31.0044],[74.5795,31.0427],[74.6588,31.0838],[74.617,31.1153],[74.5368,31.1152],[74.5064,31.1754],[74.5322,31.3032],[74.6172,31.4589],[74.5845,31.5175],[74.5556,31.6122],[74.4894,31.7112],[74.5351,31.7711],[74.5504,31.827],[74.67,31.9042],[74.6984,31.9502],[74.7837,31.9429],[74.8286,32.0254],[74.8732,32.0117],[74.8891,32.0289],[74.9557,32.0322],[74.9862,32.0632],[75.0302,32.0664],[75.0226,32.0947],[75.0408,32.098],[75.1021,32.0781],[75.1384,32.0935],[75.1741,32.0868],[75.1731,32.1097],[75.1958,32.1286],[75.2499,32.1489],[75.2947,32.1489],[75.3166,32.2107],[75.359,32.2617],[75.353,32.2844],[75.2984,32.3324]]]}},{"type":"Feature","id":"Rajasthan","properties":{"id":"Rajasthan","iso_code":"IN-RJ","name":"Rajasthan","name_full":"Rajasthan","name_ja":"ラージャスターン州","center_lonlat":[73.8347,26.5928]},"geometry":{"type":"Polygon","coordinates":[[[73.9468,30.2041],[73.9704,30.1963],[73.9713,30.1419],[73.8985,30.0349],[73.8871,29.9842],[74.3856,29.9631],[74.5165,29.9472],[74.5143,29.9154],[74.5497,29.8695],[74.5345,29.8465],[74.476,29.8166],[74.4594,29.7631],[74.468,29.7444],[74.4983,29.7362],[74.5843,29.7701],[74.6048,29.755],[74.5748,29.5897],[74.6119,29.5307],[74.6101,29.4878],[74.5949,29.4676],[74.5505,29.4654],[74.5371,29.4414],[74.6052,29.3384],[74.6363,29.3339],[74.6559,29.366],[74.7673,29.3662],[74.8312,29.4038],[74.9255,29.366],[74.9696,29.2843],[75.0421,29.2857],[75.0796,29.2363],[75.1502,29.2526],[75.1816,29.2733],[75.2141,29.2537],[75.2497,29.2564],[75.3138,29.2989],[75.3311,29.2898],[75.3231,29.2538],[75.3382,29.2345],[75.3881,29.2576],[75.41,29.2013],[75.3763,29.1701],[75.3936,29.1363],[75.3929,29.106],[75.4521,29.0239],[75.5187,28.9888],[75.5162,28.9575],[75.486,28.9268],[75.5936,28.6427],[75.6986,28.5206],[75.7731,28.4698],[75.7729,28.4325],[75.8182,28.4308],[75.8871,28.4038],[75.9578,28.3435],[76.0814,28.1746],[76.0739,28.1586],[76.0325,28.1878],[75.9414,28.1177],[75.9793,28.085],[76.0079,28.1084],[76.03,28.1021],[75.9662,28.0013],[75.9861,27.9706],[75.968,27.9546],[75.9357,27.9557],[75.9264,27.9376],[75.9315,27.9181],[75.9733,27.8886],[75.9875,27.8479],[76.1203,27.8519],[76.1791,27.8077],[76.2091,27.8274],[76.2014,27.8856],[76.1801,27.9096],[76.1596,28.0443],[76.1752,28.0728],[76.2249,28.069],[76.2538,28.0802],[76.3047,28.0488],[76.3329,28.0518],[76.3438,28.0859],[76.3044,28.1176],[76.3407,28.1397],[76.2995,28.1764],[76.3026,28.1992],[76.3386,28.1891],[76.368,28.1564],[76.4535,28.1628],[76.483,28.1174],[76.4416,28.1221],[76.4465,28.1041],[76.4765,28.0847],[76.4456,28.0647],[76.5218,28.0383],[76.539,27.9853],[76.5595,27.9713],[76.5905,28.001],[76.658,28.017],[76.6468,28.0855],[76.7581,28.1597],[76.8039,28.2191],[76.8427,28.2339],[76.9253,28.1664],[76.9415,28.1353],[76.9204,28.0516],[76.9374,27.9807],[76.9436,27.8652],[76.9154,27.8153],[76.9009,27.7441],[76.9194,27.7076],[76.8937,27.6963],[76.8957,27.6786],[76.9105,27.6704],[76.973,27.6793],[77.0059,27.7301],[77.0778,27.7462],[77.032,27.7814],[77.0525,27.8113],[77.1172,27.7931],[77.158,27.817],[77.1881,27.7983],[77.2057,27.8175],[77.2299,27.7927],[77.2528,27.8141],[77.2807,27.8094],[77.2942,27.722],[77.3329,27.671],[77.3341,27.6474],[77.3175,27.622],[77.3403,27.5984],[77.3401,27.5505],[77.4153,27.4593],[77.4425,27.3962],[77.5623,27.3359],[77.6021,27.3295],[77.6105,27.2793],[77.6573,27.2027],[77.6403,27.1773],[77.6041,27.1607],[77.5914,27.1307],[77.5051,27.1049],[77.5034,27.0805],[77.5328,27.0703],[77.5597,27.0368],[77.619,27.03],[77.643,27.0466],[77.674,27.0063],[77.7014,27.0253],[77.7192,27.0158],[77.7,26.9887],[77.6285,26.9732],[77.4233,26.8844],[77.3995,26.8555],[77.3979,26.7789],[77.4319,26.7812],[77.4721,26.8366],[77.5105,26.8333],[77.6414,26.8832],[77.7205,26.934],[77.8218,26.9194],[77.8526,26.9029],[77.8791,26.915],[77.9766,26.9044],[78.0163,26.8667],[78.0232,26.9054],[78.0661,26.9123],[78.1069,26.9473],[78.2231,26.9371],[78.2465,26.9178],[78.2081,26.8822],[78.1726,26.8686],[78.2001,26.8236],[78.169,26.8222],[78.165,26.7919],[78.1515,26.7832],[78.1012,26.7951],[78.0929,26.7798],[78.1004,26.7429],[78.0794,26.6829],[78.0385,26.6818],[78.0128,26.6956],[77.9028,26.664],[77.8807,26.6256],[77.8192,26.6051],[77.8315,26.5758],[77.744,26.5362],[77.7151,26.506],[77.6168,26.483],[77.5144,26.4164],[77.4418,26.4133],[77.4313,26.3737],[77.3358,26.3611],[77.2881,26.3],[77.2097,26.242],[77.1247,26.2379],[77.0998,26.2214],[77.0825,26.1853],[77.0189,26.1717],[76.9919,26.1359],[76.908,26.0986],[76.8875,26.0638],[76.8155,26.0188],[76.8043,25.9744],[76.7402,25.9232],[76.6411,25.9204],[76.6206,25.8851],[76.5919,25.8806],[76.546,25.8483],[76.5179,25.7993],[76.5127,25.7446],[76.4812,25.7322],[76.5514,25.4601],[76.6029,25.4374],[76.6415,25.3849],[76.7059,25.3726],[76.7659,25.3347],[76.8191,25.3445],[76.8697,25.3379],[76.9228,25.3064],[76.947,25.3186],[77.0015,25.3176],[77.0958,25.3554],[77.1811,25.3425],[77.2081,25.3648],[77.2371,25.4222],[77.2812,25.4427],[77.3277,25.4432],[77.3585,25.4119],[77.3428,25.3677],[77.3653,25.3244],[77.3579,25.2799],[77.3989,25.2122],[77.3824,25.1429],[77.3289,25.1086],[77.266,25.1305],[77.2004,25.1293],[77.088,25.0937],[76.9994,25.0877],[76.869,25.0402],[76.8473,25.0124],[76.8782,24.9354],[76.8817,24.8905],[76.8576,24.8664],[76.7919,24.8517],[76.7827,24.8268],[76.8481,24.7597],[76.8778,24.7439],[76.9564,24.7426],[77.0146,24.6992],[77.0462,24.6496],[77.0609,24.5779],[77.0352,24.5384],[76.9223,24.4961],[76.8988,24.5001],[76.8963,24.5339],[76.8758,24.5653],[76.8284,24.5766],[76.8067,24.5654],[76.8205,24.3373],[76.8941,24.2297],[76.8627,24.175],[76.7666,24.1603],[76.6692,24.2236],[76.654,24.2405],[76.6741,24.2948],[76.6608,24.3096],[76.5817,24.2824],[76.5521,24.2214],[76.5115,24.2091],[76.4948,24.2144],[76.4775,24.2535],[76.4561,24.265],[76.3815,24.26],[76.3047,24.2831],[76.2145,24.2838],[76.1902,24.3106],[76.189,24.3521],[76.1736,24.3515],[76.1327,24.3294],[76.124,24.312],[76.1166,24.134],[76.0832,24.0981],[75.9847,24.0369],[75.9802,24.026],[76.0018,23.998],[75.9867,23.9649],[75.8994,23.9183],[75.7925,23.8819],[75.7287,23.9162],[75.7203,23.9065],[75.7267,23.8588],[75.6929,23.7891],[75.6531,23.8104],[75.5971,23.8179],[75.5782,23.8757],[75.5014,23.9217],[75.4861,23.9889],[75.513,24.036],[75.5295,24.0426],[75.6218,23.9952],[75.6836,24.0246],[75.73,24.0007],[75.8062,24.0977],[75.805,24.1191],[75.7635,24.141],[75.7464,24.1719],[75.7592,24.2116],[75.7948,24.2516],[75.804,24.2925],[75.7966,24.3141],[75.7518,24.3423],[75.7344,24.424],[75.745,24.4688],[75.7654,24.4934],[75.7922,24.4942],[75.8376,24.47],[75.874,24.5011],[75.8694,24.5994],[75.8137,24.6639],[75.8134,24.7177],[75.7819,24.7591],[75.747,24.7801],[75.649,24.7383],[75.448,24.7031],[75.1922,24.7319],[75.1751,24.7505],[75.1736,24.7747],[75.2104,24.821],[75.1869,24.8929],[75.2025,24.8929],[75.2473,24.852],[75.2975,24.8394],[75.355,24.8473],[75.4058,24.8902],[75.4051,24.9019],[75.3873,24.9046],[75.2977,24.8876],[75.2452,24.9114],[75.2514,24.9365],[75.3052,24.926],[75.3203,24.9352],[75.2916,24.9963],[75.3194,25.0596],[75.2351,25.0402],[75.1333,25.04],[75.0938,24.9778],[75.1038,24.9275],[75.0954,24.8966],[75.078,24.8889],[75.0489,24.8985],[74.9951,24.8641],[74.8996,24.8972],[74.8617,24.927],[74.8171,24.9275],[74.8375,24.8594],[74.8326,24.8005],[74.9665,24.7902],[74.9792,24.7775],[74.9569,24.683],[74.8811,24.6649],[74.8585,24.6719],[74.8103,24.7267],[74.7976,24.7745],[74.7814,24.7817],[74.7692,24.731],[74.7843,24.6681],[74.7119,24.5239],[74.7202,24.5003],[74.8335,24.4664],[74.8468,24.4355],[74.7664,24.3587],[74.754,24.3041],[74.731,24.2678],[74.7456,24.2573],[74.8239,24.2613],[74.87,24.2361],[74.9003,24.1174],[74.9685,24.0413],[74.9083,23.8967],[74.9031,23.8553],[74.9066,23.7913],[74.9385,23.7217],[74.935,23.6664],[74.8533,23.527],[74.823,23.5001],[74.6314,23.4204],[74.5695,23.3679],[74.5213,23.2897],[74.5364,23.2509],[74.6584,23.2265],[74.7196,23.1694],[74.6119,23.1127],[74.55,23.0987],[74.4761,23.0624],[74.3874,23.0726],[74.3235,23.0361],[74.2333,23.1559],[74.1931,23.1772],[74.1467,23.1581],[74.1219,23.1702],[74.0975,23.26],[74.03,23.2977],[73.9595,23.3588],[73.9385,23.3622],[73.9116,23.3346],[73.8854,23.3392],[73.8035,23.4388],[73.7107,23.415],[73.6661,23.4418],[73.6272,23.4387],[73.6188,23.4519],[73.6317,23.4877],[73.6165,23.525],[73.6154,23.6018],[73.5944,23.6274],[73.5664,23.6354],[73.5244,23.6031],[73.5042,23.6026],[73.5027,23.7017],[73.4497,23.7198],[73.4117,23.7792],[73.3581,23.7874],[73.3682,23.8996],[73.4239,23.9409],[73.396,24.0422],[73.3541,24.1047],[73.3381,24.103],[73.3037,24.0455],[73.2456,24.0155],[73.208,24.054],[73.1895,24.0937],[73.1016,24.1594],[73.0775,24.2143],[73.1075,24.2923],[73.1372,24.3359],[73.1927,24.3361],[73.2166,24.369],[73.2039,24.3911],[73.1657,24.3784],[73.0973,24.4043],[73.0898,24.4159],[73.101,24.4851],[73.0911,24.5072],[72.9945,24.4901],[72.9745,24.4642],[72.955,24.3849],[72.8974,24.3606],[72.7176,24.3902],[72.6676,24.4609],[72.5445,24.5101],[72.5081,24.5065],[72.4826,24.4403],[72.457,24.4306],[72.422,24.4813],[72.4136,24.523],[72.356,24.5247],[72.3385,24.5527],[72.289,24.5612],[72.2487,24.5927],[72.2558,24.6065],[72.3284,24.6172],[72.3275,24.6422],[72.1728,24.634],[72.0994,24.6566],[72.0509,24.7084],[71.9867,24.6953],[71.9348,24.6582],[71.8568,24.6849],[71.8336,24.6712],[71.8215,24.6357],[71.7848,24.6431],[71.7628,24.6766],[71.637,24.6576],[71.591,24.6819],[71.5458,24.6881],[71.4496,24.6819],[71.3935,24.6489],[71.322,24.6623],[71.2224,24.6368],[71.0566,24.6928],[71.0032,24.8082],[70.9152,24.9466],[70.8486,25.1633],[70.7349,25.2673],[70.7105,25.3359],[70.6545,25.3966],[70.6539,25.6745],[70.6323,25.7014],[70.5923,25.7088],[70.4772,25.6763],[70.3601,25.6735],[70.2646,25.6973],[70.2345,25.731],[70.214,25.7863],[70.115,25.8817],[70.0832,25.9299],[70.0646,25.9803],[70.0739,26.0831],[70.1469,26.2174],[70.1425,26.3137],[70.1605,26.3713],[70.1581,26.5301],[70.1296,26.5625],[70.0561,26.5891],[69.8156,26.5803],[69.7723,26.5951],[69.6594,26.6777],[69.5042,26.7352],[69.4728,26.7666],[69.4651,26.8078],[69.5076,27.0501],[69.5344,27.1256],[69.5756,27.1884],[69.848,27.4104],[69.9081,27.4973],[69.9935,27.5711],[70.0169,27.6006],[70.102,27.8117],[70.3419,28.0115],[70.4562,28.0398],[70.5349,28.016],[70.6332,27.9316],[70.6407,27.8548],[70.7104,27.7412],[70.7618,27.7098],[70.8316,27.7015],[70.9138,27.7178],[71.2263,27.8454],[71.3978,27.8684],[71.5607,27.8685],[71.8609,27.9502],[71.88,27.9749],[71.8916,28.0971],[71.9083,28.1356],[71.9882,28.2281],[72.1499,28.3538],[72.1978,28.4449],[72.2565,28.6456],[72.3546,28.7672],[72.9015,29.0226],[72.9304,29.0477],[72.9629,29.1168],[73.0509,29.2282],[73.2329,29.5366],[73.3703,29.9273],[73.5578,30.0125],[73.7397,30.0485],[73.9444,30.1883],[73.9468,30.2041]]]}},{"type":"Feature","id":"Sikkim","properties":{"id":"Sikkim","iso_code":"IN-SK","name":"Sikkim","name_full":"Sikkim","name_ja":"シッキム州","center_lonlat":[88.4492,27.5712]},"geometry":{"type":"Polygon","coordinates":[[[88.7331,27.149],[88.6645,27.1734],[88.518,27.1762],[88.424,27.0999],[88.3574,27.0851],[88.2331,27.1371],[88.1006,27.1434],[88.0696,27.209],[88.0047,27.2492],[88.0351,27.3226],[88.0148,27.3781],[88.0416,27.4381],[88.0233,27.4949],[88.1109,27.6395],[88.1597,27.7741],[88.1646,27.8454],[88.1182,27.8609],[88.0975,27.904],[88.0999,27.9283],[88.1267,27.9504],[88.163,27.9469],[88.3788,27.9826],[88.4558,28.0315],[88.5021,28.0289],[88.5528,28.0781],[88.6105,28.1058],[88.652,28.0694],[88.7356,28.0553],[88.8029,28.011],[88.8197,27.9773],[88.8107,27.9279],[88.8551,27.8592],[88.8057,27.6551],[88.7416,27.5317],[88.7576,27.5114],[88.7544,27.4642],[88.7736,27.4085],[88.8923,27.3155],[88.8846,27.2863],[88.8614,27.2704],[88.7759,27.2409],[88.7384,27.1798],[88.7331,27.149]]]}},{"type":"Feature","id":"Tamil Nadu","properties":{"id":"Tamil Nadu","iso_code":"IN-TN","name":"Tamil Nadu","name_full":"Tamil Nadu","name_ja":"タミル・ナードゥ州","center_lonlat":[78.4021,11.014]},"geometry":{"type":"MultiPolygon","coordinates":[[[[79.8473,10.8096],[79.8638,10.3787],[79.8513,10.2822],[79.7951,10.2692],[79.7571,10.3091],[79.6331,10.3286],[79.6141,10.3096],[79.759,10.2822],[79.7725,10.2617],[79.5567,10.2987],[79.5518,10.3133],[79.604,10.3291],[79.5869,10.3437],[79.5286,10.3383],[79.5322,10.3232],[79.4597,10.3083],[79.3981,10.3247],[79.3049,10.2681],[79.2722,10.2344],[79.2692,10.1978],[79.2483,10.1892],[79.2363,10.1666],[79.2542,10.0543],[79.2791,10.0358],[79.2004,9.9703],[79.1419,9.8912],[79.0941,9.8023],[78.9808,9.6672],[78.9773,9.6379],[78.9315,9.5617],[78.9153,9.453],[78.9597,9.385],[79.0399,9.3147],[79.1156,9.2912],[79.2517,9.2885],[79.3201,9.3233],[79.3411,9.3159],[79.3337,9.2783],[79.3535,9.2409],[79.4536,9.159],[79.424,9.1591],[79.361,9.2134],[79.2927,9.2503],[79.1654,9.2742],[79.1294,9.2563],[79.0872,9.2538],[78.9889,9.2783],[78.9568,9.2748],[78.929,9.2538],[78.8438,9.244],[78.7278,9.1874],[78.6763,9.1841],[78.6348,9.1446],[78.4858,9.1248],[78.4121,9.0998],[78.2398,8.9656],[78.1828,8.8771],[78.1624,8.7535],[78.2005,8.7697],[78.2102,8.7883],[78.2152,8.7654],[78.1692,8.7336],[78.1367,8.6699],[78.1426,8.6579],[78.1146,8.6579],[78.1423,8.5931],[78.1283,8.488],[78.0798,8.432],[78.0559,8.3637],[77.9998,8.3449],[77.8062,8.2287],[77.7683,8.1815],[77.5952,8.139],[77.561,8.1146],[77.5653,8.0825],[77.5109,8.076],[77.4497,8.0875],[77.3086,8.1309],[77.2253,8.1844],[77.1103,8.2852],[77.1624,8.3017],[77.1708,8.348],[77.2159,8.4188],[77.2061,8.4789],[77.2247,8.4676],[77.2441,8.4765],[77.2788,8.5264],[77.2691,8.5555],[77.1877,8.6394],[77.1807,8.7037],[77.2354,8.7841],[77.2534,8.8507],[77.2026,8.8942],[77.1649,9.001],[77.2299,9.0641],[77.3121,9.3009],[77.3698,9.429],[77.4038,9.4611],[77.3986,9.5],[77.3406,9.58],[77.244,9.5583],[77.1868,9.5968],[77.2376,9.7788],[77.2268,9.8718],[77.2602,9.9524],[77.2244,10.0656],[77.2791,10.2029],[77.2545,10.2307],[77.2416,10.2844],[77.1915,10.3513],[77.0748,10.3033],[76.9698,10.2247],[76.9218,10.239],[76.8415,10.3107],[76.8381,10.3729],[76.8086,10.4371],[76.8267,10.5516],[76.8211,10.6332],[76.8293,10.653],[76.8755,10.6785],[76.8897,10.78],[76.8836,10.7974],[76.8544,10.8149],[76.8287,10.8696],[76.7038,10.9219],[76.6775,10.9563],[76.6725,10.9893],[76.6877,11.0335],[76.7087,11.0416],[76.7465,11.0289],[76.7675,11.0461],[76.6886,11.1738],[76.7027,11.238],[76.6412,11.2086],[76.4484,11.2069],[76.4442,11.2341],[76.5338,11.3131],[76.5427,11.338],[76.4852,11.3925],[76.4091,11.4368],[76.2563,11.4784],[76.2305,11.5291],[76.2408,11.604],[76.2995,11.5875],[76.3392,11.5915],[76.3742,11.6316],[76.4153,11.6487],[76.4159,11.6668],[76.4653,11.715],[76.5036,11.7192],[76.5441,11.6971],[76.5502,11.6454],[76.5669,11.6338],[76.7508,11.6423],[76.8208,11.6256],[76.8683,11.7456],[76.9077,11.8002],[76.9315,11.812],[77.0127,11.822],[77.0962,11.7504],[77.1308,11.7967],[77.221,11.8023],[77.2592,11.8169],[77.3386,11.7835],[77.419,11.7957],[77.4898,11.9261],[77.5177,11.9404],[77.6597,11.9629],[77.7681,12.11],[77.7368,12.1741],[77.6986,12.198],[77.4921,12.2055],[77.4648,12.2493],[77.48,12.2825],[77.5608,12.3397],[77.6046,12.4058],[77.6198,12.4807],[77.6102,12.4954],[77.5768,12.495],[77.5811,12.5272],[77.5687,12.5596],[77.6094,12.6728],[77.6898,12.678],[77.76,12.7138],[77.7562,12.7529],[77.8013,12.8566],[77.8458,12.8715],[77.9148,12.8684],[77.9874,12.8044],[78.0071,12.8113],[78.0296,12.8487],[78.0562,12.8459],[78.1638,12.7753],[78.2296,12.7599],[78.2991,12.675],[78.3528,12.6415],[78.4257,12.6338],[78.4906,12.6883],[78.5004,12.7448],[78.5336,12.736],[78.5777,12.7705],[78.6105,12.8499],[78.6447,12.992],[78.6616,13.0137],[78.7037,13.0258],[78.7249,13.0578],[78.8587,13.0805],[78.8837,13.0411],[78.9014,13.0378],[78.9224,13.0546],[78.9308,13.087],[78.9612,13.0932],[78.9988,13.0837],[79.0125,13.0556],[79.0776,13.0356],[79.1616,13.0449],[79.2508,13.1478],[79.3149,13.132],[79.3786,13.1982],[79.4202,13.22],[79.4495,13.3311],[79.5222,13.3362],[79.582,13.2779],[79.6801,13.2891],[79.6968,13.2358],[79.7208,13.2225],[79.776,13.2208],[79.7902,13.2419],[79.756,13.2702],[79.7582,13.2933],[79.8163,13.2949],[79.9567,13.3658],[79.9692,13.4271],[80.0542,13.4839],[80.0295,13.5194],[80.0341,13.5341],[80.1086,13.5121],[80.1025,13.4594],[80.2023,13.4485],[80.2602,13.4685],[80.2624,13.4512],[80.3069,13.413],[80.327,13.4304],[80.3478,13.3491],[80.3342,13.2429],[80.3198,13.2492],[80.3137,13.215],[80.3342,13.2212],[80.3069,13.1461],[80.3137,13.1058],[80.2858,13.0676],[80.2632,12.8354],[80.2287,12.675],[80.1965,12.6137],[80.156,12.4745],[80.096,12.3622],[80.0598,12.3342],[80.0051,12.256],[79.9439,12.2178],[80.0051,12.2418],[79.8701,12.0374],[79.8496,11.9552],[79.7778,11.9142],[79.7531,11.938],[79.7711,11.9613],[79.7686,11.9775],[79.7212,11.9746],[79.6925,12.002],[79.6721,11.9823],[79.7092,11.9141],[79.7031,11.8581],[79.7314,11.8391],[79.8109,11.833],[79.7859,11.7692],[79.752,11.577],[79.786,11.4262],[79.7974,11.4349],[79.793,11.4535],[79.8093,11.4514],[79.822,11.3911],[79.8103,11.3789],[79.7498,11.3737],[79.6763,11.2965],[79.752,11.3405],[79.7593,11.3583],[79.7969,11.359],[79.833,11.342],[79.8553,11.1599],[79.8467,10.9798],[79.8061,10.9854],[79.785,10.9709],[79.7375,10.9862],[79.7287,10.9761],[79.743,10.9438],[79.7207,10.9517],[79.7043,10.9436],[79.7173,10.9353],[79.7061,10.9213],[79.7124,10.9038],[79.7502,10.8835],[79.7674,10.8886],[79.7744,10.8718],[79.8027,10.8708],[79.7975,10.8359],[79.8473,10.8096]]],[[[80.2881,13.5271],[80.3137,13.4409],[80.2777,13.5125],[80.2881,13.5271]]]]}},{"type":"Feature","id":"Telangana","properties":{"id":"Telangana","iso_code":"IN-TG","name":"Telangana","name_full":"Telangana","name_ja":"テランガナ","center_lonlat":[79.0512,17.7967]},"geometry":{"type":"Polygon","coordinates":[[[77.5512,18.3079],[77.5527,18.3458],[77.5026,18.3816],[77.5439,18.4273],[77.5592,18.5076],[77.6022,18.5566],[77.6885,18.5747],[77.7098,18.6227],[77.7034,18.6691],[77.7124,18.6895],[77.7366,18.7041],[77.7811,18.7038],[77.8393,18.8096],[77.9121,18.8354],[77.9037,18.8618],[77.8424,18.9092],[77.839,18.947],[77.8073,18.9558],[77.7953,18.9872],[77.7666,18.9894],[77.752,19.0459],[77.8367,19.1267],[77.8324,19.1589],[77.855,19.2284],[77.89,19.2714],[77.8655,19.2974],[77.9115,19.3303],[77.9891,19.325],[78.0249,19.2786],[78.051,19.2654],[78.1679,19.2641],[78.1818,19.2985],[78.1744,19.3747],[78.2119,19.4401],[78.3026,19.4828],[78.3057,19.5748],[78.3334,19.6433],[78.3924,19.692],[78.4034,19.7193],[78.3994,19.7361],[78.3632,19.7604],[78.3218,19.8633],[78.3292,19.8913],[78.3833,19.8662],[78.4106,19.8249],[78.4777,19.7991],[78.5337,19.8247],[78.6166,19.8152],[78.7117,19.7743],[78.78,19.7767],[78.8399,19.737],[78.8759,19.6445],[78.921,19.6247],[78.9349,19.5982],[78.9727,19.5848],[78.9808,19.5642],[79.0113,19.557],[79.014,19.5454],[79.0589,19.5471],[79.0971,19.5311],[79.1977,19.4619],[79.2183,19.4744],[79.2161,19.5043],[79.2433,19.5311],[79.2455,19.5595],[79.266,19.5896],[79.3489,19.5801],[79.4041,19.5378],[79.5389,19.5338],[79.5764,19.5081],[79.6008,19.5189],[79.6089,19.5531],[79.6361,19.5698],[79.7354,19.6034],[79.7958,19.5941],[79.8649,19.509],[79.9275,19.4862],[79.9638,19.426],[79.9565,19.3134],[79.9285,19.2605],[79.9438,19.1692],[79.8937,19.1374],[79.8618,19.0811],[79.8647,19.0484],[79.9335,19.0531],[79.9649,18.9354],[79.9603,18.8671],[79.9169,18.8266],[80.0019,18.7856],[80.0905,18.6975],[80.1697,18.69],[80.2417,18.6975],[80.2704,18.7137],[80.3031,18.7051],[80.3199,18.6422],[80.352,18.5923],[80.3721,18.6156],[80.4091,18.5889],[80.4644,18.6067],[80.5026,18.5999],[80.5834,18.5414],[80.6652,18.45],[80.7058,18.3968],[80.7742,18.2485],[80.7723,18.2327],[80.7321,18.2073],[80.7426,18.167],[80.7994,18.1687],[80.8283,18.2153],[80.8472,18.208],[80.857,18.1556],[80.8735,18.1376],[80.9345,18.1553],[80.9591,18.1482],[80.9381,18.0662],[80.979,17.9639],[80.9856,17.8405],[81.0154,17.7852],[81.0449,17.7761],[81.1572,17.8379],[81.2452,17.8037],[81.394,17.8067],[81.4798,17.7875],[81.5112,17.8263],[81.5784,17.7969],[81.6558,17.8509],[81.7044,17.861],[81.759,17.9089],[81.7786,17.8944],[81.7866,17.8631],[81.7758,17.8332],[81.6286,17.7634],[81.5739,17.7045],[81.5352,17.6377],[81.5292,17.5884],[81.4695,17.4205],[81.4083,17.3706],[81.2143,17.3236],[81.1442,17.2495],[81.0591,17.2225],[80.9905,17.2182],[80.9308,17.1925],[80.8931,17.1556],[80.8779,17.0821],[80.8558,17.0531],[80.8295,17.046],[80.6697,17.0799],[80.6416,17.1169],[80.5909,17.1398],[80.5018,17.108],[80.4942,17.0594],[80.4674,17.0357],[80.442,17.0325],[80.3974,17.0791],[80.3843,17.062],[80.3843,16.976],[80.4743,16.9366],[80.5258,16.9523],[80.5862,16.9339],[80.5952,16.907],[80.5656,16.8616],[80.5979,16.7933],[80.5606,16.7836],[80.5061,16.7925],[80.3931,16.8385],[80.3291,16.8898],[80.2806,16.9974],[80.2541,17.0236],[80.2205,17.0333],[80.1531,17.0231],[80.0776,16.9726],[80.0127,16.9021],[80.0024,16.871],[80.0733,16.8229],[80.043,16.7386],[79.9581,16.6304],[79.9097,16.6313],[79.8823,16.7032],[79.8263,16.6921],[79.8126,16.7115],[79.7717,16.7271],[79.752,16.7237],[79.7209,16.689],[79.5943,16.6691],[79.585,16.6485],[79.5505,16.6297],[79.5043,16.6419],[79.4177,16.5902],[79.2656,16.5696],[79.2135,16.4932],[79.2083,16.3887],[79.2334,16.3305],[79.2101,16.2366],[79.1606,16.2193],[79.0217,16.2471],[78.9229,16.1898],[78.8977,16.1428],[78.8469,16.1507],[78.8394,16.0667],[78.7911,16.0345],[78.7341,16.0303],[78.6456,16.0716],[78.5597,16.0567],[78.4998,16.0938],[78.3788,16.0759],[78.2998,16.0228],[78.2444,16.0385],[78.256,16.0057],[78.2353,15.9505],[78.1414,15.8881],[78.1004,15.8297],[77.8956,15.918],[77.8499,15.8939],[77.6606,15.8956],[77.5825,15.928],[77.4465,15.953],[77.4837,16.0021],[77.479,16.1644],[77.4908,16.2616],[77.54,16.2995],[77.5526,16.3322],[77.5332,16.361],[77.4933,16.3782],[77.394,16.3811],[77.2937,16.4065],[77.2574,16.4494],[77.3787,16.5322],[77.3895,16.5659],[77.4272,16.5857],[77.4463,16.6408],[77.4388,16.6506],[77.4111,16.6478],[77.4455,16.6902],[77.4109,16.7206],[77.4096,16.7378],[77.4148,16.7796],[77.4344,16.8128],[77.4357,16.9549],[77.4678,17.0258],[77.4252,17.1423],[77.3704,17.1692],[77.3744,17.2226],[77.4964,17.3746],[77.5256,17.4304],[77.5706,17.445],[77.5993,17.4869],[77.6532,17.5001],[77.6858,17.5672],[77.6743,17.5771],[77.5991,17.5468],[77.5826,17.5788],[77.4929,17.5776],[77.423,17.6125],[77.4115,17.6308],[77.4636,17.7134],[77.5313,17.754],[77.5309,17.7776],[77.5003,17.8123],[77.5079,17.8347],[77.5592,17.8699],[77.6267,17.9422],[77.6035,18.0337],[77.5591,18.0784],[77.561,18.0958],[77.5965,18.1109],[77.601,18.1251],[77.5685,18.2337],[77.5833,18.2915],[77.5512,18.3079]]]}},{"type":"Feature","id":"Tripura","properties":{"id":"Tripura","iso_code":"IN-TR","name":"Tripura","name_full":"Tripura","name_ja":"トリプラ州","center_lonlat":[91.7281,23.7552]},"geometry":{"type":"Polygon","coordinates":[[[92.2597,23.7026],[92.2387,23.7168],[92.2221,23.7078],[92.1943,23.6481],[92.1508,23.7317],[92.1084,23.7182],[92.0596,23.6595],[92.019,23.6401],[91.9366,23.7235],[91.9227,23.723],[91.916,23.6502],[91.9408,23.4952],[91.9051,23.4466],[91.8177,23.4009],[91.7626,23.3215],[91.7437,23.2723],[91.7956,23.0895],[91.7762,23.0653],[91.756,23.0615],[91.707,22.9954],[91.6167,22.9781],[91.5861,22.9445],[91.5768,22.9688],[91.5236,22.9952],[91.4636,23.1841],[91.4399,23.2235],[91.4365,23.2149],[91.3943,23.2627],[91.3721,23.2619],[91.3557,23.2241],[91.3709,23.0628],[91.3374,23.0711],[91.3135,23.101],[91.2658,23.3294],[91.2873,23.3556],[91.2581,23.3736],[91.2273,23.4688],[91.1951,23.4952],[91.1363,23.6295],[91.1397,23.6536],[91.1665,23.6541],[91.1752,23.6703],[91.1689,23.6854],[91.1366,23.6989],[91.1323,23.7206],[91.1418,23.7399],[91.195,23.7552],[91.2253,23.8261],[91.2163,23.9084],[91.2741,23.9882],[91.3391,23.9952],[91.363,24.0998],[91.5175,24.0852],[91.5818,24.0961],[91.606,24.1189],[91.6291,24.2153],[91.6662,24.1559],[91.7037,24.1429],[91.7326,24.1643],[91.723,24.221],[91.7329,24.2343],[91.807,24.2211],[91.8138,24.1831],[91.8645,24.1506],[91.8843,24.1756],[91.9059,24.2606],[91.8998,24.338],[91.9219,24.3445],[91.9722,24.3161],[91.95,24.3754],[92.0334,24.3688],[92.0883,24.3816],[92.1076,24.406],[92.1109,24.5143],[92.15,24.5422],[92.2279,24.4954],[92.2363,24.4379],[92.2578,24.396],[92.2543,24.3371],[92.2202,24.2643],[92.231,24.248],[92.2985,24.2377],[92.3254,24.1883],[92.3181,24.0359],[92.332,23.9948],[92.3138,23.9364],[92.3186,23.8505],[92.2921,23.8535],[92.2707,23.8291],[92.2597,23.7026]]]}},{"type":"Feature","id":"Uttar Pradesh","properties":{"id":"Uttar Pradesh","iso_code":"IN-UP","name":"Uttar Pradesh","name_full":"Uttar Pradesh","name_ja":"ウッタル・プラデーシュ州","center_lonlat":[80.5415,26.9348]},"geometry":{"type":"Polygon","coordinates":[[[83.8533,27.3462],[83.8492,27.3267],[83.8928,27.324],[83.8858,27.2801],[83.9424,27.2225],[83.9414,27.154],[84.0234,27.06],[84.0272,26.9996],[84.0706,26.9236],[84.149,26.8763],[84.1878,26.894],[84.2261,26.8915],[84.2464,26.8535],[84.2464,26.757],[84.3063,26.7444],[84.394,26.6544],[84.383,26.6417],[84.0992,26.6496],[84.054,26.5648],[83.9906,26.546],[83.9635,26.5159],[83.9442,26.5497],[83.9259,26.5464],[83.9263,26.4646],[83.9691,26.4531],[84.016,26.4734],[84.0862,26.4261],[84.1862,26.3946],[84.1617,26.3379],[84.1856,26.2849],[84.0077,26.2509],[83.9885,26.235],[83.9881,26.2086],[84.0223,26.1839],[84.0649,26.1035],[84.1503,26.066],[84.1759,26.0228],[84.2061,26.0154],[84.2256,25.9636],[84.2615,25.9313],[84.3743,25.9403],[84.4121,25.8959],[84.4566,25.87],[84.5316,25.8621],[84.6124,25.7869],[84.5922,25.7384],[84.5242,25.7002],[84.4381,25.7187],[84.3728,25.7651],[84.3261,25.7485],[84.3127,25.7197],[84.3265,25.6633],[84.276,25.6415],[84.2224,25.6608],[84.2129,25.728],[84.1798,25.7459],[84.1434,25.7362],[83.8869,25.517],[83.8177,25.4902],[83.7749,25.445],[83.3573,25.2128],[83.3343,25.1726],[83.323,25.079],[83.3642,24.9984],[83.3548,24.875],[83.4444,24.7834],[83.5088,24.7621],[83.5236,24.7463],[83.531,24.7036],[83.5109,24.6674],[83.5254,24.6289],[83.5231,24.5297],[83.4378,24.5209],[83.3984,24.4933],[83.3979,24.4572],[83.454,24.3616],[83.3371,24.1402],[83.3098,24.0843],[83.26,24.0478],[83.2518,24.0],[83.2213,23.9542],[83.1164,23.9151],[82.9365,23.9202],[82.8394,23.9896],[82.8009,23.9987],[82.7345,24.0659],[82.7361,24.115],[82.6738,24.1803],[82.7329,24.2141],[82.7411,24.2778],[82.7648,24.33],[82.7635,24.3991],[82.7326,24.4273],[82.7433,24.5067],[82.7344,24.5516],[82.7502,24.568],[82.7969,24.5609],[82.8176,24.5809],[82.7721,24.6683],[82.7236,24.6736],[82.7082,24.7215],[82.5951,24.6877],[82.4414,24.7214],[82.4271,24.7186],[82.4275,24.6588],[82.4097,24.6356],[82.307,24.632],[82.3234,24.6938],[82.2652,24.7154],[82.263,24.7912],[82.2333,24.7587],[82.208,24.7643],[82.2164,24.8063],[82.2087,24.8431],[82.1222,24.8081],[82.0332,24.8595],[81.9561,24.871],[81.8732,24.93],[81.874,24.9802],[81.8421,25.0271],[81.8081,25.0355],[81.7528,25.0205],[81.7267,25.0298],[81.7076,25.0653],[81.5779,25.0845],[81.58,25.1165],[81.537,25.1998],[81.4253,25.1648],[81.4692,25.1269],[81.4569,25.1114],[81.4184,25.1041],[81.3696,25.1116],[81.3708,25.1487],[81.3605,25.157],[81.3092,25.1719],[81.2432,25.1695],[81.2355,25.0891],[81.1746,25.0111],[81.1814,24.9581],[81.1312,24.9454],[81.0981,24.9086],[81.0047,24.9664],[80.9437,24.9533],[80.9004,24.9839],[80.805,24.9688],[80.7617,24.9833],[80.7957,25.0599],[80.8243,25.0874],[80.8589,25.1876],[80.8562,25.208],[80.8354,25.2177],[80.8022,25.2098],[80.7698,25.16],[80.6664,25.1497],[80.7258,25.1042],[80.7179,25.082],[80.6388,25.0734],[80.5646,25.1524],[80.5524,25.1474],[80.5464,25.1075],[80.4585,25.117],[80.4703,25.0737],[80.5139,25.0505],[80.5151,25.0407],[80.4782,25.0183],[80.452,25.0187],[80.4067,25.0638],[80.407,25.0134],[80.3513,25.0232],[80.2971,25.0121],[80.2718,25.0411],[80.2699,25.0886],[80.3047,25.0893],[80.3545,25.1438],[80.4133,25.1711],[80.422,25.186],[80.3994,25.244],[80.3758,25.2441],[80.3221,25.2883],[80.3123,25.3687],[80.2836,25.4145],[80.1981,25.4164],[80.1245,25.351],[80.087,25.3616],[80.0153,25.3309],[79.9154,25.2598],[79.8404,25.2407],[79.8348,25.2177],[79.8677,25.1706],[79.8633,25.1532],[79.8017,25.1319],[79.7676,25.1562],[79.6485,25.1493],[79.5537,25.179],[79.5312,25.1687],[79.4795,25.1055],[79.4585,25.106],[79.4381,25.1416],[79.399,25.1413],[79.392,25.0741],[79.3577,25.0711],[79.3326,25.089],[79.3391,25.1474],[79.3777,25.1879],[79.4418,25.2973],[79.3978,25.2748],[79.3589,25.2787],[79.3103,25.2438],[79.2896,25.2795],[79.3248,25.3498],[79.3116,25.3646],[79.2759,25.334],[79.262,25.2959],[79.2907,25.1888],[79.2795,25.1643],[79.1715,25.1817],[79.1258,25.1438],[79.109,25.195],[79.024,25.1746],[79.0087,25.1916],[79.0113,25.214],[79.0474,25.2569],[78.9986,25.2827],[78.9867,25.2762],[78.973,25.2282],[78.9378,25.2197],[78.8911,25.1754],[78.8698,25.1805],[78.8677,25.2377],[78.9355,25.3041],[78.9341,25.3465],[78.96,25.4265],[78.9531,25.4423],[78.9091,25.4414],[78.9191,25.5046],[78.9131,25.5253],[78.8911,25.5381],[78.8553,25.5021],[78.8531,25.434],[78.8355,25.4197],[78.8008,25.4269],[78.7972,25.4998],[78.7819,25.524],[78.7269,25.4945],[78.7226,25.4617],[78.7488,25.4261],[78.7315,25.3959],[78.7383,25.3598],[78.7275,25.3464],[78.6523,25.4095],[78.5821,25.4067],[78.5793,25.3699],[78.5304,25.3157],[78.5136,25.2734],[78.5737,25.2122],[78.6179,25.1089],[78.6489,24.9407],[78.7237,24.8487],[78.7362,24.7255],[78.7151,24.6687],[78.7268,24.6434],[78.7504,24.6298],[78.8271,24.6471],[78.8711,24.6257],[78.9224,24.5333],[78.9162,24.4868],[78.9783,24.4674],[78.9724,24.4226],[78.902,24.3464],[78.8668,24.2721],[78.8098,24.2202],[78.7921,24.2174],[78.7621,24.2357],[78.7514,24.2766],[78.6559,24.2946],[78.5358,24.3886],[78.4894,24.4108],[78.4633,24.4018],[78.4424,24.3374],[78.4235,24.3183],[78.3855,24.3012],[78.3565,24.3092],[78.3292,24.3537],[78.3505,24.408],[78.2775,24.4531],[78.2699,24.4777],[78.2444,24.4879],[78.2239,24.5192],[78.2648,24.5835],[78.2723,24.6244],[78.258,24.6449],[78.2613,24.6927],[78.2307,24.7343],[78.2249,24.7941],[78.1691,24.8655],[78.1804,24.8925],[78.2573,24.9402],[78.3249,25.0022],[78.3407,25.0458],[78.3304,25.082],[78.3663,25.186],[78.2512,25.3978],[78.33,25.4648],[78.3705,25.5527],[78.4818,25.5777],[78.5465,25.5726],[78.6161,25.6076],[78.7476,25.6427],[78.7536,25.6743],[78.7271,25.7402],[78.7398,25.7898],[78.8083,25.8416],[78.9531,26.1003],[78.92,26.1447],[78.9213,26.1727],[78.9566,26.1978],[78.9382,26.2546],[78.9633,26.2781],[79.0284,26.3011],[79.0608,26.3551],[79.0397,26.3751],[79.0521,26.4115],[79.041,26.468],[78.96,26.5967],[78.9261,26.7062],[78.8613,26.7013],[78.7924,26.7621],[78.7619,26.7652],[78.7454,26.7892],[78.7241,26.7764],[78.7101,26.7989],[78.6553,26.7764],[78.6143,26.7764],[78.5952,26.7584],[78.5635,26.7585],[78.518,26.7832],[78.4616,26.7923],[78.4281,26.8225],[78.3849,26.8268],[78.3715,26.851],[78.3506,26.8585],[78.286,26.8548],[78.2549,26.8173],[78.2001,26.8236],[78.1726,26.8686],[78.2081,26.8822],[78.2465,26.9178],[78.2231,26.9371],[78.1069,26.9473],[78.0661,26.9123],[78.0232,26.9054],[78.0163,26.8667],[77.9766,26.9044],[77.8791,26.915],[77.8526,26.9029],[77.8218,26.9194],[77.7205,26.934],[77.6414,26.8832],[77.5105,26.8333],[77.4721,26.8366],[77.4319,26.7812],[77.3979,26.7789],[77.3995,26.8555],[77.4233,26.8844],[77.6285,26.9732],[77.7,26.9887],[77.7192,27.0158],[77.7014,27.0253],[77.674,27.0063],[77.643,27.0466],[77.619,27.03],[77.5597,27.0368],[77.5328,27.0703],[77.5034,27.0805],[77.5051,27.1049],[77.5914,27.1307],[77.6041,27.1607],[77.6403,27.1773],[77.6573,27.2027],[77.6105,27.2793],[77.6021,27.3295],[77.5623,27.3359],[77.4425,27.3962],[77.4153,27.4593],[77.3401,27.5505],[77.3403,27.5984],[77.3175,27.622],[77.3341,27.6474],[77.3329,27.671],[77.2942,27.722],[77.2807,27.8094],[77.3133,27.8361],[77.3976,27.8645],[77.4245,27.8908],[77.4699,27.8881],[77.5082,27.9433],[77.5293,27.9525],[77.5038,28.0202],[77.4681,28.0468],[77.4697,28.1127],[77.5038,28.0929],[77.4949,28.1518],[77.5072,28.1702],[77.5387,28.181],[77.497,28.2089],[77.5207,28.2172],[77.5387,28.2431],[77.4908,28.2635],[77.4879,28.299],[77.4665,28.3152],[77.497,28.3933],[77.4682,28.3967],[77.4658,28.4343],[77.4282,28.4307],[77.4155,28.465],[77.3772,28.4553],[77.3769,28.4841],[77.3274,28.5197],[77.2978,28.5694],[77.3375,28.6262],[77.3131,28.7073],[77.2272,28.7836],[77.2063,28.8219],[77.2167,28.8435],[77.2008,28.8768],[77.2207,28.9144],[77.1755,28.9631],[77.1957,28.9976],[77.1339,29.1164],[77.1307,29.2806],[77.1501,29.3133],[77.1329,29.3722],[77.1482,29.4149],[77.1306,29.4264],[77.0656,29.4248],[77.1203,29.4838],[77.0656,29.5037],[77.0724,29.5279],[77.0582,29.5555],[77.0998,29.589],[77.0878,29.6585],[77.1139,29.6822],[77.1066,29.7023],[77.1375,29.7228],[77.1339,29.7644],[77.1618,29.7712],[77.1804,29.8043],[77.2299,29.9766],[77.2773,30.0176],[77.2847,30.0381],[77.3179,30.0404],[77.3233,30.0644],[77.4033,30.1128],[77.4143,30.1524],[77.5701,30.2782],[77.5851,30.3252],[77.5851,30.3829],[77.619,30.402],[77.6615,30.3949],[77.7506,30.3256],[77.9461,30.2283],[77.835,30.1314],[77.7464,29.9773],[77.7509,29.8602],[77.7838,29.7418],[77.8315,29.6599],[77.9665,29.7244],[78.1072,29.6545],[78.155,29.675],[78.1891,29.7067],[78.1978,29.7482],[78.155,29.9254],[78.1773,29.9526],[78.2177,29.9537],[78.2865,29.8923],[78.3617,29.7755],[78.4787,29.722],[78.5148,29.6891],[78.589,29.5801],[78.6431,29.5376],[78.8064,29.4531],[78.92,29.4222],[78.9069,29.3884],[78.86,29.3502],[78.8163,29.35],[78.7968,29.3208],[78.7611,29.3303],[78.7309,29.3201],[78.7141,29.2906],[78.8677,29.2152],[78.8983,29.1774],[78.9138,29.1056],[78.9504,29.127],[79.0559,29.1518],[79.1304,29.1153],[79.1706,29.0511],[79.2964,28.9716],[79.3712,28.9699],[79.4167,28.9218],[79.4437,28.8496],[79.5262,28.8784],[79.5665,28.8793],[79.6002,28.849],[79.6328,28.8633],[79.6994,28.8504],[79.7256,28.8589],[79.7433,28.8852],[79.8126,28.8769],[79.841,28.8553],[79.8286,28.8245],[79.8341,28.8058],[79.887,28.818],[79.8957,28.7752],[79.9315,28.7822],[79.9348,28.7476],[79.972,28.7329],[80.028,28.7523],[80.0555,28.7791],[80.0731,28.8209],[80.1142,28.8026],[80.1621,28.7533],[80.2164,28.7419],[80.257,28.7027],[80.291,28.6897],[80.3297,28.6275],[80.4084,28.6263],[80.4885,28.5624],[80.4876,28.6565],[80.5176,28.68],[80.5558,28.6789],[80.5636,28.647],[80.6356,28.6279],[80.6786,28.5747],[80.7271,28.5597],[80.7817,28.5147],[80.8723,28.4969],[80.8867,28.4528],[80.9053,28.4408],[80.976,28.4369],[81.0004,28.397],[81.1697,28.3613],[81.1904,28.3381],[81.2243,28.2508],[81.2959,28.1675],[81.2768,28.1538],[81.2994,28.1425],[81.2962,28.1283],[81.3381,28.1327],[81.3579,28.166],[81.396,28.1606],[81.4353,28.1298],[81.4735,28.0664],[81.5619,28.026],[81.615,27.9812],[81.6889,27.9632],[81.7501,27.9097],[81.8557,27.8509],[81.8832,27.8491],[81.9464,27.9054],[81.9759,27.917],[82.0272,27.9124],[82.151,27.8483],[82.2704,27.7605],[82.3479,27.726],[82.4019,27.6772],[82.4407,27.6664],[82.6521,27.7041],[82.6797,27.6944],[82.7092,27.6309],[82.7297,27.5182],[82.7521,27.495],[82.8763,27.4875],[83.0105,27.4434],[83.1328,27.4442],[83.2192,27.3938],[83.2494,27.3481],[83.2824,27.3309],[83.3243,27.3417],[83.3627,27.3856],[83.371,27.4102],[83.3558,27.4287],[83.3559,27.4525],[83.387,27.4705],[83.5904,27.4566],[83.8533,27.3462]]]}},{"type":"Feature","id":"Uttarakhand","properties":{"id":"Uttarakhand","iso_code":"IN-UT","name":"Uttarakhand","name_full":"Uttarakhand","name_ja":"ウッタラーカンド州","center_lonlat":[79.1952,30.1642]},"geometry":{"type":"Polygon","coordinates":[[[80.0731,28.8209],[80.0555,28.7791],[80.028,28.7523],[79.972,28.7329],[79.9348,28.7476],[79.9315,28.7822],[79.8957,28.7752],[79.887,28.818],[79.8341,28.8058],[79.8286,28.8245],[79.841,28.8553],[79.8126,28.8769],[79.7433,28.8852],[79.7256,28.8589],[79.6994,28.8504],[79.6328,28.8633],[79.6002,28.849],[79.5665,28.8793],[79.5262,28.8784],[79.4437,28.8496],[79.4167,28.9218],[79.3712,28.9699],[79.2964,28.9716],[79.1706,29.0511],[79.1304,29.1153],[79.0559,29.1518],[78.9504,29.127],[78.9138,29.1056],[78.8983,29.1774],[78.8677,29.2152],[78.7141,29.2906],[78.7309,29.3201],[78.7611,29.3303],[78.7968,29.3208],[78.8163,29.35],[78.86,29.3502],[78.9069,29.3884],[78.92,29.4222],[78.8064,29.4531],[78.6431,29.5376],[78.589,29.5801],[78.5148,29.6891],[78.4787,29.722],[78.3617,29.7755],[78.2865,29.8923],[78.2177,29.9537],[78.1773,29.9526],[78.155,29.9254],[78.1978,29.7482],[78.1891,29.7067],[78.155,29.675],[78.1072,29.6545],[77.9665,29.7244],[77.8315,29.6599],[77.7838,29.7418],[77.7509,29.8602],[77.7464,29.9773],[77.835,30.1314],[77.9461,30.2283],[77.7506,30.3256],[77.6615,30.3949],[77.619,30.402],[77.5851,30.3829],[77.5653,30.4149],[77.5759,30.4287],[77.665,30.446],[77.813,30.5211],[77.8138,30.5467],[77.7736,30.5576],[77.7433,30.6006],[77.7708,30.6351],[77.7443,30.6854],[77.7349,30.7359],[77.707,30.7594],[77.7058,30.7915],[77.7519,30.8831],[77.7872,30.8738],[77.7934,30.8957],[77.7891,30.9306],[77.7622,30.95],[77.7497,30.9799],[77.8021,30.9922],[77.7985,31.0414],[77.9289,31.1653],[77.9528,31.1763],[78.0397,31.1722],[78.1862,31.2481],[78.313,31.2945],[78.4337,31.2681],[78.501,31.2196],[78.5817,31.2311],[78.7927,31.207],[78.8336,31.1468],[78.8695,31.122],[78.9332,31.1185],[78.9932,31.1308],[78.9933,31.1634],[78.8926,31.2818],[78.921,31.2697],[78.9596,31.3251],[78.9888,31.3433],[79.0702,31.4614],[79.1314,31.4384],[79.2383,31.3297],[79.262,31.2785],[79.2529,31.2454],[79.2883,31.2255],[79.3022,31.1635],[79.3194,31.1423],[79.367,31.1116],[79.4016,31.0236],[79.4764,31.014],[79.5127,30.9662],[79.5778,30.9384],[79.6303,30.9625],[79.739,30.9792],[79.8504,30.9545],[79.9032,30.8902],[80.0056,30.8473],[80.0625,30.7848],[80.0922,30.7745],[80.1571,30.7932],[80.1961,30.7481],[80.2246,30.7341],[80.2314,30.7249],[80.207,30.6861],[80.1666,30.6744],[80.2033,30.6063],[80.1798,30.5595],[80.2528,30.565],[80.3259,30.5465],[80.5083,30.4623],[80.5964,30.4598],[80.7231,30.392],[80.7817,30.321],[80.976,30.2552],[81.0033,30.2127],[80.996,30.197],[80.9208,30.1767],[80.9033,30.1804],[80.8839,30.2104],[80.8679,30.2002],[80.8364,30.17],[80.8497,30.1434],[80.8298,30.1171],[80.7557,30.0646],[80.7158,30.0133],[80.6414,29.9634],[80.5713,29.9469],[80.5495,29.8937],[80.4762,29.8061],[80.369,29.7579],[80.3544,29.7049],[80.3852,29.6048],[80.3272,29.5486],[80.3201,29.5158],[80.2662,29.4721],[80.2575,29.4501],[80.2177,29.4346],[80.2137,29.4169],[80.255,29.3166],[80.2801,29.3102],[80.2828,29.2913],[80.2582,29.2025],[80.2188,29.2111],[80.2137,29.1966],[80.2331,29.1393],[80.2207,29.1261],[80.1326,29.1102],[80.1131,29.0722],[80.0994,28.9773],[80.0529,28.9491],[80.0339,28.9159],[80.0364,28.837],[80.0731,28.8209]]]}},{"type":"Feature","id":"West Bengal","properties":{"id":"West Bengal","iso_code":"IN-WB","name":"West Bengal","name_full":"West Bengal","name_ja":"西ベンガル州","center_lonlat":[87.9713,23.8163]},"geometry":{"type":"MultiPolygon","coordinates":[[[[88.7331,27.149],[88.8276,27.0979],[88.8456,27.0496],[88.8517,26.9454],[88.8864,26.979],[88.9066,26.9811],[88.9245,26.9617],[88.9323,26.9192],[88.9966,26.9228],[89.0216,26.9127],[89.0607,26.8815],[89.0965,26.8214],[89.2128,26.813],[89.2736,26.8439],[89.3417,26.8543],[89.4429,26.797],[89.5054,26.8037],[89.5861,26.7841],[89.6114,26.766],[89.5975,26.721],[89.6098,26.7122],[89.6852,26.7246],[89.7387,26.7033],[89.8173,26.6962],[89.835,26.7315],[89.8587,26.7221],[89.8885,26.5329],[89.8585,26.471],[89.8434,26.3822],[89.8152,26.361],[89.8289,26.3279],[89.7815,26.3087],[89.7588,26.2632],[89.7326,26.2506],[89.7353,26.2117],[89.6578,26.1872],[89.653,26.2227],[89.6133,26.2194],[89.6144,26.1642],[89.5868,26.1692],[89.5628,26.1426],[89.6042,26.1207],[89.5669,26.099],[89.567,26.0871],[89.6039,26.0847],[89.6114,26.0722],[89.5592,26.0222],[89.5417,25.9597],[89.5182,25.9621],[89.4856,25.9987],[89.4113,25.9932],[89.3914,26.0155],[89.3353,25.9986],[89.2376,26.0581],[89.2126,26.099],[89.1192,26.1466],[89.1034,26.2252],[89.0694,26.2874],[89.0689,26.3143],[89.0948,26.3095],[89.1029,26.3273],[89.0552,26.347],[89.0437,26.3811],[89.0109,26.3902],[88.941,26.4394],[88.912,26.4212],[88.8912,26.3858],[88.9124,26.3489],[88.966,26.3285],[88.9817,26.2918],[89.008,26.2972],[89.0044,26.2757],[89.0343,26.2658],[89.0397,26.2472],[89.0195,26.2345],[88.9753,26.2243],[88.9468,26.2329],[88.9027,26.2729],[88.8758,26.2774],[88.8248,26.2266],[88.808,26.2334],[88.784,26.2799],[88.7479,26.2925],[88.6634,26.2644],[88.6458,26.276],[88.703,26.3097],[88.7122,26.3283],[88.6522,26.3915],[88.6563,26.4151],[88.6115,26.4308],[88.5912,26.4612],[88.5268,26.4754],[88.4624,26.5288],[88.411,26.5451],[88.3979,26.5587],[88.3853,26.6235],[88.3528,26.5787],[88.3151,26.4651],[88.3356,26.4482],[88.3536,26.4846],[88.4611,26.4539],[88.4976,26.3527],[88.4317,26.3622],[88.3366,26.2818],[88.3263,26.2159],[88.2189,26.1802],[88.1638,26.1405],[88.1399,26.0853],[88.1564,26.0614],[88.151,26.0313],[88.1259,26.0134],[88.0744,25.9081],[88.0876,25.831],[88.1277,25.7749],[88.2275,25.8043],[88.2599,25.789],[88.3203,25.7253],[88.4194,25.6538],[88.4238,25.5922],[88.4754,25.5626],[88.5303,25.5002],[88.5936,25.4951],[88.6663,25.4629],[88.7062,25.4917],[88.7426,25.4952],[88.742,25.5128],[88.7723,25.502],[88.8149,25.4586],[88.7996,25.3956],[88.842,25.3328],[88.8802,25.3235],[88.9029,25.3034],[88.9827,25.2945],[88.9753,25.2652],[88.9291,25.2294],[88.9279,25.1927],[88.9096,25.1892],[88.9242,25.1679],[88.8171,25.1968],[88.7842,25.1609],[88.6343,25.1923],[88.5991,25.1931],[88.5594,25.1708],[88.4754,25.1951],[88.4413,25.1897],[88.4258,25.0511],[88.3757,24.9456],[88.3228,24.8747],[88.2428,24.8806],[88.2328,24.9183],[88.2024,24.9453],[88.1149,24.9164],[88.141,24.8446],[88.1078,24.8011],[88.0882,24.7961],[88.077,24.7612],[88.0532,24.755],[88.0218,24.6456],[88.0572,24.6341],[88.0818,24.5999],[88.086,24.5367],[88.1099,24.501],[88.4013,24.3694],[88.4754,24.3155],[88.6345,24.2941],[88.6601,24.3383],[88.7146,24.3154],[88.7375,24.2871],[88.7464,24.2141],[88.7316,24.1898],[88.6938,24.1753],[88.6781,24.1543],[88.6741,24.0826],[88.7009,24.0436],[88.725,24.0384],[88.7016,23.9953],[88.7142,23.9252],[88.6531,23.8698],[88.5936,23.8669],[88.5776,23.8552],[88.5775,23.8185],[88.5527,23.775],[88.5612,23.741],[88.5401,23.65],[88.5664,23.6287],[88.5617,23.602],[88.6092,23.5888],[88.7194,23.4681],[88.7568,23.4988],[88.7702,23.4888],[88.7193,23.3483],[88.6859,23.2933],[88.6966,23.2524],[88.7757,23.2216],[88.8227,23.238],[88.96,23.2027],[88.9547,23.1838],[88.8513,23.0751],[88.8388,22.9758],[88.8935,22.8796],[88.9445,22.848],[88.9369,22.7823],[88.9081,22.7408],[88.9564,22.585],[88.9503,22.562],[88.928,22.5481],[88.971,22.5279],[89.0025,22.428],[88.9895,22.3967],[89.0015,22.3337],[89.0235,22.2948],[89.0091,22.2856],[89.0623,22.2116],[89.0782,22.1508],[89.0604,22.1299],[89.0437,22.1374],[89.0369,22.0856],[89.0574,22.0312],[89.0609,21.9385],[89.0369,21.9251],[89.013,21.9294],[89.0095,21.9046],[88.9447,21.9388],[88.9287,21.9866],[88.9139,21.9866],[88.905,21.9694],[88.9241,21.9263],[88.9959,21.8842],[89.0159,21.8533],[89.0437,21.7333],[89.0852,21.6747],[89.0827,21.6173],[89.0532,21.6098],[89.0339,21.6332],[89.0198,21.6061],[89.0003,21.6034],[88.9338,21.6439],[88.8916,21.6535],[88.8587,21.7668],[88.8382,21.702],[88.8587,21.6365],[88.8442,21.6222],[88.8058,21.6229],[88.7979,21.6402],[88.8184,21.6576],[88.8109,21.6917],[88.8005,21.6619],[88.7771,21.6435],[88.7966,21.5844],[88.7905,21.5683],[88.7625,21.5559],[88.7279,21.5599],[88.7075,21.5783],[88.7222,21.6092],[88.6849,21.6972],[88.7036,21.8106],[88.6945,21.8398],[88.7222,21.9661],[88.763,22.0173],[88.7546,22.0376],[88.7085,22.0722],[88.763,22.1306],[88.7266,22.1212],[88.6948,22.0815],[88.6995,22.0532],[88.7307,22.0372],[88.69,21.946],[88.6787,21.9367],[88.6309,21.9455],[88.6275,21.9704],[88.6535,22.018],[88.6395,22.1095],[88.6831,22.185],[88.6799,22.2044],[88.6602,22.205],[88.6192,22.1095],[88.626,22.048],[88.6025,22.0064],[88.5984,21.9293],[88.5671,21.8508],[88.5646,21.7668],[88.624,21.778],[88.6328,21.7501],[88.6126,21.6975],[88.5918,21.7054],[88.5996,21.6373],[88.5951,21.6121],[88.5781,21.6234],[88.5723,21.5579],[88.5448,21.562],[88.5365,21.5751],[88.5296,21.5534],[88.544,21.5341],[88.513,21.5246],[88.4939,21.5348],[88.488,21.5565],[88.5296,21.6576],[88.5049,21.7415],[88.5329,21.7953],[88.531,21.8241],[88.4956,21.8767],[88.515,21.9372],[88.4956,21.9518],[88.4998,21.9337],[88.4745,21.8903],[88.4935,21.8052],[88.4745,21.801],[88.4534,21.7418],[88.4722,21.6633],[88.4563,21.624],[88.3931,21.6002],[88.3828,21.6713],[88.3926,21.6986],[88.3557,21.685],[88.3312,21.7191],[88.3247,21.7014],[88.3488,21.6503],[88.3355,21.6158],[88.3097,21.6102],[88.2982,21.7641],[88.2616,21.7987],[88.2954,21.6766],[88.2834,21.6092],[88.3058,21.5717],[88.2544,21.5547],[88.2375,21.6017],[88.2244,21.613],[88.2083,21.603],[88.1819,21.6652],[88.2105,21.7473],[88.2014,21.7743],[88.2097,21.7886],[88.1541,21.8881],[88.1467,21.9592],[88.1563,21.9909],[88.2224,22.0779],[88.198,22.1678],[88.0813,22.2174],[88.0773,22.2404],[88.0435,22.2248],[88.009,22.2404],[87.9727,22.2832],[87.9404,22.413],[87.9066,22.4247],[87.9653,22.2448],[88.0085,22.2049],[88.1326,22.1791],[88.161,22.1566],[88.1735,22.1169],[88.1643,22.0898],[88.1112,22.0349],[88.0431,22.0173],[88.0508,21.985],[87.9837,21.8542],[87.8992,21.7948],[87.8672,21.7508],[87.7038,21.6555],[87.6213,21.6506],[87.4774,21.6136],[87.4309,21.6893],[87.4245,21.7747],[87.252,21.8221],[87.2256,21.8636],[87.2068,21.9414],[87.1907,21.9562],[87.1208,21.9769],[87.0592,21.9072],[87.0314,21.908],[86.9959,21.957],[87.0057,22.014],[86.9874,22.0666],[86.8927,22.1166],[86.8339,22.1218],[86.7667,22.1677],[86.7046,22.1887],[86.6865,22.218],[86.7287,22.2465],[86.7619,22.2406],[86.7723,22.2839],[86.8339,22.2883],[86.8525,22.302],[86.8033,22.3484],[86.7899,22.4156],[86.7181,22.4694],[86.7163,22.5056],[86.7509,22.5027],[86.7594,22.5121],[86.7401,22.5582],[86.7023,22.5859],[86.6114,22.6043],[86.5869,22.6807],[86.5244,22.7294],[86.4523,22.7454],[86.3991,22.785],[86.4105,22.9358],[86.4415,22.964],[86.5065,22.9883],[86.4505,23.0042],[86.2605,23.0198],[86.178,23.0057],[86.0019,23.1651],[85.9425,23.1803],[85.8884,23.1631],[85.8712,23.2107],[85.8298,23.2608],[85.844,23.307],[85.8807,23.3563],[85.8948,23.4165],[85.8415,23.4301],[85.8231,23.4539],[85.8255,23.4793],[85.8495,23.4932],[86.0048,23.5142],[86.0159,23.5293],[86.0022,23.5856],[86.0391,23.6072],[86.0983,23.5787],[86.1291,23.5784],[86.1265,23.4925],[86.2279,23.4432],[86.273,23.4537],[86.3365,23.5084],[86.3484,23.5679],[86.4105,23.6166],[86.6461,23.6969],[86.7998,23.7255],[86.8224,23.7769],[86.8151,23.8367],[86.8772,23.9131],[86.9799,23.8639],[87.0156,23.8596],[87.0797,23.8152],[87.1319,23.8031],[87.1663,23.8102],[87.1685,23.8294],[87.1393,23.8733],[87.2054,23.8689],[87.2325,23.8458],[87.2504,23.9055],[87.2827,23.9279],[87.283,23.9549],[87.2257,24.0273],[87.2355,24.0404],[87.309,24.0562],[87.3381,24.0018],[87.3972,24.0234],[87.4582,24.0198],[87.4912,24.0559],[87.4885,24.1324],[87.5173,24.1389],[87.5633,24.1121],[87.5941,24.1784],[87.6616,24.1862],[87.6528,24.2189],[87.6246,24.2229],[87.6237,24.2605],[87.6918,24.2966],[87.7338,24.3347],[87.7758,24.4193],[87.7763,24.4643],[87.8005,24.5008],[87.789,24.5696],[87.7509,24.5933],[87.7822,24.5998],[87.8492,24.5795],[87.888,24.5974],[87.9,24.621],[87.8701,24.6347],[87.8954,24.6703],[87.8611,24.751],[87.8124,24.7757],[87.8159,24.7947],[87.8542,24.7897],[87.8809,24.9155],[87.8441,25.0415],[87.7763,25.0968],[87.7695,25.1731],[87.7837,25.2141],[87.839,25.2883],[87.7988,25.3659],[87.7748,25.367],[87.745,25.3995],[87.768,25.4363],[87.9558,25.5341],[88.0058,25.5012],[88.0674,25.4911],[88.0649,25.5199],[88.0431,25.5471],[88.0568,25.6141],[88.0428,25.6781],[88.0051,25.7108],[87.9426,25.7353],[87.9041,25.7733],[87.8651,25.8439],[87.8054,25.8737],[87.7892,25.9024],[87.7895,25.9192],[87.8171,25.9371],[87.8314,26.0106],[87.9794,26.1458],[88.0165,26.1509],[88.0798,26.1928],[88.1675,26.2772],[88.3024,26.3439],[88.2996,26.3688],[88.2545,26.396],[88.2787,26.435],[88.1953,26.5001],[88.2034,26.5472],[88.1219,26.5305],[88.0871,26.5391],[88.1634,26.7051],[88.1678,26.7629],[88.1514,26.8628],[88.0968,26.9593],[88.0559,27.018],[88.0095,27.0456],[87.9707,27.1027],[87.9893,27.2184],[88.0047,27.2492],[88.0696,27.209],[88.1006,27.1434],[88.2331,27.1371],[88.3574,27.0851],[88.424,27.0999],[88.518,27.1762],[88.6645,27.1734],[88.7331,27.149]]],[[[88.0505,21.7054],[88.1193,21.8595],[88.1467,21.8699],[88.167,21.7654],[88.1634,21.7055],[88.1326,21.685],[88.1444,21.6578],[88.1394,21.6303],[88.0518,21.6416],[88.0422,21.6682],[88.0505,21.7054]]],[[[88.6362,21.9214],[88.6502,21.9274],[88.6706,21.9074],[88.6492,21.8424],[88.6463,21.7879],[88.5918,21.8044],[88.5843,21.8358],[88.6362,21.9214]]],[[[88.8729,21.5955],[88.9113,21.5669],[88.908,21.5307],[88.8387,21.5319],[88.8308,21.5774],[88.8413,21.614],[88.8729,21.5955]]],[[[88.0809,21.8494],[88.0711,21.8736],[88.0773,21.9046],[88.0942,21.9379],[88.1189,21.945],[88.1326,21.9205],[88.125,21.8887],[88.0809,21.8494]]]]}}]}
