{"type":"FeatureCollection","features":[{"type":"Feature","id":"Agrigento","properties":{"id":"Agrigento","iso_code":"IT-AG","name":"Agrigento","name_full":"Agrigento","name_ja":"アグリジェント県","center_lonlat":[13.5083,37.4462]},"geometry":{"type":"MultiPolygon","coordinates":[[[[14.0393,37.1145],[13.9385,37.0959],[13.8944,37.1008],[13.8327,37.1396],[13.7158,37.1714],[13.5692,37.2735],[13.4526,37.2988],[13.278,37.3937],[13.2533,37.4318],[13.1741,37.487],[13.0515,37.5007],[13.0264,37.4932],[12.9741,37.5574],[12.8939,37.5733],[12.9133,37.646],[12.8939,37.6627],[12.9061,37.689],[12.9833,37.736],[13.0275,37.7407],[13.0752,37.6959],[13.134,37.6988],[13.1872,37.6851],[13.2415,37.6225],[13.3375,37.6635],[13.3497,37.6571],[13.3261,37.5962],[13.3563,37.5393],[13.3995,37.5569],[13.4041,37.5707],[13.3818,37.5919],[13.3865,37.6118],[13.4449,37.6477],[13.5996,37.644],[13.644,37.655],[13.6795,37.6984],[13.7324,37.683],[13.7962,37.667],[13.8169,37.6424],[13.8169,37.6193],[13.733,37.5852],[13.6715,37.588],[13.6903,37.5153],[13.6817,37.4941],[13.6435,37.4756],[13.6441,37.4589],[13.7384,37.4325],[13.8388,37.4362],[13.8613,37.4039],[13.8942,37.402],[13.9075,37.3859],[13.8821,37.3603],[13.9273,37.3304],[13.9632,37.3302],[14.0195,37.2778],[13.9891,37.1974],[14.0393,37.1145]],[[13.1567,37.6142],[13.1789,37.6254],[13.1505,37.6421],[13.1404,37.6294],[13.1567,37.6142]]],[[[12.6218,35.5098],[12.6111,35.4892],[12.5261,35.5167],[12.6218,35.5098]]],[[[12.8599,35.8722],[12.874,35.8664],[12.8726,35.8523],[12.8459,35.8627],[12.8599,35.8722]]]]}},{"type":"Feature","id":"Alessandria","properties":{"id":"Alessandria","iso_code":"IT-AL","name":"Alessandria","name_full":"Alessandria","name_ja":"アレッサンドリア県","center_lonlat":[8.662,44.8313]},"geometry":{"type":"Polygon","coordinates":[[[8.5566,45.1648],[8.6076,45.108],[8.6455,45.0412],[8.6691,45.0248],[8.7741,45.0276],[8.8504,45.0584],[8.8808,45.0526],[8.8824,45.0005],[8.9639,44.9762],[8.9775,44.9333],[9.0533,44.8805],[9.0475,44.8526],[9.0596,44.8371],[9.0857,44.8203],[9.1567,44.8067],[9.2022,44.7322],[9.2014,44.6821],[9.2031,44.6138],[9.1793,44.5869],[9.1346,44.5835],[9.1088,44.5942],[9.0995,44.6146],[9.041,44.6322],[8.9592,44.6826],[8.9231,44.6828],[8.8751,44.6343],[8.9066,44.6118],[8.904,44.5652],[8.8257,44.5588],[8.8144,44.5344],[8.7733,44.5013],[8.7246,44.5786],[8.6321,44.5887],[8.6095,44.5853],[8.5994,44.5426],[8.5642,44.5162],[8.4088,44.5159],[8.3533,44.4806],[8.2655,44.5217],[8.2948,44.5607],[8.3293,44.5593],[8.3604,44.577],[8.3517,44.5902],[8.316,44.596],[8.3195,44.6137],[8.3495,44.6319],[8.3463,44.6898],[8.4086,44.6922],[8.422,44.7335],[8.4989,44.7674],[8.4978,44.7947],[8.4262,44.8163],[8.4243,44.8433],[8.3949,44.8445],[8.3723,44.864],[8.3622,44.9118],[8.3835,44.9342],[8.3875,44.969],[8.3517,44.9979],[8.3386,45.0436],[8.3032,45.0722],[8.2379,45.0559],[8.2231,45.0138],[8.1923,45.0386],[8.1425,45.0494],[8.1104,45.0988],[8.129,45.123],[8.1519,45.1686],[8.1721,45.1595],[8.1992,45.1761],[8.2208,45.1649],[8.2688,45.1783],[8.3345,45.1711],[8.3702,45.1973],[8.4047,45.2045],[8.4971,45.198],[8.5021,45.1806],[8.5566,45.1648]]]}},{"type":"Feature","id":"Ancona","properties":{"id":"Ancona","iso_code":"IT-AN","name":"Ancona","name_full":"Ancona","name_ja":"アンコーナ県","center_lonlat":[13.154,43.5054]},"geometry":{"type":"Polygon","coordinates":[[[13.1772,43.7515],[13.3997,43.6356],[13.4734,43.612],[13.5161,43.6317],[13.5789,43.5729],[13.6156,43.5605],[13.6245,43.5472],[13.617,43.5313],[13.647,43.4753],[13.6193,43.4603],[13.6218,43.4349],[13.6082,43.4197],[13.5786,43.4192],[13.5598,43.4426],[13.5314,43.4481],[13.3159,43.3996],[13.2952,43.4087],[13.2773,43.4498],[13.258,43.4573],[13.197,43.4129],[13.091,43.4291],[13.0718,43.4129],[13.0592,43.3591],[13.0109,43.3087],[12.944,43.2716],[12.8879,43.2789],[12.8907,43.2273],[12.8517,43.2061],[12.7957,43.2785],[12.7912,43.3197],[12.7465,43.3788],[12.7582,43.4612],[12.908,43.5633],[12.9298,43.592],[12.9691,43.6062],[12.9921,43.6492],[13.058,43.6886],[13.0674,43.7214],[13.1772,43.7515]]]}},{"type":"Feature","id":"Aosta","properties":{"id":"Aosta","iso_code":"IT-AO","name":"Aosta","name_full":"Aosta","name_ja":"アオスタ","center_lonlat":[7.3706,45.7299]},"geometry":{"type":"Polygon","coordinates":[[[7.8496,45.9397],[7.8559,45.9193],[7.8477,45.9077],[7.8747,45.7632],[7.9163,45.7297],[7.9195,45.649],[7.8802,45.6027],[7.7313,45.5617],[7.538,45.5888],[7.4646,45.5742],[7.3855,45.5243],[7.2328,45.4855],[7.1462,45.4922],[7.1379,45.5117],[7.0754,45.4663],[6.9828,45.5111],[6.9529,45.5943],[6.9695,45.6258],[6.9634,45.6407],[6.8431,45.6827],[6.7959,45.7181],[6.7827,45.7953],[6.8008,45.8265],[6.8434,45.8386],[6.8644,45.8269],[6.8735,45.8448],[6.949,45.8578],[7.0221,45.9253],[7.0902,45.8805],[7.1535,45.8765],[7.2867,45.9134],[7.3938,45.9157],[7.5037,45.9567],[7.5411,45.9841],[7.643,45.9663],[7.7063,45.9257],[7.8312,45.9145],[7.8496,45.9397]]]}},{"type":"Feature","id":"Arezzo","properties":{"id":"Arezzo","iso_code":"IT-AR","name":"Arezzo","name_full":"Arezzo","name_ja":"アレッツォ県","center_lonlat":[11.8544,43.5345]},"geometry":{"type":"MultiPolygon","coordinates":[[[[11.3975,43.5482],[11.4228,43.5699],[11.5075,43.5873],[11.4989,43.6313],[11.5463,43.6398],[11.5631,43.6676],[11.6079,43.6911],[11.5748,43.7305],[11.5791,43.7564],[11.6499,43.8629],[11.7163,43.8791],[11.813,43.8244],[11.885,43.8154],[11.9686,43.7731],[12.0678,43.7543],[12.1022,43.759],[12.1415,43.7625],[12.1852,43.7429],[12.2138,43.763],[12.2858,43.7689],[12.3576,43.7226],[12.3544,43.7111],[12.3248,43.6834],[12.3019,43.7289],[12.2777,43.6897],[12.1958,43.6534],[12.2048,43.6168],[12.1375,43.5316],[12.0976,43.5183],[12.1295,43.4963],[12.1313,43.4775],[12.0371,43.4165],[12.0737,43.4112],[12.0808,43.3719],[12.1326,43.3573],[12.1387,43.3],[12.1735,43.2968],[12.1985,43.3188],[12.2132,43.291],[12.0967,43.2455],[12.0374,43.2547],[12.0096,43.1969],[11.9527,43.1738],[11.9069,43.1733],[11.8839,43.1603],[11.8274,43.2212],[11.7521,43.236],[11.6906,43.2734],[11.659,43.3208],[11.5393,43.3873],[11.5366,43.4519],[11.475,43.4831],[11.4529,43.5158],[11.3975,43.5482]]],[[[12.1776,43.8217],[12.2332,43.8126],[12.2399,43.8009],[12.1901,43.7833],[12.1708,43.8046],[12.1776,43.8217]]]]}},{"type":"Feature","id":"Ascoli Piceno","properties":{"id":"Ascoli Piceno","iso_code":"IT-AP","name":"Ascoli Piceno","name_full":"Ascoli Piceno","name_ja":"アスコリ・ピチェーノ県","center_lonlat":[13.553,42.8887]},"geometry":{"type":"Polygon","coordinates":[[[13.8535,43.0674],[13.9055,42.9016],[13.7191,42.863],[13.6913,42.8239],[13.665,42.8114],[13.5706,42.8021],[13.5364,42.8112],[13.4901,42.7441],[13.4437,42.7288],[13.4298,42.7017],[13.3376,42.6877],[13.2744,42.7431],[13.1945,42.7346],[13.2035,42.7598],[13.2489,42.7678],[13.2561,42.7923],[13.2471,42.8265],[13.2243,42.8477],[13.2418,42.892],[13.2947,42.9245],[13.3498,42.9143],[13.3882,42.8916],[13.402,42.9141],[13.3978,42.9594],[13.418,42.974],[13.4625,42.9684],[13.5504,42.9925],[13.625,43.0299],[13.7799,43.0765],[13.8028,43.0609],[13.8535,43.0674]]]}},{"type":"Feature","id":"Asti","properties":{"id":"Asti","iso_code":"IT-AT","name":"Asti","name_full":"Asti","name_ja":"アスティ県","center_lonlat":[8.184,44.8782]},"geometry":{"type":"Polygon","coordinates":[[[7.9434,44.8463],[7.8867,44.9095],[7.8973,44.9559],[7.9295,44.9865],[7.9427,45.0375],[7.9389,45.0495],[7.8997,45.0605],[7.8935,45.0903],[8.0289,45.1327],[8.0751,45.0974],[8.0966,45.1257],[8.129,45.123],[8.1104,45.0988],[8.1425,45.0494],[8.1923,45.0386],[8.2231,45.0138],[8.2379,45.0559],[8.3032,45.0722],[8.3386,45.0436],[8.3517,44.9979],[8.3875,44.969],[8.3835,44.9342],[8.3622,44.9118],[8.3723,44.864],[8.3949,44.8445],[8.4243,44.8433],[8.4262,44.8163],[8.4978,44.7947],[8.4989,44.7674],[8.422,44.7335],[8.4086,44.6922],[8.3463,44.6898],[8.3495,44.6319],[8.3195,44.6137],[8.316,44.596],[8.3517,44.5902],[8.3604,44.577],[8.3293,44.5593],[8.2948,44.5607],[8.2655,44.5217],[8.2498,44.5346],[8.2326,44.5971],[8.1969,44.6147],[8.1975,44.6328],[8.2659,44.7145],[8.1912,44.7489],[8.153,44.7125],[8.1279,44.7457],[8.0923,44.7553],[8.1224,44.7858],[8.1292,44.8115],[8.0908,44.819],[8.024,44.8059],[7.993,44.8214],[7.974,44.8506],[7.9434,44.8463]]]}},{"type":"Feature","id":"Avellino","properties":{"id":"Avellino","iso_code":"IT-AV","name":"Avellino","name_full":"Avellino","name_ja":"アヴェッリーノ県","center_lonlat":[15.0778,40.978]},"geometry":{"type":"Polygon","coordinates":[[[14.572,41.0095],[14.5997,41.0511],[14.7067,41.0585],[14.73,41.0248],[14.7531,41.0138],[14.7729,41.0286],[14.7817,41.0591],[14.814,41.0378],[14.835,41.0385],[14.9937,41.1065],[15.0002,41.1348],[14.9639,41.1655],[14.9982,41.206],[14.9838,41.2654],[15.067,41.2637],[15.1041,41.2481],[15.1435,41.2746],[15.1787,41.2891],[15.2625,41.2475],[15.266,41.2354],[15.2446,41.2264],[15.2527,41.2072],[15.2002,41.1594],[15.2751,41.1059],[15.3826,41.0975],[15.406,41.1056],[15.4554,41.0794],[15.5586,41.0551],[15.5779,41.011],[15.5367,40.9333],[15.4709,40.9018],[15.3692,40.899],[15.3658,40.8439],[15.3443,40.8207],[15.3221,40.8375],[15.2984,40.8357],[15.2794,40.7994],[15.2525,40.7879],[15.2374,40.7235],[15.1724,40.7114],[15.1317,40.7591],[15.1117,40.7658],[14.9856,40.7801],[14.9078,40.807],[14.7623,40.8058],[14.7343,40.8164],[14.7381,40.8345],[14.7102,40.8484],[14.668,40.8242],[14.6055,40.8476],[14.5782,40.8748],[14.5797,40.8992],[14.6538,40.894],[14.6689,40.9089],[14.5826,40.9429],[14.572,41.0095]],[[14.6878,40.9727],[14.7067,40.9945],[14.6913,41.0294],[14.6724,40.9889],[14.6878,40.9727]]]}},{"type":"Feature","id":"Bari","properties":{"id":"Bari","iso_code":"IT-BA","name":"Bari","name_full":"Bari","name_ja":"バーリ県","center_lonlat":[16.7565,40.9319]},"geometry":{"type":"Polygon","coordinates":[[[16.5442,41.2352],[16.5939,41.207],[17.0571,41.0819],[17.2764,40.9802],[17.3479,40.9121],[17.3923,40.8937],[17.3456,40.8665],[17.3156,40.8248],[17.3245,40.8082],[17.397,40.7864],[17.3924,40.7554],[17.3537,40.7486],[17.3251,40.7425],[17.2576,40.7649],[17.2085,40.7634],[17.165,40.747],[17.1446,40.7094],[17.1249,40.7094],[17.0246,40.7161],[17.0137,40.7554],[16.9969,40.7639],[16.9464,40.7437],[16.9231,40.7009],[16.8621,40.7215],[16.8122,40.6935],[16.7861,40.7322],[16.7157,40.7154],[16.6912,40.7357],[16.5869,40.7623],[16.5746,40.7493],[16.538,40.7576],[16.5496,40.7355],[16.5411,40.7305],[16.5093,40.7612],[16.4201,40.7033],[16.3404,40.7521],[16.2454,40.8375],[16.1966,40.9114],[16.2533,40.9723],[16.2794,41.055],[16.3456,41.1185],[16.3381,41.1603],[16.4129,41.1938],[16.5004,41.1519],[16.5442,41.2352]]]}},{"type":"Feature","id":"Barletta-Andria-Trani","properties":{"id":"Barletta-Andria-Trani","iso_code":"IT-BT","name":"Barletta-Andria-Trani","name_full":"Barletta-Andria-Trani","name_ja":"バルレッタ＝アンドリア＝トラーニ県","center_lonlat":[16.1661,41.1746]},"geometry":{"type":"Polygon","coordinates":[[[15.9717,41.4539],[16.5442,41.2352],[16.5004,41.1519],[16.4129,41.1938],[16.3381,41.1603],[16.3456,41.1185],[16.2794,41.055],[16.2533,40.9723],[16.1966,40.9114],[16.1597,40.9227],[16.11,40.9042],[15.9876,40.9499],[15.9818,40.962],[16.0117,40.9746],[16.0313,41.0169],[15.9625,41.0803],[15.8961,41.1028],[15.8583,41.1368],[15.9482,41.1817],[16.0202,41.2352],[15.987,41.3068],[15.982,41.3484],[16.0332,41.3672],[15.9403,41.4297],[15.9717,41.4539]]]}},{"type":"Feature","id":"Belluno","properties":{"id":"Belluno","iso_code":"IT-BL","name":"Belluno","name_full":"Belluno","name_ja":"ベッルーノ県","center_lonlat":[12.1813,46.3117]},"geometry":{"type":"Polygon","coordinates":[[[12.4696,46.6758],[12.5473,46.6522],[12.6202,46.6565],[12.7066,46.6377],[12.7485,46.641],[12.7602,46.5369],[12.6816,46.525],[12.6464,46.5018],[12.6423,46.4913],[12.6703,46.477],[12.6699,46.4591],[12.5512,46.4574],[12.5202,46.4423],[12.5001,46.4042],[12.4447,46.3377],[12.3704,46.3063],[12.3359,46.2695],[12.3828,46.2299],[12.4529,46.2097],[12.4628,46.1784],[12.495,46.1557],[12.4992,46.1066],[12.4442,46.0827],[12.4224,46.0431],[12.3309,46.0822],[12.1916,46.0041],[12.1099,46.0027],[12.0631,45.9637],[11.9733,45.9634],[11.9252,45.885],[11.8613,45.8828],[11.8213,45.8996],[11.7997,45.8806],[11.7797,45.8876],[11.7844,45.919],[11.7281,45.9388],[11.7155,45.9674],[11.6848,45.9843],[11.6845,46.0303],[11.7047,46.0534],[11.7069,46.0994],[11.8107,46.1069],[11.8842,46.1282],[11.9707,46.1892],[11.9204,46.2228],[11.9246,46.2531],[11.8929,46.2719],[11.8535,46.2737],[11.848,46.3079],[11.7992,46.3532],[11.8029,46.3662],[11.8482,46.381],[11.861,46.4271],[11.8957,46.4548],[11.8808,46.4714],[11.8342,46.4838],[11.8322,46.504],[12.022,46.5394],[12.0946,46.6683],[12.1779,46.6348],[12.2081,46.5949],[12.3407,46.6282],[12.3887,46.6194],[12.3992,46.6397],[12.4696,46.6758]]]}},{"type":"Feature","id":"Benevento","properties":{"id":"Benevento","iso_code":"IT-BN","name":"Benevento","name_full":"Benevento","name_ja":"ベネヴェント県","center_lonlat":[14.7522,41.2422]},"geometry":{"type":"MultiPolygon","coordinates":[[[[14.5138,41.389],[14.5557,41.3894],[14.5946,41.3708],[14.6592,41.4032],[14.7468,41.4097],[14.7796,41.4447],[14.827,41.4257],[14.9953,41.4821],[15.0455,41.4639],[15.097,41.4258],[15.1019,41.3906],[15.067,41.3486],[15.0801,41.3263],[15.1282,41.3077],[15.1435,41.2746],[15.1041,41.2481],[15.067,41.2637],[14.9838,41.2654],[14.9982,41.206],[14.9639,41.1655],[15.0002,41.1348],[14.9937,41.1065],[14.835,41.0385],[14.814,41.0378],[14.7817,41.0591],[14.7729,41.0286],[14.7531,41.0138],[14.73,41.0248],[14.7067,41.0585],[14.5997,41.0511],[14.572,41.0095],[14.5313,41.0134],[14.5007,41.0515],[14.4293,41.048],[14.4319,41.1058],[14.3872,41.121],[14.3566,41.1493],[14.3784,41.164],[14.4214,41.1507],[14.4536,41.1654],[14.4602,41.1775],[14.4204,41.2431],[14.4395,41.2794],[14.4881,41.307],[14.4441,41.3501],[14.5138,41.389]]],[[[14.6913,41.0294],[14.7067,40.9945],[14.6878,40.9727],[14.6724,40.9889],[14.6913,41.0294]]]]}},{"type":"Feature","id":"Bergamo","properties":{"id":"Bergamo","iso_code":"IT-BG","name":"Bergamo","name_full":"Bergamo","name_ja":"ベルガモ県","center_lonlat":[9.7875,45.7956]},"geometry":{"type":"Polygon","coordinates":[[[10.1695,46.057],[10.2242,46.0494],[10.2614,46.0171],[10.1919,45.9997],[10.1721,45.9746],[10.1185,45.9532],[10.0981,45.9271],[10.0967,45.9015],[10.1328,45.8631],[10.0623,45.7841],[10.0725,45.7159],[10.064,45.6967],[9.9289,45.6654],[9.8706,45.6045],[9.8567,45.5797],[9.8599,45.5393],[9.8915,45.4267],[9.8188,45.4555],[9.8073,45.425],[9.7681,45.431],[9.7515,45.4642],[9.7141,45.4823],[9.6745,45.4368],[9.6024,45.4715],[9.5649,45.4582],[9.5103,45.512],[9.5301,45.5417],[9.5324,45.5806],[9.5177,45.6242],[9.4964,45.6453],[9.4828,45.6718],[9.4558,45.6999],[9.4478,45.7499],[9.5187,45.784],[9.4808,45.8183],[9.4666,45.8494],[9.5102,45.8764],[9.5383,45.9365],[9.5377,45.954],[9.5027,45.9701],[9.4915,46.0116],[9.5269,46.0114],[9.5792,46.022],[9.6259,46.0515],[9.7496,46.0625],[9.8887,46.0448],[9.9272,46.0626],[10.0969,46.0909],[10.0972,46.0571],[10.1695,46.057]]]}},{"type":"Feature","id":"Biella","properties":{"id":"Biella","iso_code":"IT-BI","name":"Biella","name_full":"Biella","name_ja":"ビエッラ県","center_lonlat":[8.0884,45.5832]},"geometry":{"type":"Polygon","coordinates":[[[8.027,45.4031],[8.0275,45.4491],[7.8822,45.5341],[7.8957,45.5682],[7.8802,45.6027],[7.9195,45.649],[7.9163,45.7297],[8.0258,45.7356],[8.0784,45.7209],[8.1296,45.757],[8.1822,45.7419],[8.2888,45.6449],[8.2632,45.5947],[8.2895,45.5565],[8.2873,45.542],[8.2099,45.4523],[8.1686,45.4359],[8.1305,45.3818],[8.027,45.4031]]]}},{"type":"Feature","id":"Bologna","properties":{"id":"Bologna","iso_code":"IT-BO","name":"Bologna","name_full":"Bologna","name_ja":"ボローニャ県","center_lonlat":[11.3436,44.4322]},"geometry":{"type":"Polygon","coordinates":[[[11.2933,44.8027],[11.26,44.773],[11.2726,44.7488],[11.2598,44.7253],[11.2646,44.707],[11.375,44.7775],[11.4677,44.7523],[11.6063,44.6964],[11.6732,44.6359],[11.6941,44.6299],[11.7705,44.6476],[11.7959,44.6205],[11.7615,44.572],[11.7893,44.5544],[11.7781,44.5199],[11.7424,44.5065],[11.7824,44.471],[11.7923,44.4304],[11.8197,44.4131],[11.8203,44.3957],[11.7562,44.3188],[11.7167,44.3069],[11.6717,44.3177],[11.6643,44.2874],[11.6344,44.2547],[11.555,44.2174],[11.5263,44.1622],[11.4845,44.1742],[11.4319,44.2271],[11.3965,44.2341],[11.3757,44.2117],[11.3343,44.2066],[11.2911,44.1708],[11.2002,44.1566],[11.203,44.1383],[11.2564,44.116],[11.2001,44.1047],[11.0483,44.0924],[11.0079,44.1041],[11.0013,44.1127],[11.0173,44.1335],[11.0044,44.1407],[10.9907,44.14],[10.9232,44.068],[10.8159,44.1135],[10.8135,44.1693],[10.8521,44.206],[10.855,44.2309],[10.9369,44.2156],[10.9678,44.2458],[10.9533,44.2969],[11.0336,44.3151],[11.039,44.34],[11.0245,44.3689],[11.0428,44.4171],[10.9924,44.4444],[11.0081,44.4623],[11.0493,44.474],[11.0728,44.529],[11.118,44.5344],[11.1363,44.5682],[11.1317,44.6013],[11.0781,44.647],[11.1296,44.7808],[11.1495,44.792],[11.2933,44.8027]]]}},{"type":"Feature","id":"Brescia","properties":{"id":"Brescia","iso_code":"IT-BS","name":"Brescia","name_full":"Brescia","name_ja":"ブレシア県","center_lonlat":[10.3175,45.7079]},"geometry":{"type":"Polygon","coordinates":[[[9.8915,45.4267],[9.8599,45.5393],[9.8567,45.5797],[9.8706,45.6045],[9.9289,45.6654],[10.064,45.6967],[10.0725,45.7159],[10.0623,45.7841],[10.1328,45.8631],[10.0967,45.9015],[10.0981,45.9271],[10.1185,45.9532],[10.1721,45.9746],[10.1919,45.9997],[10.2614,46.0171],[10.2242,46.0494],[10.1695,46.057],[10.1781,46.0764],[10.1538,46.1348],[10.1785,46.173],[10.291,46.2213],[10.3179,46.2774],[10.367,46.2931],[10.4459,46.3481],[10.4712,46.3546],[10.5096,46.3365],[10.5279,46.3426],[10.5777,46.3127],[10.5902,46.2334],[10.5654,46.1885],[10.5569,46.1124],[10.5152,46.082],[10.4591,45.985],[10.5001,45.9652],[10.5195,45.9167],[10.5069,45.8822],[10.5229,45.8413],[10.559,45.8244],[10.5609,45.8004],[10.5847,45.7942],[10.6653,45.8115],[10.6874,45.8453],[10.8087,45.8454],[10.8449,45.8341],[10.6442,45.6096],[10.643,45.448],[10.6618,45.419],[10.6161,45.382],[10.5625,45.3822],[10.4909,45.4129],[10.4696,45.4058],[10.4543,45.3833],[10.4682,45.3561],[10.4632,45.3286],[10.4022,45.2784],[10.3929,45.2483],[10.3583,45.2389],[10.3614,45.2154],[10.3178,45.2047],[10.2532,45.2552],[10.2214,45.2319],[9.9856,45.3065],[9.8897,45.359],[9.8915,45.4267]]]}},{"type":"Feature","id":"Brindisi","properties":{"id":"Brindisi","iso_code":"IT-BR","name":"Brindisi","name_full":"Brindisi","name_ja":"ブリンディジ県","center_lonlat":[17.693,40.6096]},"geometry":{"type":"Polygon","coordinates":[[[17.3923,40.8937],[17.4761,40.8301],[17.7484,40.7476],[17.8439,40.6942],[17.9558,40.6705],[17.9549,40.6469],[18.007,40.6507],[18.0158,40.6252],[18.0432,40.602],[18.0374,40.557],[18.0989,40.5179],[18.0682,40.4914],[17.9434,40.4322],[17.8446,40.4098],[17.7985,40.3796],[17.7809,40.3938],[17.7142,40.4063],[17.6341,40.4597],[17.6015,40.4641],[17.5678,40.4349],[17.5523,40.4369],[17.5177,40.4739],[17.4904,40.4826],[17.4484,40.5549],[17.4621,40.6147],[17.4316,40.6314],[17.4039,40.6972],[17.3537,40.7486],[17.3924,40.7554],[17.397,40.7864],[17.3245,40.8082],[17.3156,40.8248],[17.3456,40.8665],[17.3923,40.8937]]]}},{"type":"Feature","id":"Cagliari","properties":{"id":"Cagliari","iso_code":"IT-CA","name":"Cagliari","name_full":"Cagliari","name_ja":"カリャリ県","center_lonlat":[9.1666,39.3774]},"geometry":{"type":"Polygon","coordinates":[[[9.6463,39.5491],[9.6284,39.5018],[9.6449,39.484],[9.639,39.4525],[9.6004,39.341],[9.6346,39.2969],[9.5819,39.2663],[9.5676,39.2381],[9.5656,39.2051],[9.5799,39.1871],[9.5664,39.1492],[9.5227,39.1249],[9.5186,39.1046],[9.4963,39.1336],[9.4429,39.1244],[9.2922,39.2213],[9.2853,39.2138],[9.2163,39.228],[9.166,39.1871],[9.1369,39.1943],[9.073,39.2485],[9.0139,39.2639],[9.0379,39.2271],[9.0798,39.2246],[9.0183,39.1461],[9.0187,39.1039],[9.0449,39.0513],[9.0257,38.9953],[9.0046,38.9953],[8.8533,38.878],[8.8054,38.906],[8.8054,38.8854],[8.7666,38.9204],[8.7166,38.9326],[8.6688,38.9106],[8.6516,38.8915],[8.6551,38.8712],[8.641,38.8643],[8.6428,38.89],[8.5999,38.8991],[8.615,38.923],[8.6103,38.9549],[8.6667,39.0432],[8.6956,39.0286],[8.7446,39.0496],[8.8142,39.047],[8.8426,39.0657],[8.849,39.0874],[8.8212,39.1248],[8.8179,39.16],[8.7646,39.1869],[8.7432,39.267],[8.7213,39.2853],[8.701,39.3338],[8.6993,39.3749],[8.7822,39.4037],[8.93,39.3995],[8.9784,39.422],[8.968,39.4568],[9.0101,39.4877],[8.9957,39.5463],[9.0422,39.6395],[9.0731,39.7427],[9.0033,39.7605],[9.0629,39.8165],[9.1013,39.8317],[9.1593,39.8296],[9.2002,39.8262],[9.2018,39.9039],[9.2804,39.9173],[9.2779,39.8387],[9.3084,39.7982],[9.3544,39.7756],[9.3582,39.7565],[9.3856,39.7405],[9.3491,39.706],[9.3465,39.6858],[9.398,39.688],[9.3994,39.6498],[9.4195,39.6326],[9.473,39.6329],[9.5511,39.5755],[9.596,39.5729],[9.6463,39.5491]]]}},{"type":"Feature","id":"Caltanissetta","properties":{"id":"Caltanissetta","iso_code":"IT-CL","name":"Caltanissetta","name_full":"Caltanissetta","name_ja":"カルタニッセッタ県","center_lonlat":[14.0675,37.3531]},"geometry":{"type":"MultiPolygon","coordinates":[[[[14.3346,37.0006],[14.2085,37.0811],[14.1263,37.1123],[14.0393,37.1145],[13.9891,37.1974],[14.0195,37.2778],[13.9632,37.3302],[13.9273,37.3304],[13.8821,37.3603],[13.9075,37.3859],[13.8942,37.402],[13.8613,37.4039],[13.8388,37.4362],[13.7384,37.4325],[13.6441,37.4589],[13.6435,37.4756],[13.6817,37.4941],[13.6903,37.5153],[13.6715,37.588],[13.733,37.5852],[13.8169,37.6193],[13.8169,37.6424],[13.7962,37.667],[13.7324,37.683],[13.7734,37.7254],[13.8033,37.7335],[13.8364,37.6946],[13.8815,37.6756],[13.9065,37.6069],[13.9565,37.5855],[13.9966,37.5901],[14.0601,37.643],[14.1349,37.6168],[14.1569,37.6015],[14.1366,37.5738],[14.1276,37.5253],[14.147,37.4909],[14.0694,37.4126],[14.0901,37.346],[14.1699,37.3252],[14.2617,37.3432],[14.3193,37.304],[14.3525,37.306],[14.383,37.2383],[14.3888,37.1839],[14.4373,37.1718],[14.4723,37.1342],[14.4322,37.0869],[14.444,37.0529],[14.3346,37.0006]]],[[[14.0503,37.7219],[14.0824,37.7127],[14.0794,37.6873],[14.0102,37.6779],[14.0236,37.7071],[14.0503,37.7219]]]]}},{"type":"Feature","id":"Campobasso","properties":{"id":"Campobasso","iso_code":"IT-CB","name":"Campobasso","name_full":"Campobasso","name_ja":"カンポバッソ県","center_lonlat":[14.7762,41.709]},"geometry":{"type":"Polygon","coordinates":[[[14.7634,42.0779],[14.8711,42.0318],[14.9937,42.0106],[15.0345,41.9746],[15.1435,41.9312],[15.132,41.8696],[15.1073,41.8359],[15.1026,41.7638],[15.1131,41.7183],[15.1571,41.7017],[15.1089,41.6837],[15.0176,41.6197],[14.958,41.6345],[14.9339,41.6201],[14.935,41.526],[14.9953,41.4821],[14.827,41.4257],[14.7796,41.4447],[14.7468,41.4097],[14.6592,41.4032],[14.5946,41.3708],[14.5557,41.3894],[14.5138,41.389],[14.4959,41.3904],[14.4619,41.4231],[14.3827,41.442],[14.3923,41.4994],[14.4583,41.5281],[14.5019,41.5939],[14.4887,41.6129],[14.4232,41.6445],[14.4256,41.6599],[14.4908,41.68],[14.519,41.7058],[14.5161,41.7268],[14.4812,41.7457],[14.4904,41.7761],[14.5193,41.7899],[14.6446,41.9188],[14.647,41.9477],[14.7443,42.013],[14.7634,42.0779]]]}},{"type":"Feature","id":"Carbonia-Iglesias","properties":{"id":"Carbonia-Iglesias","iso_code":"IT-CI","name":"Carbonia-Iglesias","name_full":"Carbonia-Iglesias","name_ja":"カルボーニア＝イグレージアス県","center_lonlat":[8.5873,39.2271]},"geometry":{"type":"MultiPolygon","coordinates":[[[[8.6103,38.9549],[8.6033,38.9649],[8.5801,38.9605],[8.5596,39.0567],[8.5044,39.0629],[8.5181,39.0834],[8.5044,39.0909],[8.4828,39.0804],[8.4651,39.1195],[8.4422,39.1181],[8.4354,39.166],[8.4188,39.1773],[8.4095,39.1693],[8.3987,39.2012],[8.3728,39.2221],[8.4321,39.3018],[8.4172,39.339],[8.3821,39.3597],[8.374,39.3789],[8.4014,39.4124],[8.3981,39.4465],[8.4198,39.4675],[8.5306,39.4794],[8.6433,39.3833],[8.6993,39.3749],[8.701,39.3338],[8.7213,39.2853],[8.7432,39.267],[8.7646,39.1869],[8.8179,39.16],[8.8212,39.1248],[8.849,39.0874],[8.8426,39.0657],[8.8142,39.047],[8.7446,39.0496],[8.6956,39.0286],[8.6667,39.0432],[8.6103,38.9549]]],[[[8.4559,39.0736],[8.4839,39.0698],[8.4593,39.0498],[8.437,38.9672],[8.4098,38.9618],[8.3493,39.0622],[8.346,39.0977],[8.3604,39.1181],[8.3859,39.105],[8.4446,39.1027],[8.4559,39.0736]]],[[[8.3058,39.1933],[8.3058,39.1046],[8.2547,39.1071],[8.2573,39.1244],[8.2246,39.157],[8.23,39.1728],[8.3058,39.1933]]]]}},{"type":"Feature","id":"Caserta","properties":{"id":"Caserta","iso_code":"IT-CE","name":"Caserta","name_full":"Caserta","name_ja":"カゼルタ県","center_lonlat":[14.1572,41.2181]},"geometry":{"type":"Polygon","coordinates":[[[14.0101,40.9368],[13.9653,40.9964],[13.918,41.0237],[13.9107,41.0646],[13.8517,41.1473],[13.7437,41.2376],[13.81,41.2567],[13.8175,41.2766],[13.8631,41.2993],[13.8726,41.3354],[13.8754,41.3936],[13.8602,41.423],[13.9618,41.4707],[13.9918,41.4542],[14.0315,41.3981],[14.0883,41.3887],[14.1096,41.3955],[14.1058,41.4188],[14.0802,41.4477],[14.1209,41.4957],[14.2225,41.4948],[14.3827,41.442],[14.4619,41.4231],[14.4959,41.3904],[14.5138,41.389],[14.4441,41.3501],[14.4881,41.307],[14.4395,41.2794],[14.4204,41.2431],[14.4602,41.1775],[14.4536,41.1654],[14.4214,41.1507],[14.3784,41.164],[14.3566,41.1493],[14.3872,41.121],[14.4319,41.1058],[14.4293,41.048],[14.5007,41.0515],[14.5313,41.0134],[14.5307,40.9952],[14.5145,40.9855],[14.4736,40.9816],[14.3149,41.0048],[14.2935,40.9922],[14.2925,40.9689],[14.2729,40.947],[14.1612,40.9518],[14.1251,40.9815],[14.0101,40.9368]]]}},{"type":"Feature","id":"Catania","properties":{"id":"Catania","iso_code":"IT-CT","name":"Catania","name_full":"Catania","name_ja":"カターニア県","center_lonlat":[14.8284,37.5123]},"geometry":{"type":"Polygon","coordinates":[[[15.2599,37.8078],[15.2066,37.7477],[15.2202,37.7067],[15.2022,37.6854],[15.1638,37.5677],[15.0967,37.4945],[15.0925,37.3588],[15.0315,37.3775],[14.9814,37.3736],[14.9239,37.4108],[14.8512,37.386],[14.7878,37.3335],[14.8075,37.317],[14.8433,37.3246],[14.8673,37.3149],[14.8702,37.2934],[14.8573,37.2711],[14.7878,37.2397],[14.777,37.2169],[14.8197,37.1957],[14.8559,37.2023],[14.8675,37.1838],[14.8387,37.129],[14.7937,37.132],[14.7715,37.1337],[14.7639,37.1057],[14.7497,37.0991],[14.7045,37.1232],[14.5646,37.0539],[14.5192,37.0707],[14.444,37.0529],[14.4322,37.0869],[14.4723,37.1342],[14.4373,37.1718],[14.3888,37.1839],[14.383,37.2383],[14.3525,37.306],[14.432,37.2937],[14.4549,37.3037],[14.434,37.3297],[14.4478,37.3449],[14.5081,37.3116],[14.5177,37.3187],[14.5098,37.3521],[14.5801,37.3656],[14.5823,37.4002],[14.6287,37.4212],[14.6115,37.4393],[14.5338,37.4494],[14.5147,37.4631],[14.5114,37.5028],[14.5429,37.5425],[14.6263,37.5402],[14.6903,37.5559],[14.7721,37.5024],[14.7844,37.5094],[14.799,37.537],[14.7947,37.5675],[14.8356,37.5966],[14.8179,37.638],[14.7919,37.6597],[14.7977,37.7128],[14.7459,37.6869],[14.7149,37.6974],[14.7135,37.7261],[14.7307,37.7487],[14.7158,37.7751],[14.7399,37.7919],[14.7422,37.8182],[14.796,37.8152],[14.7993,37.8354],[14.7858,37.8558],[14.7637,37.8653],[14.7373,37.8549],[14.7329,37.8812],[14.7615,37.9048],[14.7692,37.9424],[14.8175,37.9482],[14.8309,37.9632],[14.8663,37.9324],[14.929,37.9566],[14.9795,37.8927],[15.144,37.8981],[15.2599,37.8078]]]}},{"type":"Feature","id":"Catanzaro","properties":{"id":"Catanzaro","iso_code":"IT-CZ","name":"Catanzaro","name_full":"Catanzaro","name_ja":"カタンザーロ県","center_lonlat":[16.4889,38.8947]},"geometry":{"type":"Polygon","coordinates":[[[16.8922,38.9296],[16.7278,38.8789],[16.5744,38.7851],[16.5348,38.6999],[16.5491,38.6899],[16.577,38.5286],[16.5735,38.4673],[16.5368,38.4651],[16.4311,38.5103],[16.4343,38.5384],[16.4199,38.554],[16.435,38.5716],[16.3827,38.6029],[16.3322,38.6608],[16.3485,38.7304],[16.3722,38.7464],[16.3659,38.7799],[16.2785,38.8255],[16.2593,38.7981],[16.2137,38.8104],[16.2147,38.919],[16.1896,38.9435],[16.1543,38.955],[16.0969,39.0504],[16.3119,39.1104],[16.3685,39.1018],[16.4301,39.0564],[16.4693,39.0496],[16.4931,39.1502],[16.5847,39.1689],[16.6132,39.1943],[16.6263,39.1692],[16.661,39.1491],[16.6772,39.0948],[16.7332,39.062],[16.8128,39.0545],[16.8745,39.0151],[16.9013,38.96],[16.8922,38.9296]]]}},{"type":"Feature","id":"Chieti","properties":{"id":"Chieti","iso_code":"IT-CH","name":"Chieti","name_full":"Chieti","name_ja":"キエーティ県","center_lonlat":[14.3779,42.102]},"geometry":{"type":"Polygon","coordinates":[[[14.2572,42.4461],[14.3874,42.373],[14.429,42.3217],[14.5602,42.2257],[14.7092,42.1755],[14.7295,42.0991],[14.7634,42.0779],[14.7443,42.013],[14.647,41.9477],[14.6446,41.9188],[14.5193,41.7899],[14.4904,41.7761],[14.4485,41.7669],[14.4329,41.837],[14.3767,41.8733],[14.348,41.862],[14.2829,41.9062],[14.2294,41.8774],[14.1944,41.8961],[14.1172,41.8895],[14.0998,41.9023],[14.0819,41.9393],[14.0976,41.9498],[14.0816,42.0052],[14.1023,42.0698],[14.0854,42.0867],[14.1141,42.1119],[14.1132,42.1573],[14.0916,42.1901],[14.1255,42.2317],[14.0736,42.3141],[14.0774,42.3274],[14.1165,42.3382],[14.1675,42.4262],[14.1902,42.4336],[14.2284,42.4168],[14.2572,42.4461]]]}},{"type":"Feature","id":"Como","properties":{"id":"Como","iso_code":"IT-CO","name":"Como","name_full":"Como","name_ja":"コモ県","center_lonlat":[9.1501,45.9331]},"geometry":{"type":"Polygon","coordinates":[[[8.9089,45.8283],[8.9396,45.8348],[9.0024,45.8207],[9.0344,45.8481],[9.0631,45.899],[9.0517,45.9155],[9.0108,45.9267],[8.9805,45.9644],[9.0156,45.9931],[9.0021,46.0393],[9.0592,46.0618],[9.0721,46.1189],[9.0906,46.1382],[9.1632,46.1723],[9.1813,46.2041],[9.2248,46.2312],[9.3288,46.235],[9.3736,46.212],[9.4408,46.2145],[9.4246,46.16],[9.34,46.1535],[9.2951,46.1164],[9.272,46.0222],[9.2846,45.967],[9.2604,45.9518],[9.2849,45.9007],[9.2965,45.8936],[9.3176,45.9037],[9.3299,45.8685],[9.2454,45.7735],[9.2472,45.7426],[9.2022,45.7068],[9.1851,45.6645],[9.1107,45.6954],[9.0657,45.6848],[9.0587,45.6614],[8.994,45.648],[8.9779,45.675],[8.932,45.6512],[8.9068,45.6822],[8.9509,45.7259],[8.9004,45.7847],[8.9089,45.8283]]]}},{"type":"Feature","id":"Cosenza","properties":{"id":"Cosenza","iso_code":"IT-CS","name":"Cosenza","name_full":"Cosenza","name_ja":"コゼンツァ県","center_lonlat":[16.3204,39.565]},"geometry":{"type":"Polygon","coordinates":[[[16.64,40.1187],[16.6047,40.0845],[16.5969,40.0468],[16.6316,39.9662],[16.5422,39.8854],[16.4917,39.8055],[16.5021,39.7471],[16.5286,39.7215],[16.5156,39.6896],[16.5459,39.6609],[16.6248,39.6253],[16.7825,39.6116],[16.8462,39.5527],[17.0192,39.4792],[16.9791,39.449],[16.9645,39.4039],[16.9013,39.4007],[16.877,39.3526],[16.7167,39.3533],[16.7085,39.3358],[16.7537,39.2812],[16.763,39.1965],[16.643,39.2032],[16.6132,39.1943],[16.5847,39.1689],[16.4931,39.1502],[16.4693,39.0496],[16.4301,39.0564],[16.3685,39.1018],[16.3119,39.1104],[16.0969,39.0504],[16.083,39.0753],[16.034,39.3452],[15.9954,39.4388],[15.9331,39.5137],[15.8675,39.5639],[15.8366,39.6527],[15.8064,39.6955],[15.7887,39.7966],[15.7697,39.8301],[15.7819,39.8686],[15.7744,39.8911],[15.7458,39.9246],[15.7765,39.9653],[15.8411,40.004],[15.8583,40.0082],[15.9035,39.9855],[15.9159,40.0022],[15.9464,40.0056],[15.982,39.9789],[16.0213,39.9869],[16.011,39.954],[16.0689,39.9067],[16.1974,39.9145],[16.2627,39.9422],[16.3077,39.9359],[16.3543,39.9008],[16.3586,39.9207],[16.344,39.9352],[16.3873,40.0],[16.3988,40.0555],[16.4134,40.1221],[16.4269,40.1366],[16.45,40.1244],[16.64,40.1187]]]}},{"type":"Feature","id":"Cremona","properties":{"id":"Cremona","iso_code":"IT-CR","name":"Cremona","name_full":"Cremona","name_ja":"クレモナ県","center_lonlat":[10.001,45.2221]},"geometry":{"type":"Polygon","coordinates":[[[9.8915,45.4267],[9.8897,45.359],[9.9856,45.3065],[10.2214,45.2319],[10.2532,45.2552],[10.3178,45.2047],[10.3221,45.1833],[10.3726,45.1592],[10.4907,45.1357],[10.4801,45.0991],[10.4164,45.0873],[10.4133,45.0423],[10.4897,45.0567],[10.5235,45.08],[10.5349,45.0695],[10.5296,45.0396],[10.4685,45.0108],[10.4557,44.9824],[10.5333,45.0031],[10.566,44.9995],[10.5388,44.9671],[10.4641,44.9372],[10.5015,44.9194],[10.4436,44.9367],[10.3992,44.9913],[10.3504,44.984],[10.1835,45.0466],[10.0719,45.0375],[10.0215,45.1101],[9.9979,45.1247],[9.916,45.108],[9.9231,45.1301],[9.8829,45.1341],[9.8672,45.1604],[9.793,45.1787],[9.7712,45.2162],[9.7069,45.2646],[9.6104,45.3081],[9.5845,45.3597],[9.5673,45.3668],[9.5642,45.3513],[9.5388,45.3407],[9.4683,45.3799],[9.4636,45.4321],[9.4735,45.4512],[9.5103,45.512],[9.5649,45.4582],[9.6024,45.4715],[9.6745,45.4368],[9.7141,45.4823],[9.7515,45.4642],[9.7681,45.431],[9.8073,45.425],[9.8188,45.4555],[9.8915,45.4267]]]}},{"type":"Feature","id":"Crotone","properties":{"id":"Crotone","iso_code":"IT-KR","name":"Crotone","name_full":"Crotone","name_ja":"クロトーネ県","center_lonlat":[16.9502,39.1768]},"geometry":{"type":"Polygon","coordinates":[[[17.0192,39.4792],[17.0886,39.4226],[17.1587,39.4062],[17.1222,39.3383],[17.1149,39.2828],[17.1457,39.2107],[17.1245,39.0909],[17.1585,39.0405],[17.2064,39.0295],[17.1724,39.0052],[17.1724,38.9605],[17.104,38.8991],[17.095,38.9191],[17.0706,38.9228],[17.022,38.906],[16.9813,38.9372],[16.8922,38.9296],[16.9013,38.96],[16.8745,39.0151],[16.8128,39.0545],[16.7332,39.062],[16.6772,39.0948],[16.661,39.1491],[16.6263,39.1692],[16.6132,39.1943],[16.643,39.2032],[16.763,39.1965],[16.7537,39.2812],[16.7085,39.3358],[16.7167,39.3533],[16.877,39.3526],[16.9013,39.4007],[16.9645,39.4039],[16.9791,39.449],[17.0192,39.4792]]]}},{"type":"Feature","id":"Cuneo","properties":{"id":"Cuneo","iso_code":"IT-CN","name":"Cuneo","name_full":"Cuneo","name_ja":"クーネオ県","center_lonlat":[7.5745,44.4786]},"geometry":{"type":"Polygon","coordinates":[[[7.6879,44.0908],[7.6419,44.1436],[7.6556,44.1761],[7.6247,44.1801],[7.5836,44.1607],[7.3406,44.1237],[7.3093,44.1475],[7.2513,44.16],[7.145,44.2072],[7.0461,44.2403],[6.9961,44.2378],[6.9734,44.2494],[6.9592,44.2773],[6.9212,44.3022],[6.8698,44.3629],[6.8772,44.4144],[6.9178,44.4363],[6.8613,44.4749],[6.8388,44.5029],[6.8357,44.534],[6.9456,44.6254],[6.9343,44.6467],[6.9599,44.6832],[6.9828,44.6922],[7.0552,44.6849],[7.0388,44.7121],[7.3258,44.7855],[7.3441,44.7807],[7.3579,44.7548],[7.4951,44.7641],[7.5861,44.8123],[7.6054,44.8341],[7.6426,44.8313],[7.6549,44.8132],[7.7141,44.8122],[7.7534,44.8151],[7.788,44.842],[7.9085,44.8276],[7.9434,44.8463],[7.974,44.8506],[7.993,44.8214],[8.024,44.8059],[8.0908,44.819],[8.1292,44.8115],[8.1224,44.7858],[8.0923,44.7553],[8.1279,44.7457],[8.153,44.7125],[8.1912,44.7489],[8.2659,44.7145],[8.1975,44.6328],[8.1969,44.6147],[8.2326,44.5971],[8.2498,44.5346],[8.2209,44.5181],[8.1956,44.4746],[8.211,44.4457],[8.2058,44.4224],[8.1641,44.3994],[8.139,44.3532],[8.0692,44.3078],[8.0797,44.1903],[8.0485,44.1588],[8.0066,44.1645],[7.9865,44.1524],[7.9833,44.1386],[8.0021,44.1184],[7.8344,44.1254],[7.7575,44.1438],[7.7309,44.1217],[7.738,44.0994],[7.6879,44.0908]]]}},{"type":"Feature","id":"Enna","properties":{"id":"Enna","iso_code":"IT-EN","name":"Enna","name_full":"Enna","name_ja":"エンナ県","center_lonlat":[14.4287,37.5811]},"geometry":{"type":"Polygon","coordinates":[[[14.7422,37.8182],[14.7399,37.7919],[14.7158,37.7751],[14.7307,37.7487],[14.7135,37.7261],[14.7149,37.6974],[14.7459,37.6869],[14.7977,37.7128],[14.7919,37.6597],[14.8179,37.638],[14.8356,37.5966],[14.7947,37.5675],[14.799,37.537],[14.7844,37.5094],[14.7721,37.5024],[14.6903,37.5559],[14.6263,37.5402],[14.5429,37.5425],[14.5114,37.5028],[14.5147,37.4631],[14.5338,37.4494],[14.6115,37.4393],[14.6287,37.4212],[14.5823,37.4002],[14.5801,37.3656],[14.5098,37.3521],[14.5177,37.3187],[14.5081,37.3116],[14.4478,37.3449],[14.434,37.3297],[14.4549,37.3037],[14.432,37.2937],[14.3525,37.306],[14.3193,37.304],[14.2617,37.3432],[14.1699,37.3252],[14.0901,37.346],[14.0694,37.4126],[14.147,37.4909],[14.1276,37.5253],[14.1366,37.5738],[14.1569,37.6015],[14.1349,37.6168],[14.1738,37.6714],[14.2648,37.703],[14.2862,37.7328],[14.292,37.7575],[14.2613,37.7882],[14.2598,37.8091],[14.2799,37.8402],[14.4219,37.8595],[14.4476,37.8436],[14.4569,37.8089],[14.4755,37.801],[14.4933,37.8106],[14.5044,37.8502],[14.5613,37.876],[14.5745,37.8641],[14.5606,37.8392],[14.6029,37.8083],[14.6717,37.7995],[14.7422,37.8182]]]}},{"type":"Feature","id":"Fermo","properties":{"id":"Fermo","iso_code":"IT-FM","name":"Fermo","name_full":"Fermo","name_ja":"フェルモ県","center_lonlat":[13.5754,43.0978]},"geometry":{"type":"Polygon","coordinates":[[[13.745,43.2922],[13.8348,43.1273],[13.8535,43.0674],[13.8028,43.0609],[13.7799,43.0765],[13.625,43.0299],[13.5504,42.9925],[13.4625,42.9684],[13.418,42.974],[13.3978,42.9594],[13.402,42.9141],[13.3882,42.8916],[13.3498,42.9143],[13.2947,42.9245],[13.2418,42.892],[13.2162,42.9511],[13.2604,42.9714],[13.3435,43.038],[13.3722,43.0459],[13.4192,43.0118],[13.4588,43.03],[13.4634,43.0696],[13.4343,43.1001],[13.4525,43.1548],[13.5084,43.1734],[13.5337,43.2115],[13.5901,43.2104],[13.6068,43.2359],[13.601,43.2678],[13.745,43.2922]]]}},{"type":"Feature","id":"Ferrara","properties":{"id":"Ferrara","iso_code":"IT-FE","name":"Ferrara","name_full":"Ferrara","name_ja":"フェラーラ県","center_lonlat":[11.8493,44.7883]},"geometry":{"type":"Polygon","coordinates":[[[12.3934,44.7935],[12.3757,44.7922],[12.303,44.8429],[12.2664,44.8266],[12.28,44.8205],[12.2466,44.7116],[12.2696,44.6298],[12.2238,44.5837],[12.1777,44.5642],[12.0548,44.5507],[12.0236,44.5641],[11.9981,44.6008],[11.8796,44.5797],[11.8525,44.5559],[11.7893,44.5544],[11.7615,44.572],[11.7959,44.6205],[11.7705,44.6476],[11.6941,44.6299],[11.6732,44.6359],[11.6063,44.6964],[11.4677,44.7523],[11.375,44.7775],[11.2646,44.707],[11.2598,44.7253],[11.2726,44.7488],[11.26,44.773],[11.2933,44.8027],[11.3235,44.8325],[11.3686,44.8426],[11.3362,44.8692],[11.2349,44.906],[11.257,44.9473],[11.2796,44.9427],[11.303,44.9601],[11.4215,44.9499],[11.4319,44.9377],[11.5249,44.94],[11.6223,44.8951],[11.7357,44.9385],[11.7475,44.9567],[11.7973,44.9776],[11.9783,44.9856],[12.0872,44.9705],[12.148,44.9334],[12.2233,44.9261],[12.2876,44.9354],[12.2934,44.8648],[12.3365,44.8486],[12.3497,44.818],[12.3934,44.7935]]]}},{"type":"Feature","id":"Florence","properties":{"id":"Florence","iso_code":"IT-FI","name":"Florence","name_full":"Florence","name_ja":"フィレンツェ県","center_lonlat":[11.2927,43.8205]},"geometry":{"type":"Polygon","coordinates":[[[10.7111,43.7863],[10.7278,43.8141],[10.7747,43.8013],[10.8133,43.8179],[10.8553,43.796],[10.9058,43.7994],[10.9476,43.8211],[10.9641,43.8125],[10.9779,43.7854],[11.057,43.7591],[11.0623,43.817],[11.1469,43.8615],[11.1354,43.895],[11.1586,43.9285],[11.1897,44.0241],[11.1895,44.0696],[11.2072,44.091],[11.2001,44.1047],[11.2564,44.116],[11.203,44.1383],[11.2002,44.1566],[11.2911,44.1708],[11.3343,44.2066],[11.3757,44.2117],[11.3965,44.2341],[11.4319,44.2271],[11.4845,44.1742],[11.5263,44.1622],[11.5883,44.1706],[11.6108,44.1523],[11.5882,44.1288],[11.6343,44.1178],[11.72,44.1317],[11.7472,44.1216],[11.6848,44.0267],[11.6524,44.0177],[11.6501,43.995],[11.6856,43.962],[11.6854,43.9385],[11.7086,43.9196],[11.7163,43.8791],[11.6499,43.8629],[11.5791,43.7564],[11.5748,43.7305],[11.6079,43.6911],[11.5631,43.6676],[11.5463,43.6398],[11.4989,43.6313],[11.5075,43.5873],[11.4228,43.5699],[11.3975,43.5482],[11.3627,43.5257],[11.2985,43.5192],[11.2788,43.5386],[11.2478,43.5007],[11.2055,43.4805],[11.1873,43.5174],[11.1756,43.5171],[11.1244,43.4751],[11.0824,43.5198],[11.0275,43.5419],[10.9654,43.5139],[10.9521,43.4522],[10.8605,43.472],[10.8352,43.5312],[10.8363,43.5842],[10.8197,43.6134],[10.8894,43.628],[10.9106,43.6513],[10.8891,43.7085],[10.8659,43.7304],[10.7935,43.719],[10.7111,43.7863]]]}},{"type":"Feature","id":"Foggia","properties":{"id":"Foggia","iso_code":"IT-FG","name":"Foggia","name_full":"Foggia","name_ja":"フォッジャ県","center_lonlat":[15.5575,41.5416]},"geometry":{"type":"Polygon","coordinates":[[[15.1435,41.9312],[15.4461,41.9069],[15.6113,41.928],[15.7744,41.9212],[16.0271,41.9441],[16.1405,41.9199],[16.1609,41.8926],[16.1792,41.8933],[16.193,41.8084],[16.1843,41.7796],[16.0275,41.6799],[15.9253,41.64],[15.9001,41.6147],[15.8963,41.5364],[15.9118,41.5029],[15.9717,41.4539],[15.9403,41.4297],[16.0332,41.3672],[15.982,41.3484],[15.987,41.3068],[16.0202,41.2352],[15.9482,41.1817],[15.8583,41.1368],[15.7711,41.1046],[15.5964,41.1094],[15.5617,41.0861],[15.5586,41.0551],[15.4554,41.0794],[15.406,41.1056],[15.3826,41.0975],[15.2751,41.1059],[15.2002,41.1594],[15.2527,41.2072],[15.2446,41.2264],[15.266,41.2354],[15.2625,41.2475],[15.1787,41.2891],[15.1435,41.2746],[15.1282,41.3077],[15.0801,41.3263],[15.067,41.3486],[15.1019,41.3906],[15.097,41.4258],[15.0455,41.4639],[14.9953,41.4821],[14.935,41.526],[14.9339,41.6201],[14.958,41.6345],[15.0176,41.6197],[15.1089,41.6837],[15.1571,41.7017],[15.1131,41.7183],[15.1026,41.7638],[15.1073,41.8359],[15.132,41.8696],[15.1435,41.9312]]]}},{"type":"Feature","id":"Forli-Cesena","properties":{"id":"Forli-Cesena","iso_code":"IT-FC","name":"Forli-Cesena","name_full":"Forlì-Cesena","name_ja":"フォルリ＝チェゼーナ県","center_lonlat":[12.0368,44.038]},"geometry":{"type":"Polygon","coordinates":[[[12.3856,44.2285],[12.458,44.1664],[12.4287,44.1473],[12.4564,44.0943],[12.3654,44.0638],[12.3696,44.0436],[12.3948,44.0296],[12.3262,43.9586],[12.2449,43.9221],[12.1617,43.9259],[12.1437,43.8325],[12.1022,43.759],[12.0678,43.7543],[11.9686,43.7731],[11.885,43.8154],[11.813,43.8244],[11.7163,43.8791],[11.7086,43.9196],[11.6854,43.9385],[11.6856,43.962],[11.6501,43.995],[11.6524,44.0177],[11.6848,44.0267],[11.7472,44.1216],[11.72,44.1317],[11.7293,44.1675],[11.7643,44.1972],[11.7885,44.1874],[11.8253,44.1953],[11.8865,44.1747],[11.9396,44.2345],[11.9738,44.2547],[12.0316,44.3303],[12.0645,44.3021],[12.108,44.2885],[12.1189,44.2656],[12.1735,44.2433],[12.2089,44.2555],[12.201,44.2301],[12.2188,44.2149],[12.2875,44.2288],[12.3475,44.1919],[12.3856,44.2285]]]}},{"type":"Feature","id":"Frosinone","properties":{"id":"Frosinone","iso_code":"IT-FR","name":"Frosinone","name_full":"Frosinone","name_ja":"フロジノーネ県","center_lonlat":[13.5326,41.6146]},"geometry":{"type":"Polygon","coordinates":[[[13.1752,41.5836],[13.1569,41.5886],[13.1471,41.6533],[13.0948,41.6846],[13.079,41.7209],[13.001,41.7694],[13.0075,41.8149],[13.0614,41.8334],[13.0826,41.858],[13.1844,41.8482],[13.2979,41.947],[13.3686,41.9078],[13.3554,41.8715],[13.3611,41.8287],[13.4052,41.8316],[13.5452,41.7682],[13.5788,41.7699],[13.6557,41.8095],[13.7148,41.7948],[13.75,41.7518],[13.8007,41.7526],[13.8728,41.7307],[13.9457,41.6882],[13.9926,41.6283],[13.9961,41.5734],[14.0087,41.5533],[14.0093,41.5246],[13.9618,41.4707],[13.8602,41.423],[13.8754,41.3936],[13.8726,41.3354],[13.8265,41.3312],[13.7869,41.3086],[13.7577,41.3126],[13.7074,41.3472],[13.6254,41.3191],[13.5797,41.3619],[13.5654,41.4032],[13.4457,41.4602],[13.4335,41.4581],[13.4368,41.4234],[13.4199,41.4001],[13.3035,41.4067],[13.2589,41.4357],[13.299,41.4703],[13.2658,41.5277],[13.2097,41.5466],[13.1926,41.5881],[13.1752,41.5836]]]}},{"type":"Feature","id":"Gorizia","properties":{"id":"Gorizia","iso_code":"IT-GO","name":"Gorizia","name_full":"Gorizia","name_ja":"ゴリツィア県","center_lonlat":[13.4974,45.8546]},"geometry":{"type":"Polygon","coordinates":[[[13.4618,46.0064],[13.5094,45.9674],[13.6059,45.9854],[13.6228,45.9664],[13.5693,45.8645],[13.566,45.8303],[13.5885,45.8065],[13.5833,45.7868],[13.5513,45.7924],[13.5344,45.782],[13.5283,45.7405],[13.5549,45.7372],[13.428,45.6811],[13.3767,45.6832],[13.4248,45.6986],[13.4226,45.7241],[13.4324,45.7788],[13.4036,45.8894],[13.4375,45.9665],[13.4649,45.9899],[13.4618,46.0064]]]}},{"type":"Feature","id":"Grosseto","properties":{"id":"Grosseto","iso_code":"IT-GR","name":"Grosseto","name_full":"Grosseto","name_ja":"グロッセート県","center_lonlat":[11.2447,42.7916]},"geometry":{"type":"MultiPolygon","coordinates":[[[[11.4515,42.3744],[11.3766,42.4069],[11.333,42.4006],[11.2456,42.4223],[11.2113,42.4189],[11.1838,42.3663],[11.1559,42.3663],[11.1066,42.3913],[11.0868,42.4184],[11.0991,42.4429],[11.1642,42.4398],[11.1884,42.4803],[11.1869,42.5208],[11.1585,42.564],[11.1287,42.5581],[11.0974,42.6069],[11.0809,42.6127],[11.0778,42.6322],[11.0057,42.6679],[10.99,42.7103],[10.9436,42.743],[10.7313,42.8044],[10.7649,42.8353],[10.7656,42.8771],[10.7777,42.8947],[10.7635,42.9183],[10.7051,42.9409],[10.7354,42.9779],[10.7384,43.0111],[10.7564,43.0142],[10.7855,42.997],[10.791,43.0148],[10.779,43.0671],[10.7243,43.0756],[10.7173,43.1085],[10.7403,43.1481],[10.7769,43.1414],[10.8008,43.1598],[10.8418,43.1525],[10.9116,43.1626],[11.0396,43.1926],[11.0595,43.1765],[11.0602,43.1222],[11.0893,43.0848],[11.1255,43.0911],[11.1576,43.0803],[11.2165,43.0925],[11.2895,43.0797],[11.361,43.0833],[11.3589,42.9996],[11.3968,42.9668],[11.4494,42.954],[11.508,42.9801],[11.5417,42.964],[11.5754,42.9672],[11.6119,42.9479],[11.6197,42.929],[11.635,42.7998],[11.7472,42.7985],[11.8071,42.7425],[11.7889,42.711],[11.7869,42.6512],[11.7539,42.6433],[11.7352,42.6162],[11.6712,42.577],[11.6206,42.5601],[11.5882,42.5661],[11.5855,42.5359],[11.5659,42.5161],[11.6079,42.4873],[11.6018,42.4474],[11.4871,42.4305],[11.4515,42.3744]]],[[[10.8958,42.3867],[10.9398,42.3307],[10.9233,42.3187],[10.8618,42.3663],[10.883,42.3922],[10.8958,42.3867]]]]}},{"type":"Feature","id":"Imperia","properties":{"id":"Imperia","iso_code":"IT-IM","name":"Imperia","name_full":"Imperia","name_ja":"インペリア県","center_lonlat":[7.7966,43.9513]},"geometry":{"type":"Polygon","coordinates":[[[7.6879,44.0908],[7.738,44.0994],[7.7309,44.1217],[7.7575,44.1438],[7.8344,44.1254],[8.0021,44.1184],[8.0386,44.0672],[7.9922,44.0213],[7.9998,44.0003],[8.0931,43.9789],[8.1302,43.9403],[8.0677,43.8967],[7.9597,43.8529],[7.7858,43.822],[7.7366,43.7982],[7.5441,43.7845],[7.5023,43.7922],[7.4779,43.8655],[7.5569,43.9441],[7.6309,43.9935],[7.6534,44.0397],[7.6899,44.0673],[7.6879,44.0908]]]}},{"type":"Feature","id":"Isernia","properties":{"id":"Isernia","iso_code":"IT-IS","name":"Isernia","name_full":"Isernia","name_ja":"イゼルニア県","center_lonlat":[14.2434,41.6458]},"geometry":{"type":"Polygon","coordinates":[[[14.4904,41.7761],[14.4812,41.7457],[14.5161,41.7268],[14.519,41.7058],[14.4908,41.68],[14.4256,41.6599],[14.4232,41.6445],[14.4887,41.6129],[14.5019,41.5939],[14.4583,41.5281],[14.3923,41.4994],[14.3827,41.442],[14.2225,41.4948],[14.1209,41.4957],[14.0802,41.4477],[14.1058,41.4188],[14.1096,41.3955],[14.0883,41.3887],[14.0315,41.3981],[13.9918,41.4542],[13.9618,41.4707],[14.0093,41.5246],[14.0087,41.5533],[13.9961,41.5734],[13.9926,41.6283],[13.9457,41.6882],[14.0012,41.6875],[14.063,41.7288],[14.0948,41.7235],[14.1829,41.7629],[14.1423,41.8242],[14.1606,41.8418],[14.1916,41.8396],[14.2294,41.8774],[14.2829,41.9062],[14.348,41.862],[14.3767,41.8733],[14.4329,41.837],[14.4485,41.7669],[14.4904,41.7761]]]}},{"type":"Feature","id":"L'Aquila","properties":{"id":"L'Aquila","iso_code":"IT-AQ","name":"L'Aquila","name_full":"L'Aquila","name_ja":"ラクイラ県","center_lonlat":[13.5956,42.1067]},"geometry":{"type":"Polygon","coordinates":[[[13.3759,42.6038],[13.4363,42.5094],[13.5115,42.4708],[13.5316,42.4441],[13.5846,42.4517],[13.7386,42.4378],[13.7654,42.4201],[13.8069,42.3746],[13.8436,42.2693],[13.8326,42.2462],[13.8115,42.2471],[13.8056,42.2349],[13.8094,42.1903],[13.7952,42.1751],[13.7954,42.1512],[13.8175,42.1405],[13.8893,42.163],[13.9601,42.1183],[14.0017,42.0758],[14.0854,42.0867],[14.1023,42.0698],[14.0816,42.0052],[14.0976,41.9498],[14.0819,41.9393],[14.0998,41.9023],[14.1172,41.8895],[14.1944,41.8961],[14.2294,41.8774],[14.1916,41.8396],[14.1606,41.8418],[14.1423,41.8242],[14.1829,41.7629],[14.0948,41.7235],[14.063,41.7288],[14.0012,41.6875],[13.9457,41.6882],[13.8728,41.7307],[13.8007,41.7526],[13.75,41.7518],[13.7148,41.7948],[13.6557,41.8095],[13.5788,41.7699],[13.5452,41.7682],[13.4052,41.8316],[13.3611,41.8287],[13.3554,41.8715],[13.3686,41.9078],[13.2979,41.947],[13.0971,42.0237],[13.0284,42.0319],[13.012,42.1023],[13.0296,42.1156],[13.0733,42.1413],[13.0943,42.1731],[13.2415,42.1291],[13.2608,42.1386],[13.2955,42.1332],[13.3054,42.1675],[13.3675,42.1852],[13.3204,42.195],[13.3051,42.219],[13.2729,42.2287],[13.2275,42.2721],[13.206,42.3188],[13.16,42.3408],[13.1565,42.3623],[13.1784,42.3999],[13.1419,42.4153],[13.1285,42.4453],[13.1666,42.4856],[13.1635,42.5123],[13.1363,42.5423],[13.168,42.5514],[13.1861,42.5869],[13.328,42.5731],[13.3689,42.586],[13.3759,42.6038]]]}},{"type":"Feature","id":"La Spezia","properties":{"id":"La Spezia","iso_code":"IT-SP","name":"La Spezia","name_full":"La Spezia","name_ja":"ラ・スペツィア県","center_lonlat":[9.7249,44.2269]},"geometry":{"type":"Polygon","coordinates":[[[10.0285,44.0493],[9.9885,44.0598],[9.9627,44.0447],[9.8447,44.1086],[9.8264,44.1072],[9.8333,44.0998],[9.8196,44.093],[9.8475,44.0725],[9.8333,44.0521],[9.8464,44.0463],[9.8323,44.0423],[9.8198,44.0634],[9.7718,44.0794],[9.6826,44.1365],[9.6211,44.1483],[9.573,44.1916],[9.5112,44.2152],[9.5473,44.2573],[9.5715,44.2533],[9.5623,44.2834],[9.5034,44.328],[9.5182,44.3551],[9.4848,44.3793],[9.4764,44.4125],[9.5124,44.429],[9.5985,44.4272],[9.6514,44.4062],[9.6898,44.3577],[9.7518,44.3056],[9.8521,44.2526],[9.8617,44.1859],[9.8848,44.2044],[9.9022,44.1999],[9.8986,44.1664],[9.9682,44.16],[9.9899,44.1176],[10.0532,44.0995],[10.0285,44.0493]]]}},{"type":"Feature","id":"Latina","properties":{"id":"Latina","iso_code":"IT-LT","name":"Latina","name_full":"Latina","name_ja":"ラティーナ県","center_lonlat":[13.1428,41.4305]},"geometry":{"type":"Polygon","coordinates":[[[13.7437,41.2376],[13.7085,41.2564],[13.5944,41.2531],[13.5637,41.238],[13.5755,41.2081],[13.544,41.2066],[13.5144,41.2297],[13.4997,41.2217],[13.4802,41.2392],[13.3244,41.2948],[13.2858,41.2957],[13.187,41.278],[13.0682,41.2217],[13.0446,41.2275],[12.9927,41.3156],[12.9238,41.3798],[12.8622,41.4135],[12.7744,41.4209],[12.7404,41.4808],[12.6028,41.5556],[12.5761,41.5825],[12.56,41.6163],[12.5797,41.6489],[12.6382,41.6641],[12.6498,41.6562],[12.6599,41.6036],[12.6992,41.606],[12.747,41.5738],[12.7902,41.6175],[12.8476,41.6407],[12.8535,41.7013],[12.9247,41.7127],[12.942,41.7028],[12.9577,41.662],[13.0036,41.627],[13.0201,41.5778],[13.0755,41.5685],[13.1037,41.5454],[13.1752,41.5836],[13.1926,41.5881],[13.2097,41.5466],[13.2658,41.5277],[13.299,41.4703],[13.2589,41.4357],[13.3035,41.4067],[13.4199,41.4001],[13.4368,41.4234],[13.4335,41.4581],[13.4457,41.4602],[13.5654,41.4032],[13.5797,41.3619],[13.6254,41.3191],[13.7074,41.3472],[13.7577,41.3126],[13.7869,41.3086],[13.8265,41.3312],[13.8726,41.3354],[13.8631,41.2993],[13.8175,41.2766],[13.81,41.2567],[13.7437,41.2376]]]}},{"type":"Feature","id":"Lecce","properties":{"id":"Lecce","iso_code":"IT-LE","name":"Lecce","name_full":"Lecce","name_ja":"レッチェ県","center_lonlat":[18.1789,40.176]},"geometry":{"type":"Polygon","coordinates":[[[18.0989,40.5179],[18.2383,40.4577],[18.3032,40.3999],[18.4373,40.2679],[18.5161,40.1392],[18.5161,40.1045],[18.4919,40.0847],[18.4836,40.0552],[18.4341,40.0225],[18.4114,39.9788],[18.3926,39.9161],[18.4001,39.8786],[18.3892,39.8171],[18.3737,39.7998],[18.3384,39.8001],[18.2656,39.8376],[18.2113,39.8393],[18.0715,39.9115],[17.9954,39.9953],[18.0203,40.0102],[18.0158,40.0362],[17.9675,40.0573],[18.0029,40.0744],[18.011,40.096],[17.9972,40.1204],[17.926,40.1763],[17.917,40.2269],[17.8997,40.2491],[17.9128,40.2553],[17.8477,40.29],[17.764,40.2934],[17.7985,40.3796],[17.8446,40.4098],[17.9434,40.4322],[18.0682,40.4914],[18.0989,40.5179]]]}},{"type":"Feature","id":"Lecco","properties":{"id":"Lecco","iso_code":"IT-LC","name":"Lecco","name_full":"Lecco","name_ja":"レッコ県","center_lonlat":[9.3873,45.9039]},"geometry":{"type":"Polygon","coordinates":[[[9.5269,46.0114],[9.4915,46.0116],[9.5027,45.9701],[9.5377,45.954],[9.5383,45.9365],[9.5102,45.8764],[9.4666,45.8494],[9.4808,45.8183],[9.5187,45.784],[9.4478,45.7499],[9.4558,45.6999],[9.4828,45.6718],[9.4329,45.6512],[9.4113,45.6727],[9.3722,45.6552],[9.347,45.671],[9.3152,45.666],[9.2827,45.7352],[9.2472,45.7426],[9.2454,45.7735],[9.3299,45.8685],[9.3176,45.9037],[9.2965,45.8936],[9.2849,45.9007],[9.2604,45.9518],[9.2846,45.967],[9.272,46.0222],[9.2951,46.1164],[9.34,46.1535],[9.4246,46.16],[9.4142,46.1368],[9.4204,46.0929],[9.5093,46.0628],[9.504,46.0492],[9.5269,46.0114]]]}},{"type":"Feature","id":"Liguria","properties":{"id":"Liguria","iso_code":"IT-GE","name":"Liguria","name_full":"Liguria","name_ja":"リグーリア州","center_lonlat":[9.1167,44.47]},"geometry":{"type":"Polygon","coordinates":[[[9.5112,44.2152],[9.4844,44.2438],[9.4368,44.2395],[9.4224,44.2568],[9.3745,44.2718],[9.3677,44.2944],[9.2306,44.3537],[9.2107,44.3053],[9.1467,44.3286],[9.1301,44.3633],[9.1021,44.374],[8.7624,44.4321],[8.6306,44.3819],[8.6028,44.3958],[8.5877,44.4247],[8.6683,44.4554],[8.6508,44.4887],[8.5997,44.4912],[8.5642,44.5162],[8.5994,44.5426],[8.6095,44.5853],[8.6321,44.5887],[8.7246,44.5786],[8.7733,44.5013],[8.8144,44.5344],[8.8257,44.5588],[8.904,44.5652],[8.9066,44.6118],[8.8751,44.6343],[8.9231,44.6828],[8.9592,44.6826],[9.041,44.6322],[9.0995,44.6146],[9.1088,44.5942],[9.1346,44.5835],[9.1793,44.5869],[9.2031,44.6138],[9.2904,44.6093],[9.3605,44.5819],[9.408,44.5962],[9.4913,44.551],[9.4911,44.5057],[9.4527,44.472],[9.4361,44.4199],[9.4764,44.4125],[9.4848,44.3793],[9.5182,44.3551],[9.5034,44.328],[9.5623,44.2834],[9.5715,44.2533],[9.5473,44.2573],[9.5112,44.2152]]]}},{"type":"Feature","id":"Livorno","properties":{"id":"Livorno","iso_code":"IT-LI","name":"Livorno","name_full":"Livorno","name_ja":"リヴォルノ県","center_lonlat":[10.548,43.2469]},"geometry":{"type":"MultiPolygon","coordinates":[[[[10.7051,42.9409],[10.5833,42.9597],[10.5391,42.9491],[10.5466,42.9348],[10.5186,42.9253],[10.4995,42.9405],[10.4776,42.9901],[10.5171,43.0239],[10.5391,43.0794],[10.5466,43.1471],[10.5282,43.2468],[10.437,43.3886],[10.3591,43.4653],[10.3263,43.4769],[10.2934,43.5791],[10.4675,43.6363],[10.4905,43.6324],[10.4971,43.6083],[10.4711,43.5499],[10.4959,43.4623],[10.496,43.3877],[10.5379,43.3589],[10.5414,43.3183],[10.5851,43.2905],[10.6784,43.3096],[10.7017,43.303],[10.6689,43.2536],[10.6818,43.1973],[10.6451,43.1924],[10.6354,43.1754],[10.6457,43.1582],[10.711,43.1261],[10.7173,43.1085],[10.7243,43.0756],[10.779,43.0671],[10.791,43.0148],[10.7855,42.997],[10.7564,43.0142],[10.7384,43.0111],[10.7354,42.9779],[10.7051,42.9409]]],[[[10.4434,42.8454],[10.43,42.7876],[10.3888,42.7635],[10.4251,42.7408],[10.4307,42.7221],[10.4155,42.7089],[10.3814,42.7226],[10.3379,42.7648],[10.325,42.7648],[10.3137,42.743],[10.3045,42.7598],[10.2654,42.7446],[10.2454,42.7573],[10.2297,42.7354],[10.1472,42.7373],[10.1068,42.7574],[10.1014,42.784],[10.133,42.8119],[10.1795,42.8188],[10.2659,42.8044],[10.259,42.8119],[10.2721,42.8273],[10.3268,42.8262],[10.3221,42.8117],[10.3473,42.8059],[10.4124,42.8734],[10.4434,42.8454]]],[[[9.8401,43.0652],[9.8548,43.0443],[9.8421,43.025],[9.8015,43.0078],[9.7846,43.0284],[9.8069,43.0664],[9.8258,43.0746],[9.8401,43.0652]]],[[[10.0916,42.5958],[10.0979,42.5839],[10.0858,42.5725],[10.0503,42.5819],[10.0794,42.6139],[10.0916,42.5958]]],[[[10.297,42.3449],[10.3064,42.3515],[10.3159,42.3408],[10.3132,42.3239],[10.2944,42.328],[10.297,42.3449]]]]}},{"type":"Feature","id":"Lodi","properties":{"id":"Lodi","iso_code":"IT-LO","name":"Lodi","name_full":"Lodi","name_ja":"ローディ県","center_lonlat":[9.5804,45.2337]},"geometry":{"type":"Polygon","coordinates":[[[9.4735,45.4512],[9.4636,45.4321],[9.4683,45.3799],[9.5388,45.3407],[9.5642,45.3513],[9.5673,45.3668],[9.5845,45.3597],[9.6104,45.3081],[9.7069,45.2646],[9.7712,45.2162],[9.793,45.1787],[9.8672,45.1604],[9.8829,45.1341],[9.8959,45.0919],[9.8302,45.0963],[9.8337,45.0683],[9.7645,45.1148],[9.7522,45.108],[9.7525,45.082],[9.6814,45.0753],[9.6369,45.0939],[9.6404,45.1261],[9.5904,45.1126],[9.546,45.1327],[9.5316,45.1653],[9.4387,45.1876],[9.3519,45.2453],[9.312,45.2466],[9.3338,45.276],[9.3388,45.3129],[9.378,45.3063],[9.3615,45.3598],[9.3802,45.3897],[9.4148,45.4074],[9.4199,45.4523],[9.4527,45.4703],[9.4735,45.4512]]]}},{"type":"Feature","id":"Lucca","properties":{"id":"Lucca","iso_code":"IT-LU","name":"Lucca","name_full":"Lucca","name_ja":"ルッカ県","center_lonlat":[10.4355,44.0041]},"geometry":{"type":"Polygon","coordinates":[[[10.2618,43.8161],[10.2101,43.9202],[10.1807,43.9553],[10.1433,43.9751],[10.2158,44.04],[10.2321,44.0834],[10.2136,44.1187],[10.1856,44.1359],[10.1978,44.1684],[10.1851,44.2054],[10.2314,44.2288],[10.2539,44.2706],[10.2878,44.2824],[10.351,44.2749],[10.4002,44.2359],[10.4712,44.2246],[10.4816,44.1898],[10.5223,44.1555],[10.5704,44.1256],[10.6105,44.1257],[10.702,44.094],[10.7338,44.0405],[10.7322,44.0239],[10.7063,44.0147],[10.6687,43.9749],[10.6451,43.8793],[10.6922,43.8622],[10.7278,43.8141],[10.7111,43.7863],[10.665,43.806],[10.6037,43.7576],[10.4795,43.7556],[10.4452,43.7742],[10.4476,43.802],[10.4207,43.8247],[10.2618,43.8161]]]}},{"type":"Feature","id":"Macerata","properties":{"id":"Macerata","iso_code":"IT-MC","name":"Macerata","name_full":"Macerata","name_ja":"マチェラータ県","center_lonlat":[13.2411,43.1903]},"geometry":{"type":"Polygon","coordinates":[[[13.647,43.4753],[13.745,43.2922],[13.601,43.2678],[13.6068,43.2359],[13.5901,43.2104],[13.5337,43.2115],[13.5084,43.1734],[13.4525,43.1548],[13.4343,43.1001],[13.4634,43.0696],[13.4588,43.03],[13.4192,43.0118],[13.3722,43.0459],[13.3435,43.038],[13.2604,42.9714],[13.2162,42.9511],[13.2418,42.892],[13.2243,42.8477],[13.1504,42.8236],[13.1372,42.8495],[13.0431,42.9193],[12.9886,42.9157],[12.9905,42.8928],[12.9721,42.8887],[12.9647,42.9268],[12.9071,42.9715],[12.8928,43.0939],[12.8677,43.1218],[12.8374,43.1325],[12.8339,43.1464],[12.8568,43.1756],[12.8517,43.2061],[12.8907,43.2273],[12.8879,43.2789],[12.944,43.2716],[13.0109,43.3087],[13.0592,43.3591],[13.0718,43.4129],[13.091,43.4291],[13.197,43.4129],[13.258,43.4573],[13.2773,43.4498],[13.2952,43.4087],[13.3159,43.3996],[13.5314,43.4481],[13.5598,43.4426],[13.5786,43.4192],[13.6082,43.4197],[13.6218,43.4349],[13.6193,43.4603],[13.647,43.4753]]]}},{"type":"Feature","id":"Mantua","properties":{"id":"Mantua","iso_code":"IT-MN","name":"Mantua","name_full":"Mantua","name_ja":"マントヴァ県","center_lonlat":[10.7751,45.124]},"geometry":{"type":"Polygon","coordinates":[[[10.3178,45.2047],[10.3614,45.2154],[10.3583,45.2389],[10.3929,45.2483],[10.4022,45.2784],[10.4632,45.3286],[10.4682,45.3561],[10.4543,45.3833],[10.4696,45.4058],[10.4909,45.4129],[10.5625,45.3822],[10.6161,45.382],[10.6618,45.419],[10.7024,45.4228],[10.7021,45.3824],[10.7179,45.3612],[10.6975,45.3203],[10.7402,45.316],[10.7611,45.2937],[10.7946,45.3072],[10.8486,45.2631],[10.9873,45.1974],[11.0053,45.18],[11.0019,45.1551],[11.054,45.1472],[11.0483,45.1226],[11.0695,45.1027],[11.1624,45.1199],[11.2103,45.1043],[11.1912,45.0909],[11.1957,45.0634],[11.2728,45.0596],[11.2727,45.0338],[11.419,44.9669],[11.4215,44.9499],[11.303,44.9601],[11.2796,44.9427],[11.257,44.9473],[11.1634,44.9315],[11.0831,44.9619],[10.9994,44.9534],[10.9748,44.9359],[10.8878,44.914],[10.7645,44.9436],[10.7543,44.9765],[10.6925,44.9904],[10.6012,44.9224],[10.5015,44.9194],[10.4641,44.9372],[10.5388,44.9671],[10.566,44.9995],[10.5333,45.0031],[10.4557,44.9824],[10.4685,45.0108],[10.5296,45.0396],[10.5349,45.0695],[10.5235,45.08],[10.4897,45.0567],[10.4133,45.0423],[10.4164,45.0873],[10.4801,45.0991],[10.4907,45.1357],[10.3726,45.1592],[10.3221,45.1833],[10.3178,45.2047]]]}},{"type":"Feature","id":"Massa-Carrara","properties":{"id":"Massa-Carrara","iso_code":"IT-MS","name":"Massa-Carrara","name_full":"Massa-Carrara","name_ja":"マッサ＝カッラーラ県","center_lonlat":[10.0041,44.2565]},"geometry":{"type":"Polygon","coordinates":[[[10.1433,43.9751],[10.1058,44.0168],[10.0285,44.0493],[10.0532,44.0995],[9.9899,44.1176],[9.9682,44.16],[9.8986,44.1664],[9.9022,44.1999],[9.8848,44.2044],[9.8617,44.1859],[9.8521,44.2526],[9.7518,44.3056],[9.6898,44.3577],[9.6915,44.3728],[9.7514,44.3892],[9.8356,44.4763],[9.8663,44.483],[9.9899,44.448],[10.002,44.4326],[9.9851,44.4163],[9.9913,44.4066],[10.0726,44.3521],[10.1357,44.3418],[10.1994,44.3183],[10.2539,44.2706],[10.2314,44.2288],[10.1851,44.2054],[10.1978,44.1684],[10.1856,44.1359],[10.2136,44.1187],[10.2321,44.0834],[10.2158,44.04],[10.1433,43.9751]]]}},{"type":"Feature","id":"Matera","properties":{"id":"Matera","iso_code":"IT-MT","name":"Matera","name_full":"Matera","name_ja":"マテーラ県","center_lonlat":[16.4489,40.4681]},"geometry":{"type":"MultiPolygon","coordinates":[[[[16.8633,40.3909],[16.7827,40.3016],[16.7307,40.2007],[16.64,40.1187],[16.45,40.1244],[16.4269,40.1366],[16.4134,40.1221],[16.3988,40.0555],[16.3777,40.0695],[16.3557,40.1179],[16.3942,40.1577],[16.351,40.207],[16.3746,40.3099],[16.331,40.3065],[16.3193,40.2801],[16.3028,40.2736],[16.2154,40.2657],[16.184,40.2849],[16.1529,40.3737],[16.109,40.4032],[16.1075,40.4162],[16.1365,40.4452],[16.0958,40.5293],[16.1192,40.5827],[16.0528,40.6323],[16.0562,40.6564],[16.1458,40.6957],[16.1492,40.7225],[16.1172,40.7699],[16.1215,40.7961],[16.2454,40.8375],[16.3404,40.7521],[16.4201,40.7033],[16.5093,40.7612],[16.5411,40.7305],[16.5496,40.7355],[16.538,40.7576],[16.5746,40.7493],[16.5869,40.7623],[16.6912,40.7357],[16.7157,40.7154],[16.6966,40.6972],[16.72,40.674],[16.7113,40.5515],[16.7309,40.4775],[16.7456,40.467],[16.7863,40.4735],[16.8633,40.3909]]],[[[15.9733,40.6505],[15.9832,40.6468],[15.9845,40.6058],[15.9646,40.6083],[15.9398,40.6381],[15.9733,40.6505]]]]}},{"type":"Feature","id":"Medio Campidano","properties":{"id":"Medio Campidano","iso_code":"IT-VS","name":"Medio Campidano","name_full":"Medio Campidano","name_ja":"メディオ・カンピダーノ県","center_lonlat":[8.7491,39.563]},"geometry":{"type":"Polygon","coordinates":[[[8.3981,39.4465],[8.3869,39.4698],[8.4634,39.5769],[8.4422,39.7147],[8.4461,39.7625],[8.4686,39.755],[8.5169,39.7021],[8.5485,39.6979],[8.6034,39.6899],[8.6607,39.6382],[8.7516,39.6323],[8.8623,39.6782],[8.9408,39.7849],[9.0033,39.7605],[9.0731,39.7427],[9.0422,39.6395],[8.9957,39.5463],[9.0101,39.4877],[8.968,39.4568],[8.9784,39.422],[8.93,39.3995],[8.7822,39.4037],[8.6993,39.3749],[8.6433,39.3833],[8.5306,39.4794],[8.4198,39.4675],[8.3981,39.4465]]]}},{"type":"Feature","id":"Messina","properties":{"id":"Messina","iso_code":"IT-ME","name":"Messina","name_full":"Messina","name_ja":"メッシーナ県","center_lonlat":[14.9426,38.0226]},"geometry":{"type":"MultiPolygon","coordinates":[[[[14.1796,38.0257],[14.3312,38.018],[14.4319,38.0494],[14.4641,38.0372],[14.5117,38.0444],[14.6346,38.0815],[14.7337,38.1576],[14.7981,38.1603],[14.9071,38.1877],[14.945,38.1818],[14.9697,38.1592],[15.049,38.1518],[15.0879,38.1282],[15.1774,38.1563],[15.2407,38.2412],[15.2372,38.2648],[15.2454,38.2172],[15.2918,38.207],[15.3997,38.2326],[15.5287,38.3026],[15.6516,38.2753],[15.5697,38.227],[15.5599,38.1998],[15.5759,38.2002],[15.5003,38.0849],[15.3926,37.9761],[15.2599,37.8078],[15.144,37.8981],[14.9795,37.8927],[14.929,37.9566],[14.8663,37.9324],[14.8309,37.9632],[14.8175,37.9482],[14.7692,37.9424],[14.7615,37.9048],[14.7329,37.8812],[14.7373,37.8549],[14.7637,37.8653],[14.7858,37.8558],[14.7993,37.8354],[14.796,37.8152],[14.7422,37.8182],[14.6717,37.7995],[14.6029,37.8083],[14.5606,37.8392],[14.5745,37.8641],[14.5613,37.876],[14.5044,37.8502],[14.4933,37.8106],[14.4755,37.801],[14.4569,37.8089],[14.4476,37.8436],[14.4219,37.8595],[14.2799,37.8402],[14.2691,37.8803],[14.2764,37.9208],[14.2389,37.9478],[14.1796,38.0257]]],[[[14.9077,38.4739],[14.9006,38.4987],[14.9248,38.5224],[14.9579,38.522],[14.9588,38.5019],[14.9793,38.4875],[14.9526,38.4814],[14.9663,38.4534],[14.9487,38.4509],[14.9077,38.4739]]],[[[14.8633,38.549],[14.8617,38.5393],[14.7938,38.5716],[14.815,38.5838],[14.867,38.5811],[14.877,38.5695],[14.8633,38.549]]],[[[14.9663,38.4329],[14.9663,38.4187],[14.9937,38.403],[15.0073,38.3777],[14.9868,38.3641],[14.9483,38.3964],[14.9453,38.4123],[14.9663,38.4329]]],[[[15.2278,38.8103],[15.2375,38.796],[15.2175,38.773],[15.187,38.789],[15.2278,38.8103]]],[[[14.576,38.5766],[14.5855,38.5574],[14.5516,38.5616],[14.5425,38.5869],[14.576,38.5766]]]]}},{"type":"Feature","id":"Milan","properties":{"id":"Milan","iso_code":"IT-MI","name":"Milan","name_full":"Milan","name_ja":"ミラノ県","center_lonlat":[9.1199,45.4641]},"geometry":{"type":"Polygon","coordinates":[[[9.4964,45.6453],[9.5177,45.6242],[9.5324,45.5806],[9.5301,45.5417],[9.5103,45.512],[9.4735,45.4512],[9.4527,45.4703],[9.4199,45.4523],[9.4148,45.4074],[9.3802,45.3897],[9.3615,45.3598],[9.378,45.3063],[9.3388,45.3129],[9.3091,45.3279],[9.2204,45.3276],[9.1713,45.2991],[9.043,45.3036],[9.0134,45.3265],[8.9884,45.3216],[9.0104,45.279],[8.983,45.265],[8.8647,45.3593],[8.832,45.4082],[8.7724,45.4937],[8.7206,45.5182],[8.7052,45.5568],[8.7468,45.5642],[8.7951,45.6023],[8.837,45.5684],[8.9269,45.6159],[8.9731,45.6156],[8.976,45.5876],[8.9884,45.5794],[9.0405,45.5809],[9.0637,45.5935],[9.053,45.6232],[9.1078,45.6227],[9.112,45.5856],[9.1739,45.5911],[9.3243,45.539],[9.3305,45.5584],[9.3726,45.5576],[9.4611,45.5993],[9.4964,45.6453]]]}},{"type":"Feature","id":"Modena","properties":{"id":"Modena","iso_code":"IT-MO","name":"Modena","name_full":"Modena","name_ja":"モデナ県","center_lonlat":[10.8887,44.5341]},"geometry":{"type":"Polygon","coordinates":[[[10.4712,44.2246],[10.512,44.2782],[10.5341,44.3531],[10.6155,44.3763],[10.6256,44.4129],[10.6518,44.4315],[10.6738,44.4709],[10.7617,44.5361],[10.7851,44.6347],[10.8229,44.6706],[10.8085,44.7128],[10.8397,44.7901],[10.8151,44.8072],[10.8435,44.8588],[10.8762,44.8717],[10.8878,44.914],[10.9748,44.9359],[10.9994,44.9534],[11.0831,44.9619],[11.1634,44.9315],[11.257,44.9473],[11.2349,44.906],[11.3362,44.8692],[11.3686,44.8426],[11.3235,44.8325],[11.2933,44.8027],[11.1495,44.792],[11.1296,44.7808],[11.0781,44.647],[11.1317,44.6013],[11.1363,44.5682],[11.118,44.5344],[11.0728,44.529],[11.0493,44.474],[11.0081,44.4623],[10.9924,44.4444],[11.0428,44.4171],[11.0245,44.3689],[11.039,44.34],[11.0336,44.3151],[10.9533,44.2969],[10.9678,44.2458],[10.9369,44.2156],[10.855,44.2309],[10.8521,44.206],[10.8135,44.1693],[10.8159,44.1135],[10.7074,44.162],[10.636,44.1535],[10.6105,44.1257],[10.5704,44.1256],[10.5223,44.1555],[10.4816,44.1898],[10.4712,44.2246]]]}},{"type":"Feature","id":"Monza and Brianza","properties":{"id":"Monza and Brianza","iso_code":"IT-MB","name":"Monza and Brianza","name_full":"Monza and Brianza","name_ja":"モンツァ・エ・ブリアンツァ県","center_lonlat":[9.2698,45.6337]},"geometry":{"type":"Polygon","coordinates":[[[9.4828,45.6718],[9.4964,45.6453],[9.4611,45.5993],[9.3726,45.5576],[9.3305,45.5584],[9.3243,45.539],[9.1739,45.5911],[9.112,45.5856],[9.1078,45.6227],[9.053,45.6232],[9.0587,45.6614],[9.0657,45.6848],[9.1107,45.6954],[9.1851,45.6645],[9.2022,45.7068],[9.2472,45.7426],[9.2827,45.7352],[9.3152,45.666],[9.347,45.671],[9.3722,45.6552],[9.4113,45.6727],[9.4329,45.6512],[9.4828,45.6718]]]}},{"type":"Feature","id":"Naples","properties":{"id":"Naples","iso_code":"IT-NA","name":"Naples","name_full":"Naples","name_ja":"ナポリ県","center_lonlat":[14.3617,40.8553]},"geometry":{"type":"MultiPolygon","coordinates":[[[[14.4714,40.6247],[14.422,40.6155],[14.3426,40.5706],[14.3298,40.5845],[14.3377,40.6244],[14.3874,40.6369],[14.4442,40.686],[14.4764,40.6951],[14.4741,40.7297],[14.4426,40.7551],[14.3944,40.7616],[14.2942,40.8388],[14.2236,40.8314],[14.2035,40.8012],[14.0825,40.8313],[14.0825,40.7835],[14.0477,40.7896],[14.0445,40.8742],[14.0101,40.9368],[14.1251,40.9815],[14.1612,40.9518],[14.2729,40.947],[14.2925,40.9689],[14.2935,40.9922],[14.3149,41.0048],[14.4736,40.9816],[14.5145,40.9855],[14.5307,40.9952],[14.5313,41.0134],[14.572,41.0095],[14.5826,40.9429],[14.6689,40.9089],[14.6538,40.894],[14.5797,40.8992],[14.5782,40.8748],[14.6055,40.8476],[14.5698,40.842],[14.5842,40.8014],[14.5253,40.7776],[14.5101,40.7566],[14.5189,40.7364],[14.5701,40.723],[14.5825,40.6998],[14.5761,40.6753],[14.5496,40.6459],[14.4926,40.6495],[14.4714,40.6247]]],[[[13.9447,40.7016],[13.8901,40.6942],[13.8491,40.7153],[13.8701,40.7487],[13.8628,40.7624],[13.9658,40.7351],[13.9658,40.7153],[13.9447,40.7016]]]]}},{"type":"Feature","id":"Novara","properties":{"id":"Novara","iso_code":"IT-NO","name":"Novara","name_full":"Novara","name_ja":"ノヴァーラ県","center_lonlat":[8.5513,45.5707]},"geometry":{"type":"Polygon","coordinates":[[[8.3499,45.7724],[8.3788,45.7994],[8.3807,45.8422],[8.4158,45.8381],[8.4608,45.8689],[8.5,45.8339],[8.5544,45.8444],[8.5984,45.826],[8.5671,45.8018],[8.5685,45.7895],[8.609,45.7345],[8.6489,45.7172],[8.6489,45.6809],[8.677,45.6729],[8.6824,45.6444],[8.6646,45.6357],[8.6974,45.603],[8.7052,45.5568],[8.7206,45.5182],[8.7724,45.4937],[8.832,45.4082],[8.735,45.3755],[8.7573,45.3571],[8.7145,45.3332],[8.7027,45.3048],[8.6638,45.3126],[8.6256,45.357],[8.5722,45.3667],[8.5465,45.3642],[8.5126,45.3135],[8.4715,45.3259],[8.4704,45.3358],[8.4996,45.3477],[8.4922,45.3738],[8.4498,45.3847],[8.4099,45.4123],[8.3914,45.6062],[8.3105,45.6971],[8.3837,45.7082],[8.3847,45.725],[8.3499,45.7724]]]}},{"type":"Feature","id":"Nuoro","properties":{"id":"Nuoro","iso_code":"IT-NU","name":"Nuoro","name_full":"Nuoro","name_ja":"ヌーオロ県","center_lonlat":[9.3007,40.3022]},"geometry":{"type":"Polygon","coordinates":[[[9.7488,40.6603],[9.7565,40.5952],[9.7819,40.582],[9.8267,40.5196],[9.7617,40.3907],[9.7124,40.3664],[9.6346,40.2826],[9.6272,40.2245],[9.5772,40.1973],[9.526,40.2186],[9.5159,40.192],[9.4815,40.1701],[9.4272,40.1028],[9.3003,40.0426],[9.2947,40.0254],[9.3191,40.0084],[9.318,39.9857],[9.2839,39.958],[9.2804,39.9173],[9.2018,39.9039],[9.2002,39.8262],[9.1593,39.8296],[9.1554,39.8665],[9.0031,39.9174],[8.9882,39.9321],[9.0073,39.9892],[8.9578,39.9979],[8.9565,40.0292],[8.9853,40.0525],[9.0267,40.0375],[9.045,40.0628],[8.9927,40.2075],[8.9648,40.2152],[8.7678,40.198],[8.6889,40.2104],[8.6716,40.2226],[8.6619,40.2549],[8.6187,40.2762],[8.6108,40.3015],[8.6203,40.3188],[8.6588,40.3067],[8.7103,40.3413],[8.8056,40.3627],[8.8174,40.3752],[8.8161,40.4058],[8.8318,40.4141],[8.8584,40.3924],[8.9413,40.3728],[9.0279,40.3053],[9.0591,40.3326],[9.1833,40.3711],[9.2005,40.4001],[9.2228,40.4096],[9.2407,40.4547],[9.2806,40.4858],[9.2584,40.5052],[9.1992,40.5054],[9.1895,40.5368],[9.3191,40.5502],[9.3848,40.5874],[9.424,40.6535],[9.5037,40.6484],[9.6021,40.6987],[9.6379,40.6956],[9.6717,40.6662],[9.7036,40.6772],[9.7488,40.6603]]]}},{"type":"Feature","id":"Ogliastra","properties":{"id":"Ogliastra","iso_code":"IT-OG","name":"Ogliastra","name_full":"Ogliastra","name_ja":"オリアストラ県","center_lonlat":[9.5154,39.8961]},"geometry":{"type":"Polygon","coordinates":[[[9.6272,40.2245],[9.6546,40.1446],[9.7323,40.0839],[9.6873,39.9612],[9.6966,39.9338],[9.7178,39.9338],[9.6843,39.8942],[9.6831,39.8655],[9.6966,39.8519],[9.6703,39.7938],[9.6763,39.7181],[9.6511,39.6525],[9.6463,39.5491],[9.596,39.5729],[9.5511,39.5755],[9.473,39.6329],[9.4195,39.6326],[9.3994,39.6498],[9.398,39.688],[9.3465,39.6858],[9.3491,39.706],[9.3856,39.7405],[9.3582,39.7565],[9.3544,39.7756],[9.3084,39.7982],[9.2779,39.8387],[9.2804,39.9173],[9.2839,39.958],[9.318,39.9857],[9.3191,40.0084],[9.2947,40.0254],[9.3003,40.0426],[9.4272,40.1028],[9.4815,40.1701],[9.5159,40.192],[9.526,40.2186],[9.5772,40.1973],[9.6272,40.2245]]]}},{"type":"Feature","id":"Olbia-Tempio","properties":{"id":"Olbia-Tempio","iso_code":"IT-OT","name":"Olbia-Tempio","name_full":"Olbia-Tempio","name_ja":"オルビア＝テンピオ県","center_lonlat":[9.292,40.8913]},"geometry":{"type":"MultiPolygon","coordinates":[[[[8.8112,40.9408],[8.888,41.0163],[8.8811,41.0237],[8.9227,41.0368],[9.0055,41.1219],[9.1078,41.1395],[9.1356,41.1603],[9.1419,41.1528],[9.1634,41.1841],[9.1711,41.2429],[9.2306,41.2626],[9.2681,41.2366],[9.2674,41.202],[9.2783,41.195],[9.2853,41.2217],[9.2853,41.195],[9.3125,41.2012],[9.333,41.1876],[9.3352,41.2117],[9.3882,41.1807],[9.4224,41.1807],[9.4087,41.1603],[9.4429,41.133],[9.4429,41.092],[9.4701,41.1261],[9.4566,41.1404],[9.4691,41.1462],[9.5081,41.1404],[9.5239,41.1497],[9.5247,41.133],[9.5664,41.1193],[9.5459,41.0777],[9.5391,41.092],[9.5119,41.0163],[9.5322,41.0163],[9.5247,41.0305],[9.5431,41.0369],[9.5576,41.0251],[9.5527,41.0095],[9.6157,41.0196],[9.6626,41.0026],[9.6512,40.9911],[9.6043,41.0026],[9.5876,40.9958],[9.5664,40.9486],[9.5711,40.9349],[9.5042,40.9269],[9.512,40.9152],[9.5391,40.9206],[9.5733,40.9064],[9.6421,40.9206],[9.6141,40.8934],[9.6558,40.876],[9.6633,40.8582],[9.6831,40.8654],[9.724,40.8449],[9.681,40.8298],[9.6898,40.8108],[9.6579,40.7999],[9.6688,40.7904],[9.6698,40.8015],[9.7039,40.7594],[9.7488,40.6603],[9.7036,40.6772],[9.6717,40.6662],[9.6379,40.6956],[9.6021,40.6987],[9.5037,40.6484],[9.424,40.6535],[9.3848,40.5874],[9.3191,40.5502],[9.1895,40.5368],[9.1938,40.6187],[9.1766,40.6545],[9.1597,40.6622],[9.1178,40.6467],[9.01,40.6828],[9.0271,40.7731],[8.9934,40.8418],[8.9005,40.8635],[8.9031,40.8872],[8.9507,40.888],[8.9811,40.903],[8.9849,40.9193],[8.9666,40.9528],[8.9355,40.9571],[8.8812,40.9332],[8.8112,40.9408]]],[[[9.4309,41.2248],[9.4353,41.217],[9.3953,41.2106],[9.377,41.2133],[9.3731,41.2299],[9.4142,41.2624],[9.4274,41.2541],[9.4309,41.2248]]],[[[9.4748,41.2361],[9.4749,41.1793],[9.4644,41.1727],[9.437,41.1859],[9.46,41.2424],[9.4748,41.2361]]]]}},{"type":"Feature","id":"Oristano","properties":{"id":"Oristano","iso_code":"IT-OR","name":"Oristano","name_full":"Oristano","name_ja":"オリスターノ県","center_lonlat":[8.7205,39.9885]},"geometry":{"type":"Polygon","coordinates":[[[8.5485,39.6979],[8.5658,39.7011],[8.5044,39.7215],[8.5453,39.7829],[8.5181,39.7625],[8.5521,39.8208],[8.5453,39.8786],[8.4942,39.9124],[8.4631,39.9141],[8.4354,39.899],[8.4634,39.899],[8.4354,39.8581],[8.4375,39.8768],[8.3945,39.9127],[8.3945,39.9884],[8.4071,40.0222],[8.3945,40.0362],[8.3772,40.0338],[8.4014,40.0499],[8.4686,40.0622],[8.49,40.1045],[8.4634,40.1632],[8.4596,40.216],[8.4761,40.2921],[8.4413,40.3314],[8.386,40.3518],[8.3921,40.4123],[8.4517,40.3979],[8.5103,40.4232],[8.6203,40.3188],[8.6108,40.3015],[8.6187,40.2762],[8.6619,40.2549],[8.6716,40.2226],[8.6889,40.2104],[8.7678,40.198],[8.9648,40.2152],[8.9927,40.2075],[9.045,40.0628],[9.0267,40.0375],[8.9853,40.0525],[8.9565,40.0292],[8.9578,39.9979],[9.0073,39.9892],[8.9882,39.9321],[9.0031,39.9174],[9.1554,39.8665],[9.1593,39.8296],[9.1013,39.8317],[9.0629,39.8165],[9.0033,39.7605],[8.9408,39.7849],[8.8623,39.6782],[8.7516,39.6323],[8.6607,39.6382],[8.6034,39.6899],[8.5485,39.6979]]]}},{"type":"Feature","id":"Padua","properties":{"id":"Padua","iso_code":"IT-PD","name":"Padua","name_full":"Padua","name_ja":"パドヴァ県","center_lonlat":[11.8107,45.3548]},"geometry":{"type":"Polygon","coordinates":[[[12.1491,45.2922],[12.1807,45.258],[12.1994,45.2746],[12.2019,45.2474],[12.1608,45.2189],[12.1525,45.1942],[12.0973,45.2057],[11.9875,45.1906],[11.9619,45.1432],[11.84,45.1389],[11.7538,45.0987],[11.5668,45.1292],[11.4883,45.1113],[11.4186,45.1318],[11.4261,45.1425],[11.4007,45.2301],[11.406,45.2523],[11.4872,45.2659],[11.5428,45.2463],[11.6024,45.2439],[11.6159,45.2534],[11.617,45.2671],[11.5814,45.2967],[11.6261,45.3333],[11.6167,45.387],[11.7459,45.4882],[11.7305,45.5556],[11.7066,45.5589],[11.6582,45.5389],[11.6707,45.5855],[11.646,45.6063],[11.6494,45.6354],[11.7113,45.6763],[11.8218,45.6871],[11.8706,45.6707],[11.9055,45.6247],[11.9693,45.6118],[12.0096,45.6413],[12.0474,45.6453],[12.069,45.6401],[12.0924,45.5984],[12.0708,45.5763],[12.0347,45.5687],[12.0291,45.5361],[11.9815,45.4707],[11.9883,45.4551],[12.0271,45.4561],[12.0239,45.4326],[11.9759,45.3977],[12.0334,45.3602],[12.0167,45.343],[12.0368,45.3151],[12.0834,45.3267],[12.1491,45.2922]]]}},{"type":"Feature","id":"Palermo","properties":{"id":"Palermo","iso_code":"IT-PA","name":"Palermo","name_full":"Palermo","name_ja":"パレルモ県","center_lonlat":[13.59,37.8691]},"geometry":{"type":"MultiPolygon","coordinates":[[[[12.9761,38.0442],[13.0697,38.0911],[13.0547,38.1418],[13.0894,38.166],[13.0838,38.1747],[13.1009,38.1901],[13.2072,38.1761],[13.2303,38.1846],[13.239,38.207],[13.3181,38.2206],[13.3284,38.2002],[13.3719,38.1728],[13.3914,38.1032],[13.5135,38.1105],[13.5413,38.0941],[13.5409,38.0675],[13.5575,38.0491],[13.6511,38.001],[13.7119,37.9879],[13.7051,37.9805],[13.8127,37.9779],[14.0205,38.0494],[14.0833,38.0238],[14.1796,38.0257],[14.2389,37.9478],[14.2764,37.9208],[14.2691,37.8803],[14.2799,37.8402],[14.2598,37.8091],[14.2613,37.7882],[14.292,37.7575],[14.2862,37.7328],[14.2648,37.703],[14.1738,37.6714],[14.1349,37.6168],[14.0601,37.643],[13.9966,37.5901],[13.9565,37.5855],[13.9065,37.6069],[13.8815,37.6756],[13.8364,37.6946],[13.8033,37.7335],[13.7734,37.7254],[13.7324,37.683],[13.6795,37.6984],[13.644,37.655],[13.5996,37.644],[13.4449,37.6477],[13.3865,37.6118],[13.3818,37.5919],[13.4041,37.5707],[13.3995,37.5569],[13.3563,37.5393],[13.3261,37.5962],[13.3497,37.6571],[13.3375,37.6635],[13.2415,37.6225],[13.1872,37.6851],[13.134,37.6988],[13.0752,37.6959],[13.0275,37.7407],[13.0885,37.7703],[13.0793,37.7939],[13.0865,37.8117],[13.0819,37.8206],[13.0311,37.8137],[12.968,37.824],[12.9463,37.8433],[12.9507,37.8745],[12.9351,37.8826],[12.9384,37.904],[13.0193,37.9069],[13.0482,37.954],[13.0017,37.9975],[12.9761,38.0442]],[[14.0197,37.6758],[14.0665,37.6798],[14.0879,37.7017],[14.0684,37.7197],[14.0402,37.7194],[14.0114,37.6902],[14.0197,37.6758]]],[[[13.1505,37.6421],[13.1789,37.6254],[13.1454,37.6146],[13.1505,37.6421]]],[[[13.1693,38.7173],[13.1974,38.7083],[13.1768,38.693],[13.1535,38.6948],[13.1693,38.7173]]]]}},{"type":"Feature","id":"Parma","properties":{"id":"Parma","iso_code":"IT-PR","name":"Parma","name_full":"Parma","name_ja":"パルマ県","center_lonlat":[10.047,44.6698]},"geometry":{"type":"Polygon","coordinates":[[[10.0719,45.0375],[10.1835,45.0466],[10.3504,44.984],[10.3992,44.9913],[10.4436,44.9367],[10.5015,44.9194],[10.4631,44.8939],[10.4645,44.853],[10.4343,44.7952],[10.4356,44.7091],[10.3918,44.554],[10.2197,44.4063],[10.15,44.3678],[10.1357,44.3418],[10.0726,44.3521],[9.9913,44.4066],[9.9851,44.4163],[10.002,44.4326],[9.9899,44.448],[9.8663,44.483],[9.8356,44.4763],[9.7514,44.3892],[9.6915,44.3728],[9.6898,44.3577],[9.6514,44.4062],[9.5985,44.4272],[9.5124,44.429],[9.4764,44.4125],[9.4361,44.4199],[9.4527,44.472],[9.4911,44.5057],[9.4913,44.551],[9.6053,44.6287],[9.6569,44.6795],[9.6769,44.6842],[9.702,44.6713],[9.7651,44.6812],[9.7663,44.7064],[9.8148,44.7486],[9.8697,44.7648],[9.8952,44.8105],[9.9899,44.8549],[10.007,44.8718],[9.994,44.9507],[10.0719,45.0375]]]}},{"type":"Feature","id":"Pavia","properties":{"id":"Pavia","iso_code":"IT-PV","name":"Pavia","name_full":"Pavia","name_ja":"パヴィーア県","center_lonlat":[9.0326,45.1102]},"geometry":{"type":"Polygon","coordinates":[[[8.832,45.4082],[8.8647,45.3593],[8.983,45.265],[9.0104,45.279],[8.9884,45.3216],[9.0134,45.3265],[9.043,45.3036],[9.1713,45.2991],[9.2204,45.3276],[9.3091,45.3279],[9.3388,45.3129],[9.3338,45.276],[9.312,45.2466],[9.3519,45.2453],[9.4387,45.1876],[9.5316,45.1653],[9.546,45.1327],[9.5419,45.086],[9.5006,45.1031],[9.425,45.1012],[9.3065,44.9249],[9.3046,44.8917],[9.3583,44.8565],[9.3552,44.8265],[9.3059,44.7588],[9.3195,44.7036],[9.2749,44.6961],[9.2514,44.7157],[9.2421,44.683],[9.2014,44.6821],[9.2022,44.7322],[9.1567,44.8067],[9.0857,44.8203],[9.0596,44.8371],[9.0475,44.8526],[9.0533,44.8805],[8.9775,44.9333],[8.9639,44.9762],[8.8824,45.0005],[8.8808,45.0526],[8.8504,45.0584],[8.7741,45.0276],[8.6691,45.0248],[8.6455,45.0412],[8.6076,45.108],[8.5566,45.1648],[8.5577,45.196],[8.534,45.2176],[8.5334,45.2413],[8.4984,45.2919],[8.5126,45.3135],[8.5465,45.3642],[8.5722,45.3667],[8.6256,45.357],[8.6638,45.3126],[8.7027,45.3048],[8.7145,45.3332],[8.7573,45.3571],[8.735,45.3755],[8.832,45.4082]]]}},{"type":"Feature","id":"Perugia","properties":{"id":"Perugia","iso_code":"IT-PG","name":"Perugia","name_full":"Perugia","name_ja":"ペルージャ県","center_lonlat":[12.5277,43.065]},"geometry":{"type":"MultiPolygon","coordinates":[[[[11.9317,42.8717],[11.9514,42.8933],[11.932,42.9199],[11.9395,42.9554],[11.9778,43.0464],[11.9635,43.0731],[11.9332,43.0638],[11.9184,43.1181],[11.9527,43.1738],[12.0096,43.1969],[12.0374,43.2547],[12.0967,43.2455],[12.2132,43.291],[12.1985,43.3188],[12.1735,43.2968],[12.1387,43.3],[12.1326,43.3573],[12.0808,43.3719],[12.0737,43.4112],[12.0371,43.4165],[12.1313,43.4775],[12.1295,43.4963],[12.0976,43.5183],[12.1375,43.5316],[12.2048,43.6168],[12.286,43.5916],[12.3589,43.6194],[12.3531,43.5738],[12.3097,43.5667],[12.3091,43.5521],[12.3926,43.5224],[12.4317,43.5384],[12.4883,43.522],[12.6089,43.4289],[12.6386,43.4436],[12.6911,43.4343],[12.7127,43.4539],[12.7582,43.4612],[12.7465,43.3788],[12.7912,43.3197],[12.7957,43.2785],[12.8517,43.2061],[12.8568,43.1756],[12.8339,43.1464],[12.8374,43.1325],[12.8677,43.1218],[12.8928,43.0939],[12.9071,42.9715],[12.9647,42.9268],[12.9721,42.8887],[12.9905,42.8928],[12.9886,42.9157],[13.0431,42.9193],[13.1372,42.8495],[13.1504,42.8236],[13.2243,42.8477],[13.2471,42.8265],[13.2561,42.7923],[13.2489,42.7678],[13.2035,42.7598],[13.1945,42.7346],[13.1833,42.7152],[13.1878,42.6903],[13.1539,42.6451],[13.1188,42.646],[13.0593,42.6238],[13.0176,42.6316],[12.9993,42.6089],[12.902,42.6096],[12.8718,42.6592],[12.8431,42.6717],[12.7492,42.6329],[12.7336,42.6022],[12.7141,42.5999],[12.704,42.626],[12.6229,42.6833],[12.5921,42.7457],[12.5573,42.711],[12.4982,42.7327],[12.4428,42.6897],[12.4008,42.7065],[12.367,42.676],[12.3502,42.6794],[12.3487,42.7266],[12.3368,42.7418],[12.2981,42.748],[12.2906,42.7673],[12.3271,42.8578],[12.3283,42.8888],[12.3009,42.9148],[12.0683,42.9385],[12.0157,42.9087],[11.9985,42.8773],[11.9545,42.8642],[11.9317,42.8717]]],[[[12.4298,43.6315],[12.4448,43.6011],[12.4212,43.5897],[12.4076,43.6101],[12.4298,43.6315]]]]}},{"type":"Feature","id":"Pesaro and Urbino","properties":{"id":"Pesaro and Urbino","iso_code":"IT-PU","name":"Pesaro and Urbino","name_full":"Pesaro and Urbino","name_ja":"ペーザロ・エ・ウルビーノ県","center_lonlat":[12.6715,43.7049]},"geometry":{"type":"Polygon","coordinates":[[[12.4831,43.9292],[12.5423,43.9035],[12.555,43.8752],[12.5878,43.8954],[12.6216,43.8466],[12.675,43.8433],[12.7407,43.8978],[12.7372,43.9309],[12.7538,43.9724],[12.804,43.9669],[12.9289,43.9158],[13.1772,43.7515],[13.0674,43.7214],[13.058,43.6886],[12.9921,43.6492],[12.9691,43.6062],[12.9298,43.592],[12.908,43.5633],[12.7582,43.4612],[12.7127,43.4539],[12.6911,43.4343],[12.6386,43.4436],[12.6089,43.4289],[12.4883,43.522],[12.4317,43.5384],[12.3926,43.5224],[12.3091,43.5521],[12.3097,43.5667],[12.3531,43.5738],[12.3589,43.6194],[12.286,43.5916],[12.2048,43.6168],[12.1958,43.6534],[12.2777,43.6897],[12.3019,43.7289],[12.3248,43.6834],[12.3544,43.7111],[12.3576,43.7226],[12.2858,43.7689],[12.285,43.7947],[12.335,43.8279],[12.3515,43.87],[12.3877,43.8838],[12.4133,43.8739],[12.4211,43.8952],[12.4605,43.8953],[12.4831,43.9292]],[[12.4212,43.5897],[12.4448,43.6011],[12.4298,43.6315],[12.4076,43.6101],[12.4212,43.5897]]]}},{"type":"Feature","id":"Pescara","properties":{"id":"Pescara","iso_code":"IT-PE","name":"Pescara","name_full":"Pescara","name_ja":"ペスカーラ県","center_lonlat":[13.9863,42.3327]},"geometry":{"type":"Polygon","coordinates":[[[14.1513,42.5316],[14.2572,42.4461],[14.2284,42.4168],[14.1902,42.4336],[14.1675,42.4262],[14.1165,42.3382],[14.0774,42.3274],[14.0736,42.3141],[14.1255,42.2317],[14.0916,42.1901],[14.1132,42.1573],[14.1141,42.1119],[14.0854,42.0867],[14.0017,42.0758],[13.9601,42.1183],[13.8893,42.163],[13.8175,42.1405],[13.7954,42.1512],[13.7952,42.1751],[13.8094,42.1903],[13.8056,42.2349],[13.8115,42.2471],[13.8326,42.2462],[13.8436,42.2693],[13.8069,42.3746],[13.7654,42.4201],[13.8251,42.4952],[13.872,42.4873],[13.8987,42.5095],[13.9391,42.5008],[13.9572,42.529],[13.9946,42.5405],[14.0542,42.5323],[14.0789,42.5457],[14.1191,42.5291],[14.1513,42.5316]]]}},{"type":"Feature","id":"Piacenza","properties":{"id":"Piacenza","iso_code":"IT-PC","name":"Piacenza","name_full":"Piacenza","name_ja":"ピアチェンツァ県","center_lonlat":[9.625,44.8701]},"geometry":{"type":"Polygon","coordinates":[[[10.0719,45.0375],[9.994,44.9507],[10.007,44.8718],[9.9899,44.8549],[9.8952,44.8105],[9.8697,44.7648],[9.8148,44.7486],[9.7663,44.7064],[9.7651,44.6812],[9.702,44.6713],[9.6769,44.6842],[9.6569,44.6795],[9.6053,44.6287],[9.4913,44.551],[9.408,44.5962],[9.3605,44.5819],[9.2904,44.6093],[9.2031,44.6138],[9.2014,44.6821],[9.2421,44.683],[9.2514,44.7157],[9.2749,44.6961],[9.3195,44.7036],[9.3059,44.7588],[9.3552,44.8265],[9.3583,44.8565],[9.3046,44.8917],[9.3065,44.9249],[9.425,45.1012],[9.5006,45.1031],[9.5419,45.086],[9.546,45.1327],[9.5904,45.1126],[9.6404,45.1261],[9.6369,45.0939],[9.6814,45.0753],[9.7525,45.082],[9.7522,45.108],[9.7645,45.1148],[9.8337,45.0683],[9.8302,45.0963],[9.8959,45.0919],[9.8829,45.1341],[9.9231,45.1301],[9.916,45.108],[9.9979,45.1247],[10.0215,45.1101],[10.0719,45.0375]]]}},{"type":"Feature","id":"Pisa","properties":{"id":"Pisa","iso_code":"IT-PI","name":"Pisa","name_full":"Pisa","name_ja":"ピサ県","center_lonlat":[10.6672,43.5043]},"geometry":{"type":"Polygon","coordinates":[[[10.2934,43.5791],[10.2618,43.8161],[10.4207,43.8247],[10.4476,43.802],[10.4452,43.7742],[10.4795,43.7556],[10.6037,43.7576],[10.665,43.806],[10.7111,43.7863],[10.7935,43.719],[10.8659,43.7304],[10.8891,43.7085],[10.9106,43.6513],[10.8894,43.628],[10.8197,43.6134],[10.8363,43.5842],[10.8352,43.5312],[10.8605,43.472],[10.9521,43.4522],[11.0048,43.3832],[10.9981,43.3472],[10.9604,43.3331],[10.9534,43.3176],[10.9945,43.2694],[10.9946,43.2532],[10.981,43.2346],[10.9353,43.2405],[10.9341,43.2026],[10.9116,43.1626],[10.8418,43.1525],[10.8008,43.1598],[10.7769,43.1414],[10.7403,43.1481],[10.7173,43.1085],[10.711,43.1261],[10.6457,43.1582],[10.6354,43.1754],[10.6451,43.1924],[10.6818,43.1973],[10.6689,43.2536],[10.7017,43.303],[10.6784,43.3096],[10.5851,43.2905],[10.5414,43.3183],[10.5379,43.3589],[10.496,43.3877],[10.4959,43.4623],[10.4711,43.5499],[10.4971,43.6083],[10.4905,43.6324],[10.4675,43.6363],[10.2934,43.5791]]]}},{"type":"Feature","id":"Pistoia","properties":{"id":"Pistoia","iso_code":"IT-PT","name":"Pistoia","name_full":"Pistoia","name_ja":"ピストイア県","center_lonlat":[10.848,43.9688]},"geometry":{"type":"Polygon","coordinates":[[[10.6105,44.1257],[10.636,44.1535],[10.7074,44.162],[10.8159,44.1135],[10.9232,44.068],[10.9907,44.14],[11.0044,44.1407],[11.0173,44.1335],[11.0013,44.1127],[11.0079,44.1041],[11.0483,44.0924],[11.0516,44.0681],[11.0158,43.9954],[11.0357,43.9957],[11.0627,43.9739],[11.0257,43.9316],[11.0158,43.8697],[11.0244,43.8463],[10.9641,43.8125],[10.9476,43.8211],[10.9058,43.7994],[10.8553,43.796],[10.8133,43.8179],[10.7747,43.8013],[10.7278,43.8141],[10.6922,43.8622],[10.6451,43.8793],[10.6687,43.9749],[10.7063,44.0147],[10.7322,44.0239],[10.7338,44.0405],[10.702,44.094],[10.6105,44.1257]]]}},{"type":"Feature","id":"Pordenone","properties":{"id":"Pordenone","iso_code":"IT-PN","name":"Pordenone","name_full":"Pordenone","name_ja":"ポルデノーネ県","center_lonlat":[12.6928,46.1075]},"geometry":{"type":"Polygon","coordinates":[[[12.5001,46.4042],[12.5384,46.3634],[12.5931,46.363],[12.642,46.3393],[12.7503,46.341],[12.8012,46.357],[12.8611,46.3492],[12.8848,46.3333],[12.9657,46.3289],[12.978,46.2561],[12.946,46.2042],[12.9548,46.1784],[12.9057,45.962],[12.9174,45.9118],[12.9729,45.8692],[12.9729,45.8426],[12.9468,45.8193],[12.8946,45.8258],[12.8701,45.8468],[12.8267,45.8244],[12.792,45.8562],[12.699,45.8036],[12.6728,45.8021],[12.6389,45.8321],[12.6031,45.8262],[12.5642,45.842],[12.5263,45.9204],[12.4478,45.9597],[12.4224,46.0431],[12.4442,46.0827],[12.4992,46.1066],[12.495,46.1557],[12.4628,46.1784],[12.4529,46.2097],[12.3828,46.2299],[12.3359,46.2695],[12.3704,46.3063],[12.4447,46.3377],[12.5001,46.4042]]]}},{"type":"Feature","id":"Potenza","properties":{"id":"Potenza","iso_code":"IT-PZ","name":"Potenza","name_full":"Potenza","name_ja":"ポテンツァ県","center_lonlat":[15.8831,40.5173]},"geometry":{"type":"Polygon","coordinates":[[[15.7458,39.9246],[15.728,39.9642],[15.6467,40.0469],[15.6643,40.067],[15.6498,40.0808],[15.6968,40.1386],[15.6956,40.1661],[15.7755,40.2198],[15.7891,40.2618],[15.717,40.3184],[15.7013,40.3796],[15.5984,40.4285],[15.5433,40.4778],[15.5396,40.52],[15.5176,40.5647],[15.4466,40.6023],[15.4873,40.647],[15.4876,40.6619],[15.4352,40.6794],[15.3862,40.7183],[15.3689,40.8022],[15.3443,40.8207],[15.3658,40.8439],[15.3692,40.899],[15.4709,40.9018],[15.5367,40.9333],[15.5779,41.011],[15.5586,41.0551],[15.5617,41.0861],[15.5964,41.1094],[15.7711,41.1046],[15.8583,41.1368],[15.8961,41.1028],[15.9625,41.0803],[16.0313,41.0169],[16.0117,40.9746],[15.9818,40.962],[15.9876,40.9499],[16.11,40.9042],[16.1597,40.9227],[16.1966,40.9114],[16.2454,40.8375],[16.1215,40.7961],[16.1172,40.7699],[16.1492,40.7225],[16.1458,40.6957],[16.0562,40.6564],[16.0528,40.6323],[16.1192,40.5827],[16.0958,40.5293],[16.1365,40.4452],[16.1075,40.4162],[16.109,40.4032],[16.1529,40.3737],[16.184,40.2849],[16.2154,40.2657],[16.3028,40.2736],[16.3193,40.2801],[16.331,40.3065],[16.3746,40.3099],[16.351,40.207],[16.3942,40.1577],[16.3557,40.1179],[16.3777,40.0695],[16.3988,40.0555],[16.3873,40.0],[16.344,39.9352],[16.3586,39.9207],[16.3543,39.9008],[16.3077,39.9359],[16.2627,39.9422],[16.1974,39.9145],[16.0689,39.9067],[16.011,39.954],[16.0213,39.9869],[15.982,39.9789],[15.9464,40.0056],[15.9159,40.0022],[15.9035,39.9855],[15.8583,40.0082],[15.8411,40.004],[15.7765,39.9653],[15.7458,39.9246]],[[15.9845,40.6058],[15.9832,40.6468],[15.9398,40.6381],[15.9646,40.6083],[15.9845,40.6058]]]}},{"type":"Feature","id":"Prato","properties":{"id":"Prato","iso_code":"IT-PO","name":"Prato","name_full":"Prato","name_ja":"プラート県","center_lonlat":[11.0917,43.9517]},"geometry":{"type":"Polygon","coordinates":[[[11.2001,44.1047],[11.2072,44.091],[11.1895,44.0696],[11.1897,44.0241],[11.1586,43.9285],[11.1354,43.895],[11.1469,43.8615],[11.0623,43.817],[11.057,43.7591],[10.9779,43.7854],[10.9641,43.8125],[11.0244,43.8463],[11.0158,43.8697],[11.0257,43.9316],[11.0627,43.9739],[11.0357,43.9957],[11.0158,43.9954],[11.0516,44.0681],[11.0483,44.0924],[11.2001,44.1047]]]}},{"type":"Feature","id":"Ragusa","properties":{"id":"Ragusa","iso_code":"IT-RG","name":"Ragusa","name_full":"Ragusa","name_ja":"ラグーザ県","center_lonlat":[14.682,36.909]},"geometry":{"type":"Polygon","coordinates":[[[15.0003,36.7024],[14.9824,36.6889],[14.8822,36.7307],[14.7808,36.6994],[14.7443,36.7191],[14.6846,36.726],[14.6589,36.7538],[14.5822,36.7813],[14.4873,36.7934],[14.3945,36.945],[14.3346,37.0006],[14.444,37.0529],[14.5192,37.0707],[14.5646,37.0539],[14.7045,37.1232],[14.7497,37.0991],[14.7639,37.1057],[14.7715,37.1337],[14.7937,37.132],[14.8353,37.0415],[14.9018,36.9906],[14.9241,36.939],[14.9069,36.9308],[14.8369,36.9744],[14.849,36.9292],[14.936,36.872],[14.9272,36.8516],[14.8522,36.8618],[14.8433,36.8368],[14.9856,36.7835],[15.0003,36.7024]]]}},{"type":"Feature","id":"Ravenna","properties":{"id":"Ravenna","iso_code":"IT-RA","name":"Ravenna","name_full":"Ravenna","name_ja":"ラヴェンナ県","center_lonlat":[11.9958,44.3713]},"geometry":{"type":"Polygon","coordinates":[[[12.2696,44.6298],[12.2858,44.6027],[12.2837,44.4876],[12.3182,44.3612],[12.3856,44.2285],[12.3475,44.1919],[12.2875,44.2288],[12.2188,44.2149],[12.201,44.2301],[12.2089,44.2555],[12.1735,44.2433],[12.1189,44.2656],[12.108,44.2885],[12.0645,44.3021],[12.0316,44.3303],[11.9738,44.2547],[11.9396,44.2345],[11.8865,44.1747],[11.8253,44.1953],[11.7885,44.1874],[11.7643,44.1972],[11.7293,44.1675],[11.72,44.1317],[11.6343,44.1178],[11.5882,44.1288],[11.6108,44.1523],[11.5883,44.1706],[11.5263,44.1622],[11.555,44.2174],[11.6344,44.2547],[11.6643,44.2874],[11.6717,44.3177],[11.7167,44.3069],[11.7562,44.3188],[11.8203,44.3957],[11.8197,44.4131],[11.7923,44.4304],[11.7824,44.471],[11.7424,44.5065],[11.7781,44.5199],[11.7893,44.5544],[11.8525,44.5559],[11.8796,44.5797],[11.9981,44.6008],[12.0236,44.5641],[12.0548,44.5507],[12.1777,44.5642],[12.2238,44.5837],[12.2696,44.6298]]]}},{"type":"Feature","id":"Reggio Calabria","properties":{"id":"Reggio Calabria","iso_code":"IT-RC","name":"Reggio Calabria","name_full":"Reggio Calabria","name_ja":"レッジョ・カラブリア県","center_lonlat":[16.0276,38.2411]},"geometry":{"type":"Polygon","coordinates":[[[16.5735,38.4673],[16.5614,38.4163],[16.5081,38.3715],[16.3399,38.3008],[16.1694,38.1432],[16.1255,38.0048],[16.0772,37.9399],[16.001,37.919],[15.9421,37.9331],[15.7349,37.931],[15.6658,37.9669],[15.6351,38.0091],[15.6585,38.0425],[15.624,38.0921],[15.6478,38.1431],[15.6328,38.2203],[15.6506,38.241],[15.7865,38.278],[15.8128,38.3006],[15.9144,38.5056],[16.015,38.5228],[16.0538,38.5507],[16.083,38.5547],[16.1845,38.5029],[16.249,38.4894],[16.2763,38.4412],[16.365,38.4317],[16.3849,38.4404],[16.3907,38.4623],[16.3536,38.5003],[16.3582,38.5424],[16.3847,38.568],[16.4199,38.554],[16.4343,38.5384],[16.4311,38.5103],[16.5368,38.4651],[16.5735,38.4673]]]}},{"type":"Feature","id":"Reggio Emilia","properties":{"id":"Reggio Emilia","iso_code":"IT-RE","name":"Reggio Emilia","name_full":"Reggio Emilia","name_ja":"レッジョ・エミリア県","center_lonlat":[10.5515,44.6072]},"geometry":{"type":"Polygon","coordinates":[[[10.1357,44.3418],[10.15,44.3678],[10.2197,44.4063],[10.3918,44.554],[10.4356,44.7091],[10.4343,44.7952],[10.4645,44.853],[10.4631,44.8939],[10.5015,44.9194],[10.6012,44.9224],[10.6925,44.9904],[10.7543,44.9765],[10.7645,44.9436],[10.8878,44.914],[10.8762,44.8717],[10.8435,44.8588],[10.8151,44.8072],[10.8397,44.7901],[10.8085,44.7128],[10.8229,44.6706],[10.7851,44.6347],[10.7617,44.5361],[10.6738,44.4709],[10.6518,44.4315],[10.6256,44.4129],[10.6155,44.3763],[10.5341,44.3531],[10.512,44.2782],[10.4712,44.2246],[10.4002,44.2359],[10.351,44.2749],[10.2878,44.2824],[10.2539,44.2706],[10.1994,44.3183],[10.1357,44.3418]]]}},{"type":"Feature","id":"Rieti","properties":{"id":"Rieti","iso_code":"IT-RI","name":"Rieti","name_full":"Rieti","name_ja":"リエーティ県","center_lonlat":[12.9519,42.3742]},"geometry":{"type":"Polygon","coordinates":[[[12.4651,42.3869],[12.5099,42.3894],[12.5369,42.3694],[12.5926,42.401],[12.6169,42.4656],[12.652,42.4438],[12.7222,42.454],[12.7176,42.494],[12.7552,42.5003],[12.78,42.5271],[12.8801,42.5647],[12.8792,42.5903],[12.902,42.6096],[12.9993,42.6089],[13.0176,42.6316],[13.0593,42.6238],[13.1188,42.646],[13.1539,42.6451],[13.1878,42.6903],[13.1833,42.7152],[13.1945,42.7346],[13.2744,42.7431],[13.3376,42.6877],[13.348,42.6596],[13.3863,42.6444],[13.3759,42.6038],[13.3689,42.586],[13.328,42.5731],[13.1861,42.5869],[13.168,42.5514],[13.1363,42.5423],[13.1635,42.5123],[13.1666,42.4856],[13.1285,42.4453],[13.1419,42.4153],[13.1784,42.3999],[13.1565,42.3623],[13.16,42.3408],[13.206,42.3188],[13.2275,42.2721],[13.2729,42.2287],[13.3051,42.219],[13.3204,42.195],[13.3675,42.1852],[13.3054,42.1675],[13.2955,42.1332],[13.2608,42.1386],[13.2415,42.1291],[13.0943,42.1731],[13.0733,42.1413],[13.0296,42.1156],[12.9865,42.1256],[12.9525,42.0983],[12.9205,42.1135],[12.8735,42.0999],[12.8434,42.1395],[12.7978,42.1594],[12.7759,42.1866],[12.6953,42.1465],[12.6703,42.1525],[12.6061,42.1918],[12.6111,42.2377],[12.6294,42.2222],[12.6298,42.2414],[12.6022,42.2775],[12.5846,42.2722],[12.5742,42.2911],[12.5605,42.2706],[12.5469,42.2935],[12.5204,42.2958],[12.491,42.2983],[12.4724,42.3184],[12.4861,42.3253],[12.4546,42.3528],[12.4651,42.3869]]]}},{"type":"Feature","id":"Rimini","properties":{"id":"Rimini","iso_code":"IT-RN","name":"Rimini","name_full":"Rimini","name_ja":"リミニ県","center_lonlat":[12.6135,43.9392]},"geometry":{"type":"Polygon","coordinates":[[[12.4211,43.8952],[12.4133,43.8739],[12.3877,43.8838],[12.3515,43.87],[12.335,43.8279],[12.285,43.7947],[12.2858,43.7689],[12.2138,43.763],[12.1852,43.7429],[12.1415,43.7625],[12.1022,43.759],[12.1437,43.8325],[12.1617,43.9259],[12.2449,43.9221],[12.3262,43.9586],[12.3948,44.0296],[12.3696,44.0436],[12.3654,44.0638],[12.4564,44.0943],[12.4287,44.1473],[12.458,44.1664],[12.4788,44.1394],[12.5742,44.0856],[12.6609,44.0083],[12.7538,43.9724],[12.7372,43.9309],[12.7407,43.8978],[12.675,43.8433],[12.6216,43.8466],[12.5878,43.8954],[12.555,43.8752],[12.5423,43.9035],[12.4831,43.9292],[12.4924,43.9564],[12.4822,43.9826],[12.4214,43.9672],[12.3856,43.9245],[12.4211,43.8952]],[[12.1993,43.7805],[12.2386,43.7988],[12.2382,43.8088],[12.1776,43.8217],[12.1708,43.8046],[12.1993,43.7805]]]}},{"type":"Feature","id":"Rome","properties":{"id":"Rome","iso_code":"IT-RM","name":"Rome","name_full":"Rome","name_ja":"ローマ県","center_lonlat":[12.57,41.9212]},"geometry":{"type":"Polygon","coordinates":[[[12.7744,41.4209],[12.654,41.4656],[12.6353,41.4475],[12.448,41.6308],[12.3272,41.7114],[12.2235,41.7507],[12.2062,41.8273],[12.1475,41.9035],[12.0388,41.9652],[12.0204,41.9931],[11.9822,41.9997],[11.9346,42.0315],[11.8275,42.0342],[11.7502,42.1279],[11.7398,42.1599],[11.8259,42.1474],[11.8868,42.2305],[11.9141,42.2334],[12.0325,42.1539],[12.0764,42.1604],[12.1294,42.1501],[12.173,42.1758],[12.223,42.1817],[12.2715,42.1794],[12.326,42.149],[12.3698,42.1729],[12.3829,42.2338],[12.416,42.2311],[12.4234,42.1818],[12.4824,42.221],[12.4803,42.2585],[12.5204,42.2958],[12.5469,42.2935],[12.5605,42.2706],[12.5742,42.2911],[12.5846,42.2722],[12.6022,42.2775],[12.6298,42.2414],[12.6294,42.2222],[12.6111,42.2377],[12.6061,42.1918],[12.6703,42.1525],[12.6953,42.1465],[12.7759,42.1866],[12.7978,42.1594],[12.8434,42.1395],[12.8735,42.0999],[12.9205,42.1135],[12.9525,42.0983],[12.9865,42.1256],[13.0296,42.1156],[13.012,42.1023],[13.0284,42.0319],[13.0971,42.0237],[13.2979,41.947],[13.1844,41.8482],[13.0826,41.858],[13.0614,41.8334],[13.0075,41.8149],[13.001,41.7694],[13.079,41.7209],[13.0948,41.6846],[13.1471,41.6533],[13.1569,41.5886],[13.1752,41.5836],[13.1037,41.5454],[13.0755,41.5685],[13.0201,41.5778],[13.0036,41.627],[12.9577,41.662],[12.942,41.7028],[12.9247,41.7127],[12.8535,41.7013],[12.8476,41.6407],[12.7902,41.6175],[12.747,41.5738],[12.6992,41.606],[12.6599,41.6036],[12.6498,41.6562],[12.6382,41.6641],[12.5797,41.6489],[12.56,41.6163],[12.5761,41.5825],[12.6028,41.5556],[12.7404,41.4808],[12.7744,41.4209]]]}},{"type":"Feature","id":"Rovigo","properties":{"id":"Rovigo","iso_code":"IT-RO","name":"Rovigo","name_full":"Rovigo","name_ja":"ロヴィーゴ県","center_lonlat":[11.9201,45.0155]},"geometry":{"type":"Polygon","coordinates":[[[12.3213,45.1648],[12.3285,45.101],[12.3073,45.1079],[12.3073,45.1284],[12.2967,45.0886],[12.3285,45.0799],[12.3211,45.0936],[12.3408,45.0814],[12.3762,45.039],[12.3552,45.0246],[12.3688,45.011],[12.3866,45.0388],[12.3688,45.0656],[12.4134,45.0429],[12.4103,45.0322],[12.4862,44.9765],[12.4992,44.9837],[12.4861,44.9912],[12.5026,44.9914],[12.5339,44.97],[12.5127,44.9223],[12.499,44.9215],[12.4873,44.8623],[12.4446,44.8205],[12.424,44.8546],[12.4383,44.9011],[12.4069,44.8913],[12.3916,44.8588],[12.4159,44.8436],[12.3967,44.8266],[12.424,44.8205],[12.3934,44.7935],[12.3497,44.818],[12.3365,44.8486],[12.2934,44.8648],[12.2876,44.9354],[12.2233,44.9261],[12.148,44.9334],[12.0872,44.9705],[11.9783,44.9856],[11.7973,44.9776],[11.7475,44.9567],[11.7357,44.9385],[11.6223,44.8951],[11.5249,44.94],[11.4319,44.9377],[11.4215,44.9499],[11.419,44.9669],[11.2727,45.0338],[11.2728,45.0596],[11.1957,45.0634],[11.1912,45.0909],[11.2103,45.1043],[11.3325,45.0895],[11.3859,45.053],[11.4258,45.0663],[11.4452,45.0927],[11.4111,45.1216],[11.4186,45.1318],[11.4883,45.1113],[11.5668,45.1292],[11.7538,45.0987],[11.84,45.1389],[11.9619,45.1432],[12.0287,45.1456],[12.0751,45.0928],[12.1485,45.0582],[12.1891,45.1143],[12.2284,45.1088],[12.2664,45.1209],[12.3213,45.1648]]]}},{"type":"Feature","id":"Salerno","properties":{"id":"Salerno","iso_code":"IT-SA","name":"Salerno","name_full":"Salerno","name_ja":"サレルノ県","center_lonlat":[15.2217,40.4421]},"geometry":{"type":"Polygon","coordinates":[[[15.6467,40.0469],[15.6243,40.0778],[15.5349,40.0778],[15.4101,39.994],[15.3432,40.0041],[15.3143,40.0338],[15.2612,40.0294],[15.2791,40.0477],[15.2634,40.0737],[15.1272,40.1696],[15.0472,40.1689],[15.0031,40.2103],[14.9111,40.2416],[14.9069,40.2586],[14.9391,40.3071],[14.9324,40.3337],[14.9945,40.3584],[14.9983,40.3976],[14.8888,40.5731],[14.8097,40.653],[14.7522,40.6767],[14.6904,40.6491],[14.6133,40.6459],[14.5713,40.6177],[14.5442,40.6136],[14.4866,40.6326],[14.4714,40.6247],[14.4926,40.6495],[14.5496,40.6459],[14.5761,40.6753],[14.5825,40.6998],[14.5701,40.723],[14.5189,40.7364],[14.5101,40.7566],[14.5253,40.7776],[14.5842,40.8014],[14.5698,40.842],[14.6055,40.8476],[14.668,40.8242],[14.7102,40.8484],[14.7381,40.8345],[14.7343,40.8164],[14.7623,40.8058],[14.9078,40.807],[14.9856,40.7801],[15.1117,40.7658],[15.1317,40.7591],[15.1724,40.7114],[15.2374,40.7235],[15.2525,40.7879],[15.2794,40.7994],[15.2984,40.8357],[15.3221,40.8375],[15.3443,40.8207],[15.3689,40.8022],[15.3862,40.7183],[15.4352,40.6794],[15.4876,40.6619],[15.4873,40.647],[15.4466,40.6023],[15.5176,40.5647],[15.5396,40.52],[15.5433,40.4778],[15.5984,40.4285],[15.7013,40.3796],[15.717,40.3184],[15.7891,40.2618],[15.7755,40.2198],[15.6956,40.1661],[15.6968,40.1386],[15.6498,40.0808],[15.6643,40.067],[15.6467,40.0469]]]}},{"type":"Feature","id":"Sassari","properties":{"id":"Sassari","iso_code":"IT-SS","name":"Sassari","name_full":"Sassari","name_ja":"サッサリ県","center_lonlat":[8.7021,40.6236]},"geometry":{"type":"MultiPolygon","coordinates":[[[[8.3921,40.4123],[8.3799,40.4687],[8.3656,40.4921],[8.3317,40.5107],[8.312,40.5781],[8.2915,40.5954],[8.2163,40.5706],[8.196,40.5781],[8.2163,40.6122],[8.1934,40.6175],[8.1766,40.6066],[8.1618,40.5638],[8.1473,40.5932],[8.1406,40.6252],[8.1738,40.6416],[8.1974,40.6912],[8.1338,40.7289],[8.2153,40.8814],[8.2097,40.9145],[8.1789,40.9282],[8.193,40.9638],[8.2096,40.9753],[8.2126,40.9634],[8.229,40.9626],[8.2332,40.9101],[8.2778,40.8654],[8.3102,40.8507],[8.501,40.8244],[8.5984,40.853],[8.641,40.8965],[8.7092,40.9206],[8.7644,40.9138],[8.8112,40.9408],[8.8812,40.9332],[8.9355,40.9571],[8.9666,40.9528],[8.9849,40.9193],[8.9811,40.903],[8.9507,40.888],[8.9031,40.8872],[8.9005,40.8635],[8.9934,40.8418],[9.0271,40.7731],[9.01,40.6828],[9.1178,40.6467],[9.1597,40.6622],[9.1766,40.6545],[9.1938,40.6187],[9.1895,40.5368],[9.1992,40.5054],[9.2584,40.5052],[9.2806,40.4858],[9.2407,40.4547],[9.2228,40.4096],[9.2005,40.4001],[9.1833,40.3711],[9.0591,40.3326],[9.0279,40.3053],[8.9413,40.3728],[8.8584,40.3924],[8.8318,40.4141],[8.8161,40.4058],[8.8174,40.3752],[8.8056,40.3627],[8.7103,40.3413],[8.6588,40.3067],[8.6203,40.3188],[8.5103,40.4232],[8.4517,40.3979],[8.3921,40.4123]]],[[[8.2747,41.0573],[8.2512,41.0438],[8.2464,40.9936],[8.2096,40.9958],[8.2289,41.0417],[8.2756,41.0698],[8.2778,41.1057],[8.3021,41.105],[8.3262,41.1261],[8.3413,41.0741],[8.2747,41.0573]]]]}},{"type":"Feature","id":"Savona","properties":{"id":"Savona","iso_code":"IT-SV","name":"Savona","name_full":"Savona","name_ja":"サヴォーナ県","center_lonlat":[8.2852,44.2854]},"geometry":{"type":"Polygon","coordinates":[[[8.6306,44.3819],[8.4661,44.3043],[8.4445,44.2839],[8.4497,44.2644],[8.4119,44.227],[8.4082,44.1935],[8.3945,44.1824],[8.3135,44.1605],[8.2565,44.1284],[8.2332,44.1036],[8.2163,44.0452],[8.1527,43.9832],[8.168,43.9565],[8.1302,43.9403],[8.0931,43.9789],[7.9998,44.0003],[7.9922,44.0213],[8.0386,44.0672],[8.0021,44.1184],[7.9833,44.1386],[7.9865,44.1524],[8.0066,44.1645],[8.0485,44.1588],[8.0797,44.1903],[8.0692,44.3078],[8.139,44.3532],[8.1641,44.3994],[8.2058,44.4224],[8.211,44.4457],[8.1956,44.4746],[8.2209,44.5181],[8.2498,44.5346],[8.2655,44.5217],[8.3533,44.4806],[8.4088,44.5159],[8.5642,44.5162],[8.5997,44.4912],[8.6508,44.4887],[8.6683,44.4554],[8.5877,44.4247],[8.6028,44.3958],[8.6306,44.3819]]]}},{"type":"Feature","id":"Siena","properties":{"id":"Siena","iso_code":"IT-SI","name":"Siena","name_full":"Siena","name_ja":"シエーナ県","center_lonlat":[11.4549,43.1932]},"geometry":{"type":"Polygon","coordinates":[[[11.9527,43.1738],[11.9184,43.1181],[11.9332,43.0638],[11.9635,43.0731],[11.9778,43.0464],[11.9395,42.9554],[11.932,42.9199],[11.9514,42.8933],[11.9317,42.8717],[11.889,42.8504],[11.8009,42.8111],[11.7692,42.8204],[11.7472,42.7985],[11.635,42.7998],[11.6197,42.929],[11.6119,42.9479],[11.5754,42.9672],[11.5417,42.964],[11.508,42.9801],[11.4494,42.954],[11.3968,42.9668],[11.3589,42.9996],[11.361,43.0833],[11.2895,43.0797],[11.2165,43.0925],[11.1576,43.0803],[11.1255,43.0911],[11.0893,43.0848],[11.0602,43.1222],[11.0595,43.1765],[11.0396,43.1926],[10.9116,43.1626],[10.9341,43.2026],[10.9353,43.2405],[10.981,43.2346],[10.9946,43.2532],[10.9945,43.2694],[10.9534,43.3176],[10.9604,43.3331],[10.9981,43.3472],[11.0048,43.3832],[10.9521,43.4522],[10.9654,43.5139],[11.0275,43.5419],[11.0824,43.5198],[11.1244,43.4751],[11.1756,43.5171],[11.1873,43.5174],[11.2055,43.4805],[11.2478,43.5007],[11.2788,43.5386],[11.2985,43.5192],[11.3627,43.5257],[11.3975,43.5482],[11.4529,43.5158],[11.475,43.4831],[11.5366,43.4519],[11.5393,43.3873],[11.659,43.3208],[11.6906,43.2734],[11.7521,43.236],[11.8274,43.2212],[11.8839,43.1603],[11.9069,43.1733],[11.9527,43.1738]]]}},{"type":"Feature","id":"Sondrio","properties":{"id":"Sondrio","iso_code":"IT-SO","name":"Sondrio","name_full":"Sondrio","name_ja":"ソンドリオ県","center_lonlat":[9.9148,46.2975]},"geometry":{"type":"Polygon","coordinates":[[[9.2248,46.2312],[9.2752,46.3314],[9.2609,46.4167],[9.238,46.4365],[9.2632,46.4851],[9.2823,46.4974],[9.3508,46.4979],[9.3516,46.4855],[9.3846,46.4664],[9.4346,46.4983],[9.4444,46.3753],[9.4826,46.3568],[9.5026,46.3207],[9.5365,46.2986],[9.6743,46.2918],[9.7084,46.3117],[9.7201,46.3509],[9.7681,46.3386],[9.8554,46.367],[9.9184,46.3712],[9.964,46.3561],[9.9776,46.2981],[10.0317,46.2601],[10.0427,46.2205],[10.0757,46.22],[10.1458,46.2433],[10.1589,46.2624],[10.0918,46.329],[10.105,46.3614],[10.1332,46.3811],[10.1334,46.414],[10.0421,46.4327],[10.0263,46.4463],[10.044,46.467],[10.0281,46.4839],[10.0328,46.533],[10.0712,46.5644],[10.0878,46.6044],[10.2179,46.627],[10.2338,46.618],[10.2347,46.5753],[10.2954,46.5511],[10.4259,46.5353],[10.4518,46.5467],[10.4884,46.4974],[10.5693,46.4809],[10.6247,46.4545],[10.6387,46.4111],[10.6323,46.3863],[10.6074,46.3698],[10.5519,46.3644],[10.5279,46.3426],[10.5096,46.3365],[10.4712,46.3546],[10.4459,46.3481],[10.367,46.2931],[10.3179,46.2774],[10.291,46.2213],[10.1785,46.173],[10.1538,46.1348],[10.1781,46.0764],[10.1695,46.057],[10.0972,46.0571],[10.0969,46.0909],[9.9272,46.0626],[9.8887,46.0448],[9.7496,46.0625],[9.6259,46.0515],[9.5792,46.022],[9.5269,46.0114],[9.504,46.0492],[9.5093,46.0628],[9.4204,46.0929],[9.4142,46.1368],[9.4246,46.16],[9.4408,46.2145],[9.3736,46.212],[9.3288,46.235],[9.2248,46.2312]]]}},{"type":"Feature","id":"Syracuse","properties":{"id":"Syracuse","iso_code":"IT-SR","name":"Syracuse","name_full":"Syracuse","name_ja":"シラクーザ県","center_lonlat":[15.0314,37.0784]},"geometry":{"type":"Polygon","coordinates":[[[15.0925,37.3588],[15.1107,37.3218],[15.2175,37.285],[15.252,37.2577],[15.2612,37.2338],[15.2449,37.2462],[15.2202,37.2202],[15.2217,37.2375],[15.2054,37.2447],[15.1929,37.24],[15.1991,37.2276],[15.1834,37.2075],[15.2165,37.1552],[15.2476,37.1587],[15.2292,37.1496],[15.2466,37.1182],[15.3032,37.1012],[15.3027,37.0625],[15.2879,37.069],[15.2837,37.0484],[15.3211,37.0402],[15.3324,37.0116],[15.3089,37.0178],[15.2681,37.0004],[15.2681,36.9731],[15.1747,36.9441],[15.1584,36.9242],[15.094,36.7995],[15.1343,36.6752],[15.0939,36.6549],[15.0003,36.7024],[14.9856,36.7835],[14.8433,36.8368],[14.8522,36.8618],[14.9272,36.8516],[14.936,36.872],[14.849,36.9292],[14.8369,36.9744],[14.9069,36.9308],[14.9241,36.939],[14.9018,36.9906],[14.8353,37.0415],[14.7937,37.132],[14.8387,37.129],[14.8675,37.1838],[14.8559,37.2023],[14.8197,37.1957],[14.777,37.2169],[14.7878,37.2397],[14.8573,37.2711],[14.8702,37.2934],[14.8673,37.3149],[14.8433,37.3246],[14.8075,37.317],[14.7878,37.3335],[14.8512,37.386],[14.9239,37.4108],[14.9814,37.3736],[15.0315,37.3775],[15.0925,37.3588]]]}},{"type":"Feature","id":"Taranto","properties":{"id":"Taranto","iso_code":"IT-TA","name":"Taranto","name_full":"Taranto","name_ja":"ターラント県","center_lonlat":[17.1997,40.5417]},"geometry":{"type":"Polygon","coordinates":[[[17.764,40.2934],[17.4939,40.3074],[17.4404,40.331],[17.3994,40.331],[17.2002,40.4204],[17.243,40.4414],[17.2479,40.4573],[17.2276,40.4744],[17.2957,40.4732],[17.3233,40.4985],[17.2617,40.4887],[17.2686,40.4962],[17.2474,40.5028],[17.19,40.4819],[17.156,40.5124],[17.0496,40.5191],[16.9761,40.4926],[16.8633,40.3909],[16.7863,40.4735],[16.7456,40.467],[16.7309,40.4775],[16.7113,40.5515],[16.72,40.674],[16.6966,40.6972],[16.7157,40.7154],[16.7861,40.7322],[16.8122,40.6935],[16.8621,40.7215],[16.9231,40.7009],[16.9464,40.7437],[16.9969,40.7639],[17.0137,40.7554],[17.0246,40.7161],[17.1249,40.7094],[17.1446,40.7094],[17.165,40.747],[17.2085,40.7634],[17.2576,40.7649],[17.3251,40.7425],[17.3537,40.7486],[17.4039,40.6972],[17.4316,40.6314],[17.4621,40.6147],[17.4484,40.5549],[17.4904,40.4826],[17.5177,40.4739],[17.5523,40.4369],[17.5678,40.4349],[17.6015,40.4641],[17.6341,40.4597],[17.7142,40.4063],[17.7809,40.3938],[17.7985,40.3796],[17.764,40.2934]]]}},{"type":"Feature","id":"Teramo","properties":{"id":"Teramo","iso_code":"IT-TE","name":"Teramo","name_full":"Teramo","name_ja":"テーラモ県","center_lonlat":[13.7243,42.646]},"geometry":{"type":"Polygon","coordinates":[[[13.9055,42.9016],[13.9447,42.7983],[14.0012,42.6984],[14.0754,42.5988],[14.1513,42.5316],[14.1191,42.5291],[14.0789,42.5457],[14.0542,42.5323],[13.9946,42.5405],[13.9572,42.529],[13.9391,42.5008],[13.8987,42.5095],[13.872,42.4873],[13.8251,42.4952],[13.7654,42.4201],[13.7386,42.4378],[13.5846,42.4517],[13.5316,42.4441],[13.5115,42.4708],[13.4363,42.5094],[13.3759,42.6038],[13.3863,42.6444],[13.348,42.6596],[13.3376,42.6877],[13.4298,42.7017],[13.4437,42.7288],[13.4901,42.7441],[13.5364,42.8112],[13.5706,42.8021],[13.665,42.8114],[13.6913,42.8239],[13.7191,42.863],[13.9055,42.9016]]]}},{"type":"Feature","id":"Terni","properties":{"id":"Terni","iso_code":"IT-TR","name":"Terni","name_full":"Terni","name_ja":"テルニ県","center_lonlat":[12.369,42.6604]},"geometry":{"type":"Polygon","coordinates":[[[12.902,42.6096],[12.8792,42.5903],[12.8801,42.5647],[12.78,42.5271],[12.7552,42.5003],[12.7176,42.494],[12.7222,42.454],[12.652,42.4438],[12.6169,42.4656],[12.5926,42.401],[12.5369,42.3694],[12.5099,42.3894],[12.4651,42.3869],[12.4311,42.3931],[12.4515,42.421],[12.4174,42.4285],[12.3936,42.4625],[12.3428,42.4919],[12.3007,42.4899],[12.2838,42.5062],[12.2715,42.5661],[12.2455,42.5855],[12.2358,42.6476],[12.1524,42.6758],[12.1287,42.6573],[12.0251,42.6456],[11.9488,42.6917],[11.928,42.7166],[11.9735,42.7603],[11.9331,42.7911],[11.889,42.8504],[11.9317,42.8717],[11.9545,42.8642],[11.9985,42.8773],[12.0157,42.9087],[12.0683,42.9385],[12.3009,42.9148],[12.3283,42.8888],[12.3271,42.8578],[12.2906,42.7673],[12.2981,42.748],[12.3368,42.7418],[12.3487,42.7266],[12.3502,42.6794],[12.367,42.676],[12.4008,42.7065],[12.4428,42.6897],[12.4982,42.7327],[12.5573,42.711],[12.5921,42.7457],[12.6229,42.6833],[12.704,42.626],[12.7141,42.5999],[12.7336,42.6022],[12.7492,42.6329],[12.8431,42.6717],[12.8718,42.6592],[12.902,42.6096]]]}},{"type":"Feature","id":"Trapani","properties":{"id":"Trapani","iso_code":"IT-TP","name":"Trapani","name_full":"Trapani","name_ja":"トラーパニ県","center_lonlat":[12.7374,37.8449]},"geometry":{"type":"MultiPolygon","coordinates":[[[[12.8939,37.5733],[12.6594,37.5651],[12.5778,37.652],[12.5236,37.6584],[12.489,37.6827],[12.4274,37.8093],[12.465,37.8228],[12.4787,37.8812],[12.4641,37.9129],[12.5029,37.9971],[12.4929,38.0214],[12.5763,38.0717],[12.6084,38.0624],[12.6516,38.0915],[12.6624,38.1163],[12.7046,38.1108],[12.7254,38.1259],[12.7199,38.1755],[12.7318,38.1928],[12.7378,38.181],[12.7609,38.181],[12.8184,38.0779],[12.8696,38.0425],[12.9011,38.0281],[12.9761,38.0442],[13.0017,37.9975],[13.0482,37.954],[13.0193,37.9069],[12.9384,37.904],[12.9351,37.8826],[12.9507,37.8745],[12.9463,37.8433],[12.968,37.824],[13.0311,37.8137],[13.0819,37.8206],[13.0865,37.8117],[13.0793,37.7939],[13.0885,37.7703],[13.0275,37.7407],[12.9833,37.736],[12.9061,37.689],[12.8939,37.6627],[12.9133,37.646],[12.8939,37.5733]]],[[[11.9995,36.8359],[12.0515,36.7904],[12.0535,36.7676],[12.0306,36.7414],[11.9612,36.7652],[11.925,36.812],[11.9222,36.8284],[11.9461,36.8417],[11.9873,36.8242],[11.9995,36.8359]]],[[[12.2732,37.9395],[12.3142,37.9464],[12.3688,37.9252],[12.3577,37.914],[12.2997,37.9193],[12.2732,37.9395]]],[[[12.0723,37.9679],[12.0793,37.9503],[12.0476,37.9608],[12.0304,37.9844],[12.0536,37.9924],[12.0723,37.9679]]]]}},{"type":"Feature","id":"Trentino","properties":{"id":"Trentino","iso_code":"IT-TN","name":"Trentino","name_full":"Trentino","name_ja":"トレン","center_lonlat":[11.1311,46.1384]},"geometry":{"type":"Polygon","coordinates":[[[11.8322,46.504],[11.8342,46.4838],[11.8808,46.4714],[11.8957,46.4548],[11.861,46.4271],[11.8482,46.381],[11.8029,46.3662],[11.7992,46.3532],[11.848,46.3079],[11.8535,46.2737],[11.8929,46.2719],[11.9246,46.2531],[11.9204,46.2228],[11.9707,46.1892],[11.8842,46.1282],[11.8107,46.1069],[11.7069,46.0994],[11.7047,46.0534],[11.6845,46.0303],[11.6848,45.9843],[11.6034,45.9778],[11.5721,46.0106],[11.541,46.016],[11.3875,45.9789],[11.383,45.9448],[11.359,45.9229],[11.3147,45.9394],[11.2745,45.915],[11.2005,45.8109],[11.2019,45.7913],[11.1825,45.7784],[11.1849,45.7547],[11.1307,45.6996],[11.0113,45.7146],[10.9834,45.6927],[10.9318,45.6819],[10.8941,45.7142],[10.8725,45.7178],[10.8773,45.7579],[10.8995,45.79],[10.8846,45.8169],[10.8449,45.8341],[10.8087,45.8454],[10.6874,45.8453],[10.6653,45.8115],[10.5847,45.7942],[10.5609,45.8004],[10.559,45.8244],[10.5229,45.8413],[10.5069,45.8822],[10.5195,45.9167],[10.5001,45.9652],[10.4591,45.985],[10.5152,46.082],[10.5569,46.1124],[10.5654,46.1885],[10.5902,46.2334],[10.5777,46.3127],[10.5279,46.3426],[10.5519,46.3644],[10.6074,46.3698],[10.6323,46.3863],[10.6387,46.4111],[10.6247,46.4545],[10.6575,46.4495],[10.7452,46.4849],[10.7627,46.4843],[10.7975,46.4469],[10.8399,46.4307],[10.9974,46.4792],[11.0511,46.446],[11.0643,46.458],[11.0553,46.5156],[11.0859,46.5236],[11.1176,46.4938],[11.1454,46.4872],[11.2021,46.504],[11.2145,46.4693],[11.2018,46.3392],[11.1538,46.2662],[11.1752,46.2359],[11.2172,46.2239],[11.3282,46.2935],[11.3707,46.269],[11.4085,46.3245],[11.4549,46.3348],[11.4766,46.3596],[11.5378,46.3537],[11.5774,46.3681],[11.6412,46.4727],[11.6841,46.5077],[11.7784,46.5101],[11.8118,46.5303],[11.8322,46.504]]]}},{"type":"Feature","id":"Trentino-South Tyrol","properties":{"id":"Trentino-South Tyrol","iso_code":"IT-BZ","name":"Trentino-South Tyrol","name_full":"Trentino-South Tyrol","name_ja":"トレンティーノ＝アルト・アディジェ州","center_lonlat":[11.4058,46.6938]},"geometry":{"type":"Polygon","coordinates":[[[10.4518,46.5467],[10.4659,46.5785],[10.4591,46.6236],[10.3956,46.6388],[10.3692,46.6724],[10.3944,46.7008],[10.3997,46.7355],[10.4287,46.7556],[10.4172,46.7989],[10.4449,46.8232],[10.4538,46.8644],[10.4863,46.8464],[10.5277,46.8432],[10.6471,46.8638],[10.739,46.8295],[10.7487,46.8194],[10.7169,46.7952],[10.7229,46.7864],[10.8341,46.7802],[10.8704,46.7641],[10.9969,46.7691],[11.0528,46.8149],[11.0919,46.9124],[11.1745,46.9639],[11.3138,46.9873],[11.4112,46.9705],[11.4718,47.0071],[11.5244,46.9883],[11.5965,47.0004],[11.6838,46.9919],[11.7349,46.9706],[11.8995,47.0277],[12.015,47.0405],[12.1162,47.0766],[12.1806,47.0852],[12.2042,47.0797],[12.2036,47.0533],[12.1217,47.0105],[12.1112,46.993],[12.1417,46.928],[12.1269,46.9089],[12.1722,46.8992],[12.1951,46.8801],[12.2666,46.8681],[12.2758,46.8463],[12.2691,46.7886],[12.3427,46.7651],[12.3704,46.7112],[12.405,46.6901],[12.4696,46.6758],[12.3992,46.6397],[12.3887,46.6194],[12.3407,46.6282],[12.2081,46.5949],[12.1779,46.6348],[12.0946,46.6683],[12.022,46.5394],[11.8322,46.504],[11.8118,46.5303],[11.7784,46.5101],[11.6841,46.5077],[11.6412,46.4727],[11.5774,46.3681],[11.5378,46.3537],[11.4766,46.3596],[11.4549,46.3348],[11.4085,46.3245],[11.3707,46.269],[11.3282,46.2935],[11.2172,46.2239],[11.1752,46.2359],[11.1538,46.2662],[11.2018,46.3392],[11.2145,46.4693],[11.2021,46.504],[11.1454,46.4872],[11.1176,46.4938],[11.0859,46.5236],[11.0553,46.5156],[11.0643,46.458],[11.0511,46.446],[10.9974,46.4792],[10.8399,46.4307],[10.7975,46.4469],[10.7627,46.4843],[10.7452,46.4849],[10.6575,46.4495],[10.6247,46.4545],[10.5693,46.4809],[10.4884,46.4974],[10.4518,46.5467]]]}},{"type":"Feature","id":"Treviso","properties":{"id":"Treviso","iso_code":"IT-TV","name":"Treviso","name_full":"Treviso","name_ja":"トレヴィーゾ県","center_lonlat":[12.2219,45.7973]},"geometry":{"type":"Polygon","coordinates":[[[12.4224,46.0431],[12.4478,45.9597],[12.5263,45.9204],[12.5642,45.842],[12.6031,45.8262],[12.6389,45.8321],[12.6728,45.8021],[12.663,45.7019],[12.4987,45.6766],[12.4718,45.6413],[12.4336,45.6318],[12.4354,45.586],[12.419,45.5745],[12.3439,45.5831],[12.2856,45.566],[12.2721,45.5405],[12.2432,45.5334],[12.2201,45.5428],[12.1886,45.5843],[12.0924,45.5984],[12.069,45.6401],[12.0474,45.6453],[12.0096,45.6413],[11.9693,45.6118],[11.9055,45.6247],[11.8706,45.6707],[11.8218,45.6871],[11.8135,45.7231],[11.8298,45.7498],[11.8258,45.7739],[11.8042,45.7958],[11.7593,45.8035],[11.7415,45.8337],[11.7541,45.8551],[11.7997,45.8806],[11.8213,45.8996],[11.8613,45.8828],[11.9252,45.885],[11.9733,45.9634],[12.0631,45.9637],[12.1099,46.0027],[12.1916,46.0041],[12.3309,46.0822],[12.4224,46.0431]]]}},{"type":"Feature","id":"Trieste","properties":{"id":"Trieste","iso_code":"IT-TS","name":"Trieste","name_full":"Trieste","name_ja":"トリエステ県","center_lonlat":[13.7615,45.6863]},"geometry":{"type":"Polygon","coordinates":[[[13.5885,45.8065],[13.6603,45.792],[13.7787,45.7434],[13.8584,45.6494],[13.8947,45.6318],[13.8478,45.5847],[13.7118,45.5932],[13.7302,45.6131],[13.8081,45.6143],[13.7393,45.6491],[13.7577,45.655],[13.7537,45.6723],[13.7262,45.7038],[13.6473,45.762],[13.5833,45.7868],[13.5885,45.8065]]]}},{"type":"Feature","id":"Turin","properties":{"id":"Turin","iso_code":"IT-TO","name":"Turin","name_full":"Turin","name_ja":"トリノ県","center_lonlat":[7.4315,45.1451]},"geometry":{"type":"Polygon","coordinates":[[[7.0388,44.7121],[6.9984,44.7938],[7.0008,44.833],[6.9327,44.8617],[6.8471,44.8591],[6.7454,44.9078],[6.7279,44.9287],[6.7235,45.0134],[6.6517,45.0356],[6.6366,45.0745],[6.6027,45.1035],[6.6674,45.1396],[6.7364,45.1573],[6.8441,45.1301],[6.8767,45.1412],[6.8735,45.1659],[6.9138,45.1702],[6.9587,45.2098],[7.0297,45.2282],[7.0622,45.2185],[7.1084,45.2592],[7.0926,45.324],[7.1508,45.3832],[7.1607,45.4109],[7.0968,45.4354],[7.0754,45.4663],[7.1379,45.5117],[7.1462,45.4922],[7.2328,45.4855],[7.3855,45.5243],[7.4646,45.5742],[7.538,45.5888],[7.7313,45.5617],[7.8802,45.6027],[7.8957,45.5682],[7.8822,45.5341],[8.0275,45.4491],[8.027,45.4031],[8.0101,45.4026],[8.0245,45.3522],[7.9557,45.3281],[7.9884,45.3076],[7.9883,45.2634],[8.0505,45.1852],[8.1051,45.1865],[8.1519,45.1686],[8.129,45.123],[8.0966,45.1257],[8.0751,45.0974],[8.0289,45.1327],[7.8935,45.0903],[7.8997,45.0605],[7.9389,45.0495],[7.9427,45.0375],[7.9295,44.9865],[7.8973,44.9559],[7.8867,44.9095],[7.9434,44.8463],[7.9085,44.8276],[7.788,44.842],[7.7534,44.8151],[7.7141,44.8122],[7.6549,44.8132],[7.6426,44.8313],[7.6054,44.8341],[7.5861,44.8123],[7.4951,44.7641],[7.3579,44.7548],[7.3441,44.7807],[7.3258,44.7855],[7.0388,44.7121]]]}},{"type":"Feature","id":"Udine","properties":{"id":"Udine","iso_code":"IT-UD","name":"Udine","name_full":"Udine","name_ja":"ウーディネ県","center_lonlat":[13.1579,46.2254]},"geometry":{"type":"Polygon","coordinates":[[[12.7485,46.641],[12.8304,46.6096],[13.1465,46.585],[13.2311,46.5522],[13.478,46.5636],[13.5068,46.5469],[13.701,46.5197],[13.6775,46.4521],[13.6002,46.4426],[13.53,46.3883],[13.4341,46.3539],[13.3913,46.3016],[13.3653,46.2903],[13.4101,46.208],[13.4374,46.2109],[13.4228,46.2286],[13.4683,46.2234],[13.5102,46.214],[13.559,46.1841],[13.6374,46.1804],[13.645,46.1617],[13.6164,46.125],[13.5051,46.066],[13.4823,46.0448],[13.49,46.0256],[13.4618,46.0064],[13.4649,45.9899],[13.4375,45.9665],[13.4036,45.8894],[13.4324,45.7788],[13.4226,45.7241],[13.3817,45.73],[13.3694,45.7446],[13.2549,45.756],[13.2155,45.7788],[13.1694,45.7687],[13.1497,45.7515],[13.1193,45.772],[13.1082,45.7582],[13.1229,45.7372],[13.0806,45.7276],[13.0696,45.7137],[13.075,45.6968],[13.0915,45.6892],[13.1497,45.7038],[13.0956,45.6523],[13.0019,45.782],[12.9993,45.8255],[12.9729,45.8426],[12.9729,45.8692],[12.9174,45.9118],[12.9057,45.962],[12.9548,46.1784],[12.946,46.2042],[12.978,46.2561],[12.9657,46.3289],[12.8848,46.3333],[12.8611,46.3492],[12.8012,46.357],[12.7503,46.341],[12.642,46.3393],[12.5931,46.363],[12.5384,46.3634],[12.5001,46.4042],[12.5202,46.4423],[12.5512,46.4574],[12.6699,46.4591],[12.6703,46.477],[12.6423,46.4913],[12.6464,46.5018],[12.6816,46.525],[12.7602,46.5369],[12.7485,46.641]]]}},{"type":"Feature","id":"Varese","properties":{"id":"Varese","iso_code":"IT-VA","name":"Varese","name_full":"Varese","name_ja":"ヴァレーゼ県","center_lonlat":[8.779,45.7903]},"geometry":{"type":"Polygon","coordinates":[[[8.729,46.1082],[8.7471,46.0944],[8.8089,46.0897],[8.8344,46.0664],[8.7679,45.9831],[8.871,45.9471],[8.9121,45.8834],[8.9,45.8264],[8.9089,45.8283],[8.9004,45.7847],[8.9509,45.7259],[8.9068,45.6822],[8.932,45.6512],[8.9779,45.675],[8.994,45.648],[9.0587,45.6614],[9.053,45.6232],[9.0637,45.5935],[9.0405,45.5809],[8.9884,45.5794],[8.976,45.5876],[8.9731,45.6156],[8.9269,45.6159],[8.837,45.5684],[8.7951,45.6023],[8.7468,45.5642],[8.7052,45.5568],[8.6974,45.603],[8.6646,45.6357],[8.6824,45.6444],[8.677,45.6729],[8.6489,45.6809],[8.6489,45.7172],[8.609,45.7345],[8.5685,45.7895],[8.5671,45.8018],[8.5984,45.826],[8.5905,45.9147],[8.7246,46.0161],[8.7341,46.041],[8.729,46.1082]]]}},{"type":"Feature","id":"Venice","properties":{"id":"Venice","iso_code":"IT-VE","name":"Venice","name_full":"Venice","name_ja":"ヴェネツィア県","center_lonlat":[12.5374,45.59]},"geometry":{"type":"MultiPolygon","coordinates":[[[[13.0956,45.6523],[13.0606,45.6367],[12.9439,45.6286],[12.7808,45.5535],[12.4237,45.4381],[12.4103,45.4362],[12.4358,45.4749],[12.4309,45.484],[12.4473,45.4843],[12.4514,45.4982],[12.4719,45.4859],[12.4787,45.4908],[12.465,45.5045],[12.4973,45.5067],[12.5066,45.4982],[12.4929,45.4908],[12.5151,45.4927],[12.5215,45.519],[12.5625,45.5316],[12.5817,45.5529],[12.5373,45.5358],[12.5066,45.5733],[12.4419,45.5303],[12.4514,45.5119],[12.4036,45.5181],[12.3967,45.5393],[12.3841,45.523],[12.424,45.4982],[12.3934,45.4916],[12.3805,45.4948],[12.3831,45.5045],[12.3504,45.5049],[12.2727,45.4636],[12.2461,45.4113],[12.259,45.3952],[12.2453,45.3611],[12.2238,45.3539],[12.2322,45.3406],[12.2163,45.3162],[12.1875,45.3065],[12.1545,45.3135],[12.1491,45.2922],[12.0834,45.3267],[12.0368,45.3151],[12.0167,45.343],[12.0334,45.3602],[11.9759,45.3977],[12.0239,45.4326],[12.0271,45.4561],[11.9883,45.4551],[11.9815,45.4707],[12.0291,45.5361],[12.0347,45.5687],[12.0708,45.5763],[12.0924,45.5984],[12.1886,45.5843],[12.2201,45.5428],[12.2432,45.5334],[12.2721,45.5405],[12.2856,45.566],[12.3439,45.5831],[12.419,45.5745],[12.4354,45.586],[12.4336,45.6318],[12.4718,45.6413],[12.4987,45.6766],[12.663,45.7019],[12.6728,45.8021],[12.699,45.8036],[12.792,45.8562],[12.8267,45.8244],[12.8701,45.8468],[12.8946,45.8258],[12.9468,45.8193],[12.9729,45.8426],[12.9993,45.8255],[13.0019,45.782],[13.0956,45.6523]]],[[[12.1994,45.2746],[12.1974,45.2996],[12.2173,45.2938],[12.2249,45.2512],[12.2111,45.243],[12.2305,45.2043],[12.2473,45.1969],[12.2664,45.1966],[12.259,45.2028],[12.3073,45.2307],[12.298,45.2154],[12.3213,45.1648],[12.2664,45.1209],[12.2284,45.1088],[12.1891,45.1143],[12.1485,45.0582],[12.0751,45.0928],[12.0287,45.1456],[11.9619,45.1432],[11.9875,45.1906],[12.0973,45.2057],[12.1525,45.1942],[12.1608,45.2189],[12.2019,45.2474],[12.1994,45.2746]]],[[[12.3521,45.4055],[12.3892,45.4335],[12.4309,45.4157],[12.3762,45.4226],[12.3215,45.348],[12.3521,45.4055]]],[[[12.3298,45.4588],[12.3638,45.4497],[12.3621,45.4381],[12.3206,45.4298],[12.3298,45.4588]]]]}},{"type":"Feature","id":"Verbano-Cusio-Ossola","properties":{"id":"Verbano-Cusio-Ossola","iso_code":"IT-VB","name":"Verbano-Cusio-Ossola","name_full":"Verbano-Cusio-Ossola","name_ja":"ヴェルバーノ・クジオ・オッソラ県","center_lonlat":[8.3351,46.0855]},"geometry":{"type":"Polygon","coordinates":[[[7.8496,45.9397],[7.8702,45.9404],[7.8729,45.9594],[7.8982,45.9819],[7.9858,45.9993],[8.0107,46.0297],[8.0253,46.0911],[8.1106,46.127],[8.1323,46.1594],[8.1295,46.196],[8.0731,46.2536],[8.0773,46.262],[8.1069,46.2855],[8.1926,46.3092],[8.2417,46.3541],[8.2915,46.3784],[8.295,46.418],[8.3434,46.4439],[8.3992,46.4522],[8.4416,46.4349],[8.4463,46.3822],[8.4232,46.2758],[8.4381,46.2354],[8.5103,46.2079],[8.6018,46.1228],[8.6775,46.0958],[8.729,46.1082],[8.7341,46.041],[8.7246,46.0161],[8.5905,45.9147],[8.5984,45.826],[8.5544,45.8444],[8.5,45.8339],[8.4608,45.8689],[8.4158,45.8381],[8.3807,45.8422],[8.3788,45.7994],[8.3499,45.7724],[8.3169,45.7693],[8.3288,45.828],[8.3223,45.8539],[8.2704,45.9049],[8.2104,45.9276],[8.2091,45.945],[8.0906,45.9234],[8.053,45.9338],[7.9749,45.9036],[7.9,45.9248],[7.8559,45.9193],[7.8496,45.9397]]]}},{"type":"Feature","id":"Vercelli","properties":{"id":"Vercelli","iso_code":"IT-VC","name":"Vercelli","name_full":"Vercelli","name_ja":"ヴェルチェッリ県","center_lonlat":[8.3371,45.5281]},"geometry":{"type":"Polygon","coordinates":[[[8.027,45.4031],[8.1305,45.3818],[8.1686,45.4359],[8.2099,45.4523],[8.2873,45.542],[8.2895,45.5565],[8.2632,45.5947],[8.2888,45.6449],[8.1822,45.7419],[8.1296,45.757],[8.0784,45.7209],[8.0258,45.7356],[7.9163,45.7297],[7.8747,45.7632],[7.8477,45.9077],[7.8559,45.9193],[7.9,45.9248],[7.9749,45.9036],[8.053,45.9338],[8.0906,45.9234],[8.2091,45.945],[8.2104,45.9276],[8.2704,45.9049],[8.3223,45.8539],[8.3288,45.828],[8.3169,45.7693],[8.3499,45.7724],[8.3847,45.725],[8.3837,45.7082],[8.3105,45.6971],[8.3914,45.6062],[8.4099,45.4123],[8.4498,45.3847],[8.4922,45.3738],[8.4996,45.3477],[8.4704,45.3358],[8.4715,45.3259],[8.5126,45.3135],[8.4984,45.2919],[8.5334,45.2413],[8.534,45.2176],[8.5577,45.196],[8.5566,45.1648],[8.5021,45.1806],[8.4971,45.198],[8.4047,45.2045],[8.3702,45.1973],[8.3345,45.1711],[8.2688,45.1783],[8.2208,45.1649],[8.1992,45.1761],[8.1721,45.1595],[8.1519,45.1686],[8.1051,45.1865],[8.0505,45.1852],[7.9883,45.2634],[7.9884,45.3076],[7.9557,45.3281],[8.0245,45.3522],[8.0101,45.4026],[8.027,45.4031]]]}},{"type":"Feature","id":"Verona","properties":{"id":"Verona","iso_code":"IT-VR","name":"Verona","name_full":"Verona","name_ja":"ヴェローナ県","center_lonlat":[11.0364,45.4203]},"geometry":{"type":"Polygon","coordinates":[[[11.1307,45.6996],[11.162,45.6314],[11.2283,45.6105],[11.2494,45.5475],[11.2808,45.5111],[11.3218,45.4959],[11.3275,45.4417],[11.3593,45.3569],[11.4326,45.3329],[11.4872,45.2659],[11.406,45.2523],[11.4007,45.2301],[11.4261,45.1425],[11.4186,45.1318],[11.4111,45.1216],[11.4452,45.0927],[11.4258,45.0663],[11.3859,45.053],[11.3325,45.0895],[11.2103,45.1043],[11.1624,45.1199],[11.0695,45.1027],[11.0483,45.1226],[11.054,45.1472],[11.0019,45.1551],[11.0053,45.18],[10.9873,45.1974],[10.8486,45.2631],[10.7946,45.3072],[10.7611,45.2937],[10.7402,45.316],[10.6975,45.3203],[10.7179,45.3612],[10.7021,45.3824],[10.7024,45.4228],[10.6618,45.419],[10.643,45.448],[10.6442,45.6096],[10.8449,45.8341],[10.8846,45.8169],[10.8995,45.79],[10.8773,45.7579],[10.8725,45.7178],[10.8941,45.7142],[10.9318,45.6819],[10.9834,45.6927],[11.0113,45.7146],[11.1307,45.6996]]]}},{"type":"Feature","id":"Vibo Valentia","properties":{"id":"Vibo Valentia","iso_code":"IT-VV","name":"Vibo Valentia","name_full":"Vibo Valentia","name_ja":"ヴィボ・ヴァレンツィア県","center_lonlat":[16.1616,38.6252]},"geometry":{"type":"Polygon","coordinates":[[[15.9144,38.5056],[15.916,38.5504],[15.9001,38.5783],[15.8355,38.6282],[15.8445,38.6604],[16.0026,38.7254],[16.136,38.7238],[16.1792,38.7483],[16.2137,38.8104],[16.2593,38.7981],[16.2785,38.8255],[16.3659,38.7799],[16.3722,38.7464],[16.3485,38.7304],[16.3322,38.6608],[16.3827,38.6029],[16.435,38.5716],[16.4199,38.554],[16.3847,38.568],[16.3582,38.5424],[16.3536,38.5003],[16.3907,38.4623],[16.3849,38.4404],[16.365,38.4317],[16.2763,38.4412],[16.249,38.4894],[16.1845,38.5029],[16.083,38.5547],[16.0538,38.5507],[16.015,38.5228],[15.9144,38.5056]]]}},{"type":"Feature","id":"Vicenza","properties":{"id":"Vicenza","iso_code":"IT-VI","name":"Vicenza","name_full":"Vicenza","name_ja":"ヴィチェンツァ県","center_lonlat":[11.4914,45.6729]},"geometry":{"type":"Polygon","coordinates":[[[11.1307,45.6996],[11.1849,45.7547],[11.1825,45.7784],[11.2019,45.7913],[11.2005,45.8109],[11.2745,45.915],[11.3147,45.9394],[11.359,45.9229],[11.383,45.9448],[11.3875,45.9789],[11.541,46.016],[11.5721,46.0106],[11.6034,45.9778],[11.6848,45.9843],[11.7155,45.9674],[11.7281,45.9388],[11.7844,45.919],[11.7797,45.8876],[11.7997,45.8806],[11.7541,45.8551],[11.7415,45.8337],[11.7593,45.8035],[11.8042,45.7958],[11.8258,45.7739],[11.8298,45.7498],[11.8135,45.7231],[11.8218,45.6871],[11.7113,45.6763],[11.6494,45.6354],[11.646,45.6063],[11.6707,45.5855],[11.6582,45.5389],[11.7066,45.5589],[11.7305,45.5556],[11.7459,45.4882],[11.6167,45.387],[11.6261,45.3333],[11.5814,45.2967],[11.617,45.2671],[11.6159,45.2534],[11.6024,45.2439],[11.5428,45.2463],[11.4872,45.2659],[11.4326,45.3329],[11.3593,45.3569],[11.3275,45.4417],[11.3218,45.4959],[11.2808,45.5111],[11.2494,45.5475],[11.2283,45.6105],[11.162,45.6314],[11.1307,45.6996]]]}},{"type":"Feature","id":"Viterbo","properties":{"id":"Viterbo","iso_code":"IT-VT","name":"Viterbo","name_full":"Viterbo","name_ja":"ヴィテルボ県","center_lonlat":[11.9925,42.4241]},"geometry":{"type":"Polygon","coordinates":[[[11.7398,42.1599],[11.6582,42.2794],[11.5391,42.3489],[11.4515,42.3744],[11.4871,42.4305],[11.6018,42.4474],[11.6079,42.4873],[11.5659,42.5161],[11.5855,42.5359],[11.5882,42.5661],[11.6206,42.5601],[11.6712,42.577],[11.7352,42.6162],[11.7539,42.6433],[11.7869,42.6512],[11.7889,42.711],[11.8071,42.7425],[11.7472,42.7985],[11.7692,42.8204],[11.8009,42.8111],[11.889,42.8504],[11.9331,42.7911],[11.9735,42.7603],[11.928,42.7166],[11.9488,42.6917],[12.0251,42.6456],[12.1287,42.6573],[12.1524,42.6758],[12.2358,42.6476],[12.2455,42.5855],[12.2715,42.5661],[12.2838,42.5062],[12.3007,42.4899],[12.3428,42.4919],[12.3936,42.4625],[12.4174,42.4285],[12.4515,42.421],[12.4311,42.3931],[12.4651,42.3869],[12.4546,42.3528],[12.4861,42.3253],[12.4724,42.3184],[12.491,42.2983],[12.5204,42.2958],[12.4803,42.2585],[12.4824,42.221],[12.4234,42.1818],[12.416,42.2311],[12.3829,42.2338],[12.3698,42.1729],[12.326,42.149],[12.2715,42.1794],[12.223,42.1817],[12.173,42.1758],[12.1294,42.1501],[12.0764,42.1604],[12.0325,42.1539],[11.9141,42.2334],[11.8868,42.2305],[11.8259,42.1474],[11.7398,42.1599]]]}}]}
