{"type":"FeatureCollection","features":[{"type":"Feature","id":"Hokkaido","properties":{"id":"Hokkaido","code":1,"iso_code":"JP-01","name":"Hokkaido","name_full":"Hokkai Do","name_ja":"北海道","name_short_ja":"北海道","region":"Hokkaido","region_ja":"北海道","center_lonlat":[142.572,43.3841]},"geometry":{"type":"MultiPolygon","coordinates":[[[[141.5791,45.1769],[141.5696,45.1993],[141.5716,45.2354],[141.6123,45.2775],[141.6206,45.2965],[141.6122,45.3129],[141.6218,45.3137],[141.6547,45.3503],[141.658,45.3682],[141.6379,45.3919],[141.6366,45.4013],[141.6354,45.4204],[141.6457,45.4507],[141.6836,45.4209],[141.6779,45.4067],[141.6821,45.4043],[141.6796,45.4102],[141.686,45.4109],[141.6868,45.4046],[141.6976,45.4061],[141.7072,45.3973],[141.7296,45.399],[141.7444,45.404],[141.7468,45.4147],[141.7708,45.4052],[141.796,45.4077],[141.8577,45.4348],[141.8792,45.4623],[141.8745,45.4749],[141.8798,45.4956],[141.893,45.5032],[141.8931,45.5119],[141.9432,45.5225],[141.9603,45.5128],[141.9728,45.4814],[142.0239,45.4487],[142.0253,45.4373],[142.0356,45.4314],[142.0357,45.4181],[142.0509,45.4033],[142.1696,45.3411],[142.2637,45.2467],[142.389,45.1375],[142.4757,45.0681],[142.4871,45.0608],[142.5051,45.0611],[142.4998,45.0544],[142.5086,45.041],[142.5356,45.0289],[142.5334,45.0131],[142.5425,45.0032],[142.5379,44.9992],[142.5445,44.988],[142.5853,44.9617],[142.5796,44.9561],[142.5907,44.9407],[142.5859,44.9354],[142.5888,44.9199],[142.6355,44.8849],[142.66,44.8417],[142.6804,44.8311],[142.7313,44.7689],[142.7762,44.7321],[142.8008,44.7133],[142.8187,44.7099],[142.816,44.7052],[142.8321,44.6923],[142.9292,44.6281],[142.9462,44.6019],[142.9968,44.5579],[143.0453,44.5309],[143.0629,44.5329],[143.063,44.5216],[143.0925,44.5032],[143.2255,44.4403],[143.2295,44.4273],[143.2398,44.4199],[143.3489,44.3715],[143.3664,44.3523],[143.3581,44.3541],[143.3673,44.3365],[143.4169,44.3088],[143.5597,44.2533],[143.7853,44.1811],[143.9004,44.154],[144.077,44.1247],[144.1018,44.1298],[144.1231,44.1167],[144.1899,44.1047],[144.2143,44.1031],[144.2468,44.1131],[144.2578,44.0865],[144.2525,44.0625],[144.2618,44.0581],[144.2558,44.0406],[144.2737,44.0246],[144.2888,44.0213],[144.2908,44.0168],[144.2822,44.0162],[144.282,44.0105],[144.3,43.9931],[144.2985,43.9843],[144.407,43.9451],[144.4968,43.9289],[144.6218,43.9179],[144.7109,43.9199],[144.7953,43.932],[144.8062,43.9428],[144.8354,43.9523],[144.8498,43.9746],[144.9087,44.0041],[144.9366,44.0439],[144.944,44.0397],[144.9785,44.0691],[144.9933,44.0698],[144.9917,44.0769],[145.0038,44.0782],[145.0159,44.1004],[145.0699,44.1246],[145.0802,44.1369],[145.1218,44.1593],[145.1218,44.1644],[145.192,44.1956],[145.2309,44.2532],[145.2809,44.2901],[145.2931,44.3107],[145.3043,44.3113],[145.3167,44.3355],[145.3331,44.3459],[145.3458,44.3393],[145.3428,44.3261],[145.3527,44.317],[145.348,44.3126],[145.3498,44.2962],[145.3673,44.272],[145.3668,44.2592],[145.3492,44.2439],[145.3488,44.2245],[145.3306,44.1934],[145.2883,44.1531],[145.2651,44.1391],[145.2563,44.1256],[145.2416,44.0915],[145.2458,44.0693],[145.2397,44.0587],[145.1447,43.9699],[145.0954,43.8926],[145.0997,43.8615],[145.0914,43.8365],[145.0842,43.8218],[145.0623,43.8075],[145.0605,43.7875],[145.0684,43.7532],[145.0927,43.7275],[145.1465,43.6465],[145.3259,43.597],[145.3415,43.5865],[145.3504,43.5666],[145.3452,43.5587],[145.324,43.5509],[145.2909,43.552],[145.3018,43.5547],[145.2813,43.5627],[145.3279,43.5639],[145.3398,43.5723],[145.3391,43.5811],[145.3212,43.5767],[145.3245,43.5807],[145.314,43.5817],[145.3148,43.5858],[145.3319,43.5898],[145.3092,43.6001],[145.2803,43.5921],[145.2874,43.602],[145.2708,43.5936],[145.2629,43.5967],[145.2724,43.602],[145.2451,43.5931],[145.2682,43.6062],[145.2666,43.6101],[145.1968,43.6251],[145.2022,43.6105],[145.1966,43.6005],[145.2208,43.5865],[145.2151,43.5778],[145.2468,43.522],[145.249,43.4947],[145.2753,43.4097],[145.3086,43.3597],[145.3893,43.2984],[145.3856,43.2924],[145.4081,43.2933],[145.4921,43.2669],[145.5324,43.3145],[145.5505,43.3172],[145.555,43.3212],[145.5509,43.3248],[145.5641,43.3262],[145.5872,43.3411],[145.5833,43.3468],[145.6236,43.3638],[145.6507,43.3914],[145.7214,43.3839],[145.7341,43.3942],[145.7514,43.3904],[145.7526,43.3973],[145.7629,43.3995],[145.7659,43.3916],[145.8174,43.3861],[145.8086,43.379],[145.8079,43.3707],[145.813,43.3703],[145.7559,43.338],[145.7391,43.3396],[145.7315,43.3295],[145.7209,43.3369],[145.6881,43.3273],[145.6774,43.3204],[145.6791,43.3126],[145.6465,43.3223],[145.6218,43.3166],[145.6114,43.3113],[145.6097,43.2983],[145.5984,43.2958],[145.5899,43.2783],[145.5822,43.2868],[145.5703,43.2842],[145.5496,43.2279],[145.5576,43.2203],[145.5288,43.2047],[145.5355,43.1954],[145.5303,43.1869],[145.5123,43.1902],[145.5066,43.1843],[145.5242,43.1746],[145.5218,43.1661],[145.4968,43.1593],[145.4945,43.1667],[145.5041,43.1736],[145.4869,43.1873],[145.4061,43.1862],[145.3431,43.1795],[145.319,43.1683],[145.298,43.1733],[145.2826,43.1699],[145.203,43.1367],[145.185,43.1403],[145.1715,43.151],[145.1466,43.1453],[145.1151,43.1233],[145.1103,43.1036],[145.1182,43.0813],[145.0996,43.0778],[145.0887,43.0672],[145.0877,43.0468],[145.0625,43.0408],[145.0512,43.0314],[145.0318,43.0297],[145.0251,43.0222],[145.031,43.0125],[145.0241,42.9997],[144.9962,42.9944],[144.9744,42.9822],[144.9282,42.9908],[144.9242,42.9815],[144.9061,42.9899],[144.8767,42.9868],[144.8718,42.9963],[144.8561,43.0019],[144.8597,43.0067],[144.8526,43.014],[144.8337,43.0145],[144.8358,43.0323],[144.8471,43.0432],[144.8435,43.0455],[144.8542,43.0497],[144.8221,43.0596],[144.8001,43.0591],[144.7819,43.0542],[144.7468,43.0245],[144.7227,42.9801],[144.7486,42.9564],[144.7854,42.939],[144.7747,42.9336],[144.6761,42.9397],[144.6322,42.9515],[144.5299,42.9519],[144.4865,42.9402],[144.4515,42.9445],[144.3867,42.97],[144.3654,42.9718],[144.3719,42.9764],[144.3718,42.9867],[144.3624,42.9879],[144.3596,42.9997],[144.3413,42.9946],[144.3409,42.9999],[144.3238,42.9979],[144.318,43.0063],[144.2701,43.0032],[144.1689,42.9847],[144.049,42.9416],[143.9196,42.8748],[143.5977,42.6415],[143.4576,42.5032],[143.3891,42.4158],[143.3247,42.3101],[143.3412,42.3026],[143.3247,42.3089],[143.3279,42.2963],[143.3216,42.298],[143.3201,42.2913],[143.3258,42.2889],[143.3103,42.2615],[143.3084,42.2457],[143.3204,42.2251],[143.3211,42.2099],[143.3357,42.2027],[143.3361,42.1906],[143.317,42.1218],[143.3232,42.1177],[143.3089,42.0811],[143.3124,42.0552],[143.3106,42.0483],[143.2948,42.0435],[143.2908,42.0305],[143.2754,42.0224],[143.2596,42.0032],[143.2428,41.953],[143.2502,41.9255],[143.1643,41.9831],[143.1576,42.0032],[143.1364,42.0266],[143.0667,42.0631],[143.0113,42.0814],[142.9649,42.1192],[142.9307,42.1265],[142.9218,42.1214],[142.9106,42.1326],[142.8178,42.1415],[142.7735,42.1619],[142.7621,42.1747],[142.6734,42.1919],[142.636,42.2189],[142.5856,42.2435],[142.4846,42.2713],[142.4465,42.3041],[142.4081,42.3095],[142.3718,42.3249],[142.2778,42.3772],[142.1958,42.4474],[142.1535,42.4638],[142.0758,42.4724],[142.0714,42.4783],[142.0293,42.4846],[142.0097,42.5055],[141.9859,42.5141],[141.9404,42.55],[141.9195,42.5573],[141.8996,42.5779],[141.8718,42.5903],[141.8233,42.6061],[141.8181,42.6016],[141.8108,42.6112],[141.8015,42.6023],[141.7996,42.6131],[141.7468,42.6229],[141.6729,42.6309],[141.6313,42.6286],[141.6986,42.6531],[141.696,42.6581],[141.6308,42.6371],[141.6257,42.6449],[141.6248,42.6311],[141.6153,42.6299],[141.6177,42.6243],[141.6023,42.6269],[141.4968,42.604],[141.3508,42.543],[141.208,42.4554],[141.1593,42.4423],[141.125,42.4199],[141.0929,42.3965],[141.053,42.3581],[141.0548,42.3527],[141.0452,42.3511],[141.0355,42.3365],[141.0186,42.3281],[141.008,42.3131],[141.0097,42.3058],[140.9968,42.3017],[140.9483,42.3179],[140.931,42.3365],[140.9512,42.3481],[140.9614,42.3365],[140.9715,42.3347],[140.9729,42.3251],[140.9816,42.3244],[140.9873,42.3329],[140.9808,42.3437],[141.0081,42.3483],[140.977,42.3494],[140.9872,42.3553],[140.9175,42.3698],[140.9085,42.3802],[140.9001,42.4199],[140.8718,42.4609],[140.8389,42.4707],[140.8019,42.4994],[140.7808,42.5],[140.7795,42.5141],[140.7865,42.5186],[140.7722,42.5224],[140.7732,42.5303],[140.7773,42.5289],[140.7744,42.5369],[140.7244,42.5742],[140.7122,42.5746],[140.7096,42.5839],[140.6427,42.5865],[140.5836,42.5676],[140.5349,42.589],[140.4685,42.5865],[140.4116,42.5435],[140.3718,42.5027],[140.3157,42.4199],[140.2932,42.3717],[140.2765,42.3112],[140.2765,42.2818],[140.2869,42.2532],[140.307,42.2389],[140.3405,42.2275],[140.3836,42.2241],[140.3986,42.2165],[140.4084,42.204],[140.4968,42.149],[140.516,42.1293],[140.5459,42.1154],[140.5885,42.1093],[140.6597,42.1294],[140.6904,42.127],[140.7069,42.1391],[140.7603,42.1171],[140.7739,42.0865],[140.8019,42.0775],[140.8039,42.0574],[140.8208,42.0363],[140.9081,41.9846],[140.9414,41.9351],[140.9505,41.9374],[140.9588,41.918],[141.0118,41.8943],[141.0739,41.888],[141.1482,41.8554],[141.1471,41.8322],[141.1825,41.8185],[141.1864,41.8025],[141.1579,41.7858],[141.1125,41.7869],[141.0936,41.7637],[141.0834,41.7604],[141.0747,41.7427],[141.0513,41.7326],[141.0538,41.7272],[141.0377,41.7283],[141.0308,41.7195],[141.0164,41.7229],[140.9678,41.7109],[140.9534,41.7155],[140.9307,41.7375],[140.8986,41.7485],[140.7747,41.7753],[140.7337,41.7673],[140.7191,41.7532],[140.7229,41.7459],[140.7019,41.7414],[140.6929,41.7637],[140.7023,41.7852],[140.7112,41.781],[140.7064,41.7747],[140.7169,41.7723],[140.7152,41.7673],[140.7271,41.7811],[140.7172,41.8067],[140.69,41.8205],[140.6643,41.823],[140.6411,41.8175],[140.6189,41.7982],[140.6206,41.7888],[140.6049,41.7633],[140.6021,41.7432],[140.5643,41.7292],[140.5269,41.701],[140.4807,41.7015],[140.4583,41.6964],[140.445,41.6855],[140.4349,41.6597],[140.4293,41.5865],[140.4313,41.5627],[140.4391,41.5547],[140.4296,41.5359],[140.409,41.5173],[140.3646,41.516],[140.3476,41.506],[140.3384,41.5079],[140.2593,41.4817],[140.2579,41.4702],[140.2468,41.4636],[140.2163,41.4113],[140.1995,41.3986],[140.1845,41.4024],[140.1453,41.4291],[140.1198,41.4305],[140.094,41.4254],[140.0891,41.4184],[140.0409,41.4478],[140.0285,41.4624],[140.0133,41.5084],[139.9861,41.5517],[139.9839,41.6065],[140.0019,41.6514],[140.009,41.6916],[140.062,41.7532],[140.0725,41.7735],[140.0718,41.8057],[140.0953,41.8102],[140.1046,41.8045],[140.1218,41.8218],[140.1265,41.8559],[140.1197,41.8668],[140.1112,41.8637],[140.115,41.8716],[140.1202,41.8674],[140.13,41.8714],[140.1392,41.8951],[140.1405,41.9223],[140.1275,41.9666],[140.1328,41.9759],[140.1198,42.0043],[140.1055,42.007],[140.0999,42.029],[140.0834,42.0371],[140.0868,42.0419],[140.0568,42.0834],[140.026,42.1133],[139.9902,42.1289],[139.9227,42.1335],[139.8959,42.1841],[139.8818,42.1932],[139.8812,42.2076],[139.8642,42.2195],[139.8151,42.2218],[139.8126,42.2297],[139.7969,42.2316],[139.7751,42.2601],[139.7857,42.2741],[139.7668,42.3112],[139.7818,42.3539],[139.8002,42.3605],[139.8171,42.3792],[139.8185,42.39],[139.8292,42.3935],[139.8445,42.4285],[139.8442,42.4573],[139.8524,42.463],[139.849,42.4931],[139.843,42.4995],[139.8468,42.5274],[139.8236,42.5951],[139.8285,42.5965],[139.8234,42.6138],[139.8421,42.6266],[139.8691,42.6665],[139.897,42.6797],[139.9257,42.689],[139.9889,42.6927],[140.003,42.6873],[140.046,42.6947],[140.0649,42.707],[140.0743,42.7282],[140.142,42.7532],[140.1608,42.7945],[140.1863,42.8278],[140.2049,42.8104],[140.2349,42.7971],[140.2468,42.7688],[140.2809,42.7701],[140.3055,42.7787],[140.3057,42.8288],[140.344,42.8562],[140.3769,42.8961],[140.3905,42.9232],[140.3996,42.9243],[140.4304,42.9497],[140.5224,42.9917],[140.529,43.0071],[140.5263,43.0321],[140.5067,43.0373],[140.5087,43.043],[140.4954,43.0642],[140.4868,43.0755],[140.4646,43.0865],[140.4596,43.1055],[140.4501,43.1097],[140.4423,43.128],[140.4288,43.1371],[140.4302,43.143],[140.3607,43.1807],[140.326,43.2217],[140.3366,43.2552],[140.3283,43.2595],[140.3408,43.2661],[140.3442,43.2764],[140.3369,43.2827],[140.3454,43.2837],[140.36,43.3157],[140.3466,43.3345],[140.3792,43.3305],[140.4062,43.3361],[140.4248,43.3297],[140.4604,43.346],[140.4711,43.3655],[140.4628,43.3724],[140.4968,43.3735],[140.5144,43.3576],[140.5286,43.359],[140.541,43.3403],[140.5805,43.3113],[140.6042,43.3033],[140.6069,43.2967],[140.6301,43.2983],[140.6353,43.2869],[140.6455,43.2859],[140.6367,43.2764],[140.6411,43.267],[140.7184,43.2505],[140.7354,43.2431],[140.7403,43.2344],[140.777,43.2258],[140.7763,43.2041],[140.7921,43.1954],[140.8487,43.1993],[140.8576,43.2037],[140.8548,43.2172],[140.8616,43.2186],[140.8746,43.2063],[140.914,43.2117],[140.9271,43.2279],[140.95,43.2282],[140.9825,43.2399],[141.0167,43.2396],[141.014,43.234],[141.0209,43.2247],[141.002,43.2047],[141.016,43.1944],[141.0112,43.1924],[141.1617,43.1449],[141.2328,43.1699],[141.2886,43.1981],[141.2961,43.2111],[141.296,43.2071],[141.3072,43.2136],[141.2992,43.2153],[141.3156,43.2193],[141.3531,43.2532],[141.4239,43.3289],[141.4317,43.3895],[141.4286,43.4199],[141.3586,43.5195],[141.3622,43.5404],[141.3862,43.5865],[141.3835,43.6048],[141.3653,43.6193],[141.3515,43.6449],[141.3493,43.6699],[141.331,43.7092],[141.3299,43.7253],[141.3603,43.7607],[141.3719,43.7913],[141.3879,43.8072],[141.4574,43.8365],[141.4968,43.8388],[141.509,43.8549],[141.5215,43.8599],[141.5379,43.8527],[141.5494,43.8622],[141.562,43.8601],[141.5963,43.8845],[141.6255,43.9199],[141.6343,43.9431],[141.6292,43.9459],[141.6321,43.9601],[141.6379,43.9466],[141.6477,43.9448],[141.6383,43.9541],[141.6464,43.9715],[141.6424,43.9761],[141.6579,44.0032],[141.6628,44.0376],[141.654,44.1559],[141.6578,44.2395],[141.6486,44.315],[141.6603,44.3161],[141.6745,44.3273],[141.6947,44.3691],[141.7028,44.3697],[141.7102,44.3923],[141.7468,44.4328],[141.7572,44.4575],[141.7679,44.5547],[141.7799,44.5663],[141.7874,44.5865],[141.7925,44.6437],[141.7783,44.7532],[141.7552,44.8365],[141.7234,44.9199],[141.5791,45.1769]]],[[[148.3427,45.2912],[148.3427,45.2995],[148.3547,45.3087],[148.3925,45.3201],[148.4096,45.3321],[148.4212,45.3306],[148.4183,45.3369],[148.4259,45.3482],[148.4442,45.3532],[148.4512,45.3628],[148.4591,45.3615],[148.455,45.3691],[148.4594,45.3765],[148.4766,45.3802],[148.4815,45.3887],[148.4725,45.3999],[148.4876,45.4199],[148.5106,45.4309],[148.5191,45.4454],[148.56,45.4609],[148.5775,45.4883],[148.6111,45.4935],[148.6397,45.5083],[148.641,45.5233],[148.6581,45.5396],[148.7226,45.5447],[148.754,45.5571],[148.8396,45.5521],[148.8413,45.5447],[148.8718,45.5354],[148.8954,45.5131],[148.8883,45.4843],[148.8367,45.4624],[148.8311,45.4541],[148.8317,45.4277],[148.8553,45.4199],[148.8773,45.3929],[148.8528,45.3563],[148.8428,45.3523],[148.8482,45.3456],[148.8435,45.3396],[148.8072,45.3351],[148.7813,45.3245],[148.7456,45.3379],[148.6294,45.3328],[148.6096,45.3209],[148.5664,45.3107],[148.5165,45.2786],[148.5064,45.2791],[148.511,45.2737],[148.5012,45.2721],[148.5041,45.2632],[148.4944,45.2561],[148.4788,45.262],[148.4589,45.2502],[148.4388,45.2525],[148.4058,45.2313],[148.3046,45.2165],[148.2796,45.2023],[148.2793,45.1951],[148.273,45.1971],[148.2652,45.1847],[148.2592,45.191],[148.2468,45.1874],[148.2163,45.1699],[148.2182,45.1649],[148.1964,45.1496],[148.1686,45.1469],[148.1605,45.1373],[148.1479,45.138],[148.0907,45.1065],[148.0558,45.0681],[148.042,45.0652],[148.0065,45.0268],[147.9946,45.024],[147.9967,45.0161],[147.9899,45.0145],[147.9885,45.0065],[147.9237,44.9781],[147.9225,44.9709],[147.9154,44.9722],[147.9172,44.9656],[147.9076,44.9613],[147.899,44.9605],[147.8972,44.9687],[147.8856,44.9631],[147.8526,44.9657],[147.7852,44.9483],[147.7468,44.9655],[147.7298,44.9804],[147.7277,45.0032],[147.7047,45.0061],[147.6635,44.9976],[147.6259,44.9718],[147.6145,44.9499],[147.6139,44.9403],[147.6519,44.9252],[147.6529,44.9199],[147.6181,44.8905],[147.5863,44.8425],[147.5524,44.817],[147.5156,44.8119],[147.4991,44.801],[147.4968,44.7879],[147.4889,44.782],[147.4409,44.7729],[147.435,44.7652],[147.4249,44.7658],[147.3875,44.7464],[147.37,44.7234],[147.3491,44.7208],[147.3472,44.7135],[147.3365,44.7155],[147.3024,44.6683],[147.2871,44.6623],[147.2672,44.6387],[147.2608,44.6144],[147.252,44.6067],[147.255,44.6017],[147.2445,44.6003],[147.2058,44.5675],[147.1906,44.5699],[147.1446,44.5592],[147.1061,44.5695],[147.0812,44.5597],[147.0297,44.5191],[146.9968,44.4725],[146.9937,44.4545],[146.9527,44.4265],[146.8778,44.4388],[146.865,44.4461],[146.861,44.4667],[146.8718,44.4815],[146.8723,44.4955],[146.8915,44.518],[146.9256,44.5261],[146.9547,44.5536],[146.9334,44.5865],[146.9342,44.6102],[146.9495,44.6343],[146.9652,44.5935],[146.985,44.5784],[146.9968,44.5787],[147.0259,44.5991],[147.0317,44.6161],[147.0334,44.6382],[147.0039,44.6555],[147.0092,44.6603],[147.0484,44.6609],[147.0493,44.6549],[147.0609,44.6563],[147.0603,44.6488],[147.0789,44.638],[147.0951,44.6389],[147.1255,44.6495],[147.1817,44.6894],[147.1917,44.707],[147.1998,44.7532],[147.1933,44.7648],[147.1295,44.7695],[147.1264,44.7769],[147.1166,44.7793],[147.1014,44.8129],[147.1109,44.8239],[147.1308,44.8304],[147.1564,44.8253],[147.2009,44.7979],[147.2371,44.8069],[147.2468,44.8127],[147.2671,44.8681],[147.3762,44.9089],[147.476,44.9852],[147.5028,44.9894],[147.5089,44.993],[147.5037,44.9966],[147.518,44.9986],[147.5131,45.0326],[147.5229,45.0416],[147.5269,45.0713],[147.5335,45.0711],[147.5324,45.0901],[147.5267,45.0998],[147.5001,45.1123],[147.5099,45.1173],[147.5371,45.1063],[147.5703,45.107],[147.5766,45.1022],[147.5721,45.0973],[147.5867,45.0857],[147.6362,45.0765],[147.6574,45.0817],[147.6902,45.0947],[147.699,45.1053],[147.6938,45.1435],[147.7053,45.151],[147.7062,45.1687],[147.7292,45.1763],[147.7396,45.1955],[147.7673,45.1949],[147.7742,45.2078],[147.8026,45.2097],[147.8206,45.2186],[147.8456,45.2085],[147.8718,45.2257],[147.8695,45.2334],[147.8856,45.2582],[147.8687,45.2639],[147.8734,45.2962],[147.8591,45.3177],[147.8581,45.3524],[147.8512,45.3649],[147.8734,45.3985],[147.8905,45.4078],[147.9094,45.4293],[147.9252,45.4379],[147.9649,45.4219],[147.9668,45.3961],[147.9773,45.3893],[147.9713,45.3853],[147.9775,45.3681],[148.006,45.3346],[147.9973,45.3337],[147.9975,45.325],[148.0076,45.3112],[148.0091,45.2923],[148.0196,45.2913],[148.0202,45.2797],[148.0281,45.2819],[148.0311,45.2723],[148.0407,45.2673],[148.1194,45.2576],[148.1705,45.2595],[148.2667,45.2721],[148.3427,45.2912]]],[[[145.7473,44.0647],[145.7437,44.1038],[145.7904,44.1507],[145.832,44.1784],[145.8845,44.2463],[145.9442,44.2791],[145.9924,44.3247],[146.011,44.3715],[146.0073,44.3817],[146.0528,44.4199],[146.0803,44.4723],[146.129,44.5091],[146.1743,44.5158],[146.1704,44.5105],[146.226,44.4831],[146.249,44.4559],[146.25,44.4467],[146.2797,44.4434],[146.2809,44.4351],[146.3149,44.4293],[146.3332,44.4189],[146.4619,44.4202],[146.5294,44.4319],[146.5776,44.4558],[146.5537,44.4302],[146.5348,44.3804],[146.5178,44.3677],[146.5016,44.3656],[146.4908,44.3545],[146.4506,44.3783],[146.4345,44.3767],[146.3811,44.3527],[146.3684,44.3365],[146.3678,44.3193],[146.3469,44.3181],[146.342,44.3087],[146.3281,44.3031],[146.3303,44.2975],[146.3063,44.2899],[146.2995,44.2778],[146.1156,44.2652],[146.0693,44.2347],[146.0531,44.2129],[146.0492,44.2017],[146.0549,44.1948],[146.0449,44.1909],[146.0458,44.1839],[145.9891,44.1728],[145.966,44.1534],[145.9478,44.1538],[145.9245,44.1373],[145.9038,44.1155],[145.9032,44.0957],[145.8921,44.0962],[145.8815,44.0865],[145.8806,44.0747],[145.8718,44.0707],[145.8637,44.0532],[145.8654,44.0303],[145.8785,44.0213],[145.8556,44.0217],[145.8551,44.0306],[145.8422,44.0329],[145.8144,44.0173],[145.8064,43.9933],[145.7908,43.9791],[145.788,43.9623],[145.793,43.959],[145.7811,43.9326],[145.7184,43.9124],[145.6762,43.9051],[145.6538,43.9095],[145.6411,43.9036],[145.6259,43.8842],[145.619,43.8855],[145.6056,43.8689],[145.5933,43.8707],[145.5818,43.8562],[145.556,43.6779],[145.5448,43.6583],[145.538,43.6587],[145.5362,43.6759],[145.5498,43.7249],[145.5465,43.7317],[145.4968,43.7337],[145.4349,43.7189],[145.4188,43.7532],[145.4269,43.7741],[145.4242,43.7862],[145.4111,43.8191],[145.3995,43.8291],[145.4069,43.8421],[145.4384,43.8499],[145.4657,43.8909],[145.4841,43.9043],[145.5304,43.9205],[145.5374,43.932],[145.561,43.9453],[145.5901,43.9532],[145.5977,43.9727],[145.6461,43.9936],[145.6512,44.0051],[145.6743,44.0116],[145.6805,44.0173],[145.6758,44.0273],[145.7312,44.0454],[145.7473,44.0647]]],[[[146.6455,43.7027],[146.6413,43.7091],[146.6502,43.7145],[146.6344,43.7195],[146.6218,43.7337],[146.6198,43.7495],[146.6261,43.7575],[146.6077,43.7532],[146.6162,43.7437],[146.6128,43.7354],[146.5946,43.7356],[146.5962,43.7475],[146.5864,43.7443],[146.5912,43.7591],[146.6079,43.7697],[146.585,43.8021],[146.5863,43.8083],[146.6663,43.8293],[146.6995,43.8319],[146.7089,43.8247],[146.7123,43.8312],[146.7272,43.8324],[146.7487,43.8191],[146.7468,43.8303],[146.7223,43.8365],[146.7253,43.8473],[146.7738,43.8759],[146.786,43.8747],[146.8006,43.86],[146.7882,43.8785],[146.8058,43.872],[146.814,43.8785],[146.814,43.8702],[146.826,43.8689],[146.82,43.8815],[146.8258,43.89],[146.845,43.8898],[146.8528,43.8843],[146.8511,43.8772],[146.8622,43.8773],[146.8947,43.8484],[146.9146,43.8484],[146.9115,43.8413],[146.9212,43.8386],[146.903,43.8286],[146.9073,43.8117],[146.9028,43.8142],[146.8992,43.8067],[146.8821,43.815],[146.8599,43.8069],[146.8406,43.8097],[146.8269,43.8009],[146.8287,43.7961],[146.8514,43.7879],[146.8391,43.7831],[146.8115,43.7919],[146.808,43.7812],[146.7995,43.7865],[146.7886,43.7809],[146.7901,43.7721],[146.795,43.7722],[146.7884,43.7596],[146.7716,43.7669],[146.7737,43.7605],[146.7607,43.7498],[146.7512,43.7575],[146.754,43.7517],[146.7468,43.7479],[146.7291,43.7469],[146.7331,43.7375],[146.7269,43.7347],[146.6974,43.7466],[146.6818,43.7308],[146.6899,43.7229],[146.6777,43.7159],[146.6762,43.7082],[146.6455,43.7027]]],[[[141.1497,45.2255],[141.1989,45.2602],[141.2327,45.2472],[141.2278,45.2385],[141.2351,45.2347],[141.2736,45.2352],[141.3181,45.1985],[141.3305,45.152],[141.281,45.1079],[141.2757,45.1117],[141.2395,45.0986],[141.2291,45.1004],[141.168,45.1373],[141.1418,45.1634],[141.14,45.1832],[141.1285,45.1863],[141.1405,45.1899],[141.1335,45.2135],[141.1497,45.2255]]],[[[139.4503,42.0521],[139.4444,42.0642],[139.4221,42.0718],[139.4232,42.1364],[139.4059,42.1647],[139.4113,42.1699],[139.407,42.1801],[139.439,42.2175],[139.4675,42.2176],[139.5355,42.2339],[139.5491,42.2386],[139.5591,42.2532],[139.5607,42.2289],[139.5459,42.2045],[139.5173,42.177],[139.5197,42.139],[139.5036,42.0966],[139.4817,42.0731],[139.4521,42.0644],[139.4503,42.0521]]],[[[141.0317,45.2746],[141.0163,45.285],[141.0254,45.291],[141.0236,45.3101],[141.0036,45.3303],[140.9835,45.3843],[140.9906,45.3867],[140.9864,45.3991],[140.9915,45.4073],[140.9836,45.4159],[140.994,45.4199],[140.994,45.4275],[140.9671,45.4394],[140.9773,45.4477],[140.9679,45.4646],[140.9887,45.4424],[141.0094,45.4343],[141.0364,45.4417],[141.0335,45.4619],[141.0517,45.4494],[141.0677,45.424],[141.0569,45.4075],[141.0599,45.3549],[141.0503,45.3421],[141.0572,45.3183],[141.0457,45.3002],[141.044,45.2753],[141.0317,45.2746]]],[[[146.1164,43.4587],[146.1188,43.4701],[146.1088,43.4781],[146.1067,43.4915],[146.0881,43.5032],[146.0739,43.5218],[146.0607,43.5232],[146.1314,43.5489],[146.1738,43.5338],[146.2082,43.5342],[146.1804,43.5049],[146.1871,43.4964],[146.1971,43.4954],[146.1945,43.4894],[146.1164,43.4587]]],[[[145.8982,43.4169],[145.8997,43.426],[145.8908,43.4236],[145.8887,43.4295],[145.896,43.4354],[145.8916,43.4481],[145.8698,43.4491],[145.8606,43.4565],[145.8849,43.4627],[145.9004,43.4487],[145.9217,43.4489],[145.9319,43.4576],[145.9485,43.4559],[145.9342,43.4473],[145.9332,43.4381],[145.9536,43.4253],[145.9086,43.4259],[145.8982,43.4169]]],[[[146.3577,43.6187],[146.28,43.6232],[146.2703,43.6289],[146.2974,43.6311],[146.3121,43.6429],[146.3102,43.6513],[146.3158,43.6512],[146.3309,43.6437],[146.3292,43.6399],[146.3508,43.6407],[146.3577,43.6187]]],[[[146.0437,43.4027],[146.0258,43.409],[146.0294,43.4199],[146.0402,43.4199],[146.0446,43.4311],[146.0569,43.4224],[146.0597,43.4341],[146.0682,43.4344],[146.0652,43.4271],[146.07,43.4246],[146.0867,43.4279],[146.0838,43.4441],[146.0986,43.4496],[146.1101,43.4387],[146.1089,43.4316],[146.0899,43.4287],[146.0876,43.4167],[146.063,43.4176],[146.0437,43.4027]]],[[[139.3408,41.4957],[139.3348,41.519],[139.3408,41.5258],[139.3741,41.524],[139.3838,41.5097],[139.3408,41.4957]]],[[[141.2948,44.4138],[141.2944,44.4219],[141.3274,44.4435],[141.3359,44.4319],[141.3208,44.417],[141.2948,44.4138]]],[[[141.4241,44.4289],[141.382,44.4339],[141.4259,44.4474],[141.429,44.4365],[141.4241,44.4289]]],[[[145.1272,43.0683],[145.1297,43.0744],[145.1205,43.0817],[145.1638,43.0845],[145.1736,43.0768],[145.1557,43.0778],[145.1514,43.0709],[145.1272,43.0683]]],[[[145.9984,43.3621],[145.9848,43.3661],[145.9878,43.3737],[146.0219,43.3793],[146.0085,43.3629],[145.9984,43.3621]]],[[[145.5999,43.2058],[145.589,43.2076],[145.5963,43.2221],[145.6097,43.2119],[145.5999,43.2058]]],[[[139.7997,41.3535],[139.7945,41.3583],[139.7981,41.3628],[139.8161,41.3646],[139.8158,41.3595],[139.7997,41.3535]]],[[[146.7909,43.7455],[146.7956,43.7613],[146.8073,43.7583],[146.7909,43.7455]]],[[[146.6973,43.7214],[146.6854,43.7319],[146.7065,43.7299],[146.6973,43.7214]]],[[[144.8658,42.9471],[144.8734,42.9649],[144.8805,42.9576],[144.8658,42.9471]]]]}},{"type":"Feature","id":"Aomori","properties":{"id":"Aomori","code":2,"iso_code":"JP-02","name":"Aomori","name_full":"Aomori Ken","name_ja":"青森県","name_short_ja":"青森","region":"Tohoku","region_ja":"東北","center_lonlat":[140.8292,40.7844]},"geometry":{"type":"Polygon","coordinates":[[[141.6831,40.4509],[141.6547,40.4289],[141.587,40.4075],[141.5817,40.3929],[141.587,40.3813],[141.5819,40.3745],[141.5374,40.3478],[141.5188,40.3523],[141.4809,40.3765],[141.4434,40.3763],[141.4255,40.3614],[141.4083,40.3579],[141.3976,40.3677],[141.3771,40.3393],[141.3746,40.3435],[141.3514,40.3315],[141.3351,40.3455],[141.3366,40.3607],[141.3174,40.3733],[141.2941,40.3639],[141.2927,40.3523],[141.278,40.3447],[141.2613,40.3486],[141.261,40.343],[141.227,40.3286],[141.2191,40.3167],[141.1393,40.3011],[141.1009,40.2815],[141.1095,40.2611],[141.1046,40.2567],[141.0771,40.2529],[141.0594,40.2383],[141.0426,40.2373],[141.0263,40.2221],[140.9805,40.2201],[140.9553,40.2482],[140.9468,40.2578],[140.957,40.2847],[140.9453,40.2885],[140.9443,40.2968],[140.9563,40.3039],[140.9576,40.3243],[140.9687,40.3376],[140.9624,40.3477],[140.9676,40.3513],[140.9822,40.3446],[140.995,40.3537],[140.9911,40.3676],[140.9958,40.3723],[140.9791,40.4162],[140.9854,40.4275],[140.943,40.4299],[140.9271,40.4216],[140.9209,40.4275],[140.8925,40.4237],[140.8613,40.4405],[140.8797,40.5115],[140.8453,40.5079],[140.8223,40.4969],[140.8118,40.4887],[140.8042,40.4498],[140.7941,40.4501],[140.7885,40.4576],[140.7634,40.4519],[140.7529,40.4397],[140.7362,40.4404],[140.7341,40.4166],[140.7244,40.4167],[140.7109,40.43],[140.6998,40.4297],[140.6885,40.428],[140.6874,40.4187],[140.6628,40.4058],[140.6471,40.4039],[140.6334,40.4038],[140.636,40.4101],[140.6262,40.4242],[140.6065,40.4263],[140.5899,40.4367],[140.5887,40.4306],[140.555,40.4221],[140.5678,40.3995],[140.5415,40.4032],[140.5329,40.4115],[140.5249,40.4107],[140.5282,40.4317],[140.5106,40.4291],[140.4819,40.4426],[140.4804,40.4525],[140.4657,40.4559],[140.4406,40.4505],[140.4337,40.4699],[140.4373,40.4793],[140.4216,40.4819],[140.404,40.4756],[140.3884,40.4876],[140.3781,40.4771],[140.363,40.479],[140.3482,40.468],[140.3354,40.4399],[140.3099,40.437],[140.299,40.4467],[140.2508,40.4432],[140.2216,40.4318],[140.2105,40.4387],[140.1962,40.4351],[140.1858,40.4436],[140.1522,40.4354],[140.1361,40.4399],[140.1079,40.4364],[140.0998,40.4535],[140.0685,40.4693],[140.0368,40.4621],[140.0205,40.4483],[140.0261,40.4399],[140.0197,40.4205],[139.9959,40.4352],[139.9731,40.4272],[139.9598,40.4352],[139.9364,40.4287],[139.9489,40.4927],[139.9417,40.5495],[139.9297,40.5574],[139.9337,40.5637],[139.9176,40.5865],[139.8677,40.5865],[139.8606,40.614],[139.8936,40.6332],[139.9034,40.6465],[139.9285,40.643],[139.9276,40.6544],[139.9361,40.6549],[139.9369,40.6719],[139.9481,40.6699],[139.9634,40.6823],[139.967,40.6987],[139.9876,40.7151],[139.9849,40.7209],[139.9996,40.7452],[140.0251,40.7505],[140.0522,40.7693],[140.1218,40.7426],[140.1947,40.7841],[140.2043,40.7863],[140.2143,40.7794],[140.232,40.7845],[140.251,40.802],[140.2826,40.8587],[140.3022,40.9174],[140.3235,41.0458],[140.3194,41.0935],[140.286,41.1215],[140.2495,41.1243],[140.249,41.1344],[140.2563,41.1403],[140.2777,41.1398],[140.3006,41.131],[140.3113,41.1365],[140.3105,41.1456],[140.32,41.1468],[140.3358,41.1917],[140.3295,41.2213],[140.3333,41.2391],[140.3412,41.2429],[140.3395,41.2605],[140.3965,41.2351],[140.4307,41.198],[140.465,41.1827],[140.4968,41.1893],[140.5214,41.2081],[140.5279,41.222],[140.5392,41.2185],[140.5496,41.2297],[140.603,41.2155],[140.631,41.1925],[140.6429,41.1699],[140.6341,41.1333],[140.6352,41.0772],[140.6471,41.0467],[140.6608,40.9489],[140.6867,40.8691],[140.7329,40.8317],[140.7953,40.8365],[140.859,40.8877],[140.8556,40.9034],[140.8662,40.9049],[140.87,40.9139],[140.8651,40.9207],[140.8718,40.9451],[140.8578,40.9445],[140.8383,40.9539],[140.8614,40.9575],[140.8605,40.9719],[140.8732,40.9797],[140.8645,40.985],[140.8726,40.9881],[140.8802,41.0097],[140.9045,41.0077],[140.9236,40.9936],[140.948,40.9933],[140.9609,40.9752],[140.9837,40.9609],[140.9811,40.9427],[140.9707,40.9372],[140.9746,40.934],[140.9985,40.9369],[141.0208,40.9305],[141.0419,40.9155],[141.0643,40.9141],[141.0844,40.8867],[141.1053,40.8729],[141.1452,40.8781],[141.1908,40.9199],[141.2327,41.0032],[141.2486,41.1107],[141.2722,41.1353],[141.2785,41.1551],[141.2673,41.1924],[141.2468,41.2262],[141.1887,41.2798],[141.1582,41.2772],[141.1343,41.2407],[141.1574,41.2532],[141.1584,41.2627],[141.1553,41.2453],[141.1154,41.2149],[141.0735,41.2001],[141.0563,41.1834],[140.9817,41.1998],[140.9463,41.1746],[140.9114,41.1753],[140.8927,41.1642],[140.8718,41.1663],[140.8523,41.1603],[140.8264,41.1464],[140.8123,41.1285],[140.785,41.1318],[140.7652,41.1454],[140.7691,41.1707],[140.7646,41.1935],[140.7785,41.2077],[140.7852,41.2331],[140.7802,41.2532],[140.8065,41.3147],[140.7998,41.3231],[140.8192,41.3439],[140.8381,41.4199],[140.8658,41.4366],[140.8665,41.4462],[140.8799,41.455],[140.8825,41.4687],[140.897,41.476],[140.909,41.4951],[140.9071,41.5138],[140.8986,41.5235],[140.9084,41.5305],[140.9128,41.547],[140.9598,41.5168],[140.9723,41.5009],[141.0032,41.4862],[141.0682,41.4825],[141.1131,41.4636],[141.1218,41.4487],[141.1931,41.3877],[141.2659,41.3565],[141.3056,41.3515],[141.3718,41.3703],[141.3979,41.3809],[141.4643,41.4301],[141.469,41.4195],[141.4609,41.4139],[141.4637,41.4024],[141.4533,41.3968],[141.4598,41.3905],[141.459,41.3791],[141.4479,41.3683],[141.436,41.3365],[141.3904,41.1699],[141.3922,41.134],[141.3964,41.1331],[141.3934,41.1039],[141.3989,41.1011],[141.3858,41.0032],[141.3912,40.9295],[141.3866,40.9307],[141.4158,40.7532],[141.4308,40.6883],[141.4733,40.5849],[141.4926,40.5652],[141.4855,40.5615],[141.4877,40.5573],[141.5005,40.5574],[141.5018,40.5471],[141.5104,40.5464],[141.5034,40.5409],[141.5109,40.5429],[141.5349,40.5277],[141.5522,40.5341],[141.5523,40.5295],[141.5583,40.5403],[141.5755,40.5433],[141.5921,40.5197],[141.6218,40.5061],[141.6351,40.4839],[141.6831,40.4509]]]}},{"type":"Feature","id":"Iwate","properties":{"id":"Iwate","code":3,"iso_code":"JP-03","name":"Iwate","name_full":"Iwate Ken","name_ja":"岩手県","name_short_ja":"岩手","region":"Tohoku","region_ja":"東北","center_lonlat":[141.3602,39.5963]},"geometry":{"type":"Polygon","coordinates":[[[141.6831,40.4509],[141.714,40.4199],[141.7287,40.3911],[141.7542,40.3693],[141.7549,40.3565],[141.7718,40.3458],[141.775,40.3235],[141.8167,40.2707],[141.8309,40.2379],[141.8341,40.2205],[141.82,40.2216],[141.8008,40.2075],[141.8,40.1988],[141.8127,40.1903],[141.8067,40.1979],[141.7943,40.1955],[141.7949,40.1906],[141.8527,40.1691],[141.8764,40.1445],[141.8718,40.1355],[141.8431,40.1309],[141.8371,40.1169],[141.8312,40.1161],[141.827,40.1008],[141.8342,40.0746],[141.8515,40.0561],[141.8757,40.0495],[141.9083,40.0093],[141.9364,40.0092],[141.9548,39.9857],[141.957,39.9583],[141.9636,39.9535],[141.9614,39.9459],[141.9465,39.9462],[141.941,39.9399],[141.9404,39.9199],[141.9553,39.8934],[141.9721,39.8829],[141.9787,39.8667],[141.9786,39.8311],[141.9907,39.8209],[141.9844,39.7898],[142.0046,39.7761],[141.9918,39.7691],[141.9887,39.7601],[141.9926,39.7532],[142.0039,39.7522],[141.9721,39.7305],[141.9868,39.7235],[141.9866,39.7106],[141.9775,39.7071],[141.9686,39.6919],[141.985,39.6875],[141.9713,39.6519],[141.9818,39.6529],[141.9833,39.6476],[141.9713,39.6471],[141.973,39.6404],[141.9651,39.6401],[141.9726,39.6347],[141.966,39.6361],[141.9701,39.6235],[141.9641,39.6242],[141.9578,39.6044],[141.9457,39.5992],[141.9475,39.5915],[141.9589,39.5865],[142.0167,39.6557],[142.0268,39.6557],[142.0237,39.6153],[142.0345,39.6101],[142.0261,39.6054],[142.0341,39.5989],[142.0269,39.5793],[142.0385,39.5774],[142.0371,39.5735],[142.0568,39.5749],[142.0578,39.5611],[142.0692,39.5609],[142.0726,39.5487],[142.0662,39.5343],[142.0529,39.5334],[142.0618,39.5264],[142.0569,39.5221],[142.0465,39.5306],[142.0338,39.5293],[142.0293,39.5091],[142.0212,39.5001],[142.0109,39.5003],[142.0096,39.4765],[141.9932,39.4837],[141.9743,39.482],[141.957,39.4757],[141.9542,39.468],[141.9791,39.4395],[141.9898,39.4509],[142.0043,39.4461],[142.0093,39.4647],[142.0371,39.4834],[142.0506,39.4849],[142.0607,39.4719],[142.0394,39.4457],[142.044,39.4255],[142.0296,39.4161],[142.0098,39.4261],[142.0109,39.415],[141.9868,39.4091],[141.9818,39.4095],[141.9828,39.426],[141.976,39.4275],[141.9393,39.387],[141.9471,39.3719],[141.965,39.3791],[141.9679,39.3751],[141.9582,39.3577],[141.9407,39.349],[141.9156,39.3568],[141.9157,39.346],[141.8993,39.3365],[141.9048,39.3267],[141.9154,39.3245],[141.9237,39.3333],[141.9446,39.3297],[141.9535,39.3393],[141.9753,39.3381],[141.9976,39.3522],[141.9817,39.3365],[141.9779,39.3199],[141.9712,39.3137],[141.9585,39.3171],[141.9378,39.3088],[141.9232,39.31],[141.9184,39.3035],[141.9073,39.3097],[141.8879,39.3037],[141.9247,39.2862],[141.9292,39.2681],[141.8895,39.2742],[141.8868,39.2694],[141.9034,39.2569],[141.8922,39.2466],[141.9051,39.2504],[141.9234,39.2386],[141.9285,39.2471],[141.9323,39.2425],[141.9383,39.2484],[141.9712,39.2491],[141.9448,39.2414],[141.9565,39.2228],[141.9488,39.2183],[141.9259,39.2225],[141.9275,39.2154],[141.9048,39.2059],[141.888,39.2091],[141.8907,39.198],[141.8692,39.2072],[141.8653,39.204],[141.8718,39.1971],[141.8666,39.1927],[141.8796,39.1917],[141.8909,39.1819],[141.9229,39.1849],[141.9217,39.1786],[141.8851,39.1555],[141.8521,39.1567],[141.8375,39.1462],[141.8718,39.1311],[141.8742,39.1161],[141.9002,39.1197],[141.9218,39.1051],[141.8943,39.0967],[141.8818,39.0845],[141.8586,39.1043],[141.8115,39.1121],[141.8157,39.0954],[141.8099,39.0891],[141.8242,39.0865],[141.8218,39.0773],[141.8686,39.0724],[141.8755,39.0651],[141.864,39.0594],[141.8143,39.0574],[141.8174,39.0504],[141.8479,39.0387],[141.8531,39.0297],[141.8456,39.0265],[141.802,39.0246],[141.7951,39.0298],[141.7977,39.0433],[141.7834,39.0282],[141.7696,39.0349],[141.763,39.0201],[141.7454,39.0251],[141.7335,39.0203],[141.7284,39.0286],[141.7374,39.0304],[141.7311,39.0339],[141.7374,39.0356],[141.7339,39.0435],[141.741,39.051],[141.7335,39.0533],[141.7398,39.0575],[141.7299,39.0711],[141.7231,39.0666],[141.7252,39.0412],[141.7099,39.0247],[141.7156,39.0173],[141.7326,39.0184],[141.7447,38.9958],[141.742,38.9859],[141.7111,38.9964],[141.717,38.9819],[141.7099,38.9847],[141.6973,38.9693],[141.7174,38.9675],[141.7288,38.9529],[141.713,38.951],[141.7155,38.9468],[141.7056,38.9455],[141.7057,38.9392],[141.6893,38.9489],[141.6849,38.9688],[141.6694,38.9759],[141.6687,38.9897],[141.6817,38.9987],[141.6749,39.0032],[141.6586,39.0006],[141.659,39.0053],[141.6427,39.0069],[141.6251,39.0011],[141.6322,38.971],[141.6056,38.9853],[141.5769,38.9871],[141.5681,38.9957],[141.5242,38.9917],[141.5103,39.0029],[141.491,38.9985],[141.4839,38.9785],[141.4938,38.9562],[141.4861,38.9351],[141.4916,38.9159],[141.4894,38.9075],[141.4514,38.8767],[141.4525,38.8623],[141.4663,38.8572],[141.4502,38.8365],[141.4589,38.8148],[141.4297,38.8109],[141.4368,38.8041],[141.4329,38.7946],[141.4383,38.7833],[141.4223,38.7803],[141.4233,38.7729],[141.4107,38.7681],[141.415,38.7857],[141.3981,38.79],[141.3945,38.7997],[141.3803,38.7964],[141.368,38.8092],[141.3531,38.8128],[141.3354,38.8073],[141.3104,38.8227],[141.3035,38.7933],[141.2736,38.7969],[141.2631,38.7877],[141.2575,38.7629],[141.2295,38.7532],[141.2348,38.7484],[141.217,38.7495],[141.2091,38.755],[141.2047,38.7703],[141.1812,38.7848],[141.1694,38.7778],[141.1483,38.7846],[141.1397,38.79],[141.1407,38.8139],[141.1244,38.8167],[141.1217,38.8265],[141.1059,38.8232],[141.1051,38.8377],[141.1218,38.8356],[141.1463,38.8559],[141.1401,38.8779],[141.108,38.878],[141.0939,38.8881],[141.0755,38.88],[141.0623,38.8839],[141.044,38.8773],[141.0208,38.8866],[140.9865,38.8755],[140.958,38.9085],[140.9273,38.9215],[140.9158,38.9172],[140.9055,38.9289],[140.8814,38.9291],[140.8262,38.9635],[140.7739,38.9585],[140.7645,39.0001],[140.7784,39.0081],[140.7947,39.0291],[140.7938,39.0418],[140.8103,39.0574],[140.8,39.0609],[140.8024,39.0778],[140.7529,39.0865],[140.7631,39.1086],[140.7561,39.1185],[140.7702,39.1244],[140.7496,39.1397],[140.7741,39.1678],[140.7841,39.1659],[140.8085,39.1803],[140.7984,39.1898],[140.7657,39.1977],[140.7632,39.2127],[140.7703,39.2239],[140.7868,39.2268],[140.7888,39.238],[140.7517,39.2631],[140.7182,39.2729],[140.7179,39.2965],[140.6933,39.3025],[140.6991,39.3281],[140.7096,39.3303],[140.7042,39.343],[140.6903,39.3467],[140.6931,39.3585],[140.6769,39.3678],[140.6756,39.3861],[140.6541,39.3909],[140.6633,39.4049],[140.6586,39.4157],[140.6834,39.4222],[140.686,39.4366],[140.677,39.4472],[140.6831,39.4575],[140.7243,39.4807],[140.714,39.4984],[140.7232,39.5045],[140.7249,39.5187],[140.7369,39.5219],[140.7409,39.5348],[140.7406,39.5458],[140.7279,39.5561],[140.7307,39.5661],[140.7542,39.5708],[140.7641,39.5877],[140.78,39.5905],[140.7827,39.6044],[140.7957,39.6033],[140.8219,39.6498],[140.8229,39.6882],[140.8104,39.6985],[140.8106,39.7073],[140.795,39.7099],[140.7749,39.7349],[140.8046,39.7458],[140.8054,39.7568],[140.8478,39.7961],[140.8213,39.816],[140.787,39.8238],[140.7892,39.8509],[140.783,39.8657],[140.7994,39.8821],[140.815,39.8797],[140.8261,39.8867],[140.8349,39.8806],[140.8325,39.8757],[140.8527,39.8665],[140.8781,39.8747],[140.8786,39.8875],[140.8683,39.8998],[140.8665,39.9147],[140.855,39.9237],[140.8577,39.9531],[140.8483,39.9597],[140.8465,39.9745],[140.8556,40.0221],[140.8507,40.0318],[140.8539,40.0503],[140.8447,40.0737],[140.8718,40.0912],[140.8813,40.1143],[140.8718,40.1163],[140.8674,40.1313],[140.8832,40.1589],[140.8696,40.1599],[140.8605,40.1738],[140.8926,40.1927],[140.8897,40.1999],[140.9053,40.2222],[140.9421,40.2282],[140.9442,40.2461],[140.9553,40.2482],[140.9805,40.2201],[141.0263,40.2221],[141.0426,40.2373],[141.0594,40.2383],[141.0771,40.2529],[141.1046,40.2567],[141.1095,40.2611],[141.1009,40.2815],[141.1393,40.3011],[141.2191,40.3167],[141.227,40.3286],[141.261,40.343],[141.2613,40.3486],[141.278,40.3447],[141.2927,40.3523],[141.2941,40.3639],[141.3174,40.3733],[141.3366,40.3607],[141.3351,40.3455],[141.3514,40.3315],[141.3746,40.3435],[141.3771,40.3393],[141.3976,40.3677],[141.4083,40.3579],[141.4255,40.3614],[141.4434,40.3763],[141.4809,40.3765],[141.5188,40.3523],[141.5374,40.3478],[141.5819,40.3745],[141.587,40.3813],[141.5817,40.3929],[141.587,40.4075],[141.6547,40.4289],[141.6831,40.4509]]]}},{"type":"Feature","id":"Miyagi","properties":{"id":"Miyagi","code":4,"iso_code":"JP-04","name":"Miyagi","name_full":"Miyagi Ken","name_ja":"宮城県","name_short_ja":"宮城","region":"Tohoku","region_ja":"東北","center_lonlat":[140.9237,38.4492]},"geometry":{"type":"MultiPolygon","coordinates":[[[[141.6322,38.971],[141.6329,38.9632],[141.6434,38.9562],[141.6324,38.9585],[141.6337,38.9515],[141.6487,38.9416],[141.6354,38.9317],[141.6529,38.9199],[141.6516,38.9037],[141.6692,38.8896],[141.6639,38.8899],[141.6638,38.8813],[141.6746,38.8667],[141.6743,38.8572],[141.6579,38.8626],[141.6453,38.8841],[141.6378,38.8852],[141.6377,38.9019],[141.6302,38.8962],[141.6248,38.9001],[141.6311,38.8917],[141.6218,38.8931],[141.6055,38.8803],[141.5979,38.8937],[141.589,38.8947],[141.5871,38.9094],[141.5754,38.9059],[141.594,38.8903],[141.583,38.8522],[141.5907,38.8358],[141.6034,38.8278],[141.5836,38.8249],[141.5763,38.8212],[141.578,38.8127],[141.5624,38.8133],[141.5558,38.8017],[141.522,38.7891],[141.5165,38.7718],[141.5311,38.7485],[141.5393,38.7477],[141.5366,38.7411],[141.5464,38.7403],[141.5461,38.7334],[141.5642,38.7405],[141.5617,38.7313],[141.5669,38.7262],[141.5582,38.7211],[141.5659,38.7123],[141.5609,38.6905],[141.5545,38.6956],[141.5547,38.7085],[141.5465,38.7118],[141.5372,38.7064],[141.5309,38.7174],[141.5256,38.7167],[141.5107,38.6853],[141.4994,38.6958],[141.4906,38.69],[141.4943,38.6741],[141.4754,38.6801],[141.4611,38.6713],[141.4448,38.6738],[141.4504,38.6579],[141.4447,38.6432],[141.46,38.6402],[141.4637,38.6477],[141.5294,38.6374],[141.5251,38.6106],[141.5095,38.6043],[141.5094,38.5987],[141.5015,38.6035],[141.5044,38.5961],[141.4874,38.5839],[141.46,38.5763],[141.4673,38.5614],[141.4774,38.5633],[141.4772,38.5577],[141.4872,38.5543],[141.4858,38.5424],[141.4968,38.5326],[141.511,38.5341],[141.5152,38.5447],[141.5206,38.5395],[141.5322,38.5491],[141.5316,38.5325],[141.5394,38.5323],[141.5464,38.5226],[141.5351,38.5101],[141.5427,38.5032],[141.5343,38.4967],[141.536,38.4885],[141.5244,38.4895],[141.5235,38.4954],[141.5165,38.4929],[141.5137,38.5132],[141.4956,38.5093],[141.484,38.5197],[141.4705,38.5215],[141.4648,38.5123],[141.4757,38.5173],[141.4968,38.4961],[141.4916,38.4885],[141.4968,38.4764],[141.4766,38.4641],[141.5015,38.4611],[141.4948,38.4529],[141.5019,38.4475],[141.5126,38.4508],[141.4938,38.4375],[141.4889,38.4431],[141.4826,38.4371],[141.4649,38.4378],[141.4605,38.4463],[141.4476,38.4415],[141.4633,38.4364],[141.4634,38.4245],[141.4716,38.4257],[141.4752,38.4199],[141.4667,38.3999],[141.4724,38.3941],[141.5018,38.4158],[141.5034,38.4013],[141.5141,38.3931],[141.5388,38.4],[141.5406,38.3903],[141.5303,38.3821],[141.5242,38.3901],[141.5101,38.3909],[141.5068,38.3839],[141.4825,38.3769],[141.4912,38.3677],[141.5145,38.371],[141.5338,38.3413],[141.5265,38.3245],[141.5405,38.317],[141.5411,38.3068],[141.527,38.2961],[141.5242,38.2719],[141.5118,38.2765],[141.5083,38.2984],[141.4926,38.2937],[141.4968,38.3055],[141.4762,38.3075],[141.4708,38.3205],[141.468,38.3064],[141.4496,38.3157],[141.4748,38.3308],[141.4635,38.3365],[141.4627,38.3515],[141.4507,38.3404],[141.447,38.3544],[141.4376,38.3426],[141.418,38.3473],[141.4164,38.3546],[141.4302,38.365],[141.4588,38.3743],[141.4332,38.3736],[141.4386,38.3815],[141.4233,38.3855],[141.4312,38.3995],[141.416,38.392],[141.4096,38.404],[141.3882,38.3856],[141.3741,38.3837],[141.3643,38.3899],[141.3691,38.4073],[141.3589,38.4138],[141.2744,38.4109],[141.2857,38.4196],[141.2666,38.4199],[141.2669,38.4081],[141.2074,38.392],[141.1606,38.3653],[141.1548,38.3481],[141.1625,38.3407],[141.1592,38.3504],[141.1685,38.3495],[141.1642,38.347],[141.1675,38.332],[141.1829,38.3222],[141.1779,38.3204],[141.1617,38.3278],[141.1564,38.3223],[141.1462,38.3307],[141.1498,38.334],[141.1388,38.3306],[141.146,38.3251],[141.1387,38.3221],[141.133,38.3406],[141.1483,38.3389],[141.1409,38.3549],[141.1531,38.3566],[141.1336,38.3605],[141.1377,38.3708],[141.1333,38.3775],[141.1067,38.3863],[141.1157,38.377],[141.1085,38.3764],[141.1059,38.3685],[141.0993,38.3779],[141.0764,38.3787],[141.0628,38.3697],[141.0664,38.3515],[141.0516,38.3505],[141.0588,38.3484],[141.0531,38.3439],[141.0426,38.349],[141.0367,38.3399],[141.0396,38.3355],[141.0492,38.3395],[141.0524,38.3334],[141.0425,38.3237],[141.0251,38.3201],[141.0449,38.3193],[141.0361,38.3072],[141.0589,38.3131],[141.0654,38.3218],[141.0766,38.3199],[141.0815,38.3062],[141.0899,38.3014],[141.0869,38.2959],[141.075,38.2953],[141.0639,38.2825],[141.041,38.2721],[141.0299,38.2757],[141.0285,38.2826],[141.0216,38.2715],[140.9991,38.2733],[141.0468,38.2651],[141.0241,38.2653],[140.9952,38.23],[140.9654,38.1849],[140.9417,38.1319],[140.9281,38.0865],[140.9145,37.9937],[140.9312,37.8963],[140.92,37.8927],[140.9013,37.8978],[140.8991,37.9039],[140.8567,37.8913],[140.8606,37.8799],[140.8551,37.8749],[140.862,37.8627],[140.8509,37.8513],[140.8574,37.8041],[140.8526,37.7958],[140.8318,37.7953],[140.7751,37.8065],[140.7651,37.7964],[140.8026,37.7804],[140.7929,37.7734],[140.7459,37.7884],[140.728,37.7817],[140.7135,37.7995],[140.6945,37.8035],[140.6794,37.8365],[140.6919,37.8517],[140.6831,37.8743],[140.6904,37.8883],[140.6613,37.9007],[140.6449,37.8958],[140.6251,37.9003],[140.6122,37.9156],[140.5921,37.9063],[140.5672,37.9228],[140.5624,37.9114],[140.4882,37.8999],[140.4696,37.9199],[140.4681,37.9377],[140.475,37.947],[140.4495,37.9511],[140.4449,37.9571],[140.4321,37.9544],[140.4096,37.9639],[140.4078,37.9735],[140.387,37.9675],[140.3855,37.9531],[140.3567,37.9583],[140.3513,37.9505],[140.3162,37.9586],[140.3149,37.9643],[140.2801,37.9769],[140.2765,37.9925],[140.2896,38.0073],[140.2763,38.0287],[140.2834,38.0499],[140.2772,38.0565],[140.3726,38.0573],[140.3826,38.0713],[140.4021,38.0705],[140.4211,38.0865],[140.4177,38.1031],[140.4242,38.1188],[140.4459,38.1301],[140.4445,38.1419],[140.4667,38.1565],[140.4795,38.1807],[140.4712,38.2135],[140.4742,38.2233],[140.4678,38.2325],[140.4714,38.2697],[140.4968,38.2831],[140.4927,38.302],[140.503,38.3061],[140.5045,38.3143],[140.5199,38.3098],[140.5293,38.3208],[140.5218,38.35],[140.5268,38.3581],[140.5444,38.3643],[140.5783,38.3931],[140.5715,38.4133],[140.5807,38.4376],[140.5973,38.4372],[140.6201,38.4555],[140.6073,38.4606],[140.6045,38.4823],[140.5739,38.4958],[140.564,38.5109],[140.5718,38.5255],[140.5565,38.5301],[140.5553,38.5425],[140.5789,38.5685],[140.5699,38.5939],[140.559,38.5979],[140.5611,38.609],[140.538,38.6341],[140.5467,38.6501],[140.563,38.6483],[140.5722,38.6381],[140.5884,38.6343],[140.6007,38.6399],[140.6243,38.6918],[140.6238,38.6997],[140.6071,38.7037],[140.6074,38.7207],[140.6463,38.7688],[140.638,38.7775],[140.6292,38.7745],[140.6053,38.7833],[140.5967,38.8021],[140.599,38.8257],[140.5912,38.8353],[140.5411,38.8618],[140.5473,38.8895],[140.5617,38.8741],[140.5853,38.8804],[140.5903,38.8891],[140.607,38.887],[140.6147,38.8944],[140.6385,38.8833],[140.6701,38.8971],[140.6843,38.9165],[140.7004,38.9241],[140.7076,38.9207],[140.7303,38.9475],[140.7468,38.9569],[140.7739,38.9585],[140.8262,38.9635],[140.8814,38.9291],[140.9055,38.9289],[140.9158,38.9172],[140.9273,38.9215],[140.958,38.9085],[140.9865,38.8755],[141.0208,38.8866],[141.044,38.8773],[141.0623,38.8839],[141.0755,38.88],[141.0939,38.8881],[141.108,38.878],[141.1401,38.8779],[141.1463,38.8559],[141.1218,38.8356],[141.1051,38.8377],[141.1059,38.8232],[141.1217,38.8265],[141.1244,38.8167],[141.1407,38.8139],[141.1397,38.79],[141.1483,38.7846],[141.1694,38.7778],[141.1812,38.7848],[141.2047,38.7703],[141.2091,38.755],[141.217,38.7495],[141.2348,38.7484],[141.2295,38.7532],[141.2575,38.7629],[141.2631,38.7877],[141.2736,38.7969],[141.3035,38.7933],[141.3104,38.8227],[141.3354,38.8073],[141.3531,38.8128],[141.368,38.8092],[141.3803,38.7964],[141.3945,38.7997],[141.3981,38.79],[141.415,38.7857],[141.4107,38.7681],[141.4233,38.7729],[141.4223,38.7803],[141.4383,38.7833],[141.4329,38.7946],[141.4368,38.8041],[141.4297,38.8109],[141.4589,38.8148],[141.4502,38.8365],[141.4663,38.8572],[141.4525,38.8623],[141.4514,38.8767],[141.4894,38.9075],[141.4916,38.9159],[141.4861,38.9351],[141.4938,38.9562],[141.4839,38.9785],[141.491,38.9985],[141.5103,39.0029],[141.5242,38.9917],[141.5681,38.9957],[141.5769,38.9871],[141.6056,38.9853],[141.6322,38.971]]],[[[141.5744,38.2693],[141.5543,38.2861],[141.548,38.3027],[141.5673,38.3139],[141.5899,38.3024],[141.5806,38.2877],[141.5864,38.2781],[141.5744,38.2693]]],[[[141.6252,38.8307],[141.6061,38.8597],[141.6142,38.8649],[141.6028,38.8727],[141.624,38.8857],[141.6348,38.8749],[141.6228,38.8533],[141.6364,38.8489],[141.6379,38.841],[141.6299,38.8403],[141.6252,38.8307]]],[[[141.502,38.2464],[141.4801,38.2504],[141.467,38.2684],[141.4579,38.2683],[141.4607,38.2837],[141.4822,38.2771],[141.502,38.2464]]],[[[141.4091,38.2855],[141.4094,38.3054],[141.4163,38.3128],[141.43,38.2933],[141.4091,38.2855]]],[[[141.5275,38.4377],[141.5185,38.4465],[141.516,38.4652],[141.5312,38.4542],[141.5344,38.4439],[141.5275,38.4377]]],[[[141.1244,38.3257],[141.1166,38.3365],[141.1236,38.3346],[141.1227,38.3421],[141.1297,38.3475],[141.1317,38.3361],[141.1244,38.3257]]]]}},{"type":"Feature","id":"Akita","properties":{"id":"Akita","code":5,"iso_code":"JP-05","name":"Akita","name_full":"Akita Ken","name_ja":"秋田県","name_short_ja":"秋田","region":"Tohoku","region_ja":"東北","center_lonlat":[140.4049,39.7526]},"geometry":{"type":"Polygon","coordinates":[[[140.9553,40.2482],[140.9442,40.2461],[140.9421,40.2282],[140.9053,40.2222],[140.8897,40.1999],[140.8926,40.1927],[140.8605,40.1738],[140.8696,40.1599],[140.8832,40.1589],[140.8674,40.1313],[140.8718,40.1163],[140.8813,40.1143],[140.8718,40.0912],[140.8447,40.0737],[140.8539,40.0503],[140.8507,40.0318],[140.8556,40.0221],[140.8465,39.9745],[140.8483,39.9597],[140.8577,39.9531],[140.855,39.9237],[140.8665,39.9147],[140.8683,39.8998],[140.8786,39.8875],[140.8781,39.8747],[140.8527,39.8665],[140.8325,39.8757],[140.8349,39.8806],[140.8261,39.8867],[140.815,39.8797],[140.7994,39.8821],[140.783,39.8657],[140.7892,39.8509],[140.787,39.8238],[140.8213,39.816],[140.8478,39.7961],[140.8054,39.7568],[140.8046,39.7458],[140.7749,39.7349],[140.795,39.7099],[140.8106,39.7073],[140.8104,39.6985],[140.8229,39.6882],[140.8219,39.6498],[140.7957,39.6033],[140.7827,39.6044],[140.78,39.5905],[140.7641,39.5877],[140.7542,39.5708],[140.7307,39.5661],[140.7279,39.5561],[140.7406,39.5458],[140.7409,39.5348],[140.7369,39.5219],[140.7249,39.5187],[140.7232,39.5045],[140.714,39.4984],[140.7243,39.4807],[140.6831,39.4575],[140.677,39.4472],[140.686,39.4366],[140.6834,39.4222],[140.6586,39.4157],[140.6633,39.4049],[140.6541,39.3909],[140.6756,39.3861],[140.6769,39.3678],[140.6931,39.3585],[140.6903,39.3467],[140.7042,39.343],[140.7096,39.3303],[140.6991,39.3281],[140.6933,39.3025],[140.7179,39.2965],[140.7182,39.2729],[140.7517,39.2631],[140.7888,39.238],[140.7868,39.2268],[140.7703,39.2239],[140.7632,39.2127],[140.7657,39.1977],[140.7984,39.1898],[140.8085,39.1803],[140.7841,39.1659],[140.7741,39.1678],[140.7496,39.1397],[140.7702,39.1244],[140.7561,39.1185],[140.7631,39.1086],[140.7529,39.0865],[140.8024,39.0778],[140.8,39.0609],[140.8103,39.0574],[140.7938,39.0418],[140.7947,39.0291],[140.7784,39.0081],[140.7645,39.0001],[140.7739,38.9585],[140.7468,38.9569],[140.7303,38.9475],[140.7076,38.9207],[140.7004,38.9241],[140.6843,38.9165],[140.6701,38.8971],[140.6385,38.8833],[140.6147,38.8944],[140.607,38.887],[140.5903,38.8891],[140.5853,38.8804],[140.5617,38.8741],[140.5473,38.8895],[140.5368,38.9009],[140.5024,38.8952],[140.4827,38.9169],[140.4623,38.9199],[140.4497,38.9459],[140.4513,38.9717],[140.4322,38.9923],[140.3765,38.9948],[140.367,39.0062],[140.3625,39.026],[140.3294,39.0352],[140.3188,39.0314],[140.3114,39.0144],[140.2608,39.0356],[140.2517,39.0283],[140.2283,39.0275],[140.2019,39.0353],[140.2045,39.0516],[140.1963,39.0615],[140.1509,39.0495],[140.138,39.0658],[140.1183,39.0687],[140.115,39.0777],[140.0627,39.0933],[140.0669,39.0977],[140.0626,39.1339],[140.0079,39.1234],[139.9947,39.1059],[139.9483,39.1176],[139.9457,39.1133],[139.8698,39.1186],[139.8782,39.1216],[139.8852,39.1478],[139.9015,39.1699],[139.9044,39.1996],[139.8931,39.2034],[139.8942,39.2148],[139.9148,39.2489],[139.9114,39.2641],[139.9168,39.2763],[139.9282,39.2883],[139.9676,39.2965],[139.9805,39.3135],[140.0256,39.4199],[140.0473,39.5135],[140.0609,39.6085],[140.0632,39.6699],[140.0571,39.731],[140.0422,39.7585],[140.0505,39.7607],[140.0496,39.7738],[140.043,39.7733],[140.0461,39.764],[140.0383,39.7652],[140.0409,39.7739],[140.0362,39.7761],[140.0422,39.782],[140.0342,39.8049],[139.9968,39.857],[139.9678,39.8802],[139.9209,39.9011],[139.8589,39.8962],[139.853,39.8873],[139.8595,39.8857],[139.8478,39.8815],[139.8565,39.8803],[139.8493,39.8754],[139.8576,39.8771],[139.8505,39.8739],[139.8611,39.8673],[139.8502,39.8635],[139.8479,39.8688],[139.8471,39.8635],[139.8382,39.8635],[139.8308,39.8694],[139.8207,39.8586],[139.8118,39.8579],[139.7905,39.8677],[139.7553,39.8571],[139.7551,39.8633],[139.7413,39.8717],[139.7352,39.9044],[139.7295,39.9103],[139.7179,39.9095],[139.7063,39.9285],[139.7034,39.9438],[139.7183,39.9461],[139.7214,39.9526],[139.7182,39.9596],[139.7026,39.9608],[139.6931,39.996],[139.7007,40.0074],[139.7236,39.9822],[139.7654,39.9755],[139.7981,39.9574],[139.8133,39.9592],[139.8422,39.9702],[139.8883,40.0029],[139.9148,40.0305],[139.953,40.0865],[139.9934,40.1813],[139.9844,40.184],[139.9865,40.2017],[139.9937,40.1993],[139.9951,40.2135],[140.003,40.2121],[140.0016,40.207],[140.0032,40.2175],[140.0146,40.2185],[140.0001,40.2203],[140.0156,40.2656],[140.0259,40.3395],[140.024,40.3556],[140.0109,40.3752],[139.9803,40.3884],[139.9804,40.3965],[139.9482,40.4138],[139.9364,40.4287],[139.9598,40.4352],[139.9731,40.4272],[139.9959,40.4352],[140.0197,40.4205],[140.0261,40.4399],[140.0205,40.4483],[140.0368,40.4621],[140.0685,40.4693],[140.0998,40.4535],[140.1079,40.4364],[140.1361,40.4399],[140.1522,40.4354],[140.1858,40.4436],[140.1962,40.4351],[140.2105,40.4387],[140.2216,40.4318],[140.2508,40.4432],[140.299,40.4467],[140.3099,40.437],[140.3354,40.4399],[140.3482,40.468],[140.363,40.479],[140.3781,40.4771],[140.3884,40.4876],[140.404,40.4756],[140.4216,40.4819],[140.4373,40.4793],[140.4337,40.4699],[140.4406,40.4505],[140.4657,40.4559],[140.4804,40.4525],[140.4819,40.4426],[140.5106,40.4291],[140.5282,40.4317],[140.5249,40.4107],[140.5329,40.4115],[140.5415,40.4032],[140.5678,40.3995],[140.555,40.4221],[140.5887,40.4306],[140.5899,40.4367],[140.6065,40.4263],[140.6262,40.4242],[140.636,40.4101],[140.6334,40.4038],[140.6471,40.4039],[140.6628,40.4058],[140.6874,40.4187],[140.6885,40.428],[140.6998,40.4297],[140.7109,40.43],[140.7244,40.4167],[140.7341,40.4166],[140.7362,40.4404],[140.7529,40.4397],[140.7634,40.4519],[140.7885,40.4576],[140.7941,40.4501],[140.8042,40.4498],[140.8118,40.4887],[140.8223,40.4969],[140.8453,40.5079],[140.8797,40.5115],[140.8613,40.4405],[140.8925,40.4237],[140.9209,40.4275],[140.9271,40.4216],[140.943,40.4299],[140.9854,40.4275],[140.9791,40.4162],[140.9958,40.3723],[140.9911,40.3676],[140.995,40.3537],[140.9822,40.3446],[140.9676,40.3513],[140.9624,40.3477],[140.9687,40.3376],[140.9576,40.3243],[140.9563,40.3039],[140.9443,40.2968],[140.9453,40.2885],[140.957,40.2847],[140.9468,40.2578],[140.9553,40.2482]]]}},{"type":"Feature","id":"Yamagata","properties":{"id":"Yamagata","code":6,"iso_code":"JP-06","name":"Yamagata","name_full":"Yamagata Ken","name_ja":"山形県","name_short_ja":"山形","region":"Tohoku","region_ja":"東北","center_lonlat":[140.1001,38.4504]},"geometry":{"type":"MultiPolygon","coordinates":[[[[139.8698,39.1186],[139.9457,39.1133],[139.9483,39.1176],[139.9947,39.1059],[140.0079,39.1234],[140.0626,39.1339],[140.0669,39.0977],[140.0627,39.0933],[140.115,39.0777],[140.1183,39.0687],[140.138,39.0658],[140.1509,39.0495],[140.1963,39.0615],[140.2045,39.0516],[140.2019,39.0353],[140.2283,39.0275],[140.2517,39.0283],[140.2608,39.0356],[140.3114,39.0144],[140.3188,39.0314],[140.3294,39.0352],[140.3625,39.026],[140.367,39.0062],[140.3765,38.9948],[140.4322,38.9923],[140.4513,38.9717],[140.4497,38.9459],[140.4623,38.9199],[140.4827,38.9169],[140.5024,38.8952],[140.5368,38.9009],[140.5473,38.8895],[140.5411,38.8618],[140.5912,38.8353],[140.599,38.8257],[140.5967,38.8021],[140.6053,38.7833],[140.6292,38.7745],[140.638,38.7775],[140.6463,38.7688],[140.6074,38.7207],[140.6071,38.7037],[140.6238,38.6997],[140.6243,38.6918],[140.6007,38.6399],[140.5884,38.6343],[140.5722,38.6381],[140.563,38.6483],[140.5467,38.6501],[140.538,38.6341],[140.5611,38.609],[140.559,38.5979],[140.5699,38.5939],[140.5789,38.5685],[140.5553,38.5425],[140.5565,38.5301],[140.5718,38.5255],[140.564,38.5109],[140.5739,38.4958],[140.6045,38.4823],[140.6073,38.4606],[140.6201,38.4555],[140.5973,38.4372],[140.5807,38.4376],[140.5715,38.4133],[140.5783,38.3931],[140.5444,38.3643],[140.5268,38.3581],[140.5218,38.35],[140.5293,38.3208],[140.5199,38.3098],[140.5045,38.3143],[140.503,38.3061],[140.4927,38.302],[140.4968,38.2831],[140.4714,38.2697],[140.4678,38.2325],[140.4742,38.2233],[140.4712,38.2135],[140.4795,38.1807],[140.4667,38.1565],[140.4445,38.1419],[140.4459,38.1301],[140.4242,38.1188],[140.4177,38.1031],[140.4211,38.0865],[140.4021,38.0705],[140.3826,38.0713],[140.3726,38.0573],[140.2772,38.0565],[140.2834,38.0499],[140.2763,38.0287],[140.2896,38.0073],[140.2765,37.9925],[140.2801,37.9769],[140.2724,37.9689],[140.2811,37.9418],[140.266,37.9131],[140.2701,37.8672],[140.2627,37.8355],[140.2692,37.825],[140.2988,37.809],[140.2373,37.7467],[140.167,37.7573],[140.1471,37.7528],[140.1406,37.7389],[140.1175,37.7346],[140.0999,37.7405],[140.0869,37.7582],[140.0692,37.7581],[140.0527,37.7789],[140.02,37.7626],[139.9895,37.7603],[139.9782,37.7665],[139.9599,37.797],[139.9585,37.8141],[139.9326,37.8299],[139.9256,37.8139],[139.8805,37.8103],[139.8585,37.827],[139.8102,37.8035],[139.7836,37.8319],[139.7422,37.8207],[139.7164,37.8538],[139.6811,37.8472],[139.6383,37.8819],[139.6294,37.894],[139.6249,37.9187],[139.6425,37.9463],[139.6396,37.9845],[139.6437,37.9948],[139.6537,37.9965],[139.6555,38.0343],[139.6794,38.0433],[139.6928,38.0572],[139.6864,38.0649],[139.6914,38.0746],[139.6723,38.0771],[139.6829,38.1083],[139.6933,38.1155],[139.6907,38.1547],[139.6826,38.1699],[139.688,38.1825],[139.6949,38.1851],[139.6992,38.2027],[139.7127,38.2066],[139.7559,38.1931],[139.7624,38.1989],[139.7867,38.1929],[139.8098,38.2103],[139.8605,38.2317],[139.8765,38.2611],[139.9001,38.2761],[139.8988,38.2925],[139.8807,38.3031],[139.8752,38.317],[139.8484,38.3365],[139.8489,38.343],[139.8286,38.3448],[139.817,38.3559],[139.7912,38.3492],[139.7718,38.3535],[139.7326,38.3719],[139.7225,38.3943],[139.7097,38.3877],[139.7056,38.4075],[139.7179,38.4246],[139.7193,38.45],[139.7125,38.4797],[139.7245,38.4848],[139.7219,38.4966],[139.6933,38.5071],[139.6379,38.5119],[139.6218,38.5257],[139.5988,38.5234],[139.5482,38.5534],[139.5418,38.5612],[139.5486,38.5611],[139.6149,38.6747],[139.6272,38.6878],[139.6328,38.6849],[139.6478,38.6936],[139.6626,38.7133],[139.6982,38.7302],[139.7079,38.7495],[139.7226,38.7633],[139.7344,38.7631],[139.7316,38.7661],[139.7468,38.7755],[139.7617,38.8005],[139.8175,38.9425],[139.8117,38.9451],[139.8354,38.9565],[139.8348,38.9639],[139.8318,38.9586],[139.819,38.9609],[139.826,38.9751],[139.8318,38.9735],[139.8404,38.9855],[139.8718,39.0687],[139.8682,39.0729],[139.879,39.0978],[139.8698,39.1186]]],[[[139.5441,39.1819],[139.5393,39.1958],[139.5494,39.201],[139.5498,39.2085],[139.5634,39.2011],[139.5441,39.1819]]]]}},{"type":"Feature","id":"Fukushima","properties":{"id":"Fukushima","code":7,"iso_code":"JP-07","name":"Fukushima","name_full":"Fukushima Ken","name_ja":"福島県","name_short_ja":"福島","region":"Tohoku","region_ja":"東北","center_lonlat":[140.2231,37.3819]},"geometry":{"type":"Polygon","coordinates":[[[140.2801,37.9769],[140.3149,37.9643],[140.3162,37.9586],[140.3513,37.9505],[140.3567,37.9583],[140.3855,37.9531],[140.387,37.9675],[140.4078,37.9735],[140.4096,37.9639],[140.4321,37.9544],[140.4449,37.9571],[140.4495,37.9511],[140.475,37.947],[140.4681,37.9377],[140.4696,37.9199],[140.4882,37.8999],[140.5624,37.9114],[140.5672,37.9228],[140.5921,37.9063],[140.6122,37.9156],[140.6251,37.9003],[140.6449,37.8958],[140.6613,37.9007],[140.6904,37.8883],[140.6831,37.8743],[140.6919,37.8517],[140.6794,37.8365],[140.6945,37.8035],[140.7135,37.7995],[140.728,37.7817],[140.7459,37.7884],[140.7929,37.7734],[140.8026,37.7804],[140.7651,37.7964],[140.7751,37.8065],[140.8318,37.7953],[140.8526,37.7958],[140.8574,37.8041],[140.8509,37.8513],[140.862,37.8627],[140.8551,37.8749],[140.8606,37.8799],[140.8567,37.8913],[140.8991,37.9039],[140.9013,37.8978],[140.92,37.8927],[140.9312,37.8963],[140.9468,37.8537],[140.9559,37.8597],[140.9495,37.8554],[140.9597,37.8316],[140.9866,37.8241],[140.9905,37.7694],[141.01,37.7448],[141.0162,37.6715],[141.0225,37.6647],[141.0279,37.6671],[141.0185,37.6625],[141.0243,37.6461],[141.0291,37.5482],[141.0433,37.4812],[141.0369,37.4666],[141.0394,37.4249],[141.0349,37.4271],[141.0404,37.4218],[141.0351,37.4194],[141.0391,37.3639],[141.0258,37.3237],[141.0364,37.3192],[141.0277,37.3223],[141.0284,37.3148],[141.0298,37.3197],[141.0297,37.3147],[141.0368,37.3175],[141.0256,37.3137],[141.0124,37.241],[141.0199,37.2404],[141.0166,37.23],[141.0284,37.2377],[141.0227,37.2289],[141.0125,37.2289],[141.0063,37.2125],[140.9998,37.1699],[141.0053,37.1458],[141.0,37.1399],[140.9994,37.1109],[140.9791,37.0749],[140.9731,37.0383],[140.982,36.9968],[140.9736,36.9915],[140.9695,36.9742],[140.9207,36.9343],[140.9107,36.9445],[140.8963,36.9433],[140.8691,36.9316],[140.8741,36.9238],[140.8541,36.9199],[140.841,36.9091],[140.8178,36.9087],[140.7909,36.8759],[140.7936,36.8596],[140.7863,36.8563],[140.7794,36.8666],[140.7652,36.8623],[140.7586,36.8725],[140.759,36.8677],[140.7415,36.8755],[140.7182,36.8724],[140.6955,36.8883],[140.6552,36.9007],[140.6374,36.8977],[140.6164,36.9035],[140.5945,36.9263],[140.594,36.9389],[140.5863,36.9455],[140.5676,36.9369],[140.565,36.9129],[140.5807,36.9046],[140.5919,36.8731],[140.5394,36.8592],[140.5116,36.8223],[140.4879,36.8182],[140.4898,36.8125],[140.4785,36.7977],[140.4637,36.7918],[140.4385,36.8216],[140.4317,36.8176],[140.4153,36.832],[140.3773,36.838],[140.3686,36.8654],[140.3718,36.8715],[140.3631,36.8851],[140.3257,36.8928],[140.318,36.9129],[140.2941,36.9319],[140.2643,36.9334],[140.2408,36.9499],[140.2525,36.9628],[140.2439,36.9771],[140.2504,36.9886],[140.2408,37.0005],[140.2451,37.0098],[140.2517,37.0091],[140.2492,37.0261],[140.2202,37.0188],[140.2046,37.024],[140.1965,37.0354],[140.2002,37.047],[140.1908,37.0569],[140.1941,37.0641],[140.1603,37.0802],[140.1533,37.0865],[140.1571,37.0904],[140.1378,37.1064],[140.1302,37.1039],[140.0957,37.1241],[140.0599,37.1256],[140.0228,37.1432],[139.9921,37.1433],[139.9549,37.155],[139.9166,37.1479],[139.9026,37.154],[139.8664,37.1474],[139.8538,37.1377],[139.831,37.1324],[139.8163,37.1182],[139.822,37.0855],[139.7758,37.0917],[139.7529,37.0711],[139.72,37.0709],[139.7013,37.0602],[139.6735,37.0579],[139.6651,37.0406],[139.6268,37.0336],[139.6192,37.0173],[139.6113,37.0138],[139.5831,37.0154],[139.5774,37.0032],[139.5487,36.9936],[139.5356,36.9811],[139.4947,36.9682],[139.4848,36.9751],[139.4599,36.9697],[139.4573,36.9561],[139.4358,36.9425],[139.4285,36.925],[139.4098,36.9272],[139.3934,36.9109],[139.3718,36.9181],[139.3495,36.9131],[139.3414,36.9279],[139.3047,36.9259],[139.295,36.9345],[139.2836,36.9317],[139.2665,36.9413],[139.2415,36.9302],[139.232,36.9406],[139.241,36.9415],[139.2496,36.9558],[139.2524,36.9751],[139.2474,36.981],[139.2551,36.9895],[139.2443,37.0146],[139.2601,37.0471],[139.2468,37.0721],[139.249,37.0796],[139.2395,37.0893],[139.2361,37.1162],[139.2534,37.1648],[139.2437,37.1702],[139.2413,37.1861],[139.2212,37.209],[139.2064,37.1952],[139.1966,37.1942],[139.1648,37.238],[139.1747,37.2565],[139.2119,37.286],[139.2242,37.3197],[139.2178,37.3343],[139.2336,37.3439],[139.2371,37.368],[139.2317,37.3877],[139.2098,37.3946],[139.1972,37.4109],[139.2083,37.4169],[139.2074,37.4278],[139.2231,37.449],[139.2349,37.445],[139.2524,37.4525],[139.2581,37.4472],[139.2813,37.4503],[139.3261,37.4625],[139.3458,37.4605],[139.3623,37.4701],[139.3976,37.4601],[139.4062,37.466],[139.4107,37.5032],[139.4285,37.5144],[139.4568,37.5181],[139.4754,37.5031],[139.4968,37.5128],[139.5137,37.5089],[139.5212,37.5144],[139.5643,37.5023],[139.5852,37.5131],[139.5906,37.528],[139.5806,37.5298],[139.5661,37.5461],[139.5713,37.5769],[139.5651,37.5976],[139.5488,37.6113],[139.5522,37.6185],[139.5468,37.6279],[139.5547,37.6419],[139.5494,37.6488],[139.5936,37.6655],[139.615,37.6875],[139.6273,37.6885],[139.6243,37.7098],[139.6497,37.7301],[139.6579,37.7547],[139.721,37.8084],[139.7415,37.8179],[139.7114,37.8545],[139.6811,37.8472],[139.7164,37.8538],[139.7422,37.8207],[139.7836,37.8319],[139.8102,37.8035],[139.8585,37.827],[139.8805,37.8103],[139.9256,37.8139],[139.9326,37.8299],[139.9585,37.8141],[139.9599,37.797],[139.9782,37.7665],[139.9895,37.7603],[140.02,37.7626],[140.0527,37.7789],[140.0692,37.7581],[140.0869,37.7582],[140.0999,37.7405],[140.1175,37.7346],[140.1406,37.7389],[140.1471,37.7528],[140.167,37.7573],[140.2373,37.7467],[140.2988,37.809],[140.2692,37.825],[140.2627,37.8355],[140.2701,37.8672],[140.266,37.9131],[140.2811,37.9418],[140.2724,37.9689],[140.2801,37.9769]]]}},{"type":"Feature","id":"Ibaraki","properties":{"id":"Ibaraki","code":8,"iso_code":"JP-08","name":"Ibaraki","name_full":"Ibaraki Ken","name_ja":"茨城県","name_short_ja":"茨城","region":"Kanto","region_ja":"関東","center_lonlat":[140.3172,36.3107]},"geometry":{"type":"Polygon","coordinates":[[[140.7936,36.8596],[140.8062,36.8313],[140.7863,36.8295],[140.7705,36.8199],[140.7468,36.7807],[140.7169,36.6927],[140.7164,36.6624],[140.6941,36.6441],[140.6891,36.6216],[140.6554,36.576],[140.6281,36.4951],[140.6218,36.4956],[140.6204,36.4865],[140.6117,36.4871],[140.6234,36.4818],[140.6149,36.4834],[140.612,36.4779],[140.6081,36.4403],[140.627,36.4414],[140.6269,36.4312],[140.6082,36.4312],[140.6092,36.4118],[140.6157,36.411],[140.6097,36.4053],[140.6154,36.4053],[140.6113,36.4012],[140.6157,36.3883],[140.6268,36.3813],[140.6218,36.3623],[140.5942,36.3374],[140.588,36.3107],[140.5659,36.3047],[140.5596,36.2917],[140.5597,36.2558],[140.572,36.1846],[140.61,36.0865],[140.6736,35.9689],[140.681,35.9709],[140.7011,35.9377],[140.6784,35.9199],[140.6629,35.9286],[140.6736,35.9127],[140.6748,35.897],[140.6908,35.8829],[140.6773,35.912],[140.7071,35.925],[140.775,35.8233],[140.8318,35.7532],[140.8519,35.7439],[140.8204,35.7396],[140.7468,35.7818],[140.7295,35.7962],[140.7061,35.8365],[140.6821,35.8495],[140.6318,35.8589],[140.5989,35.9032],[140.5113,35.9587],[140.4953,35.9308],[140.4872,35.9281],[140.4908,35.9151],[140.5028,35.9058],[140.4841,35.9099],[140.4585,35.9261],[140.4486,35.9152],[140.4205,35.9064],[140.3988,35.9093],[140.3665,35.9002],[140.3176,35.8644],[140.2812,35.8741],[140.2436,35.8554],[140.2064,35.8614],[140.1548,35.8426],[140.1218,35.8736],[140.089,35.8841],[140.0705,35.8784],[140.017,35.9106],[139.9931,35.9103],[139.9392,35.9403],[139.9321,35.9497],[139.9382,35.9619],[139.9341,35.9684],[139.9008,35.9769],[139.8842,35.9889],[139.8785,36.0072],[139.8663,36.0203],[139.8106,36.066],[139.8012,36.0919],[139.7868,36.1041],[139.7762,36.0909],[139.7703,36.0812],[139.7298,36.0879],[139.7268,36.1114],[139.6986,36.1521],[139.6912,36.1726],[139.6944,36.1903],[139.6879,36.1998],[139.6914,36.2061],[139.7064,36.2019],[139.7071,36.2107],[139.7178,36.2116],[139.7274,36.2016],[139.8217,36.2398],[139.8413,36.2754],[139.8354,36.2935],[139.8487,36.3113],[139.8718,36.315],[139.8782,36.323],[139.8826,36.3214],[139.8802,36.3098],[139.8964,36.3098],[139.8954,36.3008],[139.9096,36.3006],[139.9151,36.3095],[139.9142,36.3365],[139.9645,36.3509],[139.9733,36.3785],[139.9885,36.3675],[140.0021,36.3681],[140.0005,36.3766],[140.0449,36.3751],[140.0692,36.3889],[140.0665,36.4038],[140.0928,36.4013],[140.101,36.3942],[140.1111,36.3989],[140.1101,36.4075],[140.1304,36.4147],[140.1443,36.4141],[140.1561,36.3984],[140.1853,36.3983],[140.1916,36.4043],[140.2024,36.4199],[140.2028,36.4543],[140.2276,36.4874],[140.2309,36.5029],[140.2415,36.5032],[140.2477,36.5139],[140.2603,36.5176],[140.2488,36.5329],[140.2516,36.5545],[140.2439,36.5629],[140.2468,36.6133],[140.2347,36.6239],[140.2339,36.6341],[140.2425,36.6364],[140.241,36.6489],[140.2295,36.6622],[140.2316,36.6699],[140.2216,36.6743],[140.2206,36.6859],[140.2321,36.7001],[140.2674,36.7026],[140.2926,36.7127],[140.2837,36.7333],[140.2639,36.748],[140.2555,36.7645],[140.2609,36.7673],[140.2539,36.7837],[140.2652,36.7887],[140.267,36.8236],[140.2525,36.8505],[140.2559,36.8721],[140.2489,36.9199],[140.2643,36.9334],[140.2941,36.9319],[140.318,36.9129],[140.3257,36.8928],[140.3631,36.8851],[140.3718,36.8715],[140.3686,36.8654],[140.3773,36.838],[140.4153,36.832],[140.4317,36.8176],[140.4385,36.8216],[140.4637,36.7918],[140.4785,36.7977],[140.4898,36.8125],[140.4879,36.8182],[140.5116,36.8223],[140.5394,36.8592],[140.5919,36.8731],[140.5807,36.9046],[140.565,36.9129],[140.5676,36.9369],[140.5863,36.9455],[140.594,36.9389],[140.5945,36.9263],[140.6164,36.9035],[140.6374,36.8977],[140.6552,36.9007],[140.6955,36.8883],[140.7182,36.8724],[140.7415,36.8755],[140.759,36.8677],[140.7586,36.8725],[140.7652,36.8623],[140.7794,36.8666],[140.7863,36.8563],[140.7936,36.8596]]]}},{"type":"Feature","id":"Tochigi","properties":{"id":"Tochigi","code":9,"iso_code":"JP-09","name":"Tochigi","name_full":"Tochigi Ken","name_ja":"栃木県","name_short_ja":"栃木","region":"Kanto","region_ja":"関東","center_lonlat":[139.8162,36.6925]},"geometry":{"type":"Polygon","coordinates":[[[140.2643,36.9334],[140.2489,36.9199],[140.2559,36.8721],[140.2525,36.8505],[140.267,36.8236],[140.2652,36.7887],[140.2539,36.7837],[140.2609,36.7673],[140.2555,36.7645],[140.2639,36.748],[140.2837,36.7333],[140.2926,36.7127],[140.2674,36.7026],[140.2321,36.7001],[140.2206,36.6859],[140.2216,36.6743],[140.2316,36.6699],[140.2295,36.6622],[140.241,36.6489],[140.2425,36.6364],[140.2339,36.6341],[140.2347,36.6239],[140.2468,36.6133],[140.2439,36.5629],[140.2516,36.5545],[140.2488,36.5329],[140.2603,36.5176],[140.2477,36.5139],[140.2415,36.5032],[140.2309,36.5029],[140.2276,36.4874],[140.2028,36.4543],[140.2024,36.4199],[140.1916,36.4043],[140.1853,36.3983],[140.1561,36.3984],[140.1443,36.4141],[140.1304,36.4147],[140.1101,36.4075],[140.1111,36.3989],[140.101,36.3942],[140.0928,36.4013],[140.0665,36.4038],[140.0692,36.3889],[140.0449,36.3751],[140.0005,36.3766],[140.0021,36.3681],[139.9885,36.3675],[139.9733,36.3785],[139.9645,36.3509],[139.9142,36.3365],[139.9151,36.3095],[139.9096,36.3006],[139.8954,36.3008],[139.8964,36.3098],[139.8802,36.3098],[139.8826,36.3214],[139.8782,36.323],[139.8718,36.315],[139.8487,36.3113],[139.8354,36.2935],[139.8413,36.2754],[139.8217,36.2398],[139.7274,36.2016],[139.7178,36.2116],[139.7071,36.2107],[139.7064,36.2019],[139.6914,36.2061],[139.6879,36.1998],[139.6777,36.2014],[139.6743,36.2091],[139.6648,36.2072],[139.6693,36.2125],[139.6655,36.2231],[139.6596,36.2209],[139.6629,36.23],[139.646,36.2404],[139.6425,36.2357],[139.6309,36.2545],[139.6428,36.2667],[139.6377,36.2642],[139.6341,36.2701],[139.617,36.2741],[139.6101,36.2685],[139.563,36.267],[139.5536,36.2794],[139.5404,36.2768],[139.5266,36.2846],[139.4644,36.2715],[139.4591,36.2759],[139.4674,36.279],[139.4588,36.2886],[139.4437,36.2883],[139.4379,36.2971],[139.4358,36.2921],[139.4157,36.316],[139.4147,36.3249],[139.4267,36.3257],[139.418,36.3365],[139.3695,36.3667],[139.3611,36.3838],[139.3805,36.416],[139.4109,36.4493],[139.4097,36.4585],[139.431,36.4576],[139.4351,36.4642],[139.4381,36.475],[139.4319,36.4713],[139.428,36.4901],[139.419,36.4949],[139.4219,36.5087],[139.4429,36.5318],[139.4348,36.5329],[139.4383,36.5482],[139.4598,36.5531],[139.4834,36.5824],[139.4653,36.6065],[139.428,36.6011],[139.404,36.6089],[139.4067,36.6055],[139.3979,36.6023],[139.3886,36.6106],[139.355,36.6145],[139.3279,36.6336],[139.3273,36.6563],[139.3389,36.6783],[139.337,36.6921],[139.3605,36.7137],[139.3718,36.7457],[139.3548,36.7532],[139.3531,36.7737],[139.3743,36.7844],[139.378,36.8037],[139.3935,36.8097],[139.3935,36.8171],[139.4064,36.8296],[139.3487,36.8527],[139.3564,36.8781],[139.369,36.8779],[139.3718,36.8901],[139.3953,36.9053],[139.3934,36.9109],[139.4098,36.9272],[139.4285,36.925],[139.4358,36.9425],[139.4573,36.9561],[139.4599,36.9697],[139.4848,36.9751],[139.4947,36.9682],[139.5356,36.9811],[139.5487,36.9936],[139.5774,37.0032],[139.5831,37.0154],[139.6113,37.0138],[139.6192,37.0173],[139.6268,37.0336],[139.6651,37.0406],[139.6735,37.0579],[139.7013,37.0602],[139.72,37.0709],[139.7529,37.0711],[139.7758,37.0917],[139.822,37.0855],[139.8163,37.1182],[139.831,37.1324],[139.8538,37.1377],[139.8664,37.1474],[139.9026,37.154],[139.9166,37.1479],[139.9549,37.155],[139.9921,37.1433],[140.0228,37.1432],[140.0599,37.1256],[140.0957,37.1241],[140.1302,37.1039],[140.1378,37.1064],[140.1571,37.0904],[140.1533,37.0865],[140.1603,37.0802],[140.1941,37.0641],[140.1908,37.0569],[140.2002,37.047],[140.1965,37.0354],[140.2046,37.024],[140.2202,37.0188],[140.2492,37.0261],[140.2517,37.0091],[140.2451,37.0098],[140.2408,37.0005],[140.2504,36.9886],[140.2439,36.9771],[140.2525,36.9628],[140.2408,36.9499],[140.2643,36.9334]]]}},{"type":"Feature","id":"Gunma","properties":{"id":"Gunma","code":10,"iso_code":"JP-10","name":"Gunma","name_full":"Gunma Ken","name_ja":"群馬県","name_short_ja":"群馬","region":"Kanto","region_ja":"関東","center_lonlat":[138.9821,36.5076]},"geometry":{"type":"Polygon","coordinates":[[[138.6957,36.7386],[138.7119,36.7388],[138.7263,36.7638],[138.7672,36.7466],[138.7894,36.745],[138.8012,36.7619],[138.8163,36.7619],[138.8261,36.7717],[138.8313,36.7937],[138.8215,36.8171],[138.8549,36.8119],[138.8818,36.8258],[138.9284,36.8326],[138.9251,36.8464],[138.9162,36.851],[138.923,36.8835],[138.9397,36.8951],[138.9715,36.8874],[138.979,36.8911],[138.9771,36.9199],[138.9677,36.9302],[138.9657,36.9439],[138.9665,36.9789],[138.9987,36.9794],[139.015,36.9882],[139.047,36.9875],[139.0541,36.9983],[139.0902,37.0196],[139.097,37.0588],[139.1218,37.0477],[139.1319,37.0267],[139.1719,37.0003],[139.1792,36.9914],[139.1753,36.9737],[139.1803,36.9647],[139.2052,36.9563],[139.2283,36.9613],[139.2373,36.9471],[139.232,36.9406],[139.2415,36.9302],[139.2665,36.9413],[139.2836,36.9317],[139.295,36.9345],[139.3047,36.9259],[139.3414,36.9279],[139.3495,36.9131],[139.3718,36.9181],[139.3934,36.9109],[139.3953,36.9053],[139.3718,36.8901],[139.369,36.8779],[139.3564,36.8781],[139.3487,36.8527],[139.4064,36.8296],[139.3935,36.8171],[139.3935,36.8097],[139.378,36.8037],[139.3743,36.7844],[139.3531,36.7737],[139.3548,36.7532],[139.3718,36.7457],[139.3605,36.7137],[139.337,36.6921],[139.3389,36.6783],[139.3273,36.6563],[139.3279,36.6336],[139.355,36.6145],[139.3886,36.6106],[139.3979,36.6023],[139.4067,36.6055],[139.404,36.6089],[139.428,36.6011],[139.4653,36.6065],[139.4834,36.5824],[139.4598,36.5531],[139.4383,36.5482],[139.4348,36.5329],[139.4429,36.5318],[139.4219,36.5087],[139.419,36.4949],[139.428,36.4901],[139.4319,36.4713],[139.4381,36.475],[139.4351,36.4642],[139.431,36.4576],[139.4097,36.4585],[139.4109,36.4493],[139.3805,36.416],[139.3611,36.3838],[139.3695,36.3667],[139.418,36.3365],[139.4267,36.3257],[139.4147,36.3249],[139.4157,36.316],[139.4358,36.2921],[139.4379,36.2971],[139.4437,36.2883],[139.4588,36.2886],[139.4674,36.279],[139.4591,36.2759],[139.4644,36.2715],[139.5266,36.2846],[139.5404,36.2768],[139.5536,36.2794],[139.563,36.267],[139.6101,36.2685],[139.617,36.2741],[139.6341,36.2701],[139.6377,36.2642],[139.6428,36.2667],[139.6309,36.2545],[139.6425,36.2357],[139.646,36.2404],[139.6629,36.23],[139.6596,36.2209],[139.6655,36.2231],[139.6693,36.2125],[139.6648,36.2072],[139.6606,36.2147],[139.65,36.2113],[139.6503,36.1969],[139.6281,36.1946],[139.6249,36.1866],[139.5879,36.2104],[139.5258,36.1913],[139.4572,36.1906],[139.3595,36.2532],[139.3471,36.2532],[139.3278,36.2399],[139.3235,36.2297],[139.31,36.2333],[139.3037,36.2455],[139.268,36.2504],[139.2648,36.2427],[139.2437,36.2445],[139.2239,36.2585],[139.2116,36.2563],[139.2086,36.2623],[139.1639,36.279],[139.136,36.2785],[139.1293,36.2834],[139.1075,36.2615],[139.1078,36.2532],[139.0632,36.1959],[139.0645,36.1879],[139.0576,36.1837],[139.0621,36.1531],[139.0431,36.1485],[139.0428,36.1296],[139.0043,36.1331],[139.0022,36.1256],[138.986,36.116],[138.9584,36.1243],[138.9578,36.1079],[138.9458,36.0963],[138.9312,36.0883],[138.904,36.0918],[138.8661,36.0777],[138.8474,36.0671],[138.8285,36.0373],[138.7908,36.0295],[138.7754,36.0378],[138.755,36.0346],[138.7439,36.0111],[138.7127,35.9853],[138.6886,35.9918],[138.6808,36.0107],[138.6624,36.0115],[138.6314,36.0283],[138.6438,36.0507],[138.6306,36.0913],[138.645,36.0989],[138.6406,36.1168],[138.6452,36.1198],[138.6346,36.1336],[138.598,36.1381],[138.5875,36.1605],[138.5773,36.1681],[138.5879,36.1789],[138.5921,36.1677],[138.6093,36.1614],[138.6114,36.1676],[138.637,36.1745],[138.6228,36.197],[138.6369,36.2044],[138.6324,36.2168],[138.6218,36.215],[138.6125,36.2409],[138.6031,36.2479],[138.6004,36.2785],[138.6439,36.2934],[138.6535,36.3031],[138.6481,36.3141],[138.6499,36.3519],[138.6571,36.3687],[138.6515,36.3731],[138.6481,36.4083],[138.6345,36.4177],[138.5922,36.4245],[138.5556,36.4181],[138.5334,36.4023],[138.5042,36.4149],[138.4936,36.4137],[138.4898,36.4016],[138.4603,36.4046],[138.4571,36.4199],[138.4009,36.4347],[138.3972,36.4887],[138.4124,36.5415],[138.4285,36.5556],[138.4282,36.5689],[138.4203,36.5771],[138.4274,36.5961],[138.4401,36.5997],[138.4415,36.6107],[138.4534,36.6133],[138.458,36.6333],[138.4728,36.6435],[138.4968,36.6433],[138.5292,36.6565],[138.5344,36.6664],[138.5188,36.6757],[138.5198,36.6889],[138.514,36.6903],[138.5582,36.7066],[138.5829,36.7015],[138.5955,36.7147],[138.6098,36.7065],[138.6218,36.7204],[138.6957,36.7386]]]}},{"type":"Feature","id":"Saitama","properties":{"id":"Saitama","code":11,"iso_code":"JP-11","name":"Saitama","name_full":"Saitama Ken","name_ja":"埼玉県","name_short_ja":"埼玉","region":"Kanto","region_ja":"関東","center_lonlat":[139.3445,36.0001]},"geometry":{"type":"Polygon","coordinates":[[[139.6648,36.2072],[139.6743,36.2091],[139.6777,36.2014],[139.6879,36.1998],[139.6944,36.1903],[139.6912,36.1726],[139.6986,36.1521],[139.7268,36.1114],[139.7298,36.0879],[139.7703,36.0812],[139.7762,36.0909],[139.7907,36.0592],[139.8174,36.0325],[139.8142,35.9979],[139.8259,35.9848],[139.8256,35.9729],[139.8873,35.8965],[139.9,35.8653],[139.8885,35.8302],[139.8938,35.7827],[139.8767,35.7809],[139.8718,35.7883],[139.8774,35.7938],[139.8718,35.7971],[139.8564,35.7909],[139.8388,35.8008],[139.8272,35.7936],[139.8216,35.7965],[139.8211,35.8151],[139.7961,35.8056],[139.7677,35.8175],[139.7505,35.8093],[139.7605,35.7979],[139.7535,35.7865],[139.7378,35.7805],[139.7353,35.7897],[139.725,35.7873],[139.6917,35.8007],[139.6571,35.8005],[139.6416,35.7981],[139.6247,35.7795],[139.6218,35.7667],[139.5994,35.7695],[139.6042,35.7743],[139.5887,35.7786],[139.5479,35.7537],[139.5478,35.7738],[139.5161,35.7655],[139.5436,35.7817],[139.5372,35.7916],[139.5463,35.7995],[139.5416,35.8074],[139.522,35.789],[139.497,35.7787],[139.4816,35.7807],[139.4573,35.7695],[139.404,35.7693],[139.3919,35.7633],[139.3812,35.766],[139.3769,35.7801],[139.3714,35.7783],[139.3702,35.7912],[139.3257,35.795],[139.316,35.823],[139.3054,35.8226],[139.3015,35.8341],[139.2808,35.8405],[139.2295,35.8373],[139.2091,35.8464],[139.1964,35.8401],[139.1384,35.8643],[139.0624,35.8734],[139.0239,35.8974],[139.0103,35.8971],[139.0015,35.8844],[138.9682,35.8821],[138.9463,35.8687],[138.944,35.8547],[138.9282,35.8493],[138.9099,35.8519],[138.8929,35.8399],[138.8463,35.8672],[138.8136,35.8623],[138.793,35.8751],[138.7911,35.8913],[138.7782,35.9001],[138.7348,35.9039],[138.7288,35.9093],[138.7387,35.9384],[138.7123,35.9697],[138.7127,35.9853],[138.7439,36.0111],[138.755,36.0346],[138.7754,36.0378],[138.7908,36.0295],[138.8285,36.0373],[138.8474,36.0671],[138.8661,36.0777],[138.904,36.0918],[138.9312,36.0883],[138.9458,36.0963],[138.9578,36.1079],[138.9584,36.1243],[138.986,36.116],[139.0022,36.1256],[139.0043,36.1331],[139.0428,36.1296],[139.0431,36.1485],[139.0621,36.1531],[139.0576,36.1837],[139.0645,36.1879],[139.0632,36.1959],[139.1078,36.2532],[139.1075,36.2615],[139.1293,36.2834],[139.136,36.2785],[139.1639,36.279],[139.2086,36.2623],[139.2116,36.2563],[139.2239,36.2585],[139.2437,36.2445],[139.2648,36.2427],[139.268,36.2504],[139.3037,36.2455],[139.31,36.2333],[139.3235,36.2297],[139.3278,36.2399],[139.3471,36.2532],[139.3595,36.2532],[139.4572,36.1906],[139.5258,36.1913],[139.5879,36.2104],[139.6249,36.1866],[139.6281,36.1946],[139.6503,36.1969],[139.65,36.2113],[139.6606,36.2147],[139.6648,36.2072]]]}},{"type":"Feature","id":"Chiba","properties":{"id":"Chiba","code":12,"iso_code":"JP-12","name":"Chiba","name_full":"Chiba Ken","name_ja":"千葉県","name_short_ja":"千葉","region":"Kanto","region_ja":"関東","center_lonlat":[140.2014,35.5163]},"geometry":{"type":"MultiPolygon","coordinates":[[[[139.7762,36.0909],[139.7868,36.1041],[139.8012,36.0919],[139.8106,36.066],[139.8663,36.0203],[139.8785,36.0072],[139.8842,35.9889],[139.9008,35.9769],[139.9341,35.9684],[139.9382,35.9619],[139.9321,35.9497],[139.9392,35.9403],[139.9931,35.9103],[140.017,35.9106],[140.0705,35.8784],[140.089,35.8841],[140.1218,35.8736],[140.1548,35.8426],[140.2064,35.8614],[140.2436,35.8554],[140.2812,35.8741],[140.3176,35.8644],[140.3665,35.9002],[140.3988,35.9093],[140.4205,35.9064],[140.4486,35.9152],[140.4585,35.9261],[140.4841,35.9099],[140.5028,35.9058],[140.4908,35.9151],[140.4872,35.9281],[140.4953,35.9308],[140.5113,35.9587],[140.5989,35.9032],[140.6318,35.8589],[140.6821,35.8495],[140.7061,35.8365],[140.7295,35.7962],[140.7468,35.7818],[140.8204,35.7396],[140.8519,35.7439],[140.8614,35.7447],[140.869,35.736],[140.8646,35.7341],[140.8709,35.7183],[140.8635,35.7031],[140.8655,35.6934],[140.8472,35.6972],[140.8308,35.7135],[140.737,35.6916],[140.7072,35.7021],[140.6554,35.6882],[140.5367,35.6111],[140.4689,35.5475],[140.4303,35.4983],[140.3972,35.4187],[140.3916,35.377],[140.395,35.3365],[140.4148,35.3069],[140.4011,35.2749],[140.4059,35.2405],[140.3933,35.203],[140.3775,35.181],[140.3514,35.1814],[140.334,35.1649],[140.3262,35.1401],[140.3117,35.1343],[140.3126,35.1471],[140.2989,35.1509],[140.2909,35.1369],[140.2772,35.1309],[140.2749,35.1367],[140.249,35.1344],[140.2336,35.1155],[140.2019,35.1097],[140.1925,35.1268],[140.1837,35.1186],[140.1685,35.1235],[140.1218,35.1155],[140.1044,35.0984],[140.1087,35.0913],[140.1007,35.0898],[140.1019,35.0772],[140.0796,35.0682],[140.0842,35.0631],[140.0761,35.0632],[140.074,35.0563],[140.0586,35.0585],[140.0381,35.0514],[139.9815,35.0113],[139.961,34.9681],[139.9659,34.9541],[139.9561,34.9312],[139.924,34.9113],[139.9283,34.9101],[139.894,34.9056],[139.8879,34.8995],[139.8672,34.9063],[139.8371,34.9032],[139.8244,34.9111],[139.8241,34.9327],[139.8116,34.9431],[139.759,34.9586],[139.7536,34.9669],[139.7539,34.9777],[139.7844,34.9734],[139.8182,34.9777],[139.8248,34.9915],[139.8416,34.9917],[139.8482,34.9852],[139.8582,35.0032],[139.8506,35.0248],[139.8107,35.0392],[139.8149,35.0428],[139.8238,35.0371],[139.8321,35.0439],[139.8212,35.072],[139.8423,35.0865],[139.8361,35.0997],[139.8244,35.1008],[139.8248,35.1133],[139.8391,35.1293],[139.8286,35.1507],[139.8172,35.1545],[139.8221,35.1648],[139.8169,35.1773],[139.8237,35.1967],[139.8665,35.2195],[139.8698,35.2349],[139.8624,35.2565],[139.8468,35.2716],[139.8528,35.2839],[139.8419,35.2941],[139.7805,35.315],[139.8193,35.3163],[139.8164,35.3237],[139.8391,35.3337],[139.8231,35.3443],[139.8381,35.3589],[139.8472,35.3469],[139.8564,35.3514],[139.8392,35.3673],[139.8454,35.3747],[139.8969,35.3583],[139.8883,35.37],[139.9074,35.3704],[139.8976,35.3751],[139.9131,35.3793],[139.9189,35.3884],[139.9067,35.3894],[139.8978,35.4091],[139.897,35.4225],[139.9052,35.432],[139.9176,35.4405],[139.9486,35.4422],[139.9511,35.4559],[139.9621,35.4585],[139.965,35.4507],[139.9522,35.4529],[139.9547,35.4441],[139.9744,35.4484],[139.9657,35.4685],[139.9822,35.4747],[139.9904,35.452],[139.9983,35.4579],[139.989,35.4698],[139.9991,35.4658],[140.0032,35.4681],[139.9977,35.4745],[140.0065,35.4791],[140.0228,35.4675],[140.0112,35.484],[140.0218,35.4968],[140.036,35.4953],[140.0251,35.5015],[140.0341,35.5118],[140.0423,35.5073],[140.0461,35.5115],[140.0377,35.5163],[140.0501,35.5309],[140.0606,35.5299],[140.0539,35.535],[140.0614,35.5437],[140.0723,35.55],[140.0962,35.5353],[140.1011,35.5383],[140.091,35.5422],[140.0943,35.5454],[140.0881,35.5459],[140.0883,35.5519],[140.1156,35.5505],[140.091,35.5645],[140.1271,35.5675],[140.0862,35.5693],[140.0817,35.5883],[140.1032,35.5865],[140.114,35.5723],[140.1106,35.5895],[140.1182,35.5957],[140.1077,35.592],[140.1059,35.6027],[140.1016,35.594],[140.089,35.5945],[140.1005,35.6045],[140.083,35.6139],[140.078,35.6105],[140.0866,35.6019],[140.0839,35.5967],[140.0137,35.6575],[139.9877,35.6546],[139.9867,35.6601],[140.003,35.6598],[140.002,35.6657],[139.986,35.6639],[139.9849,35.6699],[139.9922,35.6724],[139.9839,35.6772],[139.9848,35.6919],[139.9831,35.6817],[139.96,35.6794],[139.9531,35.6883],[139.9581,35.6774],[139.9532,35.6717],[139.9474,35.68],[139.9314,35.6745],[139.93,35.6694],[139.9475,35.6699],[139.9183,35.6555],[139.9396,35.6411],[139.9099,35.6244],[139.9053,35.6329],[139.8975,35.6294],[139.907,35.6231],[139.8977,35.6167],[139.8928,35.6255],[139.8726,35.6255],[139.8729,35.6385],[139.887,35.6539],[139.8858,35.6768],[139.9059,35.6837],[139.9187,35.6978],[139.8971,35.7267],[139.8998,35.7437],[139.8808,35.7647],[139.8805,35.7712],[139.8938,35.7827],[139.8885,35.8302],[139.9,35.8653],[139.8873,35.8965],[139.8256,35.9729],[139.8259,35.9848],[139.8142,35.9979],[139.8174,36.0325],[139.7907,36.0592],[139.7762,36.0909]]],[[[139.9638,35.6723],[139.9589,35.6731],[139.9627,35.6807],[139.9778,35.6795],[139.9712,35.6773],[139.9792,35.6699],[139.9638,35.6723]]]]}},{"type":"Feature","id":"Tokyo","properties":{"id":"Tokyo","code":13,"iso_code":"JP-13","name":"Tokyo","name_full":"Tokyo To","name_ja":"東京都","name_short_ja":"東京","region":"Kanto","region_ja":"関東","center_lonlat":[139.4339,35.7157]},"geometry":{"type":"MultiPolygon","coordinates":[[[[138.944,35.8547],[138.9463,35.8687],[138.9682,35.8821],[139.0015,35.8844],[139.0103,35.8971],[139.0239,35.8974],[139.0624,35.8734],[139.1384,35.8643],[139.1964,35.8401],[139.2091,35.8464],[139.2295,35.8373],[139.2808,35.8405],[139.3015,35.8341],[139.3054,35.8226],[139.316,35.823],[139.3257,35.795],[139.3702,35.7912],[139.3714,35.7783],[139.3769,35.7801],[139.3812,35.766],[139.3919,35.7633],[139.404,35.7693],[139.4573,35.7695],[139.4816,35.7807],[139.497,35.7787],[139.522,35.789],[139.5416,35.8074],[139.5463,35.7995],[139.5372,35.7916],[139.5436,35.7817],[139.5161,35.7655],[139.5478,35.7738],[139.5479,35.7537],[139.5887,35.7786],[139.6042,35.7743],[139.5994,35.7695],[139.6218,35.7667],[139.6247,35.7795],[139.6416,35.7981],[139.6571,35.8005],[139.6917,35.8007],[139.725,35.7873],[139.7353,35.7897],[139.7378,35.7805],[139.7535,35.7865],[139.7605,35.7979],[139.7505,35.8093],[139.7677,35.8175],[139.7961,35.8056],[139.8211,35.8151],[139.8216,35.7965],[139.8272,35.7936],[139.8388,35.8008],[139.8564,35.7909],[139.8718,35.7971],[139.8774,35.7938],[139.8718,35.7883],[139.8767,35.7809],[139.8938,35.7827],[139.8805,35.7712],[139.8808,35.7647],[139.8998,35.7437],[139.8971,35.7267],[139.9187,35.6978],[139.9059,35.6837],[139.8858,35.6768],[139.887,35.6539],[139.8729,35.6385],[139.8411,35.6433],[139.8404,35.6339],[139.8214,35.632],[139.8337,35.6347],[139.8346,35.6441],[139.8065,35.6406],[139.8002,35.6362],[139.7986,35.6219],[139.7788,35.6375],[139.7981,35.6448],[139.7956,35.6498],[139.7767,35.6422],[139.7925,35.6529],[139.7895,35.6569],[139.7727,35.646],[139.7673,35.6581],[139.7616,35.6526],[139.7441,35.5894],[139.7562,35.5695],[139.7502,35.5673],[139.7543,35.5616],[139.7855,35.5705],[139.8087,35.5384],[139.7898,35.5267],[139.7575,35.5442],[139.7018,35.5372],[139.6978,35.5435],[139.7025,35.5539],[139.6783,35.5634],[139.6653,35.5889],[139.6192,35.6135],[139.5785,35.6219],[139.5254,35.6427],[139.5146,35.6248],[139.4951,35.6175],[139.4968,35.6048],[139.463,35.6249],[139.4493,35.6118],[139.4532,35.6049],[139.4653,35.6091],[139.5072,35.5757],[139.4896,35.5615],[139.4829,35.5713],[139.49,35.5841],[139.4732,35.5763],[139.4702,35.5607],[139.4804,35.5577],[139.4867,35.5355],[139.4862,35.5208],[139.4777,35.5121],[139.485,35.5039],[139.4678,35.5022],[139.4616,35.5197],[139.4553,35.5199],[139.458,35.5281],[139.3986,35.5844],[139.3414,35.6048],[139.3046,35.6052],[139.2822,35.613],[139.2529,35.6019],[139.2204,35.6257],[139.2157,35.6461],[139.2009,35.6525],[139.1799,35.6455],[139.168,35.6511],[139.1617,35.6679],[139.131,35.6718],[139.1085,35.6896],[139.0661,35.6982],[139.0256,35.7193],[138.9837,35.7695],[138.9846,35.7846],[138.9709,35.8038],[138.9697,35.8313],[138.9533,35.8365],[138.944,35.8547]]],[[[139.4388,34.6786],[139.3967,34.6833],[139.3595,34.7017],[139.3488,34.7646],[139.3507,34.7839],[139.3603,34.7988],[139.4119,34.787],[139.4345,34.7703],[139.4471,34.7456],[139.4496,34.7153],[139.4435,34.7039],[139.4486,34.6947],[139.445,34.6847],[139.4367,34.6882],[139.4388,34.6786]]],[[[139.8322,33.0461],[139.8175,33.0588],[139.7865,33.0683],[139.7811,33.0725],[139.7775,33.0995],[139.7548,33.1044],[139.7401,33.1305],[139.7391,33.1455],[139.7468,33.1559],[139.7714,33.158],[139.8177,33.1196],[139.8464,33.1164],[139.8567,33.0994],[139.8581,33.0785],[139.8404,33.0753],[139.8335,33.0656],[139.8368,33.0506],[139.8322,33.0461]]],[[[139.5021,34.0454],[139.4826,34.0512],[139.4731,34.0765],[139.4939,34.1031],[139.4914,34.1172],[139.5388,34.1237],[139.5585,34.1113],[139.5649,34.1021],[139.5624,34.0685],[139.5294,34.0463],[139.5021,34.0454]]],[[[139.2725,34.3299],[139.2447,34.3476],[139.2426,34.3623],[139.2553,34.3835],[139.2554,34.3999],[139.2806,34.4199],[139.2785,34.4309],[139.2902,34.4244],[139.2864,34.4131],[139.291,34.4083],[139.2777,34.3888],[139.2725,34.3299]]],[[[142.2207,27.0353],[142.2189,27.0406],[142.2103,27.0379],[142.1992,27.0445],[142.1847,27.042],[142.1882,27.0605],[142.1941,27.061],[142.1829,27.074],[142.204,27.0726],[142.2073,27.0847],[142.202,27.0865],[142.2035,27.0979],[142.1862,27.088],[142.1817,27.099],[142.1862,27.1043],[142.2179,27.0999],[142.225,27.0803],[142.2323,27.0773],[142.2309,27.0601],[142.237,27.0485],[142.2292,27.0555],[142.2224,27.0529],[142.2299,27.0355],[142.2207,27.0353]]],[[[141.2862,24.7452],[141.2937,24.7802],[141.2869,24.7895],[141.3289,24.8117],[141.3475,24.7822],[141.3437,24.7754],[141.2862,24.7452]]],[[[139.6208,33.852],[139.5942,33.8543],[139.5778,33.8625],[139.5773,33.8805],[139.5905,33.8968],[139.6056,33.9007],[139.6218,33.8876],[139.6321,33.8698],[139.6208,33.852]]],[[[139.129,34.1851],[139.12,34.1921],[139.1218,34.1991],[139.1331,34.2035],[139.1284,34.222],[139.1363,34.2249],[139.1369,34.2407],[139.1694,34.232],[139.1754,34.205],[139.1614,34.206],[139.1539,34.2018],[139.156,34.1955],[139.148,34.1966],[139.146,34.188],[139.129,34.1851]]],[[[142.1789,26.6069],[142.1738,26.607],[142.1754,26.6235],[142.17,26.6308],[142.1622,26.629],[142.1612,26.6383],[142.1552,26.6346],[142.147,26.6505],[142.1475,26.6665],[142.1425,26.6651],[142.1448,26.6737],[142.132,26.6866],[142.1245,26.7134],[142.1337,26.6988],[142.1426,26.6981],[142.1413,26.7073],[142.1637,26.7019],[142.1464,26.6931],[142.1465,26.6853],[142.1676,26.6888],[142.1635,26.662],[142.1731,26.6552],[142.1878,26.6586],[142.1757,26.6541],[142.1721,26.6429],[142.1821,26.6213],[142.1789,26.6069]]],[[[139.7495,35.5889],[139.753,35.6177],[139.7575,35.617],[139.7764,35.5907],[139.7704,35.5812],[139.7786,35.5864],[139.787,35.5804],[139.7559,35.5772],[139.7495,35.5889]]],[[[142.22,27.1081],[142.2016,27.1089],[142.2052,27.1176],[142.1876,27.1203],[142.1904,27.1427],[142.2058,27.1334],[142.205,27.1277],[142.2184,27.1321],[142.2266,27.1161],[142.2349,27.1133],[142.234,27.1085],[142.22,27.1081]]],[[[139.7692,32.442],[139.7557,32.4485],[139.7577,32.4723],[139.7798,32.4576],[139.7805,32.4481],[139.7692,32.442]]],[[[142.1888,27.144],[142.1803,27.1461],[142.1863,27.154],[142.1816,27.1562],[142.1884,27.1883],[142.2,27.1819],[142.1955,27.1739],[142.2015,27.1652],[142.1888,27.144]]],[[[141.2782,25.4177],[141.2728,25.4397],[141.287,25.4466],[141.2931,25.4262],[141.2782,25.4177]]],[[[140.2986,30.4723],[140.2865,30.4827],[140.292,30.4916],[140.3045,30.4955],[140.3142,30.4855],[140.31,30.4751],[140.2986,30.4723]]],[[[139.2753,34.5111],[139.2685,34.5165],[139.2685,34.5271],[139.2808,34.5344],[139.2931,34.5242],[139.2753,34.5111]]],[[[139.2134,34.3163],[139.2048,34.3212],[139.1957,34.3179],[139.2073,34.3357],[139.2258,34.3304],[139.2134,34.3163]]],[[[139.7687,35.6265],[139.777,35.636],[139.7849,35.6264],[139.7811,35.6239],[139.7926,35.6095],[139.787,35.6021],[139.7687,35.6265]]],[[[141.4601,24.2252],[141.4543,24.2262],[141.4553,24.2423],[141.4715,24.2418],[141.4694,24.2279],[141.4601,24.2252]]],[[[139.6994,33.1157],[139.686,33.1167],[139.6761,33.1356],[139.696,33.1285],[139.6994,33.1157]]],[[[142.1461,27.6699],[142.1251,27.6851],[142.1472,27.6837],[142.1461,27.6699]]],[[[139.8132,35.5895],[139.8056,35.5995],[139.8202,35.6073],[139.8268,35.5969],[139.8132,35.5895]]],[[[139.7915,35.5939],[139.8106,35.6132],[139.8192,35.6087],[139.7915,35.5939]]],[[[139.8355,35.6125],[139.8266,35.6302],[139.8393,35.6313],[139.8355,35.6125]]],[[[153.9855,24.2809],[153.9706,24.2847],[153.9841,24.2977],[153.9855,24.2809]]],[[[142.1857,27.619],[142.176,27.6215],[142.1697,27.6333],[142.1832,27.6293],[142.1857,27.619]]],[[[142.1563,26.5423],[142.1509,26.5473],[142.1548,26.5638],[142.1603,26.5604],[142.1563,26.5423]]],[[[142.1287,26.5943],[142.1226,26.6027],[142.132,26.6094],[142.1351,26.5991],[142.1287,26.5943]]],[[[139.806,35.5856],[139.7935,35.5928],[139.8038,35.5985],[139.8118,35.5887],[139.806,35.5856]]],[[[142.2019,26.552],[142.203,26.5609],[142.2178,26.5623],[142.2019,26.552]]]]}},{"type":"Feature","id":"Kanagawa","properties":{"id":"Kanagawa","code":14,"iso_code":"JP-14","name":"Kanagawa","name_full":"Kanagawa Ken","name_ja":"神奈川県","name_short_ja":"神奈川","region":"Kanto","region_ja":"関東","center_lonlat":[139.3352,35.4168]},"geometry":{"type":"MultiPolygon","coordinates":[[[[139.131,35.6718],[139.1617,35.6679],[139.168,35.6511],[139.1799,35.6455],[139.2009,35.6525],[139.2157,35.6461],[139.2204,35.6257],[139.2529,35.6019],[139.2822,35.613],[139.3046,35.6052],[139.3414,35.6048],[139.3986,35.5844],[139.458,35.5281],[139.4553,35.5199],[139.4616,35.5197],[139.4678,35.5022],[139.485,35.5039],[139.4777,35.5121],[139.4862,35.5208],[139.4867,35.5355],[139.4804,35.5577],[139.4702,35.5607],[139.4732,35.5763],[139.49,35.5841],[139.4829,35.5713],[139.4896,35.5615],[139.5072,35.5757],[139.4653,35.6091],[139.4532,35.6049],[139.4493,35.6118],[139.463,35.6249],[139.4968,35.6048],[139.4951,35.6175],[139.5146,35.6248],[139.5254,35.6427],[139.5785,35.6219],[139.6192,35.6135],[139.6653,35.5889],[139.6783,35.5634],[139.7025,35.5539],[139.6978,35.5435],[139.7018,35.5372],[139.7575,35.5442],[139.7898,35.5267],[139.7942,35.5118],[139.7763,35.5095],[139.769,35.5229],[139.752,35.5331],[139.7522,35.5245],[139.7589,35.5263],[139.7649,35.5116],[139.7518,35.5095],[139.7514,35.5237],[139.738,35.5147],[139.7451,35.516],[139.7493,35.5085],[139.7339,35.5005],[139.7327,35.5118],[139.7375,35.5139],[139.725,35.5169],[139.7304,35.5122],[139.7235,35.5083],[139.729,35.5109],[139.7318,35.4995],[139.7203,35.4943],[139.7142,35.5032],[139.7228,35.5083],[139.7116,35.5032],[139.7181,35.4935],[139.6963,35.4839],[139.698,35.4908],[139.6885,35.4952],[139.6929,35.4825],[139.6819,35.4732],[139.6684,35.4678],[139.6708,35.478],[139.6448,35.4758],[139.6382,35.4653],[139.6322,35.466],[139.6389,35.4629],[139.6327,35.452],[139.6488,35.4538],[139.6456,35.4481],[139.6518,35.4451],[139.6572,35.4512],[139.6659,35.4493],[139.657,35.4442],[139.6603,35.4412],[139.6743,35.4496],[139.669,35.4392],[139.6753,35.4456],[139.6813,35.4411],[139.6755,35.4315],[139.6855,35.4419],[139.6907,35.4392],[139.6856,35.4266],[139.6761,35.4233],[139.6795,35.4107],[139.6697,35.4027],[139.6526,35.4128],[139.6318,35.4105],[139.6308,35.4049],[139.6455,35.4029],[139.6261,35.4015],[139.6221,35.396],[139.6355,35.3922],[139.6275,35.3861],[139.632,35.3823],[139.6457,35.3904],[139.6534,35.3873],[139.6455,35.3778],[139.6565,35.3727],[139.651,35.3597],[139.657,35.3416],[139.6394,35.3405],[139.6295,35.3296],[139.6225,35.332],[139.634,35.3219],[139.6383,35.3266],[139.6337,35.323],[139.6339,35.331],[139.6608,35.3281],[139.6613,35.3222],[139.6519,35.3216],[139.6436,35.3077],[139.6371,35.3117],[139.6409,35.3031],[139.6313,35.3001],[139.634,35.2951],[139.6425,35.2991],[139.6606,35.2831],[139.6614,35.2998],[139.6718,35.3009],[139.6805,35.2902],[139.6721,35.2866],[139.691,35.2673],[139.7325,35.2656],[139.7466,35.2532],[139.7272,35.2395],[139.7176,35.2471],[139.7295,35.2292],[139.7286,35.2237],[139.7191,35.2277],[139.7138,35.2215],[139.725,35.2119],[139.6852,35.2065],[139.6565,35.185],[139.6551,35.1747],[139.6643,35.1584],[139.6778,35.1575],[139.681,35.1515],[139.678,35.1393],[139.6715,35.1387],[139.6671,35.1464],[139.6576,35.1379],[139.6109,35.141],[139.6155,35.1503],[139.607,35.1543],[139.6196,35.1553],[139.6107,35.1629],[139.6268,35.1628],[139.6182,35.1659],[139.6159,35.1899],[139.5998,35.1948],[139.6091,35.2103],[139.623,35.2075],[139.6275,35.2155],[139.605,35.2229],[139.5923,35.2463],[139.5764,35.2532],[139.5757,35.2643],[139.5676,35.2669],[139.5676,35.2847],[139.5735,35.289],[139.5693,35.2937],[139.5521,35.2945],[139.5449,35.3081],[139.5355,35.3088],[139.5253,35.3017],[139.4886,35.3079],[139.4818,35.3028],[139.4855,35.2984],[139.4777,35.2975],[139.4813,35.3049],[139.4765,35.3115],[139.438,35.3189],[139.3301,35.3121],[139.2108,35.2781],[139.1477,35.2407],[139.1435,35.2327],[139.137,35.1849],[139.1452,35.1687],[139.1419,35.1527],[139.161,35.141],[139.1326,35.1503],[139.1115,35.1413],[139.0305,35.1497],[139.0215,35.1817],[139.0118,35.1822],[138.9876,35.2012],[138.976,35.2356],[138.9752,35.2617],[138.9931,35.2849],[139.0048,35.2897],[139.0187,35.3298],[139.0086,35.3498],[139.0132,35.3584],[138.9994,35.3818],[139.0017,35.3988],[138.9697,35.4049],[138.9162,35.4005],[138.9372,35.4489],[138.9543,35.4599],[138.9787,35.4639],[138.9906,35.4741],[139.0266,35.4808],[139.0461,35.5097],[139.0852,35.5121],[139.113,35.5374],[139.1119,35.5498],[139.1291,35.5637],[139.1216,35.5865],[139.1331,35.6068],[139.1279,35.6125],[139.1343,35.6163],[139.1239,35.6239],[139.1271,35.6398],[139.1178,35.6531],[139.131,35.6718]]],[[[139.7146,35.4859],[139.7345,35.4947],[139.7419,35.477],[139.7127,35.4641],[139.7002,35.4786],[139.7146,35.4859]]],[[[139.7456,35.4849],[139.7363,35.4944],[139.7588,35.5047],[139.7785,35.5044],[139.7787,35.4993],[139.7572,35.4945],[139.7456,35.4849]]],[[[139.6956,35.4496],[139.6727,35.4652],[139.6925,35.472],[139.6949,35.4637],[139.6848,35.4589],[139.6978,35.4619],[139.7027,35.4551],[139.6956,35.4496]]],[[[139.6747,35.3997],[139.6712,35.4029],[139.6801,35.41],[139.6922,35.41],[139.6747,35.3997]]]]}},{"type":"Feature","id":"Niigata","properties":{"id":"Niigata","code":15,"iso_code":"JP-15","name":"Niigata","name_full":"Niigata Ken","name_ja":"新潟県","name_short_ja":"新潟","region":"Chubu","region_ja":"中部","center_lonlat":[138.9558,37.4848]},"geometry":{"type":"MultiPolygon","coordinates":[[[[139.5482,38.5534],[139.5988,38.5234],[139.6218,38.5257],[139.6379,38.5119],[139.6933,38.5071],[139.7219,38.4966],[139.7245,38.4848],[139.7125,38.4797],[139.7193,38.45],[139.7179,38.4246],[139.7056,38.4075],[139.7097,38.3877],[139.7225,38.3943],[139.7326,38.3719],[139.7718,38.3535],[139.7912,38.3492],[139.817,38.3559],[139.8286,38.3448],[139.8489,38.343],[139.8484,38.3365],[139.8752,38.317],[139.8807,38.3031],[139.8988,38.2925],[139.9001,38.2761],[139.8765,38.2611],[139.8605,38.2317],[139.8098,38.2103],[139.7867,38.1929],[139.7624,38.1989],[139.7559,38.1931],[139.7127,38.2066],[139.6992,38.2027],[139.6949,38.1851],[139.688,38.1825],[139.6826,38.1699],[139.6907,38.1547],[139.6933,38.1155],[139.6829,38.1083],[139.6723,38.0771],[139.6914,38.0746],[139.6864,38.0649],[139.6928,38.0572],[139.6794,38.0433],[139.6555,38.0343],[139.6537,37.9965],[139.6437,37.9948],[139.6396,37.9845],[139.6425,37.9463],[139.6249,37.9187],[139.6294,37.894],[139.6383,37.8819],[139.6811,37.8472],[139.7114,37.8545],[139.7415,37.8179],[139.721,37.8084],[139.6579,37.7547],[139.6497,37.7301],[139.6243,37.7098],[139.6273,37.6885],[139.615,37.6875],[139.5936,37.6655],[139.5494,37.6488],[139.5547,37.6419],[139.5468,37.6279],[139.5522,37.6185],[139.5488,37.6113],[139.5651,37.5976],[139.5713,37.5769],[139.5661,37.5461],[139.5806,37.5298],[139.5906,37.528],[139.5852,37.5131],[139.5643,37.5023],[139.5212,37.5144],[139.5137,37.5089],[139.4968,37.5128],[139.4754,37.5031],[139.4568,37.5181],[139.4285,37.5144],[139.4107,37.5032],[139.4062,37.466],[139.3976,37.4601],[139.3623,37.4701],[139.3458,37.4605],[139.3261,37.4625],[139.2813,37.4503],[139.2581,37.4472],[139.2524,37.4525],[139.2349,37.445],[139.2231,37.449],[139.2074,37.4278],[139.2083,37.4169],[139.1972,37.4109],[139.2098,37.3946],[139.2317,37.3877],[139.2371,37.368],[139.2336,37.3439],[139.2178,37.3343],[139.2242,37.3197],[139.2119,37.286],[139.1747,37.2565],[139.1648,37.238],[139.1966,37.1942],[139.2064,37.1952],[139.2212,37.209],[139.2413,37.1861],[139.2437,37.1702],[139.2534,37.1648],[139.2361,37.1162],[139.2395,37.0893],[139.249,37.0796],[139.2468,37.0721],[139.2601,37.0471],[139.2443,37.0146],[139.2551,36.9895],[139.2474,36.981],[139.2524,36.9751],[139.2496,36.9558],[139.241,36.9415],[139.232,36.9406],[139.2373,36.9471],[139.2283,36.9613],[139.2052,36.9563],[139.1803,36.9647],[139.1753,36.9737],[139.1792,36.9914],[139.1719,37.0003],[139.1319,37.0267],[139.1218,37.0477],[139.097,37.0588],[139.0902,37.0196],[139.0541,36.9983],[139.047,36.9875],[139.015,36.9882],[138.9987,36.9794],[138.9665,36.9789],[138.9657,36.9439],[138.9677,36.9302],[138.9771,36.9199],[138.979,36.8911],[138.9715,36.8874],[138.9397,36.8951],[138.923,36.8835],[138.9162,36.851],[138.9251,36.8464],[138.9284,36.8326],[138.8818,36.8258],[138.8549,36.8119],[138.8215,36.8171],[138.8313,36.7937],[138.8261,36.7717],[138.8163,36.7619],[138.8012,36.7619],[138.7894,36.745],[138.7672,36.7466],[138.7263,36.7638],[138.7119,36.7388],[138.6957,36.7386],[138.6879,36.7659],[138.6692,36.7763],[138.6884,36.7927],[138.6956,36.8075],[138.6802,36.8222],[138.6903,36.8365],[138.6909,36.8572],[138.6784,36.8667],[138.6569,36.8687],[138.6358,36.8834],[138.6267,36.8822],[138.6178,36.8954],[138.6205,36.9034],[138.5971,36.9071],[138.5895,36.9141],[138.5917,36.925],[138.5837,36.9307],[138.5864,36.9874],[138.5658,37.0214],[138.5394,37.0209],[138.5246,37.0305],[138.492,37.0209],[138.4563,37.0198],[138.4354,37.0078],[138.3947,36.9973],[138.3786,36.9807],[138.3821,36.9769],[138.37,36.9644],[138.3577,36.9344],[138.3431,36.9209],[138.3184,36.9251],[138.2984,36.9131],[138.2903,36.8979],[138.299,36.8873],[138.2888,36.8705],[138.2961,36.8563],[138.2889,36.8474],[138.2714,36.8431],[138.2682,36.8601],[138.2549,36.87],[138.2348,36.864],[138.2136,36.8703],[138.2058,36.8595],[138.1659,36.8448],[138.1152,36.8505],[138.0841,36.8321],[138.0694,36.8049],[138.0528,36.8001],[138.047,36.8095],[138.0353,36.8085],[138.0299,36.8165],[138.0033,36.8267],[138.0186,36.8417],[138.0142,36.861],[138.0313,36.8782],[138.0318,36.8899],[138.0157,36.8933],[138.0137,36.9039],[137.9692,36.9109],[137.9623,36.9021],[137.9493,36.9123],[137.9215,36.9199],[137.8953,36.9105],[137.8688,36.9161],[137.862,36.9085],[137.8714,36.9023],[137.8618,36.8923],[137.8764,36.8672],[137.8329,36.8204],[137.8311,36.8089],[137.7935,36.7869],[137.783,36.774],[137.7625,36.7664],[137.7499,36.7795],[137.7538,36.7948],[137.7492,36.808],[137.7299,36.8269],[137.7332,36.8701],[137.7136,36.8915],[137.7197,36.9263],[137.711,36.9446],[137.6675,36.9503],[137.6349,36.9803],[137.7308,37.0032],[137.8322,37.0411],[137.8385,37.0431],[137.8399,37.0375],[137.8412,37.0433],[137.909,37.06],[137.9968,37.1134],[138.019,37.1145],[138.051,37.1303],[138.0865,37.1671],[138.1017,37.1744],[138.149,37.1621],[138.226,37.1723],[138.2468,37.1815],[138.255,37.2075],[138.2495,37.1825],[138.2545,37.185],[138.2521,37.1911],[138.2557,37.1877],[138.2643,37.1979],[138.2661,37.1934],[138.2963,37.2116],[138.3477,37.2494],[138.4363,37.3241],[138.4683,37.3365],[138.4887,37.3525],[138.5401,37.3674],[138.554,37.3783],[138.5996,37.441],[138.6169,37.4724],[138.6172,37.4837],[138.6285,37.4865],[138.681,37.543],[138.7122,37.5581],[138.7468,37.604],[138.7761,37.6699],[138.7878,37.7259],[138.8165,37.7884],[138.8402,37.8142],[138.8718,37.841],[139.0617,37.9454],[139.0719,37.9461],[139.0747,37.9504],[139.0696,37.9523],[139.1533,37.9684],[139.2305,37.9946],[139.2276,37.9994],[139.2468,38.005],[139.3138,38.0495],[139.3718,38.106],[139.4274,38.1773],[139.4309,38.1911],[139.4238,38.1881],[139.4504,38.2389],[139.441,38.2457],[139.448,38.2718],[139.4509,38.36],[139.46,38.3807],[139.4574,38.3965],[139.4814,38.4322],[139.4832,38.4455],[139.4968,38.4568],[139.5181,38.5048],[139.5464,38.5373],[139.5482,38.5534]]],[[[138.2449,37.8027],[138.2172,37.8104],[138.2128,37.8143],[138.2176,37.8167],[138.2039,37.8216],[138.206,37.8281],[138.2166,37.8377],[138.247,37.8387],[138.2722,37.8519],[138.2887,37.8842],[138.2894,37.8971],[138.279,37.9065],[138.2849,37.9199],[138.3431,37.9645],[138.3403,37.9782],[138.3254,37.994],[138.3014,38.007],[138.2744,38.0032],[138.2549,37.965],[138.2286,37.9795],[138.2266,37.9832],[138.2338,37.9839],[138.2338,38.0093],[138.221,38.0144],[138.2215,38.0222],[138.2395,38.0303],[138.2331,38.061],[138.247,38.0759],[138.2423,38.0875],[138.2489,38.0959],[138.2601,38.0971],[138.2696,38.1207],[138.2897,38.1341],[138.3022,38.1525],[138.2975,38.1572],[138.3117,38.1699],[138.3251,38.1987],[138.3458,38.2018],[138.372,38.2201],[138.3989,38.2451],[138.4013,38.2544],[138.4088,38.2489],[138.4273,38.2543],[138.439,38.2655],[138.443,38.292],[138.4623,38.3127],[138.4589,38.3214],[138.4855,38.3313],[138.5146,38.3325],[138.5206,38.3224],[138.5139,38.3168],[138.5094,38.2684],[138.4928,38.204],[138.4505,38.1475],[138.4355,38.1165],[138.4349,38.0865],[138.4564,38.0699],[138.4821,38.0624],[138.5624,38.0881],[138.5723,38.0792],[138.5735,38.0635],[138.5464,38.0083],[138.5043,37.9464],[138.5002,37.9207],[138.4867,37.9179],[138.4703,37.8971],[138.4299,37.8811],[138.3549,37.8298],[138.3056,37.8271],[138.2891,37.8217],[138.2819,37.8115],[138.2747,37.8165],[138.262,37.8061],[138.2449,37.8027]]],[[[139.2224,38.4369],[139.2151,38.4399],[139.2242,38.4481],[139.2247,38.4653],[139.2308,38.4639],[139.2558,38.4914],[139.2651,38.4887],[139.2468,38.4525],[139.2224,38.4369]]]]}},{"type":"Feature","id":"Toyama","properties":{"id":"Toyama","code":16,"iso_code":"JP-16","name":"Toyama","name_full":"Toyama Ken","name_ja":"富山県","name_short_ja":"富山","region":"Chubu","region_ja":"中部","center_lonlat":[137.265,36.6395]},"geometry":{"type":"Polygon","coordinates":[[[137.6349,36.9803],[137.6675,36.9503],[137.711,36.9446],[137.7197,36.9263],[137.7136,36.8915],[137.7332,36.8701],[137.7299,36.8269],[137.7492,36.808],[137.7538,36.7948],[137.7499,36.7795],[137.7625,36.7664],[137.7518,36.7527],[137.758,36.7412],[137.7507,36.7269],[137.7499,36.7044],[137.7615,36.6651],[137.7541,36.6581],[137.7515,36.6277],[137.7443,36.6176],[137.7509,36.5896],[137.7244,36.5865],[137.6887,36.5628],[137.6846,36.5399],[137.7098,36.5361],[137.7053,36.5185],[137.6943,36.5107],[137.6696,36.5103],[137.6667,36.4943],[137.6538,36.4908],[137.6553,36.4609],[137.6401,36.4465],[137.6334,36.4257],[137.608,36.4196],[137.605,36.4039],[137.5873,36.3899],[137.5398,36.3926],[137.5052,36.4248],[137.4748,36.4254],[137.461,36.4125],[137.4058,36.4263],[137.3962,36.4359],[137.3902,36.4597],[137.3626,36.4503],[137.3515,36.4339],[137.3135,36.4251],[137.305,36.4356],[137.3127,36.4417],[137.317,36.4596],[137.3085,36.4639],[137.2992,36.4587],[137.2789,36.4651],[137.2567,36.4517],[137.2468,36.4618],[137.2065,36.4279],[137.1915,36.4553],[137.1754,36.4504],[137.1607,36.4567],[137.1335,36.4349],[137.1218,36.4173],[137.1111,36.4152],[137.1018,36.3995],[137.0919,36.3969],[137.0946,36.3841],[137.0787,36.3845],[137.0582,36.3721],[137.0614,36.3672],[137.0488,36.3458],[137.0585,36.3427],[137.0519,36.3302],[137.0363,36.3177],[137.0203,36.3185],[137.0112,36.2932],[136.9865,36.2863],[136.9751,36.2745],[136.9578,36.2791],[136.9713,36.3149],[136.9467,36.3461],[136.9072,36.361],[136.8828,36.3423],[136.8749,36.3429],[136.8713,36.3675],[136.8651,36.3498],[136.8371,36.3475],[136.842,36.3339],[136.8315,36.3065],[136.8,36.3052],[136.7921,36.2991],[136.7841,36.3422],[136.8073,36.3585],[136.7953,36.3999],[136.7787,36.4145],[136.7703,36.4145],[136.7689,36.4297],[136.7964,36.4445],[136.788,36.4529],[136.7975,36.4612],[136.8023,36.4903],[136.7945,36.4975],[136.7947,36.5081],[136.8169,36.5521],[136.8011,36.5696],[136.7918,36.569],[136.7944,36.5865],[136.7842,36.623],[136.8235,36.6699],[136.821,36.6827],[136.8108,36.6852],[136.8151,36.6999],[136.7891,36.7185],[136.7961,36.7299],[136.8193,36.7307],[136.8218,36.7396],[136.8377,36.7449],[136.8473,36.7578],[136.8522,36.7697],[136.843,36.7819],[136.8537,36.7943],[136.8487,36.8124],[136.8592,36.8284],[136.8562,36.8401],[136.8668,36.8509],[136.8621,36.8605],[136.8813,36.8752],[136.8851,36.885],[136.8793,36.9068],[136.8954,36.9249],[136.9142,36.9305],[136.9307,36.9506],[136.9534,36.9563],[136.9725,36.9446],[136.9858,36.9667],[137.004,36.9617],[137.0373,36.9673],[137.0516,36.9595],[137.0266,36.939],[137.0321,36.9242],[136.9837,36.8728],[137.0073,36.8365],[137.0825,36.7851],[137.1133,36.7816],[137.1136,36.7748],[137.092,36.7706],[137.1119,36.7679],[137.1112,36.7621],[137.1341,36.7601],[137.1185,36.7692],[137.1218,36.7797],[137.1365,36.7755],[137.1301,36.772],[137.18,36.7577],[137.228,36.7617],[137.2309,36.7663],[137.302,36.7581],[137.3306,36.7619],[137.357,36.787],[137.3922,36.8066],[137.3928,36.8221],[137.4111,36.8481],[137.4094,36.8612],[137.4187,36.8768],[137.4095,36.8967],[137.4351,36.9305],[137.4968,36.9561],[137.5722,36.9639],[137.5857,36.9741],[137.6349,36.9803]]]}},{"type":"Feature","id":"Ishikawa","properties":{"id":"Ishikawa","code":17,"iso_code":"JP-17","name":"Ishikawa","name_full":"Ishikawa Ken","name_ja":"石川県","name_short_ja":"石川","region":"Chubu","region_ja":"中部","center_lonlat":[136.7681,36.768]},"geometry":{"type":"MultiPolygon","coordinates":[[[[137.0516,36.9595],[137.0373,36.9673],[137.004,36.9617],[136.9858,36.9667],[136.9725,36.9446],[136.9534,36.9563],[136.9307,36.9506],[136.9142,36.9305],[136.8954,36.9249],[136.8793,36.9068],[136.8851,36.885],[136.8813,36.8752],[136.8621,36.8605],[136.8668,36.8509],[136.8562,36.8401],[136.8592,36.8284],[136.8487,36.8124],[136.8537,36.7943],[136.843,36.7819],[136.8522,36.7697],[136.8473,36.7578],[136.8377,36.7449],[136.8218,36.7396],[136.8193,36.7307],[136.7961,36.7299],[136.7891,36.7185],[136.8151,36.6999],[136.8108,36.6852],[136.821,36.6827],[136.8235,36.6699],[136.7842,36.623],[136.7944,36.5865],[136.7918,36.569],[136.8011,36.5696],[136.8169,36.5521],[136.7947,36.5081],[136.7945,36.4975],[136.8023,36.4903],[136.7975,36.4612],[136.788,36.4529],[136.7964,36.4445],[136.7689,36.4297],[136.7703,36.4145],[136.7787,36.4145],[136.7953,36.3999],[136.8073,36.3585],[136.7841,36.3422],[136.7921,36.2991],[136.8145,36.2663],[136.8326,36.2661],[136.8515,36.2484],[136.8199,36.2084],[136.822,36.2012],[136.8022,36.1877],[136.7984,36.1728],[136.7657,36.1611],[136.7724,36.1581],[136.7788,36.1336],[136.754,36.0864],[136.6637,36.0676],[136.6514,36.0913],[136.6172,36.1067],[136.603,36.1278],[136.5516,36.155],[136.5068,36.1467],[136.4894,36.159],[136.4565,36.1364],[136.4317,36.1435],[136.4123,36.1599],[136.4092,36.1719],[136.3595,36.1655],[136.3357,36.1846],[136.3281,36.2077],[136.3318,36.2293],[136.3191,36.2337],[136.3002,36.2584],[136.2661,36.2657],[136.2623,36.2797],[136.2569,36.2795],[136.2578,36.2889],[136.2437,36.2956],[136.2708,36.3155],[136.2993,36.3519],[136.3479,36.3671],[136.4158,36.4199],[136.5745,36.5865],[136.6076,36.6246],[136.6032,36.6283],[136.6218,36.6399],[136.6691,36.7013],[136.7474,36.8365],[136.7667,36.9021],[136.7652,36.9199],[136.7487,36.9309],[136.7609,36.9435],[136.7554,36.9514],[136.7629,36.953],[136.7682,36.9639],[136.7674,37.0016],[136.7434,37.0123],[136.7461,37.0301],[136.7226,37.0557],[136.718,37.0781],[136.7263,37.0832],[136.7212,37.0865],[136.7294,37.0983],[136.727,37.1339],[136.7099,37.1492],[136.7006,37.1497],[136.6996,37.1435],[136.6845,37.1359],[136.6701,37.1491],[136.68,37.2064],[136.7004,37.2231],[136.7045,37.2303],[136.7,37.2423],[136.7212,37.2569],[136.7349,37.2862],[136.7249,37.2939],[136.7216,37.3213],[136.737,37.3365],[136.7378,37.348],[136.7511,37.3449],[136.756,37.3643],[136.8006,37.376],[136.8482,37.4021],[136.8718,37.4076],[136.8944,37.4021],[136.8971,37.4069],[136.9032,37.3979],[136.9243,37.3953],[137.017,37.4332],[137.0291,37.433],[137.0458,37.4503],[137.0708,37.4548],[137.0936,37.4791],[137.146,37.4996],[137.2077,37.5061],[137.2196,37.5159],[137.2748,37.5335],[137.282,37.5273],[137.3275,37.5296],[137.3291,37.5195],[137.3449,37.5157],[137.351,37.5032],[137.3397,37.4867],[137.3563,37.4669],[137.3605,37.4518],[137.3404,37.4411],[137.3107,37.4367],[137.2898,37.4426],[137.2568,37.4318],[137.2374,37.3895],[137.2388,37.3735],[137.252,37.3531],[137.2672,37.3561],[137.2525,37.3407],[137.2676,37.3365],[137.2468,37.3075],[137.2401,37.3034],[137.2315,37.3111],[137.2345,37.3062],[137.2296,37.3041],[137.2361,37.3023],[137.2284,37.3009],[137.2344,37.298],[137.2218,37.2939],[137.2074,37.2963],[137.2089,37.3016],[137.1946,37.2984],[137.1639,37.3048],[137.1647,37.2996],[137.1587,37.3],[137.1509,37.3069],[137.1529,37.2953],[137.1443,37.2992],[137.0989,37.2791],[137.091,37.2625],[137.094,37.2571],[137.0768,37.2457],[137.0667,37.2286],[137.0688,37.2181],[137.0573,37.2089],[137.0254,37.2049],[137.0335,37.1957],[137.0105,37.1835],[136.9818,37.2054],[136.9701,37.2017],[136.9669,37.2089],[136.9658,37.2041],[136.9576,37.2086],[136.9524,37.2204],[136.946,37.2163],[136.9663,37.2335],[136.96,37.2367],[136.9442,37.2323],[136.9482,37.2312],[136.9433,37.2247],[136.9249,37.2335],[136.9319,37.2207],[136.918,37.2214],[136.9159,37.2275],[136.9064,37.2179],[136.9225,37.2148],[136.9293,37.2066],[136.9261,37.1992],[136.9245,37.2055],[136.9071,37.2035],[136.9117,37.1934],[136.8728,37.1447],[136.8794,37.1356],[136.8852,37.1437],[136.8996,37.1375],[136.8927,37.1113],[136.8734,37.1143],[136.859,37.1063],[136.8713,37.0865],[136.8594,37.081],[136.8585,37.0727],[136.8877,37.0686],[136.9058,37.0773],[136.9051,37.0865],[136.9154,37.0909],[136.9436,37.0838],[136.9363,37.0793],[136.94,37.0681],[136.9623,37.0675],[136.9555,37.0573],[136.9602,37.0516],[136.9839,37.0486],[136.9946,37.0527],[136.9946,37.0598],[137.0041,37.0574],[137.0122,37.0877],[137.0227,37.1014],[137.0299,37.1071],[137.0574,37.1081],[137.0493,37.0989],[137.0531,37.0724],[137.0466,37.0391],[137.0509,37.0215],[137.0471,37.0032],[137.0537,36.9952],[137.0502,36.9781],[137.0565,36.9681],[137.0516,36.9595]]],[[[136.9464,37.0915],[136.938,37.1161],[136.9069,37.1334],[136.9013,37.152],[136.9104,37.1549],[136.9262,37.1447],[136.9242,37.1309],[136.9408,37.1464],[136.9485,37.139],[136.9625,37.1464],[136.9757,37.1403],[136.967,37.1551],[136.9776,37.1475],[136.9862,37.1512],[136.9885,37.1427],[137.0068,37.1363],[137.0081,37.1425],[137.023,37.1441],[137.0254,37.1585],[137.0355,37.168],[137.0539,37.1497],[137.0408,37.1397],[137.0498,37.1234],[137.0402,37.1175],[137.0225,37.1115],[137.012,37.1127],[137.0069,37.1207],[137.0054,37.1125],[136.9968,37.1197],[136.9758,37.0977],[136.9652,37.1048],[136.9464,37.0915]]]]}},{"type":"Feature","id":"Fukui","properties":{"id":"Fukui","code":18,"iso_code":"JP-18","name":"Fukui","name_full":"Fukui Ken","name_ja":"福井県","name_short_ja":"福井","region":"Chubu","region_ja":"中部","center_lonlat":[136.2247,35.8506]},"geometry":{"type":"Polygon","coordinates":[[[136.2437,36.2956],[136.2578,36.2889],[136.2569,36.2795],[136.2623,36.2797],[136.2661,36.2657],[136.3002,36.2584],[136.3191,36.2337],[136.3318,36.2293],[136.3281,36.2077],[136.3357,36.1846],[136.3595,36.1655],[136.4092,36.1719],[136.4123,36.1599],[136.4317,36.1435],[136.4565,36.1364],[136.4894,36.159],[136.5068,36.1467],[136.5516,36.155],[136.603,36.1278],[136.6172,36.1067],[136.6514,36.0913],[136.6637,36.0676],[136.754,36.0864],[136.7638,36.0677],[136.733,36.0493],[136.7339,36.0219],[136.7264,35.9959],[136.7507,35.9904],[136.7535,35.9563],[136.7915,35.9467],[136.7844,35.9244],[136.8116,35.9125],[136.8221,35.8962],[136.8191,35.8819],[136.832,35.8581],[136.8263,35.8465],[136.8026,35.8439],[136.7891,35.7995],[136.775,35.7993],[136.7645,35.8103],[136.7414,35.8013],[136.7233,35.8082],[136.7102,35.7929],[136.6769,35.793],[136.66,35.7835],[136.6449,35.8069],[136.6382,35.7985],[136.6263,35.797],[136.6218,35.7869],[136.5996,35.7986],[136.5709,35.7776],[136.5233,35.7883],[136.5057,35.7504],[136.4854,35.776],[136.4331,35.7747],[136.3775,35.7952],[136.3467,35.7769],[136.3283,35.7751],[136.3189,35.7491],[136.3245,35.743],[136.3236,35.7169],[136.2916,35.6908],[136.2986,35.6777],[136.2806,35.6587],[136.232,35.6826],[136.2127,35.6822],[136.185,35.7037],[136.15,35.6978],[136.1342,35.6699],[136.1477,35.6625],[136.1767,35.5961],[136.1668,35.5835],[136.1685,35.5655],[136.1133,35.5829],[136.1051,35.5288],[136.0831,35.5404],[136.0699,35.5266],[136.0491,35.5346],[136.0261,35.5296],[136.028,35.5241],[136.0059,35.4916],[135.9815,35.4868],[135.9684,35.5024],[135.9535,35.5057],[135.9465,35.5207],[135.9398,35.5204],[135.9164,35.4696],[135.9101,35.4478],[135.9131,35.4314],[135.8927,35.4199],[135.8904,35.4038],[135.8616,35.3951],[135.8528,35.4115],[135.8151,35.4131],[135.8071,35.3853],[135.7905,35.3867],[135.7907,35.3793],[135.7684,35.3561],[135.7408,35.3583],[135.7362,35.3512],[135.7185,35.3553],[135.7007,35.3437],[135.6419,35.3668],[135.5958,35.3727],[135.5877,35.3683],[135.5656,35.3773],[135.5285,35.3797],[135.5253,35.4207],[135.4958,35.4251],[135.4968,35.4377],[135.4886,35.4387],[135.4857,35.4486],[135.4699,35.4545],[135.4591,35.4675],[135.4754,35.4891],[135.4748,35.5049],[135.449,35.5235],[135.4599,35.5472],[135.4865,35.558],[135.4685,35.5299],[135.4793,35.5351],[135.4801,35.5223],[135.4897,35.5303],[135.4935,35.5225],[135.5012,35.5238],[135.5091,35.5347],[135.4955,35.5409],[135.5011,35.5419],[135.4999,35.554],[135.5177,35.5499],[135.5082,35.5032],[135.5342,35.4889],[135.5514,35.4971],[135.5584,35.4903],[135.5756,35.4932],[135.577,35.4992],[135.619,35.5199],[135.631,35.5375],[135.6609,35.5476],[135.659,35.5361],[135.6689,35.5252],[135.657,35.5313],[135.6282,35.5219],[135.6408,35.5197],[135.6367,35.5139],[135.6419,35.5081],[135.6264,35.4892],[135.5937,35.4947],[135.5807,35.4899],[135.6096,35.4809],[135.62,35.486],[135.6317,35.4785],[135.6527,35.4785],[135.6622,35.4938],[135.675,35.4876],[135.7,35.4935],[135.7181,35.4843],[135.72,35.4919],[135.7444,35.4995],[135.7413,35.5046],[135.7506,35.5302],[135.7625,35.5309],[135.7639,35.5361],[135.7363,35.5351],[135.7348,35.5271],[135.7183,35.5202],[135.7169,35.5401],[135.6898,35.5443],[135.6888,35.5496],[135.7132,35.569],[135.7486,35.5665],[135.7574,35.543],[135.771,35.5468],[135.7646,35.5568],[135.7926,35.5417],[135.7854,35.5365],[135.7979,35.5251],[135.8044,35.533],[135.8067,35.5276],[135.8135,35.5294],[135.8123,35.537],[135.8336,35.5363],[135.8252,35.5523],[135.8011,35.5713],[135.8093,35.5715],[135.8104,35.5769],[135.8393,35.5632],[135.8567,35.5819],[135.8557,35.5917],[135.8536,35.603],[135.8445,35.6016],[135.8405,35.6081],[135.8323,35.6031],[135.8268,35.6103],[135.8384,35.621],[135.824,35.6242],[135.8233,35.6316],[135.8326,35.6302],[135.8223,35.6375],[135.8152,35.6325],[135.8143,35.6423],[135.845,35.6357],[135.8431,35.6281],[135.8588,35.6233],[135.8568,35.6167],[135.8658,35.6086],[135.8838,35.6175],[135.8929,35.6117],[135.8981,35.6237],[135.9065,35.6248],[135.9088,35.6135],[135.9212,35.6095],[135.9375,35.6145],[135.9503,35.6278],[135.9484,35.6329],[135.9539,35.6341],[135.9621,35.6223],[135.9801,35.6299],[135.9859,35.6414],[135.9741,35.6551],[135.9636,35.6563],[135.9657,35.6739],[135.9766,35.6847],[135.9757,35.696],[135.9709,35.7118],[135.9633,35.7097],[135.9625,35.6999],[135.9555,35.703],[135.9589,35.7154],[135.9539,35.7205],[135.9682,35.7351],[135.9797,35.7329],[136.0169,35.7639],[136.0374,35.7389],[136.0217,35.7488],[136.0373,35.7278],[136.0375,35.7103],[136.0429,35.7059],[136.0439,35.6921],[136.0373,35.6945],[136.025,35.6806],[136.042,35.6699],[136.0436,35.6587],[136.0737,35.6625],[136.0692,35.6641],[136.0765,35.6665],[136.0774,35.6782],[136.0713,35.6795],[136.0857,35.6851],[136.079,35.7047],[136.0911,35.7101],[136.0973,35.7241],[136.0963,35.7357],[136.0861,35.7383],[136.1011,35.7532],[136.1,35.7771],[136.0694,35.8249],[135.9944,35.8879],[135.9968,35.9355],[135.9575,35.9816],[135.9639,35.9977],[136.0108,36.0341],[136.0106,36.0456],[136.0305,36.0865],[136.0282,36.0958],[136.0468,36.1085],[136.0543,36.1283],[136.095,36.1568],[136.091,36.1602],[136.1141,36.1927],[136.1124,36.2053],[136.1143,36.1928],[136.1293,36.1919],[136.1308,36.2053],[136.1187,36.2003],[136.1342,36.2232],[136.1247,36.2374],[136.1311,36.2406],[136.1246,36.2509],[136.1726,36.2532],[136.2437,36.2956]]]}},{"type":"Feature","id":"Yamanashi","properties":{"id":"Yamanashi","code":19,"iso_code":"JP-19","name":"Yamanashi","name_full":"Yamanashi Ken","name_ja":"山梨県","name_short_ja":"山梨","region":"Chubu","region_ja":"中部","center_lonlat":[138.6085,35.6155]},"geometry":{"type":"Polygon","coordinates":[[[138.7288,35.9093],[138.7348,35.9039],[138.7782,35.9001],[138.7911,35.8913],[138.793,35.8751],[138.8136,35.8623],[138.8463,35.8672],[138.8929,35.8399],[138.9099,35.8519],[138.9282,35.8493],[138.944,35.8547],[138.9533,35.8365],[138.9697,35.8313],[138.9709,35.8038],[138.9846,35.7846],[138.9837,35.7695],[139.0256,35.7193],[139.0661,35.6982],[139.1085,35.6896],[139.131,35.6718],[139.1178,35.6531],[139.1271,35.6398],[139.1239,35.6239],[139.1343,35.6163],[139.1279,35.6125],[139.1331,35.6068],[139.1216,35.5865],[139.1291,35.5637],[139.1119,35.5498],[139.113,35.5374],[139.0852,35.5121],[139.0461,35.5097],[139.0266,35.4808],[138.9906,35.4741],[138.9787,35.4639],[138.9543,35.4599],[138.9372,35.4489],[138.9162,35.4005],[138.8732,35.3815],[138.8521,35.3902],[138.8218,35.3741],[138.8028,35.3763],[138.6804,35.3577],[138.6711,35.3928],[138.6635,35.3983],[138.6096,35.3932],[138.5979,35.4308],[138.5819,35.4457],[138.5589,35.4341],[138.5334,35.4106],[138.5358,35.3899],[138.528,35.3789],[138.5349,35.3306],[138.5125,35.3141],[138.5205,35.2856],[138.5146,35.2632],[138.5322,35.2234],[138.5274,35.2167],[138.5329,35.2015],[138.5144,35.1966],[138.4916,35.1685],[138.4778,35.1773],[138.4404,35.1779],[138.4292,35.1819],[138.4189,35.1983],[138.3986,35.2003],[138.3857,35.2452],[138.3673,35.2721],[138.3724,35.2994],[138.3586,35.3173],[138.3466,35.3163],[138.3283,35.3275],[138.2969,35.3165],[138.2856,35.3046],[138.2562,35.3186],[138.2488,35.3315],[138.2568,35.3385],[138.2511,35.3623],[138.233,35.3708],[138.2328,35.3762],[138.2571,35.4067],[138.2573,35.4379],[138.2443,35.4558],[138.2572,35.4752],[138.2603,35.5047],[138.268,35.5157],[138.2584,35.5297],[138.2594,35.5519],[138.2455,35.5616],[138.2422,35.5723],[138.2367,35.6207],[138.2288,35.6251],[138.2318,35.639],[138.2283,35.646],[138.2186,35.6445],[138.1946,35.6714],[138.194,35.6949],[138.1803,35.7128],[138.2356,35.7575],[138.2059,35.7827],[138.1942,35.7831],[138.1855,35.7949],[138.2051,35.8154],[138.204,35.8261],[138.2379,35.8822],[138.2483,35.8859],[138.2835,35.8595],[138.3249,35.9028],[138.3415,35.9253],[138.3451,35.9411],[138.3593,35.9505],[138.3703,35.9715],[138.4196,35.9599],[138.4485,35.9461],[138.4541,35.9391],[138.4447,35.9183],[138.4544,35.9003],[138.4901,35.8964],[138.4947,35.9116],[138.5093,35.922],[138.529,35.9147],[138.5557,35.9191],[138.5762,35.9115],[138.5906,35.9196],[138.6117,35.9094],[138.6066,35.8806],[138.6218,35.8703],[138.656,35.8759],[138.6761,35.8699],[138.6933,35.8995],[138.7076,35.9094],[138.7288,35.9093]]]}},{"type":"Feature","id":"Nagano","properties":{"id":"Nagano","code":20,"iso_code":"JP-20","name":"Nagano","name_full":"Nagano Ken","name_ja":"長野県","name_short_ja":"長野","region":"Chubu","region_ja":"中部","center_lonlat":[138.0431,36.1364]},"geometry":{"type":"Polygon","coordinates":[[[138.6957,36.7386],[138.6218,36.7204],[138.6098,36.7065],[138.5955,36.7147],[138.5829,36.7015],[138.5582,36.7066],[138.514,36.6903],[138.5198,36.6889],[138.5188,36.6757],[138.5344,36.6664],[138.5292,36.6565],[138.4968,36.6433],[138.4728,36.6435],[138.458,36.6333],[138.4534,36.6133],[138.4415,36.6107],[138.4401,36.5997],[138.4274,36.5961],[138.4203,36.5771],[138.4282,36.5689],[138.4285,36.5556],[138.4124,36.5415],[138.3972,36.4887],[138.4009,36.4347],[138.4571,36.4199],[138.4603,36.4046],[138.4898,36.4016],[138.4936,36.4137],[138.5042,36.4149],[138.5334,36.4023],[138.5556,36.4181],[138.5922,36.4245],[138.6345,36.4177],[138.6481,36.4083],[138.6515,36.3731],[138.6571,36.3687],[138.6499,36.3519],[138.6481,36.3141],[138.6535,36.3031],[138.6439,36.2934],[138.6004,36.2785],[138.6031,36.2479],[138.6125,36.2409],[138.6218,36.215],[138.6324,36.2168],[138.6369,36.2044],[138.6228,36.197],[138.637,36.1745],[138.6114,36.1676],[138.6093,36.1614],[138.5921,36.1677],[138.5879,36.1789],[138.5773,36.1681],[138.5875,36.1605],[138.598,36.1381],[138.6346,36.1336],[138.6452,36.1198],[138.6406,36.1168],[138.645,36.0989],[138.6306,36.0913],[138.6438,36.0507],[138.6314,36.0283],[138.6624,36.0115],[138.6808,36.0107],[138.6886,35.9918],[138.7127,35.9853],[138.7123,35.9697],[138.7387,35.9384],[138.7288,35.9093],[138.7076,35.9094],[138.6933,35.8995],[138.6761,35.8699],[138.656,35.8759],[138.6218,35.8703],[138.6066,35.8806],[138.6117,35.9094],[138.5906,35.9196],[138.5762,35.9115],[138.5557,35.9191],[138.529,35.9147],[138.5093,35.922],[138.4947,35.9116],[138.4901,35.8964],[138.4544,35.9003],[138.4447,35.9183],[138.4541,35.9391],[138.4485,35.9461],[138.4196,35.9599],[138.3703,35.9715],[138.3593,35.9505],[138.3451,35.9411],[138.3415,35.9253],[138.3249,35.9028],[138.2835,35.8595],[138.2483,35.8859],[138.2379,35.8822],[138.204,35.8261],[138.2051,35.8154],[138.1855,35.7949],[138.1942,35.7831],[138.2059,35.7827],[138.2356,35.7575],[138.1803,35.7128],[138.194,35.6949],[138.1946,35.6714],[138.2186,35.6445],[138.2043,35.6325],[138.2058,35.609],[138.1899,35.5787],[138.1852,35.5737],[138.1628,35.5815],[138.1423,35.5555],[138.1541,35.5533],[138.1594,35.5451],[138.1381,35.5219],[138.1462,35.5185],[138.14,35.4997],[138.1645,35.4939],[138.1564,35.4748],[138.1602,35.47],[138.1552,35.4589],[138.1218,35.4563],[138.1193,35.4479],[138.1214,35.4286],[138.1387,35.4232],[138.1344,35.4091],[138.1521,35.3981],[138.1419,35.3707],[138.0983,35.3551],[138.0873,35.3379],[138.0717,35.3465],[138.0566,35.3441],[138.0266,35.3207],[138.0276,35.3117],[138.0187,35.3009],[137.9948,35.3022],[137.9748,35.2934],[137.9672,35.2833],[137.9305,35.2757],[137.9191,35.2552],[137.8952,35.2579],[137.8824,35.2481],[137.8803,35.2266],[137.8718,35.2188],[137.8481,35.2215],[137.838,35.2125],[137.8229,35.2158],[137.777,35.2034],[137.7597,35.2215],[137.7217,35.2226],[137.7217,35.2307],[137.6822,35.2347],[137.656,35.2281],[137.644,35.209],[137.6198,35.2107],[137.5785,35.1984],[137.5768,35.2203],[137.5459,35.2532],[137.557,35.2642],[137.5556,35.2736],[137.5702,35.2821],[137.5618,35.2893],[137.5569,35.3101],[137.5817,35.3184],[137.604,35.3365],[137.5983,35.3781],[137.5784,35.3901],[137.575,35.4],[137.6127,35.3917],[137.6348,35.4017],[137.6318,35.4104],[137.6218,35.4118],[137.6087,35.4371],[137.5933,35.4467],[137.618,35.4677],[137.6314,35.4699],[137.6243,35.4998],[137.6317,35.5091],[137.6079,35.5332],[137.5745,35.5444],[137.5719,35.5612],[137.5648,35.5659],[137.571,35.5835],[137.5375,35.5844],[137.5145,35.6071],[137.5261,35.6336],[137.545,35.6499],[137.5209,35.6763],[137.4982,35.6873],[137.4968,35.6985],[137.4853,35.7079],[137.4855,35.7235],[137.4662,35.7426],[137.4589,35.7613],[137.4402,35.7585],[137.4341,35.7706],[137.3984,35.7758],[137.391,35.7801],[137.3965,35.7854],[137.394,35.7971],[137.3809,35.8013],[137.3376,35.7981],[137.3255,35.8157],[137.3354,35.8439],[137.3554,35.8425],[137.3623,35.8489],[137.3646,35.8782],[137.3802,35.8919],[137.4321,35.9051],[137.4581,35.8895],[137.4761,35.894],[137.483,35.9139],[137.5009,35.9361],[137.524,35.9436],[137.5418,35.9679],[137.5431,35.9825],[137.5756,35.9965],[137.5946,36.0134],[137.5976,36.0421],[137.6138,36.0614],[137.6137,36.0762],[137.5975,36.0757],[137.5742,36.0873],[137.551,36.1098],[137.56,36.1294],[137.5546,36.1403],[137.5947,36.1719],[137.5949,36.191],[137.5808,36.1953],[137.5738,36.2201],[137.5833,36.2209],[137.6147,36.2649],[137.6467,36.2889],[137.6528,36.3045],[137.6455,36.3414],[137.6359,36.3425],[137.6182,36.3651],[137.5883,36.3715],[137.5873,36.3899],[137.605,36.4039],[137.608,36.4196],[137.6334,36.4257],[137.6401,36.4465],[137.6553,36.4609],[137.6538,36.4908],[137.6667,36.4943],[137.6696,36.5103],[137.6943,36.5107],[137.7053,36.5185],[137.7098,36.5361],[137.6846,36.5399],[137.6887,36.5628],[137.7244,36.5865],[137.7509,36.5896],[137.7443,36.6176],[137.7515,36.6277],[137.7541,36.6581],[137.7615,36.6651],[137.7499,36.7044],[137.7507,36.7269],[137.758,36.7412],[137.7518,36.7527],[137.7625,36.7664],[137.783,36.774],[137.7935,36.7869],[137.8311,36.8089],[137.8329,36.8204],[137.8764,36.8672],[137.8618,36.8923],[137.8714,36.9023],[137.862,36.9085],[137.8688,36.9161],[137.8953,36.9105],[137.9215,36.9199],[137.9493,36.9123],[137.9623,36.9021],[137.9692,36.9109],[138.0137,36.9039],[138.0157,36.8933],[138.0318,36.8899],[138.0313,36.8782],[138.0142,36.861],[138.0186,36.8417],[138.0033,36.8267],[138.0299,36.8165],[138.0353,36.8085],[138.047,36.8095],[138.0528,36.8001],[138.0694,36.8049],[138.0841,36.8321],[138.1152,36.8505],[138.1659,36.8448],[138.2058,36.8595],[138.2136,36.8703],[138.2348,36.864],[138.2549,36.87],[138.2682,36.8601],[138.2714,36.8431],[138.2889,36.8474],[138.2961,36.8563],[138.2888,36.8705],[138.299,36.8873],[138.2903,36.8979],[138.2984,36.9131],[138.3184,36.9251],[138.3431,36.9209],[138.3577,36.9344],[138.37,36.9644],[138.3821,36.9769],[138.3786,36.9807],[138.3947,36.9973],[138.4354,37.0078],[138.4563,37.0198],[138.492,37.0209],[138.5246,37.0305],[138.5394,37.0209],[138.5658,37.0214],[138.5864,36.9874],[138.5837,36.9307],[138.5917,36.925],[138.5895,36.9141],[138.5971,36.9071],[138.6205,36.9034],[138.6178,36.8954],[138.6267,36.8822],[138.6358,36.8834],[138.6569,36.8687],[138.6784,36.8667],[138.6909,36.8572],[138.6903,36.8365],[138.6802,36.8222],[138.6956,36.8075],[138.6884,36.7927],[138.6692,36.7763],[138.6879,36.7659],[138.6957,36.7386]]]}},{"type":"Feature","id":"Gifu","properties":{"id":"Gifu","code":21,"iso_code":"JP-21","name":"Gifu","name_full":"Gifu Ken","name_ja":"岐阜県","name_short_ja":"岐阜","region":"Chubu","region_ja":"中部","center_lonlat":[137.0537,35.781]},"geometry":{"type":"Polygon","coordinates":[[[137.5873,36.3899],[137.5883,36.3715],[137.6182,36.3651],[137.6359,36.3425],[137.6455,36.3414],[137.6528,36.3045],[137.6467,36.2889],[137.6147,36.2649],[137.5833,36.2209],[137.5738,36.2201],[137.5808,36.1953],[137.5949,36.191],[137.5947,36.1719],[137.5546,36.1403],[137.56,36.1294],[137.551,36.1098],[137.5742,36.0873],[137.5975,36.0757],[137.6137,36.0762],[137.6138,36.0614],[137.5976,36.0421],[137.5946,36.0134],[137.5756,35.9965],[137.5431,35.9825],[137.5418,35.9679],[137.524,35.9436],[137.5009,35.9361],[137.483,35.9139],[137.4761,35.894],[137.4581,35.8895],[137.4321,35.9051],[137.3802,35.8919],[137.3646,35.8782],[137.3623,35.8489],[137.3554,35.8425],[137.3354,35.8439],[137.3255,35.8157],[137.3376,35.7981],[137.3809,35.8013],[137.394,35.7971],[137.3965,35.7854],[137.391,35.7801],[137.3984,35.7758],[137.4341,35.7706],[137.4402,35.7585],[137.4589,35.7613],[137.4662,35.7426],[137.4855,35.7235],[137.4853,35.7079],[137.4968,35.6985],[137.4982,35.6873],[137.5209,35.6763],[137.545,35.6499],[137.5261,35.6336],[137.5145,35.6071],[137.5375,35.5844],[137.571,35.5835],[137.5648,35.5659],[137.5719,35.5612],[137.5745,35.5444],[137.6079,35.5332],[137.6317,35.5091],[137.6243,35.4998],[137.6314,35.4699],[137.618,35.4677],[137.5933,35.4467],[137.6087,35.4371],[137.6218,35.4118],[137.6318,35.4104],[137.6348,35.4017],[137.6127,35.3917],[137.575,35.4],[137.5784,35.3901],[137.5983,35.3781],[137.604,35.3365],[137.5817,35.3184],[137.5569,35.3101],[137.5618,35.2893],[137.5615,35.2839],[137.5448,35.2812],[137.5196,35.2831],[137.5207,35.2739],[137.5054,35.2634],[137.476,35.2532],[137.4297,35.2228],[137.417,35.2402],[137.4089,35.2349],[137.4007,35.2416],[137.3892,35.24],[137.3829,35.2467],[137.3832,35.2601],[137.3443,35.2578],[137.3401,35.264],[137.3452,35.2726],[137.3078,35.2911],[137.2756,35.2905],[137.2626,35.2851],[137.2573,35.2727],[137.2224,35.2557],[137.2134,35.2599],[137.2071,35.2532],[137.1858,35.2532],[137.1652,35.2825],[137.1453,35.2799],[137.1315,35.2935],[137.1022,35.3016],[137.096,35.2907],[137.0817,35.2921],[137.0799,35.3065],[137.0676,35.3085],[137.063,35.3185],[137.0722,35.3257],[137.0681,35.3351],[137.0472,35.3365],[137.0474,35.365],[137.015,35.3813],[137.0036,35.3811],[136.9887,35.401],[136.978,35.4041],[136.993,35.4243],[136.9714,35.4222],[136.963,35.4199],[136.9611,35.3993],[136.9211,35.3791],[136.8644,35.3723],[136.8338,35.3559],[136.7703,35.3687],[136.7252,35.2955],[136.6777,35.241],[136.6831,35.2003],[136.6719,35.1878],[136.6725,35.1347],[136.6461,35.1658],[136.6452,35.1446],[136.6161,35.1495],[136.602,35.1778],[136.5884,35.1845],[136.575,35.2019],[136.5606,35.2065],[136.5568,35.22],[136.5482,35.22],[136.5494,35.2337],[136.5402,35.2391],[136.5337,35.2569],[136.5154,35.2532],[136.5078,35.2362],[136.4828,35.2397],[136.4702,35.2329],[136.4663,35.2377],[136.4421,35.2171],[136.4317,35.2291],[136.4149,35.2177],[136.3781,35.2427],[136.3965,35.2574],[136.3908,35.2878],[136.4108,35.3138],[136.4206,35.3466],[136.4212,35.3531],[136.4095,35.3554],[136.4134,35.3713],[136.4355,35.3785],[136.4441,35.3895],[136.4115,35.4186],[136.4255,35.4477],[136.4197,35.4665],[136.4034,35.4694],[136.3872,35.4879],[136.3916,35.5032],[136.4053,35.5135],[136.4002,35.5299],[136.3849,35.5329],[136.3718,35.5597],[136.3633,35.559],[136.3563,35.5399],[136.3457,35.536],[136.3377,35.5494],[136.3178,35.5469],[136.3231,35.5865],[136.3153,35.6056],[136.3233,35.6163],[136.3154,35.6233],[136.2887,35.6203],[136.2789,35.6369],[136.2828,35.6433],[136.2759,35.6533],[136.2806,35.6587],[136.2986,35.6777],[136.2916,35.6908],[136.3236,35.7169],[136.3245,35.743],[136.3189,35.7491],[136.3283,35.7751],[136.3467,35.7769],[136.3775,35.7952],[136.4331,35.7747],[136.4854,35.776],[136.5057,35.7504],[136.5233,35.7883],[136.5709,35.7776],[136.5996,35.7986],[136.6218,35.7869],[136.6263,35.797],[136.6382,35.7985],[136.6449,35.8069],[136.66,35.7835],[136.6769,35.793],[136.7102,35.7929],[136.7233,35.8082],[136.7414,35.8013],[136.7645,35.8103],[136.775,35.7993],[136.7891,35.7995],[136.8026,35.8439],[136.8263,35.8465],[136.832,35.8581],[136.8191,35.8819],[136.8221,35.8962],[136.8116,35.9125],[136.7844,35.9244],[136.7915,35.9467],[136.7535,35.9563],[136.7507,35.9904],[136.7264,35.9959],[136.7339,36.0219],[136.733,36.0493],[136.7638,36.0677],[136.754,36.0864],[136.7788,36.1336],[136.7724,36.1581],[136.7657,36.1611],[136.7984,36.1728],[136.8022,36.1877],[136.822,36.2012],[136.8199,36.2084],[136.8515,36.2484],[136.8326,36.2661],[136.8145,36.2663],[136.7921,36.2991],[136.8,36.3052],[136.8315,36.3065],[136.842,36.3339],[136.8371,36.3475],[136.8651,36.3498],[136.8713,36.3675],[136.8749,36.3429],[136.8828,36.3423],[136.9072,36.361],[136.9467,36.3461],[136.9713,36.3149],[136.9578,36.2791],[136.9751,36.2745],[136.9865,36.2863],[137.0112,36.2932],[137.0203,36.3185],[137.0363,36.3177],[137.0519,36.3302],[137.0585,36.3427],[137.0488,36.3458],[137.0614,36.3672],[137.0582,36.3721],[137.0787,36.3845],[137.0946,36.3841],[137.0919,36.3969],[137.1018,36.3995],[137.1111,36.4152],[137.1218,36.4173],[137.1335,36.4349],[137.1607,36.4567],[137.1754,36.4504],[137.1915,36.4553],[137.2065,36.4279],[137.2468,36.4618],[137.2567,36.4517],[137.2789,36.4651],[137.2992,36.4587],[137.3085,36.4639],[137.317,36.4596],[137.3127,36.4417],[137.305,36.4356],[137.3135,36.4251],[137.3515,36.4339],[137.3626,36.4503],[137.3902,36.4597],[137.3962,36.4359],[137.4058,36.4263],[137.461,36.4125],[137.4748,36.4254],[137.5052,36.4248],[137.5398,36.3926],[137.5873,36.3899]]]}},{"type":"Feature","id":"Shizuoka","properties":{"id":"Shizuoka","code":22,"iso_code":"JP-22","name":"Shizuoka","name_full":"Shizuoka Ken","name_ja":"静岡県","name_short_ja":"静岡","region":"Chubu","region_ja":"中部","center_lonlat":[138.3271,35.0198]},"geometry":{"type":"Polygon","coordinates":[[[138.2186,35.6445],[138.2283,35.646],[138.2318,35.639],[138.2288,35.6251],[138.2367,35.6207],[138.2422,35.5723],[138.2455,35.5616],[138.2594,35.5519],[138.2584,35.5297],[138.268,35.5157],[138.2603,35.5047],[138.2572,35.4752],[138.2443,35.4558],[138.2573,35.4379],[138.2571,35.4067],[138.2328,35.3762],[138.233,35.3708],[138.2511,35.3623],[138.2568,35.3385],[138.2488,35.3315],[138.2562,35.3186],[138.2856,35.3046],[138.2969,35.3165],[138.3283,35.3275],[138.3466,35.3163],[138.3586,35.3173],[138.3724,35.2994],[138.3673,35.2721],[138.3857,35.2452],[138.3986,35.2003],[138.4189,35.1983],[138.4292,35.1819],[138.4404,35.1779],[138.4778,35.1773],[138.4916,35.1685],[138.5144,35.1966],[138.5329,35.2015],[138.5274,35.2167],[138.5322,35.2234],[138.5146,35.2632],[138.5205,35.2856],[138.5125,35.3141],[138.5349,35.3306],[138.528,35.3789],[138.5358,35.3899],[138.5334,35.4106],[138.5589,35.4341],[138.5819,35.4457],[138.5979,35.4308],[138.6096,35.3932],[138.6635,35.3983],[138.6711,35.3928],[138.6804,35.3577],[138.8028,35.3763],[138.8218,35.3741],[138.8521,35.3902],[138.8732,35.3815],[138.9162,35.4005],[138.9697,35.4049],[139.0017,35.3988],[138.9994,35.3818],[139.0132,35.3584],[139.0086,35.3498],[139.0187,35.3298],[139.0048,35.2897],[138.9931,35.2849],[138.9752,35.2617],[138.976,35.2356],[138.9876,35.2012],[139.0118,35.1822],[139.0215,35.1817],[139.0305,35.1497],[139.1115,35.1413],[139.1083,35.1295],[139.0746,35.0927],[139.0818,35.0863],[139.0744,35.0803],[139.0793,35.0693],[139.0687,35.0568],[139.0739,35.0468],[139.0995,35.0461],[139.0984,35.0075],[139.0882,35.0088],[139.0835,35.0032],[139.0957,34.9756],[139.1276,34.9691],[139.1345,34.9515],[139.1452,34.9558],[139.1472,34.9298],[139.1324,34.8963],[139.1405,34.8907],[139.1314,34.8789],[139.1027,34.8695],[139.0982,34.8578],[139.0825,34.8521],[139.0753,34.831],[139.0778,34.8191],[139.0628,34.8016],[139.0583,34.7848],[139.0418,34.7737],[139.0478,34.7677],[139.0292,34.7678],[139.0211,34.7548],[139.0063,34.7525],[138.9975,34.7425],[139.0,34.7366],[138.9889,34.7222],[138.9925,34.7176],[138.9787,34.7087],[138.9734,34.6907],[138.9802,34.6816],[138.9728,34.6759],[138.9867,34.6671],[138.9872,34.6579],[138.9571,34.654],[138.9635,34.6725],[138.9478,34.6737],[138.9477,34.6626],[138.9364,34.6665],[138.9413,34.6623],[138.9193,34.6531],[138.9048,34.6289],[138.89,34.6335],[138.8869,34.6239],[138.8497,34.6131],[138.8436,34.6011],[138.8262,34.6062],[138.8235,34.6159],[138.815,34.6148],[138.81,34.6277],[138.794,34.6225],[138.7889,34.6391],[138.778,34.6397],[138.7734,34.655],[138.7902,34.6593],[138.7883,34.6696],[138.7786,34.6671],[138.7573,34.6909],[138.7392,34.6899],[138.7432,34.7001],[138.7391,34.7262],[138.7497,34.7355],[138.756,34.733],[138.7609,34.7406],[138.7553,34.747],[138.7756,34.7517],[138.7757,34.7641],[138.7634,34.7701],[138.7702,34.7732],[138.7528,34.7999],[138.7625,34.8023],[138.7653,34.8095],[138.756,34.8115],[138.7524,34.8227],[138.7599,34.8289],[138.7681,34.8233],[138.7605,34.8431],[138.7746,34.8497],[138.7753,34.8563],[138.7538,34.8678],[138.7561,34.8845],[138.7897,34.908],[138.7677,34.949],[138.7632,34.9751],[138.7766,34.9705],[138.77,34.9853],[138.7874,35.0302],[138.7868,35.0239],[138.8107,35.0192],[138.828,35.0229],[138.8456,35.0139],[138.8758,35.0249],[138.8787,35.0192],[138.8852,35.0245],[138.8896,35.0173],[138.8985,35.0245],[138.8924,35.0311],[138.8979,35.0434],[138.9063,35.0479],[138.8919,35.0514],[138.8871,35.0465],[138.8718,35.0708],[138.8527,35.0795],[138.8453,35.0944],[138.8278,35.107],[138.7525,35.1311],[138.6977,35.1367],[138.7004,35.1423],[138.6956,35.1447],[138.685,35.1451],[138.698,35.1345],[138.6393,35.1149],[138.5737,35.1102],[138.5564,35.1015],[138.533,35.0553],[138.5173,35.0458],[138.5159,35.0381],[138.5109,35.0431],[138.5113,35.0353],[138.5059,35.0417],[138.5057,35.0311],[138.5028,35.0364],[138.5003,35.0296],[138.494,35.032],[138.4991,35.0266],[138.4959,35.0183],[138.4908,35.0193],[138.5029,34.9859],[138.5115,34.9945],[138.5013,35.0014],[138.5061,35.0037],[138.5041,35.0153],[138.5177,35.008],[138.5151,35.0207],[138.5332,35.0131],[138.5148,34.9835],[138.4734,34.9611],[138.4136,34.9423],[138.3979,34.9298],[138.3686,34.925],[138.3573,34.9151],[138.3314,34.8743],[138.3333,34.8688],[138.3286,34.8734],[138.3242,34.8697],[138.3263,34.8447],[138.3305,34.849],[138.3387,34.8326],[138.2995,34.7785],[138.2892,34.7817],[138.3021,34.777],[138.3006,34.7709],[138.2268,34.7273],[138.1976,34.6699],[138.1942,34.6376],[138.2107,34.6151],[138.2196,34.614],[138.217,34.6096],[138.2333,34.6045],[138.2267,34.5946],[138.1931,34.6001],[138.0614,34.6466],[138.0631,34.6577],[138.0566,34.6479],[137.9699,34.6654],[137.9015,34.6671],[137.7986,34.6447],[137.7483,34.6565],[137.7513,34.6661],[137.7444,34.6677],[137.7468,34.657],[137.5855,34.6789],[137.4839,34.6738],[137.491,34.7001],[137.4748,34.7532],[137.4768,34.7735],[137.4928,34.7867],[137.4868,34.8114],[137.501,34.8224],[137.502,34.8328],[137.5434,34.8433],[137.551,34.8517],[137.5868,34.8499],[137.5971,34.8722],[137.6144,34.875],[137.6398,34.8921],[137.6508,34.9318],[137.6614,34.9457],[137.6752,34.9454],[137.6961,34.9714],[137.7071,34.9723],[137.7003,34.9837],[137.7073,34.9952],[137.7009,35.0032],[137.7172,35.035],[137.7746,35.0771],[137.7782,35.0995],[137.7919,35.0953],[137.8002,35.1053],[137.7925,35.1344],[137.8041,35.1306],[137.8144,35.1402],[137.8145,35.1525],[137.8213,35.1481],[137.8285,35.1537],[137.8211,35.1583],[137.8232,35.1699],[137.803,35.1832],[137.8143,35.1865],[137.822,35.2039],[137.8307,35.2049],[137.8278,35.2114],[137.838,35.2125],[137.8481,35.2215],[137.8718,35.2188],[137.8803,35.2266],[137.8824,35.2481],[137.8952,35.2579],[137.9191,35.2552],[137.9305,35.2757],[137.9672,35.2833],[137.9748,35.2934],[137.9948,35.3022],[138.0187,35.3009],[138.0276,35.3117],[138.0266,35.3207],[138.0566,35.3441],[138.0717,35.3465],[138.0873,35.3379],[138.0983,35.3551],[138.1419,35.3707],[138.1521,35.3981],[138.1344,35.4091],[138.1387,35.4232],[138.1214,35.4286],[138.1193,35.4479],[138.1218,35.4563],[138.1552,35.4589],[138.1602,35.47],[138.1564,35.4748],[138.1645,35.4939],[138.14,35.4997],[138.1462,35.5185],[138.1381,35.5219],[138.1594,35.5451],[138.1541,35.5533],[138.1423,35.5555],[138.1628,35.5815],[138.1852,35.5737],[138.1899,35.5787],[138.2058,35.609],[138.2043,35.6325],[138.2186,35.6445]]]}},{"type":"Feature","id":"Aichi","properties":{"id":"Aichi","code":23,"iso_code":"JP-23","name":"Aichi","name_full":"Aichi Ken","name_ja":"愛知県","name_short_ja":"愛知","region":"Chubu","region_ja":"中部","center_lonlat":[137.2118,35.0374]},"geometry":{"type":"MultiPolygon","coordinates":[[[[137.5618,35.2893],[137.5702,35.2821],[137.5556,35.2736],[137.557,35.2642],[137.5459,35.2532],[137.5768,35.2203],[137.5785,35.1984],[137.6198,35.2107],[137.644,35.209],[137.656,35.2281],[137.6822,35.2347],[137.7217,35.2307],[137.7217,35.2226],[137.7597,35.2215],[137.777,35.2034],[137.8229,35.2158],[137.838,35.2125],[137.8278,35.2114],[137.8307,35.2049],[137.822,35.2039],[137.8143,35.1865],[137.803,35.1832],[137.8232,35.1699],[137.8211,35.1583],[137.8285,35.1537],[137.8213,35.1481],[137.8145,35.1525],[137.8144,35.1402],[137.8041,35.1306],[137.7925,35.1344],[137.8002,35.1053],[137.7919,35.0953],[137.7782,35.0995],[137.7746,35.0771],[137.7172,35.035],[137.7009,35.0032],[137.7073,34.9952],[137.7003,34.9837],[137.7071,34.9723],[137.6961,34.9714],[137.6752,34.9454],[137.6614,34.9457],[137.6508,34.9318],[137.6398,34.8921],[137.6144,34.875],[137.5971,34.8722],[137.5868,34.8499],[137.551,34.8517],[137.5434,34.8433],[137.502,34.8328],[137.501,34.8224],[137.4868,34.8114],[137.4928,34.7867],[137.4768,34.7735],[137.4748,34.7532],[137.491,34.7001],[137.4839,34.6738],[137.3411,34.6476],[137.1443,34.5904],[137.0953,34.5911],[137.0175,34.5783],[137.057,34.6491],[137.074,34.6623],[137.0894,34.6568],[137.0843,34.6466],[137.1063,34.6425],[137.1023,34.6327],[137.1185,34.6348],[137.14,34.6452],[137.1309,34.6559],[137.1569,34.6545],[137.2054,34.6772],[137.224,34.6759],[137.234,34.6881],[137.2437,34.6889],[137.2379,34.693],[137.2483,34.6947],[137.2456,34.7061],[137.2608,34.6958],[137.2668,34.7085],[137.2616,34.7158],[137.2847,34.7309],[137.3008,34.7278],[137.3008,34.6937],[137.2904,34.6937],[137.2846,34.6789],[137.2941,34.6837],[137.3069,34.6784],[137.3156,34.6883],[137.3084,34.6919],[137.3114,34.6962],[137.3212,34.6942],[137.325,34.7022],[137.3096,34.7006],[137.3082,34.7248],[137.3301,34.7245],[137.3327,34.7189],[137.3515,34.7274],[137.3203,34.7326],[137.3209,34.7709],[137.3305,34.7806],[137.2979,34.8105],[137.2928,34.8045],[137.2803,34.805],[137.2785,34.8102],[137.2708,34.8046],[137.2509,34.8055],[137.2468,34.8137],[137.2161,34.8229],[137.2226,34.8167],[137.2145,34.816],[137.2189,34.8125],[137.2098,34.8028],[137.1944,34.8093],[137.1868,34.7921],[137.1896,34.7762],[137.1751,34.7656],[137.1679,34.7677],[137.1772,34.7806],[137.1682,34.7876],[137.1506,34.7823],[137.1357,34.7889],[137.1328,34.7823],[137.1055,34.7911],[137.0873,34.7755],[137.0761,34.7865],[137.0424,34.7759],[137.0273,34.7773],[137.0012,34.8031],[136.9968,34.8161],[136.9642,34.8226],[136.9601,34.8285],[136.9485,34.8264],[136.9599,34.8287],[136.9525,34.8489],[136.955,34.843],[136.955,34.8548],[136.9678,34.8749],[136.976,34.8751],[136.9706,34.8771],[136.9765,34.8933],[136.9836,34.8933],[136.9771,34.8969],[136.9854,34.9564],[136.9808,34.9593],[136.9718,34.9085],[136.957,34.8811],[136.9639,34.8765],[136.9585,34.871],[136.9439,34.8807],[136.9341,34.8746],[136.9458,34.8741],[136.9395,34.8613],[136.9279,34.8655],[136.9278,34.8585],[136.9367,34.8543],[136.9349,34.8485],[136.9268,34.8522],[136.9295,34.8297],[136.9216,34.8283],[136.9267,34.8275],[136.925,34.8141],[136.9199,34.8132],[136.9143,34.7709],[136.9479,34.7408],[136.9631,34.7347],[136.9693,34.7255],[136.9633,34.7177],[136.9719,34.7173],[136.9675,34.7095],[136.9761,34.7017],[136.972,34.6956],[136.9358,34.7078],[136.9297,34.7029],[136.8718,34.7315],[136.8398,34.7639],[136.8582,34.8026],[136.8663,34.8365],[136.8571,34.8624],[136.837,34.8759],[136.8377,34.8843],[136.8324,34.8744],[136.8211,34.8837],[136.8265,34.8932],[136.8231,34.9329],[136.8283,34.9611],[136.8202,34.9662],[136.8308,34.9787],[136.8359,34.9763],[136.8336,34.9822],[136.8542,35.0032],[136.8456,35.0079],[136.8696,35.0083],[136.8705,35.0123],[136.8518,35.0162],[136.8689,35.0417],[136.8676,35.0632],[136.8735,35.0719],[136.8894,35.0703],[136.8959,35.0773],[136.8901,35.0824],[136.8963,35.0841],[136.8882,35.094],[136.8847,35.0887],[136.8672,35.093],[136.8623,35.0699],[136.8554,35.0755],[136.8579,35.0591],[136.8519,35.044],[136.8459,35.0455],[136.8494,35.0402],[136.8438,35.0415],[136.8458,35.034],[136.8379,35.0513],[136.8473,35.0559],[136.8436,35.0593],[136.8494,35.0779],[136.8471,35.0833],[136.8281,35.0827],[136.8183,35.0633],[136.8233,35.0683],[136.8317,35.0647],[136.8299,35.0521],[136.8384,35.0309],[136.8121,35.0256],[136.8098,35.0493],[136.8168,35.0515],[136.7967,35.0515],[136.8003,35.0297],[136.7804,35.0335],[136.7961,35.0224],[136.7938,35.0149],[136.7704,35.0214],[136.7531,35.0531],[136.7468,35.0824],[136.696,35.1236],[136.6725,35.1347],[136.6719,35.1878],[136.6831,35.2003],[136.6777,35.241],[136.7252,35.2955],[136.7703,35.3687],[136.8338,35.3559],[136.8644,35.3723],[136.9211,35.3791],[136.9611,35.3993],[136.963,35.4199],[136.9714,35.4222],[136.993,35.4243],[136.978,35.4041],[136.9887,35.401],[137.0036,35.3811],[137.015,35.3813],[137.0474,35.365],[137.0472,35.3365],[137.0681,35.3351],[137.0722,35.3257],[137.063,35.3185],[137.0676,35.3085],[137.0799,35.3065],[137.0817,35.2921],[137.096,35.2907],[137.1022,35.3016],[137.1315,35.2935],[137.1453,35.2799],[137.1652,35.2825],[137.1858,35.2532],[137.2071,35.2532],[137.2134,35.2599],[137.2224,35.2557],[137.2573,35.2727],[137.2626,35.2851],[137.2756,35.2905],[137.3078,35.2911],[137.3452,35.2726],[137.3401,35.264],[137.3443,35.2578],[137.3832,35.2601],[137.3829,35.2467],[137.3892,35.24],[137.4007,35.2416],[137.4089,35.2349],[137.417,35.2402],[137.4297,35.2228],[137.476,35.2532],[137.5054,35.2634],[137.5207,35.2739],[137.5196,35.2831],[137.5448,35.2812],[137.5615,35.2839],[137.5618,35.2893]]],[[[136.8086,34.8393],[136.7995,34.8771],[136.8134,34.8736],[136.8223,34.8624],[136.8183,34.8583],[136.8243,34.8487],[136.8125,34.8468],[136.814,34.8401],[136.8086,34.8393]]],[[[136.8119,34.9961],[136.8004,35.0036],[136.8217,35.0176],[136.8119,34.9961]]],[[[137.3063,34.7847],[137.3033,34.7929],[137.3154,34.7963],[137.3244,34.7869],[137.3084,34.7791],[137.3063,34.7847]]],[[[137.0492,34.7155],[137.0441,34.7264],[137.0374,34.7208],[137.0302,34.7275],[137.0385,34.7333],[137.0545,34.7265],[137.0492,34.7155]]],[[[137.3187,34.7329],[137.3079,34.7348],[137.3143,34.7484],[137.3191,34.7483],[137.3187,34.7329]]],[[[136.8203,34.9498],[136.8109,34.9549],[136.8187,34.9645],[136.8257,34.9605],[136.8203,34.9498]]]]}},{"type":"Feature","id":"Mie","properties":{"id":"Mie","code":24,"iso_code":"JP-24","name":"Mie","name_full":"Mie Ken","name_ja":"三重県","name_short_ja":"三重","region":"Kansai","region_ja":"関西","center_lonlat":[136.3779,34.5184]},"geometry":{"type":"MultiPolygon","coordinates":[[[[136.6725,35.1347],[136.696,35.1236],[136.7468,35.0824],[136.7531,35.0531],[136.7704,35.0214],[136.7491,35.037],[136.7321,35.0263],[136.6973,35.0204],[136.6997,35.0072],[136.6764,35.0085],[136.6514,34.9931],[136.6459,34.959],[136.6372,34.9574],[136.6446,34.9539],[136.6332,34.9499],[136.6409,34.9388],[136.6476,34.9465],[136.663,34.9455],[136.6666,34.9369],[136.6471,34.9349],[136.6462,34.9045],[136.6249,34.8688],[136.5622,34.7963],[136.5337,34.7532],[136.5204,34.6967],[136.5239,34.6793],[136.5297,34.684],[136.5355,34.6777],[136.5411,34.683],[136.5465,34.6799],[136.5421,34.6745],[136.5571,34.6714],[136.5478,34.6661],[136.5438,34.6222],[136.5279,34.6109],[136.548,34.6077],[136.5623,34.6147],[136.5648,34.6077],[136.57,34.6109],[136.6427,34.5909],[136.6649,34.5591],[136.7334,34.5379],[136.7769,34.5088],[136.8097,34.5081],[136.8157,34.4851],[136.8266,34.4873],[136.823,34.5037],[136.8309,34.5061],[136.8488,34.4717],[136.851,34.4797],[136.8773,34.4739],[136.8651,34.4598],[136.8718,34.4574],[136.8665,34.4539],[136.8771,34.4557],[136.8749,34.4507],[136.8845,34.4479],[136.8756,34.4286],[136.8908,34.4348],[136.883,34.4393],[136.8979,34.4477],[136.8928,34.4505],[136.8965,34.4535],[136.9096,34.4553],[136.9233,34.445],[136.9193,34.4249],[136.9279,34.4134],[136.9099,34.3983],[136.9146,34.387],[136.907,34.3847],[136.9125,34.3759],[136.8985,34.3785],[136.8937,34.3896],[136.887,34.3833],[136.8879,34.3921],[136.8797,34.3885],[136.8807,34.3805],[136.8689,34.3885],[136.8758,34.3707],[136.8665,34.3747],[136.871,34.3715],[136.8572,34.3635],[136.8468,34.3719],[136.8333,34.3614],[136.8133,34.3676],[136.8253,34.3528],[136.8391,34.3569],[136.8459,34.3697],[136.8521,34.3683],[136.8511,34.3561],[136.8643,34.3636],[136.8686,34.3548],[136.8605,34.3512],[136.8654,34.3429],[136.8911,34.3653],[136.9082,34.3653],[136.8779,34.3365],[136.8778,34.3282],[136.892,34.3131],[136.8844,34.2982],[136.8942,34.2917],[136.8998,34.2761],[136.8695,34.273],[136.8718,34.2643],[136.8533,34.2619],[136.8474,34.2465],[136.766,34.2604],[136.752,34.2725],[136.7843,34.2782],[136.7932,34.2713],[136.7926,34.2777],[136.8125,34.2723],[136.8117,34.2637],[136.8171,34.2731],[136.8269,34.2722],[136.8254,34.2644],[136.8296,34.2587],[136.8291,34.2658],[136.8346,34.2667],[136.8351,34.2591],[136.8499,34.2734],[136.848,34.2661],[136.8589,34.2653],[136.8526,34.2717],[136.8625,34.2701],[136.8536,34.274],[136.8589,34.279],[136.8471,34.2754],[136.8453,34.2808],[136.8433,34.2719],[136.8334,34.2706],[136.8283,34.2855],[136.838,34.2843],[136.8338,34.2914],[136.8666,34.2865],[136.8636,34.2918],[136.8483,34.2911],[136.8504,34.3007],[136.8421,34.2944],[136.8273,34.301],[136.8323,34.3057],[136.8396,34.3011],[136.8396,34.3071],[136.8469,34.3039],[136.8517,34.3068],[136.8399,34.3097],[136.8478,34.3133],[136.831,34.3081],[136.8229,34.3155],[136.8048,34.3089],[136.8083,34.3127],[136.803,34.3179],[136.811,34.3275],[136.8052,34.3277],[136.7976,34.3089],[136.7923,34.3091],[136.8107,34.2972],[136.792,34.2881],[136.7778,34.2923],[136.7831,34.2991],[136.7732,34.2973],[136.7818,34.3067],[136.7741,34.3055],[136.7773,34.3151],[136.7686,34.3093],[136.7616,34.3155],[136.7649,34.3043],[136.7593,34.3068],[136.7528,34.2982],[136.7637,34.2922],[136.7237,34.3041],[136.6867,34.2846],[136.6887,34.3056],[136.6992,34.3123],[136.6933,34.3132],[136.6955,34.3199],[136.7006,34.3179],[136.6992,34.3254],[136.7089,34.3173],[136.704,34.3281],[136.7119,34.3312],[136.7158,34.3235],[136.715,34.3305],[136.7292,34.3345],[136.7224,34.3339],[136.727,34.3422],[136.7157,34.3395],[136.7138,34.3463],[136.7059,34.3365],[136.7077,34.3487],[136.693,34.3482],[136.6949,34.3365],[136.6823,34.3238],[136.6875,34.3365],[136.6781,34.3365],[136.6908,34.345],[136.672,34.339],[136.6598,34.3453],[136.6567,34.3392],[136.671,34.3365],[136.6652,34.3289],[136.6724,34.3246],[136.6595,34.3283],[136.6591,34.3206],[136.6519,34.3231],[136.6377,34.3083],[136.6526,34.3161],[136.6602,34.3098],[136.6664,34.3123],[136.6632,34.3174],[136.6703,34.3164],[136.6685,34.3126],[136.6769,34.3165],[136.6505,34.2923],[136.6594,34.2896],[136.6364,34.2851],[136.6356,34.2761],[136.6207,34.2737],[136.6048,34.2583],[136.5863,34.2575],[136.5801,34.2745],[136.5878,34.2667],[136.5899,34.2705],[136.5787,34.278],[136.5718,34.275],[136.5812,34.2857],[136.5809,34.2787],[136.5894,34.2862],[136.595,34.2813],[136.592,34.2875],[136.5966,34.2899],[136.5907,34.2946],[136.589,34.2885],[136.5814,34.2933],[136.5811,34.2882],[136.5609,34.2856],[136.5605,34.2755],[136.5481,34.2817],[136.5578,34.2677],[136.5489,34.2599],[136.5483,34.25],[136.5375,34.2558],[136.5404,34.2774],[136.5267,34.2593],[136.5305,34.2731],[136.5226,34.2731],[136.5237,34.2668],[136.5112,34.271],[136.5112,34.2786],[136.5041,34.2777],[136.5081,34.2532],[136.5175,34.2385],[136.4987,34.2546],[136.501,34.2585],[136.4906,34.2521],[136.5042,34.2437],[136.4881,34.2449],[136.4844,34.2395],[136.4889,34.2341],[136.5054,34.2368],[136.5083,34.2296],[136.4968,34.2297],[136.4968,34.2247],[136.4816,34.2197],[136.4805,34.2283],[136.4634,34.2318],[136.4595,34.2443],[136.4729,34.2483],[136.4662,34.2567],[136.4561,34.2462],[136.4408,34.2478],[136.4542,34.2426],[136.4521,34.2281],[136.4596,34.2252],[136.4511,34.2197],[136.4305,34.2196],[136.3988,34.2028],[136.3927,34.2115],[136.4006,34.2139],[136.3998,34.219],[136.3838,34.2165],[136.3863,34.2095],[136.3621,34.1887],[136.3573,34.1989],[136.3503,34.1946],[136.3486,34.2041],[136.3591,34.2073],[136.3533,34.2116],[136.3356,34.1975],[136.3219,34.1959],[136.3368,34.197],[136.332,34.1803],[136.3223,34.1861],[136.3191,34.1801],[136.3035,34.1801],[136.2877,34.1565],[136.2783,34.1616],[136.2861,34.1482],[136.2767,34.1363],[136.2914,34.1271],[136.2832,34.1225],[136.2854,34.117],[136.2925,34.1123],[136.298,34.1179],[136.3153,34.1145],[136.3087,34.1135],[136.2975,34.0865],[136.2911,34.0969],[136.2671,34.0815],[136.2717,34.0865],[136.2659,34.0994],[136.273,34.1021],[136.2594,34.0989],[136.259,34.0884],[136.2492,34.0947],[136.2497,34.1043],[136.2756,34.1219],[136.2684,34.1288],[136.2527,34.1119],[136.2272,34.1],[136.2362,34.0865],[136.2019,34.0769],[136.2085,34.0629],[136.2517,34.0616],[136.2433,34.0596],[136.244,34.0387],[136.2821,34.0196],[136.2637,34.0111],[136.2428,34.0146],[136.2554,34.0059],[136.2717,34.005],[136.2659,33.9935],[136.2574,33.9979],[136.2599,33.9889],[136.2715,33.9881],[136.2715,33.9731],[136.2541,33.9644],[136.2468,33.9725],[136.2384,33.9694],[136.2352,33.9799],[136.2525,33.9842],[136.2278,33.9883],[136.2165,34.0007],[136.2108,33.9996],[136.2151,33.9839],[136.2026,33.9715],[136.192,33.9717],[136.2014,33.9636],[136.2217,33.9738],[136.2161,33.9656],[136.2263,33.9643],[136.2315,33.9474],[136.2169,33.9473],[136.2135,33.9316],[136.2007,33.9445],[136.1803,33.9378],[136.198,33.9339],[136.194,33.9259],[136.1983,33.9199],[136.1797,33.9134],[136.1705,33.9125],[136.1676,33.9243],[136.1721,33.9249],[136.1507,33.9309],[136.1516,33.9133],[136.1392,33.9093],[136.148,33.8972],[136.1344,33.899],[136.1366,33.8885],[136.1302,33.8849],[136.1178,33.8988],[136.1166,33.8915],[136.1077,33.8904],[136.0879,33.8721],[136.0484,33.8097],[136.0113,33.7235],[135.9835,33.736],[135.9712,33.7323],[135.9762,33.7233],[135.9533,33.7286],[135.9412,33.7351],[135.937,33.7575],[135.9302,33.7539],[135.917,33.7661],[135.9071,33.7667],[135.89,33.8019],[135.8563,33.818],[135.8602,33.8488],[135.8531,33.861],[135.8576,33.8729],[135.8611,33.8761],[135.8648,33.8608],[135.8744,33.8615],[135.8812,33.8723],[135.8955,33.8688],[135.9013,33.8835],[135.8923,33.8936],[135.8918,33.8813],[135.8838,33.8864],[135.8879,33.8947],[135.8804,33.9091],[135.8942,33.906],[135.8933,33.9199],[135.9086,33.9184],[135.9323,33.9167],[135.9295,33.9231],[135.9177,33.9222],[135.9182,33.9304],[135.9306,33.9331],[135.9278,33.9409],[135.9686,33.929],[135.9766,33.9664],[135.987,33.9679],[135.9991,33.9556],[136.011,33.9662],[136.0129,33.9737],[135.9951,34.0002],[136.005,34.0032],[136.0032,34.0097],[136.0186,34.0359],[136.0318,34.0325],[136.0377,34.0403],[136.0528,34.032],[136.1033,34.0255],[136.0924,34.0478],[136.0927,34.0826],[136.1182,34.0822],[136.103,34.0955],[136.1074,34.1027],[136.099,34.1187],[136.1081,34.1267],[136.1017,34.1406],[136.1141,34.1593],[136.1045,34.1729],[136.1086,34.1843],[136.0926,34.19],[136.0969,34.2019],[136.1165,34.2123],[136.1169,34.223],[136.1102,34.2292],[136.1289,34.2427],[136.1311,34.2517],[136.1183,34.2603],[136.119,34.2699],[136.0985,34.2885],[136.0947,34.301],[136.1292,34.3159],[136.1017,34.3365],[136.0861,34.3783],[136.0687,34.3935],[136.0883,34.4141],[136.0885,34.4282],[136.0958,34.4352],[136.1279,34.4449],[136.1489,34.4415],[136.1577,34.4482],[136.2059,34.4485],[136.218,34.484],[136.229,34.4941],[136.2147,34.5032],[136.2163,34.5281],[136.1821,34.5171],[136.1671,34.52],[136.1715,34.5341],[136.1556,34.5587],[136.1383,34.5607],[136.1142,34.5459],[136.1106,34.5559],[136.0841,34.5593],[136.0495,34.5801],[136.0463,34.6002],[136.0674,34.6217],[136.0725,34.6366],[136.0646,34.6513],[136.0519,34.6521],[136.0403,34.6633],[136.0635,34.6521],[136.0767,34.659],[136.0855,34.6763],[136.0747,34.6976],[136.0533,34.7051],[136.07,34.7137],[136.0552,34.7384],[136.0378,34.7563],[136.0285,34.7572],[136.0335,34.7789],[136.0211,34.7844],[136.0218,34.7915],[136.0568,34.8035],[136.0628,34.8002],[136.0903,34.8139],[136.094,34.8189],[136.0857,34.8375],[136.1031,34.8405],[136.1073,34.8519],[136.1266,34.8618],[136.1218,34.8728],[136.1009,34.8703],[136.0852,34.8777],[136.087,34.8905],[136.0956,34.8888],[136.1106,34.9019],[136.1308,34.8831],[136.1367,34.8883],[136.1471,34.8823],[136.1794,34.8865],[136.1789,34.8807],[136.1917,34.8725],[136.2503,34.8578],[136.277,34.8742],[136.291,34.8704],[136.3122,34.8803],[136.3129,34.8862],[136.3656,34.9049],[136.3666,34.9204],[136.3749,34.9243],[136.373,34.9418],[136.3862,34.9524],[136.3952,34.9517],[136.4143,34.9796],[136.413,34.9953],[136.4209,34.9997],[136.4174,35.0187],[136.4241,35.029],[136.4187,35.03],[136.4182,35.0484],[136.4412,35.0651],[136.4356,35.0827],[136.4419,35.0865],[136.4407,35.1169],[136.4478,35.1235],[136.436,35.1301],[136.4452,35.1495],[136.4538,35.152],[136.4543,35.1616],[136.4247,35.1838],[136.4083,35.1872],[136.4167,35.2027],[136.4149,35.2177],[136.4317,35.2291],[136.4421,35.2171],[136.4663,35.2377],[136.4702,35.2329],[136.4828,35.2397],[136.5078,35.2362],[136.5154,35.2532],[136.5337,35.2569],[136.5402,35.2391],[136.5494,35.2337],[136.5482,35.22],[136.5568,35.22],[136.5606,35.2065],[136.575,35.2019],[136.5884,35.1845],[136.602,35.1778],[136.6161,35.1495],[136.6452,35.1446],[136.6461,35.1658],[136.6725,35.1347]]],[[[136.8586,34.506],[136.8471,34.5101],[136.8788,34.5263],[136.8667,34.5279],[136.8998,34.5377],[136.9042,34.5203],[136.8933,34.5229],[136.8753,34.509],[136.8586,34.506]]],[[[136.8863,34.4766],[136.8718,34.4855],[136.8757,34.4921],[136.9084,34.5029],[136.9062,34.4895],[136.8863,34.4766]]],[[[136.6657,34.9729],[136.6503,34.9773],[136.6528,34.9918],[136.6747,35.0024],[136.6613,34.9934],[136.6777,34.987],[136.6657,34.9729]]]]}},{"type":"Feature","id":"Shiga","properties":{"id":"Shiga","code":25,"iso_code":"JP-25","name":"Shiga","name_full":"Shiga Ken","name_ja":"滋賀県","name_short_ja":"滋賀","region":"Kansai","region_ja":"関西","center_lonlat":[136.135,35.2189]},"geometry":{"type":"Polygon","coordinates":[[[136.2806,35.6587],[136.2759,35.6533],[136.2828,35.6433],[136.2789,35.6369],[136.2887,35.6203],[136.3154,35.6233],[136.3233,35.6163],[136.3153,35.6056],[136.3231,35.5865],[136.3178,35.5469],[136.3377,35.5494],[136.3457,35.536],[136.3563,35.5399],[136.3633,35.559],[136.3718,35.5597],[136.3849,35.5329],[136.4002,35.5299],[136.4053,35.5135],[136.3916,35.5032],[136.3872,35.4879],[136.4034,35.4694],[136.4197,35.4665],[136.4255,35.4477],[136.4115,35.4186],[136.4441,35.3895],[136.4355,35.3785],[136.4134,35.3713],[136.4095,35.3554],[136.4212,35.3531],[136.4206,35.3466],[136.4108,35.3138],[136.3908,35.2878],[136.3965,35.2574],[136.3781,35.2427],[136.4149,35.2177],[136.4167,35.2027],[136.4083,35.1872],[136.4247,35.1838],[136.4543,35.1616],[136.4538,35.152],[136.4452,35.1495],[136.436,35.1301],[136.4478,35.1235],[136.4407,35.1169],[136.4419,35.0865],[136.4356,35.0827],[136.4412,35.0651],[136.4182,35.0484],[136.4187,35.03],[136.4241,35.029],[136.4174,35.0187],[136.4209,34.9997],[136.413,34.9953],[136.4143,34.9796],[136.3952,34.9517],[136.3862,34.9524],[136.373,34.9418],[136.3749,34.9243],[136.3666,34.9204],[136.3656,34.9049],[136.3129,34.8862],[136.3122,34.8803],[136.291,34.8704],[136.277,34.8742],[136.2503,34.8578],[136.1917,34.8725],[136.1789,34.8807],[136.1794,34.8865],[136.1471,34.8823],[136.1367,34.8883],[136.1308,34.8831],[136.1106,34.9019],[136.0956,34.8888],[136.087,34.8905],[136.0852,34.8777],[136.1009,34.8703],[136.1218,34.8728],[136.1266,34.8618],[136.1073,34.8519],[136.1031,34.8405],[136.0857,34.8375],[136.094,34.8189],[136.0903,34.8139],[136.0628,34.8002],[136.0568,34.8035],[136.0218,34.7915],[136.0104,34.8007],[136.0269,34.8148],[136.0272,34.8218],[136.0173,34.8282],[136.0068,34.8263],[136.0015,34.8449],[135.9707,34.8384],[135.9718,34.8457],[135.9614,34.8537],[135.9457,34.8517],[135.9405,34.8932],[135.898,34.8712],[135.8664,34.8923],[135.8625,34.9029],[135.8709,34.9105],[135.8685,34.9199],[135.8788,34.9341],[135.8782,34.9475],[135.8525,34.9707],[135.8554,34.9839],[135.8493,34.991],[135.8268,34.9911],[135.8351,35.0032],[135.8199,35.0129],[135.8347,35.0128],[135.8334,35.0223],[135.8268,35.0223],[135.815,35.0461],[135.8355,35.059],[135.8315,35.0713],[135.8395,35.0865],[135.8353,35.0909],[135.8557,35.1533],[135.8439,35.1699],[135.8291,35.2207],[135.8368,35.2258],[135.8342,35.2411],[135.8604,35.283],[135.8581,35.2891],[135.8313,35.2761],[135.809,35.3161],[135.7926,35.3229],[135.7796,35.3403],[135.7637,35.3445],[135.7684,35.3561],[135.7907,35.3793],[135.7905,35.3867],[135.8071,35.3853],[135.8151,35.4131],[135.8528,35.4115],[135.8616,35.3951],[135.8904,35.4038],[135.8927,35.4199],[135.9131,35.4314],[135.9101,35.4478],[135.9164,35.4696],[135.9398,35.5204],[135.9465,35.5207],[135.9535,35.5057],[135.9684,35.5024],[135.9815,35.4868],[136.0059,35.4916],[136.028,35.5241],[136.0261,35.5296],[136.0491,35.5346],[136.0699,35.5266],[136.0831,35.5404],[136.1051,35.5288],[136.1133,35.5829],[136.1685,35.5655],[136.1668,35.5835],[136.1767,35.5961],[136.1477,35.6625],[136.1342,35.6699],[136.15,35.6978],[136.185,35.7037],[136.2127,35.6822],[136.232,35.6826],[136.2806,35.6587]]]}},{"type":"Feature","id":"Kyoto","properties":{"id":"Kyoto","code":26,"iso_code":"JP-26","name":"Kyoto","name_full":"Kyoto Fu","name_ja":"京都府","name_short_ja":"京都","region":"Kansai","region_ja":"関西","center_lonlat":[135.4413,35.2556]},"geometry":{"type":"Polygon","coordinates":[[[134.8671,35.6581],[134.882,35.6589],[134.8834,35.6467],[134.9353,35.6505],[134.9659,35.6655],[134.9663,35.676],[134.9849,35.6923],[135.0222,35.6895],[135.0354,35.7019],[135.0607,35.7081],[135.0817,35.7235],[135.0857,35.7398],[135.1235,35.7458],[135.1383,35.7577],[135.1441,35.7503],[135.1854,35.7659],[135.2045,35.7639],[135.2213,35.7719],[135.223,35.7792],[135.2468,35.7573],[135.2531,35.7593],[135.2505,35.7521],[135.257,35.7445],[135.2733,35.7425],[135.2742,35.7303],[135.2872,35.7259],[135.286,35.7051],[135.308,35.6944],[135.2993,35.6788],[135.3029,35.6628],[135.288,35.6647],[135.2939,35.6737],[135.2874,35.6756],[135.268,35.6674],[135.2543,35.6515],[135.2443,35.6205],[135.2131,35.5969],[135.1926,35.5711],[135.1873,35.5587],[135.1931,35.5383],[135.2081,35.5427],[135.2041,35.5587],[135.2237,35.5675],[135.2278,35.5858],[135.2357,35.5816],[135.2547,35.5989],[135.2555,35.5887],[135.2469,35.5865],[135.2507,35.5702],[135.2739,35.5609],[135.254,35.5527],[135.2449,35.5613],[135.2369,35.5458],[135.2442,35.5359],[135.2673,35.5339],[135.2882,35.5155],[135.3098,35.5124],[135.3201,35.5255],[135.3303,35.517],[135.3297,35.4922],[135.3241,35.4811],[135.3174,35.4802],[135.321,35.4768],[135.3114,35.459],[135.3163,35.4512],[135.3316,35.4691],[135.3467,35.4753],[135.3467,35.4823],[135.3407,35.4798],[135.3491,35.4864],[135.3468,35.494],[135.3598,35.4876],[135.378,35.4908],[135.382,35.4857],[135.3718,35.477],[135.3975,35.4788],[135.4004,35.5006],[135.3941,35.4996],[135.3904,35.5079],[135.3963,35.5152],[135.3853,35.5126],[135.3813,35.5032],[135.3445,35.5041],[135.3487,35.5205],[135.3385,35.5239],[135.3359,35.5339],[135.3423,35.5518],[135.3486,35.5431],[135.378,35.5613],[135.3926,35.5579],[135.3978,35.5667],[135.4012,35.5615],[135.4121,35.5701],[135.4263,35.5665],[135.4258,35.5801],[135.4328,35.5803],[135.4337,35.5907],[135.4479,35.5927],[135.4619,35.6035],[135.4627,35.5928],[135.4518,35.5913],[135.4547,35.5843],[135.4481,35.5791],[135.4521,35.5675],[135.4655,35.5705],[135.4657,35.5621],[135.4865,35.558],[135.4599,35.5472],[135.449,35.5235],[135.4748,35.5049],[135.4754,35.4891],[135.4591,35.4675],[135.4699,35.4545],[135.4857,35.4486],[135.4886,35.4387],[135.4968,35.4377],[135.4958,35.4251],[135.5253,35.4207],[135.5285,35.3797],[135.5656,35.3773],[135.5877,35.3683],[135.5958,35.3727],[135.6419,35.3668],[135.7007,35.3437],[135.7185,35.3553],[135.7362,35.3512],[135.7408,35.3583],[135.7684,35.3561],[135.7637,35.3445],[135.7796,35.3403],[135.7926,35.3229],[135.809,35.3161],[135.8313,35.2761],[135.8581,35.2891],[135.8604,35.283],[135.8342,35.2411],[135.8368,35.2258],[135.8291,35.2207],[135.8439,35.1699],[135.8557,35.1533],[135.8353,35.0909],[135.8395,35.0865],[135.8315,35.0713],[135.8355,35.059],[135.815,35.0461],[135.8268,35.0223],[135.8334,35.0223],[135.8347,35.0128],[135.8199,35.0129],[135.8351,35.0032],[135.8268,34.9911],[135.8493,34.991],[135.8554,34.9839],[135.8525,34.9707],[135.8782,34.9475],[135.8788,34.9341],[135.8685,34.9199],[135.8709,34.9105],[135.8625,34.9029],[135.8664,34.8923],[135.898,34.8712],[135.9405,34.8932],[135.9457,34.8517],[135.9614,34.8537],[135.9718,34.8457],[135.9707,34.8384],[136.0015,34.8449],[136.0068,34.8263],[136.0173,34.8282],[136.0272,34.8218],[136.0269,34.8148],[136.0104,34.8007],[136.0218,34.7915],[136.0211,34.7844],[136.0335,34.7789],[136.0285,34.7572],[136.0378,34.7563],[136.0552,34.7384],[136.0427,34.7361],[136.0285,34.7062],[136.014,34.7077],[136.0055,34.7169],[135.9859,34.7151],[135.9832,34.7331],[135.9754,34.7409],[135.9588,34.7402],[135.955,34.7477],[135.9428,34.738],[135.9254,34.7403],[135.9254,34.7575],[135.8982,34.7315],[135.89,34.7087],[135.8765,34.7136],[135.8486,34.7059],[135.8106,34.7147],[135.8034,34.7217],[135.7551,34.7275],[135.7567,34.7351],[135.7334,34.7547],[135.7284,34.7779],[135.7447,34.8043],[135.7098,34.8466],[135.7033,34.8515],[135.6955,34.8482],[135.6749,34.8987],[135.6486,34.9094],[135.6503,34.9231],[135.6307,34.9353],[135.5999,34.928],[135.6176,34.9575],[135.6129,34.9713],[135.5921,34.9667],[135.5831,34.9763],[135.5733,34.9717],[135.5783,34.9557],[135.5636,34.9536],[135.5568,34.9381],[135.5577,34.933],[135.5633,34.9422],[135.5622,34.9335],[135.58,34.937],[135.5807,34.9236],[135.5722,34.9165],[135.5418,34.9153],[135.5375,34.9249],[135.5169,34.9335],[135.5132,34.9439],[135.49,34.9418],[135.481,34.9495],[135.4863,34.9564],[135.4809,34.9625],[135.4901,34.9677],[135.4832,34.9814],[135.4914,34.9893],[135.4361,35.0083],[135.423,35.0023],[135.4099,35.0109],[135.4031,35.0067],[135.3821,35.0101],[135.3802,35.0363],[135.3708,35.0453],[135.3718,35.0591],[135.3992,35.0761],[135.4031,35.0894],[135.3885,35.0971],[135.393,35.1109],[135.3861,35.119],[135.3894,35.1288],[135.3435,35.1357],[135.3372,35.1438],[135.3405,35.1499],[135.2946,35.1419],[135.2822,35.1449],[135.278,35.1511],[135.2909,35.1597],[135.2898,35.1699],[135.2738,35.1771],[135.2327,35.1774],[135.2245,35.1639],[135.2067,35.1609],[135.1869,35.1718],[135.1863,35.1898],[135.199,35.194],[135.1967,35.2029],[135.1819,35.2159],[135.1556,35.2262],[135.1662,35.2402],[135.1583,35.2599],[135.109,35.2663],[135.0675,35.2372],[135.0565,35.264],[135.0382,35.2607],[135.01,35.2698],[135.0095,35.2837],[134.9988,35.2911],[134.9602,35.2979],[134.9208,35.3163],[134.9272,35.3293],[134.917,35.3399],[134.9226,35.3527],[134.9185,35.3645],[134.9264,35.3775],[134.923,35.3943],[134.9338,35.4074],[134.9448,35.4132],[134.9586,35.4091],[134.9872,35.3945],[134.9895,35.3863],[135.0192,35.3945],[135.0291,35.4096],[135.0483,35.4074],[135.0495,35.4511],[135.0358,35.4753],[135.0417,35.4934],[135.0328,35.4973],[135.0447,35.5085],[135.0367,35.5373],[135.0301,35.5399],[134.9959,35.5353],[134.9592,35.513],[134.9265,35.5125],[134.9146,35.5277],[134.9187,35.5379],[134.9143,35.5448],[134.8542,35.5881],[134.8725,35.6197],[134.8671,35.6581]]]}},{"type":"Feature","id":"Osaka","properties":{"id":"Osaka","code":27,"iso_code":"JP-27","name":"Osaka","name_full":"Osaka Fu","name_ja":"大阪府","name_short_ja":"大阪","region":"Kansai","region_ja":"関西","center_lonlat":[135.5085,34.6262]},"geometry":{"type":"MultiPolygon","coordinates":[[[[135.3708,35.0453],[135.3802,35.0363],[135.3821,35.0101],[135.4031,35.0067],[135.4099,35.0109],[135.423,35.0023],[135.4361,35.0083],[135.4914,34.9893],[135.4832,34.9814],[135.4901,34.9677],[135.4809,34.9625],[135.4863,34.9564],[135.481,34.9495],[135.49,34.9418],[135.5132,34.9439],[135.5169,34.9335],[135.5375,34.9249],[135.5418,34.9153],[135.5722,34.9165],[135.5807,34.9236],[135.58,34.937],[135.5622,34.9335],[135.5633,34.9422],[135.5577,34.933],[135.5568,34.9381],[135.5636,34.9536],[135.5783,34.9557],[135.5733,34.9717],[135.5831,34.9763],[135.5921,34.9667],[135.6129,34.9713],[135.6176,34.9575],[135.5999,34.928],[135.6307,34.9353],[135.6503,34.9231],[135.6486,34.9094],[135.6749,34.8987],[135.6955,34.8482],[135.7033,34.8515],[135.7098,34.8466],[135.7447,34.8043],[135.7284,34.7779],[135.721,34.7744],[135.711,34.7813],[135.7095,34.7532],[135.6965,34.7437],[135.7038,34.7239],[135.6727,34.7017],[135.6778,34.6793],[135.6651,34.6529],[135.6584,34.6147],[135.6503,34.6087],[135.6753,34.6013],[135.6815,34.5849],[135.6726,34.5799],[135.6727,34.5707],[135.6577,34.563],[135.6505,34.5449],[135.6581,34.5435],[135.6617,34.5303],[135.6766,34.5246],[135.673,34.5032],[135.6842,34.4854],[135.6864,34.4509],[135.6798,34.4357],[135.6647,34.424],[135.6799,34.4083],[135.6754,34.3995],[135.6631,34.3965],[135.6507,34.3832],[135.6196,34.3844],[135.614,34.3771],[135.5795,34.3764],[135.5077,34.3365],[135.485,34.3627],[135.4661,34.3479],[135.4088,34.3419],[135.3971,34.3305],[135.3622,34.3291],[135.3382,34.3351],[135.328,34.3241],[135.33,34.3167],[135.3035,34.3127],[135.2931,34.2993],[135.2822,34.3178],[135.2707,34.3122],[135.2468,34.3131],[135.2251,34.3009],[135.2076,34.3081],[135.2048,34.2888],[135.1531,34.2742],[135.1545,34.2807],[135.148,34.2835],[135.1325,34.2725],[135.126,34.2767],[135.1112,34.272],[135.0965,34.2959],[135.1058,34.3079],[135.0931,34.3117],[135.1303,34.326],[135.1299,34.3207],[135.1397,34.3176],[135.1529,34.3311],[135.2182,34.3449],[135.2484,34.3767],[135.2627,34.3803],[135.2865,34.4007],[135.2943,34.4151],[135.3188,34.42],[135.3133,34.4265],[135.3174,34.4307],[135.3224,34.4243],[135.3279,34.4298],[135.3207,34.4329],[135.3246,34.4369],[135.3308,34.4327],[135.3517,34.4579],[135.3531,34.4508],[135.3609,34.4615],[135.354,34.463],[135.3628,34.4722],[135.3637,34.4658],[135.3722,34.4715],[135.3661,34.4807],[135.376,34.4733],[135.3709,34.5026],[135.3786,34.511],[135.3672,34.5171],[135.3783,34.532],[135.3714,34.5225],[135.3797,34.5152],[135.3822,34.5255],[135.386,34.5175],[135.3818,34.5117],[135.3876,34.5144],[135.3901,34.5055],[135.4021,34.5185],[135.4052,34.5104],[135.4103,34.523],[135.4186,34.5193],[135.4318,34.5322],[135.4457,34.5569],[135.4105,34.5608],[135.402,34.5999],[135.4157,34.5938],[135.4209,34.5696],[135.4295,34.5707],[135.4261,34.5897],[135.4415,34.5829],[135.4447,34.5674],[135.4525,34.5649],[135.4514,34.575],[135.4577,34.5757],[135.4501,34.5835],[135.4664,34.5846],[135.4493,34.587],[135.4624,34.5873],[135.4606,34.5948],[135.4591,34.59],[135.4377,34.5887],[135.4255,34.5934],[135.4235,34.605],[135.4454,34.5982],[135.4371,34.6107],[135.4234,34.6108],[135.4234,34.619],[135.4329,34.6131],[135.4313,34.6218],[135.4413,34.6261],[135.4472,34.6147],[135.4481,34.6307],[135.4534,34.6292],[135.4475,34.639],[135.4508,34.6358],[135.4508,34.6453],[135.4261,34.65],[135.4235,34.6571],[135.4194,34.6532],[135.4204,34.6602],[135.4144,34.6515],[135.4165,34.6615],[135.4263,34.6679],[135.4175,34.6635],[135.4177,34.6735],[135.4082,34.6719],[135.4193,34.6769],[135.4161,34.6842],[135.4239,34.6932],[135.4138,34.6867],[135.4028,34.6932],[135.447,34.7197],[135.4469,34.7333],[135.4599,34.7332],[135.4593,34.7514],[135.4444,34.7684],[135.4414,34.7909],[135.4234,34.8019],[135.4157,34.8195],[135.4239,34.8365],[135.4167,34.8521],[135.4299,34.8555],[135.4446,34.8985],[135.4306,34.8923],[135.4268,34.9061],[135.4182,34.9088],[135.438,34.9199],[135.4651,34.9199],[135.4668,34.9287],[135.4614,34.9266],[135.4417,34.9393],[135.4182,34.9339],[135.4108,34.9432],[135.3923,34.9414],[135.3827,34.9554],[135.3601,34.9545],[135.3456,34.9653],[135.3498,34.9798],[135.359,34.9823],[135.3533,34.9881],[135.3542,35.0241],[135.3394,35.0259],[135.3304,35.0345],[135.349,35.0509],[135.3708,35.0453]]],[[[135.2294,34.446],[135.2414,34.4553],[135.2521,34.4468],[135.2331,34.4319],[135.2512,34.4441],[135.2646,34.4377],[135.227,34.4132],[135.2184,34.4221],[135.2288,34.4309],[135.2217,34.4334],[135.2058,34.4234],[135.2013,34.4283],[135.2294,34.446]]],[[[135.4222,34.6219],[135.4074,34.6295],[135.4122,34.6371],[135.3986,34.6313],[135.3986,34.6384],[135.4162,34.6447],[135.4393,34.6412],[135.4418,34.6283],[135.4222,34.6219]]],[[[135.4263,34.5471],[135.4306,34.5537],[135.4409,34.5541],[135.4211,34.5246],[135.3991,34.5364],[135.4093,34.5544],[135.4158,34.55],[135.4113,34.542],[135.4201,34.538],[135.4263,34.5471]]],[[[135.3921,34.6423],[135.3789,34.6431],[135.3729,34.652],[135.3794,34.6601],[135.4045,34.6537],[135.3921,34.6423]]],[[[135.4097,34.659],[135.3867,34.6627],[135.3879,34.6677],[135.4025,34.6733],[135.4093,34.6688],[135.4097,34.659]]],[[[135.3341,34.4457],[135.3279,34.45],[135.3401,34.4664],[135.3469,34.4587],[135.3341,34.4457]]],[[[135.4175,34.6108],[135.4027,34.6121],[135.3993,34.6207],[135.4184,34.6196],[135.4175,34.6108]]],[[[135.3937,34.5314],[135.4027,34.5256],[135.3998,34.5189],[135.3883,34.524],[135.3937,34.5314]]]]}},{"type":"Feature","id":"Hyogo","properties":{"id":"Hyogo","code":28,"iso_code":"JP-28","name":"Hyogo","name_full":"Hyogo Ken","name_ja":"兵庫県","name_short_ja":"兵庫","region":"Kansai","region_ja":"関西","center_lonlat":[134.8242,35.0943]},"geometry":{"type":"MultiPolygon","coordinates":[[[[134.8671,35.6581],[134.8725,35.6197],[134.8542,35.5881],[134.9143,35.5448],[134.9187,35.5379],[134.9146,35.5277],[134.9265,35.5125],[134.9592,35.513],[134.9959,35.5353],[135.0301,35.5399],[135.0367,35.5373],[135.0447,35.5085],[135.0328,35.4973],[135.0417,35.4934],[135.0358,35.4753],[135.0495,35.4511],[135.0483,35.4074],[135.0291,35.4096],[135.0192,35.3945],[134.9895,35.3863],[134.9872,35.3945],[134.9586,35.4091],[134.9448,35.4132],[134.9338,35.4074],[134.923,35.3943],[134.9264,35.3775],[134.9185,35.3645],[134.9226,35.3527],[134.917,35.3399],[134.9272,35.3293],[134.9208,35.3163],[134.9602,35.2979],[134.9988,35.2911],[135.0095,35.2837],[135.01,35.2698],[135.0382,35.2607],[135.0565,35.264],[135.0675,35.2372],[135.109,35.2663],[135.1583,35.2599],[135.1662,35.2402],[135.1556,35.2262],[135.1819,35.2159],[135.1967,35.2029],[135.199,35.194],[135.1863,35.1898],[135.1869,35.1718],[135.2067,35.1609],[135.2245,35.1639],[135.2327,35.1774],[135.2738,35.1771],[135.2898,35.1699],[135.2909,35.1597],[135.278,35.1511],[135.2822,35.1449],[135.2946,35.1419],[135.3405,35.1499],[135.3372,35.1438],[135.3435,35.1357],[135.3894,35.1288],[135.3861,35.119],[135.393,35.1109],[135.3885,35.0971],[135.4031,35.0894],[135.3992,35.0761],[135.3718,35.0591],[135.3708,35.0453],[135.349,35.0509],[135.3304,35.0345],[135.3394,35.0259],[135.3542,35.0241],[135.3533,34.9881],[135.359,34.9823],[135.3498,34.9798],[135.3456,34.9653],[135.3601,34.9545],[135.3827,34.9554],[135.3923,34.9414],[135.4108,34.9432],[135.4182,34.9339],[135.4417,34.9393],[135.4614,34.9266],[135.4668,34.9287],[135.4651,34.9199],[135.438,34.9199],[135.4182,34.9088],[135.4268,34.9061],[135.4306,34.8923],[135.4446,34.8985],[135.4299,34.8555],[135.4167,34.8521],[135.4239,34.8365],[135.4157,34.8195],[135.4234,34.8019],[135.4414,34.7909],[135.4444,34.7684],[135.4593,34.7514],[135.4599,34.7332],[135.4469,34.7333],[135.447,34.7197],[135.4028,34.6932],[135.3922,34.68],[135.3762,34.6766],[135.3927,34.6821],[135.4013,34.6992],[135.3932,34.701],[135.3895,34.6919],[135.3774,34.6921],[135.3712,34.6808],[135.3738,34.6931],[135.3684,34.6964],[135.3632,34.6883],[135.3539,34.6968],[135.3632,34.7063],[135.3359,34.7258],[135.3225,34.7259],[135.3238,34.718],[135.3064,34.7144],[135.2945,34.7195],[135.2819,34.7124],[135.2881,34.704],[135.2721,34.7022],[135.2681,34.707],[135.2682,34.7018],[135.228,34.7001],[135.238,34.6932],[135.219,34.6956],[135.2144,34.6927],[135.2184,34.6901],[135.2018,34.685],[135.2023,34.6787],[135.19,34.6855],[135.1823,34.6773],[135.1886,34.6709],[135.1776,34.6701],[135.1779,34.6649],[135.187,34.6669],[135.1774,34.6638],[135.1869,34.6531],[135.1833,34.6494],[135.1111,34.6413],[135.0596,34.6255],[135.0404,34.6284],[135.0183,34.6433],[134.9815,34.6414],[134.9655,34.6465],[134.9282,34.6716],[134.9098,34.6745],[134.8581,34.7137],[134.8467,34.7153],[134.8477,34.7203],[134.8362,34.7072],[134.8263,34.7063],[134.8091,34.7181],[134.8101,34.7423],[134.7973,34.7331],[134.7871,34.74],[134.7881,34.7471],[134.7853,34.7411],[134.7662,34.7527],[134.7568,34.7517],[134.7654,34.7599],[134.7432,34.7692],[134.7008,34.7775],[134.7016,34.7728],[134.6873,34.7712],[134.6851,34.7782],[134.683,34.7721],[134.6733,34.7765],[134.6651,34.7679],[134.6592,34.7737],[134.6689,34.7795],[134.664,34.7843],[134.65,34.7705],[134.6554,34.7885],[134.6457,34.7795],[134.645,34.7673],[134.6329,34.7673],[134.6315,34.7725],[134.6435,34.7834],[134.6221,34.7837],[134.6282,34.7777],[134.6235,34.7694],[134.6111,34.7677],[134.6127,34.7779],[134.6049,34.7794],[134.5933,34.7707],[134.6027,34.7663],[134.5837,34.7709],[134.5859,34.7619],[134.5709,34.7581],[134.5704,34.7732],[134.5648,34.7605],[134.5589,34.7692],[134.5407,34.7704],[134.528,34.7827],[134.5031,34.7613],[134.5006,34.7745],[134.4809,34.7655],[134.4739,34.7552],[134.4692,34.7842],[134.478,34.7859],[134.4683,34.7916],[134.4716,34.7971],[134.4658,34.8085],[134.4592,34.8037],[134.4674,34.7985],[134.4661,34.7908],[134.4562,34.7803],[134.4633,34.7651],[134.4503,34.7537],[134.4552,34.7675],[134.4299,34.7641],[134.432,34.7565],[134.4258,34.7532],[134.4333,34.7481],[134.4105,34.7278],[134.3884,34.7343],[134.3847,34.7261],[134.3751,34.7313],[134.3793,34.737],[134.3738,34.7333],[134.3583,34.7512],[134.3632,34.7407],[134.3393,34.7389],[134.3213,34.7218],[134.323,34.7309],[134.314,34.7405],[134.3198,34.7591],[134.3338,34.7682],[134.3154,34.7808],[134.3165,34.8016],[134.2879,34.8214],[134.2874,34.8277],[134.2632,34.8267],[134.2623,34.8453],[134.2531,34.8513],[134.2586,34.8697],[134.2662,34.8748],[134.2629,34.8849],[134.2883,34.8976],[134.2944,34.9075],[134.2669,34.936],[134.2543,34.9377],[134.2536,34.9461],[134.2754,34.9629],[134.2765,34.9758],[134.2702,34.9825],[134.2861,34.9959],[134.2658,35.0051],[134.2641,35.0157],[134.2829,35.038],[134.3161,35.0433],[134.3185,35.0829],[134.3486,35.0903],[134.3663,35.1454],[134.3936,35.1527],[134.4082,35.1479],[134.4114,35.1861],[134.3824,35.1945],[134.38,35.2081],[134.3805,35.2181],[134.3964,35.2283],[134.4022,35.241],[134.434,35.2295],[134.4483,35.2379],[134.4624,35.2367],[134.4624,35.2441],[134.4754,35.2492],[134.4855,35.2622],[134.5146,35.2773],[134.5093,35.2956],[134.514,35.3071],[134.5022,35.3254],[134.5133,35.3539],[134.5024,35.366],[134.4722,35.378],[134.4795,35.4253],[134.4398,35.4428],[134.4299,35.5032],[134.4123,35.5153],[134.425,35.5419],[134.4208,35.5629],[134.4059,35.5685],[134.4078,35.5877],[134.403,35.5935],[134.3718,35.6083],[134.3695,35.6146],[134.387,35.6138],[134.3924,35.6198],[134.404,35.6162],[134.4203,35.6244],[134.4312,35.6202],[134.4389,35.6359],[134.4419,35.6283],[134.4509,35.629],[134.4608,35.6399],[134.4758,35.6402],[134.5045,35.6614],[134.511,35.6585],[134.5165,35.6666],[134.5369,35.6699],[134.5581,35.6511],[134.5691,35.6576],[134.5762,35.6522],[134.5777,35.6607],[134.5978,35.6587],[134.6218,35.6393],[134.6278,35.6409],[134.6271,35.6492],[134.6395,35.6499],[134.657,35.6655],[134.6656,35.6634],[134.6573,35.6581],[134.662,35.6484],[134.6739,35.6611],[134.6853,35.6561],[134.6872,35.6651],[134.6957,35.6627],[134.6945,35.6546],[134.7034,35.6532],[134.7095,35.6655],[134.7248,35.6671],[134.7339,35.6581],[134.7432,35.6596],[134.745,35.6657],[134.748,35.6603],[134.7564,35.6617],[134.7639,35.6747],[134.7617,35.6625],[134.769,35.6594],[134.7992,35.6699],[134.8206,35.657],[134.8376,35.6555],[134.8333,35.6489],[134.8406,35.6427],[134.8521,35.6589],[134.8671,35.6581]]],[[[134.7871,34.4272],[134.7974,34.4487],[134.818,34.4691],[134.8355,34.4669],[134.8798,34.5239],[134.9328,34.5486],[134.9826,34.6027],[135.0024,34.609],[135.0205,34.5907],[135.0254,34.5763],[134.9945,34.5455],[134.9931,34.5255],[134.9791,34.5032],[134.9541,34.4839],[134.9038,34.4311],[134.911,34.43],[134.8947,34.4181],[134.8952,34.3443],[134.9005,34.3469],[134.9142,34.3365],[134.922,34.3103],[134.9417,34.2986],[134.9488,34.2743],[134.9545,34.2769],[134.9519,34.2671],[134.8414,34.2283],[134.7957,34.1993],[134.7734,34.2001],[134.7293,34.1889],[134.7304,34.2066],[134.6997,34.2209],[134.7101,34.2393],[134.721,34.2415],[134.7214,34.2549],[134.7094,34.2532],[134.7014,34.2416],[134.6812,34.2483],[134.6577,34.2413],[134.6746,34.2571],[134.668,34.2713],[134.6602,34.2711],[134.6625,34.2876],[134.6543,34.2943],[134.6863,34.3305],[134.7065,34.3209],[134.7292,34.3296],[134.7482,34.3751],[134.7625,34.386],[134.7871,34.4272]]],[[[135.2173,34.6502],[135.2023,34.6592],[135.2013,34.6735],[135.22,34.6827],[135.2255,34.6778],[135.2177,34.6726],[135.2318,34.6734],[135.2209,34.6672],[135.2333,34.6711],[135.2362,34.6649],[135.226,34.6616],[135.228,34.6578],[135.2388,34.6611],[135.245,34.6506],[135.2173,34.6502]]],[[[134.4677,34.6408],[134.4583,34.6451],[134.4657,34.6657],[134.4807,34.6588],[134.4863,34.6646],[134.4837,34.6713],[134.495,34.6689],[134.4897,34.6587],[134.5003,34.6454],[134.4835,34.6412],[134.4897,34.6491],[134.479,34.6492],[134.4677,34.6408]]],[[[135.2548,34.6779],[135.2523,34.6932],[135.2881,34.6968],[135.2891,34.6908],[135.2788,34.6896],[135.2894,34.6879],[135.2906,34.6819],[135.2548,34.6779]]],[[[134.5419,34.6588],[134.5077,34.6771],[134.5348,34.6865],[134.5276,34.677],[134.5309,34.6728],[134.5446,34.6799],[134.5419,34.6588]]],[[[134.5727,34.6513],[134.5613,34.6681],[134.5703,34.6768],[134.5894,34.6689],[134.5906,34.6632],[134.5727,34.6513]]],[[[135.2123,34.6283],[135.2088,34.635],[135.2162,34.6414],[135.237,34.6433],[135.2411,34.6372],[135.2123,34.6283]]],[[[134.8116,34.1565],[134.813,34.1674],[134.8209,34.1701],[134.8196,34.1791],[134.8241,34.178],[134.8303,34.1657],[134.8233,34.1575],[134.8116,34.1565]]],[[[134.8676,34.6993],[134.8642,34.7021],[134.8837,34.692],[134.8774,34.6849],[134.857,34.692],[134.8676,34.6993]]],[[[134.853,34.694],[134.8397,34.6964],[134.8456,34.7081],[134.8539,34.7081],[134.8476,34.7121],[134.8617,34.7073],[134.853,34.694]]],[[[134.5155,34.6359],[134.5012,34.6435],[134.5144,34.6594],[134.5161,34.6504],[134.5092,34.6477],[134.5169,34.6447],[134.5155,34.6359]]],[[[135.33,34.7102],[135.3248,34.7103],[135.3249,34.717],[135.3302,34.7217],[135.3407,34.718],[135.3388,34.7109],[135.33,34.7102]]],[[[135.3212,34.7048],[135.3062,34.7131],[135.3221,34.7164],[135.3212,34.7048]]],[[[135.2941,34.7047],[135.2939,34.7182],[135.3033,34.7167],[135.3044,34.706],[135.2941,34.7047]]]]}},{"type":"Feature","id":"Nara","properties":{"id":"Nara","code":29,"iso_code":"JP-29","name":"Nara","name_full":"Nara Ken","name_ja":"奈良県","name_short_ja":"奈良","region":"Kansai","region_ja":"関西","center_lonlat":[135.8684,34.319]},"geometry":{"type":"Polygon","coordinates":[[[135.7284,34.7779],[135.7334,34.7547],[135.7567,34.7351],[135.7551,34.7275],[135.8034,34.7217],[135.8106,34.7147],[135.8486,34.7059],[135.8765,34.7136],[135.89,34.7087],[135.8982,34.7315],[135.9254,34.7575],[135.9254,34.7403],[135.9428,34.738],[135.955,34.7477],[135.9588,34.7402],[135.9754,34.7409],[135.9832,34.7331],[135.9859,34.7151],[136.0055,34.7169],[136.014,34.7077],[136.0285,34.7062],[136.0427,34.7361],[136.0552,34.7384],[136.07,34.7137],[136.0533,34.7051],[136.0747,34.6976],[136.0855,34.6763],[136.0767,34.659],[136.0635,34.6521],[136.0403,34.6633],[136.0519,34.6521],[136.0646,34.6513],[136.0725,34.6366],[136.0674,34.6217],[136.0463,34.6002],[136.0495,34.5801],[136.0841,34.5593],[136.1106,34.5559],[136.1142,34.5459],[136.1383,34.5607],[136.1556,34.5587],[136.1715,34.5341],[136.1671,34.52],[136.1821,34.5171],[136.2163,34.5281],[136.2147,34.5032],[136.229,34.4941],[136.218,34.484],[136.2059,34.4485],[136.1577,34.4482],[136.1489,34.4415],[136.1279,34.4449],[136.0958,34.4352],[136.0885,34.4282],[136.0883,34.4141],[136.0687,34.3935],[136.0861,34.3783],[136.1017,34.3365],[136.1292,34.3159],[136.0947,34.301],[136.0985,34.2885],[136.119,34.2699],[136.1183,34.2603],[136.1311,34.2517],[136.1289,34.2427],[136.1102,34.2292],[136.1169,34.223],[136.1165,34.2123],[136.0969,34.2019],[136.0926,34.19],[136.1086,34.1843],[136.1045,34.1729],[136.1141,34.1593],[136.1017,34.1406],[136.1081,34.1267],[136.099,34.1187],[136.1074,34.1027],[136.103,34.0955],[136.1182,34.0822],[136.0927,34.0826],[136.0924,34.0478],[136.1033,34.0255],[136.0528,34.032],[136.0377,34.0403],[136.0318,34.0325],[136.0186,34.0359],[136.0032,34.0097],[135.9755,33.9867],[135.9412,33.9752],[135.9268,33.9811],[135.9153,33.9725],[135.892,33.9417],[135.9086,33.9184],[135.8933,33.9199],[135.8942,33.906],[135.8804,33.9091],[135.8804,33.917],[135.8661,33.9211],[135.8591,33.8981],[135.8607,33.887],[135.8707,33.8885],[135.8823,33.8787],[135.8733,33.8703],[135.8744,33.8615],[135.8648,33.8608],[135.8611,33.8761],[135.8576,33.8729],[135.8479,33.8956],[135.8082,33.9065],[135.8013,33.8957],[135.7557,33.8851],[135.728,33.9011],[135.6866,33.9039],[135.6612,33.8978],[135.6617,33.8901],[135.6475,33.8768],[135.6183,33.8719],[135.625,33.8829],[135.6218,33.8981],[135.6007,33.9025],[135.5996,33.9081],[135.6093,33.9125],[135.6173,33.9543],[135.6362,33.9503],[135.6381,33.9817],[135.6218,34.0094],[135.5955,34.0115],[135.5911,34.0191],[135.5989,34.0315],[135.5923,34.0455],[135.5396,34.075],[135.5488,34.0865],[135.5467,34.0999],[135.5766,34.115],[135.5905,34.149],[135.6218,34.1596],[135.6203,34.1671],[135.6445,34.1884],[135.6343,34.2037],[135.6475,34.2187],[135.6755,34.2233],[135.7073,34.2082],[135.7297,34.2283],[135.715,34.2655],[135.6925,34.2778],[135.6824,34.27],[135.673,34.2807],[135.6676,34.3254],[135.6594,34.33],[135.6621,34.3569],[135.6507,34.3832],[135.6631,34.3965],[135.6754,34.3995],[135.6799,34.4083],[135.6647,34.424],[135.6798,34.4357],[135.6864,34.4509],[135.6842,34.4854],[135.673,34.5032],[135.6766,34.5246],[135.6617,34.5303],[135.6581,34.5435],[135.6505,34.5449],[135.6577,34.563],[135.6727,34.5707],[135.6726,34.5799],[135.6815,34.5849],[135.6753,34.6013],[135.6503,34.6087],[135.6584,34.6147],[135.6651,34.6529],[135.6778,34.6793],[135.6727,34.7017],[135.7038,34.7239],[135.6965,34.7437],[135.7095,34.7532],[135.711,34.7813],[135.721,34.7744],[135.7284,34.7779]]]}},{"type":"Feature","id":"Wakayama","properties":{"id":"Wakayama","code":30,"iso_code":"JP-30","name":"Wakayama","name_full":"Wakayama Ken","name_ja":"和歌山県","name_short_ja":"和歌山","region":"Kansai","region_ja":"関西","center_lonlat":[135.5045,33.9131]},"geometry":{"type":"MultiPolygon","coordinates":[[[[135.6507,34.3832],[135.6621,34.3569],[135.6594,34.33],[135.6676,34.3254],[135.673,34.2807],[135.6824,34.27],[135.6925,34.2778],[135.715,34.2655],[135.7297,34.2283],[135.7073,34.2082],[135.6755,34.2233],[135.6475,34.2187],[135.6343,34.2037],[135.6445,34.1884],[135.6203,34.1671],[135.6218,34.1596],[135.5905,34.149],[135.5766,34.115],[135.5467,34.0999],[135.5488,34.0865],[135.5396,34.075],[135.5923,34.0455],[135.5989,34.0315],[135.5911,34.0191],[135.5955,34.0115],[135.6218,34.0094],[135.6381,33.9817],[135.6362,33.9503],[135.6173,33.9543],[135.6093,33.9125],[135.5996,33.9081],[135.6007,33.9025],[135.6218,33.8981],[135.625,33.8829],[135.6183,33.8719],[135.6475,33.8768],[135.6617,33.8901],[135.6612,33.8978],[135.6866,33.9039],[135.728,33.9011],[135.7557,33.8851],[135.8013,33.8957],[135.8082,33.9065],[135.8479,33.8956],[135.8576,33.8729],[135.8531,33.861],[135.8602,33.8488],[135.8563,33.818],[135.89,33.8019],[135.9071,33.7667],[135.917,33.7661],[135.9302,33.7539],[135.937,33.7575],[135.9412,33.7351],[135.9533,33.7286],[135.9762,33.7233],[135.9712,33.7323],[135.9835,33.736],[136.0113,33.7235],[135.9942,33.7043],[135.9885,33.6848],[135.974,33.6785],[135.9741,33.6618],[135.9886,33.6605],[135.9791,33.6489],[135.975,33.6572],[135.9358,33.6402],[135.952,33.6325],[135.9517,33.6192],[135.95,33.6299],[135.949,33.6247],[135.9445,33.6278],[135.9447,33.6171],[135.9358,33.6178],[135.9258,33.6046],[135.9335,33.5931],[135.9435,33.6041],[135.9482,33.6028],[135.9451,33.5907],[135.9609,33.595],[135.9576,33.5806],[135.9351,33.5731],[135.9227,33.5759],[135.9211,33.5691],[135.89,33.5559],[135.9136,33.5631],[135.9238,33.5593],[135.8779,33.5283],[135.8718,33.5331],[135.843,33.5135],[135.8231,33.5135],[135.7982,33.4989],[135.782,33.4698],[135.7978,33.4451],[135.7907,33.4482],[135.7873,33.4378],[135.7699,33.4467],[135.7623,33.4333],[135.7524,33.4377],[135.7558,33.4433],[135.7509,33.4509],[135.7759,33.4651],[135.7744,33.477],[135.7663,33.4729],[135.7671,33.4811],[135.7594,33.4841],[135.7391,33.4766],[135.7366,33.4857],[135.7276,33.4779],[135.7147,33.485],[135.708,33.4781],[135.7083,33.4879],[135.7005,33.4934],[135.6965,33.4883],[135.6755,33.4879],[135.6302,33.5086],[135.6271,33.5025],[135.5911,33.5073],[135.5924,33.498],[135.5707,33.5166],[135.5481,33.5157],[135.511,33.5252],[135.5141,33.5299],[135.4898,33.5407],[135.4937,33.5445],[135.4876,33.5503],[135.4808,33.5448],[135.4764,33.5511],[135.4583,33.5458],[135.4585,33.5529],[135.4463,33.5491],[135.4472,33.5641],[135.4202,33.5701],[135.4169,33.5806],[135.4099,33.5756],[135.4035,33.5877],[135.3918,33.5907],[135.3884,33.6085],[135.3964,33.6145],[135.3896,33.6209],[135.3988,33.6317],[135.3953,33.6277],[135.391,33.6323],[135.393,33.6393],[135.3775,33.6527],[135.3518,33.6555],[135.33,33.6701],[135.3437,33.6822],[135.3351,33.6945],[135.3547,33.6951],[135.3546,33.6875],[135.3589,33.6884],[135.3534,33.6835],[135.3602,33.6857],[135.3596,33.677],[135.3659,33.6858],[135.3773,33.6833],[135.3722,33.6896],[135.3827,33.6913],[135.3774,33.6937],[135.3832,33.7029],[135.3854,33.6936],[135.3955,33.7031],[135.3932,33.7107],[135.3998,33.7203],[135.3829,33.7171],[135.3718,33.7314],[135.3539,33.7262],[135.354,33.744],[135.3281,33.7415],[135.3204,33.7645],[135.311,33.7693],[135.2968,33.7643],[135.2949,33.7709],[135.2719,33.7818],[135.2344,33.7813],[135.235,33.7983],[135.2215,33.8045],[135.2166,33.8141],[135.2078,33.8087],[135.186,33.8191],[135.1746,33.8385],[135.1625,33.8453],[135.1664,33.8467],[135.1581,33.8676],[135.1438,33.8834],[135.1133,33.8933],[135.081,33.8907],[135.0572,33.8797],[135.0564,33.8875],[135.0644,33.8945],[135.058,33.9025],[135.0779,33.9035],[135.0832,33.9111],[135.0784,33.9129],[135.0816,33.9193],[135.0758,33.9168],[135.0793,33.9241],[135.0652,33.9263],[135.068,33.9309],[135.0834,33.9348],[135.0862,33.9385],[135.0807,33.941],[135.0901,33.9431],[135.0881,33.9489],[135.1146,33.9597],[135.1007,33.9663],[135.0961,33.9584],[135.0806,33.956],[135.074,33.9589],[135.0852,33.9685],[135.0675,33.9761],[135.0866,33.9792],[135.0923,33.9927],[135.111,33.9897],[135.1192,33.9991],[135.15,34.0065],[135.1388,34.0188],[135.151,34.0183],[135.1522,34.0258],[135.1695,34.026],[135.1734,34.0319],[135.1591,34.0382],[135.1589,34.0467],[135.1463,34.045],[135.1457,34.0563],[135.1385,34.0567],[135.1358,34.0643],[135.105,34.0709],[135.0882,34.0669],[135.0789,34.0734],[135.0904,34.0736],[135.0973,34.094],[135.1008,34.0906],[135.1112,34.0979],[135.1153,34.1199],[135.1445,34.1112],[135.1309,34.1215],[135.1322,34.1338],[135.1218,34.1297],[135.1243,34.1359],[135.154,34.1391],[135.1686,34.1334],[135.2089,34.1518],[135.1838,34.1483],[135.1926,34.1581],[135.1825,34.1587],[135.1795,34.1865],[135.1718,34.1853],[135.1769,34.1754],[135.1667,34.1869],[135.1482,34.1823],[135.1461,34.1893],[135.1417,34.1871],[135.1366,34.201],[135.1471,34.1945],[135.1496,34.2001],[135.143,34.2025],[135.138,34.2253],[135.1066,34.2283],[135.1,34.2357],[135.1322,34.2297],[135.1203,34.2431],[135.088,34.2607],[135.0611,34.2635],[135.073,34.2769],[135.0675,34.2912],[135.0735,34.3041],[135.0931,34.3117],[135.1058,34.3079],[135.0965,34.2959],[135.1112,34.272],[135.126,34.2767],[135.1325,34.2725],[135.148,34.2835],[135.1545,34.2807],[135.1531,34.2742],[135.2048,34.2888],[135.2076,34.3081],[135.2251,34.3009],[135.2468,34.3131],[135.2707,34.3122],[135.2822,34.3178],[135.2931,34.2993],[135.3035,34.3127],[135.33,34.3167],[135.328,34.3241],[135.3382,34.3351],[135.3622,34.3291],[135.3971,34.3305],[135.4088,34.3419],[135.4661,34.3479],[135.485,34.3627],[135.5077,34.3365],[135.5795,34.3764],[135.614,34.3771],[135.6196,34.3844],[135.6507,34.3832]]],[[[136.0032,34.0097],[136.005,34.0032],[135.9951,34.0002],[136.0129,33.9737],[136.011,33.9662],[135.9991,33.9556],[135.987,33.9679],[135.9766,33.9664],[135.9686,33.929],[135.9278,33.9409],[135.9306,33.9331],[135.9182,33.9304],[135.9177,33.9222],[135.9295,33.9231],[135.9323,33.9167],[135.9086,33.9184],[135.892,33.9417],[135.9153,33.9725],[135.9268,33.9811],[135.9412,33.9752],[135.9755,33.9867],[136.0032,34.0097]]],[[[135.8804,33.9091],[135.8879,33.8947],[135.8838,33.8864],[135.8918,33.8813],[135.8923,33.8936],[135.9013,33.8835],[135.8955,33.8688],[135.8812,33.8723],[135.8744,33.8615],[135.8733,33.8703],[135.8823,33.8787],[135.8707,33.8885],[135.8607,33.887],[135.8591,33.8981],[135.8661,33.9211],[135.8804,33.917],[135.8804,33.9091]]],[[[135.8318,33.4491],[135.8221,33.4517],[135.8216,33.4612],[135.7983,33.4626],[135.8016,33.4732],[135.8109,33.4811],[135.8625,33.4725],[135.8534,33.4601],[135.8396,33.4595],[135.8359,33.4526],[135.8295,33.4563],[135.8318,33.4491]]],[[[135.008,34.2763],[134.9987,34.2796],[135.0265,34.2937],[135.008,34.2763]]]]}},{"type":"Feature","id":"Tottori","properties":{"id":"Tottori","code":31,"iso_code":"JP-31","name":"Tottori","name_full":"Tottori Ken","name_ja":"鳥取県","name_short_ja":"鳥取","region":"Chugoku","region_ja":"中国","center_lonlat":[133.8498,35.3634]},"geometry":{"type":"Polygon","coordinates":[[[134.3695,35.6146],[134.3718,35.6083],[134.403,35.5935],[134.4078,35.5877],[134.4059,35.5685],[134.4208,35.5629],[134.425,35.5419],[134.4123,35.5153],[134.4299,35.5032],[134.4398,35.4428],[134.4795,35.4253],[134.4722,35.378],[134.5024,35.366],[134.5133,35.3539],[134.5022,35.3254],[134.514,35.3071],[134.5093,35.2956],[134.5146,35.2773],[134.4855,35.2622],[134.4754,35.2492],[134.4624,35.2441],[134.4624,35.2367],[134.4483,35.2379],[134.434,35.2295],[134.4022,35.241],[134.393,35.2526],[134.3732,35.2459],[134.3718,35.2349],[134.338,35.2204],[134.3208,35.2018],[134.2807,35.1966],[134.2605,35.2104],[134.2161,35.1896],[134.1937,35.1895],[134.1897,35.1762],[134.1718,35.1699],[134.1534,35.1949],[134.1625,35.2293],[134.1582,35.2342],[134.1439,35.2314],[134.1367,35.239],[134.1448,35.2428],[134.1499,35.2585],[134.137,35.271],[134.1387,35.279],[134.1149,35.2839],[134.0972,35.3059],[134.0868,35.3072],[134.0696,35.2972],[134.0617,35.3031],[134.0481,35.2986],[134.028,35.3078],[134.0101,35.3076],[134.0,35.314],[134.0145,35.3337],[134.0142,35.3504],[133.9968,35.3528],[133.9796,35.344],[133.9706,35.3476],[133.9453,35.3327],[133.9316,35.3338],[133.9249,35.3075],[133.8627,35.293],[133.8651,35.2731],[133.855,35.2683],[133.8441,35.2497],[133.8308,35.2489],[133.8176,35.2527],[133.7973,35.2941],[133.7835,35.2948],[133.7451,35.3193],[133.7285,35.3169],[133.6971,35.3265],[133.6782,35.3188],[133.65,35.3359],[133.5957,35.3451],[133.5773,35.3154],[133.5711,35.2733],[133.5592,35.2464],[133.5292,35.2368],[133.5173,35.2406],[133.5053,35.2286],[133.5185,35.2137],[133.5256,35.1829],[133.501,35.1927],[133.4501,35.1723],[133.4224,35.1764],[133.4078,35.1856],[133.3965,35.1809],[133.3926,35.1685],[133.4108,35.1353],[133.4113,35.1225],[133.4029,35.1143],[133.3718,35.1128],[133.3546,35.1009],[133.3383,35.1067],[133.3208,35.0938],[133.2989,35.1035],[133.288,35.096],[133.2904,35.0717],[133.2684,35.0578],[133.2506,35.0781],[133.232,35.0776],[133.2283,35.0684],[133.2142,35.074],[133.1685,35.0677],[133.1611,35.0736],[133.1424,35.0652],[133.1357,35.0743],[133.1447,35.1067],[133.1397,35.1183],[133.1493,35.1409],[133.1567,35.1489],[133.1838,35.1575],[133.1944,35.1699],[133.1816,35.1881],[133.1819,35.2009],[133.1686,35.209],[133.1544,35.2032],[133.1528,35.2191],[133.2238,35.2493],[133.2409,35.2501],[133.2581,35.2615],[133.2745,35.258],[133.3099,35.2685],[133.299,35.2915],[133.3057,35.3027],[133.2919,35.3197],[133.2977,35.3247],[133.2948,35.3465],[133.3071,35.3659],[133.3239,35.3743],[133.314,35.3867],[133.3205,35.4069],[133.3021,35.4351],[133.2755,35.4448],[133.2215,35.4815],[133.1979,35.5264],[133.2175,35.5461],[133.2441,35.5491],[133.2648,35.5516],[133.2441,35.5352],[133.26,35.5199],[133.2509,35.5158],[133.259,35.5032],[133.2876,35.4812],[133.3402,35.4624],[133.3932,35.4535],[133.4248,35.4602],[133.4326,35.4819],[133.4456,35.494],[133.4801,35.5032],[133.4968,35.5157],[133.567,35.5303],[133.5897,35.532],[133.6684,35.5069],[133.7716,35.5007],[133.9357,35.5128],[133.9584,35.5193],[133.9592,35.5257],[133.9999,35.5253],[134.0073,35.5379],[134.0177,35.5211],[134.0777,35.5216],[134.2468,35.5519],[134.292,35.5764],[134.2949,35.5899],[134.3341,35.5925],[134.3393,35.6077],[134.3579,35.6007],[134.369,35.6042],[134.3695,35.6146]]]}},{"type":"Feature","id":"Shimane","properties":{"id":"Shimane","code":32,"iso_code":"JP-32","name":"Shimane","name_full":"Shimane Ken","name_ja":"島根県","name_short_ja":"島根","region":"Chugoku","region_ja":"中国","center_lonlat":[132.5249,35.0154]},"geometry":{"type":"MultiPolygon","coordinates":[[[[133.2441,35.5491],[133.2175,35.5461],[133.1979,35.5264],[133.2215,35.4815],[133.2755,35.4448],[133.3021,35.4351],[133.3205,35.4069],[133.314,35.3867],[133.3239,35.3743],[133.3071,35.3659],[133.2948,35.3465],[133.2977,35.3247],[133.2919,35.3197],[133.3057,35.3027],[133.299,35.2915],[133.3099,35.2685],[133.2745,35.258],[133.2581,35.2615],[133.2409,35.2501],[133.2238,35.2493],[133.1528,35.2191],[133.1544,35.2032],[133.1686,35.209],[133.1819,35.2009],[133.1816,35.1881],[133.1944,35.1699],[133.1838,35.1575],[133.1567,35.1489],[133.1493,35.1409],[133.1397,35.1183],[133.1447,35.1067],[133.1357,35.0743],[133.1192,35.0846],[133.0964,35.0849],[133.0861,35.0787],[133.0603,35.0814],[133.0518,35.0704],[133.033,35.0683],[132.9902,35.1014],[132.9743,35.0835],[132.9499,35.0755],[132.9088,35.0865],[132.8972,35.1035],[132.8718,35.1018],[132.827,35.0612],[132.8362,35.0473],[132.8139,35.0407],[132.8049,35.0257],[132.7871,35.014],[132.7872,35.0048],[132.7656,34.9965],[132.7679,34.9847],[132.7452,34.9771],[132.7521,34.9671],[132.7468,34.9593],[132.7407,34.9567],[132.7393,34.9621],[132.7198,34.9481],[132.707,34.955],[132.6845,34.9507],[132.6729,34.9319],[132.6505,34.9199],[132.6404,34.9039],[132.6333,34.9049],[132.635,34.8987],[132.6547,34.8997],[132.663,34.8899],[132.6751,34.8943],[132.6798,34.8846],[132.6999,34.8821],[132.7099,34.8499],[132.6972,34.8429],[132.6895,34.851],[132.6792,34.8513],[132.6691,34.8329],[132.6601,34.8327],[132.6507,34.8405],[132.6151,34.8433],[132.6091,34.8324],[132.5991,34.8335],[132.5673,34.8064],[132.5536,34.8081],[132.5374,34.7949],[132.5195,34.8037],[132.5051,34.796],[132.454,34.8012],[132.4559,34.8074],[132.4346,34.8206],[132.4205,34.814],[132.4228,34.7981],[132.4139,34.7979],[132.396,34.7794],[132.381,34.7858],[132.3824,34.7949],[132.3718,34.8012],[132.3356,34.7901],[132.3157,34.8014],[132.298,34.7771],[132.2797,34.7835],[132.2776,34.7987],[132.2593,34.8065],[132.241,34.8059],[132.2418,34.7845],[132.225,34.7702],[132.2215,34.7503],[132.2094,34.7449],[132.203,34.7488],[132.1888,34.7345],[132.1786,34.7365],[132.13,34.708],[132.1299,34.6989],[132.1411,34.6919],[132.1557,34.6929],[132.1612,34.6833],[132.126,34.6413],[132.1296,34.6303],[132.1157,34.6127],[132.1169,34.6026],[132.1299,34.598],[132.1251,34.5825],[132.0838,34.5379],[132.0527,34.5299],[132.0359,34.5022],[132.0583,34.4929],[132.0572,34.4807],[132.0679,34.4675],[132.0385,34.4689],[132.0245,34.4623],[132.0158,34.4533],[132.0135,34.4367],[131.9968,34.4279],[131.9895,34.4142],[132.0125,34.3827],[132.0116,34.3685],[131.9968,34.3643],[131.9747,34.342],[131.9578,34.3064],[131.9442,34.3236],[131.919,34.3377],[131.8991,34.3191],[131.8873,34.3271],[131.8804,34.3087],[131.8605,34.3053],[131.8333,34.3111],[131.8301,34.3025],[131.8192,34.3026],[131.8135,34.3117],[131.7982,34.3168],[131.7945,34.3272],[131.7762,34.3335],[131.7772,34.3536],[131.7654,34.3649],[131.7637,34.3816],[131.7833,34.3995],[131.7931,34.4362],[131.7585,34.4341],[131.7553,34.44],[131.7376,34.4288],[131.6976,34.4351],[131.6935,34.4638],[131.6992,34.4743],[131.6945,34.4811],[131.6825,34.4785],[131.6814,34.4921],[131.6672,34.5041],[131.6685,34.5106],[131.7048,34.5317],[131.7003,34.5368],[131.7021,34.5652],[131.7112,34.5628],[131.726,34.5783],[131.7193,34.5865],[131.7181,34.6121],[131.6942,34.621],[131.6994,34.6485],[131.6837,34.6681],[131.6899,34.681],[131.7027,34.6724],[131.7468,34.6759],[131.8441,34.7087],[131.8701,34.7324],[131.8682,34.7397],[131.8736,34.7423],[131.8641,34.7548],[131.8895,34.7581],[131.8965,34.7757],[131.9137,34.7741],[131.9193,34.7862],[131.9299,34.7821],[131.943,34.7911],[131.9543,34.8157],[131.9871,34.8271],[131.9946,34.8425],[132.0055,34.8465],[132.0145,34.8598],[132.007,34.8682],[132.0205,34.8727],[132.0184,34.8642],[132.0357,34.8824],[132.046,34.8779],[132.0399,34.8739],[132.0534,34.8717],[132.0601,34.8939],[132.0701,34.8923],[132.0647,34.9076],[132.072,34.9075],[132.0712,34.9023],[132.0768,34.9066],[132.0808,34.9115],[132.075,34.9085],[132.0731,34.9187],[132.0839,34.9307],[132.1022,34.9333],[132.1119,34.953],[132.1437,34.9639],[132.1511,34.9769],[132.1877,34.9946],[132.2354,35.0346],[132.2745,35.0414],[132.3085,35.0566],[132.317,35.0735],[132.3259,35.0758],[132.323,35.0865],[132.3315,35.0975],[132.3449,35.0926],[132.3393,35.1019],[132.3531,35.1063],[132.3649,35.1215],[132.3859,35.1287],[132.3907,35.1373],[132.381,35.1468],[132.402,35.1578],[132.403,35.1699],[132.4204,35.1828],[132.4168,35.1903],[132.4466,35.1976],[132.466,35.2167],[132.4867,35.2241],[132.4865,35.2297],[132.4968,35.2269],[132.5277,35.2431],[132.529,35.2516],[132.5384,35.2573],[132.626,35.2873],[132.6461,35.306],[132.6643,35.3365],[132.6738,35.3749],[132.6715,35.4011],[132.6356,35.4183],[132.6239,35.4179],[132.6287,35.4352],[132.6409,35.4321],[132.646,35.4347],[132.6414,35.4415],[132.668,35.4409],[132.6762,35.4475],[132.6861,35.4408],[132.6847,35.4514],[132.71,35.4418],[132.7505,35.4475],[132.757,35.4563],[132.7269,35.47],[132.7998,35.4836],[132.8146,35.4981],[132.8644,35.5133],[132.9655,35.5148],[132.9746,35.5231],[132.9659,35.526],[132.9687,35.5438],[132.99,35.5468],[133.0072,35.5378],[133.0265,35.5389],[133.031,35.5578],[133.0393,35.5597],[133.0441,35.5535],[133.0576,35.5635],[133.0606,35.5705],[133.0478,35.5785],[133.0584,35.5818],[133.0655,35.5763],[133.0681,35.5839],[133.0958,35.5783],[133.0897,35.5883],[133.0977,35.5901],[133.0835,35.6011],[133.0889,35.6037],[133.1115,35.5978],[133.1239,35.5766],[133.1374,35.5819],[133.1294,35.5772],[133.1388,35.5623],[133.1512,35.5595],[133.1595,35.5629],[133.1597,35.5716],[133.165,35.5638],[133.1789,35.5685],[133.1922,35.5632],[133.1871,35.5735],[133.1919,35.5801],[133.195,35.5676],[133.2096,35.5673],[133.2165,35.5815],[133.2339,35.5788],[133.2238,35.5713],[133.2431,35.5704],[133.2509,35.5758],[133.2542,35.5699],[133.2694,35.5784],[133.2804,35.5716],[133.2815,35.5782],[133.2909,35.578],[133.3251,35.5683],[133.3109,35.5601],[133.2441,35.5491]]],[[[133.248,36.161],[133.2516,36.1724],[133.2446,36.1771],[133.2423,36.1675],[133.2298,36.1699],[133.241,36.1769],[133.2377,36.1829],[133.2451,36.1835],[133.2447,36.1897],[133.2238,36.1886],[133.2083,36.1987],[133.2073,36.2099],[133.1826,36.2121],[133.1919,36.2437],[133.1767,36.2532],[133.1873,36.2821],[133.18,36.2881],[133.2039,36.2798],[133.1988,36.2875],[133.2043,36.2916],[133.1916,36.2909],[133.1952,36.3015],[133.2098,36.3008],[133.2073,36.3091],[133.2315,36.3183],[133.2241,36.3283],[133.2468,36.3345],[133.2622,36.3283],[133.2779,36.3391],[133.2755,36.3484],[133.2817,36.3485],[133.2958,36.3293],[133.3088,36.3288],[133.3075,36.3189],[133.3207,36.3275],[133.3239,36.3091],[133.3417,36.3107],[133.3364,36.3065],[133.3442,36.298],[133.3628,36.2971],[133.356,36.2927],[133.3623,36.2899],[133.3628,36.2787],[133.3701,36.2815],[133.3782,36.277],[133.3757,36.2711],[133.3853,36.2687],[133.3725,36.2517],[133.3765,36.2305],[133.3697,36.2062],[133.3387,36.196],[133.3511,36.2124],[133.3443,36.2241],[133.3379,36.2205],[133.3345,36.2029],[133.3062,36.1996],[133.3087,36.1942],[133.3086,36.1995],[133.3341,36.1973],[133.3397,36.1699],[133.3029,36.1725],[133.2899,36.18],[133.2872,36.1711],[133.2795,36.1882],[133.2775,36.1699],[133.2586,36.1641],[133.263,36.1715],[133.2586,36.1727],[133.248,36.161]]],[[[132.9979,36.0389],[132.9722,36.0568],[132.9464,36.0643],[132.953,36.0763],[132.9456,36.08],[132.9693,36.0947],[132.9626,36.0973],[132.9771,36.1145],[132.9853,36.1165],[132.9836,36.1087],[132.9981,36.1144],[133.0053,36.1079],[133.0117,36.1155],[133.0139,36.1377],[133.0429,36.1353],[133.0438,36.1279],[133.0533,36.1318],[133.0544,36.1268],[133.0684,36.1429],[133.0912,36.1391],[133.0857,36.126],[133.0691,36.1134],[133.0391,36.1073],[133.0563,36.0833],[133.0431,36.0605],[133.0231,36.0637],[133.0069,36.0743],[133.0051,36.091],[133.0126,36.0951],[133.0051,36.1058],[133.0031,36.0924],[132.9897,36.0927],[132.9922,36.0844],[132.9847,36.0866],[132.986,36.0935],[132.9792,36.0891],[132.9782,36.0793],[132.9979,36.0389]]],[[[133.0677,36.0351],[133.0697,36.0591],[133.0791,36.0695],[133.0669,36.076],[133.0742,36.08],[133.0636,36.101],[133.0739,36.1064],[133.0806,36.1025],[133.0814,36.1143],[133.0896,36.0963],[133.0969,36.1097],[133.091,36.1141],[133.0978,36.1185],[133.113,36.1201],[133.11,36.1174],[133.1318,36.1114],[133.1269,36.1063],[133.1351,36.1025],[133.117,36.0844],[133.136,36.0855],[133.1519,36.0753],[133.1375,36.0824],[133.1321,36.0744],[133.1134,36.0786],[133.1176,36.0647],[133.0963,36.0723],[133.1076,36.0625],[133.0965,36.0577],[133.1027,36.0509],[133.088,36.0529],[133.0871,36.0462],[133.0762,36.0451],[133.0799,36.0383],[133.0677,36.0351]]],[[[133.0587,35.9941],[133.0572,36.005],[133.0489,36.004],[133.0407,36.0133],[133.0375,36.0009],[133.024,36.0071],[133.0059,36.0036],[133.0028,36.0151],[133.0071,36.0176],[132.9993,36.0324],[133.0262,36.032],[133.0604,36.0109],[133.0715,36.011],[133.0587,35.9941]]]]}},{"type":"Feature","id":"Okayama","properties":{"id":"Okayama","code":33,"iso_code":"JP-33","name":"Okayama","name_full":"Okayama Ken","name_ja":"岡山県","name_short_ja":"岡山","region":"Chugoku","region_ja":"中国","center_lonlat":[133.8121,34.9062]},"geometry":{"type":"MultiPolygon","coordinates":[[[[134.4022,35.241],[134.3964,35.2283],[134.3805,35.2181],[134.38,35.2081],[134.3824,35.1945],[134.4114,35.1861],[134.4082,35.1479],[134.3936,35.1527],[134.3663,35.1454],[134.3486,35.0903],[134.3185,35.0829],[134.3161,35.0433],[134.2829,35.038],[134.2641,35.0157],[134.2658,35.0051],[134.2861,34.9959],[134.2702,34.9825],[134.2765,34.9758],[134.2754,34.9629],[134.2536,34.9461],[134.2543,34.9377],[134.2669,34.936],[134.2944,34.9075],[134.2883,34.8976],[134.2629,34.8849],[134.2662,34.8748],[134.2586,34.8697],[134.2531,34.8513],[134.2623,34.8453],[134.2632,34.8267],[134.2874,34.8277],[134.2879,34.8214],[134.3165,34.8016],[134.3154,34.7808],[134.3338,34.7682],[134.3198,34.7591],[134.314,34.7405],[134.323,34.7309],[134.3213,34.7218],[134.3109,34.7338],[134.2873,34.735],[134.2824,34.7299],[134.275,34.7345],[134.2731,34.728],[134.2683,34.7313],[134.2682,34.7197],[134.2431,34.7153],[134.2248,34.7197],[134.2319,34.7231],[134.229,34.7304],[134.2034,34.7304],[134.1853,34.7423],[134.1789,34.7331],[134.2039,34.7271],[134.1941,34.7169],[134.2138,34.7162],[134.1986,34.7088],[134.2353,34.7147],[134.2446,34.7015],[134.2348,34.6915],[134.2121,34.6839],[134.2221,34.6817],[134.2135,34.6737],[134.204,34.6743],[134.2098,34.6667],[134.1909,34.6641],[134.1973,34.6599],[134.1894,34.6518],[134.1775,34.6566],[134.1695,34.6517],[134.1738,34.6311],[134.1833,34.6368],[134.1868,34.6317],[134.1795,34.6303],[134.1696,34.6135],[134.1472,34.6169],[134.1454,34.6105],[134.1338,34.6078],[134.1375,34.6003],[134.12,34.5891],[134.1045,34.5896],[134.0859,34.5805],[134.0797,34.5863],[134.0592,34.5851],[134.0538,34.5865],[134.0532,34.596],[134.0633,34.6078],[134.0484,34.6035],[134.047,34.5977],[134.0423,34.6077],[134.0318,34.609],[134.0295,34.6041],[133.9954,34.6135],[133.9805,34.6001],[133.9455,34.5989],[133.9594,34.5837],[133.9722,34.5942],[134.0329,34.5973],[134.0464,34.5767],[134.0324,34.5731],[134.03,34.5509],[134.0178,34.5443],[134.0098,34.5507],[134.0013,34.5454],[133.9948,34.5257],[134.0057,34.5169],[134.003,34.5123],[133.9763,34.5339],[133.9594,34.5243],[133.9566,34.5045],[133.9634,34.4953],[133.9498,34.4931],[133.938,34.4813],[133.9348,34.4723],[133.9428,34.4559],[133.9333,34.4513],[133.9265,34.4569],[133.9271,34.4509],[133.9195,34.4501],[133.8795,34.4566],[133.8678,34.4663],[133.8342,34.4744],[133.8149,34.4681],[133.8145,34.4609],[133.8076,34.4591],[133.8108,34.4417],[133.8218,34.4297],[133.7912,34.4395],[133.7873,34.4356],[133.7703,34.4567],[133.7741,34.4582],[133.7661,34.4724],[133.7585,34.4685],[133.7591,34.486],[133.7478,34.4894],[133.7383,34.525],[133.7345,34.4985],[133.7185,34.5032],[133.7184,34.4963],[133.7365,34.4905],[133.7428,34.4705],[133.7034,34.4779],[133.7032,34.5401],[133.6908,34.5403],[133.6903,34.5228],[133.6782,34.523],[133.6902,34.5197],[133.6834,34.5069],[133.6702,34.5077],[133.6764,34.5183],[133.659,34.5205],[133.6474,34.5121],[133.6474,34.5047],[133.6248,34.5009],[133.6174,34.4917],[133.5937,34.491],[133.5889,34.4833],[133.6012,34.4737],[133.5939,34.4695],[133.5404,34.4615],[133.5289,34.4771],[133.518,34.4801],[133.5087,34.4997],[133.4854,34.5139],[133.5273,34.4689],[133.5245,34.4524],[133.5013,34.4514],[133.4893,34.4416],[133.4738,34.4414],[133.4733,34.4501],[133.4897,34.4589],[133.4838,34.4659],[133.4672,34.4571],[133.4558,34.4598],[133.4548,34.4773],[133.4463,34.4802],[133.4543,34.4944],[133.4534,34.5063],[133.4455,34.5057],[133.4527,34.5351],[133.4453,34.5551],[133.4263,34.5704],[133.4214,34.5868],[133.3965,34.5954],[133.3829,34.6215],[133.4028,34.6719],[133.3826,34.6799],[133.3857,34.6838],[133.3752,34.6946],[133.3692,34.7228],[133.3576,34.7333],[133.3698,34.7466],[133.3613,34.7556],[133.3668,34.7744],[133.3758,34.7815],[133.3698,34.7887],[133.3778,34.8051],[133.3528,34.8297],[133.3368,34.8346],[133.3301,34.8559],[133.2972,34.8895],[133.2944,34.9028],[133.3089,34.9371],[133.2967,34.9554],[133.3031,34.9715],[133.3203,34.9867],[133.3212,35.0061],[133.2667,35.0519],[133.2684,35.0578],[133.2904,35.0717],[133.288,35.096],[133.2989,35.1035],[133.3208,35.0938],[133.3383,35.1067],[133.3546,35.1009],[133.3718,35.1128],[133.4029,35.1143],[133.4113,35.1225],[133.4108,35.1353],[133.3926,35.1685],[133.3965,35.1809],[133.4078,35.1856],[133.4224,35.1764],[133.4501,35.1723],[133.501,35.1927],[133.5256,35.1829],[133.5185,35.2137],[133.5053,35.2286],[133.5173,35.2406],[133.5292,35.2368],[133.5592,35.2464],[133.5711,35.2733],[133.5773,35.3154],[133.5957,35.3451],[133.65,35.3359],[133.6782,35.3188],[133.6971,35.3265],[133.7285,35.3169],[133.7451,35.3193],[133.7835,35.2948],[133.7973,35.2941],[133.8176,35.2527],[133.8308,35.2489],[133.8441,35.2497],[133.855,35.2683],[133.8651,35.2731],[133.8627,35.293],[133.9249,35.3075],[133.9316,35.3338],[133.9453,35.3327],[133.9706,35.3476],[133.9796,35.344],[133.9968,35.3528],[134.0142,35.3504],[134.0145,35.3337],[134.0,35.314],[134.0101,35.3076],[134.028,35.3078],[134.0481,35.2986],[134.0617,35.3031],[134.0696,35.2972],[134.0868,35.3072],[134.0972,35.3059],[134.1149,35.2839],[134.1387,35.279],[134.137,35.271],[134.1499,35.2585],[134.1448,35.2428],[134.1367,35.239],[134.1439,35.2314],[134.1582,35.2342],[134.1625,35.2293],[134.1534,35.1949],[134.1718,35.1699],[134.1897,35.1762],[134.1937,35.1895],[134.2161,35.1896],[134.2605,35.2104],[134.2807,35.1966],[134.3208,35.2018],[134.338,35.2204],[134.3718,35.2349],[134.3732,35.2459],[134.393,35.2526],[134.4022,35.241]]],[[[134.3209,34.7031],[134.3085,34.7057],[134.3058,34.7147],[134.3015,34.7085],[134.281,34.7069],[134.2856,34.713],[134.2795,34.7094],[134.276,34.7214],[134.2859,34.7181],[134.2935,34.7301],[134.3103,34.7273],[134.3223,34.714],[134.3322,34.723],[134.3466,34.7091],[134.3421,34.7033],[134.3256,34.7122],[134.3209,34.7031]]],[[[133.5452,34.3666],[133.5156,34.3841],[133.5351,34.3937],[133.537,34.4013],[133.5572,34.3937],[133.5442,34.38],[133.5469,34.3747],[133.5587,34.3767],[133.5581,34.3677],[133.5452,34.3666]]],[[[133.5128,34.3897],[133.5053,34.4065],[133.5258,34.4161],[133.5253,34.3999],[133.5128,34.3897]]],[[[134.1678,34.6026],[134.1668,34.6093],[134.1732,34.6121],[134.2008,34.6163],[134.1944,34.608],[134.1678,34.6026]]],[[[134.2575,34.6903],[134.251,34.6922],[134.2498,34.7058],[134.2634,34.7062],[134.271,34.6965],[134.263,34.6985],[134.2575,34.6903]]],[[[134.2617,34.6749],[134.2429,34.6798],[134.2544,34.6877],[134.273,34.6821],[134.2617,34.6749]]],[[[134.2246,34.6678],[134.2182,34.6751],[134.2441,34.6788],[134.244,34.6725],[134.2246,34.6678]]],[[[133.5733,34.3479],[133.5664,34.3522],[133.572,34.3588],[133.5789,34.3553],[133.5888,34.3629],[133.5733,34.3479]]],[[[133.7701,34.4193],[133.7631,34.4199],[133.7606,34.4315],[133.7737,34.4269],[133.7762,34.4227],[133.7701,34.4193]]],[[[133.4995,34.4237],[133.5005,34.4305],[133.5162,34.4348],[133.5134,34.4275],[133.4995,34.4237]]]]}},{"type":"Feature","id":"Hiroshima","properties":{"id":"Hiroshima","code":34,"iso_code":"JP-34","name":"Hiroshima","name_full":"Hiroshima Ken","name_ja":"広島県","name_short_ja":"広島","region":"Chugoku","region_ja":"中国","center_lonlat":[132.787,34.6268]},"geometry":{"type":"MultiPolygon","coordinates":[[[[133.1357,35.0743],[133.1424,35.0652],[133.1611,35.0736],[133.1685,35.0677],[133.2142,35.074],[133.2283,35.0684],[133.232,35.0776],[133.2506,35.0781],[133.2684,35.0578],[133.2667,35.0519],[133.3212,35.0061],[133.3203,34.9867],[133.3031,34.9715],[133.2967,34.9554],[133.3089,34.9371],[133.2944,34.9028],[133.2972,34.8895],[133.3301,34.8559],[133.3368,34.8346],[133.3528,34.8297],[133.3778,34.8051],[133.3698,34.7887],[133.3758,34.7815],[133.3668,34.7744],[133.3613,34.7556],[133.3698,34.7466],[133.3576,34.7333],[133.3692,34.7228],[133.3752,34.6946],[133.3857,34.6838],[133.3826,34.6799],[133.4028,34.6719],[133.3829,34.6215],[133.3965,34.5954],[133.4214,34.5868],[133.4263,34.5704],[133.4453,34.5551],[133.4527,34.5351],[133.4455,34.5057],[133.4534,34.5063],[133.4543,34.4944],[133.4463,34.4802],[133.4441,34.486],[133.4422,34.4451],[133.4145,34.4593],[133.4143,34.4784],[133.4078,34.4785],[133.4068,34.4586],[133.4392,34.4365],[133.4307,34.4241],[133.4116,34.4376],[133.4042,34.4355],[133.4072,34.4285],[133.3859,34.4219],[133.3829,34.3812],[133.3669,34.3691],[133.3464,34.3655],[133.3464,34.3765],[133.3347,34.3807],[133.3232,34.3767],[133.3055,34.3875],[133.2901,34.3834],[133.281,34.4011],[133.2717,34.3925],[133.2468,34.3894],[133.2429,34.3998],[133.2589,34.3971],[133.2724,34.4135],[133.27,34.4315],[133.2513,34.4415],[133.2535,34.4234],[133.2466,34.4365],[133.2415,34.4359],[133.2439,34.4235],[133.2335,34.4115],[133.2107,34.4106],[133.1218,34.3827],[133.0843,34.3955],[133.0923,34.3887],[133.0791,34.3463],[133.0498,34.3413],[133.0395,34.3312],[133.0388,34.3364],[133.01,34.3291],[132.9946,34.3365],[132.984,34.3318],[132.9502,34.3394],[132.9203,34.3257],[132.9127,34.3365],[132.9096,34.3272],[132.8945,34.3263],[132.8848,34.3159],[132.868,34.3118],[132.8734,34.3023],[132.8681,34.3051],[132.8469,34.2923],[132.8456,34.2991],[132.8343,34.3043],[132.8341,34.3158],[132.7966,34.311],[132.7881,34.2782],[132.7536,34.2821],[132.7589,34.2691],[132.7529,34.2605],[132.7638,34.2623],[132.7721,34.2532],[132.7575,34.2463],[132.7598,34.2409],[132.7021,34.2372],[132.6842,34.2217],[132.684,34.2108],[132.6603,34.2183],[132.6588,34.2069],[132.6412,34.202],[132.6182,34.2105],[132.6157,34.2239],[132.6036,34.2233],[132.5958,34.2307],[132.5678,34.1985],[132.5377,34.1937],[132.5435,34.2088],[132.5312,34.2213],[132.5373,34.2285],[132.5522,34.2287],[132.5566,34.242],[132.5445,34.2403],[132.5389,34.2476],[132.5308,34.2413],[132.5238,34.2457],[132.528,34.2556],[132.5141,34.2569],[132.5181,34.2809],[132.4945,34.3135],[132.5036,34.3365],[132.4911,34.3365],[132.4968,34.3487],[132.5044,34.3488],[132.5072,34.3391],[132.516,34.3445],[132.5082,34.3525],[132.521,34.3592],[132.5286,34.3559],[132.5218,34.3629],[132.4917,34.3536],[132.481,34.3539],[132.4784,34.3595],[132.4696,34.3519],[132.4569,34.3517],[132.458,34.3637],[132.4493,34.348],[132.3985,34.3651],[132.3761,34.3635],[132.3762,34.3523],[132.3737,34.3609],[132.3661,34.3578],[132.3705,34.355],[132.3613,34.3561],[132.3628,34.3496],[132.3655,34.3578],[132.3601,34.361],[132.3399,34.3533],[132.3505,34.3511],[132.3331,34.3466],[132.3469,34.3414],[132.336,34.3377],[132.326,34.3443],[132.3139,34.3189],[132.2709,34.2771],[132.2667,34.2803],[132.2636,34.2725],[132.2322,34.2573],[132.2269,34.2363],[132.2199,34.2333],[132.236,34.2255],[132.2449,34.2107],[132.1958,34.2043],[132.204,34.2287],[132.1703,34.2253],[132.1692,34.2337],[132.157,34.2292],[132.1447,34.2364],[132.1465,34.2532],[132.1335,34.2708],[132.1394,34.2847],[132.1292,34.2943],[132.1247,34.2913],[132.1267,34.3326],[132.1071,34.3279],[132.095,34.3501],[132.0844,34.3579],[132.0692,34.3563],[132.0767,34.3888],[132.0699,34.3908],[132.0733,34.4017],[132.0681,34.4151],[132.0802,34.4423],[132.0679,34.4675],[132.0572,34.4807],[132.0583,34.4929],[132.0359,34.5022],[132.0527,34.5299],[132.0838,34.5379],[132.1251,34.5825],[132.1299,34.598],[132.1169,34.6026],[132.1157,34.6127],[132.1296,34.6303],[132.126,34.6413],[132.1612,34.6833],[132.1557,34.6929],[132.1411,34.6919],[132.1299,34.6989],[132.13,34.708],[132.1786,34.7365],[132.1888,34.7345],[132.203,34.7488],[132.2094,34.7449],[132.2215,34.7503],[132.225,34.7702],[132.2418,34.7845],[132.241,34.8059],[132.2593,34.8065],[132.2776,34.7987],[132.2797,34.7835],[132.298,34.7771],[132.3157,34.8014],[132.3356,34.7901],[132.3718,34.8012],[132.3824,34.7949],[132.381,34.7858],[132.396,34.7794],[132.4139,34.7979],[132.4228,34.7981],[132.4205,34.814],[132.4346,34.8206],[132.4559,34.8074],[132.454,34.8012],[132.5051,34.796],[132.5195,34.8037],[132.5374,34.7949],[132.5536,34.8081],[132.5673,34.8064],[132.5991,34.8335],[132.6091,34.8324],[132.6151,34.8433],[132.6507,34.8405],[132.6601,34.8327],[132.6691,34.8329],[132.6792,34.8513],[132.6895,34.851],[132.6972,34.8429],[132.7099,34.8499],[132.6999,34.8821],[132.6798,34.8846],[132.6751,34.8943],[132.663,34.8899],[132.6547,34.8997],[132.635,34.8987],[132.6333,34.9049],[132.6404,34.9039],[132.6505,34.9199],[132.6729,34.9319],[132.6845,34.9507],[132.707,34.955],[132.7198,34.9481],[132.7393,34.9621],[132.7407,34.9567],[132.7468,34.9593],[132.7521,34.9671],[132.7452,34.9771],[132.7679,34.9847],[132.7656,34.9965],[132.7872,35.0048],[132.7871,35.014],[132.8049,35.0257],[132.8139,35.0407],[132.8362,35.0473],[132.827,35.0612],[132.8718,35.1018],[132.8972,35.1035],[132.9088,35.0865],[132.9499,35.0755],[132.9743,35.0835],[132.9902,35.1014],[133.033,35.0683],[133.0518,35.0704],[133.0603,35.0814],[133.0861,35.0787],[133.0964,35.0849],[133.1192,35.0846],[133.1357,35.0743]]],[[[132.4284,34.1284],[132.4441,34.1515],[132.4447,34.1779],[132.4566,34.1758],[132.4383,34.1954],[132.4275,34.1729],[132.4205,34.1965],[132.385,34.2253],[132.3876,34.2394],[132.3718,34.2588],[132.3764,34.2645],[132.3798,34.2571],[132.4218,34.2565],[132.4401,34.2242],[132.4567,34.2303],[132.4725,34.2081],[132.4788,34.2312],[132.4682,34.2465],[132.4554,34.2565],[132.4419,34.2455],[132.4319,34.2532],[132.445,34.2662],[132.4341,34.2853],[132.4731,34.2836],[132.4798,34.2853],[132.4778,34.2962],[132.4973,34.2689],[132.4906,34.2468],[132.4959,34.2393],[132.4895,34.204],[132.4789,34.1928],[132.4743,34.1955],[132.4712,34.1803],[132.487,34.1609],[132.4891,34.142],[132.4819,34.1447],[132.4456,34.1323],[132.4455,34.1383],[132.4284,34.1284]]],[[[132.5504,34.079],[132.5442,34.0974],[132.5356,34.0951],[132.5307,34.1032],[132.512,34.091],[132.5091,34.1032],[132.5016,34.1032],[132.4983,34.0915],[132.46,34.0823],[132.4478,34.0935],[132.4474,34.108],[132.4549,34.1151],[132.5031,34.1331],[132.5074,34.1411],[132.4948,34.1486],[132.4955,34.1699],[132.5013,34.1837],[132.5259,34.1997],[132.5365,34.1999],[132.5346,34.1875],[132.5456,34.1894],[132.556,34.1796],[132.5569,34.1708],[132.5481,34.1769],[132.5207,34.1548],[132.5309,34.147],[132.5478,34.1513],[132.5477,34.1415],[132.557,34.1506],[132.5374,34.1211],[132.5394,34.1071],[132.5751,34.1277],[132.5822,34.1233],[132.5822,34.1131],[132.5913,34.1149],[132.5849,34.1065],[132.5698,34.1156],[132.5673,34.0976],[132.5504,34.079]]],[[[132.8791,34.2058],[132.8502,34.2126],[132.8399,34.2277],[132.8463,34.2318],[132.8374,34.2418],[132.8483,34.2448],[132.8568,34.2399],[132.855,34.2489],[132.8609,34.2447],[132.8818,34.2481],[132.8782,34.2532],[132.8862,34.2616],[132.8929,34.2576],[132.8921,34.2495],[132.8999,34.2473],[132.9257,34.2823],[132.9416,34.2772],[132.9281,34.2467],[132.914,34.235],[132.9205,34.215],[132.8791,34.2058]]],[[[133.1921,34.2751],[133.1681,34.2959],[133.1564,34.2984],[133.1339,34.3288],[133.138,34.3471],[133.1461,34.3451],[133.149,34.3584],[133.1762,34.3553],[133.1761,34.3437],[133.1838,34.3387],[133.1807,34.333],[133.1958,34.3381],[133.2036,34.3187],[133.2089,34.3193],[133.2101,34.3133],[133.1939,34.2971],[133.2096,34.2975],[133.1921,34.2751]]],[[[133.0825,34.2565],[133.0681,34.2641],[133.0676,34.2729],[133.0834,34.3077],[133.0926,34.3137],[133.1014,34.3061],[133.1392,34.3152],[133.1483,34.2992],[133.1468,34.2895],[133.0933,34.2569],[133.0825,34.2565]]],[[[132.2738,34.2314],[132.2632,34.2563],[132.2805,34.2689],[132.2881,34.2863],[132.3184,34.2957],[132.3326,34.3103],[132.3468,34.294],[132.3465,34.2809],[132.3033,34.2445],[132.2738,34.2314]]],[[[133.2114,34.3567],[133.2085,34.3612],[133.1841,34.3587],[133.1745,34.3665],[133.1719,34.3921],[133.2143,34.4094],[133.2355,34.4063],[133.2352,34.3901],[133.2306,34.3928],[133.2182,34.3804],[133.2114,34.3567]]],[[[132.7377,34.158],[132.7386,34.1729],[132.7211,34.1699],[132.713,34.1806],[132.6856,34.1826],[132.6859,34.1963],[132.7083,34.2044],[132.7213,34.1971],[132.7586,34.1921],[132.754,34.1828],[132.7648,34.1785],[132.7544,34.1647],[132.7377,34.158]]],[[[132.8197,34.1509],[132.7989,34.1582],[132.8109,34.1801],[132.8488,34.1961],[132.8565,34.1821],[132.8668,34.18],[132.847,34.1608],[132.8197,34.1509]]],[[[133.1122,34.3176],[133.0958,34.3235],[133.0943,34.331],[133.1019,34.3257],[133.097,34.3392],[133.1038,34.3573],[133.1157,34.3599],[133.1256,34.3365],[133.1122,34.3176]]],[[[133.303,34.3428],[133.2894,34.3567],[133.3001,34.367],[133.317,34.3728],[133.3236,34.3601],[133.3313,34.3703],[133.3407,34.3694],[133.336,34.3559],[133.303,34.3428]]],[[[132.6626,34.1699],[132.6566,34.1757],[132.6443,34.1709],[132.648,34.1849],[132.6553,34.1954],[132.6759,34.2032],[132.6826,34.1858],[132.6736,34.1735],[132.6626,34.1699]]],[[[132.398,34.1465],[132.3836,34.1565],[132.3835,34.1771],[132.4113,34.1695],[132.4132,34.1507],[132.398,34.1465]]],[[[133.0775,34.3016],[133.0646,34.3046],[133.0614,34.314],[133.0756,34.3339],[133.0864,34.3145],[133.0775,34.3016]]],[[[132.772,34.1608],[132.7702,34.1735],[132.7853,34.1886],[132.798,34.1768],[132.7962,34.1699],[132.772,34.1608]]],[[[133.2617,34.3323],[133.2623,34.3465],[133.2873,34.3568],[133.285,34.3394],[133.2617,34.3323]]],[[[132.4327,34.2973],[132.4147,34.3024],[132.4418,34.3259],[132.447,34.3163],[132.4374,34.3045],[132.4421,34.2974],[132.4327,34.2973]]],[[[133.2702,34.3612],[133.2595,34.3663],[133.2596,34.3838],[133.2775,34.3807],[133.2702,34.3612]]],[[[132.5302,34.0465],[132.5194,34.0531],[132.532,34.0738],[132.5383,34.0677],[132.5302,34.0465]]],[[[133.1708,34.3735],[133.1562,34.3745],[133.1523,34.3851],[133.167,34.3901],[133.1708,34.3735]]],[[[132.3014,34.1845],[132.2922,34.1883],[132.2951,34.1991],[132.302,34.1937],[132.3097,34.1985],[132.3183,34.1911],[132.3014,34.1845]]],[[[132.9163,34.2801],[132.9048,34.2891],[132.9141,34.2998],[132.9171,34.2905],[132.925,34.2967],[132.9241,34.2861],[132.9163,34.2801]]],[[[133.4459,34.3358],[133.4304,34.3391],[133.4297,34.3477],[133.4382,34.3508],[133.4539,34.3383],[133.4459,34.3358]]],[[[132.8026,34.2685],[132.7901,34.2749],[132.8082,34.2808],[132.8026,34.2685]]],[[[132.8752,34.2551],[132.8635,34.2629],[132.8682,34.2711],[132.8749,34.2683],[132.8752,34.2551]]]]}},{"type":"Feature","id":"Yamaguchi","properties":{"id":"Yamaguchi","code":35,"iso_code":"JP-35","name":"Yamaguchi","name_full":"Yamaguchi Ken","name_ja":"山口県","name_short_ja":"山口","region":"Chugoku","region_ja":"中国","center_lonlat":[131.5516,34.2109]},"geometry":{"type":"MultiPolygon","coordinates":[[[[131.6899,34.681],[131.6837,34.6681],[131.6994,34.6485],[131.6942,34.621],[131.7181,34.6121],[131.7193,34.5865],[131.726,34.5783],[131.7112,34.5628],[131.7021,34.5652],[131.7003,34.5368],[131.7048,34.5317],[131.6685,34.5106],[131.6672,34.5041],[131.6814,34.4921],[131.6825,34.4785],[131.6945,34.4811],[131.6992,34.4743],[131.6935,34.4638],[131.6976,34.4351],[131.7376,34.4288],[131.7553,34.44],[131.7585,34.4341],[131.7931,34.4362],[131.7833,34.3995],[131.7637,34.3816],[131.7654,34.3649],[131.7772,34.3536],[131.7762,34.3335],[131.7945,34.3272],[131.7982,34.3168],[131.8135,34.3117],[131.8192,34.3026],[131.8301,34.3025],[131.8333,34.3111],[131.8605,34.3053],[131.8804,34.3087],[131.8873,34.3271],[131.8991,34.3191],[131.919,34.3377],[131.9442,34.3236],[131.9578,34.3064],[131.9747,34.342],[131.9968,34.3643],[132.0116,34.3685],[132.0125,34.3827],[131.9895,34.4142],[131.9968,34.4279],[132.0135,34.4367],[132.0158,34.4533],[132.0245,34.4623],[132.0385,34.4689],[132.0679,34.4675],[132.0802,34.4423],[132.0681,34.4151],[132.0733,34.4017],[132.0699,34.3908],[132.0767,34.3888],[132.0692,34.3563],[132.0844,34.3579],[132.095,34.3501],[132.1071,34.3279],[132.1267,34.3326],[132.1247,34.2913],[132.1292,34.2943],[132.1394,34.2847],[132.1335,34.2708],[132.1465,34.2532],[132.1447,34.2364],[132.157,34.2292],[132.1692,34.2337],[132.1703,34.2253],[132.204,34.2287],[132.1958,34.2043],[132.2449,34.2107],[132.246,34.2048],[132.2325,34.1958],[132.2307,34.1873],[132.2386,34.1874],[132.2301,34.1855],[132.244,34.1778],[132.2455,34.1659],[132.2485,34.1699],[132.246,34.1481],[132.2328,34.1269],[132.2216,34.1308],[132.1998,34.1203],[132.2101,34.0827],[132.2081,34.0623],[132.2112,34.0517],[132.2198,34.0488],[132.2128,34.0032],[132.1841,33.9613],[132.1303,33.9575],[132.1238,33.947],[132.1172,33.9511],[132.1303,33.9106],[132.1299,33.8845],[132.1467,33.8751],[132.1471,33.8652],[132.1579,33.856],[132.1572,33.8453],[132.1393,33.8319],[132.1169,33.8318],[132.1123,33.86],[132.1193,33.8754],[132.0769,33.8931],[132.0718,33.905],[132.0441,33.9091],[132.0554,33.9131],[132.0577,33.9241],[132.0244,33.9019],[131.9815,33.9291],[131.9692,33.9228],[131.9757,33.9199],[131.9699,33.9167],[131.9622,33.9207],[131.9682,33.9295],[131.9628,33.9438],[131.9552,33.9499],[131.9355,33.9473],[131.9267,33.9571],[131.9295,33.9617],[131.9238,33.9534],[131.917,33.9677],[131.8819,33.9809],[131.8744,33.9903],[131.8628,33.9884],[131.8678,33.9976],[131.8633,34.0066],[131.8318,34.0109],[131.8186,33.994],[131.7935,33.9873],[131.8205,33.9765],[131.8098,33.9677],[131.7956,33.977],[131.7781,33.9739],[131.7697,33.9805],[131.7612,33.9751],[131.7586,33.9829],[131.7844,33.9858],[131.782,33.994],[131.8267,34.0294],[131.8213,34.0277],[131.8036,34.0429],[131.7821,34.0303],[131.7997,34.0491],[131.7921,34.0507],[131.7969,34.0601],[131.7888,34.0535],[131.7819,34.0543],[131.7834,34.0606],[131.7794,34.0543],[131.7657,34.0533],[131.7635,34.0588],[131.7577,34.0489],[131.7424,34.0487],[131.7383,34.0547],[131.7574,34.0652],[131.7509,34.0656],[131.7525,34.0706],[131.7445,34.0657],[131.7418,34.0711],[131.7344,34.0609],[131.7089,34.0605],[131.6973,34.0473],[131.679,34.0545],[131.6768,34.0432],[131.6454,34.0379],[131.6442,34.0468],[131.635,34.0469],[131.6096,34.0212],[131.5952,34.0431],[131.5987,34.0385],[131.5926,34.0348],[131.5901,34.0401],[131.5822,34.0381],[131.5889,34.0325],[131.5845,34.0255],[131.5605,34.0075],[131.5485,34.0013],[131.5386,34.0075],[131.5444,33.999],[131.539,33.9973],[131.5259,33.9991],[131.5221,34.0078],[131.5092,34.0035],[131.5128,34.0181],[131.4836,34.0281],[131.4744,34.0377],[131.4657,34.0253],[131.4793,34.0117],[131.4613,34.0035],[131.4495,34.0095],[131.4621,33.9943],[131.4602,33.9878],[131.4495,33.9954],[131.4365,33.9826],[131.4301,33.9907],[131.4232,33.9892],[131.4312,34.0063],[131.4184,34.0155],[131.3953,33.9845],[131.3934,33.9975],[131.3996,33.9977],[131.4041,34.0135],[131.4162,34.0228],[131.395,34.0251],[131.3938,34.035],[131.4033,34.0425],[131.3971,34.0431],[131.3981,34.0498],[131.3842,34.0493],[131.3856,34.0323],[131.369,34.0283],[131.3818,34.0227],[131.3772,34.0079],[131.3624,33.9969],[131.3593,33.9859],[131.3473,33.9817],[131.3538,33.9655],[131.3305,33.9528],[131.3057,33.9493],[131.2658,33.9228],[131.2486,33.9274],[131.2468,33.9319],[131.2552,33.9319],[131.2518,33.9368],[131.2318,33.9271],[131.2332,33.9364],[131.2468,33.9423],[131.2384,33.9513],[131.2218,33.9337],[131.2091,33.9441],[131.1849,33.9391],[131.1844,33.9321],[131.1777,33.9315],[131.157,33.9531],[131.1578,33.9611],[131.1688,33.9634],[131.1599,33.9647],[131.1622,33.9705],[131.1722,33.9691],[131.1671,33.9713],[131.1738,33.9747],[131.1613,33.9735],[131.1661,33.9783],[131.1601,33.9858],[131.169,33.996],[131.1568,33.9889],[131.1464,33.9944],[131.1497,34.0032],[131.1329,34.0032],[131.1387,33.9917],[131.1347,33.9913],[131.0916,34.0373],[131.0825,34.034],[131.0467,34.0423],[131.0426,34.0574],[131.0369,34.057],[131.0274,34.0457],[131.0297,34.0392],[131.012,34.0273],[131.0203,34.02],[131.0126,34.0116],[131.0059,34.0215],[131.0021,34.0174],[131.005,34.0032],[130.9963,33.9992],[130.9913,33.9865],[130.9258,33.9466],[130.9226,33.9145],[130.904,33.9137],[130.9,33.9179],[130.9094,33.9257],[130.8984,33.9217],[130.8927,33.9391],[130.8728,33.9487],[130.8778,33.9546],[130.8776,33.9483],[130.8931,33.9433],[130.9107,33.9541],[130.9157,33.9509],[130.9127,33.9411],[130.917,33.9467],[130.9189,33.9522],[130.9052,33.9539],[130.9161,33.9793],[130.9079,33.9925],[130.9141,34.0228],[130.9031,34.0251],[130.9134,34.0431],[130.9111,34.0591],[130.8984,34.0692],[130.8872,34.0662],[130.8755,34.081],[130.8792,34.0865],[130.8716,34.0883],[130.8718,34.0986],[130.8597,34.1098],[130.8654,34.1356],[130.8804,34.142],[130.8926,34.135],[130.9036,34.1469],[130.8964,34.1541],[130.9124,34.1579],[130.9253,34.1699],[130.9316,34.1875],[130.9294,34.2106],[130.9158,34.2164],[130.9209,34.2391],[130.8664,34.2873],[130.8718,34.2952],[130.8802,34.2947],[130.8861,34.3126],[130.893,34.3105],[130.8894,34.3173],[130.8967,34.3173],[130.8917,34.319],[130.897,34.3255],[130.8922,34.3227],[130.8893,34.3435],[130.9005,34.3533],[130.9,34.3623],[130.9131,34.3518],[130.9198,34.3538],[130.9255,34.3417],[130.9339,34.3518],[130.9664,34.3581],[130.9998,34.3739],[131.034,34.3703],[131.0337,34.3833],[131.0129,34.4048],[131.0018,34.399],[130.9797,34.3999],[130.9718,34.4075],[130.9584,34.4072],[130.9505,34.4049],[130.9546,34.3892],[130.9314,34.3927],[130.9368,34.4039],[130.9578,34.4117],[130.9562,34.4199],[130.9711,34.4299],[130.9715,34.4419],[131.0022,34.4281],[131.0042,34.4152],[131.019,34.4112],[131.0466,34.4114],[131.0727,34.4239],[131.0971,34.4199],[131.1109,34.4093],[131.1308,34.4177],[131.1368,34.3911],[131.1544,34.3725],[131.1874,34.3805],[131.1972,34.3973],[131.2069,34.3821],[131.2045,34.3757],[131.215,34.3708],[131.2236,34.379],[131.2243,34.3928],[131.2472,34.3816],[131.2551,34.3894],[131.2604,34.3843],[131.271,34.39],[131.2924,34.3803],[131.3052,34.3829],[131.3226,34.3919],[131.3367,34.4183],[131.3577,34.4111],[131.3744,34.4149],[131.3801,34.4231],[131.3868,34.4171],[131.4011,34.4219],[131.402,34.4287],[131.4148,34.4261],[131.4104,34.4355],[131.4217,34.441],[131.3967,34.4477],[131.3964,34.4603],[131.415,34.4487],[131.4348,34.4671],[131.4311,34.4715],[131.4443,34.4756],[131.4398,34.4825],[131.4525,34.4804],[131.4613,34.4862],[131.4661,34.5014],[131.4495,34.5068],[131.4555,34.526],[131.4661,34.5385],[131.4795,34.5321],[131.5033,34.5339],[131.5194,34.5564],[131.5369,34.5625],[131.5541,34.5806],[131.5504,34.5929],[131.5563,34.6151],[131.5788,34.6204],[131.5773,34.625],[131.5873,34.6198],[131.6028,34.6242],[131.6021,34.6338],[131.6024,34.6297],[131.589,34.6326],[131.5908,34.646],[131.6029,34.6619],[131.6117,34.6665],[131.6339,34.6639],[131.6424,34.6563],[131.6377,34.6469],[131.6488,34.6409],[131.6453,34.6523],[131.6739,34.6643],[131.667,34.6753],[131.6831,34.6747],[131.6899,34.681]]],[[[132.2068,33.8569],[132.1996,33.8698],[132.2014,33.8802],[132.1765,33.894],[132.1728,33.9225],[132.1751,33.9299],[132.1874,33.9346],[132.1855,33.9545],[132.2029,33.9487],[132.2115,33.9538],[132.2135,33.9651],[132.2282,33.9594],[132.2322,33.9671],[132.2655,33.9483],[132.2842,33.9557],[132.2867,33.9423],[132.3009,33.9299],[132.3007,33.9199],[132.311,33.9147],[132.3187,33.9215],[132.3219,33.9145],[132.3161,33.9065],[132.3289,33.9017],[132.3567,33.9099],[132.3526,33.9175],[132.3701,33.9283],[132.4024,33.9293],[132.4012,33.9407],[132.4152,33.952],[132.4368,33.9515],[132.4429,33.9422],[132.4702,33.9505],[132.4408,33.9275],[132.4346,33.9322],[132.4214,33.9256],[132.4064,33.9099],[132.3957,33.9176],[132.3718,33.9111],[132.3613,33.8961],[132.3716,33.8624],[132.3601,33.8611],[132.346,33.8696],[132.3268,33.8576],[132.3264,33.8701],[132.3363,33.8832],[132.3267,33.8821],[132.3227,33.8918],[132.2959,33.8967],[132.2909,33.8903],[132.2904,33.9012],[132.2851,33.9016],[132.268,33.8901],[132.2674,33.8769],[132.2784,33.8712],[132.2649,33.869],[132.253,33.8775],[132.2211,33.8744],[132.2068,33.8569]]],[[[132.2564,33.7665],[132.2343,33.7835],[132.2158,33.781],[132.1985,33.803],[132.1731,33.7951],[132.1725,33.8049],[132.1937,33.8077],[132.2085,33.8177],[132.2211,33.8152],[132.2563,33.7823],[132.2731,33.7818],[132.2564,33.7665]]],[[[131.1965,34.3983],[131.1729,34.4075],[131.1709,34.4313],[131.1818,34.4241],[131.2184,34.4261],[131.2517,34.4382],[131.2606,34.4276],[131.2603,34.4176],[131.2468,34.4257],[131.2223,34.4167],[131.2265,34.4283],[131.2071,34.4119],[131.2142,34.4008],[131.1965,34.3983]]],[[[132.0493,33.7847],[132.0274,33.7933],[132.0528,33.7983],[132.0597,33.819],[132.0771,33.8272],[132.0796,33.8365],[132.0695,33.8431],[132.0703,33.8581],[132.0824,33.8446],[132.1015,33.8436],[132.1042,33.8348],[132.1172,33.8306],[132.086,33.8239],[132.0722,33.8033],[132.0598,33.8023],[132.0573,33.7901],[132.0493,33.7847]]],[[[131.8202,33.9307],[131.8058,33.939],[131.8068,33.9518],[131.8195,33.9583],[131.8198,33.9448],[131.8305,33.9477],[131.8325,33.9557],[131.8451,33.9511],[131.8501,33.9611],[131.8427,33.9703],[131.8548,33.9769],[131.8568,33.9897],[131.8677,33.9816],[131.8768,33.9705],[131.8577,33.9637],[131.861,33.9509],[131.8202,33.9307]]],[[[131.5668,33.9867],[131.5552,33.9941],[131.567,34.0032],[131.5668,34.0115],[131.5828,34.0239],[131.6005,34.015],[131.5909,33.9994],[131.5668,33.9867]]],[[[131.1375,34.7585],[131.1295,34.7751],[131.1298,34.7983],[131.1472,34.7894],[131.1449,34.7798],[131.1628,34.7783],[131.1603,34.7641],[131.1375,34.7585]]],[[[131.9635,33.7686],[131.9516,33.7713],[131.9467,33.7799],[131.961,33.7825],[131.9665,33.798],[131.9926,33.7803],[131.9635,33.7686]]],[[[131.731,34.021],[131.7268,34.0336],[131.7335,34.0379],[131.7511,34.0326],[131.7615,34.0473],[131.7792,34.0488],[131.754,34.0285],[131.731,34.021]]],[[[131.7181,33.9794],[131.7187,33.9894],[131.6908,34.0079],[131.7032,34.0073],[131.7078,34.0347],[131.7141,34.032],[131.7085,34.0227],[131.71,34.0009],[131.732,33.9825],[131.7181,33.9794]]],[[[132.1338,33.7131],[132.1276,33.7205],[132.1429,33.7293],[132.139,33.7455],[132.1502,33.7638],[132.146,33.737],[132.152,33.7289],[132.1338,33.7131]]],[[[130.8464,34.341],[130.839,34.355],[130.8632,34.3589],[130.8694,34.3643],[130.8657,34.3735],[130.8794,34.3648],[130.8775,34.3539],[130.8583,34.3532],[130.8464,34.341]]],[[[132.4205,34.0113],[132.4061,34.0145],[132.4021,34.0269],[132.4141,34.0303],[132.4301,34.0151],[132.4205,34.0113]]],[[[131.4073,34.4897],[131.4017,34.5032],[131.4114,34.5129],[131.4179,34.4965],[131.4073,34.4897]]],[[[131.2768,34.497],[131.2709,34.5067],[131.2768,34.5182],[131.2922,34.5115],[131.2768,34.497]]],[[[130.7956,34.0925],[130.7892,34.1006],[130.7769,34.1024],[130.7758,34.1153],[130.7983,34.1004],[130.7956,34.0925]]],[[[132.3523,33.9394],[132.3375,33.947],[132.3367,33.9547],[132.3497,33.9603],[132.3523,33.9394]]],[[[132.0221,33.8523],[131.9969,33.86],[132.0147,33.8597],[132.0157,33.8712],[132.0221,33.8523]]],[[[132.0608,33.867],[132.0562,33.8763],[132.0646,33.8837],[132.069,33.8691],[132.0608,33.867]]],[[[132.4736,33.9538],[132.4585,33.9634],[132.4759,33.9633],[132.4802,33.9592],[132.4736,33.9538]]],[[[132.2676,33.994],[132.2579,34.0032],[132.2629,34.0097],[132.2696,34.0032],[132.2676,33.994]]]]}},{"type":"Feature","id":"Tokushima","properties":{"id":"Tokushima","code":36,"iso_code":"JP-36","name":"Tokushima","name_full":"Tokushima Ken","name_ja":"徳島県","name_short_ja":"徳島","region":"Shikoku","region_ja":"四国","center_lonlat":[134.238,33.9204]},"geometry":{"type":"MultiPolygon","coordinates":[[[[134.4397,34.2079],[134.4733,34.2095],[134.5063,34.2257],[134.5717,34.2223],[134.5656,34.2299],[134.5686,34.2362],[134.5835,34.2393],[134.5899,34.2378],[134.5829,34.2039],[134.623,34.1813],[134.6418,34.1802],[134.6037,34.1197],[134.6031,34.0852],[134.593,34.0648],[134.6063,34.062],[134.6031,34.052],[134.5857,34.0557],[134.5953,34.0494],[134.5853,34.0363],[134.5941,34.0351],[134.5879,34.0299],[134.6001,34.0187],[134.5884,34.0117],[134.5962,34.0013],[134.6139,33.9967],[134.6049,33.9938],[134.6058,33.9827],[134.6101,33.9909],[134.6182,33.9868],[134.6325,33.9939],[134.6248,34.0059],[134.634,34.0097],[134.6677,33.9622],[134.6978,33.9501],[134.7058,33.9257],[134.6985,33.9063],[134.689,33.902],[134.6747,33.8797],[134.6746,33.8862],[134.667,33.8791],[134.6527,33.8823],[134.6605,33.8757],[134.6371,33.8729],[134.6285,33.8573],[134.6454,33.8659],[134.6428,33.8427],[134.6571,33.8487],[134.6679,33.8439],[134.6866,33.8523],[134.7193,33.8452],[134.693,33.8412],[134.6805,33.8301],[134.6996,33.836],[134.7192,33.8313],[134.7407,33.8419],[134.7495,33.8345],[134.6411,33.7885],[134.6412,33.7807],[134.6208,33.7867],[134.6013,33.7719],[134.6019,33.7647],[134.5941,33.7723],[134.5797,33.7699],[134.581,33.7633],[134.5694,33.7617],[134.5744,33.7532],[134.5665,33.7327],[134.5566,33.7343],[134.557,33.745],[134.551,33.7357],[134.5433,33.7366],[134.5427,33.7198],[134.5166,33.7015],[134.438,33.663],[134.4184,33.6656],[134.4112,33.6541],[134.403,33.6599],[134.3955,33.6561],[134.396,33.6503],[134.389,33.6503],[134.377,33.6336],[134.3618,33.627],[134.3888,33.6233],[134.3679,33.6067],[134.3604,33.5941],[134.3633,33.5889],[134.332,33.5844],[134.3622,33.5805],[134.3166,33.581],[134.3064,33.5621],[134.3191,33.5557],[134.314,33.5457],[134.3052,33.5485],[134.306,33.5527],[134.2822,33.5603],[134.2372,33.5526],[134.2197,33.5667],[134.1927,33.5615],[134.1847,33.5868],[134.1713,33.5961],[134.1742,33.6081],[134.1556,33.6116],[134.1492,33.6291],[134.1835,33.6489],[134.1711,33.6571],[134.1685,33.6704],[134.1743,33.6836],[134.1474,33.6849],[134.1218,33.6959],[134.0575,33.6908],[134.0696,33.7111],[134.0673,33.7262],[134.0561,33.7507],[134.057,33.7795],[134.033,33.8089],[134.0324,33.8283],[133.9968,33.821],[133.984,33.8408],[133.9604,33.8347],[133.9513,33.8293],[133.9483,33.8064],[133.9409,33.7991],[133.9249,33.8005],[133.9131,33.7915],[133.9022,33.7937],[133.8934,33.8043],[133.8718,33.806],[133.8533,33.8338],[133.8386,33.8446],[133.8066,33.8365],[133.7761,33.8422],[133.7468,33.8368],[133.7378,33.8495],[133.7009,33.8498],[133.6768,33.8586],[133.664,33.8688],[133.6602,33.8816],[133.6774,33.8936],[133.6778,33.9096],[133.6891,33.9161],[133.6853,33.9255],[133.6755,33.9263],[133.692,33.9458],[133.6872,33.954],[133.6918,33.962],[133.6801,33.9696],[133.6814,33.9835],[133.6745,33.9835],[133.6847,34.0032],[133.679,34.0124],[133.7203,34.022],[133.7283,34.0442],[133.7774,34.0781],[133.7907,34.0781],[133.7976,34.0695],[133.8195,34.0739],[133.8218,34.0922],[133.8536,34.1037],[133.8718,34.1009],[133.8922,34.108],[133.9033,34.1007],[133.9214,34.1142],[133.9385,34.1153],[133.9454,34.0919],[133.9679,34.0815],[133.9718,34.0731],[133.9968,34.0738],[134.0093,34.0865],[134.0267,34.0865],[134.0503,34.1179],[134.0602,34.1114],[134.0801,34.1211],[134.0921,34.1147],[134.1218,34.1187],[134.1379,34.1324],[134.1348,34.1513],[134.1456,34.1649],[134.1734,34.1767],[134.1956,34.1722],[134.2594,34.1833],[134.2765,34.1765],[134.2911,34.1791],[134.2974,34.1685],[134.3139,34.1771],[134.3426,34.1724],[134.3493,34.1853],[134.3844,34.1659],[134.4016,34.1679],[134.4184,34.1575],[134.4334,34.1699],[134.4287,34.1831],[134.4384,34.191],[134.4397,34.2079]]],[[[134.6218,34.1858],[134.5876,34.207],[134.6079,34.2153],[134.6143,34.2111],[134.6037,34.2085],[134.6104,34.2053],[134.6218,34.2119],[134.6239,34.2177],[134.6138,34.2211],[134.616,34.2315],[134.6366,34.2336],[134.6421,34.2395],[134.6218,34.1858]]],[[[134.5914,34.2144],[134.5875,34.2301],[134.5928,34.2413],[134.6044,34.2515],[134.6124,34.2504],[134.6151,34.232],[134.609,34.2293],[134.6091,34.2337],[134.5914,34.2144]]],[[[134.4968,33.6301],[134.4808,33.6366],[134.4866,33.6351],[134.4847,33.6449],[134.5037,33.6407],[134.4968,33.6301]]],[[[134.8097,33.8403],[134.8071,33.8508],[134.8212,33.8561],[134.8187,33.8434],[134.8097,33.8403]]]]}},{"type":"Feature","id":"Kagawa","properties":{"id":"Kagawa","code":37,"iso_code":"JP-37","name":"Kagawa","name_full":"Kagawa Ken","name_ja":"香川県","name_short_ja":"香川","region":"Shikoku","region_ja":"四国","center_lonlat":[133.9735,34.2152]},"geometry":{"type":"MultiPolygon","coordinates":[[[[133.679,34.0124],[133.6658,34.0263],[133.6393,34.0259],[133.6267,34.0375],[133.6108,34.0332],[133.5979,34.0436],[133.6269,34.0529],[133.6336,34.0716],[133.6312,34.0802],[133.6353,34.0776],[133.6385,34.0922],[133.6327,34.1231],[133.6393,34.1315],[133.6479,34.1935],[133.6433,34.1913],[133.6346,34.2085],[133.6202,34.2131],[133.6051,34.2333],[133.5716,34.2438],[133.579,34.2481],[133.5751,34.2563],[133.5591,34.2639],[133.5715,34.2655],[133.6107,34.2507],[133.6218,34.2355],[133.6541,34.2341],[133.6716,34.2465],[133.6669,34.2342],[133.6706,34.2269],[133.6777,34.2363],[133.6735,34.2218],[133.681,34.2339],[133.6991,34.2345],[133.7366,34.2632],[133.7307,34.2786],[133.7353,34.2809],[133.7404,34.2717],[133.7468,34.2768],[133.7398,34.2819],[133.7461,34.2853],[133.7513,34.2786],[133.7721,34.2883],[133.7615,34.2999],[133.767,34.3033],[133.7777,34.2895],[133.7749,34.2959],[133.7814,34.3015],[133.7715,34.3055],[133.7813,34.3099],[133.7923,34.2942],[133.7961,34.3016],[133.7884,34.308],[133.7965,34.3059],[133.8286,34.3229],[133.8223,34.3255],[133.8186,34.3529],[133.8221,34.3489],[133.84,34.3608],[133.8284,34.3425],[133.8529,34.3597],[133.8565,34.3456],[133.8304,34.3315],[133.8361,34.3244],[133.8498,34.3301],[133.8475,34.3248],[133.8566,34.3261],[133.8583,34.3314],[133.8645,34.3271],[133.8615,34.3319],[133.8779,34.3447],[133.885,34.3403],[133.8815,34.3437],[133.894,34.3542],[133.8889,34.3779],[133.8954,34.3831],[133.9206,34.3778],[133.927,34.3896],[133.941,34.3747],[133.947,34.3807],[133.9588,34.3775],[133.9651,34.3623],[133.9759,34.3733],[134.0008,34.3511],[134.0089,34.3572],[134.032,34.353],[134.0287,34.3485],[134.0457,34.3552],[134.0595,34.3478],[134.0632,34.3535],[134.0545,34.3562],[134.0697,34.362],[134.0683,34.3471],[134.0744,34.3618],[134.0825,34.3491],[134.0912,34.3639],[134.0911,34.3848],[134.1148,34.3591],[134.1222,34.3606],[134.1163,34.3772],[134.1273,34.3871],[134.1204,34.3982],[134.1382,34.3987],[134.1621,34.3842],[134.1534,34.3426],[134.165,34.3259],[134.1795,34.3253],[134.1784,34.3329],[134.19,34.332],[134.1817,34.3526],[134.2027,34.3429],[134.2129,34.3502],[134.2042,34.3651],[134.2101,34.3694],[134.2179,34.3507],[134.2332,34.3373],[134.2491,34.3515],[134.2581,34.3365],[134.2658,34.336],[134.2615,34.3304],[134.2651,34.3197],[134.2468,34.3077],[134.2469,34.2969],[134.262,34.2829],[134.2697,34.2897],[134.2877,34.2755],[134.3067,34.2775],[134.3419,34.2532],[134.3636,34.2495],[134.3754,34.2532],[134.3774,34.2616],[134.3932,34.2512],[134.3957,34.2386],[134.4091,34.2367],[134.4116,34.2331],[134.4041,34.2297],[134.4075,34.2246],[134.4397,34.2079],[134.4384,34.191],[134.4287,34.1831],[134.4334,34.1699],[134.4184,34.1575],[134.4016,34.1679],[134.3844,34.1659],[134.3493,34.1853],[134.3426,34.1724],[134.3139,34.1771],[134.2974,34.1685],[134.2911,34.1791],[134.2765,34.1765],[134.2594,34.1833],[134.1956,34.1722],[134.1734,34.1767],[134.1456,34.1649],[134.1348,34.1513],[134.1379,34.1324],[134.1218,34.1187],[134.0921,34.1147],[134.0801,34.1211],[134.0602,34.1114],[134.0503,34.1179],[134.0267,34.0865],[134.0093,34.0865],[133.9968,34.0738],[133.9718,34.0731],[133.9679,34.0815],[133.9454,34.0919],[133.9385,34.1153],[133.9214,34.1142],[133.9033,34.1007],[133.8922,34.108],[133.8718,34.1009],[133.8536,34.1037],[133.8218,34.0922],[133.8195,34.0739],[133.7976,34.0695],[133.7907,34.0781],[133.7774,34.0781],[133.7283,34.0442],[133.7203,34.022],[133.679,34.0124]]],[[[134.332,34.5631],[134.3495,34.5641],[134.3461,34.5561],[134.3648,34.5611],[134.3443,34.5457],[134.3595,34.5301],[134.3469,34.5014],[134.3511,34.4927],[134.3425,34.4847],[134.3528,34.4758],[134.335,34.4481],[134.3378,34.4342],[134.3189,34.458],[134.301,34.4572],[134.2838,34.442],[134.2777,34.4468],[134.2861,34.4475],[134.2825,34.4593],[134.2883,34.4621],[134.3149,34.459],[134.3128,34.4768],[134.2967,34.4798],[134.2671,34.4675],[134.2468,34.4311],[134.2503,34.425],[134.232,34.4145],[134.2243,34.4259],[134.2366,34.4301],[134.2364,34.4375],[134.2236,34.4373],[134.2413,34.4581],[134.2359,34.4701],[134.229,34.4706],[134.2324,34.4758],[134.2277,34.4805],[134.2156,34.4733],[134.2084,34.4829],[134.1943,34.4843],[134.1517,34.4603],[134.1413,34.4698],[134.1568,34.4929],[134.1803,34.4873],[134.1642,34.5072],[134.156,34.5047],[134.1715,34.5289],[134.1861,34.5159],[134.2367,34.529],[134.2618,34.552],[134.2909,34.5469],[134.332,34.5631]]],[[[134.0795,34.4598],[134.0359,34.4826],[134.0819,34.4999],[134.0971,34.4894],[134.1023,34.4917],[134.1028,34.4799],[134.0795,34.4598]]],[[[133.6994,34.3517],[133.6852,34.3647],[133.6903,34.3787],[133.7082,34.3871],[133.7116,34.4003],[133.73,34.3712],[133.6994,34.3517]]],[[[133.9913,34.4431],[133.9736,34.4531],[133.9679,34.4785],[133.971,34.4733],[133.9808,34.4769],[134.0018,34.4513],[134.012,34.4534],[133.9913,34.4431]]],[[[133.7639,34.3691],[133.7549,34.37],[133.7597,34.3785],[133.7522,34.3983],[133.7607,34.3901],[133.7763,34.4008],[133.7946,34.389],[133.7639,34.3691]]],[[[133.6218,34.2559],[133.6176,34.2649],[133.6274,34.2771],[133.6213,34.2803],[133.623,34.2864],[133.6387,34.2722],[133.655,34.2809],[133.6544,34.2705],[133.6328,34.2687],[133.6218,34.2559]]],[[[133.6659,34.3825],[133.6517,34.4088],[133.6742,34.4099],[133.6712,34.3985],[133.6768,34.3956],[133.6659,34.3825]]],[[[134.039,34.3793],[134.0385,34.3886],[134.055,34.4079],[134.0534,34.3904],[134.039,34.3793]]],[[[133.6766,34.3056],[133.6696,34.3084],[133.6634,34.3256],[133.6792,34.3173],[133.6821,34.3107],[133.6766,34.3056]]],[[[134.0069,34.4982],[134.0166,34.4969],[134.0234,34.5069],[134.0205,34.4788],[134.0069,34.4982]]],[[[133.6218,34.331],[133.6187,34.3545],[133.6312,34.339],[133.6218,34.331]]],[[[134.0545,34.4163],[134.0599,34.434],[134.0639,34.4215],[134.0545,34.4163]]],[[[134.1171,34.4729],[134.1087,34.4737],[134.1091,34.4784],[134.1274,34.4819],[134.1171,34.4729]]]]}},{"type":"Feature","id":"Ehime","properties":{"id":"Ehime","code":38,"iso_code":"JP-38","name":"Ehime","name_full":"Ehime Ken","name_ja":"愛媛県","name_short_ja":"愛媛","region":"Shikoku","region_ja":"四国","center_lonlat":[132.851,33.6057]},"geometry":{"type":"MultiPolygon","coordinates":[[[[133.5979,34.0436],[133.6108,34.0332],[133.6267,34.0375],[133.6393,34.0259],[133.6658,34.0263],[133.679,34.0124],[133.6847,34.0032],[133.6745,33.9835],[133.6814,33.9835],[133.6801,33.9696],[133.6918,33.962],[133.6872,33.954],[133.692,33.9458],[133.6755,33.9263],[133.6853,33.9255],[133.6891,33.9161],[133.6778,33.9096],[133.6774,33.8936],[133.6602,33.8816],[133.6354,33.8802],[133.6276,33.8721],[133.5974,33.8803],[133.5826,33.8676],[133.5518,33.8821],[133.5391,33.8774],[133.5248,33.8533],[133.5091,33.8481],[133.5074,33.8357],[133.4968,33.8293],[133.4154,33.8397],[133.4012,33.8364],[133.3914,33.8247],[133.3552,33.8342],[133.3258,33.8145],[133.2767,33.8308],[133.2668,33.8225],[133.2569,33.7943],[133.2365,33.7828],[133.2205,33.7803],[133.2053,33.7943],[133.1932,33.7937],[133.1821,33.7667],[133.1573,33.7502],[133.1605,33.7314],[133.1394,33.7154],[133.1444,33.7055],[133.1201,33.6911],[133.1161,33.6603],[133.0768,33.6534],[133.0676,33.6199],[133.079,33.6086],[133.0553,33.595],[133.046,33.5754],[133.0612,33.562],[133.063,33.5435],[133.038,33.5266],[133.0374,33.5185],[133.0132,33.4905],[133.0148,33.4808],[132.9557,33.4663],[132.9402,33.4717],[132.8718,33.4709],[132.8474,33.4791],[132.8113,33.4656],[132.8077,33.4544],[132.825,33.4462],[132.8244,33.4236],[132.8335,33.4199],[132.8357,33.3995],[132.853,33.3981],[132.8606,33.3675],[132.8879,33.3579],[132.9015,33.3386],[132.8998,33.3207],[132.8951,33.3121],[132.8546,33.2922],[132.7933,33.2745],[132.7724,33.2417],[132.775,33.2062],[132.7409,33.2007],[132.7408,33.19],[132.7278,33.1699],[132.6955,33.1383],[132.6869,33.1349],[132.6338,33.1783],[132.6349,33.1863],[132.6189,33.1809],[132.6142,33.1693],[132.6307,33.1501],[132.6289,33.1323],[132.6352,33.1329],[132.6515,33.1117],[132.6627,33.1089],[132.6687,33.0717],[132.657,33.057],[132.6754,33.0397],[132.6773,33.0092],[132.6861,32.9981],[132.6817,32.9923],[132.6908,32.9739],[132.686,32.9633],[132.6809,32.9645],[132.6838,32.9495],[132.6779,32.9432],[132.6518,32.9391],[132.6546,32.9249],[132.6474,32.9276],[132.5977,32.9126],[132.5987,32.921],[132.5856,32.9346],[132.6015,32.9468],[132.5771,32.9382],[132.5727,32.946],[132.5481,32.9453],[132.5489,32.9393],[132.5679,32.9294],[132.5399,32.9353],[132.5373,32.9469],[132.5139,32.9499],[132.5047,32.9473],[132.5045,32.9411],[132.5265,32.9327],[132.4968,32.9173],[132.5267,32.9199],[132.5265,32.9148],[132.5165,32.904],[132.4968,32.9046],[132.4912,32.8981],[132.4721,32.9067],[132.4772,32.9209],[132.4692,32.9355],[132.4598,32.938],[132.4648,32.9425],[132.4826,32.9387],[132.4839,32.9444],[132.49,32.9398],[132.5023,32.9557],[132.4701,32.9698],[132.4841,32.9724],[132.484,32.9803],[132.4968,32.9875],[132.4939,32.9829],[132.5045,32.9795],[132.4959,32.9762],[132.5024,32.9728],[132.4943,32.9639],[132.5105,32.9677],[132.5156,32.9606],[132.5229,32.9647],[132.5266,32.9597],[132.5299,32.9654],[132.5534,32.9602],[132.5369,32.9735],[132.537,32.969],[132.524,32.9716],[132.524,32.9773],[132.5116,32.9768],[132.5004,32.9929],[132.5056,33.0032],[132.4945,33.0178],[132.4848,33.0101],[132.4813,33.0491],[132.47,33.0395],[132.4704,33.0488],[132.4498,33.0483],[132.4513,33.035],[132.4385,33.0505],[132.4299,33.0453],[132.4285,33.0527],[132.4086,33.0559],[132.4113,33.0387],[132.4034,33.0346],[132.411,33.0273],[132.4008,33.0277],[132.395,33.0131],[132.3927,33.0195],[132.3777,33.0227],[132.3947,33.0275],[132.3946,33.0377],[132.4028,33.0439],[132.3967,33.0562],[132.4054,33.0616],[132.4034,33.0685],[132.414,33.0724],[132.4122,33.0631],[132.4244,33.0671],[132.4317,33.0531],[132.4424,33.0563],[132.4461,33.0655],[132.4478,33.0559],[132.4781,33.0647],[132.4827,33.0561],[132.4881,33.0651],[132.4793,33.071],[132.4847,33.0767],[132.4779,33.084],[132.4719,33.0819],[132.4721,33.0703],[132.461,33.0758],[132.4698,33.0812],[132.4606,33.0865],[132.462,33.0931],[132.4662,33.0899],[132.4802,33.0982],[132.47,33.099],[132.4743,33.1069],[132.4665,33.1176],[132.4461,33.1241],[132.4682,33.1265],[132.4694,33.1148],[132.4831,33.1244],[132.4976,33.1203],[132.5013,33.1304],[132.4975,33.1283],[132.4968,33.1378],[132.4771,33.1413],[132.4741,33.1348],[132.4714,33.1405],[132.4598,33.1373],[132.4525,33.1422],[132.4517,33.1321],[132.4407,33.1377],[132.443,33.1471],[132.4241,33.1559],[132.4319,33.1533],[132.431,33.1695],[132.4416,33.1683],[132.4485,33.1747],[132.456,33.1682],[132.4641,33.1711],[132.4468,33.1841],[132.4466,33.1927],[132.439,33.1851],[132.4212,33.2085],[132.4055,33.2051],[132.42,33.2141],[132.4461,33.2005],[132.4577,33.2107],[132.4542,33.1929],[132.4594,33.1918],[132.4599,33.182],[132.4701,33.1761],[132.481,33.1857],[132.478,33.1758],[132.4838,33.1759],[132.4764,33.1699],[132.4847,33.1645],[132.4954,33.1713],[132.4923,33.1837],[132.5026,33.1803],[132.5005,33.1699],[132.5146,33.1707],[132.5043,33.1877],[132.5076,33.1941],[132.4893,33.1959],[132.5041,33.1959],[132.4991,33.2035],[132.5112,33.2131],[132.5432,33.2134],[132.5407,33.2267],[132.5527,33.2194],[132.5595,33.2221],[132.5508,33.2249],[132.558,33.2255],[132.5504,33.2267],[132.5529,33.2366],[132.5389,33.2351],[132.5199,33.2481],[132.539,33.2572],[132.5421,33.2706],[132.5187,33.2612],[132.5125,33.2652],[132.5148,33.2607],[132.5091,33.2591],[132.5019,33.2688],[132.4811,33.2744],[132.476,33.2685],[132.4831,33.2657],[132.4683,33.2552],[132.4821,33.2889],[132.5064,33.3053],[132.5258,33.3055],[132.5226,33.3149],[132.5115,33.3187],[132.4977,33.3117],[132.4921,33.3255],[132.4867,33.3215],[132.49,33.316],[132.4669,33.3188],[132.4689,33.3137],[132.4518,33.3088],[132.4312,33.3198],[132.4173,33.3033],[132.3995,33.3093],[132.3923,33.3194],[132.3711,33.3181],[132.3756,33.3365],[132.3848,33.3432],[132.3904,33.3388],[132.3915,33.3472],[132.4104,33.3434],[132.4082,33.3527],[132.4193,33.3565],[132.4153,33.3617],[132.4061,33.3596],[132.4188,33.3825],[132.4107,33.3843],[132.4036,33.3714],[132.3832,33.3617],[132.3882,33.3718],[132.378,33.3846],[132.3956,33.3988],[132.3892,33.4041],[132.3924,33.4135],[132.3795,33.4161],[132.3966,33.4298],[132.4051,33.4237],[132.4048,33.4329],[132.4149,33.4439],[132.3823,33.4419],[132.4069,33.4465],[132.4193,33.4624],[132.3865,33.4596],[132.3907,33.4688],[132.3995,33.4654],[132.4005,33.4734],[132.3906,33.4765],[132.3736,33.4603],[132.3711,33.4715],[132.353,33.488],[132.3413,33.4846],[132.3531,33.4749],[132.3492,33.4725],[132.323,33.4726],[132.3164,33.4515],[132.3058,33.4731],[132.299,33.4745],[132.2798,33.4469],[132.2555,33.4412],[132.2375,33.4262],[132.1832,33.4123],[132.1536,33.3904],[132.1522,33.3736],[132.1466,33.3759],[132.1295,33.364],[132.1025,33.3619],[132.1033,33.3734],[132.1164,33.3723],[132.1111,33.3773],[132.1197,33.3865],[132.1182,33.391],[132.0954,33.3872],[132.0468,33.3653],[132.0504,33.3576],[132.0393,33.3516],[132.0119,33.3442],[132.1203,33.4199],[132.1329,33.403],[132.1375,33.4205],[132.1541,33.4069],[132.1644,33.4111],[132.1675,33.4199],[132.1473,33.4331],[132.1558,33.4396],[132.175,33.4274],[132.1735,33.4468],[132.1967,33.4437],[132.1984,33.4556],[132.2144,33.444],[132.2233,33.4445],[132.225,33.4581],[132.2377,33.4594],[132.2407,33.4653],[132.2594,33.4499],[132.265,33.4665],[132.2579,33.4735],[132.2709,33.4772],[132.2767,33.4729],[132.281,33.4811],[132.3064,33.487],[132.3071,33.4925],[132.3882,33.528],[132.4015,33.5419],[132.4172,33.5443],[132.4774,33.6162],[132.5809,33.6521],[132.6514,33.6966],[132.6768,33.7441],[132.6985,33.7565],[132.6929,33.7847],[132.6996,33.787],[132.6893,33.7882],[132.6921,33.7947],[132.6827,33.8083],[132.6845,33.8141],[132.6951,33.8098],[132.6869,33.8327],[132.7003,33.8387],[132.7006,33.8517],[132.7096,33.8541],[132.7059,33.8669],[132.718,33.8649],[132.698,33.8779],[132.7089,33.9072],[132.73,33.8997],[132.7527,33.9093],[132.7737,33.9883],[132.7648,33.9981],[132.799,34.01],[132.8418,34.0423],[132.8534,34.0449],[132.8645,34.0595],[132.921,34.0663],[132.9185,34.0865],[132.9285,34.0877],[132.9306,34.0941],[132.9261,34.1077],[132.9048,34.1133],[132.8986,34.1095],[132.8909,34.1177],[132.9138,34.1212],[132.9215,34.1163],[132.9344,34.1254],[132.9408,34.142],[132.9685,34.1073],[132.9768,34.1165],[133.0062,34.0657],[133.008,34.0697],[133.0202,34.0639],[133.0235,34.0506],[133.0313,34.052],[133.0294,34.0449],[133.0662,33.9826],[133.0609,33.9791],[133.0636,33.9737],[133.0838,33.9578],[133.0871,33.9461],[133.0934,33.9485],[133.0923,33.9407],[133.1071,33.9478],[133.1186,33.9411],[133.1119,33.9306],[133.1183,33.9245],[133.1252,33.9414],[133.1254,33.9314],[133.1331,33.9271],[133.1674,33.9381],[133.1708,33.9275],[133.1751,33.9308],[133.1713,33.9397],[133.1952,33.9452],[133.2009,33.9363],[133.1991,33.9459],[133.235,33.9557],[133.2458,33.9526],[133.2468,33.9593],[133.2541,33.9563],[133.2484,33.9605],[133.2555,33.9635],[133.2501,33.9641],[133.2479,33.9753],[133.255,33.9806],[133.262,33.9631],[133.263,33.9694],[133.2705,33.9683],[133.2694,33.9751],[133.2787,33.9739],[133.2674,33.9797],[133.2696,33.9836],[133.3056,33.9829],[133.3196,33.9939],[133.3402,33.9798],[133.3366,33.9919],[133.356,33.9789],[133.4102,33.9907],[133.4342,33.9863],[133.444,33.9783],[133.4517,33.9835],[133.4884,33.9692],[133.5127,33.9701],[133.5291,33.984],[133.5436,33.9866],[133.5513,33.9947],[133.5408,34.0032],[133.5448,34.0069],[133.5551,34.0009],[133.5531,34.0099],[133.5596,34.0071],[133.5685,34.0166],[133.567,34.0229],[133.5713,34.0179],[133.5979,34.0436]]],[[[132.9591,34.1911],[132.9477,34.1945],[132.9511,34.2035],[132.9421,34.2033],[132.9423,34.2089],[132.9558,34.2239],[132.9648,34.2194],[132.9641,34.2273],[132.9878,34.2233],[132.9933,34.2439],[132.9863,34.2475],[132.9936,34.2469],[132.9943,34.252],[132.9885,34.2521],[132.992,34.2576],[132.9874,34.2629],[132.969,34.2584],[132.964,34.2634],[132.9898,34.2753],[132.9801,34.2844],[132.9835,34.2906],[132.9974,34.2899],[133.0105,34.2993],[133.024,34.2955],[133.0334,34.2874],[133.0444,34.2604],[133.0557,34.2581],[133.0518,34.2275],[133.058,34.2201],[133.0323,34.2085],[133.0022,34.2097],[132.9591,34.1911]]],[[[133.0343,34.1077],[133.012,34.1105],[133.0225,34.1249],[133.0137,34.1274],[133.0228,34.1541],[133.0255,34.1576],[133.0334,34.1481],[133.0399,34.1497],[133.0346,34.1699],[133.0214,34.1768],[133.0289,34.1918],[133.0663,34.1917],[133.0825,34.1694],[133.1105,34.1785],[133.1007,34.1588],[133.0827,34.1539],[133.0343,34.1077]]],[[[132.6002,33.9428],[132.578,33.9692],[132.5885,33.9703],[132.609,33.9946],[132.6218,33.9926],[132.644,34.0098],[132.6444,34.0181],[132.6514,34.0142],[132.6402,34.0032],[132.6435,33.9791],[132.6294,33.9745],[132.6322,33.9691],[132.6388,33.971],[132.6411,33.9565],[132.6148,33.957],[132.6002,33.9428]]],[[[133.1102,34.191],[133.0958,34.2047],[133.0827,34.1931],[133.0705,34.2095],[133.0568,34.2083],[133.0561,34.2145],[133.0665,34.2187],[133.0587,34.2264],[133.0627,34.2341],[133.0771,34.2297],[133.1066,34.2414],[133.1107,34.2343],[133.1066,34.2211],[133.133,34.2143],[133.1391,34.2213],[133.1367,34.2101],[133.1165,34.2048],[133.1259,34.1953],[133.1102,34.191]]],[[[133.1327,34.2409],[133.1326,34.2657],[133.1514,34.2806],[133.1652,34.2565],[133.1327,34.2409]]],[[[132.6689,33.8705],[132.6616,33.8765],[132.6675,33.8974],[132.6618,33.9029],[132.6524,33.8992],[132.6593,33.9106],[132.6761,33.9103],[132.6809,33.9217],[132.7007,33.9271],[132.6902,33.9144],[132.6927,33.9047],[132.6731,33.9007],[132.6798,33.8811],[132.6891,33.8764],[132.6689,33.8705]]],[[[133.2055,34.2386],[133.2007,34.2398],[133.1986,34.2681],[133.2118,34.2843],[133.2282,34.2922],[133.2363,34.2775],[133.2088,34.2587],[133.2116,34.2495],[133.2186,34.2495],[133.2055,34.2386]]],[[[132.5408,33.9613],[132.5334,33.9683],[132.5396,33.9734],[132.5342,33.9886],[132.5648,33.9939],[132.5408,33.9613]]],[[[132.6567,33.9512],[132.6488,33.9597],[132.6601,33.9749],[132.6719,33.9693],[132.6741,33.9517],[132.6657,33.9571],[132.6567,33.9512]]],[[[133.1784,34.2561],[133.1719,34.2581],[133.1726,34.2701],[133.1668,34.2725],[133.1696,34.2852],[133.1865,34.2687],[133.186,34.2594],[133.1784,34.2561]]],[[[132.8811,34.1748],[132.8619,34.1941],[132.8906,34.1923],[132.8934,34.1857],[132.8846,34.1848],[132.8811,34.1748]]],[[[132.5193,33.2176],[132.507,33.2297],[132.5164,33.2404],[132.5339,33.2263],[132.5193,33.2176]]],[[[132.4012,33.1848],[132.3948,33.1868],[132.3963,33.1963],[132.3885,33.1985],[132.3938,33.2058],[132.4046,33.2062],[132.4063,33.1959],[132.4175,33.1957],[132.4012,33.1848]]],[[[132.4933,33.9648],[132.4915,33.9707],[132.4998,33.9737],[132.4948,33.9812],[132.5032,33.989],[132.5227,33.9883],[132.4933,33.9648]]],[[[132.3628,33.1879],[132.3522,33.2043],[132.3403,33.2063],[132.3646,33.2076],[132.3776,33.2193],[132.3822,33.2093],[132.3606,33.2025],[132.3628,33.1879]]],[[[133.1807,34.2269],[133.1763,34.2308],[133.1813,34.2311],[133.184,34.2497],[133.1898,34.2569],[133.1972,34.2543],[133.1911,34.2347],[133.1807,34.2269]]],[[[132.2891,33.1628],[132.28,33.1693],[132.266,33.1681],[132.2609,33.1835],[132.2656,33.1835],[132.265,33.1741],[132.2702,33.1775],[132.2765,33.1711],[132.2947,33.1794],[132.2891,33.1628]]],[[[132.5288,33.926],[132.5154,33.9319],[132.5531,33.9369],[132.5288,33.926]]],[[[133.361,33.9903],[133.3501,33.9987],[133.3542,34.0055],[133.3662,34.0075],[133.3681,33.9941],[133.361,33.9903]]],[[[133.1521,34.2329],[133.1504,34.2413],[133.1567,34.2451],[133.1716,34.2415],[133.1669,34.235],[133.1521,34.2329]]],[[[132.9329,34.1829],[132.9172,34.1885],[132.922,34.1881],[132.9187,34.1981],[132.923,34.2019],[132.9329,34.1829]]],[[[132.3112,33.1481],[132.2868,33.1595],[132.3102,33.1637],[132.3047,33.153],[132.3144,33.1523],[132.3112,33.1481]]],[[[133.0076,34.1475],[132.989,34.1541],[132.9968,34.1589],[133.0093,34.1531],[133.0076,34.1475]]],[[[133.3165,34.1702],[133.3077,34.1833],[133.3253,34.1804],[133.3274,34.1729],[133.3165,34.1702]]],[[[133.2688,34.1826],[133.2648,34.1969],[133.2711,34.1993],[133.276,34.1851],[133.2688,34.1826]]],[[[132.3582,33.3691],[132.3438,33.3786],[132.3662,33.3769],[132.3582,33.3691]]],[[[132.436,32.9399],[132.4571,32.9502],[132.4528,32.9425],[132.436,32.9399]]]]}},{"type":"Feature","id":"Kochi","properties":{"id":"Kochi","code":39,"iso_code":"JP-39","name":"Kochi","name_full":"Kochi Ken","name_ja":"高知県","name_short_ja":"高知","region":"Shikoku","region_ja":"四国","center_lonlat":[133.0937,33.4255]},"geometry":{"type":"MultiPolygon","coordinates":[[[[133.6602,33.8816],[133.664,33.8688],[133.6768,33.8586],[133.7009,33.8498],[133.7378,33.8495],[133.7468,33.8368],[133.7761,33.8422],[133.8066,33.8365],[133.8386,33.8446],[133.8533,33.8338],[133.8718,33.806],[133.8934,33.8043],[133.9022,33.7937],[133.9131,33.7915],[133.9249,33.8005],[133.9409,33.7991],[133.9483,33.8064],[133.9513,33.8293],[133.9604,33.8347],[133.984,33.8408],[133.9968,33.821],[134.0324,33.8283],[134.033,33.8089],[134.057,33.7795],[134.0561,33.7507],[134.0673,33.7262],[134.0696,33.7111],[134.0575,33.6908],[134.1218,33.6959],[134.1474,33.6849],[134.1743,33.6836],[134.1685,33.6704],[134.1711,33.6571],[134.1835,33.6489],[134.1492,33.6291],[134.1556,33.6116],[134.1742,33.6081],[134.1713,33.5961],[134.1847,33.5868],[134.1927,33.5615],[134.2197,33.5667],[134.2372,33.5526],[134.2822,33.5603],[134.306,33.5527],[134.3052,33.5485],[134.2975,33.5477],[134.3025,33.5419],[134.2908,33.5391],[134.2831,33.5218],[134.2875,33.5182],[134.2413,33.4631],[134.2407,33.4519],[134.2084,33.3947],[134.2129,33.3835],[134.1766,33.2435],[134.1437,33.2848],[134.1518,33.2817],[134.1492,33.2861],[134.1383,33.2958],[134.1086,33.2959],[134.1021,33.327],[134.0817,33.3368],[134.0534,33.3677],[134.0387,33.3705],[134.0306,33.4122],[134.0153,33.4199],[134.0189,33.422],[133.9592,33.4422],[133.9409,33.4639],[133.9441,33.4731],[133.9343,33.4866],[133.8196,33.5151],[133.7686,33.5155],[133.7546,33.5199],[133.7556,33.5317],[133.7441,33.5366],[133.6938,33.5372],[133.6009,33.5192],[133.5644,33.5008],[133.5641,33.5117],[133.572,33.5145],[133.5649,33.5145],[133.5659,33.5345],[133.5711,33.5363],[133.5604,33.5525],[133.5601,33.5391],[133.5514,33.5371],[133.5606,33.5302],[133.5459,33.5179],[133.5591,33.5083],[133.5585,33.4983],[133.5774,33.5009],[133.5739,33.4957],[133.509,33.4725],[133.4573,33.4458],[133.4467,33.4515],[133.4317,33.4369],[133.4245,33.4394],[133.4247,33.4489],[133.4158,33.4435],[133.3981,33.4449],[133.4003,33.4379],[133.4064,33.4391],[133.4054,33.4323],[133.3906,33.4271],[133.3692,33.4303],[133.3498,33.4157],[133.3633,33.4156],[133.3591,33.4078],[133.3657,33.4071],[133.3718,33.425],[133.3841,33.4112],[133.3835,33.4203],[133.3923,33.4169],[133.3962,33.4246],[133.4026,33.4145],[133.4041,33.4273],[133.41,33.4241],[133.4159,33.4389],[133.4316,33.4267],[133.4421,33.4391],[133.4616,33.4309],[133.4572,33.4199],[133.4432,33.4199],[133.4398,33.4122],[133.4291,33.4152],[133.4273,33.4077],[133.4116,33.4107],[133.4058,33.3973],[133.3899,33.4057],[133.3756,33.3998],[133.3771,33.3927],[133.3718,33.4015],[133.3426,33.3985],[133.3295,33.3873],[133.3304,33.3626],[133.3181,33.355],[133.3115,33.3564],[133.3167,33.3584],[133.3113,33.3657],[133.3223,33.3645],[133.3238,33.3775],[133.317,33.3824],[133.2996,33.3744],[133.2891,33.382],[133.3039,33.3905],[133.2886,33.4053],[133.2939,33.3883],[133.2773,33.3851],[133.2808,33.3769],[133.2583,33.3651],[133.2633,33.3609],[133.2633,33.3403],[133.2487,33.3281],[133.2381,33.3327],[133.2309,33.3235],[133.2603,33.3101],[133.2379,33.2959],[133.2446,33.293],[133.2419,33.2758],[133.2583,33.2799],[133.2549,33.2701],[133.2628,33.2576],[133.2468,33.2482],[133.2555,33.2377],[133.2489,33.2327],[133.2558,33.2261],[133.2384,33.2163],[133.2341,33.2036],[133.2399,33.1969],[133.2157,33.1926],[133.2097,33.1828],[133.2238,33.1699],[133.2187,33.1621],[133.2139,33.1647],[133.2224,33.1531],[133.2078,33.1491],[133.2048,33.1657],[133.1914,33.1671],[133.17,33.1502],[133.141,33.0971],[133.1191,33.0863],[133.1115,33.0794],[133.1146,33.0744],[133.1043,33.0725],[133.1081,33.0625],[133.1002,33.0595],[133.0937,33.0233],[133.0724,33.0363],[133.0396,33.0379],[133.0111,33.0151],[133.0056,33.0016],[132.9977,32.9801],[133.0042,32.9758],[132.9921,32.9517],[132.9994,32.9437],[132.9926,32.9348],[133.0001,32.9301],[132.9953,32.9239],[133.0082,32.9117],[133.0087,32.8819],[132.9931,32.8623],[132.987,32.8672],[132.9604,32.8644],[132.957,32.8581],[132.954,32.8645],[132.9486,32.8565],[132.9561,32.8497],[132.9531,32.8352],[132.9591,32.8295],[132.9506,32.8244],[132.9522,32.8127],[132.9644,32.7991],[133.0011,32.7873],[133.0167,32.7617],[133.0198,32.7238],[133.0026,32.7217],[132.9861,32.7333],[132.9663,32.7291],[132.9706,32.7468],[132.9609,32.7504],[132.963,32.7575],[132.9545,32.7566],[132.9525,32.7642],[132.9691,32.7773],[132.9557,32.7787],[132.9454,32.7649],[132.9396,32.7737],[132.947,32.7797],[132.9357,32.7865],[132.9327,32.7795],[132.9245,32.7827],[132.9196,32.7781],[132.9198,32.7847],[132.8804,32.7897],[132.8748,32.7878],[132.8784,32.7696],[132.8688,32.7658],[132.8708,32.7854],[132.8613,32.7903],[132.8453,32.7779],[132.8405,32.7817],[132.8265,32.761],[132.8147,32.7615],[132.8148,32.7532],[132.7936,32.7474],[132.7703,32.7617],[132.7564,32.7532],[132.7427,32.7727],[132.7293,32.7779],[132.7109,32.7983],[132.6835,32.7945],[132.6968,32.7845],[132.6546,32.7807],[132.6477,32.7755],[132.6502,32.7661],[132.6307,32.7617],[132.6303,32.7671],[132.6389,32.7683],[132.6335,32.7831],[132.6438,32.7869],[132.6261,32.7957],[132.6293,32.8009],[132.6557,32.8009],[132.64,32.8085],[132.6455,32.8093],[132.644,32.82],[132.6486,32.8186],[132.6528,32.8286],[132.6578,32.8253],[132.6613,32.8405],[132.6728,32.8412],[132.656,32.8528],[132.6874,32.8733],[132.6954,32.8865],[132.7056,32.8882],[132.7057,32.8756],[132.7208,32.8805],[132.704,32.8945],[132.7202,32.8971],[132.7196,32.9021],[132.7105,32.8999],[132.7154,32.9104],[132.7075,32.9259],[132.699,32.9175],[132.6956,32.9282],[132.6862,32.9199],[132.6765,32.9257],[132.6711,32.9187],[132.6546,32.9249],[132.6518,32.9391],[132.6779,32.9432],[132.6838,32.9495],[132.6809,32.9645],[132.686,32.9633],[132.6908,32.9739],[132.6817,32.9923],[132.6861,32.9981],[132.6773,33.0092],[132.6754,33.0397],[132.657,33.057],[132.6687,33.0717],[132.6627,33.1089],[132.6515,33.1117],[132.6352,33.1329],[132.6289,33.1323],[132.6307,33.1501],[132.6142,33.1693],[132.6189,33.1809],[132.6349,33.1863],[132.6338,33.1783],[132.6869,33.1349],[132.6955,33.1383],[132.7278,33.1699],[132.7408,33.19],[132.7409,33.2007],[132.775,33.2062],[132.7724,33.2417],[132.7933,33.2745],[132.8546,33.2922],[132.8951,33.3121],[132.8998,33.3207],[132.9015,33.3386],[132.8879,33.3579],[132.8606,33.3675],[132.853,33.3981],[132.8357,33.3995],[132.8335,33.4199],[132.8244,33.4236],[132.825,33.4462],[132.8077,33.4544],[132.8113,33.4656],[132.8474,33.4791],[132.8718,33.4709],[132.9402,33.4717],[132.9557,33.4663],[133.0148,33.4808],[133.0132,33.4905],[133.0374,33.5185],[133.038,33.5266],[133.063,33.5435],[133.0612,33.562],[133.046,33.5754],[133.0553,33.595],[133.079,33.6086],[133.0676,33.6199],[133.0768,33.6534],[133.1161,33.6603],[133.1201,33.6911],[133.1444,33.7055],[133.1394,33.7154],[133.1605,33.7314],[133.1573,33.7502],[133.1821,33.7667],[133.1932,33.7937],[133.2053,33.7943],[133.2205,33.7803],[133.2365,33.7828],[133.2569,33.7943],[133.2668,33.8225],[133.2767,33.8308],[133.3258,33.8145],[133.3552,33.8342],[133.3914,33.8247],[133.4012,33.8364],[133.4154,33.8397],[133.4968,33.8293],[133.5074,33.8357],[133.5091,33.8481],[133.5248,33.8533],[133.5391,33.8774],[133.5518,33.8821],[133.5826,33.8676],[133.5974,33.8803],[133.6276,33.8721],[133.6354,33.8802],[133.6602,33.8816]]],[[[132.5426,32.7023],[132.5499,32.7141],[132.5344,32.7309],[132.5462,32.7385],[132.5441,32.7546],[132.5708,32.7356],[132.5661,32.7281],[132.5714,32.717],[132.5426,32.7023]]],[[[132.4816,32.7963],[132.4857,32.8067],[132.4987,32.8051],[132.496,32.7973],[132.4816,32.7963]]]]}},{"type":"Feature","id":"Fukuoka","properties":{"id":"Fukuoka","code":40,"iso_code":"JP-40","name":"Fukuoka","name_full":"Fukuoka Ken","name_ja":"福岡県","name_short_ja":"福岡","region":"Kyushu","region_ja":"九州・沖縄","center_lonlat":[130.6651,33.5249]},"geometry":{"type":"MultiPolygon","coordinates":[[[[131.1845,33.6162],[131.1719,33.5865],[131.1733,33.5766],[131.1891,33.5619],[131.1872,33.5462],[131.1657,33.5284],[131.1673,33.5157],[131.1765,33.508],[131.1218,33.502],[131.106,33.5075],[131.0538,33.508],[131.0294,33.5184],[131.015,33.5098],[130.9737,33.5055],[130.9254,33.4779],[130.9296,33.4652],[130.9254,33.4575],[130.8945,33.4462],[130.8855,33.3798],[130.8638,33.3773],[130.8609,33.3628],[130.8345,33.3435],[130.8563,33.327],[130.8654,33.2929],[130.8517,33.2782],[130.8597,33.2673],[130.867,33.2675],[130.8655,33.2619],[130.8292,33.2576],[130.824,33.2533],[130.8253,33.2374],[130.8577,33.2298],[130.8357,33.2114],[130.8626,33.1936],[130.8865,33.1867],[130.8849,33.1761],[130.8735,33.1691],[130.8786,33.1527],[130.8699,33.1458],[130.8605,33.1182],[130.8389,33.1039],[130.8195,33.1065],[130.8167,33.114],[130.7921,33.1229],[130.7708,33.1245],[130.7305,33.1546],[130.6905,33.1519],[130.6922,33.1599],[130.6792,33.1712],[130.6668,33.1571],[130.6676,33.1381],[130.6536,33.1133],[130.6588,33.1101],[130.6091,33.1093],[130.5797,33.1157],[130.5609,33.104],[130.565,33.0872],[130.5411,33.0821],[130.5307,33.0643],[130.5175,33.0654],[130.4968,33.0522],[130.5035,33.0275],[130.5151,33.0121],[130.5053,33.0032],[130.4132,33.0029],[130.3946,33.0032],[130.4214,33.012],[130.4225,33.0163],[130.4133,33.0165],[130.4085,33.0105],[130.4068,33.0159],[130.4211,33.0285],[130.4195,33.0336],[130.4275,33.0355],[130.4186,33.0356],[130.4242,33.0527],[130.4165,33.0717],[130.4088,33.0879],[130.3871,33.0951],[130.3961,33.108],[130.3718,33.1207],[130.3737,33.1394],[130.3549,33.1404],[130.3524,33.1803],[130.3406,33.1883],[130.3386,33.2033],[130.3766,33.2204],[130.3713,33.243],[130.3843,33.2403],[130.3907,33.2599],[130.3983,33.2595],[130.4011,33.249],[130.4146,33.2532],[130.4166,33.2681],[130.4273,33.2715],[130.4258,33.2889],[130.431,33.2925],[130.4365,33.29],[130.4396,33.2649],[130.4489,33.265],[130.4526,33.2831],[130.4668,33.2886],[130.4548,33.2942],[130.4554,33.3017],[130.482,33.3049],[130.4863,33.3123],[130.4879,33.3181],[130.4763,33.3254],[130.479,33.3307],[130.4974,33.3257],[130.5098,33.3438],[130.5352,33.3428],[130.541,33.3663],[130.5362,33.4382],[130.5116,33.4493],[130.5087,33.4438],[130.4962,33.4448],[130.444,33.4173],[130.4374,33.4006],[130.4102,33.395],[130.4076,33.4025],[130.4144,33.4103],[130.3953,33.4273],[130.3774,33.4249],[130.3684,33.4358],[130.3555,33.4335],[130.3448,33.4447],[130.2975,33.4624],[130.2766,33.4783],[130.2468,33.4707],[130.233,33.4782],[130.198,33.4811],[130.1748,33.4663],[130.15,33.4774],[130.1384,33.4705],[130.107,33.4776],[130.0875,33.4689],[130.0387,33.4697],[130.0486,33.4883],[130.0444,33.4962],[130.0871,33.5049],[130.0996,33.5157],[130.1054,33.5097],[130.1218,33.5088],[130.1327,33.5215],[130.1236,33.5251],[130.1521,33.5369],[130.1635,33.5607],[130.1415,33.5487],[130.1257,33.5569],[130.1157,33.5469],[130.1218,33.5598],[130.1319,33.5589],[130.133,33.5679],[130.1188,33.5745],[130.0978,33.5643],[130.0885,33.5836],[130.1083,33.5865],[130.1063,33.5965],[130.1218,33.59],[130.1459,33.5953],[130.1595,33.608],[130.1561,33.6283],[130.1989,33.6409],[130.208,33.6494],[130.2086,33.6671],[130.2351,33.6496],[130.2239,33.635],[130.231,33.6165],[130.2725,33.6115],[130.2744,33.605],[130.2647,33.5922],[130.2727,33.5824],[130.301,33.5831],[130.3103,33.5876],[130.3113,33.5982],[130.3516,33.595],[130.3729,33.605],[130.3852,33.594],[130.3924,33.5971],[130.3837,33.5999],[130.3892,33.6096],[130.3941,33.5987],[130.3987,33.6005],[130.3952,33.6101],[130.4072,33.6107],[130.4004,33.6184],[130.4138,33.618],[130.4024,33.6234],[130.4088,33.6329],[130.4034,33.6344],[130.4065,33.6423],[130.4143,33.6382],[130.4105,33.6437],[130.4207,33.6424],[130.4202,33.6482],[130.404,33.6521],[130.4341,33.6626],[130.4244,33.675],[130.4315,33.6793],[130.4286,33.6873],[130.4066,33.6834],[130.4021,33.6805],[130.4069,33.6769],[130.3931,33.6699],[130.3687,33.6653],[130.3559,33.6434],[130.3336,33.6499],[130.3266,33.6579],[130.2953,33.6631],[130.2855,33.6786],[130.2892,33.6864],[130.303,33.6874],[130.3146,33.6629],[130.3216,33.6603],[130.3481,33.6632],[130.3954,33.685],[130.4158,33.7049],[130.4202,33.7185],[130.4285,33.7153],[130.4463,33.725],[130.4663,33.7532],[130.4671,33.7833],[130.4571,33.7863],[130.4576,33.7911],[130.4496,33.7849],[130.4434,33.8146],[130.4628,33.8107],[130.4723,33.8183],[130.4813,33.8469],[130.4765,33.8578],[130.4968,33.8521],[130.5164,33.8601],[130.5261,33.8705],[130.529,33.8827],[130.5236,33.8895],[130.5637,33.8907],[130.5687,33.88],[130.5941,33.8779],[130.6348,33.8854],[130.6599,33.8996],[130.6645,33.8957],[130.6565,33.9093],[130.6804,33.9234],[130.6817,33.9369],[130.7163,33.9376],[130.7371,33.9263],[130.7384,33.9318],[130.7463,33.9318],[130.7473,33.9233],[130.7527,33.9455],[130.769,33.9472],[130.7601,33.9338],[130.7691,33.9338],[130.7691,33.929],[130.752,33.9257],[130.7536,33.9203],[130.7734,33.9269],[130.7767,33.9342],[130.8143,33.9269],[130.8165,33.9169],[130.8053,33.9127],[130.816,33.9142],[130.8144,33.9033],[130.7968,33.8909],[130.7761,33.8915],[130.762,33.8858],[130.7827,33.8863],[130.7526,33.8781],[130.7433,33.8882],[130.7467,33.8765],[130.7404,33.8749],[130.7721,33.8795],[130.7715,33.8748],[130.8017,33.8913],[130.7988,33.8739],[130.8071,33.8776],[130.8048,33.8915],[130.8189,33.9069],[130.8216,33.9039],[130.8233,33.9199],[130.8562,33.9289],[130.86,33.9239],[130.8474,33.9192],[130.8497,33.9149],[130.8685,33.9181],[130.8474,33.9054],[130.8718,33.9153],[130.8832,33.9053],[130.863,33.8955],[130.8868,33.9021],[130.8924,33.8961],[130.8769,33.8901],[130.8917,33.8932],[130.887,33.8885],[130.891,33.8877],[130.9297,33.9069],[130.9449,33.9378],[130.963,33.9462],[130.9621,33.962],[130.9895,33.9591],[131.0001,33.9696],[131.0069,33.968],[131.0,33.9643],[131.0053,33.9623],[131.0191,33.9629],[131.0211,33.9429],[131.0108,33.9415],[131.0097,33.9313],[131.0011,33.925],[131.0147,33.9199],[131.0032,33.9127],[131.0054,33.9051],[130.9871,33.9002],[130.9881,33.8927],[131.0039,33.8915],[130.9988,33.8735],[130.9903,33.8857],[130.9813,33.8671],[130.9978,33.8669],[130.9926,33.8509],[130.9862,33.8549],[130.9757,33.8346],[130.9596,33.839],[130.9567,33.8301],[130.9658,33.8094],[130.9995,33.8155],[131.004,33.8064],[130.9963,33.8101],[130.9993,33.8005],[130.987,33.7965],[130.9817,33.7844],[130.9968,33.7963],[130.9948,33.791],[131.0028,33.7833],[130.9913,33.7734],[131.0004,33.7746],[130.9987,33.7691],[131.0106,33.7775],[131.0169,33.7681],[130.9997,33.7572],[131.0032,33.7498],[131.0074,33.7439],[131.0149,33.7509],[131.0144,33.7319],[131.0393,33.691],[131.0553,33.69],[131.0494,33.6859],[131.093,33.6235],[131.107,33.6168],[131.1072,33.6238],[131.1126,33.6238],[131.1123,33.6177],[131.1142,33.6303],[131.1311,33.6231],[131.1281,33.6312],[131.1601,33.6168],[131.1845,33.6162]]],[[[130.8216,33.9303],[130.7817,33.935],[130.778,33.9458],[130.8079,33.9493],[130.8137,33.9433],[130.8316,33.9498],[130.8446,33.9393],[130.8216,33.9303]]],[[[130.4262,33.8871],[130.4055,33.8973],[130.4071,33.9111],[130.4452,33.9147],[130.4262,33.8871]]],[[[130.3018,33.607],[130.2941,33.6155],[130.3003,33.6382],[130.3129,33.6161],[130.3018,33.607]]],[[[131.0321,33.8196],[131.0246,33.8563],[131.0343,33.8577],[131.0415,33.821],[131.0321,33.8196]]],[[[130.4051,33.6578],[130.4039,33.6684],[130.416,33.6751],[130.4252,33.6715],[130.4267,33.6622],[130.4051,33.6578]]],[[[130.501,33.8953],[130.4882,33.9131],[130.5076,33.8965],[130.501,33.8953]]],[[[130.3634,33.7549],[130.3612,33.7667],[130.3801,33.7588],[130.366,33.7607],[130.3634,33.7549]]]]}},{"type":"Feature","id":"Saga","properties":{"id":"Saga","code":41,"iso_code":"JP-41","name":"Saga","name_full":"Saga Ken","name_ja":"佐賀県","name_short_ja":"佐賀","region":"Kyushu","region_ja":"九州・沖縄","center_lonlat":[130.115,33.2869]},"geometry":{"type":"MultiPolygon","coordinates":[[[[130.0387,33.4697],[130.0875,33.4689],[130.107,33.4776],[130.1384,33.4705],[130.15,33.4774],[130.1748,33.4663],[130.198,33.4811],[130.233,33.4782],[130.2468,33.4707],[130.2766,33.4783],[130.2975,33.4624],[130.3448,33.4447],[130.3555,33.4335],[130.3684,33.4358],[130.3774,33.4249],[130.3953,33.4273],[130.4144,33.4103],[130.4076,33.4025],[130.4102,33.395],[130.4374,33.4006],[130.444,33.4173],[130.4962,33.4448],[130.5087,33.4438],[130.5116,33.4493],[130.5362,33.4382],[130.541,33.3663],[130.5352,33.3428],[130.5098,33.3438],[130.4974,33.3257],[130.479,33.3307],[130.4763,33.3254],[130.4879,33.3181],[130.4863,33.3123],[130.482,33.3049],[130.4554,33.3017],[130.4548,33.2942],[130.4668,33.2886],[130.4526,33.2831],[130.4489,33.265],[130.4396,33.2649],[130.4365,33.29],[130.431,33.2925],[130.4258,33.2889],[130.4273,33.2715],[130.4166,33.2681],[130.4146,33.2532],[130.4011,33.249],[130.3983,33.2595],[130.3907,33.2599],[130.3843,33.2403],[130.3713,33.243],[130.3766,33.2204],[130.3386,33.2033],[130.3406,33.1883],[130.3524,33.1803],[130.3549,33.1404],[130.2878,33.1469],[130.285,33.1615],[130.2514,33.1894],[130.2575,33.1968],[130.2538,33.2017],[130.2454,33.2029],[130.2465,33.1923],[130.2339,33.1938],[130.2309,33.2001],[130.2149,33.1993],[130.2306,33.1887],[130.2217,33.1653],[130.149,33.1127],[130.1302,33.1174],[130.1297,33.1257],[130.1219,33.1247],[130.1277,33.1085],[130.1123,33.1011],[130.1301,33.1043],[130.1341,33.0981],[130.1255,33.0933],[130.1398,33.0943],[130.1437,33.0731],[130.1683,33.0517],[130.1903,32.9911],[130.2032,32.9901],[130.21,32.9853],[130.2084,32.9794],[130.2206,32.9751],[130.2198,32.9595],[130.2027,32.9569],[130.1497,32.9625],[130.1437,32.9715],[130.0857,32.9748],[130.0752,32.9873],[130.061,32.986],[130.0273,33.0123],[130.0281,33.0185],[130.0087,33.019],[130.001,33.0254],[129.9935,33.0477],[129.9825,33.0564],[129.9389,33.0727],[129.9325,33.088],[129.9215,33.0904],[129.9256,33.1075],[129.9504,33.1099],[129.9545,33.1166],[129.9425,33.1643],[129.8877,33.1563],[129.8517,33.1767],[129.8372,33.1732],[129.818,33.1835],[129.8066,33.2101],[129.8134,33.2421],[129.7588,33.2903],[129.7755,33.3322],[129.7899,33.3403],[129.8144,33.3226],[129.8126,33.3147],[129.8197,33.3156],[129.8129,33.3091],[129.8196,33.3103],[129.836,33.2867],[129.8431,33.2932],[129.8528,33.2921],[129.8413,33.3035],[129.8313,33.3038],[129.8274,33.3124],[129.8339,33.3113],[129.8484,33.3287],[129.8335,33.3294],[129.8273,33.3373],[129.8474,33.3369],[129.842,33.3462],[129.85,33.3515],[129.8465,33.3619],[129.8624,33.3763],[129.8663,33.3737],[129.868,33.4075],[129.863,33.4059],[129.8622,33.4125],[129.8539,33.4035],[129.8304,33.4139],[129.8227,33.4118],[129.8218,33.4177],[129.8307,33.4218],[129.7896,33.4423],[129.7828,33.4541],[129.7929,33.4599],[129.7974,33.4533],[129.8062,33.4573],[129.7936,33.4713],[129.8055,33.485],[129.8259,33.4782],[129.8261,33.468],[129.8382,33.4621],[129.8352,33.4436],[129.8374,33.4501],[129.8477,33.4447],[129.8535,33.4565],[129.8579,33.4538],[129.8497,33.4751],[129.8399,33.4698],[129.8314,33.4762],[129.8443,33.4786],[129.8288,33.505],[129.8349,33.5129],[129.8273,33.5176],[129.8441,33.5167],[129.8563,33.5055],[129.8481,33.5217],[129.8396,33.5222],[129.8562,33.5191],[129.8518,33.5255],[129.8555,33.5325],[129.846,33.5429],[129.8508,33.5533],[129.8451,33.5553],[129.8749,33.5371],[129.8793,33.5301],[129.8744,33.5161],[129.8778,33.5226],[129.885,33.5217],[129.8821,33.5395],[129.8936,33.5377],[129.8901,33.5469],[129.8958,33.5494],[129.904,33.5445],[129.9079,33.5493],[129.9161,33.5419],[129.9278,33.5507],[129.9288,33.537],[129.9467,33.5279],[129.956,33.5295],[129.9554,33.5197],[129.967,33.5086],[129.9526,33.5032],[129.9362,33.4786],[129.9469,33.4723],[129.9491,33.4783],[129.9546,33.4693],[129.9624,33.4835],[129.97,33.4763],[129.9601,33.4689],[129.9635,33.4631],[129.9585,33.4645],[129.9671,33.4552],[130.0194,33.4463],[130.0402,33.4558],[130.0387,33.4697]]],[[[129.757,33.5634],[129.7394,33.5728],[129.7412,33.5781],[129.7679,33.582],[129.7726,33.5736],[129.757,33.5634]]],[[[129.8741,33.5438],[129.8729,33.5581],[129.8804,33.5675],[129.892,33.5561],[129.8741,33.5438]]],[[[129.8622,33.5875],[129.8479,33.5998],[129.8612,33.6183],[129.8592,33.6041],[129.8671,33.5967],[129.8622,33.5875]]],[[[129.9674,33.5271],[129.9698,33.5404],[129.9645,33.5389],[129.9721,33.5432],[129.9772,33.5349],[129.9674,33.5271]]]]}},{"type":"Feature","id":"Nagasaki","properties":{"id":"Nagasaki","code":42,"iso_code":"JP-42","name":"Nagasaki","name_full":"Nagasaki Ken","name_ja":"長崎県","name_short_ja":"長崎","region":"Kyushu","region_ja":"九州・沖縄","center_lonlat":[130.0652,32.9469]},"geometry":{"type":"MultiPolygon","coordinates":[[[[129.7899,33.3403],[129.7755,33.3322],[129.7588,33.2903],[129.8134,33.2421],[129.8066,33.2101],[129.818,33.1835],[129.8372,33.1732],[129.8517,33.1767],[129.8877,33.1563],[129.9425,33.1643],[129.9545,33.1166],[129.9504,33.1099],[129.9256,33.1075],[129.9215,33.0904],[129.9325,33.088],[129.9389,33.0727],[129.9825,33.0564],[129.9935,33.0477],[130.001,33.0254],[130.0087,33.019],[130.0281,33.0185],[130.0273,33.0123],[130.061,32.986],[130.0752,32.9873],[130.0857,32.9748],[130.1437,32.9715],[130.1497,32.9625],[130.2027,32.9569],[130.2004,32.9297],[130.1854,32.9235],[130.1834,32.9142],[130.1651,32.9141],[130.1527,32.9001],[130.1278,32.8967],[130.133,32.8919],[130.1163,32.8823],[130.1094,32.886],[130.0893,32.8631],[130.119,32.8739],[130.1384,32.8536],[130.1277,32.8413],[130.1425,32.8504],[130.1575,32.8408],[130.1856,32.8403],[130.2414,32.8749],[130.259,32.8716],[130.2916,32.8788],[130.3064,32.8775],[130.3385,32.8561],[130.3773,32.7782],[130.3682,32.7643],[130.374,32.7389],[130.3447,32.7085],[130.3564,32.6953],[130.3436,32.6719],[130.301,32.6515],[130.2589,32.6525],[130.2651,32.6482],[130.2542,32.6394],[130.2585,32.6345],[130.2468,32.6261],[130.2399,32.628],[130.2318,32.6122],[130.2072,32.6043],[130.1876,32.6112],[130.1863,32.6067],[130.197,32.6019],[130.1678,32.5908],[130.1652,32.597],[130.174,32.6071],[130.1665,32.6213],[130.13,32.6392],[130.1322,32.6783],[130.126,32.6891],[130.1412,32.6781],[130.1572,32.6853],[130.1587,32.6936],[130.1707,32.6928],[130.1702,32.7015],[130.2008,32.7206],[130.2087,32.7373],[130.2068,32.7532],[130.184,32.7627],[130.1928,32.7817],[130.1793,32.7939],[130.143,32.7961],[130.124,32.7879],[130.0835,32.7945],[130.0224,32.7585],[129.9953,32.7618],[129.9907,32.7535],[129.9795,32.7633],[129.9486,32.7604],[129.9551,32.7415],[129.9331,32.7174],[129.9297,32.7231],[129.9239,32.7077],[129.9129,32.7123],[129.9138,32.6947],[129.8925,32.6603],[129.8718,32.6511],[129.8712,32.6447],[129.836,32.6393],[129.8315,32.6159],[129.8046,32.5921],[129.7789,32.5828],[129.781,32.5719],[129.765,32.5828],[129.7388,32.5692],[129.735,32.58],[129.7486,32.5919],[129.7537,32.5904],[129.7512,32.5815],[129.7534,32.5924],[129.7777,32.6029],[129.8028,32.6477],[129.8089,32.6557],[129.8162,32.6552],[129.8188,32.6845],[129.8125,32.6877],[129.8027,32.6776],[129.7896,32.6884],[129.7926,32.6941],[129.8031,32.6908],[129.8154,32.6981],[129.8167,32.7063],[129.8279,32.707],[129.8249,32.6954],[129.8194,32.6955],[129.8274,32.6866],[129.836,32.6885],[129.8331,32.6977],[129.8444,32.6978],[129.842,32.7055],[129.8477,32.7045],[129.8499,32.7186],[129.86,32.7218],[129.8699,32.7505],[129.8558,32.7409],[129.857,32.7343],[129.849,32.7313],[129.8451,32.7206],[129.8397,32.7283],[129.8351,32.7203],[129.8325,32.7249],[129.8253,32.7165],[129.8186,32.7199],[129.8301,32.7331],[129.8286,32.7436],[129.8048,32.7438],[129.8129,32.7587],[129.8063,32.7607],[129.8072,32.7543],[129.7916,32.7652],[129.801,32.7763],[129.791,32.7788],[129.7906,32.7861],[129.776,32.7977],[129.7656,32.7997],[129.774,32.8183],[129.769,32.8205],[129.7666,32.8147],[129.7643,32.82],[129.7459,32.8224],[129.7369,32.8054],[129.7186,32.8219],[129.7153,32.8339],[129.7019,32.8309],[129.6772,32.8665],[129.678,32.8823],[129.6511,32.9311],[129.642,32.9323],[129.6387,32.9185],[129.6338,32.9254],[129.6333,32.9365],[129.6399,32.9345],[129.6374,32.9471],[129.6241,32.9523],[129.6332,32.9509],[129.6264,32.9563],[129.6317,32.9653],[129.6267,32.9789],[129.6417,32.9945],[129.651,32.9866],[129.6503,32.9989],[129.661,33.0004],[129.6477,33.0172],[129.6462,33.0357],[129.649,33.0415],[129.6575,33.0395],[129.6649,33.0635],[129.6785,33.0623],[129.6589,33.0698],[129.6777,33.0787],[129.661,33.0759],[129.6781,33.0865],[129.6723,33.0917],[129.6758,33.0982],[129.6989,33.0911],[129.7053,33.0792],[129.7086,33.088],[129.7208,33.0782],[129.7133,33.0715],[129.7281,33.0753],[129.735,33.0613],[129.7233,33.0529],[129.7297,33.0511],[129.7261,33.0466],[129.7347,33.0461],[129.7361,33.0537],[129.7398,33.049],[129.7389,33.0572],[129.7487,33.0601],[129.7609,33.0493],[129.7464,33.0403],[129.7322,33.0169],[129.7311,33.0062],[129.7398,33.0032],[129.7315,33.0021],[129.7375,32.9889],[129.7436,32.9877],[129.7505,32.9999],[129.7579,32.9949],[129.756,32.9998],[129.7655,32.9989],[129.7614,33.0052],[129.7511,33.0032],[129.7629,33.0211],[129.785,33.0055],[129.8001,33.0076],[129.8119,32.9966],[129.8089,32.9933],[129.8141,32.9951],[129.8106,32.9843],[129.8203,32.9841],[129.8227,32.9717],[129.8168,32.9732],[129.8059,32.9619],[129.8171,32.9454],[129.8081,32.9167],[129.7971,32.9225],[129.8001,32.9387],[129.7942,32.9323],[129.7977,32.9539],[129.7849,32.948],[129.7846,32.9188],[129.7926,32.9143],[129.783,32.9086],[129.7883,32.8996],[129.7879,32.9055],[129.7933,32.901],[129.7921,32.9083],[129.8057,32.9089],[129.8041,32.8957],[129.8095,32.8951],[129.7999,32.8799],[129.7949,32.889],[129.7898,32.8851],[129.7877,32.8668],[129.7938,32.8729],[129.7988,32.8641],[129.8153,32.8633],[129.8235,32.8515],[129.8426,32.8432],[129.8466,32.8309],[129.8531,32.8451],[129.8473,32.8533],[129.8515,32.8605],[129.8554,32.8493],[129.8676,32.8441],[129.8696,32.8596],[129.8787,32.8633],[129.8798,32.8821],[129.8917,32.868],[129.896,32.8799],[129.9117,32.8661],[129.9294,32.8665],[129.9266,32.8605],[129.9325,32.8576],[129.9497,32.863],[129.9571,32.8465],[129.9736,32.8497],[129.9779,32.8361],[129.9845,32.8351],[129.9856,32.8415],[129.9932,32.8417],[129.9912,32.8351],[130.0035,32.8381],[130.0077,32.8463],[129.9943,32.8485],[129.9903,32.858],[129.9657,32.8725],[129.9633,32.8842],[129.9702,32.8889],[129.9492,32.8947],[129.9547,32.9048],[129.9301,32.9233],[129.9272,32.9687],[129.937,32.9701],[129.9328,32.9731],[129.9412,32.9741],[129.9493,32.9854],[129.9448,33.014],[129.921,33.0338],[129.8718,33.0648],[129.8536,33.0623],[129.8426,33.0475],[129.8376,33.0552],[129.8314,33.0395],[129.8197,33.0378],[129.8255,33.0528],[129.8213,33.0557],[129.8362,33.0597],[129.8224,33.0677],[129.8162,33.0657],[129.8192,33.0611],[129.8106,33.0681],[129.7985,33.0661],[129.8065,33.0767],[129.794,33.0834],[129.7782,33.0762],[129.7646,33.0779],[129.7684,33.1011],[129.757,33.0819],[129.7804,33.0613],[129.7633,33.0573],[129.7674,33.051],[129.7556,33.0545],[129.7557,33.0657],[129.7422,33.0617],[129.7387,33.071],[129.7489,33.0759],[129.7437,33.0835],[129.7387,33.0783],[129.73,33.1032],[129.7524,33.1002],[129.7427,33.1215],[129.7499,33.1247],[129.7539,33.1141],[129.7597,33.1136],[129.7573,33.1278],[129.7729,33.1263],[129.7584,33.1318],[129.7651,33.143],[129.7847,33.1427],[129.7671,33.147],[129.7551,33.1413],[129.7541,33.1473],[129.7411,33.1321],[129.7357,33.1395],[129.7308,33.1365],[129.731,33.1243],[129.7201,33.1369],[129.7265,33.1456],[129.7213,33.154],[129.7289,33.1561],[129.7228,33.1575],[129.7264,33.1617],[129.7118,33.1667],[129.7118,33.1609],[129.7007,33.1631],[129.7094,33.1249],[129.699,33.1249],[129.7095,33.1154],[129.67,33.1183],[129.6715,33.1077],[129.6648,33.1015],[129.6577,33.1323],[129.6637,33.1245],[129.6797,33.1259],[129.6784,33.1329],[129.697,33.137],[129.6974,33.1423],[129.6816,33.1456],[129.677,33.151],[129.6802,33.1617],[129.6725,33.1673],[129.6669,33.1621],[129.6619,33.1702],[129.6478,33.1734],[129.6358,33.1671],[129.6426,33.1803],[129.6569,33.1858],[129.6504,33.1919],[129.6559,33.1928],[129.6451,33.1951],[129.6488,33.2077],[129.6363,33.2251],[129.6381,33.199],[129.6258,33.1885],[129.6178,33.1979],[129.6235,33.2041],[129.6207,33.2165],[129.6132,33.203],[129.6005,33.2055],[129.6056,33.2213],[129.6138,33.2241],[129.6035,33.2218],[129.5951,33.2089],[129.5962,33.2176],[129.5845,33.2105],[129.5855,33.2175],[129.5674,33.2163],[129.5655,33.2217],[129.558,33.2147],[129.552,33.2191],[129.5587,33.2188],[129.556,33.2335],[129.5676,33.2295],[129.5654,33.2451],[129.5621,33.2405],[129.5558,33.2454],[129.5644,33.2478],[129.5666,33.2623],[129.5746,33.2636],[129.5692,33.2707],[129.5731,33.2672],[129.578,33.2799],[129.5782,33.2663],[129.5883,33.2718],[129.5849,33.2931],[129.6059,33.3119],[129.6215,33.3102],[129.6073,33.3148],[129.5842,33.3058],[129.5613,33.3244],[129.5619,33.3327],[129.5749,33.3321],[129.5711,33.3365],[129.5766,33.3622],[129.5679,33.3771],[129.597,33.3808],[129.5905,33.3757],[129.5922,33.3693],[129.6165,33.376],[129.6245,33.3617],[129.6322,33.3623],[129.6305,33.3705],[129.6458,33.3647],[129.6472,33.3727],[129.6574,33.3685],[129.6557,33.3745],[129.6666,33.3853],[129.6646,33.3947],[129.6715,33.3995],[129.6844,33.385],[129.6744,33.3851],[129.6675,33.3627],[129.6776,33.353],[129.686,33.3546],[129.6859,33.3615],[129.6961,33.3613],[129.693,33.3511],[129.7146,33.3477],[129.7444,33.3671],[129.7699,33.3545],[129.7747,33.3711],[129.7848,33.3723],[129.79,33.3693],[129.7899,33.3403]]],[[[129.3831,34.4243],[129.3699,34.4391],[129.3682,34.4323],[129.3638,34.4341],[129.3654,34.4177],[129.3679,34.4278],[129.3737,34.426],[129.3786,34.4122],[129.351,34.3867],[129.3855,34.397],[129.383,34.4034],[129.3885,34.401],[129.3968,34.4118],[129.3933,34.3938],[129.3867,34.3892],[129.3906,34.3835],[129.3736,34.3895],[129.3821,34.3721],[129.3718,34.3697],[129.3835,34.3715],[129.393,34.3618],[129.3874,34.3507],[129.3644,34.3449],[129.3866,34.3465],[129.394,34.3351],[129.3892,34.329],[129.3862,34.3365],[129.3646,34.3387],[129.3707,34.3325],[129.3646,34.3305],[129.3762,34.327],[129.3717,34.3199],[129.3777,34.3119],[129.3695,34.3219],[129.3683,34.3159],[129.3621,34.32],[129.3698,34.3111],[129.3637,34.3135],[129.3648,34.306],[129.3517,34.2958],[129.3475,34.2989],[129.355,34.3085],[129.3439,34.2998],[129.3398,34.3106],[129.334,34.3061],[129.3382,34.3129],[129.3328,34.3183],[129.3387,34.3237],[129.3522,34.3193],[129.3426,34.3269],[129.3495,34.3365],[129.3423,34.3365],[129.3579,34.338],[129.3501,34.3407],[129.3531,34.3447],[129.347,34.3427],[129.3523,34.3464],[129.3466,34.3458],[129.3493,34.3527],[129.3402,34.3563],[129.3542,34.3743],[129.3475,34.3771],[129.3331,34.3634],[129.3369,34.3807],[129.3282,34.3645],[129.3219,34.3695],[129.3276,34.3591],[129.3209,34.3607],[129.3246,34.3519],[129.32,34.3568],[129.3186,34.3465],[129.3173,34.3536],[129.3077,34.3369],[129.3103,34.3458],[129.3024,34.3412],[129.2998,34.3509],[129.3112,34.3604],[129.3055,34.3547],[129.3034,34.3685],[129.2981,34.3702],[129.3129,34.3835],[129.3101,34.3886],[129.3022,34.3808],[129.2953,34.3837],[129.2986,34.3803],[129.2931,34.3754],[129.2868,34.3873],[129.2822,34.3831],[129.2917,34.3728],[129.2785,34.3631],[129.2971,34.3541],[129.2877,34.3556],[129.2871,34.3393],[129.2795,34.3544],[129.2827,34.3444],[129.2712,34.3573],[129.2532,34.35],[129.2344,34.3527],[129.2268,34.3617],[129.2424,34.3692],[129.2495,34.355],[129.2553,34.3611],[129.2524,34.3665],[129.2754,34.3728],[129.2743,34.3856],[129.268,34.3853],[129.2712,34.4157],[129.2837,34.4156],[129.2707,34.4244],[129.2799,34.4273],[129.273,34.4309],[129.2796,34.432],[129.2719,34.4357],[129.2736,34.4404],[129.2842,34.4437],[129.2928,34.4333],[129.2913,34.445],[129.3002,34.4481],[129.3013,34.4552],[129.3102,34.4499],[129.3051,34.4555],[129.3127,34.4655],[129.2818,34.4481],[129.2736,34.4563],[129.2734,34.4677],[129.2793,34.4808],[129.2912,34.4857],[129.3068,34.5263],[129.3133,34.5149],[129.3192,34.5375],[129.326,34.5283],[129.3436,34.5333],[129.3327,34.5377],[129.3286,34.5328],[129.3257,34.5512],[129.3138,34.549],[129.3148,34.5571],[129.3093,34.5567],[129.3049,34.5679],[129.2954,34.5568],[129.2857,34.56],[129.2868,34.5701],[129.304,34.5887],[129.3203,34.6487],[129.332,34.6495],[129.3319,34.6369],[129.3514,34.6496],[129.3609,34.6465],[129.3631,34.6385],[129.3729,34.6467],[129.3957,34.6391],[129.3825,34.6489],[129.389,34.6547],[129.3935,34.6514],[129.4058,34.6767],[129.4234,34.6789],[129.4328,34.6727],[129.4287,34.6809],[129.4169,34.6791],[129.4149,34.6921],[129.4217,34.6979],[129.42,34.693],[129.4387,34.6935],[129.448,34.7066],[129.4481,34.6963],[129.4566,34.7017],[129.4565,34.6925],[129.4626,34.7009],[129.4708,34.6895],[129.4801,34.6933],[129.47,34.6843],[129.4745,34.6852],[129.4703,34.6811],[129.4741,34.6729],[129.4926,34.6835],[129.494,34.6779],[129.4875,34.6782],[129.4833,34.6682],[129.4963,34.6673],[129.4802,34.6527],[129.4711,34.6589],[129.4645,34.654],[129.4801,34.6409],[129.49,34.6453],[129.4831,34.6305],[129.4705,34.628],[129.4783,34.6177],[129.4606,34.614],[129.4464,34.6312],[129.4414,34.6253],[129.4565,34.6137],[129.4373,34.618],[129.4369,34.6239],[129.4324,34.6177],[129.4316,34.6084],[129.4473,34.6143],[129.4533,34.6028],[129.4586,34.6089],[129.4691,34.6079],[129.4723,34.5953],[129.4776,34.5949],[129.4715,34.5883],[129.4748,34.5704],[129.4684,34.5677],[129.4725,34.5562],[129.4677,34.5502],[129.4565,34.5544],[129.4603,34.5399],[129.4439,34.5296],[129.4501,34.524],[129.437,34.5165],[129.4362,34.5078],[129.4076,34.4912],[129.3987,34.4769],[129.3969,34.481],[129.3777,34.4517],[129.3684,34.453],[129.3748,34.4402],[129.3827,34.4392],[129.3831,34.4243]]],[[[128.772,32.5745],[128.7523,32.5783],[128.7377,32.6057],[128.6883,32.6026],[128.6665,32.6082],[128.6561,32.6035],[128.6584,32.5935],[128.6516,32.5909],[128.635,32.5943],[128.6276,32.6061],[128.5977,32.6141],[128.6073,32.6271],[128.6102,32.6465],[128.618,32.6397],[128.6146,32.636],[128.6214,32.6347],[128.6104,32.6265],[128.6141,32.6178],[128.6176,32.6301],[128.6254,32.6273],[128.6242,32.6181],[128.646,32.6109],[128.6445,32.6032],[128.654,32.6121],[128.65,32.6191],[128.666,32.6288],[128.6545,32.6301],[128.6413,32.6188],[128.6353,32.6336],[128.642,32.6352],[128.6426,32.6425],[128.653,32.6417],[128.6428,32.6539],[128.667,32.6461],[128.6494,32.6569],[128.6575,32.6592],[128.6707,32.6514],[128.6623,32.6669],[128.6754,32.6719],[128.661,32.6715],[128.6487,32.6804],[128.6519,32.6884],[128.6468,32.6971],[128.655,32.7033],[128.6617,32.7006],[128.6594,32.7099],[128.6451,32.721],[128.651,32.7456],[128.6403,32.7608],[128.6631,32.7841],[128.6961,32.7665],[128.6967,32.7479],[128.6909,32.739],[128.7043,32.7385],[128.7082,32.7497],[128.7351,32.7569],[128.7239,32.7471],[128.7402,32.7508],[128.7336,32.7381],[128.7377,32.7385],[128.749,32.7532],[128.7394,32.7525],[128.7513,32.7579],[128.7563,32.7686],[128.7722,32.7343],[128.7766,32.7348],[128.7729,32.7506],[128.7914,32.7607],[128.7962,32.7562],[128.7924,32.7649],[128.7738,32.7559],[128.7644,32.7601],[128.775,32.7781],[128.7932,32.7781],[128.7886,32.7814],[128.7964,32.7844],[128.7896,32.7889],[128.8088,32.7975],[128.8049,32.7737],[128.825,32.7607],[128.819,32.7559],[128.8056,32.7583],[128.8035,32.7525],[128.8117,32.7476],[128.8327,32.7607],[128.8363,32.7545],[128.8286,32.7532],[128.8253,32.7403],[128.8309,32.7515],[128.8347,32.7457],[128.8463,32.7527],[128.8544,32.7448],[128.8411,32.74],[128.8384,32.7134],[128.8478,32.7048],[128.8482,32.689],[128.8718,32.6778],[128.8816,32.6697],[128.8833,32.6577],[128.8959,32.6527],[128.8917,32.6414],[128.8734,32.6385],[128.8687,32.6441],[128.8206,32.6361],[128.8082,32.6549],[128.7676,32.643],[128.7609,32.6199],[128.79,32.6091],[128.7921,32.5931],[128.788,32.5881],[128.7825,32.5911],[128.772,32.5745]]],[[[129.2134,34.0839],[129.212,34.1132],[129.2028,34.1039],[129.1819,34.1181],[129.1663,34.1032],[129.1806,34.2259],[129.1905,34.2347],[129.1842,34.2465],[129.199,34.2735],[129.1939,34.2738],[129.1951,34.3123],[129.2035,34.331],[129.2137,34.3265],[129.2194,34.3313],[129.2267,34.3224],[129.2216,34.2935],[129.2267,34.2975],[129.2308,34.2919],[129.2555,34.3113],[129.2599,34.3079],[129.2509,34.2987],[129.2591,34.3003],[129.2602,34.2907],[129.2663,34.3051],[129.2792,34.3059],[129.2782,34.2969],[129.2845,34.2943],[129.2815,34.2849],[129.2897,34.2769],[129.2843,34.29],[129.2911,34.2911],[129.283,34.2977],[129.288,34.3045],[129.2761,34.3104],[129.2794,34.3135],[129.2738,34.3098],[129.266,34.3279],[129.2671,34.3217],[129.2758,34.3207],[129.2766,34.3262],[129.2815,34.3157],[129.2855,34.3207],[129.2864,34.3135],[129.2937,34.3197],[129.2963,34.3007],[129.3013,34.3093],[129.3087,34.3077],[129.3004,34.3001],[129.3042,34.2951],[129.2982,34.2847],[129.3046,34.2772],[129.308,34.2887],[129.3169,34.2769],[129.3107,34.2841],[129.3185,34.2832],[129.3124,34.2899],[129.3162,34.2971],[129.3327,34.2976],[129.3334,34.2899],[129.3398,34.293],[129.3387,34.2995],[129.3433,34.2919],[129.3472,34.2972],[129.3453,34.2859],[129.352,34.2775],[129.3338,34.2714],[129.3285,34.2759],[129.3252,34.2622],[129.316,34.2623],[129.3229,34.2587],[129.3149,34.2439],[129.3224,34.2349],[129.3172,34.2315],[129.3248,34.226],[129.3052,34.2159],[129.298,34.2227],[129.2948,34.2157],[129.3027,34.2115],[129.2982,34.1941],[129.2873,34.1999],[129.2831,34.1876],[129.2961,34.1867],[129.2879,34.1757],[129.2956,34.1738],[129.2945,34.1607],[129.2816,34.1642],[129.2841,34.1453],[129.2735,34.1459],[129.281,34.1303],[129.2532,34.1261],[129.2615,34.1221],[129.2598,34.1149],[129.246,34.1123],[129.2383,34.1021],[129.2329,34.114],[129.2294,34.1116],[129.2289,34.0957],[129.2185,34.0963],[129.2134,34.0839]]],[[[129.0585,32.8169],[129.0419,32.8247],[129.0503,32.8274],[129.0443,32.8294],[129.0494,32.8387],[129.0409,32.8601],[129.046,32.8685],[129.0395,32.8743],[129.0399,32.8807],[129.0514,32.8773],[129.0427,32.885],[129.0559,32.8787],[129.0585,32.8882],[129.0545,32.8944],[129.0516,32.8887],[129.0484,32.8947],[129.0433,32.8925],[129.0376,32.9077],[129.0528,32.8996],[129.051,32.9071],[129.0569,32.9061],[129.0615,32.8948],[129.0667,32.9045],[129.053,32.9091],[129.0505,32.9209],[129.0367,32.9255],[129.0257,32.9189],[129.0314,32.9326],[129.0391,32.9299],[129.0338,32.948],[129.0217,32.932],[129.0137,32.9365],[129.0125,32.9487],[129.0024,32.9399],[128.9922,32.9457],[129.0029,32.9453],[128.9961,32.9497],[129.0058,32.9522],[128.9963,32.9534],[129.0018,32.9578],[128.9955,32.9652],[129.0112,32.9764],[129.0162,32.9648],[129.0176,32.9763],[129.029,32.9605],[129.0315,32.9715],[129.0464,32.9762],[129.0474,32.9567],[129.0521,32.9781],[129.0577,32.9749],[129.0653,32.9809],[129.0446,32.9851],[129.0427,33.0289],[129.053,33.0377],[129.0492,33.0409],[129.0652,33.0435],[129.0684,33.0202],[129.0875,33.0255],[129.0769,33.0362],[129.0829,33.0427],[129.0742,33.0559],[129.0802,33.0583],[129.0842,33.0745],[129.1059,33.0869],[129.1084,33.1013],[129.0971,33.1052],[129.1027,33.1148],[129.0935,33.1209],[129.1139,33.1639],[129.1093,33.1327],[129.102,33.1243],[129.1194,33.1076],[129.1075,33.0649],[129.113,33.0627],[129.0991,33.0562],[129.0981,33.0507],[129.1041,33.0495],[129.0912,33.0393],[129.0972,33.0259],[129.0891,33.0179],[129.095,33.0024],[129.0885,32.9871],[129.082,32.9863],[129.09,32.9806],[129.0928,32.9855],[129.1099,32.9817],[129.1135,32.9897],[129.118,32.9845],[129.1299,32.9905],[129.1336,33.0022],[129.1552,33.0002],[129.164,33.0085],[129.1685,33.0009],[129.1739,33.007],[129.1824,33.0021],[129.1742,32.9977],[129.1739,32.9905],[129.1816,32.9741],[129.1477,32.9553],[129.1385,32.9371],[129.1301,32.9448],[129.1168,32.9388],[129.1008,32.9613],[129.1002,32.9505],[129.1096,32.9384],[129.1067,32.9251],[129.0838,32.9264],[129.0941,32.9191],[129.0888,32.9102],[129.0943,32.9031],[129.0838,32.9038],[129.0811,32.8965],[129.0914,32.8905],[129.0814,32.8814],[129.0938,32.8816],[129.0981,32.8599],[129.089,32.8549],[129.0663,32.8633],[129.0564,32.8489],[129.0677,32.8281],[129.0585,32.8169]]],[[[129.3748,33.169],[129.3476,33.1821],[129.3579,33.1919],[129.3508,33.2012],[129.3548,33.207],[129.3688,33.1925],[129.3657,33.1869],[129.393,33.1857],[129.399,33.1799],[129.406,33.1971],[129.3931,33.1967],[129.381,33.2067],[129.3815,33.2264],[129.3984,33.2399],[129.407,33.2396],[129.4239,33.2246],[129.4193,33.2392],[129.4271,33.2325],[129.4347,33.2372],[129.4229,33.2405],[129.4267,33.2469],[129.4104,33.2484],[129.4047,33.2545],[129.4112,33.2604],[129.4026,33.2653],[129.4058,33.2781],[129.4257,33.2801],[129.423,33.2903],[129.4459,33.2913],[129.4318,33.314],[129.4422,33.3303],[129.4363,33.3471],[129.4987,33.3558],[129.51,33.3813],[129.5212,33.3757],[129.5129,33.3567],[129.5239,33.3549],[129.5306,33.3671],[129.5236,33.3799],[129.5398,33.3729],[129.5506,33.3805],[129.5415,33.3905],[129.5222,33.3871],[129.5171,33.3907],[129.526,33.3955],[129.5174,33.3995],[129.5223,33.4061],[129.5316,33.4011],[129.5529,33.4093],[129.5599,33.3926],[129.5533,33.3904],[129.5615,33.3823],[129.5522,33.3689],[129.5574,33.3706],[129.5689,33.359],[129.5449,33.3487],[129.5438,33.331],[129.5135,33.3308],[129.5311,33.3123],[129.5261,33.3036],[129.5003,33.3003],[129.5115,33.2901],[129.5048,33.2859],[129.4848,33.2846],[129.5037,33.2713],[129.5007,33.2597],[129.4872,33.2514],[129.4631,33.2144],[129.453,33.2144],[129.4514,33.2062],[129.4333,33.1909],[129.3748,33.169]]],[[[129.7159,33.7044],[129.6908,33.7133],[129.6876,33.7173],[129.6947,33.7268],[129.6901,33.7213],[129.6768,33.7279],[129.69,33.7453],[129.6829,33.7431],[129.6714,33.7533],[129.6729,33.7593],[129.666,33.7481],[129.6571,33.7463],[129.6565,33.7385],[129.6464,33.7519],[129.6539,33.7615],[129.6427,33.7675],[129.6489,33.7737],[129.685,33.7596],[129.6754,33.7781],[129.6557,33.7798],[129.655,33.7895],[129.66,33.7881],[129.6505,33.8001],[129.6663,33.7998],[129.6494,33.8065],[129.6599,33.8133],[129.6749,33.7969],[129.6765,33.805],[129.689,33.8049],[129.6721,33.8192],[129.6711,33.8374],[129.6754,33.8453],[129.6783,33.8407],[129.6827,33.8444],[129.6786,33.8462],[129.688,33.8573],[129.6919,33.8515],[129.7039,33.8548],[129.6956,33.8574],[129.7021,33.8628],[129.7242,33.8501],[129.7717,33.8428],[129.7644,33.8343],[129.7631,33.8114],[129.7438,33.8083],[129.7605,33.8045],[129.7855,33.7876],[129.7983,33.7884],[129.7951,33.7795],[129.7695,33.7851],[129.7572,33.7758],[129.765,33.7671],[129.7772,33.7729],[129.7971,33.7625],[129.7966,33.7548],[129.7871,33.7532],[129.7876,33.7415],[129.7632,33.7385],[129.7536,33.7434],[129.7316,33.7375],[129.7328,33.7283],[129.7183,33.7164],[129.7219,33.7111],[129.7159,33.7044]]],[[[128.8655,32.7635],[128.839,32.7845],[128.8415,32.7784],[128.8371,32.7781],[128.8317,32.7973],[128.8389,32.8063],[128.8385,32.8303],[128.8317,32.829],[128.8365,32.838],[128.8481,32.8345],[128.8467,32.8297],[128.8609,32.8333],[128.8617,32.8171],[128.87,32.8069],[128.8616,32.8017],[128.8764,32.8005],[128.8725,32.8078],[128.8772,32.8171],[128.8674,32.8207],[128.8626,32.844],[128.8823,32.8338],[128.8872,32.8234],[128.8992,32.8217],[128.9022,32.8039],[128.9095,32.7973],[128.8859,32.7767],[128.882,32.7653],[128.8655,32.7635]]],[[[129.0259,32.8443],[129.0119,32.8527],[129.0212,32.8547],[129.011,32.8567],[129.0209,32.8614],[129.0126,32.8681],[129.0066,32.86],[128.9957,32.8694],[128.9767,32.8592],[128.9802,32.8714],[128.9657,32.8715],[128.9739,32.8775],[128.9603,32.9033],[128.9817,32.895],[128.9853,32.88],[128.9915,32.8938],[129.0022,32.8767],[128.996,32.8948],[129.0006,32.9021],[128.9884,32.898],[128.9793,32.9066],[128.9865,32.9071],[128.9782,32.9199],[128.9896,32.9252],[128.9826,32.9308],[128.9968,32.9275],[128.9999,32.9198],[129.0129,32.9248],[129.0127,32.9168],[129.0217,32.9146],[129.0205,32.9019],[129.0265,32.9036],[129.0246,32.8971],[129.0317,32.8955],[129.0215,32.889],[129.0309,32.8869],[129.0201,32.8729],[129.0273,32.8706],[129.0259,32.8443]]],[[[129.1179,33.2456],[129.0965,33.2483],[129.0828,33.2647],[129.0726,33.2591],[129.0697,33.2702],[129.0911,33.2875],[129.1206,33.2886],[129.123,33.3013],[129.1347,33.3022],[129.1334,33.2972],[129.1409,33.2955],[129.1394,33.2792],[129.155,33.2723],[129.1265,33.2602],[129.1318,33.2532],[129.1179,33.2456]]],[[[128.9402,32.7997],[128.9346,32.8273],[128.9312,32.8175],[128.9143,32.8205],[128.9271,32.8219],[128.9283,32.8269],[128.9182,32.8433],[128.9118,32.8397],[128.8913,32.8636],[128.8899,32.8523],[128.8718,32.8616],[128.8884,32.866],[128.8875,32.8772],[128.9139,32.8702],[128.931,32.8354],[128.9353,32.8501],[128.9231,32.866],[128.9244,32.8731],[128.9385,32.8487],[128.9474,32.8722],[128.9399,32.884],[128.955,32.8722],[128.9625,32.8499],[128.9527,32.8455],[128.9531,32.8351],[128.9592,32.8323],[128.9547,32.8285],[128.9459,32.8335],[128.94,32.8255],[128.9509,32.817],[128.9402,32.7997]]],[[[129.4156,33.351],[129.3967,33.3604],[129.4213,33.4124],[129.4205,33.4324],[129.4328,33.4422],[129.436,33.4322],[129.4279,33.4241],[129.4327,33.4199],[129.4274,33.4094],[129.4356,33.3968],[129.4291,33.3789],[129.4342,33.3549],[129.4156,33.351]]],[[[129.8122,33.3485],[129.8032,33.3659],[129.8125,33.3665],[129.8069,33.3921],[129.8129,33.4031],[129.7959,33.4138],[129.8291,33.4068],[129.8284,33.3906],[129.8383,33.3795],[129.8414,33.3873],[129.8586,33.3786],[129.8469,33.3679],[129.8367,33.3711],[129.8416,33.3659],[129.8361,33.3629],[129.8184,33.3657],[129.8211,33.3594],[129.8122,33.3485]]],[[[129.7322,33.4057],[129.7184,33.414],[129.7187,33.4199],[129.7432,33.4289],[129.7386,33.4365],[129.7583,33.4557],[129.7502,33.4594],[129.7556,33.4691],[129.7732,33.4529],[129.7662,33.4407],[129.792,33.4304],[129.7887,33.4257],[129.763,33.4333],[129.7594,33.4247],[129.7561,33.4287],[129.7573,33.4153],[129.7468,33.4214],[129.7493,33.4119],[129.7322,33.4057]]],[[[129.5528,33.4693],[129.5348,33.4746],[129.528,33.4863],[129.5122,33.4807],[129.5206,33.4717],[129.4968,33.4727],[129.5317,33.5032],[129.5545,33.5099],[129.5517,33.4905],[129.5657,33.4914],[129.5635,33.501],[129.5823,33.4961],[129.5749,33.4823],[129.5622,33.4741],[129.5563,33.4773],[129.5528,33.4693]]],[[[129.0496,33.1834],[129.0458,33.1957],[129.0275,33.1995],[129.038,33.2111],[129.041,33.2048],[129.0448,33.2191],[129.055,33.2197],[129.0549,33.2105],[129.0665,33.2067],[129.0683,33.2115],[129.0957,33.2157],[129.0936,33.2067],[129.0799,33.2086],[129.0822,33.1956],[129.0936,33.1916],[129.0881,33.1859],[129.0725,33.1879],[129.0662,33.1949],[129.0597,33.1933],[129.0602,33.1851],[129.0496,33.1834]]],[[[129.6087,33.0227],[129.6026,33.0284],[129.5878,33.0269],[129.591,33.0455],[129.602,33.0568],[129.6087,33.0534],[129.6072,33.0652],[129.6351,33.0623],[129.6199,33.0508],[129.6307,33.0553],[129.6294,33.0443],[129.6224,33.0419],[129.6286,33.0425],[129.6268,33.0369],[129.6169,33.0299],[129.6133,33.0342],[129.6087,33.0227]]],[[[128.986,32.7422],[128.9623,32.7491],[128.9732,32.7582],[128.9878,32.7582],[128.9903,32.7687],[128.9848,32.7741],[128.9909,32.7909],[129.0067,32.7715],[129.0004,32.7553],[129.0056,32.7544],[128.9932,32.7503],[128.9877,32.7549],[128.986,32.7422]]],[[[129.3592,34.2712],[129.3474,34.2847],[129.3529,34.2865],[129.3504,34.2942],[129.369,34.3025],[129.375,34.2921],[129.376,34.3036],[129.3924,34.3001],[129.3592,34.2712]]],[[[129.1315,33.1592],[129.1246,33.1617],[129.119,33.1776],[129.1231,33.1874],[129.1142,33.2085],[129.122,33.2137],[129.1413,33.1943],[129.1418,33.187],[129.1304,33.1853],[129.1315,33.1592]]],[[[129.6109,32.9162],[129.5977,32.9231],[129.5924,32.9339],[129.5976,32.9468],[129.6012,32.94],[129.6113,32.9421],[129.6236,32.9351],[129.6246,32.9275],[129.6109,32.9162]]],[[[129.2339,32.9889],[129.2386,32.9997],[129.221,32.9995],[129.2468,33.0229],[129.2475,33.0139],[129.2595,33.0209],[129.2542,33.0004],[129.2339,32.9889]]],[[[128.6218,32.6375],[128.6151,32.6569],[128.6327,32.6795],[128.6395,32.6639],[128.6278,32.6639],[128.6336,32.6451],[128.6218,32.6375]]],[[[129.5616,33.0007],[129.5539,33.0032],[129.5558,33.0083],[129.5642,33.0075],[129.5589,33.0103],[129.5748,33.0237],[129.5673,33.0197],[129.5654,33.0239],[129.5643,33.0178],[129.5605,33.0299],[129.5891,33.0229],[129.5616,33.0007]]],[[[128.9616,32.9048],[128.9364,32.91],[128.9298,32.9199],[128.945,32.9248],[128.9555,32.9161],[128.9564,32.9272],[128.9672,32.9299],[128.9653,32.9189],[128.9529,32.9159],[128.9566,32.9083],[128.9693,32.9104],[128.9616,32.9048]]],[[[129.3328,34.3043],[129.3312,34.3105],[129.3197,34.3061],[129.3277,34.3126],[129.3193,34.3081],[129.3252,34.3177],[129.3158,34.3129],[129.3145,34.3243],[129.3005,34.3219],[129.2994,34.3301],[129.2906,34.3229],[129.2966,34.3365],[129.3174,34.3259],[129.325,34.3361],[129.3297,34.3271],[129.3234,34.3247],[129.3347,34.3157],[129.3328,34.3043]]],[[[129.5358,33.1316],[129.503,33.1409],[129.5433,33.1518],[129.5493,33.1365],[129.5391,33.1375],[129.5358,33.1316]]],[[[129.5086,33.4242],[129.5057,33.4346],[129.5215,33.4411],[129.5294,33.4543],[129.5432,33.442],[129.5086,33.4242]]],[[[128.5985,32.7113],[128.5893,32.7149],[128.5895,32.7271],[128.6066,32.7398],[128.5985,32.7113]]],[[[128.4046,32.0371],[128.3994,32.0421],[128.3793,32.0404],[128.3896,32.0428],[128.3915,32.0543],[128.4142,32.0513],[128.4046,32.0371]]],[[[129.3452,32.9975],[129.3417,33.0149],[129.3535,33.0206],[129.361,33.0032],[129.3452,32.9975]]],[[[129.918,32.9031],[129.901,32.9293],[129.9251,32.9129],[129.918,32.9031]]],[[[129.3966,34.3343],[129.3968,34.3395],[129.3884,34.3411],[129.3958,34.3599],[129.4015,34.3541],[129.3983,34.3498],[129.4057,34.3497],[129.3984,34.3421],[129.4029,34.3451],[129.4058,34.3365],[129.3966,34.3343]]],[[[129.5813,33.1611],[129.5895,33.1699],[129.5782,33.1894],[129.5912,33.1925],[129.5935,33.1856],[129.5887,33.1905],[129.5854,33.1827],[129.5916,33.1767],[129.5906,33.1636],[129.5813,33.1611]]],[[[129.7748,32.5489],[129.7741,32.5629],[129.7872,32.5689],[129.7904,32.557],[129.7748,32.5489]]],[[[129.7789,32.69],[129.759,32.7153],[129.7791,32.7051],[129.7847,32.6921],[129.7789,32.69]]],[[[128.9826,32.9443],[128.9767,32.9584],[128.9883,32.9655],[128.9946,32.9628],[128.9926,32.9513],[128.9821,32.9511],[128.9826,32.9443]]],[[[129.1908,33.0068],[129.1783,33.0073],[129.1732,33.0137],[129.1939,33.0181],[129.196,33.0087],[129.1908,33.0068]]],[[[129.9836,32.7462],[129.9697,32.7485],[129.9633,32.7618],[129.9797,32.7599],[129.9799,32.7501],[129.9887,32.7511],[129.9836,32.7462]]],[[[129.0215,33.1997],[129.0125,33.2006],[129.0132,33.2125],[129.0236,33.213],[129.0269,33.2065],[129.0215,33.1997]]],[[[128.9649,32.7617],[128.9563,32.7624],[128.9558,32.7765],[128.9667,32.7675],[128.9649,32.7617]]],[[[128.3486,31.9891],[128.344,32.0057],[128.3549,32.0079],[128.3539,31.9892],[128.3486,31.9891]]],[[[129.0086,33.0019],[129.0041,33.0032],[129.0148,33.0137],[129.031,33.0136],[129.0086,33.0019]]],[[[128.9018,32.5607],[128.8949,32.5613],[128.8923,32.5697],[128.9039,32.5717],[128.9018,32.5607]]],[[[129.6305,33.7323],[129.6284,33.7439],[129.6423,33.7423],[129.6305,33.7323]]],[[[129.0701,33.2445],[129.0589,33.2501],[129.0652,33.2625],[129.061,33.2581],[129.0636,33.2513],[129.0714,33.2548],[129.0701,33.2445]]],[[[129.7537,32.649],[129.7461,32.6603],[129.7498,32.6661],[129.7581,32.6636],[129.7537,32.649]]]]}},{"type":"Feature","id":"Kumamoto","properties":{"id":"Kumamoto","code":43,"iso_code":"JP-43","name":"Kumamoto","name_full":"Kumamoto Ken","name_ja":"熊本県","name_short_ja":"熊本","region":"Kyushu","region_ja":"九州・沖縄","center_lonlat":[130.8305,32.6464]},"geometry":{"type":"MultiPolygon","coordinates":[[[[131.3286,32.8329],[131.2649,32.8262],[131.2546,32.8161],[131.2447,32.7875],[131.2344,32.7811],[131.2444,32.7713],[131.2342,32.7442],[131.2118,32.7289],[131.1937,32.7247],[131.1788,32.7111],[131.1747,32.6725],[131.1429,32.6761],[131.1162,32.6427],[131.1193,32.6057],[131.1073,32.5831],[131.0991,32.5785],[131.0503,32.5865],[131.0427,32.5825],[131.039,32.5565],[131.0171,32.5455],[131.0249,32.5209],[131.0098,32.5155],[131.0062,32.4925],[131.019,32.4395],[131.0422,32.4091],[131.0665,32.4074],[131.0721,32.3921],[131.0685,32.3845],[131.0782,32.3733],[131.0735,32.3575],[131.0934,32.3501],[131.1105,32.3285],[131.0779,32.2813],[131.0503,32.2863],[131.0521,32.266],[131.0422,32.2604],[131.0415,32.2502],[131.0708,32.2367],[131.0682,32.2251],[131.0827,32.2071],[131.0997,32.2014],[131.1081,32.1599],[131.0963,32.1528],[131.0711,32.1601],[131.0583,32.1553],[131.0368,32.1699],[131.0127,32.1738],[130.9722,32.1337],[130.9736,32.1216],[130.9519,32.1154],[130.9328,32.1162],[130.9044,32.1331],[130.8774,32.1209],[130.8565,32.0995],[130.8386,32.1067],[130.8202,32.0949],[130.7757,32.1011],[130.7581,32.0967],[130.7528,32.1032],[130.7417,32.0983],[130.7343,32.1087],[130.7197,32.1006],[130.7013,32.1057],[130.6541,32.1355],[130.6507,32.1511],[130.6218,32.1558],[130.6098,32.1863],[130.5908,32.1859],[130.5954,32.1768],[130.5814,32.1546],[130.5414,32.1493],[130.5386,32.137],[130.5046,32.1405],[130.4918,32.1337],[130.476,32.1389],[130.4748,32.1221],[130.4533,32.1134],[130.4035,32.1197],[130.3864,32.1456],[130.36,32.1678],[130.3666,32.1729],[130.3623,32.1827],[130.3725,32.1832],[130.3686,32.1777],[130.379,32.176],[130.3742,32.1834],[130.378,32.1978],[130.3718,32.2027],[130.3838,32.2074],[130.3772,32.2109],[130.3876,32.2141],[130.3905,32.2231],[130.3974,32.2224],[130.3932,32.2265],[130.4016,32.2353],[130.4094,32.2305],[130.4218,32.2379],[130.4326,32.2293],[130.4394,32.2367],[130.424,32.2504],[130.4352,32.2532],[130.4274,32.2641],[130.4487,32.2717],[130.444,32.2785],[130.4503,32.2795],[130.4492,32.2884],[130.4573,32.2898],[130.463,32.2765],[130.4642,32.2961],[130.472,32.2861],[130.489,32.2961],[130.4826,32.3027],[130.4712,32.3011],[130.4641,32.3263],[130.4726,32.3311],[130.4802,32.3268],[130.4823,32.3447],[130.5054,32.3538],[130.5014,32.3602],[130.4867,32.3598],[130.489,32.3658],[130.5464,32.4221],[130.5732,32.4341],[130.564,32.4559],[130.5689,32.4753],[130.5471,32.4771],[130.5415,32.4953],[130.5661,32.5032],[130.5543,32.5113],[130.5726,32.5094],[130.5365,32.5252],[130.5388,32.5332],[130.5437,32.5309],[130.5556,32.5429],[130.5615,32.5377],[130.6005,32.5865],[130.6083,32.5934],[130.616,32.5876],[130.6334,32.6033],[130.6163,32.6173],[130.6393,32.6235],[130.6532,32.6129],[130.6533,32.629],[130.6595,32.6313],[130.651,32.6424],[130.593,32.6225],[130.5427,32.6249],[130.5108,32.6116],[130.459,32.6067],[130.461,32.6152],[130.4504,32.6231],[130.4593,32.633],[130.4986,32.6537],[130.5355,32.6647],[130.5664,32.6988],[130.6075,32.7129],[130.6029,32.731],[130.6075,32.7457],[130.5994,32.7647],[130.5901,32.7638],[130.5993,32.7649],[130.5967,32.7753],[130.6135,32.7925],[130.6007,32.8106],[130.5919,32.8133],[130.589,32.8259],[130.5778,32.8285],[130.5834,32.8415],[130.5707,32.8486],[130.564,32.8419],[130.5229,32.8517],[130.5229,32.8813],[130.4755,32.9049],[130.4618,32.9013],[130.4562,32.905],[130.4625,32.9117],[130.4601,32.9193],[130.4508,32.9089],[130.4433,32.9145],[130.4248,32.9945],[130.429,32.9962],[130.4164,32.9937],[130.4132,33.0029],[130.5053,33.0032],[130.5151,33.0121],[130.5035,33.0275],[130.4968,33.0522],[130.5175,33.0654],[130.5307,33.0643],[130.5411,33.0821],[130.565,33.0872],[130.5609,33.104],[130.5797,33.1157],[130.6091,33.1093],[130.6588,33.1101],[130.6536,33.1133],[130.6676,33.1381],[130.6668,33.1571],[130.6792,33.1712],[130.6922,33.1599],[130.6905,33.1519],[130.7305,33.1546],[130.7708,33.1245],[130.7921,33.1229],[130.8167,33.114],[130.8195,33.1065],[130.8389,33.1039],[130.8449,33.0921],[130.8612,33.0953],[130.8863,33.0865],[130.8962,33.0659],[130.915,33.0541],[130.9491,33.0509],[130.9693,33.0237],[130.988,33.0236],[131.0106,33.0426],[131.0166,33.0631],[131.0104,33.072],[131.0231,33.0874],[130.9923,33.1221],[130.9938,33.1284],[130.9776,33.1405],[130.9834,33.1421],[130.9816,33.1549],[130.9916,33.1833],[131.0133,33.1772],[131.0383,33.1943],[131.0578,33.1947],[131.1104,33.1831],[131.1178,33.1699],[131.1597,33.1409],[131.1736,33.0834],[131.1859,33.0739],[131.1921,33.0777],[131.2145,33.055],[131.2271,33.0109],[131.2468,32.9952],[131.2468,32.9823],[131.2628,32.9762],[131.2452,32.9586],[131.2518,32.9545],[131.2468,32.9531],[131.2519,32.9464],[131.246,32.9408],[131.2549,32.8919],[131.2632,32.8791],[131.2726,32.8815],[131.2724,32.8719],[131.3093,32.8527],[131.3286,32.8329]]],[[[130.3533,32.4048],[130.3492,32.4213],[130.3414,32.4066],[130.3285,32.3985],[130.2854,32.3983],[130.2738,32.4121],[130.2608,32.4104],[130.2517,32.3875],[130.2336,32.3848],[130.2401,32.3967],[130.2455,32.3957],[130.2444,32.4079],[130.2283,32.4199],[130.2256,32.4115],[130.2108,32.4308],[130.2081,32.427],[130.2163,32.4211],[130.2053,32.4199],[130.2102,32.4197],[130.2076,32.4132],[130.1964,32.4015],[130.2006,32.3935],[130.1928,32.3884],[130.1983,32.3849],[130.2067,32.3957],[130.2189,32.3919],[130.2147,32.3874],[130.2227,32.3836],[130.2166,32.377],[130.2238,32.3661],[130.2107,32.3575],[130.2035,32.3255],[130.172,32.3103],[130.1666,32.3246],[130.1755,32.3393],[130.1621,32.3289],[130.1578,32.3357],[130.1581,32.3217],[130.1517,32.322],[130.1561,32.3121],[130.1419,32.3171],[130.1389,32.2973],[130.1445,32.3027],[130.1624,32.3017],[130.1653,32.2967],[130.1442,32.2813],[130.1364,32.2909],[130.1073,32.2645],[130.1063,32.2537],[130.0916,32.255],[130.0933,32.2472],[130.1009,32.249],[130.101,32.2369],[130.0898,32.2273],[130.0841,32.2395],[130.0877,32.2367],[130.0846,32.2413],[130.0906,32.243],[130.0795,32.2428],[130.0821,32.2312],[130.0712,32.2247],[130.0853,32.2196],[130.0771,32.2124],[130.0575,32.211],[130.0442,32.199],[130.0424,32.2089],[130.0381,32.2061],[130.0279,32.2139],[130.0312,32.1965],[130.0261,32.1977],[130.0223,32.1886],[130.0122,32.1892],[130.0113,32.2014],[129.9999,32.1901],[129.99,32.199],[129.9996,32.2206],[130.0046,32.2217],[130.0039,32.2111],[130.0127,32.2203],[130.0102,32.2375],[129.9993,32.2346],[129.9878,32.2408],[129.9985,32.2532],[129.9858,32.242],[129.9674,32.2427],[129.9918,32.2841],[130.0117,32.2987],[130.0245,32.3011],[130.0316,32.2744],[130.0355,32.2844],[130.0289,32.2869],[130.0278,32.2988],[130.0509,32.3027],[130.0448,32.2916],[130.0531,32.2779],[130.0603,32.2775],[130.0663,32.2876],[130.0603,32.2959],[130.0699,32.2995],[130.0409,32.3143],[130.0307,32.3029],[130.0242,32.3159],[130.0209,32.3092],[130.0041,32.3153],[130.0014,32.3059],[129.9943,32.3065],[129.9929,32.321],[129.9874,32.3167],[129.9765,32.3297],[129.9753,32.3582],[129.9841,32.3729],[129.992,32.3745],[129.993,32.3826],[129.9876,32.3831],[130.0023,32.4027],[129.9969,32.4047],[130.004,32.4118],[130.0058,32.4278],[130.0355,32.4643],[130.0398,32.4895],[130.0457,32.4886],[130.031,32.5209],[130.0119,32.5289],[130.0194,32.5348],[130.0357,32.5362],[130.0416,32.5284],[130.0328,32.5309],[130.0331,32.5214],[130.0434,32.5124],[130.0906,32.5285],[130.1175,32.548],[130.185,32.5476],[130.1979,32.5359],[130.1921,32.4969],[130.2072,32.4728],[130.1963,32.463],[130.1951,32.4566],[130.2027,32.4571],[130.1969,32.4573],[130.1995,32.4477],[130.2362,32.4619],[130.2578,32.4787],[130.2888,32.4839],[130.2925,32.4963],[130.317,32.5174],[130.3328,32.5214],[130.3397,32.5142],[130.3599,32.5281],[130.361,32.5227],[130.3704,32.5257],[130.3724,32.5166],[130.3828,32.5241],[130.3784,32.5131],[130.3885,32.514],[130.3919,32.4995],[130.4177,32.5242],[130.4277,32.5165],[130.4369,32.5269],[130.4536,32.521],[130.4599,32.5301],[130.4278,32.4555],[130.4079,32.4353],[130.4219,32.4325],[130.4126,32.4217],[130.4017,32.4255],[130.41,32.4143],[130.3996,32.3989],[130.4029,32.3946],[130.3915,32.3947],[130.3797,32.3825],[130.3764,32.3883],[130.3647,32.389],[130.3553,32.3768],[130.3496,32.3983],[130.3456,32.3957],[130.3533,32.4048]]],[[[130.4223,32.5461],[130.4033,32.5523],[130.4063,32.5668],[130.4184,32.5749],[130.4152,32.5813],[130.3931,32.5865],[130.4118,32.6084],[130.4101,32.6145],[130.4164,32.6167],[130.4137,32.6069],[130.4243,32.6037],[130.419,32.6175],[130.4295,32.6133],[130.4406,32.6255],[130.4434,32.6173],[130.4571,32.6141],[130.4513,32.602],[130.4412,32.6027],[130.4406,32.5952],[130.4576,32.5881],[130.4419,32.5691],[130.4488,32.5664],[130.446,32.5568],[130.4524,32.554],[130.4352,32.5477],[130.4195,32.5521],[130.4223,32.5461]]],[[[130.3017,32.3039],[130.3205,32.3169],[130.331,32.3142],[130.3293,32.3324],[130.3459,32.3499],[130.3734,32.3483],[130.3441,32.3127],[130.3284,32.3047],[130.3017,32.3039]]],[[[130.487,32.5763],[130.4893,32.5922],[130.4795,32.5902],[130.4826,32.5987],[130.4726,32.6032],[130.4877,32.6089],[130.5077,32.6067],[130.5102,32.594],[130.487,32.5763]]],[[[130.4638,32.5398],[130.4602,32.5722],[130.472,32.5877],[130.486,32.5712],[130.4638,32.5398]]],[[[130.3091,32.3391],[130.3233,32.3482],[130.3015,32.3506],[130.3027,32.3631],[130.311,32.3586],[130.3125,32.3679],[130.3203,32.3669],[130.3232,32.3569],[130.3267,32.3642],[130.3267,32.3575],[130.3402,32.3557],[130.3368,32.3467],[130.3091,32.3391]]],[[[130.0461,32.1567],[130.0313,32.1748],[130.0202,32.1589],[130.0164,32.1625],[130.0179,32.1801],[130.0232,32.1805],[130.0189,32.186],[130.026,32.1908],[130.0382,32.1836],[130.0317,32.1799],[130.0463,32.1699],[130.0461,32.1567]]],[[[130.419,32.3673],[130.4202,32.3779],[130.4089,32.383],[130.4072,32.3915],[130.4134,32.3991],[130.4266,32.3794],[130.4358,32.3817],[130.419,32.3673]]],[[[130.1357,32.2621],[130.1309,32.2675],[130.1367,32.2752],[130.1461,32.2749],[130.1496,32.2697],[130.1357,32.2621]]]]}},{"type":"Feature","id":"Oita","properties":{"id":"Oita","code":44,"iso_code":"JP-44","name":"Oita","name_full":"Oita Ken","name_ja":"大分県","name_short_ja":"大分","region":"Kyushu","region_ja":"九州・沖縄","center_lonlat":[131.4295,33.2028]},"geometry":{"type":"MultiPolygon","coordinates":[[[[131.8851,32.7457],[131.8471,32.7361],[131.8439,32.7751],[131.8586,32.8051],[131.8579,32.8213],[131.8343,32.8195],[131.8238,32.8297],[131.793,32.8219],[131.7864,32.8335],[131.7674,32.8385],[131.7368,32.8329],[131.7287,32.7996],[131.7078,32.7716],[131.6957,32.7744],[131.6682,32.7667],[131.5916,32.7751],[131.5664,32.7543],[131.513,32.7692],[131.508,32.784],[131.5168,32.8003],[131.4858,32.8214],[131.4744,32.8371],[131.4375,32.8285],[131.4204,32.8117],[131.4012,32.8133],[131.3655,32.8034],[131.3483,32.8105],[131.3492,32.8206],[131.3396,32.8331],[131.3286,32.8329],[131.3093,32.8527],[131.2724,32.8719],[131.2726,32.8815],[131.2632,32.8791],[131.2549,32.8919],[131.246,32.9408],[131.2519,32.9464],[131.2468,32.9531],[131.2518,32.9545],[131.2452,32.9586],[131.2628,32.9762],[131.2468,32.9823],[131.2468,32.9952],[131.2271,33.0109],[131.2145,33.055],[131.1921,33.0777],[131.1859,33.0739],[131.1736,33.0834],[131.1597,33.1409],[131.1178,33.1699],[131.1104,33.1831],[131.0578,33.1947],[131.0383,33.1943],[131.0133,33.1772],[130.9916,33.1833],[130.9816,33.1549],[130.9834,33.1421],[130.9776,33.1405],[130.9938,33.1284],[130.9923,33.1221],[131.0231,33.0874],[131.0104,33.072],[131.0166,33.0631],[131.0106,33.0426],[130.988,33.0236],[130.9693,33.0237],[130.9491,33.0509],[130.915,33.0541],[130.8962,33.0659],[130.8863,33.0865],[130.8612,33.0953],[130.8449,33.0921],[130.8389,33.1039],[130.8605,33.1182],[130.8699,33.1458],[130.8786,33.1527],[130.8735,33.1691],[130.8849,33.1761],[130.8865,33.1867],[130.8626,33.1936],[130.8357,33.2114],[130.8577,33.2298],[130.8253,33.2374],[130.824,33.2533],[130.8292,33.2576],[130.8655,33.2619],[130.867,33.2675],[130.8597,33.2673],[130.8517,33.2782],[130.8654,33.2929],[130.8563,33.327],[130.8345,33.3435],[130.8609,33.3628],[130.8638,33.3773],[130.8855,33.3798],[130.8945,33.4462],[130.9254,33.4575],[130.9296,33.4652],[130.9254,33.4779],[130.9737,33.5055],[131.015,33.5098],[131.0294,33.5184],[131.0538,33.508],[131.106,33.5075],[131.1218,33.502],[131.1765,33.508],[131.1673,33.5157],[131.1657,33.5284],[131.1872,33.5462],[131.1891,33.5619],[131.1733,33.5766],[131.1719,33.5865],[131.1845,33.6162],[131.2084,33.6157],[131.2131,33.6053],[131.2302,33.6015],[131.2445,33.6111],[131.2672,33.5925],[131.2657,33.5876],[131.2883,33.5784],[131.3222,33.5829],[131.3328,33.5812],[131.3388,33.5713],[131.3735,33.58],[131.403,33.5724],[131.4301,33.5738],[131.4232,33.5917],[131.4614,33.6191],[131.4685,33.6121],[131.4741,33.6293],[131.4829,33.6355],[131.4796,33.6415],[131.4856,33.6482],[131.4968,33.6453],[131.4933,33.6521],[131.5039,33.6564],[131.4981,33.6699],[131.5063,33.6749],[131.5138,33.6695],[131.5289,33.6735],[131.5218,33.6841],[131.5439,33.6767],[131.5596,33.6867],[131.5652,33.6747],[131.5747,33.6751],[131.5728,33.6858],[131.5846,33.6925],[131.6063,33.6869],[131.6059,33.6797],[131.6153,33.6749],[131.6186,33.6809],[131.6243,33.6699],[131.6352,33.6821],[131.6496,33.6723],[131.646,33.6637],[131.651,33.6603],[131.6644,33.6684],[131.6817,33.6396],[131.6913,33.6408],[131.7006,33.6129],[131.7294,33.5865],[131.7442,33.5427],[131.7293,33.5032],[131.7326,33.4883],[131.7374,33.4952],[131.738,33.4649],[131.7339,33.4703],[131.7249,33.4621],[131.7024,33.4071],[131.6596,33.4097],[131.6722,33.4172],[131.6346,33.4233],[131.6255,33.4101],[131.6359,33.4061],[131.6345,33.3992],[131.6476,33.3869],[131.6435,33.3757],[131.5962,33.3709],[131.5961,33.3509],[131.5799,33.3524],[131.5861,33.3463],[131.555,33.3535],[131.5508,33.3497],[131.5377,33.3678],[131.4988,33.3605],[131.4952,33.3296],[131.5015,33.3228],[131.5111,33.2688],[131.5884,33.2455],[131.6076,33.2532],[131.5991,33.2557],[131.6219,33.2595],[131.631,33.2719],[131.6272,33.2651],[131.6592,33.2735],[131.6659,33.2585],[131.6715,33.2601],[131.6661,33.2746],[131.6753,33.2777],[131.6835,33.2663],[131.6799,33.279],[131.6907,33.2792],[131.6901,33.268],[131.7002,33.2678],[131.7042,33.2745],[131.7146,33.2682],[131.712,33.2597],[131.7179,33.2663],[131.7341,33.2559],[131.7296,33.2502],[131.7435,33.2529],[131.7505,33.2481],[131.7468,33.2434],[131.7579,33.2401],[131.7539,33.2523],[131.7655,33.2523],[131.7723,33.2447],[131.778,33.2529],[131.7705,33.2411],[131.8094,33.243],[131.8555,33.2555],[131.8718,33.2489],[131.8665,33.2583],[131.9015,33.268],[131.889,33.2441],[131.8786,33.2453],[131.8713,33.2361],[131.8757,33.2232],[131.8602,33.2048],[131.868,33.2023],[131.8337,33.182],[131.8205,33.1553],[131.8268,33.1592],[131.8276,33.1501],[131.7978,33.127],[131.8074,33.1271],[131.8084,33.1209],[131.8297,33.1255],[131.8444,33.1149],[131.8685,33.1309],[131.8765,33.1307],[131.8745,33.1227],[131.8832,33.1219],[131.8996,33.1343],[131.9004,33.1273],[131.9147,33.1249],[131.8967,33.1161],[131.8998,33.1107],[131.8947,33.1073],[131.8858,33.1109],[131.8757,33.1059],[131.8797,33.1034],[131.8682,33.0967],[131.8686,33.0905],[131.8524,33.0888],[131.8658,33.0833],[131.8584,33.0791],[131.8626,33.0753],[131.884,33.0732],[131.8842,33.0836],[131.9007,33.0752],[131.9098,33.0821],[131.9116,33.0664],[131.9185,33.0706],[131.9276,33.0667],[131.9229,33.0726],[131.931,33.0739],[131.9341,33.0865],[131.9282,33.0915],[131.9406,33.0965],[131.9363,33.0813],[131.9409,33.0816],[131.9418,33.0703],[131.9527,33.066],[131.9547,33.0719],[131.9648,33.0728],[131.9652,33.0642],[131.9728,33.0619],[131.9878,33.0681],[131.987,33.0908],[132.0012,33.0963],[131.9947,33.0809],[132.0052,33.0611],[132.015,33.0582],[131.9766,33.0465],[131.9289,33.0523],[131.9206,33.0445],[131.9219,33.0267],[131.9007,33.0103],[131.9077,33.0001],[131.9023,32.9919],[131.8981,33.0059],[131.889,32.9917],[131.8966,32.9897],[131.896,32.98],[131.9077,32.9789],[131.9149,32.9701],[131.9172,32.9749],[131.9256,32.9723],[131.923,32.964],[131.9331,32.9626],[131.9368,32.9522],[131.9471,32.9592],[131.9584,32.9457],[131.9633,32.9477],[131.9593,32.9599],[131.9669,32.9528],[131.9739,32.9636],[131.9724,32.9449],[131.9811,32.9393],[131.9914,32.9453],[131.9891,32.9535],[132.0026,32.9587],[131.996,32.9387],[132.0029,32.9322],[132.0331,32.9394],[132.0323,32.9537],[132.0431,32.9472],[132.0497,32.9537],[132.0572,32.9457],[132.0716,32.9474],[132.0846,32.9327],[132.0541,32.9397],[132.0471,32.9375],[132.0444,32.9267],[132.0362,32.9362],[132.0272,32.9358],[132.0149,32.9233],[132.0082,32.924],[132.0079,32.9058],[131.9968,32.9101],[131.9934,32.9215],[131.9769,32.9227],[131.9863,32.8883],[131.9944,32.8989],[132.0148,32.8903],[132.0,32.885],[131.9838,32.8625],[131.9721,32.8665],[131.9748,32.8574],[131.9601,32.8464],[131.9494,32.8553],[131.9559,32.8417],[131.9421,32.8356],[131.9571,32.8362],[131.9629,32.8187],[131.9631,32.8385],[131.9802,32.8247],[131.9857,32.8325],[131.9743,32.8441],[131.9841,32.8458],[132.0074,32.8365],[132.0077,32.8285],[131.9712,32.8036],[131.9755,32.7957],[131.9711,32.7917],[131.9633,32.7938],[131.9641,32.8045],[131.9544,32.8074],[131.9464,32.8059],[131.945,32.7925],[131.9361,32.7851],[131.9297,32.7855],[131.9246,32.8001],[131.9195,32.8003],[131.9195,32.7857],[131.9069,32.7937],[131.9021,32.7852],[131.8947,32.7883],[131.8989,32.8019],[131.8895,32.8047],[131.884,32.7907],[131.8953,32.7797],[131.8954,32.7651],[131.8792,32.7912],[131.8739,32.7906],[131.8751,32.7781],[131.8678,32.7742],[131.8787,32.765],[131.8718,32.7499],[131.8851,32.7457]]],[[[131.6326,33.7165],[131.6303,33.7206],[131.6423,33.7321],[131.6528,33.7301],[131.6659,33.7398],[131.7006,33.7304],[131.6894,33.7323],[131.6646,33.7169],[131.6563,33.7222],[131.6326,33.7165]]],[[[131.9241,32.9803],[131.9096,32.9876],[131.9227,32.9989],[131.924,33.0064],[131.9172,33.0033],[131.9196,33.0129],[131.942,33.0156],[131.9256,32.9965],[131.9436,32.9962],[131.9241,32.9803]]],[[[132.0728,32.9531],[132.0597,32.9641],[132.0725,32.9682],[132.0738,32.977],[132.0794,32.9738],[132.0802,32.9599],[132.0728,32.9531]]]]}},{"type":"Feature","id":"Miyazaki","properties":{"id":"Miyazaki","code":45,"iso_code":"JP-45","name":"Miyazaki","name_full":"Miyazaki Ken","name_ja":"宮崎県","name_short_ja":"宮崎","region":"Kyushu","region_ja":"九州・沖縄","center_lonlat":[131.2982,32.1956]},"geometry":{"type":"MultiPolygon","coordinates":[[[[131.8851,32.7457],[131.8739,32.7333],[131.8588,32.7331],[131.8643,32.7162],[131.8493,32.7191],[131.8452,32.7118],[131.855,32.6981],[131.8504,32.6933],[131.8386,32.6916],[131.8259,32.7063],[131.817,32.7037],[131.8152,32.6877],[131.7929,32.6777],[131.7901,32.6629],[131.7857,32.6739],[131.7781,32.6741],[131.7693,32.6569],[131.7627,32.6585],[131.7692,32.6511],[131.7649,32.6519],[131.7633,32.6419],[131.7502,32.6455],[131.7568,32.6355],[131.7714,32.6423],[131.7724,32.6339],[131.7623,32.6233],[131.7622,32.6135],[131.7532,32.6105],[131.7536,32.6017],[131.7418,32.5923],[131.7081,32.5865],[131.6932,32.5677],[131.6828,32.5444],[131.6888,32.5196],[131.6829,32.5164],[131.6848,32.5085],[131.6914,32.5073],[131.6874,32.5123],[131.6916,32.5146],[131.6995,32.5059],[131.7006,32.5179],[131.7134,32.5197],[131.7098,32.5022],[131.7223,32.5007],[131.7277,32.4926],[131.713,32.4886],[131.7148,32.4819],[131.6941,32.4693],[131.6769,32.4733],[131.6783,32.4834],[131.6705,32.4773],[131.6583,32.4826],[131.659,32.4689],[131.6496,32.4573],[131.6559,32.447],[131.6414,32.4388],[131.6503,32.4346],[131.6633,32.449],[131.6614,32.4362],[131.6706,32.4371],[131.6735,32.4539],[131.6812,32.4352],[131.6776,32.4301],[131.6541,32.4271],[131.6879,32.4226],[131.642,32.407],[131.6305,32.3816],[131.635,32.3715],[131.6218,32.3601],[131.6274,32.3429],[131.6108,32.3385],[131.5919,32.3065],[131.5711,32.2532],[131.5725,32.2377],[131.5429,32.1571],[131.5394,32.1322],[131.4903,32.0032],[131.4632,31.9138],[131.4717,31.9119],[131.4816,31.9199],[131.4648,31.9129],[131.4567,31.8788],[131.461,31.8731],[131.4539,31.8695],[131.4537,31.8181],[131.4704,31.8031],[131.4719,31.794],[131.4874,31.7855],[131.4763,31.7579],[131.468,31.7532],[131.4706,31.7431],[131.4631,31.7319],[131.4674,31.7209],[131.4598,31.7184],[131.4575,31.7093],[131.462,31.7039],[131.4555,31.6956],[131.4678,31.6864],[131.4495,31.6798],[131.4545,31.6747],[131.4508,31.6699],[131.4603,31.6688],[131.4582,31.6569],[131.4685,31.6451],[131.4585,31.6467],[131.4521,31.6389],[131.4614,31.632],[131.4561,31.6243],[131.4235,31.6089],[131.4106,31.5924],[131.4114,31.5699],[131.4001,31.5815],[131.3967,31.5667],[131.3903,31.5635],[131.3956,31.5575],[131.3811,31.5552],[131.3833,31.5409],[131.3877,31.5411],[131.3801,31.5333],[131.3844,31.5105],[131.3781,31.5186],[131.3718,31.5175],[131.3722,31.5068],[131.3851,31.4999],[131.3828,31.4903],[131.388,31.4847],[131.3617,31.4699],[131.3707,31.4307],[131.3629,31.4199],[131.3436,31.4124],[131.3447,31.3989],[131.3318,31.3952],[131.3332,31.3819],[131.349,31.3687],[131.3366,31.3607],[131.3176,31.3685],[131.3086,31.3903],[131.255,31.3802],[131.243,31.3885],[131.2359,31.4043],[131.2358,31.4139],[131.2441,31.4199],[131.2411,31.4267],[131.2328,31.4301],[131.2278,31.424],[131.2035,31.4535],[131.1865,31.4563],[131.1746,31.45],[131.1595,31.4616],[131.1692,31.4998],[131.1986,31.5143],[131.196,31.5488],[131.1883,31.5573],[131.1999,31.5657],[131.2038,31.5785],[131.1851,31.6093],[131.1877,31.6235],[131.1642,31.6391],[131.1496,31.6298],[131.1149,31.6299],[131.0783,31.6597],[131.0531,31.6337],[131.0455,31.6511],[131.0251,31.6662],[131.0271,31.6963],[131.0129,31.7115],[131.0142,31.7485],[130.9968,31.7456],[130.9773,31.7532],[130.982,31.7671],[130.9894,31.7684],[130.9866,31.7792],[130.9311,31.7854],[130.9149,31.8044],[130.8835,31.8052],[130.8761,31.8154],[130.8811,31.8314],[130.8746,31.8429],[130.8884,31.8515],[130.8935,31.8763],[130.913,31.8857],[130.8974,31.8868],[130.8817,31.9199],[130.8658,31.933],[130.8393,31.9424],[130.8155,31.941],[130.7995,31.9493],[130.7941,31.9721],[130.7836,31.9786],[130.7774,32.0139],[130.7348,32.0479],[130.7025,32.0582],[130.7036,32.0784],[130.7154,32.0865],[130.7197,32.1006],[130.7343,32.1087],[130.7417,32.0983],[130.7528,32.1032],[130.7581,32.0967],[130.7757,32.1011],[130.8202,32.0949],[130.8386,32.1067],[130.8565,32.0995],[130.8774,32.1209],[130.9044,32.1331],[130.9328,32.1162],[130.9519,32.1154],[130.9736,32.1216],[130.9722,32.1337],[131.0127,32.1738],[131.0368,32.1699],[131.0583,32.1553],[131.0711,32.1601],[131.0963,32.1528],[131.1081,32.1599],[131.0997,32.2014],[131.0827,32.2071],[131.0682,32.2251],[131.0708,32.2367],[131.0415,32.2502],[131.0422,32.2604],[131.0521,32.266],[131.0503,32.2863],[131.0779,32.2813],[131.1105,32.3285],[131.0934,32.3501],[131.0735,32.3575],[131.0782,32.3733],[131.0685,32.3845],[131.0721,32.3921],[131.0665,32.4074],[131.0422,32.4091],[131.019,32.4395],[131.0062,32.4925],[131.0098,32.5155],[131.0249,32.5209],[131.0171,32.5455],[131.039,32.5565],[131.0427,32.5825],[131.0503,32.5865],[131.0991,32.5785],[131.1073,32.5831],[131.1193,32.6057],[131.1162,32.6427],[131.1429,32.6761],[131.1747,32.6725],[131.1788,32.7111],[131.1937,32.7247],[131.2118,32.7289],[131.2342,32.7442],[131.2444,32.7713],[131.2344,32.7811],[131.2447,32.7875],[131.2546,32.8161],[131.2649,32.8262],[131.3286,32.8329],[131.3396,32.8331],[131.3492,32.8206],[131.3483,32.8105],[131.3655,32.8034],[131.4012,32.8133],[131.4204,32.8117],[131.4375,32.8285],[131.4744,32.8371],[131.4858,32.8214],[131.5168,32.8003],[131.508,32.784],[131.513,32.7692],[131.5664,32.7543],[131.5916,32.7751],[131.6682,32.7667],[131.6957,32.7744],[131.7078,32.7716],[131.7287,32.7996],[131.7368,32.8329],[131.7674,32.8385],[131.7864,32.8335],[131.793,32.8219],[131.8238,32.8297],[131.8343,32.8195],[131.8579,32.8213],[131.8586,32.8051],[131.8439,32.7751],[131.8471,32.7361],[131.8851,32.7457]]],[[[131.8245,32.6555],[131.8136,32.6578],[131.8062,32.6659],[131.8133,32.6688],[131.8077,32.6699],[131.8174,32.6741],[131.8217,32.6687],[131.8348,32.6699],[131.8245,32.6555]]],[[[131.4172,31.5118],[131.4025,31.5299],[131.4085,31.5414],[131.4136,31.5401],[131.4172,31.5118]]]]}},{"type":"Feature","id":"Kagoshima","properties":{"id":"Kagoshima","code":46,"iso_code":"JP-46","name":"Kagoshima","name_full":"Kagoshima Ken","name_ja":"鹿児島県","name_short_ja":"鹿児島","region":"Kyushu","region_ja":"九州・沖縄","center_lonlat":[130.4637,31.637]},"geometry":{"type":"MultiPolygon","coordinates":[[[[130.7197,32.1006],[130.7154,32.0865],[130.7036,32.0784],[130.7025,32.0582],[130.7348,32.0479],[130.7774,32.0139],[130.7836,31.9786],[130.7941,31.9721],[130.7995,31.9493],[130.8155,31.941],[130.8393,31.9424],[130.8658,31.933],[130.8817,31.9199],[130.8974,31.8868],[130.913,31.8857],[130.8935,31.8763],[130.8884,31.8515],[130.8746,31.8429],[130.8811,31.8314],[130.8761,31.8154],[130.8835,31.8052],[130.9149,31.8044],[130.9311,31.7854],[130.9866,31.7792],[130.9894,31.7684],[130.982,31.7671],[130.9773,31.7532],[130.9968,31.7456],[131.0142,31.7485],[131.0129,31.7115],[131.0271,31.6963],[131.0251,31.6662],[131.0455,31.6511],[131.0531,31.6337],[131.0783,31.6597],[131.1149,31.6299],[131.1496,31.6298],[131.1642,31.6391],[131.1877,31.6235],[131.1851,31.6093],[131.2038,31.5785],[131.1999,31.5657],[131.1883,31.5573],[131.196,31.5488],[131.1986,31.5143],[131.1692,31.4998],[131.1595,31.4616],[131.144,31.4678],[131.1387,31.4611],[131.109,31.476],[131.094,31.4567],[131.0858,31.4618],[131.0557,31.4415],[131.0185,31.3913],[131.0171,31.3565],[131.1075,31.3308],[131.1036,31.3118],[131.073,31.2915],[131.0827,31.2746],[131.0784,31.2723],[131.0913,31.2788],[131.1054,31.2754],[131.1218,31.2867],[131.131,31.2814],[131.1266,31.2752],[131.0862,31.2495],[131.0659,31.2281],[131.0162,31.2278],[131.0063,31.2159],[131.0022,31.1893],[130.9843,31.1798],[130.9944,31.1695],[130.9731,31.1669],[130.9706,31.1605],[130.978,31.1525],[130.9598,31.1372],[130.9216,31.1249],[130.915,31.1133],[130.9002,31.1129],[130.8718,31.0948],[130.8127,31.0888],[130.8064,31.0806],[130.7925,31.0817],[130.792,31.0745],[130.7638,31.0635],[130.7598,31.0549],[130.7468,31.0605],[130.7389,31.0512],[130.7169,31.0451],[130.716,31.0265],[130.7074,31.0308],[130.6964,31.0232],[130.6826,31.0237],[130.6874,31.0161],[130.6814,31.0032],[130.6686,31.0087],[130.6606,30.9942],[130.6555,31.0053],[130.6729,31.0289],[130.6779,31.0529],[130.6719,31.0568],[130.6734,31.0654],[130.6529,31.0694],[130.713,31.1145],[130.731,31.1175],[130.747,31.1398],[130.7655,31.1796],[130.7529,31.2103],[130.7622,31.2147],[130.7721,31.2378],[130.7891,31.2532],[130.7948,31.2916],[130.7895,31.3045],[130.8018,31.3365],[130.7778,31.3713],[130.7567,31.4213],[130.7274,31.4519],[130.6976,31.4629],[130.6905,31.4881],[130.6974,31.4946],[130.6976,31.5287],[130.705,31.5301],[130.7059,31.5383],[130.6974,31.5553],[130.6848,31.5529],[130.6869,31.5481],[130.6797,31.5442],[130.6755,31.5528],[130.6361,31.5459],[130.6271,31.5566],[130.6208,31.5537],[130.6076,31.5737],[130.5923,31.58],[130.5912,31.5899],[130.627,31.621],[130.6771,31.6291],[130.684,31.6212],[130.6952,31.6248],[130.7157,31.6029],[130.7095,31.5983],[130.7161,31.5865],[130.7082,31.5823],[130.7149,31.5748],[130.7101,31.5662],[130.719,31.5617],[130.7057,31.5569],[130.7642,31.5623],[130.7864,31.5865],[130.7851,31.6011],[130.8001,31.6317],[130.8219,31.656],[130.8115,31.6819],[130.7956,31.6882],[130.799,31.6941],[130.7939,31.7018],[130.737,31.7067],[130.7302,31.7093],[130.7288,31.7247],[130.7231,31.7178],[130.7164,31.7277],[130.7061,31.7254],[130.6867,31.735],[130.6274,31.7131],[130.6151,31.6995],[130.6089,31.6827],[130.618,31.6565],[130.6037,31.6465],[130.6014,31.6315],[130.5767,31.6169],[130.5719,31.6031],[130.5607,31.5957],[130.562,31.5856],[130.5698,31.5832],[130.5654,31.5845],[130.5687,31.5733],[130.5579,31.5463],[130.5467,31.549],[130.5451,31.5374],[130.5363,31.5332],[130.5382,31.5279],[130.5432,31.5335],[130.5376,31.5221],[130.5271,31.5233],[130.5361,31.5195],[130.5322,31.5069],[130.5207,31.5091],[130.5176,31.5032],[130.5329,31.5009],[130.5303,31.484],[130.5127,31.4905],[130.5188,31.4853],[130.5142,31.4876],[130.5122,31.4776],[130.5317,31.4698],[130.5312,31.4623],[130.5117,31.4634],[130.5245,31.4137],[130.5381,31.3906],[130.5484,31.3962],[130.5571,31.3856],[130.547,31.3795],[130.5411,31.3856],[130.5704,31.3138],[130.6218,31.2755],[130.6667,31.2667],[130.6486,31.2417],[130.6549,31.2177],[130.6301,31.2115],[130.6272,31.2033],[130.6322,31.2003],[130.6353,31.2098],[130.6449,31.2022],[130.6354,31.1864],[130.5938,31.1785],[130.5871,31.1699],[130.5955,31.1621],[130.5862,31.1559],[130.5543,31.1781],[130.5413,31.1675],[130.5197,31.1651],[130.5057,31.1775],[130.507,31.1927],[130.5143,31.1973],[130.5075,31.2131],[130.4814,31.2396],[130.4623,31.2499],[130.4355,31.253],[130.4295,31.2462],[130.3896,31.2549],[130.3531,31.2501],[130.3151,31.2569],[130.3071,31.2665],[130.2936,31.2595],[130.2961,31.2674],[130.2908,31.2689],[130.287,31.2627],[130.2919,31.261],[130.2819,31.2659],[130.2769,31.2466],[130.259,31.2571],[130.2425,31.252],[130.2368,31.2589],[130.2142,31.2491],[130.2182,31.2668],[130.2281,31.2678],[130.2138,31.2735],[130.2287,31.2805],[130.2151,31.2821],[130.2129,31.2897],[130.2009,31.282],[130.199,31.2969],[130.2153,31.3026],[130.2195,31.2987],[130.2232,31.3104],[130.2172,31.3097],[130.2087,31.3219],[130.2052,31.3141],[130.173,31.3235],[130.2054,31.3365],[130.2089,31.3469],[130.2021,31.3485],[130.1994,31.3581],[130.1893,31.3545],[130.1884,31.3676],[130.1742,31.366],[130.1638,31.374],[130.1305,31.4113],[130.1204,31.4167],[130.1075,31.409],[130.1085,31.4203],[130.1218,31.4223],[130.1353,31.4129],[130.1577,31.4397],[130.1692,31.4199],[130.18,31.4228],[130.1875,31.41],[130.186,31.4244],[130.1921,31.4288],[130.191,31.4098],[130.2247,31.3986],[130.2349,31.4102],[130.2716,31.4259],[130.2911,31.4474],[130.3213,31.5119],[130.3338,31.5865],[130.3268,31.6335],[130.3147,31.6583],[130.2977,31.6618],[130.2979,31.671],[130.2738,31.7059],[130.2528,31.7092],[130.2619,31.7081],[130.2624,31.7145],[130.2518,31.7309],[130.2361,31.7345],[130.2125,31.7553],[130.1855,31.7487],[130.1842,31.7696],[130.166,31.7938],[130.1724,31.8145],[130.1858,31.8301],[130.1804,31.8327],[130.1867,31.8365],[130.1811,31.8355],[130.1935,31.8428],[130.1978,31.8533],[130.1918,31.8601],[130.1975,31.8583],[130.2003,31.87],[130.2082,31.8709],[130.2231,31.9115],[130.2,31.9861],[130.1906,31.9867],[130.1857,31.9948],[130.1728,31.9915],[130.182,31.9957],[130.1793,32.0157],[130.1926,32.0171],[130.1882,32.0305],[130.2027,32.0407],[130.2035,32.0693],[130.1912,32.0771],[130.1924,32.0839],[130.1805,32.0795],[130.1804,32.0716],[130.1702,32.0865],[130.1781,32.1085],[130.2231,32.1279],[130.2555,32.1261],[130.2626,32.1188],[130.2607,32.1267],[130.2656,32.1285],[130.2725,32.1259],[130.2706,32.1174],[130.2845,32.1087],[130.3081,32.108],[130.3514,32.1358],[130.3622,32.1511],[130.36,32.1678],[130.3864,32.1456],[130.4035,32.1197],[130.4533,32.1134],[130.4748,32.1221],[130.476,32.1389],[130.4918,32.1337],[130.5046,32.1405],[130.5386,32.137],[130.5414,32.1493],[130.5814,32.1546],[130.5954,32.1768],[130.5908,32.1859],[130.6098,32.1863],[130.6218,32.1558],[130.6507,32.1511],[130.6541,32.1355],[130.7013,32.1057],[130.7197,32.1006]]],[[[129.6453,28.4334],[129.6506,28.4217],[129.6546,28.4239],[129.6577,28.4348],[129.6479,28.4481],[129.6474,28.4677],[129.6651,28.4383],[129.671,28.4409],[129.6674,28.4546],[129.6731,28.461],[129.6449,28.4977],[129.6469,28.5029],[129.656,28.4995],[129.6748,28.5256],[129.6879,28.5298],[129.6942,28.4905],[129.7034,28.4764],[129.7174,28.4746],[129.7211,28.4581],[129.708,28.4207],[129.7077,28.4285],[129.6941,28.4141],[129.6677,28.4077],[129.6641,28.3977],[129.6302,28.4063],[129.6132,28.3999],[129.5606,28.3325],[129.5331,28.3272],[129.5426,28.3101],[129.4811,28.2883],[129.4617,28.2961],[129.4546,28.2929],[129.458,28.2649],[129.4487,28.2611],[129.4421,28.2464],[129.4063,28.2491],[129.4449,28.2289],[129.4545,28.2321],[129.4698,28.2207],[129.4746,28.2091],[129.4606,28.211],[129.4507,28.2041],[129.4501,28.1949],[129.4335,28.1987],[129.4185,28.1869],[129.4025,28.1905],[129.4073,28.1783],[129.4003,28.1535],[129.378,28.1649],[129.3627,28.1623],[129.3489,28.1737],[129.3361,28.1681],[129.3568,28.1487],[129.3639,28.1499],[129.377,28.1239],[129.3766,28.1094],[129.3657,28.1118],[129.3578,28.1255],[129.3669,28.1281],[129.3574,28.1355],[129.3475,28.1302],[129.3396,28.1377],[129.3318,28.1292],[129.3277,28.1347],[129.3207,28.1317],[129.3121,28.1452],[129.2946,28.1483],[129.2905,28.1537],[129.2958,28.1606],[129.2839,28.1645],[129.2965,28.1681],[129.2891,28.1745],[129.2912,28.1819],[129.2814,28.1781],[129.289,28.1889],[129.2835,28.1885],[129.2809,28.1971],[129.2728,28.1814],[129.2623,28.1825],[129.2723,28.2069],[129.2874,28.2123],[129.2916,28.2227],[129.2639,28.2147],[129.275,28.2245],[129.2748,28.2321],[129.2616,28.2254],[129.253,28.2327],[129.2471,28.2141],[129.2558,28.2047],[129.2468,28.2031],[129.2395,28.2173],[129.2209,28.2212],[129.2162,28.2287],[129.2107,28.2186],[129.2021,28.2181],[129.195,28.2266],[129.1831,28.2213],[129.1686,28.2419],[129.1511,28.2363],[129.1483,28.2457],[129.1337,28.2537],[129.1637,28.2547],[129.1799,28.2697],[129.2079,28.2519],[129.214,28.2563],[129.2124,28.2695],[129.2243,28.2726],[129.2343,28.2698],[129.2347,28.2632],[129.2468,28.2627],[129.249,28.2519],[129.2539,28.2648],[129.2605,28.2609],[129.2677,28.2668],[129.2725,28.2608],[129.2742,28.2725],[129.2917,28.2741],[129.2923,28.2843],[129.2723,28.2825],[129.2647,28.2893],[129.2637,28.2739],[129.2487,28.2745],[129.2098,28.3062],[129.215,28.3025],[129.2338,28.3077],[129.2636,28.3266],[129.2843,28.3318],[129.3027,28.3293],[129.3118,28.3349],[129.3097,28.3491],[129.3245,28.3493],[129.3373,28.3671],[129.3657,28.3541],[129.3862,28.3729],[129.3946,28.3678],[129.3982,28.3555],[129.4098,28.3635],[129.3939,28.3854],[129.4257,28.3883],[129.4337,28.3812],[129.449,28.3815],[129.4551,28.4105],[129.4615,28.4126],[129.4699,28.4083],[129.4663,28.402],[129.4755,28.3997],[129.4881,28.4119],[129.4957,28.4025],[129.4925,28.3827],[129.4968,28.3799],[129.507,28.3998],[129.5217,28.3991],[129.5109,28.4071],[129.5171,28.4402],[129.5431,28.4619],[129.5606,28.4485],[129.5614,28.4577],[129.5671,28.4561],[129.5783,28.4671],[129.6211,28.477],[129.6205,28.4674],[129.6047,28.4533],[129.6053,28.4351],[129.5961,28.4358],[129.589,28.4135],[129.595,28.418],[129.6,28.4143],[129.6018,28.4304],[129.6116,28.4364],[129.6153,28.4319],[129.6194,28.45],[129.6276,28.4456],[129.6289,28.4356],[129.6184,28.4278],[129.6218,28.4159],[129.6369,28.4156],[129.6453,28.4334]]],[[[130.5216,30.2263],[130.5017,30.2321],[130.4896,30.2274],[130.4355,30.2403],[130.4207,30.2656],[130.413,30.2651],[130.4121,30.2959],[130.4025,30.3151],[130.3916,30.3202],[130.3759,30.3725],[130.3795,30.3929],[130.4164,30.3954],[130.4462,30.428],[130.4626,30.4358],[130.4631,30.4565],[130.4721,30.4609],[130.4954,30.4554],[130.4922,30.4651],[130.4968,30.4691],[130.4993,30.4523],[130.5094,30.4554],[130.5257,30.4438],[130.5418,30.4464],[130.5731,30.4314],[130.5686,30.4309],[130.5757,30.4232],[130.5967,30.4165],[130.5973,30.4102],[130.6362,30.401],[130.657,30.3894],[130.6697,30.3725],[130.6615,30.3171],[130.6497,30.2955],[130.5817,30.2387],[130.5369,30.2279],[130.5304,30.2337],[130.5216,30.2263]]],[[[130.9483,30.6352],[130.9418,30.6471],[130.9461,30.6663],[130.9397,30.6699],[130.9721,30.7073],[130.9788,30.7256],[130.9922,30.7251],[130.9903,30.7411],[131.0,30.7475],[131.0071,30.7646],[131.0022,30.7837],[131.0301,30.8125],[131.0314,30.8229],[131.0439,30.824],[131.0552,30.8391],[131.0815,30.7837],[131.071,30.7636],[131.0775,30.6969],[131.0654,30.6907],[131.063,30.6767],[131.0551,30.6699],[131.0489,30.6469],[131.0576,30.6416],[131.0504,30.612],[131.0541,30.6057],[131.0317,30.5865],[131.0339,30.5663],[131.0275,30.5551],[131.0001,30.5485],[130.9823,30.5207],[130.9749,30.4937],[130.9619,30.4797],[130.9681,30.4632],[130.9577,30.4594],[130.9784,30.4355],[130.9676,30.4183],[130.9802,30.3978],[130.9665,30.3942],[130.962,30.3831],[130.9669,30.3725],[130.9379,30.3753],[130.9028,30.363],[130.8833,30.344],[130.8713,30.3444],[130.8568,30.3694],[130.865,30.4007],[130.8492,30.4675],[130.8718,30.4659],[130.9289,30.5439],[130.9502,30.5865],[130.9483,30.6352]]],[[[128.902,27.7525],[128.9059,27.7635],[128.896,27.7712],[128.8872,27.7919],[128.8905,27.8185],[128.8781,27.8256],[128.8804,27.8459],[128.8809,27.8352],[128.8923,27.859],[128.8887,27.8811],[128.9037,27.8933],[128.9252,27.8881],[128.9707,27.8915],[128.9747,27.872],[128.9558,27.8629],[128.9702,27.8521],[128.9649,27.8397],[128.9724,27.8307],[128.9662,27.8289],[128.9676,27.8177],[128.9852,27.8039],[128.9951,27.8051],[129.0132,27.7811],[129.035,27.7713],[129.0309,27.7474],[129.0198,27.7411],[129.0201,27.7174],[129.0024,27.7042],[128.986,27.6696],[128.963,27.6699],[128.9364,27.6607],[128.9217,27.6699],[128.9156,27.6953],[128.8811,27.7201],[128.8961,27.7337],[128.902,27.7525]]],[[[130.1578,32.0898],[130.1487,32.0937],[130.1487,32.1025],[130.1107,32.1258],[130.1149,32.1565],[130.1077,32.1605],[130.1086,32.1699],[130.0901,32.18],[130.0937,32.188],[130.1081,32.187],[130.0985,32.1943],[130.1134,32.1937],[130.1074,32.1993],[130.1218,32.2001],[130.104,32.2043],[130.111,32.2068],[130.1062,32.2146],[130.137,32.2135],[130.1562,32.1953],[130.1576,32.2039],[130.1446,32.2167],[130.1546,32.2162],[130.1535,32.2281],[130.1626,32.2123],[130.1659,32.2248],[130.1742,32.2291],[130.1903,32.198],[130.1996,32.1975],[130.1863,32.1905],[130.1813,32.1764],[130.1845,32.1643],[130.1932,32.1641],[130.194,32.1713],[130.2034,32.1696],[130.2086,32.1556],[130.1787,32.1371],[130.1766,32.1279],[130.171,32.1341],[130.1767,32.1177],[130.1681,32.0949],[130.1578,32.0898]]],[[[128.5763,27.4005],[128.5923,27.3965],[128.6114,27.408],[128.6293,27.4075],[128.6895,27.4395],[128.7123,27.4344],[128.6765,27.4135],[128.6346,27.3652],[128.6063,27.3449],[128.5792,27.3316],[128.5563,27.3288],[128.5333,27.3448],[128.523,27.361],[128.5218,27.3869],[128.5323,27.4045],[128.5553,27.3953],[128.5763,27.4005]]],[[[129.3174,28.0615],[129.3198,28.069],[129.315,28.0696],[129.3245,28.0893],[129.3211,28.0952],[129.3052,28.0865],[129.2906,28.0899],[129.2848,28.0841],[129.2839,28.0624],[129.2615,28.0775],[129.2651,28.0865],[129.2518,28.1104],[129.2425,28.1048],[129.2468,28.0993],[129.2405,28.0996],[129.2158,28.0758],[129.2092,28.0847],[129.218,28.0865],[129.223,28.0974],[129.2118,28.126],[129.2188,28.1391],[129.2078,28.1461],[129.194,28.1451],[129.1951,28.1539],[129.1835,28.1597],[129.1842,28.1729],[129.1745,28.1868],[129.1881,28.1868],[129.1907,28.1939],[129.2077,28.2003],[129.2177,28.1903],[129.2301,28.1977],[129.2375,28.1935],[129.2385,28.1848],[129.2301,28.1909],[129.202,28.1807],[129.2133,28.1739],[129.2111,28.1632],[129.2214,28.1665],[129.2194,28.1581],[129.2315,28.1531],[129.2329,28.1582],[129.2372,28.1505],[129.2528,28.1571],[129.2546,28.1738],[129.2585,28.1571],[129.261,28.1701],[129.2684,28.1671],[129.2738,28.151],[129.2526,28.1532],[129.2438,28.1481],[129.2548,28.1475],[129.2442,28.1424],[129.2602,28.144],[129.2426,28.1384],[129.2418,28.1335],[129.2481,28.1333],[129.2443,28.1216],[129.2741,28.1412],[129.2594,28.1164],[129.2722,28.1235],[129.2726,28.1125],[129.286,28.1245],[129.2863,28.1139],[129.2939,28.1069],[129.3013,28.121],[129.3199,28.1004],[129.3239,28.1127],[129.3336,28.1093],[129.3401,28.1179],[129.3439,28.1151],[129.3529,28.1026],[129.3382,28.0754],[129.3174,28.0615]]],[[[129.7129,31.6216],[129.7057,31.6367],[129.6975,31.6342],[129.6969,31.6237],[129.6884,31.6216],[129.6808,31.6325],[129.665,31.6343],[129.6571,31.6585],[129.6812,31.6633],[129.6759,31.6662],[129.6919,31.6911],[129.6875,31.7029],[129.6998,31.7061],[129.6963,31.7155],[129.7064,31.7231],[129.7468,31.7377],[129.761,31.737],[129.7653,31.7435],[129.7736,31.7404],[129.7789,31.7501],[129.7744,31.7581],[129.7833,31.7599],[129.7881,31.7693],[129.7807,31.7745],[129.7849,31.7813],[129.781,31.7907],[129.7988,31.7855],[129.8033,31.7822],[129.7924,31.7772],[129.7999,31.7617],[129.7776,31.7443],[129.7687,31.7135],[129.758,31.7097],[129.7509,31.7178],[129.7377,31.7044],[129.7424,31.6869],[129.7242,31.6699],[129.7251,31.6614],[129.7371,31.6552],[129.7118,31.6336],[129.7129,31.6216]]],[[[129.9445,28.2739],[129.9294,28.2909],[129.9211,28.2889],[129.9154,28.2951],[129.9128,28.3104],[129.9188,28.3196],[129.9496,28.3259],[130.0083,28.3746],[130.0181,28.3775],[130.0294,28.3714],[130.0332,28.3565],[130.0265,28.3561],[130.0284,28.3499],[130.0167,28.3365],[130.0005,28.3365],[130.0044,28.3295],[129.9767,28.2872],[129.9445,28.2739]]],[[[129.8713,31.8006],[129.8718,31.8207],[129.8565,31.8215],[129.8651,31.8329],[129.859,31.8371],[129.8449,31.8298],[129.848,31.8409],[129.8411,31.8495],[129.8592,31.8521],[129.8643,31.8589],[129.8468,31.8553],[129.8419,31.8697],[129.834,31.8537],[129.8349,31.8379],[129.8203,31.8437],[129.8169,31.8613],[129.8345,31.8821],[129.8606,31.8786],[129.8798,31.8589],[129.9094,31.8428],[129.9183,31.8513],[129.91,31.8549],[129.9074,31.8699],[129.931,31.8649],[129.923,31.8624],[129.9307,31.8499],[129.9211,31.8476],[129.9191,31.8403],[129.9305,31.8365],[129.9266,31.8213],[129.9186,31.8167],[129.9033,31.8248],[129.8994,31.8139],[129.8713,31.8006]]],[[[130.2095,30.4215],[130.1909,30.4432],[130.188,30.4518],[130.1945,30.4604],[130.1689,30.4568],[130.1667,30.4684],[130.1489,30.4786],[130.1441,30.4902],[130.1541,30.4848],[130.1672,30.4895],[130.1647,30.4821],[130.1794,30.4839],[130.1895,30.4721],[130.1989,30.4821],[130.2126,30.4726],[130.2338,30.4689],[130.2632,30.4479],[130.2603,30.4329],[130.2546,30.4377],[130.2335,30.4347],[130.2286,30.4231],[130.2095,30.4215]]],[[[129.8718,29.8161],[129.8366,29.8497],[129.8341,29.8635],[129.8494,29.8826],[129.8656,29.8823],[129.8671,29.8769],[129.8909,29.8697],[129.894,29.8447],[129.9168,29.8195],[129.8876,29.8219],[129.8718,29.8161]]],[[[129.7059,29.6022],[129.6965,29.6031],[129.6913,29.6151],[129.6845,29.6537],[129.7198,29.6697],[129.7412,29.6699],[129.7373,29.6372],[129.7059,29.6022]]],[[[128.4426,27.0186],[128.4109,27.0283],[128.4016,27.0386],[128.3991,27.0349],[128.3962,27.0501],[128.4122,27.0479],[128.4182,27.0639],[128.4387,27.0651],[128.4534,27.0486],[128.4557,27.0273],[128.4426,27.0186]]],[[[130.2142,32.2503],[130.2094,32.2541],[130.2191,32.2917],[130.2342,32.2904],[130.2284,32.2978],[130.2553,32.3063],[130.2526,32.3019],[130.2658,32.2961],[130.2678,32.2803],[130.2571,32.2803],[130.2589,32.2745],[130.2343,32.2623],[130.2415,32.2532],[130.2255,32.262],[130.2142,32.2503]]],[[[129.9299,30.8118],[129.9113,30.8187],[129.9038,30.8385],[129.9376,30.8506],[129.9625,30.8352],[129.9523,30.8189],[129.9299,30.8118]]],[[[129.2569,28.0051],[129.2325,28.0233],[129.2119,28.0219],[129.2049,28.0398],[129.2126,28.0542],[129.2353,28.0305],[129.2502,28.0395],[129.2543,28.0295],[129.267,28.0349],[129.2669,28.0144],[129.2569,28.0051]]],[[[129.9308,29.949],[129.904,29.9639],[129.9054,29.9722],[129.899,29.9754],[129.914,29.9923],[129.9084,30.0007],[129.915,30.0068],[129.9207,29.9907],[129.9455,29.9604],[129.9435,29.9528],[129.9308,29.949]]],[[[130.2773,30.7723],[130.261,30.7815],[130.2673,30.7928],[130.3016,30.8079],[130.3197,30.7954],[130.313,30.7807],[130.2758,30.7803],[130.2773,30.7723]]],[[[129.1481,28.0133],[129.1439,28.026],[129.1479,28.0491],[129.1705,28.0679],[129.177,28.049],[129.1645,28.0426],[129.1645,28.0221],[129.1481,28.0133]]],[[[130.8508,30.7253],[130.8362,30.7269],[130.8409,30.7501],[130.8558,30.7649],[130.8663,30.7415],[130.8615,30.7279],[130.8508,30.7253]]],[[[129.8277,31.7747],[129.8162,31.7787],[129.8103,31.799],[129.8174,31.8013],[129.8198,31.8127],[129.8381,31.8189],[129.8419,31.813],[129.8371,31.8032],[129.8448,31.8012],[129.8249,31.7897],[129.8313,31.7835],[129.8277,31.7747]]],[[[129.6036,29.4445],[129.5934,29.4457],[129.5948,29.455],[129.5835,29.4619],[129.593,29.4763],[129.6081,29.4717],[129.6188,29.4511],[129.6036,29.4445]]],[[[129.2197,29.1267],[129.187,29.1549],[129.2189,29.1575],[129.2197,29.1267]]],[[[129.2073,28.2821],[129.1894,28.2857],[129.1778,28.2964],[129.1831,28.3061],[129.2085,28.2984],[129.2208,28.2839],[129.2073,28.2821]]],[[[130.442,30.8003],[130.3959,30.81],[130.4255,30.8193],[130.4445,30.8101],[130.442,30.8003]]],[[[129.5425,29.8926],[129.5312,29.8963],[129.5304,29.9146],[129.552,29.9034],[129.5526,29.8947],[129.5425,29.8926]]],[[[130.169,32.2257],[130.1614,32.2279],[130.1581,32.2444],[130.1674,32.2393],[130.1716,32.2572],[130.1771,32.2553],[130.188,32.268],[130.169,32.2257]]],[[[130.2038,32.2043],[130.2073,32.2117],[130.1965,32.2169],[130.2007,32.208],[130.1878,32.2196],[130.1954,32.2265],[130.1933,32.2439],[130.2087,32.224],[130.2054,32.2173],[130.2098,32.2203],[130.2038,32.2043]]],[[[128.9949,28.7915],[128.9846,28.7964],[128.9776,28.7927],[128.972,28.8005],[128.982,28.798],[128.9968,28.8059],[129.0013,28.7947],[128.9949,28.7915]]],[[[131.0245,31.3629],[131.0196,31.3643],[131.021,31.3763],[131.0316,31.3775],[131.0348,31.3642],[131.0245,31.3629]]],[[[129.5353,29.6759],[129.5242,29.6859],[129.533,29.6963],[129.5372,29.695],[129.5353,29.6759]]],[[[129.4341,31.1755],[129.4453,31.1997],[129.4501,31.1993],[129.4474,31.1769],[129.4341,31.1755]]]]}},{"type":"Feature","id":"Okinawa","properties":{"id":"Okinawa","code":47,"iso_code":"JP-47","name":"Okinawa","name_full":"Okinawa Ken","name_ja":"沖縄県","name_short_ja":"沖縄","region":"Kyushu","region_ja":"九州・沖縄","center_lonlat":[127.9582,26.4949]},"geometry":{"type":"MultiPolygon","coordinates":[[[[128.1534,26.7166],[128.1594,26.7277],[128.1515,26.7451],[128.1788,26.7475],[128.2305,26.7966],[128.2503,26.8386],[128.252,26.8493],[128.2429,26.8577],[128.2486,26.8704],[128.2641,26.8721],[128.2605,26.8669],[128.2902,26.841],[128.3036,26.8445],[128.3035,26.8313],[128.3189,26.8135],[128.3157,26.7922],[128.3237,26.7829],[128.3239,26.7668],[128.3185,26.756],[128.3258,26.7493],[128.3176,26.7432],[128.3177,26.735],[128.2928,26.7173],[128.2968,26.7099],[128.2806,26.6964],[128.2781,26.6772],[128.2633,26.6671],[128.2377,26.6329],[128.1842,26.6236],[128.1487,26.6291],[128.1447,26.6237],[128.1526,26.6103],[128.1502,26.5977],[128.1229,26.6025],[128.1497,26.5679],[128.1381,26.5663],[128.1373,26.5529],[128.1096,26.5503],[128.1004,26.5384],[128.0912,26.5385],[128.0939,26.534],[128.0638,26.5513],[128.0441,26.5475],[128.0416,26.5588],[128.0321,26.5527],[128.0519,26.5201],[128.0307,26.5192],[128.0251,26.5105],[128.0086,26.5143],[128.0024,26.5048],[127.9962,26.509],[127.9905,26.5032],[128.0011,26.485],[127.9739,26.4695],[127.9502,26.4721],[127.9424,26.4425],[127.9479,26.4375],[127.8686,26.4569],[127.8515,26.4501],[127.8391,26.4263],[127.8302,26.4311],[127.8257,26.4232],[127.8398,26.4051],[127.8768,26.3786],[127.8718,26.3611],[127.8851,26.342],[127.9015,26.3291],[127.9174,26.3293],[127.9111,26.3238],[127.9202,26.2954],[127.89,26.3118],[127.8649,26.3439],[127.838,26.3315],[127.8328,26.3212],[127.8466,26.316],[127.8288,26.3125],[127.8277,26.3033],[127.8158,26.3045],[127.8098,26.2975],[127.8162,26.2774],[127.7994,26.2681],[127.7897,26.2499],[127.7874,26.2266],[127.7687,26.214],[127.7648,26.2051],[127.7702,26.2013],[127.7564,26.205],[127.7685,26.2004],[127.7783,26.1869],[127.7765,26.1721],[127.7889,26.1699],[127.7975,26.1862],[127.8206,26.1915],[127.8303,26.1683],[127.7885,26.1331],[127.7772,26.1346],[127.7468,26.1184],[127.7245,26.0911],[127.6976,26.0865],[127.6764,26.0739],[127.6584,26.0805],[127.6577,26.1005],[127.6673,26.1249],[127.6615,26.1281],[127.6676,26.133],[127.6578,26.1312],[127.659,26.1359],[127.6516,26.1307],[127.6469,26.1444],[127.6681,26.1513],[127.6467,26.1513],[127.6536,26.1615],[127.6479,26.1731],[127.6545,26.1725],[127.6387,26.1763],[127.6425,26.1882],[127.6354,26.1977],[127.6506,26.2171],[127.6706,26.2049],[127.673,26.2091],[127.6615,26.2153],[127.6825,26.2246],[127.678,26.2394],[127.6712,26.234],[127.6676,26.2455],[127.6763,26.2499],[127.6737,26.2455],[127.6838,26.2422],[127.684,26.2478],[127.6894,26.2465],[127.6823,26.2493],[127.6844,26.2558],[127.6907,26.2547],[127.7069,26.273],[127.7241,26.2701],[127.7298,26.2739],[127.7265,26.2787],[127.74,26.2807],[127.7557,26.2944],[127.7588,26.3086],[127.7522,26.3147],[127.7539,26.3234],[127.7458,26.3217],[127.7386,26.362],[127.7167,26.3995],[127.7107,26.4404],[127.7224,26.4398],[127.7354,26.4216],[127.7696,26.4449],[127.7835,26.4343],[127.7968,26.4361],[127.8115,26.4624],[127.8443,26.4804],[127.8381,26.4952],[127.8427,26.5032],[127.8567,26.4998],[127.8567,26.5092],[127.8606,26.5043],[127.8658,26.5123],[127.8872,26.5032],[127.9066,26.5191],[127.9177,26.5171],[127.9199,26.5277],[127.9334,26.5384],[127.9307,26.5419],[127.9387,26.5353],[127.9563,26.5459],[127.9622,26.5405],[127.9807,26.5724],[127.9789,26.5879],[127.9449,26.6013],[127.9215,26.6089],[127.9124,26.6006],[127.894,26.6056],[127.8775,26.6403],[127.878,26.653],[127.8931,26.6593],[127.8725,26.6869],[127.8784,26.7085],[127.9024,26.6983],[127.9524,26.7074],[127.9688,26.7023],[127.9647,26.6972],[127.9709,26.6925],[127.9758,26.6969],[128.0021,26.6879],[128.0071,26.6837],[127.9948,26.6768],[127.9894,26.6515],[127.9816,26.6488],[127.9968,26.6427],[128.0061,26.6294],[128.0234,26.6265],[128.0327,26.6347],[128.0501,26.6341],[128.0765,26.6435],[128.1099,26.6675],[128.1103,26.6587],[128.1259,26.6575],[128.1122,26.6707],[128.1059,26.668],[128.1,26.6779],[128.117,26.7023],[128.1405,26.7071],[128.1534,26.7166]]],[[[123.8718,24.2544],[123.8324,24.2709],[123.8053,24.2691],[123.7545,24.2787],[123.7204,24.2986],[123.7172,24.2775],[123.6797,24.2819],[123.6602,24.3071],[123.6683,24.3126],[123.6851,24.3095],[123.6784,24.3211],[123.6832,24.3313],[123.6973,24.3254],[123.7013,24.3129],[123.707,24.3127],[123.7017,24.3484],[123.713,24.3278],[123.7268,24.3415],[123.7277,24.3284],[123.7346,24.3303],[123.7499,24.3117],[123.7486,24.3365],[123.7435,24.3411],[123.7475,24.3489],[123.7575,24.3471],[123.7413,24.3673],[123.7512,24.3743],[123.7416,24.3929],[123.75,24.3908],[123.7494,24.4018],[123.772,24.4199],[123.7626,24.4304],[123.7807,24.4365],[123.8105,24.4095],[123.8087,24.4004],[123.8135,24.3983],[123.8077,24.4007],[123.8148,24.3909],[123.8315,24.4064],[123.8519,24.4021],[123.8596,24.3942],[123.8718,24.4029],[123.8855,24.383],[123.9056,24.3836],[123.9206,24.3659],[123.9378,24.3643],[123.9363,24.3532],[123.926,24.3434],[123.9257,24.3145],[123.9102,24.3243],[123.8981,24.3014],[123.9028,24.2746],[123.8811,24.2798],[123.8789,24.2555],[123.8718,24.2544]]],[[[124.173,24.3279],[124.1445,24.3352],[124.1411,24.3484],[124.1082,24.3632],[124.1378,24.3904],[124.1399,24.4111],[124.113,24.4323],[124.0988,24.4309],[124.0818,24.4139],[124.0664,24.4301],[124.0738,24.4512],[124.0958,24.4514],[124.1045,24.4421],[124.1161,24.4446],[124.1132,24.4605],[124.1218,24.4685],[124.1094,24.4763],[124.1126,24.48],[124.1404,24.4617],[124.131,24.4459],[124.1365,24.4401],[124.1496,24.4519],[124.1755,24.4467],[124.1889,24.4551],[124.2181,24.4527],[124.2252,24.4971],[124.2348,24.4963],[124.253,24.5175],[124.2754,24.5045],[124.2821,24.5325],[124.2908,24.5387],[124.2789,24.5576],[124.3056,24.5865],[124.3081,24.6069],[124.3355,24.6027],[124.3333,24.5747],[124.3004,24.5431],[124.3033,24.5259],[124.2786,24.5032],[124.2777,24.4857],[124.2619,24.4794],[124.2489,24.4651],[124.2474,24.4503],[124.2542,24.4445],[124.2468,24.4273],[124.2543,24.4114],[124.2465,24.357],[124.2345,24.3434],[124.2114,24.3532],[124.1958,24.3513],[124.1979,24.3431],[124.1883,24.3321],[124.173,24.3279]]],[[[125.306,24.7115],[125.2604,24.7345],[125.2507,24.7554],[125.2604,24.7679],[125.264,24.7511],[125.2813,24.7509],[125.2752,24.7727],[125.2579,24.7837],[125.2552,24.7949],[125.2791,24.8114],[125.2752,24.8365],[125.2839,24.8434],[125.293,24.8359],[125.2943,24.8454],[125.2529,24.9098],[125.2624,24.9021],[125.2681,24.9076],[125.2842,24.8809],[125.2963,24.8777],[125.3111,24.8365],[125.3332,24.8218],[125.3288,24.8111],[125.3324,24.7991],[125.3526,24.7886],[125.3751,24.7891],[125.4002,24.766],[125.4296,24.7608],[125.4673,24.7189],[125.4499,24.7301],[125.4446,24.7247],[125.3689,24.7289],[125.306,24.7115]]],[[[126.7255,26.3461],[126.7101,26.3614],[126.7132,26.3677],[126.7075,26.3601],[126.7095,26.3695],[126.778,26.3904],[126.8232,26.3447],[126.8043,26.3252],[126.8026,26.3069],[126.8102,26.2908],[126.7774,26.3057],[126.7637,26.3322],[126.7548,26.3375],[126.7588,26.3409],[126.7255,26.3461]]],[[[131.2306,25.8128],[131.2145,25.8221],[131.22,25.8642],[131.2353,25.8723],[131.2628,25.8688],[131.2731,25.8552],[131.2639,25.8241],[131.2531,25.8157],[131.2306,25.8128]]],[[[123.0116,24.4372],[122.9836,24.4429],[122.9663,24.4374],[122.9335,24.4482],[122.9625,24.4729],[122.9745,24.4677],[123.0109,24.4738],[123.0421,24.464],[123.0116,24.4372]]],[[[125.1812,24.8113],[125.1543,24.8361],[125.155,24.8573],[125.1614,24.865],[125.2078,24.8459],[125.2175,24.8273],[125.2149,24.8069],[125.1992,24.8028],[125.1812,24.8113]]],[[[127.8061,26.7054],[127.7544,26.7091],[127.748,26.7186],[127.7511,26.7322],[127.8066,26.7385],[127.8296,26.7198],[127.8274,26.7096],[127.8061,26.7054]]],[[[127.9339,26.9943],[127.9314,27.0203],[127.9493,27.0426],[127.9944,27.0883],[128.0191,27.0945],[128.0206,27.0897],[127.9961,27.0678],[127.9985,27.0587],[127.9905,27.0447],[127.9666,27.0369],[127.9635,27.0227],[127.9414,27.0163],[127.9339,26.9943]]],[[[124.6906,24.6397],[124.6683,24.6465],[124.6647,24.6615],[124.6697,24.6699],[124.6886,24.6784],[124.7202,24.6684],[124.7162,24.6451],[124.6906,24.6397]]],[[[127.3476,26.1451],[127.3384,26.1807],[127.3464,26.1856],[127.3443,26.1995],[127.355,26.2254],[127.3674,26.2195],[127.3718,26.2015],[127.3664,26.1972],[127.3703,26.1897],[127.3578,26.1814],[127.3619,26.1563],[127.352,26.1559],[127.3476,26.1451]]],[[[127.9384,26.9106],[127.9222,26.9173],[127.9197,26.9357],[127.9112,26.9357],[127.9185,26.9385],[127.9152,26.9449],[127.9359,26.9547],[127.9538,26.9453],[127.9558,26.9349],[127.9505,26.9296],[127.9527,26.9138],[127.9384,26.9106]]],[[[123.7908,24.0447],[123.7597,24.0474],[123.7521,24.051],[123.7525,24.0599],[123.7853,24.0706],[123.8084,24.0623],[123.8037,24.049],[123.7908,24.0447]]],[[[131.3058,25.9283],[131.294,25.9342],[131.2855,25.9605],[131.3323,25.9519],[131.3239,25.9328],[131.3058,25.9283]]],[[[127.9321,26.3311],[127.9469,26.3448],[127.9428,26.3567],[127.9659,26.3614],[127.9862,26.3835],[127.9846,26.3737],[127.9917,26.3725],[127.9936,26.3607],[127.9747,26.3541],[127.9584,26.3381],[127.9468,26.3395],[127.9321,26.3311]]],[[[125.1812,24.8113],[125.1615,24.8021],[125.1438,24.8069],[125.1328,24.8239],[125.1377,24.8418],[125.1812,24.8113]]],[[[124.0107,24.2199],[124.0028,24.2201],[123.9914,24.2368],[123.9895,24.2466],[123.9968,24.2529],[124.0272,24.2437],[124.0271,24.2319],[124.0107,24.2199]]],[[[128.0314,26.6448],[128.0141,26.6566],[128.0089,26.6501],[127.9968,26.6557],[127.9936,26.6702],[128.0188,26.6788],[128.032,26.6577],[128.0314,26.6448]]],[[[123.9888,24.3229],[123.9861,24.3287],[123.9519,24.3353],[123.9672,24.3376],[123.9621,24.3489],[123.9774,24.3527],[123.9915,24.345],[123.9912,24.3365],[124.002,24.3271],[123.9888,24.3229]]],[[[127.2077,26.5743],[127.2138,26.59],[127.2293,26.6013],[127.2465,26.5865],[127.2401,26.576],[127.2077,26.5743]]],[[[127.3037,26.2185],[127.3027,26.2247],[127.2822,26.2269],[127.2811,26.2326],[127.2946,26.2415],[127.3028,26.2379],[127.3083,26.2508],[127.3307,26.2397],[127.3265,26.2357],[127.3318,26.2279],[127.3202,26.2293],[127.3187,26.2393],[127.3104,26.2375],[127.3143,26.2256],[127.3037,26.2185]]],[[[124.0805,24.3097],[124.073,24.3233],[124.0814,24.3381],[124.0911,24.334],[124.0979,24.3181],[124.0805,24.3097]]],[[[127.2751,26.1859],[127.2747,26.1941],[127.264,26.1965],[127.2791,26.2123],[127.2913,26.1946],[127.2751,26.1859]]],[[[123.4604,25.7353],[123.4618,25.7454],[123.4764,25.7517],[123.4932,25.7447],[123.4604,25.7353]]],[[[127.1451,26.3478],[127.1362,26.364],[127.1445,26.3811],[127.1495,26.3795],[127.148,26.3637],[127.1592,26.3633],[127.1451,26.3478]]],[[[127.8431,26.3343],[127.8618,26.3436],[127.8698,26.33],[127.8584,26.3347],[127.8535,26.3246],[127.8406,26.3261],[127.8372,26.3295],[127.8431,26.3343]]],[[[128.0197,26.6943],[128.007,26.7073],[128.0116,26.7133],[128.0254,26.7103],[128.0197,26.6943]]],[[[127.8612,26.6289],[127.8539,26.6485],[127.8664,26.6531],[127.8718,26.6467],[127.8612,26.6289]]],[[[125.2465,24.9199],[125.2294,24.934],[125.2468,24.9346],[125.2539,24.9245],[125.245,24.9259],[125.2465,24.9199]]],[[[125.2468,24.7127],[125.2367,24.7189],[125.2391,24.7311],[125.2551,24.7211],[125.2468,24.7127]]],[[[128.2333,27.8599],[128.2165,27.8769],[128.2206,27.8847],[128.2349,27.8662],[128.2333,27.8599]]],[[[123.7394,24.3449],[123.7225,24.3637],[123.7317,24.3635],[123.7413,24.3538],[123.7394,24.3449]]],[[[127.9587,26.3084],[127.9504,26.3271],[127.9666,26.322],[127.9587,26.3084]]],[[[124.6997,24.7465],[124.6758,24.7592],[124.6863,24.7632],[124.6997,24.7465]]],[[[127.9417,26.2411],[127.9327,26.2459],[127.9361,26.2618],[127.9462,26.2582],[127.9417,26.2411]]],[[[127.9964,26.3815],[127.9877,26.3851],[127.9877,26.3913],[127.9986,26.3995],[127.9964,26.3815]]],[[[127.4391,26.1997],[127.4501,26.2245],[127.4544,26.2191],[127.4391,26.1997]]],[[[123.9352,24.2241],[123.9415,24.2369],[123.9486,24.2418],[123.953,24.2377],[123.9352,24.2241]]],[[[127.2401,26.162],[127.2312,26.1633],[127.235,26.1812],[127.242,26.1759],[127.2401,26.162]]],[[[123.927,24.2087],[123.9197,24.2158],[123.932,24.2206],[123.9321,24.2088],[123.927,24.2087]]],[[[127.8835,26.1513],[127.8844,26.1585],[127.9089,26.1699],[127.8835,26.1513]]],[[[123.7171,24.3644],[123.7109,24.3759],[123.7269,24.3766],[123.7171,24.3644]]],[[[127.2419,26.2077],[127.2387,26.2189],[127.2468,26.2225],[127.2419,26.2077]]]]}}]}
