{"type":"FeatureCollection","features":[{"type":"Feature","id":"Aguascalientes","properties":{"id":"Aguascalientes","iso_code":"MX-AGU","name":"Aguascalientes","name_full":"Aguascalientes","name_ja":"アグアスカリエンテス州","center_lonlat":[-102.3618,22.0243]},"geometry":{"type":"Polygon","coordinates":[[[-101.8454,22.0175],[-101.8917,21.9557],[-102.0491,21.8659],[-102.0799,21.7679],[-102.1458,21.7443],[-102.2312,21.6777],[-102.2863,21.6701],[-102.468,21.6946],[-102.6614,21.7778],[-102.7605,21.7488],[-102.8469,21.8118],[-102.8541,21.8926],[-102.8418,21.933],[-102.744,22.0779],[-102.6523,22.1872],[-102.6478,22.2129],[-102.6763,22.2608],[-102.6543,22.2925],[-102.621,22.3066],[-102.4785,22.3153],[-102.456,22.3598],[-102.4044,22.3636],[-102.3771,22.392],[-102.3451,22.397],[-102.2916,22.4648],[-102.2749,22.4561],[-102.2114,22.3545],[-102.1664,22.3737],[-102.1322,22.3224],[-102.1128,22.3232],[-102.0589,22.2845],[-101.9989,22.2753],[-101.9876,22.2501],[-101.9914,22.1478],[-101.9798,22.123],[-101.9029,22.0849],[-101.8454,22.0175]]]}},{"type":"Feature","id":"Area_21","properties":{"id":"Area_21","iso_code":"MX-X01~","name":"Area_21","name_full":"Area_21","name_ja":"Area_21","center_lonlat":[-89.6383,22.475]},"geometry":{"type":"Polygon","coordinates":[[[-89.6642,22.3711],[-89.6917,22.3876],[-89.698,22.4175],[-89.6571,22.4467],[-89.6552,22.472],[-89.6877,22.5074],[-89.6911,22.5286],[-89.7388,22.5494],[-89.7708,22.5332],[-89.7457,22.5772],[-89.7297,22.5829],[-89.6582,22.5407],[-89.6102,22.4611],[-89.6343,22.3789],[-89.6642,22.3711]]]}},{"type":"Feature","id":"Baja California","properties":{"id":"Baja California","iso_code":"MX-BCN","name":"Baja California","name_full":"Baja California","name_ja":"バハ・カリフォルニア州","center_lonlat":[-115.1073,30.5786]},"geometry":{"type":"MultiPolygon","coordinates":[[[[-114.8194,32.4994],[-114.9263,32.4825],[-114.9602,32.4386],[-114.9817,32.3415],[-115.0371,32.2917],[-115.0397,32.2772],[-114.9665,32.1806],[-114.9559,32.1416],[-114.9794,32.074],[-114.937,32.0319],[-114.9336,31.9088],[-114.9913,31.9248],[-115.0121,31.9368],[-115.0211,31.9656],[-115.0352,31.9661],[-115.012,31.9147],[-114.889,31.8563],[-114.835,31.8019],[-114.816,31.7191],[-114.7806,31.6558],[-114.824,31.6004],[-114.8529,31.5266],[-114.8523,31.3894],[-114.8752,31.3287],[-114.8887,31.1629],[-114.884,31.1207],[-114.8639,31.0897],[-114.8135,31.05],[-114.8329,31.0274],[-114.8218,30.989],[-114.7203,30.9411],[-114.7105,30.9184],[-114.7006,30.7748],[-114.6872,30.745],[-114.7055,30.7117],[-114.6919,30.671],[-114.6985,30.6372],[-114.6496,30.5546],[-114.6306,30.4949],[-114.6353,30.3646],[-114.6527,30.2883],[-114.6401,30.2638],[-114.6657,30.1996],[-114.6246,30.1175],[-114.6045,30.1107],[-114.5804,30.0726],[-114.5814,30.0511],[-114.5331,29.968],[-114.4813,29.9473],[-114.4727,29.919],[-114.4277,29.9073],[-114.4088,29.8809],[-114.4151,29.8548],[-114.3963,29.8272],[-114.4094,29.8154],[-114.3922,29.783],[-114.3225,29.7411],[-114.2888,29.7483],[-114.2929,29.7666],[-114.2805,29.7721],[-114.2085,29.7448],[-114.1962,29.7219],[-114.1426,29.6907],[-114.1112,29.6531],[-114.0627,29.6293],[-114.0463,29.5964],[-113.9943,29.577],[-113.8975,29.4856],[-113.8387,29.4566],[-113.8327,29.4352],[-113.7709,29.4078],[-113.6363,29.2822],[-113.6231,29.2527],[-113.6553,29.2073],[-113.6384,29.1986],[-113.6414,29.1838],[-113.6244,29.1624],[-113.6085,29.1634],[-113.6021,29.1409],[-113.5794,29.1264],[-113.5359,29.0514],[-113.5636,29.014],[-113.545,28.9755],[-113.5579,28.9483],[-113.5249,28.8916],[-113.4772,28.8982],[-113.4722,28.9152],[-113.488,28.9303],[-113.4787,28.9462],[-113.4501,28.9423],[-113.4347,28.9599],[-113.4131,28.9223],[-113.3879,28.9398],[-113.3942,28.9131],[-113.3674,28.9071],[-113.3804,28.8933],[-113.3592,28.8739],[-113.3706,28.8372],[-113.3518,28.8184],[-113.3545,28.8003],[-113.31,28.8021],[-113.2604,28.8401],[-113.2341,28.8356],[-113.196,28.7921],[-113.1942,28.744],[-113.156,28.6576],[-113.127,28.6279],[-113.1316,28.6046],[-113.103,28.5046],[-113.0016,28.4556],[-112.9024,28.4753],[-112.876,28.4505],[-112.8799,28.4346],[-112.8463,28.4411],[-112.8721,28.2837],[-112.7865,28.1961],[-112.8118,28.1205],[-112.7896,28.0675],[-112.8054,28.0321],[-112.7857,28.0029],[-112.7636,27.9994],[-114.0628,28.0005],[-114.0377,28.0372],[-114.07,28.0551],[-114.0997,28.0551],[-114.1131,28.1204],[-114.0575,28.2063],[-114.0782,28.2468],[-114.0988,28.2387],[-114.1249,28.2557],[-114.0426,28.4584],[-114.0715,28.4869],[-114.0682,28.518],[-114.0963,28.5519],[-114.1601,28.5662],[-114.1573,28.6257],[-114.1749,28.6577],[-114.2718,28.6588],[-114.2753,28.6962],[-114.2983,28.7038],[-114.3141,28.7263],[-114.3469,28.7308],[-114.362,28.7951],[-114.3709,28.8132],[-114.3916,28.8068],[-114.4073,28.84],[-114.4023,28.8602],[-114.4193,28.8785],[-114.4376,28.8775],[-114.4399,28.8946],[-114.4766,28.9291],[-114.5428,28.9344],[-114.5612,28.9804],[-114.5916,28.9654],[-114.6025,29.0303],[-114.6314,29.0945],[-114.689,29.1131],[-114.7049,29.0961],[-114.7438,29.1876],[-114.7853,29.1942],[-114.972,29.3778],[-115.1042,29.4189],[-115.1871,29.4286],[-115.2323,29.4901],[-115.2857,29.5299],[-115.3714,29.557],[-115.452,29.6201],[-115.4774,29.6265],[-115.4986,29.6114],[-115.5937,29.6922],[-115.6221,29.6953],[-115.6976,29.7558],[-115.6858,29.8306],[-115.6999,29.898],[-115.7443,29.9475],[-115.8075,29.9562],[-115.8112,29.968],[-115.7833,30.0926],[-115.8041,30.1514],[-115.8073,30.2841],[-115.8373,30.3465],[-115.8983,30.3867],[-115.9754,30.4013],[-115.9338,30.4497],[-115.9547,30.4796],[-115.9891,30.4975],[-115.9617,30.4422],[-115.983,30.432],[-116.0027,30.4497],[-116.0151,30.4345],[-115.9798,30.3594],[-116.0045,30.3592],[-116.0493,30.4796],[-116.0311,30.6271],[-116.0369,30.7302],[-116.0579,30.8025],[-116.1056,30.8188],[-116.1521,30.8578],[-116.1758,30.8601],[-116.2497,30.9568],[-116.3354,30.9563],[-116.3404,30.9893],[-116.3094,31.1485],[-116.3415,31.2196],[-116.4541,31.3385],[-116.5082,31.4193],[-116.5959,31.4779],[-116.6091,31.5014],[-116.6756,31.5526],[-116.6811,31.5773],[-116.6445,31.5795],[-116.6642,31.6011],[-116.6481,31.6592],[-116.6551,31.678],[-116.6754,31.7026],[-116.7153,31.711],[-116.7504,31.7524],[-116.6613,31.7234],[-116.6436,31.7343],[-116.6196,31.7717],[-116.6118,31.8429],[-116.6197,31.8576],[-116.6764,31.8688],[-116.6947,31.89],[-116.7548,31.9096],[-116.7579,31.965],[-116.7699,31.9778],[-116.8423,31.9865],[-116.8654,32.013],[-116.8869,32.132],[-116.9227,32.2194],[-116.9483,32.247],[-117.025,32.2769],[-117.1184,32.4545],[-117.1251,32.5317],[-114.7243,32.7128],[-114.7395,32.6691],[-114.8027,32.5945],[-114.7955,32.5522],[-114.8194,32.4994]]],[[[-113.1382,29.0649],[-113.1021,29.0531],[-113.1166,29.0262],[-113.1148,28.9845],[-113.2436,29.0695],[-113.3007,29.1451],[-113.4055,29.212],[-113.4501,29.2797],[-113.4961,29.2852],[-113.5117,29.3264],[-113.5891,29.4096],[-113.5884,29.4568],[-113.5646,29.5077],[-113.5711,29.54],[-113.5491,29.5331],[-113.5109,29.5493],[-113.5108,29.5376],[-113.4768,29.5321],[-113.4328,29.4925],[-113.4193,29.4664],[-113.3952,29.4593],[-113.3498,29.3841],[-113.3731,29.3612],[-113.3703,29.31],[-113.2974,29.2805],[-113.1828,29.2897],[-113.1685,29.2761],[-113.1788,29.2595],[-113.1658,29.1891],[-113.1743,29.1292],[-113.1482,29.0663],[-113.1382,29.0649]]],[[[-115.195,28.3414],[-115.1627,28.2613],[-115.1723,28.2126],[-115.1588,28.1928],[-115.1558,28.1408],[-115.1858,28.1062],[-115.1817,28.0276],[-115.2063,28.0379],[-115.2281,28.0283],[-115.254,28.0403],[-115.2803,28.0875],[-115.3035,28.0947],[-115.3466,28.0711],[-115.3581,28.0826],[-115.3522,28.1164],[-115.2398,28.2336],[-115.2625,28.2988],[-115.2486,28.3593],[-115.2149,28.3783],[-115.192,28.3608],[-115.195,28.3414]]],[[[-118.2515,29.0894],[-118.2296,29.0617],[-118.2205,29.0152],[-118.2258,28.9151],[-118.2514,28.8845],[-118.2892,28.8789],[-118.2888,28.8681],[-118.2984,28.8768],[-118.2836,28.8926],[-118.294,28.9481],[-118.316,28.9817],[-118.3043,28.998],[-118.3235,29.04],[-118.3555,29.067],[-118.3654,29.1317],[-118.3367,29.1633],[-118.2738,29.1896],[-118.2559,29.1809],[-118.2862,29.1364],[-118.2515,29.0894]]],[[[-112.6132,28.7258],[-112.548,28.7285],[-112.5414,28.7123],[-112.5539,28.6723],[-112.6043,28.6694],[-112.6132,28.7258]]],[[[-114.207,28.0],[-114.1344,28.0839],[-114.1199,28.086],[-114.1172,28.0432],[-114.1461,28.0218],[-114.1475,28.0002],[-114.207,28.0]]],[[[-112.8938,28.6777],[-112.8608,28.6719],[-112.7524,28.5911],[-112.7739,28.5758],[-112.7979,28.6099],[-112.8678,28.6433],[-112.8938,28.6777]]],[[[-114.0983,28.0003],[-114.1212,28.023],[-114.1084,28.0307],[-114.0713,28.0004],[-114.0983,28.0003]]],[[[-113.5188,29.0956],[-113.5047,29.0922],[-113.492,29.0359],[-113.5143,29.0533],[-113.5271,29.0923],[-113.5188,29.0956]]],[[[-114.4185,29.9868],[-114.4018,29.986],[-114.3948,29.9602],[-114.422,29.9662],[-114.4185,29.9868]]],[[[-115.5938,28.3172],[-115.5647,28.3074],[-115.5923,28.2975],[-115.604,28.3101],[-115.5938,28.3172]]],[[[-116.1144,30.4962],[-116.1042,30.4826],[-116.1228,30.4852],[-116.1144,30.4962]]]]}},{"type":"Feature","id":"Baja California Sur","properties":{"id":"Baja California Sur","iso_code":"MX-BCS","name":"Baja California Sur","name_full":"Baja California Sur","name_ja":"バハ・カリフォルニア・スル州","center_lonlat":[-112.0617,25.9384]},"geometry":{"type":"MultiPolygon","coordinates":[[[[-114.0713,28.0004],[-114.0628,28.0005],[-112.7636,27.9994],[-112.7566,27.9684],[-112.7732,27.8639],[-112.7386,27.8296],[-112.7194,27.8262],[-112.7151,27.7839],[-112.6929,27.7426],[-112.6578,27.7085],[-112.6433,27.7105],[-112.598,27.6543],[-112.4852,27.62],[-112.3547,27.5473],[-112.3238,27.4946],[-112.3206,27.4438],[-112.2973,27.3811],[-112.258,27.3306],[-112.2417,27.3266],[-112.2302,27.2911],[-112.1956,27.2501],[-112.2128,27.2105],[-112.1649,27.1668],[-112.0889,27.1316],[-112.0112,27.1168],[-111.9936,27.0962],[-111.9504,27.0933],[-111.9443,27.0696],[-111.9702,27.068],[-112.0031,27.0357],[-112.0172,26.9785],[-112.0015,26.9522],[-111.9739,26.9369],[-111.9518,26.8922],[-111.9156,26.8782],[-111.91,26.8589],[-111.8707,26.8281],[-111.8614,26.7838],[-111.8776,26.7563],[-111.8902,26.7629],[-111.9052,26.7343],[-111.9001,26.7146],[-111.8635,26.6931],[-111.8431,26.6452],[-111.7982,26.6126],[-111.7843,26.5718],[-111.7358,26.5397],[-111.6768,26.5819],[-111.7146,26.6297],[-111.8146,26.7146],[-111.8236,26.8205],[-111.8522,26.8739],[-111.8181,26.8962],[-111.7452,26.8441],[-111.7211,26.8063],[-111.6673,26.7806],[-111.6478,26.7465],[-111.5601,26.6957],[-111.5648,26.558],[-111.4824,26.5285],[-111.4602,26.5377],[-111.4422,26.5175],[-111.4682,26.4664],[-111.4689,26.4195],[-111.4616,26.4001],[-111.4238,26.3772],[-111.4324,26.3609],[-111.3937,26.33],[-111.3819,26.2771],[-111.3932,26.278],[-111.3974,26.2522],[-111.3509,26.1263],[-111.322,26.0982],[-111.3195,26.0636],[-111.3449,26.0288],[-111.3373,25.9877],[-111.3603,25.9641],[-111.3358,25.8994],[-111.331,25.8374],[-111.2919,25.8123],[-111.3154,25.82],[-111.3071,25.7792],[-111.2443,25.7233],[-111.225,25.7244],[-111.1917,25.6148],[-111.1239,25.5303],[-111.0695,25.5324],[-111.0719,25.5173],[-111.0193,25.5153],[-111.0254,25.4472],[-110.9795,25.3424],[-110.9558,25.3284],[-110.9343,25.2911],[-110.9473,25.2618],[-110.9061,25.1822],[-110.9045,25.143],[-110.8742,25.119],[-110.8616,25.0792],[-110.8236,25.0583],[-110.8142,25.0332],[-110.7905,25.0368],[-110.7578,25.0122],[-110.7472,24.9638],[-110.6839,24.883],[-110.6843,24.8571],[-110.657,24.8069],[-110.6884,24.7102],[-110.7235,24.6812],[-110.7393,24.6213],[-110.7386,24.5546],[-110.7289,24.516],[-110.6872,24.466],[-110.6936,24.4077],[-110.6818,24.3607],[-110.6384,24.3149],[-110.6099,24.2537],[-110.581,24.2403],[-110.5624,24.2125],[-110.5116,24.1957],[-110.4021,24.1755],[-110.3252,24.1757],[-110.3693,24.1497],[-110.4324,24.1736],[-110.4168,24.1086],[-110.3609,24.1111],[-110.3061,24.1767],[-110.3008,24.217],[-110.3246,24.245],[-110.3221,24.2655],[-110.3363,24.2559],[-110.3393,24.3159],[-110.3212,24.3206],[-110.3325,24.3288],[-110.297,24.3519],[-110.2326,24.3432],[-110.2364,24.3202],[-110.1922,24.2904],[-110.1728,24.253],[-110.0872,24.2158],[-110.007,24.1588],[-109.9877,24.0463],[-109.9314,24.0293],[-109.8283,24.0628],[-109.8034,24.0221],[-109.8331,23.9857],[-109.8373,23.9381],[-109.824,23.9104],[-109.7728,23.8776],[-109.6984,23.7984],[-109.7113,23.749],[-109.6963,23.6655],[-109.636,23.6262],[-109.524,23.5881],[-109.5144,23.5705],[-109.468,23.5551],[-109.4779,23.5254],[-109.4263,23.4585],[-109.4271,23.4099],[-109.4136,23.3917],[-109.4286,23.3744],[-109.4256,23.2972],[-109.4538,23.2023],[-109.5317,23.1082],[-109.7132,23.0311],[-109.7124,23.0078],[-109.7315,22.9875],[-109.7586,22.9845],[-109.8034,22.9561],[-109.806,22.9361],[-109.8511,22.9],[-109.9017,22.8897],[-109.8954,22.8742],[-109.9784,22.8818],[-110.06,22.9508],[-110.0984,23.0176],[-110.1673,23.3211],[-110.3074,23.541],[-110.3539,23.5808],[-110.5773,23.6816],[-110.6475,23.7339],[-110.8158,23.9087],[-110.8809,23.9537],[-110.9317,24.015],[-111.0397,24.1042],[-111.2274,24.2175],[-111.4444,24.3244],[-111.3597,24.2903],[-111.4607,24.3432],[-111.5226,24.4046],[-111.5956,24.4422],[-111.6535,24.5522],[-111.6343,24.5478],[-111.679,24.5863],[-111.6956,24.5871],[-111.6859,24.5569],[-111.6988,24.5356],[-111.8031,24.5465],[-111.7617,24.5152],[-111.8129,24.5059],[-111.8149,24.5699],[-111.8489,24.6537],[-111.9416,24.7442],[-111.9122,24.7366],[-111.9681,24.7944],[-111.9847,24.8472],[-112.0084,24.8746],[-111.9877,24.7967],[-111.9667,24.7783],[-111.9884,24.7647],[-111.9667,24.7442],[-111.9836,24.7428],[-111.9947,24.7579],[-112.0116,24.7394],[-112.0253,24.7556],[-112.0431,24.8056],[-112.0293,24.8202],[-112.0356,24.8404],[-112.0545,24.8171],[-112.0431,24.7535],[-112.0636,24.7517],[-112.088,24.7734],[-112.0977,24.8466],[-112.1242,24.874],[-112.0902,24.9012],[-112.1035,24.9404],[-112.0824,24.9603],[-112.0969,24.9996],[-112.1104,25.0026],[-112.1373,24.9461],[-112.123,24.9093],[-112.1449,24.8741],[-112.1609,24.8933],[-112.1539,24.9318],[-112.1658,24.9539],[-112.1418,24.9704],[-112.149,24.9796],[-112.1234,25.0383],[-112.1222,25.0734],[-112.1425,25.086],[-112.1306,25.172],[-112.0779,25.2587],[-112.0742,25.3727],[-112.0869,25.3906],[-112.0707,25.4413],[-112.0831,25.444],[-112.0308,25.4736],[-112.0794,25.4711],[-112.0845,25.481],[-112.0626,25.4947],[-112.0721,25.5713],[-112.0631,25.6253],[-112.0815,25.7207],[-112.1041,25.5042],[-112.1087,25.7841],[-112.131,25.8165],[-112.1789,25.9552],[-112.2385,26.0408],[-112.2642,26.0541],[-112.2929,26.0497],[-112.3087,26.0698],[-112.3435,26.1781],[-112.4027,26.2402],[-112.453,26.2629],[-112.4983,26.235],[-112.5568,26.2724],[-112.56,26.3011],[-112.5902,26.2878],[-112.6171,26.3197],[-112.6891,26.3227],[-112.7284,26.3702],[-112.9534,26.5185],[-112.9622,26.5434],[-113.0037,26.5497],[-113.0607,26.5991],[-113.057,26.6502],[-113.1431,26.7577],[-113.1405,26.7817],[-113.119,26.7941],[-113.1637,26.7891],[-113.1703,26.7651],[-113.196,26.7602],[-113.1926,26.7436],[-113.2158,26.7445],[-113.2381,26.7866],[-113.1811,26.8148],[-113.1246,26.8863],[-113.1262,26.9379],[-113.1457,26.9701],[-113.1794,26.9669],[-113.1925,26.9451],[-113.2042,26.8535],[-113.2324,26.8293],[-113.2447,26.8371],[-113.258,26.8247],[-113.2705,26.7525],[-113.2858,26.7496],[-113.364,26.7951],[-113.471,26.8046],[-113.5039,26.7934],[-113.5423,26.7421],[-113.543,26.7192],[-113.5741,26.705],[-113.6371,26.7255],[-113.6658,26.7694],[-113.7252,26.8],[-113.8164,26.949],[-113.9099,26.9923],[-113.9598,26.998],[-113.9747,26.9935],[-113.9735,26.9802],[-114.0052,26.9774],[-114.1144,27.1055],[-114.182,27.1396],[-114.2366,27.1533],[-114.2741,27.1489],[-114.2903,27.1465],[-114.294,27.1255],[-114.3951,27.1829],[-114.4214,27.1665],[-114.4351,27.1764],[-114.4298,27.2089],[-114.4759,27.2177],[-114.4875,27.2381],[-114.4844,27.3243],[-114.5065,27.4062],[-114.5811,27.4508],[-114.5966,27.4772],[-114.7342,27.5213],[-114.7817,27.6028],[-114.8304,27.6311],[-114.8449,27.6161],[-114.8758,27.6438],[-114.8489,27.6406],[-114.8445,27.6597],[-114.8616,27.6899],[-114.8866,27.6949],[-114.8998,27.6641],[-114.9322,27.6762],[-114.951,27.7163],[-114.9887,27.7269],[-115.0017,27.7159],[-115.0336,27.7593],[-115.0529,27.8221],[-115.0838,27.8511],[-115.0415,27.8568],[-115.0143,27.8303],[-114.8686,27.8306],[-114.84,27.8123],[-114.7236,27.8068],[-114.709,27.7918],[-114.6045,27.7744],[-114.5306,27.7876],[-114.4991,27.7741],[-114.4329,27.8003],[-114.3163,27.8747],[-114.2981,27.8681],[-114.2906,27.8334],[-114.3122,27.7797],[-114.2824,27.7358],[-114.2237,27.697],[-114.1509,27.6697],[-114.1204,27.6259],[-114.1029,27.6209],[-114.1029,27.6019],[-114.0476,27.6531],[-114.0434,27.668],[-114.0782,27.6804],[-114.0749,27.6904],[-114.055,27.6945],[-114.012,27.6655],[-113.9533,27.6557],[-113.9178,27.697],[-113.9186,27.7193],[-113.9831,27.7573],[-114.0253,27.7499],[-114.0592,27.8012],[-114.0691,27.7995],[-114.0385,27.7392],[-114.0517,27.7201],[-114.0724,27.7251],[-114.1046,27.7077],[-114.141,27.7309],[-114.1749,27.8161],[-114.1311,27.8888],[-114.1509,27.8987],[-114.1352,27.9119],[-114.1584,27.9301],[-114.1534,27.945],[-114.1683,27.9508],[-114.1824,27.931],[-114.2394,27.9119],[-114.2677,27.8869],[-114.2705,27.9297],[-114.207,28.0],[-114.1475,28.0002],[-114.1064,27.928],[-114.0916,27.9761],[-114.0983,28.0003],[-114.0713,28.0004]]],[[[-112.1035,24.6172],[-112.0709,24.5852],[-112.0599,24.5406],[-112.1025,24.5592],[-112.1139,24.5992],[-112.1763,24.6536],[-112.1663,24.6709],[-112.1384,24.6803],[-112.1395,24.7147],[-112.1558,24.7434],[-112.1895,24.7739],[-112.2378,24.7892],[-112.2609,24.7766],[-112.2594,24.7494],[-112.2725,24.773],[-112.3046,24.7922],[-112.2752,24.8395],[-112.2063,25.0177],[-112.1378,25.2653],[-112.1253,25.2658],[-112.1202,25.2205],[-112.156,25.1408],[-112.1793,25.045],[-112.1618,24.9744],[-112.179,24.9747],[-112.187,24.9613],[-112.1959,24.9153],[-112.1769,24.8724],[-112.2043,24.8669],[-112.2137,24.8475],[-112.2062,24.8174],[-112.1711,24.7945],[-112.1621,24.7597],[-112.1315,24.7285],[-112.1156,24.6893],[-112.14,24.6593],[-112.1365,24.6329],[-112.1035,24.6172]]],[[[-111.7535,24.447],[-111.7242,24.3962],[-111.6923,24.3739],[-111.7081,24.2999],[-111.7586,24.3561],[-111.8716,24.4391],[-112.0068,24.5144],[-111.989,24.5277],[-111.9716,24.5185],[-111.8644,24.5205],[-111.8373,24.5128],[-111.8182,24.4676],[-111.7535,24.447]]],[[[-110.7108,25.095],[-110.702,25.1034],[-110.6686,25.0528],[-110.5931,25.0344],[-110.5749,25.0157],[-110.5707,24.9555],[-110.5249,24.88],[-110.5792,24.8637],[-110.5739,24.8875],[-110.6203,24.9167],[-110.6423,24.9145],[-110.6365,24.9277],[-110.6547,24.9461],[-110.6758,25.0112],[-110.7133,25.0292],[-110.7108,25.095]]],[[[-111.0812,25.9987],[-111.07,25.997],[-111.0674,25.9658],[-111.1123,25.9967],[-111.1808,25.9025],[-111.1813,25.8669],[-111.2043,25.8454],[-111.205,25.8038],[-111.2303,25.8236],[-111.2334,25.8429],[-111.2111,25.9289],[-111.1693,25.9876],[-111.176,26.0433],[-111.1338,26.0528],[-111.1275,26.0683],[-111.1034,26.0538],[-111.0564,26.0718],[-111.082,26.0287],[-111.0812,25.9987]]],[[[-109.8358,24.2247],[-109.7984,24.1552],[-109.8029,24.1371],[-109.8739,24.1517],[-109.9004,24.1992],[-109.9239,24.2666],[-109.9166,24.2848],[-109.9374,24.3251],[-109.9332,24.3744],[-109.8358,24.2247]]],[[[-110.3249,24.5159],[-110.2879,24.4697],[-110.3127,24.4467],[-110.3079,24.4327],[-110.3265,24.4007],[-110.348,24.4025],[-110.3488,24.4296],[-110.3704,24.4297],[-110.3757,24.4468],[-110.3602,24.4575],[-110.3846,24.4737],[-110.3968,24.5112],[-110.3762,24.5308],[-110.4056,24.5438],[-110.4157,24.5696],[-110.3975,24.5908],[-110.3865,24.5869],[-110.3636,24.5569],[-110.364,24.5325],[-110.3249,24.5159]]],[[[-110.7653,25.5939],[-110.7859,25.6044],[-110.8055,25.6444],[-110.8036,25.6749],[-110.7734,25.7128],[-110.7532,25.5981],[-110.7653,25.5939]]],[[[-113.2447,26.7246],[-113.229,26.7329],[-113.1951,26.7139],[-113.1744,26.7204],[-113.1381,26.6651],[-113.2646,26.7089],[-113.2447,26.7246]]],[[[-112.097,27.2245],[-112.1088,27.2369],[-112.0901,27.26],[-112.0453,27.2166],[-112.0663,27.179],[-112.0874,27.1829],[-112.097,27.2245]]],[[[-111.5616,24.3781],[-111.5096,24.364],[-111.463,24.3298],[-111.5613,24.3624],[-111.6733,24.3584],[-111.6578,24.3752],[-111.5616,24.3781]]],[[[-112.1063,25.4841],[-112.0981,25.4858],[-112.1043,25.3423],[-112.1228,25.2821],[-112.1381,25.2973],[-112.1177,25.3606],[-112.1063,25.4841]]],[[[-111.0591,25.701],[-111.0372,25.7138],[-111.0192,25.6939],[-111.0129,25.6787],[-111.0285,25.6518],[-111.0591,25.701]]],[[[-110.7148,25.3059],[-110.6895,25.3084],[-110.7072,25.2716],[-110.7289,25.26],[-110.7327,25.288],[-110.7148,25.3059]]],[[[-111.8923,27.429],[-111.9011,27.4492],[-111.8793,27.4532],[-111.8564,27.4379],[-111.8923,27.429]]],[[[-115.2042,27.8925],[-115.1624,27.8683],[-115.1646,27.8513],[-115.1784,27.8507],[-115.1938,27.8814],[-115.2204,27.8886],[-115.2042,27.8925]]],[[[-111.2866,26.1258],[-111.2637,26.135],[-111.2642,26.105],[-111.2862,26.1031],[-111.2866,26.1258]]],[[[-110.5862,24.8321],[-110.5692,24.8438],[-110.5614,24.815],[-110.5862,24.8321]]],[[[-111.2582,25.8128],[-111.2459,25.7657],[-111.2585,25.7814],[-111.2582,25.8128]]]]}},{"type":"Feature","id":"Campeche","properties":{"id":"Campeche","iso_code":"MX-CAM","name":"Campeche","name_full":"Campeche","name_ja":"カンペチェ州","center_lonlat":[-90.2922,18.8405]},"geometry":{"type":"MultiPolygon","coordinates":[[[[-89.1463,17.9515],[-89.1614,17.9014],[-89.1605,17.8143],[-90.9622,17.816],[-90.9909,17.802],[-90.9917,17.9682],[-91.1237,17.9758],[-91.168,18.0068],[-91.2457,18.0106],[-91.332,18.0669],[-91.4766,18.1022],[-91.5889,18.0979],[-91.6031,18.0672],[-91.6047,18.0088],[-91.6331,17.9509],[-91.8593,17.9536],[-91.8909,17.9667],[-91.9654,18.0108],[-91.9751,18.0416],[-92.0711,18.0945],[-92.1556,18.1688],[-92.1491,18.4619],[-92.3681,18.4608],[-92.4165,18.5033],[-92.4373,18.5763],[-92.4861,18.6485],[-92.4051,18.6711],[-92.0601,18.7016],[-91.9481,18.6912],[-91.8604,18.6218],[-91.8666,18.5984],[-91.8883,18.5876],[-91.8808,18.6013],[-91.9324,18.5939],[-91.9502,18.6295],[-91.9761,18.6116],[-92.0082,18.613],[-91.9907,18.5939],[-92.0165,18.5897],[-92.0391,18.6013],[-92.0316,18.5808],[-92.0528,18.5467],[-92.0316,18.5604],[-91.9907,18.5393],[-91.9552,18.5477],[-91.9266,18.5183],[-91.8883,18.5058],[-91.9642,18.5623],[-91.9703,18.5939],[-91.9263,18.5723],[-91.902,18.5808],[-91.915,18.5604],[-91.8882,18.5482],[-91.874,18.5256],[-91.8945,18.5256],[-91.8263,18.4914],[-91.8604,18.4332],[-91.8021,18.3856],[-91.7923,18.4016],[-91.8126,18.4505],[-91.7716,18.4368],[-91.8052,18.4759],[-91.7983,18.4914],[-91.6822,18.4505],[-91.5929,18.4431],[-91.5041,18.4642],[-91.4865,18.4364],[-91.4754,18.4547],[-91.4836,18.4983],[-91.4973,18.4778],[-91.5389,18.471],[-91.5041,18.5119],[-91.3949,18.5604],[-91.345,18.5656],[-91.3017,18.6218],[-91.2513,18.6197],[-91.182,18.6566],[-91.2123,18.6613],[-91.2987,18.6286],[-91.2664,18.7043],[-91.2655,18.7357],[-91.3024,18.781],[-91.3326,18.7829],[-91.3465,18.7658],[-91.367,18.7712],[-91.4147,18.8136],[-91.3807,18.8594],[-91.3111,18.8908],[-91.2372,18.9576],[-91.3913,18.8713],[-91.4168,18.8502],[-91.4147,18.8266],[-91.4643,18.8083],[-91.5053,18.8166],[-91.4312,18.8801],[-91.2817,18.9656],[-91.1616,19.0163],[-91.0796,19.0873],[-90.9355,19.1631],[-90.8566,19.2583],[-90.8031,19.2829],[-90.7424,19.343],[-90.7301,19.3759],[-90.7028,19.7111],[-90.6645,19.7819],[-90.5169,19.8817],[-90.4778,19.9221],[-90.4639,19.9779],[-90.4672,20.0133],[-90.5002,20.0792],[-90.4745,20.4085],[-90.4899,20.5341],[-90.4669,20.6189],[-90.4594,20.7155],[-90.3811,20.824],[-90.392,20.5472],[-90.3742,20.5185],[-90.2363,20.51],[-90.1692,20.4247],[-90.1299,20.4392],[-90.0942,20.4074],[-90.0638,20.4125],[-90.0463,20.4505],[-90.0184,20.4675],[-89.9626,20.387],[-89.9438,20.3232],[-89.8698,20.2686],[-89.8107,20.1374],[-89.7584,20.0878],[-89.6895,20.062],[-89.63,20.0191],[-89.5578,19.8901],[-89.4547,19.777],[-89.4421,19.7062],[-89.4154,19.651],[-89.3739,19.5939],[-89.1346,19.4052],[-89.0372,19.2892],[-89.0135,19.2178],[-89.0207,19.0335],[-89.0824,18.9614],[-89.0764,18.8872],[-89.1088,18.6908],[-89.1011,18.632],[-89.0671,18.5896],[-89.0593,18.5372],[-89.0759,18.5058],[-89.0445,18.4922],[-89.061,18.4251],[-89.0416,18.336],[-89.0357,18.2027],[-89.0584,18.1443],[-89.1541,18.0314],[-89.1463,17.9515]]],[[[-91.6003,18.772],[-91.5389,18.7931],[-91.5246,18.7521],[-91.5321,18.759],[-91.5792,18.7385],[-91.5519,18.759],[-91.6208,18.7447],[-91.6889,18.6694],[-91.7232,18.6628],[-91.7027,18.6975],[-91.786,18.6544],[-91.8427,18.6512],[-91.8122,18.6798],[-91.6003,18.772]]]]}},{"type":"Feature","id":"Chiapas","properties":{"id":"Chiapas","iso_code":"MX-CHP","name":"Chiapas","name_full":"Chiapas","name_ja":"チアパス州","center_lonlat":[-92.4646,16.4993]},"geometry":{"type":"MultiPolygon","coordinates":[[[[-91.4333,17.2545],[-91.4425,17.238],[-91.3729,17.2136],[-91.3649,17.1898],[-91.2795,17.1801],[-91.2592,17.1243],[-91.2296,17.114],[-91.2068,17.0654],[-91.1712,17.028],[-91.1266,17.0246],[-91.0549,16.908],[-90.9931,16.8744],[-90.9833,16.8786],[-90.9862,16.9011],[-90.9552,16.8988],[-90.9689,16.8744],[-90.9191,16.8363],[-90.8317,16.8054],[-90.8106,16.8129],[-90.797,16.8054],[-90.8004,16.7868],[-90.7353,16.7466],[-90.6677,16.6526],[-90.654,16.6166],[-90.6672,16.587],[-90.6474,16.6001],[-90.6338,16.5922],[-90.6482,16.5296],[-90.6126,16.5181],[-90.6121,16.5076],[-90.6331,16.4833],[-90.5437,16.4902],[-90.5329,16.4599],[-90.4978,16.468],[-90.4758,16.4307],[-90.3949,16.4192],[-90.3799,16.3673],[-90.4182,16.3672],[-90.4208,16.353],[-90.4072,16.3605],[-90.3988,16.3476],[-90.4047,16.3315],[-90.4449,16.3084],[-90.414,16.2984],[-90.4141,16.2878],[-90.4345,16.2916],[-90.4413,16.2854],[-90.4277,16.2636],[-90.4481,16.2711],[-90.4594,16.2591],[-90.4345,16.2363],[-90.4585,16.2218],[-90.4618,16.1891],[-90.4261,16.1631],[-90.4481,16.1544],[-90.4353,16.1363],[-90.4595,16.1168],[-90.4556,16.0997],[-90.4345,16.1072],[-90.4482,16.0793],[-90.4857,16.0707],[-91.7398,16.061],[-92.2113,15.2721],[-92.2034,15.2372],[-92.0738,15.0737],[-92.1038,15.0179],[-92.1542,14.9959],[-92.1547,14.9008],[-92.1917,14.8353],[-92.1608,14.6835],[-92.2261,14.5493],[-92.2508,14.5507],[-92.6999,14.9991],[-92.8406,15.1612],[-92.8404,15.182],[-92.7809,15.1588],[-92.764,15.1129],[-92.7374,15.0926],[-92.7684,15.1715],[-92.803,15.1883],[-92.8404,15.1888],[-92.854,15.2085],[-92.8467,15.1888],[-92.8635,15.1911],[-92.9831,15.2656],[-92.9982,15.294],[-93.0781,15.3487],[-93.1996,15.491],[-93.2286,15.5019],[-93.656,15.8393],[-93.9434,16.0106],[-93.8956,16.0174],[-93.878,16.0054],[-93.854,16.0248],[-93.8981,16.0889],[-94.0426,16.1253],[-94.0836,16.1489],[-94.0464,16.2159],[-94.0399,16.3026],[-94.1251,16.5088],[-94.0398,16.6429],[-94.0415,16.8005],[-93.9069,16.8919],[-93.9053,17.0005],[-93.8943,17.0172],[-93.8681,17.0122],[-93.8734,17.1502],[-93.6366,17.3],[-93.5895,17.3755],[-93.5114,17.5464],[-93.4144,17.6377],[-93.3134,17.9639],[-93.271,17.9937],[-93.1865,17.9744],[-93.0876,17.9003],[-93.0545,17.8947],[-93.0322,17.9154],[-93.0108,17.9124],[-92.9979,17.9329],[-92.9898,17.8274],[-93.0107,17.7083],[-92.9831,17.5421],[-92.9102,17.5258],[-92.8293,17.4018],[-92.7552,17.3643],[-92.7232,17.3656],[-92.6954,17.3835],[-92.4395,17.6073],[-92.383,17.6233],[-92.3681,17.6969],[-92.3435,17.713],[-92.2165,17.7484],[-92.1481,17.7878],[-92.0808,17.7873],[-92.0608,17.8026],[-92.0778,17.8328],[-91.9956,17.9047],[-91.9535,17.9023],[-91.9429,17.854],[-91.915,17.8882],[-91.8604,17.8745],[-91.8404,17.8891],[-91.8188,17.8854],[-91.784,17.8402],[-91.7756,17.7743],[-91.7943,17.7288],[-91.6981,17.7136],[-91.6667,17.651],[-91.6447,17.5249],[-91.5007,17.4636],[-91.4923,17.4015],[-91.4237,17.3857],[-91.3874,17.3333],[-91.391,17.3189],[-91.4347,17.303],[-91.4333,17.2545]]],[[[-94.094,16.099],[-93.9639,15.9975],[-94.1149,16.0572],[-94.094,16.099]]]]}},{"type":"Feature","id":"Chihuahua","properties":{"id":"Chihuahua","iso_code":"MX-CHH","name":"Chihuahua","name_full":"Chihuahua","name_ja":"チワワ州","center_lonlat":[-106.4584,28.8174]},"geometry":{"type":"Polygon","coordinates":[[[-103.3115,29.026],[-103.9635,27.9189],[-103.6273,26.6439],[-103.9884,26.7747],[-104.155,26.7677],[-104.2346,26.7232],[-104.5198,26.3715],[-104.557,26.3405],[-104.5978,26.351],[-104.7234,26.4444],[-104.8333,26.4868],[-104.988,26.5036],[-105.0264,26.4595],[-105.1168,26.5524],[-105.3275,26.4595],[-105.5782,26.5866],[-105.6804,26.6989],[-105.8085,26.6933],[-106.0275,26.8386],[-106.092,26.7349],[-106.1286,26.7677],[-106.1579,26.7421],[-106.1657,26.6205],[-106.2248,26.5597],[-106.1947,26.4787],[-106.1957,26.4453],[-106.4322,26.3618],[-106.4273,26.3013],[-106.3815,26.2031],[-106.3783,26.1315],[-106.4104,26.0507],[-106.5121,26.0217],[-106.5249,25.9928],[-106.5326,25.8095],[-106.5445,25.7799],[-106.7404,25.6225],[-106.9369,25.6416],[-107.0758,25.7294],[-107.1509,25.8129],[-107.2546,25.8633],[-107.2733,25.9382],[-107.3138,25.9658],[-107.3438,26.0838],[-107.3612,26.1065],[-107.4141,26.1298],[-107.7765,26.2013],[-107.8351,26.5996],[-107.8531,26.6464],[-107.9996,26.8146],[-108.0148,26.8464],[-108.0213,26.92],[-108.1973,26.9708],[-108.2691,27.0515],[-108.3389,27.0511],[-108.3614,27.0577],[-108.3743,27.0774],[-108.4665,26.9799],[-108.4962,27.0281],[-108.5498,27.0241],[-108.5738,27.0433],[-108.6869,27.2044],[-108.6816,27.2519],[-108.6374,27.3138],[-108.6656,27.3931],[-108.6514,27.4908],[-108.6596,27.5249],[-108.7786,27.622],[-108.7625,27.675],[-108.8713,27.757],[-108.9063,27.8362],[-109.0132,27.8942],[-109.1536,28.199],[-109.0513,28.2835],[-108.8799,28.2891],[-108.6403,28.2388],[-108.5402,28.3201],[-108.6457,28.6077],[-108.6104,28.7427],[-108.6267,28.7819],[-108.7078,29.4008],[-108.6133,29.4076],[-108.5596,29.9822],[-108.5368,30.0386],[-108.5835,30.5066],[-108.5994,30.5371],[-108.6455,30.5726],[-108.7997,30.6362],[-109.0403,30.8141],[-108.9683,31.3274],[-108.2148,31.3274],[-108.2151,31.7778],[-106.5172,31.7738],[-106.4928,31.759],[-106.3918,31.7459],[-106.3313,31.6822],[-106.2863,31.5801],[-106.2092,31.4773],[-106.1643,31.4478],[-106.0047,31.3969],[-105.9612,31.371],[-105.9281,31.3265],[-105.862,31.2884],[-105.7682,31.18],[-105.5909,31.0714],[-105.556,31.0026],[-105.4155,30.9025],[-105.3638,30.8504],[-105.249,30.7988],[-105.2293,30.8102],[-105.2049,30.8024],[-105.1404,30.7505],[-105.1336,30.7579],[-105.087,30.7098],[-105.0085,30.677],[-104.9828,30.6207],[-104.9343,30.6105],[-104.8866,30.5519],[-104.8797,30.5109],[-104.8593,30.4973],[-104.8667,30.473],[-104.8533,30.4122],[-104.8183,30.3805],[-104.8129,30.3507],[-104.7888,30.3359],[-104.7494,30.2645],[-104.7152,30.244],[-104.6816,30.1929],[-104.6805,30.1341],[-104.7016,30.0553],[-104.6805,29.9423],[-104.6376,29.888],[-104.6197,29.8331],[-104.5703,29.7875],[-104.5308,29.6679],[-104.4552,29.6134],[-104.444,29.5892],[-104.3385,29.524],[-104.2672,29.5266],[-104.2123,29.4847],[-104.1616,29.4168],[-104.1054,29.3857],[-104.0573,29.339],[-103.9281,29.293],[-103.7837,29.2748],[-103.7694,29.2575],[-103.7777,29.2353],[-103.7025,29.1879],[-103.5502,29.1547],[-103.4785,29.082],[-103.3866,29.0288],[-103.3721,29.0237],[-103.3426,29.0412],[-103.3305,29.0237],[-103.3115,29.026]]]}},{"type":"Feature","id":"Coahuila","properties":{"id":"Coahuila","iso_code":"MX-COA","name":"Coahuila","name_full":"Coahuila","name_ja":"コアウイラ州","center_lonlat":[-102.0376,27.3141]},"geometry":{"type":"Polygon","coordinates":[[[-99.807,27.7714],[-99.9757,27.6376],[-100.1819,27.7935],[-100.3582,27.6742],[-100.4352,27.3797],[-100.4552,27.3536],[-100.4946,27.3449],[-100.5118,27.3657],[-100.6275,27.3279],[-100.6782,27.2817],[-100.813,27.1995],[-100.7996,27.0597],[-100.7514,27.0388],[-100.7538,27.0131],[-100.7044,27.0271],[-100.7118,27.0643],[-100.6825,27.0728],[-100.6651,27.0995],[-100.6339,27.0709],[-100.5595,27.053],[-100.5519,26.8869],[-100.6092,26.7164],[-100.7115,26.6173],[-100.7526,26.7319],[-101.2157,26.373],[-101.1087,26.2834],[-101.049,26.1656],[-100.9903,26.1498],[-100.9464,26.1078],[-100.9233,26.0001],[-100.8477,25.9569],[-100.8463,25.7853],[-100.782,25.678],[-100.7386,25.6265],[-100.6486,25.6046],[-100.6355,25.5879],[-100.6362,25.5569],[-100.5817,25.5461],[-100.5717,25.5238],[-100.5709,25.4983],[-100.6648,25.5299],[-100.6909,25.5253],[-100.6964,25.5058],[-100.6277,25.4764],[-100.5723,25.4139],[-100.4989,25.3975],[-100.4731,25.3767],[-100.478,25.3514],[-100.4683,25.343],[-100.3939,25.3537],[-100.3035,25.3449],[-100.1993,25.2759],[-100.2584,25.2574],[-100.2596,25.2091],[-100.2736,25.2032],[-100.4022,25.1926],[-100.5288,25.2294],[-100.5961,25.2295],[-100.7146,25.1823],[-100.7944,25.1216],[-100.8355,25.0413],[-100.7762,25.0115],[-100.7316,24.9624],[-100.7962,24.8935],[-100.7672,24.7759],[-100.8284,24.565],[-100.9252,24.6117],[-101.0171,24.6023],[-101.0966,24.641],[-101.1693,24.7677],[-101.2311,24.8175],[-101.3416,24.8119],[-101.3442,24.838],[-101.4416,24.7522],[-101.6172,24.7571],[-101.6543,24.8258],[-101.5744,24.8069],[-101.5822,24.8679],[-101.6036,24.8921],[-101.6381,24.9094],[-101.7321,24.9189],[-101.7678,24.9381],[-101.8607,25.0755],[-102.1734,25.163],[-102.6135,25.1218],[-102.6502,25.1037],[-102.6682,25.0789],[-102.793,24.9264],[-102.8385,24.8987],[-102.8431,24.7283],[-102.9719,24.8067],[-103.1395,24.8478],[-103.2262,24.8872],[-103.2515,24.923],[-103.2596,25.0407],[-103.2753,25.0721],[-103.388,25.1406],[-103.4352,25.2157],[-103.5062,25.2806],[-103.5046,25.326],[-103.4799,25.3773],[-103.4615,25.4008],[-103.4238,25.4175],[-103.4836,25.4853],[-103.4878,25.5409],[-103.4099,25.5944],[-103.3202,25.6987],[-103.3495,26.0737],[-103.3453,26.1239],[-103.2696,26.3129],[-103.2849,26.3637],[-103.3257,26.4087],[-103.6273,26.6439],[-103.9635,27.9189],[-103.3115,29.026],[-103.3162,29.0101],[-103.3015,29.0024],[-103.148,28.9851],[-103.1228,28.9965],[-103.1047,29.0579],[-103.0915,29.0579],[-103.0725,29.0914],[-103.0243,29.1162],[-102.9884,29.1771],[-102.9698,29.1928],[-102.9475,29.182],[-102.8969,29.2203],[-102.8588,29.2291],[-102.8997,29.2639],[-102.8831,29.3438],[-102.8377,29.3663],[-102.8391,29.452],[-102.7807,29.5582],[-102.7797,29.5923],[-102.7313,29.6506],[-102.691,29.7368],[-102.6212,29.7473],[-102.5668,29.7711],[-102.5466,29.7579],[-102.5153,29.7847],[-102.4061,29.7773],[-102.3801,29.8114],[-102.3707,29.8578],[-102.321,29.8939],[-102.2762,29.8695],[-102.2583,29.8735],[-102.2398,29.8491],[-102.2037,29.8461],[-102.1093,29.8021],[-101.9879,29.8052],[-101.9722,29.8182],[-101.9296,29.7977],[-101.8874,29.8123],[-101.806,29.8119],[-101.7945,29.7959],[-101.6322,29.7757],[-101.5649,29.7865],[-101.5465,29.8201],[-101.5286,29.8014],[-101.5429,29.7711],[-101.5218,29.7659],[-101.4709,29.7915],[-101.4461,29.7711],[-101.4051,29.7784],[-101.4065,29.7529],[-101.3577,29.6674],[-101.3011,29.6495],[-101.3122,29.5979],[-101.2339,29.6227],[-101.219,29.6103],[-101.2265,29.5544],[-101.2129,29.5316],[-101.1348,29.4877],[-101.0378,29.4601],[-101.0081,29.3806],[-100.9147,29.337],[-100.8639,29.2906],[-100.7961,29.2577],[-100.7621,29.2087],[-100.7625,29.1738],[-100.702,29.1237],[-100.669,29.1162],[-100.6328,29.0052],[-100.6379,28.9629],[-100.6243,28.9247],[-100.5662,28.8698],[-100.5662,28.8425],[-100.5345,28.8302],[-100.4939,28.7084],[-100.4449,28.6438],[-100.4462,28.6265],[-100.4014,28.6023],[-100.3842,28.5372],[-100.3226,28.5104],[-100.3516,28.4967],[-100.3555,28.4782],[-100.3363,28.4586],[-100.3226,28.3869],[-100.2786,28.3311],[-100.2751,28.2772],[-100.2407,28.2497],[-100.2059,28.2429],[-100.1892,28.2013],[-100.0565,28.1379],[-100.0451,28.0953],[-100.0102,28.0689],[-100.0141,28.0505],[-99.9911,28.0078],[-99.9283,27.9758],[-99.9397,27.9611],[-99.9299,27.9463],[-99.8813,27.9065],[-99.8913,27.876],[-99.8634,27.8457],[-99.8634,27.8047],[-99.8329,27.7768],[-99.807,27.7714]]]}},{"type":"Feature","id":"Colima","properties":{"id":"Colima","iso_code":"MX-COL","name":"Colima","name_full":"Colima","name_ja":"コリマ州","center_lonlat":[-103.9221,19.1419]},"geometry":{"type":"MultiPolygon","coordinates":[[[[-103.742,18.6904],[-103.7943,18.7412],[-103.98,18.8749],[-104.1806,18.9714],[-104.3317,19.0223],[-104.329,19.0533],[-104.2996,19.0658],[-104.3287,19.0993],[-104.3508,19.091],[-104.3543,19.1119],[-104.3861,19.1154],[-104.39,19.0934],[-104.4158,19.1057],[-104.4395,19.0816],[-104.4516,19.1044],[-104.5038,19.1297],[-104.5926,19.1496],[-104.5923,19.1725],[-104.5509,19.2127],[-104.5364,19.2489],[-104.4992,19.2495],[-104.4753,19.2295],[-104.4625,19.2616],[-104.4206,19.288],[-104.3847,19.2705],[-104.3157,19.2875],[-104.2546,19.3204],[-104.2145,19.3204],[-104.1903,19.3697],[-104.1522,19.3982],[-104.1354,19.4577],[-104.0558,19.5372],[-104.0506,19.5023],[-103.9307,19.4351],[-103.8335,19.3976],[-103.8014,19.4222],[-103.7169,19.4411],[-103.6486,19.5014],[-103.6006,19.4078],[-103.5648,19.3885],[-103.538,19.34],[-103.4913,19.3108],[-103.507,19.268],[-103.4948,19.1952],[-103.5252,19.0925],[-103.4778,18.9664],[-103.4909,18.9686],[-103.5034,18.9382],[-103.5253,18.933],[-103.5249,18.9151],[-103.5776,18.884],[-103.6118,18.8885],[-103.627,18.8024],[-103.6791,18.7789],[-103.7081,18.7168],[-103.742,18.6904]]],[[[-110.9459,18.8],[-110.9112,18.7625],[-110.9243,18.7274],[-110.9795,18.7168],[-111.0673,18.7687],[-111.0531,18.816],[-111.0006,18.8682],[-110.9562,18.8437],[-110.9408,18.8217],[-110.9459,18.8]]],[[[-114.7755,18.3549],[-114.7202,18.3521],[-114.734,18.3292],[-114.7986,18.3309],[-114.7986,18.3425],[-114.7755,18.3549]]],[[[-110.8143,19.348],[-110.7877,19.3139],[-110.8302,19.2733],[-110.836,19.2934],[-110.8143,19.348]]]]}},{"type":"Feature","id":"Durango","properties":{"id":"Durango","iso_code":"MX-DUR","name":"Durango","name_full":"Durango","name_ja":"ドゥランゴ州","center_lonlat":[-104.9184,24.933]},"geometry":{"type":"Polygon","coordinates":[[[-106.9369,25.6416],[-106.7404,25.6225],[-106.5445,25.7799],[-106.5326,25.8095],[-106.5249,25.9928],[-106.5121,26.0217],[-106.4104,26.0507],[-106.3783,26.1315],[-106.3815,26.2031],[-106.4273,26.3013],[-106.4322,26.3618],[-106.1957,26.4453],[-106.1947,26.4787],[-106.2248,26.5597],[-106.1657,26.6205],[-106.1579,26.7421],[-106.1286,26.7677],[-106.092,26.7349],[-106.0275,26.8386],[-105.8085,26.6933],[-105.6804,26.6989],[-105.5782,26.5866],[-105.3275,26.4595],[-105.1168,26.5524],[-105.0264,26.4595],[-104.988,26.5036],[-104.8333,26.4868],[-104.7234,26.4444],[-104.5978,26.351],[-104.557,26.3405],[-104.5198,26.3715],[-104.2346,26.7232],[-104.155,26.7677],[-103.9884,26.7747],[-103.6273,26.6439],[-103.3257,26.4087],[-103.2849,26.3637],[-103.2696,26.3129],[-103.3453,26.1239],[-103.3495,26.0737],[-103.3202,25.6987],[-103.4099,25.5944],[-103.4878,25.5409],[-103.4836,25.4853],[-103.4238,25.4175],[-103.4615,25.4008],[-103.4799,25.3773],[-103.5046,25.326],[-103.5062,25.2806],[-103.4352,25.2157],[-103.388,25.1406],[-103.2753,25.0721],[-103.2596,25.0407],[-103.2515,24.923],[-103.2262,24.8872],[-103.1395,24.8478],[-102.9719,24.8067],[-102.8431,24.7283],[-102.8385,24.8987],[-102.793,24.9264],[-102.6682,25.0789],[-102.5028,24.8614],[-102.4917,24.824],[-102.4932,24.4604],[-102.8009,24.41],[-103.2466,24.4911],[-103.2821,24.4832],[-103.3706,24.4493],[-103.3977,24.4255],[-103.4132,24.3603],[-103.5161,24.3406],[-103.5266,24.2979],[-103.5906,24.2785],[-103.6704,24.1618],[-103.8468,24.0707],[-103.8394,23.9451],[-103.9045,23.9248],[-103.8514,23.8507],[-103.8543,23.8131],[-103.879,23.7731],[-103.8682,23.7493],[-103.8184,23.7171],[-103.8104,23.6713],[-103.8334,23.63],[-103.8742,23.6584],[-103.8974,23.6643],[-103.9179,23.6531],[-103.9525,23.5512],[-104.1036,23.4504],[-104.1343,23.1867],[-104.1772,23.1551],[-104.1891,23.1177],[-104.2088,22.6437],[-104.3114,22.3191],[-104.3346,22.4749],[-104.4772,22.4168],[-104.5335,22.4274],[-104.6138,22.4815],[-104.6592,22.6166],[-104.7537,22.674],[-104.7743,22.6762],[-104.9424,22.5562],[-104.9967,22.5435],[-105.0022,22.5934],[-104.9886,22.6916],[-104.8886,22.7903],[-104.9455,22.9156],[-105.083,22.9952],[-105.1788,23.0316],[-105.3886,23.0333],[-105.3923,23.1498],[-105.5154,23.146],[-105.6221,23.2276],[-105.6339,23.2533],[-105.6878,23.2972],[-105.6915,23.3436],[-105.7134,23.3775],[-105.7044,23.4137],[-105.7233,23.4382],[-105.7153,23.4641],[-105.7257,23.487],[-105.7656,23.5511],[-105.826,23.5666],[-105.8532,23.6014],[-105.8974,23.7135],[-105.9223,23.902],[-105.8619,24.0644],[-105.9094,24.0515],[-105.9484,24.0733],[-106.035,24.2609],[-106.1956,24.3898],[-106.2363,24.3968],[-106.3092,24.3744],[-106.4046,24.2896],[-106.4917,24.2873],[-106.5253,24.3065],[-106.6061,24.3814],[-106.6218,24.4819],[-106.7564,24.7035],[-106.8101,24.732],[-106.8546,24.7892],[-106.9324,24.7995],[-106.9515,24.826],[-106.9625,24.8788],[-107.0116,24.8967],[-107.0364,24.9197],[-107.1153,25.1445],[-107.1257,25.2374],[-107.0827,25.4653],[-106.9369,25.6416]]]}},{"type":"Feature","id":"Guanajuato","properties":{"id":"Guanajuato","iso_code":"MX-GUA","name":"Guanajuato","name_full":"Guanajuato","name_ja":"グアナフアト州","center_lonlat":[-101.0247,20.8947]},"geometry":{"type":"Polygon","coordinates":[[[-99.7906,21.4191],[-99.7925,21.2914],[-99.7752,21.2774],[-99.7197,21.2701],[-99.7086,21.2603],[-99.7139,21.2338],[-99.7716,21.202],[-99.7878,21.174],[-99.8269,21.1583],[-99.8838,21.1595],[-99.9141,21.188],[-99.9598,21.2012],[-100.036,21.1786],[-100.0658,21.1249],[-100.0809,20.9684],[-100.1058,20.9167],[-100.1329,20.9096],[-100.1619,20.8788],[-100.1832,20.879],[-100.2349,20.9314],[-100.342,20.8969],[-100.4115,20.9122],[-100.4391,20.9698],[-100.4597,20.9675],[-100.5104,20.896],[-100.5201,20.8284],[-100.5652,20.7398],[-100.5584,20.6581],[-100.4911,20.5434],[-100.4846,20.4356],[-100.4688,20.4019],[-100.3947,20.3217],[-100.374,20.2725],[-100.3377,20.2526],[-100.3274,20.2313],[-100.286,20.2134],[-100.3493,20.1224],[-100.3912,20.1127],[-100.3988,20.0639],[-100.3795,19.975],[-100.4902,19.9538],[-100.5179,19.9089],[-100.543,19.9111],[-100.5457,19.9421],[-100.5608,19.9472],[-100.7162,19.9399],[-100.7333,19.9077],[-100.7746,19.9105],[-100.8296,19.9756],[-100.8749,19.9359],[-100.9311,19.9243],[-101.0397,19.9677],[-101.045,19.9922],[-100.9864,20.0234],[-100.9829,20.043],[-100.9981,20.0587],[-100.9989,20.09],[-101.0207,20.097],[-101.1055,20.086],[-101.1396,20.1076],[-101.1634,20.1016],[-101.181,20.0532],[-101.2132,20.0295],[-101.2862,20.047],[-101.3243,20.0409],[-101.3534,20.0547],[-101.3932,20.0393],[-101.4197,20.0536],[-101.4088,20.1359],[-101.425,20.1642],[-101.4115,20.1928],[-101.4341,20.2248],[-101.3769,20.2697],[-101.4009,20.2982],[-101.4622,20.3124],[-101.4612,20.3349],[-101.5363,20.3349],[-101.6155,20.3178],[-101.6384,20.2344],[-101.6735,20.1909],[-101.7799,20.212],[-101.8076,20.1983],[-101.838,20.212],[-101.8932,20.1989],[-101.9325,20.2519],[-101.9493,20.366],[-101.9649,20.3759],[-101.9821,20.3695],[-101.9918,20.3413],[-102.0061,20.3349],[-102.0161,20.3442],[-101.9956,20.4031],[-102.0997,20.3868],[-102.0607,20.4683],[-101.9806,20.5553],[-101.9675,20.5874],[-101.9834,20.6404],[-102.0851,20.7293],[-102.0879,20.7907],[-102.005,20.938],[-101.855,21.1484],[-101.813,21.1763],[-101.7719,21.2301],[-101.7015,21.232],[-101.6621,21.2511],[-101.5727,21.3476],[-101.5682,21.4057],[-101.6369,21.5167],[-101.6401,21.5534],[-101.6151,21.5847],[-101.5383,21.6369],[-101.5334,21.6684],[-101.5862,21.7551],[-101.5797,21.7785],[-101.5205,21.8409],[-101.4494,21.8221],[-101.326,21.8729],[-101.2884,21.8473],[-101.2795,21.7906],[-101.2365,21.7584],[-101.2016,21.7537],[-101.0912,21.7725],[-100.9615,21.7504],[-100.6273,21.4918],[-100.5225,21.497],[-100.4992,21.5136],[-100.4632,21.6366],[-100.4287,21.6727],[-100.404,21.6777],[-100.2427,21.6051],[-100.0761,21.5543],[-99.9586,21.4591],[-99.8785,21.4558],[-99.7906,21.4191]]]}},{"type":"Feature","id":"Guerrero","properties":{"id":"Guerrero","iso_code":"MX-GRO","name":"Guerrero","name_full":"Guerrero","name_ja":"ゲレーロ州","center_lonlat":[-99.9022,17.6676]},"geometry":{"type":"Polygon","coordinates":[[[-98.5545,16.3183],[-98.5712,16.3271],[-98.5664,16.3406],[-98.5824,16.3607],[-98.6981,16.462],[-98.7769,16.5551],[-98.8462,16.5465],[-98.8565,16.5282],[-98.907,16.5348],[-99.1438,16.6109],[-99.3743,16.6679],[-99.4945,16.6858],[-99.6054,16.6828],[-99.6633,16.6982],[-99.7412,16.7306],[-99.8214,16.7898],[-99.8329,16.7825],[-99.8581,16.796],[-99.8357,16.8021],[-99.8768,16.8153],[-99.8517,16.8364],[-99.8582,16.8514],[-99.8975,16.8528],[-99.9062,16.8385],[-99.8914,16.8373],[-99.9137,16.8272],[-99.9594,16.8927],[-99.9917,16.9097],[-101.0428,17.2702],[-101.059,17.2642],[-101.0551,17.3026],[-101.1051,17.3503],[-101.1718,17.3898],[-101.1822,17.4125],[-101.2631,17.4562],[-101.4558,17.5263],[-101.4407,17.5572],[-101.4965,17.6144],[-101.5531,17.6114],[-101.5573,17.6254],[-101.5951,17.6353],[-101.5993,17.6533],[-101.6445,17.6683],[-101.6477,17.7053],[-101.6719,17.7403],[-101.7455,17.7922],[-101.773,17.8482],[-101.8111,17.8903],[-102.0367,17.9907],[-102.1005,17.9823],[-102.1689,17.9212],[-102.1513,17.9587],[-102.1789,18.0206],[-102.164,18.1539],[-102.133,18.1864],[-101.9307,18.2082],[-101.8764,18.2952],[-101.8933,18.4586],[-101.8806,18.5228],[-101.8388,18.5765],[-101.8022,18.5882],[-101.6451,18.5798],[-101.6177,18.562],[-101.578,18.506],[-101.5153,18.4783],[-101.4376,18.486],[-101.2571,18.5371],[-101.0963,18.5285],[-101.0244,18.5388],[-101.0014,18.5285],[-100.9939,18.5006],[-100.964,18.5019],[-100.953,18.4658],[-100.9125,18.4856],[-100.9251,18.5006],[-100.8184,18.4977],[-100.7407,18.4359],[-100.7271,18.4317],[-100.7202,18.4522],[-100.6996,18.4411],[-100.6943,18.4073],[-100.7202,18.3777],[-100.6892,18.3259],[-100.6517,18.3586],[-100.6324,18.3371],[-100.6003,18.3998],[-100.742,18.5243],[-100.746,18.5952],[-100.7717,18.6842],[-100.7453,18.7344],[-100.7889,18.7823],[-100.7888,18.8012],[-100.735,18.8572],[-100.6986,18.8394],[-100.6848,18.7941],[-100.6236,18.8706],[-100.4479,18.8386],[-100.4276,18.7867],[-100.448,18.718],[-100.4318,18.6836],[-100.4299,18.6365],[-100.356,18.5551],[-100.3519,18.5073],[-100.3665,18.4554],[-100.3269,18.4028],[-100.3025,18.39],[-100.2748,18.392],[-100.1479,18.4913],[-100.0712,18.6096],[-99.8497,18.6633],[-99.7848,18.6218],[-99.7578,18.6476],[-99.7473,18.6918],[-99.6603,18.7638],[-99.5908,18.7138],[-99.56,18.676],[-99.4955,18.6741],[-99.5074,18.6241],[-99.4676,18.6147],[-99.4578,18.5808],[-99.4363,18.5744],[-99.3903,18.5058],[-99.3446,18.498],[-99.3314,18.4529],[-99.2447,18.4539],[-99.2159,18.5464],[-99.1967,18.5579],[-99.1546,18.5492],[-99.1415,18.4966],[-99.1025,18.4286],[-99.059,18.3846],[-99.0497,18.3499],[-99.0314,18.2377],[-99.0017,18.243],[-98.9954,18.2047],[-98.9692,18.1855],[-98.9425,18.2005],[-98.9301,18.1951],[-98.9205,18.1399],[-98.8295,18.1163],[-98.8156,18.0696],[-98.7505,18.0085],[-98.5552,17.9519],[-98.4273,17.964],[-98.3478,17.8922],[-98.328,17.858],[-98.3887,17.6406],[-98.3865,17.6172],[-98.3623,17.5897],[-98.3802,17.5555],[-98.374,17.5278],[-98.3237,17.4648],[-98.3327,17.4242],[-98.3177,17.3967],[-98.3248,17.3175],[-98.2722,17.2945],[-98.2276,17.2229],[-98.1496,17.2151],[-98.0425,17.0856],[-98.0017,17.015],[-98.0184,16.9621],[-98.059,16.9004],[-98.0787,16.7663],[-98.1163,16.7272],[-98.1606,16.7053],[-98.2402,16.7026],[-98.2197,16.6181],[-98.2356,16.5783],[-98.3074,16.5777],[-98.3459,16.5473],[-98.3153,16.4675],[-98.3426,16.4097],[-98.3933,16.3721],[-98.5194,16.3507],[-98.5545,16.3183]]]}},{"type":"Feature","id":"Hidalgo","properties":{"id":"Hidalgo","iso_code":"MX-HID","name":"Hidalgo","name_full":"Hidalgo","name_ja":"イダルゴ州","center_lonlat":[-98.8682,20.4751]},"geometry":{"type":"Polygon","coordinates":[[[-99.0434,21.2683],[-98.9959,21.2965],[-98.9391,21.2912],[-98.9056,21.2161],[-98.8068,21.1743],[-98.7156,21.2082],[-98.6438,21.2013],[-98.6125,21.2174],[-98.5923,21.2122],[-98.5896,21.3715],[-98.5151,21.3988],[-98.4428,21.3537],[-98.4905,21.2917],[-98.4923,21.2561],[-98.4101,21.1776],[-98.3593,21.1553],[-98.2949,21.2084],[-98.2972,21.2432],[-98.2863,21.2463],[-98.2732,21.2389],[-98.2662,21.197],[-98.2882,21.1434],[-98.2775,21.1241],[-98.2485,21.1235],[-98.2124,21.1506],[-98.1299,21.0722],[-98.1498,21.0233],[-98.1723,21.0173],[-98.2324,20.9383],[-98.2296,20.8309],[-98.2609,20.8287],[-98.3659,20.8732],[-98.4245,20.8691],[-98.4191,20.7883],[-98.4841,20.772],[-98.4949,20.7569],[-98.4824,20.7325],[-98.4649,20.7297],[-98.4169,20.7448],[-98.4187,20.7094],[-98.4372,20.6768],[-98.5079,20.6245],[-98.5341,20.5314],[-98.5708,20.4949],[-98.5685,20.4723],[-98.5006,20.3624],[-98.4684,20.3536],[-98.4343,20.3711],[-98.3773,20.4648],[-98.3358,20.435],[-98.1461,20.6544],[-98.1108,20.6884],[-98.0794,20.6971],[-98.0618,20.6744],[-98.0313,20.673],[-98.0216,20.6608],[-98.0221,20.6179],[-98.0014,20.5807],[-98.0251,20.5248],[-98.0002,20.4845],[-98.0525,20.4277],[-98.1162,20.3934],[-98.1594,20.3297],[-98.2511,20.3026],[-98.2755,20.2422],[-98.2459,20.2024],[-98.1605,20.2227],[-98.1353,20.2103],[-98.1208,20.1374],[-98.1012,20.1024],[-98.101,20.0862],[-98.1575,20.0276],[-98.1726,19.9719],[-98.2513,19.8489],[-98.1431,19.6728],[-98.1927,19.6793],[-98.2517,19.7196],[-98.271,19.7104],[-98.3462,19.5945],[-98.3801,19.6124],[-98.4623,19.6229],[-98.4871,19.6441],[-98.5297,19.6139],[-98.5862,19.6313],[-98.6595,19.5855],[-98.5965,19.7214],[-98.6425,19.795],[-98.6977,19.8504],[-98.766,19.8411],[-98.7999,19.8752],[-98.8348,19.8864],[-98.9157,19.8043],[-98.9592,19.8088],[-98.9643,19.8397],[-98.9297,19.9312],[-98.9474,19.9334],[-98.9393,19.9658],[-98.9479,20.0022],[-99.0011,20.0397],[-99.0343,20.0411],[-99.1148,20.0011],[-99.2021,19.9791],[-99.223,19.8966],[-99.2712,19.8808],[-99.287,19.822],[-99.3212,19.8254],[-99.3866,19.7563],[-99.3995,19.8212],[-99.4247,19.8433],[-99.4316,19.8974],[-99.5122,19.9353],[-99.5186,19.9531],[-99.4858,20.061],[-99.5487,20.1576],[-99.609,20.1648],[-99.6256,20.1593],[-99.6415,20.1291],[-99.6579,20.1361],[-99.7447,20.2105],[-99.7919,20.2821],[-99.8441,20.3089],[-99.8195,20.5125],[-99.7136,20.5542],[-99.645,20.562],[-99.5973,20.6114],[-99.5777,20.6045],[-99.562,20.6308],[-99.49,20.6611],[-99.5191,20.7049],[-99.5214,20.7355],[-99.492,20.8344],[-99.4715,20.8623],[-99.3979,20.9142],[-99.383,20.9855],[-99.3543,21.0278],[-99.3804,21.096],[-99.3027,21.1475],[-99.2279,21.1188],[-99.1974,21.1241],[-99.1221,21.1713],[-99.0423,21.1758],[-99.0434,21.2683]]]}},{"type":"Feature","id":"Jalisco","properties":{"id":"Jalisco","iso_code":"MX-JAL","name":"Jalisco","name_full":"Jalisco","name_ja":"ハリスコ州","center_lonlat":[-103.6177,20.5992]},"geometry":{"type":"Polygon","coordinates":[[[-104.5926,19.1496],[-104.673,19.1766],[-104.6919,19.2076],[-104.7229,19.2115],[-104.7336,19.2285],[-104.8069,19.2291],[-104.8014,19.2947],[-104.8805,19.2791],[-104.9579,19.3181],[-105.0171,19.3685],[-105.0393,19.4356],[-105.0701,19.4478],[-105.0655,19.475],[-105.086,19.5057],[-105.0877,19.5611],[-105.1169,19.5856],[-105.1518,19.5842],[-105.2508,19.6661],[-105.3884,19.8524],[-105.4416,19.9064],[-105.5256,20.0319],[-105.5453,20.0916],[-105.5589,20.2182],[-105.5931,20.2456],[-105.6286,20.3],[-105.6557,20.3132],[-105.6902,20.3849],[-105.6987,20.4069],[-105.6831,20.4237],[-105.5756,20.4877],[-105.3287,20.5137],[-105.301,20.5318],[-105.2436,20.5836],[-105.2343,20.6361],[-105.2908,20.6852],[-105.267,20.6991],[-105.1528,20.8577],[-105.0946,20.9181],[-105.0574,20.9368],[-105.0273,20.9166],[-104.9243,20.9312],[-104.7779,21.0206],[-104.7279,21.0097],[-104.621,20.9231],[-104.5229,20.9066],[-104.4625,20.8304],[-104.378,20.7796],[-104.3528,20.7441],[-104.2856,20.708],[-104.2711,20.8615],[-104.2082,20.9933],[-104.2053,21.0705],[-104.2241,21.1693],[-104.2017,21.1986],[-104.0824,21.2051],[-104.0397,21.2198],[-103.9686,21.2871],[-103.9623,21.347],[-103.9447,21.3752],[-104.2103,21.5192],[-104.1581,21.5968],[-104.0984,21.7845],[-104.216,21.9163],[-104.3931,22.0698],[-104.3932,22.104],[-104.3298,22.2644],[-104.1318,22.3434],[-103.9522,22.3695],[-103.9269,22.507],[-103.9918,22.5743],[-103.9832,22.7716],[-103.7788,22.7347],[-103.795,22.624],[-103.8513,22.5685],[-103.8479,22.5057],[-103.8874,22.4671],[-103.8664,22.4087],[-103.889,22.3445],[-103.8901,22.2861],[-103.8804,22.2298],[-103.8521,22.1794],[-103.7611,22.5596],[-103.728,22.6064],[-103.7122,22.5919],[-103.6449,22.5889],[-103.645,22.5434],[-103.608,22.5244],[-103.6092,22.4948],[-103.6311,22.48],[-103.683,22.322],[-103.6633,22.2394],[-103.6783,22.1369],[-103.6582,22.1172],[-103.6166,22.1175],[-103.5694,22.1517],[-103.52,22.1465],[-103.4999,22.1243],[-103.4886,22.1349],[-103.4476,22.2418],[-103.4064,22.259],[-103.3908,22.3287],[-103.3586,22.3488],[-103.3604,22.3675],[-103.3924,22.3761],[-103.3986,22.3945],[-103.4268,22.4101],[-103.3728,22.5168],[-103.1852,22.3805],[-103.1891,22.3222],[-103.1151,22.3378],[-103.0924,22.2983],[-103.0442,22.3015],[-103.0394,22.2694],[-103.0691,22.2076],[-103.0908,22.182],[-103.1271,22.1741],[-103.1307,22.1634],[-103.1292,22.1403],[-103.0859,22.1246],[-103.0847,22.086],[-103.1293,22.0567],[-103.1561,21.9984],[-103.205,21.9774],[-103.289,21.9855],[-103.328,21.9429],[-103.4007,21.9288],[-103.5268,21.8172],[-103.5424,21.7897],[-103.5219,21.7359],[-103.5193,21.6003],[-103.5919,21.5587],[-103.6439,21.4868],[-103.7339,21.5249],[-103.7043,21.3842],[-103.7139,21.3295],[-103.7465,21.2973],[-103.747,21.2284],[-103.6534,21.2647],[-103.6371,21.2546],[-103.6256,21.2089],[-103.6113,21.1978],[-103.508,21.1961],[-103.4649,21.1621],[-103.382,21.158],[-103.2317,21.0791],[-103.1942,21.0678],[-103.1363,21.0738],[-103.083,21.0418],[-103.0596,21.0445],[-103.0475,21.074],[-103.0559,21.2658],[-103.045,21.2883],[-102.9149,21.2823],[-102.8147,21.3415],[-102.8026,21.3298],[-102.8083,21.2929],[-102.7866,21.295],[-102.74,21.3703],[-102.6878,21.398],[-102.6471,21.4873],[-102.6341,21.5342],[-102.6405,21.5683],[-102.7107,21.5772],[-102.7762,21.6078],[-102.7825,21.6538],[-102.7605,21.7488],[-102.6614,21.7778],[-102.468,21.6946],[-102.2863,21.6701],[-102.2312,21.6777],[-102.1458,21.7443],[-102.0799,21.7679],[-102.0491,21.8659],[-101.8917,21.9557],[-101.8454,22.0175],[-101.7642,21.9628],[-101.6644,21.9565],[-101.5779,21.8809],[-101.5288,21.8765],[-101.5205,21.8409],[-101.5797,21.7785],[-101.5862,21.7551],[-101.5334,21.6684],[-101.5383,21.6369],[-101.6151,21.5847],[-101.6401,21.5534],[-101.6369,21.5167],[-101.5682,21.4057],[-101.5727,21.3476],[-101.6621,21.2511],[-101.7015,21.232],[-101.7719,21.2301],[-101.813,21.1763],[-101.855,21.1484],[-102.005,20.938],[-102.0879,20.7907],[-102.0851,20.7293],[-101.9834,20.6404],[-101.9675,20.5874],[-101.9806,20.5553],[-102.0607,20.4683],[-102.0997,20.3868],[-102.2428,20.3404],[-102.2973,20.3622],[-102.4213,20.3426],[-102.4983,20.3147],[-102.528,20.2841],[-102.5921,20.2666],[-102.6498,20.2232],[-102.7535,20.2117],[-102.7814,20.1874],[-103.0775,20.1048],[-103.0857,20.0817],[-103.0738,19.9973],[-103.0364,19.9704],[-102.9339,19.9904],[-102.888,19.9616],[-102.7629,19.9524],[-102.7572,19.891],[-102.7068,19.8615],[-102.7286,19.8389],[-102.8098,19.8209],[-102.8166,19.7905],[-102.7965,19.6887],[-102.7625,19.6548],[-102.7387,19.5984],[-102.7457,19.4756],[-102.7074,19.468],[-102.6071,19.4897],[-102.5825,19.4246],[-102.5447,19.4],[-102.5486,19.3869],[-102.5883,19.3539],[-102.5964,19.313],[-102.6575,19.2311],[-102.6783,19.2248],[-102.7055,19.2508],[-102.751,19.2589],[-102.7914,19.2275],[-102.8844,19.2025],[-102.9366,19.153],[-102.9671,19.0744],[-103.1223,19.0061],[-103.1315,18.9679],[-103.1491,18.9538],[-103.1951,19.0036],[-103.2113,19.0151],[-103.2423,19.0129],[-103.2817,19.053],[-103.3481,18.9778],[-103.4778,18.9664],[-103.5252,19.0925],[-103.4948,19.1952],[-103.507,19.268],[-103.4913,19.3108],[-103.538,19.34],[-103.5648,19.3885],[-103.6006,19.4078],[-103.6486,19.5014],[-103.7169,19.4411],[-103.8014,19.4222],[-103.8335,19.3976],[-103.9307,19.4351],[-104.0506,19.5023],[-104.0558,19.5372],[-104.1354,19.4577],[-104.1522,19.3982],[-104.1903,19.3697],[-104.2145,19.3204],[-104.2546,19.3204],[-104.3157,19.2875],[-104.3847,19.2705],[-104.4206,19.288],[-104.4625,19.2616],[-104.4753,19.2295],[-104.4992,19.2495],[-104.5364,19.2489],[-104.5509,19.2127],[-104.5923,19.1725],[-104.5926,19.1496]]]}},{"type":"Feature","id":"Mexico","properties":{"id":"Mexico","iso_code":"MX-DIF","name":"Mexico","name_full":"Mexico","name_ja":"メキシコシティ","center_lonlat":[-99.1335,19.2719]},"geometry":{"type":"Polygon","coordinates":[[[-98.964,19.0891],[-99.0178,19.0864],[-99.0428,19.0578],[-99.1102,19.0915],[-99.2291,19.1092],[-99.2851,19.1424],[-99.3123,19.1856],[-99.3122,19.2273],[-99.3347,19.2467],[-99.3225,19.2682],[-99.3329,19.2977],[-99.3093,19.3626],[-99.2597,19.3609],[-99.185,19.4728],[-99.1529,19.4918],[-99.1655,19.5121],[-99.1237,19.5711],[-99.1013,19.551],[-99.0899,19.5027],[-99.0707,19.4888],[-99.0387,19.4273],[-99.0573,19.4046],[-99.0455,19.3903],[-99.0588,19.3773],[-98.99,19.3365],[-98.9666,19.3032],[-98.9664,19.2012],[-98.9391,19.1366],[-98.964,19.0891]]]}},{"type":"Feature","id":"Michoacan","properties":{"id":"Michoacan","iso_code":"MX-MIC","name":"Michoacan","name_full":"Michoacán","name_ja":"ミチョアカン州","center_lonlat":[-101.8873,19.2073]},"geometry":{"type":"Polygon","coordinates":[[[-102.1689,17.9212],[-102.1906,17.916],[-102.2886,17.9616],[-102.5972,18.0491],[-102.7423,18.067],[-103.0244,18.1858],[-103.1135,18.1921],[-103.1252,18.206],[-103.1409,18.2019],[-103.3437,18.271],[-103.3616,18.2668],[-103.4984,18.3335],[-103.5751,18.4923],[-103.629,18.548],[-103.7067,18.5912],[-103.6862,18.6286],[-103.742,18.6904],[-103.7081,18.7168],[-103.6791,18.7789],[-103.627,18.8024],[-103.6118,18.8885],[-103.5776,18.884],[-103.5249,18.9151],[-103.5253,18.933],[-103.5034,18.9382],[-103.4909,18.9686],[-103.4778,18.9664],[-103.3481,18.9778],[-103.2817,19.053],[-103.2423,19.0129],[-103.2113,19.0151],[-103.1951,19.0036],[-103.1491,18.9538],[-103.1315,18.9679],[-103.1223,19.0061],[-102.9671,19.0744],[-102.9366,19.153],[-102.8844,19.2025],[-102.7914,19.2275],[-102.751,19.2589],[-102.7055,19.2508],[-102.6783,19.2248],[-102.6575,19.2311],[-102.5964,19.313],[-102.5883,19.3539],[-102.5486,19.3869],[-102.5447,19.4],[-102.5825,19.4246],[-102.6071,19.4897],[-102.7074,19.468],[-102.7457,19.4756],[-102.7387,19.5984],[-102.7625,19.6548],[-102.7965,19.6887],[-102.8166,19.7905],[-102.8098,19.8209],[-102.7286,19.8389],[-102.7068,19.8615],[-102.7572,19.891],[-102.7629,19.9524],[-102.888,19.9616],[-102.9339,19.9904],[-103.0364,19.9704],[-103.0738,19.9973],[-103.0857,20.0817],[-103.0775,20.1048],[-102.7814,20.1874],[-102.7535,20.2117],[-102.6498,20.2232],[-102.5921,20.2666],[-102.528,20.2841],[-102.4983,20.3147],[-102.4213,20.3426],[-102.2973,20.3622],[-102.2428,20.3404],[-102.0997,20.3868],[-101.9956,20.4031],[-102.0161,20.3442],[-102.0061,20.3349],[-101.9918,20.3413],[-101.9821,20.3695],[-101.9649,20.3759],[-101.9493,20.366],[-101.9325,20.2519],[-101.8932,20.1989],[-101.838,20.212],[-101.8076,20.1983],[-101.7799,20.212],[-101.6735,20.1909],[-101.6384,20.2344],[-101.6155,20.3178],[-101.5363,20.3349],[-101.4612,20.3349],[-101.4622,20.3124],[-101.4009,20.2982],[-101.3769,20.2697],[-101.4341,20.2248],[-101.4115,20.1928],[-101.425,20.1642],[-101.4088,20.1359],[-101.4197,20.0536],[-101.3932,20.0393],[-101.3534,20.0547],[-101.3243,20.0409],[-101.2862,20.047],[-101.2132,20.0295],[-101.181,20.0532],[-101.1634,20.1016],[-101.1396,20.1076],[-101.1055,20.086],[-101.0207,20.097],[-100.9989,20.09],[-100.9981,20.0587],[-100.9829,20.043],[-100.9864,20.0234],[-101.045,19.9922],[-101.0397,19.9677],[-100.9311,19.9243],[-100.8749,19.9359],[-100.8296,19.9756],[-100.7746,19.9105],[-100.7333,19.9077],[-100.7162,19.9399],[-100.5608,19.9472],[-100.5457,19.9421],[-100.543,19.9111],[-100.5179,19.9089],[-100.4902,19.9538],[-100.3795,19.975],[-100.3988,20.0639],[-100.3912,20.1127],[-100.3493,20.1224],[-100.286,20.2134],[-100.2357,20.1909],[-100.1978,20.1439],[-100.1765,20.0862],[-100.1767,19.9785],[-100.1658,19.96],[-100.1228,19.938],[-100.1712,19.7563],[-100.1655,19.7106],[-100.2145,19.565],[-100.1748,19.4641],[-100.1464,19.4358],[-100.3301,19.3229],[-100.2988,19.2585],[-100.5167,19.0035],[-100.5273,18.9494],[-100.6069,18.8969],[-100.6236,18.8706],[-100.6848,18.7941],[-100.6986,18.8394],[-100.735,18.8572],[-100.7888,18.8012],[-100.7889,18.7823],[-100.7453,18.7344],[-100.7717,18.6842],[-100.746,18.5952],[-100.742,18.5243],[-100.6003,18.3998],[-100.6324,18.3371],[-100.6517,18.3586],[-100.6892,18.3259],[-100.7202,18.3777],[-100.6943,18.4073],[-100.6996,18.4411],[-100.7202,18.4522],[-100.7271,18.4317],[-100.7407,18.4359],[-100.8184,18.4977],[-100.9251,18.5006],[-100.9125,18.4856],[-100.953,18.4658],[-100.964,18.5019],[-100.9939,18.5006],[-101.0014,18.5285],[-101.0244,18.5388],[-101.0963,18.5285],[-101.2571,18.5371],[-101.4376,18.486],[-101.5153,18.4783],[-101.578,18.506],[-101.6177,18.562],[-101.6451,18.5798],[-101.8022,18.5882],[-101.8388,18.5765],[-101.8806,18.5228],[-101.8933,18.4586],[-101.8764,18.2952],[-101.9307,18.2082],[-102.133,18.1864],[-102.164,18.1539],[-102.1789,18.0206],[-102.1513,17.9587],[-102.1689,17.9212]]]}},{"type":"Feature","id":"Morelos","properties":{"id":"Morelos","iso_code":"MX-MOR","name":"Morelos","name_full":"Morelos","name_ja":"モレロス州","center_lonlat":[-99.0659,18.7546]},"geometry":{"type":"Polygon","coordinates":[[[-98.6464,19.0236],[-98.6551,18.9461],[-98.6767,18.9414],[-98.6582,18.8912],[-98.7334,18.8119],[-98.7102,18.7994],[-98.7115,18.7702],[-98.6776,18.7303],[-98.6661,18.6923],[-98.6914,18.6831],[-98.75,18.6919],[-98.6769,18.4275],[-98.6959,18.4229],[-98.7708,18.4803],[-98.8257,18.494],[-98.8778,18.4805],[-98.9292,18.4371],[-98.9403,18.4036],[-99.0497,18.3499],[-99.059,18.3846],[-99.1025,18.4286],[-99.1415,18.4966],[-99.1546,18.5492],[-99.1967,18.5579],[-99.2159,18.5464],[-99.2447,18.4539],[-99.3314,18.4529],[-99.3446,18.498],[-99.3903,18.5058],[-99.4363,18.5744],[-99.4578,18.5808],[-99.4676,18.6147],[-99.5074,18.6241],[-99.4955,18.6741],[-99.4724,18.8005],[-99.4369,18.8239],[-99.3908,18.8956],[-99.3076,18.9348],[-99.3061,18.9784],[-99.3374,19.0181],[-99.3062,19.0474],[-99.3321,19.0889],[-99.2851,19.1424],[-99.2291,19.1092],[-99.1102,19.0915],[-99.0428,19.0578],[-99.0178,19.0864],[-98.964,19.0891],[-98.8984,19.0754],[-98.8598,19.0425],[-98.8401,19.0446],[-98.8042,18.9661],[-98.7202,18.9646],[-98.6891,19.0031],[-98.6464,19.0236]]]}},{"type":"Feature","id":"Nayarit","properties":{"id":"Nayarit","iso_code":"MX-NAY","name":"Nayarit","name_full":"Nayarit","name_ja":"ナヤリット州","center_lonlat":[-104.8933,21.8447]},"geometry":{"type":"MultiPolygon","coordinates":[[[[-105.2908,20.6852],[-105.3102,20.7272],[-105.3616,20.7628],[-105.4109,20.734],[-105.5141,20.7703],[-105.5329,20.7564],[-105.5449,20.7681],[-105.5236,20.7897],[-105.5044,20.7849],[-105.4865,20.7962],[-105.4553,20.867],[-105.4399,20.8714],[-105.4039,20.9289],[-105.3582,20.9577],[-105.3097,21.0307],[-105.2706,21.0253],[-105.2343,21.061],[-105.2329,21.183],[-105.2161,21.2044],[-105.2431,21.3421],[-105.2305,21.3886],[-105.1866,21.4534],[-105.2176,21.5172],[-105.2438,21.5272],[-105.2635,21.5134],[-105.4484,21.631],[-105.5494,21.8302],[-105.6323,21.9557],[-105.6573,22.0473],[-105.6477,22.1906],[-105.655,22.2563],[-105.7327,22.5041],[-105.7241,22.5095],[-105.6787,22.449],[-105.6618,22.48],[-105.6775,22.5352],[-105.5914,22.5442],[-105.5326,22.5],[-105.5,22.49],[-105.466,22.4949],[-105.4428,22.5147],[-105.4639,22.6251],[-105.473,22.6482],[-105.492,22.6577],[-105.4865,22.6841],[-105.5171,22.6979],[-105.5771,22.7702],[-105.5557,22.8122],[-105.445,22.9142],[-105.472,22.9736],[-105.4518,23.0236],[-105.3886,23.0333],[-105.1788,23.0316],[-105.083,22.9952],[-104.9455,22.9156],[-104.8886,22.7903],[-104.9886,22.6916],[-105.0022,22.5934],[-104.9967,22.5435],[-104.9424,22.5562],[-104.7743,22.6762],[-104.7537,22.674],[-104.6592,22.6166],[-104.6138,22.4815],[-104.5335,22.4274],[-104.4772,22.4168],[-104.3346,22.4749],[-104.3114,22.3191],[-104.3298,22.2644],[-104.3932,22.104],[-104.3931,22.0698],[-104.216,21.9163],[-104.0984,21.7845],[-104.1581,21.5968],[-104.2103,21.5192],[-103.9447,21.3752],[-103.9623,21.347],[-103.9686,21.2871],[-104.0397,21.2198],[-104.0824,21.2051],[-104.2017,21.1986],[-104.2241,21.1693],[-104.2053,21.0705],[-104.2082,20.9933],[-104.2711,20.8615],[-104.2856,20.708],[-104.3528,20.7441],[-104.378,20.7796],[-104.4625,20.8304],[-104.5229,20.9066],[-104.621,20.9231],[-104.7279,21.0097],[-104.7779,21.0206],[-104.9243,20.9312],[-105.0273,20.9166],[-105.0574,20.9368],[-105.0946,20.9181],[-105.1528,20.8577],[-105.267,20.6991],[-105.2908,20.6852]]],[[[-106.5124,21.597],[-106.5117,21.5719],[-106.5324,21.5416],[-106.5451,21.5619],[-106.6312,21.6009],[-106.6608,21.6931],[-106.6,21.6915],[-106.548,21.6685],[-106.5345,21.6576],[-106.5394,21.6364],[-106.5048,21.6029],[-106.5124,21.597]]],[[[-106.4042,21.4839],[-106.3727,21.482],[-106.3629,21.4643],[-106.3871,21.4206],[-106.4787,21.4514],[-106.4926,21.469],[-106.4596,21.4949],[-106.4042,21.4839]]],[[[-106.224,21.3287],[-106.2275,21.2912],[-106.2473,21.2897],[-106.2794,21.3147],[-106.26,21.3341],[-106.224,21.3287]]],[[[-106.6638,21.7772],[-106.6578,21.7399],[-106.679,21.727],[-106.6889,21.7468],[-106.6781,21.7748],[-106.6638,21.7772]]]]}},{"type":"Feature","id":"Nuevo Leon","properties":{"id":"Nuevo Leon","iso_code":"MX-NLE","name":"Nuevo Leon","name_full":"Nuevo León","name_ja":"ヌエボ・レオン州","center_lonlat":[-99.9629,25.5699]},"geometry":{"type":"Polygon","coordinates":[[[-99.807,27.7714],[-99.7746,27.7358],[-99.7404,27.7222],[-99.7107,27.6701],[-99.9099,27.5722],[-99.9148,27.5343],[-99.9036,27.4998],[-99.7779,27.4819],[-99.7564,27.4505],[-99.7119,27.1996],[-99.6761,27.1537],[-99.728,26.9931],[-99.7319,26.9323],[-99.7004,26.8963],[-99.6301,26.8839],[-99.5626,26.835],[-99.6045,26.7804],[-99.6193,26.716],[-99.6529,26.6838],[-99.5582,26.6847],[-99.4458,26.6419],[-99.3914,26.5979],[-99.3842,26.5402],[-99.4229,26.4644],[-99.4197,26.3992],[-99.3918,26.3656],[-99.3328,26.395],[-99.2545,26.2948],[-99.18,26.2887],[-99.1522,26.084],[-99.1331,26.0567],[-99.1092,26.0801],[-99.0798,26.0775],[-99.0585,26.0983],[-99.0372,26.1008],[-98.8888,25.9708],[-98.8302,26.0593],[-98.5689,25.9974],[-98.5528,25.9189],[-98.561,25.5026],[-98.5543,25.4769],[-98.4498,25.4687],[-98.4457,25.4246],[-98.8873,25.0863],[-98.9805,25.071],[-99.0027,25.0802],[-99.0338,25.1196],[-99.1065,25.0489],[-99.1453,25.052],[-99.1425,25.013],[-99.1885,25.0069],[-99.1424,24.9459],[-99.193,24.878],[-99.1639,24.7758],[-99.294,24.8267],[-99.3356,24.7902],[-99.4147,24.7792],[-99.442,24.7507],[-99.4785,24.7398],[-99.4954,24.7167],[-99.5,24.6743],[-99.5473,24.6458],[-99.587,24.6585],[-99.6506,24.6391],[-99.7368,24.5697],[-99.71,24.4725],[-99.6063,24.5125],[-99.5739,24.3619],[-99.6163,24.1861],[-99.6094,24.0918],[-99.5928,24.0651],[-99.4637,23.9574],[-99.4517,23.8916],[-99.5022,23.8904],[-99.5997,23.7668],[-99.8401,23.7408],[-99.9503,23.5386],[-99.906,23.3751],[-100.0429,23.4153],[-100.1256,23.3562],[-100.055,23.3138],[-100.0463,23.2972],[-100.0573,23.2411],[-100.3268,23.2541],[-100.3251,23.2022],[-100.34,23.1896],[-100.3988,23.2004],[-100.4393,23.229],[-100.4728,23.433],[-100.453,23.4999],[-100.4943,23.6616],[-100.4803,23.7885],[-100.4876,23.8215],[-100.5798,23.9305],[-100.5972,23.9744],[-100.6181,24.311],[-100.8284,24.565],[-100.7672,24.7759],[-100.7962,24.8935],[-100.7316,24.9624],[-100.7762,25.0115],[-100.8355,25.0413],[-100.7944,25.1216],[-100.7146,25.1823],[-100.5961,25.2295],[-100.5288,25.2294],[-100.4022,25.1926],[-100.2736,25.2032],[-100.2596,25.2091],[-100.2584,25.2574],[-100.1993,25.2759],[-100.3035,25.3449],[-100.3939,25.3537],[-100.4683,25.343],[-100.478,25.3514],[-100.4731,25.3767],[-100.4989,25.3975],[-100.5723,25.4139],[-100.6277,25.4764],[-100.6964,25.5058],[-100.6909,25.5253],[-100.6648,25.5299],[-100.5709,25.4983],[-100.5717,25.5238],[-100.5817,25.5461],[-100.6362,25.5569],[-100.6355,25.5879],[-100.6486,25.6046],[-100.7386,25.6265],[-100.782,25.678],[-100.8463,25.7853],[-100.8477,25.9569],[-100.9233,26.0001],[-100.9464,26.1078],[-100.9903,26.1498],[-101.049,26.1656],[-101.1087,26.2834],[-101.2157,26.373],[-100.7526,26.7319],[-100.7115,26.6173],[-100.6092,26.7164],[-100.5519,26.8869],[-100.5595,27.053],[-100.6339,27.0709],[-100.6651,27.0995],[-100.6825,27.0728],[-100.7118,27.0643],[-100.7044,27.0271],[-100.7538,27.0131],[-100.7514,27.0388],[-100.7996,27.0597],[-100.813,27.1995],[-100.6782,27.2817],[-100.6275,27.3279],[-100.5118,27.3657],[-100.4946,27.3449],[-100.4552,27.3536],[-100.4352,27.3797],[-100.3582,27.6742],[-100.1819,27.7935],[-99.9757,27.6376],[-99.807,27.7714]]]}},{"type":"Feature","id":"Oaxaca","properties":{"id":"Oaxaca","iso_code":"MX-OAX","name":"Oaxaca","name_full":"Oaxaca","name_ja":"オアハカ州","center_lonlat":[-96.4302,16.9634]},"geometry":{"type":"Polygon","coordinates":[[[-94.1149,16.0572],[-94.3438,16.1477],[-94.3922,16.1777],[-94.6224,16.2023],[-94.7224,16.1997],[-94.729,16.2094],[-94.7118,16.2303],[-94.6254,16.2565],[-94.5871,16.2824],[-94.5808,16.3265],[-94.67,16.3638],[-94.6833,16.3402],[-94.7633,16.2935],[-94.7931,16.2576],[-94.8074,16.2986],[-94.7727,16.3272],[-94.8144,16.4031],[-94.8521,16.4289],[-94.8787,16.4246],[-94.9214,16.3953],[-94.975,16.3265],[-95.0333,16.3265],[-95.0275,16.3085],[-95.0538,16.2952],[-95.0638,16.2683],[-94.9994,16.251],[-94.9021,16.2517],[-94.8689,16.2576],[-94.8341,16.2855],[-94.828,16.2703],[-94.8588,16.2563],[-94.9303,16.244],[-94.8055,16.2371],[-94.7764,16.2266],[-94.767,16.1987],[-94.8191,16.2137],[-94.8959,16.2117],[-95.0653,16.1836],[-95.1493,16.187],[-95.1493,16.1683],[-95.2332,16.1582],[-95.2845,16.1042],[-95.3533,16.0795],[-95.3782,16.0475],[-95.3726,16.0275],[-95.4255,15.9994],[-95.4345,15.9754],[-95.5724,15.9571],[-95.6623,15.9116],[-95.7551,15.8993],[-95.7786,15.8733],[-95.9599,15.8279],[-96.1063,15.7573],[-96.1167,15.762],[-96.1255,15.7379],[-96.2366,15.6833],[-96.4311,15.6959],[-96.4861,15.6608],[-96.556,15.659],[-96.681,15.7094],[-96.8451,15.7326],[-96.9307,15.7827],[-97.0223,15.8072],[-97.0495,15.8289],[-97.0623,15.8594],[-97.266,15.9359],[-97.3455,15.9459],[-97.3686,15.9346],[-97.4592,15.945],[-97.5297,15.9682],[-97.66,15.9765],[-97.6817,15.9622],[-97.7727,15.9795],[-97.9813,16.1094],[-98.1542,16.1903],[-98.1721,16.2092],[-98.0821,16.1893],[-98.0685,16.2023],[-98.1107,16.2186],[-98.1238,16.2092],[-98.1784,16.2365],[-98.2159,16.2247],[-98.4453,16.2781],[-98.5545,16.3183],[-98.5194,16.3507],[-98.3933,16.3721],[-98.3426,16.4097],[-98.3153,16.4675],[-98.3459,16.5473],[-98.3074,16.5777],[-98.2356,16.5783],[-98.2197,16.6181],[-98.2402,16.7026],[-98.1606,16.7053],[-98.1163,16.7272],[-98.0787,16.7663],[-98.059,16.9004],[-98.0184,16.9621],[-98.0017,17.015],[-98.0425,17.0856],[-98.1496,17.2151],[-98.2276,17.2229],[-98.2722,17.2945],[-98.3248,17.3175],[-98.3177,17.3967],[-98.3327,17.4242],[-98.3237,17.4648],[-98.374,17.5278],[-98.3802,17.5555],[-98.3623,17.5897],[-98.3865,17.6172],[-98.3887,17.6406],[-98.328,17.858],[-98.3478,17.8922],[-98.3098,17.923],[-98.2428,17.9138],[-98.2156,17.9384],[-98.1731,18.0175],[-98.149,18.0263],[-98.0055,18.0227],[-97.9251,18.0358],[-97.9081,18.0226],[-97.8907,17.9374],[-97.8736,17.9165],[-97.7961,17.9427],[-97.7385,17.9943],[-97.7327,18.0145],[-97.7472,18.0555],[-97.8137,18.1201],[-97.8125,18.1547],[-97.7249,18.3022],[-97.712,18.3147],[-97.6729,18.3185],[-97.6061,18.3604],[-97.6402,18.1705],[-97.5453,18.1055],[-97.532,18.0508],[-97.502,18.0058],[-97.4531,17.9783],[-97.427,17.9901],[-97.3556,18.111],[-97.3136,18.1446],[-97.2533,18.1691],[-97.1879,18.1763],[-97.1185,18.1465],[-96.9946,18.1235],[-96.8942,18.2341],[-96.7895,18.2837],[-96.7281,18.4102],[-96.6648,18.4765],[-96.6338,18.5358],[-96.6641,18.6689],[-96.5622,18.5929],[-96.4495,18.5641],[-96.411,18.5393],[-96.3571,18.3873],[-96.2602,18.2995],[-96.2289,18.201],[-96.2036,18.1851],[-96.1702,18.1858],[-96.1604,18.1497],[-96.1093,18.1428],[-96.0831,18.1714],[-95.9664,18.1657],[-95.8377,18.1204],[-95.7755,17.9954],[-95.8212,17.9073],[-95.8938,17.8243],[-95.9085,17.7563],[-95.797,17.5375],[-95.7702,17.516],[-95.7234,17.5023],[-95.6617,17.5264],[-95.6004,17.5176],[-95.5611,17.5349],[-95.5549,17.5571],[-95.4777,17.5911],[-95.431,17.6361],[-95.3642,17.6414],[-95.356,17.6597],[-95.308,17.6727],[-95.2765,17.7157],[-95.244,17.7032],[-95.2411,17.7301],[-95.2084,17.7323],[-95.1965,17.7105],[-95.2056,17.6484],[-95.2423,17.6288],[-95.2547,17.5826],[-95.0755,17.3911],[-94.9988,17.3604],[-94.9795,17.3197],[-94.9912,17.3007],[-94.9717,17.237],[-94.9385,17.2165],[-93.8734,17.1502],[-93.8681,17.0122],[-93.8943,17.0172],[-93.9053,17.0005],[-93.9069,16.8919],[-94.0415,16.8005],[-94.0398,16.6429],[-94.1251,16.5088],[-94.0399,16.3026],[-94.0464,16.2159],[-94.0836,16.1489],[-94.1164,16.1791],[-94.1278,16.2209],[-94.1424,16.2268],[-94.2242,16.2036],[-94.2667,16.2153],[-94.3777,16.2954],[-94.4173,16.2925],[-94.4164,16.244],[-94.4365,16.2456],[-94.4142,16.234],[-94.4369,16.2228],[-94.3455,16.1632],[-94.2926,16.1411],[-94.2655,16.1484],[-94.3413,16.1819],[-94.2195,16.1613],[-94.17,16.1347],[-94.1836,16.1204],[-94.094,16.099],[-94.1149,16.0572]]]}},{"type":"Feature","id":"Puebla","properties":{"id":"Puebla","iso_code":"MX-PUE","name":"Puebla","name_full":"Puebla","name_ja":"プエブラ州","center_lonlat":[-97.8847,19.0125]},"geometry":{"type":"Polygon","coordinates":[[[-98.6464,19.0236],[-98.6512,19.1698],[-98.6328,19.1896],[-98.6717,19.3899],[-98.6409,19.4619],[-98.5483,19.4379],[-98.4927,19.4543],[-98.4659,19.4383],[-98.433,19.3441],[-98.3857,19.3081],[-98.3431,19.229],[-98.2525,19.1619],[-98.2157,19.1125],[-98.1935,19.1065],[-98.1083,19.1349],[-98.0501,19.2092],[-97.9291,19.1585],[-97.8844,19.1662],[-97.8467,19.2119],[-97.8834,19.2671],[-97.8276,19.3114],[-97.7755,19.2964],[-97.7294,19.305],[-97.698,19.2829],[-97.6681,19.2839],[-97.6204,19.3195],[-97.6128,19.3463],[-97.6212,19.3646],[-97.6931,19.3809],[-97.759,19.4479],[-97.7947,19.4568],[-97.8445,19.4363],[-97.8822,19.5011],[-97.8506,19.5172],[-97.8426,19.5435],[-97.9408,19.5798],[-97.9816,19.6206],[-98.0346,19.6361],[-98.0282,19.6918],[-98.0436,19.7186],[-98.0625,19.7308],[-98.0729,19.7163],[-98.0725,19.6771],[-98.1431,19.6728],[-98.2513,19.8489],[-98.1726,19.9719],[-98.1575,20.0276],[-98.101,20.0862],[-98.1012,20.1024],[-98.1208,20.1374],[-98.1353,20.2103],[-98.1605,20.2227],[-98.2459,20.2024],[-98.2755,20.2422],[-98.2511,20.3026],[-98.1594,20.3297],[-98.1162,20.3934],[-98.0525,20.4277],[-98.0002,20.4845],[-97.9654,20.5161],[-97.9463,20.5705],[-97.9475,20.6456],[-97.9664,20.6822],[-97.9419,20.6905],[-97.9359,20.7305],[-97.8962,20.758],[-97.8873,20.8201],[-97.7792,20.8138],[-97.7428,20.7781],[-97.7409,20.7131],[-97.7008,20.6444],[-97.7224,20.6108],[-97.6493,20.6047],[-97.5888,20.5822],[-97.5586,20.5042],[-97.622,20.4213],[-97.6533,20.4236],[-97.6934,20.4658],[-97.727,20.4403],[-97.7781,20.4299],[-97.7595,20.3361],[-97.7787,20.2902],[-97.7741,20.2732],[-97.7143,20.2391],[-97.6778,20.1789],[-97.6055,20.1871],[-97.5951,20.1344],[-97.5788,20.1188],[-97.5225,20.1579],[-97.4704,20.2375],[-97.4035,20.2596],[-97.2381,20.175],[-97.1529,20.1458],[-97.1355,20.1217],[-97.1542,20.0803],[-97.2545,19.9787],[-97.3089,19.8968],[-97.3075,19.7483],[-97.3245,19.6945],[-97.3838,19.6472],[-97.3924,19.5758],[-97.3565,19.5501],[-97.3592,19.5248],[-97.3206,19.4808],[-97.3474,19.4555],[-97.4075,19.446],[-97.3868,19.4229],[-97.3412,19.4176],[-97.3168,19.3876],[-97.2696,19.3996],[-97.209,19.3297],[-97.1125,19.3032],[-97.06,19.3195],[-96.9815,19.2808],[-97.0375,19.2173],[-97.0817,19.209],[-97.1091,19.1787],[-97.167,19.1938],[-97.2641,19.1604],[-97.2697,19.1057],[-97.2263,18.8925],[-97.2821,18.8685],[-97.3309,18.8099],[-97.339,18.7521],[-97.3104,18.6845],[-97.2871,18.6632],[-97.2209,18.6756],[-97.1364,18.6499],[-97.1199,18.5939],[-97.0914,18.5511],[-97.1093,18.5001],[-97.1005,18.4851],[-97.0401,18.479],[-96.9741,18.5178],[-96.8002,18.5505],[-96.7856,18.4783],[-96.7281,18.4102],[-96.7895,18.2837],[-96.8942,18.2341],[-96.9946,18.1235],[-97.1185,18.1465],[-97.1879,18.1763],[-97.2533,18.1691],[-97.3136,18.1446],[-97.3556,18.111],[-97.427,17.9901],[-97.4531,17.9783],[-97.502,18.0058],[-97.532,18.0508],[-97.5453,18.1055],[-97.6402,18.1705],[-97.6061,18.3604],[-97.6729,18.3185],[-97.712,18.3147],[-97.7249,18.3022],[-97.8125,18.1547],[-97.8137,18.1201],[-97.7472,18.0555],[-97.7327,18.0145],[-97.7385,17.9943],[-97.7961,17.9427],[-97.8736,17.9165],[-97.8907,17.9374],[-97.9081,18.0226],[-97.9251,18.0358],[-98.0055,18.0227],[-98.149,18.0263],[-98.1731,18.0175],[-98.2156,17.9384],[-98.2428,17.9138],[-98.3098,17.923],[-98.3478,17.8922],[-98.4273,17.964],[-98.5552,17.9519],[-98.7505,18.0085],[-98.8156,18.0696],[-98.8295,18.1163],[-98.9205,18.1399],[-98.9301,18.1951],[-98.9425,18.2005],[-98.9692,18.1855],[-98.9954,18.2047],[-99.0017,18.243],[-99.0314,18.2377],[-99.0497,18.3499],[-98.9403,18.4036],[-98.9292,18.4371],[-98.8778,18.4805],[-98.8257,18.494],[-98.7708,18.4803],[-98.6959,18.4229],[-98.6769,18.4275],[-98.75,18.6919],[-98.6914,18.6831],[-98.6661,18.6923],[-98.6776,18.7303],[-98.7115,18.7702],[-98.7102,18.7994],[-98.7334,18.8119],[-98.6582,18.8912],[-98.6767,18.9414],[-98.6551,18.9461],[-98.6464,19.0236]]]}},{"type":"Feature","id":"Queretaro","properties":{"id":"Queretaro","iso_code":"MX-QUE","name":"Queretaro","name_full":"Querétaro","name_ja":"ケレタロ州","center_lonlat":[-99.8641,20.8239]},"geometry":{"type":"Polygon","coordinates":[[[-99.0434,21.2683],[-99.0423,21.1758],[-99.1221,21.1713],[-99.1974,21.1241],[-99.2279,21.1188],[-99.3027,21.1475],[-99.3804,21.096],[-99.3543,21.0278],[-99.383,20.9855],[-99.3979,20.9142],[-99.4715,20.8623],[-99.492,20.8344],[-99.5214,20.7355],[-99.5191,20.7049],[-99.49,20.6611],[-99.562,20.6308],[-99.5777,20.6045],[-99.5973,20.6114],[-99.645,20.562],[-99.7136,20.5542],[-99.8195,20.5125],[-99.8441,20.3089],[-99.9377,20.2523],[-99.8885,20.1905],[-99.9509,20.1709],[-100.1228,19.938],[-100.1658,19.96],[-100.1767,19.9785],[-100.1765,20.0862],[-100.1978,20.1439],[-100.2357,20.1909],[-100.286,20.2134],[-100.3274,20.2313],[-100.3377,20.2526],[-100.374,20.2725],[-100.3947,20.3217],[-100.4688,20.4019],[-100.4846,20.4356],[-100.4911,20.5434],[-100.5584,20.6581],[-100.5652,20.7398],[-100.5201,20.8284],[-100.5104,20.896],[-100.4597,20.9675],[-100.4391,20.9698],[-100.4115,20.9122],[-100.342,20.8969],[-100.2349,20.9314],[-100.1832,20.879],[-100.1619,20.8788],[-100.1329,20.9096],[-100.1058,20.9167],[-100.0809,20.9684],[-100.0658,21.1249],[-100.036,21.1786],[-99.9598,21.2012],[-99.9141,21.188],[-99.8838,21.1595],[-99.8269,21.1583],[-99.7878,21.174],[-99.7716,21.202],[-99.7139,21.2338],[-99.7086,21.2603],[-99.7197,21.2701],[-99.7752,21.2774],[-99.7925,21.2914],[-99.7906,21.4191],[-99.7484,21.505],[-99.7201,21.5147],[-99.6427,21.4614],[-99.6268,21.4267],[-99.5823,21.3942],[-99.4761,21.407],[-99.4625,21.4243],[-99.4189,21.4347],[-99.3812,21.4326],[-99.3354,21.4957],[-99.3252,21.5339],[-99.266,21.5385],[-99.2558,21.5796],[-99.1983,21.6231],[-99.1975,21.6455],[-99.1534,21.5024],[-99.0988,21.3815],[-99.1123,21.2903],[-99.0753,21.2882],[-99.0434,21.2683]]]}},{"type":"Feature","id":"Quintana Roo","properties":{"id":"Quintana Roo","iso_code":"MX-ROO","name":"Quintana Roo","name_full":"Quintana Roo","name_ja":"キンタナ・ロー州","center_lonlat":[-88.1253,19.6773]},"geometry":{"type":"MultiPolygon","coordinates":[[[[-89.1463,17.9515],[-89.1541,18.0314],[-89.0584,18.1443],[-89.0357,18.2027],[-89.0416,18.336],[-89.061,18.4251],[-89.0445,18.4922],[-89.0759,18.5058],[-89.0593,18.5372],[-89.0671,18.5896],[-89.1011,18.632],[-89.1088,18.6908],[-89.0764,18.8872],[-89.0824,18.9614],[-89.0207,19.0335],[-89.0135,19.2178],[-89.0372,19.2892],[-89.1346,19.4052],[-89.3739,19.5939],[-89.4154,19.651],[-89.3702,19.755],[-89.3688,19.8201],[-89.202,19.8417],[-89.1509,19.893],[-89.0557,19.9318],[-88.9275,19.9409],[-88.8394,20.0139],[-88.7915,19.9812],[-88.7817,19.9982],[-88.79,20.019],[-88.7074,20.0808],[-88.6133,20.1256],[-88.5574,20.1373],[-88.5037,20.1702],[-88.4453,20.1837],[-88.4002,20.234],[-88.3738,20.3006],[-88.3463,20.3186],[-88.3133,20.3164],[-88.2833,20.2651],[-88.2608,20.263],[-88.2724,20.3434],[-88.2184,20.4326],[-88.194,20.4528],[-88.1607,20.4592],[-88.1064,20.4283],[-87.9884,20.4427],[-87.9043,20.4863],[-87.6749,20.6479],[-87.6086,20.7756],[-87.5963,20.8411],[-87.534,20.9557],[-87.5388,21.0179],[-87.585,21.1111],[-87.5688,21.2107],[-87.5294,21.2653],[-87.5251,21.2988],[-87.5398,21.4993],[-87.5019,21.4993],[-87.4746,21.4801],[-87.5019,21.4801],[-87.4927,21.4685],[-87.4299,21.4726],[-87.3511,21.4521],[-87.2382,21.443],[-87.1556,21.4818],[-87.13,21.5194],[-87.1383,21.5631],[-87.1999,21.5623],[-87.2566,21.528],[-87.3312,21.5341],[-87.3375,21.5546],[-87.4023,21.5095],[-87.4132,21.5341],[-87.3653,21.574],[-87.2721,21.5608],[-87.1342,21.6195],[-87.1115,21.6234],[-87.0433,21.6021],[-86.9979,21.5659],[-86.9185,21.4396],[-86.828,21.4333],[-86.8105,21.3703],[-86.8235,21.3183],[-86.8151,21.2048],[-86.7909,21.1584],[-86.7416,21.1641],[-86.7899,21.0649],[-86.7837,21.036],[-86.8277,21.0126],[-86.8753,20.855],[-87.0675,20.6192],[-87.1804,20.5472],[-87.235,20.4926],[-87.3539,20.327],[-87.3653,20.2939],[-87.3847,20.2842],[-87.379,20.2667],[-87.4305,20.221],[-87.4713,20.069],[-87.4678,19.9848],[-87.433,19.8998],[-87.4425,19.8531],[-87.4609,19.8415],[-87.4798,19.7843],[-87.4818,19.8367],[-87.4473,19.862],[-87.4439,19.9135],[-87.478,19.9648],[-87.4883,19.9544],[-87.4746,19.9309],[-87.4746,19.8756],[-87.4547,19.8893],[-87.5253,19.8029],[-87.5497,19.8176],[-87.5799,19.799],[-87.6673,19.6338],[-87.68,19.636],[-87.6588,19.6555],[-87.6601,19.6838],[-87.7347,19.6838],[-87.7412,19.6717],[-87.7444,19.6306],[-87.7315,19.6005],[-87.6931,19.5701],[-87.6601,19.5678],[-87.6738,19.5057],[-87.6544,19.5075],[-87.6186,19.5466],[-87.5646,19.5678],[-87.5094,19.5466],[-87.4957,19.5678],[-87.4547,19.5603],[-87.4678,19.5466],[-87.4414,19.5537],[-87.4258,19.5921],[-87.4404,19.595],[-87.4341,19.5771],[-87.4439,19.5739],[-87.5292,19.5876],[-87.4473,19.5808],[-87.4404,19.636],[-87.4128,19.5776],[-87.433,19.492],[-87.4584,19.455],[-87.5348,19.402],[-87.5708,19.3964],[-87.5526,19.4016],[-87.5367,19.4374],[-87.6177,19.4055],[-87.6557,19.3732],[-87.6671,19.3344],[-87.6466,19.3549],[-87.6759,19.3112],[-87.6601,19.307],[-87.6879,19.2421],[-87.639,19.2209],[-87.5925,19.2683],[-87.5671,19.3172],[-87.4957,19.3276],[-87.5162,19.2866],[-87.4809,19.3198],[-87.4609,19.3207],[-87.497,19.289],[-87.5334,19.2281],[-87.5572,19.1562],[-87.5489,19.133],[-87.6062,19.0204],[-87.626,18.8894],[-87.662,18.7668],[-87.737,18.645],[-87.7392,18.536],[-87.758,18.4995],[-87.7626,18.4294],[-87.8194,18.3386],[-87.8414,18.2777],[-87.8446,18.1967],[-87.8588,18.2451],[-87.875,18.2257],[-87.8872,18.23],[-87.8656,18.3276],[-87.8855,18.2922],[-87.8793,18.3406],[-87.8964,18.3581],[-87.8998,18.3891],[-87.9353,18.4001],[-87.9265,18.4163],[-87.9352,18.4431],[-88.0778,18.4986],[-88.0773,18.5358],[-88.0438,18.5734],[-88.0505,18.5958],[-88.0022,18.6901],[-88.0165,18.7072],[-88.0045,18.7869],[-88.0363,18.875],[-88.1039,18.8027],[-88.1273,18.7302],[-88.1429,18.7316],[-88.1347,18.7695],[-88.1492,18.75],[-88.1988,18.7399],[-88.2478,18.6963],[-88.2555,18.6765],[-88.2159,18.6995],[-88.1871,18.7385],[-88.1809,18.7212],[-88.1947,18.6765],[-88.1708,18.7014],[-88.1507,18.6986],[-88.1735,18.6833],[-88.2833,18.4914],[-88.3908,18.4757],[-88.4132,18.4908],[-88.4596,18.4757],[-88.4892,18.4845],[-88.5278,18.4541],[-88.5548,18.3522],[-88.6077,18.2834],[-88.617,18.2354],[-88.6966,18.1781],[-88.6895,18.1612],[-88.7266,18.0667],[-88.7769,18.0238],[-88.8054,17.965],[-88.8564,17.9283],[-88.8714,17.891],[-88.9333,17.9204],[-88.947,17.9485],[-88.9798,17.9494],[-89.0494,17.9992],[-89.1326,17.9703],[-89.1463,17.9515]]],[[[-86.749,20.5922],[-86.7353,20.5854],[-86.7971,20.4775],[-86.844,20.4373],[-86.8898,20.3537],[-86.9953,20.2608],[-87.0189,20.3325],[-87.0197,20.3974],[-86.9681,20.5063],[-86.9054,20.5677],[-86.8371,20.5472],[-86.7713,20.5661],[-86.749,20.5922]]],[[[-87.3312,18.5324],[-87.3101,18.5672],[-87.3282,18.5327],[-87.3221,18.4892],[-87.3345,18.4544],[-87.3794,18.4025],[-87.3436,18.4523],[-87.3312,18.5324]]],[[[-87.2692,18.7385],[-87.2555,18.7243],[-87.2482,18.6762],[-87.2629,18.6286],[-87.2692,18.7385]]],[[[-86.7006,21.1989],[-86.7396,21.2428],[-86.7499,21.2731],[-86.7416,21.2877],[-86.7006,21.1989]]]]}},{"type":"Feature","id":"San Luis Potosi","properties":{"id":"San Luis Potosi","iso_code":"MX-SLP","name":"San Luis Potosi","name_full":"San Luis Potosí","name_ja":"サン・ルイス・ポトシ州","center_lonlat":[-100.4321,22.5997]},"geometry":{"type":"Polygon","coordinates":[[[-100.8284,24.565],[-100.6181,24.311],[-100.5972,23.9744],[-100.5798,23.9305],[-100.4876,23.8215],[-100.4803,23.7885],[-100.4943,23.6616],[-100.453,23.4999],[-100.4728,23.433],[-100.4393,23.229],[-100.3988,23.2004],[-100.34,23.1896],[-100.3251,23.2022],[-100.3268,23.2541],[-100.0573,23.2411],[-100.0893,23.1208],[-100.0221,23.1705],[-100.0063,23.1653],[-99.9987,23.1104],[-99.9147,23.0178],[-99.9076,22.9841],[-99.9334,22.9352],[-100.0375,22.8797],[-100.0001,22.7834],[-99.5368,22.6175],[-99.5275,22.6514],[-99.5478,22.7283],[-99.5073,22.7121],[-99.4317,22.6355],[-99.3792,22.6834],[-99.2652,22.4783],[-99.2065,22.438],[-99.1015,22.4208],[-98.9394,22.3723],[-98.8309,22.3584],[-98.7653,22.4057],[-98.6739,22.4206],[-98.6563,22.4429],[-98.6162,22.4186],[-98.3978,22.283],[-98.3565,22.2452],[-98.3477,22.2216],[-98.3613,22.1526],[-98.4523,21.9804],[-98.5899,21.9797],[-98.5876,21.9519],[-98.5284,21.9592],[-98.5501,21.9309],[-98.5414,21.9108],[-98.566,21.9037],[-98.5616,21.8823],[-98.5318,21.8494],[-98.4909,21.8528],[-98.4846,21.8196],[-98.4592,21.8097],[-98.4564,21.7971],[-98.477,21.7615],[-98.5211,21.7278],[-98.5593,21.7274],[-98.5648,21.7134],[-98.5551,21.7054],[-98.5702,21.692],[-98.6087,21.6966],[-98.624,21.6849],[-98.6248,21.6282],[-98.6423,21.6089],[-98.6182,21.5732],[-98.5301,21.5248],[-98.5151,21.3988],[-98.5896,21.3715],[-98.5923,21.2122],[-98.6125,21.2174],[-98.6438,21.2013],[-98.7156,21.2082],[-98.8068,21.1743],[-98.9056,21.2161],[-98.9391,21.2912],[-98.9959,21.2965],[-99.0434,21.2683],[-99.0753,21.2882],[-99.1123,21.2903],[-99.0988,21.3815],[-99.1534,21.5024],[-99.1975,21.6455],[-99.1983,21.6231],[-99.2558,21.5796],[-99.266,21.5385],[-99.3252,21.5339],[-99.3354,21.4957],[-99.3812,21.4326],[-99.4189,21.4347],[-99.4625,21.4243],[-99.4761,21.407],[-99.5823,21.3942],[-99.6268,21.4267],[-99.6427,21.4614],[-99.7201,21.5147],[-99.7484,21.505],[-99.7906,21.4191],[-99.8785,21.4558],[-99.9586,21.4591],[-100.0761,21.5543],[-100.2427,21.6051],[-100.404,21.6777],[-100.4287,21.6727],[-100.4632,21.6366],[-100.4992,21.5136],[-100.5225,21.497],[-100.6273,21.4918],[-100.9615,21.7504],[-101.0912,21.7725],[-101.2016,21.7537],[-101.2365,21.7584],[-101.2795,21.7906],[-101.2884,21.8473],[-101.326,21.8729],[-101.4494,21.8221],[-101.5205,21.8409],[-101.3252,22.0876],[-101.3358,22.2254],[-101.3786,22.3824],[-101.3619,22.4161],[-101.2987,22.4602],[-101.3519,22.5896],[-101.3882,22.6091],[-101.5543,22.6031],[-101.5839,22.586],[-101.6302,22.498],[-101.6929,22.4883],[-101.7617,22.4495],[-101.8132,22.4647],[-101.9532,22.6476],[-102.0227,22.677],[-102.1544,22.7959],[-102.251,22.9837],[-102.2546,23.0069],[-102.2304,23.0564],[-102.228,23.1008],[-102.253,23.189],[-102.2997,23.2309],[-102.299,23.2504],[-102.2889,23.269],[-102.2431,23.2655],[-102.2308,23.2779],[-102.1904,23.4042],[-102.1378,23.4057],[-102.1264,23.3953],[-102.1313,23.3529],[-102.1138,23.3453],[-102.0344,23.3758],[-101.9675,23.4251],[-101.8283,23.5812],[-101.7927,23.6032],[-101.7279,23.6179],[-101.6954,23.6778],[-101.6635,23.7071],[-101.4504,23.8336],[-101.316,23.9696],[-101.227,24.0027],[-100.9704,24.4025],[-100.8697,24.4671],[-100.8516,24.4912],[-100.8284,24.565]]]}},{"type":"Feature","id":"Sinaloa","properties":{"id":"Sinaloa","iso_code":"MX-SIN","name":"Sinaloa","name_full":"Sinaloa","name_ja":"シナロア州","center_lonlat":[-107.4818,25.0243]},"geometry":{"type":"MultiPolygon","coordinates":[[[[-105.7241,22.5095],[-105.7167,22.5142],[-105.7325,22.5414],[-105.7576,22.5346],[-105.767,22.5905],[-105.8002,22.6385],[-105.9254,22.7661],[-106.0016,22.8232],[-105.9841,22.8568],[-106.032,22.8301],[-106.2203,23.0519],[-106.2773,23.0837],[-106.3708,23.184],[-106.3882,23.1926],[-106.4298,23.1851],[-106.4352,23.2443],[-106.4869,23.3077],[-106.4785,23.3284],[-106.5228,23.4075],[-106.6118,23.4691],[-106.6404,23.5165],[-106.6665,23.5288],[-106.7326,23.6065],[-106.7932,23.6324],[-106.8134,23.6997],[-106.861,23.7552],[-106.902,23.8466],[-107.0359,23.9808],[-107.3778,24.2069],[-107.4043,24.2525],[-107.4809,24.2934],[-107.5432,24.3466],[-107.775,24.4774],[-107.7997,24.5122],[-107.7899,24.523],[-107.7692,24.4893],[-107.498,24.3439],[-107.5533,24.3781],[-107.5497,24.3879],[-107.498,24.3576],[-107.4918,24.3706],[-107.5055,24.3706],[-107.4783,24.4001],[-107.4818,24.4328],[-107.5297,24.5219],[-107.5634,24.5307],[-107.5926,24.5201],[-107.6017,24.5084],[-107.5533,24.5084],[-107.5942,24.4675],[-107.6241,24.4585],[-107.6767,24.5016],[-107.7188,24.4924],[-107.745,24.5159],[-107.7519,24.5425],[-107.8205,24.5952],[-107.8481,24.5903],[-107.889,24.6238],[-107.9368,24.6388],[-107.8065,24.529],[-107.9086,24.5779],[-107.9952,24.6484],[-108.0189,24.7309],[-108.0603,24.7864],[-107.9789,24.757],[-107.9763,24.7968],[-108.0132,24.8368],[-108.0008,24.8476],[-108.0043,24.9146],[-107.9852,24.9534],[-108.0487,25.0015],[-108.0323,24.918],[-108.0411,24.8384],[-108.0501,24.8231],[-108.0777,24.8378],[-108.0876,24.8231],[-108.1244,24.8446],[-108.1556,24.883],[-108.2341,25.0284],[-108.3279,25.1112],[-108.2662,25.0969],[-108.1833,24.9814],[-108.1306,24.9768],[-108.1325,25.0194],[-108.1634,25.0224],[-108.1368,25.06],[-108.1055,25.0269],[-108.0132,25.0019],[-108.0035,25.0314],[-108.1195,25.1235],[-108.1361,25.1247],[-108.1291,25.1107],[-108.1491,25.1043],[-108.1729,25.1136],[-108.218,25.1732],[-108.3058,25.157],[-108.3518,25.1695],[-108.3552,25.2067],[-108.3142,25.1862],[-108.3175,25.2285],[-108.3294,25.2517],[-108.3614,25.2694],[-108.3992,25.1453],[-108.3961,25.2142],[-108.435,25.2608],[-108.614,25.3433],[-108.7319,25.3581],[-108.7086,25.3738],[-108.5941,25.3513],[-108.6872,25.3985],[-108.7657,25.3809],[-108.7797,25.3985],[-108.7299,25.406],[-108.7469,25.4446],[-108.7797,25.4333],[-108.769,25.5402],[-108.7934,25.5363],[-108.8384,25.5636],[-108.8895,25.5633],[-108.8964,25.5431],[-108.8827,25.5084],[-108.8998,25.478],[-108.9297,25.4664],[-108.9517,25.4879],[-108.9374,25.4948],[-108.9442,25.5021],[-109.0019,25.4999],[-109.0188,25.4825],[-109.0063,25.4674],[-109.0347,25.4652],[-109.1161,25.5363],[-109.0578,25.5847],[-109.0054,25.5779],[-108.9805,25.5446],[-108.9715,25.5847],[-108.8964,25.653],[-108.8731,25.7367],[-108.8333,25.7689],[-108.838,25.8046],[-108.9009,25.7007],[-109.0097,25.6496],[-109.0621,25.5903],[-109.0882,25.5977],[-109.1313,25.5834],[-109.1712,25.6487],[-109.2502,25.6862],[-109.2459,25.6592],[-109.1527,25.5765],[-109.1565,25.5568],[-109.2275,25.6286],[-109.4103,25.6461],[-109.3593,25.6684],[-109.3005,25.6592],[-109.3005,25.6933],[-109.2869,25.7107],[-109.3218,25.7482],[-109.378,25.7618],[-109.3952,25.7437],[-109.3996,25.6785],[-109.4103,25.6933],[-109.4062,25.7592],[-109.4352,25.7763],[-109.4405,25.7934],[-109.4184,25.862],[-109.4378,25.9427],[-109.4333,26.0217],[-109.3424,26.1348],[-109.2929,26.2369],[-109.2836,26.2406],[-109.2955,26.1726],[-109.2804,26.1606],[-109.2314,26.2634],[-109.1563,26.3081],[-109.177,26.2625],[-109.095,26.2147],[-109.1087,26.2625],[-109.083,26.277],[-109.0882,26.2904],[-109.1161,26.2889],[-109.1393,26.3318],[-108.5074,26.8016],[-108.4988,26.8802],[-108.4665,26.9799],[-108.3743,27.0774],[-108.3614,27.0577],[-108.3389,27.0511],[-108.2691,27.0515],[-108.1973,26.9708],[-108.0213,26.92],[-108.0148,26.8464],[-107.9996,26.8146],[-107.8531,26.6464],[-107.8351,26.5996],[-107.7765,26.2013],[-107.4141,26.1298],[-107.3612,26.1065],[-107.3438,26.0838],[-107.3138,25.9658],[-107.2733,25.9382],[-107.2546,25.8633],[-107.1509,25.8129],[-107.0758,25.7294],[-106.9369,25.6416],[-107.0827,25.4653],[-107.1257,25.2374],[-107.1153,25.1445],[-107.0364,24.9197],[-107.0116,24.8967],[-106.9625,24.8788],[-106.9515,24.826],[-106.9324,24.7995],[-106.8546,24.7892],[-106.8101,24.732],[-106.7564,24.7035],[-106.6218,24.4819],[-106.6061,24.3814],[-106.5253,24.3065],[-106.4917,24.2873],[-106.4046,24.2896],[-106.3092,24.3744],[-106.2363,24.3968],[-106.1956,24.3898],[-106.035,24.2609],[-105.9484,24.0733],[-105.9094,24.0515],[-105.8619,24.0644],[-105.9223,23.902],[-105.8974,23.7135],[-105.8532,23.6014],[-105.826,23.5666],[-105.7656,23.5511],[-105.7257,23.487],[-105.7153,23.4641],[-105.7233,23.4382],[-105.7044,23.4137],[-105.7134,23.3775],[-105.6915,23.3436],[-105.6878,23.2972],[-105.6339,23.2533],[-105.6221,23.2276],[-105.5154,23.146],[-105.3923,23.1498],[-105.3886,23.0333],[-105.4518,23.0236],[-105.472,22.9736],[-105.445,22.9142],[-105.5557,22.8122],[-105.5771,22.7702],[-105.5171,22.6979],[-105.4865,22.6841],[-105.492,22.6577],[-105.473,22.6482],[-105.4639,22.6251],[-105.4428,22.5147],[-105.466,22.4949],[-105.5,22.49],[-105.5326,22.5],[-105.5914,22.5442],[-105.6775,22.5352],[-105.6618,22.48],[-105.6787,22.449],[-105.7241,22.5095]]],[[[-108.8316,25.4264],[-108.7865,25.3854],[-108.8039,25.3746],[-108.9161,25.4245],[-108.994,25.4267],[-109.0131,25.4469],[-108.901,25.4465],[-108.8316,25.4264]]]]}},{"type":"Feature","id":"Sonora","properties":{"id":"Sonora","iso_code":"MX-SON","name":"Sonora","name_full":"Sonora","name_ja":"ソノラ州","center_lonlat":[-110.8067,29.6966]},"geometry":{"type":"MultiPolygon","coordinates":[[[[-114.8194,32.4994],[-111.0671,31.3336],[-108.9683,31.3274],[-109.0403,30.8141],[-108.7997,30.6362],[-108.6455,30.5726],[-108.5994,30.5371],[-108.5835,30.5066],[-108.5368,30.0386],[-108.5596,29.9822],[-108.6133,29.4076],[-108.7078,29.4008],[-108.6267,28.7819],[-108.6104,28.7427],[-108.6457,28.6077],[-108.5402,28.3201],[-108.6403,28.2388],[-108.8799,28.2891],[-109.0513,28.2835],[-109.1536,28.199],[-109.0132,27.8942],[-108.9063,27.8362],[-108.8713,27.757],[-108.7625,27.675],[-108.7786,27.622],[-108.6596,27.5249],[-108.6514,27.4908],[-108.6656,27.3931],[-108.6374,27.3138],[-108.6816,27.2519],[-108.6869,27.2044],[-108.5738,27.0433],[-108.5498,27.0241],[-108.4962,27.0281],[-108.4665,26.9799],[-108.4988,26.8802],[-108.5074,26.8016],[-109.1393,26.3318],[-109.1567,26.3642],[-109.1844,26.3786],[-109.1702,26.3587],[-109.2117,26.3649],[-109.2496,26.3345],[-109.239,26.4195],[-109.2557,26.498],[-109.3871,26.638],[-109.4174,26.662],[-109.4828,26.6822],[-109.4285,26.6719],[-109.4414,26.7146],[-109.4735,26.7176],[-109.4834,26.7426],[-109.5062,26.7291],[-109.512,26.7473],[-109.5289,26.7514],[-109.5528,26.717],[-109.5219,26.7082],[-109.5236,26.6884],[-109.4944,26.6692],[-109.6046,26.6966],[-109.6478,26.6934],[-109.6641,26.6741],[-109.6944,26.6782],[-109.7846,26.7194],[-109.8563,26.801],[-109.8716,26.8708],[-109.9456,26.9971],[-109.9418,27.0074],[-109.8833,26.9409],[-109.9084,26.9967],[-109.917,27.0601],[-109.9662,27.1089],[-110.0238,27.1174],[-110.0623,27.0817],[-110.0908,27.1027],[-110.2876,27.1484],[-110.3367,27.1721],[-110.4037,27.2454],[-110.4479,27.2743],[-110.5223,27.2904],[-110.5244,27.3001],[-110.4384,27.2927],[-110.4256,27.3019],[-110.4711,27.3459],[-110.4735,27.3769],[-110.4997,27.3934],[-110.5304,27.3732],[-110.5509,27.3774],[-110.5585,27.4344],[-110.5874,27.4494],[-110.5888,27.5119],[-110.6267,27.6085],[-110.6271,27.6411],[-110.5679,27.6814],[-110.5819,27.7001],[-110.6033,27.6814],[-110.5947,27.7145],[-110.5481,27.7428],[-110.5995,27.7523],[-110.589,27.7912],[-110.6129,27.8009],[-110.6095,27.8248],[-110.5972,27.8129],[-110.5866,27.8371],[-110.5211,27.8446],[-110.5084,27.8537],[-110.5133,27.8732],[-110.5333,27.866],[-110.5917,27.8875],[-110.6163,27.8862],[-110.6041,27.8756],[-110.6238,27.873],[-110.671,27.8984],[-110.7419,27.9141],[-110.8491,27.9067],[-110.8082,27.9278],[-110.8389,27.9894],[-110.8507,27.9891],[-110.8606,27.9349],[-110.8907,27.8998],[-110.8636,27.8898],[-110.8863,27.8389],[-110.918,27.8794],[-110.9658,27.9067],[-110.9385,27.9204],[-110.9993,27.9641],[-111.0406,27.9559],[-111.0591,27.937],[-111.105,27.9354],[-111.0952,27.9517],[-111.104,27.9621],[-111.1718,27.9901],[-111.2818,28.0915],[-111.3326,28.1604],[-111.3404,28.2053],[-111.3728,28.2177],[-111.3941,28.2738],[-111.4518,28.3256],[-111.4583,28.3472],[-111.4381,28.3871],[-111.4735,28.381],[-111.7084,28.4601],[-111.7606,28.584],[-111.9494,28.7565],[-111.8944,28.7807],[-111.8671,28.7496],[-111.856,28.7736],[-111.8682,28.8031],[-111.925,28.8017],[-111.9673,28.8413],[-112.0303,28.8614],[-112.0468,28.8959],[-112.1055,28.9574],[-112.1665,28.9667],[-112.1522,28.9874],[-112.1731,29.0704],[-112.186,29.0747],[-112.1661,29.1204],[-112.1911,29.1669],[-112.227,29.1884],[-112.2114,29.2528],[-112.2395,29.3153],[-112.2635,29.33],[-112.314,29.3305],[-112.3305,29.3211],[-112.3331,29.2965],[-112.4112,29.3447],[-112.4198,29.3759],[-112.3778,29.4628],[-112.3778,29.4857],[-112.4305,29.5202],[-112.432,29.5612],[-112.506,29.6169],[-112.5359,29.6882],[-112.5802,29.718],[-112.5958,29.7713],[-112.6379,29.8259],[-112.6695,29.8976],[-112.7463,29.9105],[-112.7305,30.0134],[-112.7588,30.0592],[-112.7532,30.1859],[-112.7643,30.2115],[-112.8089,30.2586],[-112.8608,30.269],[-112.8486,30.2885],[-112.8477,30.3613],[-112.8707,30.4285],[-112.9865,30.5324],[-113.0799,30.6704],[-113.1288,30.8124],[-113.1109,30.8433],[-113.0974,30.946],[-113.131,31.065],[-113.1162,31.0569],[-113.0832,30.9894],[-113.0559,31.0307],[-113.0487,31.1567],[-113.0917,31.2022],[-113.1455,31.2193],[-113.1167,31.1976],[-113.121,31.19],[-113.197,31.2252],[-113.2329,31.288],[-113.276,31.2783],[-113.2293,31.2451],[-113.2414,31.2412],[-113.5489,31.2957],[-113.5585,31.3156],[-113.6223,31.3256],[-113.6435,31.3418],[-113.6093,31.3529],[-113.6347,31.4656],[-113.6596,31.4975],[-113.7746,31.5633],[-113.804,31.5644],[-113.8757,31.5967],[-113.8849,31.6147],[-113.9395,31.6004],[-113.9578,31.616],[-113.9625,31.6552],[-113.9777,31.6631],[-113.9811,31.5867],[-113.951,31.568],[-113.9828,31.5323],[-114.0053,31.5255],[-114.0289,31.4915],[-114.159,31.4945],[-114.2878,31.5524],[-114.3275,31.5947],[-114.4943,31.6774],[-114.5847,31.7608],[-114.6868,31.7655],[-114.747,31.81],[-114.8035,31.8195],[-114.8426,31.8615],[-114.9336,31.9088],[-114.937,32.0319],[-114.9794,32.074],[-114.9559,32.1416],[-114.9665,32.1806],[-115.0397,32.2772],[-115.0371,32.2917],[-114.9817,32.3415],[-114.9602,32.4386],[-114.9263,32.4825],[-114.8194,32.4994]]],[[[-112.2747,28.7684],[-112.3097,28.7464],[-112.3262,28.7627],[-112.3591,28.7582],[-112.4128,28.8001],[-112.4665,28.8056],[-112.4672,28.8194],[-112.4938,28.823],[-112.583,28.8754],[-112.5261,28.9088],[-112.4859,28.9716],[-112.5002,28.9904],[-112.5004,29.0756],[-112.4647,29.1818],[-112.4387,29.2021],[-112.4015,29.1894],[-112.3627,29.2177],[-112.2996,29.2228],[-112.2643,29.2469],[-112.2816,29.2255],[-112.2636,29.1928],[-112.2727,29.1377],[-112.1956,29.0213],[-112.2284,28.904],[-112.2435,28.8895],[-112.2377,28.8763],[-112.2762,28.8055],[-112.2726,28.7841],[-112.2532,28.7691],[-112.2747,28.7684]]],[[[-114.7861,31.803],[-114.7552,31.7978],[-114.7101,31.7637],[-114.6527,31.6898],[-114.6937,31.7103],[-114.7156,31.6952],[-114.7626,31.7156],[-114.7982,31.7567],[-114.7861,31.803]]],[[[-109.2314,26.2634],[-109.2167,26.344],[-109.1639,26.3314],[-109.1563,26.3081],[-109.2314,26.2634]]],[[[-110.6042,27.318],[-110.5931,27.417],[-110.594,27.3318],[-110.5307,27.3004],[-110.5343,27.2844],[-110.6042,27.318]]],[[[-110.0444,27.087],[-109.9852,27.0696],[-109.938,27.0212],[-109.9914,27.0642],[-110.0444,27.087]]],[[[-109.2929,26.2369],[-109.2547,26.302],[-109.2513,26.2895],[-109.2836,26.2406],[-109.2929,26.2369]]],[[[-111.3885,27.9688],[-111.3874,27.9881],[-111.3656,27.9534],[-111.3885,27.9688]]]]}},{"type":"Feature","id":"State of Mexico","properties":{"id":"State of Mexico","iso_code":"MX-MEX","name":"State of Mexico","name_full":"State of Mexico","name_ja":"メヒコ州","center_lonlat":[-99.638,19.3652]},"geometry":{"type":"Polygon","coordinates":[[[-98.6409,19.4619],[-98.6717,19.3899],[-98.6328,19.1896],[-98.6512,19.1698],[-98.6464,19.0236],[-98.6891,19.0031],[-98.7202,18.9646],[-98.8042,18.9661],[-98.8401,19.0446],[-98.8598,19.0425],[-98.8984,19.0754],[-98.964,19.0891],[-98.9391,19.1366],[-98.9664,19.2012],[-98.9666,19.3032],[-98.99,19.3365],[-99.0588,19.3773],[-99.0455,19.3903],[-99.0573,19.4046],[-99.0387,19.4273],[-99.0707,19.4888],[-99.0899,19.5027],[-99.1013,19.551],[-99.1237,19.5711],[-99.1655,19.5121],[-99.1529,19.4918],[-99.185,19.4728],[-99.2597,19.3609],[-99.3093,19.3626],[-99.3329,19.2977],[-99.3225,19.2682],[-99.3347,19.2467],[-99.3122,19.2273],[-99.3123,19.1856],[-99.2851,19.1424],[-99.3321,19.0889],[-99.3062,19.0474],[-99.3374,19.0181],[-99.3061,18.9784],[-99.3076,18.9348],[-99.3908,18.8956],[-99.4369,18.8239],[-99.4724,18.8005],[-99.4955,18.6741],[-99.56,18.676],[-99.5908,18.7138],[-99.6603,18.7638],[-99.7473,18.6918],[-99.7578,18.6476],[-99.7848,18.6218],[-99.8497,18.6633],[-100.0712,18.6096],[-100.1479,18.4913],[-100.2748,18.392],[-100.3025,18.39],[-100.3269,18.4028],[-100.3665,18.4554],[-100.3519,18.5073],[-100.356,18.5551],[-100.4299,18.6365],[-100.4318,18.6836],[-100.448,18.718],[-100.4276,18.7867],[-100.4479,18.8386],[-100.6236,18.8706],[-100.6069,18.8969],[-100.5273,18.9494],[-100.5167,19.0035],[-100.2988,19.2585],[-100.3301,19.3229],[-100.1464,19.4358],[-100.1748,19.4641],[-100.2145,19.565],[-100.1655,19.7106],[-100.1712,19.7563],[-100.1228,19.938],[-99.9509,20.1709],[-99.8885,20.1905],[-99.9377,20.2523],[-99.8441,20.3089],[-99.7919,20.2821],[-99.7447,20.2105],[-99.6579,20.1361],[-99.6415,20.1291],[-99.6256,20.1593],[-99.609,20.1648],[-99.5487,20.1576],[-99.4858,20.061],[-99.5186,19.9531],[-99.5122,19.9353],[-99.4316,19.8974],[-99.4247,19.8433],[-99.3995,19.8212],[-99.3866,19.7563],[-99.3212,19.8254],[-99.287,19.822],[-99.2712,19.8808],[-99.223,19.8966],[-99.2021,19.9791],[-99.1148,20.0011],[-99.0343,20.0411],[-99.0011,20.0397],[-98.9479,20.0022],[-98.9393,19.9658],[-98.9474,19.9334],[-98.9297,19.9312],[-98.9643,19.8397],[-98.9592,19.8088],[-98.9157,19.8043],[-98.8348,19.8864],[-98.7999,19.8752],[-98.766,19.8411],[-98.6977,19.8504],[-98.6425,19.795],[-98.5965,19.7214],[-98.6595,19.5855],[-98.7091,19.5829],[-98.6937,19.5324],[-98.6475,19.5133],[-98.6409,19.4619]]]}},{"type":"Feature","id":"Tabasco","properties":{"id":"Tabasco","iso_code":"MX-TAB","name":"Tabasco","name_full":"Tabasco","name_ja":"タバスコ州","center_lonlat":[-92.5793,17.9489]},"geometry":{"type":"Polygon","coordinates":[[[-90.9909,17.802],[-90.992,17.2519],[-91.4333,17.2545],[-91.4347,17.303],[-91.391,17.3189],[-91.3874,17.3333],[-91.4237,17.3857],[-91.4923,17.4015],[-91.5007,17.4636],[-91.6447,17.5249],[-91.6667,17.651],[-91.6981,17.7136],[-91.7943,17.7288],[-91.7756,17.7743],[-91.784,17.8402],[-91.8188,17.8854],[-91.8404,17.8891],[-91.8604,17.8745],[-91.915,17.8882],[-91.9429,17.854],[-91.9535,17.9023],[-91.9956,17.9047],[-92.0778,17.8328],[-92.0608,17.8026],[-92.0808,17.7873],[-92.1481,17.7878],[-92.2165,17.7484],[-92.3435,17.713],[-92.3681,17.6969],[-92.383,17.6233],[-92.4395,17.6073],[-92.6954,17.3835],[-92.7232,17.3656],[-92.7552,17.3643],[-92.8293,17.4018],[-92.9102,17.5258],[-92.9831,17.5421],[-93.0107,17.7083],[-92.9898,17.8274],[-92.9979,17.9329],[-93.0108,17.9124],[-93.0322,17.9154],[-93.0545,17.8947],[-93.0876,17.9003],[-93.1865,17.9744],[-93.271,17.9937],[-93.3134,17.9639],[-93.4144,17.6377],[-93.5114,17.5464],[-93.5895,17.3755],[-93.6244,17.3893],[-93.6434,17.4208],[-93.6148,17.5465],[-93.6227,17.563],[-93.6662,17.5865],[-93.7338,17.6715],[-93.7874,17.6996],[-93.846,17.7103],[-93.8621,17.7445],[-93.9369,17.7586],[-93.9497,17.8107],[-93.9705,17.8323],[-94.0234,17.8472],[-94.0328,17.8658],[-94.0767,17.882],[-94.0734,17.9512],[-94.0508,17.9937],[-94.0898,18.0727],[-94.0778,18.0896],[-94.0937,18.1061],[-94.096,18.1582],[-94.1256,18.1675],[-94.1371,18.2074],[-93.8615,18.3065],[-93.8854,18.2761],[-93.8888,18.2622],[-93.8783,18.2569],[-93.7811,18.2728],[-93.7591,18.2922],[-93.7625,18.3239],[-93.7386,18.3406],[-93.7106,18.3396],[-93.6839,18.3549],[-93.6776,18.3364],[-93.6572,18.3333],[-93.5928,18.345],[-93.5666,18.3891],[-93.5764,18.4119],[-93.6026,18.411],[-93.8478,18.2997],[-93.8396,18.3185],[-93.782,18.353],[-93.5524,18.4294],[-93.4447,18.4418],[-93.1558,18.4431],[-93.1831,18.4089],[-93.1764,18.3777],[-93.1605,18.369],[-93.1217,18.3891],[-93.1285,18.3406],[-93.1073,18.3686],[-93.1148,18.3748],[-93.0948,18.3781],[-93.0884,18.3928],[-93.0959,18.4089],[-93.1394,18.4202],[-93.1376,18.4289],[-93.1011,18.4431],[-92.9398,18.4457],[-92.8557,18.466],[-92.7593,18.5367],[-92.7169,18.5922],[-92.6903,18.5529],[-92.6822,18.456],[-92.6691,18.4294],[-92.6623,18.5358],[-92.6959,18.6156],[-92.4861,18.6485],[-92.4373,18.5763],[-92.4165,18.5033],[-92.3681,18.4608],[-92.1491,18.4619],[-92.1556,18.1688],[-92.0711,18.0945],[-91.9751,18.0416],[-91.9654,18.0108],[-91.8909,17.9667],[-91.8593,17.9536],[-91.6331,17.9509],[-91.6047,18.0088],[-91.6031,18.0672],[-91.5889,18.0979],[-91.4766,18.1022],[-91.332,18.0669],[-91.2457,18.0106],[-91.168,18.0068],[-91.1237,17.9758],[-90.9917,17.9682],[-90.9909,17.802]]]}},{"type":"Feature","id":"Tamaulipas","properties":{"id":"Tamaulipas","iso_code":"MX-TAM","name":"Tamaulipas","name_full":"Tamaulipas","name_ja":"タマウリパス州","center_lonlat":[-98.6201,24.3006]},"geometry":{"type":"MultiPolygon","coordinates":[[[[-99.7107,27.6701],[-99.7004,27.6592],[-99.6647,27.6594],[-99.6449,27.6327],[-99.5902,27.6421],[-99.5072,27.5738],[-99.5095,27.5],[-99.4804,27.4908],[-99.4729,27.4266],[-99.4976,27.3388],[-99.5214,27.3113],[-99.4866,27.2976],[-99.4518,27.2612],[-99.432,27.2076],[-99.4525,27.125],[-99.4394,27.0983],[-99.4617,27.057],[-99.4246,27.0179],[-99.3993,27.0127],[-99.3862,26.9622],[-99.2483,26.8271],[-99.1811,26.6299],[-99.1649,26.5404],[-99.103,26.5121],[-99.0894,26.4712],[-99.1089,26.4343],[-99.0855,26.4076],[-99.0279,26.4062],[-99.0105,26.3926],[-98.9628,26.3995],[-98.9454,26.3783],[-98.9299,26.3922],[-98.893,26.3678],[-98.8013,26.3721],[-98.7464,26.3321],[-98.7399,26.3033],[-98.7014,26.2991],[-98.6915,26.2902],[-98.7022,26.2716],[-98.6537,26.2443],[-98.5816,26.2623],[-98.4929,26.2306],[-98.4724,26.2077],[-98.4565,26.2259],[-98.4288,26.2177],[-98.3693,26.194],[-98.3773,26.1636],[-98.3393,26.1599],[-98.3004,26.1114],[-98.1851,26.0652],[-98.1031,26.0749],[-98.0833,26.0709],[-98.0655,26.0422],[-98.0131,26.0637],[-97.802,26.0637],[-97.7669,26.0397],[-97.6599,26.0307],[-97.5203,25.9128],[-97.4483,25.8923],[-97.4254,25.8549],[-97.4042,25.8514],[-97.3899,25.8657],[-97.376,25.8467],[-97.3457,25.8522],[-97.3511,25.9184],[-97.3284,25.9333],[-97.311,25.9221],[-97.2876,25.9287],[-97.2664,25.9606],[-97.1393,25.9658],[-97.1675,25.8286],[-97.1573,25.7895],[-97.1652,25.7233],[-97.3194,25.39],[-97.459,25.1794],[-97.6514,24.5159],[-97.7167,24.0081],[-97.7252,23.8056],[-97.751,23.7819],[-97.8221,23.7884],[-97.7589,23.769],[-97.7606,23.6519],[-97.7333,23.7748],[-97.7222,23.7393],[-97.7685,23.2601],[-97.7423,22.9721],[-97.7538,22.8493],[-97.7539,22.9232],[-97.7948,22.8083],[-97.8358,22.7612],[-97.8382,22.7397],[-97.8767,22.7394],[-97.8551,22.6986],[-97.8932,22.6103],[-97.882,22.5879],[-97.8584,22.5935],[-97.85,22.6575],[-97.8343,22.6697],[-97.8301,22.6164],[-97.85,22.5346],[-97.8201,22.4333],[-97.8091,22.3403],[-97.7819,22.2733],[-97.8628,22.2198],[-97.9128,22.2674],[-97.8952,22.3076],[-97.9086,22.3191],[-97.963,22.3495],[-98.0928,22.3726],[-98.1619,22.4278],[-98.1785,22.4733],[-98.1977,22.4805],[-98.2497,22.4589],[-98.2898,22.4668],[-98.2977,22.4066],[-98.3094,22.3995],[-98.3637,22.4009],[-98.3782,22.4269],[-98.4023,22.4125],[-98.4392,22.4327],[-98.4524,22.4237],[-98.5136,22.4353],[-98.6162,22.4186],[-98.6563,22.4429],[-98.6739,22.4206],[-98.7653,22.4057],[-98.8309,22.3584],[-98.9394,22.3723],[-99.1015,22.4208],[-99.2065,22.438],[-99.2652,22.4783],[-99.3792,22.6834],[-99.4317,22.6355],[-99.5073,22.7121],[-99.5478,22.7283],[-99.5275,22.6514],[-99.5368,22.6175],[-100.0001,22.7834],[-100.0375,22.8797],[-99.9334,22.9352],[-99.9076,22.9841],[-99.9147,23.0178],[-99.9987,23.1104],[-100.0063,23.1653],[-100.0221,23.1705],[-100.0893,23.1208],[-100.0573,23.2411],[-100.0463,23.2972],[-100.055,23.3138],[-100.1256,23.3562],[-100.0429,23.4153],[-99.906,23.3751],[-99.9503,23.5386],[-99.8401,23.7408],[-99.5997,23.7668],[-99.5022,23.8904],[-99.4517,23.8916],[-99.4637,23.9574],[-99.5928,24.0651],[-99.6094,24.0918],[-99.6163,24.1861],[-99.5739,24.3619],[-99.6063,24.5125],[-99.71,24.4725],[-99.7368,24.5697],[-99.6506,24.6391],[-99.587,24.6585],[-99.5473,24.6458],[-99.5,24.6743],[-99.4954,24.7167],[-99.4785,24.7398],[-99.442,24.7507],[-99.4147,24.7792],[-99.3356,24.7902],[-99.294,24.8267],[-99.1639,24.7758],[-99.193,24.878],[-99.1424,24.9459],[-99.1885,25.0069],[-99.1425,25.013],[-99.1453,25.052],[-99.1065,25.0489],[-99.0338,25.1196],[-99.0027,25.0802],[-98.9805,25.071],[-98.8873,25.0863],[-98.4457,25.4246],[-98.4498,25.4687],[-98.5543,25.4769],[-98.561,25.5026],[-98.5528,25.9189],[-98.5689,25.9974],[-98.8302,26.0593],[-98.8888,25.9708],[-99.0372,26.1008],[-99.0585,26.0983],[-99.0798,26.0775],[-99.1092,26.0801],[-99.1331,26.0567],[-99.1522,26.084],[-99.18,26.2887],[-99.2545,26.2948],[-99.3328,26.395],[-99.3918,26.3656],[-99.4197,26.3992],[-99.4229,26.4644],[-99.3842,26.5402],[-99.3914,26.5979],[-99.4458,26.6419],[-99.5582,26.6847],[-99.6529,26.6838],[-99.6193,26.716],[-99.6045,26.7804],[-99.5626,26.835],[-99.6301,26.8839],[-99.7004,26.8963],[-99.7319,26.9323],[-99.728,26.9931],[-99.6761,27.1537],[-99.7119,27.1996],[-99.7564,27.4505],[-99.7779,27.4819],[-99.9036,27.4998],[-99.9148,27.5343],[-99.9099,27.5722],[-99.7107,27.6701]]],[[[-97.8153,22.7202],[-97.7886,22.7748],[-97.7961,22.7238],[-97.8176,22.6948],[-97.8432,22.6849],[-97.8153,22.7202]]]]}},{"type":"Feature","id":"Tlaxcala","properties":{"id":"Tlaxcala","iso_code":"MX-TLA","name":"Tlaxcala","name_full":"Tlaxcala","name_ja":"トラスカラ州","center_lonlat":[-98.1598,19.4246]},"geometry":{"type":"Polygon","coordinates":[[[-98.1431,19.6728],[-98.0725,19.6771],[-98.0729,19.7163],[-98.0625,19.7308],[-98.0436,19.7186],[-98.0282,19.6918],[-98.0346,19.6361],[-97.9816,19.6206],[-97.9408,19.5798],[-97.8426,19.5435],[-97.8506,19.5172],[-97.8822,19.5011],[-97.8445,19.4363],[-97.7947,19.4568],[-97.759,19.4479],[-97.6931,19.3809],[-97.6212,19.3646],[-97.6128,19.3463],[-97.6204,19.3195],[-97.6681,19.2839],[-97.698,19.2829],[-97.7294,19.305],[-97.7755,19.2964],[-97.8276,19.3114],[-97.8834,19.2671],[-97.8467,19.2119],[-97.8844,19.1662],[-97.9291,19.1585],[-98.0501,19.2092],[-98.1083,19.1349],[-98.1935,19.1065],[-98.2157,19.1125],[-98.2525,19.1619],[-98.3431,19.229],[-98.3857,19.3081],[-98.433,19.3441],[-98.4659,19.4383],[-98.4927,19.4543],[-98.5483,19.4379],[-98.6409,19.4619],[-98.6475,19.5133],[-98.6937,19.5324],[-98.7091,19.5829],[-98.6595,19.5855],[-98.5862,19.6313],[-98.5297,19.6139],[-98.4871,19.6441],[-98.4623,19.6229],[-98.3801,19.6124],[-98.3462,19.5945],[-98.271,19.7104],[-98.2517,19.7196],[-98.1927,19.6793],[-98.1431,19.6728]]]}},{"type":"Feature","id":"Veracruz","properties":{"id":"Veracruz","iso_code":"MX-VER","name":"Veracruz","name_full":"Veracruz","name_ja":"ベラクルス州","center_lonlat":[-96.3925,19.3675]},"geometry":{"type":"MultiPolygon","coordinates":[[[[-97.7819,22.2733],[-97.7606,22.0959],[-97.6105,21.8358],[-97.5081,21.7228],[-97.3423,21.603],[-97.3162,21.5609],[-97.3479,21.4179],[-97.3982,21.3416],[-97.4186,21.2734],[-97.4317,21.3423],[-97.4722,21.4378],[-97.4194,21.4768],[-97.3907,21.4726],[-97.3702,21.5375],[-97.4869,21.6364],[-97.6251,21.7944],[-97.6588,21.9075],[-97.6859,21.9245],[-97.7811,22.0959],[-97.7197,21.9518],[-97.7084,21.8275],[-97.6576,21.6365],[-97.562,21.4857],[-97.5307,21.4763],[-97.5006,21.4931],[-97.4894,21.4808],[-97.4968,21.4006],[-97.4283,21.2604],[-97.4049,21.2419],[-97.338,21.055],[-97.1972,20.8102],[-97.1778,20.7595],[-97.1983,20.739],[-97.1505,20.647],[-97.0344,20.5146],[-96.9403,20.4492],[-96.9109,20.3928],[-96.676,20.1579],[-96.4561,19.8688],[-96.4051,19.7418],[-96.36,19.5369],[-96.3155,19.4822],[-96.3192,19.4247],[-96.2904,19.3326],[-96.1574,19.2252],[-96.1319,19.2359],[-96.0885,19.1153],[-96.0614,19.0785],[-95.9772,19.0583],[-95.9418,18.939],[-95.9036,18.8819],[-95.8444,18.8334],[-95.7528,18.8],[-95.7528,18.7658],[-95.8246,18.8133],[-95.8795,18.8285],[-95.9148,18.8625],[-95.9377,18.8682],[-95.9589,18.8564],[-95.8824,18.817],[-95.8074,18.7521],[-95.8242,18.7453],[-95.8663,18.759],[-95.8773,18.7524],[-95.8619,18.7234],[-95.8243,18.7201],[-95.7747,18.744],[-95.6469,18.7106],[-95.585,18.6697],[-95.5683,18.6833],[-95.7284,18.7572],[-95.7328,18.8],[-95.6642,18.751],[-95.5836,18.7217],[-95.4952,18.7073],[-95.1901,18.7051],[-95.0514,18.6122],[-95.0242,18.564],[-94.7869,18.5119],[-94.718,18.3748],[-94.6283,18.2853],[-94.5809,18.1898],[-94.5433,18.1662],[-94.4669,18.1442],[-94.1371,18.2074],[-94.1256,18.1675],[-94.096,18.1582],[-94.0937,18.1061],[-94.0778,18.0896],[-94.0898,18.0727],[-94.0508,17.9937],[-94.0734,17.9512],[-94.0767,17.882],[-94.0328,17.8658],[-94.0234,17.8472],[-93.9705,17.8323],[-93.9497,17.8107],[-93.9369,17.7586],[-93.8621,17.7445],[-93.846,17.7103],[-93.7874,17.6996],[-93.7338,17.6715],[-93.6662,17.5865],[-93.6227,17.563],[-93.6148,17.5465],[-93.6434,17.4208],[-93.6244,17.3893],[-93.5895,17.3755],[-93.6366,17.3],[-93.8734,17.1502],[-94.9385,17.2165],[-94.9717,17.237],[-94.9912,17.3007],[-94.9795,17.3197],[-94.9988,17.3604],[-95.0755,17.3911],[-95.2547,17.5826],[-95.2423,17.6288],[-95.2056,17.6484],[-95.1965,17.7105],[-95.2084,17.7323],[-95.2411,17.7301],[-95.244,17.7032],[-95.2765,17.7157],[-95.308,17.6727],[-95.356,17.6597],[-95.3642,17.6414],[-95.431,17.6361],[-95.4777,17.5911],[-95.5549,17.5571],[-95.5611,17.5349],[-95.6004,17.5176],[-95.6617,17.5264],[-95.7234,17.5023],[-95.7702,17.516],[-95.797,17.5375],[-95.9085,17.7563],[-95.8938,17.8243],[-95.8212,17.9073],[-95.7755,17.9954],[-95.8377,18.1204],[-95.9664,18.1657],[-96.0831,18.1714],[-96.1093,18.1428],[-96.1604,18.1497],[-96.1702,18.1858],[-96.2036,18.1851],[-96.2289,18.201],[-96.2602,18.2995],[-96.3571,18.3873],[-96.411,18.5393],[-96.4495,18.5641],[-96.5622,18.5929],[-96.6641,18.6689],[-96.6338,18.5358],[-96.6648,18.4765],[-96.7281,18.4102],[-96.7856,18.4783],[-96.8002,18.5505],[-96.9741,18.5178],[-97.0401,18.479],[-97.1005,18.4851],[-97.1093,18.5001],[-97.0914,18.5511],[-97.1199,18.5939],[-97.1364,18.6499],[-97.2209,18.6756],[-97.2871,18.6632],[-97.3104,18.6845],[-97.339,18.7521],[-97.3309,18.8099],[-97.2821,18.8685],[-97.2263,18.8925],[-97.2697,19.1057],[-97.2641,19.1604],[-97.167,19.1938],[-97.1091,19.1787],[-97.0817,19.209],[-97.0375,19.2173],[-96.9815,19.2808],[-97.06,19.3195],[-97.1125,19.3032],[-97.209,19.3297],[-97.2696,19.3996],[-97.3168,19.3876],[-97.3412,19.4176],[-97.3868,19.4229],[-97.4075,19.446],[-97.3474,19.4555],[-97.3206,19.4808],[-97.3592,19.5248],[-97.3565,19.5501],[-97.3924,19.5758],[-97.3838,19.6472],[-97.3245,19.6945],[-97.3075,19.7483],[-97.3089,19.8968],[-97.2545,19.9787],[-97.1542,20.0803],[-97.1355,20.1217],[-97.1529,20.1458],[-97.2381,20.175],[-97.4035,20.2596],[-97.4704,20.2375],[-97.5225,20.1579],[-97.5788,20.1188],[-97.5951,20.1344],[-97.6055,20.1871],[-97.6778,20.1789],[-97.7143,20.2391],[-97.7741,20.2732],[-97.7787,20.2902],[-97.7595,20.3361],[-97.7781,20.4299],[-97.727,20.4403],[-97.6934,20.4658],[-97.6533,20.4236],[-97.622,20.4213],[-97.5586,20.5042],[-97.5888,20.5822],[-97.6493,20.6047],[-97.7224,20.6108],[-97.7008,20.6444],[-97.7409,20.7131],[-97.7428,20.7781],[-97.7792,20.8138],[-97.8873,20.8201],[-97.8962,20.758],[-97.9359,20.7305],[-97.9419,20.6905],[-97.9664,20.6822],[-97.9475,20.6456],[-97.9463,20.5705],[-97.9654,20.5161],[-98.0002,20.4845],[-98.0251,20.5248],[-98.0014,20.5807],[-98.0221,20.6179],[-98.0216,20.6608],[-98.0313,20.673],[-98.0618,20.6744],[-98.0794,20.6971],[-98.1108,20.6884],[-98.1461,20.6544],[-98.3358,20.435],[-98.3773,20.4648],[-98.4343,20.3711],[-98.4684,20.3536],[-98.5006,20.3624],[-98.5685,20.4723],[-98.5708,20.4949],[-98.5341,20.5314],[-98.5079,20.6245],[-98.4372,20.6768],[-98.4187,20.7094],[-98.4169,20.7448],[-98.4649,20.7297],[-98.4824,20.7325],[-98.4949,20.7569],[-98.4841,20.772],[-98.4191,20.7883],[-98.4245,20.8691],[-98.3659,20.8732],[-98.2609,20.8287],[-98.2296,20.8309],[-98.2324,20.9383],[-98.1723,21.0173],[-98.1498,21.0233],[-98.1299,21.0722],[-98.2124,21.1506],[-98.2485,21.1235],[-98.2775,21.1241],[-98.2882,21.1434],[-98.2662,21.197],[-98.2732,21.2389],[-98.2863,21.2463],[-98.2972,21.2432],[-98.2949,21.2084],[-98.3593,21.1553],[-98.4101,21.1776],[-98.4923,21.2561],[-98.4905,21.2917],[-98.4428,21.3537],[-98.5151,21.3988],[-98.5301,21.5248],[-98.6182,21.5732],[-98.6423,21.6089],[-98.6248,21.6282],[-98.624,21.6849],[-98.6087,21.6966],[-98.5702,21.692],[-98.5551,21.7054],[-98.5648,21.7134],[-98.5593,21.7274],[-98.5211,21.7278],[-98.477,21.7615],[-98.4564,21.7971],[-98.4592,21.8097],[-98.4846,21.8196],[-98.4909,21.8528],[-98.5318,21.8494],[-98.5616,21.8823],[-98.566,21.9037],[-98.5414,21.9108],[-98.5501,21.9309],[-98.5284,21.9592],[-98.5876,21.9519],[-98.5899,21.9797],[-98.4523,21.9804],[-98.3613,22.1526],[-98.3477,22.2216],[-98.3565,22.2452],[-98.3978,22.283],[-98.6162,22.4186],[-98.5136,22.4353],[-98.4524,22.4237],[-98.4392,22.4327],[-98.4023,22.4125],[-98.3782,22.4269],[-98.3637,22.4009],[-98.3094,22.3995],[-98.2977,22.4066],[-98.2898,22.4668],[-98.2497,22.4589],[-98.1977,22.4805],[-98.1785,22.4733],[-98.1619,22.4278],[-98.0928,22.3726],[-97.963,22.3495],[-97.9086,22.3191],[-97.8952,22.3076],[-97.9128,22.2674],[-97.8628,22.2198],[-97.7819,22.2733]]],[[[-97.6514,21.7879],[-97.6017,21.7519],[-97.6105,21.7402],[-97.64,21.7451],[-97.6635,21.7785],[-97.6849,21.8625],[-97.6514,21.7879]]]]}},{"type":"Feature","id":"Yucatan","properties":{"id":"Yucatan","iso_code":"MX-YUC","name":"Yucatan","name_full":"Yucatán","name_ja":"ユカタン州","center_lonlat":[-88.928,20.7861]},"geometry":{"type":"Polygon","coordinates":[[[-90.3811,20.824],[-90.3391,20.9724],[-90.3981,20.8207],[-90.4421,20.7874],[-90.3601,21.0004],[-90.3324,21.0325],[-90.0995,21.1641],[-89.9822,21.1989],[-89.9215,21.2407],[-89.786,21.2846],[-89.2692,21.343],[-89.1474,21.3703],[-89.1126,21.3628],[-88.7027,21.4586],[-88.6055,21.5341],[-88.4478,21.5751],[-88.3693,21.5751],[-88.3004,21.5546],[-88.1952,21.5714],[-88.1493,21.5911],[-88.0848,21.5893],[-88.1522,21.6011],[-88.2351,21.5738],[-88.2102,21.5932],[-88.1295,21.616],[-87.9621,21.6001],[-87.8998,21.5751],[-87.7063,21.5334],[-87.7376,21.5224],[-87.8656,21.5546],[-87.7781,21.5106],[-87.6118,21.5068],[-87.6745,21.5136],[-87.6857,21.5288],[-87.5398,21.4993],[-87.5251,21.2988],[-87.5294,21.2653],[-87.5688,21.2107],[-87.585,21.1111],[-87.5388,21.0179],[-87.534,20.9557],[-87.5963,20.8411],[-87.6086,20.7756],[-87.6749,20.6479],[-87.9043,20.4863],[-87.9884,20.4427],[-88.1064,20.4283],[-88.1607,20.4592],[-88.194,20.4528],[-88.2184,20.4326],[-88.2724,20.3434],[-88.2608,20.263],[-88.2833,20.2651],[-88.3133,20.3164],[-88.3463,20.3186],[-88.3738,20.3006],[-88.4002,20.234],[-88.4453,20.1837],[-88.5037,20.1702],[-88.5574,20.1373],[-88.6133,20.1256],[-88.7074,20.0808],[-88.79,20.019],[-88.7817,19.9982],[-88.7915,19.9812],[-88.8394,20.0139],[-88.9275,19.9409],[-89.0557,19.9318],[-89.1509,19.893],[-89.202,19.8417],[-89.3688,19.8201],[-89.3702,19.755],[-89.4154,19.651],[-89.4421,19.7062],[-89.4547,19.777],[-89.5578,19.8901],[-89.63,20.0191],[-89.6895,20.062],[-89.7584,20.0878],[-89.8107,20.1374],[-89.8698,20.2686],[-89.9438,20.3232],[-89.9626,20.387],[-90.0184,20.4675],[-90.0463,20.4505],[-90.0638,20.4125],[-90.0942,20.4074],[-90.1299,20.4392],[-90.1692,20.4247],[-90.2363,20.51],[-90.3742,20.5185],[-90.392,20.5472],[-90.3811,20.824]]]}},{"type":"Feature","id":"Zacatecas","properties":{"id":"Zacatecas","iso_code":"MX-ZAC","name":"Zacatecas","name_full":"Zacatecas","name_ja":"サカテカス州","center_lonlat":[-102.6971,23.3123]},"geometry":{"type":"Polygon","coordinates":[[[-100.8284,24.565],[-100.8516,24.4912],[-100.8697,24.4671],[-100.9704,24.4025],[-101.227,24.0027],[-101.316,23.9696],[-101.4504,23.8336],[-101.6635,23.7071],[-101.6954,23.6778],[-101.7279,23.6179],[-101.7927,23.6032],[-101.8283,23.5812],[-101.9675,23.4251],[-102.0344,23.3758],[-102.1138,23.3453],[-102.1313,23.3529],[-102.1264,23.3953],[-102.1378,23.4057],[-102.1904,23.4042],[-102.2308,23.2779],[-102.2431,23.2655],[-102.2889,23.269],[-102.299,23.2504],[-102.2997,23.2309],[-102.253,23.189],[-102.228,23.1008],[-102.2304,23.0564],[-102.2546,23.0069],[-102.251,22.9837],[-102.1544,22.7959],[-102.0227,22.677],[-101.9532,22.6476],[-101.8132,22.4647],[-101.7617,22.4495],[-101.6929,22.4883],[-101.6302,22.498],[-101.5839,22.586],[-101.5543,22.6031],[-101.3882,22.6091],[-101.3519,22.5896],[-101.2987,22.4602],[-101.3619,22.4161],[-101.3786,22.3824],[-101.3358,22.2254],[-101.3252,22.0876],[-101.5205,21.8409],[-101.5288,21.8765],[-101.5779,21.8809],[-101.6644,21.9565],[-101.7642,21.9628],[-101.8454,22.0175],[-101.9029,22.0849],[-101.9798,22.123],[-101.9914,22.1478],[-101.9876,22.2501],[-101.9989,22.2753],[-102.0589,22.2845],[-102.1128,22.3232],[-102.1322,22.3224],[-102.1664,22.3737],[-102.2114,22.3545],[-102.2749,22.4561],[-102.2916,22.4648],[-102.3451,22.397],[-102.3771,22.392],[-102.4044,22.3636],[-102.456,22.3598],[-102.4785,22.3153],[-102.621,22.3066],[-102.6543,22.2925],[-102.6763,22.2608],[-102.6478,22.2129],[-102.6523,22.1872],[-102.744,22.0779],[-102.8418,21.933],[-102.8541,21.8926],[-102.8469,21.8118],[-102.7605,21.7488],[-102.7825,21.6538],[-102.7762,21.6078],[-102.7107,21.5772],[-102.6405,21.5683],[-102.6341,21.5342],[-102.6471,21.4873],[-102.6878,21.398],[-102.74,21.3703],[-102.7866,21.295],[-102.8083,21.2929],[-102.8026,21.3298],[-102.8147,21.3415],[-102.9149,21.2823],[-103.045,21.2883],[-103.0559,21.2658],[-103.0475,21.074],[-103.0596,21.0445],[-103.083,21.0418],[-103.1363,21.0738],[-103.1942,21.0678],[-103.2317,21.0791],[-103.382,21.158],[-103.4649,21.1621],[-103.508,21.1961],[-103.6113,21.1978],[-103.6256,21.2089],[-103.6371,21.2546],[-103.6534,21.2647],[-103.747,21.2284],[-103.7465,21.2973],[-103.7139,21.3295],[-103.7043,21.3842],[-103.7339,21.5249],[-103.6439,21.4868],[-103.5919,21.5587],[-103.5193,21.6003],[-103.5219,21.7359],[-103.5424,21.7897],[-103.5268,21.8172],[-103.4007,21.9288],[-103.328,21.9429],[-103.289,21.9855],[-103.205,21.9774],[-103.1561,21.9984],[-103.1293,22.0567],[-103.0847,22.086],[-103.0859,22.1246],[-103.1292,22.1403],[-103.1307,22.1634],[-103.1271,22.1741],[-103.0908,22.182],[-103.0691,22.2076],[-103.0394,22.2694],[-103.0442,22.3015],[-103.0924,22.2983],[-103.1151,22.3378],[-103.1891,22.3222],[-103.1852,22.3805],[-103.3728,22.5168],[-103.4268,22.4101],[-103.3986,22.3945],[-103.3924,22.3761],[-103.3604,22.3675],[-103.3586,22.3488],[-103.3908,22.3287],[-103.4064,22.259],[-103.4476,22.2418],[-103.4886,22.1349],[-103.4999,22.1243],[-103.52,22.1465],[-103.5694,22.1517],[-103.6166,22.1175],[-103.6582,22.1172],[-103.6783,22.1369],[-103.6633,22.2394],[-103.683,22.322],[-103.6311,22.48],[-103.6092,22.4948],[-103.608,22.5244],[-103.645,22.5434],[-103.6449,22.5889],[-103.7122,22.5919],[-103.728,22.6064],[-103.7611,22.5596],[-103.8521,22.1794],[-103.8804,22.2298],[-103.8901,22.2861],[-103.889,22.3445],[-103.8664,22.4087],[-103.8874,22.4671],[-103.8479,22.5057],[-103.8513,22.5685],[-103.795,22.624],[-103.7788,22.7347],[-103.9832,22.7716],[-103.9918,22.5743],[-103.9269,22.507],[-103.9522,22.3695],[-104.1318,22.3434],[-104.3298,22.2644],[-104.3114,22.3191],[-104.2088,22.6437],[-104.1891,23.1177],[-104.1772,23.1551],[-104.1343,23.1867],[-104.1036,23.4504],[-103.9525,23.5512],[-103.9179,23.6531],[-103.8974,23.6643],[-103.8742,23.6584],[-103.8334,23.63],[-103.8104,23.6713],[-103.8184,23.7171],[-103.8682,23.7493],[-103.879,23.7731],[-103.8543,23.8131],[-103.8514,23.8507],[-103.9045,23.9248],[-103.8394,23.9451],[-103.8468,24.0707],[-103.6704,24.1618],[-103.5906,24.2785],[-103.5266,24.2979],[-103.5161,24.3406],[-103.4132,24.3603],[-103.3977,24.4255],[-103.3706,24.4493],[-103.2821,24.4832],[-103.2466,24.4911],[-102.8009,24.41],[-102.4932,24.4604],[-102.4917,24.824],[-102.5028,24.8614],[-102.6682,25.0789],[-102.6502,25.1037],[-102.6135,25.1218],[-102.1734,25.163],[-101.8607,25.0755],[-101.7678,24.9381],[-101.7321,24.9189],[-101.6381,24.9094],[-101.6036,24.8921],[-101.5822,24.8679],[-101.5744,24.8069],[-101.6543,24.8258],[-101.6172,24.7571],[-101.4416,24.7522],[-101.3442,24.838],[-101.3416,24.8119],[-101.2311,24.8175],[-101.1693,24.7677],[-101.0966,24.641],[-101.0171,24.6023],[-100.9252,24.6117],[-100.8284,24.565]]]}}]}
