{"type":"FeatureCollection","features":[{"type":"Feature","id":"Akershus","properties":{"id":"Akershus","iso_code":"NO-02","name":"Akershus","name_full":"Akershus","name_ja":"アーケシュフース県","center_lonlat":[11.2127,60.0403]},"geometry":{"type":"Polygon","coordinates":[[[11.8746,59.8849],[11.8496,59.8724],[11.843,59.8384],[11.8837,59.8054],[11.7502,59.7867],[11.7152,59.766],[11.7052,59.7328],[11.6844,59.7132],[11.6397,59.7045],[11.5227,59.6258],[11.4879,59.6358],[11.5036,59.66],[11.4808,59.6868],[11.4002,59.7125],[11.3554,59.7652],[11.2897,59.787],[11.2669,59.7864],[11.2553,59.7179],[10.9819,59.7194],[10.9521,59.6707],[10.9005,59.6463],[10.8917,59.6264],[10.8202,59.5788],[10.7664,59.5171],[10.688,59.4836],[10.6511,59.5264],[10.6564,59.5947],[10.626,59.6373],[10.6146,59.6972],[10.5975,59.6846],[10.5755,59.6996],[10.5602,59.7262],[10.5632,59.7484],[10.6146,59.8337],[10.6555,59.8567],[10.6803,59.8273],[10.7178,59.7381],[10.7566,59.8442],[10.8762,59.8305],[10.9173,59.8462],[10.9342,59.873],[10.9347,59.9773],[10.7665,60.1279],[10.6801,60.1534],[10.7541,60.1682],[10.7996,60.2506],[10.9218,60.3569],[10.9195,60.3739],[10.8303,60.4328],[10.6838,60.4472],[10.7161,60.5231],[10.734,60.5307],[10.7963,60.5007],[10.8623,60.4902],[11.0953,60.532],[11.1138,60.5441],[11.1214,60.5926],[11.164,60.6226],[11.2153,60.571],[11.2373,60.5162],[11.3542,60.4613],[11.4316,60.3681],[11.5827,60.2801],[11.5857,60.1801],[11.84,60.0618],[11.8422,60.0213],[11.8296,59.9977],[11.8418,59.9339],[11.8746,59.8849]]]}},{"type":"Feature","id":"Aust-Agder","properties":{"id":"Aust-Agder","iso_code":"NO-09","name":"Aust-Agder","name_full":"Aust-Agder","name_ja":"アウスト・アグデル県","center_lonlat":[7.9712,58.8941]},"geometry":{"type":"Polygon","coordinates":[[[9.3866,58.7848],[9.3065,58.7387],[9.071,58.7412],[9.063,58.7238],[9.1436,58.7098],[9.1691,58.7165],[9.1008,58.7375],[9.2147,58.7216],[9.2163,58.7028],[9.0593,58.6829],[9.156,58.6885],[9.2005,58.6723],[9.0338,58.5948],[8.991,58.6003],[8.9712,58.5867],[8.9133,58.6069],[8.9489,58.5797],[8.9501,58.5472],[8.9439,58.526],[8.9094,58.5009],[8.7541,58.4276],[8.7073,58.3789],[8.6416,58.3639],[8.6073,58.3328],[8.5794,58.3475],[8.5134,58.2934],[8.5064,58.2831],[8.5181,58.2714],[8.5012,58.2572],[8.4354,58.2578],[8.4094,58.272],[8.4006,58.2658],[8.4063,58.2442],[8.3535,58.2447],[8.2953,58.2127],[8.2437,58.2031],[8.2717,58.1963],[8.2246,58.1569],[8.1848,58.1963],[8.2257,58.2348],[8.2288,58.2538],[8.2107,58.2887],[8.0927,58.3122],[8.1067,58.3258],[8.0921,58.3565],[8.0355,58.3678],[7.9754,58.3451],[7.9308,58.3949],[7.8137,58.4309],[7.8055,58.459],[7.765,58.4808],[7.7132,58.4849],[7.6837,58.4687],[7.5805,58.4804],[7.5462,58.5458],[7.619,58.6001],[7.5864,58.6439],[7.5858,58.6909],[7.6438,58.7105],[7.678,58.7693],[7.6784,58.788],[7.594,58.8784],[7.4227,58.8864],[7.1986,58.8554],[7.1704,58.8368],[7.0717,58.8473],[7.0647,58.8608],[7.0799,58.8818],[7.1645,58.9489],[7.1611,58.9704],[7.1184,59.0192],[7.1583,59.033],[7.1468,59.0975],[7.1572,59.1457],[7.1834,59.1735],[7.0225,59.2058],[6.9426,59.2086],[6.8569,59.2026],[6.8272,59.2197],[6.8168,59.3253],[6.8529,59.3724],[6.8671,59.4194],[6.8996,59.4393],[6.9024,59.455],[6.9632,59.4695],[7.0146,59.4988],[6.9848,59.5291],[6.9938,59.6101],[7.0551,59.6322],[7.1221,59.6755],[7.2439,59.691],[7.365,59.6586],[7.3866,59.6751],[7.4387,59.6764],[7.4998,59.6255],[7.5459,59.6145],[7.5178,59.5897],[7.5305,59.5495],[7.5903,59.5254],[7.6195,59.4934],[7.5976,59.4591],[7.5273,59.4275],[7.5766,59.4092],[7.6227,59.3645],[7.6606,59.3579],[7.7259,59.319],[7.7891,59.2441],[7.7596,59.1953],[7.7714,59.1571],[7.8424,59.1218],[7.972,59.0009],[8.0918,58.9746],[8.1356,58.9772],[8.1421,58.9843],[8.1256,58.9886],[8.1501,58.9978],[8.1869,58.998],[8.3325,58.9555],[8.3829,58.9607],[8.4755,58.9168],[8.5794,58.9414],[8.7607,58.8571],[8.8064,58.8713],[8.8051,58.8944],[8.8337,58.93],[8.811,58.9626],[8.8368,59.0003],[8.9913,59.0099],[9.0148,59.006],[9.0312,58.9719],[9.1906,58.8836],[9.2066,58.8177],[9.3866,58.7848]]]}},{"type":"Feature","id":"Bouvet Island","properties":{"id":"Bouvet Island","iso_code":"NO-X01~","name":"Bouvet Island","name_full":"Bouvet Island","name_ja":"ブーベ島","center_lonlat":[3.412,-54.4187]},"geometry":{"type":"Polygon","coordinates":[[[3.4573,-54.3901],[3.4867,-54.402],[3.4675,-54.4413],[3.3826,-54.4493],[3.3645,-54.4625],[3.3508,-54.4557],[3.3456,-54.4186],[3.3772,-54.3914],[3.4221,-54.3801],[3.4573,-54.3901]]]}},{"type":"Feature","id":"Buskerud","properties":{"id":"Buskerud","iso_code":"NO-06","name":"Buskerud","name_full":"Buskerud","name_ja":"ブスケルー県","center_lonlat":[9.0895,60.3191]},"geometry":{"type":"Polygon","coordinates":[[[10.4867,59.8032],[10.4857,59.7579],[10.5022,59.7087],[10.5398,59.675],[10.5827,59.6621],[10.6146,59.6077],[10.5931,59.5704],[10.5427,59.5355],[10.4837,59.5145],[10.4367,59.5184],[10.4236,59.5338],[10.4292,59.5978],[10.403,59.6828],[10.3711,59.7067],[10.2669,59.7397],[10.2389,59.7388],[10.2244,59.7238],[10.283,59.6958],[10.1285,59.6907],[10.0714,59.6652],[10.033,59.6846],[9.9494,59.6434],[9.9295,59.6283],[9.9324,59.6075],[10.0257,59.5493],[10.0658,59.4998],[9.7849,59.492],[9.7739,59.4771],[9.7827,59.4322],[9.6823,59.4398],[9.6348,59.4562],[9.5594,59.5114],[9.4804,59.5179],[9.4772,59.5302],[9.5025,59.5626],[9.4778,59.575],[9.446,59.6505],[9.4053,59.7039],[9.3517,59.7359],[9.3599,59.8077],[9.2031,59.85],[9.201,59.9154],[9.179,59.9253],[9.1802,59.9416],[9.1172,59.9762],[9.0205,60.0001],[8.9974,60.017],[8.9592,60.1046],[8.92,60.1338],[8.8429,60.1615],[8.1714,60.1975],[7.8234,60.1278],[7.7101,60.1476],[7.6243,60.1457],[7.4678,60.1137],[7.5543,60.1893],[7.6665,60.3314],[7.6626,60.4129],[7.6789,60.5111],[7.6687,60.5474],[7.589,60.6604],[7.4779,60.7023],[7.5848,60.7574],[7.6795,60.7796],[7.7375,60.86],[7.874,60.9304],[7.9849,60.9228],[8.0369,60.9327],[8.1937,61.023],[8.1981,61.0724],[8.2797,61.1177],[8.3867,61.0599],[8.6048,61.0039],[8.6323,60.9643],[8.6633,60.9495],[8.8931,60.9134],[9.2809,60.7895],[9.322,60.7652],[9.3195,60.7147],[9.4078,60.6292],[9.4102,60.5847],[9.4766,60.5686],[9.6064,60.5612],[9.6576,60.5147],[9.7492,60.4929],[9.8314,60.485],[9.8035,60.5656],[9.8209,60.5914],[9.9354,60.6162],[9.9475,60.6341],[9.932,60.6492],[9.943,60.6586],[10.0437,60.6554],[10.0932,60.618],[10.168,60.5323],[10.2252,60.3963],[10.3315,60.28],[10.3983,60.2363],[10.6236,60.1547],[10.5527,60.067],[10.4394,60.0336],[10.3745,59.9755],[10.3789,59.9385],[10.351,59.8808],[10.3499,59.8385],[10.3988,59.8083],[10.4867,59.8032]]]}},{"type":"Feature","id":"Finnmark","properties":{"id":"Finnmark","iso_code":"NO-20","name":"Finnmark","name_full":"Finnmark","name_ja":"フィンマルク県","center_lonlat":[26.0033,69.8993]},"geometry":{"type":"MultiPolygon","coordinates":[[[[21.9461,69.0657],[22.4407,69.0897],[22.5467,69.1187],[22.5865,69.1615],[22.5911,69.2306],[22.4738,69.3288],[22.3587,69.3939],[22.3355,69.4683],[22.6006,69.5096],[22.7748,69.5152],[22.7714,69.5357],[22.831,69.5855],[22.9334,69.6399],[22.8858,69.6554],[22.7207,69.6684],[22.6287,69.7059],[22.5264,69.8],[22.5843,69.8407],[22.5387,69.8672],[22.5649,69.91],[22.5573,69.9173],[22.3214,69.9516],[22.2437,70.0114],[22.2342,70.0448],[22.1122,70.1584],[22.0337,70.1394],[21.9631,70.1389],[21.9318,70.1277],[21.9315,70.1162],[21.8745,70.1024],[21.6171,70.1872],[21.5279,70.185],[21.2339,70.2243],[21.4393,70.2695],[21.4451,70.2379],[21.4898,70.2085],[21.5178,70.3047],[21.5715,70.3189],[21.6133,70.2699],[21.7095,70.2501],[21.7969,70.2063],[21.8193,70.175],[21.874,70.147],[21.8796,70.1606],[21.8604,70.2023],[21.8945,70.2085],[21.8273,70.2266],[21.8057,70.2572],[22.0101,70.3246],[22.0316,70.3183],[21.9839,70.2842],[22.0952,70.3078],[22.1048,70.3041],[22.1172,70.2335],[22.1528,70.2465],[22.1409,70.2842],[22.2674,70.2951],[22.3058,70.2873],[22.3151,70.2727],[22.2576,70.2296],[22.2918,70.1675],[22.2371,70.1402],[22.2747,70.1355],[22.405,70.147],[22.5593,70.1266],[22.5073,70.1467],[22.3259,70.1675],[22.3737,70.2501],[22.4006,70.2583],[22.5871,70.2421],[22.6037,70.2185],[22.9671,70.2075],[22.9706,70.1894],[22.8367,70.1203],[22.5525,70.0856],[22.4346,70.0889],[22.3923,70.0678],[22.2849,70.044],[22.3318,70.0404],[22.395,70.0611],[22.6476,70.0757],[22.7137,70.0953],[22.8672,70.106],[22.9785,70.1454],[23.0186,70.147],[22.9981,70.0822],[23.02,70.0381],[23.0322,70.0303],[23.1151,70.043],[23.1284,70.0338],[23.1198,69.999],[23.1489,69.9757],[23.0944,69.9553],[23.1255,69.9444],[23.3141,69.9965],[23.339,69.9777],[23.3096,69.9498],[23.3298,69.9484],[23.4673,69.9858],[23.4846,70.0063],[23.5393,70.0241],[23.2969,70.0398],[23.1755,70.0924],[23.3792,70.1232],[23.4021,70.1402],[23.2991,70.1675],[23.4031,70.1808],[23.422,70.1955],[23.2808,70.1985],[23.2439,70.2159],[23.5319,70.2438],[23.4705,70.256],[23.2922,70.2438],[23.3128,70.257],[23.6144,70.3047],[23.512,70.2978],[23.5462,70.3251],[23.4636,70.3183],[23.5132,70.3655],[23.751,70.4487],[23.8403,70.4971],[23.918,70.5094],[24.1863,70.494],[24.3503,70.4562],[24.3553,70.472],[24.2315,70.5238],[24.1027,70.5414],[24.2643,70.6063],[24.2822,70.6575],[24.3524,70.691],[24.4777,70.6833],[24.647,70.618],[24.7235,70.621],[24.7385,70.6442],[24.7249,70.6652],[24.6423,70.7026],[24.6559,70.7094],[24.5881,70.7219],[24.5324,70.7504],[24.2923,70.7641],[24.2451,70.7845],[24.2681,70.8002],[24.2694,70.8384],[24.3958,70.8669],[24.4163,70.8528],[24.4089,70.8459],[24.4658,70.8345],[24.4641,70.818],[24.6354,70.7798],[24.6497,70.7988],[24.6008,70.8254],[24.6133,70.8594],[24.7103,70.859],[24.7249,70.8732],[24.6082,70.8944],[24.6287,70.908],[24.574,70.9353],[24.6559,70.9496],[24.5877,70.9626],[24.6087,70.9705],[24.666,70.9777],[24.7829,70.966],[24.8602,70.9284],[24.8205,70.908],[24.9849,70.9143],[24.9681,70.9298],[24.988,70.9582],[24.9712,70.9626],[25.0335,70.9713],[25.0628,70.9576],[25.0532,70.9279],[24.9889,70.8913],[24.916,70.8732],[24.9714,70.8762],[25.0674,70.8528],[25.076,70.8843],[25.1115,70.9093],[25.1536,70.9195],[25.2419,70.8624],[25.2661,70.8254],[25.2456,70.7913],[25.2948,70.8134],[25.3416,70.8124],[25.3923,70.8844],[25.3967,70.9007],[25.3418,70.9527],[25.365,70.9761],[25.536,70.9229],[25.5125,70.8869],[25.4231,70.8596],[25.4417,70.8415],[25.5125,70.8698],[25.5534,70.8528],[25.5889,70.8807],[25.6626,70.8953],[25.7057,70.8956],[25.7561,70.8596],[25.7905,70.8807],[25.853,70.894],[25.8816,70.8957],[25.9187,70.8729],[25.9251,70.8559],[25.8252,70.8275],[25.7533,70.7845],[25.6292,70.764],[25.6565,70.736],[25.6201,70.7123],[25.5599,70.699],[25.5125,70.6712],[25.4468,70.6619],[25.3538,70.6072],[25.2871,70.5927],[25.0736,70.5033],[25.2459,70.5279],[25.2871,70.5107],[25.2425,70.4866],[25.0599,70.4897],[25.0975,70.4713],[25.2433,70.4784],[25.2871,70.4561],[25.2518,70.4481],[25.2459,70.4346],[25.264,70.4053],[25.2566,70.3864],[25.1978,70.4004],[25.0811,70.3593],[25.1358,70.3531],[25.1055,70.3362],[25.1221,70.3183],[25.1868,70.3393],[25.2088,70.3167],[24.9798,70.2294],[24.9647,70.1914],[24.9702,70.1768],[24.9468,70.1576],[24.9434,70.1024],[25.0042,70.064],[25.0371,70.0644],[25.0334,70.0924],[25.006,70.1186],[25.0122,70.134],[25.0947,70.1539],[25.0736,70.1266],[25.1358,70.1266],[25.0811,70.106],[25.1138,70.0825],[25.1594,70.0809],[25.2527,70.1013],[25.3244,70.1824],[25.3948,70.1997],[25.4505,70.2495],[25.5404,70.2978],[25.4231,70.3251],[25.4411,70.3422],[25.6564,70.4406],[25.8692,70.5642],[25.9906,70.6065],[26.0708,70.7125],[26.1364,70.723],[26.1636,70.7578],[26.3743,70.8685],[26.6136,70.9491],[26.6912,70.9558],[26.6775,70.9421],[26.7254,70.9279],[26.7302,70.8879],[26.6638,70.8493],[26.6799,70.8266],[26.7458,70.8323],[26.6916,70.7729],[26.6912,70.736],[26.6405,70.7066],[26.3416,70.6479],[26.3753,70.6384],[26.5374,70.6619],[26.657,70.6405],[26.6018,70.5585],[26.6063,70.5444],[26.5608,70.5176],[26.5584,70.5041],[26.5813,70.4766],[26.5213,70.4484],[26.513,70.4316],[26.5266,70.4077],[26.5059,70.3629],[26.5539,70.3531],[26.595,70.3798],[26.6496,70.3798],[26.631,70.4011],[26.6345,70.413],[26.6623,70.4264],[26.7531,70.4273],[26.7993,70.4547],[26.8123,70.4799],[26.9451,70.4829],[26.9315,70.4665],[26.9483,70.4625],[27.0513,70.4761],[27.1021,70.4698],[26.9761,70.5274],[26.9661,70.5381],[27.0071,70.5585],[26.9729,70.5654],[27.0215,70.5989],[27.0809,70.6132],[27.1164,70.5995],[27.2666,70.5853],[27.0999,70.6411],[27.1053,70.6557],[27.1567,70.6815],[27.0809,70.7026],[27.1106,70.7287],[27.1398,70.7406],[27.3294,70.7433],[27.3423,70.7578],[27.2804,70.7747],[27.324,70.8236],[27.6296,70.805],[27.4802,70.8254],[27.534,70.8459],[27.4535,70.8793],[27.3913,70.8764],[27.3869,70.8917],[27.4105,70.9143],[27.3351,70.884],[27.1909,70.895],[27.1226,70.9217],[27.1338,70.95],[27.1712,70.9669],[27.349,70.9421],[27.3079,70.9726],[27.2324,70.9968],[27.2217,71.0189],[27.2532,71.0263],[27.4764,71.0067],[27.5,70.9936],[27.5086,70.9686],[27.5542,70.9553],[27.5755,70.9688],[27.5643,70.9945],[27.5825,71.0173],[27.5331,71.0288],[27.5246,71.0744],[27.5687,71.0972],[27.6423,71.0954],[27.6502,71.1271],[27.7155,71.1042],[27.7246,71.0904],[27.698,71.0657],[27.7217,71.0597],[27.7879,71.0595],[27.8767,71.0377],[27.9636,71.0466],[28.0432,71.071],[28.0811,71.041],[28.1914,71.0861],[28.2328,71.078],[28.261,71.0557],[28.2523,71.0394],[28.1989,71.0173],[28.2192,71.0173],[28.1852,70.9968],[28.2398,71.0111],[28.2051,70.9831],[28.2331,70.977],[28.3434,71.0042],[28.4915,70.9998],[28.5488,70.9726],[28.4832,70.8895],[28.3695,70.8869],[28.4452,70.8664],[28.3975,70.8471],[28.3434,70.8459],[28.3633,70.8254],[28.2254,70.8323],[28.3013,70.8124],[28.2659,70.795],[28.1797,70.7829],[28.0617,70.7988],[28.0231,70.7929],[27.9988,70.8157],[27.9507,70.7978],[27.76,70.7913],[27.8283,70.7708],[27.7737,70.7436],[27.8997,70.7682],[27.9868,70.757],[28.0067,70.7429],[28.1305,70.736],[28.0724,70.7033],[27.9334,70.6871],[27.7931,70.6368],[27.6502,70.6064],[27.7947,70.6137],[28.1538,70.6779],[28.2534,70.7164],[28.2834,70.7185],[28.3013,70.7026],[28.2879,70.6538],[28.2332,70.6152],[27.8494,70.4829],[27.8836,70.4282],[27.9146,70.4732],[27.945,70.4892],[27.9797,70.4971],[27.9382,70.4698],[28.1852,70.5033],[28.0801,70.4771],[28.0409,70.4448],[28.1305,70.4698],[28.104,70.4543],[28.1271,70.4418],[28.2529,70.5101],[28.3353,70.5176],[28.3221,70.497],[28.264,70.4664],[28.1607,70.3828],[28.1733,70.333],[28.1579,70.2473],[28.1779,70.1823],[28.1672,70.1355],[28.0998,70.0881],[28.0138,70.0714],[28.0663,70.0632],[28.1281,70.0816],[28.1839,70.1155],[28.2254,70.174],[28.1989,70.2159],[28.2044,70.2458],[28.1914,70.2842],[28.2254,70.3456],[28.2327,70.3991],[28.2581,70.421],[28.3208,70.4389],[28.3291,70.4698],[28.3904,70.4934],[28.4588,70.4897],[28.4692,70.4551],[28.5073,70.4487],[28.5005,70.4829],[28.555,70.5107],[28.4588,70.5176],[28.3975,70.5483],[28.4017,70.559],[28.4793,70.6262],[28.5169,70.6782],[28.6203,70.6783],[28.5262,70.7217],[28.555,70.7504],[28.6431,70.7893],[28.7256,70.8489],[28.7947,70.8732],[29.0827,70.8807],[29.1045,70.873],[29.0623,70.8596],[29.2214,70.8554],[29.2614,70.8397],[29.2648,70.8152],[29.2824,70.8051],[29.4048,70.7845],[29.2949,70.7436],[29.4178,70.736],[29.3223,70.723],[29.3377,70.7084],[29.3638,70.7094],[29.3519,70.6953],[29.2814,70.6815],[29.2949,70.6746],[29.2814,70.661],[29.3064,70.6529],[29.3921,70.6973],[29.5178,70.7059],[29.6996,70.7437],[29.7458,70.7427],[29.779,70.7265],[29.7815,70.6889],[29.762,70.6645],[29.6792,70.62],[29.8231,70.6337],[29.9938,70.7131],[30.1047,70.7108],[30.2068,70.6815],[30.186,70.6647],[30.0969,70.6479],[30.2409,70.6337],[30.3473,70.5961],[30.2647,70.5698],[30.1248,70.5517],[30.1652,70.5312],[30.0414,70.5444],[30.0007,70.5381],[30.1631,70.5246],[30.4563,70.5612],[30.5818,70.5422],[30.5991,70.5298],[30.5623,70.5176],[30.7319,70.4682],[30.7412,70.4418],[30.7866,70.4206],[30.8123,70.4147],[30.926,70.4561],[30.947,70.45],[30.9734,70.4212],[31.0633,70.3668],[31.0194,70.3399],[31.0217,70.3251],[31.077,70.2842],[30.9336,70.2637],[30.5488,70.2487],[30.5151,70.2391],[30.5147,70.2159],[30.4889,70.2031],[30.3748,70.1859],[30.3574,70.1613],[30.3843,70.1539],[30.3552,70.1297],[30.1195,70.0849],[30.1589,70.0714],[29.2205,70.1203],[28.6537,70.1823],[28.6165,70.1769],[28.5967,70.1613],[28.7537,70.1675],[28.6901,70.1341],[28.6104,70.1203],[28.6294,70.1071],[28.7327,70.0986],[28.7865,70.1112],[28.8499,70.0986],[28.7327,70.0856],[28.9241,70.0739],[28.9933,70.0559],[29.138,70.0576],[29.1243,70.044],[29.1926,70.0372],[29.1304,70.0168],[29.1584,70.0092],[29.3434,70.0168],[29.6859,69.9695],[29.4401,69.9008],[29.3638,69.8597],[29.4358,69.8624],[29.5352,69.9143],[29.6043,69.9013],[29.7412,69.9075],[29.7316,69.8944],[29.7463,69.8774],[29.7412,69.8659],[29.7754,69.8386],[29.737,69.8029],[29.6493,69.7719],[29.645,69.756],[29.6248,69.7541],[29.5897,69.7225],[29.508,69.7088],[29.5435,69.7083],[29.4873,69.6611],[29.68,69.7354],[29.821,69.744],[29.9016,69.7363],[30.0304,69.7759],[30.0628,69.7703],[30.001,69.7256],[29.9367,69.7058],[29.9393,69.6877],[29.9523,69.7052],[30.0711,69.7399],[30.1145,69.7062],[30.1863,69.6877],[30.1106,69.756],[30.2068,69.7703],[30.209,69.7844],[30.1589,69.8112],[30.1652,69.8795],[30.2892,69.8865],[30.324,69.8671],[30.2688,69.8454],[30.3718,69.8476],[30.4026,69.8312],[30.4098,69.7023],[30.3882,69.6804],[30.3371,69.6741],[30.4435,69.6784],[30.4474,69.7333],[30.4666,69.747],[30.4507,69.8103],[30.4829,69.8182],[30.6987,69.8085],[30.7206,69.7976],[30.7004,69.7834],[30.717,69.7703],[30.841,69.8058],[30.844,69.7662],[30.8771,69.7376],[30.8843,69.7024],[30.9277,69.6721],[30.927,69.5784],[30.8982,69.5442],[30.853,69.5274],[30.7553,69.5215],[30.5117,69.5363],[30.2307,69.6373],[30.1191,69.6346],[30.2088,69.6087],[30.2316,69.5583],[30.2106,69.5282],[30.1548,69.5061],[30.1234,69.4419],[29.9481,69.3656],[29.7514,69.3572],[29.6043,69.3152],[29.3768,69.3016],[29.3345,69.2774],[29.3023,69.2008],[29.221,69.0984],[29.1203,69.0468],[29.0648,69.0347],[28.9541,69.0273],[28.8396,69.0803],[28.827,69.1068],[28.8441,69.1813],[28.8648,69.2166],[29.2293,69.3769],[29.3445,69.4644],[29.2032,69.586],[29.1471,69.6639],[28.4046,69.8023],[28.3797,69.8224],[28.3812,69.8562],[28.1674,69.8943],[27.9272,70.0533],[27.8669,70.0753],[27.7922,70.0589],[27.6126,70.0621],[27.5709,70.0409],[27.5633,70.0236],[27.3345,69.9686],[27.3232,69.9597],[27.3524,69.9487],[27.3118,69.9295],[27.1003,69.9018],[26.8646,69.9381],[26.5339,69.9252],[26.5007,69.9183],[26.4359,69.8742],[26.4479,69.856],[26.4187,69.8356],[26.3168,69.7949],[26.1983,69.7154],[26.0051,69.6893],[25.9617,69.6525],[26.0051,69.6108],[26.004,69.5872],[25.9603,69.5487],[25.8867,69.5209],[25.9064,69.5019],[25.8857,69.4791],[25.8867,69.4552],[25.8414,69.4178],[25.8774,69.3708],[25.7866,69.3128],[25.7372,69.2182],[25.7341,69.1913],[25.7712,69.1351],[25.7502,69.0592],[25.7658,69.0307],[25.8011,69.0132],[25.7958,68.9933],[25.7539,68.9784],[25.7264,68.9425],[25.6278,68.8741],[25.4339,68.8839],[25.2013,68.8126],[25.1496,68.7646],[25.1321,68.6766],[25.1442,68.668],[25.1324,68.6476],[24.9518,68.6051],[24.9052,68.557],[24.8792,68.5548],[24.7542,68.6379],[24.6634,68.6661],[24.3325,68.7086],[24.1869,68.7445],[24.1312,68.7762],[23.929,68.8162],[23.8526,68.8167],[23.7872,68.7998],[23.7348,68.7154],[23.6416,68.695],[23.4816,68.6856],[23.1976,68.618],[23.0715,68.6809],[22.8517,68.6757],[22.5701,68.7268],[22.4092,68.7129],[22.3714,68.8226],[22.2772,68.8575],[22.2002,68.9085],[22.1607,68.9561],[22.0231,69.012],[21.9461,69.0657]]],[[[22.4221,70.5107],[22.3089,70.5034],[22.2928,70.5145],[22.3128,70.5312],[22.2857,70.5416],[22.2433,70.4897],[22.1545,70.4723],[22.1409,70.4829],[22.1856,70.5347],[22.2644,70.5716],[22.2371,70.579],[22.3333,70.6132],[22.0999,70.6064],[22.0407,70.5936],[22.0112,70.5995],[22.072,70.6337],[21.9504,70.6479],[21.9865,70.6625],[22.0442,70.6599],[22.2215,70.6319],[22.2503,70.6494],[22.2297,70.6746],[22.2659,70.675],[22.4152,70.6262],[22.3739,70.6982],[22.3845,70.7094],[22.4927,70.6757],[22.5115,70.6815],[22.4979,70.6894],[22.5015,70.7081],[22.541,70.7175],[22.6515,70.6877],[22.6411,70.6712],[22.595,70.6525],[22.6309,70.6359],[22.689,70.661],[22.7249,70.6036],[22.7479,70.6474],[22.8262,70.6479],[22.7852,70.6746],[22.7925,70.6936],[22.7305,70.7299],[22.723,70.7485],[22.8057,70.764],[22.792,70.7504],[22.8511,70.7419],[22.8672,70.7299],[22.854,70.723],[22.9238,70.7248],[22.9315,70.7166],[22.895,70.6951],[22.9691,70.6612],[22.9907,70.6678],[22.9769,70.6815],[23.0327,70.7014],[23.0254,70.723],[23.1209,70.7094],[23.0931,70.7321],[23.1824,70.736],[23.0527,70.7739],[23.03,70.7908],[23.1006,70.7988],[23.0663,70.8124],[23.1821,70.795],[23.1877,70.8022],[23.1619,70.8254],[23.2717,70.777],[23.3289,70.7793],[23.3403,70.7985],[23.321,70.8185],[23.313,70.8616],[23.3425,70.866],[23.4431,70.8288],[23.4549,70.8048],[23.4841,70.7988],[23.3879,70.7845],[23.4574,70.7708],[23.4158,70.764],[23.4021,70.7436],[23.3333,70.7504],[23.3196,70.7094],[23.2513,70.6951],[23.2717,70.6815],[23.1585,70.6942],[23.1346,70.6678],[23.1824,70.6541],[23.1519,70.6323],[23.0594,70.6262],[23.1141,70.6132],[23.0889,70.5862],[23.0183,70.6039],[22.9845,70.5995],[23.0081,70.5851],[22.9769,70.5654],[22.8809,70.579],[22.936,70.5585],[22.8882,70.5381],[22.8333,70.5517],[22.7886,70.5238],[22.7651,70.5311],[22.7783,70.5517],[22.6438,70.5642],[22.6268,70.5449],[22.6316,70.5263],[22.5896,70.5286],[22.5661,70.5033],[22.4893,70.5319],[22.4684,70.4949],[22.4221,70.5107]]],[[[23.656,70.5033],[23.6281,70.4897],[23.6623,70.4698],[23.6341,70.4375],[23.5925,70.4153],[23.4084,70.3531],[23.319,70.3421],[23.2922,70.332],[23.3816,70.3183],[23.2163,70.2828],[23.1047,70.2833],[23.082,70.3017],[23.0874,70.3284],[23.1354,70.3853],[23.1346,70.4145],[23.0389,70.341],[22.9496,70.3593],[22.854,70.4077],[22.9401,70.407],[22.9639,70.4214],[22.9087,70.435],[22.8972,70.451],[22.9583,70.465],[22.9639,70.4766],[22.9981,70.4766],[23.0186,70.4971],[23.1243,70.5206],[23.1511,70.4984],[23.2234,70.5176],[23.1755,70.5476],[23.2621,70.5361],[23.2717,70.5207],[23.2609,70.4809],[23.2786,70.4766],[23.3264,70.5312],[23.3047,70.5351],[23.3076,70.5504],[23.4084,70.5312],[23.3879,70.5449],[23.4126,70.5617],[23.5393,70.5449],[23.4363,70.5853],[23.4574,70.6064],[23.391,70.618],[23.4845,70.6247],[23.5188,70.6105],[23.5735,70.6132],[23.5598,70.6064],[23.6013,70.579],[23.5803,70.5312],[23.5916,70.5164],[23.656,70.5033]]],[[[26.136,71.0377],[26.2085,71.0496],[26.2181,71.0316],[26.1799,71.0027],[26.1135,70.9953],[26.0726,70.9752],[25.9686,70.9777],[25.9002,70.9613],[25.7311,70.9754],[25.7185,70.9558],[25.7533,70.9421],[25.6681,70.9454],[25.5534,70.9279],[25.4163,70.9831],[25.5381,71.0034],[25.5608,71.0173],[25.4544,71.03],[25.3255,71.0074],[25.2925,71.0281],[25.2933,71.0452],[25.348,71.0657],[25.3138,71.0725],[25.3992,71.0861],[25.4588,71.072],[25.4784,71.0787],[25.4573,71.093],[25.4717,71.1026],[25.5921,71.0781],[25.6348,71.0804],[25.7185,71.052],[25.7009,71.0839],[25.5534,71.1408],[25.5653,71.1522],[25.6071,71.145],[25.6673,71.1653],[25.6841,71.1447],[25.8074,71.1544],[25.7839,71.1122],[25.8057,71.0959],[25.8591,71.1133],[25.8831,71.1135],[25.8796,71.0968],[26.0064,71.1252],[26.0298,71.1165],[26.0337,71.0872],[25.991,71.067],[25.8898,71.052],[25.9644,71.0377],[25.9644,71.0173],[25.9302,71.0111],[25.9564,71.002],[26.0537,71.0042],[26.136,71.0377]]],[[[24.0669,70.661],[24.0652,70.6459],[24.1284,70.62],[24.1016,70.5887],[24.0122,70.5678],[23.929,70.5233],[23.8042,70.5133],[23.751,70.5238],[23.697,70.5716],[23.6868,70.5995],[23.6418,70.5995],[23.6807,70.6249],[23.656,70.6479],[23.6902,70.6678],[23.6355,70.692],[23.7092,70.7486],[23.8157,70.7512],[23.8403,70.7436],[23.8284,70.7303],[23.8472,70.723],[23.8192,70.7094],[23.8319,70.7034],[23.9778,70.7069],[24.0435,70.6835],[24.0669,70.661]]],[[[22.9224,70.3047],[22.9885,70.293],[23.0083,70.2807],[23.0163,70.2543],[22.7317,70.2569],[22.4452,70.2914],[22.3737,70.332],[22.3787,70.347],[22.4211,70.3618],[22.5046,70.3251],[22.4699,70.3531],[22.4736,70.3803],[22.5298,70.3642],[22.5752,70.382],[22.6003,70.3668],[22.6189,70.387],[22.6481,70.373],[22.6747,70.3989],[22.6945,70.3856],[22.6965,70.3531],[22.7144,70.337],[22.7372,70.3651],[22.7305,70.3872],[22.7564,70.395],[22.7805,70.3862],[22.8057,70.3422],[22.828,70.3337],[22.9564,70.3251],[22.9224,70.3047]]],[[[30.0212,69.8323],[30.1074,69.8286],[29.905,69.7771],[29.8465,69.7966],[29.8301,69.7908],[29.846,69.7797],[29.7957,69.756],[29.7132,69.7634],[29.7354,69.7902],[29.8301,69.8386],[29.8084,69.8659],[29.8159,69.8911],[29.8425,69.9089],[29.8772,69.9143],[29.9945,69.8938],[30.0007,69.8659],[30.0286,69.8529],[30.0212,69.8323]]],[[[24.0731,70.9626],[24.2102,70.967],[24.2451,70.9558],[24.2108,70.9558],[24.2108,70.946],[24.1693,70.9421],[24.1768,70.9353],[24.1599,70.928],[24.1079,70.9353],[24.0796,70.9146],[24.0431,70.9141],[24.0057,70.9228],[23.9865,70.9423],[23.9094,70.9558],[24.0389,70.9763],[23.9421,70.9776],[23.8858,70.9962],[23.9502,71.0042],[23.9229,71.0173],[23.9601,71.0286],[24.0874,71.0241],[24.0731,71.0111],[24.2246,70.9968],[24.1067,70.9939],[24.0731,70.9831],[24.0874,70.9688],[24.0731,70.9626]]],[[[21.7381,70.3782],[21.7927,70.3581],[21.7937,70.3234],[21.749,70.2744],[21.7031,70.2618],[21.6769,70.2848],[21.6846,70.3638],[21.7123,70.3892],[21.7381,70.3782]]],[[[24.8369,71.0949],[24.8123,71.08],[24.826,71.0768],[24.7766,71.0592],[24.7891,71.0471],[24.77,71.0262],[24.722,71.0266],[24.6143,71.0566],[24.619,71.0693],[24.6716,71.0881],[24.7053,71.0785],[24.7048,71.069],[24.7329,71.0686],[24.7126,71.1076],[24.8369,71.0949]]]]}},{"type":"Feature","id":"Hedmark","properties":{"id":"Hedmark","iso_code":"NO-04","name":"Hedmark","name_full":"Hedmark","name_ja":"ヘードマルク県","center_lonlat":[11.4209,61.4695]},"geometry":{"type":"Polygon","coordinates":[[[12.2795,62.3442],[12.3143,62.2861],[12.3175,62.234],[12.1617,61.7248],[12.4165,61.5823],[12.5834,61.5611],[12.6138,61.547],[12.8771,61.371],[12.8882,61.3496],[12.8398,61.227],[12.7392,61.1424],[12.7038,61.0462],[12.5118,61.0491],[12.281,61.0152],[12.2533,61.0017],[12.2561,60.9813],[12.3132,60.9019],[12.35,60.7933],[12.377,60.7541],[12.4825,60.6573],[12.6086,60.4865],[12.6126,60.4554],[12.5936,60.395],[12.5047,60.3256],[12.4873,60.2959],[12.5216,60.1976],[12.5109,60.118],[12.4468,60.0511],[12.2906,59.9587],[12.1437,59.8984],[11.9422,59.902],[11.8746,59.8849],[11.8418,59.9339],[11.8296,59.9977],[11.8422,60.0213],[11.84,60.0618],[11.5857,60.1801],[11.5827,60.2801],[11.4316,60.3681],[11.3542,60.4613],[11.2373,60.5162],[11.2153,60.571],[11.164,60.6226],[11.1484,60.6415],[11.0477,60.685],[10.7272,60.8043],[10.7111,60.835],[10.7384,60.8685],[10.73,60.8842],[10.6012,60.9784],[10.5164,61.0045],[10.4504,61.0467],[10.4481,61.0568],[10.4968,61.0695],[10.6399,61.1426],[10.745,61.2408],[10.8537,61.2812],[10.6877,61.4798],[10.6793,61.5556],[10.6084,61.7349],[10.5848,61.7449],[10.5181,61.7367],[10.3896,61.6822],[10.2808,61.7216],[10.0583,61.7563],[10.0653,61.7952],[10.1067,61.8482],[10.0856,61.9044],[10.0053,61.9108],[9.9987,61.8827],[9.8116,61.9299],[9.8027,61.9504],[9.8083,62.0177],[9.9031,62.0564],[9.9035,62.0745],[9.659,62.1697],[9.6564,62.1886],[9.6706,62.2052],[9.7831,62.2858],[9.8553,62.3577],[9.9174,62.3572],[9.9854,62.405],[10.087,62.4284],[10.105,62.4426],[10.0752,62.5108],[10.0969,62.5858],[10.1568,62.6549],[10.2857,62.7074],[10.5867,62.6883],[10.6735,62.696],[10.73,62.6689],[10.8056,62.6959],[10.8965,62.7078],[11.1252,62.6798],[11.1689,62.6661],[11.1844,62.6189],[11.235,62.5693],[11.4769,62.4611],[11.5413,62.407],[11.5731,62.3965],[11.7193,62.3688],[11.8229,62.3859],[12.0122,62.3661],[12.171,62.333],[12.2795,62.3442]]]}},{"type":"Feature","id":"Hordaland","properties":{"id":"Hordaland","iso_code":"NO-12","name":"Hordaland","name_full":"Hordaland","name_ja":"ホルダラン県","center_lonlat":[6.406,60.3726]},"geometry":{"type":"MultiPolygon","coordinates":[[[[5.5287,59.5579],[5.54,59.5983],[5.5236,59.6179],[5.5641,59.6767],[5.7219,59.6635],[5.731,59.6476],[5.7156,59.6077],[5.7544,59.6098],[5.7669,59.6456],[5.7891,59.6564],[5.8794,59.6555],[5.8794,59.6767],[5.7886,59.6601],[5.7461,59.6755],[5.8142,59.7291],[5.8862,59.7381],[5.9031,59.7648],[5.9341,59.7449],[5.9859,59.7357],[6.0381,59.7452],[6.1917,59.806],[6.2152,59.8275],[6.2918,59.8403],[6.3115,59.8542],[6.2443,59.8436],[6.0023,59.7586],[5.9639,59.76],[5.9341,59.779],[5.9344,59.7946],[5.9614,59.8166],[5.9689,59.861],[5.9343,59.8415],[5.9144,59.7914],[5.8317,59.7722],[5.7151,59.8317],[5.7075,59.8381],[5.7219,59.861],[5.6814,59.8415],[5.6598,59.84],[5.6462,59.8542],[5.7429,59.8821],[5.7402,59.9099],[5.7722,59.9307],[5.9715,59.9595],[5.9826,59.9811],[5.9478,59.9975],[6.01,60.0574],[6.098,60.0919],[6.291,60.1216],[6.2664,60.1276],[6.2568,60.1627],[6.2005,60.1254],[6.1053,60.1074],[6.1078,60.1341],[6.075,60.1984],[6.1423,60.2155],[6.2092,60.2768],[6.2017,60.2998],[6.2774,60.3135],[6.3333,60.3426],[6.3518,60.3681],[6.4417,60.3889],[6.5027,60.4308],[6.5742,60.432],[6.6404,60.4165],[6.5718,60.3308],[6.5784,60.3066],[6.5305,60.2623],[6.5101,60.1353],[6.5238,60.0808],[6.5291,60.1639],[6.5818,60.2382],[6.5715,60.2725],[6.6541,60.3824],[6.7014,60.3994],[6.7483,60.4464],[6.8026,60.4728],[6.9421,60.4923],[7.0788,60.4794],[7.106,60.5058],[6.9006,60.5058],[6.9325,60.5332],[6.9627,60.5394],[7.0173,60.5878],[6.988,60.5895],[6.9134,60.553],[6.856,60.5032],[6.7723,60.4853],[6.6561,60.433],[6.5921,60.4438],[6.6023,60.4652],[6.6951,60.5189],[6.6477,60.513],[6.5619,60.463],[6.3709,60.4246],[6.2972,60.3886],[6.2253,60.4123],[6.1953,60.4643],[6.1775,60.471],[6.1848,60.4404],[6.241,60.3879],[6.2254,60.374],[6.1921,60.3835],[6.119,60.3681],[6.1886,60.355],[6.1403,60.3066],[6.1607,60.2862],[6.1517,60.2676],[6.1053,60.2452],[6.0371,60.2696],[5.9964,60.265],[5.9689,60.2172],[5.9147,60.1688],[5.8605,60.1631],[5.8516,60.1496],[5.8727,60.0876],[5.8734,60.0509],[5.856,60.0237],[5.7839,60.005],[5.7907,60.0193],[5.7717,60.0235],[5.756,59.9907],[5.7061,60.0089],[5.6814,60.0397],[5.6995,60.0666],[5.7565,60.0604],[5.7905,60.0766],[5.7975,60.0944],[5.7566,60.0944],[5.7324,60.0808],[5.7002,60.1039],[5.7292,60.1324],[5.7056,60.1603],[5.7083,60.1763],[5.7907,60.2111],[5.6812,60.1906],[5.6536,60.1763],[5.6462,60.1496],[5.593,60.1386],[5.5437,60.1627],[5.5741,60.1767],[5.5641,60.2043],[5.7083,60.2322],[5.5984,60.2322],[5.6382,60.2641],[5.6331,60.2725],[5.6148,60.2722],[5.5715,60.2383],[5.575,60.2559],[5.6057,60.2756],[5.6672,60.355],[5.719,60.3704],[5.7366,60.392],[5.6732,60.373],[5.6399,60.3476],[5.6331,60.3681],[5.5266,60.2172],[5.4385,60.1721],[5.4098,60.1313],[5.3518,60.1558],[5.3724,60.1701],[5.304,60.1906],[5.3518,60.2172],[5.2228,60.2111],[5.3103,60.2657],[5.1707,60.2787],[5.1616,60.295],[5.1707,60.3172],[5.2283,60.321],[5.141,60.3514],[5.1777,60.3886],[5.2979,60.396],[5.2502,60.4308],[5.2632,60.4506],[5.2371,60.4738],[5.2383,60.4892],[5.3058,60.5283],[5.4762,60.435],[5.5733,60.4149],[5.6536,60.4308],[5.6497,60.4478],[5.7083,60.4711],[5.714,60.4843],[5.7106,60.6031],[5.7215,60.6394],[5.7429,60.6567],[5.7232,60.6676],[5.7498,60.7182],[5.7085,60.7026],[5.6638,60.7039],[5.6952,60.7523],[5.6756,60.7578],[5.6476,60.7271],[5.5916,60.6977],[5.5335,60.6977],[5.5232,60.6869],[5.5359,60.6396],[5.5266,60.6287],[5.4431,60.6147],[5.3001,60.5608],[5.2505,60.5634],[5.085,60.6629],[5.1232,60.6602],[5.2283,60.6213],[5.085,60.7114],[5.1465,60.7039],[5.1258,60.7244],[5.033,60.7417],[4.9851,60.7799],[4.9268,60.8001],[4.9815,60.8088],[5.0564,60.779],[5.1091,60.7737],[5.1768,60.7416],[5.2801,60.7218],[5.3042,60.712],[5.3103,60.676],[5.348,60.6404],[5.3724,60.6356],[5.3518,60.6629],[5.4338,60.6287],[5.3709,60.6744],[5.3792,60.684],[5.4338,60.6629],[5.4104,60.6887],[5.4133,60.7039],[5.3724,60.7182],[5.355,60.7448],[5.2842,60.7477],[5.2389,60.7639],[5.2359,60.7762],[5.3518,60.8131],[5.3381,60.8398],[5.3565,60.8529],[5.5369,60.8758],[5.4797,60.8846],[5.4709,60.8961],[5.4959,60.91],[5.3484,60.8778],[5.3267,60.8681],[5.2932,60.8227],[5.2398,60.8171],[5.1878,60.8277],[5.1677,60.8547],[5.1644,60.8309],[5.131,60.8121],[5.1184,60.8274],[5.1328,60.8349],[5.1048,60.8372],[5.1637,60.924],[5.2689,60.9555],[5.3599,60.9366],[5.4258,60.9375],[5.63,60.9909],[5.7327,60.9769],[5.7955,60.9918],[5.8642,60.9755],[6.0266,61.0332],[6.1171,60.9921],[6.1365,60.9502],[6.2699,60.9178],[6.4909,60.9596],[6.503,60.9537],[6.4925,60.9404],[6.5041,60.9283],[6.5567,60.923],[6.6782,60.9759],[6.7316,60.9582],[6.7437,60.9416],[6.8106,60.9426],[6.8244,60.9325],[6.7303,60.8901],[6.7182,60.8815],[6.7227,60.8688],[6.8644,60.845],[6.8613,60.8],[6.9589,60.7938],[6.9839,60.7489],[7.4779,60.7023],[7.589,60.6604],[7.6687,60.5474],[7.6789,60.5111],[7.6626,60.4129],[7.6665,60.3314],[7.5543,60.1893],[7.4678,60.1137],[7.3909,60.027],[7.262,59.9894],[7.2221,59.9662],[7.1631,59.9127],[7.16,59.8448],[7.0921,59.7941],[6.9755,59.7925],[6.7029,59.7126],[6.654,59.7291],[6.6864,59.797],[6.6686,59.8458],[6.6253,59.8588],[6.5286,59.8586],[6.2853,59.7807],[6.1819,59.6549],[6.1816,59.6232],[6.1706,59.6158],[5.9771,59.6077],[5.9442,59.6167],[5.8388,59.5866],[5.7377,59.5877],[5.5287,59.5579]]],[[[5.6877,60.6766],[5.674,60.5468],[5.6814,60.4817],[5.6245,60.4669],[5.6089,60.4438],[5.5021,60.437],[5.324,60.5468],[5.409,60.558],[5.4343,60.5778],[5.5697,60.6251],[5.5877,60.6425],[5.5916,60.6766],[5.6084,60.6884],[5.6657,60.6888],[5.6877,60.6766]]],[[[5.19,59.4802],[5.188,59.5184],[5.2427,59.5258],[5.2017,59.5463],[5.2378,59.5596],[5.3213,59.6383],[5.386,59.6494],[5.4133,59.5947],[5.427,59.6357],[5.3997,59.6698],[5.4116,59.6892],[5.4891,59.7381],[5.4817,59.7238],[5.5055,59.6927],[5.4805,59.6213],[5.4878,59.575],[5.4509,59.5463],[5.4168,59.5429],[5.4079,59.5162],[5.19,59.4802]]],[[[5.4891,59.861],[5.4978,59.8034],[5.4219,59.759],[5.3897,59.7586],[5.3582,59.7722],[5.3996,59.7712],[5.4019,59.7873],[5.3779,59.7929],[5.3523,59.7777],[5.3143,59.7895],[5.2848,59.8482],[5.2564,59.8747],[5.262,59.8951],[5.2502,59.9094],[5.2975,59.951],[5.2754,59.9597],[5.2829,59.9666],[5.3262,59.9765],[5.4207,59.9384],[5.4891,59.861]]],[[[5.6192,60.0739],[5.6567,60.0788],[5.6604,60.0665],[5.6528,60.0009],[5.6052,59.9622],[5.6399,59.9156],[5.5715,59.923],[5.5081,59.8991],[5.4891,59.9156],[5.4768,59.963],[5.4543,59.951],[5.4102,59.9577],[5.3618,59.9953],[5.4494,60.005],[5.4397,60.0324],[5.4617,60.0528],[5.5946,60.06],[5.6192,60.0739]]],[[[5.3071,59.7586],[5.345,59.7101],[5.2908,59.6835],[5.27,59.6828],[5.3103,59.7033],[5.2893,59.7498],[5.27,59.7518],[5.2734,59.735],[5.2606,59.7339],[5.2256,59.7552],[5.1942,59.7449],[5.1942,59.7139],[5.154,59.6698],[5.1602,59.6552],[5.2085,59.6828],[5.188,59.6555],[5.2017,59.6146],[5.1528,59.5916],[5.1154,59.6361],[5.1167,59.6857],[5.188,59.7586],[5.1248,59.7619],[5.1184,59.779],[5.0895,59.7623],[5.0706,59.7828],[5.0974,59.8093],[5.0986,59.8275],[5.1465,59.8275],[5.1048,59.8685],[5.154,59.8747],[5.1683,59.85],[5.2202,59.8266],[5.2272,59.8073],[5.2598,59.8027],[5.3071,59.7586]]],[[[5.1117,60.2005],[5.1032,60.1907],[5.0571,60.1937],[5.0358,60.2379],[5.023,60.2452],[5.0174,60.2208],[4.993,60.2253],[4.9479,60.2589],[4.9414,60.2912],[4.9924,60.297],[5.023,60.2862],[5.0366,60.3135],[5.0202,60.3077],[4.971,60.3328],[4.9608,60.3681],[4.9719,60.384],[4.9489,60.4392],[4.9768,60.4412],[5.0022,60.4],[5.0938,60.3202],[5.0977,60.2982],[5.0829,60.2855],[5.0503,60.2862],[5.0986,60.2514],[5.1117,60.2005]]],[[[4.9778,60.5243],[4.9608,60.5599],[5.0264,60.5229],[5.1502,60.5014],[5.1942,60.4711],[5.2044,60.4318],[5.1924,60.4188],[5.125,60.4024],[5.1157,60.428],[5.1328,60.4438],[5.0645,60.4649],[5.0781,60.478],[5.0633,60.4768],[5.0537,60.5021],[5.0059,60.4984],[4.9778,60.5243]]],[[[5.2897,60.0743],[5.297,60.0275],[5.2688,59.9949],[5.2043,60.0161],[5.1717,60.0495],[5.2036,60.0883],[5.2239,60.0423],[5.2466,60.0515],[5.2053,60.1174],[5.2478,60.0985],[5.2595,60.0756],[5.2727,60.0837],[5.2897,60.0743]]],[[[4.8459,60.6281],[4.8439,60.5897],[4.821,60.5844],[4.7795,60.5985],[4.7949,60.6154],[4.7913,60.6661],[4.8206,60.6564],[4.8273,60.6314],[4.8459,60.6281]]]]}},{"type":"Feature","id":"Møre og Romsdal","properties":{"id":"Møre og Romsdal","iso_code":"NO-15","name":"Møre og Romsdal","name_full":"Møre og Romsdal","name_ja":"ムーレ・オ・ロムスダール県","center_lonlat":[7.7176,62.5597]},"geometry":{"type":"MultiPolygon","coordinates":[[[[5.4617,62.0067],[5.4959,62.0276],[5.5364,62.079],[5.5916,62.0682],[5.5647,62.0897],[5.4202,62.1091],[5.391,62.1232],[5.4206,62.1759],[5.4543,62.1911],[5.6221,62.1649],[5.6399,62.1575],[5.6615,62.1214],[5.7498,62.0886],[5.6683,62.1435],[5.6672,62.1706],[5.7861,62.1805],[5.8574,62.2043],[5.9055,62.1909],[5.9255,62.1636],[5.9206,62.1197],[5.9071,62.0936],[5.8525,62.0512],[5.8454,62.0197],[5.9367,62.0873],[5.9546,62.14],[6.0443,62.0993],[6.0508,62.0682],[6.1253,62.0827],[6.2083,62.0812],[6.3667,62.0613],[6.0886,62.1091],[5.9826,62.1842],[5.9206,62.2082],[5.9397,62.2294],[6.0645,62.2047],[5.992,62.2184],[5.9478,62.2457],[5.9784,62.2797],[6.0277,62.3057],[6.3108,62.3721],[6.3934,62.2805],[6.46,62.248],[6.5505,62.1706],[6.5569,62.1384],[6.5305,62.1091],[6.5921,62.1358],[6.5809,62.1603],[6.4949,62.2531],[6.4177,62.3112],[6.39,62.3647],[6.4002,62.3872],[6.5003,62.3993],[6.5647,62.3555],[6.5589,62.3984],[6.5442,62.4108],[6.7088,62.4517],[6.7483,62.4341],[6.8792,62.4179],[6.8738,62.3555],[6.9893,62.273],[7.0052,62.1943],[6.9427,62.1374],[6.9387,62.1218],[6.9558,62.1023],[7.0213,62.0908],[7.14,62.1166],[7.1878,62.1023],[7.1497,62.1308],[7.03,62.1004],[6.9793,62.1129],[6.9734,62.1294],[7.0371,62.1838],[7.0281,62.266],[7.1128,62.2805],[7.2092,62.2509],[7.3107,62.2816],[7.3958,62.2349],[7.415,62.2394],[7.3735,62.273],[7.2935,62.2979],[7.1613,62.2866],[7.0213,62.3038],[6.957,62.3253],[6.9141,62.3698],[6.9756,62.3767],[6.8516,62.4545],[6.7565,62.4648],[6.7907,62.4784],[6.6902,62.4775],[6.4837,62.4307],[6.3977,62.425],[6.3047,62.4592],[6.2429,62.4511],[6.2227,62.4592],[6.3387,62.4722],[6.4536,62.5024],[6.6746,62.4927],[6.6138,62.5202],[6.4761,62.5132],[6.5647,62.5275],[6.533,62.5369],[6.263,62.5275],[6.2705,62.5549],[6.2494,62.5747],[6.2661,62.593],[6.3196,62.6085],[6.5374,62.6156],[6.5833,62.5993],[6.6126,62.561],[6.6216,62.6196],[6.6467,62.6094],[6.7561,62.6546],[6.8818,62.6015],[6.9002,62.5756],[6.9178,62.5747],[6.908,62.6026],[6.9285,62.623],[6.8875,62.6435],[6.9317,62.6555],[7.0923,62.6509],[7.0703,62.6304],[7.0378,62.623],[7.052,62.6096],[7.0965,62.6122],[7.1271,62.5337],[7.1538,62.5747],[7.1331,62.5992],[7.1575,62.6292],[7.365,62.5928],[7.4304,62.548],[7.5174,62.5411],[7.5425,62.5036],[7.5618,62.5166],[7.5729,62.55],[7.7782,62.5747],[7.7454,62.586],[7.5052,62.5664],[7.4227,62.598],[7.4182,62.633],[7.4445,62.6447],[7.4773,62.6396],[7.5003,62.6199],[7.4971,62.5883],[7.5202,62.5847],[7.533,62.6133],[7.51,62.6495],[7.5232,62.6744],[7.6169,62.7001],[7.8359,62.7321],[8.0188,62.7336],[8.1475,62.692],[8.1294,62.7184],[8.0651,62.7392],[8.0451,62.7596],[8.073,62.7801],[7.646,62.7287],[7.4893,62.6868],[7.385,62.6876],[7.3597,62.6982],[7.4036,62.7119],[7.3665,62.7329],[7.4715,62.7672],[7.6813,62.7944],[7.6095,62.7961],[7.3125,62.744],[6.949,62.7329],[6.9715,62.7356],[6.9831,62.7534],[6.9558,62.7705],[6.9619,62.7842],[7.0098,62.8148],[7.0596,62.8263],[7.2158,62.8148],[7.1331,62.8489],[7.0166,62.8415],[6.9558,62.8869],[6.948,62.9055],[6.8801,62.9111],[7.076,62.9829],[7.2376,63.0147],[7.2712,63.0141],[7.4212,62.9514],[7.4417,62.9179],[7.5011,62.9108],[7.69,62.9811],[7.7804,62.9726],[7.7483,62.9421],[7.6683,62.9179],[7.6943,62.9121],[7.8994,62.9558],[7.9393,62.9771],[8.0755,62.9509],[8.1133,62.9179],[8.1242,62.8677],[8.1543,62.8148],[8.1897,62.7979],[8.3191,62.777],[8.4152,62.7258],[8.5132,62.7074],[8.5378,62.6885],[8.5453,62.6572],[8.5672,62.6823],[8.5648,62.7036],[8.544,62.7206],[8.3311,62.8007],[8.2463,62.8161],[8.1841,62.8477],[8.172,62.8584],[8.1712,62.8918],[8.2096,62.9111],[8.1751,62.9207],[8.1475,62.9514],[8.0007,63.0067],[7.9831,63.0271],[7.9426,63.0202],[7.97,63.0067],[7.948,63.0032],[7.8772,63.0104],[7.9489,63.0476],[7.9973,63.0923],[8.0867,63.1097],[8.134,63.0803],[8.1284,63.0502],[8.1604,63.0264],[8.2468,63.008],[8.2859,62.9821],[8.3301,62.9734],[8.3399,62.9588],[8.3093,62.9446],[8.3364,62.9121],[8.3293,62.8807],[8.3894,62.8899],[8.488,62.853],[8.523,62.8443],[8.5386,62.8524],[8.5242,62.8713],[8.4287,62.8968],[8.4507,62.8957],[8.574,62.8754],[8.6348,62.8415],[8.703,62.8223],[8.6199,62.8779],[8.4797,62.9072],[8.4157,62.9588],[8.6442,62.9674],[8.6688,62.9793],[8.64,62.9888],[8.5453,62.9793],[8.5217,62.9892],[8.5863,63.0202],[8.5537,63.0226],[8.488,62.994],[8.374,62.9731],[8.3195,62.9998],[8.4702,63.0202],[8.4353,63.0314],[8.2385,63.0255],[8.2232,63.0334],[8.2289,63.0631],[8.1655,63.1153],[8.2197,63.1345],[8.2915,63.096],[8.2847,63.0755],[8.3262,63.0886],[8.3195,63.1097],[8.2362,63.1507],[8.5436,63.1324],[8.641,63.1097],[8.6245,63.1281],[8.5759,63.1442],[8.5658,63.1612],[8.6087,63.1811],[8.8499,63.2034],[8.8051,63.1889],[8.8486,63.1614],[8.8587,63.1381],[8.901,63.1289],[9.0368,63.155],[9.2056,63.1408],[9.2206,63.1591],[9.214,63.1824],[9.2379,63.1997],[9.2791,63.2115],[9.4151,63.2074],[9.4671,63.1919],[9.4738,63.1792],[9.49,63.0529],[9.5807,63.0202],[9.4497,62.9523],[9.4416,62.9379],[9.4518,62.8873],[9.4162,62.8332],[8.9364,62.7358],[8.9412,62.714],[9.1681,62.5833],[9.2449,62.5645],[9.1669,62.4194],[9.0906,62.3801],[8.9682,62.3719],[8.8525,62.3894],[8.4093,62.3789],[8.1542,62.3455],[8.0719,62.2432],[7.9709,62.1914],[7.9051,62.1868],[7.763,62.2043],[7.7284,62.1951],[7.6117,62.1225],[7.6114,62.0919],[7.4978,62.1005],[7.3279,62.0498],[7.1375,62.0355],[7.0336,61.9997],[6.8051,61.973],[6.7637,61.9914],[6.7057,62.0571],[6.6701,62.0782],[6.4502,62.0278],[6.3402,61.9761],[6.2707,61.9821],[6.1933,62.0084],[6.1483,62.0006],[6.1256,61.9756],[6.1067,61.9733],[5.9275,62.0003],[5.803,61.9784],[5.7282,61.9875],[5.5739,61.9632],[5.4624,61.9961],[5.4617,62.0067]]],[[[8.869,63.2105],[8.6122,63.2038],[8.5733,63.2531],[8.4764,63.294],[8.7376,63.3347],[8.7644,63.3493],[8.6956,63.3567],[8.6746,63.3799],[8.6389,63.3921],[8.6468,63.4092],[8.6724,63.4212],[8.7183,63.4081],[8.7864,63.4298],[8.8354,63.3962],[8.9086,63.3697],[8.915,63.3556],[8.869,63.2105]]],[[[7.9147,63.3425],[7.9973,63.3425],[7.8063,63.3713],[7.7868,63.3828],[7.7912,63.4039],[7.7782,63.4113],[7.9238,63.4373],[8.0041,63.4728],[8.0706,63.4733],[8.1008,63.4641],[8.1244,63.426],[8.172,63.4061],[8.1817,63.3902],[8.1384,63.3509],[8.0867,63.3288],[7.9768,63.3151],[7.9738,63.3259],[7.9147,63.3425]]],[[[7.6404,63.0551],[7.7063,63.0067],[7.624,62.9897],[7.5265,62.946],[7.4902,62.9452],[7.4653,62.9655],[7.3929,62.9796],[7.3665,62.9967],[7.4356,63.0202],[7.4173,63.036],[7.4356,63.0476],[7.4014,63.0613],[7.4902,63.0681],[7.4764,63.0551],[7.527,63.0466],[7.5652,63.0202],[7.575,63.0443],[7.5632,63.0506],[7.6061,63.0784],[7.5851,63.1165],[7.6478,63.1097],[7.6404,63.0551]]],[[[5.9886,62.3965],[5.9995,62.3661],[6.0788,62.3419],[6.0371,62.335],[5.874,62.2554],[5.8113,62.2457],[5.8516,62.2805],[5.8317,62.2866],[5.8411,62.3131],[5.8045,62.3624],[5.8156,62.3857],[5.862,62.4156],[5.917,62.4299],[5.9675,62.4173],[5.9886,62.3965]]],[[[5.7361,62.2805],[5.8011,62.2774],[5.8045,62.2668],[5.7853,62.2517],[5.7975,62.232],[5.7907,62.215],[5.7014,62.1911],[5.5469,62.1927],[5.5021,62.2258],[5.6057,62.2258],[5.5181,62.2431],[5.5573,62.26],[5.5437,62.273],[5.5632,62.2914],[5.6965,62.3017],[5.7361,62.2805]]],[[[8.4839,63.2468],[8.5747,63.1996],[8.5658,63.1779],[8.374,63.1649],[8.2642,63.2326],[8.273,63.2675],[8.2884,63.2772],[8.3259,63.2596],[8.3535,63.2673],[8.396,63.2269],[8.4082,63.2394],[8.4014,63.272],[8.4287,63.2878],[8.4839,63.2468]]],[[[8.1133,63.2394],[8.1556,63.2109],[8.1885,63.1575],[8.0202,63.1379],[7.9768,63.1432],[7.9284,63.1779],[8.0778,63.2412],[8.1133,63.2394]]],[[[6.8528,62.7459],[6.9045,62.7326],[6.9194,62.7172],[6.9141,62.6982],[6.6724,62.656],[6.6628,62.6751],[6.6467,62.6783],[6.6814,62.6982],[6.6748,62.7172],[6.6847,62.7302],[6.744,62.7229],[6.8528,62.7459]]],[[[7.7782,63.0817],[7.8867,63.0998],[7.9147,63.0817],[7.8734,63.0451],[7.7879,63.0207],[7.6813,63.0551],[7.7264,63.0938],[7.7782,63.0817]]],[[[6.263,62.4238],[6.3213,62.4228],[6.3325,62.4108],[6.165,62.3966],[6.0907,62.4024],[6.0234,62.4374],[6.2017,62.4449],[6.263,62.4238]]],[[[6.8323,62.8415],[6.9243,62.8566],[6.9421,62.8259],[6.8801,62.808],[6.9038,62.7904],[6.8867,62.7751],[6.7704,62.817],[6.8042,62.8223],[6.7775,62.8398],[6.79,62.8577],[6.8323,62.8415]]],[[[8.3148,63.1813],[8.3254,63.1714],[8.2098,63.1614],[8.1653,63.2134],[8.1882,63.2253],[8.2351,63.2222],[8.3148,63.1813]]],[[[5.636,62.3193],[5.603,62.3288],[5.6731,62.3438],[5.697,62.3647],[5.7415,62.3607],[5.7285,62.3266],[5.6672,62.3299],[5.636,62.3193]]],[[[5.5939,62.3398],[5.5213,62.3349],[5.5099,62.364],[5.5817,62.3588],[5.5964,62.3545],[5.5939,62.3398]]]]}},{"type":"Feature","id":"Nord-Trøndelag","properties":{"id":"Nord-Trøndelag","iso_code":"NO-17","name":"Nord-Trøndelag","name_full":"Nord-Trøndelag","name_ja":"ヌール・トロンデラーグ県","center_lonlat":[12.3217,64.2717]},"geometry":{"type":"MultiPolygon","coordinates":[[[[14.3321,65.114],[14.3107,65.0841],[14.1724,64.9914],[13.6428,64.584],[13.9401,64.4913],[14.0609,64.4766],[14.0969,64.4653],[14.1156,64.4412],[14.1605,64.1872],[13.9823,64.0195],[13.9394,64.0095],[13.2341,64.0909],[12.9824,64.0588],[12.7553,63.9914],[12.6819,63.9564],[12.2932,63.657],[12.1703,63.5981],[12.2195,63.4966],[12.2198,63.4743],[11.9924,63.2889],[12.0598,63.2048],[11.6425,63.1969],[11.4591,63.3367],[10.9325,63.3543],[10.8844,63.3867],[10.8759,63.4459],[10.9164,63.4665],[10.7777,63.4875],[10.7588,63.5175],[10.7808,63.539],[10.9226,63.5548],[10.8569,63.5693],[10.9226,63.6025],[10.8513,63.5981],[10.6716,63.5488],[10.6564,63.5548],[10.7557,63.6251],[10.8643,63.6515],[10.9054,63.6845],[11.0335,63.7192],[11.083,63.7046],[11.1567,63.7111],[11.2658,63.7744],[11.4577,63.79],[11.4597,63.8124],[11.4241,63.8222],[11.4378,63.8359],[11.4152,63.8501],[11.3547,63.8481],[11.2771,63.8674],[11.1116,63.8496],[11.0965,63.8581],[11.0964,63.8896],[11.1766,63.9092],[11.2233,63.9455],[11.4369,63.9831],[11.4979,64.0208],[11.2542,64.0379],[11.2405,64.061],[11.3621,64.1171],[11.3,64.1072],[11.2254,64.072],[11.2035,64.0274],[11.1751,64.007],[10.9627,63.9479],[10.8713,63.8972],[10.6887,63.8603],[10.5737,63.8091],[10.77,63.8503],[10.9002,63.8947],[10.9349,63.8981],[11.056,63.8613],[11.074,63.8359],[11.0075,63.8131],[10.9779,63.7676],[10.91,63.731],[10.811,63.7202],[10.7407,63.6904],[10.6717,63.6868],[10.6428,63.6776],[10.6023,63.6359],[10.4158,63.5794],[10.2414,63.5622],[10.1979,63.5423],[10.1633,63.5879],[10.2014,63.6349],[10.4822,63.7377],[10.5255,63.8046],[10.5811,63.8582],[10.7983,63.9684],[10.8008,63.9887],[10.8276,64.0064],[10.823,64.0415],[10.9169,64.1064],[10.8118,64.1436],[10.8328,64.1967],[10.909,64.2229],[10.9641,64.2937],[10.7897,64.3339],[10.7089,64.3804],[10.6252,64.4053],[10.5855,64.4343],[10.6047,64.4522],[10.6663,64.4181],[10.7319,64.4158],[10.7451,64.3976],[10.8151,64.3703],[10.855,64.3778],[10.7993,64.4008],[10.7866,64.4113],[10.8052,64.4208],[10.7746,64.4419],[10.6799,64.439],[10.6564,64.4522],[10.7041,64.4727],[10.7526,64.4659],[10.7622,64.4802],[10.8412,64.4659],[10.8369,64.4829],[10.8003,64.5075],[10.8247,64.5114],[10.8923,64.4747],[10.9164,64.4931],[10.9567,64.487],[10.9226,64.5075],[10.9641,64.5075],[10.9499,64.5205],[10.9567,64.5522],[10.9164,64.5758],[10.9567,64.603],[11.0603,64.5758],[11.0597,64.5474],[11.0762,64.5236],[11.1781,64.4787],[11.1628,64.446],[11.2698,64.4526],[11.3416,64.4317],[11.3203,64.3987],[11.2249,64.3225],[11.2474,64.3256],[11.3,64.3703],[11.3893,64.4051],[11.3621,64.4113],[11.4098,64.4522],[11.4434,64.4385],[11.5203,64.4625],[11.6563,64.4802],[11.4378,64.4659],[11.4607,64.5112],[11.5396,64.5211],[11.506,64.5484],[11.5737,64.5559],[11.547,64.5416],[11.5701,64.5373],[11.7798,64.5969],[11.6595,64.5943],[11.6358,64.5826],[11.6245,64.5926],[11.6289,64.6242],[11.6112,64.6286],[11.5532,64.603],[11.5947,64.5969],[11.5772,64.575],[11.5168,64.5729],[11.4207,64.6364],[11.4241,64.6514],[11.402,64.6632],[11.3962,64.6856],[11.4241,64.6959],[11.3962,64.7067],[11.4798,64.7195],[11.5317,64.7446],[11.6159,64.7402],[11.5947,64.7477],[11.5952,64.7585],[11.5532,64.7675],[11.8418,64.7949],[11.6432,64.8227],[11.7873,64.8358],[11.7873,64.8576],[11.6836,64.8371],[11.6494,64.8432],[11.7085,64.8583],[11.7455,64.8842],[11.9168,64.9252],[11.992,64.9302],[12.0637,64.9599],[12.2249,64.9394],[12.1439,64.9694],[12.0535,64.973],[11.9116,64.9494],[11.7388,64.8911],[11.617,64.8696],[11.6084,64.862],[11.6221,64.8432],[11.4783,64.8106],[11.4033,64.7597],[11.261,64.7344],[11.2385,64.7402],[11.3514,64.7675],[11.4297,64.8159],[11.3464,64.805],[11.3024,64.822],[11.2317,64.8227],[11.2527,64.8378],[11.5238,64.8625],[11.6649,64.8933],[11.6971,64.9122],[11.6016,64.8911],[11.2454,64.8576],[11.4014,64.9223],[11.5542,64.8991],[11.5947,64.9252],[11.5339,64.9047],[11.4774,64.9326],[11.5601,64.9531],[11.6358,64.9456],[11.6159,64.9599],[11.6291,64.9659],[11.6631,64.9531],[11.8202,64.9812],[11.835,64.9866],[11.8015,65.0076],[11.8726,65.0419],[11.9785,65.0688],[12.0125,65.0555],[12.0155,65.0296],[12.0454,65.0601],[12.0934,65.0232],[12.1763,65.0111],[12.1732,64.9978],[12.2017,64.9993],[12.2925,64.9722],[12.4199,64.9879],[12.5595,64.9776],[12.6247,64.9502],[12.7593,64.9498],[12.8044,64.972],[12.934,64.9913],[12.9394,65.0302],[13.0244,65.0527],[13.1434,65.1191],[13.3241,65.1053],[13.5556,65.1137],[13.6437,65.1058],[14.227,65.1322],[14.3321,65.114]]],[[[11.2863,64.559],[11.3122,64.5401],[11.4256,64.5397],[11.4514,64.515],[11.4168,64.4727],[11.3158,64.488],[11.2839,64.5133],[11.1802,64.5075],[11.1287,64.5559],[11.1416,64.5713],[11.2249,64.5695],[11.1917,64.5956],[11.084,64.5883],[11.043,64.5999],[11.0374,64.6144],[11.054,64.6439],[11.0858,64.652],[11.2293,64.6113],[11.2694,64.5922],[11.2863,64.559]]],[[[11.0911,64.9016],[11.0057,64.8985],[10.9069,64.8574],[10.8269,64.8501],[11.1013,64.9531],[11.2664,64.8937],[11.1322,64.8389],[11.0809,64.8358],[11.0877,64.8501],[11.0461,64.8501],[11.0803,64.8751],[11.0911,64.9016]]],[[[10.8412,64.8774],[10.7381,64.8501],[10.7451,64.8637],[10.7109,64.8637],[10.7839,64.924],[10.8718,64.9277],[11.0325,64.973],[11.0335,64.9882],[11.115,64.973],[10.965,64.9187],[10.8989,64.9083],[10.8412,64.8774]]],[[[11.7617,65.1194],[11.7772,65.1101],[11.6736,65.0717],[11.7009,65.0648],[11.6694,65.0449],[11.6519,65.0457],[11.658,65.0647],[11.5798,65.0425],[11.5188,65.0546],[11.531,65.0852],[11.5803,65.1097],[11.689,65.118],[11.7258,65.1066],[11.7617,65.1194]]],[[[11.3508,64.6516],[11.3401,64.6204],[11.3123,64.5997],[11.2455,64.6394],[11.1731,64.6374],[11.1817,64.6575],[11.168,64.6597],[11.1856,64.6738],[11.304,64.6921],[11.3557,64.6673],[11.3508,64.6516]]],[[[11.4655,64.5878],[11.4802,64.5561],[11.4329,64.5424],[11.3445,64.5737],[11.3688,64.591],[11.3665,64.6344],[11.3914,64.611],[11.3931,64.6259],[11.4655,64.5878]]]]}},{"type":"Feature","id":"Nordland","properties":{"id":"Nordland","iso_code":"NO-18","name":"Nordland","name_full":"Nordland","name_ja":"ヌールラン県","center_lonlat":[14.8484,66.71]},"geometry":{"type":"MultiPolygon","coordinates":[[[[18.1893,68.5384],[18.1562,68.5186],[18.1357,68.3957],[18.1886,68.1987],[18.1667,68.1585],[17.921,67.9729],[17.8954,67.9697],[17.3215,68.1053],[17.2201,68.0401],[16.7829,67.897],[16.6087,67.6473],[16.483,67.5578],[16.4286,67.534],[16.1996,67.5083],[16.1807,67.4964],[16.1271,67.4228],[16.4379,67.2003],[16.4438,67.1826],[16.4156,67.0527],[16.3997,67.036],[16.1257,66.9344],[16.0388,66.8875],[15.6695,66.5994],[15.4263,66.4912],[15.4821,66.3408],[15.4918,66.288],[15.4819,66.2749],[15.0534,66.1533],[14.5405,66.1254],[14.6444,65.8429],[14.6489,65.8024],[14.5607,65.7011],[14.5104,65.4647],[14.5143,65.3181],[14.4821,65.2887],[14.3802,65.2403],[14.3321,65.114],[14.227,65.1322],[13.6437,65.1058],[13.5556,65.1137],[13.3241,65.1053],[13.1434,65.1191],[13.0244,65.0527],[12.9394,65.0302],[12.934,64.9913],[12.8044,64.972],[12.7593,64.9498],[12.6247,64.9502],[12.5595,64.9776],[12.4199,64.9879],[12.2925,64.9722],[12.2017,64.9993],[12.2112,65.0146],[12.1869,65.0345],[12.1931,65.0505],[12.2809,65.0601],[12.3688,65.0903],[12.4715,65.0893],[12.4861,65.1135],[12.5075,65.1212],[12.6362,65.1313],[12.6022,65.1374],[12.6773,65.1592],[12.7905,65.2138],[12.8074,65.2421],[12.931,65.3124],[12.94,65.3278],[12.9318,65.3332],[12.6682,65.1959],[12.5028,65.1449],[12.429,65.1392],[12.3688,65.1518],[12.3817,65.1772],[12.4706,65.1826],[12.4992,65.2001],[12.4514,65.2064],[12.4383,65.2269],[12.3552,65.2269],[12.4082,65.2469],[12.5081,65.2407],[12.5202,65.2507],[12.7121,65.2541],[12.5164,65.2678],[12.4582,65.2541],[12.465,65.2678],[12.4357,65.2733],[12.3455,65.2678],[12.2762,65.2322],[12.2453,65.2336],[12.3421,65.3026],[12.4514,65.3135],[12.4787,65.3367],[12.4103,65.3225],[12.433,65.3445],[12.4992,65.3708],[12.5164,65.3572],[12.6008,65.3547],[12.6565,65.3258],[12.6916,65.3298],[12.6628,65.3547],[12.547,65.364],[12.527,65.4056],[12.4787,65.4465],[12.5486,65.447],[12.5674,65.4398],[12.5742,65.4186],[12.6022,65.4323],[12.7121,65.3708],[12.6294,65.4323],[12.6497,65.4503],[12.7803,65.4596],[12.741,65.4678],[12.6084,65.4596],[12.6569,65.4807],[12.5965,65.4886],[12.5646,65.5137],[12.6157,65.5285],[12.5794,65.5495],[12.5742,65.59],[12.5137,65.5122],[12.465,65.5217],[12.5257,65.5618],[12.5339,65.5832],[12.4383,65.5285],[12.4043,65.535],[12.3965,65.5519],[12.4172,65.5967],[12.3684,65.5927],[12.3552,65.6042],[12.3489,65.6384],[12.3641,65.6525],[12.4954,65.7333],[12.5545,65.7294],[12.5813,65.7131],[12.5879,65.6896],[12.6362,65.6862],[12.6084,65.6514],[12.6569,65.6384],[12.7124,65.6441],[12.7409,65.6297],[12.7871,65.6384],[12.7581,65.6553],[12.6836,65.6614],[12.6502,65.7099],[12.5864,65.7277],[12.5578,65.7537],[12.6454,65.8077],[12.7175,65.7891],[12.7046,65.8022],[12.7112,65.8271],[12.6937,65.8355],[12.6117,65.8347],[12.6424,65.8916],[12.6823,65.9267],[12.7891,65.965],[12.8485,65.9667],[12.9175,65.953],[12.9658,65.9257],[13.0404,65.9257],[13.0682,65.8984],[13.1205,65.8922],[13.157,65.8507],[13.176,65.8558],[13.1229,65.9431],[12.9784,65.9599],[12.9243,65.994],[12.9631,66.0102],[12.968,66.0229],[12.9515,66.0356],[12.9706,66.0528],[13.0404,66.0834],[12.7121,66.0424],[12.7256,66.0561],[12.6704,66.0629],[12.6872,66.0746],[12.7517,66.1051],[12.869,66.1343],[13.0475,66.1523],[13.0895,66.1461],[13.1037,66.1616],[13.2254,66.1858],[13.306,66.2179],[13.5272,66.2401],[13.5618,66.2342],[13.5765,66.2189],[13.4928,66.1858],[13.5823,66.1858],[13.5344,66.1386],[13.5359,66.1105],[13.5618,66.1113],[13.6397,66.1573],[13.7603,66.166],[13.8216,66.147],[13.8348,66.1585],[13.8224,66.1718],[13.6095,66.1858],[13.6411,66.2206],[13.6965,66.2387],[13.8081,66.2342],[13.7603,66.1994],[13.8367,66.2221],[13.9862,66.241],[14.0098,66.2709],[14.1346,66.3164],[14.1439,66.3338],[14.1305,66.3431],[14.1001,66.3369],[13.964,66.3048],[13.9075,66.2684],[13.8035,66.2778],[13.7538,66.2958],[13.6991,66.2531],[13.6198,66.2409],[13.5916,66.2438],[13.5755,66.2622],[13.6232,66.2752],[13.5755,66.2895],[13.5032,66.259],[13.4137,66.2431],[13.2874,66.241],[13.2048,66.2047],[13.0693,66.1741],[13.0404,66.1796],[13.0316,66.1982],[13.1631,66.2591],[13.3213,66.3003],[13.5344,66.3093],[13.4035,66.3168],[13.4519,66.3372],[13.3648,66.3383],[13.3109,66.3745],[13.3147,66.3503],[13.3377,66.3278],[13.2266,66.2973],[13.1366,66.3031],[13.1577,66.3183],[13.1502,66.3304],[13.0956,66.3168],[13.0373,66.32],[13.0,66.3571],[13.141,66.3861],[13.1707,66.4123],[13.157,66.4366],[13.1026,66.4539],[13.1638,66.467],[13.1026,66.4744],[13.0818,66.498],[12.972,66.5222],[13.1026,66.5427],[13.209,66.5141],[13.2315,66.4681],[13.2254,66.4539],[13.3621,66.4555],[13.3972,66.467],[13.2669,66.467],[13.2878,66.5095],[13.2595,66.5222],[13.356,66.5427],[13.4894,66.5501],[13.6711,66.5154],[13.6234,66.5388],[13.4588,66.5638],[13.6013,66.6072],[13.7262,66.6048],[13.6875,66.6158],[13.5028,66.6065],[13.4233,66.5628],[13.239,66.5484],[13.2048,66.5563],[13.25,66.6138],[13.4035,66.6252],[13.2507,66.6331],[13.1707,66.6519],[13.1912,66.6666],[13.3489,66.6457],[13.4519,66.6588],[13.5474,66.6383],[13.5226,66.6611],[13.4802,66.6753],[13.2254,66.714],[13.256,66.7241],[13.4932,66.714],[13.5276,66.6935],[13.6931,66.6913],[13.7188,66.7004],[13.6983,66.714],[13.8512,66.7171],[13.8901,66.7351],[13.7119,66.7351],[13.5755,66.714],[13.5471,66.7243],[13.5432,66.7392],[13.5588,66.7535],[13.5891,66.7618],[13.718,66.7506],[13.7529,66.7618],[13.5071,66.7823],[13.5418,66.8032],[13.6122,66.8098],[13.7683,66.7926],[13.993,66.7897],[13.8014,66.8096],[13.7393,66.8376],[13.6883,66.835],[13.6779,66.8511],[13.6983,66.858],[13.6439,66.868],[13.6306,66.8996],[13.5208,66.9057],[13.5436,66.9219],[13.5897,66.9382],[13.7445,66.937],[13.7803,66.9461],[13.7603,66.9678],[13.839,66.9641],[13.9016,66.9921],[13.9727,66.9946],[13.9578,66.974],[13.8901,66.9536],[13.9346,66.9222],[13.959,66.9269],[13.9317,66.9331],[13.9857,66.966],[14.0278,66.9678],[14.0438,66.9809],[14.0143,67.0225],[14.0403,67.056],[14.0599,67.0609],[14.1094,66.9907],[14.1515,66.9716],[14.2267,66.9836],[14.2691,67.024],[14.2708,67.0432],[14.2463,67.0498],[14.2721,67.06],[14.4182,67.0634],[14.4934,67.043],[14.5296,67.0485],[14.5443,67.0454],[14.5525,67.0185],[14.5682,67.0181],[14.5959,67.043],[14.5813,67.0584],[14.2674,67.0839],[14.3358,67.1249],[14.3218,67.1364],[14.3281,67.147],[14.363,67.1597],[14.4519,67.1658],[14.4157,67.1294],[14.4229,67.1094],[14.4729,67.1392],[14.4592,67.1528],[14.6769,67.1596],[14.7092,67.1508],[14.7433,67.1183],[14.7503,67.1239],[14.7472,67.1454],[14.7232,67.1612],[14.6514,67.1767],[14.5139,67.1801],[14.6038,67.2043],[14.6516,67.1852],[14.7814,67.2143],[14.883,67.2062],[14.9793,67.2143],[14.9248,67.2006],[14.9326,67.1805],[14.8906,67.1528],[14.9939,67.0991],[15.008,67.1022],[15.0039,67.1149],[14.9317,67.1528],[15.0195,67.2041],[15.0946,67.2134],[15.1299,67.1958],[15.2186,67.1923],[15.3833,67.1567],[15.3947,67.142],[15.3767,67.0976],[15.4356,67.0758],[15.5015,67.0703],[15.4387,67.0976],[15.4387,67.1187],[15.4803,67.1528],[15.3767,67.2006],[15.4551,67.2136],[15.7404,67.1733],[15.6926,67.2069],[15.7063,67.2143],[15.6062,67.2028],[15.408,67.2357],[15.2874,67.2056],[15.2612,67.2143],[15.3291,67.2263],[15.3425,67.2416],[15.283,67.247],[15.2127,67.2348],[15.0625,67.2477],[15.1377,67.2695],[15.1651,67.3105],[15.0135,67.2917],[14.98,67.2695],[14.7746,67.2695],[14.8355,67.2553],[14.6738,67.2167],[14.617,67.2143],[14.6946,67.2484],[14.6995,67.2757],[14.5757,67.2519],[14.3283,67.2416],[14.4114,67.2695],[14.4178,67.2845],[14.6017,67.3773],[14.6052,67.3938],[14.5759,67.3986],[14.617,67.4061],[14.6231,67.4206],[14.8,67.4218],[14.8224,67.4061],[14.7951,67.3856],[14.8247,67.3783],[14.883,67.4048],[15.049,67.447],[14.8224,67.447],[14.8428,67.4613],[14.7842,67.4625],[14.7678,67.4675],[14.7808,67.475],[14.7686,67.4808],[14.7268,67.4887],[14.7941,67.5252],[15.0588,67.5773],[15.1154,67.564],[15.1589,67.5358],[15.1069,67.5296],[15.0083,67.5637],[14.9868,67.5495],[15.0552,67.5159],[15.0104,67.487],[14.8293,67.475],[15.0168,67.4687],[15.0794,67.4963],[15.1758,67.5213],[15.1929,67.5159],[15.1914,67.5017],[15.2127,67.4887],[15.1514,67.4811],[15.1724,67.4675],[15.1377,67.4204],[15.2171,67.4495],[15.241,67.4792],[15.429,67.483],[15.4729,67.4613],[15.5418,67.3794],[15.5486,67.3515],[15.6448,67.303],[15.6048,67.2909],[15.6035,67.2803],[15.6585,67.2757],[15.7,67.303],[15.6214,67.3337],[15.6174,67.3577],[15.5855,67.3956],[15.5144,67.4265],[15.5828,67.4613],[15.5287,67.4675],[15.5979,67.5099],[15.7863,67.5506],[15.898,67.5569],[15.8682,67.5732],[15.6681,67.5519],[15.5559,67.5159],[15.4987,67.5105],[15.2393,67.5292],[15.2284,67.5588],[15.2612,67.5773],[15.2407,67.5842],[15.2756,67.5936],[15.4109,67.5834],[15.4364,67.5598],[15.4661,67.5773],[15.4188,67.6047],[15.4387,67.6121],[15.4066,67.6313],[15.3705,67.6252],[15.384,67.6121],[15.3591,67.6052],[15.2749,67.6252],[15.1943,67.6087],[15.1786,67.6184],[15.1965,67.6446],[15.3369,67.6872],[15.2749,67.694],[15.3011,67.7202],[15.3687,67.7103],[15.4123,67.6889],[15.5418,67.6736],[15.5144,67.694],[15.6585,67.6804],[15.5481,67.7112],[15.4866,67.6989],[15.4046,67.7351],[15.5969,67.7488],[15.7997,67.679],[15.822,67.6778],[15.8366,67.694],[15.7819,67.7077],[15.7887,67.7282],[15.6305,67.7624],[15.6926,67.7965],[15.595,67.7739],[15.4114,67.7965],[15.4461,67.8322],[15.4328,67.8607],[15.4046,67.8244],[15.3695,67.8652],[15.3568,67.8511],[15.384,67.8039],[15.2238,67.7434],[15.182,67.7145],[14.8361,67.6425],[14.7268,67.6594],[14.877,67.7003],[14.7808,67.7145],[14.793,67.7288],[15.1172,67.7419],[15.0153,67.7466],[14.9937,67.7692],[15.0347,67.7829],[14.8293,67.7624],[14.843,67.7692],[14.8293,67.776],[14.8312,67.7918],[14.7786,67.7849],[14.7541,67.8039],[14.773,67.816],[15.0632,67.8388],[15.1029,67.8511],[15.0759,67.8615],[14.8496,67.8449],[14.8994,67.873],[14.9987,67.8955],[15.1921,67.8861],[15.2332,67.8722],[15.2012,67.8598],[15.1991,67.8312],[15.3021,67.8904],[15.4832,67.9177],[15.5435,67.917],[15.5032,67.8754],[15.5326,67.8524],[15.5418,67.8585],[15.5244,67.878],[15.5349,67.8898],[15.598,67.9167],[15.6038,67.9306],[15.7523,67.9521],[15.8208,67.9376],[15.841,67.9011],[15.8601,67.8996],[15.8855,67.9389],[15.945,67.9656],[15.9688,68.0086],[16.0632,68.0162],[15.9009,68.0236],[15.8503,68.0367],[15.8983,68.0668],[15.8775,68.0709],[15.7892,68.0343],[15.6024,68.0383],[15.5454,68.0747],[15.384,68.023],[15.3928,68.0113],[15.4387,68.0094],[15.3982,67.9949],[15.3568,67.9959],[15.2817,68.0367],[15.3425,68.0572],[15.3545,68.08],[15.4036,68.1046],[15.4634,68.1242],[15.5076,68.1323],[15.5041,68.1052],[15.5287,68.0913],[15.5383,68.1118],[15.583,68.1118],[15.6299,68.1346],[15.6437,68.1689],[15.6658,68.1671],[15.6585,68.1528],[15.7341,68.1397],[15.7,68.126],[15.7375,68.1028],[15.7101,68.0846],[15.6174,68.0913],[15.6286,68.0764],[15.6174,68.0572],[15.6284,68.053],[15.6658,68.0504],[15.6574,68.0667],[15.6694,68.0723],[15.7346,68.0723],[15.7615,68.0776],[15.7664,68.0895],[15.8445,68.0963],[15.9253,68.1323],[15.8723,68.1697],[15.8708,68.1869],[15.9421,68.1859],[15.9533,68.2046],[15.9496,68.239],[15.9797,68.2501],[16.0379,68.243],[16.0632,68.2012],[16.0278,68.1807],[16.0425,68.1623],[16.0972,68.1733],[16.104,68.1602],[16.0903,68.1257],[16.0697,68.1125],[16.0899,68.0742],[16.0837,68.0574],[16.042,68.0299],[16.1929,67.9815],[16.2106,67.9588],[16.2201,67.8927],[16.2368,67.8836],[16.282,67.8772],[16.4373,67.8076],[16.4847,67.7978],[16.515,67.8039],[16.4603,67.8177],[16.4435,67.8315],[16.4535,67.8511],[16.2686,67.8893],[16.2546,67.9003],[16.2754,67.9268],[16.2754,67.9753],[16.207,68.0026],[16.2743,68.0057],[16.4126,67.9063],[16.4666,67.8996],[16.4461,67.9268],[16.4666,67.9405],[16.3962,67.9589],[16.3335,68.0024],[16.3804,68.0089],[16.4515,67.9628],[16.5422,67.961],[16.4634,67.9783],[16.5007,68.0162],[16.3648,68.0299],[16.3892,68.0593],[16.4636,68.0943],[16.5501,68.0662],[16.6628,68.0507],[16.6863,68.0572],[16.6652,68.0634],[16.689,68.071],[16.577,68.0851],[16.5007,68.1186],[16.4451,68.1155],[16.3464,68.0822],[16.2891,68.0913],[16.3027,68.1118],[16.2412,68.1323],[16.32,68.1258],[16.3601,68.1441],[16.4021,68.137],[16.4126,68.1459],[16.3989,68.1528],[16.4163,68.1588],[16.4734,68.1528],[16.4126,68.1869],[16.5901,68.1671],[16.4668,68.2012],[16.4531,68.2285],[16.4058,68.208],[16.172,68.2037],[16.1621,68.2111],[16.1834,68.2211],[16.3473,68.2285],[16.3556,68.239],[16.3402,68.2496],[16.1909,68.2584],[16.1034,68.2831],[16.1724,68.3179],[16.2817,68.3074],[16.3169,68.2831],[16.3884,68.2841],[16.5083,68.2554],[16.5598,68.2328],[16.5628,68.1943],[16.7395,68.1389],[16.803,68.1323],[16.7313,68.1767],[16.6122,68.2191],[16.5926,68.2395],[16.6038,68.2558],[16.5674,68.2763],[16.4119,68.2988],[16.3177,68.3294],[16.2643,68.3243],[16.2412,68.3315],[16.2816,68.3445],[16.2201,68.3514],[16.4229,68.3893],[16.6946,68.4055],[16.8699,68.3725],[16.8787,68.3551],[16.8241,68.324],[16.8475,68.3234],[17.1273,68.3729],[17.1831,68.3377],[17.1968,68.3005],[17.2238,68.2842],[17.3306,68.2558],[17.3101,68.2322],[17.3306,68.208],[17.3186,68.1701],[17.334,68.1671],[17.364,68.1835],[17.3521,68.2255],[17.4199,68.2359],[17.39,68.2668],[17.2686,68.3104],[17.223,68.3396],[17.2061,68.373],[17.2555,68.393],[17.2479,68.406],[17.328,68.4084],[17.4958,68.3651],[17.5769,68.3588],[17.5456,68.3768],[17.3646,68.4135],[17.5399,68.4284],[17.7095,68.4118],[17.8167,68.3848],[17.8718,68.393],[17.8157,68.3973],[17.6122,68.4509],[17.4676,68.4476],[17.5466,68.5301],[17.3646,68.5029],[17.2601,68.4552],[17.0466,68.4341],[17.0016,68.4476],[17.0813,68.4582],[17.0972,68.4687],[17.092,68.4808],[16.988,68.5097],[16.8486,68.4487],[16.5348,68.4383],[16.5007,68.451],[16.4981,68.4732],[16.4646,68.51],[16.4849,68.529],[16.542,68.5438],[16.5808,68.5345],[16.6044,68.5105],[16.6692,68.5073],[16.8846,68.5665],[17.37,68.5761],[17.568,68.6079],[18.0367,68.6196],[18.1893,68.5384]]],[[[16.4961,68.5793],[16.506,68.5682],[16.4815,68.5475],[16.3465,68.5595],[16.2222,68.5474],[16.1418,68.5233],[16.106,68.5385],[16.0534,68.4648],[16.0121,68.447],[15.9663,68.393],[15.904,68.3699],[15.8762,68.3691],[15.8708,68.4006],[15.8843,68.4442],[15.8708,68.4954],[15.8586,68.4862],[15.8645,68.4544],[15.8493,68.4348],[15.823,68.424],[15.781,68.4382],[15.7744,68.4309],[15.8162,68.393],[15.7927,68.3936],[15.7479,68.4254],[15.7199,68.393],[15.7267,68.3725],[15.6585,68.3651],[15.7063,68.3588],[15.6244,68.3005],[15.5828,68.3042],[15.5964,68.3179],[15.5277,68.3377],[15.376,68.3276],[15.3384,68.332],[15.3226,68.3514],[15.3425,68.3482],[15.4059,68.3919],[15.4729,68.406],[15.6113,68.4749],[15.5806,68.4875],[15.5647,68.5091],[15.5418,68.5097],[15.554,68.4753],[15.4393,68.4184],[15.384,68.4202],[15.2787,68.3732],[15.2118,68.366],[15.1854,68.3514],[15.2149,68.3525],[15.2332,68.3377],[15.134,68.3081],[15.0858,68.2712],[15.0005,68.2533],[14.9868,68.2695],[15.0073,68.2831],[14.9954,68.2978],[15.0093,68.3137],[15.0681,68.3391],[15.1234,68.393],[15.1926,68.4349],[15.2681,68.4612],[15.3568,68.4612],[15.2407,68.4749],[15.2484,68.4862],[15.3369,68.4886],[15.2817,68.4954],[15.2715,68.5159],[15.1786,68.5233],[15.2173,68.5569],[15.3117,68.5588],[15.3233,68.5628],[15.3089,68.5786],[15.3947,68.5848],[15.4523,68.5574],[15.3916,68.6052],[15.4523,68.5978],[15.4387,68.6195],[15.5488,68.6257],[15.5891,68.6064],[15.6305,68.6121],[15.5828,68.6326],[15.4977,68.6425],[15.4421,68.6822],[15.4387,68.7077],[15.4496,68.7292],[15.6048,68.7357],[15.7136,68.7014],[15.6397,68.7432],[15.5012,68.7431],[15.4598,68.756],[15.4523,68.8113],[15.4971,68.8039],[15.5287,68.8249],[15.638,68.8249],[15.5635,68.8392],[15.5486,68.8523],[15.5532,68.8723],[15.6243,68.8858],[15.5964,68.9069],[15.6305,68.9448],[15.6766,68.9627],[15.7785,68.9547],[15.8576,68.9702],[15.9079,68.9575],[15.8742,68.9351],[15.8853,68.8868],[15.847,68.8357],[15.7218,68.7514],[15.7246,68.7334],[15.7727,68.7111],[15.782,68.6876],[15.75,68.6553],[15.6796,68.6173],[15.6406,68.5366],[15.6753,68.4951],[15.6433,68.4609],[15.8721,68.5496],[15.934,68.5964],[15.9617,68.6022],[16.0304,68.5913],[16.2458,68.6286],[16.4961,68.5793]]],[[[14.3972,68.6605],[14.3699,68.6872],[14.3811,68.6977],[14.5418,68.7356],[14.4382,68.756],[14.4885,68.7954],[14.548,68.8039],[14.5723,68.7463],[14.6238,68.7356],[14.5896,68.7486],[14.6087,68.7781],[14.6442,68.7902],[14.6076,68.8073],[14.6284,68.8299],[14.6858,68.8249],[14.6865,68.7575],[14.8436,68.7963],[14.8838,68.7902],[14.8723,68.7692],[14.9071,68.7602],[14.9453,68.784],[14.9526,68.8175],[14.9043,68.8454],[14.9526,68.8659],[14.9911,68.842],[15.006,68.7939],[15.0498,68.8528],[15.1589,68.8175],[15.1457,68.8425],[15.0687,68.879],[15.0767,68.899],[15.0278,68.9342],[15.0093,68.9633],[15.0077,68.981],[15.0845,69.0112],[15.1377,69.0131],[15.1682,68.9883],[15.1707,68.9738],[15.1514,68.9621],[15.2066,68.9404],[15.1929,68.9274],[15.2407,68.9138],[15.1854,68.8858],[15.2144,68.8817],[15.2715,68.9197],[15.2953,68.9069],[15.2817,68.8659],[15.2407,68.8249],[15.3259,68.8587],[15.3478,68.8469],[15.384,68.8523],[15.3508,68.8029],[15.2749,68.7971],[15.3027,68.7766],[15.2749,68.7629],[15.3942,68.7311],[15.3977,68.694],[15.3753,68.6699],[15.0627,68.5785],[14.8732,68.5845],[14.8428,68.5915],[14.8633,68.6052],[14.8064,68.616],[14.8159,68.6378],[14.8337,68.6445],[15.0347,68.6667],[15.0889,68.695],[15.1651,68.7014],[15.1467,68.7255],[15.1514,68.756],[15.0261,68.7712],[14.9937,68.7629],[15.0687,68.7486],[15.0195,68.7121],[14.9588,68.7077],[14.9588,68.7294],[14.9009,68.6813],[14.862,68.6899],[14.8278,68.6735],[14.8088,68.681],[14.8206,68.6941],[14.8151,68.7147],[14.7746,68.6741],[14.7503,68.6675],[14.7219,68.673],[14.679,68.7077],[14.6741,68.687],[14.6306,68.653],[14.6226,68.6289],[14.5583,68.6273],[14.5207,68.609],[14.4172,68.6195],[14.4133,68.6364],[14.4319,68.6667],[14.3972,68.6605]]],[[[-7.9626,71.1749],[-7.9385,71.1566],[-7.9393,71.1364],[-8.0089,71.1052],[-7.983,71.0452],[-8.006,71.0325],[-8.4014,70.9626],[-8.4975,70.9763],[-8.6197,70.9581],[-8.9289,70.8459],[-8.9866,70.8108],[-9.0797,70.8124],[-9.0661,70.8323],[-9.1174,70.8749],[-9.0466,70.8825],[-8.9163,70.9328],[-8.7904,70.9456],[-8.6927,70.986],[-8.5727,70.9968],[-8.5168,71.0145],[-8.3978,71.1137],[-8.3257,71.1476],[-8.1874,71.1542],[-8.1231,71.1779],[-7.9626,71.1749]]],[[[15.0005,68.3651],[14.9453,68.3514],[14.9793,68.3377],[14.7355,68.2549],[14.72,68.2626],[14.7229,68.2796],[14.7746,68.3179],[14.7188,68.3376],[14.6921,68.3104],[14.7031,68.2968],[14.6939,68.2862],[14.6238,68.2626],[14.6716,68.2496],[14.6149,68.2246],[14.3836,68.1807],[14.322,68.1869],[14.3283,68.1733],[14.3122,68.168],[14.1985,68.1528],[14.2197,68.176],[14.1985,68.2012],[14.2349,68.22],[14.3562,68.2421],[14.2742,68.237],[14.2532,68.2496],[14.3283,68.2626],[14.3059,68.2745],[14.3034,68.312],[14.3283,68.324],[14.3579,68.3205],[14.3953,68.2873],[14.4251,68.2831],[14.4134,68.2973],[14.4427,68.3184],[14.4956,68.3061],[14.4661,68.3445],[14.444,68.3373],[14.4382,68.3588],[14.3836,68.3725],[14.4934,68.3856],[14.5896,68.3651],[14.5418,68.406],[14.6535,68.4285],[14.7075,68.3779],[14.7141,68.4233],[14.7609,68.4339],[14.8224,68.4097],[14.822,68.3898],[14.7541,68.3588],[14.7835,68.3542],[14.8804,68.386],[14.8975,68.4339],[15.0098,68.428],[15.0633,68.4487],[15.1724,68.4544],[15.0342,68.3635],[15.0142,68.3588],[15.0142,68.3793],[15.0005,68.3651]]],[[[15.5287,68.9138],[15.464,68.8821],[15.4315,68.8842],[15.4188,68.9138],[15.4251,68.9621],[15.4598,69.0131],[15.5697,69.1055],[15.6599,69.1385],[15.7581,69.1471],[15.7914,69.1613],[15.8431,69.2203],[15.8708,69.2291],[15.8645,69.2495],[15.9321,69.2631],[15.9751,69.2872],[16.1016,69.3153],[16.1315,69.311],[16.1499,69.2908],[16.0762,69.154],[15.9465,69.1019],[15.8771,69.0622],[15.8479,69.0292],[15.6322,68.9866],[15.5667,69.0127],[15.5287,69.0093],[15.5601,68.9901],[15.5697,68.9621],[15.5287,68.9138]]],[[[14.0278,68.2626],[14.0872,68.2826],[14.1589,68.2553],[14.1107,68.2071],[14.062,68.2012],[14.034,68.1807],[13.9104,68.1677],[13.8763,68.1807],[13.842,68.1596],[13.7741,68.1596],[13.7847,68.1469],[13.8247,68.1431],[13.846,68.1206],[13.8257,68.1068],[13.7741,68.102],[13.7495,68.1233],[13.7227,68.123],[13.6983,68.0981],[13.7188,68.0776],[13.699,68.0703],[13.6437,68.0709],[13.6511,68.0776],[13.6232,68.0851],[13.6247,68.1079],[13.5949,68.1206],[13.5588,68.1196],[13.5413,68.1015],[13.5648,68.0818],[13.5272,68.0434],[13.4567,68.071],[13.4857,68.1068],[13.5891,68.1596],[13.563,68.1642],[13.4793,68.1323],[13.5134,68.1596],[13.4793,68.1671],[13.5276,68.1733],[13.4793,68.1869],[13.5156,68.2097],[13.6159,68.2266],[13.5,68.2423],[13.6367,68.2943],[13.715,68.2746],[13.7708,68.28],[13.7912,68.2681],[13.8737,68.3256],[13.9193,68.3412],[13.9831,68.3373],[14.0078,68.2943],[13.9675,68.2696],[13.9935,68.2579],[14.0278,68.2626]]],[[[12.4514,65.4261],[12.4749,65.4029],[12.5066,65.3981],[12.3364,65.3315],[12.2111,65.3247],[12.2112,65.3026],[12.2477,65.2805],[12.0806,65.215],[12.0535,65.22],[12.0773,65.2336],[12.1223,65.3026],[12.0807,65.3088],[12.1222,65.3573],[12.1428,65.364],[12.1807,65.351],[12.2112,65.3776],[12.1608,65.3958],[12.2112,65.4261],[12.3285,65.467],[12.3142,65.4949],[12.2586,65.473],[12.1974,65.4739],[12.2322,65.4875],[12.2044,65.4875],[12.2404,65.5261],[12.2453,65.5415],[12.2249,65.549],[12.2586,65.5746],[12.2743,65.5817],[12.3247,65.5319],[12.3973,65.5076],[12.4446,65.467],[12.4514,65.4261]]],[[[13.0547,68.0981],[13.0796,68.1042],[13.157,68.0851],[13.0956,68.0572],[13.1366,68.0504],[13.1206,68.0382],[13.0503,68.0246],[13.075,68.0094],[13.1108,68.0283],[13.1309,67.9639],[13.1239,67.944],[13.0404,67.9405],[12.9768,67.9695],[12.9857,67.9479],[12.9602,67.941],[13.0466,67.9155],[13.0137,67.8791],[12.8973,67.8559],[12.8709,67.8251],[12.7871,67.8101],[12.8485,67.8548],[12.8416,67.8791],[12.8892,67.9287],[12.9002,67.9578],[12.9277,67.9647],[12.9312,67.989],[12.9792,68.0365],[13.075,68.0851],[13.0547,68.0981]]],[[[16.4229,68.4919],[16.4666,68.4687],[16.3716,68.4476],[16.4141,68.4184],[16.3986,68.4135],[16.2307,68.4096],[16.1235,68.3792],[16.0949,68.3975],[16.1724,68.4277],[16.1177,68.4339],[16.169,68.4991],[16.2217,68.5237],[16.3587,68.5349],[16.4121,68.5195],[16.4229,68.4919]]],[[[12.698,65.9977],[12.8003,66.0248],[12.9038,66.0151],[12.8901,66.0015],[12.7341,65.9756],[12.6234,65.9421],[12.4658,65.8733],[12.4309,65.8711],[12.4787,65.8984],[12.3688,65.8916],[12.4912,65.9906],[12.6272,66.023],[12.6501,66.0151],[12.6086,65.9799],[12.6152,65.9742],[12.698,65.9977]]],[[[12.2249,65.1238],[12.3091,65.1106],[12.2703,65.0807],[12.1565,65.0555],[11.979,65.0828],[12.0483,65.0854],[12.0435,65.107],[12.1223,65.1313],[12.0928,65.1356],[12.0951,65.1784],[12.1672,65.2111],[12.208,65.2073],[12.2717,65.1646],[12.2249,65.1238]]],[[[14.763,68.4949],[14.7175,68.491],[14.7044,68.5131],[14.6042,68.5587],[14.6693,68.5873],[15.0,68.5548],[14.9924,68.5313],[14.8919,68.4949],[14.763,68.4949]]],[[[12.5742,66.0759],[12.2942,66.0151],[12.4297,66.0871],[12.3421,66.0834],[12.4724,66.1113],[12.4875,66.1351],[12.5742,66.1585],[12.5042,66.1758],[12.4309,66.166],[12.543,66.202],[12.5514,66.2204],[12.5952,66.205],[12.6118,66.1568],[12.547,66.1312],[12.6219,66.1312],[12.5879,66.1113],[12.6467,66.1132],[12.6569,66.1039],[12.5742,66.0759]]],[[[13.2805,68.1291],[13.2957,68.1523],[13.3306,68.1557],[13.4004,68.1459],[13.4377,68.126],[13.3799,68.0504],[13.3662,68.0128],[13.3215,68.0299],[13.2386,67.9855],[13.2155,68.0367],[13.1727,68.009],[13.1685,68.0498],[13.2393,68.0921],[13.2769,68.0882],[13.3122,68.0583],[13.3284,68.0634],[13.3386,68.086],[13.2805,68.1291]]],[[[12.0051,65.6896],[11.9579,65.665],[11.973,65.6496],[11.9714,65.6315],[11.9168,65.59],[11.8899,65.6042],[11.8486,65.6042],[11.8692,65.6104],[11.7798,65.607],[11.7593,65.6179],[11.785,65.6603],[11.8245,65.693],[11.9261,65.7087],[11.9544,65.6964],[11.9979,65.7001],[12.0051,65.6896]]],[[[14.2737,67.1658],[14.2396,67.1155],[14.1924,67.0839],[14.2151,67.0324],[14.1922,67.0036],[14.1582,67.0014],[14.147,67.0327],[14.1001,67.0617],[13.993,67.0777],[14.062,67.1187],[14.0573,67.133],[14.1522,67.1071],[14.2468,67.1737],[14.2737,67.1658]]],[[[15.2957,67.9453],[15.3049,67.9377],[15.2892,67.9258],[15.1631,67.9107],[14.9802,67.9146],[14.9612,67.9416],[14.9769,67.9591],[14.972,67.97],[15.0521,67.9682],[15.1057,68.0007],[15.1089,67.9762],[15.1399,67.9584],[15.2627,67.9326],[15.2957,67.9453]]],[[[15.9302,68.0082],[15.9336,67.997],[15.884,67.9841],[15.7861,67.9931],[15.7288,68.0119],[15.6174,67.9853],[15.4824,68.0026],[15.5741,68.0256],[15.8597,68.0275],[15.9302,68.0082]]],[[[14.1992,68.3152],[14.2409,68.3139],[14.2682,68.2826],[14.2422,68.2566],[14.2005,68.2488],[14.1432,68.2735],[14.1458,68.2956],[14.0586,68.2969],[14.0404,68.3126],[14.0794,68.3152],[14.0664,68.3321],[14.1172,68.3373],[14.1992,68.3152]]],[[[12.8753,66.2856],[12.8869,66.2569],[12.8792,66.2434],[12.825,66.2159],[12.7002,66.2432],[12.7928,66.295],[12.7938,66.3112],[12.8122,66.2967],[12.8753,66.2856]]],[[[12.9408,66.4602],[12.9665,66.4531],[12.9385,66.3944],[12.9074,66.3989],[12.8997,66.4161],[12.8814,66.3906],[12.8989,66.355],[12.8008,66.3847],[12.8503,66.4096],[12.8172,66.4426],[12.8967,66.4562],[12.9194,66.4316],[12.9289,66.4578],[12.9408,66.4602]]],[[[14.8724,68.2227],[14.8138,68.2318],[14.7956,68.2462],[14.8867,68.3008],[14.9401,68.3022],[14.9531,68.2774],[14.8724,68.2227]]],[[[14.9966,68.9016],[14.9876,68.8847],[14.9583,68.8753],[14.8923,68.8734],[14.8401,68.8917],[14.8573,68.923],[14.8997,68.9309],[14.9587,68.9261],[14.9966,68.9016]]],[[[14.4085,67.4258],[14.4192,67.4234],[14.4129,67.4131],[14.3665,67.3909],[14.2267,67.3773],[14.3094,67.4231],[14.3718,67.4411],[14.4085,67.4258]]],[[[15.1662,67.9868],[15.1597,67.9957],[15.1765,68.0115],[15.2303,68.0367],[15.2866,67.977],[15.2682,67.967],[15.1848,67.9668],[15.1662,67.9868]]],[[[12.0454,65.0601],[12.0545,65.0656],[12.0759,65.0395],[12.1371,65.0467],[12.1763,65.0111],[12.0934,65.0232],[12.0454,65.0601]]]]}},{"type":"Feature","id":"Oppland","properties":{"id":"Oppland","iso_code":"NO-05","name":"Oppland","name_full":"Oppland","name_ja":"オップラン県","center_lonlat":[9.3458,61.4303]},"geometry":{"type":"Polygon","coordinates":[[[11.164,60.6226],[11.1214,60.5926],[11.1138,60.5441],[11.0953,60.532],[10.8623,60.4902],[10.7963,60.5007],[10.734,60.5307],[10.7161,60.5231],[10.6838,60.4472],[10.8303,60.4328],[10.9195,60.3739],[10.9218,60.3569],[10.7996,60.2506],[10.7541,60.1682],[10.6801,60.1534],[10.6236,60.1547],[10.3983,60.2363],[10.3315,60.28],[10.2252,60.3963],[10.168,60.5323],[10.0932,60.618],[10.0437,60.6554],[9.943,60.6586],[9.932,60.6492],[9.9475,60.6341],[9.9354,60.6162],[9.8209,60.5914],[9.8035,60.5656],[9.8314,60.485],[9.7492,60.4929],[9.6576,60.5147],[9.6064,60.5612],[9.4766,60.5686],[9.4102,60.5847],[9.4078,60.6292],[9.3195,60.7147],[9.322,60.7652],[9.2809,60.7895],[8.8931,60.9134],[8.6633,60.9495],[8.6323,60.9643],[8.6048,61.0039],[8.3867,61.0599],[8.2797,61.1177],[8.1981,61.0724],[8.1823,61.108],[8.0704,61.1878],[8.0471,61.2312],[8.2038,61.3373],[8.1427,61.3972],[8.1419,61.4267],[8.3086,61.4498],[8.2041,61.5236],[7.9916,61.5762],[7.9348,61.6289],[7.9044,61.7232],[7.8685,61.745],[7.7561,61.7606],[7.4924,61.7605],[7.3935,61.8781],[7.4052,62.0037],[7.3852,62.0292],[7.3279,62.0498],[7.4978,62.1005],[7.6114,62.0919],[7.6117,62.1225],[7.7284,62.1951],[7.763,62.2043],[7.9051,62.1868],[7.9709,62.1914],[8.0719,62.2432],[8.1542,62.3455],[8.4093,62.3789],[8.8525,62.3894],[8.9682,62.3719],[9.0906,62.3801],[9.5973,62.2743],[9.7831,62.2858],[9.6706,62.2052],[9.6564,62.1886],[9.659,62.1697],[9.9035,62.0745],[9.9031,62.0564],[9.8083,62.0177],[9.8027,61.9504],[9.8116,61.9299],[9.9987,61.8827],[10.0053,61.9108],[10.0856,61.9044],[10.1067,61.8482],[10.0653,61.7952],[10.0583,61.7563],[10.2808,61.7216],[10.3896,61.6822],[10.5181,61.7367],[10.5848,61.7449],[10.6084,61.7349],[10.6793,61.5556],[10.6877,61.4798],[10.8537,61.2812],[10.745,61.2408],[10.6399,61.1426],[10.4968,61.0695],[10.4481,61.0568],[10.4504,61.0467],[10.5164,61.0045],[10.6012,60.9784],[10.73,60.8842],[10.7384,60.8685],[10.7111,60.835],[10.7272,60.8043],[11.0477,60.685],[11.1484,60.6415],[11.164,60.6226]]]}},{"type":"Feature","id":"Oslo","properties":{"id":"Oslo","iso_code":"NO-03","name":"Oslo","name_full":"Oslo","name_ja":"オスロ","center_lonlat":[10.6522,59.9698]},"geometry":{"type":"Polygon","coordinates":[[[10.7566,59.8442],[10.7451,59.8821],[10.7526,59.8889],[10.6887,59.9118],[10.6663,59.8889],[10.6214,59.8963],[10.5942,59.8821],[10.5295,59.8823],[10.5081,59.8715],[10.4754,59.85],[10.4987,59.8337],[10.4867,59.8032],[10.3988,59.8083],[10.3499,59.8385],[10.351,59.8808],[10.3789,59.9385],[10.3745,59.9755],[10.4394,60.0336],[10.5527,60.067],[10.6236,60.1547],[10.6801,60.1534],[10.7665,60.1279],[10.9347,59.9773],[10.9342,59.873],[10.9173,59.8462],[10.8762,59.8305],[10.7566,59.8442]]]}},{"type":"Feature","id":"Rogaland","properties":{"id":"Rogaland","iso_code":"NO-11","name":"Rogaland","name_full":"Rogaland","name_ja":"ローガラン県","center_lonlat":[6.2491,59.108]},"geometry":{"type":"MultiPolygon","coordinates":[[[[6.3976,58.273],[6.0101,58.3849],[5.978,58.4145],[5.9546,58.4775],[5.7967,58.4892],[5.7784,58.5209],[5.7042,58.5208],[5.6463,58.5487],[5.6524,58.5627],[5.5715,58.6283],[5.5069,58.7299],[5.478,58.7547],[5.5267,58.7841],[5.5397,58.8155],[5.5305,58.8687],[5.5725,58.894],[5.5505,58.9157],[5.5371,58.9561],[5.6174,58.9073],[5.6262,58.9256],[5.5505,58.9709],[5.5706,58.9821],[5.5916,58.9771],[5.5789,58.9891],[5.5232,58.9914],[5.5505,59.0386],[5.7156,58.9771],[5.701,58.9191],[5.7156,58.8673],[5.7355,58.9287],[5.8181,58.9362],[5.8218,58.9634],[5.8535,58.965],[5.9196,58.9451],[5.97,58.9036],[6.0925,58.8472],[6.2289,58.84],[6.119,58.8536],[6.082,58.8708],[6.0576,58.902],[6.1053,58.9504],[6.1948,58.984],[6.6262,59.0528],[6.3521,59.033],[6.2987,59.0151],[6.1604,58.9982],[6.1268,58.9837],[6.0339,58.9052],[5.9751,58.9634],[5.9841,58.9841],[6.0508,58.9982],[6.0091,59.0256],[5.9341,59.0181],[5.8755,59.0662],[5.8727,59.087],[5.8906,59.1039],[6.1265,59.1484],[6.0088,59.1494],[6.0643,59.2072],[6.1714,59.2614],[6.2521,59.2772],[6.3239,59.315],[6.4617,59.3198],[6.3138,59.3229],[6.1541,59.2678],[6.1123,59.2746],[6.085,59.3067],[6.2363,59.3198],[6.1992,59.3515],[6.1976,59.3347],[6.1721,59.3212],[6.147,59.3402],[6.1228,59.3198],[6.0925,59.3198],[6.0576,59.3539],[6.054,59.3346],[6.0374,59.3275],[5.9955,59.3341],[6.0415,59.3837],[6.1743,59.4438],[6.1886,59.4296],[6.2227,59.4979],[6.2427,59.5106],[6.4275,59.551],[6.5442,59.56],[6.5052,59.5713],[6.3361,59.5536],[6.2363,59.5258],[6.2786,59.572],[6.2887,59.6291],[6.3115,59.6555],[6.2865,59.6492],[6.2459,59.562],[6.153,59.4594],[6.027,59.4023],[5.9826,59.4296],[5.9886,59.416],[5.9689,59.4023],[5.9955,59.3812],[5.9242,59.3558],[5.8862,59.4023],[5.8862,59.447],[6.1532,59.4774],[6.1043,59.4929],[6.0247,59.4743],[5.9019,59.4791],[5.8727,59.488],[5.8074,59.5394],[5.7771,59.5258],[5.8035,59.4948],[5.7975,59.4631],[5.7484,59.4458],[5.7228,59.4512],[5.7083,59.4706],[5.7137,59.4467],[5.6965,59.4294],[5.6462,59.4085],[5.7842,59.4293],[5.8525,59.385],[5.8596,59.3508],[5.7048,59.3402],[5.6777,59.3098],[5.612,59.293],[5.6187,59.3169],[5.6462,59.3341],[5.5866,59.4165],[5.5607,59.4093],[5.5853,59.3955],[5.5679,59.3164],[5.5054,59.2777],[5.4754,59.2788],[5.4358,59.3077],[5.4238,59.3305],[5.4406,59.3698],[5.4331,59.4051],[5.4043,59.379],[5.4046,59.3043],[5.3909,59.2946],[5.3727,59.3072],[5.3499,59.3664],[5.3538,59.4111],[5.3327,59.4115],[5.3314,59.3539],[5.2972,59.3447],[5.2312,59.4243],[5.2017,59.4296],[5.19,59.4802],[5.4079,59.5162],[5.4168,59.5047],[5.5056,59.5334],[5.5287,59.5579],[5.7377,59.5877],[5.8388,59.5866],[5.9442,59.6167],[5.9771,59.6077],[6.1706,59.6158],[6.1816,59.6232],[6.1819,59.6549],[6.2853,59.7807],[6.5286,59.8586],[6.6253,59.8588],[6.6686,59.8458],[6.6864,59.797],[6.654,59.7291],[6.7029,59.7126],[6.9755,59.7925],[7.0921,59.7941],[7.1277,59.7233],[7.2439,59.691],[7.1221,59.6755],[7.0551,59.6322],[6.9938,59.6101],[6.9848,59.5291],[7.0146,59.4988],[6.9632,59.4695],[6.9024,59.455],[6.8996,59.4393],[6.8671,59.4194],[6.8529,59.3724],[6.8168,59.3253],[6.8272,59.2197],[6.8569,59.2026],[6.9426,59.2086],[6.8819,59.1692],[6.8815,59.1352],[6.5624,58.9312],[6.582,58.8934],[6.5778,58.8645],[6.5166,58.7857],[6.5634,58.7603],[6.6019,58.7217],[6.5986,58.708],[6.4454,58.6581],[6.4875,58.6245],[6.5406,58.6276],[6.5848,58.6115],[6.5978,58.5489],[6.5908,58.5202],[6.629,58.4014],[6.6273,58.3668],[6.5771,58.3266],[6.3976,58.273]]],[[[5.2769,59.2993],[5.3141,59.2736],[5.3179,59.2565],[5.2971,59.1689],[5.2359,59.1411],[5.2086,59.1429],[5.1662,59.1957],[5.1653,59.2734],[5.1787,59.2922],[5.2283,59.2856],[5.1738,59.3341],[5.1745,59.3493],[5.2085,59.3749],[5.1885,59.384],[5.1859,59.4147],[5.2085,59.416],[5.2539,59.348],[5.2803,59.3303],[5.2769,59.2993]]],[[[6.0164,59.2922],[6.0999,59.2766],[6.0563,59.2407],[5.9582,59.2279],[5.9299,59.2435],[5.9325,59.269],[5.9525,59.2839],[6.0164,59.2922]]],[[[5.764,59.1179],[5.7759,59.1127],[5.7748,59.0806],[5.7507,59.0723],[5.5752,59.124],[5.6079,59.1344],[5.764,59.1179]]],[[[5.4621,59.2109],[5.4646,59.1831],[5.4432,59.1589],[5.3848,59.1953],[5.3753,59.2188],[5.4038,59.2421],[5.4621,59.2109]]]]}},{"type":"Feature","id":"Sogn og Fjordane","properties":{"id":"Sogn og Fjordane","iso_code":"NO-14","name":"Sogn og Fjordane","name_full":"Sogn og Fjordane","name_ja":"ソグン・オ・フィヨーラネ県","center_lonlat":[6.6154,61.4226]},"geometry":{"type":"MultiPolygon","coordinates":[[[[5.1048,60.8372],[5.0471,60.8444],[5.0093,60.9267],[4.9819,60.9509],[5.012,60.965],[5.0774,60.9497],[5.0824,60.8888],[5.1008,60.8778],[5.0986,60.9509],[5.1428,60.9722],[5.1403,60.9919],[5.0779,60.9714],[5.0127,60.9819],[5.0047,60.9975],[5.0161,61.0465],[5.0686,61.0736],[5.1351,61.0767],[5.3123,61.0322],[5.4338,61.0266],[5.4484,60.9954],[5.4671,61.0074],[5.4602,61.05],[5.5271,61.0754],[5.6399,61.0601],[5.5977,61.0851],[5.674,61.0881],[5.7739,61.1144],[5.7907,61.1049],[5.7809,61.0644],[5.8454,61.0943],[5.8317,61.1086],[5.8636,61.1179],[6.0985,61.1222],[6.2581,61.0938],[6.2708,61.0771],[6.2663,61.0587],[6.2425,61.0465],[6.2748,61.0479],[6.312,61.0685],[6.3592,61.0676],[6.3703,61.0563],[6.3387,61.0124],[6.356,61.0109],[6.3729,61.0124],[6.3745,61.0374],[6.4377,61.0812],[6.5457,61.1041],[6.5858,61.1427],[6.6006,61.1752],[6.6484,61.1575],[6.8367,61.1394],[6.8562,61.1281],[6.8682,61.0903],[6.9558,61.0881],[7.0098,61.0089],[6.8738,60.9372],[6.965,60.9655],[7.0514,60.9645],[7.1301,60.9267],[7.106,60.8616],[7.1575,60.8974],[7.1716,60.924],[7.1613,60.9509],[7.0935,60.9638],[7.0138,61.0517],[7.0003,61.0929],[7.1663,61.1101],[7.2227,61.1404],[7.3045,61.1303],[7.3692,61.1047],[7.4356,61.1011],[7.3462,61.1427],[7.427,61.1859],[7.6062,61.1983],[7.6553,61.2069],[7.695,61.2321],[7.6004,61.2123],[7.3884,61.1982],[7.3589,61.2056],[7.3357,61.2744],[7.312,61.2873],[7.3138,61.3084],[7.3558,61.3262],[7.3807,61.3783],[7.4212,61.3959],[7.4675,61.4385],[7.5357,61.4565],[7.572,61.4853],[7.4886,61.4604],[7.3462,61.3891],[7.2637,61.3959],[7.3088,61.3638],[7.3052,61.3481],[7.2398,61.2973],[7.2982,61.2606],[7.3225,61.2054],[7.3597,61.1911],[7.2922,61.1624],[7.2137,61.1837],[7.1613,61.17],[7.1372,61.1457],[6.9531,61.1116],[6.9172,61.1363],[7.0036,61.1837],[6.8943,61.1632],[6.6647,61.1951],[6.5579,61.2246],[6.6231,61.2694],[6.6603,61.3209],[6.6951,61.3447],[6.7156,61.3907],[6.7019,61.4028],[6.6034,61.2788],[6.5647,61.2656],[6.5271,61.2873],[6.5011,61.2681],[6.5374,61.2042],[6.4651,61.2076],[6.4983,61.1923],[6.5062,61.147],[6.4343,61.1147],[6.2827,61.1254],[6.2039,61.1487],[6.1743,61.1837],[6.1301,61.1593],[6.0735,61.148],[5.9614,61.1632],[6.0278,61.1881],[6.0371,61.2042],[5.9409,61.17],[5.8045,61.1557],[5.7835,61.165],[5.783,61.1966],[5.7498,61.1557],[5.5573,61.1365],[5.4237,61.0797],[5.3766,61.0805],[5.3345,61.0969],[5.2979,61.1291],[5.2599,61.1098],[5.1939,61.1053],[5.1602,61.1291],[5.1699,61.14],[5.2283,61.1427],[5.1619,61.1562],[5.1252,61.1451],[5.0441,61.1632],[5.0593,61.188],[5.2228,61.1632],[5.2147,61.1837],[5.2502,61.1837],[5.1678,61.2208],[4.9888,61.2246],[5.0523,61.2338],[5.0645,61.2458],[5.013,61.2366],[4.9828,61.257],[4.9546,61.2526],[4.9641,61.2657],[5.0952,61.3072],[5.1594,61.3111],[5.1777,61.3394],[5.2015,61.3427],[5.2793,61.3214],[5.3206,61.2523],[5.3374,61.2687],[5.3208,61.3175],[5.2564,61.3481],[5.4406,61.3674],[5.6331,61.3618],[5.5545,61.3783],[5.1643,61.3561],[5.0584,61.3235],[5.0064,61.3475],[4.9988,61.3769],[5.0441,61.4028],[5.0627,61.3746],[5.0781,61.383],[5.0781,61.4102],[5.1184,61.4164],[5.1117,61.4307],[5.0715,61.4171],[4.9479,61.4164],[5.0571,61.4443],[5.1634,61.4508],[5.188,61.4648],[5.1805,61.4723],[5.3108,61.4494],[5.3376,61.4648],[5.5189,61.4301],[5.5567,61.4498],[5.6194,61.458],[5.6509,61.4819],[5.7127,61.4871],[5.7528,61.4757],[5.7704,61.4551],[5.8045,61.4512],[5.7224,61.499],[5.6379,61.4944],[5.5747,61.4648],[5.492,61.454],[5.438,61.4604],[5.4413,61.4792],[5.3978,61.4869],[5.2903,61.4796],[5.1389,61.5241],[5.1403,61.5542],[5.2017,61.5468],[5.3582,61.561],[5.1465,61.5952],[5.3376,61.5952],[5.3103,61.5822],[5.427,61.5889],[5.27,61.6157],[5.3407,61.6431],[5.2293,61.6287],[4.9927,61.6304],[4.9683,61.6361],[4.9441,61.6672],[4.9461,61.6875],[4.9683,61.6977],[4.9627,61.7171],[4.9888,61.7255],[4.9745,61.7386],[5.0034,61.7511],[5.0706,61.746],[5.0781,61.7324],[5.126,61.7181],[5.1677,61.7255],[5.126,61.7522],[5.1902,61.7689],[5.0645,61.7597],[5.1039,61.7854],[5.27,61.8279],[5.2564,61.8354],[5.3376,61.8416],[5.2915,61.8515],[5.2904,61.8621],[5.3626,61.9055],[5.6003,61.8991],[5.6758,61.8869],[5.7429,61.8485],[5.6408,61.8351],[5.6194,61.8149],[5.7355,61.8354],[5.9409,61.845],[5.9271,61.7824],[5.8993,61.7386],[5.9422,61.7687],[5.9729,61.8311],[5.992,61.8354],[6.0986,61.7789],[6.1812,61.7665],[6.0576,61.8354],[6.2907,61.8354],[6.3838,61.8074],[6.4738,61.8046],[6.5213,61.8142],[6.5896,61.8708],[6.6673,61.8732],[6.7777,61.8413],[6.8186,61.8696],[6.6951,61.8832],[6.678,61.8969],[6.5555,61.8783],[6.5101,61.8354],[6.4762,61.8253],[6.2586,61.8563],[6.0955,61.8485],[6.0371,61.8696],[5.8862,61.8832],[5.8045,61.8559],[5.7293,61.8894],[5.9333,61.903],[5.9614,61.9167],[5.5166,61.9381],[5.4502,61.9252],[5.427,61.9378],[5.2769,61.9099],[5.1937,61.9123],[5.1558,61.8961],[5.0986,61.9167],[5.1403,61.9713],[5.1555,61.976],[5.1738,61.9583],[5.2017,61.9713],[5.2283,61.9583],[5.3015,62.0029],[5.3103,62.0266],[5.4002,62.02],[5.2085,62.1023],[5.1091,62.1091],[5.0918,62.1227],[5.126,62.1296],[5.0803,62.1525],[5.0706,62.1638],[5.0918,62.1706],[5.0781,62.1842],[5.1465,62.1911],[5.1465,62.2047],[5.1818,62.2127],[5.2746,62.1694],[5.27,62.1358],[5.3179,62.1065],[5.4514,62.0617],[5.4617,62.0067],[5.4624,61.9961],[5.5739,61.9632],[5.7282,61.9875],[5.803,61.9784],[5.9275,62.0003],[6.1067,61.9733],[6.1256,61.9756],[6.1483,62.0006],[6.1933,62.0084],[6.2707,61.9821],[6.3402,61.9761],[6.4502,62.0278],[6.6701,62.0782],[6.7057,62.0571],[6.7637,61.9914],[6.8051,61.973],[7.0336,61.9997],[7.1375,62.0355],[7.3279,62.0498],[7.3852,62.0292],[7.4052,62.0037],[7.3935,61.8781],[7.4924,61.7605],[7.7561,61.7606],[7.8685,61.745],[7.9044,61.7232],[7.9348,61.6289],[7.9916,61.5762],[8.2041,61.5236],[8.3086,61.4498],[8.1419,61.4267],[8.1427,61.3972],[8.2038,61.3373],[8.0471,61.2312],[8.0704,61.1878],[8.1823,61.108],[8.1981,61.0724],[8.1937,61.023],[8.0369,60.9327],[7.9849,60.9228],[7.874,60.9304],[7.7375,60.86],[7.6795,60.7796],[7.5848,60.7574],[7.4779,60.7023],[6.9839,60.7489],[6.9589,60.7938],[6.8613,60.8],[6.8644,60.845],[6.7227,60.8688],[6.7182,60.8815],[6.7303,60.8901],[6.8244,60.9325],[6.8106,60.9426],[6.7437,60.9416],[6.7316,60.9582],[6.6782,60.9759],[6.5567,60.923],[6.5041,60.9283],[6.4925,60.9404],[6.503,60.9537],[6.4909,60.9596],[6.2699,60.9178],[6.1365,60.9502],[6.1171,60.9921],[6.0266,61.0332],[5.8642,60.9755],[5.7955,60.9918],[5.7327,60.9769],[5.63,60.9909],[5.4258,60.9375],[5.3599,60.9366],[5.2689,60.9555],[5.1637,60.924],[5.1048,60.8372]]],[[[4.8652,61.8894],[4.953,61.897],[5.2228,61.8485],[5.1766,61.8257],[5.1184,61.8211],[5.1387,61.8373],[5.126,61.8559],[5.0534,61.8088],[4.9163,61.781],[4.8897,61.7851],[4.8708,61.8134],[4.9001,61.8074],[4.9268,61.8279],[4.8032,61.8416],[4.8649,61.873],[4.8652,61.8894]]],[[[4.9608,61.1774],[4.9854,61.1049],[4.8938,61.0561],[4.8584,61.1011],[4.8206,61.0775],[4.8032,61.0465],[4.7946,61.1538],[4.8306,61.1632],[4.8513,61.1293],[4.8633,61.1217],[4.8721,61.1365],[4.8447,61.1973],[4.8728,61.1946],[4.8953,61.1374],[4.9061,61.1464],[4.9001,61.17],[4.9343,61.1774],[4.9199,61.1911],[4.9608,61.1774]]],[[[5.1203,62.0258],[5.1521,61.998],[5.1232,61.9488],[5.0952,61.9274],[5.0215,61.9389],[5.0161,61.9525],[5.0366,61.9615],[5.0484,61.9528],[5.0544,61.9724],[4.9842,62.0095],[4.9929,62.0351],[5.0798,62.0064],[5.1203,62.0258]]],[[[4.7214,61.0402],[4.7396,61.0277],[4.739,61.0137],[4.7069,60.9885],[4.7087,61.0197],[4.6803,60.9971],[4.6487,61.0264],[4.6438,61.0576],[4.7,61.0822],[4.7214,61.0402]]],[[[4.9224,60.8675],[4.9251,60.8555],[4.8788,60.8651],[4.8682,60.8878],[4.8347,60.8952],[4.8252,60.9205],[4.8169,60.9117],[4.7839,60.9169],[4.7769,60.93],[4.8368,60.9432],[4.8249,60.9301],[4.8828,60.93],[4.874,60.9177],[4.8972,60.9074],[4.9224,60.8675]]],[[[4.8363,61.6745],[4.8329,61.6958],[4.8799,61.712],[4.8775,61.701],[4.9035,61.6762],[4.9028,61.6525],[4.8363,61.6745]]]]}},{"type":"Feature","id":"Svalbard","properties":{"id":"Svalbard","iso_code":"NO-21","name":"Svalbard","name_full":"Svalbard","name_ja":"スヴァールバル諸島","center_lonlat":[15.8996,78.6104]},"geometry":{"type":"MultiPolygon","coordinates":[[[[20.2088,78.6381],[20.0515,78.6296],[20.0319,78.6198],[20.0305,78.6039],[19.763,78.6242],[19.5828,78.5815],[19.5848,78.5617],[19.6024,78.547],[19.6812,78.5146],[18.993,78.467],[18.9618,78.4525],[19.0664,78.3779],[19.0505,78.3432],[18.994,78.3282],[18.9816,78.3153],[18.9959,78.3153],[18.9564,78.2947],[18.9544,78.2818],[19.0625,78.249],[19.0852,78.2299],[19.0428,78.2023],[18.9496,78.1958],[18.9206,78.1785],[18.9939,78.1396],[19.0692,78.1259],[19.0983,78.103],[18.8112,78.0285],[18.5829,78.0551],[18.4928,78.0481],[18.4063,78.0211],[18.5025,77.9802],[18.4766,77.9606],[18.3721,77.9385],[18.3645,77.9143],[18.3304,77.905],[18.3789,77.8703],[18.4362,77.8568],[18.4478,77.8424],[18.437,77.8241],[18.4546,77.7741],[18.3534,77.6823],[18.3474,77.6662],[18.3615,77.6406],[18.3533,77.6301],[18.2827,77.5823],[18.3107,77.5549],[18.2998,77.5202],[18.1941,77.4902],[18.0965,77.5004],[18.0122,77.4926],[17.9603,77.5133],[17.8133,77.4935],[17.7473,77.4993],[17.7278,77.4935],[17.7357,77.4669],[17.7048,77.4526],[17.6248,77.4457],[17.6366,77.4287],[17.6589,77.4252],[17.6521,77.4154],[17.6179,77.3973],[17.5941,77.3666],[17.4883,77.3216],[17.5005,77.2553],[17.4338,77.2143],[17.4238,77.1943],[17.4473,77.1509],[17.3716,77.1162],[17.3646,77.0922],[17.3306,77.0751],[17.3473,77.0644],[17.3374,77.0473],[17.0972,77.0547],[17.1135,77.0386],[17.3237,76.9789],[17.2874,76.9529],[17.0887,76.8742],[17.0559,76.8538],[17.0625,76.8356],[16.9357,76.8148],[16.9191,76.7939],[16.9424,76.7803],[17.1361,76.7512],[17.2002,76.7189],[17.1921,76.6968],[17.0903,76.6711],[17.104,76.6506],[17.0112,76.6345],[16.9922,76.6],[16.8096,76.5668],[16.5907,76.578],[16.5648,76.5833],[16.5637,76.6067],[16.4309,76.6224],[16.4058,76.6164],[16.3635,76.5737],[16.3438,76.5724],[16.2959,76.596],[16.3368,76.6164],[16.3244,76.6345],[16.3368,76.6574],[16.2891,76.6711],[16.3001,76.6906],[16.284,76.7079],[15.9416,76.7607],[15.8811,76.794],[15.6815,76.8515],[15.5015,76.8765],[15.5275,76.9063],[15.7268,76.9302],[15.7744,76.9523],[15.862,76.9486],[16.0487,76.9774],[16.1878,76.9745],[16.2302,76.9612],[16.2356,76.9465],[16.2201,76.9386],[16.2411,76.9326],[16.3299,76.9448],[16.3176,76.9709],[16.3289,76.9829],[16.4676,76.9824],[16.5286,77.0001],[16.3162,77.0041],[16.2577,76.9926],[16.1997,77.0137],[16.0915,77.0273],[16.0632,77.0473],[16.0632,77.069],[16.029,77.0851],[15.9773,77.0811],[15.9595,77.0751],[15.9582,77.0617],[15.8577,77.069],[15.8521,77.0534],[15.9118,77.0206],[15.8866,77.0156],[15.7409,77.001],[15.3457,77.0085],[15.1527,77.0482],[15.1234,77.069],[15.138,77.072],[15.1387,77.0858],[15.049,77.0956],[15.0755,77.1162],[15.0402,77.1348],[14.6101,77.185],[14.4478,77.1814],[14.3737,77.1987],[14.3109,77.2438],[14.322,77.2806],[14.158,77.2943],[14.1388,77.3017],[14.1384,77.3186],[14.1644,77.3489],[13.9738,77.4099],[13.959,77.4252],[13.98,77.4383],[13.959,77.4525],[14.0545,77.4525],[14.0232,77.4737],[13.918,77.4997],[13.9107,77.5345],[14.0757,77.5686],[14.44,77.5861],[14.5215,77.5731],[14.5959,77.5345],[14.5275,77.5071],[14.5476,77.4925],[14.7111,77.4945],[14.7609,77.5134],[14.7609,77.5376],[14.7742,77.5488],[14.9043,77.5482],[15.0423,77.5667],[15.1419,77.5455],[15.8533,77.5316],[15.9993,77.4946],[16.1248,77.4427],[16.2214,77.4409],[16.1929,77.4662],[16.2195,77.4743],[16.3096,77.4662],[16.2708,77.4875],[16.0287,77.5144],[15.8989,77.5696],[15.8459,77.5788],[14.9661,77.6232],[14.8838,77.617],[14.7405,77.6642],[14.8586,77.6828],[15.033,77.6845],[15.1154,77.7032],[16.2402,77.7725],[16.3333,77.7976],[16.87,77.8113],[17.0806,77.7769],[17.1245,77.7815],[17.0247,77.8078],[16.8817,77.822],[16.7893,77.8771],[16.8143,77.8893],[16.8986,77.8771],[16.9948,77.905],[16.9607,77.9249],[17.0078,77.9385],[16.7612,77.912],[16.7282,77.9033],[16.7149,77.8771],[16.6829,77.866],[15.7853,77.8354],[15.5545,77.8801],[15.3089,77.8566],[15.0903,77.791],[14.6703,77.769],[14.5686,77.7934],[14.5213,77.7815],[14.6306,77.7679],[14.4578,77.758],[14.3566,77.7679],[14.2611,77.7598],[14.1755,77.7842],[14.1099,77.7741],[13.957,77.7199],[13.8855,77.7445],[13.7976,77.7331],[13.7373,77.7499],[13.7188,77.7679],[13.7744,77.7753],[13.8218,77.8014],[13.7857,77.8271],[13.6511,77.8498],[13.6657,77.8603],[13.6707,77.894],[13.6306,77.9597],[13.6707,77.9938],[13.6406,78.0278],[13.5891,78.0559],[13.6983,78.0621],[13.8662,78.0969],[13.9577,78.0957],[14.0749,78.0701],[14.2566,78.0006],[14.2874,77.9659],[14.3301,77.9644],[14.3596,77.9806],[14.346,78.02],[14.2228,78.0792],[14.2328,78.0935],[15.0347,78.1166],[14.9937,78.1372],[15.1394,78.1699],[15.2952,78.2222],[15.4173,78.2386],[15.5574,78.2397],[15.6935,78.2148],[15.7199,78.2191],[15.7297,78.234],[15.6343,78.2572],[15.5902,78.2886],[15.6413,78.3134],[15.7951,78.3429],[15.9012,78.3361],[16.1034,78.3637],[16.2938,78.3403],[16.9365,78.3523],[17.2723,78.4139],[17.2964,78.4326],[17.2601,78.4443],[17.1976,78.4421],[16.8508,78.3849],[16.6277,78.4058],[16.5867,78.4217],[16.5701,78.4454],[16.411,78.4326],[16.3299,78.4525],[16.428,78.4833],[16.4802,78.5388],[16.6471,78.591],[16.7186,78.6335],[16.8272,78.648],[16.8289,78.6733],[16.7892,78.6791],[16.6288,78.6716],[16.6108,78.6959],[16.5542,78.7193],[16.5228,78.7178],[16.4551,78.6785],[16.3659,78.6516],[16.3574,78.6381],[16.3748,78.6326],[16.3727,78.6208],[16.3177,78.5678],[16.042,78.5207],[16.0479,78.4946],[16.002,78.4827],[15.4395,78.4584],[15.3425,78.4843],[15.2612,78.5425],[15.242,78.5781],[15.1929,78.5896],[15.2332,78.6102],[15.4015,78.6169],[15.4651,78.6546],[15.4988,78.7263],[15.4751,78.7376],[15.4663,78.7644],[15.4251,78.7883],[15.4866,78.8088],[15.3815,78.8514],[15.3021,78.8261],[15.2339,78.7849],[15.2153,78.7456],[15.1991,78.7405],[15.2271,78.72],[15.2066,78.7064],[15.2254,78.6982],[15.2202,78.6784],[15.2612,78.6654],[15.0579,78.6474],[15.021,78.6169],[15.0415,78.6102],[14.9827,78.5974],[14.8013,78.6442],[14.8446,78.6704],[14.8496,78.6859],[14.815,78.7336],[14.6797,78.7304],[14.5754,78.69],[14.4456,78.6784],[14.5418,78.6579],[14.5418,78.5866],[14.5896,78.5555],[14.5623,78.5439],[14.4729,78.5425],[14.3836,78.5009],[14.4197,78.4755],[14.4815,78.4633],[14.6406,78.4534],[14.7337,78.3911],[14.6631,78.3811],[14.4519,78.3842],[14.4592,78.3774],[14.4329,78.3688],[14.3426,78.3911],[14.286,78.3874],[14.2463,78.3637],[14.3015,78.3364],[14.322,78.3085],[14.0759,78.2429],[14.0403,78.247],[14.0967,78.2886],[13.9658,78.2818],[13.945,78.2607],[13.9447,78.2265],[13.798,78.2705],[13.7461,78.2675],[13.8394,78.2335],[13.856,78.2129],[13.1486,78.2282],[13.0096,78.2038],[12.9113,78.247],[12.9583,78.2675],[12.9387,78.2886],[12.9515,78.2954],[12.8566,78.3227],[12.9038,78.3227],[12.8865,78.3477],[12.8581,78.3597],[12.6576,78.3773],[12.3626,78.4873],[12.5313,78.5071],[13.002,78.5082],[13.198,78.5425],[13.146,78.5551],[12.972,78.5351],[12.4297,78.5442],[12.3898,78.5513],[12.3688,78.576],[12.3762,78.5834],[12.3472,78.5957],[12.0205,78.6144],[11.9036,78.6381],[11.8597,78.6577],[11.8508,78.6735],[11.8692,78.6859],[11.843,78.7027],[11.7117,78.7161],[11.6432,78.7473],[11.7322,78.8124],[11.7808,78.8256],[11.9373,78.8225],[11.9017,78.8443],[11.5645,78.8872],[11.3704,78.9412],[11.3342,78.9732],[11.5671,78.9849],[12.2488,78.9016],[12.4741,78.9023],[12.5066,78.9118],[12.4243,78.9966],[12.0648,78.9743],[11.979,78.9869],[12.1087,79.0006],[11.6836,79.0694],[11.8828,79.1308],[11.8486,79.1452],[11.8942,79.1602],[11.951,79.1999],[12.136,79.2134],[12.0603,79.2407],[12.115,79.2612],[12.0951,79.2885],[12.115,79.3022],[11.9852,79.2885],[11.835,79.296],[11.9168,79.2407],[11.8967,79.2255],[11.8529,79.226],[11.8071,79.2355],[11.7248,79.2783],[11.6911,79.3222],[11.5947,79.3096],[11.6016,79.3022],[11.5913,79.294],[11.5532,79.2817],[11.5928,79.2728],[11.7227,79.1876],[11.7005,79.168],[11.2793,79.0996],[11.2283,79.1007],[11.1838,79.1241],[11.2051,79.1295],[11.1764,79.1513],[11.1619,79.216],[11.141,79.2366],[11.0667,79.2574],[11.0012,79.31],[10.9124,79.3295],[10.8412,79.371],[10.9164,79.3848],[10.8618,79.399],[10.8552,79.4108],[10.9163,79.4394],[10.9001,79.4706],[10.7874,79.5065],[10.7152,79.5121],[10.6768,79.5424],[10.708,79.5614],[11.1838,79.5629],[10.855,79.597],[10.8897,79.6185],[11.0137,79.65],[11.4577,79.6318],[11.4556,79.6455],[11.3526,79.6619],[11.2139,79.7081],[11.1976,79.7212],[11.218,79.7274],[11.2106,79.7416],[11.2385,79.7609],[11.1901,79.7752],[11.2273,79.788],[11.5238,79.7671],[11.5601,79.7888],[11.5259,79.8093],[11.6052,79.8057],[11.6696,79.8358],[11.8223,79.845],[11.9237,79.8018],[11.9429,79.791],[11.9373,79.7752],[12.0671,79.7137],[12.0466,79.6933],[12.1428,79.6738],[12.1702,79.6789],[12.1428,79.7006],[12.1707,79.7092],[12.297,79.665],[12.3366,79.67],[12.3496,79.7175],[12.2044,79.7546],[12.218,79.7625],[12.1735,79.7831],[12.1633,79.8093],[12.2044,79.8372],[12.3911,79.8342],[12.4514,79.8236],[12.5339,79.7888],[12.5418,79.7743],[12.5329,79.7657],[12.4929,79.7546],[12.5366,79.7463],[12.6841,79.7752],[12.7676,79.7733],[13.0601,79.8286],[13.25,79.8368],[13.3561,79.8585],[13.5832,79.8575],[13.797,79.8819],[13.8856,79.8665],[13.9502,79.8373],[13.9727,79.7752],[13.8971,79.7377],[13.7383,79.7064],[13.0137,79.6933],[13.0274,79.6789],[12.6463,79.5944],[12.4692,79.5895],[12.4514,79.5691],[12.5776,79.5486],[12.7046,79.5691],[12.9016,79.5722],[13.0335,79.5974],[13.182,79.5915],[13.2879,79.6024],[13.4517,79.5924],[13.4928,79.5691],[13.4304,79.534],[13.3592,79.5171],[13.2669,79.5219],[13.2874,79.494],[13.2595,79.4735],[13.4572,79.4396],[13.4866,79.453],[13.4377,79.4809],[13.5271,79.4943],[13.617,79.4809],[13.6306,79.4599],[13.7593,79.4403],[13.918,79.3642],[13.9107,79.3159],[13.8911,79.3061],[13.8986,79.2936],[13.9767,79.2873],[14.0417,79.2658],[14.1047,79.2891],[14.1582,79.3432],[14.0811,79.3869],[14.0143,79.4052],[14.0483,79.4257],[14.0099,79.4619],[13.9451,79.4841],[13.9353,79.4958],[13.9522,79.5015],[13.8831,79.5424],[13.9522,79.5766],[14.075,79.6064],[14.2805,79.6175],[14.1439,79.6318],[14.1755,79.6514],[14.3078,79.6728],[14.2463,79.6789],[14.4035,79.7389],[14.5144,79.8035],[14.5486,79.8115],[14.8579,79.7737],[14.9246,79.7513],[15.0907,79.6618],[15.2953,79.6038],[15.2728,79.5881],[15.3031,79.5484],[15.2953,79.5356],[15.3705,79.5015],[15.3656,79.4722],[15.4461,79.4052],[15.4387,79.3876],[15.4973,79.33],[15.6057,79.3113],[15.6858,79.2612],[15.7727,79.2422],[15.7887,79.2203],[15.6773,79.1706],[15.6585,79.1513],[15.6605,79.1253],[15.6821,79.1122],[15.7116,79.1127],[15.8052,79.1658],[15.8816,79.161],[16.119,79.0677],[16.1305,79.0115],[16.1519,78.9907],[16.2959,78.9534],[16.3096,78.9316],[16.3479,78.9162],[16.4352,78.9114],[16.4909,78.9307],[16.4535,78.9534],[16.4603,78.967],[16.3814,78.9836],[16.3655,79.0215],[16.3201,79.0452],[16.2852,79.0917],[16.1929,79.1383],[16.1553,79.1889],[16.1507,79.234],[15.9595,79.3096],[15.969,79.3391],[15.9139,79.4592],[15.8812,79.5111],[15.853,79.529],[15.8677,79.5485],[15.918,79.5629],[15.8332,79.58],[15.813,79.6144],[15.7267,79.666],[15.7454,79.6732],[15.6858,79.7006],[15.7026,79.7277],[15.6448,79.7683],[15.672,79.7888],[15.6434,79.815],[15.6516,79.8503],[15.7158,79.8771],[16.1029,79.8598],[16.1377,79.8708],[16.1022,79.8944],[16.0086,79.9098],[15.9557,79.9453],[15.9911,79.9777],[16.0557,79.9949],[16.0217,80.0154],[16.2947,80.0674],[16.5559,80.0427],[16.5928,79.9976],[16.7122,79.9546],[16.7171,79.9392],[16.6931,79.9226],[16.7064,79.9118],[16.8201,79.8758],[16.8865,79.8736],[16.9129,79.8925],[16.8713,79.9118],[16.8701,79.9333],[16.9647,79.9626],[17.2695,79.9455],[17.4002,79.9143],[17.5625,79.8979],[18.0984,79.7274],[18.0685,79.6946],[17.8705,79.6562],[17.8157,79.6232],[17.7489,79.6038],[17.7688,79.597],[17.7362,79.567],[17.5907,79.5486],[17.7489,79.5486],[17.7659,79.539],[17.783,79.494],[17.7551,79.4564],[17.7756,79.4257],[17.7537,79.4093],[17.6316,79.3916],[17.6532,79.3694],[17.881,79.4013],[18.0026,79.4558],[18.0432,79.5288],[18.1061,79.5883],[18.242,79.6282],[18.3469,79.6299],[18.7273,79.5435],[18.7556,79.5219],[18.7761,79.4772],[18.8818,79.4411],[18.8611,79.4366],[18.8519,79.4226],[18.8591,79.4092],[18.9133,79.3916],[18.869,79.3826],[18.8377,79.3568],[18.8389,79.3405],[18.8792,79.3159],[18.7835,79.2791],[18.5918,79.2612],[18.652,79.2488],[18.8446,79.2544],[18.9475,79.2203],[18.9152,79.1812],[18.9168,79.1684],[18.9451,79.157],[19.1979,79.1513],[19.3225,79.1894],[19.612,79.1533],[19.7863,79.1651],[19.8381,79.1513],[19.7957,79.1281],[19.8289,79.0951],[19.9343,79.0589],[19.9064,79.0142],[20.0311,79.021],[20.1987,79.0014],[20.4504,78.9464],[21.3909,78.8674],[21.5221,78.8537],[21.5454,78.8341],[21.5103,78.8088],[21.5085,78.794],[21.5519,78.7752],[21.5083,78.747],[21.3601,78.6989],[21.3942,78.6716],[21.3833,78.6586],[21.2682,78.6743],[21.1267,78.6654],[21.1258,78.6452],[21.0988,78.6398],[20.9302,78.6596],[20.887,78.6826],[20.6914,78.6936],[20.6401,78.6716],[20.6052,78.6339],[20.5783,78.6306],[20.4448,78.6442],[20.2088,78.6381]]],[[[27.1711,80.0734],[27.1362,80.0427],[27.1711,80.029],[27.1021,79.9744],[27.2249,79.9249],[27.2391,79.9055],[27.2074,79.8737],[27.1497,79.855],[26.8569,79.8315],[26.7901,79.7955],[26.6499,79.7869],[26.6128,79.7597],[26.5335,79.7546],[26.5275,79.7351],[26.4951,79.7233],[26.2969,79.6969],[26.2223,79.6695],[25.826,79.626],[25.8089,79.6095],[25.8941,79.581],[25.9688,79.5154],[25.8231,79.465],[25.8421,79.453],[25.8291,79.4422],[25.6457,79.3977],[25.1833,79.3362],[24.9749,79.3345],[24.9453,79.3708],[24.9207,79.3782],[24.7715,79.3708],[24.5625,79.324],[24.2881,79.3099],[24.2586,79.2885],[24.2723,79.2544],[24.2598,79.2408],[24.0531,79.1889],[22.9256,79.2228],[22.7367,79.2674],[22.6447,79.3096],[22.655,79.3642],[22.895,79.4195],[22.5134,79.3936],[22.4167,79.4097],[21.7118,79.3718],[21.5007,79.3973],[20.8169,79.3781],[20.7915,79.3916],[20.853,79.4052],[20.7637,79.4334],[20.7297,79.4586],[20.1968,79.4688],[20.0169,79.5122],[19.6853,79.5539],[19.6333,79.6113],[19.8166,79.6357],[20.2083,79.6455],[20.2776,79.6175],[20.4126,79.5919],[21.1546,79.5691],[21.1278,79.5877],[20.6494,79.6265],[20.4756,79.6864],[21.8504,79.7069],[21.8644,79.7194],[21.8405,79.7342],[21.8937,79.7523],[22.2817,79.7741],[22.3469,79.7888],[22.2874,79.8057],[21.7983,79.7683],[21.8324,79.7827],[21.7362,79.7827],[21.7688,79.8046],[21.8532,79.8071],[21.8877,79.8236],[20.172,79.7852],[19.9969,79.7488],[19.811,79.7494],[19.7324,79.726],[19.4856,79.718],[19.3941,79.7408],[19.2435,79.7279],[18.9528,79.7362],[18.7839,79.7231],[18.742,79.7274],[18.7625,79.7416],[18.7194,79.7471],[18.7087,79.7551],[18.7215,79.7683],[18.6825,79.7877],[18.4608,79.7888],[18.4199,79.8236],[18.3223,79.8422],[18.2321,79.8906],[18.112,79.9055],[18.2953,79.9451],[18.4131,79.9465],[18.5205,79.9633],[18.6235,79.9567],[18.6805,79.9806],[18.557,79.9806],[18.6687,80.0102],[18.6867,80.0095],[18.6805,79.9949],[18.7898,79.9744],[18.8099,79.9929],[18.783,80.0085],[18.8986,80.0334],[18.9338,80.0563],[18.8367,80.0312],[18.3755,80.039],[18.308,80.0587],[18.2349,80.0489],[18.1524,80.0836],[18.2595,80.066],[18.3646,80.0836],[18.1489,80.0973],[18.0232,80.138],[17.9954,80.1178],[17.783,80.1383],[18.0374,80.1929],[18.0711,80.1799],[18.1387,80.1867],[18.3948,80.172],[18.5703,80.1848],[18.6814,80.1619],[18.7693,80.1867],[18.7005,80.2072],[18.908,80.1883],[18.9595,80.1625],[19.1823,80.1197],[19.2713,80.0853],[19.3313,80.091],[19.3919,80.1138],[19.4043,80.1226],[19.3994,80.1383],[19.5848,80.1519],[19.5446,80.172],[19.3757,80.1724],[19.2243,80.1977],[19.1924,80.2255],[19.1052,80.258],[19.0817,80.3089],[18.9816,80.3437],[19.0335,80.358],[19.3372,80.3275],[19.613,80.2277],[19.6717,80.2175],[19.8518,80.2208],[19.7152,80.2481],[19.8381,80.2897],[19.8045,80.3027],[19.8381,80.3096],[19.7705,80.3232],[19.8587,80.3437],[19.7705,80.3505],[19.9138,80.3852],[19.5288,80.3884],[19.4871,80.3931],[19.4688,80.4089],[19.4627,80.4534],[19.5005,80.4722],[19.6192,80.4604],[19.6743,80.4399],[19.6885,80.4485],[19.6355,80.4811],[19.6567,80.505],[19.8023,80.493],[19.8381,80.4815],[19.8319,80.4741],[20.0368,80.4678],[20.0163,80.4461],[20.0784,80.4331],[20.0715,80.4194],[20.0989,80.4126],[20.085,80.3814],[20.1055,80.3785],[20.1414,80.3858],[20.1914,80.4214],[20.3898,80.4235],[20.4235,80.4132],[20.4279,80.3915],[20.5446,80.358],[20.5234,80.33],[20.5918,80.3027],[20.8392,80.3096],[20.7738,80.2912],[20.749,80.2686],[20.8529,80.2139],[21.1931,80.2336],[21.3259,80.2618],[21.2987,80.2413],[21.3328,80.2208],[21.3185,80.2134],[21.3455,80.2144],[21.4148,80.2351],[21.4202,80.2521],[21.5315,80.2735],[21.6481,80.2376],[21.7026,80.2413],[21.6543,80.2543],[21.6774,80.2748],[21.8467,80.2721],[21.8976,80.2134],[21.717,80.1738],[21.5996,80.1252],[21.6499,80.1163],[21.827,80.1519],[21.9055,80.1295],[22.0652,80.111],[22.0589,80.1035],[22.2166,80.0427],[22.1751,80.0216],[22.2235,80.0085],[22.1956,79.988],[22.2832,79.9831],[22.3674,80.0085],[22.3191,80.0358],[22.3657,80.045],[22.4382,80.0109],[22.4773,80.0154],[22.4237,80.0443],[22.3578,80.0561],[22.3469,80.07],[22.4631,80.07],[22.3737,80.111],[22.4084,80.1451],[22.4016,80.1662],[22.466,80.2216],[22.4495,80.2618],[22.576,80.299],[22.5642,80.3109],[22.3727,80.3405],[22.3333,80.3642],[22.3377,80.3839],[22.388,80.4269],[22.4574,80.4409],[22.6821,80.4269],[22.6133,80.358],[22.6742,80.3332],[22.7503,80.33],[22.6965,80.358],[22.8016,80.3819],[22.833,80.4126],[22.8125,80.4269],[22.8285,80.4341],[22.7914,80.4592],[22.8057,80.4815],[22.7503,80.5048],[22.7816,80.5173],[22.9769,80.4741],[23.2674,80.4538],[23.3606,80.4331],[23.2854,80.4194],[23.3196,80.4126],[23.2949,80.4051],[23.1209,80.3915],[23.2171,80.3785],[23.1892,80.358],[23.3152,80.3517],[23.3538,80.3376],[23.2952,80.3278],[23.3059,80.2897],[23.2959,80.281],[23.055,80.2484],[23.0067,80.1621],[23.0613,80.1317],[23.1223,80.1176],[23.2302,80.1252],[23.0868,80.1724],[23.2439,80.1662],[23.2171,80.1799],[23.2254,80.1911],[23.3074,80.1934],[23.3442,80.1549],[23.3987,80.1425],[23.4295,80.1588],[23.3879,80.1898],[23.3987,80.2042],[23.4705,80.2134],[23.4574,80.2072],[23.4977,80.1929],[23.4636,80.1724],[23.5026,80.1568],[23.5393,80.1588],[23.5319,80.1383],[23.5676,80.1335],[23.6623,80.1724],[23.8049,80.1846],[23.8335,80.2003],[23.7593,80.2102],[23.7305,80.2351],[23.7927,80.2481],[23.7168,80.2618],[23.7577,80.2761],[23.7373,80.2953],[23.7653,80.3091],[23.8677,80.2823],[24.0145,80.2706],[24.0327,80.2761],[23.895,80.3096],[24.0772,80.3027],[24.19,80.2753],[24.2246,80.2823],[24.2039,80.2953],[24.3356,80.2863],[24.3748,80.2953],[24.3064,80.317],[24.4021,80.3232],[24.2108,80.335],[24.1488,80.3505],[24.187,80.3718],[24.2598,80.3758],[24.4812,80.3554],[24.6008,80.317],[24.471,80.2953],[24.4915,80.2823],[24.4641,80.2686],[24.5213,80.2557],[24.5544,80.2556],[24.6016,80.2797],[24.7254,80.2939],[24.7487,80.3061],[24.7551,80.3273],[24.8299,80.3559],[24.8887,80.3232],[24.8408,80.3027],[24.8488,80.286],[24.7801,80.2481],[24.8924,80.2613],[25.0459,80.2529],[25.1152,80.2686],[25.3555,80.2823],[25.2251,80.2543],[25.3181,80.2261],[25.5466,80.2413],[25.5876,80.2291],[25.6149,80.2003],[25.6987,80.223],[25.7805,80.2134],[25.7044,80.1724],[25.9397,80.1855],[26.8071,80.1743],[27.0039,80.1152],[27.1919,80.1096],[27.2391,80.0973],[27.1711,80.0734]]],[[[24.4248,77.8259],[24.2469,77.7579],[24.2284,77.7169],[23.995,77.6053],[23.8928,77.5084],[23.7349,77.4554],[23.5403,77.4244],[23.3543,77.3769],[23.2685,77.3266],[23.2891,77.2909],[23.2345,77.2637],[22.9222,77.2563],[22.7039,77.2373],[22.4297,77.2637],[22.4016,77.284],[22.3909,77.3039],[22.5046,77.3359],[22.4841,77.382],[22.4141,77.4145],[22.4221,77.4315],[22.5666,77.4666],[22.6028,77.4864],[22.6753,77.4935],[22.7331,77.5181],[22.7783,77.5549],[22.6091,77.5394],[22.5791,77.5134],[22.5537,77.5186],[22.6065,77.5482],[22.5659,77.5673],[22.4466,77.5778],[22.2918,77.5549],[22.2433,77.5202],[22.1917,77.5041],[21.3657,77.4707],[21.0925,77.4392],[20.9217,77.4424],[20.8655,77.4562],[20.8633,77.4669],[20.9299,77.5016],[20.8599,77.5277],[20.8809,77.5345],[20.8696,77.5395],[20.8318,77.5407],[20.8871,77.5482],[20.8735,77.5686],[21.2161,77.6096],[21.2365,77.623],[21.2292,77.658],[21.2503,77.6716],[21.2451,77.6998],[21.2608,77.7331],[21.4352,77.7952],[21.4378,77.8204],[21.5581,77.8566],[21.5663,77.8721],[21.5376,77.8976],[21.5563,77.907],[21.6618,77.918],[21.6223,77.9446],[21.3682,77.965],[21.2435,77.9921],[20.8801,78.0854],[20.877,78.0986],[20.9922,78.1386],[21.6968,78.2111],[22.3963,78.1999],[22.5342,78.2302],[22.9661,78.2563],[23.3278,78.2001],[23.4705,78.1583],[23.3743,78.1309],[23.3753,78.1129],[23.3501,78.1049],[23.1055,78.0881],[23.0713,78.0662],[23.055,78.0373],[23.0731,78.0075],[23.1205,77.9859],[23.3689,77.9564],[23.6283,77.8703],[23.9417,77.8521],[23.9956,77.8594],[24.0734,77.8941],[24.2383,77.8976],[24.3049,77.9119],[24.3488,77.8824],[24.4065,77.8652],[24.4248,77.8259]]],[[[21.0243,78.2191],[20.7977,78.2265],[20.6996,78.1929],[20.6472,78.194],[20.6277,78.2067],[20.6878,78.2191],[20.6673,78.2265],[20.7158,78.2333],[20.7131,78.2534],[20.7915,78.2744],[20.7253,78.3044],[20.4688,78.3153],[20.5354,78.3415],[20.6746,78.3466],[20.6819,78.3712],[20.6611,78.3911],[20.4556,78.4403],[20.1536,78.4754],[20.1831,78.4953],[20.8714,78.5566],[21.0204,78.5447],[21.0842,78.5557],[21.1267,78.5834],[21.1062,78.5971],[21.1782,78.6232],[21.304,78.6278],[21.4231,78.6144],[21.4994,78.5681],[21.6743,78.6005],[21.7931,78.5988],[21.8262,78.576],[21.8784,78.5857],[21.9393,78.5607],[22.0648,78.5971],[22.092,78.5893],[22.1326,78.5272],[22.2354,78.4879],[22.2306,78.4642],[22.1956,78.4389],[22.2254,78.4139],[22.2263,78.3809],[22.2439,78.3668],[22.2283,78.3076],[22.2433,78.2886],[22.2371,78.2818],[22.2713,78.2675],[21.0612,78.2003],[21.0106,78.2067],[21.0243,78.2191]]],[[[12.1428,78.237],[12.1629,78.2109],[12.1405,78.1992],[12.0519,78.2225],[11.8923,78.2336],[11.8138,78.2744],[11.8499,78.2931],[11.8484,78.3078],[11.6235,78.366],[11.5742,78.3943],[11.3438,78.4491],[11.1218,78.4389],[11.0393,78.4848],[11.0037,78.5196],[10.9983,78.5487],[10.9685,78.5553],[10.9164,78.6102],[10.7866,78.6654],[10.8071,78.6859],[10.5486,78.7712],[10.5254,78.7883],[10.5736,78.8205],[10.5669,78.8435],[10.5313,78.8737],[10.4844,78.8907],[10.5602,78.9091],[10.8438,78.8789],[10.9998,78.8342],[10.9915,78.7957],[11.115,78.7752],[11.1838,78.7336],[11.0603,78.6927],[11.1538,78.6626],[11.1628,78.632],[11.2726,78.6102],[11.2564,78.5859],[11.298,78.564],[11.259,78.5282],[11.4471,78.548],[11.4917,78.5071],[11.5685,78.4835],[11.7593,78.4456],[11.8722,78.4479],[11.9002,78.4357],[11.876,78.4109],[11.8892,78.3951],[12.0503,78.3104],[12.1013,78.2954],[12.0969,78.2736],[12.1428,78.237]]],[[[33.0986,80.2277],[33.2986,80.2481],[33.6404,80.2208],[33.5435,80.1951],[33.0319,80.1711],[32.8311,80.1332],[31.6111,80.0727],[31.4771,80.1039],[31.4963,80.1157],[32.9396,80.2062],[33.0986,80.2277]]],[[[29.439,78.905],[29.6655,78.9206],[29.707,78.8981],[29.3291,78.8633],[29.3353,78.8503],[29.2365,78.8532],[28.8696,78.9118],[28.3695,78.8776],[28.1033,78.8225],[27.842,78.8435],[28.0306,78.8739],[28.1511,78.9186],[28.364,78.9212],[28.4287,78.9445],[28.4186,78.967],[28.7889,78.9642],[28.9939,78.9316],[29.0648,78.9042],[29.439,78.905]]],[[[20.0989,79.1241],[20.4678,79.1258],[20.5718,79.1036],[20.764,79.0859],[20.8318,79.0552],[20.701,79.0259],[20.4985,79.0179],[20.3582,78.9947],[20.244,79.0251],[20.1228,79.0231],[20.0442,79.0415],[20.135,79.0607],[20.1104,79.0883],[20.1404,79.1179],[20.0989,79.1241]]],[[[19.1603,74.526],[19.2974,74.4811],[19.28,74.4608],[19.2834,74.444],[19.2368,74.4186],[19.2349,74.3991],[19.1878,74.3758],[19.1951,74.369],[19.0737,74.3474],[18.8655,74.4304],[18.7898,74.4782],[18.8205,74.5041],[18.8748,74.5162],[19.0266,74.5128],[19.1603,74.526]]],[[[27.0208,78.6989],[26.9473,78.6783],[26.9519,78.6579],[26.7747,78.6407],[26.7376,78.6265],[26.6912,78.6442],[26.698,78.6654],[26.6869,78.6697],[26.466,78.7095],[26.4587,78.7325],[26.3963,78.7752],[26.4419,78.8074],[26.6155,78.8088],[26.7737,78.7268],[26.834,78.7112],[27.0208,78.6989]]],[[[18.2964,80.2761],[18.1587,80.2786],[18.1188,80.2897],[18.1556,80.3178],[18.3169,80.3642],[18.5868,80.3417],[18.7556,80.3027],[18.6643,80.2854],[18.626,80.2618],[18.4914,80.2388],[18.2964,80.2761]]],[[[20.0579,79.3773],[20.178,79.3534],[20.1439,79.3362],[20.0349,79.3562],[19.7015,79.337],[19.6599,79.3475],[19.6812,79.3773],[19.6265,79.3916],[19.7136,79.4078],[19.8045,79.4052],[20.0579,79.3773]]],[[[25.4784,76.7121],[25.5808,76.7121],[25.5808,76.6984],[25.3913,76.6203],[25.2176,76.5681],[25.2251,76.555],[25.1812,76.5338],[25.0472,76.498],[25.0191,76.4687],[25.0319,76.4465],[25.0176,76.4396],[24.9434,76.4451],[24.9678,76.4782],[25.0947,76.5441],[25.3545,76.6369],[25.4231,76.6841],[25.4163,76.6916],[25.4784,76.7121]]],[[[11.0325,79.7069],[11.0057,79.6864],[11.0461,79.6867],[11.074,79.666],[11.0025,79.6723],[10.9241,79.6524],[10.8215,79.6505],[10.7795,79.6562],[10.7381,79.6864],[10.848,79.6933],[10.7398,79.7058],[10.7109,79.7212],[10.8718,79.7274],[11.0325,79.7069]]],[[[20.6333,80.7348],[20.5277,80.7474],[20.5178,80.7695],[20.6221,80.7701],[20.7183,80.7377],[21.0032,80.7143],[20.9779,80.6971],[20.8215,80.6801],[20.8055,80.7058],[20.6748,80.7074],[20.6333,80.7348]]],[[[21.1745,80.6596],[21.0895,80.6572],[21.0457,80.6679],[21.0243,80.6938],[21.2146,80.7112],[21.3328,80.7074],[21.3259,80.7],[21.367,80.6801],[21.1745,80.6596]]],[[[10.7175,79.7416],[10.6458,79.7611],[10.7129,79.7825],[10.8687,79.7794],[11.012,79.7416],[10.9842,79.7314],[10.7175,79.7416]]],[[[24.1693,80.4461],[24.1926,80.4576],[24.2428,80.454],[24.3816,80.3915],[24.1672,80.3834],[24.1284,80.4052],[24.1449,80.4088],[24.1693,80.4461]]],[[[19.907,80.4883],[19.8522,80.505],[19.9588,80.5403],[20.0635,80.5375],[20.1336,80.515],[19.9873,80.4894],[19.907,80.4883]]],[[[24.2922,80.4883],[24.217,80.4695],[23.9776,80.4946],[24.0397,80.5087],[24.1748,80.5116],[24.2922,80.4883]]],[[[30.0696,79.008],[30.3093,79.008],[30.3371,78.9943],[30.2068,78.98],[30.2205,78.9732],[30.1843,78.9667],[30.1362,78.9689],[30.0925,78.982],[30.0696,79.008]]],[[[20.7575,80.6249],[20.4961,80.6596],[20.7915,80.6596],[20.7761,80.6413],[20.75,80.6391],[20.7575,80.6249]]]]}},{"type":"Feature","id":"Sør-Trøndelag","properties":{"id":"Sør-Trøndelag","iso_code":"NO-16","name":"Sør-Trøndelag","name_full":"Sør-Trøndelag","name_ja":"ソール・トロンデラーグ県","center_lonlat":[10.5246,62.9403]},"geometry":{"type":"MultiPolygon","coordinates":[[[[12.0598,63.2048],[12.2227,63.0015],[12.0933,62.9074],[12.1562,62.7337],[12.1541,62.7105],[12.0901,62.6063],[12.0912,62.5863],[12.2795,62.3442],[12.171,62.333],[12.0122,62.3661],[11.8229,62.3859],[11.7193,62.3688],[11.5731,62.3965],[11.5413,62.407],[11.4769,62.4611],[11.235,62.5693],[11.1844,62.6189],[11.1689,62.6661],[11.1252,62.6798],[10.8965,62.7078],[10.8056,62.6959],[10.73,62.6689],[10.6735,62.696],[10.5867,62.6883],[10.2857,62.7074],[10.1568,62.6549],[10.0969,62.5858],[10.0752,62.5108],[10.105,62.4426],[10.087,62.4284],[9.9854,62.405],[9.9174,62.3572],[9.8553,62.3577],[9.7831,62.2858],[9.5973,62.2743],[9.0906,62.3801],[9.1669,62.4194],[9.2449,62.5645],[9.1681,62.5833],[8.9412,62.714],[8.9364,62.7358],[9.4162,62.8332],[9.4518,62.8873],[9.4416,62.9379],[9.4497,62.9523],[9.5807,63.0202],[9.49,63.0529],[9.4738,63.1792],[9.4671,63.1919],[9.4151,63.2074],[9.2791,63.2115],[9.2379,63.1997],[9.214,63.1824],[9.2206,63.1591],[9.2056,63.1408],[9.0368,63.155],[8.901,63.1289],[8.8587,63.1381],[8.8486,63.1614],[8.8051,63.1889],[8.8499,63.2034],[8.9431,63.2121],[8.869,63.2105],[8.915,63.3556],[8.9086,63.3697],[8.8354,63.3962],[8.7864,63.4298],[8.8234,63.4294],[8.8811,63.3976],[8.8914,63.4213],[8.9972,63.4182],[8.9675,63.4334],[9.0008,63.4661],[9.053,63.4523],[9.1145,63.4182],[9.1486,63.3759],[9.1029,63.3432],[9.0887,63.32],[9.0934,63.294],[9.1431,63.3309],[9.2647,63.3629],[9.4346,63.3804],[9.4769,63.4039],[9.218,63.372],[9.1677,63.402],[9.183,63.4345],[9.4819,63.4732],[9.4844,63.4827],[9.333,63.4665],[9.2578,63.5001],[9.2681,63.4735],[9.2922,63.4591],[9.2102,63.4594],[9.1673,63.4669],[9.1486,63.4858],[9.162,63.5071],[9.2443,63.5137],[9.2372,63.5345],[9.3023,63.5308],[9.368,63.5633],[9.3882,63.5622],[9.3783,63.5305],[9.4033,63.5185],[9.4954,63.5769],[9.5364,63.5673],[9.5733,63.541],[9.5459,63.5806],[9.4906,63.5894],[9.6991,63.6445],[9.724,63.6367],[9.7202,63.6208],[9.8,63.5631],[9.8138,63.532],[9.8059,63.5137],[9.8987,63.4774],[9.9474,63.4495],[9.9606,63.4277],[9.9285,63.3772],[9.8333,63.3288],[9.8942,63.3312],[9.9792,63.3635],[10.0134,63.3619],[10.0993,63.3249],[10.2422,63.3263],[10.2544,63.3144],[10.259,63.2673],[10.2796,63.3183],[10.2659,63.3319],[10.2449,63.3441],[10.0687,63.3655],[10.0409,63.4064],[10.094,63.4387],[10.3005,63.4665],[10.3731,63.4417],[10.4473,63.4568],[10.5769,63.4307],[10.6904,63.4523],[10.7588,63.4387],[10.7979,63.4174],[10.8298,63.4406],[10.8759,63.4459],[10.8844,63.3867],[10.9325,63.3543],[11.4591,63.3367],[11.6425,63.1969],[12.0598,63.2048]]],[[[10.1979,63.5423],[10.0803,63.5075],[9.9802,63.4934],[9.9182,63.5147],[9.888,63.5752],[9.9021,63.5894],[9.8333,63.6025],[9.8108,63.6271],[9.8333,63.6441],[9.7922,63.6645],[9.8059,63.6776],[9.7991,63.6918],[9.9998,63.7239],[10.1014,63.7676],[10.0052,63.7465],[10.0393,63.7744],[10.0296,63.7835],[9.9066,63.7573],[9.8576,63.7316],[9.7796,63.7232],[9.7289,63.7021],[9.6489,63.6993],[9.6421,63.685],[9.5441,63.6656],[9.5679,63.7068],[9.5527,63.726],[9.7781,63.7676],[9.5813,63.7591],[9.5459,63.7744],[9.6628,63.8188],[9.8743,63.8632],[9.7922,63.8837],[9.8921,63.9025],[9.9124,63.9008],[9.9067,63.8841],[9.9258,63.8837],[9.9705,63.9042],[10.068,63.9177],[10.116,63.9411],[10.197,63.9383],[10.1418,63.9656],[9.9431,63.9184],[9.9727,63.9418],[10.0872,63.9665],[10.1281,63.9867],[10.0803,63.973],[10.0586,63.9868],[9.9363,63.9594],[9.9841,63.9935],[9.9981,64.0363],[10.0182,64.0351],[10.0256,64.0624],[10.0032,64.082],[9.9978,64.1096],[10.0358,64.1155],[10.1079,64.0897],[10.2088,64.1098],[10.2175,64.1239],[10.1077,64.1171],[10.1338,64.1385],[10.1697,64.1369],[10.156,64.158],[10.197,64.158],[10.1779,64.1667],[10.1834,64.1854],[10.1697,64.199],[10.2222,64.1926],[10.2373,64.199],[10.2311,64.2058],[10.2971,64.2099],[10.3745,64.1854],[10.3654,64.2072],[10.2454,64.2338],[10.3335,64.2604],[10.3268,64.2741],[10.3973,64.2644],[10.3914,64.2878],[10.4912,64.2952],[10.4496,64.3128],[10.4502,64.3498],[10.4776,64.3498],[10.4707,64.3566],[10.5594,64.3293],[10.5047,64.3703],[10.5674,64.3639],[10.5983,64.3458],[10.6489,64.3566],[10.6071,64.3655],[10.5984,64.383],[10.553,64.4051],[10.4639,64.4051],[10.4831,64.4237],[10.5116,64.4317],[10.5991,64.4021],[10.6283,64.3976],[10.6252,64.4053],[10.7089,64.3804],[10.7897,64.3339],[10.9641,64.2937],[10.909,64.2229],[10.8328,64.1967],[10.8118,64.1436],[10.9169,64.1064],[10.823,64.0415],[10.8276,64.0064],[10.8008,63.9887],[10.7983,63.9684],[10.5811,63.8582],[10.5255,63.8046],[10.4822,63.7377],[10.2014,63.6349],[10.1633,63.5879],[10.1979,63.5423]]],[[[9.1387,63.5678],[9.176,63.5622],[9.1068,63.5333],[8.8586,63.487],[8.718,63.484],[8.5733,63.4591],[8.5036,63.4342],[8.3903,63.4338],[8.333,63.4591],[8.2993,63.4455],[8.2778,63.4665],[8.3172,63.5132],[8.4133,63.5578],[8.7235,63.5678],[8.5453,63.6025],[8.7883,63.64],[8.8276,63.6396],[8.8333,63.6168],[8.8464,63.6159],[8.8682,63.6462],[8.9652,63.6562],[8.9773,63.6441],[8.9569,63.6304],[8.9883,63.5928],[9.0801,63.6062],[9.1387,63.5678]]],[[[8.3604,63.6714],[8.3135,63.6682],[8.2717,63.685],[8.3316,63.7018],[8.5181,63.7198],[8.7434,63.7744],[8.7085,63.7792],[8.6751,63.7676],[8.7372,63.8091],[8.7525,63.8019],[8.8054,63.8154],[8.7918,63.7949],[8.8107,63.7816],[8.8255,63.7341],[8.8259,63.7198],[8.792,63.6981],[8.7434,63.6879],[8.4758,63.6643],[8.4559,63.6714],[8.5256,63.6918],[8.3604,63.6714]]],[[[9.16,63.6478],[9.1709,63.6414],[9.1621,63.6339],[9.0763,63.613],[9.014,63.6267],[9.0579,63.6611],[9.16,63.6478]]],[[[9.9308,64.0275],[9.9439,64.0115],[9.8923,63.997],[9.8539,64.0089],[9.8811,64.02],[9.8438,64.0332],[9.8885,64.0491],[9.9308,64.0275]]]]}},{"type":"Feature","id":"Telemark","properties":{"id":"Telemark","iso_code":"NO-08","name":"Telemark","name_full":"Telemark","name_ja":"テレマルク県","center_lonlat":[8.53,59.5364]},"geometry":{"type":"Polygon","coordinates":[[[9.8272,59.0184],[9.7817,59.0512],[9.766,59.0524],[9.7581,59.0324],[9.7061,59.0643],[9.7035,59.087],[9.6885,59.0908],[9.6831,59.046],[9.6686,59.0515],[9.6284,59.1081],[9.6405,59.1176],[9.6306,59.1314],[9.6009,59.1157],[9.5391,59.1206],[9.6213,59.0753],[9.6541,59.0373],[9.7268,59.0152],[9.724,58.984],[9.7035,58.9982],[9.6847,58.9835],[9.6558,58.984],[9.6898,58.9567],[9.5942,58.943],[9.6079,58.9287],[9.5759,58.9215],[9.4701,58.9287],[9.5239,58.9001],[9.5115,58.8952],[9.4559,58.8977],[9.4504,58.8815],[9.3738,58.8954],[9.3602,58.8815],[9.3942,58.8899],[9.4037,58.8809],[9.3395,58.8626],[9.2988,58.8815],[9.2708,58.8332],[9.3125,58.8263],[9.3796,58.8442],[9.4504,58.8332],[9.367,58.7922],[9.4087,58.7996],[9.3866,58.7848],[9.2066,58.8177],[9.1906,58.8836],[9.0312,58.9719],[9.0148,59.006],[8.9913,59.0099],[8.8368,59.0003],[8.811,58.9626],[8.8337,58.93],[8.8051,58.8944],[8.8064,58.8713],[8.7607,58.8571],[8.5794,58.9414],[8.4755,58.9168],[8.3829,58.9607],[8.3325,58.9555],[8.1869,58.998],[8.1501,58.9978],[8.1256,58.9886],[8.1421,58.9843],[8.1356,58.9772],[8.0918,58.9746],[7.972,59.0009],[7.8424,59.1218],[7.7714,59.1571],[7.7596,59.1953],[7.7891,59.2441],[7.7259,59.319],[7.6606,59.3579],[7.6227,59.3645],[7.5766,59.4092],[7.5273,59.4275],[7.5976,59.4591],[7.6195,59.4934],[7.5903,59.5254],[7.5305,59.5495],[7.5178,59.5897],[7.5459,59.6145],[7.4998,59.6255],[7.4387,59.6764],[7.3866,59.6751],[7.365,59.6586],[7.2439,59.691],[7.1277,59.7233],[7.0921,59.7941],[7.16,59.8448],[7.1631,59.9127],[7.2221,59.9662],[7.262,59.9894],[7.3909,60.027],[7.4678,60.1137],[7.6243,60.1457],[7.7101,60.1476],[7.8234,60.1278],[8.1714,60.1975],[8.8429,60.1615],[8.92,60.1338],[8.9592,60.1046],[8.9974,60.017],[9.0205,60.0001],[9.1172,59.9762],[9.1802,59.9416],[9.179,59.9253],[9.201,59.9154],[9.2031,59.85],[9.3599,59.8077],[9.3517,59.7359],[9.4053,59.7039],[9.446,59.6505],[9.4778,59.575],[9.5025,59.5626],[9.4772,59.5302],[9.4804,59.5179],[9.5594,59.5114],[9.6348,59.4562],[9.6823,59.4398],[9.7827,59.4322],[9.7701,59.3688],[9.7783,59.3487],[9.8685,59.2813],[9.8628,59.263],[9.884,59.2043],[9.8327,59.169],[9.8552,59.1082],[9.8467,59.0373],[9.8272,59.0184]]]}},{"type":"Feature","id":"Troms","properties":{"id":"Troms","iso_code":"NO-19","name":"Troms","name_full":"Troms","name_ja":"トロムス県","center_lonlat":[19.9922,69.2255]},"geometry":{"type":"MultiPolygon","coordinates":[[[[18.1893,68.5384],[18.0367,68.6196],[17.568,68.6079],[17.37,68.5761],[16.8846,68.5665],[16.6692,68.5073],[16.6044,68.5105],[16.5808,68.5345],[16.6043,68.5289],[16.6321,68.5463],[16.5664,68.5778],[16.5718,68.6121],[16.597,68.6295],[16.9607,68.7045],[16.9929,68.708],[17.0809,68.664],[17.0835,68.6462],[17.1487,68.6323],[17.1865,68.6387],[17.1004,68.6695],[17.1006,68.6906],[17.2502,68.7239],[17.3101,68.7077],[17.3704,68.7111],[17.4216,68.6757],[17.4602,68.6667],[17.5767,68.6741],[17.6794,68.6605],[17.6206,68.6813],[17.4945,68.6903],[17.4033,68.7445],[17.3739,68.7503],[17.3236,68.7316],[17.2344,68.756],[17.4609,68.8154],[17.5648,68.7888],[17.7217,68.7785],[17.783,68.7486],[17.7829,68.7781],[17.7393,68.7913],[17.4676,68.8312],[17.7074,68.8933],[17.7687,68.8718],[17.8513,68.8727],[17.8259,68.8937],[17.7074,68.9138],[17.721,68.9342],[17.4261,68.8995],[17.4797,68.9478],[17.5337,68.9608],[17.5304,68.9869],[17.4883,68.9957],[17.6794,69.0919],[17.6316,69.1055],[17.6589,69.1169],[17.869,69.1213],[17.9588,69.1485],[18.1524,69.154],[18.0711,69.1776],[18.0796,69.207],[18.1052,69.2291],[17.9885,69.2353],[18.0041,69.2501],[18.0031,69.2857],[18.0158,69.3041],[18.1126,69.3335],[18.1387,69.3525],[18.1305,69.3693],[18.1803,69.4078],[18.155,69.4576],[18.2634,69.4881],[18.3225,69.4789],[18.3823,69.4313],[18.3874,69.4222],[18.3648,69.3915],[18.4475,69.3935],[18.5029,69.3701],[18.4956,69.2905],[18.5163,69.2761],[18.4985,69.252],[18.5025,69.2353],[18.5332,69.2779],[18.5383,69.348],[18.5648,69.3647],[18.6021,69.3002],[18.6917,69.2635],[18.703,69.2625],[18.7031,69.2877],[18.6737,69.3041],[18.6897,69.3179],[18.735,69.3242],[18.8239,69.3253],[19.013,69.2871],[19.0135,69.2993],[18.9546,69.3283],[18.6648,69.3693],[18.6066,69.3904],[18.5778,69.4313],[18.4546,69.4543],[18.4888,69.4822],[18.4685,69.5041],[18.4743,69.5164],[18.6306,69.541],[18.8527,69.5523],[18.8643,69.5219],[18.8445,69.5028],[18.8937,69.4976],[18.9353,69.4463],[19.0095,69.4283],[19.0032,69.4079],[19.0144,69.397],[19.146,69.3525],[19.3474,69.3442],[19.3794,69.3218],[19.3711,69.3001],[19.3506,69.2905],[19.2849,69.2755],[19.2153,69.2816],[19.167,69.267],[19.1775,69.2535],[19.251,69.2742],[19.2723,69.2524],[19.249,69.2427],[19.3008,69.224],[19.3794,69.2427],[19.4772,69.2208],[19.5093,69.2291],[19.4486,69.2603],[19.4409,69.2837],[19.4546,69.3061],[19.4495,69.3249],[19.3501,69.3791],[19.1194,69.3861],[19.0779,69.4345],[19.0013,69.4643],[18.9927,69.4831],[19.0057,69.5062],[19.0691,69.5333],[19.1948,69.5505],[19.2627,69.5233],[19.2293,69.5679],[18.9945,69.5396],[18.958,69.5611],[18.9443,69.6153],[19.085,69.6934],[19.0983,69.7362],[19.2014,69.7533],[19.249,69.7771],[19.4443,69.7771],[19.5588,69.8002],[19.7372,69.8131],[19.7842,69.8044],[19.7315,69.7568],[19.7287,69.7229],[19.6743,69.6815],[19.7274,69.6422],[19.7152,69.6126],[19.6299,69.5205],[19.6265,69.4959],[19.6502,69.4596],[19.5817,69.4374],[19.5303,69.4003],[19.6885,69.4447],[19.7249,69.5161],[19.7083,69.5307],[19.7568,69.5996],[19.7432,69.6126],[19.9286,69.6052],[20.0602,69.5791],[20.1126,69.5854],[20.0316,69.5883],[19.8578,69.6273],[19.8245,69.6815],[19.8245,69.7119],[19.8782,69.7443],[19.8723,69.7634],[19.9277,69.7841],[20.0061,69.8428],[19.9685,69.7634],[20.007,69.7685],[20.1677,69.9422],[20.1707,69.8804],[20.2024,69.859],[20.2019,69.9242],[20.2704,69.9678],[20.315,69.9638],[20.4172,69.8904],[20.4253,69.8772],[20.3999,69.8454],[20.3936,69.8044],[20.3636,69.7786],[20.3186,69.6815],[20.3831,69.6347],[20.3765,69.5892],[20.2742,69.5606],[20.3044,69.5443],[20.2695,69.5173],[20.2639,69.5028],[20.2785,69.4852],[20.2417,69.4598],[20.2156,69.4687],[20.1916,69.4132],[20.1688,69.3937],[19.9822,69.3389],[20.0027,69.3253],[19.9168,69.2693],[19.948,69.2631],[20.0705,69.336],[20.277,69.3923],[20.3543,69.4681],[20.4411,69.5228],[20.4522,69.5559],[20.4824,69.5779],[20.647,69.5212],[20.853,69.4959],[20.7184,69.5284],[20.6476,69.5854],[20.4924,69.6273],[20.4883,69.6484],[20.5271,69.6778],[20.5418,69.7054],[20.5352,69.7305],[20.4824,69.7634],[20.6429,69.7726],[20.7852,69.8017],[20.825,69.8415],[20.7915,69.8795],[21.0925,69.9484],[20.8939,69.8529],[20.9551,69.8461],[20.9691,69.8323],[20.9411,69.8187],[21.0205,69.7882],[21.051,69.7976],[20.9963,69.8249],[21.0686,69.8427],[21.0584,69.8597],[21.1704,69.8756],[21.1888,69.8696],[21.1805,69.8546],[21.1267,69.8112],[21.1792,69.8195],[21.2229,69.8454],[21.2092,69.9075],[21.3259,69.9075],[21.2705,69.9298],[21.2092,69.9348],[21.2253,69.9747],[21.2899,70.0211],[21.3926,70.029],[21.5581,69.9894],[21.5697,69.9654],[21.6065,69.9553],[21.5786,69.9279],[21.6089,69.9119],[21.7577,69.8829],[21.9046,69.8254],[21.9573,69.7778],[22.0515,69.7498],[21.9771,69.7498],[22.0002,69.7404],[22.061,69.7334],[22.0982,69.7498],[22.0589,69.7703],[22.0562,69.7936],[21.9155,69.8386],[21.9998,69.8351],[22.0181,69.8454],[22.012,69.8595],[21.93,69.8793],[21.9136,69.9453],[21.9286,69.9831],[22.0241,69.9855],[22.0348,69.9794],[22.0248,69.9553],[22.0523,69.9384],[22.0614,69.9567],[22.0515,70.0168],[22.1136,70.0303],[21.8659,70.0119],[21.7983,70.0372],[21.8389,70.0551],[22.0051,70.0613],[22.0828,70.0965],[22.0994,70.1203],[21.9583,70.0845],[21.8392,70.0924],[21.8171,70.0746],[21.7195,70.0606],[21.6133,70.0986],[21.4823,70.0986],[21.4365,70.1496],[21.4966,70.175],[21.3123,70.1675],[21.2092,70.2085],[21.2339,70.2243],[21.5279,70.185],[21.6171,70.1872],[21.8745,70.1024],[21.9315,70.1162],[21.9318,70.1277],[21.9631,70.1389],[22.0337,70.1394],[22.1122,70.1584],[22.2342,70.0448],[22.2437,70.0114],[22.3214,69.9516],[22.5573,69.9173],[22.5649,69.91],[22.5387,69.8672],[22.5843,69.8407],[22.5264,69.8],[22.6287,69.7059],[22.7207,69.6684],[22.8858,69.6554],[22.9334,69.6399],[22.831,69.5855],[22.7714,69.5357],[22.7748,69.5152],[22.6006,69.5096],[22.3355,69.4683],[22.3587,69.3939],[22.4738,69.3288],[22.5911,69.2306],[22.5865,69.1615],[22.5467,69.1187],[22.4407,69.0897],[21.9461,69.0657],[21.6629,69.2632],[21.3136,69.2914],[21.0984,69.2395],[21.063,69.2149],[21.0336,69.1812],[21.1564,69.0876],[21.099,69.0438],[21.0715,69.0367],[20.7444,69.1044],[20.7166,69.0988],[20.6232,69.0364],[20.1023,69.0221],[20.3411,68.9101],[20.3565,68.8046],[20.3388,68.7655],[20.2366,68.6591],[20.1518,68.6068],[19.9622,68.5412],[20.2459,68.4774],[19.9712,68.3513],[19.4817,68.424],[19.0381,68.5056],[18.6446,68.5012],[18.4362,68.5739],[18.1893,68.5384]]],[[[18.0708,69.4379],[18.0811,69.3876],[18.0986,69.3761],[18.091,69.3583],[17.9231,69.3323],[17.9059,69.3184],[17.9191,69.3123],[17.9264,69.2837],[17.9675,69.2631],[17.9507,69.2508],[17.8787,69.2495],[17.9325,69.2272],[17.9491,69.2051],[18.009,69.2011],[17.9885,69.1874],[17.8206,69.1695],[17.7072,69.1729],[17.6111,69.154],[17.4883,69.154],[17.5298,69.2011],[17.4722,69.2001],[17.1883,69.0835],[17.1587,69.0503],[17.2139,69.0441],[17.1851,69.0244],[17.1294,69.0115],[17.042,69.0168],[17.0583,69.0392],[17.0972,69.0441],[17.0835,69.0503],[17.0916,69.0617],[17.138,69.072],[17.1099,69.0847],[16.8233,69.0544],[16.7796,69.0701],[16.7731,69.0882],[16.7865,69.1081],[16.8167,69.1192],[16.8963,69.1042],[16.8923,69.1267],[16.9885,69.1396],[17.056,69.1329],[17.0698,69.1471],[17.0563,69.1601],[17.1724,69.2011],[17.0495,69.1806],[16.8986,69.1949],[16.9191,69.2154],[16.8787,69.2222],[16.9448,69.2365],[17.0868,69.2289],[17.1457,69.2563],[17.1089,69.2518],[17.1097,69.2682],[17.0889,69.2895],[17.0706,69.2681],[17.0404,69.2683],[16.9811,69.2768],[17.0078,69.2979],[16.906,69.2979],[16.8976,69.3117],[16.9153,69.3176],[17.1318,69.311],[17.104,69.3253],[17.1177,69.3314],[17.0774,69.3305],[17.042,69.3451],[17.1108,69.3525],[17.0846,69.3618],[16.8787,69.3594],[16.9339,69.3799],[16.9265,69.3935],[17.2761,69.3935],[17.3994,69.3662],[17.3894,69.3804],[17.2822,69.414],[17.4466,69.4143],[17.4958,69.4283],[17.2429,69.4547],[17.1865,69.5028],[17.2464,69.496],[17.2634,69.4784],[17.3163,69.4618],[17.3032,69.4822],[17.3921,69.4822],[17.3032,69.5233],[17.3433,69.5375],[17.4504,69.517],[17.583,69.468],[17.6453,69.4618],[17.5907,69.4897],[17.5664,69.5233],[17.4748,69.553],[17.4602,69.5717],[17.4736,69.5866],[17.4676,69.5996],[17.5169,69.597],[17.6179,69.517],[17.6579,69.5085],[17.6936,69.5202],[17.6658,69.5406],[17.6589,69.5996],[17.6878,69.5995],[17.7531,69.5406],[17.8177,69.5871],[17.8591,69.5867],[17.8928,69.5369],[17.8446,69.5025],[17.8247,69.4658],[17.8308,69.4481],[17.8577,69.4523],[17.8914,69.4987],[17.9441,69.5233],[18.0505,69.4959],[18.0212,69.481],[17.9823,69.4822],[17.9939,69.4628],[17.9844,69.4496],[17.9407,69.4283],[18.0023,69.41],[18.0247,69.4409],[18.0708,69.4379]]],[[[15.9079,68.9575],[15.898,68.9174],[15.9241,68.8864],[15.8708,68.7902],[15.824,68.7562],[15.7615,68.7356],[15.8535,68.7476],[15.9556,68.7917],[15.9896,68.7635],[15.9837,68.7456],[15.9331,68.6841],[15.8708,68.653],[15.7744,68.6326],[15.7658,68.6157],[15.7778,68.5622],[15.7404,68.5301],[15.8029,68.5513],[15.8162,68.5643],[15.8167,68.6108],[15.8586,68.6342],[16.0051,68.6776],[16.0278,68.6741],[16.0613,68.6303],[16.083,68.6387],[16.0811,68.6725],[16.0332,68.7114],[16.1074,68.7407],[16.2132,68.7356],[16.201,68.7607],[16.0946,68.8017],[16.0972,68.8312],[16.207,68.8585],[16.284,68.8403],[16.2953,68.8549],[16.2625,68.8667],[16.2495,68.8842],[16.2546,68.9032],[16.3146,68.8701],[16.4388,68.8496],[16.4398,68.8281],[16.4556,68.8153],[16.5559,68.8249],[16.4945,68.7902],[16.5467,68.7827],[16.5559,68.7703],[16.5261,68.761],[16.5286,68.722],[16.577,68.7077],[16.5348,68.681],[16.5609,68.6717],[16.5589,68.6552],[16.4911,68.6058],[16.4961,68.5793],[16.2458,68.6286],[16.0304,68.5913],[15.9617,68.6022],[15.934,68.5964],[15.8721,68.5496],[15.6433,68.4609],[15.6753,68.4951],[15.6406,68.5366],[15.6796,68.6173],[15.75,68.6553],[15.782,68.6876],[15.7727,68.7111],[15.7246,68.7334],[15.7218,68.7514],[15.847,68.8357],[15.8853,68.8868],[15.8742,68.9351],[15.9079,68.9575]]],[[[18.999,69.8286],[19.0608,69.7871],[19.0574,69.7634],[19.0335,69.7437],[18.9699,69.7335],[18.9146,69.699],[18.7941,69.6756],[18.7693,69.6467],[18.8278,69.6229],[18.8364,69.6043],[18.7693,69.5717],[18.7319,69.5653],[18.626,69.5779],[18.5604,69.5581],[18.194,69.5307],[18.1283,69.5649],[18.0208,69.5766],[17.9954,69.5921],[18.0374,69.6195],[18.0295,69.6331],[18.0809,69.6227],[18.135,69.6369],[18.2368,69.6293],[18.2691,69.6174],[18.2902,69.5921],[18.3223,69.6184],[18.4001,69.6406],[18.291,69.639],[18.1865,69.7088],[18.2144,69.7142],[18.4785,69.7088],[18.6108,69.6928],[18.6328,69.702],[18.3518,69.7299],[18.3269,69.7654],[18.3347,69.781],[18.3823,69.7976],[18.4365,69.7763],[18.4819,69.7771],[18.4831,69.751],[18.5025,69.7498],[18.5569,69.7964],[18.6532,69.8044],[18.6413,69.7556],[18.6633,69.713],[18.7074,69.6868],[18.7625,69.6877],[18.7368,69.706],[18.7567,69.7519],[18.7898,69.7839],[18.6741,69.8472],[18.6668,69.8597],[18.6789,69.8861],[18.7638,69.8698],[18.822,69.8861],[18.8582,69.8659],[18.8377,69.8454],[18.8984,69.8481],[18.999,69.8286]]],[[[19.6192,70.0168],[19.6694,70.0173],[19.6848,70.0068],[19.6831,69.9858],[19.5402,69.9516],[19.5086,69.9078],[19.3748,69.8233],[19.1216,69.7878],[19.0436,69.8386],[18.843,69.9033],[18.7643,69.9149],[18.7334,69.9313],[18.7289,69.9478],[18.7693,69.9553],[18.8836,69.9454],[18.9338,69.9695],[18.8447,69.9821],[18.8314,69.9997],[18.8449,70.015],[19.03,70.0372],[19.0739,70.0163],[19.1194,70.0303],[19.0676,70.0615],[19.0642,70.0788],[19.1187,70.0727],[19.2082,70.0986],[19.2267,70.0936],[19.2234,70.0737],[19.2349,70.0651],[19.2991,70.0858],[19.3249,70.0788],[19.2923,70.0312],[19.3926,69.9919],[19.4204,69.9894],[19.4186,70.0137],[19.4385,70.0334],[19.5357,70.0573],[19.575,70.0478],[19.5825,70.0338],[19.5713,70.0031],[19.5823,69.9932],[19.6192,70.0168]]],[[[20.7915,70.0924],[20.7942,70.0678],[20.771,70.0576],[20.6885,70.0714],[20.6026,70.044],[20.5881,70.046],[20.6026,70.0864],[20.5923,70.106],[20.5647,70.1047],[20.565,70.0788],[20.5178,70.0788],[20.5208,70.0623],[20.5067,70.0583],[20.4138,70.0749],[20.3899,70.1027],[20.3997,70.1504],[20.4378,70.1867],[20.5446,70.2085],[20.5614,70.2332],[20.7339,70.2367],[20.8244,70.2099],[20.771,70.1155],[20.7915,70.0924]]],[[[19.9822,70.147],[20.1541,70.1129],[20.0237,70.0924],[20.0364,70.0831],[20.031,70.0754],[19.9782,70.0601],[19.7761,70.0673],[19.7494,70.0856],[19.7476,70.1359],[19.6921,70.1886],[19.6331,70.2193],[19.5593,70.2312],[19.5371,70.2501],[19.5916,70.2501],[19.5884,70.2684],[19.6777,70.2904],[19.7015,70.2501],[19.7905,70.2106],[19.8156,70.1697],[19.845,70.175],[19.8729,70.2159],[19.8914,70.2139],[19.9412,70.1955],[19.9305,70.1767],[19.9382,70.1638],[19.9822,70.147]]],[[[19.8133,70.0026],[19.8565,69.9731],[19.7206,69.8647],[19.4343,69.8405],[19.4427,69.8585],[19.5469,69.9255],[19.6926,69.9636],[19.7743,70.0048],[19.8133,70.0026]]],[[[17.2064,68.8933],[17.2053,68.9133],[17.2249,68.9211],[17.3197,68.9184],[17.4055,68.8923],[17.4404,68.8659],[17.349,68.8351],[17.2998,68.8037],[17.2236,68.793],[17.1782,68.815],[17.1587,68.8659],[17.0872,68.8985],[17.0835,68.9138],[17.1045,68.925],[17.2259,68.8614],[17.2822,68.8585],[17.2064,68.8933]]],[[[16.5662,68.9683],[16.5995,68.9472],[16.6019,68.9312],[16.5833,68.9211],[16.5872,68.8974],[16.4762,68.8858],[16.3949,68.902],[16.2617,68.9683],[16.3063,68.9953],[16.4668,68.9621],[16.5662,68.9683]]],[[[17.0529,68.8175],[17.1457,68.7703],[16.841,68.7254],[16.8167,68.7356],[16.8442,68.7733],[16.911,68.7971],[17.001,68.8586],[17.0156,68.86],[17.0529,68.8175]]],[[[19.2424,70.2009],[19.2502,70.1741],[19.2254,70.1539],[19.2268,70.135],[19.1742,70.1151],[19.1029,70.1169],[18.9959,70.1521],[19.0645,70.1705],[19.0986,70.1579],[19.0979,70.1859],[19.138,70.2017],[19.0915,70.2379],[19.152,70.2375],[19.1683,70.2549],[19.2114,70.2506],[19.2424,70.2009]]],[[[18.6668,70.0276],[18.6572,70.0483],[18.7124,70.0836],[18.7024,70.1114],[18.7214,70.116],[18.7813,70.102],[18.8065,70.0593],[18.8898,70.1061],[18.9756,70.0736],[18.9105,70.0456],[18.7651,70.0192],[18.7017,69.9847],[18.6701,69.999],[18.69,70.0264],[18.6668,70.0276]]],[[[20.9588,70.0031],[21.0994,70.0105],[20.9807,69.9816],[20.9754,69.9627],[20.8919,69.938],[20.8052,69.9484],[20.7605,69.9997],[20.802,70.0375],[20.8599,70.044],[20.9588,70.0031]]],[[[20.7029,69.8888],[20.6966,69.8779],[20.7207,69.8371],[20.7067,69.8173],[20.6062,69.7938],[20.554,69.8005],[20.5267,69.8211],[20.5293,69.8542],[20.5628,69.896],[20.722,69.9041],[20.7029,69.8888]]],[[[17.5471,69.0921],[17.5721,69.0895],[17.5513,69.0812],[17.5389,69.0556],[17.4579,69.0272],[17.419,68.9964],[17.3766,68.9893],[17.3441,69.0032],[17.3644,69.0471],[17.4197,69.0792],[17.5471,69.0921]]],[[[19.5387,70.0937],[19.3587,70.1131],[19.335,70.1279],[19.3665,70.1542],[19.408,70.1621],[19.5733,70.1117],[19.5387,70.0937]]],[[[20.8942,70.0796],[20.8255,70.0731],[20.7988,70.0933],[20.793,70.119],[20.8318,70.1509],[20.8569,70.1449],[20.9148,70.1079],[20.8942,70.0796]]],[[[21.041,70.0613],[21.0466,70.0391],[20.9553,70.0241],[20.9919,70.0515],[21.041,70.0613]]],[[[21.668,69.9484],[21.7362,69.9484],[21.6958,69.9279],[21.668,69.9484]]],[[[19.9002,70.0168],[19.9479,70.0268],[19.9959,70.0168],[19.9002,70.0168]]]]}},{"type":"Feature","id":"Vest-Agder","properties":{"id":"Vest-Agder","iso_code":"NO-10","name":"Vest-Agder","name_full":"Vest-Agder","name_ja":"ヴェスト・アグデル県","center_lonlat":[7.2018,58.4983]},"geometry":{"type":"Polygon","coordinates":[[[8.2246,58.1569],[8.2232,58.1348],[8.2019,58.123],[8.158,58.1445],[8.1229,58.102],[8.0525,58.1132],[8.0246,58.1411],[8.0798,58.1621],[8.0296,58.2248],[8.0041,58.223],[8.0221,58.2028],[8.0223,58.1638],[8.0075,58.1445],[7.9341,58.1094],[7.9563,58.0932],[7.9158,58.0819],[7.696,58.0585],[7.6639,58.0673],[7.6536,58.0646],[7.6609,58.0455],[7.6267,58.0523],[7.6292,58.0312],[7.6148,58.0221],[7.5789,58.0455],[7.5789,58.0175],[7.3906,58.0175],[7.2676,58.036],[7.2498,58.0585],[7.175,58.0312],[7.1555,58.0503],[7.0828,58.0369],[7.076,58.0065],[7.0066,57.9931],[6.9972,57.9971],[6.9994,58.0307],[7.0877,58.0706],[7.1162,58.0585],[7.1475,58.1001],[7.0349,58.0623],[6.9353,58.0455],[6.9961,58.1001],[6.9803,58.1054],[6.9006,58.0523],[6.908,58.1001],[6.8664,58.0796],[6.8042,58.1001],[6.8708,58.1192],[6.95,58.1209],[6.9893,58.1411],[6.8738,58.1348],[6.8015,58.1793],[6.7776,58.182],[6.808,58.1206],[6.7315,58.1199],[6.7156,58.1348],[6.7273,58.1452],[6.7224,58.1894],[6.6882,58.1206],[6.7826,58.0653],[6.6185,58.0683],[6.5305,58.1206],[6.5681,58.1318],[6.597,58.1765],[6.6746,58.182],[6.6541,58.1894],[6.6751,58.207],[6.846,58.2714],[6.803,58.2705],[6.6814,58.223],[6.6336,58.2748],[6.6563,58.3028],[6.6951,58.2919],[6.7088,58.313],[6.6873,58.3273],[6.62,58.3192],[6.6262,58.2447],[6.5623,58.2431],[6.4993,58.2629],[6.3976,58.273],[6.5771,58.3266],[6.6273,58.3668],[6.629,58.4014],[6.5908,58.5202],[6.5978,58.5489],[6.5848,58.6115],[6.5406,58.6276],[6.4875,58.6245],[6.4454,58.6581],[6.5986,58.708],[6.6019,58.7217],[6.5634,58.7603],[6.5166,58.7857],[6.5778,58.8645],[6.582,58.8934],[6.5624,58.9312],[6.8815,59.1352],[6.8819,59.1692],[6.9426,59.2086],[7.0225,59.2058],[7.1834,59.1735],[7.1572,59.1457],[7.1468,59.0975],[7.1583,59.033],[7.1184,59.0192],[7.1611,58.9704],[7.1645,58.9489],[7.0799,58.8818],[7.0647,58.8608],[7.0717,58.8473],[7.1704,58.8368],[7.1986,58.8554],[7.4227,58.8864],[7.594,58.8784],[7.6784,58.788],[7.678,58.7693],[7.6438,58.7105],[7.5858,58.6909],[7.5864,58.6439],[7.619,58.6001],[7.5462,58.5458],[7.5805,58.4804],[7.6837,58.4687],[7.7132,58.4849],[7.765,58.4808],[7.8055,58.459],[7.8137,58.4309],[7.9308,58.3949],[7.9754,58.3451],[8.0355,58.3678],[8.0921,58.3565],[8.1067,58.3258],[8.0927,58.3122],[8.2107,58.2887],[8.2288,58.2538],[8.2257,58.2348],[8.1848,58.1963],[8.2246,58.1569]]]}},{"type":"Feature","id":"Vestfold","properties":{"id":"Vestfold","iso_code":"NO-07","name":"Vestfold","name_full":"Vestfold","name_ja":"ヴェストフォル県","center_lonlat":[10.115,59.3375]},"geometry":{"type":"Polygon","coordinates":[[[10.283,59.6958],[10.3792,59.6584],[10.3949,59.6112],[10.3901,59.5583],[10.3643,59.5258],[10.2373,59.56],[10.2679,59.5251],[10.3313,59.4951],[10.3694,59.4553],[10.4776,59.4296],[10.4803,59.4121],[10.4445,59.3489],[10.5142,59.3029],[10.4871,59.2841],[10.4696,59.2478],[10.3608,59.2713],[10.362,59.2195],[10.3303,59.2097],[10.3137,59.128],[10.2898,59.1346],[10.3069,59.0597],[10.2721,59.1143],[10.2625,59.0386],[10.2244,59.1143],[10.2113,59.0666],[10.2322,59.0404],[10.2278,59.029],[10.175,59.0053],[10.1145,59.0051],[10.1619,59.0275],[10.1634,59.0523],[10.0594,59.0181],[10.0168,59.0337],[10.0334,58.9935],[10.0148,58.9731],[9.9574,58.9567],[9.8462,58.9556],[9.8122,58.9634],[9.8389,58.9719],[9.8452,58.9893],[9.8272,59.0184],[9.8467,59.0373],[9.8552,59.1082],[9.8327,59.169],[9.884,59.2043],[9.8628,59.263],[9.8685,59.2813],[9.7783,59.3487],[9.7701,59.3688],[9.7827,59.4322],[9.7739,59.4771],[9.7849,59.492],[10.0658,59.4998],[10.0257,59.5493],[9.9324,59.6075],[9.9295,59.6283],[9.9494,59.6434],[10.033,59.6846],[10.0714,59.6652],[10.1285,59.6907],[10.283,59.6958]]]}},{"type":"Feature","id":"Østfold","properties":{"id":"Østfold","iso_code":"NO-01","name":"Østfold","name_full":"Østfold","name_ja":"エストフォル県","center_lonlat":[11.3068,59.3841]},"geometry":{"type":"MultiPolygon","coordinates":[[[[11.8837,59.8054],[11.9035,59.77],[11.8917,59.7058],[11.8284,59.6597],[11.6937,59.6223],[11.6749,59.6071],[11.6774,59.5591],[11.784,59.3606],[11.8117,59.2497],[11.7756,59.2025],[11.7485,59.1401],[11.7453,59.0922],[11.6644,58.9201],[11.6116,58.8932],[11.5471,58.8847],[11.452,58.896],[11.4532,58.9605],[11.3893,59.0808],[11.3446,59.1114],[11.1824,59.116],[11.1747,59.1409],[11.2067,59.1457],[11.1786,59.165],[11.1764,59.1968],[11.1355,59.1832],[11.1531,59.1625],[11.1355,59.1422],[11.1188,59.1423],[11.0877,59.1758],[11.0991,59.1342],[11.0911,59.128],[11.0325,59.128],[11.0398,59.1437],[10.9983,59.1723],[10.9485,59.1833],[10.9362,59.1832],[10.944,59.1493],[10.9164,59.1422],[10.9006,59.164],[10.9021,59.1968],[10.8503,59.1804],[10.8412,59.1614],[10.8229,59.164],[10.802,59.1888],[10.7791,59.1894],[10.7842,59.2063],[10.7664,59.2318],[10.773,59.2521],[10.7381,59.2167],[10.7332,59.2409],[10.7791,59.3129],[10.7347,59.3341],[10.7007,59.3067],[10.6741,59.3157],[10.6428,59.3749],[10.6597,59.4002],[10.5916,59.4306],[10.6564,59.4979],[10.6611,59.4733],[10.6489,59.4438],[10.6751,59.4409],[10.6904,59.4631],[10.688,59.4836],[10.7664,59.5171],[10.8202,59.5788],[10.8917,59.6264],[10.9005,59.6463],[10.9521,59.6707],[10.9819,59.7194],[11.2553,59.7179],[11.2669,59.7864],[11.2897,59.787],[11.3554,59.7652],[11.4002,59.7125],[11.4808,59.6868],[11.5036,59.66],[11.4879,59.6358],[11.5227,59.6258],[11.6397,59.7045],[11.6844,59.7132],[11.7052,59.7328],[11.7152,59.766],[11.7502,59.7867],[11.8837,59.8054]]],[[[11.0703,59.0793],[11.0824,59.0679],[11.0516,59.0461],[11.0464,59.0268],[11.0182,59.0194],[10.9915,59.0336],[11.0033,59.0865],[11.0344,59.0889],[11.0476,59.0732],[11.0703,59.0793]]],[[[10.9105,59.1164],[10.9144,59.1007],[10.8838,59.0722],[10.8457,59.0758],[10.8291,59.0994],[10.8555,59.1154],[10.8679,59.1133],[10.8573,59.0991],[10.9105,59.1164]]]]}}]}
