{"type":"FeatureCollection","features":[{"type":"Feature","id":"Abra","properties":{"id":"Abra","iso_code":"PH-ABR","name":"Abra","name_full":"Abra","name_ja":"アブラ","center_lonlat":[120.8073,17.5775]},"geometry":{"type":"Polygon","coordinates":[[[120.9385,17.9671],[120.9811,17.9457],[121.0055,17.8644],[121.0256,17.8388],[121.0847,17.8347],[121.1029,17.8162],[121.1268,17.6835],[121.0995,17.6612],[121.1176,17.5756],[121.1035,17.5463],[121.0081,17.4898],[120.983,17.366],[120.9148,17.2493],[120.9073,17.2038],[120.8738,17.1821],[120.813,17.2118],[120.754,17.1585],[120.7304,17.1557],[120.6861,17.1985],[120.6748,17.2615],[120.6273,17.2732],[120.612,17.2999],[120.5726,17.3056],[120.5355,17.3383],[120.5338,17.3673],[120.5858,17.4509],[120.5858,17.4798],[120.5504,17.4999],[120.4672,17.4992],[120.4828,17.588],[120.539,17.7037],[120.6182,17.819],[120.6988,17.8466],[120.7437,17.8926],[120.8278,17.9435],[120.9179,17.9485],[120.9385,17.9671]]]}},{"type":"Feature","id":"Agusan del Norte","properties":{"id":"Agusan del Norte","iso_code":"PH-AGN","name":"Agusan del Norte","name_full":"Agusan del Norte","name_ja":"北アグサン","center_lonlat":[125.6225,9.2425]},"geometry":{"type":"MultiPolygon","coordinates":[[[[125.5166,9.0159],[125.5407,9.0841],[125.542,9.1892],[125.5029,9.3292],[125.4663,9.4084],[125.4653,9.4447],[125.5496,9.4642],[125.6778,9.4371],[125.7446,9.3594],[125.7292,9.3133],[125.7366,9.2506],[125.767,9.2124],[125.7096,9.0148],[125.5166,9.0159]]],[[[125.2036,9.0819],[125.2185,9.0881],[125.2887,9.0004],[125.4412,8.9804],[125.4619,8.8766],[125.5133,8.797],[125.6737,8.8009],[125.7067,8.7274],[125.7034,8.7127],[125.6623,8.6873],[125.5347,8.6997],[125.4893,8.6761],[125.4318,8.5969],[125.3207,8.5898],[125.3169,8.6751],[125.2925,8.738],[125.291,8.7825],[125.3233,8.8856],[125.2336,8.9878],[125.2077,9.0323],[125.2036,9.0819]]]]}},{"type":"Feature","id":"Agusan del Sur","properties":{"id":"Agusan del Sur","iso_code":"PH-AGS","name":"Agusan del Sur","name_full":"Agusan del Sur","name_ja":"南アグサン","center_lonlat":[125.7549,8.3854]},"geometry":{"type":"Polygon","coordinates":[[[126.2912,7.9958],[126.183,7.995],[125.6754,7.9967],[125.3743,7.9978],[125.3601,8.1242],[125.3239,8.2133],[125.3318,8.2665],[125.3143,8.3234],[125.3041,8.4415],[125.3207,8.5898],[125.4318,8.5969],[125.4893,8.6761],[125.5347,8.6997],[125.6623,8.6873],[125.7034,8.7127],[125.7067,8.7274],[125.6737,8.8009],[125.6621,8.8766],[125.7096,9.0148],[125.767,9.2124],[125.8025,9.111],[125.8021,8.9667],[125.8492,8.951],[125.8738,8.8791],[125.9515,8.8011],[125.9523,8.7551],[126.0326,8.6676],[126.0221,8.6216],[125.9913,8.5689],[125.9982,8.5318],[126.0557,8.4357],[126.069,8.3907],[126.1004,8.3729],[126.2228,8.3488],[126.205,8.2148],[126.2175,8.154],[126.278,8.0532],[126.2912,7.9958]]]}},{"type":"Feature","id":"Aklan","properties":{"id":"Aklan","iso_code":"PH-AKL","name":"Aklan","name_full":"Aklan","name_ja":"アクラン","center_lonlat":[122.2645,11.6016]},"geometry":{"type":"Polygon","coordinates":[[[121.8539,11.7694],[121.889,11.8193],[121.8968,11.8938],[121.9637,11.9339],[122.0303,11.8963],[122.0944,11.8347],[122.2287,11.7997],[122.3221,11.7423],[122.388,11.7274],[122.4408,11.6575],[122.5125,11.5981],[122.5723,11.5749],[122.5922,11.5543],[122.5318,11.4962],[122.5142,11.4624],[122.3844,11.4607],[122.3578,11.3679],[122.3322,11.344],[122.1799,11.3212],[122.1824,11.3828],[122.165,11.4015],[122.172,11.4206],[122.1243,11.4826],[122.1502,11.541],[122.1367,11.5615],[122.146,11.6012],[122.1376,11.6524],[122.1637,11.7108],[122.1457,11.7549],[122.0355,11.8224],[121.9806,11.8313],[121.9283,11.8156],[121.8539,11.7694]]]}},{"type":"Feature","id":"Albay","properties":{"id":"Albay","iso_code":"PH-ALB","name":"Albay","name_full":"Albay","name_ja":"アルバイ","center_lonlat":[123.5684,13.2101]},"geometry":{"type":"MultiPolygon","coordinates":[[[[123.5936,13.5295],[123.6672,13.4856],[123.7254,13.4099],[123.7434,13.3403],[123.7946,13.3084],[123.8215,13.2429],[123.8255,13.2602],[123.8362,13.2561],[123.8556,13.2287],[123.7676,13.2243],[123.7495,13.1547],[123.7702,13.1108],[123.7681,13.0985],[123.7458,13.0921],[123.7458,13.0642],[123.7754,13.0508],[123.7977,13.0552],[123.8709,13.1429],[123.8945,13.1435],[123.9354,13.1185],[123.908,13.0541],[123.7887,13.0308],[123.6569,13.0447],[123.5523,13.0177],[123.4962,12.9744],[123.4413,13.0369],[123.385,13.0441],[123.3101,13.0124],[123.3008,13.0198],[123.279,13.1202],[123.3052,13.1986],[123.2925,13.2447],[123.447,13.3783],[123.4825,13.3651],[123.4987,13.3804],[123.5529,13.3654],[123.5787,13.3776],[123.5924,13.4454],[123.545,13.5054],[123.5663,13.5275],[123.5936,13.5295]]],[[[124.0863,13.2604],[124.0254,13.222],[123.9393,13.2445],[123.9124,13.2886],[124.0169,13.2803],[124.0326,13.2668],[124.0477,13.279],[124.0863,13.2604]]],[[[123.8903,13.2741],[123.9019,13.2383],[123.8735,13.2296],[123.846,13.2703],[123.8511,13.3176],[123.8368,13.3447],[123.8489,13.3542],[123.9221,13.33],[123.8903,13.2741]]],[[[124.1486,13.1858],[124.0979,13.1924],[124.0656,13.2108],[124.1388,13.2342],[124.1979,13.213],[124.2096,13.1958],[124.2092,13.1782],[124.1968,13.1733],[124.1486,13.1858]]],[[[123.8015,13.366],[123.7717,13.4035],[123.8456,13.3678],[123.8231,13.352],[123.8015,13.366]]]]}},{"type":"Feature","id":"Angeles","properties":{"id":"Angeles","iso_code":"PH-PAM","name":"Angeles","name_full":"Angeles","name_ja":"アンヘレス","center_lonlat":[120.5911,15.1453]},"geometry":{"type":"Polygon","coordinates":[[[120.637,15.1789],[120.637,15.1163],[120.5926,15.1032],[120.5534,15.1346],[120.5117,15.145],[120.5691,15.1763],[120.637,15.1789]]]}},{"type":"Feature","id":"Antique","properties":{"id":"Antique","iso_code":"PH-ANT","name":"Antique","name_full":"Antique","name_ja":"アンティーケ","center_lonlat":[122.1034,11.0891]},"geometry":{"type":"MultiPolygon","coordinates":[[[[122.0332,10.4609],[121.9821,10.4302],[121.9497,10.4332],[121.9297,10.4666],[121.9325,10.5087],[121.9849,10.6249],[121.978,10.7102],[121.937,10.7757],[121.978,10.9055],[122.0451,11.0174],[122.0531,11.2338],[122.0418,11.3004],[122.0661,11.3602],[122.0736,11.4774],[122.0857,11.4946],[122.1072,11.6579],[122.0845,11.7247],[121.8539,11.7694],[121.9283,11.8156],[121.9806,11.8313],[122.0355,11.8224],[122.1457,11.7549],[122.1637,11.7108],[122.1376,11.6524],[122.146,11.6012],[122.1367,11.5615],[122.1502,11.541],[122.1243,11.4826],[122.172,11.4206],[122.165,11.4015],[122.1824,11.3828],[122.1799,11.3212],[122.1982,11.2043],[122.2403,11.1568],[122.319,11.0779],[122.3309,11.0527],[122.3184,10.9998],[122.2901,10.9779],[122.2865,10.9393],[122.2299,10.8827],[122.1785,10.7698],[122.076,10.6897],[122.0348,10.6371],[122.006,10.4921],[122.0096,10.4733],[122.0332,10.4609]]],[[[121.4064,12.0624],[121.4138,12.0146],[121.3843,12.0009],[121.3643,12.0273],[121.3587,12.1147],[121.4064,12.0624]]],[[[121.4741,11.8668],[121.5261,11.8466],[121.4954,11.8278],[121.4126,11.8403],[121.4256,11.8612],[121.4741,11.8668]]]]}},{"type":"Feature","id":"Apayao","properties":{"id":"Apayao","iso_code":"PH-APA","name":"Apayao","name_full":"Apayao","name_ja":"アパヤオ","center_lonlat":[121.1913,18.1046]},"geometry":{"type":"Polygon","coordinates":[[[120.9385,17.9671],[120.9414,18.0979],[120.9821,18.1702],[120.9708,18.1935],[120.9175,18.2221],[120.9092,18.2407],[120.9537,18.2915],[120.9458,18.3763],[120.9571,18.4468],[120.9995,18.4682],[121.0728,18.5362],[121.0868,18.5303],[121.1003,18.4849],[121.1255,18.4668],[121.2785,18.4113],[121.457,18.3019],[121.4786,18.2704],[121.4847,18.1859],[121.4616,18.0983],[121.3593,17.8951],[121.3184,17.8426],[121.319,17.8235],[121.3415,17.8071],[121.3866,17.8013],[121.4007,17.7884],[121.4288,17.7176],[121.219,17.6824],[121.1268,17.6835],[121.1029,17.8162],[121.0847,17.8347],[121.0256,17.8388],[121.0055,17.8644],[120.9811,17.9457],[120.9385,17.9671]]]}},{"type":"Feature","id":"Aurora","properties":{"id":"Aurora","iso_code":"PH-AUR","name":"Aurora","name_full":"Aurora","name_ja":"アウロラ","center_lonlat":[121.5035,15.9169]},"geometry":{"type":"Polygon","coordinates":[[[122.2446,16.5106],[122.2319,16.4665],[122.2043,16.4348],[122.2176,16.3948],[122.2319,16.4153],[122.1919,16.3174],[122.1971,16.2917],[122.2319,16.319],[122.2039,16.2638],[122.2039,16.2365],[122.1773,16.2303],[122.077,16.1327],[122.0593,16.0778],[121.9979,16.0311],[121.9917,16.0385],[122.0335,16.1171],[122.0811,16.1484],[122.1016,16.2078],[122.1326,16.2255],[122.1353,16.2607],[122.0874,16.2553],[122.0669,16.1901],[122.0505,16.1809],[121.9548,16.1391],[121.8682,16.1204],[121.8299,16.0904],[121.7523,16.0769],[121.6423,15.9696],[121.5933,15.9449],[121.5674,15.9157],[121.553,15.8529],[121.5746,15.7744],[121.6318,15.757],[121.6423,15.7369],[121.5945,15.6747],[121.6292,15.6611],[121.5737,15.6273],[121.5615,15.5914],[121.4876,15.5204],[121.4641,15.4215],[121.4263,15.3738],[121.3899,15.3779],[121.3792,15.3082],[121.3911,15.2663],[121.4462,15.2079],[121.4095,15.202],[121.3846,15.161],[121.3962,15.1607],[121.4032,15.1371],[121.3946,15.1028],[121.3559,15.0554],[121.3568,15.0287],[121.3301,15.0324],[121.2937,15.0741],[121.3091,15.1336],[121.3026,15.1815],[121.3684,15.4707],[121.2673,15.7776],[121.4477,15.9243],[121.8724,16.2819],[122.0375,16.5076],[122.2446,16.5106]]]}},{"type":"Feature","id":"Bacolod","properties":{"id":"Bacolod","iso_code":"PH-BCD","name":"Bacolod","name_full":"Bacolod","name_ja":"バコロド","center_lonlat":[122.9946,10.66]},"geometry":{"type":"Polygon","coordinates":[[[122.9199,10.6183],[122.9758,10.7424],[123.0678,10.6809],[123.0249,10.5926],[122.9199,10.6183]]]}},{"type":"Feature","id":"Baguio","properties":{"id":"Baguio","iso_code":"PH-BEN","name":"Baguio","name_full":"Baguio","name_ja":"バギオ","center_lonlat":[120.6116,16.3959]},"geometry":{"type":"Polygon","coordinates":[[[120.5639,16.4346],[120.6448,16.432],[120.6526,16.3536],[120.5847,16.3589],[120.5639,16.4346]]]}},{"type":"Feature","id":"Basilan","properties":{"id":"Basilan","iso_code":"PH-BAS","name":"Basilan","name_full":"Basilan","name_ja":"バシラン","center_lonlat":[122.0612,6.5626]},"geometry":{"type":"MultiPolygon","coordinates":[[[[122.0492,6.7398],[122.0752,6.7398],[122.106,6.7156],[122.1528,6.7046],[122.1687,6.6816],[122.2354,6.6662],[122.3352,6.6033],[122.3213,6.5886],[122.2354,6.5712],[122.2087,6.5288],[122.1886,6.4511],[122.0576,6.4139],[121.9622,6.4049],[121.95,6.4445],[121.8801,6.5032],[121.875,6.5749],[121.8145,6.5929],[121.8108,6.6452],[121.8392,6.6689],[121.9202,6.6757],[121.9298,6.6434],[121.9489,6.6386],[121.9652,6.5792],[122.099,6.5867],[122.0567,6.6727],[122.0492,6.7398]]],[[[121.6289,6.6574],[121.6289,6.5886],[121.6164,6.5614],[121.5825,6.6317],[121.6167,6.6723],[121.6289,6.6574]]]]}},{"type":"Feature","id":"Bataan","properties":{"id":"Bataan","iso_code":"PH-BAN","name":"Bataan","name_full":"Bataan","name_ja":"バターン","center_lonlat":[120.4419,14.6648]},"geometry":{"type":"Polygon","coordinates":[[[120.5454,14.8271],[120.5393,14.7028],[120.5822,14.6483],[120.575,14.6216],[120.5979,14.5056],[120.5884,14.467],[120.5646,14.4412],[120.4915,14.4421],[120.4671,14.421],[120.4559,14.4388],[120.4021,14.4558],[120.382,14.4803],[120.3816,14.5681],[120.3674,14.6208],[120.3264,14.6475],[120.2969,14.6448],[120.2532,14.6986],[120.2424,14.7296],[120.2726,14.7471],[120.2439,14.767],[120.2825,14.8061],[120.2968,14.8024],[120.342,14.8421],[120.4224,14.864],[120.4549,14.9141],[120.4601,14.9415],[120.4832,14.8723],[120.5454,14.8271]]]}},{"type":"Feature","id":"Batanes","properties":{"id":"Batanes","iso_code":"PH-BTN","name":"Batanes","name_full":"Batanes","name_ja":"バタネス","center_lonlat":[121.8368,20.7596]},"geometry":{"type":"MultiPolygon","coordinates":[[[[121.8772,20.7703],[121.8298,20.699],[121.8034,20.6911],[121.7864,20.7031],[121.8054,20.759],[121.8558,20.8383],[121.8792,20.814],[121.8772,20.7703]]],[[[122.0098,20.4885],[122.0276,20.4811],[122.0324,20.4641],[121.9637,20.4066],[121.9712,20.3685],[121.939,20.3487],[121.9221,20.3542],[121.9224,20.3933],[121.966,20.4606],[122.0098,20.4885]]],[[[121.8416,20.346],[121.8594,20.3474],[121.8932,20.3137],[121.8693,20.2762],[121.8508,20.2734],[121.8416,20.346]]]]}},{"type":"Feature","id":"Batangas","properties":{"id":"Batangas","iso_code":"PH-BTG","name":"Batangas","name_full":"Batangas","name_ja":"バタンガス","center_lonlat":[121.0358,13.9043]},"geometry":{"type":"MultiPolygon","coordinates":[[[[121.4546,13.8192],[121.4334,13.7964],[121.4363,13.701],[121.4641,13.6948],[121.43,13.6569],[121.3748,13.6675],[121.2788,13.595],[121.1587,13.6395],[121.0804,13.6191],[121.0389,13.6328],[121.0535,13.7221],[121.0398,13.7587],[121.0038,13.7809],[120.981,13.7805],[120.9031,13.6929],[120.8875,13.6935],[120.8807,13.7169],[120.9058,13.7556],[120.926,13.7617],[120.929,13.7836],[120.9092,13.8046],[120.9124,13.8818],[120.8767,13.9123],[120.7459,13.9338],[120.7048,13.9274],[120.7009,13.8961],[120.7229,13.8554],[120.6623,13.8593],[120.6526,13.8455],[120.6634,13.7754],[120.6281,13.8109],[120.6184,13.9316],[120.6013,13.9691],[120.6348,13.9916],[120.6174,14.0179],[120.6195,14.1042],[120.6078,14.1249],[120.5803,14.133],[120.5974,14.1569],[120.5735,14.1745],[120.6013,14.1814],[120.5872,14.2003],[120.5967,14.2188],[120.664,14.2122],[120.6867,14.1924],[120.6868,14.1696],[120.7054,14.1474],[120.7884,14.1104],[120.8154,14.1099],[120.8689,14.0761],[120.9834,14.1049],[121.0239,14.1265],[121.033,14.144],[121.1297,14.1494],[121.181,14.1385],[121.2054,14.1116],[121.2237,14.0059],[121.2637,13.9845],[121.2645,13.9615],[121.3198,13.8984],[121.3955,13.8422],[121.4546,13.8192]]],[[[120.9098,13.6589],[120.936,13.6516],[120.9351,13.6382],[120.9102,13.6275],[120.8755,13.6348],[120.8408,13.6556],[120.8264,13.6883],[120.8458,13.6721],[120.9098,13.6589]]],[[[121.0886,13.5303],[121.0435,13.5676],[121.0858,13.5706],[121.0886,13.5303]]]]}},{"type":"Feature","id":"Benguet","properties":{"id":"Benguet","iso_code":"PH-BEN","name":"Benguet","name_full":"Benguet","name_ja":"ベンゲット","center_lonlat":[120.7057,16.5314]},"geometry":{"type":"Polygon","coordinates":[[[120.526,16.2321],[120.4885,16.3441],[120.472,16.4638],[120.4829,16.5162],[120.5143,16.5665],[120.595,16.6526],[120.6188,16.6939],[120.6378,16.8601],[120.6622,16.8958],[120.7735,16.921],[120.8509,16.8463],[120.8794,16.7987],[120.9026,16.5974],[120.9065,16.4612],[120.8915,16.39],[120.8565,16.3254],[120.7987,16.3123],[120.7769,16.2906],[120.7545,16.2305],[120.7566,16.2007],[120.6705,16.1869],[120.526,16.2321]],[[120.6526,16.3536],[120.6448,16.432],[120.5639,16.4346],[120.5847,16.3589],[120.6526,16.3536]]]}},{"type":"Feature","id":"Biliran","properties":{"id":"Biliran","iso_code":"PH-BIL","name":"Biliran","name_full":"Biliran","name_ja":"ビリラン","center_lonlat":[124.4937,11.5885]},"geometry":{"type":"Polygon","coordinates":[[[124.5996,11.5634],[124.6214,11.5539],[124.625,11.5327],[124.6091,11.4866],[124.4863,11.4882],[124.4727,11.4739],[124.4133,11.5465],[124.3765,11.6459],[124.3491,11.6801],[124.4309,11.6951],[124.5232,11.6863],[124.556,11.6602],[124.5996,11.5634]]]}},{"type":"Feature","id":"Bohol","properties":{"id":"Bohol","iso_code":"PH-BOH","name":"Bohol","name_full":"Bohol","name_ja":"ボホール","center_lonlat":[124.2224,9.8555]},"geometry":{"type":"MultiPolygon","coordinates":[[[[124.5653,9.8708],[124.5498,9.8616],[124.624,9.8018],[124.5962,9.7373],[124.5204,9.7404],[124.5144,9.767],[124.4998,9.7683],[124.4295,9.715],[124.4105,9.6584],[124.3818,9.6367],[124.2942,9.6068],[124.0652,9.5954],[123.9375,9.6175],[123.8718,9.645],[123.863,9.6619],[123.8739,9.7211],[123.863,9.7342],[123.8079,9.74],[123.801,9.7578],[123.8284,9.8428],[123.8758,9.8869],[123.8861,9.9149],[123.9167,9.9151],[123.9314,9.939],[124.0508,9.9793],[124.0752,10.0483],[124.1159,10.0653],[124.1162,10.0898],[124.1672,10.1374],[124.2227,10.1519],[124.3313,10.1615],[124.3496,10.151],[124.356,10.1103],[124.3968,10.1519],[124.4191,10.1068],[124.4308,10.1102],[124.4898,10.0626],[124.52,10.0642],[124.5776,10.0339],[124.5886,10.0239],[124.5842,9.9809],[124.5809,9.9722],[124.5687,9.9875],[124.5562,9.9257],[124.5846,9.8777],[124.5653,9.8708]]],[[[123.8413,9.6424],[123.8683,9.6205],[123.8045,9.5603],[123.7498,9.5541],[123.7263,9.587],[123.7819,9.6235],[123.8413,9.6424]]],[[[124.6069,10.1403],[124.5977,10.0942],[124.561,10.0858],[124.5404,10.0609],[124.5296,10.0685],[124.5218,10.112],[124.5928,10.1452],[124.6069,10.1403]]]]}},{"type":"Feature","id":"Bukidnon","properties":{"id":"Bukidnon","iso_code":"PH-BUK","name":"Bukidnon","name_full":"Bukidnon","name_ja":"ブキドノン","center_lonlat":[125.0112,8.0361]},"geometry":{"type":"Polygon","coordinates":[[[125.3207,8.5898],[125.3041,8.4415],[125.3143,8.3234],[125.3318,8.2665],[125.3239,8.2133],[125.3601,8.1242],[125.3743,7.9978],[125.4113,7.9151],[125.4405,7.8053],[125.4348,7.7081],[125.4003,7.6666],[125.3037,7.6784],[125.2889,7.5958],[125.266,7.5784],[125.2301,7.5853],[125.2017,7.5667],[125.1384,7.4997],[125.0755,7.4714],[125.06,7.4248],[124.9936,7.3899],[124.9327,7.426],[124.8993,7.4097],[124.8897,7.4157],[124.8622,7.5237],[124.8181,7.5723],[124.8086,7.6111],[124.7656,7.6513],[124.7049,7.7764],[124.6609,7.8311],[124.6315,7.8461],[124.6045,7.9219],[124.6672,7.9377],[124.6712,7.96],[124.6297,8.0075],[124.5598,8.1189],[124.5725,8.2372],[124.6198,8.4136],[124.7852,8.403],[124.8211,8.4122],[124.8256,8.5156],[124.8618,8.5685],[124.9025,8.5927],[125.3207,8.5898]]]}},{"type":"Feature","id":"Bulacan","properties":{"id":"Bulacan","iso_code":"PH-BUL","name":"Bulacan","name_full":"Bulacan","name_ja":"ブラカン","center_lonlat":[121.0514,14.9677]},"geometry":{"type":"Polygon","coordinates":[[[120.9162,14.6944],[120.9024,14.7189],[120.8472,14.7437],[120.8406,14.7612],[120.6638,14.779],[120.7265,14.894],[120.8299,14.9367],[120.8839,14.9847],[120.8751,15.0026],[120.9051,15.0152],[120.9409,15.1102],[120.9388,15.1432],[120.9198,15.1665],[120.9377,15.2207],[121.1177,15.2601],[121.1636,15.245],[121.2523,15.1825],[121.3026,15.1815],[121.3091,15.1336],[121.2937,15.0741],[121.3301,15.0324],[121.3421,14.8893],[121.3081,14.8905],[121.2684,14.8486],[121.2058,14.8264],[121.1543,14.7584],[121.1158,14.7528],[121.0583,14.7667],[121.009,14.7395],[120.9672,14.7071],[120.9319,14.721],[120.9533,14.6889],[120.9548,14.6792],[120.934,14.6934],[120.9162,14.6944]]]}},{"type":"Feature","id":"Butuan","properties":{"id":"Butuan","iso_code":"PH-AGN","name":"Butuan","name_full":"Butuan","name_ja":"ブトゥアン","center_lonlat":[125.5732,8.9139]},"geometry":{"type":"Polygon","coordinates":[[[125.4412,8.9804],[125.5166,9.0159],[125.7096,9.0148],[125.6621,8.8766],[125.6737,8.8009],[125.5133,8.797],[125.4619,8.8766],[125.4412,8.9804]]]}},{"type":"Feature","id":"Cagayan","properties":{"id":"Cagayan","iso_code":"PH-CAG","name":"Cagayan","name_full":"Cagayan","name_ja":"カガヤン","center_lonlat":[121.767,18.0266]},"geometry":{"type":"MultiPolygon","coordinates":[[[[120.9951,18.6061],[121.073,18.6218],[121.1068,18.6427],[121.1707,18.6255],[121.2663,18.5549],[121.5261,18.4226],[121.5466,18.3992],[121.5921,18.3847],[121.6497,18.314],[121.6346,18.3345],[121.645,18.3695],[121.8955,18.2792],[121.9746,18.286],[122.0396,18.3202],[122.0786,18.3795],[122.1193,18.403],[122.1528,18.5188],[122.2354,18.5154],[122.2517,18.4431],[122.3171,18.3774],[122.325,18.3366],[122.3202,18.2925],[122.2886,18.2182],[122.1698,18.1005],[122.1834,17.9844],[122.1358,17.7373],[122.1563,17.7069],[122.1566,17.6193],[122.1846,17.5413],[121.8876,17.5426],[121.8208,17.5238],[121.6529,17.5182],[121.5664,17.5634],[121.4288,17.7176],[121.4007,17.7884],[121.3866,17.8013],[121.3415,17.8071],[121.319,17.8235],[121.3184,17.8426],[121.3593,17.8951],[121.4616,18.0983],[121.4847,18.1859],[121.4786,18.2704],[121.457,18.3019],[121.2785,18.4113],[121.1255,18.4668],[121.1003,18.4849],[121.0868,18.5303],[121.0728,18.5362],[120.9995,18.4682],[120.9571,18.4468],[120.9732,18.5543],[120.9951,18.6061]]],[[[121.5261,19.3207],[121.5467,19.2829],[121.5187,19.2791],[121.4983,19.2593],[121.3989,19.3034],[121.3508,19.3759],[121.3958,19.4033],[121.471,19.3821],[121.5166,19.3935],[121.5261,19.3207]]],[[[121.9712,18.9849],[121.9891,18.9491],[121.9626,18.9387],[121.8657,18.8219],[121.8342,18.8343],[121.8411,18.8681],[121.8748,18.9008],[121.8539,18.9235],[121.8926,18.9965],[121.9466,19.0122],[121.9712,18.9849]]],[[[121.3884,18.903],[121.4299,18.9056],[121.4778,18.8819],[121.4067,18.8508],[121.3186,18.8432],[121.2791,18.862],[121.28,18.8806],[121.3884,18.903]]],[[[121.2109,19.1767],[121.2298,19.1592],[121.2522,19.0813],[121.259,19.0457],[121.245,19.0185],[121.1968,19.0655],[121.1903,19.0873],[121.2109,19.1767]]],[[[121.9773,19.5774],[121.9979,19.5603],[121.978,19.4988],[121.9471,19.4968],[121.8982,19.5368],[121.9002,19.5592],[121.95,19.5603],[121.9773,19.5774]]]]}},{"type":"Feature","id":"Cagayan de Oro","properties":{"id":"Cagayan de Oro","iso_code":"PH-MSR","name":"Cagayan de Oro","name_full":"Cagayan de Oro","name_ja":"カガヤン・デ・オロ","center_lonlat":[124.6277,8.4177]},"geometry":{"type":"Polygon","coordinates":[[[124.5715,8.5281],[124.6575,8.5146],[124.6365,8.4543],[124.6433,8.432],[124.6631,8.4758],[124.7122,8.473],[124.7532,8.5002],[124.7532,8.5617],[124.8256,8.5156],[124.8211,8.4122],[124.7852,8.403],[124.6198,8.4136],[124.5725,8.2372],[124.5473,8.2443],[124.5216,8.2901],[124.4366,8.3495],[124.5378,8.4386],[124.5405,8.4691],[124.5101,8.4774],[124.5715,8.5281]]]}},{"type":"Feature","id":"Caloocan","properties":{"id":"Caloocan","iso_code":"PH-MNL","name":"Caloocan","name_full":"Caloocan","name_ja":"カローカン","center_lonlat":[121.0556,14.7388]},"geometry":{"type":"MultiPolygon","coordinates":[[[[121.1158,14.7528],[121.0891,14.728],[121.0507,14.725],[121.0261,14.7081],[121.0256,14.6948],[121.011,14.7032],[121.0187,14.7248],[121.009,14.7395],[121.0583,14.7667],[121.1158,14.7528]]],[[[120.9687,14.6365],[120.9717,14.6507],[120.9997,14.6533],[121.0045,14.6645],[121.0356,14.6792],[121.001,14.6274],[120.9769,14.6283],[120.9687,14.6365]]]]}},{"type":"Feature","id":"Camarines Norte","properties":{"id":"Camarines Norte","iso_code":"PH-CAN","name":"Camarines Norte","name_full":"Camarines Norte","name_ja":"北カマリネス","center_lonlat":[122.7272,14.1466]},"geometry":{"type":"Polygon","coordinates":[[[122.31,14.0963],[122.3457,14.1313],[122.3313,14.2003],[122.344,14.2069],[122.3555,14.1951],[122.348,14.2224],[122.3768,14.2285],[122.3662,14.2615],[122.3889,14.3049],[122.3945,14.2915],[122.4037,14.2954],[122.4163,14.3248],[122.4312,14.3181],[122.4832,14.3467],[122.5193,14.3248],[122.5051,14.3459],[122.5278,14.3487],[122.6012,14.3248],[122.6047,14.3013],[122.6223,14.3112],[122.6443,14.2847],[122.6497,14.2975],[122.6907,14.2912],[122.6743,14.3161],[122.6799,14.3505],[122.6975,14.3384],[122.7043,14.3459],[122.7217,14.3157],[122.7351,14.3135],[122.7527,14.3322],[122.7844,14.317],[122.8026,14.2872],[122.8733,14.2652],[122.9036,14.2292],[122.9031,14.2112],[122.9308,14.2019],[123.0122,14.1057],[123.0422,14.098],[123.0332,14.0231],[123.0816,13.989],[123.0884,13.9014],[123.0606,13.873],[123.0488,13.822],[122.9975,13.8953],[122.9237,13.9649],[122.8159,13.9937],[122.4798,14.1508],[122.4357,14.1479],[122.3299,14.078],[122.3095,14.0801],[122.31,14.0963]]]}},{"type":"Feature","id":"Camarines Sur","properties":{"id":"Camarines Sur","iso_code":"PH-CAS","name":"Camarines Sur","name_full":"Camarines Sur","name_ja":"南カマリネス","center_lonlat":[123.2609,13.6974]},"geometry":{"type":"MultiPolygon","coordinates":[[[[123.0488,13.822],[123.0498,13.7758],[123.1082,13.7221],[123.1367,13.7328],[123.2147,13.7289],[123.2666,13.7494],[123.315,13.8205],[123.2803,13.9064],[123.3255,13.94],[123.3355,13.9822],[123.3125,13.9408],[123.29,13.9346],[123.2346,13.9638],[123.2181,13.9927],[123.2542,14.0137],[123.2388,14.0231],[123.259,14.0312],[123.2523,14.0681],[123.3143,14.0511],[123.3008,14.0715],[123.3355,14.0715],[123.3318,14.0995],[123.3533,14.0794],[123.3622,14.0436],[123.3454,14.0395],[123.3464,14.0163],[123.3901,14.0373],[123.3758,14.0101],[123.3963,14.0101],[123.4173,13.9064],[123.4437,13.9414],[123.4447,13.9617],[123.4778,13.9505],[123.4925,13.9207],[123.5388,13.925],[123.6814,13.8847],[123.7117,13.9344],[123.7653,13.8643],[123.883,13.7978],[123.9314,13.7904],[123.9688,13.7401],[123.9655,13.7147],[123.9375,13.7426],[123.9246,13.7289],[123.8594,13.7426],[123.7974,13.688],[123.7429,13.7104],[123.6667,13.7183],[123.648,13.7036],[123.5881,13.7289],[123.5705,13.723],[123.5266,13.606],[123.5389,13.601],[123.5363,13.5633],[123.5608,13.5712],[123.5936,13.5295],[123.5663,13.5275],[123.545,13.5054],[123.5924,13.4454],[123.5787,13.3776],[123.5529,13.3654],[123.4987,13.3804],[123.4825,13.3651],[123.447,13.3783],[123.2925,13.2447],[123.2473,13.2792],[123.1909,13.359],[123.197,13.3865],[123.1688,13.4492],[123.0652,13.5018],[122.972,13.5275],[122.8591,13.6061],[122.8147,13.6538],[122.8626,13.6948],[122.7893,13.7685],[122.7527,13.7836],[122.7715,13.791],[122.7669,13.7995],[122.6907,13.832],[122.6787,13.8208],[122.6532,13.8261],[122.6428,13.8388],[122.653,13.8624],[122.6227,13.892],[122.5845,13.9064],[122.5721,13.935],[122.558,13.9333],[122.6151,13.964],[122.8159,13.9937],[122.9237,13.9649],[122.9975,13.8953],[123.0488,13.822]],[[123.2342,13.5686],[123.3683,13.6199],[123.2934,13.6633],[123.1396,13.6199],[123.2342,13.5686]]],[[[123.6638,13.9648],[123.6747,13.952],[123.6682,13.9394],[123.6201,13.9089],[123.6032,13.9166],[123.6026,13.9598],[123.6192,13.9464],[123.6359,13.9626],[123.6527,13.9531],[123.6423,13.9821],[123.6638,13.9648]]]]}},{"type":"Feature","id":"Camiguin","properties":{"id":"Camiguin","iso_code":"PH-CAM","name":"Camiguin","name_full":"Camiguin","name_ja":"カミギン","center_lonlat":[124.7252,9.1672]},"geometry":{"type":"Polygon","coordinates":[[[124.7842,9.1998],[124.8084,9.1568],[124.8013,9.0963],[124.7702,9.0774],[124.6721,9.1254],[124.6467,9.1489],[124.6365,9.1824],[124.6467,9.2189],[124.6731,9.2424],[124.7085,9.2502],[124.7463,9.2395],[124.7842,9.1998]]]}},{"type":"Feature","id":"Capiz","properties":{"id":"Capiz","iso_code":"PH-CAP","name":"Capiz","name_full":"Capiz","name_ja":"カピス","center_lonlat":[122.6379,11.3644]},"geometry":{"type":"Polygon","coordinates":[[[122.5922,11.5543],[122.6042,11.5171],[122.6223,11.5087],[122.6545,11.5261],[122.6604,11.5688],[122.7043,11.5429],[122.6956,11.5613],[122.7308,11.5922],[122.7248,11.6118],[122.8303,11.6053],[122.855,11.5913],[122.8748,11.5479],[122.9445,11.5224],[122.8758,11.4656],[122.8761,11.4473],[122.9007,11.4379],[123.0896,11.5297],[123.0434,11.4515],[123.0319,11.394],[122.9512,11.3506],[122.9561,11.2979],[122.8868,11.2702],[122.8776,11.1982],[122.8268,11.2015],[122.7908,11.1882],[122.7824,11.216],[122.6695,11.209],[122.5867,11.2361],[122.5605,11.2323],[122.5507,11.2028],[122.505,11.1839],[122.4158,11.1872],[122.3153,11.2162],[122.2403,11.1568],[122.1982,11.2043],[122.1799,11.3212],[122.3322,11.344],[122.3578,11.3679],[122.3844,11.4607],[122.5142,11.4624],[122.5318,11.4962],[122.5922,11.5543]]]}},{"type":"Feature","id":"Catanduanes","properties":{"id":"Catanduanes","iso_code":"PH-CAT","name":"Catanduanes","name_full":"Catanduanes","name_ja":"カタンドゥアネス","center_lonlat":[124.2294,13.7865]},"geometry":{"type":"Polygon","coordinates":[[[124.418,13.873],[124.39,13.8456],[124.4036,13.8388],[124.418,13.7978],[124.39,13.7904],[124.3988,13.7712],[124.39,13.7116],[124.4087,13.6673],[124.3553,13.6596],[124.3347,13.5576],[124.2935,13.6041],[124.2516,13.5992],[124.2227,13.5819],[124.1878,13.5229],[124.0859,13.6],[124.0474,13.606],[124.0481,13.6334],[124.0261,13.6696],[124.1074,13.7451],[124.1294,13.8183],[124.1208,13.8759],[124.1359,13.9073],[124.1162,13.989],[124.1359,14.0106],[124.1245,14.0494],[124.1369,14.0784],[124.1497,14.0622],[124.1936,14.09],[124.2157,14.0865],[124.2656,14.0227],[124.2774,13.9555],[124.3081,13.9282],[124.3081,13.9064],[124.3298,13.9331],[124.418,13.873]]]}},{"type":"Feature","id":"Cavite","properties":{"id":"Cavite","iso_code":"PH-CAV","name":"Cavite","name_full":"Cavite","name_ja":"カヴィテ","center_lonlat":[120.872,14.2603]},"geometry":{"type":"Polygon","coordinates":[[[120.5967,14.2188],[120.6275,14.2696],[120.7131,14.2985],[120.8779,14.4589],[120.9261,14.4647],[120.9608,14.4952],[120.9756,14.4489],[121.0142,14.3971],[121.0148,14.3591],[121.0148,14.3282],[121.062,14.3273],[121.0747,14.3159],[121.0471,14.2582],[121.0576,14.2408],[121.0286,14.1724],[121.033,14.144],[121.0239,14.1265],[120.9834,14.1049],[120.8689,14.0761],[120.8154,14.1099],[120.7884,14.1104],[120.7054,14.1474],[120.6868,14.1696],[120.6867,14.1924],[120.664,14.2122],[120.5967,14.2188]]]}},{"type":"Feature","id":"Cebu","properties":{"id":"Cebu","iso_code":"PH-CEB","name":"Cebu","name_full":"Cebu","name_ja":"セブ","center_lonlat":[123.8872,10.3482]},"geometry":{"type":"Polygon","coordinates":[[[123.9344,10.3093],[123.8897,10.2822],[123.8687,10.2482],[123.8372,10.3535],[123.8727,10.4088],[123.9071,10.436],[123.9352,10.4011],[123.9144,10.3462],[123.9344,10.3093]]]}},{"type":"Feature","id":"Cebu (PH-CEB)","properties":{"id":"Cebu (PH-CEB)","iso_code":"PH-CEB","name":"Cebu (PH-CEB)","name_full":"Cebu","name_ja":"セブ","center_lonlat":[123.7221,10.3076]},"geometry":{"type":"MultiPolygon","coordinates":[[[[123.8687,10.2482],[123.7936,10.2265],[123.7195,10.1568],[123.6961,10.0939],[123.6526,10.0636],[123.6291,9.8875],[123.6018,9.8676],[123.5095,9.6535],[123.4795,9.5486],[123.3696,9.4257],[123.3276,9.4081],[123.3143,9.5076],[123.3652,9.7853],[123.4092,9.8977],[123.4107,9.9226],[123.3833,9.9427],[123.3871,9.9738],[123.3984,9.9848],[123.4107,9.9744],[123.4225,10.0375],[123.508,10.1222],[123.5335,10.1904],[123.5813,10.2543],[123.6055,10.3332],[123.7232,10.4942],[123.7191,10.5491],[123.7544,10.5994],[123.7778,10.6626],[123.8493,10.7526],[123.9346,10.9704],[123.9177,11.029],[123.9451,11.0978],[123.9729,11.0773],[123.9519,11.1567],[123.9588,11.1759],[124.0183,11.2585],[124.0457,11.2772],[124.0747,11.2691],[124.0681,11.2333],[124.0413,11.1301],[123.9995,11.0773],[124.0171,11.0562],[124.0549,11.0637],[124.0535,10.9306],[124.0685,10.8781],[124.0208,10.7477],[124.0549,10.5901],[124.0339,10.5765],[124.04,10.4844],[124.0098,10.404],[124.0187,10.3808],[123.9928,10.3574],[123.9797,10.3772],[123.9352,10.4011],[123.9071,10.436],[123.8727,10.4088],[123.8372,10.3535],[123.8687,10.2482]]],[[[123.801,11.1791],[123.815,11.148],[123.7458,11.1388],[123.7337,11.1543],[123.7048,11.2412],[123.7458,11.2925],[123.801,11.1791]]]]}},{"type":"Feature","id":"Cotabato","properties":{"id":"Cotabato","iso_code":"PH-NCO","name":"Cotabato","name_full":"Cotabato","name_ja":"コタバト","center_lonlat":[124.2473,7.237]},"geometry":{"type":"Polygon","coordinates":[[[124.1838,7.2264],[124.2192,7.28],[124.2192,7.3209],[124.2511,7.3147],[124.3055,7.2223],[124.281,7.1653],[124.2294,7.1816],[124.1838,7.2264]]]}},{"type":"Feature","id":"Cotabato (PH-NCO)","properties":{"id":"Cotabato (PH-NCO)","iso_code":"PH-NCO","name":"Cotabato (PH-NCO)","name_full":"Cotabato","name_ja":"コタバト","center_lonlat":[124.8644,7.2173]},"geometry":{"type":"Polygon","coordinates":[[[124.8086,7.6111],[124.8181,7.5723],[124.8622,7.5237],[124.8897,7.4157],[124.8993,7.4097],[124.9327,7.426],[124.9936,7.3899],[125.06,7.4248],[125.0755,7.4714],[125.1384,7.4997],[125.2017,7.5667],[125.2301,7.5853],[125.266,7.5784],[125.2767,7.5339],[125.2362,7.362],[125.2499,7.2386],[125.2225,7.1833],[125.2976,7.1223],[125.315,7.0282],[125.3028,7.0174],[125.2692,7.0028],[125.2685,6.9548],[125.1664,6.8446],[125.1497,6.7822],[124.8965,6.7289],[124.8372,6.7676],[124.833,6.9753],[124.7862,6.9808],[124.7827,7.0322],[124.7979,7.0745],[124.7223,7.201],[124.6929,7.164],[124.7224,7.1194],[124.6668,7.0787],[124.7076,7.0358],[124.7209,6.996],[124.6815,6.9509],[124.5824,6.9823],[124.5615,6.9991],[124.5595,7.0338],[124.485,7.0607],[124.4472,7.0981],[124.4902,7.2279],[124.4353,7.2353],[124.3776,7.1719],[124.3257,7.175],[124.4927,7.4332],[124.4488,7.5395],[124.4646,7.6696],[124.5231,7.6908],[124.5918,7.6248],[124.7267,7.6283],[124.8086,7.6111]]]}},{"type":"Feature","id":"Dagupan","properties":{"id":"Dagupan","iso_code":"PH-PAN","name":"Dagupan","name_full":"Dagupan","name_ja":"ダグパン","center_lonlat":[120.3371,16.038]},"geometry":{"type":"Polygon","coordinates":[[[120.2577,16.0522],[120.2922,16.0556],[120.3067,16.0447],[120.2991,16.0174],[120.3338,16.059],[120.3633,16.0555],[120.361,16.0732],[120.3264,16.0658],[120.3652,16.1087],[120.3958,16.072],[120.4023,16.0422],[120.3406,15.9936],[120.2963,15.9827],[120.2577,16.0522]]]}},{"type":"Feature","id":"Davao","properties":{"id":"Davao","iso_code":"PH-DAV","name":"Davao","name_full":"Davao","name_ja":"ダバオ地方","center_lonlat":[125.4159,7.2816]},"geometry":{"type":"Polygon","coordinates":[[[125.6768,7.2646],[125.6569,7.237],[125.6581,7.1291],[125.639,7.0888],[125.5755,7.0387],[125.5099,7.0156],[125.3028,7.0174],[125.315,7.0282],[125.2976,7.1223],[125.2225,7.1833],[125.2499,7.2386],[125.2362,7.362],[125.2767,7.5339],[125.266,7.5784],[125.2889,7.5958],[125.5016,7.5916],[125.5009,7.2419],[125.622,7.2394],[125.6636,7.2744],[125.6768,7.2646]]]}},{"type":"Feature","id":"Davao Oriental","properties":{"id":"Davao Oriental","iso_code":"PH-DAO","name":"Davao Oriental","name_full":"Davao Oriental","name_ja":"東ダバオ","center_lonlat":[126.306,7.2591]},"geometry":{"type":"Polygon","coordinates":[[[126.3835,7.8996],[126.4061,7.8332],[126.4549,7.7973],[126.4875,7.7467],[126.5829,7.7194],[126.5692,7.6264],[126.6087,7.4653],[126.5664,7.426],[126.563,7.4103],[126.5897,7.3898],[126.5692,7.3011],[126.6177,7.2768],[126.5798,7.2011],[126.5557,7.1918],[126.5232,7.1188],[126.4764,7.0662],[126.4662,7.0031],[126.4515,6.9835],[126.4175,6.98],[126.3495,7.0001],[126.324,6.9781],[126.3018,6.8933],[126.3433,6.8492],[126.3493,6.8129],[126.3396,6.7865],[126.3088,6.798],[126.2683,6.8902],[126.2427,6.9193],[126.2129,6.934],[126.1919,6.9251],[126.1926,6.8834],[126.1721,6.9039],[126.168,6.8826],[126.2079,6.8059],[126.2546,6.7667],[126.2572,6.7448],[126.2288,6.6162],[126.2269,6.4689],[126.2002,6.2832],[126.1857,6.2869],[126.1755,6.3626],[126.1413,6.3862],[126.1379,6.4309],[126.0951,6.5141],[126.0827,6.6397],[126.096,6.7472],[126.0791,6.8425],[126.0221,6.8668],[125.9834,6.9209],[125.9865,7.0063],[125.9543,7.0474],[126.0759,7.1394],[126.2418,7.2402],[126.2936,7.2989],[126.2186,7.4546],[126.2443,7.5575],[126.1767,7.8487],[126.1697,7.924],[126.183,7.995],[126.2912,7.9958],[126.314,7.9402],[126.3835,7.8996]]]}},{"type":"Feature","id":"Davao de Oro","properties":{"id":"Davao de Oro","iso_code":"PH-COM","name":"Davao de Oro","name_full":"Davao de Oro","name_ja":"ダバオ・デ・オロ","center_lonlat":[126.0075,7.5811]},"geometry":{"type":"Polygon","coordinates":[[[125.9543,7.0474],[125.9026,7.1011],[125.8506,7.2539],[125.8532,7.336],[125.8307,7.3543],[125.8411,7.4224],[125.8267,7.4322],[125.8339,7.4556],[125.8838,7.4853],[125.8525,7.528],[125.9169,7.542],[125.9238,7.5625],[125.9344,7.6269],[125.9048,7.6875],[125.9439,7.7564],[125.9199,7.8262],[125.8178,7.6823],[125.7779,7.6568],[125.7789,7.6981],[125.7027,7.7937],[125.6754,7.9967],[126.183,7.995],[126.1697,7.924],[126.1767,7.8487],[126.2443,7.5575],[126.2186,7.4546],[126.2936,7.2989],[126.2418,7.2402],[126.0759,7.1394],[125.9543,7.0474]]]}},{"type":"Feature","id":"Davao del Norte","properties":{"id":"Davao del Norte","iso_code":"PH-DAV","name":"Davao del Norte","name_full":"Davao del Norte","name_ja":"北ダバオ","center_lonlat":[125.6302,7.6252]},"geometry":{"type":"MultiPolygon","coordinates":[[[[125.8307,7.3543],[125.8069,7.3511],[125.6768,7.2646],[125.6636,7.2744],[125.622,7.2394],[125.5009,7.2419],[125.5016,7.5916],[125.2889,7.5958],[125.3037,7.6784],[125.4003,7.6666],[125.4348,7.7081],[125.4405,7.8053],[125.4113,7.9151],[125.3743,7.9978],[125.6754,7.9967],[125.7027,7.7937],[125.7789,7.6981],[125.7779,7.6568],[125.8178,7.6823],[125.9199,7.8262],[125.9439,7.7564],[125.9048,7.6875],[125.9344,7.6269],[125.9238,7.5625],[125.9169,7.542],[125.8525,7.528],[125.8838,7.4853],[125.8339,7.4556],[125.8267,7.4322],[125.8411,7.4224],[125.8307,7.3543]]],[[[125.7913,6.9482],[125.7769,6.894],[125.7454,6.937],[125.7176,7.0522],[125.6741,7.0702],[125.6727,7.0928],[125.6965,7.1269],[125.7022,7.1772],[125.7158,7.1959],[125.7819,7.1352],[125.7813,6.9848],[125.7913,6.9482]]]]}},{"type":"Feature","id":"Davao del Sur","properties":{"id":"Davao del Sur","iso_code":"PH-DAS","name":"Davao del Sur","name_full":"Davao del Sur","name_ja":"南ダバオ","center_lonlat":[125.4201,6.4121]},"geometry":{"type":"MultiPolygon","coordinates":[[[[125.5099,7.0156],[125.4875,6.9789],[125.4806,6.9132],[125.4036,6.8118],[125.3804,6.7215],[125.3806,6.6572],[125.4055,6.5889],[125.4346,6.5882],[125.4321,6.6158],[125.4651,6.5947],[125.5345,6.5128],[125.5532,6.5248],[125.5899,6.4992],[125.6014,6.4279],[125.6448,6.3441],[125.6458,6.2996],[125.7066,6.1497],[125.7106,6.111],[125.6673,5.9501],[125.499,5.7261],[125.4216,5.5982],[125.3875,5.5738],[125.3065,5.5836],[125.3766,5.6337],[125.462,5.8301],[125.4789,5.8355],[125.4782,5.9148],[125.5297,6.0782],[125.5047,6.1365],[125.5111,6.2169],[125.4462,6.3137],[125.3967,6.3059],[125.3815,6.3162],[125.263,6.3243],[125.1677,6.3951],[125.1674,6.4197],[125.1408,6.4349],[125.1587,6.4646],[125.1765,6.5633],[125.1922,6.6785],[125.1549,6.7351],[125.1497,6.7822],[125.1664,6.8446],[125.2685,6.9548],[125.2692,7.0028],[125.3028,7.0174],[125.5099,7.0156]]],[[[125.4187,5.4255],[125.4187,5.3685],[125.3638,5.3672],[125.3342,5.3877],[125.3768,5.4312],[125.4187,5.4255]]]]}},{"type":"Feature","id":"Dinagat Islands","properties":{"id":"Dinagat Islands","iso_code":"PH-SUN","name":"Dinagat Islands","name_full":"Dinagat Islands","name_ja":"ディナガット諸島","center_lonlat":[125.6158,9.5613]},"geometry":{"type":"MultiPolygon","coordinates":[[[[125.4653,9.4447],[125.3975,9.6994],[125.4595,9.8229],[125.5071,9.7799],[125.5892,9.7546],[125.5846,9.7308],[125.6104,9.6479],[125.6436,9.6113],[125.6929,9.6038],[125.6853,9.5895],[125.7127,9.5759],[125.7537,9.5759],[125.781,9.5486],[125.849,9.5372],[125.9011,9.4971],[125.9341,9.4923],[125.7292,9.3133],[125.7446,9.3594],[125.6778,9.4371],[125.5496,9.4642],[125.4653,9.4447]]],[[[125.7196,9.9117],[125.7145,9.8808],[125.6995,9.8743],[125.6636,9.8891],[125.6581,9.939],[125.6206,9.9552],[125.6104,9.9669],[125.6233,9.9669],[125.6113,9.9773],[125.6172,9.9936],[125.593,9.993],[125.5832,10.0097],[125.5967,10.0556],[125.6084,10.0436],[125.6172,10.0591],[125.5967,10.0898],[125.521,10.0626],[125.5108,10.0985],[125.4953,10.1087],[125.4937,10.1445],[125.5176,10.1694],[125.5142,10.2071],[125.542,10.1997],[125.5303,10.2419],[125.542,10.2543],[125.5278,10.2686],[125.5221,10.317],[125.5625,10.3308],[125.5625,10.3785],[125.5944,10.3652],[125.6104,10.371],[125.6242,10.4437],[125.6377,10.4604],[125.6574,10.4564],[125.6848,10.3999],[125.6614,10.2706],[125.6387,10.2614],[125.6377,10.2481],[125.6681,10.2147],[125.6565,10.1763],[125.6853,10.1723],[125.6768,10.1277],[125.7066,10.0693],[125.682,10.0216],[125.6929,9.9744],[125.6815,9.9581],[125.7196,9.9117]]],[[[126.1659,9.8292],[126.1782,9.7878],[126.1201,9.7589],[126.0417,9.7751],[126.0486,9.7546],[125.9939,9.8161],[125.9939,9.8366],[125.966,9.8502],[126.0144,9.8645],[125.9798,9.888],[125.9834,9.9018],[126.0447,9.9987],[126.0453,10.0351],[126.0715,10.0591],[126.1267,9.956],[126.138,9.9019],[126.1106,9.8571],[126.1428,9.85],[126.1659,9.8292]]],[[[125.9902,9.6857],[126.0015,9.6767],[125.9802,9.6175],[125.9841,9.5895],[125.9694,9.5691],[125.947,9.5662],[125.9529,9.582],[125.9251,9.5895],[125.9387,9.6038],[125.9155,9.619],[125.9387,9.6728],[125.9273,9.7387],[125.9348,9.7599],[125.9524,9.7683],[125.9597,9.7472],[125.9728,9.7546],[125.9754,9.6946],[125.9902,9.6857]]]]}},{"type":"Feature","id":"Eastern Samar","properties":{"id":"Eastern Samar","iso_code":"PH-EAS","name":"Eastern Samar","name_full":"Eastern Samar","name_ja":"東サマル","center_lonlat":[125.3837,11.7231]},"geometry":{"type":"MultiPolygon","coordinates":[[[[125.316,12.3021],[125.3565,12.3175],[125.3496,12.2895],[125.3906,12.3039],[125.3845,12.285],[125.4321,12.2827],[125.5005,12.2486],[125.5383,12.1835],[125.5376,12.1724],[125.521,12.1803],[125.4793,12.1667],[125.5073,12.1462],[125.4595,12.1257],[125.4574,12.1071],[125.5005,12.1046],[125.4937,12.091],[125.5252,12.057],[125.4458,11.9473],[125.4595,11.8303],[125.4937,11.7902],[125.4837,11.7762],[125.4572,11.7857],[125.4502,11.7504],[125.4816,11.7573],[125.5005,11.7011],[125.499,11.6758],[125.4663,11.6527],[125.479,11.6475],[125.4663,11.6118],[125.4905,11.5947],[125.4979,11.5483],[125.5309,11.4916],[125.521,11.4604],[125.5488,11.4604],[125.5586,11.4248],[125.6377,11.3685],[125.635,11.3265],[125.5662,11.2681],[125.555,11.2119],[125.5718,11.1926],[125.5991,11.1891],[125.6309,11.2003],[125.6161,11.2189],[125.6157,11.2339],[125.6289,11.2363],[125.6936,11.1926],[125.729,11.1174],[125.7796,11.0524],[125.7605,11.0228],[125.7196,11.0495],[125.7061,11.1168],[125.6515,11.1494],[125.6001,11.1183],[125.5638,11.1568],[125.5383,11.1457],[125.5278,11.0904],[125.4697,11.1286],[125.4247,11.0904],[125.4165,11.1166],[125.3975,11.1047],[125.3171,11.1496],[125.2757,11.1356],[125.2414,11.0944],[125.2664,11.2006],[125.3348,11.3439],[125.3492,11.4145],[125.28,11.5599],[125.2431,11.967],[125.2037,12.0154],[125.1226,11.9979],[125.1066,12.1296],[125.141,12.1918],[125.1618,12.3157],[125.1883,12.3664],[125.2088,12.3765],[125.2317,12.3641],[125.273,12.284],[125.316,12.3021]]],[[[125.822,10.7347],[125.8269,10.7089],[125.7694,10.7004],[125.6841,10.7528],[125.6873,10.8052],[125.7092,10.8177],[125.7315,10.8081],[125.7442,10.7584],[125.7605,10.741],[125.822,10.7347]]]]}},{"type":"Feature","id":"General Santos","properties":{"id":"General Santos","iso_code":"PH-SCO","name":"General Santos","name_full":"General Santos","name_ja":"ヘネラル・サントス","center_lonlat":[125.1382,6.1471]},"geometry":{"type":"Polygon","coordinates":[[[125.2401,6.0942],[125.1579,6.1088],[125.1577,6.0743],[125.1122,5.9534],[125.0531,5.9581],[125.0482,6.0049],[125.036,6.0635],[125.036,6.1964],[125.1191,6.1908],[125.1025,6.2517],[125.1374,6.3207],[125.2719,6.2661],[125.2342,6.1583],[125.2401,6.0942]]]}},{"type":"Feature","id":"Guimaras","properties":{"id":"Guimaras","iso_code":"PH-GUI","name":"Guimaras","name_full":"Guimaras","name_ja":"ギマラス","center_lonlat":[122.6278,10.5845]},"geometry":{"type":"Polygon","coordinates":[[[122.7111,10.7347],[122.738,10.6942],[122.7371,10.64],[122.6869,10.506],[122.6345,10.4442],[122.595,10.4331],[122.6052,10.4605],[122.5945,10.4597],[122.5366,10.4194],[122.5193,10.4741],[122.4824,10.5034],[122.5169,10.5091],[122.5535,10.5491],[122.535,10.5533],[122.5274,10.5701],[122.5366,10.6075],[122.5746,10.6658],[122.6232,10.6845],[122.6338,10.7226],[122.6702,10.762],[122.7111,10.7347]]]}},{"type":"Feature","id":"Ifugao","properties":{"id":"Ifugao","iso_code":"PH-IFU","name":"Ifugao","name_full":"Ifugao","name_ja":"イフガオ","center_lonlat":[121.2105,16.8541]},"geometry":{"type":"Polygon","coordinates":[[[121.5635,17.0866],[121.5765,17.012],[121.571,16.911],[121.5248,16.8454],[121.479,16.8307],[121.4264,16.8316],[121.4096,16.8048],[121.3462,16.7847],[121.3354,16.7643],[121.3207,16.7085],[121.2802,16.6649],[120.9026,16.5974],[120.8794,16.7987],[120.8509,16.8463],[120.9194,16.8447],[120.9362,16.856],[120.9745,16.951],[121.0531,17.0048],[121.0988,17.0142],[121.2252,17.0099],[121.3754,17.0733],[121.435,17.086],[121.5635,17.0866]]]}},{"type":"Feature","id":"Iligan","properties":{"id":"Iligan","iso_code":"PH-LAN","name":"Iligan","name_full":"Iligan","name_ja":"イリガン","center_lonlat":[124.4312,8.2322]},"geometry":{"type":"Polygon","coordinates":[[[124.2323,8.2129],[124.2747,8.2811],[124.2617,8.3242],[124.3771,8.3756],[124.4366,8.3495],[124.5216,8.2901],[124.5473,8.2443],[124.5725,8.2372],[124.5598,8.1189],[124.6297,8.0075],[124.5877,8.0281],[124.4774,8.1282],[124.3965,8.1694],[124.3581,8.2251],[124.2991,8.2156],[124.2637,8.1978],[124.2323,8.2129]]]}},{"type":"Feature","id":"Ilocos Norte","properties":{"id":"Ilocos Norte","iso_code":"PH-ILN","name":"Ilocos Norte","name_full":"Ilocos Norte","name_ja":"北イロコス","center_lonlat":[120.7263,18.2002]},"geometry":{"type":"Polygon","coordinates":[[[120.4261,17.894],[120.4772,18.0048],[120.4701,18.091],[120.5262,18.2041],[120.5181,18.2177],[120.5791,18.3251],[120.585,18.4055],[120.5608,18.4868],[120.5702,18.5018],[120.6111,18.5386],[120.6907,18.5344],[120.7708,18.5615],[120.779,18.6218],[120.813,18.6445],[120.8508,18.6389],[120.9092,18.5672],[120.947,18.572],[120.9951,18.6061],[120.9732,18.5543],[120.9571,18.4468],[120.9458,18.3763],[120.9537,18.2915],[120.9092,18.2407],[120.9175,18.2221],[120.9708,18.1935],[120.9821,18.1702],[120.9414,18.0979],[120.9385,17.9671],[120.9179,17.9485],[120.8278,17.9435],[120.7437,17.8926],[120.6988,17.8466],[120.6182,17.819],[120.539,17.7037],[120.51,17.7325],[120.5399,17.8665],[120.5252,17.8884],[120.5009,17.8973],[120.4261,17.894]]]}},{"type":"Feature","id":"Ilocos Sur","properties":{"id":"Ilocos Sur","iso_code":"PH-ILS","name":"Ilocos Sur","name_full":"Ilocos Sur","name_ja":"南イロコス","center_lonlat":[120.5488,17.23]},"geometry":{"type":"Polygon","coordinates":[[[120.3979,16.9192],[120.4341,16.9821],[120.4164,17.1793],[120.4021,17.2067],[120.4082,17.3227],[120.4375,17.3588],[120.4437,17.3885],[120.4021,17.5189],[120.3408,17.5388],[120.3338,17.5564],[120.3532,17.6781],[120.4024,17.697],[120.4124,17.7128],[120.4164,17.7448],[120.3913,17.7814],[120.4279,17.8381],[120.4261,17.894],[120.5009,17.8973],[120.5252,17.8884],[120.5399,17.8665],[120.51,17.7325],[120.539,17.7037],[120.4828,17.588],[120.4672,17.4992],[120.5504,17.4999],[120.5858,17.4798],[120.5858,17.4509],[120.5338,17.3673],[120.5355,17.3383],[120.5726,17.3056],[120.612,17.2999],[120.6273,17.2732],[120.6748,17.2615],[120.6861,17.1985],[120.7304,17.1557],[120.754,17.1585],[120.813,17.2118],[120.8738,17.1821],[120.8375,17.1706],[120.7913,17.1056],[120.781,17.0706],[120.7881,16.9589],[120.7735,16.921],[120.6622,16.8958],[120.6378,16.8601],[120.6188,16.6939],[120.595,16.6526],[120.5481,16.7082],[120.55,16.7747],[120.514,16.8477],[120.5239,16.912],[120.4297,16.9074],[120.3979,16.9192]]]}},{"type":"Feature","id":"Iloilo","properties":{"id":"Iloilo","iso_code":"PH-ILI","name":"Iloilo","name_full":"Iloilo","name_ja":"イロイロ","center_lonlat":[122.5959,11.0042]},"geometry":{"type":"Polygon","coordinates":[[[122.4721,10.6871],[122.2933,10.6584],[122.2593,10.6379],[122.2266,10.6422],[122.162,10.5937],[122.1289,10.5901],[122.1018,10.5693],[122.0332,10.4609],[122.0096,10.4733],[122.006,10.4921],[122.0348,10.6371],[122.076,10.6897],[122.1785,10.7698],[122.2299,10.8827],[122.2865,10.9393],[122.2901,10.9779],[122.3184,10.9998],[122.3309,11.0527],[122.319,11.0779],[122.2403,11.1568],[122.3153,11.2162],[122.4158,11.1872],[122.505,11.1839],[122.5507,11.2028],[122.5605,11.2323],[122.5867,11.2361],[122.6695,11.209],[122.7824,11.216],[122.7908,11.1882],[122.8268,11.2015],[122.8776,11.1982],[122.8868,11.2702],[122.9561,11.2979],[122.9512,11.3506],[123.0319,11.394],[123.0434,11.4515],[123.0896,11.5297],[123.1636,11.5981],[123.1644,11.538],[123.1567,11.5224],[123.1221,11.5087],[123.1292,11.4938],[123.1499,11.4945],[123.1404,11.4793],[123.1704,11.4808],[123.1748,11.4675],[123.1567,11.4231],[123.1604,11.3804],[123.1221,11.3306],[123.1135,11.2667],[123.1314,11.1827],[123.1082,11.1518],[123.0609,11.1694],[123.0413,11.1634],[123.0283,11.1098],[122.9717,11.0699],[122.9724,11.049],[122.9507,11.0358],[122.9517,11.0557],[122.9382,11.0637],[122.9246,11.029],[122.8899,11.0358],[122.8626,11.0153],[122.8626,11.029],[122.812,10.9985],[122.78,10.9569],[122.798,10.8754],[122.7615,10.8107],[122.7285,10.7894],[122.6865,10.8008],[122.6148,10.7615],[122.5328,10.7995],[122.4899,10.7718],[122.4721,10.6871]]]}},{"type":"Feature","id":"Iloilo (PH-ILI)","properties":{"id":"Iloilo (PH-ILI)","iso_code":"PH-ILI","name":"Iloilo (PH-ILI)","name_full":"Iloilo","name_ja":"イロイロ","center_lonlat":[122.5401,10.7389]},"geometry":{"type":"Polygon","coordinates":[[[122.6148,10.7615],[122.5899,10.6987],[122.4721,10.6871],[122.4899,10.7718],[122.5328,10.7995],[122.6148,10.7615]]]}},{"type":"Feature","id":"Isabela","properties":{"id":"Isabela","iso_code":"PH-ISA","name":"Isabela","name_full":"Isabela","name_ja":"イサベラ","center_lonlat":[121.9839,16.9956]},"geometry":{"type":"MultiPolygon","coordinates":[[[[122.1846,17.5413],[122.2061,17.4753],[122.2396,17.4268],[122.2511,17.3602],[122.2871,17.3606],[122.3137,17.3401],[122.3654,17.3537],[122.3816,17.3474],[122.3901,17.3169],[122.4026,17.306],[122.3978,17.3291],[122.4354,17.2924],[122.4436,17.2656],[122.4143,17.2836],[122.4094,17.2752],[122.4231,17.2206],[122.4104,17.1755],[122.4168,17.1458],[122.451,17.1142],[122.501,17.1398],[122.5291,17.1096],[122.5215,17.072],[122.4729,16.9897],[122.4647,16.8951],[122.4227,16.7943],[122.3001,16.5655],[122.2446,16.5106],[122.0375,16.5076],[121.752,16.3957],[121.5699,16.6106],[121.6028,16.6434],[121.6081,16.7139],[121.479,16.8307],[121.5248,16.8454],[121.571,16.911],[121.5765,17.012],[121.5635,17.0866],[121.5706,17.2501],[121.613,17.4202],[121.6701,17.4897],[121.6529,17.5182],[121.8208,17.5238],[121.8876,17.5426],[122.1846,17.5413]]],[[[121.3996,16.6512],[121.3901,16.6943],[121.4763,16.7226],[121.5036,16.68],[121.488,16.6295],[121.4276,16.6355],[121.3996,16.6512]]]]}},{"type":"Feature","id":"Kalinga","properties":{"id":"Kalinga","iso_code":"PH-KAL","name":"Kalinga","name_full":"Kalinga","name_ja":"カリンガ","center_lonlat":[121.2901,17.4366]},"geometry":{"type":"Polygon","coordinates":[[[121.4288,17.7176],[121.5664,17.5634],[121.6529,17.5182],[121.6701,17.4897],[121.613,17.4202],[121.5706,17.2501],[121.4242,17.2983],[121.3412,17.2575],[121.2692,17.1919],[121.1945,17.1681],[121.0948,17.1851],[120.9148,17.2493],[120.983,17.366],[121.0081,17.4898],[121.1035,17.5463],[121.1176,17.5756],[121.0995,17.6612],[121.1268,17.6835],[121.219,17.6824],[121.4288,17.7176]]]}},{"type":"Feature","id":"La Union","properties":{"id":"La Union","iso_code":"PH-LUN","name":"La Union","name_full":"La Union","name_ja":"ラウニオン","center_lonlat":[120.4224,16.5819]},"geometry":{"type":"Polygon","coordinates":[[[120.4014,16.2095],[120.3855,16.2519],[120.3538,16.2917],[120.3538,16.2713],[120.3363,16.2922],[120.2991,16.4938],[120.3067,16.545],[120.2761,16.6119],[120.2854,16.6207],[120.3067,16.6139],[120.3025,16.655],[120.3259,16.7126],[120.3122,16.7778],[120.3196,16.8193],[120.3979,16.9192],[120.4297,16.9074],[120.5239,16.912],[120.514,16.8477],[120.55,16.7747],[120.5481,16.7082],[120.595,16.6526],[120.5143,16.5665],[120.4829,16.5162],[120.472,16.4638],[120.4885,16.3441],[120.526,16.2321],[120.509,16.2104],[120.4806,16.2036],[120.4014,16.2095]]]}},{"type":"Feature","id":"Laguna","properties":{"id":"Laguna","iso_code":"PH-LAG","name":"Laguna","name_full":"Laguna","name_ja":"ラグナ","center_lonlat":[121.328,14.2678]},"geometry":{"type":"Polygon","coordinates":[[[121.2645,13.9615],[121.2637,13.9845],[121.2237,14.0059],[121.2054,14.1116],[121.181,14.1385],[121.1297,14.1494],[121.033,14.144],[121.0286,14.1724],[121.0576,14.2408],[121.0471,14.2582],[121.0747,14.3159],[121.062,14.3273],[121.0148,14.3282],[121.0148,14.3591],[121.0671,14.385],[121.1434,14.3882],[121.1347,14.4541],[121.1253,14.5249],[121.1394,14.5274],[121.1723,14.5024],[121.2054,14.4201],[121.2265,14.3196],[121.2423,14.3018],[121.2628,14.3496],[121.2377,14.394],[121.2343,14.4679],[121.2468,14.5025],[121.2609,14.5144],[121.2774,14.509],[121.2859,14.4893],[121.3232,14.4659],[121.3381,14.4165],[121.3063,14.3195],[121.3092,14.2905],[121.3884,14.3451],[121.3717,14.3684],[121.3595,14.4665],[121.3668,14.5013],[121.3859,14.5322],[121.4605,14.5715],[121.5223,14.4717],[121.5903,14.3133],[121.5945,14.2195],[121.5037,14.0745],[121.4165,14.051],[121.2645,13.9615]]]}},{"type":"Feature","id":"Lanao del Norte","properties":{"id":"Lanao del Norte","iso_code":"PH-LAN","name":"Lanao del Norte","name_full":"Lanao del Norte","name_ja":"北ラナオ","center_lonlat":[123.9623,7.9661]},"geometry":{"type":"Polygon","coordinates":[[[123.689,7.9683],[123.8737,8.1052],[123.922,8.1232],[123.9689,8.1678],[124.0363,8.1898],[124.1985,8.1965],[124.2323,8.2129],[124.2637,8.1978],[124.2991,8.2156],[124.2889,8.0833],[124.2545,8.0342],[124.1626,8.0168],[124.1079,7.9092],[124.0587,7.9039],[124.0584,7.8448],[124.006,7.7673],[123.9934,7.7019],[123.9553,7.7046],[123.8693,7.7397],[123.8618,7.7035],[123.7942,7.7105],[123.7039,7.8094],[123.6147,7.8335],[123.7042,7.9097],[123.689,7.9683]]]}},{"type":"Feature","id":"Lanao del Sur","properties":{"id":"Lanao del Sur","iso_code":"PH-LAS","name":"Lanao del Sur","name_full":"Lanao del Sur","name_ja":"南ラナオ","center_lonlat":[124.3453,7.8163]},"geometry":{"type":"Polygon","coordinates":[[[124.1673,7.4318],[124.0652,7.6027],[123.9109,7.6989],[123.9035,7.6915],[123.8618,7.7035],[123.8693,7.7397],[123.9553,7.7046],[123.9934,7.7019],[124.006,7.7673],[124.0584,7.8448],[124.0587,7.9039],[124.1079,7.9092],[124.1626,8.0168],[124.2545,8.0342],[124.2889,8.0833],[124.2991,8.2156],[124.3581,8.2251],[124.3965,8.1694],[124.4774,8.1282],[124.5877,8.0281],[124.6297,8.0075],[124.6712,7.96],[124.6672,7.9377],[124.6045,7.9219],[124.6315,7.8461],[124.6609,7.8311],[124.7049,7.7764],[124.7656,7.6513],[124.8086,7.6111],[124.7267,7.6283],[124.5918,7.6248],[124.5231,7.6908],[124.4646,7.6696],[124.3829,7.6205],[124.1673,7.4318]]]}},{"type":"Feature","id":"Lapu-Lapu","properties":{"id":"Lapu-Lapu","iso_code":"PH-LAP","name":"Lapu-Lapu","name_full":"Lapu-Lapu","name_ja":"ラプ＝ラプ","center_lonlat":[123.9742,10.2876]},"geometry":{"type":"Polygon","coordinates":[[[123.9916,10.3243],[124.0094,10.3118],[124.0438,10.3243],[123.976,10.2554],[123.9468,10.246],[123.9332,10.2543],[123.9342,10.2888],[123.9478,10.3065],[123.9916,10.3243]]]}},{"type":"Feature","id":"Las Pinas","properties":{"id":"Las Pinas","iso_code":"PH-MNL","name":"Las Pinas","name_full":"Las Pinas","name_ja":"ラス・ピニャス","center_lonlat":[120.9966,14.4524]},"geometry":{"type":"Polygon","coordinates":[[[120.9608,14.4952],[120.9734,14.506],[121.033,14.4386],[121.0142,14.3971],[120.9756,14.4489],[120.9608,14.4952]]]}},{"type":"Feature","id":"Leyte","properties":{"id":"Leyte","iso_code":"PH-LEY","name":"Leyte","name_full":"Leyte","name_ja":"レイテ","center_lonlat":[124.772,10.9722]},"geometry":{"type":"MultiPolygon","coordinates":[[[[124.5496,10.9833],[124.5628,10.9315],[124.5392,10.8884],[124.5145,10.8737],[124.4692,10.9055],[124.447,10.9031],[124.4369,10.9352],[124.396,10.9341],[124.418,11.001],[124.3884,11.0659],[124.418,11.1286],[124.4043,11.3027],[124.3871,11.3007],[124.3547,11.3287],[124.3491,11.3474],[124.3703,11.3749],[124.3347,11.392],[124.3485,11.3991],[124.3114,11.4668],[124.3006,11.5429],[124.3291,11.5571],[124.3401,11.551],[124.4431,11.4469],[124.4802,11.3852],[124.4896,11.4467],[124.5033,11.4438],[124.5453,11.409],[124.5697,11.3468],[124.5942,11.3195],[124.6299,11.3044],[124.678,11.3027],[124.7444,11.3286],[124.8457,11.433],[124.8869,11.42],[124.8937,11.433],[124.904,11.42],[124.948,11.414],[124.9841,11.3813],[124.9756,11.3344],[124.9198,11.3243],[124.9327,11.2365],[124.9853,11.1921],[125.0387,11.1979],[125.0276,11.176],[125.0418,11.1354],[125.0531,10.9682],[125.0129,10.8447],[125.0138,10.7546],[125.1203,10.7031],[125.1305,10.6658],[125.1678,10.6221],[125.1205,10.5985],[125.061,10.5319],[124.9425,10.5158],[124.9104,10.4924],[124.8839,10.4349],[124.9037,10.2757],[124.8622,10.2621],[124.8366,10.2275],[124.766,10.1854],[124.7922,10.3257],[124.771,10.3753],[124.7389,10.3955],[124.7368,10.4477],[124.7981,10.6591],[124.8005,10.7245],[124.7736,10.831],[124.7327,10.8681],[124.6917,10.9396],[124.6223,11.002],[124.6701,11.0645],[124.6042,11.1568],[124.5588,11.1117],[124.498,11.1094],[124.4877,11.0659],[124.5496,10.9833]]],[[[124.3797,10.6913],[124.39,10.6413],[124.3784,10.6283],[124.3006,10.5901],[124.2844,10.6038],[124.3276,10.704],[124.3555,10.7106],[124.3797,10.6913]]],[[[124.4658,10.7136],[124.5039,10.6933],[124.5207,10.6658],[124.5088,10.6415],[124.4624,10.631],[124.4092,10.6483],[124.4085,10.6838],[124.4356,10.7136],[124.4658,10.7136]]]]}},{"type":"Feature","id":"Lucena","properties":{"id":"Lucena","iso_code":"PH-QUE","name":"Lucena","name_full":"Lucena","name_ja":"ルセナ","center_lonlat":[121.5683,13.9353]},"geometry":{"type":"Polygon","coordinates":[[[121.6369,13.9096],[121.6218,13.8935],[121.5911,13.8968],[121.5493,13.8782],[121.4984,13.9572],[121.5819,13.9964],[121.6369,13.9096]]]}},{"type":"Feature","id":"Maguindanao","properties":{"id":"Maguindanao","iso_code":"PH-MAG","name":"Maguindanao","name_full":"Maguindanao","name_ja":"マギンダナオ","center_lonlat":[124.3802,7.0347]},"geometry":{"type":"Polygon","coordinates":[[[124.2192,7.3209],[124.2468,7.4041],[124.2323,7.4147],[124.1878,7.4103],[124.1673,7.4318],[124.3829,7.6205],[124.4646,7.6696],[124.4488,7.5395],[124.4927,7.4332],[124.3257,7.175],[124.3776,7.1719],[124.4353,7.2353],[124.4902,7.2279],[124.4472,7.0981],[124.485,7.0607],[124.5595,7.0338],[124.5615,6.9991],[124.5824,6.9823],[124.6815,6.9509],[124.7209,6.996],[124.7076,7.0358],[124.6668,7.0787],[124.7224,7.1194],[124.6929,7.164],[124.7223,7.201],[124.7979,7.0745],[124.7827,7.0322],[124.7862,6.9808],[124.833,6.9753],[124.8372,6.7676],[124.8965,6.7289],[124.8765,6.6837],[124.9086,6.6394],[124.836,6.6418],[124.7783,6.6822],[124.7201,6.7719],[124.6937,6.7781],[124.7111,6.8459],[124.6389,6.8436],[124.6428,6.8603],[124.5667,6.8298],[124.577,6.793],[124.5582,6.7542],[124.5195,6.7337],[124.2668,6.7269],[124.2478,6.7305],[124.2457,6.7572],[124.2224,6.7618],[124.0372,6.7586],[124.0366,6.7997],[124.0171,6.8083],[123.9973,6.7861],[123.9655,6.8213],[123.9885,7.0156],[124.0295,7.1151],[124.1838,7.2264],[124.2294,7.1816],[124.281,7.1653],[124.3055,7.2223],[124.2511,7.3147],[124.2192,7.3209]]]}},{"type":"Feature","id":"Makati","properties":{"id":"Makati","iso_code":"PH-MNL","name":"Makati","name_full":"Makati","name_ja":"マカティ","center_lonlat":[121.0409,14.5522]},"geometry":{"type":"Polygon","coordinates":[[[121.0321,14.5275],[121.0062,14.5577],[121.0265,14.575],[121.0645,14.5646],[121.0805,14.5478],[121.0774,14.5348],[121.0697,14.5314],[121.0653,14.5573],[121.052,14.5543],[121.0559,14.5378],[121.0321,14.5275]]]}},{"type":"Feature","id":"Malabon","properties":{"id":"Malabon","iso_code":"PH-MNL","name":"Malabon","name_full":"Malabon","name_ja":"マラボン","center_lonlat":[120.9687,14.664]},"geometry":{"type":"Polygon","coordinates":[[[120.934,14.6934],[120.9548,14.6792],[120.9533,14.6889],[120.973,14.6671],[121.0045,14.6645],[120.9997,14.6533],[120.9717,14.6507],[120.9687,14.6365],[120.934,14.6934]]]}},{"type":"Feature","id":"Mandaluyong","properties":{"id":"Mandaluyong","iso_code":"PH-MNL","name":"Mandaluyong","name_full":"Mandaluyong","name_ja":"マンダルヨン","center_lonlat":[121.0525,14.58]},"geometry":{"type":"Polygon","coordinates":[[[121.0265,14.575],[121.0373,14.5888],[121.0714,14.594],[121.0714,14.5836],[121.0645,14.5646],[121.0265,14.575]]]}},{"type":"Feature","id":"Mandaue","properties":{"id":"Mandaue","iso_code":"PH-MDE","name":"Mandaue","name_full":"Mandaue","name_ja":"マンダウエ","center_lonlat":[123.9475,10.3542]},"geometry":{"type":"Polygon","coordinates":[[[123.9797,10.3772],[123.9729,10.3266],[123.9344,10.3093],[123.9144,10.3462],[123.9352,10.4011],[123.9797,10.3772]]]}},{"type":"Feature","id":"Marikina","properties":{"id":"Marikina","iso_code":"PH-MNL","name":"Marikina","name_full":"Marikina","name_ja":"マリキナ","center_lonlat":[121.1194,14.635]},"geometry":{"type":"Polygon","coordinates":[[[121.1262,14.6635],[121.1521,14.6458],[121.1474,14.625],[121.131,14.6276],[121.1184,14.6091],[121.0921,14.6086],[121.0951,14.6445],[121.1262,14.6635]]]}},{"type":"Feature","id":"Marinduque","properties":{"id":"Marinduque","iso_code":"PH-MAD","name":"Marinduque","name_full":"Marinduque","name_ja":"マリンドゥケ","center_lonlat":[121.9617,13.3916]},"geometry":{"type":"Polygon","coordinates":[[[122.1016,13.4167],[122.1289,13.3863],[122.1203,13.3566],[122.0396,13.2696],[122.0491,13.2484],[122.0088,13.2048],[121.9932,13.2016],[121.9092,13.2696],[121.875,13.2764],[121.8137,13.3522],[121.8172,13.4648],[121.8508,13.5209],[121.8587,13.5655],[121.8731,13.5685],[121.9092,13.5229],[121.9297,13.5446],[121.968,13.5237],[121.989,13.5305],[121.9979,13.5508],[122.0202,13.5336],[122.0191,13.5092],[122.0452,13.5092],[122.0438,13.4853],[122.0967,13.4797],[122.1152,13.465],[122.1221,13.4477],[122.1016,13.4409],[122.1016,13.4167]]]}},{"type":"Feature","id":"Masbate","properties":{"id":"Masbate","iso_code":"PH-MAS","name":"Masbate","name_full":"Masbate","name_ja":"マスバテ","center_lonlat":[123.5957,12.1846]},"geometry":{"type":"MultiPolygon","coordinates":[[[[124.0549,11.7998],[124.0725,11.7441],[124.0685,11.7279],[124.0549,11.7256],[124.008,11.7967],[123.9241,11.8596],[123.8903,11.8708],[123.8556,11.9134],[123.8425,11.9062],[123.7874,11.9265],[123.764,11.9157],[123.7429,11.9269],[123.7117,11.9544],[123.7224,11.9758],[123.7458,11.9811],[123.7327,12.0084],[123.7191,11.9953],[123.6594,12.043],[123.653,12.0693],[123.6707,12.071],[123.6148,12.0793],[123.6039,12.1187],[123.5464,12.1881],[123.4854,12.2181],[123.4242,12.2008],[123.3648,12.106],[123.3284,12.0853],[123.266,12.0075],[123.1597,11.9178],[123.1499,11.9302],[123.157,11.9743],[123.1901,12.0117],[123.216,12.1335],[123.2319,12.1257],[123.2443,12.1498],[123.2772,12.1643],[123.2598,12.194],[123.2946,12.2172],[123.294,12.2355],[123.2181,12.2281],[123.2178,12.2654],[123.2488,12.3071],[123.2734,12.4237],[123.2656,12.4473],[123.2424,12.4646],[123.2347,12.5928],[123.3211,12.5707],[123.3565,12.5493],[123.3384,12.5469],[123.356,12.4956],[123.3267,12.4679],[123.3264,12.4381],[123.3728,12.4714],[123.3865,12.5125],[123.4341,12.5186],[123.4956,12.4686],[123.5524,12.4566],[123.6092,12.3857],[123.5901,12.3723],[123.5881,12.351],[123.637,12.3703],[123.6477,12.3483],[123.6968,12.3299],[123.7936,12.1872],[123.7949,12.2469],[123.8488,12.2008],[123.8897,12.2077],[123.9519,12.1046],[123.9792,12.091],[123.9983,12.0397],[124.0503,11.9711],[124.0549,11.9544],[123.9995,12.0084],[124.0208,11.9748],[124.013,11.9543],[124.0583,11.8752],[124.0549,11.7998]]],[[[123.2803,12.8649],[123.2866,12.815],[123.3608,12.7365],[123.3758,12.6936],[123.3411,12.7182],[123.252,12.8327],[123.1853,12.8585],[123.0697,12.9648],[123.0606,12.9885],[122.9739,13.0187],[122.9507,13.0437],[122.9445,13.1113],[122.9889,13.129],[122.9922,13.1536],[123.0398,13.1281],[123.1221,13.0198],[123.1602,12.9376],[123.2014,12.9064],[123.262,12.8979],[123.2803,12.8649]]],[[[123.7874,12.3756],[123.7905,12.338],[123.5832,12.6239],[123.5813,12.6464],[123.5973,12.6413],[123.6092,12.6874],[123.7048,12.6254],[123.6912,12.6117],[123.7166,12.6083],[123.7327,12.5913],[123.7279,12.5736],[123.7894,12.4091],[123.7874,12.3756]]]]}},{"type":"Feature","id":"Metro Manila","properties":{"id":"Metro Manila","iso_code":"PH-MNL","name":"Metro Manila","name_full":"Metro Manila","name_ja":"マニラ首都圏","center_lonlat":[120.9925,14.595]},"geometry":{"type":"Polygon","coordinates":[[[120.9802,14.5574],[120.9476,14.6279],[120.9769,14.6283],[121.001,14.6274],[121.0299,14.5974],[121.0373,14.5888],[121.0265,14.575],[121.0062,14.5577],[120.9802,14.5574]]]}},{"type":"Feature","id":"Misamis Occidental","properties":{"id":"Misamis Occidental","iso_code":"PH-MSC","name":"Misamis Occidental","name_full":"Misamis Occidental","name_ja":"西ミサミス","center_lonlat":[123.6964,8.3247]},"geometry":{"type":"Polygon","coordinates":[[[123.549,8.6188],[123.5676,8.6101],[123.5813,8.5828],[123.6155,8.6511],[123.6033,8.6631],[123.6167,8.6707],[123.6331,8.6684],[123.6291,8.6511],[123.7225,8.6281],[123.7389,8.6027],[123.7588,8.6075],[123.7864,8.5377],[123.8284,8.4866],[123.8576,8.4094],[123.883,8.1645],[123.7678,8.059],[123.6847,8.0368],[123.6776,8.0106],[123.6414,8.0094],[123.6235,8.0297],[123.5719,8.0405],[123.555,8.0706],[123.5561,8.232],[123.549,8.6188]]]}},{"type":"Feature","id":"Misamis Oriental","properties":{"id":"Misamis Oriental","iso_code":"PH-MSR","name":"Misamis Oriental","name_full":"Misamis Oriental","name_ja":"東ミサミス","center_lonlat":[125.0255,8.7645]},"geometry":{"type":"MultiPolygon","coordinates":[[[[124.7532,8.5617],[124.7736,8.5964],[124.7463,8.671],[124.7879,8.7336],[124.7817,8.9711],[124.7991,9.0],[124.8208,9.0146],[124.9153,8.9941],[124.9473,8.9625],[125.0264,8.9185],[125.093,8.8398],[125.1157,8.8306],[125.1873,8.8759],[125.1953,8.9609],[125.1777,9.0074],[125.2036,9.0819],[125.2077,9.0323],[125.2336,8.9878],[125.3233,8.8856],[125.291,8.7825],[125.2925,8.738],[125.3169,8.6751],[125.3207,8.5898],[124.9025,8.5927],[124.8618,8.5685],[124.8256,8.5156],[124.7532,8.5617]]],[[[124.2617,8.3242],[124.2962,8.4047],[124.3218,8.5146],[124.3711,8.5814],[124.4058,8.6079],[124.47,8.6248],[124.4802,8.5828],[124.5259,8.5711],[124.5715,8.5281],[124.5101,8.4774],[124.5405,8.4691],[124.5378,8.4386],[124.4366,8.3495],[124.3771,8.3756],[124.2617,8.3242]]]]}},{"type":"Feature","id":"Mountain","properties":{"id":"Mountain","iso_code":"PH-MOU","name":"Mountain","name_full":"Mountain","name_ja":"マウンテン州","center_lonlat":[121.132,17.0972]},"geometry":{"type":"Polygon","coordinates":[[[121.5706,17.2501],[121.5635,17.0866],[121.435,17.086],[121.3754,17.0733],[121.2252,17.0099],[121.0988,17.0142],[121.0531,17.0048],[120.9745,16.951],[120.9362,16.856],[120.9194,16.8447],[120.8509,16.8463],[120.7735,16.921],[120.7881,16.9589],[120.781,17.0706],[120.7913,17.1056],[120.8375,17.1706],[120.8738,17.1821],[120.9073,17.2038],[120.9148,17.2493],[121.0948,17.1851],[121.1945,17.1681],[121.2692,17.1919],[121.3412,17.2575],[121.4242,17.2983],[121.5706,17.2501]]]}},{"type":"Feature","id":"Muntinlupa","properties":{"id":"Muntinlupa","iso_code":"PH-MNL","name":"Muntinlupa","name_full":"Muntinlupa","name_ja":"モンティンルパ","center_lonlat":[121.0782,14.4162]},"geometry":{"type":"Polygon","coordinates":[[[121.0148,14.3591],[121.0142,14.3971],[121.033,14.4386],[121.0559,14.4494],[121.0559,14.4649],[121.1347,14.4541],[121.1434,14.3882],[121.0671,14.385],[121.0148,14.3591]]]}},{"type":"Feature","id":"Naga","properties":{"id":"Naga","iso_code":"PH-CAS","name":"Naga","name_full":"Naga","name_ja":"ナが","center_lonlat":[123.2564,13.6173]},"geometry":{"type":"Polygon","coordinates":[[[123.2934,13.6633],[123.3683,13.6199],[123.2342,13.5686],[123.1396,13.6199],[123.2934,13.6633]]]}},{"type":"Feature","id":"Navotas","properties":{"id":"Navotas","iso_code":"PH-MNL","name":"Navotas","name_full":"Navotas","name_ja":"ナボタス","center_lonlat":[120.9443,14.6585]},"geometry":{"type":"Polygon","coordinates":[[[120.9476,14.6279],[120.9162,14.6944],[120.934,14.6934],[120.9687,14.6365],[120.9769,14.6283],[120.9476,14.6279]]]}},{"type":"Feature","id":"Negros Occidental","properties":{"id":"Negros Occidental","iso_code":"PH-NEC","name":"Negros Occidental","name_full":"Negros Occidental","name_ja":"西ネグロス","center_lonlat":[122.9979,10.3075]},"geometry":{"type":"Polygon","coordinates":[[[122.5971,9.4376],[122.5298,9.5379],[122.4966,9.5617],[122.4573,9.6379],[122.4614,9.6553],[122.4436,9.6728],[122.4231,9.6584],[122.4304,9.7137],[122.4026,9.6994],[122.4098,9.8085],[122.3952,9.8428],[122.4746,9.9744],[122.5603,9.9875],[122.6428,9.9669],[122.7078,9.9864],[122.7822,10.053],[122.8074,10.0693],[122.8269,10.0581],[122.8449,10.0673],[122.8728,10.1004],[122.8758,10.143],[122.8553,10.228],[122.8694,10.3505],[122.8147,10.515],[122.8239,10.5329],[122.8694,10.5526],[122.9199,10.6183],[123.0249,10.5926],[123.0678,10.6809],[122.9758,10.7424],[122.9717,10.8061],[122.9507,10.8272],[122.9522,10.8477],[122.9938,10.9067],[123.0877,10.9259],[123.2136,10.9964],[123.2598,10.9948],[123.2698,10.9774],[123.3008,10.9743],[123.3418,10.9464],[123.3901,10.96],[123.4036,10.9532],[123.395,10.9362],[123.4054,10.9198],[123.4456,10.9423],[123.5218,10.9199],[123.5466,10.8561],[123.5745,10.831],[123.5708,10.7792],[123.5169,10.681],[123.4857,10.5491],[123.3897,10.4372],[123.3657,10.3925],[123.2606,10.4148],[123.2436,10.4408],[123.219,10.4451],[123.1439,10.4218],[123.1758,10.2719],[123.0126,9.9644],[122.5971,9.4376]]]}},{"type":"Feature","id":"Negros Oriental","properties":{"id":"Negros Oriental","iso_code":"PH-NER","name":"Negros Oriental","name_full":"Negros Oriental","name_ja":"東ネグロス","center_lonlat":[123.0489,9.6214]},"geometry":{"type":"Polygon","coordinates":[[[123.3657,10.3925],[123.3447,10.348],[123.3403,10.2607],[123.3047,10.1785],[123.2904,10.0936],[123.1567,9.8676],[123.1704,9.696],[123.1604,9.6474],[123.1362,9.6448],[123.1354,9.6184],[123.1774,9.5899],[123.1704,9.5629],[123.1611,9.5838],[123.1355,9.5527],[123.19,9.5268],[123.1976,9.4871],[123.2515,9.444],[123.2673,9.3983],[123.3211,9.3432],[123.3283,9.3026],[123.2986,9.215],[123.2302,9.1076],[123.1477,9.0618],[123.0999,9.06],[123.0332,9.0353],[122.9905,9.0488],[122.9336,9.1215],[122.8926,9.221],[122.8805,9.3059],[122.8449,9.3471],[122.811,9.3636],[122.7248,9.3711],[122.5971,9.4376],[123.0126,9.9644],[123.1758,10.2719],[123.1439,10.4218],[123.219,10.4451],[123.2436,10.4408],[123.2606,10.4148],[123.3657,10.3925]]]}},{"type":"Feature","id":"Northern Samar","properties":{"id":"Northern Samar","iso_code":"PH-NSA","name":"Northern Samar","name_full":"Northern Samar","name_ja":"北サマル","center_lonlat":[124.811,12.4104]},"geometry":{"type":"MultiPolygon","coordinates":[[[[124.3705,12.29],[124.3421,12.3857],[124.2762,12.5333],[124.2835,12.5706],[124.305,12.583],[124.363,12.5436],[124.4075,12.5571],[124.4543,12.5384],[124.5173,12.5373],[124.5368,12.5225],[124.6792,12.5159],[124.8772,12.5334],[124.8955,12.5543],[124.8767,12.5913],[124.9282,12.5571],[124.9734,12.5763],[124.9797,12.5608],[125.0496,12.5294],[125.0918,12.5473],[125.1091,12.5793],[125.1375,12.5707],[125.1663,12.5781],[125.2721,12.499],[125.2739,12.482],[125.3496,12.3994],[125.3128,12.3667],[125.3079,12.3419],[125.3291,12.3237],[125.316,12.3021],[125.273,12.284],[125.2317,12.3641],[125.2088,12.3765],[125.1883,12.3664],[125.1618,12.3157],[125.1333,12.2983],[125.0697,12.2875],[125.03,12.2552],[124.9001,12.2575],[124.8456,12.2269],[124.8218,12.2262],[124.7546,12.2582],[124.6792,12.2305],[124.4871,12.3305],[124.4702,12.3309],[124.428,12.2917],[124.3705,12.29]]],[[[124.1686,12.3981],[124.1375,12.4376],[124.1336,12.4708],[124.1766,12.4327],[124.182,12.4069],[124.1686,12.3981]]]]}},{"type":"Feature","id":"Nueva Ecija","properties":{"id":"Nueva Ecija","iso_code":"PH-NUE","name":"Nueva Ecija","name_full":"Nueva Ecija","name_ja":"ヌエヴァ・エシハ","center_lonlat":[121.0233,15.6136]},"geometry":{"type":"Polygon","coordinates":[[[120.7763,15.2595],[120.7772,15.3022],[120.7442,15.3406],[120.7552,15.4261],[120.7326,15.5518],[120.7631,15.6112],[120.6959,15.6224],[120.6622,15.6579],[120.6425,15.7108],[120.6273,15.8187],[120.7676,15.8443],[120.8118,15.7923],[120.8388,15.8047],[120.8843,15.8996],[120.9191,15.9365],[120.926,15.9776],[120.8865,16.1007],[120.9444,16.1329],[121.0137,16.1358],[121.095,16.1178],[121.1675,16.0809],[121.1848,16.0498],[121.2074,15.8982],[121.2673,15.7776],[121.3684,15.4707],[121.3026,15.1815],[121.2523,15.1825],[121.1636,15.245],[121.1177,15.2601],[120.9377,15.2207],[120.9063,15.2111],[120.8814,15.1732],[120.8454,15.1665],[120.8393,15.196],[120.7796,15.2256],[120.7763,15.2595]]]}},{"type":"Feature","id":"Nueva Vizcaya","properties":{"id":"Nueva Vizcaya","iso_code":"PH-NUV","name":"Nueva Vizcaya","name_full":"Nueva Vizcaya","name_ja":"ヌエヴァ・ヴィスカヤ","center_lonlat":[121.1495,16.3108]},"geometry":{"type":"Polygon","coordinates":[[[121.4477,15.9243],[121.2673,15.7776],[121.2074,15.8982],[121.1848,16.0498],[121.1675,16.0809],[121.095,16.1178],[121.0137,16.1358],[120.9444,16.1329],[120.8865,16.1007],[120.8638,16.1634],[120.7566,16.2007],[120.7545,16.2305],[120.7769,16.2906],[120.7987,16.3123],[120.8565,16.3254],[120.8915,16.39],[120.9065,16.4612],[120.9026,16.5974],[121.2802,16.6649],[121.3207,16.7085],[121.3354,16.7643],[121.3901,16.6943],[121.3996,16.6512],[121.3579,16.4335],[121.3893,16.4068],[121.4307,16.4026],[121.4217,16.3463],[121.2876,16.2596],[121.3216,16.1062],[121.4477,15.9243]]]}},{"type":"Feature","id":"Occidental Mindoro","properties":{"id":"Occidental Mindoro","iso_code":"PH-MDC","name":"Occidental Mindoro","name_full":"Occidental Mindoro","name_ja":"西ミンドロ","center_lonlat":[120.9198,12.9429]},"geometry":{"type":"MultiPolygon","coordinates":[[[[121.2478,12.2199],[121.2302,12.2143],[121.1937,12.2418],[121.1136,12.2513],[121.0933,12.3037],[121.1011,12.3305],[121.116,12.3052],[121.1426,12.31],[121.1216,12.31],[121.0944,12.3454],[121.0872,12.3237],[121.0506,12.3494],[120.9164,12.5124],[120.929,12.5776],[120.9221,12.6171],[120.8545,12.7153],[120.7979,12.7294],[120.782,12.8056],[120.7653,12.8314],[120.7796,12.8679],[120.7583,13.0024],[120.6649,13.1559],[120.6423,13.1833],[120.5946,13.1992],[120.5763,13.2214],[120.5148,13.2305],[120.5262,13.2492],[120.48,13.3015],[120.4525,13.4202],[120.4082,13.4205],[120.356,13.3805],[120.3276,13.3969],[120.3067,13.4443],[120.3215,13.4878],[120.3801,13.5264],[120.4717,13.5115],[120.5654,13.5131],[120.6902,13.4819],[120.7064,13.4904],[120.7546,13.4667],[120.8934,13.5047],[120.8918,13.4029],[120.7792,13.2551],[121.195,13.0775],[121.232,13.0558],[121.2475,13.0312],[121.2478,12.2199]]],[[[120.2609,13.7116],[120.2854,13.6914],[120.2643,13.6737],[120.2035,13.7358],[120.1082,13.7768],[120.0829,13.8179],[120.0857,13.8608],[120.1037,13.8663],[120.1687,13.8245],[120.2026,13.8246],[120.2376,13.8046],[120.2717,13.7525],[120.2527,13.7244],[120.2609,13.7116]]],[[[121.116,12.1968],[121.131,12.1644],[121.1189,12.1581],[121.0516,12.2209],[121.0396,12.2515],[121.0599,12.2784],[121.0881,12.2671],[121.116,12.1968]]]]}},{"type":"Feature","id":"Olongapo","properties":{"id":"Olongapo","iso_code":"PH-ZMB","name":"Olongapo","name_full":"Olongapo","name_ja":"オロンガポ","center_lonlat":[120.324,14.8783]},"geometry":{"type":"Polygon","coordinates":[[[120.2825,14.8061],[120.2922,14.8257],[120.2678,14.8295],[120.2598,14.8515],[120.2407,14.8524],[120.2093,14.88],[120.2793,14.9335],[120.3498,14.9127],[120.4549,14.9141],[120.4224,14.864],[120.342,14.8421],[120.2968,14.8024],[120.2825,14.8061]]]}},{"type":"Feature","id":"Oriental Mindoro","properties":{"id":"Oriental Mindoro","iso_code":"PH-MDR","name":"Oriental Mindoro","name_full":"Oriental Mindoro","name_ja":"東ミンドロ","center_lonlat":[121.2542,12.9777]},"geometry":{"type":"Polygon","coordinates":[[[120.8934,13.5047],[120.9154,13.5167],[120.9284,13.5049],[120.9502,13.5303],[120.9774,13.5303],[120.9797,13.5141],[120.957,13.503],[121.0269,13.4216],[121.1087,13.416],[121.1253,13.4048],[121.1216,13.372],[121.1411,13.4074],[121.1971,13.4409],[121.2178,13.4041],[121.3338,13.3106],[121.3762,13.2451],[121.4305,13.2243],[121.4436,13.1877],[121.4363,13.1461],[121.527,13.1408],[121.553,13.1113],[121.5492,13.0906],[121.4895,13.0368],[121.4819,12.9909],[121.492,12.9133],[121.4778,12.8587],[121.4856,12.7685],[121.5261,12.7045],[121.5457,12.6112],[121.4815,12.539],[121.4378,12.5216],[121.4436,12.482],[121.4263,12.4751],[121.43,12.4547],[121.4119,12.4432],[121.4124,12.415],[121.4436,12.3585],[121.3843,12.3686],[121.3816,12.3175],[121.3958,12.2895],[121.3547,12.3241],[121.273,12.269],[121.2478,12.2199],[121.2475,13.0312],[121.232,13.0558],[121.195,13.0775],[120.7792,13.2551],[120.8918,13.4029],[120.8934,13.5047]]]}},{"type":"Feature","id":"Ormoc","properties":{"id":"Ormoc","iso_code":"PH-LEY","name":"Ormoc","name_full":"Ormoc","name_ja":"オルモック","center_lonlat":[124.5784,11.0652]},"geometry":{"type":"Polygon","coordinates":[[[124.6223,11.002],[124.5825,11.001],[124.5496,10.9833],[124.4877,11.0659],[124.498,11.1094],[124.5588,11.1117],[124.6042,11.1568],[124.6701,11.0645],[124.6223,11.002]]]}},{"type":"Feature","id":"Palawan","properties":{"id":"Palawan","iso_code":"PH-PLW","name":"Palawan","name_full":"Palawan","name_ja":"パラワン","center_lonlat":[117.9226,9.0423]},"geometry":{"type":"MultiPolygon","coordinates":[[[[118.6388,9.5211],[118.4979,9.3137],[118.4308,9.2732],[118.3538,9.1832],[118.1891,9.156],[118.1321,9.1267],[118.113,9.049],[118.0955,9.046],[118.0584,8.9521],[118.0137,8.8876],[117.9104,8.8297],[117.7554,8.6902],[117.6673,8.6647],[117.5889,8.671],[117.5656,8.6611],[117.5581,8.5964],[117.5129,8.5068],[117.4935,8.4997],[117.4722,8.5138],[117.345,8.4713],[117.3044,8.4245],[117.27,8.4143],[117.1908,8.3383],[117.1904,8.3782],[117.2223,8.4382],[117.2223,8.5002],[117.27,8.589],[117.2639,8.6101],[117.28,8.605],[117.2915,8.6408],[117.3527,8.6989],[117.339,8.6989],[117.3596,8.7313],[117.4356,8.7731],[117.5198,8.8997],[117.6227,8.9918],[117.6555,9.0579],[117.7122,9.0816],[117.7295,9.0642],[117.7619,9.0779],[117.7913,9.1348],[117.784,9.1514],[117.8665,9.2036],[117.89,9.2506],[117.9045,9.2612],[117.9663,9.2573],[117.9895,9.2674],[118.0032,9.2333],[118.0544,9.2914],[118.1336,9.3432],[118.1336,9.3847],[118.1929,9.4218],[118.2163,9.478],[118.2772,9.5197],[118.3328,9.5864],[118.3491,9.6457],[118.3601,9.6584],[118.3823,9.6578],[118.6388,9.5211]]],[[[118.9934,10.3003],[119.0247,10.3096],[119.0339,10.3494],[119.0179,10.3574],[118.9844,10.3441],[118.9797,10.3681],[119.002,10.3975],[119.0275,10.4072],[119.072,10.3915],[119.0843,10.4228],[119.1067,10.4256],[119.0857,10.4666],[119.1204,10.4877],[119.1135,10.4666],[119.1272,10.3949],[119.1528,10.3985],[119.23,10.4854],[119.2781,10.5082],[119.2472,10.543],[119.2507,10.556],[119.2695,10.5485],[119.2908,10.5577],[119.3191,10.5901],[119.3421,10.7362],[119.3169,10.7727],[119.2917,10.7621],[119.2739,10.7717],[119.2661,10.8266],[119.2234,10.8508],[119.2576,10.8911],[119.2288,10.9162],[119.2371,10.9327],[119.2225,10.9417],[119.2319,10.9512],[119.2472,10.9498],[119.2507,10.9259],[119.2644,10.9396],[119.2731,10.9275],[119.2917,10.9327],[119.2781,10.9128],[119.2917,10.885],[119.2713,10.885],[119.2781,10.8749],[119.3128,10.8781],[119.3058,10.8571],[119.3333,10.8235],[119.3469,10.831],[119.3516,10.8107],[119.3864,10.7937],[119.405,10.7624],[119.4187,10.7699],[119.4451,10.7275],[119.4675,10.7327],[119.4397,10.796],[119.4568,10.831],[119.4182,10.8609],[119.3552,10.8778],[119.3469,10.8986],[119.3606,10.9327],[119.3247,10.9335],[119.32,11.0009],[119.3259,11.0228],[119.3406,11.0041],[119.3606,11.001],[119.3274,11.0644],[119.335,11.1029],[119.3773,11.0562],[119.4153,11.0562],[119.4321,11.1222],[119.388,11.1866],[119.4133,11.1967],[119.429,11.2275],[119.4255,11.3135],[119.4387,11.338],[119.4494,11.3306],[119.4738,11.3579],[119.4844,11.4105],[119.502,11.4233],[119.523,11.3399],[119.5388,11.3237],[119.5524,11.3374],[119.5671,11.3014],[119.561,11.2203],[119.5164,11.1175],[119.5618,11.059],[119.5724,11.0153],[119.5593,11.001],[119.5176,11.0119],[119.5046,10.9709],[119.5046,10.885],[119.5316,10.8198],[119.5934,10.8371],[119.6027,10.8244],[119.5908,10.6724],[119.6536,10.6751],[119.6685,10.6522],[119.6345,10.6522],[119.6628,10.571],[119.6719,10.5526],[119.7254,10.5186],[119.71,10.4945],[119.6685,10.4809],[119.5632,10.3735],[119.4631,10.3785],[119.356,10.3288],[119.2573,10.222],[119.2372,10.1793],[119.2207,10.0842],[119.1963,10.0563],[119.0834,10.1644],[119.0899,10.2037],[118.9934,10.3003]]],[[[120.3475,12.0295],[120.3491,12.007],[120.3264,11.9953],[120.2749,12.0034],[120.2376,11.9879],[120.1421,12.0295],[120.1346,11.9748],[120.1213,11.9794],[120.1141,11.9674],[120.0823,12.0015],[120.0391,11.9953],[120.0011,12.0112],[119.9424,12.0871],[119.9341,12.1348],[119.895,12.2077],[119.8604,12.1592],[119.8477,12.1667],[119.8672,12.194],[119.8723,12.2517],[119.9224,12.2765],[119.8807,12.269],[119.885,12.3227],[119.9269,12.3165],[119.9359,12.2765],[120.0049,12.2629],[120.0799,12.2008],[120.1141,12.194],[120.0969,12.186],[120.0942,12.1667],[120.117,12.1664],[120.1961,12.112],[120.2044,12.1284],[120.224,12.1257],[120.2297,12.2187],[120.2507,12.1855],[120.2583,12.1318],[120.2864,12.1354],[120.2922,12.1182],[120.2991,12.1257],[120.3421,12.0808],[120.3449,12.0533],[120.3152,12.0232],[120.3475,12.0295]]],[[[120.0247,11.893],[120.0833,11.8604],[120.0501,11.8543],[120.0518,11.831],[120.0391,11.8166],[120.0799,11.7893],[120.0526,11.7619],[120.0671,11.7418],[120.047,11.7089],[119.967,11.6644],[119.9546,11.6801],[119.9564,11.7347],[119.9844,11.7142],[119.9771,11.7414],[120.0049,11.7825],[119.9981,11.7961],[119.9771,11.7961],[119.9592,11.7659],[119.9292,11.7756],[119.9019,11.824],[119.9224,11.8377],[119.8745,11.893],[119.854,11.9544],[119.8916,11.9401],[119.8928,11.9626],[119.9197,11.9815],[119.9292,11.9612],[119.9639,11.9401],[119.9593,11.93],[120.0314,11.9245],[120.0031,11.9101],[120.0247,11.893]]],[[[119.9502,10.6037],[120.0112,10.5653],[119.9906,10.556],[119.9841,10.5313],[119.9502,10.5355],[119.9427,10.515],[119.9087,10.556],[119.9149,10.4809],[119.8853,10.48],[119.8771,10.4647],[119.8216,10.4486],[119.7886,10.457],[119.7783,10.5355],[119.7526,10.5398],[119.7954,10.5734],[119.8379,10.6375],[119.8596,10.6433],[119.9502,10.6037]]],[[[117.085,8.0578],[117.0803,8.0295],[117.0916,8.0115],[117.0715,7.9931],[117.0868,7.8721],[117.0557,7.8356],[117.0237,7.8218],[117.0342,7.8046],[117.0099,7.8003],[116.9959,7.8076],[116.9963,7.8393],[116.9558,7.9211],[116.9617,8.062],[116.9822,8.0273],[116.9968,8.0273],[117.0132,8.062],[117.0759,8.0696],[117.085,8.0578]]],[[[117.3255,8.3227],[117.3553,8.3027],[117.3489,8.2447],[117.3595,8.2191],[117.3425,8.1972],[117.2897,8.1843],[117.27,8.2675],[117.2796,8.3111],[117.2844,8.3227],[117.3255,8.3227]]],[[[119.8672,11.5156],[119.8698,11.4406],[119.8329,11.3784],[119.8206,11.3996],[119.8329,11.4262],[119.7954,11.433],[119.7708,11.4063],[119.7162,11.4604],[119.7287,11.478],[119.7708,11.4404],[119.7852,11.4945],[119.8125,11.4604],[119.8236,11.4726],[119.8329,11.4604],[119.8445,11.4907],[119.826,11.5087],[119.8484,11.5207],[119.8672,11.5156]]],[[[118.5376,7.0063],[118.5205,7.0134],[118.5308,6.9789],[118.5031,6.9714],[118.4452,6.9823],[118.4273,7.0182],[118.4563,7.041],[118.5103,7.0472],[118.5325,7.0351],[118.5376,7.0063]]],[[[120.2852,11.9302],[120.2634,11.9162],[120.2783,11.824],[120.2679,11.8162],[120.2033,11.9476],[120.2679,11.9681],[120.282,11.958],[120.2852,11.9302]]],[[[121.0945,10.8958],[121.0807,10.8417],[121.0872,10.8235],[121.0347,10.8198],[121.0176,10.8341],[121.0321,10.8705],[121.0858,10.9089],[121.0945,10.8958]]],[[[119.6321,11.0699],[119.648,11.0153],[119.6131,11.0084],[119.5798,11.046],[119.5798,11.0978],[119.6321,11.0699]]],[[[117.2428,8.3153],[117.2608,8.3211],[117.2639,8.301],[117.2146,8.2651],[117.1901,8.262],[117.1814,8.288],[117.2428,8.3432],[117.2428,8.3153]]],[[[117.0305,8.0683],[116.9959,8.103],[117.0454,8.1358],[117.0681,8.0862],[117.0305,8.0683]]],[[[119.6131,11.2003],[119.6284,11.1902],[119.6277,11.173],[119.5895,11.1418],[119.5701,11.1444],[119.5729,11.1791],[119.6131,11.2003]]],[[[117.1677,8.1781],[117.1897,8.1767],[117.2057,8.1555],[117.1618,8.1567],[117.1548,8.1804],[117.1677,8.1781]]],[[[121.2525,9.6312],[121.2109,9.5759],[121.2586,9.6448],[121.2525,9.6312]]]]}},{"type":"Feature","id":"Pampanga","properties":{"id":"Pampanga","iso_code":"PH-PAM","name":"Pampanga","name_full":"Pampanga","name_ja":"パンパンガ","center_lonlat":[120.6506,15.0623]},"geometry":{"type":"Polygon","coordinates":[[[120.6638,14.779],[120.6321,14.7955],[120.6213,14.8729],[120.6213,14.8319],[120.5939,14.8183],[120.6013,14.9008],[120.5857,14.9028],[120.5735,14.8388],[120.5527,14.8499],[120.5454,14.8271],[120.4832,14.8723],[120.4601,14.9415],[120.4276,14.9948],[120.4257,15.0443],[120.3625,15.1144],[120.3621,15.1441],[120.3806,15.169],[120.4028,15.1709],[120.4654,15.2211],[120.5562,15.2542],[120.7479,15.2737],[120.7763,15.2595],[120.7796,15.2256],[120.8393,15.196],[120.8454,15.1665],[120.8814,15.1732],[120.9063,15.2111],[120.9377,15.2207],[120.9198,15.1665],[120.9388,15.1432],[120.9409,15.1102],[120.9051,15.0152],[120.8751,15.0026],[120.8839,14.9847],[120.8299,14.9367],[120.7265,14.894],[120.6638,14.779]],[[120.5926,15.1032],[120.637,15.1163],[120.637,15.1789],[120.5691,15.1763],[120.5117,15.145],[120.5534,15.1346],[120.5926,15.1032]]]}},{"type":"Feature","id":"Pangasinan","properties":{"id":"Pangasinan","iso_code":"PH-PAN","name":"Pangasinan","name_full":"Pangasinan","name_ja":"パンガシナン","center_lonlat":[120.6262,15.9912]},"geometry":{"type":"MultiPolygon","coordinates":[[[[119.8888,15.8014],[119.8986,15.8532],[119.8672,15.935],[119.8283,15.9557],[119.7708,15.915],[119.7559,15.9446],[119.7578,16.059],[119.7783,16.1378],[119.761,16.162],[119.7557,16.2034],[119.7819,16.3223],[119.8125,16.3675],[119.8703,16.3854],[119.9164,16.3808],[119.9258,16.3451],[119.9019,16.2508],[119.9702,16.2265],[120.0151,16.1819],[120.0501,16.1809],[120.0877,16.1572],[120.1056,16.0696],[120.1192,16.0557],[120.2085,16.0327],[120.2577,16.0522],[120.2963,15.9827],[120.3406,15.9936],[120.4023,16.0422],[120.3958,16.072],[120.3652,16.1087],[120.4021,16.1655],[120.4014,16.2095],[120.4806,16.2036],[120.509,16.2104],[120.526,16.2321],[120.6705,16.1869],[120.7566,16.2007],[120.8638,16.1634],[120.8865,16.1007],[120.926,15.9776],[120.9191,15.9365],[120.8843,15.8996],[120.8388,15.8047],[120.8118,15.7923],[120.7676,15.8443],[120.6273,15.8187],[120.6012,15.8698],[120.5628,15.7676],[120.5367,15.7427],[120.4907,15.7157],[120.3952,15.7529],[120.3575,15.7183],[120.3316,15.6653],[120.247,15.614],[120.1384,15.8209],[120.0835,15.8237],[120.0083,15.8525],[119.9462,15.8017],[119.8888,15.8014]]],[[[120.0051,16.2686],[120.0122,16.2415],[119.9929,16.2302],[119.9224,16.3038],[119.943,16.3293],[119.9841,16.3487],[120.0056,16.3118],[120.0051,16.2686]]]]}},{"type":"Feature","id":"Paranaque","properties":{"id":"Paranaque","iso_code":"PH-MNL","name":"Paranaque","name_full":"Parañaque","name_ja":"パラニャーケ","center_lonlat":[121.0201,14.4873]},"geometry":{"type":"Polygon","coordinates":[[[120.9734,14.506],[120.9844,14.534],[121.0058,14.5318],[121.0075,14.5098],[121.0446,14.5072],[121.0571,14.502],[121.0559,14.4649],[121.0559,14.4494],[121.033,14.4386],[120.9734,14.506]]]}},{"type":"Feature","id":"Pasay","properties":{"id":"Pasay","iso_code":"PH-MNL","name":"Pasay","name_full":"Pasay","name_ja":"パサイ","center_lonlat":[121.0103,14.533]},"geometry":{"type":"Polygon","coordinates":[[[120.9844,14.534],[120.9802,14.5574],[121.0062,14.5577],[121.0321,14.5275],[121.0446,14.5072],[121.0075,14.5098],[121.0058,14.5318],[120.9844,14.534]]]}},{"type":"Feature","id":"Pasig","properties":{"id":"Pasig","iso_code":"PH-MNL","name":"Pasig","name_full":"Pasig","name_ja":"パシッグ","center_lonlat":[121.1006,14.5674]},"geometry":{"type":"Polygon","coordinates":[[[121.1184,14.6091],[121.1253,14.5249],[121.0917,14.543],[121.0805,14.5478],[121.0645,14.5646],[121.0714,14.5836],[121.096,14.5845],[121.1038,14.5974],[121.0921,14.6086],[121.1184,14.6091]]]}},{"type":"Feature","id":"Pateros","properties":{"id":"Pateros","iso_code":"PH-MNL","name":"Pateros","name_full":"Pateros","name_ja":"パテロス","center_lonlat":[121.0832,14.5419]},"geometry":{"type":"Polygon","coordinates":[[[121.0774,14.5348],[121.0805,14.5478],[121.0917,14.543],[121.0774,14.5348]]]}},{"type":"Feature","id":"Puerto Princesa","properties":{"id":"Puerto Princesa","iso_code":"PH-PLW","name":"Puerto Princesa","name_full":"Puerto Princesa","name_ja":"プエルト・プリンセサ","center_lonlat":[118.6955,9.9145]},"geometry":{"type":"Polygon","coordinates":[[[118.3823,9.6578],[118.5305,9.7742],[118.668,9.9744],[118.6565,9.9962],[118.7225,10.0358],[118.7717,10.1308],[118.7766,10.0831],[118.763,10.0692],[118.7795,10.0563],[118.8011,10.049],[118.8324,10.0836],[118.8386,10.0999],[118.8123,10.1521],[118.8158,10.1889],[118.8911,10.2133],[118.9336,10.2097],[118.9583,10.2353],[118.9497,10.2822],[118.9934,10.3003],[119.0899,10.2037],[119.0834,10.1644],[119.1963,10.0563],[119.072,10.008],[119.0247,10.008],[118.9729,9.9845],[118.8748,9.9719],[118.8193,9.939],[118.7966,9.9452],[118.7742,9.9341],[118.7505,9.8875],[118.7847,9.7882],[118.7778,9.7342],[118.7649,9.7287],[118.7356,9.7435],[118.7297,9.7804],[118.7009,9.7755],[118.7163,9.6926],[118.7429,9.6968],[118.7583,9.6833],[118.7564,9.6677],[118.73,9.6653],[118.6989,9.5837],[118.6692,9.57],[118.6388,9.5211],[118.3823,9.6578]]]}},{"type":"Feature","id":"Quezon","properties":{"id":"Quezon","iso_code":"PH-QUE","name":"Quezon","name_full":"Quezon","name_ja":"ケソン","center_lonlat":[121.6661,14.0978]},"geometry":{"type":"MultiPolygon","coordinates":[[[[121.4462,15.2079],[121.4815,15.1825],[121.5081,15.0628],[121.5601,14.9897],[121.5818,14.9197],[121.615,14.8729],[121.5945,14.8592],[121.6499,14.7922],[121.7249,14.7308],[121.7261,14.7202],[121.6492,14.7105],[121.6139,14.6899],[121.6082,14.6302],[121.6624,14.4174],[121.7347,14.3287],[121.7316,14.2804],[121.759,14.2466],[121.7316,14.1882],[121.78,14.1262],[121.9363,13.9952],[122.0879,13.9378],[122.2319,13.9064],[122.2332,13.9331],[122.1834,13.989],[122.2024,13.9946],[122.2933,13.9701],[122.2964,14.0028],[122.3137,14.0163],[122.2087,14.0876],[122.1862,14.1105],[122.1629,14.1678],[122.1834,14.1467],[122.1956,14.1838],[122.2319,14.2019],[122.2444,14.196],[122.2517,14.2503],[122.2637,14.2474],[122.2593,14.1882],[122.2715,14.1367],[122.2844,14.1259],[122.2933,14.1404],[122.3001,14.092],[122.31,14.0963],[122.3095,14.0801],[122.3299,14.078],[122.4357,14.1479],[122.4798,14.1508],[122.8159,13.9937],[122.6151,13.964],[122.558,13.9333],[122.5369,13.9611],[122.5159,13.9344],[122.4595,13.9379],[122.4163,13.9617],[122.4131,13.9481],[122.5096,13.82],[122.5125,13.7358],[122.4906,13.7406],[122.4855,13.7216],[122.4976,13.652],[122.55,13.5952],[122.636,13.5371],[122.6323,13.5207],[122.5671,13.5639],[122.6543,13.4404],[122.6727,13.3793],[122.6907,13.2287],[122.5881,13.174],[122.5051,13.2392],[122.5193,13.3106],[122.5011,13.3681],[122.4026,13.4962],[122.3952,13.5229],[122.3413,13.5611],[122.319,13.5922],[122.2586,13.592],[122.2593,13.606],[122.194,13.6228],[122.0931,13.7806],[122.0599,13.8046],[122.0537,13.7851],[121.9894,13.81],[121.937,13.8518],[121.8272,13.8997],[121.7863,13.9487],[121.7249,13.9691],[121.69,13.926],[121.6369,13.9096],[121.5819,13.9964],[121.4984,13.9572],[121.5493,13.8782],[121.4944,13.8581],[121.4546,13.8192],[121.3955,13.8422],[121.3198,13.8984],[121.2645,13.9615],[121.4165,14.051],[121.5037,14.0745],[121.5945,14.2195],[121.5903,14.3133],[121.5223,14.4717],[121.4605,14.5715],[121.3546,14.7472],[121.3421,14.8893],[121.3301,15.0324],[121.3568,15.0287],[121.3559,15.0554],[121.3946,15.1028],[121.4032,15.1371],[121.3962,15.1607],[121.3846,15.161],[121.4095,15.202],[121.4462,15.2079]]],[[[122.0054,15.0107],[122.0482,14.9995],[122.0579,14.9833],[122.0531,14.9622],[122.0315,14.9877],[122.0054,14.9902],[121.9927,14.9692],[122.0054,14.9691],[122.0129,14.9329],[121.9681,14.9026],[121.978,14.8388],[121.9966,14.8414],[122.0088,14.8246],[122.0237,14.7226],[122.0042,14.6737],[121.9402,14.6401],[121.9167,14.6491],[121.9087,14.671],[121.916,14.7221],[121.9349,14.7258],[121.9338,14.765],[121.9194,14.8102],[121.8836,14.8364],[121.8775,14.8944],[121.8477,14.9355],[121.8184,14.946],[121.8264,15.0122],[121.8442,15.0454],[121.8937,15.0246],[121.9099,15.0502],[121.928,15.0522],[122.0051,15.0386],[122.0054,15.0107]]],[[[122.1047,14.1026],[122.1727,14.0535],[122.1834,14.0306],[122.177,14.0071],[122.1361,14.0192],[121.9652,14.143],[121.9299,14.1911],[121.9266,14.2213],[121.9451,14.2326],[121.964,14.2261],[122.1047,14.1026]]],[[[122.2354,14.7978],[122.257,14.767],[122.2566,14.7459],[122.2422,14.7363],[122.1629,14.7978],[122.1213,14.8069],[122.1057,14.8439],[122.1221,14.8388],[122.1358,14.8524],[122.146,14.8336],[122.2039,14.8388],[122.1926,14.8248],[122.1971,14.8039],[122.2354,14.7978]]],[[[122.4118,14.7258],[122.4196,14.7051],[122.3978,14.6859],[122.3193,14.6835],[122.3164,14.6989],[122.3416,14.7126],[122.397,14.7322],[122.4118,14.7258]]]]}},{"type":"Feature","id":"Quezon City","properties":{"id":"Quezon City","iso_code":"PH-MNL","name":"Quezon City","name_full":"Quezon City","name_ja":"ケソン市","center_lonlat":[121.0769,14.671]},"geometry":{"type":"Polygon","coordinates":[[[121.1543,14.7584],[121.1374,14.7386],[121.1461,14.7187],[121.1262,14.6635],[121.0951,14.6445],[121.0921,14.6086],[121.1038,14.5974],[121.096,14.5845],[121.0714,14.5836],[121.0714,14.594],[121.0347,14.6069],[121.0299,14.5974],[121.001,14.6274],[121.0356,14.6792],[121.0256,14.6948],[121.0261,14.7081],[121.0507,14.725],[121.0891,14.728],[121.1158,14.7528],[121.1543,14.7584]]]}},{"type":"Feature","id":"Quirino","properties":{"id":"Quirino","iso_code":"PH-QUI","name":"Quirino","name_full":"Quirino","name_ja":"キリノ","center_lonlat":[121.5715,16.3027]},"geometry":{"type":"Polygon","coordinates":[[[122.0375,16.5076],[121.8724,16.2819],[121.4477,15.9243],[121.3216,16.1062],[121.2876,16.2596],[121.4217,16.3463],[121.4307,16.4026],[121.3893,16.4068],[121.3579,16.4335],[121.3996,16.6512],[121.4276,16.6355],[121.488,16.6295],[121.5405,16.6296],[121.5699,16.6106],[121.752,16.3957],[122.0375,16.5076]]]}},{"type":"Feature","id":"Rizal","properties":{"id":"Rizal","iso_code":"PH-RIZ","name":"Rizal","name_full":"Rizal","name_ja":"リサール","center_lonlat":[121.2746,14.6193]},"geometry":{"type":"Polygon","coordinates":[[[121.3421,14.8893],[121.3546,14.7472],[121.4605,14.5715],[121.3859,14.5322],[121.3668,14.5013],[121.3595,14.4665],[121.3717,14.3684],[121.3884,14.3451],[121.3092,14.2905],[121.3063,14.3195],[121.3381,14.4165],[121.3232,14.4659],[121.2859,14.4893],[121.2774,14.509],[121.2609,14.5144],[121.2468,14.5025],[121.2343,14.4679],[121.2377,14.394],[121.2628,14.3496],[121.2423,14.3018],[121.2265,14.3196],[121.2054,14.4201],[121.1723,14.5024],[121.1394,14.5274],[121.1253,14.5249],[121.1184,14.6091],[121.131,14.6276],[121.1474,14.625],[121.1521,14.6458],[121.1262,14.6635],[121.1461,14.7187],[121.1374,14.7386],[121.1543,14.7584],[121.2058,14.8264],[121.2684,14.8486],[121.3081,14.8905],[121.3421,14.8893]]]}},{"type":"Feature","id":"Romblon","properties":{"id":"Romblon","iso_code":"PH-ROM","name":"Romblon","name_full":"Romblon","name_ja":"ロンブロン","center_lonlat":[122.036,12.4114]},"geometry":{"type":"MultiPolygon","coordinates":[[[[122.1152,12.6663],[122.1457,12.6575],[122.1563,12.6321],[122.1289,12.6254],[122.1358,12.5608],[122.0989,12.3864],[122.0365,12.2141],[122.0612,12.1881],[122.0599,12.1728],[122.0469,12.1872],[122.0228,12.1628],[122.0122,12.1046],[121.9911,12.1285],[121.9917,12.1592],[121.965,12.1614],[121.959,12.1778],[121.9637,12.2281],[121.9872,12.2001],[121.9998,12.2106],[122.0021,12.2444],[121.9712,12.256],[121.9207,12.3029],[121.9241,12.3393],[121.9466,12.3994],[121.9783,12.4118],[121.9932,12.4418],[121.9959,12.5927],[122.105,12.6418],[122.1152,12.6663]]],[[[122.6875,12.4028],[122.6702,12.3175],[122.6118,12.2765],[122.5535,12.3175],[122.512,12.3776],[122.4319,12.4097],[122.423,12.4629],[122.4446,12.4837],[122.4811,12.4934],[122.6321,12.4845],[122.6875,12.4028]]],[[[122.2796,12.6055],[122.3113,12.5367],[122.3098,12.5011],[122.2796,12.4745],[122.2546,12.5112],[122.2456,12.5707],[122.2796,12.6191],[122.2796,12.6055]]],[[[121.724,12.914],[121.7178,12.8996],[121.6991,12.9053],[121.6828,12.9244],[121.6886,12.9472],[121.7183,12.9473],[121.7317,12.9288],[121.724,12.914]]]]}},{"type":"Feature","id":"Samar","properties":{"id":"Samar","iso_code":"PH-WSA","name":"Samar","name_full":"Samar","name_ja":"サマル","center_lonlat":[124.9781,11.8364]},"geometry":{"type":"MultiPolygon","coordinates":[[[[125.2414,11.0944],[125.2189,11.1181],[125.1987,11.2275],[125.1724,11.2652],[125.1328,11.2821],[125.001,11.2898],[124.9917,11.318],[125.007,11.4262],[124.938,11.4628],[124.9115,11.5019],[124.8875,11.4655],[124.8561,11.473],[124.8283,11.5087],[124.8699,11.5429],[124.9001,11.5488],[124.8903,11.5702],[124.9487,11.5702],[124.9778,11.5928],[125.0002,11.6248],[124.9968,11.6834],[125.0344,11.7279],[125.0554,11.7142],[125.0437,11.7578],[125.0036,11.7756],[124.9282,11.7414],[124.8924,11.7615],[124.8335,11.8454],[124.7941,11.8581],[124.8079,11.865],[124.7941,11.8712],[124.8079,11.8991],[124.8283,11.8854],[124.824,11.9058],[124.7949,11.9164],[124.7786,11.8992],[124.7611,11.9013],[124.752,11.9103],[124.7673,11.9202],[124.7621,11.929],[124.7395,11.9265],[124.7293,11.978],[124.6799,12.0297],[124.6004,12.0546],[124.5693,12.0508],[124.4932,12.0978],[124.4248,12.1728],[124.4309,12.1803],[124.4072,12.1938],[124.3705,12.29],[124.428,12.2917],[124.4702,12.3309],[124.4871,12.3305],[124.6792,12.2305],[124.7546,12.2582],[124.8218,12.2262],[124.8456,12.2269],[124.9001,12.2575],[125.03,12.2552],[125.0697,12.2875],[125.1333,12.2983],[125.1618,12.3157],[125.141,12.1918],[125.1066,12.1296],[125.1226,11.9979],[125.2037,12.0154],[125.2431,11.967],[125.28,11.5599],[125.3492,11.4145],[125.3348,11.3439],[125.2664,11.2006],[125.2414,11.0944]]],[[[124.8152,11.6323],[124.8286,11.6134],[124.8562,11.6049],[124.846,11.5488],[124.8316,11.5363],[124.8088,11.5773],[124.7879,11.5702],[124.7761,11.6298],[124.7406,11.6506],[124.7224,11.6933],[124.7327,11.7216],[124.7894,11.6849],[124.8137,11.6553],[124.8152,11.6323]]],[[[124.2062,12.0812],[124.2293,12.0636],[124.1785,12.0396],[124.1502,12.0439],[124.1654,12.0754],[124.2062,12.0812]]]]}},{"type":"Feature","id":"San Juan","properties":{"id":"San Juan","iso_code":"PH-MNL","name":"San Juan","name_full":"San Juan","name_ja":"サンフアン","center_lonlat":[121.0457,14.5967]},"geometry":{"type":"Polygon","coordinates":[[[121.0714,14.594],[121.0373,14.5888],[121.0299,14.5974],[121.0347,14.6069],[121.0714,14.594]]]}},{"type":"Feature","id":"Santiago","properties":{"id":"Santiago","iso_code":"PH-ISA","name":"Santiago","name_full":"Santiago","name_ja":"サンティアゴ","center_lonlat":[121.4861,16.7313]},"geometry":{"type":"Polygon","coordinates":[[[121.5699,16.6106],[121.5405,16.6296],[121.488,16.6295],[121.5036,16.68],[121.4763,16.7226],[121.3901,16.6943],[121.3354,16.7643],[121.3462,16.7847],[121.4096,16.8048],[121.4264,16.8316],[121.479,16.8307],[121.6081,16.7139],[121.6028,16.6434],[121.5699,16.6106]]]}},{"type":"Feature","id":"Sarangani","properties":{"id":"Sarangani","iso_code":"PH-SAR","name":"Sarangani","name_full":"Sarangani","name_ja":"サランガニ","center_lonlat":[125.3459,6.0227]},"geometry":{"type":"MultiPolygon","coordinates":[[[[125.3065,5.5836],[125.2883,5.706],[125.2378,5.728],[125.221,5.7664],[125.1914,5.7792],[125.1812,5.7983],[125.209,5.8769],[125.278,5.9792],[125.2767,6.036],[125.2603,6.0845],[125.2401,6.0942],[125.2342,6.1583],[125.2719,6.2661],[125.1374,6.3207],[125.0754,6.3425],[125.0958,6.3901],[125.1408,6.4349],[125.1674,6.4197],[125.1677,6.3951],[125.263,6.3243],[125.3815,6.3162],[125.3967,6.3059],[125.4462,6.3137],[125.5111,6.2169],[125.5047,6.1365],[125.5297,6.0782],[125.4782,5.9148],[125.4789,5.8355],[125.462,5.8301],[125.3766,5.6337],[125.3065,5.5836]]],[[[125.1122,5.9534],[125.0691,5.8617],[125.0022,5.872],[124.9636,5.8586],[124.9387,5.864],[124.8374,5.9123],[124.7679,5.9381],[124.7327,5.9374],[124.6433,5.9853],[124.6365,5.9784],[124.6058,5.9923],[124.5859,6.0227],[124.3703,6.1326],[124.3829,6.1622],[124.3964,6.213],[124.4867,6.1769],[124.6319,6.0858],[124.7894,6.0117],[125.0482,6.0049],[125.0531,5.9581],[125.1122,5.9534]]]]}},{"type":"Feature","id":"Siquijor","properties":{"id":"Siquijor","iso_code":"PH-SIG","name":"Siquijor","name_full":"Siquijor","name_ja":"シキホル","center_lonlat":[123.6078,9.1855]},"geometry":{"type":"Polygon","coordinates":[[[123.698,9.165],[123.7224,9.1491],[123.7033,9.1284],[123.653,9.123],[123.6323,9.0983],[123.5612,9.1142],[123.4712,9.1855],[123.5,9.2203],[123.5176,9.2099],[123.565,9.2261],[123.6025,9.2554],[123.6144,9.2893],[123.6421,9.2936],[123.6792,9.2453],[123.7039,9.2333],[123.6838,9.1997],[123.698,9.165]]]}},{"type":"Feature","id":"Sorsogon","properties":{"id":"Sorsogon","iso_code":"PH-SOR","name":"Sorsogon","name_full":"Sorsogon","name_ja":"ソルソゴン","center_lonlat":[124.0392,12.8609]},"geometry":{"type":"Polygon","coordinates":[[[123.9354,13.1185],[124.0081,13.08],[124.0816,13.0095],[124.1162,13.0744],[124.1846,13.0573],[124.1858,13.0208],[124.153,13.0013],[124.1162,12.9164],[124.1428,12.8144],[124.1294,12.6772],[124.0884,12.6288],[124.0951,12.5937],[124.0816,12.5837],[124.0952,12.5571],[124.0549,12.5373],[123.9832,12.5468],[123.9334,12.6222],[123.9143,12.6191],[123.8786,12.6452],[123.8425,12.7162],[123.8421,12.8012],[123.7936,12.8314],[123.8387,12.8393],[123.863,12.8724],[123.9067,12.8416],[123.9404,12.8483],[123.9588,12.88],[124.0025,12.8797],[124.0293,12.9118],[124.0252,12.9553],[123.9587,12.9543],[123.8934,12.9748],[123.8394,12.8882],[123.7839,12.8649],[123.7632,12.8786],[123.7254,12.8451],[123.7117,12.8724],[123.7327,12.8899],[123.6901,12.8887],[123.698,12.8649],[123.6773,12.8842],[123.6983,12.9309],[123.6685,12.9241],[123.6489,12.8863],[123.6157,12.8895],[123.4962,12.9744],[123.5523,13.0177],[123.6569,13.0447],[123.7887,13.0308],[123.908,13.0541],[123.9354,13.1185]]]}},{"type":"Feature","id":"South Cotabato","properties":{"id":"South Cotabato","iso_code":"PH-SCO","name":"South Cotabato","name_full":"South Cotabato","name_ja":"南コタバト","center_lonlat":[124.8116,6.3033]},"geometry":{"type":"Polygon","coordinates":[[[125.1765,6.5633],[125.1587,6.4646],[125.1408,6.4349],[125.0958,6.3901],[125.0754,6.3425],[125.1374,6.3207],[125.1025,6.2517],[125.1191,6.1908],[125.036,6.1964],[125.036,6.0635],[125.0482,6.0049],[124.7894,6.0117],[124.6319,6.0858],[124.4867,6.1769],[124.3964,6.213],[124.3829,6.1622],[124.3097,6.2209],[124.2493,6.2925],[124.6417,6.2923],[124.6491,6.3312],[124.6285,6.3997],[124.6364,6.4433],[124.6064,6.5105],[124.634,6.6394],[124.673,6.5905],[124.7517,6.6367],[124.8302,6.5368],[124.8557,6.5315],[124.9258,6.5618],[125.1765,6.5633]]]}},{"type":"Feature","id":"Southern Leyte","properties":{"id":"Southern Leyte","iso_code":"PH-SLE","name":"Southern Leyte","name_full":"Southern Leyte","name_ja":"南レイテ","center_lonlat":[125.1562,10.3382]},"geometry":{"type":"MultiPolygon","coordinates":[[[[125.1678,10.6221],[125.1941,10.603],[125.1852,10.5324],[125.1987,10.4331],[125.2189,10.3984],[125.2322,10.3869],[125.2466,10.3983],[125.2666,10.3684],[125.2759,10.3004],[125.26,10.2611],[125.2293,10.2543],[125.1409,10.2788],[125.1367,10.2286],[125.1511,10.1855],[125.117,10.1975],[125.0689,10.2672],[125.0415,10.3286],[125.0418,10.3642],[124.991,10.3813],[124.9797,10.3642],[124.993,10.3349],[125.0002,10.1997],[125.0422,10.049],[125.0317,10.0203],[124.9622,10.0673],[124.9541,10.0861],[124.9177,10.0973],[124.8828,10.135],[124.7804,10.1519],[124.766,10.1854],[124.8366,10.2275],[124.8622,10.2621],[124.9037,10.2757],[124.8839,10.4349],[124.9104,10.4924],[124.9425,10.5158],[125.061,10.5319],[125.1205,10.5985],[125.1678,10.6221]]],[[[125.2951,9.9706],[125.3049,9.9328],[125.2739,9.9191],[125.1987,10.0358],[125.1458,10.0707],[125.1258,10.1298],[125.1245,10.1518],[125.1375,10.1655],[125.2293,10.1212],[125.2534,10.0358],[125.2951,9.9706]]]]}},{"type":"Feature","id":"Sultan Kudarat","properties":{"id":"Sultan Kudarat","iso_code":"PH-SUK","name":"Sultan Kudarat","name_full":"Sultan Kudarat","name_ja":"スルタン・クダラット","center_lonlat":[124.4903,6.5526]},"geometry":{"type":"Polygon","coordinates":[[[124.3703,6.1326],[124.2288,6.197],[124.2017,6.2217],[124.1648,6.2943],[124.072,6.4015],[124.033,6.5424],[124.0558,6.5527],[124.0372,6.7586],[124.2224,6.7618],[124.2457,6.7572],[124.2478,6.7305],[124.2668,6.7269],[124.5195,6.7337],[124.5582,6.7542],[124.577,6.793],[124.5667,6.8298],[124.6428,6.8603],[124.6389,6.8436],[124.7111,6.8459],[124.6937,6.7781],[124.7201,6.7719],[124.7783,6.6822],[124.836,6.6418],[124.9086,6.6394],[124.8765,6.6837],[124.8965,6.7289],[125.1497,6.7822],[125.1549,6.7351],[125.1922,6.6785],[125.1765,6.5633],[124.9258,6.5618],[124.8557,6.5315],[124.8302,6.5368],[124.7517,6.6367],[124.673,6.5905],[124.634,6.6394],[124.6064,6.5105],[124.6364,6.4433],[124.6285,6.3997],[124.6491,6.3312],[124.6417,6.2923],[124.2493,6.2925],[124.3097,6.2209],[124.3829,6.1622],[124.3703,6.1326]]]}},{"type":"Feature","id":"Sulu","properties":{"id":"Sulu","iso_code":"PH-SLU","name":"Sulu","name_full":"Sulu","name_ja":"スールー","center_lonlat":[121.132,5.9779]},"geometry":{"type":"MultiPolygon","coordinates":[[[[121.3816,6.0057],[121.4212,5.9871],[121.4287,5.9698],[121.4194,5.948],[121.3918,5.9399],[121.3895,5.9099],[121.3406,5.9033],[121.2925,5.8588],[121.2617,5.872],[121.2525,5.9163],[121.2278,5.9421],[121.1895,5.9403],[121.0811,5.8882],[121.0498,5.9163],[121.0083,5.9238],[120.9341,5.8857],[120.8919,5.9201],[120.8718,5.961],[120.9055,6.015],[121.0017,6.0576],[121.0422,6.0971],[121.1148,6.0951],[121.1594,6.0746],[121.179,6.0636],[121.2178,5.9989],[121.2713,6.0262],[121.3166,6.0061],[121.3816,6.0057]]],[[[120.5881,6.3808],[120.6043,6.3297],[120.5773,6.2515],[120.5456,6.2385],[120.4946,6.2493],[120.492,6.2674],[120.5221,6.2772],[120.5627,6.362],[120.5881,6.3808]]],[[[120.8607,5.5744],[120.9046,5.538],[120.8978,5.4985],[120.8508,5.5054],[120.8237,5.5336],[120.8244,5.5532],[120.8607,5.5744]]],[[[121.9024,6.0336],[121.9404,6.0461],[121.9432,6.0336],[121.8577,6.0023],[121.8049,6.0372],[121.7766,6.0774],[121.8709,6.0331],[121.9024,6.0336]]],[[[121.2175,5.8207],[121.2346,5.8107],[121.2311,5.8009],[121.1621,5.7876],[121.135,5.8071],[121.1423,5.8339],[121.1629,5.848],[121.2175,5.8207]]],[[[120.8601,5.7038],[120.8827,5.6853],[120.7993,5.6676],[120.8074,5.6957],[120.8601,5.7038]]],[[[120.9043,5.7591],[120.9294,5.7332],[120.9099,5.7],[120.8909,5.7098],[120.9043,5.7591]]]]}},{"type":"Feature","id":"Surigao del Sur","properties":{"id":"Surigao del Sur","iso_code":"PH-SUR","name":"Surigao del Sur","name_full":"Surigao del Sur","name_ja":"南スリガオ","center_lonlat":[126.109,8.7843]},"geometry":{"type":"Polygon","coordinates":[[[125.9341,9.4923],[125.9524,9.453],[125.9728,9.4803],[125.9712,9.4541],[125.9203,9.4269],[125.911,9.4049],[125.9558,9.3818],[125.9939,9.3978],[125.9966,9.3247],[126.058,9.246],[126.0891,9.2409],[126.1434,9.2614],[126.2,9.3084],[126.2199,9.3056],[126.2246,9.291],[126.1934,9.2164],[126.179,9.093],[126.2171,9.0725],[126.2402,9.0285],[126.3128,8.9562],[126.3359,8.8845],[126.3324,8.8611],[126.3455,8.8533],[126.3001,8.7683],[126.2341,8.7336],[126.2341,8.7192],[126.2615,8.6989],[126.2546,8.6852],[126.1978,8.6883],[126.1384,8.654],[126.1105,8.6071],[126.1585,8.5276],[126.2288,8.5215],[126.2402,8.5276],[126.2142,8.5482],[126.2205,8.5555],[126.3569,8.5344],[126.3701,8.5418],[126.4053,8.4926],[126.398,8.4792],[126.4116,8.4661],[126.3701,8.4556],[126.3669,8.4321],[126.3838,8.432],[126.3877,8.4154],[126.3801,8.3956],[126.3325,8.3471],[126.3569,8.3119],[126.3884,8.2929],[126.3386,8.2146],[126.3616,8.1872],[126.4233,8.211],[126.4593,8.2402],[126.4539,8.1293],[126.4662,8.0955],[126.4429,8.0814],[126.4315,8.0456],[126.4343,8.0059],[126.4531,7.9801],[126.3955,7.9333],[126.3835,7.8996],[126.314,7.9402],[126.2912,7.9958],[126.278,8.0532],[126.2175,8.154],[126.205,8.2148],[126.2228,8.3488],[126.1004,8.3729],[126.069,8.3907],[126.0557,8.4357],[125.9982,8.5318],[125.9913,8.5689],[126.0221,8.6216],[126.0326,8.6676],[125.9523,8.7551],[125.9515,8.8011],[125.8738,8.8791],[125.8492,8.951],[125.8021,8.9667],[125.8025,9.111],[125.767,9.2124],[125.7366,9.2506],[125.7292,9.3133],[125.9341,9.4923]]]}},{"type":"Feature","id":"Tacloban","properties":{"id":"Tacloban","iso_code":"PH-LEY","name":"Tacloban","name_full":"Tacloban","name_ja":"タクロバン","center_lonlat":[124.9741,11.254]},"geometry":{"type":"Polygon","coordinates":[[[124.9756,11.3344],[124.9652,11.3064],[124.974,11.2771],[125.0194,11.2526],[125.0234,11.2279],[125.0418,11.248],[125.0387,11.1979],[124.9853,11.1921],[124.9327,11.2365],[124.9198,11.3243],[124.9756,11.3344]]]}},{"type":"Feature","id":"Taguig City","properties":{"id":"Taguig City","iso_code":"PH-MNL","name":"Taguig City","name_full":"Taguig City","name_ja":"タギッグ","center_lonlat":[121.0882,14.5007]},"geometry":{"type":"Polygon","coordinates":[[[121.1253,14.5249],[121.1347,14.4541],[121.0559,14.4649],[121.0571,14.502],[121.0446,14.5072],[121.0321,14.5275],[121.0559,14.5378],[121.052,14.5543],[121.0653,14.5573],[121.0697,14.5314],[121.0774,14.5348],[121.0917,14.543],[121.1253,14.5249]]]}},{"type":"Feature","id":"Tarlac","properties":{"id":"Tarlac","iso_code":"PH-TAR","name":"Tarlac","name_full":"Tarlac","name_ja":"タルラック","center_lonlat":[120.4759,15.4753]},"geometry":{"type":"Polygon","coordinates":[[[120.3806,15.169],[120.3081,15.2737],[120.1637,15.3432],[120.1438,15.4064],[120.1694,15.4802],[120.247,15.614],[120.3316,15.6653],[120.3575,15.7183],[120.3952,15.7529],[120.4907,15.7157],[120.5367,15.7427],[120.5628,15.7676],[120.6012,15.8698],[120.6273,15.8187],[120.6425,15.7108],[120.6622,15.6579],[120.6959,15.6224],[120.7631,15.6112],[120.7326,15.5518],[120.7552,15.4261],[120.7442,15.3406],[120.7772,15.3022],[120.7763,15.2595],[120.7479,15.2737],[120.5562,15.2542],[120.4654,15.2211],[120.4028,15.1709],[120.3806,15.169]]]}},{"type":"Feature","id":"Tawi-Tawi","properties":{"id":"Tawi-Tawi","iso_code":"PH-TAW","name":"Tawi-Tawi","name_full":"Tawi-Tawi","name_ja":"タウイタウイ","center_lonlat":[120.0505,5.1912]},"geometry":{"type":"MultiPolygon","coordinates":[[[[120.252,5.2665],[120.2166,5.115],[120.1846,5.1365],[120.1824,5.2044],[120.1687,5.1833],[120.1455,5.1833],[120.1209,5.218],[120.1004,5.1566],[120.0254,5.1605],[120.0049,5.1286],[119.9805,5.1265],[119.9702,5.0877],[119.9541,5.0755],[119.9224,5.0877],[119.8916,5.0598],[119.8298,5.0488],[119.8193,5.0598],[119.8125,5.1225],[119.8218,5.1306],[119.9427,5.1901],[119.9649,5.2226],[120.0361,5.2416],[120.0526,5.259],[120.0869,5.259],[120.0974,5.29],[120.1878,5.3451],[120.2144,5.3402],[120.2202,5.2696],[120.252,5.2665]]],[[[119.4832,4.8509],[119.5036,4.7642],[119.4566,4.6557],[119.4627,4.7758],[119.4569,4.8427],[119.4354,4.9028],[119.4688,4.8937],[119.4832,4.8509]]],[[[119.7966,5.0576],[119.7747,5.0419],[119.7458,5.044],[119.7693,5.0976],[119.7983,5.121],[119.8125,5.0699],[119.7966,5.0576]]],[[[119.8369,4.8629],[119.7986,4.8798],[119.7931,4.9219],[119.8044,4.9274],[119.8426,4.9049],[119.8499,4.8733],[119.8369,4.8629]]],[[[119.8309,4.8209],[119.8577,4.7986],[119.8193,4.8039],[119.8123,4.8168],[119.8309,4.8209]]]]}},{"type":"Feature","id":"Valenzuela City","properties":{"id":"Valenzuela City","iso_code":"PH-MNL","name":"Valenzuela City","name_full":"Valenzuela City","name_ja":"ヴァレンズエラ","center_lonlat":[120.9898,14.696]},"geometry":{"type":"Polygon","coordinates":[[[121.009,14.7395],[121.0187,14.7248],[121.011,14.7032],[121.0256,14.6948],[121.0356,14.6792],[121.0045,14.6645],[120.973,14.6671],[120.9533,14.6889],[120.9319,14.721],[120.9672,14.7071],[121.009,14.7395]]]}},{"type":"Feature","id":"Zambales","properties":{"id":"Zambales","iso_code":"PH-ZMB","name":"Zambales","name_full":"Zambales","name_ja":"サンバレス","center_lonlat":[120.1324,15.3111]},"geometry":{"type":"Polygon","coordinates":[[[120.2093,14.88],[120.1961,14.8666],[120.1971,14.808],[120.1755,14.7574],[120.1278,14.767],[120.0799,14.8039],[120.1004,14.8257],[120.0799,14.8183],[120.0567,14.8933],[120.053,15.0624],[120.0181,15.2061],[120.0025,15.2197],[120.0051,15.2694],[119.9534,15.3564],[119.8882,15.429],[119.9087,15.4523],[119.9019,15.483],[119.9409,15.4758],[119.9639,15.5144],[119.9373,15.5656],[119.9292,15.573],[119.9224,15.5587],[119.9043,15.5971],[119.9197,15.6903],[119.8672,15.7431],[119.8894,15.748],[119.8888,15.8014],[119.9462,15.8017],[120.0083,15.8525],[120.0835,15.8237],[120.1384,15.8209],[120.247,15.614],[120.1694,15.4802],[120.1438,15.4064],[120.1637,15.3432],[120.3081,15.2737],[120.3806,15.169],[120.3621,15.1441],[120.3625,15.1144],[120.4257,15.0443],[120.4276,14.9948],[120.4601,14.9415],[120.4549,14.9141],[120.3498,14.9127],[120.2793,14.9335],[120.2093,14.88]]]}},{"type":"Feature","id":"Zamboanga Peninsula","properties":{"id":"Zamboanga Peninsula","iso_code":"PH-ZAN","name":"Zamboanga Peninsula","name_full":"Zamboanga Peninsula","name_ja":"サンボアンガ半島地方","center_lonlat":[122.1384,7.1513]},"geometry":{"type":"Polygon","coordinates":[[[122.3599,7.4728],[122.348,7.4525],[122.3791,7.3916],[122.3726,7.3727],[122.345,7.3318],[122.3001,7.3209],[122.2804,7.2945],[122.2435,7.0993],[122.2024,7.0426],[122.1545,6.9281],[122.1237,6.8996],[122.0379,6.9174],[121.937,6.9789],[121.8989,7.0572],[121.9043,7.1544],[122.1024,7.1398],[122.1227,7.1521],[122.1758,7.2444],[122.1917,7.3638],[122.2607,7.471],[122.3599,7.4728]]]}},{"type":"Feature","id":"Zamboanga Sibugay","properties":{"id":"Zamboanga Sibugay","iso_code":"PH-ZSI","name":"Zamboanga Sibugay","name_full":"Zamboanga Sibugay","name_ja":"サンボアンガ・シブガイ","center_lonlat":[122.9486,7.7092]},"geometry":{"type":"MultiPolygon","coordinates":[[[[123.0964,7.7143],[123.0503,7.6551],[123.0537,7.6225],[123.0332,7.6059],[123.04,7.5816],[123.0122,7.5277],[123.0066,7.4724],[122.9507,7.486],[122.9172,7.5475],[122.8817,7.5174],[122.8765,7.476],[122.822,7.4594],[122.8074,7.4656],[122.8103,7.4861],[122.7857,7.4918],[122.7971,7.5356],[122.8284,7.5277],[122.7937,7.671],[122.8147,7.7434],[122.8044,7.7586],[122.739,7.7541],[122.7043,7.7883],[122.6511,7.7861],[122.5967,7.7614],[122.5115,7.6957],[122.4439,7.6086],[122.4336,7.5786],[122.4856,7.5785],[122.4851,7.5537],[122.4544,7.5078],[122.4436,7.4997],[122.451,7.5407],[122.44,7.5419],[122.4059,7.4999],[122.3599,7.4728],[122.2607,7.471],[122.2931,7.5776],[122.3503,7.6461],[122.3716,7.715],[122.4376,7.7521],[122.5728,7.8811],[122.7525,7.9437],[122.8334,7.9398],[122.9158,7.9184],[122.9226,7.8314],[123.0547,7.8206],[123.0856,7.8076],[123.0964,7.7143]]],[[[122.9717,7.3836],[122.9445,7.3898],[122.9507,7.3557],[122.855,7.3148],[122.8421,7.2943],[122.8167,7.2949],[122.8005,7.3209],[122.7942,7.3839],[122.8037,7.4175],[122.8284,7.4308],[122.8672,7.396],[122.883,7.3973],[122.905,7.4377],[122.9717,7.3836]]]]}},{"type":"Feature","id":"Zamboanga del Norte","properties":{"id":"Zamboanga del Norte","iso_code":"PH-ZAN","name":"Zamboanga del Norte","name_full":"Zamboanga del Norte","name_ja":"北サンボアンガ","center_lonlat":[122.773,8.0184]},"geometry":{"type":"Polygon","coordinates":[[[121.9043,7.1544],[121.9334,7.2179],[122.051,7.3078],[122.0518,7.3249],[122.0326,7.3398],[122.0469,7.4525],[122.0776,7.528],[122.146,7.5888],[122.1135,7.6033],[122.1227,7.7004],[122.0965,7.7447],[122.1289,7.815],[122.2517,7.9801],[122.2922,8.0099],[122.438,8.0666],[122.4783,8.062],[122.4896,8.0751],[122.5051,8.0683],[122.6384,8.1085],[122.6792,8.1642],[122.6919,8.1317],[122.7352,8.1155],[122.8552,8.1325],[122.9453,8.1619],[123.0026,8.2091],[123.0137,8.2324],[122.9644,8.2744],[122.9582,8.3085],[122.9964,8.3427],[122.9922,8.3972],[123.042,8.4901],[123.0674,8.5146],[123.1951,8.5422],[123.242,8.5191],[123.3182,8.5335],[123.3716,8.6334],[123.4107,8.6306],[123.4364,8.6495],[123.3919,8.7094],[123.3971,8.7232],[123.4248,8.727],[123.4885,8.6921],[123.513,8.6989],[123.5218,8.6225],[123.549,8.6188],[123.5561,8.232],[123.1763,8.2261],[123.1717,8.042],[123.1848,7.9878],[123.1257,8.0041],[123.0653,8.0],[122.9847,7.9289],[122.9158,7.9184],[122.8334,7.9398],[122.7525,7.9437],[122.5728,7.8811],[122.4376,7.7521],[122.3716,7.715],[122.3503,7.6461],[122.2931,7.5776],[122.2607,7.471],[122.1917,7.3638],[122.1758,7.2444],[122.1227,7.1521],[122.1024,7.1398],[121.9043,7.1544]]]}},{"type":"Feature","id":"Zamboanga del Sur","properties":{"id":"Zamboanga del Sur","iso_code":"PH-ZAS","name":"Zamboanga del Sur","name_full":"Zamboanga del Sur","name_ja":"南サンボアンガ","center_lonlat":[123.325,7.8776]},"geometry":{"type":"Polygon","coordinates":[[[123.6776,8.0106],[123.6707,7.9692],[123.689,7.9683],[123.7042,7.9097],[123.6147,7.8335],[123.523,7.8355],[123.4447,7.8013],[123.4483,7.7664],[123.4978,7.7088],[123.4857,7.6636],[123.4447,7.6301],[123.4001,7.6195],[123.3923,7.5756],[123.3622,7.5891],[123.3535,7.5721],[123.4026,7.4921],[123.4517,7.4525],[123.4578,7.4086],[123.431,7.3687],[123.3421,7.4205],[123.2864,7.4826],[123.2803,7.5202],[123.2438,7.5241],[123.2126,7.4893],[123.1836,7.4809],[123.1406,7.5131],[123.1221,7.5506],[123.1276,7.5726],[123.1773,7.5891],[123.1868,7.6262],[123.1404,7.6614],[123.1294,7.7331],[123.1179,7.7414],[123.0964,7.7143],[123.0856,7.8076],[123.0547,7.8206],[122.9226,7.8314],[122.9158,7.9184],[122.9847,7.9289],[123.0653,8.0],[123.1257,8.0041],[123.1848,7.9878],[123.1717,8.042],[123.1763,8.2261],[123.5561,8.232],[123.555,8.0706],[123.5719,8.0405],[123.6235,8.0297],[123.6414,8.0094],[123.6776,8.0106]]]}}]}
