{"type":"FeatureCollection","features":[{"type":"Feature","id":"Amnat Charoen","properties":{"id":"Amnat Charoen","iso_code":"TH-37","name":"Amnat Charoen","name_full":"Amnat Charoen","name_ja":"アムナートチャルーン県","center_lonlat":[104.769,15.8714]},"geometry":{"type":"Polygon","coordinates":[[[104.988,16.294],[105.0264,16.2577],[105.0425,16.1414],[105.0793,16.1054],[105.107,16.0959],[105.0912,16.0546],[105.0348,15.9997],[105.0295,15.9567],[105.0573,15.9046],[105.0191,15.8651],[105.0211,15.805],[104.9842,15.7392],[104.9395,15.6139],[104.9417,15.5397],[104.9229,15.4858],[104.8952,15.4714],[104.8662,15.507],[104.8139,15.5069],[104.7891,15.5631],[104.7356,15.5696],[104.6723,15.6379],[104.642,15.628],[104.6606,15.6125],[104.6602,15.5949],[104.6252,15.5583],[104.5121,15.5834],[104.4715,15.5994],[104.4609,15.6304],[104.4436,15.6349],[104.4408,15.6882],[104.4246,15.7213],[104.4642,15.9095],[104.5016,15.9552],[104.5762,16.0955],[104.6163,16.1206],[104.7983,16.1552],[104.8129,16.1906],[104.8871,16.2123],[104.988,16.294]]]}},{"type":"Feature","id":"Ang Thong","properties":{"id":"Ang Thong","iso_code":"TH-15","name":"Ang Thong","name_full":"Ang Thong","name_ja":"アーントーン県","center_lonlat":[100.3543,14.6246]},"geometry":{"type":"Polygon","coordinates":[[[100.2541,14.4865],[100.2171,14.5118],[100.197,14.5635],[100.217,14.5914],[100.205,14.6122],[100.2249,14.6547],[100.2101,14.7535],[100.2324,14.7898],[100.3377,14.7943],[100.3891,14.7501],[100.4164,14.7506],[100.4317,14.7299],[100.4771,14.7248],[100.5157,14.6859],[100.4926,14.5674],[100.4993,14.4555],[100.4719,14.4395],[100.4282,14.4452],[100.4144,14.5091],[100.2541,14.4865]]]}},{"type":"Feature","id":"Bangkok","properties":{"id":"Bangkok","iso_code":"TH-10","name":"Bangkok","name_full":"Bangkok","name_ja":"バンコク","center_lonlat":[100.6213,13.7719]},"geometry":{"type":"Polygon","coordinates":[[[100.467,13.4957],[100.4008,13.4906],[100.4116,13.5082],[100.4052,13.5596],[100.3847,13.6208],[100.349,13.6491],[100.3318,13.7301],[100.3357,13.7987],[100.4884,13.7981],[100.5218,13.8482],[100.5515,13.9479],[100.6786,13.918],[100.9048,13.9498],[100.8969,13.8468],[100.9236,13.8134],[100.8493,13.7092],[100.8554,13.692],[100.7733,13.7128],[100.7132,13.7115],[100.6859,13.66],[100.664,13.653],[100.5982,13.6584],[100.5853,13.6668],[100.5959,13.6971],[100.5801,13.7092],[100.5614,13.7036],[100.5194,13.6628],[100.4992,13.6654],[100.4938,13.5998],[100.463,13.5835],[100.467,13.4957]]]}},{"type":"Feature","id":"Bueng Kan","properties":{"id":"Bueng Kan","iso_code":"TH-38","name":"Bueng Kan","name_full":"Bueng Kan","name_ja":"ブンカーン県","center_lonlat":[103.7206,18.1458]},"geometry":{"type":"Polygon","coordinates":[[[104.2033,18.0186],[104.1712,17.9993],[104.1247,18.0],[104.1179,17.9747],[104.1323,17.9556],[104.1345,17.9097],[104.1076,17.8636],[104.0702,17.8803],[104.0437,17.9339],[104.0057,17.9233],[103.9884,17.8675],[104.0109,17.8335],[104.0103,17.8012],[103.971,17.7681],[103.9386,17.7858],[103.9192,17.8157],[103.9209,17.8487],[103.8972,17.8449],[103.8988,17.8753],[103.8683,17.8571],[103.8541,17.875],[103.8025,17.8679],[103.804,17.8435],[103.7861,17.8476],[103.7608,17.8725],[103.7774,17.8942],[103.7616,17.9446],[103.7395,17.9113],[103.6345,17.9652],[103.6176,17.992],[103.6363,18.0092],[103.5415,18.0617],[103.5071,18.0637],[103.4807,18.0483],[103.4746,18.0109],[103.4357,17.99],[103.322,18.0774],[103.3153,18.1174],[103.372,18.1891],[103.3603,18.2192],[103.3003,18.2358],[103.2903,18.2525],[103.2963,18.2952],[103.2402,18.336],[103.2441,18.3801],[103.2826,18.4156],[103.3866,18.4415],[103.5488,18.4154],[103.6071,18.4004],[103.6956,18.3532],[103.7846,18.3439],[103.8739,18.2832],[103.9293,18.3276],[103.9754,18.3307],[104.0186,18.2991],[104.1224,18.0953],[104.2033,18.0186]]]}},{"type":"Feature","id":"Buri Ram","properties":{"id":"Buri Ram","iso_code":"TH-31","name":"Buri Ram","name_full":"Buri Ram","name_ja":"ブリーラム県","center_lonlat":[102.9721,14.8232]},"geometry":{"type":"Polygon","coordinates":[[[102.9139,14.1649],[102.8752,14.1549],[102.8194,14.1653],[102.7139,14.1321],[102.6526,14.1359],[102.6299,14.1522],[102.6093,14.1366],[102.5942,14.1487],[102.586,14.211],[102.6172,14.2857],[102.6012,14.2976],[102.5935,14.3485],[102.576,14.3701],[102.572,14.435],[102.5151,14.4897],[102.4865,14.5577],[102.5093,14.653],[102.4424,14.8538],[102.5045,14.8081],[102.5678,14.8146],[102.5756,14.8376],[102.5482,14.8977],[102.5591,14.9355],[102.5236,14.9674],[102.6206,14.9395],[102.7074,14.9529],[102.7539,14.985],[102.7835,15.047],[102.7804,15.075],[102.8538,15.1539],[102.9829,15.1937],[102.9747,15.3299],[103.0012,15.3565],[102.9529,15.3855],[102.9753,15.4291],[102.9958,15.4216],[103.0184,15.445],[103.0022,15.4698],[102.9648,15.4726],[102.922,15.5115],[102.8278,15.5116],[102.7983,15.5474],[102.7893,15.6395],[102.8222,15.6211],[102.8686,15.6365],[102.8889,15.6844],[102.8965,15.7634],[102.9465,15.7892],[103.0087,15.7258],[103.0105,15.6992],[102.9786,15.6668],[103.0884,15.549],[103.0797,15.5117],[103.1158,15.4823],[103.1027,15.429],[103.1193,15.4148],[103.1472,15.4216],[103.1677,15.3664],[103.1913,15.3713],[103.2571,15.3118],[103.2699,15.3219],[103.3039,15.3151],[103.367,15.3527],[103.4073,15.3459],[103.4126,15.3219],[103.4296,15.3224],[103.4415,15.3397],[103.4346,15.3459],[103.4541,15.3397],[103.5,15.2999],[103.4449,15.186],[103.4598,15.0829],[103.4523,15.0607],[103.4661,15.033],[103.44,15.0024],[103.4432,14.9334],[103.3957,14.867],[103.314,14.805],[103.288,14.7701],[103.2741,14.6787],[103.2331,14.5981],[103.2309,14.5338],[103.2572,14.4499],[103.2431,14.4094],[103.2433,14.3419],[103.1382,14.3197],[103.085,14.2958],[103.0049,14.2288],[102.9341,14.201],[102.9139,14.1649]]]}},{"type":"Feature","id":"Chachoengsao","properties":{"id":"Chachoengsao","iso_code":"TH-24","name":"Chachoengsao","name_full":"Chachoengsao","name_ja":"チャチューンサオ県","center_lonlat":[101.447,13.6036]},"geometry":{"type":"Polygon","coordinates":[[[100.9807,13.4629],[100.9958,13.4962],[100.9507,13.4682],[100.841,13.4782],[100.8601,13.4989],[100.8758,13.5518],[100.8999,13.5613],[100.9022,13.5883],[100.9474,13.6329],[100.9403,13.6577],[100.8554,13.692],[100.8493,13.7092],[100.9236,13.8134],[100.8969,13.8468],[100.9048,13.9498],[100.9053,13.9553],[100.9446,13.9684],[101.1408,13.9684],[101.1567,13.9222],[101.143,13.8774],[101.1525,13.8506],[101.2109,13.8749],[101.3541,13.86],[101.5491,13.7705],[101.5654,13.7499],[101.5898,13.7823],[101.6787,13.7529],[101.6954,13.7591],[101.7031,13.7909],[101.7558,13.8014],[101.8177,13.7214],[101.8762,13.7231],[101.89,13.6631],[101.9203,13.633],[101.9173,13.5883],[101.99,13.5802],[101.9934,13.5057],[101.9866,13.4931],[101.9496,13.4872],[101.9448,13.4687],[101.953,13.4347],[101.9771,13.4066],[101.9954,13.3362],[101.9116,13.276],[101.8828,13.2181],[101.857,13.2376],[101.7768,13.1846],[101.7176,13.1717],[101.6801,13.2502],[101.6413,13.2898],[101.5612,13.3353],[101.5209,13.4011],[101.4895,13.4166],[101.4535,13.4105],[101.4036,13.4586],[101.3649,13.4581],[101.2766,13.5512],[101.141,13.59],[101.1171,13.5632],[101.0538,13.547],[101.0527,13.5098],[101.0182,13.4746],[100.9807,13.4629]]]}},{"type":"Feature","id":"Chai Nat","properties":{"id":"Chai Nat","iso_code":"TH-18","name":"Chai Nat","name_full":"Chai Nat","name_ja":"チャイナート県","center_lonlat":[100.0258,15.137]},"geometry":{"type":"Polygon","coordinates":[[[99.726,14.9612],[99.725,14.9991],[99.7895,15.0472],[99.8088,15.0881],[99.7364,15.2005],[99.7216,15.2893],[99.7606,15.3172],[99.8626,15.3015],[99.8877,15.2849],[99.9999,15.2933],[100.0413,15.2817],[100.0581,15.2633],[100.0746,15.2711],[100.0598,15.2717],[100.0587,15.2873],[100.0711,15.3403],[100.0298,15.3955],[100.0554,15.3993],[100.0576,15.4197],[100.1176,15.4216],[100.2312,15.3348],[100.2626,15.2884],[100.3093,15.1676],[100.2947,15.1583],[100.2903,15.124],[100.2722,15.1125],[100.289,15.0722],[100.3033,15.079],[100.2672,15.0328],[100.3059,14.9996],[100.2672,14.9535],[100.2115,14.9551],[100.1403,14.9237],[100.1165,14.9464],[100.0452,14.9626],[100.039,14.9313],[99.9699,14.909],[99.8714,14.9219],[99.7972,14.9517],[99.726,14.9612]]]}},{"type":"Feature","id":"Chaiyaphum","properties":{"id":"Chaiyaphum","iso_code":"TH-36","name":"Chaiyaphum","name_full":"Chaiyaphum","name_ja":"チャイヤプーム県","center_lonlat":[101.8024,16.0096]},"geometry":{"type":"Polygon","coordinates":[[[102.3317,15.8058],[102.277,15.7847],[102.2405,15.7528],[102.2224,15.7506],[102.215,15.7642],[102.2036,15.7447],[102.1604,15.7369],[102.1467,15.6823],[102.0847,15.6196],[102.0403,15.6587],[102.0041,15.5932],[101.9558,15.5527],[101.9639,15.4741],[101.911,15.4434],[101.8793,15.3799],[101.8368,15.3894],[101.8022,15.381],[101.6385,15.3106],[101.5654,15.2536],[101.4264,15.2154],[101.402,15.2164],[101.3699,15.2685],[101.3004,15.302],[101.3423,15.3474],[101.3729,15.4145],[101.3654,15.5574],[101.3958,15.6988],[101.3333,15.7419],[101.3265,15.8413],[101.3617,15.888],[101.3848,15.9585],[101.341,15.9815],[101.324,16.0672],[101.344,16.2011],[101.3658,16.2344],[101.348,16.259],[101.3788,16.3576],[101.4022,16.3837],[101.4026,16.4059],[101.464,16.4746],[101.4647,16.5147],[101.5122,16.5484],[101.4967,16.5811],[101.4998,16.6147],[101.5176,16.6356],[101.513,16.6777],[101.557,16.6721],[101.5989,16.7042],[101.629,16.6838],[101.6922,16.6837],[101.7251,16.6554],[101.7514,16.6704],[101.7885,16.6425],[101.835,16.6604],[101.9107,16.6348],[101.956,16.633],[101.9864,16.5769],[102.0204,16.5611],[102.0772,16.5039],[102.2036,16.5051],[102.3009,16.4508],[102.3498,16.4517],[102.3726,16.4376],[102.4054,16.4586],[102.4199,16.4267],[102.4532,16.4068],[102.404,16.2384],[102.33,16.1299],[102.267,16.0733],[102.28,16.0492],[102.3925,15.9838],[102.3653,15.9083],[102.3348,15.8639],[102.3317,15.8058]]]}},{"type":"Feature","id":"Chanthaburi","properties":{"id":"Chanthaburi","iso_code":"TH-22","name":"Chanthaburi","name_full":"Chanthaburi","name_ja":"チャンタブリー県","center_lonlat":[102.1197,12.8645]},"geometry":{"type":"Polygon","coordinates":[[[102.4952,12.746],[102.4418,12.7281],[102.3973,12.6757],[102.3948,12.6014],[102.4123,12.5657],[102.3636,12.5926],[102.3297,12.5569],[102.3476,12.4903],[102.3324,12.4487],[102.3496,12.4177],[102.3756,12.4015],[102.3555,12.3583],[102.3372,12.3761],[102.3245,12.3653],[102.3451,12.3448],[102.3102,12.3162],[102.2917,12.3181],[102.2861,12.3857],[102.304,12.4274],[102.27,12.3926],[102.27,12.4404],[102.2424,12.4263],[102.2222,12.4404],[102.201,12.4335],[102.2144,12.4196],[102.2085,12.3994],[102.2358,12.4137],[102.2427,12.3721],[102.263,12.357],[102.2734,12.3262],[102.2648,12.3062],[102.2283,12.3237],[102.1668,12.3857],[102.1244,12.4105],[102.072,12.4885],[102.0781,12.5093],[102.0986,12.4956],[102.0855,12.5043],[102.1123,12.5373],[102.0929,12.5234],[102.0781,12.5297],[102.0986,12.5434],[102.0479,12.5423],[102.0433,12.5505],[102.0645,12.5707],[102.0093,12.5645],[102.0432,12.5235],[102.0645,12.5229],[102.057,12.4683],[102.009,12.5341],[101.9608,12.5373],[101.9499,12.6064],[101.9343,12.5837],[101.9478,12.5297],[101.8996,12.5697],[101.8926,12.5837],[101.9131,12.5776],[101.9094,12.5942],[101.8858,12.598],[101.8488,12.6545],[101.7891,12.6978],[101.8034,12.7499],[101.8188,12.7633],[101.8257,12.8899],[101.8072,12.8971],[101.7893,12.9419],[101.7435,12.9568],[101.751,13.007],[101.7133,13.0348],[101.6874,13.1101],[101.6926,13.134],[101.7176,13.1717],[101.7768,13.1846],[101.857,13.2376],[101.8828,13.2181],[101.9116,13.276],[101.9954,13.3362],[102.0337,13.2629],[102.0435,13.1591],[102.1329,13.1925],[102.1748,13.2449],[102.1934,13.2417],[102.2255,13.2027],[102.2654,13.1983],[102.2856,13.2387],[102.3292,13.2726],[102.3821,13.1366],[102.4902,12.9961],[102.4672,12.9695],[102.4789,12.9536],[102.4648,12.9275],[102.5066,12.7875],[102.4952,12.746]]]}},{"type":"Feature","id":"Chiang Mai","properties":{"id":"Chiang Mai","iso_code":"TH-50","name":"Chiang Mai","name_full":"Chiang Mai","name_ja":"チエンマイ県","center_lonlat":[98.7344,18.7902]},"geometry":{"type":"Polygon","coordinates":[[[99.5087,20.1528],[99.5646,20.1241],[99.5561,20.1063],[99.5025,20.0715],[99.5463,20.0278],[99.5891,20.0144],[99.5798,19.9565],[99.5531,19.9155],[99.5279,19.9591],[99.5007,19.9731],[99.4491,19.975],[99.4199,19.9574],[99.3857,19.8895],[99.4171,19.8139],[99.3829,19.7984],[99.3463,19.7085],[99.3183,19.7015],[99.2613,19.6414],[99.2755,19.6021],[99.2976,19.593],[99.3232,19.5428],[99.2944,19.4994],[99.3139,19.4633],[99.3115,19.4329],[99.3325,19.3695],[99.3232,19.3371],[99.3423,19.2686],[99.3106,19.1782],[99.3298,19.1167],[99.3841,19.0558],[99.3999,18.9984],[99.3714,18.9754],[99.379,18.9436],[99.3686,18.8973],[99.3243,18.8622],[99.3474,18.8513],[99.3652,18.7649],[99.3343,18.6961],[99.3405,18.659],[99.3227,18.6292],[99.3519,18.6135],[99.353,18.5994],[99.3148,18.5298],[99.2173,18.5939],[99.2276,18.6348],[99.1859,18.6828],[99.1831,18.7037],[99.1432,18.7038],[99.0484,18.6545],[99.0106,18.6677],[98.9266,18.5291],[98.7751,18.4431],[98.7,18.4226],[98.7087,18.4012],[98.6915,18.3665],[98.7068,18.3373],[98.6809,18.3014],[98.7933,18.2373],[98.7998,18.1724],[98.8164,18.1434],[98.8088,17.9805],[98.8191,17.9678],[98.8557,17.9651],[98.9106,17.8227],[98.8964,17.7428],[98.8468,17.717],[98.7512,17.7566],[98.7104,17.7562],[98.6534,17.7285],[98.6489,17.6981],[98.6092,17.6585],[98.6245,17.5944],[98.6089,17.5714],[98.5556,17.5555],[98.5357,17.5145],[98.5347,17.4615],[98.5663,17.4229],[98.5498,17.3634],[98.5715,17.3441],[98.5675,17.2928],[98.428,17.25],[98.3356,17.3039],[98.3392,17.3416],[98.3139,17.3963],[98.3352,17.424],[98.3142,17.4442],[98.3225,17.5228],[98.3059,17.5682],[98.2641,17.5733],[98.2581,17.5936],[98.2607,17.6486],[98.3026,17.6959],[98.2335,17.7287],[98.212,17.7785],[98.2416,17.8207],[98.2402,17.8396],[98.1563,17.9304],[98.1025,17.9676],[98.0837,18.0148],[98.0957,18.0638],[98.1273,18.0966],[98.1051,18.1525],[98.1063,18.2139],[98.0922,18.2326],[98.1192,18.3088],[98.1001,18.3485],[98.1535,18.3987],[98.1696,18.4385],[98.1996,18.439],[98.2095,18.4559],[98.158,18.4852],[98.1155,18.5398],[98.1175,18.5983],[98.0998,18.6419],[98.1206,18.7697],[98.0988,18.777],[98.0835,18.8304],[98.1237,18.9386],[98.1085,18.9921],[98.1324,19.0461],[98.1184,19.083],[98.1477,19.1094],[98.1586,19.1497],[98.183,19.1626],[98.2078,19.1641],[98.2474,19.1418],[98.3366,19.0349],[98.4201,19.0266],[98.4576,19.0073],[98.4835,19.037],[98.5535,19.0259],[98.6162,19.0428],[98.6446,19.0669],[98.6496,19.1274],[98.5889,19.204],[98.6113,19.2856],[98.5925,19.3834],[98.6083,19.479],[98.577,19.5141],[98.55,19.6082],[98.4826,19.6641],[98.4778,19.7056],[98.5326,19.6759],[98.5984,19.7091],[98.6238,19.7375],[98.7492,19.7635],[98.8079,19.8065],[98.8519,19.784],[98.8837,19.7455],[98.8993,19.7486],[98.9738,19.7881],[99.0009,19.821],[99.0168,20.041],[99.0365,20.0752],[99.0735,20.1012],[99.1777,20.1218],[99.2365,20.1027],[99.2957,20.0625],[99.4414,20.1016],[99.5087,20.1528]]]}},{"type":"Feature","id":"Chiang Rai","properties":{"id":"Chiang Rai","iso_code":"TH-57","name":"Chiang Rai","name_full":"Chiang Rai","name_ja":"チエンラーイ県","center_lonlat":[99.8662,19.8434]},"geometry":{"type":"Polygon","coordinates":[[[100.39,19.7244],[100.3374,19.67],[100.2927,19.6607],[100.2638,19.6364],[100.2193,19.6349],[100.1838,19.6124],[100.1385,19.476],[100.0871,19.4521],[100.0812,19.4298],[100.017,19.4334],[99.9594,19.3895],[99.9333,19.3859],[99.9121,19.3988],[99.9223,19.4628],[99.9093,19.4826],[99.7462,19.4558],[99.6874,19.4298],[99.6841,19.4489],[99.6546,19.4694],[99.6311,19.5079],[99.5898,19.4718],[99.5701,19.4027],[99.5837,19.3663],[99.5812,19.2988],[99.5559,19.2434],[99.5432,19.1608],[99.5631,19.1508],[99.5636,19.1296],[99.5337,19.0729],[99.4971,19.0679],[99.4369,19.0059],[99.3999,18.9984],[99.3841,19.0558],[99.3298,19.1167],[99.3106,19.1782],[99.3423,19.2686],[99.3232,19.3371],[99.3325,19.3695],[99.3115,19.4329],[99.3139,19.4633],[99.2944,19.4994],[99.3232,19.5428],[99.2976,19.593],[99.2755,19.6021],[99.2613,19.6414],[99.3183,19.7015],[99.3463,19.7085],[99.3829,19.7984],[99.4171,19.8139],[99.3857,19.8895],[99.4199,19.9574],[99.4491,19.975],[99.5007,19.9731],[99.5279,19.9591],[99.5531,19.9155],[99.5798,19.9565],[99.5891,20.0144],[99.5463,20.0278],[99.5025,20.0715],[99.5561,20.1063],[99.5646,20.1241],[99.5087,20.1528],[99.5258,20.1962],[99.4863,20.2455],[99.4664,20.3222],[99.4206,20.3756],[99.44,20.3822],[99.5029,20.3452],[99.6519,20.3068],[99.7872,20.3341],[99.8377,20.4168],[99.9371,20.445],[99.9859,20.387],[100.0361,20.3731],[100.0555,20.3442],[100.0993,20.3178],[100.103,20.2636],[100.1346,20.2391],[100.1525,20.2392],[100.1677,20.2536],[100.1671,20.2926],[100.2092,20.313],[100.2404,20.3728],[100.3065,20.3997],[100.3443,20.39],[100.461,20.1907],[100.5128,20.1553],[100.5292,20.1497],[100.5465,20.1679],[100.5487,20.158],[100.5434,20.0666],[100.484,19.8807],[100.4384,19.8472],[100.3835,19.7639],[100.39,19.7244]]]}},{"type":"Feature","id":"Chon Buri","properties":{"id":"Chon Buri","iso_code":"TH-20","name":"Chon Buri","name_full":"Chon Buri","name_ja":"チョンブリー県","center_lonlat":[101.2097,13.1972]},"geometry":{"type":"Polygon","coordinates":[[[100.978,12.6396],[100.9745,12.598],[100.9261,12.6191],[100.9408,12.6364],[100.9177,12.6626],[100.8579,12.6527],[100.8714,12.6738],[100.8511,12.6738],[100.8646,12.7011],[100.8374,12.7079],[100.8679,12.7711],[100.8921,12.7625],[100.9199,12.8109],[100.8646,12.9196],[100.8921,12.9481],[100.8996,12.9822],[100.9284,12.9925],[100.9331,13.0264],[100.8783,13.0983],[100.9452,13.2009],[100.9124,13.2939],[100.9324,13.3381],[100.9813,13.359],[100.9851,13.4177],[100.9709,13.4372],[100.9807,13.4629],[101.0182,13.4746],[101.0527,13.5098],[101.0538,13.547],[101.1171,13.5632],[101.141,13.59],[101.2766,13.5512],[101.3649,13.4581],[101.4036,13.4586],[101.4535,13.4105],[101.4895,13.4166],[101.5209,13.4011],[101.5612,13.3353],[101.6413,13.2898],[101.6801,13.2502],[101.7176,13.1717],[101.6926,13.134],[101.6326,13.1494],[101.5833,13.1264],[101.5747,13.0909],[101.5502,13.0707],[101.5024,13.0703],[101.4689,13.0343],[101.4317,13.0387],[101.3995,13.0178],[101.3313,13.0671],[101.3076,13.07],[101.2732,13.0471],[101.1827,13.0765],[101.1615,13.0602],[101.177,13.0317],[101.1696,13.0213],[101.0861,13.0225],[101.0678,13.0005],[101.0901,12.9767],[101.0956,12.911],[101.0603,12.8719],[101.0504,12.8332],[101.0026,12.7934],[100.9736,12.67],[100.978,12.6396]]]}},{"type":"Feature","id":"Chumphon","properties":{"id":"Chumphon","iso_code":"TH-86","name":"Chumphon","name_full":"Chumphon","name_ja":"チュムポーン県","center_lonlat":[99.0697,10.3653]},"geometry":{"type":"Polygon","coordinates":[[[99.1409,11.0394],[99.1542,11.0045],[99.2658,10.9584],[99.4113,10.9562],[99.4608,10.9892],[99.5034,10.9971],[99.4942,10.9675],[99.5116,10.8664],[99.4942,10.8781],[99.4432,10.8703],[99.4351,10.8018],[99.375,10.712],[99.3744,10.6814],[99.3272,10.6633],[99.3024,10.631],[99.2782,10.546],[99.2446,10.5351],[99.2427,10.5145],[99.2683,10.5082],[99.2404,10.457],[99.2887,10.412],[99.285,10.3645],[99.2341,10.3437],[99.2,10.3785],[99.1516,10.3574],[99.169,10.2877],[99.2246,10.2324],[99.2546,10.2344],[99.2417,10.2145],[99.2013,10.2106],[99.1516,10.1035],[99.1789,10.0253],[99.1585,9.9905],[99.1721,9.8502],[99.1516,9.8292],[99.1449,9.7912],[99.1024,9.7868],[99.0249,9.7304],[98.9349,9.7212],[98.902,9.7297],[98.8046,9.6826],[98.7903,9.687],[98.7498,9.6012],[98.7274,9.626],[98.6626,9.6584],[98.637,9.7545],[98.641,9.7861],[98.7208,9.8574],[98.7334,9.8979],[98.7709,9.9384],[98.8176,9.9439],[98.8522,9.9906],[98.9033,10.0173],[98.938,10.1087],[98.8936,10.2077],[98.9171,10.2563],[98.9145,10.2917],[98.9528,10.3528],[98.9438,10.3836],[98.9052,10.417],[98.9035,10.456],[98.9137,10.4856],[98.9669,10.5365],[98.9552,10.5651],[98.9757,10.6027],[98.9402,10.6692],[98.9056,10.6934],[98.924,10.7472],[98.8792,10.7882],[98.9054,10.8144],[98.934,10.8077],[98.9745,10.8242],[98.9899,10.8604],[98.9796,10.9077],[98.9923,10.948],[99.0056,10.9588],[99.0551,10.9452],[99.0769,10.9965],[99.1409,11.0394]]]}},{"type":"Feature","id":"Kalasin","properties":{"id":"Kalasin","iso_code":"TH-46","name":"Kalasin","name_full":"Kalasin","name_ja":"カーラシン県","center_lonlat":[103.6275,16.6317]},"geometry":{"type":"Polygon","coordinates":[[[103.1131,16.9128],[103.1423,16.9579],[103.2509,16.9599],[103.3997,16.903],[103.4241,16.8791],[103.4357,16.8276],[103.4819,16.9032],[103.4849,16.9588],[103.5093,16.9956],[103.5068,17.0445],[103.531,17.0737],[103.5833,17.1003],[103.617,17.0885],[103.6501,17.0439],[103.6472,17.0217],[103.6917,17.0226],[103.7832,16.9563],[103.7819,16.9155],[103.7949,16.8918],[103.9376,16.7801],[103.9581,16.8149],[104.0195,16.8538],[104.0729,16.8326],[104.1844,16.6668],[104.183,16.6176],[104.2376,16.528],[104.2443,16.4329],[104.1647,16.4449],[104.0593,16.3956],[104.046,16.4039],[104.0396,16.441],[103.9293,16.4423],[103.8719,16.4681],[103.8247,16.4662],[103.7052,16.3817],[103.7259,16.3293],[103.751,16.3035],[103.7266,16.2214],[103.7021,16.2304],[103.6953,16.2167],[103.6612,16.2229],[103.6748,16.2024],[103.668,16.1956],[103.6345,16.1956],[103.6065,16.2229],[103.6062,16.2057],[103.5882,16.2008],[103.5672,16.2054],[103.5582,16.2229],[103.5256,16.2097],[103.4762,16.2093],[103.453,16.1917],[103.4216,16.244],[103.4169,16.2805],[103.3708,16.3091],[103.3415,16.363],[103.3106,16.3702],[103.2982,16.4023],[103.2795,16.3797],[103.2178,16.3631],[103.1823,16.3731],[103.1783,16.3984],[103.1977,16.4354],[103.1756,16.4863],[103.1942,16.5459],[103.1815,16.6015],[103.2,16.6258],[103.1956,16.6368],[103.1626,16.6434],[103.1688,16.7545],[103.1944,16.8221],[103.1845,16.8532],[103.1654,16.8633],[103.1512,16.8378],[103.1277,16.8262],[103.1342,16.8854],[103.1131,16.9128]]]}},{"type":"Feature","id":"Kamphaeng Phet","properties":{"id":"Kamphaeng Phet","iso_code":"TH-62","name":"Kamphaeng Phet","name_full":"Kamphaeng Phet","name_ja":"カムペーンペット県","center_lonlat":[99.5019,16.3287]},"geometry":{"type":"Polygon","coordinates":[[[99.9044,16.6881],[99.893,16.6319],[99.9173,16.5863],[99.9999,16.5556],[100.0322,16.4962],[99.9783,16.3676],[99.9946,16.3379],[99.9434,16.2774],[99.944,16.2358],[99.8967,16.119],[99.8897,16.0724],[99.8214,16.0148],[99.7632,15.9213],[99.7299,15.8283],[99.6756,15.7881],[99.6473,15.7999],[99.6138,15.8811],[99.5389,15.9167],[99.4892,15.9178],[99.4569,15.8952],[99.3522,15.9148],[99.3066,15.9084],[99.2777,15.8877],[99.2043,15.9347],[99.1586,15.9263],[99.0788,15.8689],[99.0689,15.9968],[99.0288,16.0243],[99.0102,16.122],[99.0242,16.1955],[99.0046,16.2194],[98.997,16.2688],[99.0139,16.3886],[98.9878,16.4609],[99.0029,16.4798],[99.114,16.4756],[99.164,16.5048],[99.1765,16.5252],[99.243,16.5451],[99.2558,16.5756],[99.2495,16.6532],[99.2968,16.7236],[99.2988,16.7848],[99.3266,16.8136],[99.346,16.8879],[99.3871,16.8661],[99.5182,16.8811],[99.5424,16.8607],[99.5558,16.8148],[99.6931,16.732],[99.8506,16.7362],[99.9044,16.6881]]]}},{"type":"Feature","id":"Kanchanaburi","properties":{"id":"Kanchanaburi","iso_code":"TH-71","name":"Kanchanaburi","name_full":"Kanchanaburi","name_ja":"カーンチャナブリー県","center_lonlat":[99.0404,14.5842]},"geometry":{"type":"Polygon","coordinates":[[[98.5441,15.6751],[98.6637,15.6182],[98.7302,15.5157],[98.7253,15.4929],[98.7645,15.4669],[98.7754,15.4332],[98.8047,15.409],[98.8933,15.2752],[98.9804,15.2206],[98.9979,15.0817],[99.069,15.0139],[99.1345,15.0224],[99.2375,14.9937],[99.28,14.9998],[99.2971,14.9751],[99.3096,14.912],[99.2826,14.8656],[99.2894,14.8379],[99.3232,14.8338],[99.3829,14.766],[99.4144,14.7756],[99.438,14.7654],[99.4451,14.7439],[99.436,14.7226],[99.459,14.6908],[99.5048,14.7002],[99.529,14.7279],[99.5444,14.796],[99.5998,14.785],[99.658,14.8026],[99.6782,14.7942],[99.7846,14.678],[99.8672,14.6384],[99.8461,14.6054],[99.8906,14.5611],[99.8252,14.5184],[99.8221,14.248],[99.8103,14.2105],[99.7651,14.1661],[99.7739,14.0996],[99.8034,14.0834],[99.8115,14.0618],[99.8127,14.0227],[99.8801,13.9445],[99.797,13.8153],[99.6735,13.8198],[99.5806,13.7905],[99.5369,13.7554],[99.4993,13.7698],[99.4731,13.7986],[99.3421,13.7497],[99.2974,13.7685],[99.2766,13.7596],[99.2512,13.7668],[99.2035,13.7307],[99.1468,13.7237],[99.1012,13.7788],[99.09,13.8701],[99.0071,13.9496],[98.953,14.028],[98.9353,14.0854],[98.8723,14.1125],[98.7537,14.2001],[98.707,14.27],[98.6704,14.2679],[98.5932,14.3216],[98.5477,14.3777],[98.4782,14.5165],[98.4528,14.5281],[98.4182,14.6076],[98.2975,14.7212],[98.2433,14.8051],[98.2391,14.844],[98.2221,14.8643],[98.2216,14.9213],[98.1911,14.9881],[98.2044,15.0296],[98.199,15.0514],[98.1604,15.1064],[98.1907,15.1792],[98.1772,15.2206],[98.2329,15.2268],[98.2951,15.2926],[98.3923,15.2582],[98.3947,15.2801],[98.3775,15.2965],[98.3991,15.3218],[98.4034,15.3601],[98.4745,15.3835],[98.5155,15.3635],[98.5336,15.326],[98.5599,15.3553],[98.5671,15.4525],[98.5441,15.6751]]]}},{"type":"Feature","id":"Khon Kaen","properties":{"id":"Khon Kaen","iso_code":"TH-40","name":"Khon Kaen","name_full":"Khon Kaen","name_ja":"コーンケン県","center_lonlat":[102.5877,16.4025]},"geometry":{"type":"Polygon","coordinates":[[[102.0713,16.8854],[102.1951,16.857],[102.246,16.8889],[102.2755,16.8892],[102.3211,16.852],[102.3366,16.8199],[102.4214,16.7895],[102.4713,16.7984],[102.5214,16.7902],[102.5635,16.7613],[102.6118,16.77],[102.6758,16.9437],[102.6932,17.038],[102.7171,17.0745],[102.7301,17.0427],[102.8319,16.9759],[102.8222,16.958],[102.8374,16.8739],[102.889,16.8779],[102.9555,16.8411],[103.1131,16.9128],[103.1342,16.8854],[103.1277,16.8262],[103.1512,16.8378],[103.1654,16.8633],[103.1845,16.8532],[103.1944,16.8221],[103.1688,16.7545],[103.1626,16.6434],[103.1629,16.6163],[103.1323,16.5868],[103.0913,16.5131],[103.0429,16.4943],[103.018,16.4676],[102.9406,16.4455],[102.9533,16.4031],[102.899,16.314],[102.8513,16.2689],[102.8681,16.117],[102.8602,16.0729],[102.9115,15.9965],[102.9072,15.9296],[102.9374,15.8648],[102.9465,15.7892],[102.8965,15.7634],[102.8889,15.6844],[102.8686,15.6365],[102.8222,15.6211],[102.7893,15.6395],[102.7241,15.6697],[102.6924,15.7195],[102.6658,15.7091],[102.6115,15.7174],[102.596,15.705],[102.5078,15.7165],[102.4242,15.6954],[102.3703,15.7356],[102.3694,15.7634],[102.3317,15.8058],[102.3348,15.8639],[102.3653,15.9083],[102.3925,15.9838],[102.28,16.0492],[102.267,16.0733],[102.33,16.1299],[102.404,16.2384],[102.4532,16.4068],[102.4199,16.4267],[102.4054,16.4586],[102.3726,16.4376],[102.3498,16.4517],[102.3009,16.4508],[102.2036,16.5051],[102.0772,16.5039],[102.0204,16.5611],[101.9864,16.5769],[101.956,16.633],[101.9107,16.6348],[101.835,16.6604],[101.7885,16.6425],[101.7514,16.6704],[101.7868,16.7251],[101.7906,16.7665],[101.8708,16.7963],[101.956,16.8477],[101.9911,16.8447],[102.0713,16.8854]]]}},{"type":"Feature","id":"Krabi","properties":{"id":"Krabi","iso_code":"TH-81","name":"Krabi","name_full":"Krabi","name_ja":"クラビー県","center_lonlat":[99.0137,8.1533]},"geometry":{"type":"MultiPolygon","coordinates":[[[[99.2568,7.6551],[99.1375,7.7443],[99.1305,7.7672],[99.1122,7.7055],[99.0915,7.6918],[99.056,7.6989],[99.0332,7.7228],[99.0144,7.815],[99.0623,7.8594],[99.0696,7.9249],[99.0503,7.9055],[99.0281,7.9038],[99.0003,7.9426],[98.9678,7.9562],[98.9605,8.0068],[98.9221,8.0485],[98.9053,8.0484],[98.8882,8.0211],[98.8436,8.0029],[98.8294,8.0068],[98.8003,8.0524],[98.7703,8.0237],[98.7474,8.0683],[98.7442,8.2149],[98.7271,8.2539],[98.7066,8.2259],[98.7031,8.2985],[98.6963,8.3085],[98.624,8.2812],[98.6262,8.3461],[98.6492,8.3687],[98.6657,8.3814],[98.6609,8.4073],[98.6769,8.4516],[98.6648,8.4744],[98.6627,8.5562],[98.7039,8.5757],[98.7133,8.6251],[98.7339,8.6307],[98.7504,8.6691],[98.7666,8.6742],[98.7985,8.646],[98.8521,8.6406],[98.9182,8.5843],[98.9283,8.5613],[98.8846,8.5144],[98.9083,8.4713],[98.8905,8.4133],[98.9131,8.3138],[98.9427,8.3236],[99.0015,8.3153],[99.0349,8.3259],[99.0607,8.3517],[99.1812,8.3223],[99.2661,8.3416],[99.316,8.2929],[99.3174,8.2015],[99.2929,8.1578],[99.2968,8.1158],[99.2867,8.1028],[99.3443,7.9982],[99.3256,7.9573],[99.3381,7.9431],[99.3424,7.9065],[99.2942,7.8441],[99.3396,7.7415],[99.312,7.6943],[99.2568,7.6551]]],[[[99.0349,7.6443],[99.0759,7.609],[99.0861,7.5365],[99.1174,7.4792],[99.0999,7.4672],[99.0571,7.5041],[99.0313,7.5619],[99.0207,7.6369],[99.0349,7.6443]]],[[[99.1243,7.6574],[99.124,7.6068],[99.1087,7.5942],[99.0696,7.6225],[99.0446,7.6634],[99.0671,7.6752],[99.1243,7.6574]]]]}},{"type":"Feature","id":"Lampang","properties":{"id":"Lampang","iso_code":"TH-52","name":"Lampang","name_full":"Lampang","name_ja":"ラムパーン県","center_lonlat":[99.5254,18.3518]},"geometry":{"type":"Polygon","coordinates":[[[99.6874,19.4298],[99.7105,19.3231],[99.7094,19.2291],[99.7814,19.0662],[99.8227,19.0509],[99.8453,18.9995],[99.9375,18.9831],[99.9645,18.9396],[100.0604,18.8788],[100.0737,18.8254],[100.1209,18.8117],[100.1306,18.7771],[100.1082,18.7301],[100.1203,18.5786],[100.1119,18.5645],[100.0657,18.5538],[100.0525,18.4901],[100.0036,18.4049],[99.967,18.3821],[99.9097,18.2887],[99.8675,18.275],[99.8135,18.2197],[99.7238,18.0709],[99.6473,18.0234],[99.6122,18.0364],[99.5966,18.03],[99.5865,17.9998],[99.5154,17.9416],[99.3747,17.779],[99.3108,17.763],[99.3154,17.7323],[99.3631,17.6772],[99.4456,17.7028],[99.4734,17.7289],[99.4761,17.6735],[99.4528,17.6385],[99.4547,17.6038],[99.4219,17.5933],[99.4192,17.5651],[99.4386,17.5268],[99.4199,17.5093],[99.4144,17.4628],[99.44,17.4304],[99.4322,17.3922],[99.4742,17.3632],[99.4805,17.3432],[99.4568,17.2978],[99.4565,17.254],[99.4399,17.2269],[99.391,17.2043],[99.3483,17.2537],[99.3174,17.2607],[99.2778,17.3239],[99.263,17.3979],[99.2184,17.3958],[99.1697,17.3348],[99.0645,17.3716],[99.0161,17.408],[99.033,17.5107],[99.0121,17.6106],[99.0537,17.6204],[99.0824,17.7269],[99.1219,17.7723],[99.1084,17.8069],[99.1647,17.8121],[99.1598,17.8417],[99.1799,17.8526],[99.1379,17.9044],[99.1112,17.9156],[99.1096,17.9385],[99.0926,17.9541],[99.0937,17.9946],[99.0631,18.0565],[99.0573,18.1354],[99.0168,18.247],[99.0527,18.2675],[99.1019,18.2703],[99.1168,18.3016],[99.1464,18.3197],[99.1666,18.3716],[99.2365,18.476],[99.3025,18.4935],[99.3148,18.5298],[99.353,18.5994],[99.3519,18.6135],[99.3227,18.6292],[99.3405,18.659],[99.3343,18.6961],[99.3652,18.7649],[99.3474,18.8513],[99.3243,18.8622],[99.3686,18.8973],[99.379,18.9436],[99.3714,18.9754],[99.3999,18.9984],[99.4369,19.0059],[99.4971,19.0679],[99.5337,19.0729],[99.5636,19.1296],[99.5631,19.1508],[99.5432,19.1608],[99.5559,19.2434],[99.5812,19.2988],[99.5837,19.3663],[99.5701,19.4027],[99.5898,19.4718],[99.6311,19.5079],[99.6546,19.4694],[99.6841,19.4489],[99.6874,19.4298]]]}},{"type":"Feature","id":"Lamphun","properties":{"id":"Lamphun","iso_code":"TH-51","name":"Lamphun","name_full":"Lamphun","name_ja":"ラムプーン県","center_lonlat":[98.9655,18.1418]},"geometry":{"type":"Polygon","coordinates":[[[99.3148,18.5298],[99.3025,18.4935],[99.2365,18.476],[99.1666,18.3716],[99.1464,18.3197],[99.1168,18.3016],[99.1019,18.2703],[99.0527,18.2675],[99.0168,18.247],[99.0573,18.1354],[99.0631,18.0565],[99.0937,17.9946],[99.0926,17.9541],[99.1096,17.9385],[99.1112,17.9156],[99.1379,17.9044],[99.1799,17.8526],[99.1598,17.8417],[99.1647,17.8121],[99.1084,17.8069],[99.1219,17.7723],[99.0824,17.7269],[99.0537,17.6204],[99.0121,17.6106],[98.9658,17.6416],[98.9151,17.64],[98.8932,17.6179],[98.8645,17.5326],[98.8226,17.5007],[98.7726,17.484],[98.7213,17.4853],[98.6993,17.6519],[98.7373,17.6735],[98.7456,17.6979],[98.7104,17.7562],[98.7512,17.7566],[98.8468,17.717],[98.8964,17.7428],[98.9106,17.8227],[98.8557,17.9651],[98.8191,17.9678],[98.8088,17.9805],[98.8164,18.1434],[98.7998,18.1724],[98.7933,18.2373],[98.6809,18.3014],[98.7068,18.3373],[98.6915,18.3665],[98.7087,18.4012],[98.7,18.4226],[98.7751,18.4431],[98.9266,18.5291],[99.0106,18.6677],[99.0484,18.6545],[99.1432,18.7038],[99.1831,18.7037],[99.1859,18.6828],[99.2276,18.6348],[99.2173,18.5939],[99.3148,18.5298]]]}},{"type":"Feature","id":"Loei","properties":{"id":"Loei","iso_code":"TH-42","name":"Loei","name_full":"Loei","name_ja":"ルーイ県","center_lonlat":[101.6301,17.4087]},"geometry":{"type":"Polygon","coordinates":[[[100.9377,17.5555],[100.9815,17.5476],[101.0493,17.4957],[101.1323,17.4617],[101.1667,17.5106],[101.2022,17.5232],[101.247,17.5922],[101.3573,17.679],[101.3838,17.6849],[101.404,17.7156],[101.3819,17.7207],[101.388,17.7293],[101.432,17.7336],[101.4535,17.751],[101.4683,17.7204],[101.5027,17.7654],[101.5563,17.7921],[101.534,17.8096],[101.5705,17.8289],[101.5776,17.8681],[101.6004,17.8544],[101.6362,17.8948],[101.7291,17.9122],[101.7658,18.0403],[101.7904,18.0736],[101.8838,18.0308],[101.9043,18.0371],[102.0713,18.2085],[102.1074,18.2124],[102.1079,18.18],[102.079,18.1531],[102.0584,18.0884],[102.0384,17.9934],[102.0236,17.9782],[102.0519,17.8372],[102.0251,17.7333],[102.0415,17.66],[102.0537,17.6589],[102.0675,17.6908],[102.091,17.6224],[102.1212,17.5832],[102.1414,17.5088],[102.1253,17.4831],[102.0756,17.452],[101.9847,17.4414],[101.9897,17.4044],[102.0215,17.3667],[102.0236,17.3229],[101.9816,17.2745],[101.9789,17.2433],[101.9464,17.1983],[101.978,17.1467],[102.0912,17.1028],[102.1109,17.0579],[102.151,17.0224],[102.0349,16.953],[102.0713,16.8854],[101.9911,16.8447],[101.956,16.8477],[101.8708,16.7963],[101.7906,16.7665],[101.7217,16.7659],[101.7135,16.9195],[101.6388,17.0476],[101.6022,17.0045],[101.5617,16.9934],[101.5415,17.0012],[101.5204,17.0461],[101.4599,17.0765],[101.3204,17.0649],[101.2096,17.116],[101.1938,17.1085],[101.193,17.0827],[101.1699,17.0454],[101.1263,17.0306],[101.1219,16.9299],[101.0987,16.9088],[101.0656,16.9062],[101.0578,16.9283],[101.0278,16.946],[101.0392,16.9714],[101.0244,16.9994],[101.0385,17.0167],[101.067,17.1644],[101.093,17.2266],[101.0685,17.267],[101.0375,17.2736],[100.9879,17.3271],[100.9059,17.3364],[100.9014,17.4345],[100.8827,17.4666],[100.9019,17.4908],[100.9056,17.5202],[100.9377,17.5555]]]}},{"type":"Feature","id":"Lopburi","properties":{"id":"Lopburi","iso_code":"TH-16","name":"Lopburi","name_full":"Lopburi","name_ja":"ロッブリー県","center_lonlat":[100.9135,15.0742]},"geometry":{"type":"Polygon","coordinates":[[[101.3004,15.302],[101.2787,15.2398],[101.2807,15.0877],[101.3859,15.0548],[101.4495,14.9217],[101.4541,14.876],[101.4442,14.8595],[101.3486,14.8066],[101.3319,14.7675],[101.2783,14.73],[101.1931,14.7559],[101.1832,14.7871],[101.1496,14.8051],[101.1325,14.8388],[101.0844,14.8532],[100.9907,14.8132],[100.9854,14.7832],[100.9545,14.7497],[100.9165,14.7497],[100.8749,14.7833],[100.8699,14.8377],[100.844,14.863],[100.8429,14.8817],[100.8294,14.8826],[100.7841,14.869],[100.7199,14.7621],[100.6187,14.7014],[100.594,14.6559],[100.5157,14.6859],[100.4771,14.7248],[100.4932,14.7512],[100.4766,14.8357],[100.452,14.8667],[100.4337,14.9265],[100.4602,14.9756],[100.4367,15.045],[100.4429,15.0604],[100.4791,15.1093],[100.4904,15.167],[100.528,15.1952],[100.5343,15.2289],[100.5586,15.2619],[100.7441,15.4366],[100.7396,15.4976],[100.876,15.4659],[100.9734,15.4827],[101.0461,15.4288],[101.0835,15.4271],[101.1281,15.3956],[101.2316,15.3986],[101.263,15.3319],[101.3004,15.302]]]}},{"type":"Feature","id":"Mae Hong Son","properties":{"id":"Mae Hong Son","iso_code":"TH-58","name":"Mae Hong Son","name_full":"Mae Hong Son","name_ja":"メーホンソーン県","center_lonlat":[98.0264,18.7541]},"geometry":{"type":"Polygon","coordinates":[[[98.4778,19.7056],[98.4826,19.6641],[98.55,19.6082],[98.577,19.5141],[98.6083,19.479],[98.5925,19.3834],[98.6113,19.2856],[98.5889,19.204],[98.6496,19.1274],[98.6446,19.0669],[98.6162,19.0428],[98.5535,19.0259],[98.4835,19.037],[98.4576,19.0073],[98.4201,19.0266],[98.3366,19.0349],[98.2474,19.1418],[98.2078,19.1641],[98.183,19.1626],[98.1586,19.1497],[98.1477,19.1094],[98.1184,19.083],[98.1324,19.0461],[98.1085,18.9921],[98.1237,18.9386],[98.0835,18.8304],[98.0988,18.777],[98.1206,18.7697],[98.0998,18.6419],[98.1175,18.5983],[98.1155,18.5398],[98.158,18.4852],[98.2095,18.4559],[98.1996,18.439],[98.1696,18.4385],[98.1535,18.3987],[98.1001,18.3485],[98.1192,18.3088],[98.0922,18.2326],[98.1063,18.2139],[98.1051,18.1525],[98.1273,18.0966],[98.0957,18.0638],[98.0837,18.0148],[98.1025,17.9676],[98.1563,17.9304],[98.2402,17.8396],[98.2416,17.8207],[98.212,17.7785],[98.2335,17.7287],[98.3026,17.6959],[98.2435,17.6829],[98.1982,17.6452],[98.119,17.6437],[97.9794,17.5749],[97.924,17.569],[97.908,17.5549],[97.7689,17.6792],[97.7496,17.7398],[97.6761,17.8303],[97.6991,17.8333],[97.6855,17.8807],[97.7201,17.9432],[97.7541,17.969],[97.7201,18.0531],[97.6942,18.0615],[97.6991,18.0907],[97.6843,18.1461],[97.6179,18.2417],[97.6433,18.273],[97.6376,18.3063],[97.5738,18.3331],[97.5606,18.3283],[97.5283,18.2653],[97.4865,18.2921],[97.4526,18.3336],[97.4431,18.4033],[97.3514,18.5512],[97.3889,18.5422],[97.4275,18.4895],[97.5095,18.4913],[97.6179,18.5532],[97.7457,18.5711],[97.7597,18.6228],[97.7204,18.8176],[97.7234,18.852],[97.6578,18.9257],[97.7033,18.9644],[97.7278,19.0371],[97.8108,19.1122],[97.8126,19.2085],[97.7641,19.2664],[97.768,19.2771],[97.7983,19.2814],[97.8062,19.3011],[97.7671,19.3975],[97.8421,19.4794],[97.8486,19.5676],[97.8858,19.5728],[97.9481,19.6024],[97.9795,19.6333],[98.0083,19.6391],[98.0046,19.7239],[98.0245,19.803],[98.0456,19.8076],[98.0729,19.7773],[98.1114,19.7771],[98.172,19.7316],[98.2133,19.7178],[98.2192,19.677],[98.2375,19.6647],[98.3073,19.69],[98.4396,19.6877],[98.4778,19.7056]]]}},{"type":"Feature","id":"Maha Sarakham","properties":{"id":"Maha Sarakham","iso_code":"TH-44","name":"Maha Sarakham","name_full":"Maha Sarakham","name_ja":"マハーサーラカーム県","center_lonlat":[103.1802,15.9935]},"geometry":{"type":"Polygon","coordinates":[[[103.1626,16.6434],[103.1956,16.6368],[103.2,16.6258],[103.1815,16.6015],[103.1942,16.5459],[103.1756,16.4863],[103.1977,16.4354],[103.1783,16.3984],[103.1823,16.3731],[103.2178,16.3631],[103.2795,16.3797],[103.2982,16.4023],[103.3106,16.3702],[103.3415,16.363],[103.3708,16.3091],[103.4169,16.2805],[103.4216,16.244],[103.453,16.1917],[103.4762,16.2093],[103.5256,16.2097],[103.4689,16.1052],[103.4956,15.9247],[103.4686,15.8656],[103.4356,15.712],[103.3546,15.7015],[103.2971,15.603],[103.3283,15.5576],[103.3812,15.526],[103.4124,15.5339],[103.4366,15.5239],[103.441,15.5018],[103.4175,15.4279],[103.3432,15.4017],[103.1158,15.4823],[103.0797,15.5117],[103.0884,15.549],[102.9786,15.6668],[103.0105,15.6992],[103.0087,15.7258],[102.9465,15.7892],[102.9374,15.8648],[102.9072,15.9296],[102.9115,15.9965],[102.8602,16.0729],[102.8681,16.117],[102.8513,16.2689],[102.899,16.314],[102.9533,16.4031],[102.9406,16.4455],[103.018,16.4676],[103.0429,16.4943],[103.0913,16.5131],[103.1323,16.5868],[103.1629,16.6163],[103.1626,16.6434]]]}},{"type":"Feature","id":"Mukdahan","properties":{"id":"Mukdahan","iso_code":"TH-49","name":"Mukdahan","name_full":"Mukdahan","name_ja":"ムックダーハーン県","center_lonlat":[104.5237,16.5574]},"geometry":{"type":"Polygon","coordinates":[[[104.7579,16.8189],[104.779,16.7049],[104.753,16.6148],[104.7545,16.5289],[104.7827,16.4971],[104.8555,16.4541],[104.908,16.3534],[104.988,16.294],[104.8871,16.2123],[104.8129,16.1906],[104.7024,16.2169],[104.6787,16.2408],[104.6555,16.2167],[104.6313,16.2154],[104.5869,16.2524],[104.5593,16.3077],[104.521,16.3146],[104.4971,16.3419],[104.3956,16.3446],[104.3559,16.3234],[104.3285,16.3373],[104.3041,16.4723],[104.2828,16.4476],[104.2443,16.4329],[104.2376,16.528],[104.183,16.6176],[104.1844,16.6668],[104.0729,16.8326],[104.1116,16.8465],[104.1372,16.8928],[104.1967,16.8867],[104.239,16.8962],[104.2871,16.857],[104.3644,16.8707],[104.4125,16.8497],[104.4412,16.8618],[104.4747,16.8423],[104.4949,16.8501],[104.5289,16.815],[104.5962,16.8337],[104.6671,16.8273],[104.6808,16.8213],[104.685,16.7714],[104.7339,16.7494],[104.7474,16.7619],[104.7345,16.8045],[104.7579,16.8189]]]}},{"type":"Feature","id":"Nakhon Nayok","properties":{"id":"Nakhon Nayok","iso_code":"TH-26","name":"Nakhon Nayok","name_full":"Nakhon Nayok","name_ja":"ナコーンナーヨック県","center_lonlat":[101.1723,14.2153]},"geometry":{"type":"Polygon","coordinates":[[[101.2429,14.4798],[101.2607,14.4754],[101.283,14.5028],[101.4093,14.4248],[101.432,14.3893],[101.4823,14.3642],[101.515,14.3101],[101.5119,14.2782],[101.4393,14.2553],[101.3969,14.2678],[101.3916,14.2249],[101.3133,14.1665],[101.3007,14.1446],[101.3251,14.0643],[101.2912,14.0513],[101.2653,14.0599],[101.2216,14.0518],[101.1815,14.0123],[101.1376,13.9965],[101.1408,13.9684],[100.9446,13.9684],[100.9053,13.9553],[100.9124,14.2139],[100.9453,14.2503],[100.9488,14.2954],[100.9691,14.3008],[100.9882,14.2874],[101.0369,14.3266],[101.0589,14.4083],[101.0844,14.3834],[101.1253,14.3813],[101.1615,14.3478],[101.1849,14.3547],[101.2062,14.3736],[101.2051,14.396],[101.2429,14.4798]]]}},{"type":"Feature","id":"Nakhon Pathom","properties":{"id":"Nakhon Pathom","iso_code":"TH-73","name":"Nakhon Pathom","name_full":"Nakhon Pathom","name_ja":"ナコーンパトム県","center_lonlat":[100.1092,13.9234]},"geometry":{"type":"Polygon","coordinates":[[[100.221,14.1771],[100.2769,14.1672],[100.2832,14.1162],[100.2637,14.0293],[100.2943,13.9805],[100.2897,13.8949],[100.3357,13.7987],[100.3318,13.7301],[100.2727,13.7042],[100.2593,13.6613],[100.2173,13.657],[100.1903,13.6753],[100.0787,13.6837],[100.0399,13.6971],[100.0253,13.7408],[99.985,13.7146],[99.9604,13.7242],[99.9481,13.7454],[99.9614,13.8442],[99.9477,13.9161],[99.9311,13.9328],[99.8801,13.9445],[99.8127,14.0227],[99.8115,14.0618],[99.8788,14.0656],[99.9862,14.1456],[100.1585,14.1409],[100.221,14.1771]]]}},{"type":"Feature","id":"Nakhon Phanom","properties":{"id":"Nakhon Phanom","iso_code":"TH-48","name":"Nakhon Phanom","name_full":"Nakhon Phanom","name_ja":"ナコーンパノム県","center_lonlat":[104.4346,17.3724]},"geometry":{"type":"Polygon","coordinates":[[[104.2033,18.0186],[104.2703,17.874],[104.3526,17.8193],[104.452,17.666],[104.4812,17.6404],[104.7026,17.5273],[104.7568,17.4499],[104.7889,17.429],[104.8164,17.3728],[104.8145,17.194],[104.7404,17.0026],[104.7497,16.9108],[104.7664,16.8682],[104.7579,16.8189],[104.7345,16.8045],[104.7474,16.7619],[104.7339,16.7494],[104.685,16.7714],[104.6808,16.8213],[104.6671,16.8273],[104.5962,16.8337],[104.5289,16.815],[104.4949,16.8501],[104.4747,16.8423],[104.4412,16.8618],[104.4125,16.8497],[104.3644,16.8707],[104.2871,16.857],[104.239,16.8962],[104.3033,16.9348],[104.3239,16.9768],[104.3938,17.0221],[104.3944,17.0374],[104.3639,17.0552],[104.3618,17.0829],[104.3997,17.1257],[104.4048,17.1768],[104.4443,17.2472],[104.4161,17.3576],[104.415,17.4151],[104.3233,17.4224],[104.2254,17.4054],[104.1577,17.4108],[104.1341,17.3825],[104.0973,17.3995],[104.0887,17.3774],[104.0513,17.391],[104.0094,17.4761],[104.0484,17.5862],[104.0314,17.6344],[104.0583,17.6452],[104.0761,17.675],[104.0631,17.7327],[104.0399,17.7585],[104.0229,17.7562],[104.0103,17.8012],[104.0109,17.8335],[103.9884,17.8675],[104.0057,17.9233],[104.0437,17.9339],[104.0702,17.8803],[104.1076,17.8636],[104.1345,17.9097],[104.1323,17.9556],[104.1179,17.9747],[104.1247,18.0],[104.1712,17.9993],[104.2033,18.0186]]]}},{"type":"Feature","id":"Nakhon Ratchasima","properties":{"id":"Nakhon Ratchasima","iso_code":"TH-30","name":"Nakhon Ratchasima","name_full":"Nakhon Ratchasima","name_ja":"ナコーンラーチャシーマー県","center_lonlat":[102.1166,14.9577]},"geometry":{"type":"Polygon","coordinates":[[[101.2429,14.4798],[101.1871,14.5417],[101.2073,14.5822],[101.1931,14.7559],[101.2783,14.73],[101.3319,14.7675],[101.3486,14.8066],[101.4442,14.8595],[101.4541,14.876],[101.4495,14.9217],[101.3859,15.0548],[101.2807,15.0877],[101.2787,15.2398],[101.3004,15.302],[101.3699,15.2685],[101.402,15.2164],[101.4264,15.2154],[101.5654,15.2536],[101.6385,15.3106],[101.8022,15.381],[101.8368,15.3894],[101.8793,15.3799],[101.911,15.4434],[101.9639,15.4741],[101.9558,15.5527],[102.0041,15.5932],[102.0403,15.6587],[102.0847,15.6196],[102.1467,15.6823],[102.1604,15.7369],[102.2036,15.7447],[102.215,15.7642],[102.2224,15.7506],[102.2405,15.7528],[102.277,15.7847],[102.3317,15.8058],[102.3694,15.7634],[102.3703,15.7356],[102.4242,15.6954],[102.5078,15.7165],[102.596,15.705],[102.6115,15.7174],[102.6658,15.7091],[102.6924,15.7195],[102.7241,15.6697],[102.7893,15.6395],[102.7983,15.5474],[102.8278,15.5116],[102.922,15.5115],[102.9648,15.4726],[103.0022,15.4698],[103.0184,15.445],[102.9958,15.4216],[102.9753,15.4291],[102.9529,15.3855],[103.0012,15.3565],[102.9747,15.3299],[102.9829,15.1937],[102.8538,15.1539],[102.7804,15.075],[102.7835,15.047],[102.7539,14.985],[102.7074,14.9529],[102.6206,14.9395],[102.5236,14.9674],[102.5591,14.9355],[102.5482,14.8977],[102.5756,14.8376],[102.5678,14.8146],[102.5045,14.8081],[102.4424,14.8538],[102.5093,14.653],[102.4865,14.5577],[102.5151,14.4897],[102.572,14.435],[102.576,14.3701],[102.5935,14.3485],[102.6012,14.2976],[102.6172,14.2857],[102.586,14.211],[102.5942,14.1487],[102.5396,14.1203],[102.5494,14.0921],[102.5177,14.087],[102.5024,14.0983],[102.491,14.1431],[102.3614,14.1561],[102.2902,14.1276],[102.2299,14.1417],[102.2189,14.1691],[102.1923,14.1854],[102.1715,14.171],[102.1706,14.1422],[102.154,14.1358],[102.0863,14.158],[102.0528,14.1856],[101.9645,14.2517],[101.9499,14.2777],[101.986,14.3525],[101.9645,14.3774],[101.9271,14.3609],[101.8897,14.3934],[101.8663,14.3644],[101.7651,14.3476],[101.7532,14.3161],[101.6199,14.4319],[101.5417,14.4272],[101.4827,14.4613],[101.4388,14.4259],[101.4093,14.4248],[101.283,14.5028],[101.2607,14.4754],[101.2429,14.4798]]]}},{"type":"Feature","id":"Nakhon Sawan","properties":{"id":"Nakhon Sawan","iso_code":"TH-60","name":"Nakhon Sawan","name_full":"Nakhon Sawan","name_ja":"ナコーンサワン県","center_lonlat":[100.1322,15.6927]},"geometry":{"type":"Polygon","coordinates":[[[100.4429,15.0604],[100.365,15.0948],[100.3476,15.1545],[100.3093,15.1676],[100.2626,15.2884],[100.2312,15.3348],[100.1176,15.4216],[100.0576,15.4197],[100.0464,15.4461],[99.9727,15.5063],[99.9363,15.5074],[99.8975,15.5309],[99.8708,15.5654],[99.8524,15.636],[99.8086,15.6255],[99.7751,15.6386],[99.7338,15.6765],[99.6958,15.6785],[99.586,15.6202],[99.5213,15.5635],[99.4785,15.5617],[99.3775,15.6241],[99.3657,15.6534],[99.2419,15.7162],[99.2012,15.7549],[99.1619,15.7731],[99.1214,15.7698],[99.1196,15.8015],[99.0881,15.8266],[99.0788,15.8689],[99.1586,15.9263],[99.2043,15.9347],[99.2777,15.8877],[99.3066,15.9084],[99.3522,15.9148],[99.4569,15.8952],[99.4892,15.9178],[99.5389,15.9167],[99.6138,15.8811],[99.6473,15.7999],[99.6756,15.7881],[99.7299,15.8283],[99.7632,15.9213],[99.8214,16.0148],[99.8897,16.0724],[99.8967,16.119],[99.944,16.2358],[99.9434,16.2774],[99.9946,16.3379],[100.0241,16.3033],[100.0447,16.1758],[100.0913,16.1413],[100.0919,16.1145],[100.1685,15.9569],[100.2157,15.9268],[100.2804,15.9094],[100.2978,15.9132],[100.3008,15.9401],[100.3132,15.9448],[100.4198,15.9231],[100.5062,15.9256],[100.6027,15.952],[100.7551,15.9306],[100.7623,15.8917],[100.7985,15.8629],[100.7957,15.8037],[100.8302,15.685],[100.8198,15.6625],[100.8325,15.6255],[100.8038,15.5925],[100.7891,15.5435],[100.7474,15.5162],[100.7396,15.4976],[100.7441,15.4366],[100.5586,15.2619],[100.5343,15.2289],[100.528,15.1952],[100.4904,15.167],[100.4791,15.1093],[100.4429,15.0604]]]}},{"type":"Feature","id":"Nakhon Si Thammarat","properties":{"id":"Nakhon Si Thammarat","iso_code":"TH-80","name":"Nakhon Si Thammarat","name_full":"Nakhon Si Thammarat","name_ja":"ナコーンシータンマラート県","center_lonlat":[99.7791,8.3731]},"geometry":{"type":"Polygon","coordinates":[[[99.7718,9.3123],[99.8034,9.3227],[99.8535,9.2947],[99.8596,9.2578],[99.8778,9.2265],[99.886,9.2333],[99.8865,9.1579],[99.9163,9.102],[99.9331,9.0006],[99.9194,8.98],[99.9263,8.8633],[99.9671,8.6057],[99.9841,8.5794],[100.0408,8.5456],[100.1043,8.4177],[100.1442,8.3888],[100.1863,8.3972],[100.1648,8.5014],[100.1311,8.5146],[100.1506,8.5229],[100.1808,8.5012],[100.2205,8.4487],[100.2715,8.3171],[100.3425,7.9388],[100.2897,7.9296],[100.1552,7.8744],[100.1296,7.8017],[100.0446,7.8245],[100.002,7.8855],[99.9594,7.9038],[99.8152,7.8846],[99.7963,7.8662],[99.7443,7.8509],[99.7319,7.9022],[99.7485,7.973],[99.7277,7.992],[99.609,7.9813],[99.5472,7.9062],[99.5392,7.8789],[99.5108,7.8718],[99.4642,7.8893],[99.4008,7.8901],[99.3696,7.9289],[99.3381,7.9431],[99.3256,7.9573],[99.3443,7.9982],[99.2867,8.1028],[99.2968,8.1158],[99.2929,8.1578],[99.3174,8.2015],[99.316,8.2929],[99.2661,8.3416],[99.2408,8.3884],[99.2858,8.475],[99.2847,8.5423],[99.332,8.5213],[99.4081,8.5632],[99.4473,8.6011],[99.4515,8.64],[99.4887,8.668],[99.4946,8.6982],[99.5223,8.7302],[99.53,8.8471],[99.559,8.8589],[99.5902,8.9168],[99.6076,8.9204],[99.6239,8.9059],[99.6931,8.9319],[99.692,8.9632],[99.7298,8.9768],[99.7488,9.0555],[99.7698,9.0481],[99.7849,9.0566],[99.7839,9.112],[99.7515,9.1234],[99.7314,9.1532],[99.755,9.2273],[99.7513,9.2831],[99.7718,9.3123]]]}},{"type":"Feature","id":"Nan","properties":{"id":"Nan","iso_code":"TH-55","name":"Nan","name_full":"Nan","name_ja":"ナーン県","center_lonlat":[100.8256,18.8442]},"geometry":{"type":"Polygon","coordinates":[[[101.0741,18.3716],[100.9195,18.2499],[100.9053,18.2273],[100.9103,18.2035],[100.881,18.1775],[100.8915,18.1525],[100.8669,18.1361],[100.8426,18.0865],[100.7605,18.0261],[100.6889,18.0266],[100.5766,18.0512],[100.5152,18.0179],[100.4221,18.016],[100.4055,18.1312],[100.4574,18.1635],[100.474,18.2268],[100.5033,18.276],[100.4967,18.3393],[100.5373,18.4067],[100.5413,18.4487],[100.5331,18.4735],[100.5045,18.4767],[100.489,18.493],[100.4098,18.4939],[100.3863,18.5803],[100.4057,18.6329],[100.3785,18.6432],[100.3667,18.6728],[100.3974,18.7395],[100.374,18.7503],[100.3683,18.7816],[100.349,18.7953],[100.3526,18.8151],[100.4196,18.9359],[100.4654,18.9444],[100.5,18.9693],[100.4952,18.9904],[100.4599,19.0003],[100.4784,19.0507],[100.5706,19.0285],[100.552,19.0613],[100.5631,19.0905],[100.631,19.1301],[100.5954,19.2501],[100.6049,19.3298],[100.5707,19.3491],[100.5357,19.3434],[100.5137,19.3742],[100.5144,19.3985],[100.5903,19.4762],[100.5748,19.5083],[100.607,19.5409],[100.6333,19.5422],[100.7148,19.5125],[100.753,19.4824],[100.8798,19.6136],[101.0025,19.6106],[101.0682,19.5771],[101.1247,19.5651],[101.208,19.5896],[101.2511,19.5603],[101.2517,19.4944],[101.2382,19.4723],[101.1929,19.4528],[101.1724,19.3764],[101.1785,19.3466],[101.2113,19.3264],[101.2357,19.1281],[101.3179,19.0501],[101.3264,19.0205],[101.2839,18.9815],[101.2673,18.9345],[101.2249,18.8748],[101.2286,18.7956],[101.2058,18.7301],[101.2348,18.6895],[101.2347,18.6584],[101.1609,18.5998],[101.1554,18.5567],[101.0779,18.5104],[101.0647,18.4764],[101.0356,18.4478],[101.037,18.4105],[101.0741,18.3716]]]}},{"type":"Feature","id":"Narathiwat","properties":{"id":"Narathiwat","iso_code":"TH-96","name":"Narathiwat","name_full":"Narathiwat","name_ja":"ナラーティワート県","center_lonlat":[101.7231,6.1719]},"geometry":{"type":"Polygon","coordinates":[[[101.5002,5.8927],[101.4849,5.9754],[101.4866,6.0523],[101.4512,6.0849],[101.4354,6.1318],[101.3986,6.1588],[101.382,6.2003],[101.4037,6.2252],[101.4371,6.4155],[101.5429,6.4483],[101.6132,6.5335],[101.6017,6.5554],[101.6064,6.5839],[101.5811,6.6103],[101.6152,6.6276],[101.6613,6.6181],[101.6784,6.5771],[101.7235,6.5744],[101.8084,6.4645],[101.9087,6.4019],[102.0731,6.2575],[102.0713,6.1267],[102.06,6.0948],[101.9347,5.9817],[101.9129,5.8593],[101.8255,5.7798],[101.8005,5.7399],[101.7629,5.7495],[101.7268,5.7865],[101.6867,5.7612],[101.6659,5.7656],[101.6308,5.8284],[101.6341,5.8556],[101.6051,5.8661],[101.5793,5.9063],[101.5579,5.9113],[101.5002,5.8927]]]}},{"type":"Feature","id":"Nong Bua Lam Phu","properties":{"id":"Nong Bua Lam Phu","iso_code":"TH-39","name":"Nong Bua Lam Phu","name_full":"Nong Bua Lam Phu","name_ja":"ノーンブワラムプー県","center_lonlat":[102.2982,17.1722]},"geometry":{"type":"Polygon","coordinates":[[[102.6758,16.9437],[102.6118,16.77],[102.5635,16.7613],[102.5214,16.7902],[102.4713,16.7984],[102.4214,16.7895],[102.3366,16.8199],[102.3211,16.852],[102.2755,16.8892],[102.246,16.8889],[102.1951,16.857],[102.0713,16.8854],[102.0349,16.953],[102.151,17.0224],[102.1109,17.0579],[102.0912,17.1028],[101.978,17.1467],[101.9464,17.1983],[101.9789,17.2433],[101.9816,17.2745],[102.0236,17.3229],[102.0215,17.3667],[101.9897,17.4044],[101.9847,17.4414],[102.0756,17.452],[102.1253,17.4831],[102.1414,17.5088],[102.1212,17.5832],[102.1467,17.6136],[102.1856,17.6091],[102.2249,17.6392],[102.3416,17.6094],[102.3753,17.6172],[102.3922,17.4957],[102.4389,17.3858],[102.4346,17.3253],[102.4859,17.2989],[102.4755,17.2388],[102.5128,17.204],[102.6028,17.2207],[102.5791,17.183],[102.5196,17.1586],[102.5131,17.1331],[102.556,17.0558],[102.6758,16.9437]]]}},{"type":"Feature","id":"Nong Khai","properties":{"id":"Nong Khai","iso_code":"TH-43","name":"Nong Khai","name_full":"Nong Khai","name_ja":"ノーンカーイ県","center_lonlat":[102.8432,17.9401]},"geometry":{"type":"Polygon","coordinates":[[[103.2963,18.2952],[103.2903,18.2525],[103.3003,18.2358],[103.3603,18.2192],[103.372,18.1891],[103.3153,18.1174],[103.322,18.0774],[103.4357,17.99],[103.3812,17.9796],[103.402,17.9367],[103.3917,17.9251],[103.4065,17.8943],[103.3996,17.8664],[103.3081,17.8322],[103.2614,17.8786],[103.2023,17.8538],[103.169,17.8018],[103.0587,17.8864],[102.9831,17.8226],[102.9497,17.877],[102.885,17.8853],[102.8852,17.8591],[102.8493,17.8068],[102.8654,17.7693],[102.8478,17.7001],[102.788,17.6616],[102.7758,17.6243],[102.7517,17.6068],[102.6653,17.596],[102.6072,17.6209],[102.6097,17.6893],[102.5396,17.7505],[102.4632,17.7589],[102.4395,17.7908],[102.4432,17.8145],[102.408,17.8442],[102.394,17.8892],[102.3272,17.9495],[102.2047,18.0186],[102.1542,17.9931],[102.1448,18.0257],[102.1142,18.0589],[102.0887,18.0592],[102.0584,18.0884],[102.079,18.1531],[102.1079,18.18],[102.1074,18.2124],[102.1719,18.2003],[102.1916,18.1521],[102.2566,18.094],[102.3067,18.0515],[102.3664,18.0388],[102.4122,17.9942],[102.4455,17.9778],[102.5675,17.9708],[102.5996,17.9552],[102.6123,17.9153],[102.5953,17.8408],[102.6829,17.8101],[102.6676,17.8501],[102.673,17.8654],[102.7374,17.8904],[102.8527,17.972],[102.9549,18.0121],[103.0205,17.9842],[103.0379,17.9907],[103.0731,18.0355],[103.0713,18.1256],[103.1386,18.1667],[103.1573,18.237],[103.1852,18.2578],[103.2863,18.2803],[103.2963,18.2952]]]}},{"type":"Feature","id":"Nonthaburi","properties":{"id":"Nonthaburi","iso_code":"TH-12","name":"Nonthaburi","name_full":"Nonthaburi","name_ja":"ノンタブリー県","center_lonlat":[100.3891,13.9259]},"geometry":{"type":"Polygon","coordinates":[[[100.3503,14.1137],[100.3366,14.0609],[100.3625,14.0002],[100.4936,13.9493],[100.5515,13.9479],[100.5218,13.8482],[100.4884,13.7981],[100.3357,13.7987],[100.2897,13.8949],[100.2943,13.9805],[100.2637,14.0293],[100.2832,14.1162],[100.3092,14.1362],[100.3503,14.1137]]]}},{"type":"Feature","id":"Pathum Thani","properties":{"id":"Pathum Thani","iso_code":"TH-13","name":"Pathum Thani","name_full":"Pathum Thani","name_ja":"パトゥムターニー県","center_lonlat":[100.6767,14.0612]},"geometry":{"type":"Polygon","coordinates":[[[100.9124,14.2139],[100.9053,13.9553],[100.9048,13.9498],[100.6786,13.918],[100.5515,13.9479],[100.4936,13.9493],[100.3625,14.0002],[100.3366,14.0609],[100.3503,14.1137],[100.4967,14.1109],[100.5276,14.1233],[100.5542,14.113],[100.6033,14.1234],[100.6564,14.1652],[100.8228,14.2418],[100.8768,14.26],[100.9124,14.2139]]]}},{"type":"Feature","id":"Pattani","properties":{"id":"Pattani","iso_code":"TH-94","name":"Pattani","name_full":"Pattani","name_ja":"パッターニー県","center_lonlat":[101.3533,6.7297]},"geometry":{"type":"Polygon","coordinates":[[[101.068,6.8577],[101.1914,6.8619],[101.2315,6.8803],[101.2443,6.902],[101.3171,6.8759],[101.3513,6.8759],[101.3283,6.9179],[101.2625,6.9448],[101.2917,6.9546],[101.3208,6.9493],[101.3852,6.9052],[101.488,6.8783],[101.5663,6.8322],[101.7235,6.5744],[101.6784,6.5771],[101.6613,6.6181],[101.6152,6.6276],[101.5811,6.6103],[101.6064,6.5839],[101.6017,6.5554],[101.5577,6.5451],[101.5091,6.596],[101.4625,6.57],[101.3378,6.5497],[101.3049,6.5955],[101.2979,6.6758],[101.2618,6.6254],[101.2178,6.5963],[101.1587,6.6001],[101.1011,6.6379],[101.0628,6.6538],[101.0388,6.7327],[101.0413,6.7983],[101.068,6.8577]]]}},{"type":"Feature","id":"Phang Nga","properties":{"id":"Phang Nga","iso_code":"TH-82","name":"Phang Nga","name_full":"Phang Nga","name_ja":"パンガー県","center_lonlat":[98.424,8.6818]},"geometry":{"type":"MultiPolygon","coordinates":[[[[98.6492,8.3687],[98.6554,8.3796],[98.6035,8.3972],[98.5989,8.3749],[98.552,8.36],[98.5261,8.3363],[98.5104,8.3311],[98.4937,8.3432],[98.4867,8.3249],[98.4663,8.3358],[98.4663,8.3227],[98.4282,8.317],[98.4222,8.3063],[98.4531,8.294],[98.4629,8.2161],[98.425,8.1484],[98.4055,8.1645],[98.3913,8.1365],[98.3569,8.185],[98.2814,8.2259],[98.2776,8.2835],[98.198,8.5561],[98.2097,8.5815],[98.2157,8.5534],[98.2473,8.5146],[98.2531,8.5347],[98.22,8.5692],[98.2405,8.6511],[98.22,8.7262],[98.2507,8.76],[98.2616,8.8507],[98.2927,8.9244],[98.3249,8.9752],[98.364,8.9739],[98.3581,8.996],[98.3913,9.0353],[98.3425,9.0182],[98.3327,9.0261],[98.3298,9.0521],[98.382,9.0719],[98.3284,9.1644],[98.3223,9.2094],[98.3397,9.1998],[98.3708,9.2265],[98.3523,9.2359],[98.3519,9.2514],[98.3896,9.3449],[98.4301,9.357],[98.4756,9.316],[98.511,9.3064],[98.5306,9.2928],[98.5343,9.244],[98.5102,9.2087],[98.5067,9.1572],[98.4892,9.1258],[98.4966,9.0766],[98.482,9.0634],[98.5065,8.9787],[98.4573,8.9543],[98.4562,8.8904],[98.5015,8.8772],[98.5389,8.848],[98.5678,8.8043],[98.6052,8.7906],[98.6027,8.7114],[98.5726,8.6728],[98.5492,8.6653],[98.5498,8.6515],[98.5844,8.6257],[98.662,8.644],[98.7133,8.6251],[98.7039,8.5757],[98.6627,8.5562],[98.6648,8.4744],[98.6769,8.4516],[98.6609,8.4073],[98.6657,8.3814],[98.6492,8.3687]]],[[[98.5405,8.1049],[98.6024,8.0635],[98.6118,7.9261],[98.6035,7.9038],[98.5773,7.9196],[98.5632,7.9863],[98.5804,7.9962],[98.5823,8.0154],[98.5511,8.0425],[98.5285,8.1235],[98.5405,8.1049]]],[[[98.2957,9.1452],[98.3174,9.1171],[98.323,9.0762],[98.302,9.0552],[98.3093,9.049],[98.2542,9.0368],[98.2405,9.049],[98.2482,9.1501],[98.2733,9.16],[98.2957,9.1452]]],[[[98.2884,9.0045],[98.3109,8.9782],[98.307,8.9579],[98.2705,8.8772],[98.2616,8.8786],[98.2522,8.997],[98.2609,9.0129],[98.2884,9.0045]]],[[[98.6375,8.1713],[98.6209,8.09],[98.5796,8.1061],[98.5701,8.1189],[98.5967,8.1303],[98.5923,8.1468],[98.624,8.1918],[98.6375,8.1713]]],[[[97.87,9.4252],[97.8496,9.4421],[97.8533,9.4614],[97.8718,9.473],[97.8953,9.4674],[97.8948,9.4387],[97.8699,9.4407],[97.87,9.4252]]],[[[97.8718,9.3796],[97.84,9.4043],[97.8436,9.425],[97.8684,9.4204],[97.8718,9.3796]]]]}},{"type":"Feature","id":"Phatthalung","properties":{"id":"Phatthalung","iso_code":"TH-93","name":"Phatthalung","name_full":"Phatthalung","name_ja":"パッタルン県","center_lonlat":[100.0318,7.5141]},"geometry":{"type":"Polygon","coordinates":[[[100.2009,7.7723],[100.1448,7.7194],[100.1429,7.7],[100.1854,7.5142],[100.2251,7.4795],[100.2788,7.3622],[100.303,7.3427],[100.3701,7.3327],[100.3788,7.3098],[100.3485,7.2764],[100.342,7.2504],[100.2983,7.2324],[100.2838,7.2083],[100.1545,7.1803],[100.0722,7.1364],[100.0306,7.0917],[99.9651,7.177],[99.9394,7.2476],[99.9425,7.2966],[99.8844,7.3841],[99.8545,7.4852],[99.828,7.5153],[99.8261,7.5526],[99.7961,7.6033],[99.7979,7.6389],[99.8172,7.6513],[99.821,7.6734],[99.7961,7.7024],[99.7443,7.8509],[99.7963,7.8662],[99.8152,7.8846],[99.9594,7.9038],[100.002,7.8855],[100.0446,7.8245],[100.1296,7.8017],[100.2009,7.7723]]]}},{"type":"Feature","id":"Phayao","properties":{"id":"Phayao","iso_code":"TH-56","name":"Phayao","name_full":"Phayao","name_ja":"パヤオ県","center_lonlat":[100.1863,19.2271]},"geometry":{"type":"Polygon","coordinates":[[[100.39,19.7244],[100.4072,19.6999],[100.4189,19.6344],[100.4556,19.5847],[100.462,19.5371],[100.5493,19.4945],[100.5748,19.5083],[100.5903,19.4762],[100.5144,19.3985],[100.5137,19.3742],[100.5357,19.3434],[100.5707,19.3491],[100.6049,19.3298],[100.5954,19.2501],[100.631,19.1301],[100.5631,19.0905],[100.552,19.0613],[100.5706,19.0285],[100.4784,19.0507],[100.4599,19.0003],[100.4952,18.9904],[100.5,18.9693],[100.4654,18.9444],[100.4196,18.9359],[100.3526,18.8151],[100.2053,18.8182],[100.1628,18.8308],[100.1209,18.8117],[100.0737,18.8254],[100.0604,18.8788],[99.9645,18.9396],[99.9375,18.9831],[99.8453,18.9995],[99.8227,19.0509],[99.7814,19.0662],[99.7094,19.2291],[99.7105,19.3231],[99.6874,19.4298],[99.7462,19.4558],[99.9093,19.4826],[99.9223,19.4628],[99.9121,19.3988],[99.9333,19.3859],[99.9594,19.3895],[100.017,19.4334],[100.0812,19.4298],[100.0871,19.4521],[100.1385,19.476],[100.1838,19.6124],[100.2193,19.6349],[100.2638,19.6364],[100.2927,19.6607],[100.3374,19.67],[100.39,19.7244]]]}},{"type":"Feature","id":"Phetchabun","properties":{"id":"Phetchabun","iso_code":"TH-67","name":"Phetchabun","name_full":"Phetchabun","name_ja":"ペッチャブーン県","center_lonlat":[101.1466,16.2685]},"geometry":{"type":"Polygon","coordinates":[[[101.7906,16.7665],[101.7868,16.7251],[101.7514,16.6704],[101.7251,16.6554],[101.6922,16.6837],[101.629,16.6838],[101.5989,16.7042],[101.557,16.6721],[101.513,16.6777],[101.5176,16.6356],[101.4998,16.6147],[101.4967,16.5811],[101.5122,16.5484],[101.4647,16.5147],[101.464,16.4746],[101.4026,16.4059],[101.4022,16.3837],[101.3788,16.3576],[101.348,16.259],[101.3658,16.2344],[101.344,16.2011],[101.324,16.0672],[101.341,15.9815],[101.3848,15.9585],[101.3617,15.888],[101.3265,15.8413],[101.3333,15.7419],[101.3958,15.6988],[101.3654,15.5574],[101.3729,15.4145],[101.3423,15.3474],[101.3004,15.302],[101.263,15.3319],[101.2316,15.3986],[101.1281,15.3956],[101.0835,15.4271],[101.0461,15.4288],[100.9734,15.4827],[100.876,15.4659],[100.7396,15.4976],[100.7474,15.5162],[100.7891,15.5435],[100.8038,15.5925],[100.8325,15.6255],[100.8198,15.6625],[100.8302,15.685],[100.7957,15.8037],[100.7985,15.8629],[100.7623,15.8917],[100.7551,15.9306],[100.7672,15.99],[100.7066,16.0299],[100.6301,16.0542],[100.6375,16.1579],[100.6982,16.2516],[100.6682,16.347],[100.7027,16.412],[100.7947,16.4559],[100.8435,16.5458],[100.8375,16.5953],[100.8561,16.6437],[100.9263,16.6877],[100.8938,16.7699],[100.8983,16.794],[100.9298,16.8032],[101.0349,16.905],[101.0656,16.9062],[101.0987,16.9088],[101.1219,16.9299],[101.1263,17.0306],[101.1699,17.0454],[101.193,17.0827],[101.1938,17.1085],[101.2096,17.116],[101.3204,17.0649],[101.4599,17.0765],[101.5204,17.0461],[101.5415,17.0012],[101.5617,16.9934],[101.6022,17.0045],[101.6388,17.0476],[101.7135,16.9195],[101.7217,16.7659],[101.7906,16.7665]]]}},{"type":"Feature","id":"Phetchaburi","properties":{"id":"Phetchaburi","iso_code":"TH-76","name":"Phetchaburi","name_full":"Phetchaburi","name_ja":"ペッチャブリー県","center_lonlat":[99.6124,12.937]},"geometry":{"type":"Polygon","coordinates":[[[99.4047,12.5669],[99.3938,12.5898],[99.2769,12.6656],[99.2667,12.7028],[99.2245,12.7175],[99.2107,12.7923],[99.1753,12.8334],[99.1553,12.9045],[99.1648,12.9755],[99.0932,13.0383],[99.1021,13.1713],[99.1141,13.1881],[99.1865,13.2116],[99.2547,13.1767],[99.2785,13.1432],[99.3204,13.1663],[99.3246,13.2064],[99.3507,13.2281],[99.458,13.1802],[99.4785,13.1888],[99.5041,13.1795],[99.53,13.1983],[99.6362,13.1996],[99.6647,13.2162],[99.6686,13.2724],[99.7037,13.3117],[99.7653,13.333],[99.8587,13.3284],[99.8584,13.2693],[99.8875,13.2394],[99.9034,13.274],[99.9285,13.2732],[99.9609,13.2916],[99.9671,13.259],[99.9985,13.2181],[100.074,13.1528],[100.1043,13.0573],[100.053,12.9661],[100.0239,12.8471],[99.9876,12.7905],[99.965,12.7102],[99.9608,12.6362],[99.8255,12.6274],[99.7587,12.5805],[99.6741,12.5761],[99.6246,12.5453],[99.5162,12.586],[99.4047,12.5669]]]}},{"type":"Feature","id":"Phichit","properties":{"id":"Phichit","iso_code":"TH-66","name":"Phichit","name_full":"Phichit","name_ja":"ピチット県","center_lonlat":[100.3557,16.2363]},"geometry":{"type":"Polygon","coordinates":[[[100.6682,16.347],[100.6982,16.2516],[100.6375,16.1579],[100.6301,16.0542],[100.7066,16.0299],[100.7672,15.99],[100.7551,15.9306],[100.6027,15.952],[100.5062,15.9256],[100.4198,15.9231],[100.3132,15.9448],[100.3008,15.9401],[100.2978,15.9132],[100.2804,15.9094],[100.2157,15.9268],[100.1685,15.9569],[100.0919,16.1145],[100.0913,16.1413],[100.0447,16.1758],[100.0241,16.3033],[99.9946,16.3379],[99.9783,16.3676],[100.0322,16.4962],[100.1145,16.5135],[100.1718,16.5674],[100.2343,16.5935],[100.2548,16.5835],[100.2623,16.5382],[100.2753,16.5451],[100.287,16.5102],[100.3141,16.5258],[100.3374,16.5184],[100.4199,16.5379],[100.4618,16.5292],[100.5326,16.5376],[100.5574,16.511],[100.5819,16.4283],[100.6682,16.347]]]}},{"type":"Feature","id":"Phitsanulok","properties":{"id":"Phitsanulok","iso_code":"TH-65","name":"Phitsanulok","name_full":"Phitsanulok","name_ja":"ピッサヌローク県","center_lonlat":[100.5302,16.9702]},"geometry":{"type":"Polygon","coordinates":[[[100.9559,17.7075],[100.9329,17.6545],[100.8857,17.5959],[100.886,17.5738],[100.9377,17.5555],[100.9056,17.5202],[100.9019,17.4908],[100.8827,17.4666],[100.9014,17.4345],[100.9059,17.3364],[100.9879,17.3271],[101.0375,17.2736],[101.0685,17.267],[101.093,17.2266],[101.067,17.1644],[101.0385,17.0167],[101.0244,16.9994],[101.0392,16.9714],[101.0278,16.946],[101.0578,16.9283],[101.0656,16.9062],[101.0349,16.905],[100.9298,16.8032],[100.8983,16.794],[100.8938,16.7699],[100.9263,16.6877],[100.8561,16.6437],[100.8375,16.5953],[100.8435,16.5458],[100.7947,16.4559],[100.7027,16.412],[100.6682,16.347],[100.5819,16.4283],[100.5574,16.511],[100.5326,16.5376],[100.4618,16.5292],[100.4199,16.5379],[100.3374,16.5184],[100.3141,16.5258],[100.287,16.5102],[100.2753,16.5451],[100.2623,16.5382],[100.2548,16.5835],[100.2343,16.5935],[100.1718,16.5674],[100.1145,16.5135],[100.0322,16.4962],[99.9999,16.5556],[99.9173,16.5863],[99.893,16.6319],[99.9044,16.6881],[99.94,16.7121],[99.8926,16.7342],[99.8885,16.7521],[99.919,16.7816],[99.9557,16.8651],[100.0216,16.8569],[100.0331,16.891],[100.1187,16.8959],[100.1307,16.9089],[100.1275,16.9694],[99.9651,17.0806],[99.9137,17.1547],[99.9198,17.1643],[99.9828,17.1656],[100.0098,17.1773],[100.0353,17.1642],[100.1651,17.2009],[100.2055,17.1971],[100.2576,17.2388],[100.2474,17.3115],[100.2943,17.3667],[100.3361,17.3695],[100.4464,17.4161],[100.4893,17.4167],[100.5082,17.402],[100.5812,17.4208],[100.6091,17.4583],[100.7487,17.5579],[100.7778,17.6039],[100.8345,17.6457],[100.872,17.7042],[100.8881,17.7074],[100.9105,17.6879],[100.9559,17.7075]]]}},{"type":"Feature","id":"Phra Nakhon Si Ayutthaya","properties":{"id":"Phra Nakhon Si Ayutthaya","iso_code":"TH-14","name":"Phra Nakhon Si Ayutthaya","name_full":"Phra Nakhon Si Ayutthaya","name_ja":"アユタヤ県","center_lonlat":[100.5271,14.3416]},"geometry":{"type":"Polygon","coordinates":[[[100.221,14.1771],[100.255,14.227],[100.2815,14.3834],[100.2541,14.4865],[100.4144,14.5091],[100.4282,14.4452],[100.4719,14.4395],[100.4993,14.4555],[100.4926,14.5674],[100.5157,14.6859],[100.594,14.6559],[100.5744,14.5893],[100.6066,14.5494],[100.6493,14.5491],[100.7066,14.5697],[100.7703,14.5615],[100.7695,14.5298],[100.7553,14.5161],[100.7675,14.4845],[100.7629,14.4131],[100.792,14.3803],[100.7812,14.3232],[100.8203,14.3112],[100.8228,14.2418],[100.6564,14.1652],[100.6033,14.1234],[100.5542,14.113],[100.5276,14.1233],[100.4967,14.1109],[100.3503,14.1137],[100.3092,14.1362],[100.2832,14.1162],[100.2769,14.1672],[100.221,14.1771]]]}},{"type":"Feature","id":"Phrae","properties":{"id":"Phrae","iso_code":"TH-54","name":"Phrae","name_full":"Phrae","name_ja":"プレー県","center_lonlat":[100.065,18.1955]},"geometry":{"type":"Polygon","coordinates":[[[100.3526,18.8151],[100.349,18.7953],[100.3683,18.7816],[100.374,18.7503],[100.3974,18.7395],[100.3667,18.6728],[100.3785,18.6432],[100.4057,18.6329],[100.3863,18.5803],[100.4098,18.4939],[100.489,18.493],[100.5045,18.4767],[100.5331,18.4735],[100.5413,18.4487],[100.5373,18.4067],[100.4967,18.3393],[100.5033,18.276],[100.474,18.2268],[100.4574,18.1635],[100.4055,18.1312],[100.4221,18.016],[100.3698,17.9839],[100.3605,17.9309],[100.3366,17.8951],[100.2934,17.9548],[100.2731,17.9591],[100.2405,17.9509],[100.1294,17.8572],[99.9972,17.8285],[99.9554,17.7828],[99.8966,17.8037],[99.8197,17.7986],[99.7848,17.7843],[99.7366,17.7222],[99.6622,17.7971],[99.5896,17.8157],[99.529,17.7946],[99.4734,17.7289],[99.4456,17.7028],[99.3631,17.6772],[99.3154,17.7323],[99.3108,17.763],[99.3747,17.779],[99.5154,17.9416],[99.5865,17.9998],[99.5966,18.03],[99.6122,18.0364],[99.6473,18.0234],[99.7238,18.0709],[99.8135,18.2197],[99.8675,18.275],[99.9097,18.2887],[99.967,18.3821],[100.0036,18.4049],[100.0525,18.4901],[100.0657,18.5538],[100.1119,18.5645],[100.1203,18.5786],[100.1082,18.7301],[100.1306,18.7771],[100.1209,18.8117],[100.1628,18.8308],[100.2053,18.8182],[100.3526,18.8151]]]}},{"type":"Feature","id":"Phuket","properties":{"id":"Phuket","iso_code":"TH-83","name":"Phuket","name_full":"Phuket","name_ja":"プーケット県","center_lonlat":[98.3418,7.9736]},"geometry":{"type":"Polygon","coordinates":[[[98.4186,7.9038],[98.4317,7.9174],[98.4398,7.8866],[98.3997,7.8646],[98.3981,7.815],[98.3439,7.8329],[98.3231,7.7709],[98.2918,7.7775],[98.2678,7.8901],[98.2853,7.9038],[98.2814,7.9174],[98.2542,7.9283],[98.2741,7.9537],[98.266,7.9738],[98.2814,8.0031],[98.2744,8.0693],[98.2902,8.1301],[98.2814,8.1918],[98.3301,8.1705],[98.3435,8.1092],[98.3601,8.1188],[98.4055,8.0825],[98.4226,8.0993],[98.4391,8.0825],[98.4186,7.9931],[98.3981,7.9726],[98.4186,7.9038]]]}},{"type":"Feature","id":"Prachin Buri","properties":{"id":"Prachin Buri","iso_code":"TH-25","name":"Prachin Buri","name_full":"Prachin Buri","name_ja":"プラーチーンブリー県","center_lonlat":[101.6253,14.0747]},"geometry":{"type":"Polygon","coordinates":[[[101.1408,13.9684],[101.1376,13.9965],[101.1815,14.0123],[101.2216,14.0518],[101.2653,14.0599],[101.2912,14.0513],[101.3251,14.0643],[101.3007,14.1446],[101.3133,14.1665],[101.3916,14.2249],[101.3969,14.2678],[101.4393,14.2553],[101.5119,14.2782],[101.515,14.3101],[101.4823,14.3642],[101.432,14.3893],[101.4093,14.4248],[101.4388,14.4259],[101.4827,14.4613],[101.5417,14.4272],[101.6199,14.4319],[101.7532,14.3161],[101.7651,14.3476],[101.8663,14.3644],[101.8897,14.3934],[101.9271,14.3609],[101.9645,14.3774],[101.986,14.3525],[101.9499,14.2777],[101.9645,14.2517],[102.0528,14.1856],[102.0451,14.1309],[101.9797,14.0564],[101.9125,14.0358],[101.9108,13.9651],[101.8696,13.9332],[101.8559,13.8371],[101.9018,13.8164],[101.9079,13.7691],[101.8762,13.7231],[101.8177,13.7214],[101.7558,13.8014],[101.7031,13.7909],[101.6954,13.7591],[101.6787,13.7529],[101.5898,13.7823],[101.5654,13.7499],[101.5491,13.7705],[101.3541,13.86],[101.2109,13.8749],[101.1525,13.8506],[101.143,13.8774],[101.1567,13.9222],[101.1408,13.9684]]]}},{"type":"Feature","id":"Prachuap Khiri Khan","properties":{"id":"Prachuap Khiri Khan","iso_code":"TH-77","name":"Prachuap Khiri Khan","name_full":"Prachuap Khiri Khan","name_ja":"プラチュワップキーリーカン県","center_lonlat":[99.6266,11.9206]},"geometry":{"type":"Polygon","coordinates":[[[99.4047,12.5669],[99.5162,12.586],[99.6246,12.5453],[99.6741,12.5761],[99.7587,12.5805],[99.8255,12.6274],[99.9608,12.6362],[99.9808,12.5404],[99.9808,12.4547],[100.0122,12.3687],[99.9828,12.2705],[100.0093,12.2411],[100.02,12.1927],[99.9876,12.153],[99.9553,12.0725],[99.8553,11.9684],[99.8312,11.9247],[99.8233,11.8786],[99.8369,11.8435],[99.8098,11.8246],[99.8171,11.7414],[99.7804,11.7372],[99.7518,11.7099],[99.6419,11.5233],[99.6257,11.4405],[99.5693,11.334],[99.5663,11.2763],[99.5862,11.1951],[99.5693,11.1791],[99.562,11.1989],[99.5286,11.1868],[99.4963,11.1329],[99.5153,11.0392],[99.5034,10.9971],[99.4608,10.9892],[99.4113,10.9562],[99.2658,10.9584],[99.1542,11.0045],[99.1409,11.0394],[99.1751,11.0874],[99.213,11.1083],[99.2433,11.1977],[99.2884,11.2583],[99.3157,11.3208],[99.3643,11.3767],[99.3776,11.4355],[99.4374,11.5167],[99.4498,11.6138],[99.5426,11.6405],[99.6069,11.7257],[99.63,11.8158],[99.5614,11.8729],[99.5541,11.895],[99.574,11.9763],[99.567,11.9933],[99.5184,12.0259],[99.5417,12.1407],[99.4523,12.1294],[99.4488,12.1472],[99.4738,12.1873],[99.4556,12.2276],[99.4544,12.2673],[99.4267,12.3087],[99.4206,12.3834],[99.387,12.4659],[99.4042,12.5081],[99.4047,12.5669]]]}},{"type":"Feature","id":"Ranong","properties":{"id":"Ranong","iso_code":"TH-85","name":"Ranong","name_full":"Ranong","name_ja":"ラノーン県","center_lonlat":[98.7186,9.9989]},"geometry":{"type":"MultiPolygon","coordinates":[[[[98.8792,10.7882],[98.924,10.7472],[98.9056,10.6934],[98.9402,10.6692],[98.9757,10.6027],[98.9552,10.5651],[98.9669,10.5365],[98.9137,10.4856],[98.9035,10.456],[98.9052,10.417],[98.9438,10.3836],[98.9528,10.3528],[98.9145,10.2917],[98.9171,10.2563],[98.8936,10.2077],[98.938,10.1087],[98.9033,10.0173],[98.8522,9.9906],[98.8176,9.9439],[98.7709,9.9384],[98.7334,9.8979],[98.7208,9.8574],[98.641,9.7861],[98.637,9.7545],[98.6626,9.6584],[98.7274,9.626],[98.7498,9.6012],[98.7742,9.5425],[98.7014,9.4703],[98.6786,9.4617],[98.6798,9.4234],[98.6567,9.4231],[98.6576,9.385],[98.6775,9.3794],[98.673,9.3575],[98.6101,9.3454],[98.5911,9.3636],[98.549,9.3517],[98.511,9.3064],[98.4756,9.316],[98.4301,9.357],[98.3896,9.3449],[98.4572,9.5485],[98.4868,9.5281],[98.5311,9.5661],[98.5285,9.5759],[98.4937,9.5759],[98.4634,9.6044],[98.5142,9.6547],[98.4937,9.6857],[98.5132,9.6949],[98.4937,9.7137],[98.544,9.7065],[98.5658,9.7426],[98.521,9.7546],[98.508,9.7404],[98.508,9.7746],[98.5554,9.798],[98.583,9.8428],[98.549,9.8093],[98.5127,9.8369],[98.549,9.8837],[98.5599,9.873],[98.5762,9.8776],[98.5705,9.8842],[98.5899,9.9055],[98.5716,9.9155],[98.592,9.9427],[98.6309,9.9527],[98.6331,9.963],[98.6104,9.9601],[98.5996,9.9739],[98.6035,9.9936],[98.6623,10.0853],[98.7205,10.2279],[98.7904,10.5003],[98.7773,10.5832],[98.7479,10.6231],[98.7568,10.6661],[98.811,10.7466],[98.8301,10.7636],[98.8682,10.7699],[98.8792,10.7882]]],[[[98.4116,9.7683],[98.4167,9.7335],[98.3981,9.7062],[98.3849,9.7279],[98.4116,9.7683]]]]}},{"type":"Feature","id":"Ratchaburi","properties":{"id":"Ratchaburi","iso_code":"TH-70","name":"Ratchaburi","name_full":"Ratchaburi","name_ja":"ラーチャブリー県","center_lonlat":[99.5737,13.5327]},"geometry":{"type":"Polygon","coordinates":[[[99.1865,13.2116],[99.1728,13.3009],[99.1869,13.3291],[99.1879,13.4271],[99.152,13.582],[99.1468,13.7237],[99.2035,13.7307],[99.2512,13.7668],[99.2766,13.7596],[99.2974,13.7685],[99.3421,13.7497],[99.4731,13.7986],[99.4993,13.7698],[99.5369,13.7554],[99.5806,13.7905],[99.6735,13.8198],[99.797,13.8153],[99.8801,13.9445],[99.9311,13.9328],[99.9477,13.9161],[99.9614,13.8442],[99.9481,13.7454],[99.9604,13.7242],[99.985,13.7146],[100.0253,13.7408],[100.0399,13.6971],[100.0787,13.6837],[100.0753,13.6296],[100.0492,13.5986],[100.0379,13.5045],[99.9746,13.4916],[99.9184,13.5096],[99.8587,13.3284],[99.7653,13.333],[99.7037,13.3117],[99.6686,13.2724],[99.6647,13.2162],[99.6362,13.1996],[99.53,13.1983],[99.5041,13.1795],[99.4785,13.1888],[99.458,13.1802],[99.3507,13.2281],[99.3246,13.2064],[99.3204,13.1663],[99.2785,13.1432],[99.2547,13.1767],[99.1865,13.2116]]]}},{"type":"Feature","id":"Rayong","properties":{"id":"Rayong","iso_code":"TH-21","name":"Rayong","name_full":"Rayong","name_ja":"ラヨーン県","center_lonlat":[101.4217,12.8506]},"geometry":{"type":"Polygon","coordinates":[[[101.7891,12.6978],[101.7044,12.7079],[101.6423,12.6514],[101.5811,12.6527],[101.5664,12.6313],[101.4651,12.6323],[101.4181,12.5956],[101.3235,12.6422],[101.0877,12.6806],[100.978,12.6396],[100.9736,12.67],[101.0026,12.7934],[101.0504,12.8332],[101.0603,12.8719],[101.0956,12.911],[101.0901,12.9767],[101.0678,13.0005],[101.0861,13.0225],[101.1696,13.0213],[101.177,13.0317],[101.1615,13.0602],[101.1827,13.0765],[101.2732,13.0471],[101.3076,13.07],[101.3313,13.0671],[101.3995,13.0178],[101.4317,13.0387],[101.4689,13.0343],[101.5024,13.0703],[101.5502,13.0707],[101.5747,13.0909],[101.5833,13.1264],[101.6326,13.1494],[101.6926,13.134],[101.6874,13.1101],[101.7133,13.0348],[101.751,13.007],[101.7435,12.9568],[101.7893,12.9419],[101.8072,12.8971],[101.8257,12.8899],[101.8188,12.7633],[101.8034,12.7499],[101.7891,12.6978]]]}},{"type":"Feature","id":"Roi Et","properties":{"id":"Roi Et","iso_code":"TH-45","name":"Roi Et","name_full":"Roi Et","name_ja":"ローイエット県","center_lonlat":[103.8266,15.9224]},"geometry":{"type":"Polygon","coordinates":[[[104.2443,16.4329],[104.2828,16.4476],[104.3041,16.4723],[104.3285,16.3373],[104.3559,16.3234],[104.3258,16.2579],[104.2766,16.2411],[104.2326,16.1676],[104.1047,16.0911],[104.1176,16.0391],[104.1079,15.9826],[104.0192,15.9763],[104.0107,15.9119],[104.0379,15.8673],[104.0136,15.8466],[104.01,15.7984],[104.0736,15.8205],[104.0721,15.8468],[104.1117,15.8233],[104.1318,15.7877],[104.1273,15.7022],[104.1557,15.7017],[104.2112,15.6065],[104.1295,15.5645],[104.0794,15.5316],[103.986,15.4102],[103.9765,15.4291],[103.9359,15.4266],[103.9423,15.4415],[103.9097,15.4433],[103.8874,15.4709],[103.7861,15.4385],[103.6402,15.4492],[103.5912,15.4652],[103.5255,15.4352],[103.4598,15.4471],[103.4175,15.4279],[103.441,15.5018],[103.4366,15.5239],[103.4124,15.5339],[103.3812,15.526],[103.3283,15.5576],[103.2971,15.603],[103.3546,15.7015],[103.4356,15.712],[103.4686,15.8656],[103.4956,15.9247],[103.4689,16.1052],[103.5256,16.2097],[103.5582,16.2229],[103.5672,16.2054],[103.5882,16.2008],[103.6062,16.2057],[103.6065,16.2229],[103.6345,16.1956],[103.668,16.1956],[103.6748,16.2024],[103.6612,16.2229],[103.6953,16.2167],[103.7021,16.2304],[103.7266,16.2214],[103.751,16.3035],[103.7259,16.3293],[103.7052,16.3817],[103.8247,16.4662],[103.8719,16.4681],[103.9293,16.4423],[104.0396,16.441],[104.046,16.4039],[104.0593,16.3956],[104.1647,16.4449],[104.2443,16.4329]]]}},{"type":"Feature","id":"Sa Kaeo","properties":{"id":"Sa Kaeo","iso_code":"TH-27","name":"Sa Kaeo","name_full":"Sa Kaeo","name_ja":"サケーオ県","center_lonlat":[102.294,13.778]},"geometry":{"type":"Polygon","coordinates":[[[102.9139,14.1649],[102.9113,14.1321],[102.8762,14.0713],[102.8698,14.0206],[102.7728,13.9361],[102.7065,13.8019],[102.6986,13.7618],[102.5423,13.6697],[102.5411,13.6486],[102.5977,13.6054],[102.5132,13.5672],[102.3322,13.5646],[102.3134,13.541],[102.3301,13.4964],[102.3292,13.2726],[102.2856,13.2387],[102.2654,13.1983],[102.2255,13.2027],[102.1934,13.2417],[102.1748,13.2449],[102.1329,13.1925],[102.0435,13.1591],[102.0337,13.2629],[101.9954,13.3362],[101.9771,13.4066],[101.953,13.4347],[101.9448,13.4687],[101.9496,13.4872],[101.9866,13.4931],[101.9934,13.5057],[101.99,13.5802],[101.9173,13.5883],[101.9203,13.633],[101.89,13.6631],[101.8762,13.7231],[101.9079,13.7691],[101.9018,13.8164],[101.8559,13.8371],[101.8696,13.9332],[101.9108,13.9651],[101.9125,14.0358],[101.9797,14.0564],[102.0451,14.1309],[102.0528,14.1856],[102.0863,14.158],[102.154,14.1358],[102.1706,14.1422],[102.1715,14.171],[102.1923,14.1854],[102.2189,14.1691],[102.2299,14.1417],[102.2902,14.1276],[102.3614,14.1561],[102.491,14.1431],[102.5024,14.0983],[102.5177,14.087],[102.5494,14.0921],[102.5396,14.1203],[102.5942,14.1487],[102.6093,14.1366],[102.6299,14.1522],[102.6526,14.1359],[102.7139,14.1321],[102.8194,14.1653],[102.8752,14.1549],[102.9139,14.1649]]]}},{"type":"Feature","id":"Sakon Nakhon","properties":{"id":"Sakon Nakhon","iso_code":"TH-47","name":"Sakon Nakhon","name_full":"Sakon Nakhon","name_ja":"サコンナコーン県","center_lonlat":[103.8212,17.3887]},"geometry":{"type":"Polygon","coordinates":[[[103.4357,17.99],[103.4746,18.0109],[103.4807,18.0483],[103.5071,18.0637],[103.5415,18.0617],[103.6363,18.0092],[103.6176,17.992],[103.6345,17.9652],[103.7395,17.9113],[103.7616,17.9446],[103.7774,17.8942],[103.7608,17.8725],[103.7861,17.8476],[103.804,17.8435],[103.8025,17.8679],[103.8541,17.875],[103.8683,17.8571],[103.8988,17.8753],[103.8972,17.8449],[103.9209,17.8487],[103.9192,17.8157],[103.9386,17.7858],[103.971,17.7681],[104.0103,17.8012],[104.0229,17.7562],[104.0399,17.7585],[104.0631,17.7327],[104.0761,17.675],[104.0583,17.6452],[104.0314,17.6344],[104.0484,17.5862],[104.0094,17.4761],[104.0513,17.391],[104.0887,17.3774],[104.0973,17.3995],[104.1341,17.3825],[104.1577,17.4108],[104.2254,17.4054],[104.3233,17.4224],[104.415,17.4151],[104.4161,17.3576],[104.4443,17.2472],[104.4048,17.1768],[104.3997,17.1257],[104.3618,17.0829],[104.3639,17.0552],[104.3944,17.0374],[104.3938,17.0221],[104.3239,16.9768],[104.3033,16.9348],[104.239,16.8962],[104.1967,16.8867],[104.1372,16.8928],[104.1116,16.8465],[104.0729,16.8326],[104.0195,16.8538],[103.9581,16.8149],[103.9376,16.7801],[103.7949,16.8918],[103.7819,16.9155],[103.7832,16.9563],[103.6917,17.0226],[103.6472,17.0217],[103.6501,17.0439],[103.6512,17.1068],[103.6283,17.1158],[103.5907,17.1611],[103.5614,17.1619],[103.4641,17.2298],[103.4397,17.2151],[103.4025,17.2171],[103.3386,17.2505],[103.2729,17.2648],[103.2472,17.3074],[103.2922,17.3842],[103.2703,17.4344],[103.2903,17.5005],[103.3372,17.5791],[103.3973,17.5987],[103.4008,17.7386],[103.3677,17.786],[103.3806,17.8354],[103.4097,17.8362],[103.3951,17.8479],[103.3996,17.8664],[103.4065,17.8943],[103.3917,17.9251],[103.402,17.9367],[103.3812,17.9796],[103.4357,17.99]]]}},{"type":"Feature","id":"Samut Prakan","properties":{"id":"Samut Prakan","iso_code":"TH-11","name":"Samut Prakan","name_full":"Samut Prakan","name_ja":"サムットプラーカーン県","center_lonlat":[100.7059,13.5985]},"geometry":{"type":"Polygon","coordinates":[[[100.841,13.4782],[100.6497,13.5203],[100.5921,13.5545],[100.5978,13.6122],[100.5759,13.5196],[100.467,13.4957],[100.463,13.5835],[100.4938,13.5998],[100.4992,13.6654],[100.5194,13.6628],[100.5614,13.7036],[100.5801,13.7092],[100.5959,13.6971],[100.5853,13.6668],[100.5982,13.6584],[100.664,13.653],[100.6859,13.66],[100.7132,13.7115],[100.7733,13.7128],[100.8554,13.692],[100.9403,13.6577],[100.9474,13.6329],[100.9022,13.5883],[100.8999,13.5613],[100.8758,13.5518],[100.8601,13.4989],[100.841,13.4782]]]}},{"type":"Feature","id":"Samut Sakhon","properties":{"id":"Samut Sakhon","iso_code":"TH-74","name":"Samut Sakhon","name_full":"Samut Sakhon","name_ja":"サムットサーコーン県","center_lonlat":[100.2157,13.5713]},"geometry":{"type":"Polygon","coordinates":[[[100.4008,13.4906],[100.3372,13.4819],[100.2751,13.5167],[100.2372,13.4774],[100.089,13.426],[100.0379,13.5045],[100.0492,13.5986],[100.0753,13.6296],[100.0787,13.6837],[100.1903,13.6753],[100.2173,13.657],[100.2593,13.6613],[100.2727,13.7042],[100.3318,13.7301],[100.349,13.6491],[100.3847,13.6208],[100.4052,13.5596],[100.4116,13.5082],[100.4008,13.4906]]]}},{"type":"Feature","id":"Samut Songkhram","properties":{"id":"Samut Songkhram","iso_code":"TH-75","name":"Samut Songkhram","name_full":"Samut Songkhram","name_ja":"サムットソンクラーム県","center_lonlat":[99.9556,13.3922]},"geometry":{"type":"Polygon","coordinates":[[[100.089,13.426],[100.0388,13.4027],[100.0217,13.3666],[100.0013,13.372],[100.0156,13.3659],[100.0062,13.3328],[99.9627,13.3099],[99.9609,13.2916],[99.9285,13.2732],[99.9034,13.274],[99.8875,13.2394],[99.8584,13.2693],[99.8587,13.3284],[99.9184,13.5096],[99.9746,13.4916],[100.0379,13.5045],[100.089,13.426]]]}},{"type":"Feature","id":"Saraburi","properties":{"id":"Saraburi","iso_code":"TH-19","name":"Saraburi","name_full":"Saraburi","name_ja":"サラブリー県","center_lonlat":[100.9388,14.5755]},"geometry":{"type":"Polygon","coordinates":[[[101.1931,14.7559],[101.2073,14.5822],[101.1871,14.5417],[101.2429,14.4798],[101.2051,14.396],[101.2062,14.3736],[101.1849,14.3547],[101.1615,14.3478],[101.1253,14.3813],[101.0844,14.3834],[101.0589,14.4083],[101.0369,14.3266],[100.9882,14.2874],[100.9691,14.3008],[100.9488,14.2954],[100.9453,14.2503],[100.9124,14.2139],[100.8768,14.26],[100.8228,14.2418],[100.8203,14.3112],[100.7812,14.3232],[100.792,14.3803],[100.7629,14.4131],[100.7675,14.4845],[100.7553,14.5161],[100.7695,14.5298],[100.7703,14.5615],[100.7066,14.5697],[100.6493,14.5491],[100.6066,14.5494],[100.5744,14.5893],[100.594,14.6559],[100.6187,14.7014],[100.7199,14.7621],[100.7841,14.869],[100.8294,14.8826],[100.8429,14.8817],[100.844,14.863],[100.8699,14.8377],[100.8749,14.7833],[100.9165,14.7497],[100.9545,14.7497],[100.9854,14.7832],[100.9907,14.8132],[101.0844,14.8532],[101.1325,14.8388],[101.1496,14.8051],[101.1832,14.7871],[101.1931,14.7559]]]}},{"type":"Feature","id":"Satun","properties":{"id":"Satun","iso_code":"TH-91","name":"Satun","name_full":"Satun","name_ja":"サトゥーン県","center_lonlat":[99.9638,6.8513]},"geometry":{"type":"MultiPolygon","coordinates":[[[[100.1992,6.6994],[100.1876,6.708],[100.1668,6.6951],[100.1561,6.6206],[100.1672,6.5661],[100.1457,6.5395],[100.1444,6.4796],[100.1273,6.4423],[100.1082,6.4796],[100.0901,6.4848],[100.1035,6.5332],[100.0806,6.5368],[100.0633,6.5066],[100.0013,6.5675],[99.9912,6.5978],[99.9641,6.5937],[99.974,6.6227],[99.9609,6.6605],[99.9373,6.6647],[99.9285,6.6926],[99.8675,6.7626],[99.8517,6.7764],[99.8249,6.7696],[99.7972,6.8217],[99.7107,6.8542],[99.6858,6.8773],[99.6904,6.9355],[99.7139,6.9422],[99.7072,6.961],[99.6809,6.9736],[99.6792,7.0268],[99.7456,7.1297],[99.8241,7.142],[99.8374,7.0941],[99.8835,7.0688],[99.928,7.1377],[99.9886,7.0692],[100.0179,7.056],[100.0464,7.0634],[100.0666,7.0401],[100.0768,6.9869],[100.12,6.9321],[100.1903,6.9074],[100.2134,6.8853],[100.1943,6.7989],[100.2098,6.7446],[100.1992,6.6994]]],[[[99.6724,6.5165],[99.6587,6.4923],[99.6341,6.5521],[99.6003,6.5834],[99.657,6.7238],[99.6805,6.6729],[99.6803,6.624],[99.7044,6.5583],[99.6997,6.5333],[99.6724,6.5165]]],[[[99.2478,6.5749],[99.2576,6.5609],[99.2173,6.5369],[99.174,6.539],[99.1585,6.5544],[99.1764,6.5502],[99.2063,6.5749],[99.2478,6.5749]]]]}},{"type":"Feature","id":"Si Sa Ket","properties":{"id":"Si Sa Ket","iso_code":"TH-33","name":"Si Sa Ket","name_full":"Si Sa Ket","name_ja":"シーサケート県","center_lonlat":[104.3788,14.8568]},"geometry":{"type":"Polygon","coordinates":[[[104.0457,14.3573],[104.0623,14.4541],[104.046,14.5442],[104.0623,14.6544],[104.0083,14.7298],[103.9999,14.8037],[103.9291,14.8328],[103.917,14.8539],[103.9422,14.9182],[103.9952,14.9865],[104.0178,15.0387],[103.9934,15.1377],[103.9724,15.1643],[103.9893,15.2344],[103.978,15.2625],[104.0767,15.3543],[104.061,15.4021],[103.986,15.4102],[104.0794,15.5316],[104.1295,15.5645],[104.151,15.5006],[104.2541,15.3679],[104.3014,15.3394],[104.3866,15.3192],[104.4,15.2923],[104.4183,15.2848],[104.4684,15.2596],[104.5736,15.2392],[104.6013,15.255],[104.6479,15.2504],[104.6614,15.238],[104.6639,15.2548],[104.6745,15.2539],[104.7152,15.1981],[104.7027,15.182],[104.7368,15.1715],[104.7212,15.14],[104.6886,15.1335],[104.6943,14.9716],[104.7244,14.9278],[104.766,14.9204],[104.8133,14.892],[104.8301,14.8536],[104.818,14.8111],[104.8644,14.7199],[104.8939,14.7022],[104.9148,14.6548],[104.8825,14.661],[104.8608,14.6504],[104.833,14.5601],[104.8717,14.4882],[104.8528,14.4471],[104.8977,14.4342],[104.9156,14.3932],[104.8666,14.4138],[104.8314,14.4118],[104.7717,14.4399],[104.7129,14.4068],[104.6929,14.434],[104.6684,14.4096],[104.6104,14.419],[104.5428,14.3604],[104.4926,14.374],[104.4526,14.3569],[104.2475,14.4011],[104.2013,14.378],[104.177,14.4042],[104.1409,14.366],[104.1102,14.3804],[104.0457,14.3573]]]}},{"type":"Feature","id":"Sing Buri","properties":{"id":"Sing Buri","iso_code":"TH-17","name":"Sing Buri","name_full":"Sing Buri","name_ja":"シンブリー県","center_lonlat":[100.3519,14.9218]},"geometry":{"type":"Polygon","coordinates":[[[100.2115,14.9551],[100.2672,14.9535],[100.3059,14.9996],[100.2672,15.0328],[100.3033,15.079],[100.289,15.0722],[100.2722,15.1125],[100.2903,15.124],[100.2947,15.1583],[100.3093,15.1676],[100.3476,15.1545],[100.365,15.0948],[100.4429,15.0604],[100.4367,15.045],[100.4602,14.9756],[100.4337,14.9265],[100.452,14.8667],[100.4766,14.8357],[100.4932,14.7512],[100.4771,14.7248],[100.4317,14.7299],[100.4164,14.7506],[100.3891,14.7501],[100.3377,14.7943],[100.2324,14.7898],[100.2117,14.8251],[100.2249,14.9035],[100.1936,14.9223],[100.2115,14.9551]]]}},{"type":"Feature","id":"Songkhla","properties":{"id":"Songkhla","iso_code":"TH-90","name":"Songkhla","name_full":"Songkhla","name_ja":"ソンクラー県","center_lonlat":[100.5816,6.805]},"geometry":{"type":"MultiPolygon","coordinates":[[[[100.1992,6.6994],[100.2098,6.7446],[100.1943,6.7989],[100.2134,6.8853],[100.1903,6.9074],[100.12,6.9321],[100.0768,6.9869],[100.0666,7.0401],[100.0464,7.0634],[100.0306,7.0917],[100.0722,7.1364],[100.1545,7.1803],[100.2838,7.2083],[100.2983,7.2324],[100.342,7.2504],[100.3485,7.2764],[100.3788,7.3098],[100.3849,7.2663],[100.4269,7.2453],[100.3923,7.2226],[100.4366,7.1601],[100.4661,7.1572],[100.4948,7.1366],[100.5559,7.1447],[100.5886,7.1796],[100.5854,7.2244],[100.7844,6.9671],[100.8273,6.9517],[100.8499,6.9621],[100.9481,6.8807],[100.9976,6.8567],[101.068,6.8577],[101.0413,6.7983],[101.0388,6.7327],[101.0628,6.6538],[101.1011,6.6379],[101.1034,6.5838],[101.029,6.477],[100.9446,6.4527],[100.925,6.4337],[100.9112,6.3184],[100.8775,6.2998],[100.8237,6.2986],[100.8056,6.4148],[100.7733,6.4473],[100.7339,6.4564],[100.73,6.4932],[100.6307,6.4448],[100.5174,6.4819],[100.4672,6.5132],[100.3874,6.5221],[100.3292,6.5578],[100.274,6.6963],[100.2124,6.6892],[100.1992,6.6994]]],[[[100.3425,7.9388],[100.4402,7.477],[100.5006,7.334],[100.5672,7.2295],[100.574,7.195],[100.5481,7.197],[100.4724,7.2589],[100.4255,7.2676],[100.439,7.2941],[100.4223,7.37],[100.4081,7.3787],[100.406,7.5277],[100.3895,7.5662],[100.3589,7.5786],[100.3256,7.5745],[100.2896,7.5182],[100.2697,7.5375],[100.2756,7.577],[100.3235,7.6164],[100.307,7.7579],[100.2887,7.7883],[100.2697,7.7954],[100.2009,7.7723],[100.1296,7.8017],[100.1552,7.8744],[100.2897,7.9296],[100.3425,7.9388]]]]}},{"type":"Feature","id":"Sukhothai","properties":{"id":"Sukhothai","iso_code":"TH-64","name":"Sukhothai","name_full":"Sukhothai","name_ja":"スコータイ県","center_lonlat":[99.6988,17.2471]},"geometry":{"type":"Polygon","coordinates":[[[99.9044,16.6881],[99.8506,16.7362],[99.6931,16.732],[99.5558,16.8148],[99.5424,16.8607],[99.5182,16.8811],[99.3871,16.8661],[99.346,16.8879],[99.2789,16.9296],[99.2699,16.9572],[99.2798,17.0593],[99.3225,17.1155],[99.3174,17.2607],[99.3483,17.2537],[99.391,17.2043],[99.4399,17.2269],[99.4565,17.254],[99.4568,17.2978],[99.4805,17.3432],[99.4742,17.3632],[99.4322,17.3922],[99.44,17.4304],[99.4144,17.4628],[99.4199,17.5093],[99.4386,17.5268],[99.4192,17.5651],[99.4219,17.5933],[99.4547,17.6038],[99.4528,17.6385],[99.4761,17.6735],[99.4734,17.7289],[99.529,17.7946],[99.5896,17.8157],[99.6622,17.7971],[99.7366,17.7222],[99.7848,17.7843],[99.8197,17.7986],[99.8966,17.8037],[99.9242,17.7784],[99.9228,17.7526],[99.9692,17.7048],[99.9771,17.6756],[99.9675,17.6124],[99.9304,17.5698],[100.0198,17.4737],[100.0353,17.4382],[100.0003,17.4102],[100.0154,17.3794],[100.0167,17.3336],[100.0041,17.2921],[99.9712,17.255],[99.9828,17.1656],[99.9198,17.1643],[99.9137,17.1547],[99.9651,17.0806],[100.1275,16.9694],[100.1307,16.9089],[100.1187,16.8959],[100.0331,16.891],[100.0216,16.8569],[99.9557,16.8651],[99.919,16.7816],[99.8885,16.7521],[99.8926,16.7342],[99.94,16.7121],[99.9044,16.6881]]]}},{"type":"Feature","id":"Suphan Buri","properties":{"id":"Suphan Buri","iso_code":"TH-72","name":"Suphan Buri","name_full":"Suphan Buri","name_ja":"スパンブリー県","center_lonlat":[99.8981,14.6079]},"geometry":{"type":"Polygon","coordinates":[[[100.2115,14.9551],[100.1936,14.9223],[100.2249,14.9035],[100.2117,14.8251],[100.2324,14.7898],[100.2101,14.7535],[100.2249,14.6547],[100.205,14.6122],[100.217,14.5914],[100.197,14.5635],[100.2171,14.5118],[100.2541,14.4865],[100.2815,14.3834],[100.255,14.227],[100.221,14.1771],[100.1585,14.1409],[99.9862,14.1456],[99.8788,14.0656],[99.8115,14.0618],[99.8034,14.0834],[99.7739,14.0996],[99.7651,14.1661],[99.8103,14.2105],[99.8221,14.248],[99.8252,14.5184],[99.8906,14.5611],[99.8461,14.6054],[99.8672,14.6384],[99.7846,14.678],[99.6782,14.7942],[99.658,14.8026],[99.5998,14.785],[99.5444,14.796],[99.529,14.7279],[99.5048,14.7002],[99.459,14.6908],[99.436,14.7226],[99.4451,14.7439],[99.438,14.7654],[99.4144,14.7756],[99.3829,14.766],[99.3232,14.8338],[99.2894,14.8379],[99.2826,14.8656],[99.3096,14.912],[99.2971,14.9751],[99.28,14.9998],[99.2953,15.052],[99.3235,15.0725],[99.3497,15.0509],[99.4076,15.0341],[99.4181,15.0009],[99.5169,14.9806],[99.564,14.9574],[99.6339,14.9469],[99.6276,14.9851],[99.6515,14.993],[99.726,14.9612],[99.7972,14.9517],[99.8714,14.9219],[99.9699,14.909],[100.039,14.9313],[100.0452,14.9626],[100.1165,14.9464],[100.1403,14.9237],[100.2115,14.9551]]]}},{"type":"Feature","id":"Surat Thani","properties":{"id":"Surat Thani","iso_code":"TH-84","name":"Surat Thani","name_full":"Surat Thani","name_ja":"スラートターニー県","center_lonlat":[99.0632,9.0311]},"geometry":{"type":"MultiPolygon","coordinates":[[[[99.1449,9.7912],[99.1729,9.6652],[99.2121,9.5977],[99.2232,9.5426],[99.3236,9.3915],[99.2908,9.3901],[99.2355,9.3363],[99.2341,9.2783],[99.2551,9.2325],[99.3508,9.2192],[99.3782,9.1929],[99.4439,9.196],[99.5017,9.2203],[99.5358,9.2817],[99.5935,9.2748],[99.6895,9.3159],[99.7718,9.3123],[99.7513,9.2831],[99.755,9.2273],[99.7314,9.1532],[99.7515,9.1234],[99.7839,9.112],[99.7849,9.0566],[99.7698,9.0481],[99.7488,9.0555],[99.7298,8.9768],[99.692,8.9632],[99.6931,8.9319],[99.6239,8.9059],[99.6076,8.9204],[99.5902,8.9168],[99.559,8.8589],[99.53,8.8471],[99.5223,8.7302],[99.4946,8.6982],[99.4887,8.668],[99.4515,8.64],[99.4473,8.6011],[99.4081,8.5632],[99.332,8.5213],[99.2847,8.5423],[99.2858,8.475],[99.2408,8.3884],[99.2661,8.3416],[99.1812,8.3223],[99.0607,8.3517],[99.0349,8.3259],[99.0015,8.3153],[98.9427,8.3236],[98.9131,8.3138],[98.8905,8.4133],[98.9083,8.4713],[98.8846,8.5144],[98.9283,8.5613],[98.9182,8.5843],[98.8521,8.6406],[98.7985,8.646],[98.7666,8.6742],[98.7504,8.6691],[98.7339,8.6307],[98.7133,8.6251],[98.662,8.644],[98.5844,8.6257],[98.5498,8.6515],[98.5492,8.6653],[98.5726,8.6728],[98.6027,8.7114],[98.6052,8.7906],[98.5678,8.8043],[98.5389,8.848],[98.5015,8.8772],[98.4562,8.8904],[98.4573,8.9543],[98.5065,8.9787],[98.482,9.0634],[98.4966,9.0766],[98.4892,9.1258],[98.5067,9.1572],[98.5102,9.2087],[98.5343,9.244],[98.5306,9.2928],[98.511,9.3064],[98.549,9.3517],[98.5911,9.3636],[98.6101,9.3454],[98.673,9.3575],[98.6775,9.3794],[98.6576,9.385],[98.6567,9.4231],[98.6798,9.4234],[98.6786,9.4617],[98.7014,9.4703],[98.7742,9.5425],[98.7498,9.6012],[98.7903,9.687],[98.8046,9.6826],[98.902,9.7297],[98.9349,9.7212],[99.0249,9.7304],[99.1024,9.7868],[99.1449,9.7912]]],[[[100.0702,9.5864],[100.0907,9.5609],[100.0609,9.4638],[100.032,9.4502],[100.0193,9.4257],[99.9466,9.4182],[99.9263,9.494],[99.9412,9.5119],[99.9263,9.566],[99.9595,9.5808],[100.0437,9.5642],[100.0623,9.5674],[100.0702,9.5864]]],[[[100.0354,9.7956],[100.0672,9.7756],[100.0901,9.6653],[99.9876,9.7199],[99.9899,9.7429],[99.9706,9.7646],[99.9876,9.8018],[100.0354,9.7956]]],[[[99.6987,9.5422],[99.7035,9.5213],[99.6681,9.5192],[99.6987,9.5422]]]]}},{"type":"Feature","id":"Surin","properties":{"id":"Surin","iso_code":"TH-32","name":"Surin","name_full":"Surin","name_ja":"スリン県","center_lonlat":[103.6687,14.8832]},"geometry":{"type":"Polygon","coordinates":[[[103.2433,14.3419],[103.2431,14.4094],[103.2572,14.4499],[103.2309,14.5338],[103.2331,14.5981],[103.2741,14.6787],[103.288,14.7701],[103.314,14.805],[103.3957,14.867],[103.4432,14.9334],[103.44,15.0024],[103.4661,15.033],[103.4523,15.0607],[103.4598,15.0829],[103.4449,15.186],[103.5,15.2999],[103.4541,15.3397],[103.4346,15.3459],[103.4415,15.3397],[103.4296,15.3224],[103.4126,15.3219],[103.4073,15.3459],[103.367,15.3527],[103.3039,15.3151],[103.2699,15.3219],[103.2571,15.3118],[103.1913,15.3713],[103.1677,15.3664],[103.1472,15.4216],[103.1193,15.4148],[103.1027,15.429],[103.1158,15.4823],[103.3432,15.4017],[103.4175,15.4279],[103.4598,15.4471],[103.5255,15.4352],[103.5912,15.4652],[103.6402,15.4492],[103.7861,15.4385],[103.8874,15.4709],[103.9097,15.4433],[103.9423,15.4415],[103.9359,15.4266],[103.9765,15.4291],[103.986,15.4102],[104.061,15.4021],[104.0767,15.3543],[103.978,15.2625],[103.9893,15.2344],[103.9724,15.1643],[103.9934,15.1377],[104.0178,15.0387],[103.9952,14.9865],[103.9422,14.9182],[103.917,14.8539],[103.9291,14.8328],[103.9999,14.8037],[104.0083,14.7298],[104.0623,14.6544],[104.046,14.5442],[104.0623,14.4541],[104.0457,14.3573],[104.0014,14.3451],[103.974,14.3673],[103.9198,14.3646],[103.9028,14.3424],[103.8852,14.3404],[103.824,14.368],[103.6822,14.3838],[103.6715,14.4296],[103.6472,14.444],[103.5961,14.4043],[103.5334,14.4191],[103.4497,14.3716],[103.4225,14.3848],[103.3629,14.3535],[103.2433,14.3419]]]}},{"type":"Feature","id":"Tak","properties":{"id":"Tak","iso_code":"TH-63","name":"Tak","name_full":"Tak","name_ja":"ターク県","center_lonlat":[98.7966,16.6968]},"geometry":{"type":"Polygon","coordinates":[[[97.908,17.5549],[97.924,17.569],[97.9794,17.5749],[98.119,17.6437],[98.1982,17.6452],[98.2435,17.6829],[98.3026,17.6959],[98.2607,17.6486],[98.2581,17.5936],[98.2641,17.5733],[98.3059,17.5682],[98.3225,17.5228],[98.3142,17.4442],[98.3352,17.424],[98.3139,17.3963],[98.3392,17.3416],[98.3356,17.3039],[98.428,17.25],[98.5675,17.2928],[98.5715,17.3441],[98.5498,17.3634],[98.5663,17.4229],[98.5347,17.4615],[98.5357,17.5145],[98.5556,17.5555],[98.6089,17.5714],[98.6245,17.5944],[98.6092,17.6585],[98.6489,17.6981],[98.6534,17.7285],[98.7104,17.7562],[98.7456,17.6979],[98.7373,17.6735],[98.6993,17.6519],[98.7213,17.4853],[98.7726,17.484],[98.8226,17.5007],[98.8645,17.5326],[98.8932,17.6179],[98.9151,17.64],[98.9658,17.6416],[99.0121,17.6106],[99.033,17.5107],[99.0161,17.408],[99.0645,17.3716],[99.1697,17.3348],[99.2184,17.3958],[99.263,17.3979],[99.2778,17.3239],[99.3174,17.2607],[99.3225,17.1155],[99.2798,17.0593],[99.2699,16.9572],[99.2789,16.9296],[99.346,16.8879],[99.3266,16.8136],[99.2988,16.7848],[99.2968,16.7236],[99.2495,16.6532],[99.2558,16.5756],[99.243,16.5451],[99.1765,16.5252],[99.164,16.5048],[99.114,16.4756],[99.0029,16.4798],[98.9878,16.4609],[99.0139,16.3886],[98.997,16.2688],[99.0046,16.2194],[99.0242,16.1955],[99.0102,16.122],[99.0288,16.0243],[99.0689,15.9968],[99.0788,15.8689],[99.0881,15.8266],[99.1196,15.8015],[99.1214,15.7698],[99.1249,15.723],[99.1028,15.626],[99.0415,15.5443],[99.0439,15.5129],[99.0665,15.4893],[99.0549,15.456],[99.0564,15.3925],[99.0156,15.2664],[98.9804,15.2206],[98.8933,15.2752],[98.8047,15.409],[98.7754,15.4332],[98.7645,15.4669],[98.7253,15.4929],[98.7302,15.5157],[98.6637,15.6182],[98.5441,15.6751],[98.5431,15.7354],[98.5744,15.836],[98.5686,15.9202],[98.5838,15.977],[98.547,16.0475],[98.6191,16.051],[98.6587,16.1163],[98.6796,16.1261],[98.7584,16.1192],[98.783,16.1024],[98.8072,16.1105],[98.8354,16.1445],[98.8431,16.2087],[98.8837,16.2587],[98.9025,16.3816],[98.8434,16.4384],[98.8396,16.4724],[98.8187,16.4556],[98.7886,16.3746],[98.7283,16.3283],[98.6824,16.2735],[98.6633,16.2867],[98.6295,16.4027],[98.6398,16.445],[98.6316,16.4631],[98.5642,16.552],[98.5616,16.6017],[98.5123,16.6433],[98.4863,16.701],[98.4567,16.7232],[98.4745,16.7767],[98.5175,16.803],[98.5205,16.8141],[98.49,16.8432],[98.5006,16.8622],[98.5246,16.8504],[98.5095,16.8927],[98.4845,16.9059],[98.4745,16.9504],[98.4179,17.029],[98.3798,17.0458],[98.3133,17.052],[98.2997,17.0647],[98.2862,17.0874],[98.2944,17.1076],[98.2683,17.1077],[98.279,17.1366],[98.0926,17.3122],[98.0887,17.3728],[98.0355,17.405],[97.9917,17.4957],[97.908,17.5549]]]}},{"type":"Feature","id":"Trang","properties":{"id":"Trang","iso_code":"TH-92","name":"Trang","name_full":"Trang","name_ja":"トラン県","center_lonlat":[99.6156,7.5289]},"geometry":{"type":"MultiPolygon","coordinates":[[[[99.7456,7.1297],[99.7406,7.1371],[99.6929,7.1161],[99.6776,7.1233],[99.6724,7.1707],[99.6141,7.1367],[99.6108,7.1509],[99.584,7.1564],[99.5579,7.1975],[99.54,7.2441],[99.5454,7.2663],[99.5852,7.3067],[99.6035,7.3762],[99.5496,7.3018],[99.5247,7.3113],[99.5254,7.37],[99.5081,7.385],[99.491,7.351],[99.4883,7.2857],[99.4707,7.28],[99.3782,7.3209],[99.3366,7.3836],[99.3474,7.4235],[99.3298,7.5034],[99.2956,7.5071],[99.3088,7.5283],[99.2927,7.6207],[99.2683,7.6164],[99.2498,7.6278],[99.2622,7.6433],[99.2568,7.6551],[99.312,7.6943],[99.3396,7.7415],[99.2942,7.8441],[99.3424,7.9065],[99.3381,7.9431],[99.3696,7.9289],[99.4008,7.8901],[99.4642,7.8893],[99.5108,7.8718],[99.5392,7.8789],[99.5472,7.9062],[99.609,7.9813],[99.7277,7.992],[99.7485,7.973],[99.7319,7.9022],[99.7443,7.8509],[99.7961,7.7024],[99.821,7.6734],[99.8172,7.6513],[99.7979,7.6389],[99.7961,7.6033],[99.8261,7.5526],[99.828,7.5153],[99.8545,7.4852],[99.8844,7.3841],[99.9425,7.2966],[99.9394,7.2476],[99.9651,7.177],[100.0306,7.0917],[100.0464,7.0634],[100.0179,7.056],[99.9886,7.0692],[99.928,7.1377],[99.8835,7.0688],[99.8374,7.0941],[99.8241,7.142],[99.7456,7.1297]]],[[[99.4054,7.2663],[99.4539,7.239],[99.4172,7.2353],[99.3833,7.1941],[99.3778,7.2523],[99.3855,7.2756],[99.4054,7.2663]]]]}},{"type":"Feature","id":"Trat","properties":{"id":"Trat","iso_code":"TH-23","name":"Trat","name_full":"Trat","name_ja":"トラート県","center_lonlat":[102.5349,12.3572]},"geometry":{"type":"MultiPolygon","coordinates":[[[[102.3555,12.3583],[102.3756,12.4015],[102.3496,12.4177],[102.3324,12.4487],[102.3476,12.4903],[102.3297,12.5569],[102.3636,12.5926],[102.4123,12.5657],[102.3948,12.6014],[102.3973,12.6757],[102.4418,12.7281],[102.4952,12.746],[102.478,12.7196],[102.4864,12.6612],[102.5885,12.6098],[102.6968,12.5131],[102.7184,12.4659],[102.7621,12.4361],[102.7651,12.4163],[102.7201,12.3612],[102.6922,12.1785],[102.7,12.1387],[102.7711,12.0374],[102.7971,11.953],[102.843,11.866],[102.9138,11.7655],[102.9288,11.6687],[102.9136,11.6459],[102.9067,11.7414],[102.8933,11.7697],[102.777,11.9025],[102.7669,12.0118],[102.6318,12.152],[102.6301,12.1614],[102.6536,12.1592],[102.6045,12.2039],[102.6057,12.2213],[102.5619,12.2021],[102.5573,12.1837],[102.5824,12.0493],[102.5539,12.0568],[102.5505,12.091],[102.5322,12.1136],[102.4736,12.149],[102.3504,12.1957],[102.3362,12.1976],[102.3245,12.1803],[102.2904,12.194],[102.2632,12.2895],[102.3152,12.2912],[102.3519,12.3237],[102.3555,12.3583]]],[[[102.3997,12.0432],[102.4431,11.9837],[102.4412,11.9674],[102.4275,11.9614],[102.3792,12.0028],[102.3761,11.9709],[102.3109,11.9811],[102.3184,11.9612],[102.2904,11.9748],[102.2942,12.0568],[102.2564,12.1319],[102.27,12.1319],[102.2495,12.153],[102.3109,12.1462],[102.3428,12.1236],[102.3997,12.0432]]],[[[102.5641,11.708],[102.5896,11.71],[102.606,11.6845],[102.6082,11.6483],[102.5916,11.6186],[102.6057,11.6118],[102.5983,11.5634],[102.5716,11.5913],[102.53,11.6049],[102.5442,11.626],[102.53,11.6801],[102.5552,11.7598],[102.5708,11.7328],[102.5641,11.708]]]]}},{"type":"Feature","id":"Ubon Ratchathani","properties":{"id":"Ubon Ratchathani","iso_code":"TH-34","name":"Ubon Ratchathani","name_full":"Ubon Ratchathani","name_ja":"ウボンラーチャターニー県","center_lonlat":[105.1199,15.1772]},"geometry":{"type":"Polygon","coordinates":[[[104.9156,14.3932],[104.8977,14.4342],[104.8528,14.4471],[104.8717,14.4882],[104.833,14.5601],[104.8608,14.6504],[104.8825,14.661],[104.9148,14.6548],[104.8939,14.7022],[104.8644,14.7199],[104.818,14.8111],[104.8301,14.8536],[104.8133,14.892],[104.766,14.9204],[104.7244,14.9278],[104.6943,14.9716],[104.6886,15.1335],[104.7212,15.14],[104.7368,15.1715],[104.7027,15.182],[104.7152,15.1981],[104.6745,15.2539],[104.6639,15.2548],[104.6614,15.238],[104.6479,15.2504],[104.6013,15.255],[104.5736,15.2392],[104.4684,15.2596],[104.4183,15.2848],[104.4386,15.3499],[104.4358,15.3869],[104.4185,15.3777],[104.3874,15.4011],[104.3826,15.4199],[104.401,15.5213],[104.4919,15.5348],[104.5191,15.5582],[104.5121,15.5834],[104.6252,15.5583],[104.6602,15.5949],[104.6606,15.6125],[104.642,15.628],[104.6723,15.6379],[104.7356,15.5696],[104.7891,15.5631],[104.8139,15.5069],[104.8662,15.507],[104.8952,15.4714],[104.9229,15.4858],[104.9417,15.5397],[104.9395,15.6139],[104.9842,15.7392],[105.0211,15.805],[105.0191,15.8651],[105.0573,15.9046],[105.0295,15.9567],[105.0348,15.9997],[105.0912,16.0546],[105.107,16.0959],[105.2372,16.0508],[105.4221,16.0099],[105.4181,15.9947],[105.3625,15.9548],[105.3606,15.9194],[105.412,15.7998],[105.448,15.7649],[105.5254,15.7635],[105.5685,15.7494],[105.6129,15.7215],[105.6409,15.682],[105.651,15.6346],[105.6043,15.4392],[105.5528,15.402],[105.4863,15.3749],[105.4775,15.3528],[105.499,15.3247],[105.558,15.3251],[105.564,15.2725],[105.4631,15.1894],[105.4438,15.1338],[105.4519,15.0948],[105.4739,15.0906],[105.4983,15.0661],[105.5209,15.0661],[105.5535,15.0053],[105.5931,14.9908],[105.5439,14.9531],[105.5342,14.934],[105.5506,14.9023],[105.543,14.8801],[105.5178,14.8777],[105.5244,14.8372],[105.5015,14.8273],[105.4891,14.7863],[105.5051,14.7364],[105.4958,14.6599],[105.5075,14.564],[105.416,14.4282],[105.3677,14.4145],[105.3351,14.3857],[105.2947,14.3991],[105.2686,14.3644],[105.155,14.3305],[105.1014,14.2305],[105.0473,14.2141],[105.0077,14.2438],[104.9759,14.3011],[104.9738,14.3806],[104.9156,14.3932]]]}},{"type":"Feature","id":"Udon Thani","properties":{"id":"Udon Thani","iso_code":"TH-41","name":"Udon Thani","name_full":"Udon Thani","name_ja":"ウドーンターニー県","center_lonlat":[102.8548,17.4258]},"geometry":{"type":"Polygon","coordinates":[[[102.6758,16.9437],[102.556,17.0558],[102.5131,17.1331],[102.5196,17.1586],[102.5791,17.183],[102.6028,17.2207],[102.5128,17.204],[102.4755,17.2388],[102.4859,17.2989],[102.4346,17.3253],[102.4389,17.3858],[102.3922,17.4957],[102.3753,17.6172],[102.3416,17.6094],[102.2249,17.6392],[102.1856,17.6091],[102.1467,17.6136],[102.1212,17.5832],[102.091,17.6224],[102.0675,17.6908],[102.0537,17.6589],[102.0415,17.66],[102.0251,17.7333],[102.0519,17.8372],[102.0236,17.9782],[102.0384,17.9934],[102.0584,18.0884],[102.0887,18.0592],[102.1142,18.0589],[102.1448,18.0257],[102.1542,17.9931],[102.2047,18.0186],[102.3272,17.9495],[102.394,17.8892],[102.408,17.8442],[102.4432,17.8145],[102.4395,17.7908],[102.4632,17.7589],[102.5396,17.7505],[102.6097,17.6893],[102.6072,17.6209],[102.6653,17.596],[102.7517,17.6068],[102.7758,17.6243],[102.788,17.6616],[102.8478,17.7001],[102.8654,17.7693],[102.8493,17.8068],[102.8852,17.8591],[102.885,17.8853],[102.9497,17.877],[102.9831,17.8226],[103.0587,17.8864],[103.169,17.8018],[103.2023,17.8538],[103.2614,17.8786],[103.3081,17.8322],[103.3996,17.8664],[103.3951,17.8479],[103.4097,17.8362],[103.3806,17.8354],[103.3677,17.786],[103.4008,17.7386],[103.3973,17.5987],[103.3372,17.5791],[103.2903,17.5005],[103.2703,17.4344],[103.2922,17.3842],[103.2472,17.3074],[103.2729,17.2648],[103.3386,17.2505],[103.4025,17.2171],[103.4397,17.2151],[103.4641,17.2298],[103.5614,17.1619],[103.5907,17.1611],[103.6283,17.1158],[103.6512,17.1068],[103.6501,17.0439],[103.617,17.0885],[103.5833,17.1003],[103.531,17.0737],[103.5068,17.0445],[103.5093,16.9956],[103.4849,16.9588],[103.4819,16.9032],[103.4357,16.8276],[103.4241,16.8791],[103.3997,16.903],[103.2509,16.9599],[103.1423,16.9579],[103.1131,16.9128],[102.9555,16.8411],[102.889,16.8779],[102.8374,16.8739],[102.8222,16.958],[102.8319,16.9759],[102.7301,17.0427],[102.7171,17.0745],[102.6932,17.038],[102.6758,16.9437]]]}},{"type":"Feature","id":"Uthai Thani","properties":{"id":"Uthai Thani","iso_code":"TH-61","name":"Uthai Thani","name_full":"Uthai Thani","name_ja":"ウタイターニー県","center_lonlat":[99.4607,15.3386]},"geometry":{"type":"Polygon","coordinates":[[[99.28,14.9998],[99.2375,14.9937],[99.1345,15.0224],[99.069,15.0139],[98.9979,15.0817],[98.9804,15.2206],[99.0156,15.2664],[99.0564,15.3925],[99.0549,15.456],[99.0665,15.4893],[99.0439,15.5129],[99.0415,15.5443],[99.1028,15.626],[99.1249,15.723],[99.1214,15.7698],[99.1619,15.7731],[99.2012,15.7549],[99.2419,15.7162],[99.3657,15.6534],[99.3775,15.6241],[99.4785,15.5617],[99.5213,15.5635],[99.586,15.6202],[99.6958,15.6785],[99.7338,15.6765],[99.7751,15.6386],[99.8086,15.6255],[99.8524,15.636],[99.8708,15.5654],[99.8975,15.5309],[99.9363,15.5074],[99.9727,15.5063],[100.0464,15.4461],[100.0576,15.4197],[100.0554,15.3993],[100.0298,15.3955],[100.0711,15.3403],[100.0587,15.2873],[100.0598,15.2717],[100.0746,15.2711],[100.0581,15.2633],[100.0413,15.2817],[99.9999,15.2933],[99.8877,15.2849],[99.8626,15.3015],[99.7606,15.3172],[99.7216,15.2893],[99.7364,15.2005],[99.8088,15.0881],[99.7895,15.0472],[99.725,14.9991],[99.726,14.9612],[99.6515,14.993],[99.6276,14.9851],[99.6339,14.9469],[99.564,14.9574],[99.5169,14.9806],[99.4181,15.0009],[99.4076,15.0341],[99.3497,15.0509],[99.3235,15.0725],[99.2953,15.052],[99.28,14.9998]]]}},{"type":"Feature","id":"Uttaradit","properties":{"id":"Uttaradit","iso_code":"TH-53","name":"Uttaradit","name_full":"Uttaradit","name_ja":"ウッタラディット県","center_lonlat":[100.5083,17.742]},"geometry":{"type":"Polygon","coordinates":[[[101.0741,18.3716],[101.1554,18.3229],[101.1301,18.2912],[101.1284,18.2457],[101.1628,18.1953],[101.1416,18.124],[101.1652,18.0534],[101.1123,18.0113],[101.0662,17.934],[101.0008,17.8848],[101.0003,17.8305],[100.9652,17.7976],[100.9755,17.7798],[100.9586,17.7641],[100.9559,17.7075],[100.9105,17.6879],[100.8881,17.7074],[100.872,17.7042],[100.8345,17.6457],[100.7778,17.6039],[100.7487,17.5579],[100.6091,17.4583],[100.5812,17.4208],[100.5082,17.402],[100.4893,17.4167],[100.4464,17.4161],[100.3361,17.3695],[100.2943,17.3667],[100.2474,17.3115],[100.2576,17.2388],[100.2055,17.1971],[100.1651,17.2009],[100.0353,17.1642],[100.0098,17.1773],[99.9828,17.1656],[99.9712,17.255],[100.0041,17.2921],[100.0167,17.3336],[100.0154,17.3794],[100.0003,17.4102],[100.0353,17.4382],[100.0198,17.4737],[99.9304,17.5698],[99.9675,17.6124],[99.9771,17.6756],[99.9692,17.7048],[99.9228,17.7526],[99.9242,17.7784],[99.8966,17.8037],[99.9554,17.7828],[99.9972,17.8285],[100.1294,17.8572],[100.2405,17.9509],[100.2731,17.9591],[100.2934,17.9548],[100.3366,17.8951],[100.3605,17.9309],[100.3698,17.9839],[100.4221,18.016],[100.5152,18.0179],[100.5766,18.0512],[100.6889,18.0266],[100.7605,18.0261],[100.8426,18.0865],[100.8669,18.1361],[100.8915,18.1525],[100.881,18.1775],[100.9103,18.2035],[100.9053,18.2273],[100.9195,18.2499],[101.0741,18.3716]]]}},{"type":"Feature","id":"Yala","properties":{"id":"Yala","iso_code":"TH-95","name":"Yala","name_full":"Yala","name_ja":"ヤラー県","center_lonlat":[101.2248,6.1833]},"geometry":{"type":"Polygon","coordinates":[[[100.8237,6.2986],[100.8775,6.2998],[100.9112,6.3184],[100.925,6.4337],[100.9446,6.4527],[101.029,6.477],[101.1034,6.5838],[101.1011,6.6379],[101.1587,6.6001],[101.2178,6.5963],[101.2618,6.6254],[101.2979,6.6758],[101.3049,6.5955],[101.3378,6.5497],[101.4625,6.57],[101.5091,6.596],[101.5577,6.5451],[101.6017,6.5554],[101.6132,6.5335],[101.5429,6.4483],[101.4371,6.4155],[101.4037,6.2252],[101.382,6.2003],[101.3986,6.1588],[101.4354,6.1318],[101.4512,6.0849],[101.4866,6.0523],[101.4849,5.9754],[101.5002,5.8927],[101.249,5.787],[101.2123,5.6815],[101.15,5.6386],[101.1222,5.6299],[101.1054,5.6376],[101.0598,5.7096],[100.9986,5.7295],[100.9653,5.7924],[101.0153,5.8983],[101.0711,5.9198],[101.0788,5.9382],[101.0943,6.0858],[101.0525,6.1346],[101.0534,6.1576],[101.0892,6.1888],[101.0883,6.2335],[101.069,6.2509],[101.0065,6.2464],[100.9743,6.2726],[100.9101,6.2358],[100.8551,6.2479],[100.833,6.2367],[100.8237,6.2986]]]}},{"type":"Feature","id":"Yasothon","properties":{"id":"Yasothon","iso_code":"TH-35","name":"Yasothon","name_full":"Yasothon","name_ja":"ヤソートーン県","center_lonlat":[104.3389,15.8881]},"geometry":{"type":"Polygon","coordinates":[[[104.1295,15.5645],[104.2112,15.6065],[104.1557,15.7017],[104.1273,15.7022],[104.1318,15.7877],[104.1117,15.8233],[104.0721,15.8468],[104.0736,15.8205],[104.01,15.7984],[104.0136,15.8466],[104.0379,15.8673],[104.0107,15.9119],[104.0192,15.9763],[104.1079,15.9826],[104.1176,16.0391],[104.1047,16.0911],[104.2326,16.1676],[104.2766,16.2411],[104.3258,16.2579],[104.3559,16.3234],[104.3956,16.3446],[104.4971,16.3419],[104.521,16.3146],[104.5593,16.3077],[104.5869,16.2524],[104.6313,16.2154],[104.6555,16.2167],[104.6787,16.2408],[104.7024,16.2169],[104.8129,16.1906],[104.7983,16.1552],[104.6163,16.1206],[104.5762,16.0955],[104.5016,15.9552],[104.4642,15.9095],[104.4246,15.7213],[104.4408,15.6882],[104.4436,15.6349],[104.4609,15.6304],[104.4715,15.5994],[104.5121,15.5834],[104.5191,15.5582],[104.4919,15.5348],[104.401,15.5213],[104.3826,15.4199],[104.3874,15.4011],[104.4185,15.3777],[104.4358,15.3869],[104.4386,15.3499],[104.4183,15.2848],[104.4,15.2923],[104.3866,15.3192],[104.3014,15.3394],[104.2541,15.3679],[104.151,15.5006],[104.1295,15.5645]]]}}]}
