{"type":"FeatureCollection","features":[{"type":"Feature","id":"Adana","properties":{"id":"Adana","iso_code":"TR-01","name":"Adana","name_full":"Adana","name_ja":"アダナ県","center_lonlat":[35.609,37.4378]},"geometry":{"type":"Polygon","coordinates":[[[35.9325,36.873],[35.8054,36.7751],[35.6841,36.7646],[35.6477,36.754],[35.6135,36.7199],[35.6182,36.7316],[35.6067,36.7404],[35.573,36.7007],[35.5794,36.6851],[35.5945,36.7017],[35.6169,36.6962],[35.6198,36.7124],[35.634,36.6994],[35.634,36.7267],[35.6481,36.7332],[35.6648,36.7124],[35.7092,36.7199],[35.6226,36.6807],[35.6087,36.6469],[35.6956,36.7062],[35.658,36.6752],[35.6235,36.6025],[35.5571,36.5875],[35.49,36.6139],[35.4787,36.5985],[35.531,36.5827],[35.4455,36.5963],[35.346,36.5411],[35.3202,36.5647],[35.0418,36.6952],[34.9333,36.7275],[35.0667,36.7957],[35.0522,36.9635],[35.0817,37.026],[35.0432,37.0577],[34.9821,37.0555],[34.935,37.0837],[34.9129,37.141],[34.9098,37.2432],[34.8619,37.2727],[34.7916,37.3877],[34.7946,37.4572],[34.8499,37.5106],[34.8652,37.553],[34.8326,37.6299],[34.8278,37.6802],[34.8597,37.7166],[34.9619,37.7007],[35.0597,37.7135],[35.1906,37.8181],[35.3632,37.8073],[35.5772,37.7505],[35.6296,37.7702],[35.6077,37.9538],[35.979,38.155],[36.1033,38.3122],[36.1459,38.3951],[36.2669,38.4578],[36.348,38.4747],[36.4001,38.4566],[36.4626,38.358],[36.5055,38.3229],[36.4493,38.2809],[36.4181,38.2188],[36.3684,38.0421],[36.3386,37.9777],[36.3241,37.8813],[36.3308,37.8343],[36.3623,37.7726],[36.3597,37.7318],[36.2799,37.6691],[36.11,37.6643],[36.0635,37.6024],[35.9396,37.37],[35.9396,37.2925],[35.9697,37.2197],[36.0559,37.2105],[36.0927,37.1785],[36.1048,37.1221],[36.0616,37.0097],[36.0176,37.02],[35.917,36.9348],[35.9164,36.8934],[35.9325,36.873]]]}},{"type":"Feature","id":"Adıyaman","properties":{"id":"Adıyaman","iso_code":"TR-02","name":"Adıyaman","name_full":"Adıyaman","name_ja":"アドゥヤマン県","center_lonlat":[38.3395,37.8039]},"geometry":{"type":"Polygon","coordinates":[[[37.6251,37.5188],[37.4571,37.5896],[37.4217,37.6351],[37.4222,37.6941],[37.5653,37.8205],[37.7076,37.842],[37.796,37.8712],[37.888,37.881],[37.9735,37.8657],[38.1276,37.905],[38.1892,37.9485],[38.1909,38.0008],[38.2173,38.0405],[38.295,38.0738],[38.4309,38.2141],[38.5609,38.2284],[38.6187,38.2191],[38.6228,38.1866],[38.5639,38.1467],[38.5714,38.1259],[38.6631,38.0982],[38.8032,38.0903],[39.0156,38.1308],[39.0695,38.1515],[39.1149,38.1927],[39.1413,38.1786],[39.2219,38.205],[39.2526,38.1797],[39.2563,38.1531],[39.2247,38.0903],[39.2346,38.0761],[39.189,38.0431],[39.0723,37.9995],[39.0404,37.9252],[38.9783,37.906],[38.9892,37.878],[38.9709,37.8507],[38.9779,37.8302],[38.9214,37.8251],[38.8889,37.7886],[38.9306,37.8075],[38.9539,37.8014],[38.9525,37.7752],[38.9647,37.7613],[38.9018,37.7527],[38.8889,37.7408],[38.9231,37.7135],[38.8997,37.7062],[38.8824,37.7149],[38.8493,37.6933],[38.8207,37.7067],[38.8005,37.697],[38.8685,37.6514],[38.6456,37.6242],[38.4948,37.5006],[38.3723,37.4839],[38.3408,37.4944],[38.272,37.4764],[38.2657,37.4544],[38.198,37.4479],[38.1857,37.4129],[38.0945,37.4535],[38.0655,37.4368],[38.0399,37.446],[37.9614,37.5005],[37.8436,37.5356],[37.7354,37.5367],[37.6251,37.5188]]]}},{"type":"Feature","id":"Afyonkarahisar","properties":{"id":"Afyonkarahisar","iso_code":"TR-03","name":"Afyonkarahisar","name_full":"Afyonkarahisar","name_ja":"アフィヨンカラヒサール県","center_lonlat":[30.6481,38.6218]},"geometry":{"type":"Polygon","coordinates":[[[29.8881,38.7069],[30.0957,38.8042],[30.1649,38.8858],[30.2535,39.0807],[30.3721,39.1224],[30.4418,39.2063],[30.4772,39.1996],[30.5437,39.1241],[30.6212,39.0869],[30.7033,39.106],[30.8685,39.2109],[30.9186,39.1926],[30.9622,39.1546],[31.2577,39.2819],[31.3281,39.2239],[31.3783,39.1357],[31.4528,39.0912],[31.5819,39.1019],[31.6978,39.0926],[31.6747,39.0005],[31.7236,38.9675],[31.7149,38.9276],[31.608,38.7821],[31.5922,38.7288],[31.5948,38.6664],[31.4308,38.5141],[31.2544,38.423],[31.207,38.4396],[31.1442,38.5033],[31.0996,38.5152],[30.7811,38.2777],[30.6623,38.25],[30.6055,38.2137],[30.5302,38.193],[30.3,38.0244],[30.2322,37.9932],[30.2111,37.9619],[30.1977,37.8584],[30.1653,37.8104],[30.0934,37.7792],[30.0153,37.7765],[29.9264,37.7819],[29.8455,37.7593],[29.7889,37.828],[29.6641,37.8537],[29.6648,37.9558],[29.6799,37.9843],[29.7438,38.0074],[30.0409,38.1915],[30.0255,38.2582],[29.8915,38.4248],[29.7533,38.4502],[29.7508,38.4777],[29.7739,38.5007],[29.8071,38.5812],[29.8681,38.6277],[29.8881,38.7069]]]}},{"type":"Feature","id":"Agrı","properties":{"id":"Agrı","iso_code":"TR-04","name":"Agrı","name_full":"Ağrı","name_ja":"アール県","center_lonlat":[43.2163,39.5625]},"geometry":{"type":"Polygon","coordinates":[[[44.4582,39.6425],[44.414,39.5609],[44.4048,39.4344],[44.388,39.4145],[44.295,39.3812],[44.1765,39.4115],[44.0614,39.4003],[44.0149,39.3741],[44.0474,39.3375],[43.906,39.3083],[43.7056,39.3404],[43.6675,39.3367],[43.6136,39.2997],[43.5787,39.3001],[43.4923,39.3133],[43.3898,39.3821],[43.3208,39.4064],[43.2437,39.4099],[43.1627,39.3468],[43.0453,39.3212],[43.0375,39.2915],[43.1146,39.2616],[43.1129,39.1619],[43.0885,39.1409],[42.972,39.1041],[42.7874,39.0719],[42.6276,39.0024],[42.6413,39.2354],[42.501,39.3732],[42.4313,39.4914],[42.4632,39.5315],[42.471,39.7141],[42.4949,39.7481],[42.3529,39.7921],[42.2716,39.8693],[42.3067,39.8807],[42.3816,39.8706],[42.4179,39.8802],[42.44,39.9036],[42.503,39.9128],[42.5637,39.9519],[42.7573,39.9221],[43.0645,39.9893],[43.2653,39.9866],[43.3184,39.9693],[43.341,39.9126],[43.3354,39.8415],[43.35,39.8038],[43.4004,39.7831],[43.5316,39.8385],[43.6307,39.8134],[43.6635,39.7956],[43.7155,39.7282],[43.8682,39.6841],[43.8809,39.6549],[43.9733,39.6432],[44.0726,39.6532],[44.2245,39.628],[44.4028,39.6595],[44.4582,39.6425]]]}},{"type":"Feature","id":"Aksaray","properties":{"id":"Aksaray","iso_code":"TR-68","name":"Aksaray","name_full":"Aksaray","name_ja":"アクサライ県","center_lonlat":[33.8586,38.382]},"geometry":{"type":"Polygon","coordinates":[[[33.9301,39.0011],[33.9438,38.9852],[34.0459,38.967],[34.0603,38.9271],[34.0997,38.9],[34.1707,38.9282],[34.2357,38.9268],[34.2248,38.8864],[34.2575,38.797],[34.2408,38.7464],[34.2062,38.7014],[34.2204,38.6508],[34.3167,38.6158],[34.3808,38.6174],[34.3895,38.5718],[34.3593,38.5216],[34.3601,38.4732],[34.4898,38.3885],[34.1598,38.0023],[34.0849,38.0118],[33.8538,37.9578],[33.6189,37.9521],[33.4997,37.9318],[33.4561,37.9332],[33.4155,37.9637],[33.3485,38.0292],[33.3251,38.1088],[33.3012,38.1271],[33.2647,38.2045],[33.2721,38.286],[33.294,38.3571],[33.353,38.4526],[33.3675,38.5315],[33.4666,38.6436],[33.7224,38.7176],[33.8116,38.7154],[33.9333,38.7923],[33.9366,38.8504],[33.8967,38.935],[33.9301,39.0011]]]}},{"type":"Feature","id":"Amasya","properties":{"id":"Amasya","iso_code":"TR-05","name":"Amasya","name_full":"Amasya","name_ja":"アマスィヤ県","center_lonlat":[35.7181,40.6947]},"geometry":{"type":"Polygon","coordinates":[[[35.0893,41.0869],[35.4,41.0207],[35.4611,41.0294],[35.6388,40.931],[35.673,40.886],[35.7061,40.8788],[35.9532,40.8759],[36.0314,40.8474],[36.0735,40.8548],[36.1548,40.9014],[36.2031,40.9878],[36.2429,41.007],[36.2792,40.9969],[36.3355,40.9292],[36.4431,40.8704],[36.4149,40.8585],[36.4223,40.8449],[36.4098,40.8314],[36.4735,40.7852],[36.4938,40.7456],[36.442,40.6732],[36.4417,40.6361],[36.3973,40.588],[36.3166,40.575],[36.3103,40.5241],[36.1358,40.4437],[36.0058,40.4937],[35.9251,40.5104],[35.8423,40.5052],[35.7157,40.3366],[35.6864,40.3105],[35.5785,40.2774],[35.5492,40.2527],[35.5098,40.1886],[35.3631,40.2006],[35.3273,40.234],[35.3391,40.3287],[35.4347,40.4527],[35.4575,40.5622],[35.4324,40.6077],[35.3064,40.6522],[35.1401,40.6741],[35.1088,40.6891],[35.0816,40.7248],[35.0315,40.8182],[35.0466,40.8836],[35.0493,40.9837],[35.098,41.0591],[35.0893,41.0869]]]}},{"type":"Feature","id":"Ankara","properties":{"id":"Ankara","iso_code":"TR-06","name":"Ankara","name_full":"Ankara","name_ja":"アンカラ県","center_lonlat":[32.6101,39.7803]},"geometry":{"type":"Polygon","coordinates":[[[32.5071,40.7052],[32.6651,40.6979],[32.9586,40.594],[33.0434,40.5018],[33.1726,40.4303],[33.2056,40.3705],[33.2714,40.3311],[33.3447,40.338],[33.36,40.3913],[33.3779,40.3972],[33.5952,40.3396],[33.5685,40.201],[33.5766,40.0736],[33.5621,40.0165],[33.4469,40.0057],[33.3727,39.9816],[33.3279,39.8969],[33.2731,39.7275],[33.298,39.6428],[33.406,39.5297],[33.4448,39.3874],[33.5245,39.2668],[33.545,39.2109],[33.7254,39.1176],[33.7761,39.0777],[33.8288,39.0745],[33.9374,39.0347],[33.9301,39.0011],[33.8967,38.935],[33.9366,38.8504],[33.9333,38.7923],[33.8116,38.7154],[33.7224,38.7176],[33.4666,38.6436],[33.3662,38.7987],[33.3744,39.0226],[33.3206,39.1199],[33.2227,39.1752],[33.1661,39.1889],[33.1048,39.2221],[33.0624,39.2221],[33.0434,39.2021],[33.0091,39.1051],[32.9658,39.1105],[32.908,39.1449],[32.86,39.1572],[32.7579,39.0921],[32.7218,39.0544],[32.6761,39.0338],[32.6015,39.0584],[32.4787,38.9972],[32.436,39.0],[32.3676,39.0413],[32.2823,39.0635],[32.127,39.0342],[32.0906,39.0435],[31.9482,39.1364],[31.8614,39.1714],[31.9383,39.2045],[31.9561,39.2255],[31.9999,39.2327],[32.0427,39.2751],[32.0358,39.3053],[31.9833,39.3482],[31.9752,39.4049],[31.9912,39.4959],[31.9651,39.5349],[31.9612,39.5662],[31.897,39.6206],[31.8473,39.7259],[31.8408,39.7758],[31.8817,39.8118],[31.8795,39.8383],[31.845,39.8761],[31.7823,39.8905],[31.757,39.9203],[31.7261,39.9941],[31.727,40.0235],[31.6812,40.0184],[31.6403,40.0401],[31.4308,40.0236],[31.3891,40.0569],[31.3389,40.0483],[31.2469,40.0577],[31.1911,40.0241],[31.1399,40.0436],[31.0816,40.0481],[30.9457,40.0146],[30.9221,40.02],[30.9067,40.1006],[30.8636,40.1428],[30.9254,40.2057],[31.0072,40.2416],[31.0382,40.2922],[31.0439,40.3899],[31.0692,40.4113],[31.163,40.3869],[31.2509,40.346],[31.4197,40.3597],[31.475,40.3241],[31.5679,40.3085],[31.6577,40.3361],[31.8214,40.3384],[31.9061,40.3534],[32.1768,40.4313],[32.3154,40.4152],[32.3961,40.4483],[32.4767,40.539],[32.439,40.619],[32.4427,40.673],[32.5071,40.7052]]]}},{"type":"Feature","id":"Antalya","properties":{"id":"Antalya","iso_code":"TR-07","name":"Antalya","name_full":"Antalya","name_ja":"アンタルヤ県","center_lonlat":[31.9059,36.7986]},"geometry":{"type":"Polygon","coordinates":[[[32.5718,36.094],[32.5134,36.103],[32.3655,36.178],[32.3187,36.2286],[32.2873,36.2448],[32.2761,36.2878],[32.1921,36.3584],[32.1743,36.4024],[32.1321,36.4387],[32.1021,36.4862],[32.0188,36.5465],[31.908,36.5626],[31.8625,36.5887],[31.8167,36.5895],[31.7691,36.61],[31.7366,36.6423],[31.7035,36.6436],[31.6276,36.6708],[31.5962,36.6957],[31.3786,36.7676],[31.3763,36.7919],[31.3408,36.8086],[30.9397,36.857],[30.7759,36.8496],[30.6865,36.8912],[30.6017,36.8381],[30.5698,36.7813],[30.5646,36.718],[30.5767,36.6789],[30.5562,36.6379],[30.5767,36.5895],[30.5835,36.5963],[30.5698,36.528],[30.5208,36.4897],[30.4746,36.4016],[30.4763,36.3842],[30.5016,36.3636],[30.4942,36.3493],[30.5199,36.3419],[30.4668,36.2878],[30.488,36.2878],[30.3986,36.206],[30.4004,36.2481],[30.3843,36.2742],[30.3605,36.2686],[30.2337,36.3089],[30.1585,36.2987],[30.1447,36.2543],[30.131,36.2742],[30.1248,36.2469],[30.1106,36.2543],[30.1106,36.2401],[30.0482,36.2588],[30.0348,36.2543],[30.0559,36.2469],[29.9885,36.2178],[29.9165,36.2191],[29.8301,36.1855],[29.8369,36.178],[29.8026,36.1718],[29.8231,36.165],[29.7796,36.1394],[29.7617,36.137],[29.7754,36.1581],[29.7549,36.1507],[29.7192,36.1627],[29.6724,36.1234],[29.6682,36.1438],[29.634,36.157],[29.6239,36.178],[29.6374,36.1724],[29.6421,36.187],[29.5835,36.1855],[29.6239,36.1991],[29.4945,36.211],[29.4321,36.2401],[29.4204,36.2306],[29.4116,36.2674],[29.3816,36.2639],[29.3496,36.2326],[29.2612,36.2936],[29.3071,36.325],[29.3133,36.3763],[29.362,36.4631],[29.4244,36.4835],[29.4549,36.4733],[29.4773,36.4824],[29.4811,36.5371],[29.5755,36.599],[29.5938,36.6543],[29.5802,36.7161],[29.6889,36.9143],[29.7445,36.9308],[29.7965,36.9788],[29.8359,37.0371],[29.8512,37.1125],[29.906,37.1722],[30.0856,37.2466],[30.1469,37.2552],[30.2949,37.3049],[30.3558,37.2984],[30.4174,37.2385],[30.4409,37.2308],[30.7481,37.2284],[30.7855,37.2352],[30.8463,37.2887],[30.8646,37.3316],[30.935,37.3803],[31.0235,37.3514],[31.1807,37.3867],[31.2777,37.4278],[31.3319,37.4222],[31.4155,37.3549],[31.459,37.3413],[31.5587,37.3407],[31.8153,37.2985],[32.0331,37.1686],[32.1555,37.0546],[32.2531,36.9869],[32.3235,36.9582],[32.3272,36.9276],[32.3016,36.9116],[32.2903,36.8814],[32.3053,36.8542],[32.4264,36.8321],[32.4475,36.8083],[32.4632,36.7416],[32.4562,36.6734],[32.5316,36.5338],[32.5587,36.5062],[32.632,36.4703],[32.6517,36.438],[32.6472,36.2693],[32.5718,36.094]]]}},{"type":"Feature","id":"Ardahan","properties":{"id":"Ardahan","iso_code":"TR-75","name":"Ardahan","name_full":"Ardahan","name_ja":"アルダハン県","center_lonlat":[42.7569,41.0992]},"geometry":{"type":"Polygon","coordinates":[[[43.4404,41.1066],[42.8294,40.8935],[42.7719,40.6253],[42.537,40.5992],[42.4372,40.7034],[42.4163,40.7423],[42.3516,40.7891],[42.2992,40.8481],[42.2792,40.9249],[42.3415,41.0197],[42.4292,41.0919],[42.5121,41.1235],[42.5387,41.1912],[42.472,41.3316],[42.451,41.4314],[42.4838,41.4422],[42.5355,41.4935],[42.555,41.5503],[42.5852,41.5788],[42.661,41.5883],[42.8009,41.5792],[42.8199,41.5723],[42.8068,41.543],[42.7665,41.5043],[42.83,41.4725],[42.868,41.5002],[42.889,41.47],[42.9577,41.437],[43.0021,41.3827],[43.1239,41.3129],[43.184,41.299],[43.1572,41.2697],[43.1031,41.2488],[43.172,41.2423],[43.2306,41.1726],[43.3226,41.1921],[43.3833,41.1872],[43.4376,41.1562],[43.4518,41.1326],[43.4404,41.1066]]]}},{"type":"Feature","id":"Artvin","properties":{"id":"Artvin","iso_code":"TR-08","name":"Artvin","name_full":"Artvin","name_ja":"アルトヴィン県","center_lonlat":[41.8008,41.0973]},"geometry":{"type":"Polygon","coordinates":[[[42.451,41.4314],[42.472,41.3316],[42.5387,41.1912],[42.5121,41.1235],[42.4292,41.0919],[42.3415,41.0197],[42.2792,40.9249],[42.0244,40.9119],[41.9589,40.8775],[41.946,40.8385],[41.9526,40.7956],[41.9272,40.7551],[41.8874,40.7244],[41.868,40.6847],[41.8664,40.6397],[41.8208,40.5876],[41.6566,40.6412],[41.5788,40.6243],[41.4935,40.5818],[41.4013,40.5556],[41.3334,40.601],[41.347,40.6864],[41.3727,40.7221],[41.3653,40.7547],[41.2055,40.7792],[41.1274,40.8129],[41.1417,40.8528],[41.2803,40.9609],[41.3044,41.0023],[41.3587,41.0286],[41.3858,41.0753],[41.3162,41.1146],[41.2945,41.1488],[41.2553,41.1727],[41.1997,41.3013],[41.285,41.3538],[41.4089,41.3903],[41.4382,41.4514],[41.5208,41.5142],[41.64,41.4787],[41.7026,41.489],[41.7068,41.4632],[41.761,41.4535],[41.813,41.4218],[41.894,41.4855],[41.948,41.5056],[42.0196,41.4851],[42.0694,41.4986],[42.1584,41.4999],[42.1893,41.4817],[42.2625,41.4823],[42.451,41.4314]]]}},{"type":"Feature","id":"Aydın","properties":{"id":"Aydın","iso_code":"TR-09","name":"Aydın","name_full":"Aydın","name_ja":"アイドゥン県","center_lonlat":[28.0111,37.7489]},"geometry":{"type":"Polygon","coordinates":[[[27.4035,37.4126],[27.3703,37.4051],[27.3462,37.3706],[27.3218,37.3709],[27.3303,37.3516],[27.2461,37.3362],[27.1908,37.3573],[27.2075,37.3764],[27.2051,37.3983],[27.2262,37.4051],[27.2225,37.4768],[27.1926,37.4787],[27.1777,37.4665],[27.1904,37.5127],[27.1804,37.5446],[27.1846,37.5559],[27.2004,37.5476],[27.2093,37.5633],[27.2085,37.5969],[27.1362,37.631],[27.0115,37.6657],[27.0208,37.6863],[27.1272,37.6885],[27.2264,37.7209],[27.2566,37.7595],[27.2604,37.816],[27.2372,37.8454],[27.2618,37.8884],[27.3293,37.8895],[27.41,37.9143],[27.5323,37.9778],[27.5832,37.9844],[27.8293,37.9691],[28.0611,38.0183],[28.2541,38.0201],[28.5623,38.1062],[28.698,38.1038],[28.7222,38.0591],[28.7777,38.0288],[28.7905,37.9994],[28.8043,37.9051],[28.7734,37.8711],[28.7706,37.8452],[28.8292,37.7705],[28.8929,37.7603],[28.8996,37.7097],[28.869,37.6925],[28.8302,37.6911],[28.7303,37.5984],[28.6531,37.6063],[28.5832,37.5897],[28.5628,37.553],[28.5754,37.5146],[28.5956,37.5061],[28.6089,37.4775],[28.4782,37.4917],[28.3426,37.5654],[28.2699,37.5774],[28.2161,37.5473],[28.1807,37.4924],[28.1414,37.4668],[28.0198,37.4598],[27.9497,37.4624],[27.9073,37.4799],[27.7704,37.4766],[27.7,37.5149],[27.6196,37.5244],[27.5458,37.5545],[27.5125,37.5531],[27.4811,37.5392],[27.4035,37.4126]]]}},{"type":"Feature","id":"Balıkesir","properties":{"id":"Balıkesir","iso_code":"TR-10","name":"Balıkesir","name_full":"Balıkesir","name_ja":"バルケスィル県","center_lonlat":[27.873,39.6711]},"geometry":{"type":"MultiPolygon","coordinates":[[[[27.5722,40.3157],[27.613,40.331],[27.688,40.3138],[27.7123,40.3242],[27.7898,40.3205],[27.8132,40.3471],[27.8836,40.3863],[27.8153,40.3999],[27.7918,40.3929],[27.7858,40.4129],[27.7564,40.4326],[27.7502,40.4576],[27.7258,40.4614],[27.6843,40.4962],[27.7224,40.5263],[27.7502,40.5247],[27.76,40.5371],[27.7804,40.5153],[27.8047,40.5228],[27.9699,40.503],[28.0344,40.4744],[28.0168,40.4511],[27.904,40.3999],[27.9085,40.3742],[28.0275,40.372],[28.112,40.3961],[28.2081,40.3993],[28.1558,40.3364],[28.0989,40.2972],[28.1064,40.263],[28.1294,40.2581],[28.149,40.2258],[28.1128,40.1533],[28.1358,40.0963],[28.1731,40.0509],[28.227,40.0217],[28.246,39.9964],[28.2814,39.8958],[28.5459,39.7452],[28.6258,39.7376],[28.6738,39.7641],[28.6891,39.7473],[28.6864,39.6995],[28.7116,39.6631],[28.7556,39.6483],[28.7803,39.6188],[28.9122,39.6199],[28.9672,39.5891],[28.9088,39.4707],[28.896,39.3997],[28.8114,39.2906],[28.6667,39.238],[28.6595,39.1566],[28.5721,39.1675],[28.4427,39.1228],[28.3208,39.1163],[28.2562,39.0711],[28.171,39.0502],[28.125,39.063],[28.0737,39.1527],[27.9846,39.2364],[27.968,39.2433],[27.8933,39.2219],[27.8542,39.2364],[27.8962,39.3134],[27.8712,39.3448],[27.823,39.3396],[27.7264,39.3593],[27.6559,39.3517],[27.586,39.367],[27.4966,39.4113],[27.4201,39.3803],[27.3907,39.4247],[27.3475,39.4558],[27.291,39.4645],[27.05,39.3512],[26.9936,39.2908],[26.7787,39.17],[26.7378,39.1972],[26.7188,39.2629],[26.6092,39.2752],[26.6455,39.3176],[26.6538,39.3065],[26.6359,39.2969],[26.6707,39.2827],[26.6703,39.306],[26.8147,39.3994],[26.801,39.4062],[26.801,39.4335],[26.8508,39.4398],[26.863,39.4472],[26.8521,39.4618],[26.8679,39.4715],[26.9299,39.4877],[26.9439,39.561],[26.9222,39.5822],[26.8934,39.5844],[26.8329,39.5568],[26.8079,39.5707],[26.6672,39.5508],[26.6644,39.6314],[26.6967,39.7102],[26.8274,39.7078],[27.0221,39.7929],[27.0995,39.7897],[27.1272,39.8013],[27.2742,39.7727],[27.4388,39.8445],[27.4781,39.9231],[27.4828,39.9635],[27.4487,39.9959],[27.4772,40.0432],[27.5009,40.1213],[27.4396,40.1427],[27.4208,40.173],[27.5649,40.2628],[27.5722,40.3157]]],[[[27.6576,40.6531],[27.7024,40.653],[27.7278,40.6426],[27.7327,40.6252],[27.6576,40.6054],[27.6047,40.5768],[27.536,40.602],[27.5389,40.6234],[27.5264,40.6391],[27.5459,40.6603],[27.5545,40.6469],[27.6052,40.6633],[27.6576,40.6531]]],[[[27.6452,40.4599],[27.6566,40.4494],[27.5964,40.458],[27.5799,40.4765],[27.6073,40.5054],[27.6405,40.4941],[27.6351,40.4668],[27.6452,40.4599]]]]}},{"type":"Feature","id":"Bartın","properties":{"id":"Bartın","iso_code":"TR-74","name":"Bartın","name_full":"Bartın","name_ja":"バルトゥン県","center_lonlat":[32.5193,41.6017]},"geometry":{"type":"Polygon","coordinates":[[[32.1341,41.5994],[32.1619,41.612],[32.2634,41.7202],[32.3518,41.7294],[32.3826,41.7561],[32.3997,41.7425],[32.5348,41.8107],[32.5778,41.8113],[32.6126,41.8395],[32.6792,41.8363],[32.7985,41.8597],[32.8083,41.7995],[32.873,41.6823],[32.8085,41.6478],[32.818,41.5764],[32.7235,41.5086],[32.6669,41.4964],[32.6224,41.4237],[32.5012,41.3469],[32.3961,41.3267],[32.287,41.3308],[32.3072,41.4156],[32.2507,41.5369],[32.1901,41.5571],[32.1341,41.5994]]]}},{"type":"Feature","id":"Batman","properties":{"id":"Batman","iso_code":"TR-72","name":"Batman","name_full":"Batman","name_ja":"バトマン県","center_lonlat":[41.4099,38.0056]},"geometry":{"type":"Polygon","coordinates":[[[41.4206,38.5346],[41.5312,38.5544],[41.6161,38.5288],[41.674,38.3388],[41.6773,38.2214],[41.6322,38.1797],[41.6115,38.126],[41.5619,38.0806],[41.4462,38.0558],[41.4131,38.0103],[41.4214,37.9442],[41.5289,37.8656],[41.7107,37.8078],[41.8169,37.7138],[41.5206,37.5433],[41.3677,37.5185],[41.2603,37.5722],[41.19,37.688],[41.1197,37.7582],[41.0752,37.7649],[41.0538,37.7956],[41.0355,37.8621],[41.0451,37.8859],[41.133,37.9491],[41.1804,38.0703],[41.2146,38.1151],[41.2219,38.1705],[41.2092,38.2801],[41.2492,38.4281],[41.2716,38.453],[41.4263,38.5009],[41.4206,38.5346]]]}},{"type":"Feature","id":"Bayburt","properties":{"id":"Bayburt","iso_code":"TR-69","name":"Bayburt","name_full":"Bayburt","name_ja":"バイブルト県","center_lonlat":[40.2242,40.2805]},"geometry":{"type":"Polygon","coordinates":[[[40.2814,40.0472],[40.1179,40.0727],[40.0302,40.0303],[39.9233,40.0299],[39.8691,40.0148],[39.8115,40.144],[39.8276,40.2092],[39.86,40.2669],[39.8674,40.4136],[39.834,40.561],[39.8699,40.5749],[39.8633,40.5994],[39.8836,40.6118],[40.0159,40.5327],[40.1017,40.5307],[40.1846,40.5104],[40.4894,40.5421],[40.5215,40.4815],[40.5497,40.3457],[40.5747,40.2838],[40.6366,40.2579],[40.7973,40.2322],[40.7998,40.2117],[40.7478,40.1492],[40.5671,40.0945],[40.481,40.0366],[40.2814,40.0472]]]}},{"type":"Feature","id":"Bilecik","properties":{"id":"Bilecik","iso_code":"TR-11","name":"Bilecik","name_full":"Bilecik","name_ja":"ビレジク県","center_lonlat":[30.1041,40.0669]},"geometry":{"type":"Polygon","coordinates":[[[30.626,40.3315],[30.64,40.2872],[30.7386,40.1678],[30.6361,40.1646],[30.5554,40.1146],[30.5242,40.0116],[30.4907,39.9653],[30.4395,39.9362],[30.3852,39.9367],[30.3339,39.9197],[30.3016,39.8791],[30.2452,39.8497],[30.235,39.7477],[30.1361,39.6388],[29.9455,39.6076],[29.902,39.6166],[29.7163,39.7093],[29.6658,39.7788],[29.6617,39.8211],[29.6777,39.9063],[29.7342,39.897],[29.7842,39.9115],[29.7699,39.9616],[29.6916,40.0351],[29.6896,40.0855],[29.7183,40.1855],[29.8144,40.2636],[29.8319,40.2909],[29.8275,40.3182],[29.8038,40.34],[29.8,40.3719],[29.8283,40.4548],[29.8662,40.4978],[29.9408,40.5335],[30.0046,40.4477],[30.081,40.3914],[30.1691,40.371],[30.3075,40.399],[30.4263,40.394],[30.4985,40.3396],[30.626,40.3315]]]}},{"type":"Feature","id":"Bingol","properties":{"id":"Bingol","iso_code":"TR-12","name":"Bingol","name_full":"Bingöl","name_ja":"ビンギョル県","center_lonlat":[40.7019,39.0629]},"geometry":{"type":"Polygon","coordinates":[[[40.5548,39.549],[40.6188,39.5324],[40.7079,39.5223],[40.855,39.581],[40.9831,39.4966],[41.0578,39.4688],[41.1183,39.4637],[41.2051,39.3657],[41.1724,39.3048],[41.2024,39.2479],[41.201,39.2018],[41.2703,39.1163],[41.2769,39.0726],[41.2649,39.0322],[41.195,38.9656],[41.1643,38.8879],[41.1861,38.8305],[41.2402,38.7893],[41.2596,38.7392],[40.9653,38.6155],[40.9003,38.6008],[40.6449,38.6193],[40.5475,38.6085],[40.4911,38.5863],[40.4841,38.5283],[40.4585,38.4953],[40.4176,38.481],[40.3012,38.478],[40.2868,38.5679],[40.2332,38.6304],[40.2803,38.7366],[40.3441,38.7225],[40.3822,38.8252],[40.3038,38.9156],[40.2795,38.9929],[40.2995,39.0632],[40.3916,39.1817],[40.3612,39.2294],[40.0151,39.0974],[40.04,39.1616],[40.0189,39.237],[40.0416,39.338],[40.0563,39.3579],[40.1896,39.3718],[40.2077,39.408],[40.3017,39.4211],[40.3484,39.447],[40.3923,39.5022],[40.4653,39.4944],[40.5155,39.5127],[40.5548,39.549]]]}},{"type":"Feature","id":"Bitlis","properties":{"id":"Bitlis","iso_code":"TR-13","name":"Bitlis","name_full":"Bitlis","name_ja":"ビトリス県","center_lonlat":[42.3955,38.5456]},"geometry":{"type":"Polygon","coordinates":[[[42.6276,39.0024],[42.7874,39.0719],[42.972,39.1041],[42.9732,39.0281],[43.0036,38.9773],[43.1205,38.9223],[43.1612,38.8723],[43.132,38.7994],[43.005,38.7103],[42.8753,38.5442],[42.6877,38.4472],[42.678,38.4049],[42.7236,38.3072],[42.7158,38.246],[42.7335,38.1959],[42.7869,38.1811],[42.7357,38.0902],[42.7371,37.9824],[42.7066,37.9461],[42.6685,37.9442],[42.4378,38.0643],[42.2509,38.1167],[42.1276,38.2024],[42.0602,38.2272],[41.8882,38.1833],[41.7799,38.1903],[41.6773,38.2214],[41.674,38.3388],[41.6161,38.5288],[41.5312,38.5544],[41.5418,38.5676],[41.6959,38.6127],[41.8666,38.6028],[41.9368,38.6338],[42.0377,38.7134],[42.0314,38.7559],[41.9994,38.7953],[42.018,38.8316],[42.1063,38.83],[42.1276,38.8441],[42.1396,38.8907],[42.1596,38.9021],[42.2023,38.9056],[42.31,38.9457],[42.4734,38.9316],[42.5557,38.9564],[42.6276,39.0024]]]}},{"type":"Feature","id":"Bolu","properties":{"id":"Bolu","iso_code":"TR-14","name":"Bolu","name_full":"Bolu","name_ja":"ボル県","center_lonlat":[31.6294,40.6026]},"geometry":{"type":"Polygon","coordinates":[[[32.5071,40.7052],[32.4427,40.673],[32.439,40.619],[32.4767,40.539],[32.3961,40.4483],[32.3154,40.4152],[32.1768,40.4313],[31.9061,40.3534],[31.8214,40.3384],[31.6577,40.3361],[31.5679,40.3085],[31.475,40.3241],[31.4197,40.3597],[31.2509,40.346],[31.163,40.3869],[31.0692,40.4113],[31.0439,40.3899],[31.0382,40.2922],[31.0072,40.2416],[30.9254,40.2057],[30.8636,40.1428],[30.7386,40.1678],[30.64,40.2872],[30.626,40.3315],[30.6448,40.3673],[30.6011,40.4229],[30.595,40.4489],[30.6225,40.4662],[30.65,40.5283],[30.6908,40.5744],[30.7607,40.5721],[30.8252,40.5958],[30.8373,40.6255],[30.8278,40.689],[30.8912,40.7268],[30.9737,40.7044],[31.1354,40.7085],[31.2485,40.6721],[31.3455,40.6802],[31.4223,40.7246],[31.4586,40.7974],[31.4627,40.8499],[31.5112,40.8782],[31.7334,40.9105],[31.7819,40.955],[31.7991,41.0418],[31.9347,41.0241],[32.1494,41.0192],[32.284,41.0039],[32.2783,40.9486],[32.4922,40.8678],[32.5295,40.8152],[32.5262,40.7887],[32.5071,40.7052]]]}},{"type":"Feature","id":"Burdur","properties":{"id":"Burdur","iso_code":"TR-15","name":"Burdur","name_full":"Burdur","name_ja":"ブルドゥル県","center_lonlat":[30.0965,37.4195]},"geometry":{"type":"Polygon","coordinates":[[[29.8455,37.7593],[29.9264,37.7819],[30.0153,37.7765],[30.0486,37.7141],[30.0862,37.7032],[30.29,37.808],[30.3366,37.8461],[30.3864,37.8182],[30.4308,37.7685],[30.5129,37.7093],[30.6463,37.7],[30.7065,37.6706],[30.7664,37.5421],[30.8359,37.4513],[30.8546,37.4334],[30.9002,37.4321],[30.935,37.3803],[30.8646,37.3316],[30.8463,37.2887],[30.7855,37.2352],[30.7481,37.2284],[30.4409,37.2308],[30.4174,37.2385],[30.3558,37.2984],[30.2949,37.3049],[30.1469,37.2552],[30.0856,37.2466],[29.906,37.1722],[29.8512,37.1125],[29.8359,37.0371],[29.7965,36.9788],[29.7445,36.9308],[29.6889,36.9143],[29.604,37.0086],[29.4834,36.9959],[29.435,36.9474],[29.3967,36.9597],[29.4134,37.0176],[29.3904,37.0686],[29.4147,37.1747],[29.5877,37.4192],[29.5775,37.441],[29.5575,37.4449],[29.5381,37.5763],[29.666,37.6303],[29.6889,37.6744],[29.8455,37.7593]]]}},{"type":"Feature","id":"Bursa","properties":{"id":"Bursa","iso_code":"TR-16","name":"Bursa","name_full":"Bursa","name_ja":"ブルサ県","center_lonlat":[29.0205,40.1135]},"geometry":{"type":"Polygon","coordinates":[[[28.2081,40.3993],[28.4868,40.3999],[28.4588,40.3795],[28.5454,40.3913],[28.6581,40.3652],[28.772,40.4025],[28.884,40.3863],[28.9387,40.3652],[29.0339,40.3644],[29.0657,40.3757],[29.0901,40.4272],[29.1515,40.4341],[29.1115,40.4661],[29.0657,40.4819],[29.011,40.4819],[28.9803,40.4645],[28.978,40.5732],[29.0784,40.5632],[29.2305,40.5116],[29.2939,40.5222],[29.3581,40.5729],[29.4207,40.5632],[29.4771,40.5498],[29.5353,40.5524],[29.7889,40.6147],[29.9262,40.577],[29.9408,40.5335],[29.8662,40.4978],[29.8283,40.4548],[29.8,40.3719],[29.8038,40.34],[29.8275,40.3182],[29.8319,40.2909],[29.8144,40.2636],[29.7183,40.1855],[29.6896,40.0855],[29.6916,40.0351],[29.7699,39.9616],[29.7842,39.9115],[29.7342,39.897],[29.6777,39.9063],[29.5864,39.889],[29.4502,39.9235],[29.3995,39.8959],[29.3202,39.7172],[29.2742,39.6909],[29.2525,39.6458],[29.2461,39.5793],[29.1908,39.5521],[29.049,39.5579],[29.0048,39.5661],[28.9672,39.5891],[28.9122,39.6199],[28.7803,39.6188],[28.7556,39.6483],[28.7116,39.6631],[28.6864,39.6995],[28.6891,39.7473],[28.6738,39.7641],[28.6258,39.7376],[28.5459,39.7452],[28.2814,39.8958],[28.246,39.9964],[28.227,40.0217],[28.1731,40.0509],[28.1358,40.0963],[28.1128,40.1533],[28.149,40.2258],[28.1294,40.2581],[28.1064,40.263],[28.0989,40.2972],[28.1558,40.3364],[28.2081,40.3993]]]}},{"type":"Feature","id":"Canakkale","properties":{"id":"Canakkale","iso_code":"TR-17","name":"Canakkale","name_full":"Çanakkale","name_ja":"チャナッカレ県","center_lonlat":[26.807,39.9854]},"geometry":{"type":"MultiPolygon","coordinates":[[[[26.6672,39.5508],[26.4568,39.5212],[26.3622,39.4813],[26.2866,39.4876],[26.2493,39.4656],[26.2318,39.4745],[26.113,39.4592],[26.0742,39.4745],[26.07,39.4963],[26.1107,39.5979],[26.1482,39.626],[26.1567,39.6492],[26.1636,39.7042],[26.1364,39.7557],[26.155,39.8262],[26.1364,39.8376],[26.1567,39.899],[26.1526,39.9426],[26.1978,40.0089],[26.2511,39.9949],[26.3532,40.0522],[26.3694,40.1029],[26.389,40.1052],[26.3996,40.1208],[26.3963,40.1728],[26.408,40.1937],[26.5007,40.213],[26.7356,40.4036],[26.8972,40.4062],[26.9915,40.3886],[27.0134,40.3925],[27.0964,40.4523],[27.2153,40.4477],[27.287,40.4682],[27.3286,40.4136],[27.2944,40.4062],[27.3376,40.3703],[27.4523,40.322],[27.5233,40.3088],[27.5722,40.3157],[27.5649,40.2628],[27.4208,40.173],[27.4396,40.1427],[27.5009,40.1213],[27.4772,40.0432],[27.4487,39.9959],[27.4828,39.9635],[27.4781,39.9231],[27.4388,39.8445],[27.2742,39.7727],[27.1272,39.8013],[27.0995,39.7897],[27.0221,39.7929],[26.8274,39.7078],[26.6967,39.7102],[26.6644,39.6314],[26.6672,39.5508]]],[[[26.9635,40.561],[26.9116,40.5507],[26.8211,40.5031],[26.7595,40.4962],[26.6834,40.4555],[26.6743,40.4257],[26.6315,40.4001],[26.6016,40.3461],[26.4972,40.2899],[26.4265,40.2303],[26.3456,40.1998],[26.3758,40.1535],[26.2306,40.0649],[26.1575,40.0553],[26.2598,40.1945],[26.272,40.2304],[26.2669,40.2578],[26.2181,40.2969],[26.2318,40.3101],[26.21,40.3219],[26.2191,40.3314],[26.3211,40.3652],[26.3361,40.3853],[26.4328,40.4398],[26.4917,40.4565],[26.5645,40.4995],[26.6229,40.5153],[26.6698,40.5108],[26.7328,40.5638],[26.7562,40.5548],[26.7883,40.5629],[26.8289,40.602],[26.7983,40.6516],[26.7805,40.6594],[26.7864,40.7258],[26.9324,40.7149],[26.9319,40.6358],[26.9635,40.561]]],[[[26.0122,40.1666],[26.0122,40.1461],[25.9902,40.1369],[25.766,40.0972],[25.6633,40.1262],[25.6862,40.1608],[25.759,40.2067],[25.926,40.2428],[25.9719,40.2211],[25.9631,40.1571],[26.0122,40.1666]]],[[[26.0606,39.8376],[26.0772,39.8447],[26.083,39.8349],[26.075,39.7849],[25.9971,39.8142],[25.978,39.8342],[26.0042,39.8452],[26.0606,39.8376]]]]}},{"type":"Feature","id":"Cankırı","properties":{"id":"Cankırı","iso_code":"TR-18","name":"Cankırı","name_full":"Çankırı","name_ja":"チャンクル県","center_lonlat":[33.4443,40.6867]},"geometry":{"type":"Polygon","coordinates":[[[32.5262,40.7887],[32.6305,40.8256],[32.7483,40.8974],[32.7962,40.963],[32.8326,40.9792],[32.9295,40.9711],[33.0265,41.0115],[33.0692,41.093],[33.1057,41.0613],[33.2346,41.0504],[33.3255,41.0049],[33.3623,40.9712],[33.4089,40.9599],[33.8259,41.1037],[33.8409,41.0966],[33.8512,41.0573],[33.795,41.0036],[33.7833,40.9738],[33.8209,40.9254],[33.8796,40.9094],[33.9445,40.8687],[34.0272,40.8608],[34.0766,40.7982],[34.0442,40.7191],[34.0505,40.6763],[34.0746,40.6391],[34.0914,40.5311],[34.1428,40.4482],[34.1477,40.3969],[34.0818,40.3102],[33.9642,40.2655],[33.8705,40.2723],[33.5952,40.3396],[33.3779,40.3972],[33.36,40.3913],[33.3447,40.338],[33.2714,40.3311],[33.2056,40.3705],[33.1726,40.4303],[33.0434,40.5018],[32.9586,40.594],[32.6651,40.6979],[32.5071,40.7052],[32.5262,40.7887]]]}},{"type":"Feature","id":"Corum","properties":{"id":"Corum","iso_code":"TR-19","name":"Corum","name_full":"Çorum","name_ja":"チョルム県","center_lonlat":[34.6519,40.5611]},"geometry":{"type":"Polygon","coordinates":[[[34.4719,41.3108],[34.4985,41.2859],[34.6704,41.2661],[34.7239,41.2293],[34.8373,41.2016],[34.8807,41.2386],[34.888,41.2698],[34.9395,41.2003],[34.9748,41.0874],[35.0893,41.0869],[35.098,41.0591],[35.0493,40.9837],[35.0466,40.8836],[35.0315,40.8182],[35.0816,40.7248],[35.1088,40.6891],[35.1401,40.6741],[35.3064,40.6522],[35.4324,40.6077],[35.4575,40.5622],[35.4347,40.4527],[35.3391,40.3287],[35.3273,40.234],[35.1914,40.2174],[35.1811,40.1722],[35.1941,40.161],[35.1779,40.1025],[35.151,40.0754],[35.0726,40.039],[35.0266,40.0348],[34.9415,40.0539],[34.7916,39.9977],[34.6711,39.9977],[34.6117,39.9799],[34.4585,40.0007],[34.2658,39.9427],[34.109,39.9286],[34.0525,39.9076],[34.0509,39.9586],[34.0976,40.0243],[34.1013,40.0569],[34.0845,40.1091],[34.0164,40.1467],[33.9752,40.218],[33.9642,40.2655],[34.0818,40.3102],[34.1477,40.3969],[34.1428,40.4482],[34.0914,40.5311],[34.0746,40.6391],[34.0505,40.6763],[34.0442,40.7191],[34.0766,40.7982],[34.0272,40.8608],[34.1145,40.8747],[34.2564,40.9194],[34.2802,40.9691],[34.2264,41.0021],[34.2077,41.0393],[34.2177,41.0594],[34.2522,41.0913],[34.2871,41.1572],[34.3574,41.2094],[34.4194,41.302],[34.4719,41.3108]]]}},{"type":"Feature","id":"Denizli","properties":{"id":"Denizli","iso_code":"TR-20","name":"Denizli","name_full":"Denizli","name_ja":"デニズリ県","center_lonlat":[29.2655,37.745]},"geometry":{"type":"Polygon","coordinates":[[[28.698,38.1038],[28.7844,38.1199],[28.7984,38.1436],[28.7936,38.1705],[28.8381,38.2388],[28.931,38.2551],[28.9905,38.2452],[29.0449,38.2193],[29.1011,38.2192],[29.1515,38.2464],[29.1876,38.2412],[29.2191,38.2133],[29.3119,38.2313],[29.3483,38.2198],[29.3619,38.2517],[29.4123,38.2827],[29.5958,38.2871],[29.6277,38.3096],[29.6199,38.3683],[29.6286,38.4288],[29.7533,38.4502],[29.8915,38.4248],[30.0255,38.2582],[30.0409,38.1915],[29.7438,38.0074],[29.6799,37.9843],[29.6648,37.9558],[29.6641,37.8537],[29.7889,37.828],[29.8455,37.7593],[29.6889,37.6744],[29.666,37.6303],[29.5381,37.5763],[29.5575,37.4449],[29.5775,37.441],[29.5877,37.4192],[29.4147,37.1747],[29.3904,37.0686],[29.3426,37.038],[29.3251,36.9474],[29.2704,36.9116],[29.1699,36.9549],[29.1151,36.9581],[29.0902,36.9779],[29.0618,37.1029],[29.0019,37.1497],[28.9283,37.1766],[28.8861,37.2249],[28.8115,37.2335],[28.7779,37.2721],[28.765,37.3185],[28.7353,37.3599],[28.6273,37.3825],[28.6208,37.4605],[28.6089,37.4775],[28.5956,37.5061],[28.5754,37.5146],[28.5628,37.553],[28.5832,37.5897],[28.6531,37.6063],[28.7303,37.5984],[28.8302,37.6911],[28.869,37.6925],[28.8996,37.7097],[28.8929,37.7603],[28.8292,37.7705],[28.7706,37.8452],[28.7734,37.8711],[28.8043,37.9051],[28.7905,37.9994],[28.7777,38.0288],[28.7222,38.0591],[28.698,38.1038]]]}},{"type":"Feature","id":"Diyarbakır","properties":{"id":"Diyarbakır","iso_code":"TR-21","name":"Diyarbakır","name_full":"Diyarbakır","name_ja":"ディヤルバクル県","center_lonlat":[40.3414,38.1268]},"geometry":{"type":"Polygon","coordinates":[[[41.2596,38.7392],[41.3112,38.6877],[41.3784,38.6488],[41.3897,38.6091],[41.3781,38.5689],[41.3901,38.5416],[41.4206,38.5346],[41.4263,38.5009],[41.2716,38.453],[41.2492,38.4281],[41.2092,38.2801],[41.2219,38.1705],[41.2146,38.1151],[41.1804,38.0703],[41.133,37.9491],[41.0451,37.8859],[41.0355,37.8621],[41.0538,37.7956],[41.0752,37.7649],[41.0118,37.7414],[40.662,37.7484],[40.5516,37.7299],[40.492,37.657],[40.4122,37.6524],[40.1426,37.5087],[40.0,37.3757],[39.9537,37.4174],[39.8843,37.5501],[39.8567,37.6694],[39.8632,37.7777],[39.8486,37.8019],[39.7592,37.8424],[39.7385,37.8172],[39.6913,37.8339],[39.6527,37.8621],[39.5888,37.883],[39.4626,37.9767],[39.4079,37.997],[39.2675,38.0091],[39.189,38.0431],[39.2346,38.0761],[39.2247,38.0903],[39.2563,38.1531],[39.2526,38.1797],[39.2219,38.205],[39.1413,38.1786],[39.1149,38.1927],[39.1485,38.2842],[39.145,38.3078],[39.1149,38.3435],[39.2521,38.3622],[39.4203,38.3402],[39.5674,38.3763],[39.72,38.3777],[39.7843,38.4027],[39.8474,38.4974],[39.893,38.504],[39.9662,38.4694],[40.3012,38.478],[40.4176,38.481],[40.4585,38.4953],[40.4841,38.5283],[40.4911,38.5863],[40.5475,38.6085],[40.6449,38.6193],[40.9003,38.6008],[40.9653,38.6155],[41.2596,38.7392]]]}},{"type":"Feature","id":"Duzce","properties":{"id":"Duzce","iso_code":"TR-81","name":"Duzce","name_full":"Düzce","name_ja":"デュズジェ県","center_lonlat":[31.2696,40.9136]},"geometry":{"type":"Polygon","coordinates":[[[30.9559,41.0824],[31.0906,41.0851],[31.1248,41.0981],[31.2312,41.092],[31.3464,41.1507],[31.3846,41.1232],[31.556,41.0595],[31.7991,41.0418],[31.7819,40.955],[31.7334,40.9105],[31.5112,40.8782],[31.4627,40.8499],[31.4586,40.7974],[31.4223,40.7246],[31.3455,40.6802],[31.2485,40.6721],[31.1354,40.7085],[30.9737,40.7044],[30.8912,40.7268],[30.9125,40.7576],[30.8831,40.8072],[30.8933,40.8655],[30.8694,40.9223],[30.9043,40.9816],[30.9617,41.022],[30.9559,41.0824]]]}},{"type":"Feature","id":"Edirne","properties":{"id":"Edirne","iso_code":"TR-22","name":"Edirne","name_full":"Edirne","name_ja":"エディルネ県","center_lonlat":[26.5641,41.2117]},"geometry":{"type":"Polygon","coordinates":[[[26.8379,41.9752],[26.8948,41.7635],[26.9062,41.6669],[26.8844,41.5705],[26.8436,41.5243],[26.8284,41.4523],[26.7802,41.3756],[26.8098,41.3303],[26.8215,41.3124],[26.8293,41.1728],[26.8139,41.1135],[26.765,41.0653],[26.7341,41.0056],[26.7163,40.935],[26.7231,40.8537],[26.7864,40.7258],[26.7805,40.6594],[26.6092,40.6395],[26.5056,40.5986],[26.4447,40.619],[26.3998,40.6042],[26.3731,40.6144],[26.3026,40.6011],[26.1174,40.602],[26.0769,40.6118],[26.0537,40.6606],[26.0581,40.6977],[26.0332,40.7351],[26.1123,40.747],[26.1583,40.8122],[26.212,40.8474],[26.2058,40.865],[26.2262,40.8993],[26.2392,40.8857],[26.2604,40.9204],[26.304,40.909],[26.2944,40.9267],[26.3591,40.9647],[26.3332,40.9907],[26.3681,41.0077],[26.3742,41.0311],[26.3476,41.041],[26.3251,41.0741],[26.3395,41.1145],[26.3173,41.1223],[26.336,41.1526],[26.3211,41.1876],[26.336,41.2289],[26.3205,41.2462],[26.4121,41.2657],[26.5402,41.3518],[26.5911,41.3293],[26.6097,41.3307],[26.6317,41.3575],[26.6364,41.3996],[26.5955,41.5374],[26.5955,41.6124],[26.5764,41.591],[26.4644,41.6485],[26.4762,41.6757],[26.4044,41.6918],[26.3774,41.7106],[26.3334,41.713],[26.3163,41.7438],[26.3342,41.7895],[26.3755,41.8166],[26.4784,41.8133],[26.5261,41.8242],[26.559,41.9017],[26.543,41.9204],[26.6057,41.9674],[26.7176,41.9573],[26.7806,41.9834],[26.8194,41.9657],[26.8379,41.9752]]]}},{"type":"Feature","id":"Elazıg","properties":{"id":"Elazıg","iso_code":"TR-23","name":"Elazıg","name_full":"Elazığ","name_ja":"エラズー県","center_lonlat":[39.4308,38.6825]},"geometry":{"type":"Polygon","coordinates":[[[40.0151,39.0974],[40.3612,39.2294],[40.3916,39.1817],[40.2995,39.0632],[40.2795,38.9929],[40.3038,38.9156],[40.3822,38.8252],[40.3441,38.7225],[40.2803,38.7366],[40.2332,38.6304],[40.2868,38.5679],[40.3012,38.478],[39.9662,38.4694],[39.893,38.504],[39.8474,38.4974],[39.7843,38.4027],[39.72,38.3777],[39.5674,38.3763],[39.4203,38.3402],[39.2521,38.3622],[39.1149,38.3435],[38.9572,38.3305],[38.8855,38.364],[38.8105,38.4403],[38.6889,38.4207],[38.5667,38.4646],[38.4687,38.4792],[38.4256,38.5124],[38.403,38.508],[38.3735,38.5365],[38.3489,38.5956],[38.387,38.6603],[38.4604,38.6924],[38.4836,38.753],[38.6317,38.7523],[38.6194,38.8959],[38.5899,38.9508],[38.5893,38.9922],[38.6168,39.0203],[38.6879,39.023],[38.7457,39.0378],[38.7843,38.9931],[38.7698,38.9096],[38.8131,38.8772],[38.9988,38.8975],[39.0414,38.883],[39.0808,38.8872],[39.1122,38.8724],[39.2254,38.858],[39.3587,38.8071],[39.4005,38.7741],[39.4267,38.7789],[39.4756,38.7633],[39.5318,38.8061],[39.6995,38.8143],[39.7928,38.8433],[39.8536,38.8958],[39.8802,38.9386],[39.8944,38.9854],[39.8791,39.0593],[39.8923,39.0749],[40.0151,39.0974]]]}},{"type":"Feature","id":"Erzincan","properties":{"id":"Erzincan","iso_code":"TR-24","name":"Erzincan","name_full":"Erzincan","name_ja":"エルズィンジャン県","center_lonlat":[39.3146,39.6746]},"geometry":{"type":"Polygon","coordinates":[[[38.7616,40.0549],[38.8925,40.0576],[38.9333,40.0713],[39.0496,40.0391],[39.1971,39.9783],[39.2665,39.9303],[39.3854,39.8933],[39.447,39.888],[39.622,39.8938],[39.7879,39.9348],[39.8691,40.0148],[39.9233,40.0299],[40.0302,40.0303],[40.1179,40.0727],[40.2814,40.0472],[40.2504,39.9939],[40.2422,39.9366],[40.2953,39.9158],[40.4669,39.9135],[40.533,39.8453],[40.535,39.7902],[40.5493,39.7696],[40.68,39.6877],[40.6223,39.5944],[40.6188,39.5324],[40.5548,39.549],[40.2427,39.5648],[40.1755,39.5844],[39.9887,39.5324],[39.8564,39.5715],[39.8191,39.5626],[39.7741,39.5185],[39.7038,39.5009],[39.4724,39.4822],[39.3189,39.5008],[39.2371,39.4759],[39.1846,39.4835],[39.1321,39.4748],[39.0333,39.4462],[38.9878,39.4024],[38.9342,39.3936],[38.908,39.3608],[38.8368,39.3387],[38.821,39.3072],[38.8477,39.2578],[38.77,39.2296],[38.7556,39.1726],[38.7204,39.1579],[38.7208,39.111],[38.7372,39.0996],[38.7457,39.0378],[38.6879,39.023],[38.6236,39.0822],[38.5809,39.102],[38.5356,39.1159],[38.4409,39.1195],[38.3617,39.1503],[38.3926,39.211],[38.3614,39.3993],[38.4385,39.444],[38.4467,39.4599],[38.3556,39.5265],[38.3442,39.5648],[38.3671,39.5991],[38.3786,39.7035],[38.4527,39.7872],[38.5297,39.8052],[38.5402,39.8328],[38.5192,39.852],[38.3772,39.8363],[38.3692,39.8679],[38.4067,39.9507],[38.4511,39.9708],[38.4977,39.9431],[38.5464,39.937],[38.5932,39.9627],[38.6456,39.9715],[38.7372,39.9655],[38.7585,40.0038],[38.7616,40.0549]]]}},{"type":"Feature","id":"Erzurum","properties":{"id":"Erzurum","iso_code":"TR-25","name":"Erzurum","name_full":"Erzurum","name_ja":"エルズルム県","center_lonlat":[41.5422,40.051]},"geometry":{"type":"Polygon","coordinates":[[[42.4313,39.4914],[42.3357,39.4793],[42.1987,39.4261],[42.1781,39.3815],[42.1839,39.3364],[42.1557,39.2991],[42.0373,39.2271],[41.9147,39.2108],[41.8345,39.1688],[41.7477,39.1715],[41.6626,39.1988],[41.581,39.2782],[41.4456,39.3718],[41.3652,39.3866],[41.2051,39.3657],[41.1183,39.4637],[41.0578,39.4688],[40.9831,39.4966],[40.855,39.581],[40.7079,39.5223],[40.6188,39.5324],[40.6223,39.5944],[40.68,39.6877],[40.5493,39.7696],[40.535,39.7902],[40.533,39.8453],[40.4669,39.9135],[40.2953,39.9158],[40.2422,39.9366],[40.2504,39.9939],[40.2814,40.0472],[40.481,40.0366],[40.5671,40.0945],[40.7478,40.1492],[40.7998,40.2117],[40.7973,40.2322],[40.6366,40.2579],[40.5747,40.2838],[40.5497,40.3457],[40.5215,40.4815],[40.4894,40.5421],[40.6514,40.6041],[40.7918,40.6291],[40.8219,40.6866],[40.9444,40.709],[41.1274,40.8129],[41.2055,40.7792],[41.3653,40.7547],[41.3727,40.7221],[41.347,40.6864],[41.3334,40.601],[41.4013,40.5556],[41.4935,40.5818],[41.5788,40.6243],[41.6566,40.6412],[41.8208,40.5876],[41.8664,40.6397],[41.868,40.6847],[41.8874,40.7244],[41.9272,40.7551],[41.9526,40.7956],[41.946,40.8385],[41.9589,40.8775],[42.0244,40.9119],[42.2792,40.9249],[42.2992,40.8481],[42.3516,40.7891],[42.4163,40.7423],[42.4372,40.7034],[42.537,40.5992],[42.5141,40.5305],[42.5382,40.4307],[42.3269,40.3319],[42.1812,40.2944],[42.1504,40.2405],[42.2309,40.1605],[42.3491,40.1411],[42.4252,40.0763],[42.4846,40.0588],[42.5637,39.9519],[42.503,39.9128],[42.44,39.9036],[42.4179,39.8802],[42.3816,39.8706],[42.3067,39.8807],[42.2716,39.8693],[42.3529,39.7921],[42.4949,39.7481],[42.471,39.7141],[42.4632,39.5315],[42.4313,39.4914]]]}},{"type":"Feature","id":"Eskisehir","properties":{"id":"Eskisehir","iso_code":"TR-26","name":"Eskisehir","name_full":"Eskişehir","name_ja":"エスキシェヒル県","center_lonlat":[31.1027,39.5972]},"geometry":{"type":"Polygon","coordinates":[[[30.7386,40.1678],[30.8636,40.1428],[30.9067,40.1006],[30.9221,40.02],[30.9457,40.0146],[31.0816,40.0481],[31.1399,40.0436],[31.1911,40.0241],[31.2469,40.0577],[31.3389,40.0483],[31.3891,40.0569],[31.4308,40.0236],[31.6403,40.0401],[31.6812,40.0184],[31.727,40.0235],[31.7261,39.9941],[31.757,39.9203],[31.7823,39.8905],[31.845,39.8761],[31.8795,39.8383],[31.8817,39.8118],[31.8408,39.7758],[31.8473,39.7259],[31.897,39.6206],[31.9612,39.5662],[31.9651,39.5349],[31.9912,39.4959],[31.9752,39.4049],[31.9833,39.3482],[32.0358,39.3053],[32.0427,39.2751],[31.9999,39.2327],[31.9561,39.2255],[31.9383,39.2045],[31.8614,39.1714],[31.8505,39.1136],[31.8354,39.0979],[31.7571,39.0863],[31.6978,39.0926],[31.5819,39.1019],[31.4528,39.0912],[31.3783,39.1357],[31.3281,39.2239],[31.2577,39.2819],[30.9622,39.1546],[30.9186,39.1926],[30.8685,39.2109],[30.7033,39.106],[30.6212,39.0869],[30.5437,39.1241],[30.4772,39.1996],[30.4418,39.2063],[30.4242,39.2695],[30.3238,39.372],[30.312,39.4495],[30.2845,39.5097],[30.174,39.5905],[30.1361,39.6388],[30.235,39.7477],[30.2452,39.8497],[30.3016,39.8791],[30.3339,39.9197],[30.3852,39.9367],[30.4395,39.9362],[30.4907,39.9653],[30.5242,40.0116],[30.5554,40.1146],[30.6361,40.1646],[30.7386,40.1678]]]}},{"type":"Feature","id":"Gaziantep","properties":{"id":"Gaziantep","iso_code":"TR-27","name":"Gaziantep","name_full":"Gaziantep","name_ja":"ガズィアンテプ県","center_lonlat":[37.3636,37.0888]},"geometry":{"type":"Polygon","coordinates":[[[38.026,36.835],[37.8197,36.7605],[37.6541,36.7321],[37.5221,36.6736],[37.4373,36.7348],[37.272,36.8071],[37.241,36.7916],[37.1171,36.9],[37.0396,36.9413],[36.9725,36.9517],[36.9415,37.0085],[36.9053,37.024],[36.8743,37.0033],[36.864,36.9362],[36.7142,36.869],[36.6596,36.8272],[36.6226,36.8467],[36.5969,36.8802],[36.5171,36.909],[36.4519,36.9607],[36.5827,37.0966],[36.6374,37.1827],[36.7212,37.2712],[36.8422,37.3154],[36.8896,37.3667],[36.9377,37.3422],[36.9664,37.2532],[37.0432,37.2333],[37.1342,37.3097],[37.1902,37.3315],[37.3148,37.3493],[37.4492,37.3863],[37.5748,37.3919],[37.6173,37.4144],[37.6304,37.4596],[37.6251,37.5188],[37.7354,37.5367],[37.8436,37.5356],[37.9614,37.5005],[38.0399,37.446],[37.9744,37.4354],[37.8856,37.3506],[37.8406,37.2679],[37.8742,37.2343],[37.8747,37.2133],[37.8525,37.2265],[37.8406,37.203],[37.8743,37.14],[37.8693,37.0651],[37.9226,37.0419],[37.9788,37.05],[37.9639,36.9988],[38.0079,36.9571],[38.0187,36.9042],[38.0406,36.8804],[38.0212,36.8711],[38.026,36.835]]]}},{"type":"Feature","id":"Giresun","properties":{"id":"Giresun","iso_code":"TR-28","name":"Giresun","name_full":"Giresun","name_ja":"ギレスン県","center_lonlat":[38.593,40.5771]},"geometry":{"type":"Polygon","coordinates":[[[38.1142,40.9582],[38.2014,40.9414],[38.2874,40.9472],[38.3309,40.9179],[38.3893,40.9269],[38.4523,40.9167],[38.5394,40.9269],[38.5916,40.9626],[38.6371,40.976],[38.6779,40.9486],[38.7176,40.9548],[38.7837,41.0018],[38.8758,41.0189],[38.9084,41.0377],[39.0418,41.0434],[39.1483,41.0725],[39.1174,40.9011],[39.126,40.8096],[39.1444,40.7714],[39.0244,40.7605],[39.0124,40.7344],[38.9077,40.6867],[38.8955,40.6609],[38.9086,40.63],[38.8487,40.5685],[38.8423,40.4802],[38.8698,40.4542],[38.9879,40.4325],[39.0654,40.3884],[39.0598,40.3519],[38.9071,40.2699],[38.9057,40.167],[38.9147,40.1322],[38.9424,40.1051],[38.9333,40.0713],[38.8925,40.0576],[38.7616,40.0549],[38.5563,40.1194],[38.4542,40.0999],[38.2748,40.1861],[38.2382,40.2286],[38.2405,40.2852],[38.1583,40.5235],[38.0633,40.6052],[38.0792,40.6511],[38.085,40.7523],[38.0629,40.8463],[38.1153,40.9194],[38.1142,40.9582]]]}},{"type":"Feature","id":"Gumushane","properties":{"id":"Gumushane","iso_code":"TR-29","name":"Gumushane","name_full":"Gümüşhane","name_ja":"ギュミュシュハーネ県","center_lonlat":[39.3786,40.3159]},"geometry":{"type":"Polygon","coordinates":[[[39.834,40.561],[39.8674,40.4136],[39.86,40.2669],[39.8276,40.2092],[39.8115,40.144],[39.8691,40.0148],[39.7879,39.9348],[39.622,39.8938],[39.447,39.888],[39.3854,39.8933],[39.2665,39.9303],[39.1971,39.9783],[39.0496,40.0391],[38.9333,40.0713],[38.9424,40.1051],[38.9147,40.1322],[38.9057,40.167],[38.9071,40.2699],[39.0598,40.3519],[39.0654,40.3884],[38.9879,40.4325],[38.8698,40.4542],[38.8423,40.4802],[38.8487,40.5685],[38.9086,40.63],[38.8955,40.6609],[38.9077,40.6867],[39.0124,40.7344],[39.0244,40.7605],[39.1444,40.7714],[39.1842,40.7587],[39.2213,40.7898],[39.2635,40.7711],[39.2786,40.7125],[39.3452,40.6596],[39.5789,40.5878],[39.6591,40.5865],[39.6747,40.5988],[39.6863,40.6395],[39.7173,40.6574],[39.7859,40.6222],[39.834,40.561]]]}},{"type":"Feature","id":"Hakkari","properties":{"id":"Hakkari","iso_code":"TR-30","name":"Hakkari","name_full":"Hakkâri","name_ja":"ハッキャリ県","center_lonlat":[44.0689,37.481]},"geometry":{"type":"Polygon","coordinates":[[[43.3625,37.3039],[43.401,37.378],[43.4093,37.4648],[43.3597,37.5846],[43.3803,37.6425],[43.3868,37.7336],[43.5212,37.7347],[43.6548,37.7517],[43.7114,37.773],[43.7944,37.7547],[43.923,37.7644],[43.9778,37.7913],[44.0443,37.9012],[44.1169,37.913],[44.205,37.9048],[44.2196,37.8753],[44.3192,37.8769],[44.3671,37.8602],[44.4044,37.8097],[44.433,37.8061],[44.4364,37.7678],[44.5065,37.7793],[44.5594,37.752],[44.5961,37.7164],[44.5882,37.694],[44.5453,37.663],[44.5409,37.6327],[44.5835,37.6011],[44.5874,37.584],[44.5699,37.5144],[44.5793,37.477],[44.5659,37.4472],[44.5721,37.4308],[44.6382,37.4126],[44.6616,37.3757],[44.698,37.38],[44.7214,37.3433],[44.8016,37.2927],[44.7985,37.2603],[44.7535,37.2153],[44.7723,37.1612],[44.7661,37.1419],[44.7338,37.1672],[44.6103,37.1784],[44.5394,37.1437],[44.4544,37.0763],[44.3431,37.0424],[44.3066,36.9772],[44.2848,36.9692],[44.2343,36.9837],[44.18,37.0876],[44.1892,37.1292],[44.2401,37.158],[44.2496,37.1794],[44.235,37.2368],[44.1845,37.2792],[44.088,37.3112],[43.9904,37.3125],[43.8936,37.2249],[43.8094,37.1997],[43.7469,37.2306],[43.5942,37.2295],[43.5295,37.2539],[43.4796,37.2434],[43.3625,37.3039]]]}},{"type":"Feature","id":"Hatay","properties":{"id":"Hatay","iso_code":"TR-31","name":"Hatay","name_full":"Hatay","name_ja":"ハタイ県","center_lonlat":[36.2459,36.4444]},"geometry":{"type":"Polygon","coordinates":[[[36.6596,36.8272],[36.6399,36.8281],[36.6433,36.8036],[36.6033,36.747],[36.5693,36.6201],[36.5653,36.5325],[36.5312,36.479],[36.5527,36.4082],[36.5934,36.3735],[36.5776,36.3329],[36.6488,36.3057],[36.67,36.2373],[36.5935,36.2181],[36.4802,36.2255],[36.4507,36.1999],[36.3981,36.2082],[36.373,36.2276],[36.3614,36.2182],[36.3758,36.2045],[36.3586,36.167],[36.358,35.994],[36.3367,35.9882],[36.2974,36.0007],[36.2775,35.9942],[36.269,35.9587],[36.1969,35.9517],[36.1749,35.9227],[36.1576,35.8226],[36.1385,35.8198],[36.0508,35.8654],[36.0039,35.8692],[35.9803,35.9269],[35.9113,35.9177],[35.9767,36.001],[35.9754,36.0185],[35.9484,36.0878],[35.7874,36.3043],[35.8245,36.3611],[35.8568,36.3698],[35.8735,36.3977],[35.9085,36.4182],[35.9187,36.4482],[35.9902,36.4796],[36.0449,36.5377],[36.1787,36.5963],[36.2162,36.6578],[36.1987,36.7846],[36.0955,36.8971],[36.0203,36.9263],[35.985,36.9156],[35.9325,36.873],[35.9164,36.8934],[35.917,36.9348],[36.0176,37.02],[36.0616,37.0097],[36.188,37.0054],[36.2353,37.0154],[36.2806,37.0043],[36.3521,36.9566],[36.4519,36.9607],[36.5171,36.909],[36.5969,36.8802],[36.6226,36.8467],[36.6596,36.8272]]]}},{"type":"Feature","id":"Igdır","properties":{"id":"Igdır","iso_code":"TR-76","name":"Igdır","name_full":"Iğdır","name_ja":"ウードゥル県","center_lonlat":[44.0006,39.8633]},"geometry":{"type":"Polygon","coordinates":[[[44.4582,39.6425],[44.4028,39.6595],[44.2245,39.628],[44.0726,39.6532],[43.9733,39.6432],[43.8809,39.6549],[43.8682,39.6841],[43.7155,39.7282],[43.6635,39.7956],[43.6307,39.8134],[43.5316,39.8385],[43.4004,39.7831],[43.35,39.8038],[43.3354,39.8415],[43.341,39.9126],[43.3184,39.9693],[43.3563,40.0026],[43.3563,40.0409],[43.6654,40.1102],[43.9121,40.0243],[44.0324,40.0086],[44.1045,40.036],[44.1355,40.0223],[44.2553,40.0434],[44.3256,40.0347],[44.5222,39.9335],[44.5911,39.8578],[44.5982,39.831],[44.6115,39.8373],[44.6477,39.8051],[44.692,39.793],[44.7843,39.6902],[44.807,39.6399],[44.6465,39.7195],[44.5904,39.7715],[44.4595,39.6985],[44.4582,39.6425]]]}},{"type":"Feature","id":"Isparta","properties":{"id":"Isparta","iso_code":"TR-32","name":"Isparta","name_full":"Isparta","name_ja":"ウスパルタ県","center_lonlat":[30.9514,37.9245]},"geometry":{"type":"Polygon","coordinates":[[[31.2544,38.423],[31.2833,38.3501],[31.3614,38.3],[31.4219,38.2381],[31.5253,38.1809],[31.6207,38.1047],[31.6136,38.072],[31.4471,38.0028],[31.4252,37.9376],[31.4482,37.8592],[31.4507,37.7807],[31.4093,37.7291],[31.4051,37.6815],[31.3727,37.6492],[31.3292,37.6389],[31.3293,37.6039],[31.3677,37.5376],[31.3585,37.4776],[31.3319,37.4222],[31.2777,37.4278],[31.1807,37.3867],[31.0235,37.3514],[30.935,37.3803],[30.9002,37.4321],[30.8546,37.4334],[30.8359,37.4513],[30.7664,37.5421],[30.7065,37.6706],[30.6463,37.7],[30.5129,37.7093],[30.4308,37.7685],[30.3864,37.8182],[30.3366,37.8461],[30.29,37.808],[30.0862,37.7032],[30.0486,37.7141],[30.0153,37.7765],[30.0934,37.7792],[30.1653,37.8104],[30.1977,37.8584],[30.2111,37.9619],[30.2322,37.9932],[30.3,38.0244],[30.5302,38.193],[30.6055,38.2137],[30.6623,38.25],[30.7811,38.2777],[31.0996,38.5152],[31.1442,38.5033],[31.207,38.4396],[31.2544,38.423]]]}},{"type":"Feature","id":"Istanbul","properties":{"id":"Istanbul","iso_code":"TR-34","name":"Istanbul","name_full":"Istanbul","name_ja":"イスタンブール県","center_lonlat":[28.5694,41.2052]},"geometry":{"type":"MultiPolygon","coordinates":[[[[28.203,41.5402],[28.3843,41.4475],[28.9085,41.2665],[29.0243,41.2428],[29.0452,41.2564],[29.0687,41.2537],[29.1092,41.2353],[29.0868,41.1919],[29.0408,41.1643],[29.0706,41.1302],[29.0422,41.0664],[28.9895,41.0311],[28.9924,41.0082],[28.9461,41.0095],[28.822,40.9616],[28.7702,40.9793],[28.6253,40.9684],[28.5952,40.978],[28.6035,41.0095],[28.5755,41.0237],[28.5825,41.0464],[28.5724,41.0665],[28.5278,41.0851],[28.5625,41.0368],[28.5414,40.9896],[28.5125,40.9927],[28.4353,41.0429],[28.264,41.0709],[28.2367,41.0851],[28.1747,41.0808],[28.1493,41.213],[28.193,41.3553],[28.1557,41.4922],[28.203,41.5402]]],[[[29.2537,40.8755],[29.1448,40.9141],[29.0832,40.9597],[29.0281,40.9821],[29.0348,40.9896],[29.0076,41.0305],[29.0623,41.0763],[29.0906,41.1409],[29.0691,41.1528],[29.1301,41.2119],[29.1697,41.2331],[29.2062,41.2292],[29.2318,41.2407],[29.8846,41.149],[29.8634,41.142],[29.8774,41.0798],[29.8494,41.0294],[29.6727,40.9569],[29.6466,40.9099],[29.611,40.9069],[29.5818,40.9253],[29.551,40.9741],[29.5037,41.005],[29.4509,41.0086],[29.2878,40.9094],[29.2537,40.8755]]]]}},{"type":"Feature","id":"Izmir","properties":{"id":"Izmir","iso_code":"TR-35","name":"Izmir","name_full":"İzmir","name_ja":"イズミル県","center_lonlat":[27.3156,38.4998]},"geometry":{"type":"Polygon","coordinates":[[[27.2618,37.8884],[27.2604,37.919],[27.2748,37.929],[27.2391,37.9879],[27.1411,37.986],[27.0702,38.02],[27.0559,38.0457],[26.9754,38.0653],[26.9177,38.0624],[26.8934,38.0562],[26.8815,38.0384],[26.8649,38.0404],[26.8421,38.0761],[26.8352,38.1313],[26.7936,38.1723],[26.7761,38.1652],[26.7737,38.207],[26.7603,38.2167],[26.6359,38.2036],[26.6229,38.1387],[26.6092,38.145],[26.6122,38.1179],[26.595,38.1039],[26.5676,38.145],[26.5671,38.124],[26.5569,38.1223],[26.5238,38.1474],[26.5193,38.1797],[26.4917,38.174],[26.4175,38.2206],[26.4175,38.2002],[26.3901,38.2238],[26.3901,38.2617],[26.375,38.2348],[26.354,38.2283],[26.2346,38.2738],[26.2388,38.2958],[26.2654,38.2867],[26.2859,38.3187],[26.3076,38.3231],[26.2889,38.3406],[26.2941,38.3699],[26.3076,38.3579],[26.3211,38.3777],[26.3259,38.3549],[26.3143,38.3367],[26.3561,38.3169],[26.385,38.3184],[26.3833,38.3436],[26.4175,38.3367],[26.4759,38.3669],[26.4771,38.3869],[26.4515,38.4261],[26.4891,38.4062],[26.513,38.4329],[26.4408,38.4728],[26.3879,38.4543],[26.4038,38.4875],[26.3696,38.5353],[26.3758,38.5286],[26.349,38.6355],[26.3563,38.6617],[26.4141,38.6794],[26.5056,38.6527],[26.6304,38.5192],[26.6433,38.4677],[26.5881,38.4609],[26.6052,38.4538],[26.5881,38.4187],[26.6221,38.4053],[26.6731,38.3072],[26.7,38.3258],[26.6775,38.3436],[26.6707,38.3852],[26.7024,38.4302],[26.7254,38.4329],[26.7669,38.3641],[26.7874,38.3715],[26.7951,38.3586],[26.9246,38.3777],[27.0134,38.4125],[27.0886,38.4022],[27.1642,38.4466],[27.1545,38.4594],[27.0223,38.4625],[26.9354,38.4349],[26.9451,38.4466],[26.8976,38.4947],[26.8493,38.5124],[26.8147,38.5428],[26.8898,38.508],[26.8352,38.549],[26.8489,38.5974],[26.8342,38.6082],[26.7936,38.5974],[26.801,38.6117],[26.7532,38.6179],[26.7595,38.6384],[26.7191,38.6527],[26.7532,38.6663],[26.7191,38.7209],[26.8182,38.7554],[26.9035,38.7346],[26.8972,38.7483],[26.923,38.7622],[26.9314,38.7551],[26.9351,38.7705],[26.9314,38.7893],[26.9246,38.7817],[26.8972,38.8166],[26.9377,38.8302],[26.9439,38.8087],[26.9608,38.8061],[26.9714,38.8192],[26.9588,38.8445],[27.0134,38.8712],[27.0335,38.8605],[27.0627,38.8869],[27.0413,38.8917],[27.0579,38.9185],[27.0413,38.9401],[26.9826,38.9196],[26.9624,38.9401],[26.9343,38.9309],[26.9246,38.9401],[26.8662,38.9134],[26.8065,38.9501],[26.7992,38.9984],[26.8147,39.022],[26.7936,39.022],[26.8831,39.0716],[26.8237,39.1491],[26.7787,39.17],[26.9936,39.2908],[27.05,39.3512],[27.291,39.4645],[27.3475,39.4558],[27.3907,39.4247],[27.4201,39.3803],[27.4588,39.3037],[27.4918,39.1836],[27.5453,39.0939],[27.5377,39.0413],[27.5101,39.0168],[27.4452,38.9744],[27.3271,38.9249],[27.3094,38.8497],[27.2332,38.7558],[27.2284,38.7348],[27.2947,38.6846],[27.3213,38.6157],[27.3803,38.5759],[27.5833,38.5699],[27.6135,38.5468],[27.6303,38.4915],[27.7778,38.4247],[27.8061,38.3634],[27.8483,38.3329],[27.8989,38.3421],[27.9389,38.4068],[27.9864,38.4051],[28.0344,38.3883],[28.0954,38.3946],[28.1357,38.3592],[28.1629,38.3088],[28.2994,38.3311],[28.345,38.3088],[28.4478,38.2899],[28.4758,38.2621],[28.5174,38.1593],[28.5623,38.1062],[28.2541,38.0201],[28.0611,38.0183],[27.8293,37.9691],[27.5832,37.9844],[27.5323,37.9778],[27.41,37.9143],[27.3293,37.8895],[27.2618,37.8884]]]}},{"type":"Feature","id":"Kahramanmaras","properties":{"id":"Kahramanmaras","iso_code":"TR-46","name":"Kahramanmaras","name_full":"Kahramanmaraş","name_ja":"カフラマンマラシュ県","center_lonlat":[36.986,37.9233]},"geometry":{"type":"Polygon","coordinates":[[[36.5055,38.3229],[36.65,38.4591],[36.682,38.4999],[36.7137,38.583],[36.7475,38.5994],[36.8789,38.625],[37.0088,38.6105],[37.0597,38.5881],[37.2844,38.6036],[37.2259,38.5263],[37.2371,38.4672],[37.3107,38.4749],[37.4597,38.4496],[37.5872,38.39],[37.7336,38.3462],[37.7823,38.2784],[37.7762,38.2372],[37.7152,38.0927],[37.6582,38.0267],[37.6069,37.8795],[37.5653,37.8205],[37.4222,37.6941],[37.4217,37.6351],[37.4571,37.5896],[37.6251,37.5188],[37.6304,37.4596],[37.6173,37.4144],[37.5748,37.3919],[37.4492,37.3863],[37.3148,37.3493],[37.1902,37.3315],[37.1342,37.3097],[37.0432,37.2333],[36.9664,37.2532],[36.9377,37.3422],[36.8896,37.3667],[36.8422,37.3154],[36.7212,37.2712],[36.6238,37.3627],[36.5506,37.3897],[36.3707,37.3563],[36.3541,37.3709],[36.3036,37.3491],[36.262,37.389],[36.2575,37.4553],[36.2202,37.5064],[36.2286,37.5368],[36.2795,37.591],[36.2799,37.6691],[36.3597,37.7318],[36.3623,37.7726],[36.3308,37.8343],[36.3241,37.8813],[36.3386,37.9777],[36.3684,38.0421],[36.4181,38.2188],[36.4493,38.2809],[36.5055,38.3229]]]}},{"type":"Feature","id":"Karabuk","properties":{"id":"Karabuk","iso_code":"TR-78","name":"Karabuk","name_full":"Karabük","name_ja":"カラビュック県","center_lonlat":[32.6411,41.1837]},"geometry":{"type":"Polygon","coordinates":[[[32.5262,40.7887],[32.5295,40.8152],[32.4922,40.8678],[32.2783,40.9486],[32.284,41.0039],[32.1494,41.0192],[32.1496,41.1085],[32.1981,41.2419],[32.287,41.3308],[32.3961,41.3267],[32.5012,41.3469],[32.6224,41.4237],[32.6669,41.4964],[32.7235,41.5086],[32.818,41.5764],[32.8522,41.5477],[32.9861,41.5732],[33.0589,41.5328],[33.1154,41.3954],[33.017,41.3804],[32.9194,41.2944],[32.9103,41.2606],[32.9297,41.1533],[33.038,41.1289],[33.0692,41.093],[33.0265,41.0115],[32.9295,40.9711],[32.8326,40.9792],[32.7962,40.963],[32.7483,40.8974],[32.6305,40.8256],[32.5262,40.7887]]]}},{"type":"Feature","id":"Karaman","properties":{"id":"Karaman","iso_code":"TR-70","name":"Karaman","name_full":"Karaman","name_ja":"カラマン県","center_lonlat":[33.2235,37.0809]},"geometry":{"type":"Polygon","coordinates":[[[34.149,37.155],[34.0786,37.133],[34.0027,37.1288],[33.8706,37.0577],[33.7612,37.0314],[33.6194,37.0318],[33.54,37.0066],[33.3719,36.988],[33.2327,36.918],[33.2007,36.8871],[33.1673,36.8134],[33.1312,36.8211],[33.1079,36.8464],[32.9795,36.8038],[32.982,36.7716],[33.0193,36.7283],[33.0435,36.6727],[33.1084,36.6296],[33.1612,36.6185],[33.231,36.5607],[33.2048,36.5344],[33.1318,36.5613],[33.1022,36.5535],[33.0762,36.4855],[33.0524,36.4666],[32.9582,36.4644],[32.8425,36.4328],[32.7173,36.445],[32.6517,36.438],[32.632,36.4703],[32.5587,36.5062],[32.5316,36.5338],[32.4562,36.6734],[32.5684,36.7424],[32.7116,36.8555],[32.7418,36.8932],[32.7455,36.9233],[32.7304,36.9497],[32.6702,36.9535],[32.6098,36.9761],[32.6029,37.011],[32.6287,37.0779],[32.8436,37.3078],[33.0132,37.4586],[33.1074,37.4887],[33.4127,37.5113],[33.5145,37.5415],[33.5936,37.6244],[33.6389,37.647],[33.7783,37.632],[33.7822,37.5679],[33.8047,37.5038],[34.0573,37.2852],[34.149,37.155]]]}},{"type":"Feature","id":"Kars","properties":{"id":"Kars","iso_code":"TR-36","name":"Kars","name_full":"Kars","name_ja":"カルス県","center_lonlat":[43.0732,40.4462]},"geometry":{"type":"Polygon","coordinates":[[[43.4404,41.1066],[43.4363,41.0832],[43.4605,41.0229],[43.5654,40.9881],[43.6362,40.9335],[43.6595,40.852],[43.7206,40.7629],[43.7294,40.6771],[43.6995,40.6346],[43.7072,40.6119],[43.6648,40.5741],[43.6525,40.5294],[43.6315,40.5369],[43.639,40.5226],[43.5937,40.509],[43.5595,40.4779],[43.6253,40.4202],[43.5942,40.3454],[43.676,40.266],[43.6914,40.2386],[43.6731,40.2277],[43.7214,40.1694],[43.6525,40.139],[43.6654,40.1102],[43.3563,40.0409],[43.3563,40.0026],[43.3184,39.9693],[43.2653,39.9866],[43.0645,39.9893],[42.7573,39.9221],[42.5637,39.9519],[42.4846,40.0588],[42.4252,40.0763],[42.3491,40.1411],[42.2309,40.1605],[42.1504,40.2405],[42.1812,40.2944],[42.3269,40.3319],[42.5382,40.4307],[42.5141,40.5305],[42.537,40.5992],[42.7719,40.6253],[42.8294,40.8935],[43.4404,41.1066]]]}},{"type":"Feature","id":"Kastamonu","properties":{"id":"Kastamonu","iso_code":"TR-37","name":"Kastamonu","name_full":"Kastamonu","name_ja":"カスタモヌ県","center_lonlat":[33.6771,41.4859]},"geometry":{"type":"Polygon","coordinates":[[[32.7985,41.8597],[32.9261,41.8818],[33.3245,42.019],[33.5405,42.0106],[33.6135,41.9937],[33.8735,41.9744],[34.0036,41.9827],[34.2161,41.9601],[34.2209,41.9035],[34.1926,41.8451],[34.1422,41.8002],[34.1404,41.7671],[34.2051,41.7478],[34.5325,41.7132],[34.5879,41.6575],[34.5533,41.5912],[34.4918,41.5523],[34.472,41.5185],[34.4629,41.4798],[34.4798,41.4416],[34.4719,41.3108],[34.4194,41.302],[34.3574,41.2094],[34.2871,41.1572],[34.2522,41.0913],[34.2177,41.0594],[34.2077,41.0393],[34.2264,41.0021],[34.2802,40.9691],[34.2564,40.9194],[34.1145,40.8747],[34.0272,40.8608],[33.9445,40.8687],[33.8796,40.9094],[33.8209,40.9254],[33.7833,40.9738],[33.795,41.0036],[33.8512,41.0573],[33.8409,41.0966],[33.8259,41.1037],[33.4089,40.9599],[33.3623,40.9712],[33.3255,41.0049],[33.2346,41.0504],[33.1057,41.0613],[33.0692,41.093],[33.038,41.1289],[32.9297,41.1533],[32.9103,41.2606],[32.9194,41.2944],[33.017,41.3804],[33.1154,41.3954],[33.0589,41.5328],[32.9861,41.5732],[32.8522,41.5477],[32.818,41.5764],[32.8085,41.6478],[32.873,41.6823],[32.8083,41.7995],[32.7985,41.8597]]]}},{"type":"Feature","id":"Kayseri","properties":{"id":"Kayseri","iso_code":"TR-38","name":"Kayseri","name_full":"Kayseri","name_ja":"カイセリ県","center_lonlat":[35.8359,38.6473]},"geometry":{"type":"Polygon","coordinates":[[[35.1906,37.8181],[35.2125,37.9308],[35.2589,37.954],[35.2282,38.0248],[35.2325,38.1099],[35.2056,38.1766],[35.044,38.1781],[34.9849,38.2275],[34.915,38.3794],[35.071,38.5658],[35.0691,38.7049],[34.9997,38.7759],[34.9527,38.8481],[35.0013,38.9533],[35.0036,39.0019],[35.0278,39.0411],[35.2548,39.0133],[35.7357,39.2439],[35.8199,39.3344],[35.8724,39.3315],[35.921,39.3122],[35.9514,39.2736],[36.0166,39.2594],[36.1115,39.2057],[36.2104,39.1955],[36.2867,39.2164],[36.4521,39.1982],[36.5513,39.1551],[36.6412,39.1788],[36.7343,39.1788],[36.8205,39.1663],[36.8998,39.1335],[36.9363,39.0442],[36.7502,38.6404],[36.7475,38.5994],[36.7137,38.583],[36.682,38.4999],[36.65,38.4591],[36.5055,38.3229],[36.4626,38.358],[36.4001,38.4566],[36.348,38.4747],[36.2669,38.4578],[36.1459,38.3951],[36.1033,38.3122],[35.979,38.155],[35.6077,37.9538],[35.6296,37.7702],[35.5772,37.7505],[35.3632,37.8073],[35.1906,37.8181]]]}},{"type":"Feature","id":"Kilis","properties":{"id":"Kilis","iso_code":"TR-79","name":"Kilis","name_full":"Kilis","name_ja":"キリス県","center_lonlat":[37.0793,36.7917]},"geometry":{"type":"Polygon","coordinates":[[[37.5221,36.6736],[37.4461,36.6342],[37.2419,36.6586],[37.1561,36.6439],[37.1044,36.651],[37.0531,36.6199],[37.0145,36.6423],[37.0184,36.7066],[36.9647,36.7538],[36.6596,36.8272],[36.7142,36.869],[36.864,36.9362],[36.8743,37.0033],[36.9053,37.024],[36.9415,37.0085],[36.9725,36.9517],[37.0396,36.9413],[37.1171,36.9],[37.241,36.7916],[37.272,36.8071],[37.4373,36.7348],[37.5221,36.6736]]]}},{"type":"Feature","id":"Kocaeli","properties":{"id":"Kocaeli","iso_code":"TR-41","name":"Kocaeli","name_full":"Kocaeli","name_ja":"コジャエリ県","center_lonlat":[29.906,40.8682]},"geometry":{"type":"Polygon","coordinates":[[[29.8846,41.149],[30.1652,41.1466],[30.2171,41.1671],[30.2825,41.2155],[30.4293,41.1706],[30.3921,41.0941],[30.4099,41.0433],[30.4829,41.0329],[30.488,41.0003],[30.4653,40.9694],[30.4592,40.9357],[30.3849,40.9317],[30.3129,40.9501],[30.2949,40.9411],[30.3031,40.9193],[30.3289,40.9103],[30.264,40.8572],[30.2239,40.7086],[30.183,40.6463],[30.125,40.617],[29.9957,40.5818],[29.9262,40.577],[29.7889,40.6147],[29.5353,40.5524],[29.4771,40.5498],[29.4207,40.5632],[29.4284,40.6909],[29.5011,40.7289],[29.5275,40.7215],[29.5599,40.6911],[29.7533,40.7246],[29.8672,40.7289],[29.9242,40.7165],[29.9393,40.7351],[29.9292,40.758],[29.7754,40.7487],[29.7376,40.7698],[29.6662,40.7835],[29.4287,40.7761],[29.3778,40.7565],[29.3291,40.7904],[29.3434,40.7978],[29.3252,40.8201],[29.2546,40.8108],[29.2746,40.8388],[29.2949,40.8388],[29.2537,40.8755],[29.2878,40.9094],[29.4509,41.0086],[29.5037,41.005],[29.551,40.9741],[29.5818,40.9253],[29.611,40.9069],[29.6466,40.9099],[29.6727,40.9569],[29.8494,41.0294],[29.8774,41.0798],[29.8634,41.142],[29.8846,41.149]]]}},{"type":"Feature","id":"Konya","properties":{"id":"Konya","iso_code":"TR-42","name":"Konya","name_full":"Konya","name_ja":"コンヤ県","center_lonlat":[32.6183,38.0472]},"geometry":{"type":"Polygon","coordinates":[[[33.4666,38.6436],[33.3675,38.5315],[33.353,38.4526],[33.294,38.3571],[33.2721,38.286],[33.2647,38.2045],[33.3012,38.1271],[33.3251,38.1088],[33.3485,38.0292],[33.4155,37.9637],[33.4561,37.9332],[33.4997,37.9318],[33.6189,37.9521],[33.8538,37.9578],[34.0849,38.0118],[34.1598,38.0023],[34.1731,37.9506],[34.2063,37.9099],[34.3005,37.8753],[34.3733,37.7835],[34.4455,37.7171],[34.4568,37.6603],[34.3941,37.5611],[34.3891,37.4865],[34.4891,37.3949],[34.5122,37.352],[34.5001,37.3199],[34.4819,37.3089],[34.3986,37.2822],[34.2979,37.2254],[34.2105,37.2013],[34.149,37.155],[34.0573,37.2852],[33.8047,37.5038],[33.7822,37.5679],[33.7783,37.632],[33.6389,37.647],[33.5936,37.6244],[33.5145,37.5415],[33.4127,37.5113],[33.1074,37.4887],[33.0132,37.4586],[32.8436,37.3078],[32.6287,37.0779],[32.6029,37.011],[32.6098,36.9761],[32.6702,36.9535],[32.7304,36.9497],[32.7455,36.9233],[32.7418,36.8932],[32.7116,36.8555],[32.5684,36.7424],[32.4562,36.6734],[32.4632,36.7416],[32.4475,36.8083],[32.4264,36.8321],[32.3053,36.8542],[32.2903,36.8814],[32.3016,36.9116],[32.3272,36.9276],[32.3235,36.9582],[32.2531,36.9869],[32.1555,37.0546],[32.0331,37.1686],[31.8153,37.2985],[31.5587,37.3407],[31.459,37.3413],[31.4155,37.3549],[31.3319,37.4222],[31.3585,37.4776],[31.3677,37.5376],[31.3293,37.6039],[31.3292,37.6389],[31.3727,37.6492],[31.4051,37.6815],[31.4093,37.7291],[31.4507,37.7807],[31.4482,37.8592],[31.4252,37.9376],[31.4471,38.0028],[31.6136,38.072],[31.6207,38.1047],[31.5253,38.1809],[31.4219,38.2381],[31.3614,38.3],[31.2833,38.3501],[31.2544,38.423],[31.4308,38.5141],[31.5948,38.6664],[31.5922,38.7288],[31.608,38.7821],[31.7149,38.9276],[31.7236,38.9675],[31.6747,39.0005],[31.6978,39.0926],[31.7571,39.0863],[31.8354,39.0979],[31.8505,39.1136],[31.8614,39.1714],[31.9482,39.1364],[32.0906,39.0435],[32.127,39.0342],[32.2823,39.0635],[32.3676,39.0413],[32.436,39.0],[32.4787,38.9972],[32.6015,39.0584],[32.6761,39.0338],[32.7218,39.0544],[32.7579,39.0921],[32.86,39.1572],[32.908,39.1449],[32.9658,39.1105],[33.0091,39.1051],[33.0434,39.2021],[33.0624,39.2221],[33.1048,39.2221],[33.1661,39.1889],[33.2227,39.1752],[33.3206,39.1199],[33.3744,39.0226],[33.3662,38.7987],[33.4666,38.6436]]]}},{"type":"Feature","id":"Kutahya","properties":{"id":"Kutahya","iso_code":"TR-43","name":"Kutahya","name_full":"Kütahya","name_ja":"キュタヒヤ県","center_lonlat":[29.5736,39.2539]},"geometry":{"type":"Polygon","coordinates":[[[29.6777,39.9063],[29.6617,39.8211],[29.6658,39.7788],[29.7163,39.7093],[29.902,39.6166],[29.9455,39.6076],[30.1361,39.6388],[30.174,39.5905],[30.2845,39.5097],[30.312,39.4495],[30.3238,39.372],[30.4242,39.2695],[30.4418,39.2063],[30.3721,39.1224],[30.2535,39.0807],[30.1649,38.8858],[30.0957,38.8042],[29.8881,38.7069],[29.8888,38.8103],[29.8413,38.8525],[29.6881,38.8851],[29.6244,38.8838],[29.5714,38.8652],[29.5293,38.763],[29.2735,38.7291],[29.2067,38.7368],[29.1455,38.7667],[29.0868,38.7672],[29.0323,38.7301],[29.0363,38.7933],[28.982,38.8867],[28.9909,38.948],[28.9099,39.0596],[28.881,39.0753],[28.7304,39.1008],[28.6595,39.1566],[28.6667,39.238],[28.8114,39.2906],[28.896,39.3997],[28.9088,39.4707],[28.9672,39.5891],[29.0048,39.5661],[29.049,39.5579],[29.1908,39.5521],[29.2461,39.5793],[29.2525,39.6458],[29.2742,39.6909],[29.3202,39.7172],[29.3995,39.8959],[29.4502,39.9235],[29.5864,39.889],[29.6777,39.9063]]]}},{"type":"Feature","id":"Kırklareli","properties":{"id":"Kırklareli","iso_code":"TR-39","name":"Kırklareli","name_full":"Kırklareli","name_ja":"クルクラーレリ県","center_lonlat":[27.4201,41.6824]},"geometry":{"type":"Polygon","coordinates":[[[28.203,41.5402],[28.1557,41.4922],[27.8074,41.4614],[27.6014,41.4197],[27.5179,41.3111],[27.4596,41.2782],[27.396,41.2646],[27.2398,41.3648],[26.9603,41.3553],[26.8098,41.3303],[26.7802,41.3756],[26.8284,41.4523],[26.8436,41.5243],[26.8844,41.5705],[26.9062,41.6669],[26.8948,41.7635],[26.8379,41.9752],[26.9389,41.9962],[27.0465,42.0829],[27.1738,42.0571],[27.2038,42.0881],[27.2382,42.0979],[27.3053,42.0776],[27.3969,41.9893],[27.4943,41.9428],[27.5464,41.9012],[27.5627,41.9064],[27.5489,41.9109],[27.5607,41.9177],[27.5508,41.9242],[27.6034,41.9386],[27.6093,41.9535],[27.6871,41.9686],[27.724,41.9676],[27.7898,41.9427],[27.8153,41.9468],[27.8027,41.9601],[27.8119,41.9947],[28.0168,41.9726],[28.0449,41.8902],[27.9776,41.8874],[27.9661,41.8489],[27.972,41.8223],[28.0884,41.6769],[28.0759,41.6605],[28.0972,41.6267],[28.203,41.5402]]]}},{"type":"Feature","id":"Kırsehir","properties":{"id":"Kırsehir","iso_code":"TR-40","name":"Kırsehir","name_full":"Kırşehir","name_ja":"クルシェヒル県","center_lonlat":[34.149,39.3279]},"geometry":{"type":"Polygon","coordinates":[[[33.9301,39.0011],[33.9374,39.0347],[33.8288,39.0745],[33.7761,39.0777],[33.7254,39.1176],[33.545,39.2109],[33.5245,39.2668],[33.6366,39.4187],[33.7989,39.5204],[33.8676,39.6042],[33.9128,39.7069],[34.0733,39.8257],[34.1135,39.7956],[34.1678,39.7949],[34.2705,39.7135],[34.395,39.7007],[34.4357,39.6361],[34.5737,39.5052],[34.6174,39.4825],[34.6681,39.4761],[34.7113,39.4468],[34.7371,39.4003],[34.6802,39.3927],[34.6156,39.4044],[34.5952,39.3944],[34.5991,39.3361],[34.6204,39.3064],[34.6326,39.2548],[34.6194,39.1899],[34.6717,39.1109],[34.6299,39.0695],[34.3926,38.9823],[34.3708,38.9287],[34.3864,38.8616],[34.3463,38.8531],[34.2357,38.9268],[34.1707,38.9282],[34.0997,38.9],[34.0603,38.9271],[34.0459,38.967],[33.9438,38.9852],[33.9301,39.0011]]]}},{"type":"Feature","id":"Kırıkkale","properties":{"id":"Kırıkkale","iso_code":"TR-71","name":"Kırıkkale","name_full":"Kırıkkale","name_ja":"クルッカレ県","center_lonlat":[33.6831,39.8472]},"geometry":{"type":"Polygon","coordinates":[[[33.5245,39.2668],[33.4448,39.3874],[33.406,39.5297],[33.298,39.6428],[33.2731,39.7275],[33.3279,39.8969],[33.3727,39.9816],[33.4469,40.0057],[33.5621,40.0165],[33.5766,40.0736],[33.5685,40.201],[33.5952,40.3396],[33.8705,40.2723],[33.9642,40.2655],[33.9752,40.218],[34.0164,40.1467],[34.0845,40.1091],[34.1013,40.0569],[34.0976,40.0243],[34.0509,39.9586],[34.0525,39.9076],[34.0733,39.8257],[33.9128,39.7069],[33.8676,39.6042],[33.7989,39.5204],[33.6366,39.4187],[33.5245,39.2668]]]}},{"type":"Feature","id":"Malatya","properties":{"id":"Malatya","iso_code":"TR-44","name":"Malatya","name_full":"Malatya","name_ja":"マラティヤ県","center_lonlat":[38.1203,38.5074]},"geometry":{"type":"Polygon","coordinates":[[[38.3617,39.1503],[38.4409,39.1195],[38.5356,39.1159],[38.5809,39.102],[38.6236,39.0822],[38.6879,39.023],[38.6168,39.0203],[38.5893,38.9922],[38.5899,38.9508],[38.6194,38.8959],[38.6317,38.7523],[38.4836,38.753],[38.4604,38.6924],[38.387,38.6603],[38.3489,38.5956],[38.3735,38.5365],[38.403,38.508],[38.4256,38.5124],[38.4687,38.4792],[38.5667,38.4646],[38.6889,38.4207],[38.8105,38.4403],[38.8855,38.364],[38.9572,38.3305],[39.1149,38.3435],[39.145,38.3078],[39.1485,38.2842],[39.1149,38.1927],[39.0695,38.1515],[39.0156,38.1308],[38.8032,38.0903],[38.6631,38.0982],[38.5714,38.1259],[38.5639,38.1467],[38.6228,38.1866],[38.6187,38.2191],[38.5609,38.2284],[38.4309,38.2141],[38.295,38.0738],[38.2173,38.0405],[38.1909,38.0008],[38.1892,37.9485],[38.1276,37.905],[37.9735,37.8657],[37.888,37.881],[37.796,37.8712],[37.7076,37.842],[37.5653,37.8205],[37.6069,37.8795],[37.6582,38.0267],[37.7152,38.0927],[37.7762,38.2372],[37.7823,38.2784],[37.7336,38.3462],[37.5872,38.39],[37.4597,38.4496],[37.3107,38.4749],[37.2371,38.4672],[37.2259,38.5263],[37.2844,38.6036],[37.3429,38.6249],[37.5805,38.7968],[37.5969,38.8343],[37.5516,38.9694],[37.5736,39.0082],[37.6176,39.017],[37.7022,38.9843],[37.7858,38.9983],[37.932,39.0623],[38.0802,39.0802],[38.1477,39.0726],[38.3617,39.1503]]]}},{"type":"Feature","id":"Manisa","properties":{"id":"Manisa","iso_code":"TR-45","name":"Manisa","name_full":"Manisa","name_ja":"マニサ県","center_lonlat":[28.1813,38.7586]},"geometry":{"type":"Polygon","coordinates":[[[28.6595,39.1566],[28.7304,39.1008],[28.881,39.0753],[28.9099,39.0596],[28.9909,38.948],[28.982,38.8867],[29.0363,38.7933],[29.0323,38.7301],[28.9179,38.6537],[28.8767,38.6084],[28.8484,38.6001],[28.8519,38.5647],[28.9029,38.5354],[28.9155,38.4407],[28.8949,38.3632],[28.8385,38.3034],[28.8938,38.2874],[28.931,38.2551],[28.8381,38.2388],[28.7936,38.1705],[28.7984,38.1436],[28.7844,38.1199],[28.698,38.1038],[28.5623,38.1062],[28.5174,38.1593],[28.4758,38.2621],[28.4478,38.2899],[28.345,38.3088],[28.2994,38.3311],[28.1629,38.3088],[28.1357,38.3592],[28.0954,38.3946],[28.0344,38.3883],[27.9864,38.4051],[27.9389,38.4068],[27.8989,38.3421],[27.8483,38.3329],[27.8061,38.3634],[27.7778,38.4247],[27.6303,38.4915],[27.6135,38.5468],[27.5833,38.5699],[27.3803,38.5759],[27.3213,38.6157],[27.2947,38.6846],[27.2284,38.7348],[27.2332,38.7558],[27.3094,38.8497],[27.3271,38.9249],[27.4452,38.9744],[27.5101,39.0168],[27.5377,39.0413],[27.5453,39.0939],[27.4918,39.1836],[27.4588,39.3037],[27.4201,39.3803],[27.4966,39.4113],[27.586,39.367],[27.6559,39.3517],[27.7264,39.3593],[27.823,39.3396],[27.8712,39.3448],[27.8962,39.3134],[27.8542,39.2364],[27.8933,39.2219],[27.968,39.2433],[27.9846,39.2364],[28.0737,39.1527],[28.125,39.063],[28.171,39.0502],[28.2562,39.0711],[28.3208,39.1163],[28.4427,39.1228],[28.5721,39.1675],[28.6595,39.1566]]]}},{"type":"Feature","id":"Mardin","properties":{"id":"Mardin","iso_code":"TR-47","name":"Mardin","name_full":"Mardin","name_ja":"マルディン県","center_lonlat":[40.9198,37.364]},"geometry":{"type":"Polygon","coordinates":[[[41.8964,37.1543],[41.4798,37.0756],[41.2013,37.065],[40.8964,37.1227],[40.709,37.1005],[40.5257,37.0259],[40.4139,37.004],[40.2614,36.9228],[40.2179,36.9417],[40.1275,37.069],[40.1372,37.1486],[40.1249,37.1697],[40.0138,37.2575],[40.0,37.3757],[40.1426,37.5087],[40.4122,37.6524],[40.492,37.657],[40.5516,37.7299],[40.662,37.7484],[41.0118,37.7414],[41.0752,37.7649],[41.1197,37.7582],[41.19,37.688],[41.2603,37.5722],[41.3677,37.5185],[41.5206,37.5433],[41.8169,37.7138],[41.905,37.502],[41.8926,37.4359],[41.7231,37.3656],[41.6818,37.3284],[41.6983,37.2871],[41.814,37.2581],[41.876,37.2168],[41.8964,37.1543]]]}},{"type":"Feature","id":"Mersin","properties":{"id":"Mersin","iso_code":"TR-33","name":"Mersin","name_full":"Mersin","name_ja":"メルスィン県","center_lonlat":[33.8372,36.6944]},"geometry":{"type":"Polygon","coordinates":[[[34.9333,36.7275],[34.9004,36.7199],[34.9079,36.7404],[34.8526,36.7813],[34.7358,36.8217],[34.5547,36.7676],[34.5339,36.7404],[34.4152,36.6629],[34.2762,36.587],[34.1777,36.4734],[34.0773,36.4139],[34.0779,36.3288],[33.9998,36.3029],[33.959,36.2136],[33.9414,36.2134],[33.9509,36.2377],[33.9309,36.2905],[33.8711,36.3149],[33.811,36.2674],[33.8247,36.2599],[33.7991,36.2307],[33.7428,36.2134],[33.7053,36.1817],[33.6882,36.137],[33.6472,36.1926],[33.6199,36.1855],[33.5523,36.1275],[33.5305,36.1308],[33.5442,36.1445],[33.4583,36.1581],[33.3865,36.137],[33.3268,36.1501],[33.3084,36.1322],[33.2124,36.1241],[33.1569,36.137],[33.134,36.1318],[33.0877,36.0828],[32.9409,36.1035],[32.8652,36.0718],[32.8037,36.0272],[32.6707,36.0467],[32.5718,36.094],[32.6472,36.2693],[32.6517,36.438],[32.7173,36.445],[32.8425,36.4328],[32.9582,36.4644],[33.0524,36.4666],[33.0762,36.4855],[33.1022,36.5535],[33.1318,36.5613],[33.2048,36.5344],[33.231,36.5607],[33.1612,36.6185],[33.1084,36.6296],[33.0435,36.6727],[33.0193,36.7283],[32.982,36.7716],[32.9795,36.8038],[33.1079,36.8464],[33.1312,36.8211],[33.1673,36.8134],[33.2007,36.8871],[33.2327,36.918],[33.3719,36.988],[33.54,37.0066],[33.6194,37.0318],[33.7612,37.0314],[33.8706,37.0577],[34.0027,37.1288],[34.0786,37.133],[34.149,37.155],[34.2105,37.2013],[34.2979,37.2254],[34.3986,37.2822],[34.4819,37.3089],[34.5001,37.3199],[34.5122,37.352],[34.5875,37.3533],[34.7215,37.4014],[34.7916,37.3877],[34.8619,37.2727],[34.9098,37.2432],[34.9129,37.141],[34.935,37.0837],[34.9821,37.0555],[35.0432,37.0577],[35.0817,37.026],[35.0522,36.9635],[35.0667,36.7957],[34.9333,36.7275]]]}},{"type":"Feature","id":"Mugla","properties":{"id":"Mugla","iso_code":"TR-48","name":"Mugla","name_full":"Muğla","name_ja":"ムーラ県","center_lonlat":[28.4776,37.0219]},"geometry":{"type":"Polygon","coordinates":[[[29.2612,36.2936],[29.2346,36.3243],[29.175,36.3398],[29.1585,36.3568],[29.1447,36.3493],[29.1447,36.3772],[29.0964,36.3909],[29.1304,36.4114],[29.1242,36.4536],[29.0964,36.4735],[29.1243,36.4933],[29.1149,36.5527],[29.0964,36.5479],[29.0843,36.5602],[29.0144,36.5479],[29.0369,36.5615],[29.0205,36.5895],[29.0418,36.6243],[29.0558,36.6142],[29.0964,36.6441],[29.0906,36.6271],[29.1169,36.6342],[29.0964,36.6652],[28.9563,36.7275],[28.939,36.7513],[28.8909,36.7124],[28.8977,36.6994],[28.8635,36.6926],[28.8625,36.6679],[28.8499,36.6652],[28.8766,36.6305],[28.8901,36.6576],[28.884,36.6715],[28.9017,36.6583],[28.8954,36.6414],[28.8635,36.6168],[28.8696,36.6066],[28.8289,36.6025],[28.8186,36.6208],[28.8425,36.6379],[28.805,36.6553],[28.7879,36.6509],[28.7827,36.6774],[28.7463,36.6977],[28.7017,36.7051],[28.6649,36.6926],[28.6492,36.7183],[28.6234,36.6994],[28.6035,36.7335],[28.6167,36.767],[28.6035,36.795],[28.6104,36.8161],[28.5967,36.795],[28.5759,36.8195],[28.5462,36.8234],[28.5244,36.8133],[28.5278,36.7888],[28.4868,36.8017],[28.5005,36.8161],[28.4561,36.8285],[28.4526,36.8496],[28.4663,36.8533],[28.452,36.8836],[28.4362,36.8647],[28.3767,36.8544],[28.3906,36.8359],[28.4248,36.8291],[28.396,36.7895],[28.315,36.8161],[28.315,36.795],[28.2782,36.7965],[28.2783,36.8142],[28.315,36.8291],[28.2731,36.852],[28.2572,36.8462],[28.2367,36.8132],[28.2534,36.7888],[28.2489,36.7668],[28.2886,36.7426],[28.2951,36.7199],[28.2673,36.7309],[28.2466,36.7124],[28.2336,36.7199],[28.2254,36.7062],[28.2336,36.6994],[28.1623,36.6727],[28.1115,36.6042],[28.0881,36.5891],[28.0617,36.5963],[28.0359,36.5648],[28.0138,36.5759],[28.0037,36.5619],[27.9777,36.5657],[27.9592,36.6025],[28.0344,36.6025],[28.0896,36.6441],[28.0759,36.6578],[28.048,36.6379],[28.0612,36.6647],[28.0379,36.6906],[28.0296,36.6704],[27.9802,36.6758],[27.9661,36.6888],[28.0418,36.7199],[28.0896,36.7267],[28.0859,36.7106],[28.1006,36.7096],[28.1164,36.7188],[28.1169,36.7335],[28.0822,36.7471],[28.11,36.7751],[28.1305,36.754],[28.1184,36.8006],[28.095,36.8014],[28.0472,36.7633],[28.0344,36.7751],[27.9661,36.7471],[27.9541,36.7596],[27.9177,36.7404],[27.9124,36.7541],[27.8903,36.7404],[27.8704,36.7526],[27.8562,36.7404],[27.8065,36.7608],[27.7194,36.7563],[27.6843,36.7267],[27.6712,36.6578],[27.6199,36.6765],[27.5597,36.6746],[27.5545,36.6851],[27.4727,36.6509],[27.4484,36.6652],[27.4043,36.6652],[27.3941,36.6841],[27.3703,36.6789],[27.3558,36.7124],[27.4143,36.7093],[27.4496,36.754],[27.6115,36.7653],[27.6234,36.8017],[27.6454,36.8065],[27.6912,36.7843],[27.76,36.7813],[27.7991,36.8066],[27.8971,36.8123],[27.94,36.7956],[27.9942,36.7984],[28.0275,36.7813],[28.0554,36.8086],[28.0396,36.8266],[28.007,36.8291],[28.0246,36.8391],[28.007,36.857],[28.0554,36.8707],[28.0213,36.9116],[28.0418,36.9116],[28.0275,36.9259],[28.0617,36.9259],[28.0418,36.9389],[28.1572,36.9321],[28.1653,36.9116],[28.1572,36.9458],[28.1852,36.9389],[28.2124,36.9731],[28.1989,36.9805],[28.2124,37.0004],[28.2446,36.9882],[28.2466,37.0079],[28.3296,37.0305],[28.3047,37.0508],[28.1262,37.0359],[28.1073,37.0321],[28.11,37.0141],[27.9866,37.0351],[27.9518,37.0215],[27.8862,37.0262],[27.7879,37.0079],[27.7804,36.9936],[27.6877,37.0054],[27.6365,36.9805],[27.5671,36.9966],[27.562,36.9731],[27.5283,36.9913],[27.4727,36.9936],[27.4385,37.0277],[27.4081,37.0168],[27.3968,37.0277],[27.3833,36.9936],[27.3765,37.0277],[27.3286,37.0141],[27.3265,36.986],[27.3006,36.9731],[27.3081,36.9594],[27.2632,36.9634],[27.2288,37.0618],[27.2391,37.083],[27.2944,37.1103],[27.2604,37.1103],[27.2529,37.124],[27.3218,37.124],[27.3218,37.1587],[27.3396,37.1505],[27.3423,37.1301],[27.3833,37.1518],[27.3866,37.1301],[27.4385,37.124],[27.431,37.1177],[27.4456,37.097],[27.4751,37.0925],[27.5415,37.126],[27.5755,37.1301],[27.5545,37.1301],[27.5278,37.1928],[27.5877,37.1988],[27.5755,37.1785],[27.6099,37.1997],[27.5886,37.2111],[27.5916,37.2351],[27.6128,37.2546],[27.616,37.2747],[27.603,37.2822],[27.5532,37.2729],[27.5147,37.2293],[27.5,37.2338],[27.5178,37.246],[27.5088,37.2681],[27.4636,37.252],[27.4914,37.3273],[27.4727,37.3437],[27.4685,37.3156],[27.4461,37.3056],[27.3968,37.3231],[27.3887,37.3453],[27.3967,37.3656],[27.4385,37.3908],[27.4035,37.4126],[27.4811,37.5392],[27.5125,37.5531],[27.5458,37.5545],[27.6196,37.5244],[27.7,37.5149],[27.7704,37.4766],[27.9073,37.4799],[27.9497,37.4624],[28.0198,37.4598],[28.1414,37.4668],[28.1807,37.4924],[28.2161,37.5473],[28.2699,37.5774],[28.3426,37.5654],[28.4782,37.4917],[28.6089,37.4775],[28.6208,37.4605],[28.6273,37.3825],[28.7353,37.3599],[28.765,37.3185],[28.7779,37.2721],[28.8115,37.2335],[28.8861,37.2249],[28.9283,37.1766],[29.0019,37.1497],[29.0618,37.1029],[29.0902,36.9779],[29.1151,36.9581],[29.1699,36.9549],[29.2704,36.9116],[29.3251,36.9474],[29.3426,37.038],[29.3904,37.0686],[29.4134,37.0176],[29.3967,36.9597],[29.435,36.9474],[29.4834,36.9959],[29.604,37.0086],[29.6889,36.9143],[29.5802,36.7161],[29.5938,36.6543],[29.5755,36.599],[29.4811,36.5371],[29.4773,36.4824],[29.4549,36.4733],[29.4244,36.4835],[29.362,36.4631],[29.3133,36.3763],[29.3071,36.325],[29.2612,36.2936]]]}},{"type":"Feature","id":"Mus","properties":{"id":"Mus","iso_code":"TR-49","name":"Mus","name_full":"Muş","name_ja":"ムシュ県","center_lonlat":[41.8457,39.0198]},"geometry":{"type":"Polygon","coordinates":[[[42.4313,39.4914],[42.501,39.3732],[42.6413,39.2354],[42.6276,39.0024],[42.5557,38.9564],[42.4734,38.9316],[42.31,38.9457],[42.2023,38.9056],[42.1596,38.9021],[42.1396,38.8907],[42.1276,38.8441],[42.1063,38.83],[42.018,38.8316],[41.9994,38.7953],[42.0314,38.7559],[42.0377,38.7134],[41.9368,38.6338],[41.8666,38.6028],[41.6959,38.6127],[41.5418,38.5676],[41.5312,38.5544],[41.4206,38.5346],[41.3901,38.5416],[41.3781,38.5689],[41.3897,38.6091],[41.3784,38.6488],[41.3112,38.6877],[41.2596,38.7392],[41.2402,38.7893],[41.1861,38.8305],[41.1643,38.8879],[41.195,38.9656],[41.2649,39.0322],[41.2769,39.0726],[41.2703,39.1163],[41.201,39.2018],[41.2024,39.2479],[41.1724,39.3048],[41.2051,39.3657],[41.3652,39.3866],[41.4456,39.3718],[41.581,39.2782],[41.6626,39.1988],[41.7477,39.1715],[41.8345,39.1688],[41.9147,39.2108],[42.0373,39.2271],[42.1557,39.2991],[42.1839,39.3364],[42.1781,39.3815],[42.1987,39.4261],[42.3357,39.4793],[42.4313,39.4914]]]}},{"type":"Feature","id":"Nevsehir","properties":{"id":"Nevsehir","iso_code":"TR-50","name":"Nevsehir","name_full":"Nevşehir","name_ja":"ネヴシェヒル県","center_lonlat":[34.6908,38.802]},"geometry":{"type":"Polygon","coordinates":[[[34.4898,38.3885],[34.3601,38.4732],[34.3593,38.5216],[34.3895,38.5718],[34.3808,38.6174],[34.3167,38.6158],[34.2204,38.6508],[34.2062,38.7014],[34.2408,38.7464],[34.2575,38.797],[34.2248,38.8864],[34.2357,38.9268],[34.3463,38.8531],[34.3864,38.8616],[34.3708,38.9287],[34.3926,38.9823],[34.6299,39.0695],[34.6717,39.1109],[34.6194,39.1899],[34.6326,39.2548],[34.6204,39.3064],[34.5991,39.3361],[34.5952,39.3944],[34.6156,39.4044],[34.6802,39.3927],[34.7371,39.4003],[34.7833,39.3871],[34.8035,39.3339],[34.8608,39.2968],[34.8931,39.2267],[34.9735,39.1878],[34.9961,39.1576],[34.991,39.1113],[35.0278,39.0411],[35.0036,39.0019],[35.0013,38.9533],[34.9527,38.8481],[34.9997,38.7759],[35.0691,38.7049],[35.071,38.5658],[34.915,38.3794],[34.8103,38.3484],[34.7595,38.3598],[34.6897,38.4042],[34.5472,38.3823],[34.4898,38.3885]]]}},{"type":"Feature","id":"Nigde","properties":{"id":"Nigde","iso_code":"TR-51","name":"Nigde","name_full":"Niğde","name_ja":"ニーデ県","center_lonlat":[34.7025,37.9292]},"geometry":{"type":"Polygon","coordinates":[[[34.5122,37.352],[34.4891,37.3949],[34.3891,37.4865],[34.3941,37.5611],[34.4568,37.6603],[34.4455,37.7171],[34.3733,37.7835],[34.3005,37.8753],[34.2063,37.9099],[34.1731,37.9506],[34.1598,38.0023],[34.4898,38.3885],[34.5472,38.3823],[34.6897,38.4042],[34.7595,38.3598],[34.8103,38.3484],[34.915,38.3794],[34.9849,38.2275],[35.044,38.1781],[35.2056,38.1766],[35.2325,38.1099],[35.2282,38.0248],[35.2589,37.954],[35.2125,37.9308],[35.1906,37.8181],[35.0597,37.7135],[34.9619,37.7007],[34.8597,37.7166],[34.8278,37.6802],[34.8326,37.6299],[34.8652,37.553],[34.8499,37.5106],[34.7946,37.4572],[34.7916,37.3877],[34.7215,37.4014],[34.5875,37.3533],[34.5122,37.352]]]}},{"type":"Feature","id":"Ordu","properties":{"id":"Ordu","iso_code":"TR-52","name":"Ordu","name_full":"Ordu","name_ja":"オルドゥ県","center_lonlat":[37.539,40.7937]},"geometry":{"type":"Polygon","coordinates":[[[37.1517,41.1468],[37.2993,41.1404],[37.3335,41.1193],[37.3954,41.1085],[37.5247,41.0372],[37.5806,41.0368],[37.6079,41.0504],[37.6401,41.1015],[37.6898,41.1404],[37.7151,41.1147],[37.7839,41.1226],[37.7852,41.06],[37.8679,41.0156],[37.8958,40.9821],[37.9347,40.9951],[37.9817,40.9902],[38.1142,40.9582],[38.1153,40.9194],[38.0629,40.8463],[38.085,40.7523],[38.0792,40.6511],[38.0633,40.6052],[38.1583,40.5235],[38.0952,40.4922],[38.0084,40.481],[37.998,40.4688],[38.0016,40.4116],[37.9802,40.4013],[37.8977,40.4041],[37.8019,40.3357],[37.7669,40.3319],[37.6901,40.3794],[37.6349,40.4612],[37.617,40.5212],[37.5841,40.5694],[37.4488,40.5759],[37.2197,40.6977],[37.0134,40.6989],[36.9468,40.7203],[36.6989,40.8068],[36.6875,40.836],[36.7052,40.8625],[36.8284,40.8878],[36.9991,40.9797],[37.0423,41.0418],[37.1517,41.1468]]]}},{"type":"Feature","id":"Osmaniye","properties":{"id":"Osmaniye","iso_code":"TR-80","name":"Osmaniye","name_full":"Osmaniye","name_ja":"オスマニエ県","center_lonlat":[36.2826,37.2727]},"geometry":{"type":"Polygon","coordinates":[[[36.2799,37.6691],[36.2795,37.591],[36.2286,37.5368],[36.2202,37.5064],[36.2575,37.4553],[36.262,37.389],[36.3036,37.3491],[36.3541,37.3709],[36.3707,37.3563],[36.5506,37.3897],[36.6238,37.3627],[36.7212,37.2712],[36.6374,37.1827],[36.5827,37.0966],[36.4519,36.9607],[36.3521,36.9566],[36.2806,37.0043],[36.2353,37.0154],[36.188,37.0054],[36.0616,37.0097],[36.1048,37.1221],[36.0927,37.1785],[36.0559,37.2105],[35.9697,37.2197],[35.9396,37.2925],[35.9396,37.37],[36.0635,37.6024],[36.11,37.6643],[36.2799,37.6691]]]}},{"type":"Feature","id":"Rize","properties":{"id":"Rize","iso_code":"TR-53","name":"Rize","name_full":"Rize","name_ja":"リゼ県","center_lonlat":[40.8451,40.9347]},"geometry":{"type":"Polygon","coordinates":[[[40.3523,40.9941],[40.4649,41.0504],[40.5291,41.0363],[40.6262,41.0822],[40.6859,41.092],[40.7576,41.1584],[40.8275,41.1979],[40.922,41.1906],[41.0427,41.2325],[41.1213,41.2855],[41.1997,41.3013],[41.2553,41.1727],[41.2945,41.1488],[41.3162,41.1146],[41.3858,41.0753],[41.3587,41.0286],[41.3044,41.0023],[41.2803,40.9609],[41.1417,40.8528],[41.1274,40.8129],[40.9444,40.709],[40.8219,40.6866],[40.7918,40.6291],[40.6514,40.6041],[40.4894,40.5421],[40.4754,40.6057],[40.4869,40.6733],[40.4242,40.7945],[40.413,40.8653],[40.3523,40.9941]]]}},{"type":"Feature","id":"Sakarya","properties":{"id":"Sakarya","iso_code":"TR-54","name":"Sakarya","name_full":"Sakarya","name_ja":"サカリヤ県","center_lonlat":[30.5009,40.7286]},"geometry":{"type":"Polygon","coordinates":[[[30.4293,41.1706],[30.6992,41.1215],[30.7481,41.092],[30.8333,41.0799],[30.9559,41.0824],[30.9617,41.022],[30.9043,40.9816],[30.8694,40.9223],[30.8933,40.8655],[30.8831,40.8072],[30.9125,40.7576],[30.8912,40.7268],[30.8278,40.689],[30.8373,40.6255],[30.8252,40.5958],[30.7607,40.5721],[30.6908,40.5744],[30.65,40.5283],[30.6225,40.4662],[30.595,40.4489],[30.6011,40.4229],[30.6448,40.3673],[30.626,40.3315],[30.4985,40.3396],[30.4263,40.394],[30.3075,40.399],[30.1691,40.371],[30.081,40.3914],[30.0046,40.4477],[29.9408,40.5335],[29.9262,40.577],[29.9957,40.5818],[30.125,40.617],[30.183,40.6463],[30.2239,40.7086],[30.264,40.8572],[30.3289,40.9103],[30.3031,40.9193],[30.2949,40.9411],[30.3129,40.9501],[30.3849,40.9317],[30.4592,40.9357],[30.4653,40.9694],[30.488,41.0003],[30.4829,41.0329],[30.4099,41.0433],[30.3921,41.0941],[30.4293,41.1706]]]}},{"type":"Feature","id":"Samsun","properties":{"id":"Samsun","iso_code":"TR-55","name":"Samsun","name_full":"Samsun","name_ja":"サムスン県","center_lonlat":[36.0233,41.2125]},"geometry":{"type":"Polygon","coordinates":[[[35.5001,41.6416],[35.6198,41.6326],[35.8938,41.7075],[35.9568,41.7363],[35.929,41.7089],[35.9153,41.6462],[35.9343,41.6921],[35.9729,41.7286],[36.0381,41.6878],[36.0449,41.7015],[36.1205,41.6278],[36.1345,41.5991],[36.12,41.4943],[36.1345,41.4619],[36.2048,41.4065],[36.2368,41.3589],[36.3319,41.3232],[36.3438,41.2887],[36.395,41.2564],[36.451,41.2404],[36.5179,41.2626],[36.5794,41.3073],[36.6199,41.3751],[36.7581,41.3663],[36.8367,41.3508],[36.9849,41.2945],[37.0153,41.2746],[37.0319,41.2428],[37.0397,41.1815],[37.1517,41.1468],[37.0423,41.0418],[36.9991,40.9797],[36.8284,40.8878],[36.7052,40.8625],[36.6529,40.9056],[36.5937,40.9101],[36.5526,40.8902],[36.4431,40.8704],[36.3355,40.9292],[36.2792,40.9969],[36.2429,41.007],[36.2031,40.9878],[36.1548,40.9014],[36.0735,40.8548],[36.0314,40.8474],[35.9532,40.8759],[35.7061,40.8788],[35.673,40.886],[35.6388,40.931],[35.4611,41.0294],[35.4,41.0207],[35.0893,41.0869],[34.9748,41.0874],[34.9395,41.2003],[34.888,41.2698],[34.9418,41.2999],[34.9345,41.3179],[34.9438,41.326],[34.9913,41.3348],[35.1133,41.3998],[35.1472,41.3322],[35.1958,41.311],[35.1849,41.299],[35.2397,41.2892],[35.2963,41.2583],[35.3399,41.2545],[35.4338,41.2833],[35.4851,41.2728],[35.5048,41.2845],[35.456,41.5236],[35.4608,41.5742],[35.5001,41.6416]]]}},{"type":"Feature","id":"Sanlıurfa","properties":{"id":"Sanlıurfa","iso_code":"TR-63","name":"Sanlıurfa","name_full":"Şanlıurfa","name_ja":"シャンルウルファ県","center_lonlat":[39.1066,37.2511]},"geometry":{"type":"Polygon","coordinates":[[[38.026,36.835],[38.0212,36.8711],[38.0406,36.8804],[38.0187,36.9042],[38.0079,36.9571],[37.9639,36.9988],[37.9788,37.05],[37.9226,37.0419],[37.8693,37.0651],[37.8743,37.14],[37.8406,37.203],[37.8525,37.2265],[37.8747,37.2133],[37.8742,37.2343],[37.8406,37.2679],[37.8856,37.3506],[37.9744,37.4354],[38.0399,37.446],[38.0655,37.4368],[38.0945,37.4535],[38.1857,37.4129],[38.198,37.4479],[38.2657,37.4544],[38.272,37.4764],[38.3408,37.4944],[38.3723,37.4839],[38.4948,37.5006],[38.6456,37.6242],[38.8685,37.6514],[38.8005,37.697],[38.8207,37.7067],[38.8493,37.6933],[38.8824,37.7149],[38.8997,37.7062],[38.9231,37.7135],[38.8889,37.7408],[38.9018,37.7527],[38.9647,37.7613],[38.9525,37.7752],[38.9539,37.8014],[38.9306,37.8075],[38.8889,37.7886],[38.9214,37.8251],[38.9779,37.8302],[38.9709,37.8507],[38.9892,37.878],[38.9783,37.906],[39.0404,37.9252],[39.0723,37.9995],[39.189,38.0431],[39.2675,38.0091],[39.4079,37.997],[39.4626,37.9767],[39.5888,37.883],[39.6527,37.8621],[39.6913,37.8339],[39.7385,37.8172],[39.7592,37.8424],[39.8486,37.8019],[39.8632,37.7777],[39.8567,37.6694],[39.8843,37.5501],[39.9537,37.4174],[40.0,37.3757],[40.0138,37.2575],[40.1249,37.1697],[40.1372,37.1486],[40.1275,37.069],[40.2179,36.9417],[40.2614,36.9228],[40.1901,36.8844],[40.0792,36.8549],[39.9798,36.807],[39.7653,36.7422],[39.2396,36.6613],[39.1859,36.6595],[39.0322,36.7012],[38.7954,36.6867],[38.725,36.6939],[38.6641,36.7195],[38.5294,36.8337],[38.2899,36.9017],[38.1901,36.9055],[38.026,36.835]]]}},{"type":"Feature","id":"Siirt","properties":{"id":"Siirt","iso_code":"TR-56","name":"Siirt","name_full":"Siirt","name_ja":"スィイルト県","center_lonlat":[42.2673,37.9171]},"geometry":{"type":"Polygon","coordinates":[[[42.7869,38.1811],[42.865,38.1853],[43.0163,38.1518],[43.0293,37.9994],[43.0081,37.8582],[42.9835,37.8064],[43.0233,37.7317],[43.0119,37.6754],[42.9505,37.626],[42.5697,37.663],[42.3676,37.7044],[42.2354,37.7086],[42.157,37.6466],[41.9587,37.659],[41.8169,37.7138],[41.7107,37.8078],[41.5289,37.8656],[41.4214,37.9442],[41.4131,38.0103],[41.4462,38.0558],[41.5619,38.0806],[41.6115,38.126],[41.6322,38.1797],[41.6773,38.2214],[41.7799,38.1903],[41.8882,38.1833],[42.0602,38.2272],[42.1276,38.2024],[42.2509,38.1167],[42.4378,38.0643],[42.6685,37.9442],[42.7066,37.9461],[42.7371,37.9824],[42.7357,38.0902],[42.7869,38.1811]]]}},{"type":"Feature","id":"Sinop","properties":{"id":"Sinop","iso_code":"TR-57","name":"Sinop","name_full":"Sinop","name_ja":"スィノプ県","center_lonlat":[34.8798,41.6287]},"geometry":{"type":"Polygon","coordinates":[[[34.2161,41.9601],[34.3313,41.9479],[34.4827,41.9752],[34.5618,41.9519],[34.7463,41.9504],[34.7986,41.9622],[34.889,42.0078],[34.9419,42.0693],[34.9481,42.0988],[35.0034,42.0851],[35.0239,42.0925],[35.0488,42.0651],[35.0444,42.0516],[35.0816,42.0292],[35.1338,42.0236],[35.1712,42.0441],[35.2163,42.0236],[35.1375,42.0195],[35.1167,42.0069],[35.0921,41.928],[35.1257,41.8753],[35.2095,41.8113],[35.1958,41.8045],[35.2248,41.7619],[35.2982,41.7152],[35.4011,41.6916],[35.5001,41.6416],[35.4608,41.5742],[35.456,41.5236],[35.5048,41.2845],[35.4851,41.2728],[35.4338,41.2833],[35.3399,41.2545],[35.2963,41.2583],[35.2397,41.2892],[35.1849,41.299],[35.1958,41.311],[35.1472,41.3322],[35.1133,41.3998],[34.9913,41.3348],[34.9438,41.326],[34.9345,41.3179],[34.9418,41.2999],[34.888,41.2698],[34.8807,41.2386],[34.8373,41.2016],[34.7239,41.2293],[34.6704,41.2661],[34.4985,41.2859],[34.4719,41.3108],[34.4798,41.4416],[34.4629,41.4798],[34.472,41.5185],[34.4918,41.5523],[34.5533,41.5912],[34.5879,41.6575],[34.5325,41.7132],[34.2051,41.7478],[34.1404,41.7671],[34.1422,41.8002],[34.1926,41.8451],[34.2209,41.9035],[34.2161,41.9601]]]}},{"type":"Feature","id":"Sivas","properties":{"id":"Sivas","iso_code":"TR-58","name":"Sivas","name_full":"Sivas","name_ja":"スィヴァス県","center_lonlat":[37.3465,39.586]},"geometry":{"type":"Polygon","coordinates":[[[38.1583,40.5235],[38.2405,40.2852],[38.2382,40.2286],[38.2748,40.1861],[38.4542,40.0999],[38.5563,40.1194],[38.7616,40.0549],[38.7585,40.0038],[38.7372,39.9655],[38.6456,39.9715],[38.5932,39.9627],[38.5464,39.937],[38.4977,39.9431],[38.4511,39.9708],[38.4067,39.9507],[38.3692,39.8679],[38.3772,39.8363],[38.5192,39.852],[38.5402,39.8328],[38.5297,39.8052],[38.4527,39.7872],[38.3786,39.7035],[38.3671,39.5991],[38.3442,39.5648],[38.3556,39.5265],[38.4467,39.4599],[38.4385,39.444],[38.3614,39.3993],[38.3926,39.211],[38.3617,39.1503],[38.1477,39.0726],[38.0802,39.0802],[37.932,39.0623],[37.7858,38.9983],[37.7022,38.9843],[37.6176,39.017],[37.5736,39.0082],[37.5516,38.9694],[37.5969,38.8343],[37.5805,38.7968],[37.3429,38.6249],[37.2844,38.6036],[37.0597,38.5881],[37.0088,38.6105],[36.8789,38.625],[36.7475,38.5994],[36.7502,38.6404],[36.9363,39.0442],[36.8998,39.1335],[36.8205,39.1663],[36.7343,39.1788],[36.6412,39.1788],[36.5513,39.1551],[36.4521,39.1982],[36.2867,39.2164],[36.2104,39.1955],[36.1115,39.2057],[36.0166,39.2594],[35.9514,39.2736],[35.921,39.3122],[35.8724,39.3315],[35.8199,39.3344],[35.9033,39.3952],[36.0243,39.5351],[36.1835,39.6426],[36.213,39.7244],[36.2105,39.7482],[36.2003,39.7696],[36.1653,39.7843],[36.1167,39.8505],[36.0887,39.9237],[36.3221,39.9597],[36.4875,39.9659],[36.6349,40.0097],[36.6669,40.0345],[36.7339,40.1913],[36.7693,40.2073],[36.8077,40.2166],[36.9222,40.2049],[37.0894,40.2434],[37.3508,40.259],[37.4221,40.2955],[37.5241,40.317],[37.6349,40.4612],[37.6901,40.3794],[37.7669,40.3319],[37.8019,40.3357],[37.8977,40.4041],[37.9802,40.4013],[38.0016,40.4116],[37.998,40.4688],[38.0084,40.481],[38.0952,40.4922],[38.1583,40.5235]]]}},{"type":"Feature","id":"Sırnak","properties":{"id":"Sırnak","iso_code":"TR-73","name":"Sırnak","name_full":"Şırnak","name_ja":"シュルナク県","center_lonlat":[42.5633,37.4649]},"geometry":{"type":"Polygon","coordinates":[[[41.8964,37.1543],[41.876,37.2168],[41.814,37.2581],[41.6983,37.2871],[41.6818,37.3284],[41.7231,37.3656],[41.8926,37.4359],[41.905,37.502],[41.8169,37.7138],[41.9587,37.659],[42.157,37.6466],[42.2354,37.7086],[42.3676,37.7044],[42.5697,37.663],[42.9505,37.626],[43.0119,37.6754],[43.0233,37.7317],[43.1029,37.7661],[43.1888,37.757],[43.2902,37.7273],[43.3868,37.7336],[43.3803,37.6425],[43.3597,37.5846],[43.4093,37.4648],[43.401,37.378],[43.3625,37.3039],[43.3242,37.3222],[43.2703,37.3087],[43.1148,37.3711],[43.0435,37.3603],[42.937,37.3202],[42.8141,37.3468],[42.8011,37.3691],[42.7716,37.3749],[42.7157,37.3553],[42.5613,37.1466],[42.3572,37.11],[42.3546,37.1524],[42.3353,37.1712],[42.3532,37.227],[42.3467,37.2398],[42.292,37.2851],[42.2672,37.2745],[42.2232,37.2881],[42.2112,37.3249],[42.053,37.1966],[42.0092,37.1756],[41.8964,37.1543]]]}},{"type":"Feature","id":"Tekirdag","properties":{"id":"Tekirdag","iso_code":"TR-59","name":"Tekirdag","name_full":"Tekirdağ","name_ja":"テキルダー県","center_lonlat":[27.3957,41.0922]},"geometry":{"type":"Polygon","coordinates":[[[28.1747,41.0808],[28.013,41.0407],[27.9866,41.0237],[27.9592,40.9753],[27.9413,40.9711],[27.8607,40.9785],[27.7761,41.011],[27.5242,40.9892],[27.4932,40.9753],[27.4717,40.9418],[27.4465,40.8617],[27.4248,40.8313],[27.3308,40.761],[27.2879,40.7036],[27.1777,40.6326],[27.1152,40.6137],[27.0475,40.6122],[27.0015,40.5703],[26.9635,40.561],[26.9319,40.6358],[26.9324,40.7149],[26.7864,40.7258],[26.7231,40.8537],[26.7163,40.935],[26.7341,41.0056],[26.765,41.0653],[26.8139,41.1135],[26.8293,41.1728],[26.8215,41.3124],[26.8098,41.3303],[26.9603,41.3553],[27.2398,41.3648],[27.396,41.2646],[27.4596,41.2782],[27.5179,41.3111],[27.6014,41.4197],[27.8074,41.4614],[28.1557,41.4922],[28.193,41.3553],[28.1493,41.213],[28.1747,41.0808]]]}},{"type":"Feature","id":"Tokat","properties":{"id":"Tokat","iso_code":"TR-60","name":"Tokat","name_full":"Tokat","name_ja":"トカト県","center_lonlat":[36.5821,40.3776]},"geometry":{"type":"Polygon","coordinates":[[[36.7052,40.8625],[36.6875,40.836],[36.6989,40.8068],[36.9468,40.7203],[37.0134,40.6989],[37.2197,40.6977],[37.4488,40.5759],[37.5841,40.5694],[37.617,40.5212],[37.6349,40.4612],[37.5241,40.317],[37.4221,40.2955],[37.3508,40.259],[37.0894,40.2434],[36.9222,40.2049],[36.8077,40.2166],[36.7693,40.2073],[36.7339,40.1913],[36.6669,40.0345],[36.6349,40.0097],[36.4875,39.9659],[36.3221,39.9597],[36.0887,39.9237],[36.0394,39.9877],[36.0478,40.0827],[36.0064,40.1147],[35.876,40.0837],[35.6574,40.0868],[35.5783,40.1292],[35.5098,40.1886],[35.5492,40.2527],[35.5785,40.2774],[35.6864,40.3105],[35.7157,40.3366],[35.8423,40.5052],[35.9251,40.5104],[36.0058,40.4937],[36.1358,40.4437],[36.3103,40.5241],[36.3166,40.575],[36.3973,40.588],[36.4417,40.6361],[36.442,40.6732],[36.4938,40.7456],[36.4735,40.7852],[36.4098,40.8314],[36.4223,40.8449],[36.4149,40.8585],[36.4431,40.8704],[36.5526,40.8902],[36.5937,40.9101],[36.6529,40.9056],[36.7052,40.8625]]]}},{"type":"Feature","id":"Trabzon","properties":{"id":"Trabzon","iso_code":"TR-61","name":"Trabzon","name_full":"Trabzon","name_ja":"トラブゾン県","center_lonlat":[39.8056,40.7983]},"geometry":{"type":"Polygon","coordinates":[[[39.1483,41.0725],[39.2012,41.0777],[39.2732,41.0504],[39.4302,41.1125],[39.4929,41.101],[39.6301,41.0085],[39.6697,41.0026],[39.73,41.0172],[39.7571,41.0023],[39.7992,41.0003],[39.8957,40.9548],[39.9994,40.9821],[40.0857,40.9265],[40.126,40.9206],[40.301,40.9685],[40.3523,40.9941],[40.413,40.8653],[40.4242,40.7945],[40.4869,40.6733],[40.4754,40.6057],[40.4894,40.5421],[40.1846,40.5104],[40.1017,40.5307],[40.0159,40.5327],[39.8836,40.6118],[39.8633,40.5994],[39.8699,40.5749],[39.834,40.561],[39.7859,40.6222],[39.7173,40.6574],[39.6863,40.6395],[39.6747,40.5988],[39.6591,40.5865],[39.5789,40.5878],[39.3452,40.6596],[39.2786,40.7125],[39.2635,40.7711],[39.2213,40.7898],[39.1842,40.7587],[39.1444,40.7714],[39.126,40.8096],[39.1174,40.9011],[39.1483,41.0725]]]}},{"type":"Feature","id":"Tunceli","properties":{"id":"Tunceli","iso_code":"TR-62","name":"Tunceli","name_full":"Tunceli","name_ja":"トゥンジェリ県","center_lonlat":[39.4833,39.1958]},"geometry":{"type":"Polygon","coordinates":[[[40.5548,39.549],[40.5155,39.5127],[40.4653,39.4944],[40.3923,39.5022],[40.3484,39.447],[40.3017,39.4211],[40.2077,39.408],[40.1896,39.3718],[40.0563,39.3579],[40.0416,39.338],[40.0189,39.237],[40.04,39.1616],[40.0151,39.0974],[39.8923,39.0749],[39.8791,39.0593],[39.8944,38.9854],[39.8802,38.9386],[39.8536,38.8958],[39.7928,38.8433],[39.6995,38.8143],[39.5318,38.8061],[39.4756,38.7633],[39.4267,38.7789],[39.4005,38.7741],[39.3587,38.8071],[39.2254,38.858],[39.1122,38.8724],[39.0808,38.8872],[39.0414,38.883],[38.9988,38.8975],[38.8131,38.8772],[38.7698,38.9096],[38.7843,38.9931],[38.7457,39.0378],[38.7372,39.0996],[38.7208,39.111],[38.7204,39.1579],[38.7556,39.1726],[38.77,39.2296],[38.8477,39.2578],[38.821,39.3072],[38.8368,39.3387],[38.908,39.3608],[38.9342,39.3936],[38.9878,39.4024],[39.0333,39.4462],[39.1321,39.4748],[39.1846,39.4835],[39.2371,39.4759],[39.3189,39.5008],[39.4724,39.4822],[39.7038,39.5009],[39.7741,39.5185],[39.8191,39.5626],[39.8564,39.5715],[39.9887,39.5324],[40.1755,39.5844],[40.2427,39.5648],[40.5548,39.549]]]}},{"type":"Feature","id":"Usak","properties":{"id":"Usak","iso_code":"TR-64","name":"Usak","name_full":"Uşak","name_ja":"ウシャク県","center_lonlat":[29.3616,38.538]},"geometry":{"type":"Polygon","coordinates":[[[29.8881,38.7069],[29.8681,38.6277],[29.8071,38.5812],[29.7739,38.5007],[29.7508,38.4777],[29.7533,38.4502],[29.6286,38.4288],[29.6199,38.3683],[29.6277,38.3096],[29.5958,38.2871],[29.4123,38.2827],[29.3619,38.2517],[29.3483,38.2198],[29.3119,38.2313],[29.2191,38.2133],[29.1876,38.2412],[29.1515,38.2464],[29.1011,38.2192],[29.0449,38.2193],[28.9905,38.2452],[28.931,38.2551],[28.8938,38.2874],[28.8385,38.3034],[28.8949,38.3632],[28.9155,38.4407],[28.9029,38.5354],[28.8519,38.5647],[28.8484,38.6001],[28.8767,38.6084],[28.9179,38.6537],[29.0323,38.7301],[29.0868,38.7672],[29.1455,38.7667],[29.2067,38.7368],[29.2735,38.7291],[29.5293,38.763],[29.5714,38.8652],[29.6244,38.8838],[29.6881,38.8851],[29.8413,38.8525],[29.8888,38.8103],[29.8881,38.7069]]]}},{"type":"Feature","id":"Van","properties":{"id":"Van","iso_code":"TR-65","name":"Van","name_full":"Van","name_ja":"ヴァン県","center_lonlat":[43.5886,38.5206]},"geometry":{"type":"Polygon","coordinates":[[[44.0474,39.3375],[44.0827,39.2357],[44.0777,39.2001],[44.1866,39.1451],[44.1948,39.1205],[44.1699,39.0744],[44.1791,39.0349],[44.1392,38.994],[44.152,38.9646],[44.1746,38.9458],[44.2058,38.8757],[44.275,38.8436],[44.2798,38.8142],[44.2486,38.7218],[44.2605,38.6792],[44.2443,38.659],[44.2825,38.6454],[44.297,38.6223],[44.2895,38.3823],[44.3634,38.3646],[44.4091,38.3818],[44.4388,38.3676],[44.4588,38.3383],[44.4368,38.2969],[44.3724,38.2495],[44.3767,38.2015],[44.3606,38.1479],[44.3271,38.1284],[44.3338,38.1009],[44.2959,38.079],[44.2276,37.981],[44.2255,37.9293],[44.205,37.9048],[44.1169,37.913],[44.0443,37.9012],[43.9778,37.7913],[43.923,37.7644],[43.7944,37.7547],[43.7114,37.773],[43.6548,37.7517],[43.5212,37.7347],[43.3868,37.7336],[43.2902,37.7273],[43.1888,37.757],[43.1029,37.7661],[43.0233,37.7317],[42.9835,37.8064],[43.0081,37.8582],[43.0293,37.9994],[43.0163,38.1518],[42.865,38.1853],[42.7869,38.1811],[42.7335,38.1959],[42.7158,38.246],[42.7236,38.3072],[42.678,38.4049],[42.6877,38.4472],[42.8753,38.5442],[43.005,38.7103],[43.132,38.7994],[43.1612,38.8723],[43.1205,38.9223],[43.0036,38.9773],[42.9732,39.0281],[42.972,39.1041],[43.0885,39.1409],[43.1129,39.1619],[43.1146,39.2616],[43.0375,39.2915],[43.0453,39.3212],[43.1627,39.3468],[43.2437,39.4099],[43.3208,39.4064],[43.3898,39.3821],[43.4923,39.3133],[43.5787,39.3001],[43.6136,39.2997],[43.6675,39.3367],[43.7056,39.3404],[43.906,39.3083],[44.0474,39.3375]]]}},{"type":"Feature","id":"Yalova","properties":{"id":"Yalova","iso_code":"TR-77","name":"Yalova","name_full":"Yalova","name_ja":"ヤロヴァ県","center_lonlat":[29.1386,40.5887]},"geometry":{"type":"Polygon","coordinates":[[[28.9803,40.4645],[28.9167,40.4709],[28.8285,40.513],[28.7742,40.5228],[28.7927,40.5533],[28.8977,40.5917],[28.9863,40.6448],[29.2816,40.6659],[29.3919,40.7078],[29.4168,40.6868],[29.4284,40.6909],[29.4207,40.5632],[29.3581,40.5729],[29.2939,40.5222],[29.2305,40.5116],[29.0784,40.5632],[28.978,40.5732],[28.9803,40.4645]]]}},{"type":"Feature","id":"Yozgat","properties":{"id":"Yozgat","iso_code":"TR-66","name":"Yozgat","name_full":"Yozgat","name_ja":"ヨズガト県","center_lonlat":[35.2584,39.6686]},"geometry":{"type":"Polygon","coordinates":[[[35.5098,40.1886],[35.5783,40.1292],[35.6574,40.0868],[35.876,40.0837],[36.0064,40.1147],[36.0478,40.0827],[36.0394,39.9877],[36.0887,39.9237],[36.1167,39.8505],[36.1653,39.7843],[36.2003,39.7696],[36.2105,39.7482],[36.213,39.7244],[36.1835,39.6426],[36.0243,39.5351],[35.9033,39.3952],[35.8199,39.3344],[35.7357,39.2439],[35.2548,39.0133],[35.0278,39.0411],[34.991,39.1113],[34.9961,39.1576],[34.9735,39.1878],[34.8931,39.2267],[34.8608,39.2968],[34.8035,39.3339],[34.7833,39.3871],[34.7371,39.4003],[34.7113,39.4468],[34.6681,39.4761],[34.6174,39.4825],[34.5737,39.5052],[34.4357,39.6361],[34.395,39.7007],[34.2705,39.7135],[34.1678,39.7949],[34.1135,39.7956],[34.0733,39.8257],[34.0525,39.9076],[34.109,39.9286],[34.2658,39.9427],[34.4585,40.0007],[34.6117,39.9799],[34.6711,39.9977],[34.7916,39.9977],[34.9415,40.0539],[35.0266,40.0348],[35.0726,40.039],[35.151,40.0754],[35.1779,40.1025],[35.1941,40.161],[35.1811,40.1722],[35.1914,40.2174],[35.3273,40.234],[35.3631,40.2006],[35.5098,40.1886]]]}},{"type":"Feature","id":"Zonguldak","properties":{"id":"Zonguldak","iso_code":"TR-67","name":"Zonguldak","name_full":"Zonguldak","name_ja":"ゾングルダク県","center_lonlat":[31.8775,41.2764]},"geometry":{"type":"Polygon","coordinates":[[[31.3464,41.1507],[31.4011,41.2021],[31.4196,41.2803],[31.3962,41.2955],[31.4036,41.3165],[31.471,41.3248],[31.4983,41.352],[31.6589,41.3979],[31.8716,41.5046],[32.0394,41.5756],[32.1341,41.5994],[32.1901,41.5571],[32.2507,41.5369],[32.3072,41.4156],[32.287,41.3308],[32.1981,41.2419],[32.1496,41.1085],[32.1494,41.0192],[31.9347,41.0241],[31.7991,41.0418],[31.556,41.0595],[31.3846,41.1232],[31.3464,41.1507]]]}}]}
