{"type":"FeatureCollection","features":[{"type":"Feature","id":"Aberdeen","properties":{"id":"Aberdeen","iso_code":"GB-ABE","name":"Aberdeen","name_full":"Aberdeen","name_ja":"アバディーン","center_lonlat":[-2.1891,57.1631]},"geometry":{"type":"Polygon","coordinates":[[[-2.0447,57.2265],[-2.0741,57.1542],[-2.0714,57.1356],[-2.0493,57.1188],[-2.0653,57.1005],[-2.1042,57.1111],[-2.3341,57.0825],[-2.3547,57.1156],[-2.3448,57.1353],[-2.2902,57.1362],[-2.275,57.1487],[-2.2742,57.1791],[-2.3028,57.2095],[-2.284,57.2355],[-2.2071,57.2399],[-2.1749,57.2212],[-2.1472,57.2212],[-2.1159,57.2382],[-2.0694,57.2382],[-2.0447,57.2265]]]}},{"type":"Feature","id":"Aberdeenshire","properties":{"id":"Aberdeenshire","iso_code":"GB-ABD","name":"Aberdeenshire","name_full":"Aberdeenshire","name_ja":"アバディーンシャー","center_lonlat":[-2.6248,57.2451]},"geometry":{"type":"Polygon","coordinates":[[[-2.8212,57.7028],[-2.758,57.7028],[-2.7311,57.6885],[-2.6589,57.6975],[-2.542,57.6824],[-2.5261,57.6686],[-2.498,57.6824],[-2.4329,57.6681],[-2.3605,57.6824],[-2.329,57.6741],[-2.2956,57.696],[-2.21,57.6755],[-2.1081,57.705],[-1.9977,57.7028],[-1.9735,57.6755],[-1.9325,57.6824],[-1.8295,57.6135],[-1.796,57.5446],[-1.8,57.5259],[-1.7611,57.4975],[-1.7754,57.4965],[-1.7812,57.4804],[-1.7593,57.4736],[-1.8301,57.4262],[-1.85,57.3944],[-1.9803,57.3193],[-2.0447,57.2265],[-2.0694,57.2382],[-2.1159,57.2382],[-2.1472,57.2212],[-2.1749,57.2212],[-2.2071,57.2399],[-2.284,57.2355],[-2.3028,57.2095],[-2.2742,57.1791],[-2.275,57.1487],[-2.2902,57.1362],[-2.3448,57.1353],[-2.3547,57.1156],[-2.3341,57.0825],[-2.1042,57.1111],[-2.0653,57.1005],[-2.1869,56.9847],[-2.2001,56.9487],[-2.1864,56.9145],[-2.2199,56.8726],[-2.3361,56.7908],[-2.4359,56.7404],[-2.4945,56.7441],[-2.5353,56.7716],[-2.6197,56.785],[-2.6689,56.8255],[-2.6731,56.8571],[-2.6542,56.8891],[-2.6861,56.9169],[-2.7589,56.9588],[-2.8073,56.9588],[-2.8726,56.9846],[-2.9281,56.9699],[-3.0595,56.9641],[-3.0878,56.9455],[-3.1209,56.8905],[-3.2747,56.9302],[-3.2934,56.9005],[-3.3951,56.8815],[-3.4614,56.8755],[-3.5031,56.8905],[-3.5625,56.8888],[-3.5695,56.9213],[-3.5881,56.9299],[-3.7083,56.9188],[-3.7436,56.9327],[-3.7964,56.9302],[-3.7814,56.9644],[-3.7459,56.9916],[-3.745,57.0666],[-3.6795,57.0955],[-3.6199,57.082],[-3.3454,57.0893],[-3.3234,57.0996],[-3.3454,57.148],[-3.3322,57.1759],[-3.2809,57.1891],[-3.1899,57.2566],[-3.1224,57.2772],[-3.0446,57.2669],[-3.0094,57.2757],[-2.9668,57.3271],[-2.9698,57.3637],[-3.0124,57.418],[-3.0109,57.4488],[-2.9918,57.4768],[-2.892,57.5208],[-2.7321,57.5061],[-2.7071,57.5134],[-2.7204,57.5472],[-2.7805,57.5853],[-2.8231,57.6337],[-2.8212,57.7028]]]}},{"type":"Feature","id":"Anglesey","properties":{"id":"Anglesey","iso_code":"GB-AGY","name":"Anglesey","name_full":"Anglesey","name_ja":"アングルシー島","center_lonlat":[-4.3588,53.2853]},"geometry":{"type":"MultiPolygon","coordinates":[[[[-4.0981,53.3096],[-4.0429,53.3028],[-4.0981,53.2501],[-4.1955,53.2203],[-4.2204,53.2015],[-4.222,53.1821],[-4.3439,53.1321],[-4.4066,53.1306],[-4.412,53.1556],[-4.3851,53.1824],[-4.4109,53.1822],[-4.4476,53.1594],[-4.4954,53.1799],[-4.4996,53.2112],[-4.571,53.2755],[-4.5587,53.3633],[-4.571,53.3928],[-4.4254,53.4267],[-4.3247,53.4195],[-4.2767,53.401],[-4.2669,53.369],[-4.2347,53.3581],[-4.2352,53.3401],[-4.2032,53.2985],[-4.1425,53.3028],[-4.122,53.3171],[-4.0981,53.3096]]],[[[-4.5773,53.272],[-4.5585,53.2528],[-4.5636,53.2419],[-4.6024,53.2531],[-4.6326,53.2829],[-4.6767,53.2851],[-4.694,53.3096],[-4.6673,53.3239],[-4.6263,53.3209],[-4.5904,53.2976],[-4.5773,53.272]]]]}},{"type":"Feature","id":"Angus","properties":{"id":"Angus","iso_code":"GB-ANS","name":"Angus","name_full":"Angus","name_ja":"アンガス","center_lonlat":[-2.9156,56.7294]},"geometry":{"type":"Polygon","coordinates":[[[-2.4359,56.7404],[-2.4516,56.691],[-2.4875,56.6539],[-2.4806,56.6265],[-2.5146,56.5915],[-2.6238,56.5434],[-2.6409,56.5224],[-2.6998,56.5036],[-2.7277,56.4695],[-2.8193,56.4713],[-2.845,56.5167],[-2.883,56.5182],[-3.0638,56.5007],[-3.0793,56.4749],[-3.1469,56.4905],[-3.1703,56.5167],[-3.1425,56.5692],[-3.0842,56.6071],[-3.1294,56.6159],[-3.1557,56.648],[-3.1819,56.6582],[-3.2782,56.6771],[-3.335,56.7238],[-3.3951,56.8815],[-3.2934,56.9005],[-3.2747,56.9302],[-3.1209,56.8905],[-3.0878,56.9455],[-3.0595,56.9641],[-2.9281,56.9699],[-2.8726,56.9846],[-2.8073,56.9588],[-2.7589,56.9588],[-2.6861,56.9169],[-2.6542,56.8891],[-2.6731,56.8571],[-2.6689,56.8255],[-2.6197,56.785],[-2.5353,56.7716],[-2.4945,56.7441],[-2.4359,56.7404]]]}},{"type":"Feature","id":"Antrim","properties":{"id":"Antrim","iso_code":"GB-ANT","name":"Antrim","name_full":"Antrim","name_ja":"アントリム区","center_lonlat":[-6.2589,54.6973]},"geometry":{"type":"Polygon","coordinates":[[[-6.4986,54.7062],[-6.4701,54.7678],[-6.4807,54.7827],[-6.3886,54.7766],[-6.3531,54.7958],[-6.2128,54.7819],[-6.1925,54.8022],[-6.1526,54.8071],[-6.0842,54.7919],[-6.0456,54.7744],[-6.0484,54.7546],[-6.0637,54.748],[-6.0397,54.7141],[-6.0514,54.671],[-6.0225,54.6625],[-6.0587,54.6527],[-6.0456,54.6297],[-6.0659,54.6227],[-6.2641,54.5925],[-6.2792,54.6111],[-6.2891,54.5844],[-6.333,54.5984],[-6.437,54.5688],[-6.4208,54.6547],[-6.4986,54.7062]]]}},{"type":"Feature","id":"Ards","properties":{"id":"Ards","iso_code":"GB-ARD","name":"Ards","name_full":"Ards","name_ja":"アーズ区","center_lonlat":[-5.7316,54.5197]},"geometry":{"type":"Polygon","coordinates":[[[-5.565,54.6723],[-5.5366,54.6575],[-5.5144,54.5979],[-5.4789,54.5695],[-5.4686,54.5163],[-5.4308,54.4852],[-5.4338,54.461],[-5.4643,54.4252],[-5.4612,54.3921],[-5.4891,54.3696],[-5.4748,54.3586],[-5.5158,54.3381],[-5.5766,54.4028],[-5.5437,54.4578],[-5.5474,54.4891],[-5.5753,54.529],[-5.6449,54.5678],[-5.702,54.5777],[-5.6974,54.5512],[-5.7156,54.5367],[-5.6256,54.5163],[-5.6703,54.5057],[-5.64,54.4958],[-5.6385,54.4636],[-5.7159,54.4472],[-5.7909,54.4661],[-5.8187,54.4916],[-5.8234,54.5258],[-5.7548,54.5833],[-5.757,54.6158],[-5.7289,54.6288],[-5.65,54.6188],[-5.5773,54.6536],[-5.5789,54.6666],[-5.565,54.6723]]]}},{"type":"Feature","id":"Argyll and Bute","properties":{"id":"Argyll and Bute","iso_code":"GB-AGB","name":"Argyll and Bute","name_full":"Argyll and Bute","name_ja":"アーガイル・アンド・ビュート","center_lonlat":[-5.3731,56.1413]},"geometry":{"type":"MultiPolygon","coordinates":[[[[-4.5906,55.9415],[-4.6735,55.9619],[-4.7245,55.9984],[-4.7834,56.0176],[-4.8243,56.0785],[-4.8443,56.073],[-4.8376,56.0506],[-4.7789,55.9921],[-4.828,55.9823],[-4.8623,56.0021],[-4.8654,56.0667],[-4.8263,56.1242],[-4.7554,56.1884],[-4.7555,56.2065],[-4.8517,56.1126],[-4.8806,56.1199],[-4.879,56.1505],[-4.8935,56.1743],[-4.9205,56.1679],[-4.8862,56.0804],[-4.9044,56.0543],[-4.8926,55.9897],[-4.9547,55.9966],[-4.9137,55.9619],[-4.9831,55.871],[-5.0425,55.8848],[-5.0708,55.9587],[-5.1236,56.0099],[-5.1396,56.0028],[-5.0857,55.9319],[-5.0782,55.911],[-5.0865,55.9013],[-5.1715,55.9355],[-5.1807,55.9693],[-5.2421,55.8929],[-5.2011,55.8315],[-5.3071,55.8604],[-5.3134,55.8854],[-5.3383,55.9038],[-5.324,55.9587],[-5.3383,55.9966],[-5.2045,56.1195],[-5.1046,56.1515],[-5.0434,56.2163],[-4.9401,56.2514],[-4.9205,56.2778],[-4.9751,56.248],[-5.0646,56.2293],[-5.1089,56.1747],[-5.2281,56.1292],[-5.3109,56.0581],[-5.3457,56.0512],[-5.3686,56.0094],[-5.4338,56.0102],[-5.4444,56.0276],[-5.455,55.9556],[-5.4308,55.9482],[-5.4004,55.8929],[-5.4072,55.8799],[-5.3929,55.8737],[-5.4072,55.8663],[-5.3518,55.8324],[-5.3178,55.783],[-5.3246,55.7692],[-5.3876,55.7503],[-5.4335,55.721],[-5.4612,55.6881],[-5.4686,55.654],[-5.4901,55.6446],[-5.4839,55.6101],[-5.455,55.5919],[-5.4888,55.5691],[-5.4823,55.5503],[-5.5096,55.5168],[-5.511,55.4844],[-5.5846,55.4274],[-5.5437,55.4069],[-5.515,55.3737],[-5.5251,55.3586],[-5.6163,55.3066],[-5.7723,55.3013],[-5.7967,55.3791],[-5.7914,55.3986],[-5.7156,55.4479],[-5.7219,55.5139],[-5.7078,55.5434],[-5.7218,55.5646],[-5.6733,55.6406],[-5.6694,55.6607],[-5.6809,55.6745],[-5.6265,55.7006],[-5.5812,55.7576],[-5.5046,55.7894],[-5.455,55.8458],[-5.5994,55.7642],[-5.6126,55.7639],[-5.6058,55.7768],[-5.6604,55.7973],[-5.6741,55.8458],[-5.571,55.9345],[-5.6717,55.8869],[-5.688,55.8934],[-5.6964,55.916],[-5.571,56.0375],[-5.6256,56.0245],[-5.6317,56.0059],[-5.6749,55.9777],[-5.6741,55.9556],[-5.6908,55.9376],[-5.7075,55.9426],[-5.6964,55.9822],[-5.5775,56.097],[-5.5316,56.0863],[-5.5587,56.1308],[-5.5096,56.1884],[-5.5399,56.1834],[-5.6058,56.14],[-5.5864,56.1811],[-5.5505,56.2163],[-5.5594,56.2296],[-5.4928,56.2604],[-5.5127,56.2709],[-5.5922,56.2498],[-5.5956,56.2699],[-5.5726,56.3281],[-5.5437,56.3529],[-5.4481,56.3597],[-5.5375,56.3597],[-5.5096,56.4006],[-5.478,56.4129],[-5.4823,56.4211],[-5.457,56.4409],[-5.3229,56.455],[-5.2087,56.4468],[-5.1185,56.5078],[-5.0646,56.5651],[-5.2011,56.4621],[-5.3502,56.473],[-5.3781,56.459],[-5.3943,56.4655],[-5.4106,56.5036],[-5.455,56.4695],[-5.4686,56.4757],[-5.4276,56.5378],[-5.3567,56.5197],[-5.2421,56.5651],[-5.3724,56.5303],[-5.4139,56.5447],[-5.3607,56.6063],[-5.3045,56.6402],[-5.1692,56.6309],[-5.1447,56.6164],[-5.0752,56.6072],[-5.0201,56.6409],[-4.9244,56.6594],[-4.7086,56.6415],[-4.6206,56.6466],[-4.6281,56.6122],[-4.5956,56.6074],[-4.5584,56.5702],[-4.5953,56.5744],[-4.6928,56.548],[-4.6497,56.5268],[-4.6759,56.4836],[-4.6394,56.4718],[-4.7222,56.4539],[-4.7259,56.4374],[-4.8033,56.4083],[-4.837,56.3699],[-4.7758,56.343],[-4.779,56.3183],[-4.7192,56.3282],[-4.6492,56.3208],[-4.6717,56.3002],[-4.6574,56.2811],[-4.6852,56.2484],[-4.6805,56.1984],[-4.5981,56.0778],[-4.5906,55.9415]]],[[[-5.6883,56.4348],[-5.6576,56.4001],[-5.703,56.3934],[-5.7423,56.4143],[-5.7391,56.4012],[-5.7839,56.3659],[-5.7122,56.3802],[-5.696,56.3754],[-5.7027,56.3646],[-5.8087,56.3189],[-5.8482,56.3136],[-5.8801,56.3256],[-5.8535,56.3437],[-5.8522,56.3529],[-5.8727,56.3577],[-6.066,56.2892],[-6.1024,56.2982],[-6.147,56.2839],[-6.2398,56.2839],[-6.2668,56.2635],[-6.3275,56.2772],[-6.3661,56.3222],[-6.357,56.3363],[-6.3103,56.3474],[-6.2904,56.3454],[-6.2472,56.3117],[-6.2289,56.3256],[-6.25,56.3323],[-6.1866,56.3312],[-6.085,56.3529],[-6.0208,56.382],[-6.154,56.359],[-6.1789,56.3599],[-6.2032,56.3803],[-6.1572,56.4074],[-6.1265,56.4484],[-6.0815,56.4484],[-6.0098,56.4695],[-6.0033,56.4894],[-6.0167,56.5036],[-6.1274,56.4744],[-6.1743,56.5167],[-6.2885,56.5323],[-6.3382,56.5521],[-6.2904,56.572],[-6.3252,56.6061],[-6.2563,56.6203],[-6.2302,56.6086],[-6.2203,56.6323],[-6.1513,56.6518],[-6.0583,56.6402],[-6.0644,56.6203],[-6.0335,56.6188],[-6.0088,56.5987],[-5.9626,56.5261],[-5.7943,56.5167],[-5.7567,56.4901],[-5.7104,56.4848],[-5.6809,56.4519],[-5.6484,56.4477],[-5.6536,56.428],[-5.6883,56.4348]]],[[[-6.0304,55.7291],[-6.0235,55.6819],[-6.0583,55.6601],[-6.0644,55.6676],[-6.1319,55.6318],[-6.2153,55.6267],[-6.227,55.6018],[-6.2873,55.5784],[-6.3112,55.5832],[-6.3252,55.6055],[-6.3192,55.6282],[-6.2432,55.6601],[-6.2771,55.704],[-6.3252,55.7154],[-6.321,55.7335],[-6.25,55.7768],[-6.3287,55.7831],[-6.349,55.7734],[-6.3866,55.7223],[-6.463,55.6745],[-6.5035,55.6813],[-6.4897,55.7154],[-6.5039,55.7228],[-6.4486,55.7768],[-6.4822,55.7905],[-6.4608,55.8032],[-6.4452,55.8488],[-6.3314,55.89],[-6.3183,55.8867],[-6.3382,55.8458],[-6.3109,55.8184],[-6.3184,55.8449],[-6.297,55.8672],[-6.1401,55.9414],[-6.1202,55.9294],[-6.0992,55.801],[-6.0498,55.7663],[-6.0583,55.7427],[-6.0304,55.7291]]],[[[-5.0708,55.5093],[-5.093,55.5004],[-5.0782,55.4553],[-5.1178,55.4398],[-5.2174,55.438],[-5.3047,55.4621],[-5.3457,55.4827],[-5.3594,55.5373],[-5.3457,55.5503],[-5.3891,55.5902],[-5.3929,55.6466],[-5.3552,55.6896],[-5.2905,55.7086],[-5.2974,55.7228],[-5.1983,55.7043],[-5.146,55.655],[-5.126,55.6055],[-5.1374,55.592],[-5.0942,55.5666],[-5.0919,55.5441],[-5.1252,55.5369],[-5.1197,55.5236],[-5.0708,55.5093]]],[[[-5.7976,56.1126],[-5.7159,56.1531],[-5.6945,56.1474],[-5.688,56.1241],[-5.6893,56.1118],[-5.7402,56.0765],[-5.8863,55.8867],[-5.9454,55.8586],[-5.9621,55.8048],[-6.0266,55.7961],[-6.0624,55.8095],[-6.0869,55.883],[-6.0752,55.916],[-5.9974,55.9517],[-5.9191,55.9604],[-5.8863,55.9761],[-5.9807,55.9699],[-5.9956,55.986],[-5.9244,56.056],[-5.7976,56.1126]]],[[[-5.0298,55.7495],[-5.0113,55.7377],[-5.0162,55.7228],[-5.1156,55.7844],[-5.1396,55.842],[-5.1807,55.8628],[-5.1995,55.9111],[-5.1669,55.9208],[-5.0809,55.8796],[-5.0752,55.8569],[-5.0503,55.8458],[-5.0218,55.8056],[-5.0115,55.7745],[-5.0298,55.7495]]],[[[-6.8186,56.5378],[-6.7419,56.5478],[-6.7292,56.5303],[-6.7433,56.5178],[-6.8038,56.5136],[-6.8056,56.4969],[-6.8693,56.4796],[-6.8875,56.4621],[-6.8816,56.4443],[-6.9652,56.4599],[-6.9899,56.5036],[-6.8186,56.5378]]],[[[-6.4592,56.6781],[-6.4972,56.6343],[-6.6163,56.5752],[-6.6689,56.5778],[-6.6779,56.5583],[-6.7019,56.5856],[-6.6481,56.6029],[-6.5592,56.6653],[-6.4897,56.6887],[-6.4525,56.6884],[-6.4592,56.6781]]],[[[-6.2057,56.1027],[-6.1826,56.1026],[-6.1743,56.1064],[-6.1818,56.1195],[-6.1494,56.1249],[-6.1334,56.1126],[-6.1656,56.0815],[-6.1743,56.0438],[-6.2217,56.0308],[-6.2699,56.0375],[-6.2057,56.1027]]],[[[-6.16,56.4695],[-6.2375,56.47],[-6.2637,56.4832],[-6.2153,56.5036],[-6.16,56.4695]]],[[[-5.6331,56.2635],[-5.6126,56.2635],[-5.6106,56.2494],[-5.6374,56.1893],[-5.6667,56.2225],[-5.6331,56.2635]]],[[[-5.6331,56.3188],[-5.5846,56.3256],[-5.6053,56.2969],[-5.599,56.2839],[-5.6217,56.2761],[-5.6467,56.2988],[-5.6331,56.3188]]],[[[-5.6883,56.2021],[-5.6737,56.1789],[-5.7491,56.1611],[-5.6883,56.2021]]],[[[-5.558,56.4143],[-5.5028,56.4211],[-5.5362,56.3922],[-5.5846,56.387],[-5.558,56.4143]]]]}},{"type":"Feature","id":"Armagh","properties":{"id":"Armagh","iso_code":"GB-ARM","name":"Armagh","name_full":"Armagh","name_ja":"アーマー・シティ・バンブリッジ・アンド・クレイガヴォン","center_lonlat":[-6.6301,54.3205]},"geometry":{"type":"Polygon","coordinates":[[[-6.87,54.326],[-6.83,54.3413],[-6.8328,54.3589],[-6.8056,54.3802],[-6.8103,54.4011],[-6.7959,54.413],[-6.7173,54.4038],[-6.6956,54.4314],[-6.6989,54.4444],[-6.6581,54.4641],[-6.6131,54.4494],[-6.5547,54.4633],[-6.5103,54.4183],[-6.4845,54.4169],[-6.4842,54.3952],[-6.4622,54.3783],[-6.435,54.3771],[-6.4053,54.3938],[-6.3748,54.3408],[-6.3778,54.2933],[-6.36,54.2769],[-6.3739,54.2672],[-6.4009,54.2763],[-6.445,54.2683],[-6.4856,54.2536],[-6.512,54.2258],[-6.5378,54.2347],[-6.577,54.2169],[-6.6053,54.2183],[-6.6381,54.1986],[-6.6484,54.1737],[-6.6947,54.198],[-6.7448,54.1842],[-6.8074,54.2163],[-6.8377,54.2605],[-6.8822,54.2773],[-6.8567,54.2928],[-6.87,54.326]]]}},{"type":"Feature","id":"Ballymena","properties":{"id":"Ballymena","iso_code":"GB-BLA","name":"Ballymena","name_full":"Ballymena","name_ja":"バリーミーナ区","center_lonlat":[-6.2445,54.8875]},"geometry":{"type":"Polygon","coordinates":[[[-6.4807,54.7827],[-6.4711,54.8275],[-6.5069,54.916],[-6.4336,54.9108],[-6.4381,54.9305],[-6.4225,54.9388],[-6.4514,54.9605],[-6.3931,54.9766],[-6.3339,54.9716],[-6.3256,55.003],[-6.2873,55.0016],[-6.1925,55.0283],[-6.1689,55.0219],[-6.1403,54.9863],[-6.1019,54.9869],[-6.0236,54.9347],[-6.0389,54.8966],[-6.0284,54.8591],[-5.9651,54.8549],[-5.9448,54.8327],[-5.9592,54.8208],[-6.0195,54.8186],[-6.007,54.7986],[-6.0842,54.7919],[-6.1526,54.8071],[-6.1925,54.8022],[-6.2128,54.7819],[-6.3531,54.7958],[-6.3886,54.7766],[-6.4807,54.7827]]]}},{"type":"Feature","id":"Ballymoney","properties":{"id":"Ballymoney","iso_code":"GB-BLY","name":"Ballymoney","name_full":"Ballymoney","name_ja":"バリーマネー区","center_lonlat":[-6.4261,55.0457]},"geometry":{"type":"Polygon","coordinates":[[[-6.5069,54.916],[-6.5204,54.9451],[-6.5467,54.9535],[-6.5514,54.9763],[-6.582,54.9952],[-6.592,55.0202],[-6.5826,55.0405],[-6.6139,55.0766],[-6.5786,55.098],[-6.5728,55.1311],[-6.5153,55.1491],[-6.4364,55.1424],[-6.4253,55.126],[-6.3795,55.1377],[-6.3242,55.1041],[-6.2281,55.1205],[-6.2297,55.0686],[-6.1925,55.0283],[-6.2873,55.0016],[-6.3256,55.003],[-6.3339,54.9716],[-6.3931,54.9766],[-6.4514,54.9605],[-6.4225,54.9388],[-6.4381,54.9305],[-6.4336,54.9108],[-6.5069,54.916]]]}},{"type":"Feature","id":"Banbridge","properties":{"id":"Banbridge","iso_code":"GB-BNB","name":"Banbridge","name_full":"Banbridge","name_ja":"バンブリッジ区","center_lonlat":[-6.1669,54.3318]},"geometry":{"type":"Polygon","coordinates":[[[-6.36,54.2769],[-6.3778,54.2933],[-6.3748,54.3408],[-6.4053,54.3938],[-6.2378,54.3975],[-6.2148,54.4127],[-6.2242,54.4333],[-6.2105,54.4332],[-6.1664,54.4441],[-6.1656,54.4341],[-6.137,54.4371],[-6.06,54.4074],[-6.0642,54.3883],[-5.9504,54.3797],[-5.9395,54.3627],[-5.9706,54.3411],[-5.9476,54.2905],[-5.9656,54.2841],[-5.9675,54.2499],[-5.9889,54.2452],[-6.0378,54.2636],[-6.0453,54.2466],[-6.1923,54.246],[-6.3439,54.2652],[-6.36,54.2769]]]}},{"type":"Feature","id":"Barking and Dagenham","properties":{"id":"Barking and Dagenham","iso_code":"GB-BDG","name":"Barking and Dagenham","name_full":"Barking and Dagenham","name_ja":"バーキング・アンド・ダゲナム・ロンドン特別区","center_lonlat":[0.1401,51.538]},"geometry":{"type":"Polygon","coordinates":[[[0.1524,51.5989],[0.1597,51.5633],[0.1838,51.5662],[0.1933,51.554],[0.166,51.5001],[0.1205,51.5028],[0.0969,51.4977],[0.0992,51.5182],[0.0746,51.5421],[0.1253,51.5522],[0.1379,51.5917],[0.1524,51.5989]]]}},{"type":"Feature","id":"Barnet","properties":{"id":"Barnet","iso_code":"GB-BNE","name":"Barnet","name_full":"Barnet","name_ja":"バーネット・ロンドン特別区","center_lonlat":[-0.2042,51.6135]},"geometry":{"type":"Polygon","coordinates":[[[-0.1654,51.6713],[-0.166,51.6514],[-0.12,51.6279],[-0.1305,51.6078],[-0.137,51.5958],[-0.1484,51.5992],[-0.1627,51.5664],[-0.2047,51.5515],[-0.2413,51.5695],[-0.2668,51.601],[-0.2936,51.6383],[-0.2542,51.6441],[-0.2384,51.6722],[-0.2175,51.6541],[-0.1654,51.6713]]]}},{"type":"Feature","id":"Barnsley","properties":{"id":"Barnsley","iso_code":"GB-BNS","name":"Barnsley","name_full":"Barnsley","name_ja":"メトロポリタン・バラ・オブ・バーンズリー","center_lonlat":[-1.5014,53.5271]},"geometry":{"type":"Polygon","coordinates":[[[-1.8161,53.5161],[-1.8067,53.5319],[-1.7147,53.5547],[-1.6745,53.55],[-1.6003,53.5741],[-1.5842,53.5977],[-1.5606,53.6066],[-1.5353,53.5936],[-1.3678,53.5988],[-1.3445,53.5808],[-1.2947,53.514],[-1.3254,53.4778],[-1.3699,53.4694],[-1.4061,53.4444],[-1.4061,53.411],[-1.4283,53.411],[-1.4645,53.4694],[-1.5591,53.4694],[-1.5897,53.4973],[-1.8161,53.5161]]]}},{"type":"Feature","id":"Bath and North East Somerset","properties":{"id":"Bath and North East Somerset","iso_code":"GB-BAS","name":"Bath and North East Somerset","name_full":"Bath and North East Somerset","name_ja":"バース・アンド・ノース・イースト・サマセット","center_lonlat":[-2.477,51.347]},"geometry":{"type":"Polygon","coordinates":[[[-2.2901,51.3249],[-2.3458,51.2999],[-2.405,51.2994],[-2.4581,51.273],[-2.5395,51.2999],[-2.6209,51.283],[-2.6684,51.3119],[-2.7127,51.3198],[-2.7095,51.3534],[-2.6546,51.344],[-2.6335,51.3821],[-2.5623,51.3801],[-2.5227,51.4188],[-2.5034,51.4055],[-2.3977,51.4029],[-2.2807,51.4203],[-2.28,51.3724],[-2.3337,51.3469],[-2.2967,51.3402],[-2.2901,51.3249]]]}},{"type":"Feature","id":"Bedford","properties":{"id":"Bedford","iso_code":"GB-BDF","name":"Bedford","name_full":"Bedford","name_ja":"ベッドフォード","center_lonlat":[-0.4734,52.1815]},"geometry":{"type":"Polygon","coordinates":[[[-0.5737,52.0966],[-0.6316,52.1465],[-0.6212,52.1749],[-0.6545,52.1925],[-0.6345,52.216],[-0.6414,52.2591],[-0.5906,52.2661],[-0.5412,52.2458],[-0.5031,52.303],[-0.4588,52.3088],[-0.4295,52.2974],[-0.4189,52.278],[-0.3711,52.2677],[-0.3553,52.2271],[-0.2934,52.2241],[-0.292,52.2027],[-0.2531,52.1919],[-0.3247,52.1792],[-0.344,52.1435],[-0.3385,52.105],[-0.3935,52.0665],[-0.5035,52.072],[-0.5737,52.0966]]]}},{"type":"Feature","id":"Belfast","properties":{"id":"Belfast","iso_code":"GB-BFS","name":"Belfast","name_full":"Belfast","name_ja":"ベルファスト区","center_lonlat":[-5.9573,54.609]},"geometry":{"type":"Polygon","coordinates":[[[-5.9143,54.6468],[-5.9272,54.633],[-5.9074,54.6056],[-5.8705,54.6228],[-5.8078,54.6144],[-5.8161,54.593],[-5.8948,54.5821],[-5.9547,54.5544],[-5.98,54.5421],[-5.9881,54.5622],[-6.0317,54.5808],[-6.0428,54.6083],[-6.0659,54.6227],[-6.0456,54.6297],[-6.0587,54.6527],[-6.0225,54.6625],[-5.9839,54.663],[-5.9651,54.6469],[-5.9406,54.6597],[-5.9143,54.6468]]]}},{"type":"Feature","id":"Bexley","properties":{"id":"Bexley","iso_code":"GB-BEX","name":"Bexley","name_full":"Bexley","name_ja":"ベクスリー・ロンドン特別区","center_lonlat":[0.1478,51.456]},"geometry":{"type":"Polygon","coordinates":[[[0.166,51.5001],[0.1907,51.4827],[0.2246,51.489],[0.2228,51.4719],[0.1608,51.4172],[0.1662,51.3985],[0.0803,51.4315],[0.0885,51.4669],[0.1212,51.4768],[0.1205,51.5028],[0.166,51.5001]]]}},{"type":"Feature","id":"Birmingham","properties":{"id":"Birmingham","iso_code":"GB-BIR","name":"Birmingham","name_full":"Birmingham","name_ja":"バーミンガム","center_lonlat":[-1.8708,52.4743]},"geometry":{"type":"Polygon","coordinates":[[[-1.7411,52.4975],[-1.7902,52.4934],[-1.789,52.4768],[-1.7665,52.4626],[-1.7713,52.4176],[-1.808,52.4117],[-1.8354,52.3806],[-1.8445,52.3836],[-1.9006,52.3927],[-1.9958,52.3788],[-2.002,52.3927],[-1.9831,52.4177],[-2.0217,52.4244],[-2.0306,52.4369],[-2.0261,52.4638],[-1.9633,52.4626],[-1.9455,52.4828],[-1.9644,52.4946],[-1.9028,52.5468],[-1.8556,52.5755],[-1.8151,52.5908],[-1.7777,52.5753],[-1.7334,52.5116],[-1.7411,52.4975]]]}},{"type":"Feature","id":"Blackburn with Darwen","properties":{"id":"Blackburn with Darwen","iso_code":"GB-BBD","name":"Blackburn with Darwen","name_full":"Blackburn with Darwen","name_ja":"ブラックバーン・ウィズ・ダーウェン","center_lonlat":[-2.4518,53.6935]},"geometry":{"type":"Polygon","coordinates":[[[-2.3566,53.6646],[-2.3764,53.6349],[-2.4345,53.6441],[-2.4636,53.6241],[-2.5044,53.627],[-2.5265,53.6535],[-2.5256,53.738],[-2.4688,53.769],[-2.4181,53.7655],[-2.3566,53.6646]]]}},{"type":"Feature","id":"Blackpool","properties":{"id":"Blackpool","iso_code":"GB-BPL","name":"Blackpool","name_full":"Blackpool","name_ja":"ブラックプール","center_lonlat":[-3.0069,53.8408]},"geometry":{"type":"Polygon","coordinates":[[[-3.0215,53.7458],[-3.0492,53.7695],[-3.0564,53.803],[-3.0449,53.8785],[-3.0566,53.9062],[-3.0176,53.932],[-2.9674,53.8962],[-2.9453,53.8476],[-2.9541,53.8078],[-3.0215,53.7458]]]}},{"type":"Feature","id":"Blaenau Gwent","properties":{"id":"Blaenau Gwent","iso_code":"GB-BGW","name":"Blaenau Gwent","name_full":"Blaenau Gwent","name_ja":"ブライナイ・グエント","center_lonlat":[-3.1884,51.7673]},"geometry":{"type":"Polygon","coordinates":[[[-3.289,51.7933],[-3.2906,51.8066],[-3.2742,51.8147],[-3.1569,51.8107],[-3.1285,51.7945],[-3.1068,51.7474],[-3.1147,51.7008],[-3.2323,51.7383],[-3.289,51.7933]]]}},{"type":"Feature","id":"Bolton","properties":{"id":"Bolton","iso_code":"GB-BOL","name":"Bolton","name_full":"Bolton","name_ja":"ボルトン","center_lonlat":[-2.4434,53.5874]},"geometry":{"type":"Polygon","coordinates":[[[-2.5114,53.5382],[-2.5589,53.5991],[-2.5044,53.627],[-2.4636,53.6241],[-2.4345,53.6441],[-2.3764,53.6349],[-2.3355,53.5343],[-2.4412,53.5538],[-2.5114,53.5382]]]}},{"type":"Feature","id":"Bournemouth","properties":{"id":"Bournemouth","iso_code":"GB-BMH","name":"Bournemouth","name_full":"Bournemouth","name_ja":"ボーンマス","center_lonlat":[-1.8767,50.7343]},"geometry":{"type":"Polygon","coordinates":[[[-1.7975,50.7232],[-1.8574,50.727],[-1.8969,50.716],[-1.9277,50.7267],[-1.9204,50.75],[-1.8482,50.747],[-1.7975,50.7232]]]}},{"type":"Feature","id":"Bracknell Forest","properties":{"id":"Bracknell Forest","iso_code":"GB-BRC","name":"Bracknell Forest","name_full":"Bracknell Forest","name_ja":"ブラックネル・フォレスト","center_lonlat":[-0.7637,51.3999]},"geometry":{"type":"Polygon","coordinates":[[[-0.7653,51.3313],[-0.8529,51.3501],[-0.8142,51.3982],[-0.8115,51.4367],[-0.828,51.4697],[-0.7125,51.4532],[-0.6822,51.4312],[-0.6795,51.4037],[-0.7152,51.3927],[-0.6987,51.3669],[-0.7653,51.3313]]]}},{"type":"Feature","id":"Bradford","properties":{"id":"Bradford","iso_code":"GB-BRD","name":"Bradford","name_full":"Bradford","name_ja":"シティ・オブ・ブラッドフォード","center_lonlat":[-1.8122,53.8539]},"geometry":{"type":"Polygon","coordinates":[[[-1.7286,53.9027],[-1.6765,53.8538],[-1.6765,53.7934],[-1.6258,53.7895],[-1.6472,53.7641],[-1.7564,53.7388],[-1.8383,53.7992],[-1.9221,53.8226],[-1.9778,53.8694],[-1.9639,53.8972],[-1.9736,53.9172],[-1.9509,53.9319],[-1.9553,53.9505],[-1.9436,53.9577],[-1.8771,53.9626],[-1.8718,53.9404],[-1.8461,53.9314],[-1.7978,53.943],[-1.7286,53.9027]]]}},{"type":"Feature","id":"Brent","properties":{"id":"Brent","iso_code":"GB-BEN","name":"Brent","name_full":"Brent","name_ja":"ブレント・ロンドン特別区","center_lonlat":[-0.26,51.5525]},"geometry":{"type":"Polygon","coordinates":[[[-0.179,51.5283],[-0.2111,51.522],[-0.2366,51.5265],[-0.2962,51.5298],[-0.3255,51.5493],[-0.3125,51.5756],[-0.2826,51.5822],[-0.2668,51.601],[-0.2413,51.5695],[-0.2047,51.5515],[-0.179,51.5283]]]}},{"type":"Feature","id":"Bridgend","properties":{"id":"Bridgend","iso_code":"GB-BGE","name":"Bridgend","name_full":"Bridgend","name_ja":"ブリジェンド","center_lonlat":[-3.5871,51.5399]},"geometry":{"type":"Polygon","coordinates":[[[-3.5753,51.4204],[-3.6632,51.4762],[-3.6954,51.4715],[-3.7376,51.4909],[-3.7519,51.5331],[-3.6911,51.5258],[-3.6403,51.5424],[-3.652,51.5699],[-3.6825,51.5874],[-3.6536,51.6399],[-3.5492,51.6418],[-3.4908,51.617],[-3.4618,51.5898],[-3.4752,51.5104],[-3.5231,51.4935],[-3.5173,51.4499],[-3.5434,51.448],[-3.5256,51.4358],[-3.5753,51.4204]]]}},{"type":"Feature","id":"Brighton and Hove","properties":{"id":"Brighton and Hove","iso_code":"GB-BNH","name":"Brighton and Hove","name_full":"Brighton and Hove","name_ja":"ブライトン・アンド・ホヴ","center_lonlat":[-0.114,50.8384]},"geometry":{"type":"Polygon","coordinates":[[[0.0175,50.7849],[-0.2089,50.8301],[-0.2306,50.8674],[-0.1817,50.8725],[-0.1598,50.8911],[-0.1286,50.8826],[-0.0112,50.8243],[0.0175,50.7849]]]}},{"type":"Feature","id":"Bristol","properties":{"id":"Bristol","iso_code":"GB-BST","name":"Bristol","name_full":"Bristol","name_ja":"ブリストル","center_lonlat":[-2.6065,51.4565]},"geometry":{"type":"Polygon","coordinates":[[[-2.7294,51.4962],[-2.6788,51.5313],[-2.5288,51.4805],[-2.5181,51.4724],[-2.5227,51.4188],[-2.5623,51.3801],[-2.6335,51.3821],[-2.6306,51.443],[-2.7294,51.4962]]]}},{"type":"Feature","id":"Bromley","properties":{"id":"Bromley","iso_code":"GB-BRY","name":"Bromley","name_full":"Bromley","name_ja":"ブロムリー・ロンドン特別区","center_lonlat":[0.0598,51.3674]},"geometry":{"type":"Polygon","coordinates":[[[0.1662,51.3985],[0.1552,51.3547],[0.0966,51.311],[0.0938,51.2883],[0.0544,51.2899],[0.0225,51.2897],[0.0131,51.3207],[-0.0188,51.3698],[-0.0764,51.4143],[-0.0746,51.4192],[-0.0667,51.421],[0.0001,51.4112],[0.0432,51.4207],[0.0255,51.438],[0.066,51.4226],[0.0803,51.4315],[0.1662,51.3985]]]}},{"type":"Feature","id":"Buckinghamshire","properties":{"id":"Buckinghamshire","iso_code":"GB-BKM","name":"Buckinghamshire","name_full":"Buckinghamshire","name_ja":"バッキンガムシャー","center_lonlat":[-0.8031,51.7765]},"geometry":{"type":"Polygon","coordinates":[[[-0.8674,52.0338],[-0.7225,51.9497],[-0.6572,51.9479],[-0.6881,51.9027],[-0.6256,51.8763],[-0.603,51.8799],[-0.5611,51.8547],[-0.5336,51.8194],[-0.552,51.8216],[-0.5795,51.8013],[-0.6539,51.8113],[-0.6764,51.8291],[-0.6745,51.843],[-0.7014,51.8497],[-0.73,51.8277],[-0.6784,51.7958],[-0.662,51.7585],[-0.5889,51.7491],[-0.5648,51.7321],[-0.5267,51.7349],[-0.5509,51.7086],[-0.5372,51.6749],[-0.497,51.6755],[-0.5256,51.6249],[-0.4935,51.5909],[-0.4714,51.55],[-0.4972,51.4778],[-0.5128,51.4758],[-0.5236,51.5063],[-0.5576,51.5041],[-0.5686,51.5271],[-0.6445,51.5263],[-0.6362,51.4937],[-0.6787,51.4941],[-0.7013,51.5071],[-0.6856,51.5493],[-0.6968,51.5592],[-0.8463,51.5425],[-0.8871,51.5481],[-0.932,51.5705],[-0.9108,51.5972],[-0.9331,51.6002],[-0.9445,51.6191],[-0.9306,51.6347],[-0.9423,51.645],[-0.9264,51.6486],[-0.9214,51.6672],[-0.8742,51.668],[-0.8845,51.7163],[-0.912,51.7405],[-0.9656,51.7561],[-1.0403,51.7433],[-1.1087,51.7797],[-1.1253,51.8341],[-1.0695,51.8238],[-1.0472,51.833],[-1.0817,51.8977],[-1.0758,51.9194],[-1.0472,51.9397],[-1.0825,51.9524],[-1.0531,51.9927],[-1.1082,52.0092],[-1.1418,52.0177],[-1.0967,52.0438],[-0.95,52.0738],[-0.9014,52.0186],[-0.8674,52.0338]]]}},{"type":"Feature","id":"Bury","properties":{"id":"Bury","iso_code":"GB-BUR","name":"Bury","name_full":"Bury","name_ja":"メトロポリタン・バラ・オブ・ベリー","center_lonlat":[-2.3103,53.5945]},"geometry":{"type":"Polygon","coordinates":[[[-2.3053,53.5041],[-2.3355,53.5343],[-2.3764,53.6349],[-2.3566,53.6646],[-2.28,53.6652],[-2.275,53.6266],[-2.2581,53.6141],[-2.2513,53.5494],[-2.3053,53.5041]]]}},{"type":"Feature","id":"Caerphilly","properties":{"id":"Caerphilly","iso_code":"GB-CAY","name":"Caerphilly","name_full":"Caerphilly","name_ja":"ケアフィリ","center_lonlat":[-3.1915,51.6512]},"geometry":{"type":"Polygon","coordinates":[[[-3.0319,51.6057],[-3.1092,51.5872],[-3.0836,51.5627],[-3.1024,51.5431],[-3.1564,51.553],[-3.2275,51.5451],[-3.3017,51.6486],[-3.2771,51.6587],[-3.2753,51.6768],[-3.3338,51.7899],[-3.289,51.7933],[-3.2323,51.7383],[-3.1147,51.7008],[-3.0706,51.6804],[-3.076,51.6297],[-3.0319,51.6057]]]}},{"type":"Feature","id":"Calderdale","properties":{"id":"Calderdale","iso_code":"GB-CLD","name":"Calderdale","name_full":"Calderdale","name_ja":"カルダーデール","center_lonlat":[-1.9592,53.7423]},"geometry":{"type":"Polygon","coordinates":[[[-2.1514,53.6965],[-2.1598,53.7255],[-2.1214,53.7552],[-2.1206,53.7913],[-2.0473,53.8244],[-2.0326,53.8476],[-2.0028,53.8699],[-1.9778,53.8694],[-1.9221,53.8226],[-1.8383,53.7992],[-1.7564,53.7388],[-1.7389,53.7037],[-1.8227,53.6706],[-2.0239,53.6394],[-2.0464,53.6841],[-2.0986,53.6719],[-2.1514,53.6965]]]}},{"type":"Feature","id":"Cambridgeshire","properties":{"id":"Cambridgeshire","iso_code":"GB-CAM","name":"Cambridgeshire","name_full":"Cambridgeshire","name_ja":"ケンブリッジシャー","center_lonlat":[0.0405,52.3336]},"geometry":{"type":"Polygon","coordinates":[[[-0.1461,52.0697],[-0.132,52.1336],[-0.2167,52.1327],[-0.207,52.1505],[-0.247,52.1605],[-0.2339,52.1727],[-0.2531,52.1919],[-0.292,52.2027],[-0.2934,52.2241],[-0.3553,52.2271],[-0.3711,52.2677],[-0.4189,52.278],[-0.4295,52.2974],[-0.4588,52.3088],[-0.4845,52.3655],[-0.4259,52.3824],[-0.3356,52.4555],[-0.3481,52.4899],[-0.4072,52.5118],[-0.3984,52.5374],[-0.4144,52.5596],[-0.3265,52.5074],[-0.2868,52.5041],[-0.2154,52.5522],[-0.0545,52.5888],[-0.0495,52.6579],[0.0322,52.648],[0.0572,52.6705],[0.0603,52.7055],[0.1724,52.7243],[0.157,52.6702],[0.1974,52.6611],[0.1847,52.63],[0.2459,52.6013],[0.2175,52.5725],[0.2339,52.5069],[0.253,52.4874],[0.3285,52.5033],[0.4472,52.4322],[0.3927,52.408],[0.3897,52.3902],[0.4466,52.34],[0.4341,52.3097],[0.4725,52.3083],[0.5103,52.2746],[0.4305,52.2538],[0.3675,52.2899],[0.3497,52.2577],[0.3925,52.225],[0.4622,52.2397],[0.5047,52.2283],[0.5172,52.2105],[0.4986,52.1608],[0.453,52.1599],[0.398,52.1044],[0.4089,52.0593],[0.3931,52.0516],[0.4014,52.0427],[0.3911,52.0355],[0.3069,52.0819],[0.2067,52.0816],[0.1769,52.048],[0.1391,52.0419],[0.1064,52.0549],[0.1083,52.0274],[0.0805,52.0024],[0.0514,52.0433],[-0.0114,52.0516],[-0.1092,52.0194],[-0.1461,52.0697]]]}},{"type":"Feature","id":"Camden","properties":{"id":"Camden","iso_code":"GB-CMD","name":"Camden","name_full":"Camden","name_ja":"カムデン・ロンドン特別区","center_lonlat":[-0.1466,51.54]},"geometry":{"type":"Polygon","coordinates":[[[-0.131,51.5641],[-0.1025,51.5235],[-0.0973,51.5097],[-0.1079,51.5053],[-0.1122,51.5024],[-0.1471,51.5304],[-0.179,51.5283],[-0.2047,51.5515],[-0.1627,51.5664],[-0.131,51.5641]]]}},{"type":"Feature","id":"Cardiff","properties":{"id":"Cardiff","iso_code":"GB-CRF","name":"Cardiff","name_full":"Cardiff","name_ja":"カーディフ","center_lonlat":[-3.1797,51.5074]},"geometry":{"type":"Polygon","coordinates":[[[-3.0765,51.5078],[-3.1727,51.4531],[-3.2007,51.4677],[-3.2608,51.4693],[-3.2914,51.5004],[-3.2275,51.5451],[-3.1564,51.553],[-3.1024,51.5431],[-3.0675,51.5261],[-3.0765,51.5078]]]}},{"type":"Feature","id":"Carmarthenshire","properties":{"id":"Carmarthenshire","iso_code":"GB-CMN","name":"Carmarthenshire","name_full":"Carmarthenshire","name_ja":"カーマーゼンシャー","center_lonlat":[-4.156,51.9011]},"geometry":{"type":"Polygon","coordinates":[[[-4.0705,51.676],[-4.1068,51.6643],[-4.2006,51.6859],[-4.3153,51.6775],[-4.3793,51.7269],[-4.3105,51.7337],[-4.3625,51.7429],[-4.3718,51.7548],[-4.358,51.7731],[-4.3651,51.789],[-4.3992,51.7616],[-4.4458,51.7733],[-4.4265,51.7473],[-4.4608,51.7358],[-4.6393,51.7332],[-4.6374,51.7935],[-4.6498,51.8175],[-4.6764,51.8263],[-4.7509,51.8201],[-4.7677,51.8308],[-4.7243,51.8459],[-4.7411,51.8742],[-4.6933,51.9088],[-4.6312,51.9106],[-4.4947,51.9602],[-4.5587,52.0377],[-4.2357,52.0319],[-4.0727,52.1043],[-3.9893,52.0971],[-3.935,52.1224],[-3.8661,52.1242],[-3.7629,52.1061],[-3.7412,52.1216],[-3.7067,52.1146],[-3.7136,52.0902],[-3.6609,52.0697],[-3.6436,52.0313],[-3.6956,51.9888],[-3.6867,51.9483],[-3.7099,51.9323],[-3.7113,51.8818],[-3.8,51.7853],[-3.8195,51.7999],[-3.8673,51.8002],[-3.8842,51.793],[-3.8847,51.765],[-3.9331,51.7622],[-3.9781,51.7666],[-4.0098,51.755],[-4.0705,51.676]]]}},{"type":"Feature","id":"Carrickfergus","properties":{"id":"Carrickfergus","iso_code":"GB-CKF","name":"Carrickfergus","name_full":"Carrickfergus","name_ja":"キャリックファーガス区","center_lonlat":[-5.8213,54.7382]},"geometry":{"type":"Polygon","coordinates":[[[-5.6921,54.7705],[-5.7293,54.7285],[-5.8184,54.7096],[-5.8779,54.6823],[-5.9059,54.7122],[-5.8922,54.7427],[-5.9045,54.7597],[-5.8892,54.7694],[-5.7911,54.7766],[-5.7695,54.7722],[-5.7548,54.7527],[-5.6921,54.7705]]]}},{"type":"Feature","id":"Castlereagh","properties":{"id":"Castlereagh","iso_code":"GB-CSR","name":"Castlereagh","name_full":"Castlereagh","name_ja":"キャッスルレー区","center_lonlat":[-5.8467,54.552]},"geometry":{"type":"Polygon","coordinates":[[[-5.8187,54.4916],[-5.8681,54.4791],[-5.9239,54.5397],[-5.9547,54.5544],[-5.8948,54.5821],[-5.8161,54.593],[-5.8078,54.6144],[-5.757,54.6158],[-5.7548,54.5833],[-5.8234,54.5258],[-5.8187,54.4916]]]}},{"type":"Feature","id":"Central Bedfordshire","properties":{"id":"Central Bedfordshire","iso_code":"GB-CBF","name":"Central Bedfordshire","name_full":"Central Bedfordshire","name_ja":"ベッドフォードシャー中心部","center_lonlat":[-0.4255,52.01]},"geometry":{"type":"Polygon","coordinates":[[[-0.6572,51.9479],[-0.6417,51.9619],[-0.6542,51.988],[-0.6345,52.0044],[-0.63,52.0283],[-0.6584,52.0388],[-0.5737,52.0966],[-0.5035,52.072],[-0.3935,52.0665],[-0.3385,52.105],[-0.344,52.1435],[-0.3247,52.1792],[-0.2531,52.1919],[-0.2339,52.1727],[-0.247,52.1605],[-0.207,52.1505],[-0.2167,52.1327],[-0.132,52.1336],[-0.1461,52.0697],[-0.2047,52.0302],[-0.2009,52.01],[-0.2548,51.9786],[-0.29,51.9936],[-0.3478,51.9813],[-0.3442,51.963],[-0.3612,51.9494],[-0.375,51.978],[-0.3864,51.9711],[-0.3992,51.9349],[-0.3852,51.9211],[-0.4645,51.9136],[-0.4772,51.8776],[-0.4527,51.8474],[-0.4822,51.8344],[-0.5081,51.8016],[-0.5336,51.8194],[-0.5611,51.8547],[-0.603,51.8799],[-0.6256,51.8763],[-0.6881,51.9027],[-0.6572,51.9479]]]}},{"type":"Feature","id":"Ceredigion","properties":{"id":"Ceredigion","iso_code":"GB-CGN","name":"Ceredigion","name_full":"Ceredigion","name_ja":"ケレディジョン","center_lonlat":[-4.0731,52.2487]},"geometry":{"type":"Polygon","coordinates":[[[-4.6938,52.1073],[-4.6735,52.0974],[-4.6757,52.1269],[-4.6375,52.1385],[-4.5023,52.1384],[-4.3856,52.2034],[-4.3158,52.2163],[-4.1971,52.2793],[-4.0963,52.3879],[-4.0565,52.4879],[-4.0565,52.5294],[-4.0162,52.522],[-3.9473,52.5509],[-3.9275,52.5532],[-3.8395,52.5486],[-3.8292,52.5327],[-3.8339,52.5041],[-3.8131,52.4813],[-3.7247,52.4988],[-3.737,52.4672],[-3.7578,52.4586],[-3.7609,52.4374],[-3.7201,52.4202],[-3.6906,52.3641],[-3.652,52.3475],[-3.7312,52.3188],[-3.7011,52.2738],[-3.7395,52.2469],[-3.7558,52.1246],[-3.7412,52.1216],[-3.7629,52.1061],[-3.8661,52.1242],[-3.935,52.1224],[-3.9893,52.0971],[-4.0727,52.1043],[-4.2357,52.0319],[-4.5587,52.0377],[-4.6968,52.0683],[-4.6938,52.1073]]]}},{"type":"Feature","id":"Cheshire East","properties":{"id":"Cheshire East","iso_code":"GB-CHE","name":"Cheshire East","name_full":"Cheshire East","name_ja":"チェシャー・イースト","center_lonlat":[-2.3204,53.1836]},"geometry":{"type":"Polygon","coordinates":[[[-2.0168,53.3704],[-1.9981,53.3358],[-1.9906,53.2416],[-1.9709,53.2302],[-1.9769,53.2073],[-2.0683,53.1657],[-2.1381,53.1738],[-2.1348,53.1502],[-2.1578,53.1475],[-2.2049,53.1136],[-2.2437,53.0859],[-2.3056,53.0791],[-2.3356,53.056],[-2.3659,53.0522],[-2.3664,53.0002],[-2.3788,52.9896],[-2.4236,52.9786],[-2.4495,52.9569],[-2.5128,52.9616],[-2.5272,52.9472],[-2.5778,52.9536],[-2.5895,52.9769],[-2.6228,52.9858],[-2.6194,53.0286],[-2.6675,53.0483],[-2.6534,53.0907],[-2.4894,53.1473],[-2.4866,53.1868],[-2.4499,53.1812],[-2.4103,53.232],[-2.4216,53.2575],[-2.4753,53.2829],[-2.509,53.3309],[-2.4471,53.355],[-2.4288,53.3803],[-2.3167,53.3599],[-2.2834,53.3422],[-2.2603,53.3449],[-2.2036,53.3538],[-2.1761,53.3455],[-2.1595,53.3213],[-2.1403,53.3277],[-2.12,53.3594],[-2.0495,53.3522],[-2.0168,53.3704]]]}},{"type":"Feature","id":"Cheshire West and Chester","properties":{"id":"Cheshire West and Chester","iso_code":"GB-CHW","name":"Cheshire West and Chester","name_full":"Cheshire West and Chester","name_ja":"チェシャーウェスト・アンド・チェスター","center_lonlat":[-2.7295,53.176]},"geometry":{"type":"Polygon","coordinates":[[[-2.9568,53.1446],[-2.9126,53.1701],[-2.9224,53.1935],[-3.0198,53.2467],[-3.0845,53.2586],[-3.0959,53.2871],[-3.0667,53.3055],[-2.945,53.2894],[-2.9264,53.3048],[-2.8815,53.2884],[-2.8506,53.2891],[-2.8376,53.3028],[-2.7755,53.2999],[-2.6279,53.2942],[-2.5694,53.3123],[-2.509,53.3309],[-2.4753,53.2829],[-2.4216,53.2575],[-2.4103,53.232],[-2.4499,53.1812],[-2.4866,53.1868],[-2.4894,53.1473],[-2.6534,53.0907],[-2.6675,53.0483],[-2.6194,53.0286],[-2.6228,52.9858],[-2.7277,52.9665],[-2.8184,52.9895],[-2.8551,53.0229],[-2.8974,53.1022],[-2.9568,53.1446]]]}},{"type":"Feature","id":"Clackmannanshire","properties":{"id":"Clackmannanshire","iso_code":"GB-CLK","name":"Clackmannanshire","name_full":"Clackmannanshire","name_ja":"クラックマナンシャー","center_lonlat":[-3.7313,56.1494]},"geometry":{"type":"Polygon","coordinates":[[[-3.7465,56.0728],[-3.8031,56.1071],[-3.8375,56.1074],[-3.8614,56.1293],[-3.8244,56.1925],[-3.7589,56.2158],[-3.7231,56.1897],[-3.6117,56.198],[-3.5542,56.1819],[-3.6428,56.1552],[-3.6306,56.1282],[-3.6484,56.1216],[-3.6314,56.1063],[-3.7156,56.0975],[-3.7465,56.0728]]]}},{"type":"Feature","id":"Coleraine","properties":{"id":"Coleraine","iso_code":"GB-CLR","name":"Coleraine","name_full":"Coleraine","name_ja":"コルレイン区議会","center_lonlat":[-6.6851,55.0687]},"geometry":{"type":"Polygon","coordinates":[[[-6.8384,55.1754],[-6.7545,55.1778],[-6.6405,55.2083],[-6.5713,55.2112],[-6.5461,55.2252],[-6.5314,55.2116],[-6.5153,55.1491],[-6.5728,55.1311],[-6.5786,55.098],[-6.6139,55.0766],[-6.5826,55.0405],[-6.592,55.0202],[-6.582,54.9952],[-6.5514,54.9763],[-6.5467,54.9535],[-6.5204,54.9451],[-6.5581,54.9249],[-6.6406,54.9344],[-6.6948,54.916],[-6.7369,54.9288],[-6.7811,54.9111],[-6.8086,54.9688],[-6.7801,54.9908],[-6.8098,55.0085],[-6.807,55.0705],[-6.8214,55.1019],[-6.8623,55.1255],[-6.8384,55.1754]]]}},{"type":"Feature","id":"Conwy","properties":{"id":"Conwy","iso_code":"GB-CWY","name":"Conwy","name_full":"Conwy","name_ja":"コンウィ","center_lonlat":[-3.7301,53.1306]},"geometry":{"type":"Polygon","coordinates":[[[-4.0004,53.2487],[-3.8313,53.2891],[-3.8784,53.3376],[-3.8101,53.3171],[-3.7689,53.3192],[-3.7163,53.2869],[-3.6022,53.2889],[-3.5135,53.3089],[-3.5187,53.2498],[-3.4775,53.2124],[-3.4749,53.1699],[-3.5857,53.0874],[-3.5174,53.0797],[-3.4775,53.0565],[-3.4615,52.9764],[-3.4939,52.9647],[-3.5672,52.9652],[-3.5934,52.9816],[-3.5859,52.9972],[-3.6011,53.0069],[-3.788,52.9367],[-3.8601,52.9637],[-3.8948,53.0088],[-3.9799,52.9959],[-3.9684,53.0475],[-4.0083,53.1003],[-3.9503,53.157],[-3.9271,53.2008],[-4.0004,53.2487]]]}},{"type":"Feature","id":"Cornwall","properties":{"id":"Cornwall","iso_code":"GB-CON","name":"Cornwall","name_full":"Cornwall","name_ja":"コーンウォール","center_lonlat":[-4.8289,50.4041]},"geometry":{"type":"Polygon","coordinates":[[[-4.2037,50.4514],[-4.2347,50.4383],[-4.2161,50.4157],[-4.2285,50.3974],[-4.2899,50.3974],[-4.273,50.3819],[-4.2162,50.3878],[-4.1938,50.3769],[-4.2285,50.3638],[-4.18,50.3564],[-4.198,50.3422],[-4.1938,50.3223],[-4.215,50.3231],[-4.2523,50.3564],[-4.3377,50.3707],[-4.3837,50.3675],[-4.4954,50.3284],[-4.6735,50.3154],[-4.6943,50.3435],[-4.7633,50.3221],[-4.7554,50.3017],[-4.7799,50.2843],[-4.7765,50.2608],[-4.8002,50.2296],[-4.8497,50.2346],[-4.9473,50.1994],[-5.0024,50.1441],[-5.0204,50.192],[-5.053,50.1958],[-5.0646,50.1584],[-5.0434,50.1441],[-5.0803,50.1327],[-5.085,50.1099],[-5.126,50.0963],[-5.0708,50.0895],[-5.0565,50.0606],[-5.0981,50.0144],[-5.1465,50.0106],[-5.1912,49.9591],[-5.2452,49.9931],[-5.2527,50.0278],[-5.3044,50.0803],[-5.4748,50.1304],[-5.5409,50.1135],[-5.5347,50.0823],[-5.5635,50.0596],[-5.6674,50.0429],[-5.7051,50.0523],[-5.7156,50.0827],[-5.6944,50.0958],[-5.7092,50.1326],[-5.6846,50.1615],[-5.511,50.2195],[-5.438,50.1943],[-5.3876,50.2403],[-5.3148,50.2536],[-5.2003,50.3308],[-5.1499,50.3502],[-5.1537,50.3995],[-5.0503,50.4287],[-5.0156,50.538],[-4.9473,50.5624],[-4.9336,50.5202],[-4.9205,50.5277],[-4.8448,50.5141],[-4.9219,50.5549],[-4.9205,50.5892],[-4.7925,50.5952],[-4.7493,50.6444],[-4.7519,50.6701],[-4.6573,50.7111],[-4.6378,50.7412],[-4.5773,50.7747],[-4.5501,50.8096],[-4.5481,50.923],[-4.4584,50.9211],[-4.4178,50.8549],[-4.4394,50.841],[-4.45,50.7994],[-4.4853,50.786],[-4.4406,50.7796],[-4.4128,50.7605],[-4.377,50.7644],[-4.3609,50.6925],[-4.335,50.6427],[-4.2961,50.6255],[-4.3014,50.5877],[-4.2731,50.5649],[-4.2706,50.5424],[-4.217,50.5336],[-4.2036,50.5122],[-4.1823,50.5066],[-4.1898,50.4944],[-4.2178,50.4947],[-4.2369,50.4626],[-4.2138,50.465],[-4.2037,50.4514]]]}},{"type":"Feature","id":"Coventry","properties":{"id":"Coventry","iso_code":"GB-COV","name":"Coventry","name_full":"Coventry","name_ja":"コヴェントリー","center_lonlat":[-1.5369,52.4017]},"geometry":{"type":"Polygon","coordinates":[[[-1.64,52.3508],[-1.6195,52.4444],[-1.4428,52.4352],[-1.4317,52.3836],[-1.4628,52.3658],[-1.5109,52.3674],[-1.537,52.3558],[-1.5895,52.3744],[-1.64,52.3508]]]}},{"type":"Feature","id":"Craigavon","properties":{"id":"Craigavon","iso_code":"GB-CGV","name":"Craigavon","name_full":"Craigavon","name_ja":"クレイガヴォン区","center_lonlat":[-6.388,54.4824]},"geometry":{"type":"Polygon","coordinates":[[[-6.5547,54.4633],[-6.5836,54.5083],[-6.5278,54.5398],[-6.437,54.5688],[-6.333,54.5984],[-6.2891,54.5844],[-6.2792,54.6111],[-6.2641,54.5925],[-6.2964,54.5691],[-6.2753,54.5496],[-6.2736,54.5222],[-6.2392,54.5022],[-6.2526,54.4855],[-6.2125,54.4496],[-6.2105,54.4332],[-6.2242,54.4333],[-6.2148,54.4127],[-6.2378,54.3975],[-6.4053,54.3938],[-6.435,54.3771],[-6.4622,54.3783],[-6.4842,54.3952],[-6.4845,54.4169],[-6.5103,54.4183],[-6.5547,54.4633]]]}},{"type":"Feature","id":"Croydon","properties":{"id":"Croydon","iso_code":"GB-CRY","name":"Croydon","name_full":"Croydon","name_ja":"クロイドン・ロンドン特別区","center_lonlat":[-0.0798,51.352]},"geometry":{"type":"Polygon","coordinates":[[[-0.1313,51.3872],[-0.1188,51.394],[-0.1269,51.408],[-0.0764,51.4143],[-0.0188,51.3698],[0.0131,51.3207],[-0.0267,51.3308],[-0.1281,51.2891],[-0.1637,51.3196],[-0.1395,51.3214],[-0.1337,51.341],[-0.1102,51.3483],[-0.1313,51.3872]]]}},{"type":"Feature","id":"Cumbria","properties":{"id":"Cumbria","iso_code":"GB-CMA","name":"Cumbria","name_full":"Cumbria","name_ja":"カンブリア","center_lonlat":[-2.8941,54.5924]},"geometry":{"type":"Polygon","coordinates":[[[-2.8503,55.1113],[-2.8225,55.1352],[-2.7189,55.1672],[-2.685,55.1908],[-2.6409,55.1321],[-2.5978,55.1236],[-2.5875,55.103],[-2.5473,55.0799],[-2.4853,55.0794],[-2.4948,55.058],[-2.482,55.0391],[-2.56,55.0119],[-2.5678,54.986],[-2.592,54.9666],[-2.565,54.9577],[-2.5417,54.923],[-2.5936,54.8827],[-2.5664,54.8583],[-2.5636,54.8236],[-2.5,54.8052],[-2.4,54.8472],[-2.362,54.8108],[-2.305,54.7832],[-2.3539,54.6908],[-2.2806,54.6577],[-2.3056,54.6277],[-2.2853,54.588],[-2.2095,54.5522],[-2.1917,54.5313],[-2.1631,54.528],[-2.1552,54.4556],[-2.2767,54.4355],[-2.2956,54.4177],[-2.2834,54.3827],[-2.3472,54.3502],[-2.3061,54.3205],[-2.3114,54.2813],[-2.3003,54.2652],[-2.3098,54.2433],[-2.3525,54.2505],[-2.4006,54.2283],[-2.4475,54.2302],[-2.4578,54.2383],[-2.5767,54.1961],[-2.6281,54.1991],[-2.6711,54.1586],[-2.7923,54.1908],[-2.8364,54.1676],[-2.8542,54.1941],[-2.8103,54.2119],[-2.796,54.2487],[-2.8209,54.2217],[-2.9047,54.1876],[-2.9392,54.1551],[-2.9977,54.1596],[-3.0173,54.1901],[-3.0082,54.2003],[-3.0154,54.2119],[-3.0492,54.2221],[-3.061,54.1619],[-3.1179,54.1088],[-3.1453,54.1],[-3.1454,54.0638],[-3.1898,54.0979],[-3.241,54.1121],[-3.2331,54.1592],[-3.2484,54.1737],[-3.2152,54.1798],[-3.2074,54.263],[-3.2314,54.2472],[-3.241,54.2221],[-3.2322,54.2025],[-3.3068,54.1919],[-3.4074,54.2777],[-3.4134,54.343],[-3.4402,54.3518],[-3.4743,54.3935],[-3.6342,54.5129],[-3.5903,54.5646],[-3.5638,54.6428],[-3.5092,54.7217],[-3.4681,54.7353],[-3.4396,54.7615],[-3.431,54.7805],[-3.4402,54.7974],[-3.3879,54.8834],[-3.345,54.9025],[-3.3065,54.8862],[-3.2546,54.8998],[-3.3173,54.9203],[-3.2765,54.9434],[-3.2136,54.9544],[-3.1228,54.9327],[-3.0218,54.9544],[-3.0907,54.9544],[-3.0409,54.9725],[-3.0218,54.9681],[-3.0503,54.9815],[-3.0261,55.0507],[-2.9538,55.041],[-2.9277,55.0684],[-2.8831,55.0836],[-2.8503,55.1113]]]}},{"type":"Feature","id":"Darlington","properties":{"id":"Darlington","iso_code":"GB-DAL","name":"Darlington","name_full":"Darlington","name_ja":"ダーリントン","center_lonlat":[-1.5342,54.5352]},"geometry":{"type":"Polygon","coordinates":[[[-1.4126,54.6],[-1.3984,54.5719],[-1.4345,54.535],[-1.412,54.5124],[-1.432,54.4811],[-1.447,54.4977],[-1.467,54.4941],[-1.4461,54.451],[-1.4603,54.4416],[-1.495,54.4788],[-1.5256,54.4808],[-1.5203,54.4666],[-1.5325,54.4652],[-1.5909,54.5086],[-1.63,54.5083],[-1.6423,54.5233],[-1.6818,54.5311],[-1.6728,54.5916],[-1.6287,54.5956],[-1.5725,54.5725],[-1.4832,54.5725],[-1.4126,54.6]]]}},{"type":"Feature","id":"Denbighshire","properties":{"id":"Denbighshire","iso_code":"GB-DEN","name":"Denbighshire","name_full":"Denbighshire","name_ja":"デンビーシャー","center_lonlat":[-3.3499,53.0858]},"geometry":{"type":"Polygon","coordinates":[[[-3.5135,53.3089],[-3.3605,53.3511],[-3.3821,53.2974],[-3.3409,53.2729],[-3.3409,53.2188],[-3.2713,53.157],[-3.1915,53.148],[-3.1227,53.0664],[-3.1412,52.9972],[-3.0948,52.9637],[-3.2005,52.938],[-3.3113,52.9328],[-3.3907,52.8674],[-3.47,52.8619],[-3.4684,52.8936],[-3.4503,52.9099],[-3.4767,52.9333],[-3.4234,52.9708],[-3.4615,52.9764],[-3.4775,53.0565],[-3.5174,53.0797],[-3.5857,53.0874],[-3.4749,53.1699],[-3.4775,53.2124],[-3.5187,53.2498],[-3.5135,53.3089]]]}},{"type":"Feature","id":"Derby","properties":{"id":"Derby","iso_code":"GB-DER","name":"Derby","name_full":"Derby","name_ja":"ダービー","center_lonlat":[-1.4695,52.8871]},"geometry":{"type":"Polygon","coordinates":[[[-1.4867,52.9378],[-1.4015,52.9098],[-1.4057,52.872],[-1.4316,52.8418],[-1.4942,52.8472],[-1.546,52.8764],[-1.5384,52.8979],[-1.4867,52.9378]]]}},{"type":"Feature","id":"Derbyshire","properties":{"id":"Derbyshire","iso_code":"GB-DBY","name":"Derbyshire","name_full":"Derbyshire","name_ja":"ダービーシャー","center_lonlat":[-1.6,53.1211]},"geometry":{"type":"Polygon","coordinates":[[[-1.9769,53.2073],[-1.9709,53.2302],[-1.9906,53.2416],[-1.9981,53.3358],[-2.0168,53.3704],[-1.9814,53.3983],[-2.0117,53.4125],[-2.0092,53.4274],[-1.9825,53.4438],[-1.9778,53.4688],[-1.9636,53.4947],[-1.9189,53.5008],[-1.8972,53.533],[-1.8161,53.5161],[-1.7873,53.4686],[-1.7312,53.441],[-1.7342,53.4108],[-1.6464,53.3766],[-1.6503,53.3519],[-1.5819,53.3302],[-1.6101,53.3058],[-1.5314,53.2897],[-1.432,53.3236],[-1.3937,53.3252],[-1.3592,53.3002],[-1.2867,53.3169],[-1.2773,53.3133],[-1.282,53.2994],[-1.2425,53.2908],[-1.176,53.2929],[-1.1603,53.2858],[-1.1603,53.2622],[-1.1959,53.2325],[-1.1909,53.1677],[-1.3098,53.1428],[-1.292,53.0838],[-1.3297,53.0502],[-1.3214,53.013],[-1.2839,52.9858],[-1.2711,52.8988],[-1.2326,52.8807],[-1.2628,52.8616],[-1.3392,52.8491],[-1.3706,52.8313],[-1.3953,52.79],[-1.4272,52.7838],[-1.4542,52.7533],[-1.5414,52.7458],[-1.535,52.7061],[-1.5831,52.685],[-1.6078,52.6938],[-1.64,52.685],[-1.6459,52.7066],[-1.7004,52.7261],[-1.6725,52.7583],[-1.6292,52.7722],[-1.615,52.798],[-1.5909,52.8108],[-1.6084,52.8305],[-1.7208,52.8452],[-1.755,52.866],[-1.8239,52.8755],[-1.8409,52.9047],[-1.8403,52.9244],[-1.817,52.9299],[-1.8122,52.9613],[-1.7578,52.9825],[-1.7456,52.9999],[-1.7475,53.0222],[-1.7692,53.0416],[-1.7717,53.0902],[-1.7995,53.1186],[-1.8037,53.1485],[-1.8567,53.1763],[-1.9323,53.1949],[-1.9525,53.2138],[-1.9769,53.2073]],[[-1.4316,52.8418],[-1.3971,52.8925],[-1.4219,52.9227],[-1.4867,52.9378],[-1.5384,52.8979],[-1.546,52.8764],[-1.4942,52.8472],[-1.4316,52.8418]]]}},{"type":"Feature","id":"Derry","properties":{"id":"Derry","iso_code":"GB-DRY","name":"Derry","name_full":"Derry","name_ja":"デリー区","center_lonlat":[-7.2137,54.9441]},"geometry":{"type":"Polygon","coordinates":[[[-7.4158,54.9444],[-7.4053,55.0036],[-7.355,55.0409],[-7.2912,55.0466],[-7.2471,55.0693],[-7.2567,55.0507],[-7.1954,55.0581],[-7.1499,55.0487],[-7.1742,55.0316],[-7.1311,54.9833],[-7.087,54.9835],[-7.0934,54.941],[-7.0531,54.9113],[-7.0339,54.8808],[-7.0395,54.8388],[-7.0103,54.8155],[-7.0695,54.8058],[-7.1095,54.8138],[-7.1622,54.851],[-7.2059,54.848],[-7.1955,54.8566],[-7.2089,54.8647],[-7.2095,54.8836],[-7.2764,54.8871],[-7.2622,54.9139],[-7.3739,54.918],[-7.4158,54.9444]]]}},{"type":"Feature","id":"Devon","properties":{"id":"Devon","iso_code":"GB-DEV","name":"Devon","name_full":"Devon","name_ja":"デヴォン","center_lonlat":[-3.8112,50.7675]},"geometry":{"type":"MultiPolygon","coordinates":[[[[-2.9456,50.7258],[-2.9982,50.7082],[-3.0714,50.711],[-3.1255,50.6853],[-3.1665,50.6928],[-3.2598,50.6745],[-3.2956,50.6375],[-3.3682,50.6171],[-3.421,50.6295],[-3.4644,50.6785],[-3.4333,50.6103],[-3.4818,50.5685],[-3.5054,50.5082],[-3.5872,50.509],[-3.6097,50.4988],[-3.6425,50.4639],[-3.6487,50.4332],[-3.62,50.4065],[-3.5187,50.3762],[-3.5269,50.3498],[-3.5705,50.3564],[-3.5778,50.3341],[-3.632,50.3123],[-3.6533,50.251],[-3.6456,50.226],[-3.718,50.2124],[-3.7742,50.223],[-3.789,50.2124],[-3.9499,50.319],[-4.0441,50.2965],[-4.0702,50.3092],[-4.064,50.3223],[-4.116,50.3479],[-4.0387,50.3786],[-4.0418,50.3993],[-4.1245,50.4355],[-4.187,50.426],[-4.1595,50.4594],[-4.2037,50.4514],[-4.2138,50.465],[-4.2369,50.4626],[-4.2178,50.4947],[-4.1898,50.4944],[-4.1823,50.5066],[-4.2036,50.5122],[-4.217,50.5336],[-4.2706,50.5424],[-4.2731,50.5649],[-4.3014,50.5877],[-4.2961,50.6255],[-4.335,50.6427],[-4.3609,50.6925],[-4.377,50.7644],[-4.4128,50.7605],[-4.4406,50.7796],[-4.4853,50.786],[-4.45,50.7994],[-4.4394,50.841],[-4.4178,50.8549],[-4.4584,50.9211],[-4.5481,50.923],[-4.5227,50.9727],[-4.5264,51.015],[-4.4373,51.015],[-4.3377,50.9966],[-4.3023,51.0075],[-4.208,51.0764],[-4.2558,51.1515],[-4.2148,51.1515],[-4.2098,51.1728],[-4.2285,51.1925],[-4.1523,51.2116],[-3.8409,51.2334],[-3.7871,51.2468],[-3.7122,51.2383],[-3.7242,51.1785],[-3.8211,51.1772],[-3.8259,51.1419],[-3.7156,51.083],[-3.5961,51.063],[-3.5881,51.0547],[-3.6078,51.0244],[-3.5997,51.0119],[-3.5289,51.0072],[-3.5081,51.0305],[-3.475,51.0361],[-3.4223,51.0294],[-3.3803,51.0175],[-3.3706,50.9808],[-3.3214,50.9788],[-3.2684,50.9474],[-3.1572,50.9486],[-3.1781,50.9147],[-3.1475,50.8969],[-3.0475,50.9058],[-3.0484,50.8777],[-3.0273,50.8686],[-3.0303,50.8516],[-2.9772,50.8599],[-2.9485,50.8225],[-2.8823,50.7972],[-2.9467,50.7708],[-2.9325,50.7619],[-2.9456,50.7258]]],[[[-4.6654,51.1836],[-4.6705,51.1601],[-4.6764,51.1931],[-4.6654,51.1836]]]]}},{"type":"Feature","id":"Doncaster","properties":{"id":"Doncaster","iso_code":"GB-DNC","name":"Doncaster","name_full":"Doncaster","name_ja":"メトロポリタン・バラ・オブ・ドンカスター","center_lonlat":[-1.0922,53.5333]},"geometry":{"type":"Polygon","coordinates":[[[-1.0739,53.6477],[-0.9414,53.6569],[-0.86,53.6324],[-0.8607,53.6124],[-0.8609,53.5816],[-0.9045,53.5716],[-0.8728,53.5458],[-0.872,53.5308],[-0.9148,53.533],[-0.9433,53.518],[-0.9194,53.4874],[-0.9698,53.463],[-0.9775,53.4344],[-1.0047,53.4122],[-1.0664,53.413],[-1.1181,53.3786],[-1.2419,53.4333],[-1.2586,53.4694],[-1.3254,53.4778],[-1.2947,53.514],[-1.3445,53.5808],[-1.3053,53.5761],[-1.2434,53.5969],[-1.23,53.6207],[-1.2148,53.6199],[-1.1995,53.6385],[-1.1264,53.6338],[-1.0739,53.6477]]]}},{"type":"Feature","id":"Dorset","properties":{"id":"Dorset","iso_code":"GB-DOR","name":"Dorset","name_full":"Dorset","name_ja":"ドーセット","center_lonlat":[-2.3135,50.8104]},"geometry":{"type":"Polygon","coordinates":[[[-1.6729,50.7401],[-1.7975,50.7232],[-1.8482,50.747],[-1.9204,50.75],[-1.9418,50.7655],[-1.9947,50.7699],[-2.0262,50.7251],[-2.039,50.7399],[-2.0827,50.699],[-2.0356,50.7133],[-2.0025,50.6813],[-1.9528,50.6766],[-1.953,50.6518],[-1.9325,50.6444],[-1.9673,50.6171],[-1.9652,50.6022],[-2.0652,50.5955],[-2.1573,50.6205],[-2.3983,50.6456],[-2.4359,50.6375],[-2.4601,50.6065],[-2.4656,50.5851],[-2.4312,50.5703],[-2.4287,50.5576],[-2.4595,50.5277],[-2.4604,50.5655],[-2.4835,50.5904],[-2.6929,50.6928],[-2.8648,50.7338],[-2.9456,50.7258],[-2.9325,50.7619],[-2.9467,50.7708],[-2.8823,50.7972],[-2.9485,50.8225],[-2.9203,50.841],[-2.6145,50.8855],[-2.5989,50.9763],[-2.55,50.9785],[-2.542,51.0019],[-2.4959,50.9952],[-2.4517,50.9513],[-2.4325,50.9705],[-2.4006,50.9652],[-2.3378,50.983],[-2.3714,51.0066],[-2.3242,51.0422],[-2.3353,51.0647],[-2.3217,51.0833],[-2.2242,51.0655],[-2.0992,50.9558],[-1.9703,50.9927],[-1.9501,50.9883],[-1.8798,50.9247],[-1.805,50.9294],[-1.8114,50.9055],[-1.8392,50.8913],[-1.8328,50.8658],[-1.8057,50.8677],[-1.7961,50.8316],[-1.8095,50.8022],[-1.7865,50.7687],[-1.735,50.778],[-1.7342,50.7544],[-1.6767,50.7544],[-1.6729,50.7401]]]}},{"type":"Feature","id":"Down","properties":{"id":"Down","iso_code":"GB-DOW","name":"Down","name_full":"Down","name_ja":"ダウン県議会","center_lonlat":[-5.7982,54.329]},"geometry":{"type":"Polygon","coordinates":[[[-5.6385,54.4636],[-5.6256,54.461],[-5.6256,54.4411],[-5.6536,54.389],[-5.7089,54.3518],[-5.5797,54.3837],[-5.5505,54.3654],[-5.5407,54.3273],[-5.553,54.2985],[-5.6126,54.2556],[-5.6331,54.2556],[-5.64,54.2351],[-5.6558,54.2297],[-5.6788,54.2462],[-5.7369,54.2491],[-5.862,54.2305],[-5.866,54.1841],[-5.925,54.1788],[-5.9661,54.1935],[-6.0322,54.1711],[-6.0628,54.2307],[-6.0784,54.2338],[-6.0453,54.2466],[-6.0378,54.2636],[-5.9889,54.2452],[-5.9675,54.2499],[-5.9656,54.2841],[-5.9476,54.2905],[-5.9706,54.3411],[-5.9395,54.3627],[-5.9504,54.3797],[-5.9325,54.3905],[-5.9383,54.4166],[-5.91,54.4333],[-5.9156,54.4496],[-5.8681,54.4791],[-5.8187,54.4916],[-5.7909,54.4661],[-5.7159,54.4472],[-5.6385,54.4636]]]}},{"type":"Feature","id":"Dudley","properties":{"id":"Dudley","iso_code":"GB-DUD","name":"Dudley","name_full":"Dudley","name_ja":"メトロポリタン・バラ・オブ・ダドリー","center_lonlat":[-2.1027,52.4818]},"geometry":{"type":"Polygon","coordinates":[[[-2.0782,52.5574],[-2.0664,52.5171],[-2.0901,52.4887],[-2.0758,52.478],[-2.0391,52.4804],[-2.0261,52.4638],[-2.0306,52.4369],[-2.0584,52.4224],[-2.0828,52.436],[-2.1539,52.423],[-2.1589,52.4774],[-2.1775,52.5011],[-2.1345,52.5152],[-2.1261,52.5444],[-2.1173,52.5598],[-2.0782,52.5574]]]}},{"type":"Feature","id":"Dumfries and Galloway","properties":{"id":"Dumfries and Galloway","iso_code":"GB-DGY","name":"Dumfries and Galloway","name_full":"Dumfries and Galloway","name_ja":"ダンフリーズ・アンド・ガロウェイ","center_lonlat":[-3.9527,55.0773]},"geometry":{"type":"Polygon","coordinates":[[[-2.8503,55.1113],[-2.8831,55.0836],[-2.9277,55.0684],[-2.9538,55.041],[-3.0261,55.0507],[-3.0503,54.9815],[-3.1354,54.9681],[-3.501,54.9925],[-3.526,54.9771],[-3.5705,54.9954],[-3.5836,54.9681],[-3.5688,54.916],[-3.5817,54.8836],[-3.7176,54.8808],[-3.7392,54.8598],[-3.8101,54.8663],[-3.8033,54.8589],[-3.8124,54.8552],[-3.8313,54.8663],[-3.82,54.8786],[-3.8101,54.8725],[-3.817,54.8862],[-3.8443,54.8663],[-3.8375,54.852],[-3.8579,54.8445],[-3.8238,54.8247],[-3.9642,54.7719],[-4.0117,54.7682],[-4.0429,54.7695],[-4.0558,54.7825],[-4.0477,54.8131],[-4.064,54.8315],[-4.0901,54.8098],[-4.0839,54.7769],[-4.123,54.773],[-4.1739,54.7923],[-4.2091,54.8262],[-4.2006,54.8663],[-4.2707,54.8394],[-4.3569,54.8655],[-4.3868,54.9048],[-4.4029,54.9073],[-4.4265,54.8695],[-4.4172,54.8459],[-4.4029,54.8247],[-4.3596,54.8166],[-4.3445,54.7945],[-4.3581,54.771],[-4.3439,54.7564],[-4.3565,54.7419],[-4.3481,54.702],[-4.3824,54.6801],[-4.4967,54.7006],[-4.5967,54.7753],[-4.7811,54.8331],[-4.7996,54.8613],[-4.8591,54.8663],[-4.9258,54.8374],[-4.9548,54.8048],[-4.896,54.7045],[-4.8673,54.6901],[-4.8721,54.6492],[-4.8591,54.633],[-4.9537,54.6597],[-4.9547,54.7285],[-4.9882,54.7353],[-5.0033,54.7713],[-5.1282,54.8489],[-5.1755,54.9146],[-5.1708,55.0087],[-5.1246,55.0168],[-5.1151,55.0316],[-5.0695,54.986],[-5.0609,54.9311],[-5.0131,54.9096],[-4.9882,54.9346],[-5.0325,54.9937],[-4.987,55.0077],[-4.9139,55.0],[-4.8706,55.0366],[-4.8006,55.0441],[-4.7753,55.0347],[-4.6306,55.0538],[-4.6167,55.0697],[-4.6448,55.0858],[-4.6475,55.1197],[-4.5511,55.1591],[-4.4675,55.1578],[-4.4372,55.1755],[-4.4314,55.142],[-4.4033,55.153],[-4.4023,55.1733],[-4.3847,55.1819],[-4.349,55.2627],[-4.3217,55.2752],[-4.297,55.3077],[-4.1886,55.3138],[-4.1353,55.2841],[-4.0856,55.3472],[-4.0942,55.3961],[-4.0706,55.4149],[-4.0031,55.435],[-4.0086,55.4541],[-3.9832,55.461],[-3.8259,55.4463],[-3.7695,55.4091],[-3.7431,55.371],[-3.7083,55.3627],[-3.7014,55.3208],[-3.6423,55.2896],[-3.6167,55.2927],[-3.6073,55.3188],[-3.572,55.3296],[-3.5675,55.3839],[-3.5003,55.4097],[-3.345,55.4119],[-3.3164,55.4383],[-3.2525,55.4288],[-3.2414,55.4188],[-3.3034,55.3849],[-3.3039,55.3427],[-3.2075,55.3722],[-3.1642,55.3497],[-3.1045,55.3522],[-3.0984,55.3296],[-3.057,55.3072],[-3.0345,55.273],[-2.9975,55.2683],[-2.945,55.288],[-2.8912,55.278],[-2.8726,55.2619],[-2.9056,55.243],[-2.8637,55.231],[-2.8842,55.2019],[-2.8895,55.1552],[-2.8595,55.1363],[-2.8503,55.1113]]]}},{"type":"Feature","id":"Dundee","properties":{"id":"Dundee","iso_code":"GB-DND","name":"Dundee","name_full":"Dundee","name_ja":"ダンディー","center_lonlat":[-2.9508,56.4855]},"geometry":{"type":"Polygon","coordinates":[[[-2.8193,56.4713],[-3.0557,56.4521],[-3.0793,56.4749],[-3.0638,56.5007],[-2.883,56.5182],[-2.845,56.5167],[-2.8193,56.4713]]]}},{"type":"Feature","id":"Dungannon and South Tyrone","properties":{"id":"Dungannon and South Tyrone","iso_code":"GB-DGN","name":"Dungannon and South Tyrone","name_full":"Dungannon and South Tyrone","name_ja":"ダンガノン・南ティロン自治体郡議会","center_lonlat":[-6.9294,54.457]},"geometry":{"type":"Polygon","coordinates":[[[-6.87,54.326],[-6.922,54.3727],[-7.0178,54.4132],[-7.0785,54.3947],[-7.127,54.3498],[-7.1895,54.3357],[-7.2317,54.3219],[-7.2531,54.3283],[-7.2778,54.3633],[-7.3322,54.371],[-7.3297,54.4033],[-7.3645,54.4302],[-7.2309,54.4483],[-7.17,54.4705],[-7.1128,54.471],[-7.0906,54.4936],[-7.0378,54.503],[-7.0267,54.5194],[-6.9728,54.538],[-6.9753,54.558],[-6.9614,54.5766],[-6.8961,54.5644],[-6.7387,54.5722],[-6.7042,54.548],[-6.6378,54.5658],[-6.5278,54.5398],[-6.5836,54.5083],[-6.5547,54.4633],[-6.6131,54.4494],[-6.6581,54.4641],[-6.6989,54.4444],[-6.6956,54.4314],[-6.7173,54.4038],[-6.7959,54.413],[-6.8103,54.4011],[-6.8056,54.3802],[-6.8328,54.3589],[-6.83,54.3413],[-6.87,54.326]]]}},{"type":"Feature","id":"Durham","properties":{"id":"Durham","iso_code":"GB-DUR","name":"Durham","name_full":"Durham","name_ja":"ダラム","center_lonlat":[-1.8289,54.6891]},"geometry":{"type":"Polygon","coordinates":[[[-1.3408,54.8727],[-1.2968,54.7799],[-1.2453,54.7254],[-1.2942,54.7113],[-1.3259,54.6822],[-1.3337,54.6474],[-1.3795,54.6388],[-1.3885,54.6267],[-1.4126,54.6],[-1.4832,54.5725],[-1.5725,54.5725],[-1.6287,54.5956],[-1.6728,54.5916],[-1.6818,54.5311],[-1.767,54.5286],[-1.7873,54.4816],[-1.8359,54.5044],[-1.8509,54.4805],[-1.9306,54.4547],[-2.0456,54.4797],[-2.1389,54.4496],[-2.1552,54.4556],[-2.1631,54.528],[-2.1917,54.5313],[-2.2095,54.5522],[-2.2853,54.588],[-2.3056,54.6277],[-2.2806,54.6577],[-2.3539,54.6908],[-2.305,54.7832],[-2.2725,54.7922],[-2.2114,54.7786],[-2.1914,54.8002],[-2.1331,54.8219],[-2.1297,54.8369],[-2.0822,54.8305],[-1.9931,54.8647],[-1.9042,54.8341],[-1.8667,54.8483],[-1.8201,54.9047],[-1.5773,54.886],[-1.5232,54.8317],[-1.5156,54.8042],[-1.4742,54.797],[-1.4113,54.8013],[-1.3899,54.8607],[-1.3408,54.8727]]]}},{"type":"Feature","id":"Ealing","properties":{"id":"Ealing","iso_code":"GB-EAL","name":"Ealing","name_full":"Ealing","name_ja":"イーリング・ロンドン特別区","center_lonlat":[-0.3215,51.5177]},"geometry":{"type":"Polygon","coordinates":[[[-0.3927,51.4936],[-0.3703,51.5189],[-0.4068,51.5314],[-0.3678,51.5484],[-0.3255,51.5493],[-0.2962,51.5298],[-0.2366,51.5265],[-0.2445,51.4944],[-0.3927,51.4936]]]}},{"type":"Feature","id":"East Ayrshire","properties":{"id":"East Ayrshire","iso_code":"GB-EAY","name":"East Ayrshire","name_full":"East Ayrshire","name_ja":"イースト・エアシャー","center_lonlat":[-4.3088,55.485]},"geometry":{"type":"Polygon","coordinates":[[[-4.5821,55.5913],[-4.51,55.6214],[-4.5011,55.6454],[-4.6258,55.665],[-4.5179,55.7593],[-4.251,55.686],[-4.1726,55.6064],[-4.2072,55.5719],[-4.2117,55.5598],[-4.1967,55.5523],[-4.0645,55.5538],[-4.0104,55.5734],[-3.9713,55.5553],[-3.9608,55.5223],[-3.9832,55.461],[-4.0086,55.4541],[-4.0031,55.435],[-4.0706,55.4149],[-4.0942,55.3961],[-4.0856,55.3472],[-4.1353,55.2841],[-4.1886,55.3138],[-4.297,55.3077],[-4.3217,55.2752],[-4.349,55.2627],[-4.3847,55.1819],[-4.4023,55.1733],[-4.4033,55.153],[-4.4314,55.142],[-4.4372,55.1755],[-4.4675,55.1578],[-4.4446,55.2008],[-4.4446,55.2819],[-4.5482,55.3495],[-4.5783,55.3886],[-4.4656,55.3856],[-4.4611,55.4111],[-4.4836,55.4457],[-4.4325,55.4832],[-4.4266,55.5178],[-4.4431,55.5448],[-4.5821,55.5913]]]}},{"type":"Feature","id":"East Dunbartonshire","properties":{"id":"East Dunbartonshire","iso_code":"GB-EDU","name":"East Dunbartonshire","name_full":"East Dunbartonshire","name_ja":"イースト・ダンバートンシャー","center_lonlat":[-4.2085,55.9507]},"geometry":{"type":"Polygon","coordinates":[[[-4.1257,56.0055],[-4.1209,55.9624],[-4.1098,55.9528],[-4.0476,55.9576],[-4.0444,55.9241],[-4.0699,55.9082],[-4.172,55.905],[-4.1619,55.8917],[-4.2137,55.8898],[-4.2695,55.9161],[-4.2947,55.8982],[-4.3517,55.9052],[-4.3648,55.9756],[-4.2745,55.9588],[-4.2678,55.988],[-4.2875,56.0166],[-4.2773,56.0252],[-4.1745,56.0105],[-4.1422,56.0286],[-4.1409,56.0086],[-4.1257,56.0055]]]}},{"type":"Feature","id":"East Lothian","properties":{"id":"East Lothian","iso_code":"GB-ELN","name":"East Lothian","name_full":"East Lothian","name_ja":"イースト・ロージアン","center_lonlat":[-2.7034,55.9373]},"geometry":{"type":"Polygon","coordinates":[[[-3.0612,55.9478],[-2.9399,55.9693],[-2.8829,56.0085],[-2.858,56.0102],[-2.871,56.0307],[-2.8028,56.0648],[-2.6351,56.0581],[-2.5694,56.0245],[-2.5836,56.0028],[-2.529,55.9966],[-2.5079,56.0102],[-2.3604,55.9527],[-2.4359,55.8952],[-2.4006,55.8863],[-2.3964,55.8722],[-2.4898,55.8511],[-2.5331,55.8563],[-2.595,55.8277],[-2.6403,55.8335],[-2.6545,55.8483],[-2.7358,55.828],[-2.7806,55.8383],[-2.8209,55.8217],[-3.0285,55.9113],[-3.0556,55.9273],[-3.0612,55.9478]]]}},{"type":"Feature","id":"East Renfrewshire","properties":{"id":"East Renfrewshire","iso_code":"GB-ERW","name":"East Renfrewshire","name_full":"East Renfrewshire","name_ja":"イースト・レンフルーシャー","center_lonlat":[-4.3427,55.7539]},"geometry":{"type":"Polygon","coordinates":[[[-4.5179,55.7593],[-4.5164,55.7628],[-4.3568,55.8191],[-4.3474,55.794],[-4.2568,55.8035],[-4.2404,55.7934],[-4.2579,55.7614],[-4.2189,55.7203],[-4.2253,55.6908],[-4.251,55.686],[-4.5179,55.7593]]]}},{"type":"Feature","id":"East Riding of Yorkshire","properties":{"id":"East Riding of Yorkshire","iso_code":"GB-ERY","name":"East Riding of Yorkshire","name_full":"East Riding of Yorkshire","name_ja":"イースト・ライディング・オブ・ヨークシャー","center_lonlat":[-0.4883,53.8673]},"geometry":{"type":"Polygon","coordinates":[[[-0.1999,54.1525],[-0.0755,54.1121],[-0.1639,54.0834],[-0.1947,54.0623],[-0.2195,54.0228],[-0.1511,53.8993],[0.1335,53.6426],[0.1493,53.6096],[0.1369,53.5771],[0.1096,53.5629],[0.136,53.6107],[0.1202,53.6181],[0.0345,53.6461],[-0.045,53.6256],[-0.0923,53.631],[-0.13,53.6461],[-0.2253,53.7199],[-0.2956,53.7388],[-0.341,53.7876],[-0.3864,53.7887],[-0.4261,53.774],[-0.4497,53.7143],[-0.5444,53.7095],[-0.5792,53.728],[-0.637,53.732],[-0.7265,53.7006],[-0.6993,53.6913],[-0.8607,53.6124],[-0.86,53.6324],[-0.9414,53.6569],[-1.0739,53.6477],[-1.1097,53.6755],[-1.0939,53.7136],[-1.0206,53.6947],[-0.9256,53.7227],[-0.9637,53.743],[-0.9342,53.7683],[-0.9203,53.8077],[-0.9411,53.8355],[-0.9405,53.868],[-0.9209,53.9438],[-0.928,53.9718],[-0.8893,54.0071],[-0.7339,54.0222],[-0.6684,54.0071],[-0.6656,54.0249],[-0.6409,54.0322],[-0.6412,54.0588],[-0.5709,54.0847],[-0.5133,54.0833],[-0.4467,54.1072],[-0.4486,54.1235],[-0.4203,54.1386],[-0.4159,54.1627],[-0.3981,54.1699],[-0.2945,54.136],[-0.2228,54.133],[-0.1999,54.1525]]]}},{"type":"Feature","id":"East Sussex","properties":{"id":"East Sussex","iso_code":"GB-ESX","name":"East Sussex","name_full":"East Sussex","name_ja":"イースト・サセックス","center_lonlat":[0.2792,50.9414]},"geometry":{"type":"Polygon","coordinates":[[[0.8698,50.9251],[0.8023,50.9392],[0.7625,50.9309],[0.6644,50.8703],[0.6242,50.8587],[0.3652,50.819],[0.271,50.7474],[0.1221,50.7608],[0.0175,50.7849],[-0.0112,50.8243],[-0.1286,50.8826],[-0.117,50.9269],[-0.0939,50.9494],[-0.1056,50.9702],[-0.0675,50.9933],[-0.0159,50.9819],[-0.0067,51.0224],[0.0191,51.0505],[-0.0289,51.0775],[-0.0212,51.0905],[0.0366,51.1113],[0.0213,51.1358],[0.0627,51.1358],[0.1543,51.1393],[0.1405,51.1116],[0.3314,51.1199],[0.3355,51.1069],[0.3592,51.1013],[0.3575,51.0863],[0.4011,51.0819],[0.4166,51.0652],[0.4747,51.0477],[0.4797,51.0302],[0.5697,50.9999],[0.6581,51.0138],[0.6958,50.9955],[0.7633,50.9971],[0.7866,50.9883],[0.8211,50.9441],[0.8666,50.9438],[0.8698,50.9251]]]}},{"type":"Feature","id":"Edinburgh","properties":{"id":"Edinburgh","iso_code":"GB-EDH","name":"Edinburgh","name_full":"Edinburgh","name_ja":"エディンバラ","center_lonlat":[-3.2842,55.9188]},"geometry":{"type":"Polygon","coordinates":[[[-3.4498,55.9968],[-3.1218,55.9693],[-3.0782,55.9468],[-3.0875,55.8906],[-3.1896,55.8826],[-3.3602,55.8117],[-3.3953,55.8173],[-3.3905,55.8842],[-3.4495,55.9161],[-3.4498,55.9968]]]}},{"type":"Feature","id":"Enfield","properties":{"id":"Enfield","iso_code":"GB-ENF","name":"Enfield","name_full":"Enfield","name_ja":"インフィールド・ロンドン特別区","center_lonlat":[-0.0822,51.6471]},"geometry":{"type":"Polygon","coordinates":[[[-0.0113,51.6772],[-0.0128,51.6499],[-0.0026,51.6466],[-0.03,51.6011],[-0.1305,51.6078],[-0.12,51.6279],[-0.166,51.6514],[-0.1654,51.6713],[-0.1481,51.6891],[-0.0113,51.6772]]]}},{"type":"Feature","id":"Essex","properties":{"id":"Essex","iso_code":"GB-ESS","name":"Essex","name_full":"Essex","name_ja":"エセックス","center_lonlat":[0.5617,51.8074]},"geometry":{"type":"Polygon","coordinates":[[[1.0785,51.9507],[1.282,51.9466],[1.2785,51.9279],[1.1996,51.8777],[1.2644,51.864],[1.2866,51.8817],[1.2883,51.8606],[1.1678,51.7902],[1.0654,51.7753],[1.0373,51.7822],[0.9798,51.8436],[0.9621,51.8138],[0.887,51.7821],[0.8737,51.7473],[0.8357,51.7337],[0.7671,51.7394],[0.6986,51.72],[0.7493,51.7085],[0.7608,51.6927],[0.9124,51.7415],[0.9456,51.7337],[0.9382,51.7064],[0.9518,51.6784],[0.9347,51.6359],[0.9115,51.6238],[0.9518,51.617],[0.9245,51.5883],[0.8283,51.5418],[0.6858,51.5772],[0.6486,51.5695],[0.6346,51.5431],[0.6467,51.5353],[0.5689,51.5084],[0.5472,51.5177],[0.5447,51.5292],[0.4811,51.5431],[0.3199,51.5579],[0.3083,51.5788],[0.2705,51.5935],[0.2481,51.6274],[0.1485,51.6174],[0.0839,51.601],[0.0276,51.6265],[-0.0026,51.6466],[-0.0128,51.6499],[-0.0113,51.6772],[0.0,51.7331],[0.0356,51.7683],[0.158,51.7905],[0.1633,51.8058],[0.1903,51.8166],[0.173,51.8252],[0.1736,51.8483],[0.1992,51.8658],[0.1899,51.8902],[0.1417,51.8839],[0.1108,51.9736],[0.0825,51.9833],[0.0805,52.0024],[0.1083,52.0274],[0.1064,52.0549],[0.1391,52.0419],[0.1769,52.048],[0.2067,52.0816],[0.3069,52.0819],[0.3911,52.0355],[0.4014,52.0427],[0.3931,52.0516],[0.4089,52.0593],[0.4891,52.0691],[0.525,52.0483],[0.6783,52.0772],[0.7011,52.0674],[0.7186,52.0147],[0.7378,52.0163],[0.7878,51.9547],[0.9144,51.9683],[1.0785,51.9507]]]}},{"type":"Feature","id":"Falkirk","properties":{"id":"Falkirk","iso_code":"GB-FAL","name":"Falkirk","name_full":"Falkirk","name_ja":"フォルカーク","center_lonlat":[-3.7819,55.9841]},"geometry":{"type":"Polygon","coordinates":[[[-3.7391,56.0507],[-3.7214,56.0307],[-3.6866,56.0307],[-3.6562,56.0102],[-3.5774,56.017],[-3.5053,56.0056],[-3.5395,55.9866],[-3.5986,55.9911],[-3.6642,55.9544],[-3.6673,55.9422],[-3.8089,55.8952],[-3.8939,55.9333],[-3.865,55.9561],[-3.9225,55.9575],[-3.9372,55.9844],[-3.9747,55.9852],[-3.9728,56.0063],[-4.0113,56.0122],[-3.9216,56.0373],[-3.7391,56.0507]]]}},{"type":"Feature","id":"Fermanagh","properties":{"id":"Fermanagh","iso_code":"GB-FER","name":"Fermanagh","name_full":"Fermanagh","name_ja":"ファーマナ区","center_lonlat":[-7.6439,54.3485]},"geometry":{"type":"Polygon","coordinates":[[[-7.708,54.6048],[-7.6934,54.6007],[-7.67,54.5786],[-7.6387,54.5797],[-7.5975,54.5613],[-7.5489,54.5652],[-7.5339,54.553],[-7.5611,54.543],[-7.5787,54.5055],[-7.5592,54.4291],[-7.5353,54.4147],[-7.5081,54.4049],[-7.4206,54.4361],[-7.3645,54.4302],[-7.3297,54.4033],[-7.3322,54.371],[-7.2778,54.3633],[-7.2531,54.3283],[-7.2317,54.3219],[-7.1895,54.3357],[-7.1846,54.3166],[-7.2115,54.3042],[-7.209,54.2934],[-7.1755,54.2837],[-7.1815,54.2698],[-7.1459,54.2521],[-7.1597,54.2407],[-7.1533,54.2242],[-7.2491,54.1974],[-7.2611,54.1809],[-7.2458,54.167],[-7.2654,54.1611],[-7.2707,54.1323],[-7.2974,54.1259],[-7.2955,54.1651],[-7.3332,54.1494],[-7.3103,54.1147],[-7.3947,54.1219],[-7.4258,54.137],[-7.4147,54.1457],[-7.5023,54.1251],[-7.609,54.1399],[-7.6327,54.1685],[-7.7048,54.2004],[-7.8564,54.2114],[-7.8697,54.2269],[-7.8803,54.287],[-7.9508,54.3009],[-8.0022,54.3579],[-8.0565,54.3659],[-8.1738,54.4617],[-8.0724,54.4871],[-8.0022,54.5434],[-7.8871,54.5321],[-7.708,54.6048]]]}},{"type":"Feature","id":"Fife","properties":{"id":"Fife","iso_code":"GB-FIF","name":"Fife","name_full":"Fife","name_ja":"ファイフ","center_lonlat":[-3.1114,56.2297]},"geometry":{"type":"Polygon","coordinates":[[[-3.2624,56.3528],[-3.1496,56.3756],[-2.885,56.458],[-2.8028,56.428],[-2.8083,56.3911],[-2.8376,56.3659],[-2.813,56.3659],[-2.8028,56.3454],[-2.6553,56.3222],[-2.5768,56.2778],[-2.6483,56.2287],[-2.7836,56.192],[-2.8307,56.1907],[-2.8921,56.2089],[-2.9643,56.2056],[-3.0911,56.1323],[-3.1276,56.1229],[-3.1636,56.0639],[-3.2484,56.056],[-3.3427,56.0272],[-3.6715,56.0508],[-3.7465,56.0728],[-3.7156,56.0975],[-3.6314,56.1063],[-3.6484,56.1216],[-3.6306,56.1282],[-3.5509,56.1524],[-3.5292,56.1416],[-3.387,56.1371],[-3.3495,56.1649],[-3.2747,56.1658],[-3.3034,56.1797],[-3.2611,56.1963],[-3.2642,56.2191],[-3.2889,56.233],[-3.3484,56.2366],[-3.3475,56.2544],[-3.3628,56.2647],[-3.3345,56.2819],[-3.2997,56.2816],[-3.2906,56.303],[-3.2434,56.3061],[-3.2658,56.3235],[-3.2528,56.3347],[-3.2624,56.3528]]]}},{"type":"Feature","id":"Flintshire","properties":{"id":"Flintshire","iso_code":"GB-FLN","name":"Flintshire","name_full":"Flintshire","name_ja":"フリントシャー","center_lonlat":[-3.1613,53.2108]},"geometry":{"type":"Polygon","coordinates":[[[-3.0845,53.2586],[-3.0198,53.2467],[-2.9224,53.1935],[-2.9126,53.1701],[-2.9568,53.1446],[-2.9918,53.1389],[-3.1227,53.0664],[-3.1915,53.148],[-3.2713,53.157],[-3.3409,53.2188],[-3.3409,53.2729],[-3.3821,53.2974],[-3.3605,53.3511],[-3.2924,53.3405],[-3.1222,53.2623],[-3.0878,53.2347],[-3.0845,53.2586]]]}},{"type":"Feature","id":"Gateshead","properties":{"id":"Gateshead","iso_code":"GB-GAT","name":"Gateshead","name_full":"Gateshead","name_ja":"メトロポリタン・バラ・オブ・ゲーツヘッド","center_lonlat":[-1.684,54.9386]},"geometry":{"type":"Polygon","coordinates":[[[-1.8201,54.9047],[-1.8506,54.9197],[-1.8217,54.9294],[-1.8001,54.9722],[-1.7495,55.0027],[-1.5322,54.9539],[-1.5192,54.9398],[-1.5257,54.9214],[-1.5571,54.9192],[-1.5773,54.886],[-1.8201,54.9047]]]}},{"type":"Feature","id":"Glasgow","properties":{"id":"Glasgow","iso_code":"GB-GLG","name":"Glasgow","name_full":"Glasgow","name_ja":"グラスゴー","center_lonlat":[-4.241,55.8502]},"geometry":{"type":"Polygon","coordinates":[[[-4.3558,55.864],[-4.3517,55.9052],[-4.2947,55.8982],[-4.2695,55.9161],[-4.2137,55.8898],[-4.1619,55.8917],[-4.1193,55.8683],[-4.0699,55.8619],[-4.0843,55.8272],[-4.1769,55.8308],[-4.1969,55.8203],[-4.1895,55.795],[-4.2021,55.7845],[-4.2404,55.7934],[-4.2568,55.8035],[-4.3474,55.794],[-4.3568,55.8191],[-4.3558,55.864]]]}},{"type":"Feature","id":"Gloucestershire","properties":{"id":"Gloucestershire","iso_code":"GB-GLS","name":"Gloucestershire","name_full":"Gloucestershire","name_ja":"グロスターシャー","center_lonlat":[-2.1131,51.8232]},"geometry":{"type":"Polygon","coordinates":[[[-2.6654,51.6173],[-2.684,51.6621],[-2.6616,51.6722],[-2.6844,51.7219],[-2.6702,51.7495],[-2.681,51.7723],[-2.6485,51.8214],[-2.6361,51.8535],[-2.62,51.8377],[-2.5855,51.8446],[-2.4345,51.8966],[-2.4339,51.9155],[-2.4814,51.958],[-2.4609,52.0197],[-2.4131,51.9894],[-2.3516,52.0139],[-2.3078,51.9736],[-2.2517,51.9627],[-2.2342,51.9641],[-2.2081,51.9908],[-2.16,51.9949],[-2.1763,52.0073],[-2.1648,52.0405],[-2.1149,52.0421],[-2.1433,52.0063],[-2.13,51.9952],[-2.1059,52.0077],[-2.0309,51.9999],[-1.9423,52.0302],[-1.8789,52.028],[-1.832,52.008],[-1.8278,52.0344],[-1.8633,52.0627],[-1.8139,52.0688],[-1.7578,52.1058],[-1.7159,52.0849],[-1.6745,52.0311],[-1.6123,52.0266],[-1.6525,51.9839],[-1.6569,51.9591],[-1.6189,51.9449],[-1.6128,51.9316],[-1.6461,51.91],[-1.6375,51.8938],[-1.6759,51.8552],[-1.6792,51.7971],[-1.7092,51.7749],[-1.6925,51.7624],[-1.6761,51.7047],[-1.6442,51.6797],[-1.6833,51.6786],[-1.7497,51.6588],[-1.7774,51.6604],[-1.8061,51.698],[-1.8328,51.6566],[-1.8881,51.6725],[-1.8748,51.6408],[-1.94,51.663],[-1.9487,51.6399],[-1.9684,51.6344],[-2.0573,51.6641],[-2.1489,51.5894],[-2.1917,51.5983],[-2.2716,51.5772],[-2.2872,51.5883],[-2.2731,51.6125],[-2.2862,51.6227],[-2.3081,51.6236],[-2.3003,51.6066],[-2.3439,51.6086],[-2.3773,51.5939],[-2.3792,51.6358],[-2.445,51.6483],[-2.4789,51.6391],[-2.4872,51.6597],[-2.5355,51.673],[-2.465,51.7259],[-2.3885,51.7504],[-2.3834,51.7733],[-2.3981,51.7821],[-2.4204,51.7531],[-2.4821,51.7429],[-2.6654,51.6173]]]}},{"type":"Feature","id":"Greenwich","properties":{"id":"Greenwich","iso_code":"GB-GRE","name":"Greenwich","name_full":"Greenwich","name_ja":"グリニッジ王室特別区","center_lonlat":[0.0536,51.4692]},"geometry":{"type":"Polygon","coordinates":[[[0.0194,51.5026],[0.0483,51.4911],[0.0969,51.4977],[0.1205,51.5028],[0.1212,51.4768],[0.0885,51.4669],[0.0803,51.4315],[0.066,51.4226],[0.0255,51.438],[0.0155,51.4645],[-0.0085,51.4649],[-0.0231,51.4887],[0.0002,51.4806],[0.0054,51.4989],[0.0194,51.5026]]]}},{"type":"Feature","id":"Gwynedd","properties":{"id":"Gwynedd","iso_code":"GB-GWN","name":"Gwynedd","name_full":"Gwynedd","name_ja":"グウィネズ","center_lonlat":[-4.0147,52.8907]},"geometry":{"type":"Polygon","coordinates":[[[-3.9473,52.5509],[-4.0531,52.5424],[-4.1255,52.6039],[-4.1059,52.6535],[-4.0565,52.7007],[-3.9883,52.7343],[-4.0488,52.7216],[-4.1252,52.7783],[-4.149,52.8121],[-4.1173,52.8308],[-4.1299,52.8892],[-4.064,52.9192],[-4.0776,52.9267],[-4.1005,52.9141],[-4.1186,52.9267],[-4.1444,52.9148],[-4.2285,52.9192],[-4.3373,52.892],[-4.4066,52.8925],[-4.4817,52.8509],[-4.4755,52.8441],[-4.501,52.8268],[-4.4891,52.8032],[-4.5165,52.7895],[-4.5946,52.8168],[-4.6486,52.7996],[-4.7045,52.8032],[-4.7474,52.7834],[-4.7628,52.7895],[-4.7349,52.8305],[-4.5961,52.9284],[-4.524,52.9442],[-4.3582,53.0285],[-4.3409,53.1127],[-4.3276,53.1147],[-4.3207,53.1015],[-4.178,53.2176],[-4.0004,53.2487],[-3.9271,53.2008],[-3.9503,53.157],[-4.0083,53.1003],[-3.9684,53.0475],[-3.9799,52.9959],[-3.8948,53.0088],[-3.8601,52.9637],[-3.788,52.9367],[-3.6011,53.0069],[-3.5859,52.9972],[-3.5934,52.9816],[-3.5672,52.9652],[-3.4939,52.9647],[-3.4615,52.9764],[-3.4234,52.9708],[-3.4767,52.9333],[-3.4503,52.9099],[-3.4684,52.8936],[-3.47,52.8619],[-3.4908,52.8347],[-3.5872,52.8116],[-3.5972,52.7844],[-3.5717,52.7305],[-3.6015,52.6955],[-3.6986,52.6761],[-3.797,52.6747],[-3.8336,52.6408],[-3.8378,52.5991],[-3.9275,52.5532],[-3.9473,52.5509]]]}},{"type":"Feature","id":"Hackney","properties":{"id":"Hackney","iso_code":"GB-HCK","name":"Hackney","name_full":"Hackney","name_ja":"ハックニー・ロンドン特別区","center_lonlat":[-0.055,51.5482]},"geometry":{"type":"Polygon","coordinates":[[[-0.0874,51.5269],[-0.0701,51.5455],[-0.0941,51.5601],[-0.0903,51.571],[-0.0527,51.5736],[-0.0106,51.5524],[-0.011,51.5435],[-0.072,51.516],[-0.0874,51.5269]]]}},{"type":"Feature","id":"Halton","properties":{"id":"Halton","iso_code":"GB-WRL","name":"Halton","name_full":"Halton","name_ja":"ハルトン","center_lonlat":[-3.0612,53.3576]},"geometry":{"type":"Polygon","coordinates":[[[-3.0959,53.2871],[-3.1852,53.3773],[-3.1864,53.3928],[-3.0583,53.4348],[-3.0122,53.4167],[-2.953,53.3239],[-2.9264,53.3048],[-2.945,53.2894],[-3.0667,53.3055],[-3.0959,53.2871]]]}},{"type":"Feature","id":"Halton (GB-HAL)","properties":{"id":"Halton (GB-HAL)","iso_code":"GB-HAL","name":"Halton (GB-HAL)","name_full":"Halton","name_ja":"ハルトン","center_lonlat":[-2.6922,53.3339]},"geometry":{"type":"Polygon","coordinates":[[[-2.7755,53.2999],[-2.7481,53.3096],[-2.7432,53.3385],[-2.6998,53.3518],[-2.7644,53.3452],[-2.7824,53.3264],[-2.8103,53.3217],[-2.8034,53.3438],[-2.787,53.3366],[-2.7547,53.3781],[-2.7411,53.3883],[-2.6806,53.3788],[-2.6629,53.3574],[-2.5694,53.3123],[-2.6279,53.2942],[-2.7755,53.2999]]]}},{"type":"Feature","id":"Hammersmith and Fulham","properties":{"id":"Hammersmith and Fulham","iso_code":"GB-HMF","name":"Hammersmith and Fulham","name_full":"Hammersmith and Fulham","name_ja":"ハマースミス・アンド・フラム・ロンドン特別区","center_lonlat":[-0.2168,51.4964]},"geometry":{"type":"Polygon","coordinates":[[[-0.2127,51.4729],[-0.2367,51.4872],[-0.2445,51.4944],[-0.2366,51.5265],[-0.2111,51.522],[-0.2023,51.4938],[-0.1712,51.4726],[-0.2127,51.4729]]]}},{"type":"Feature","id":"Hampshire","properties":{"id":"Hampshire","iso_code":"GB-HAM","name":"Hampshire","name_full":"Hampshire","name_ja":"ハンプシャー","center_lonlat":[-1.2857,51.0703]},"geometry":{"type":"Polygon","coordinates":[[[-0.9298,50.84],[-0.9949,50.8471],[-1.0563,50.8578],[-1.0881,50.8498],[-1.1647,50.8437],[-1.1238,50.8188],[-1.1249,50.7887],[-1.1511,50.7814],[-1.3186,50.8569],[-1.3087,50.9213],[-1.3383,50.9368],[-1.4257,50.941],[-1.4493,50.9121],[-1.4664,50.9182],[-1.3231,50.8258],[-1.3173,50.8002],[-1.4187,50.7884],[-1.4049,50.7747],[-1.4875,50.7577],[-1.5247,50.7611],[-1.5594,50.7192],[-1.6729,50.7401],[-1.6767,50.7544],[-1.7342,50.7544],[-1.735,50.778],[-1.7865,50.7687],[-1.8095,50.8022],[-1.7961,50.8316],[-1.8057,50.8677],[-1.8328,50.8658],[-1.8392,50.8913],[-1.8114,50.9055],[-1.805,50.9294],[-1.8798,50.9247],[-1.9501,50.9883],[-1.8689,51.0058],[-1.8578,50.9947],[-1.8376,51.0091],[-1.8108,50.9927],[-1.6981,50.975],[-1.655,50.9502],[-1.6106,50.9597],[-1.5997,50.9769],[-1.6214,50.9947],[-1.5967,51.0175],[-1.622,51.0341],[-1.6314,51.0861],[-1.622,51.1082],[-1.6528,51.1263],[-1.655,51.1713],[-1.6965,51.2366],[-1.6281,51.2341],[-1.5797,51.2577],[-1.5384,51.2449],[-1.5278,51.2524],[-1.5392,51.2755],[-1.52,51.3025],[-1.5267,51.3297],[-1.487,51.3324],[-1.4331,51.3347],[-1.4367,51.3524],[-1.3995,51.3705],[-1.12,51.3547],[-1.1111,51.3713],[-1.0775,51.3763],[-1.032,51.3547],[-0.9964,51.3622],[-0.8529,51.3501],[-0.7653,51.3313],[-0.7297,51.2916],[-0.7311,51.2438],[-0.7484,51.2316],[-0.8164,51.2369],[-0.84,51.2039],[-0.8245,51.1827],[-0.8236,51.1516],[-0.7909,51.1469],[-0.78,51.1235],[-0.747,51.1113],[-0.7537,51.0887],[-0.7881,51.0605],[-0.8375,51.0605],[-0.8909,51.0099],[-0.9308,50.9438],[-0.9217,50.9205],[-0.9525,50.8919],[-0.9233,50.8652],[-0.9298,50.84]]]}},{"type":"Feature","id":"Haringey","properties":{"id":"Haringey","iso_code":"GB-HRY","name":"Haringey","name_full":"Haringey","name_ja":"ハーリンゲイ・ロンドン特別区","center_lonlat":[-0.1006,51.5862]},"geometry":{"type":"Polygon","coordinates":[[[-0.0941,51.5601],[-0.1108,51.5709],[-0.131,51.5641],[-0.1627,51.5664],[-0.1484,51.5992],[-0.137,51.5958],[-0.1305,51.6078],[-0.03,51.6011],[-0.0527,51.5736],[-0.0903,51.571],[-0.0941,51.5601]]]}},{"type":"Feature","id":"Harrow","properties":{"id":"Harrow","iso_code":"GB-HRW","name":"Harrow","name_full":"Harrow","name_ja":"ハーロウ・ロンドン特別区","center_lonlat":[-0.3343,51.595]},"geometry":{"type":"Polygon","coordinates":[[[-0.3255,51.5493],[-0.3678,51.5484],[-0.3998,51.6148],[-0.2936,51.6383],[-0.2668,51.601],[-0.2826,51.5822],[-0.3125,51.5756],[-0.3255,51.5493]]]}},{"type":"Feature","id":"Hartlepool","properties":{"id":"Hartlepool","iso_code":"GB-HPL","name":"Hartlepool","name_full":"Hartlepool","name_ja":"ハートリプール","center_lonlat":[-1.2602,54.6616]},"geometry":{"type":"Polygon","coordinates":[[[-1.2453,54.7254],[-1.1722,54.7012],[-1.1925,54.6893],[-1.1647,54.6528],[-1.2063,54.633],[-1.1926,54.62],[-1.2117,54.6066],[-1.3885,54.6267],[-1.3795,54.6388],[-1.3337,54.6474],[-1.3259,54.6822],[-1.2942,54.7113],[-1.2453,54.7254]]]}},{"type":"Feature","id":"Havering","properties":{"id":"Havering","iso_code":"GB-HAV","name":"Havering","name_full":"Havering","name_ja":"ヘイヴァリング・ロンドン特別区","center_lonlat":[0.2306,51.5599]},"geometry":{"type":"Polygon","coordinates":[[[0.1524,51.5989],[0.1485,51.6174],[0.2481,51.6274],[0.2705,51.5935],[0.3083,51.5788],[0.3199,51.5579],[0.3361,51.54],[0.2728,51.5166],[0.2477,51.52],[0.2422,51.4988],[0.2246,51.489],[0.1907,51.4827],[0.166,51.5001],[0.1933,51.554],[0.1838,51.5662],[0.1597,51.5633],[0.1524,51.5989]]]}},{"type":"Feature","id":"Herefordshire","properties":{"id":"Herefordshire","iso_code":"GB-HEF","name":"Herefordshire","name_full":"Herefordshire","name_ja":"ヘレフォードシャー","center_lonlat":[-2.7396,52.0976]},"geometry":{"type":"Polygon","coordinates":[[[-3.0513,51.9835],[-3.0799,52.0168],[-3.0876,52.0517],[-3.1231,52.0733],[-3.1008,52.112],[-3.1247,52.129],[-3.0782,52.1473],[-3.1077,52.1727],[-3.051,52.2328],[-3.0119,52.2548],[-2.9564,52.2641],[-2.9933,52.2796],[-2.9995,52.2962],[-2.9573,52.3279],[-2.9574,52.3412],[-2.895,52.3622],[-2.9022,52.3808],[-2.872,52.3752],[-2.8389,52.3913],[-2.8034,52.3802],[-2.7814,52.3527],[-2.732,52.3513],[-2.7278,52.341],[-2.7461,52.3244],[-2.695,52.3036],[-2.6751,52.3063],[-2.6653,52.3297],[-2.6409,52.3322],[-2.607,52.2417],[-2.5273,52.243],[-2.4887,52.2649],[-2.4475,52.2585],[-2.4578,52.2302],[-2.4154,52.2199],[-2.4064,52.2058],[-2.4051,52.1427],[-2.3498,52.1067],[-2.3516,52.0139],[-2.4131,51.9894],[-2.4609,52.0197],[-2.4814,51.958],[-2.4339,51.9155],[-2.4345,51.8966],[-2.5855,51.8446],[-2.62,51.8377],[-2.6361,51.8535],[-2.6485,51.8214],[-2.735,51.8399],[-2.8736,51.9292],[-2.9608,51.9111],[-3.0513,51.9835]]]}},{"type":"Feature","id":"Hertfordshire","properties":{"id":"Hertfordshire","iso_code":"GB-HRT","name":"Hertfordshire","name_full":"Hertfordshire","name_ja":"ハートフォードシャー","center_lonlat":[-0.2048,51.827]},"geometry":{"type":"Polygon","coordinates":[[[-0.0113,51.6772],[-0.1481,51.6891],[-0.1654,51.6713],[-0.2175,51.6541],[-0.2384,51.6722],[-0.2542,51.6441],[-0.2936,51.6383],[-0.3998,51.6148],[-0.4814,51.616],[-0.4935,51.5909],[-0.5256,51.6249],[-0.497,51.6755],[-0.5372,51.6749],[-0.5509,51.7086],[-0.5267,51.7349],[-0.5648,51.7321],[-0.5889,51.7491],[-0.662,51.7585],[-0.6784,51.7958],[-0.73,51.8277],[-0.7014,51.8497],[-0.6745,51.843],[-0.6764,51.8291],[-0.6539,51.8113],[-0.5795,51.8013],[-0.552,51.8216],[-0.5336,51.8194],[-0.5081,51.8016],[-0.4822,51.8344],[-0.4527,51.8474],[-0.38,51.8244],[-0.3401,51.8438],[-0.3487,51.881],[-0.3852,51.9211],[-0.3992,51.9349],[-0.3864,51.9711],[-0.375,51.978],[-0.3612,51.9494],[-0.3442,51.963],[-0.3478,51.9813],[-0.29,51.9936],[-0.2548,51.9786],[-0.2009,52.01],[-0.2047,52.0302],[-0.1461,52.0697],[-0.1092,52.0194],[-0.0114,52.0516],[0.0514,52.0433],[0.0805,52.0024],[0.0825,51.9833],[0.1108,51.9736],[0.1417,51.8839],[0.1899,51.8902],[0.1992,51.8658],[0.1736,51.8483],[0.173,51.8252],[0.1903,51.8166],[0.1633,51.8058],[0.158,51.7905],[0.0356,51.7683],[0.0,51.7331],[-0.0113,51.6772]]]}},{"type":"Feature","id":"Highland","properties":{"id":"Highland","iso_code":"GB-HLD","name":"Highland","name_full":"Highland","name_ja":"ハイランド","center_lonlat":[-4.6346,57.6095]},"geometry":{"type":"MultiPolygon","coordinates":[[[[-5.3045,56.6402],[-5.2985,56.6464],[-5.3178,56.6613],[-5.2868,56.675],[-5.2482,56.6741],[-5.2189,56.6887],[-5.1533,56.6812],[-4.9956,56.716],[-5.1606,56.6959],[-5.2383,56.7166],[-5.2284,56.7365],[-5.1197,56.8184],[-5.2335,56.7607],[-5.2685,56.7131],[-5.3098,56.7065],[-5.3881,56.6552],[-5.4344,56.6429],[-5.5996,56.529],[-5.6741,56.4969],[-5.7703,56.5378],[-5.7491,56.572],[-5.7939,56.5433],[-5.8544,56.5505],[-6.0034,56.6187],[-6.0082,56.6423],[-5.9336,56.6547],[-5.8392,56.6265],[-5.8317,56.634],[-5.8658,56.6613],[-5.76,56.7008],[-5.6474,56.6812],[-5.5437,56.6955],[-5.6586,56.6907],[-5.75,56.7145],[-5.8968,56.6751],[-6.0986,56.697],[-6.1617,56.6782],[-6.2228,56.6955],[-6.2364,56.7191],[-6.1805,56.7546],[-6.027,56.7637],[-5.9652,56.7849],[-5.8522,56.747],[-5.8581,56.7685],[-5.8863,56.7849],[-5.7567,56.7849],[-5.8317,56.8054],[-5.8512,56.8289],[-5.7339,56.8448],[-5.6604,56.873],[-5.692,56.8753],[-5.7445,56.8542],[-5.7839,56.8599],[-5.7355,56.8941],[-5.9211,56.8941],[-5.8522,56.9003],[-5.8801,56.922],[-5.8625,56.9337],[-5.8317,56.9971],[-5.7552,57.0266],[-5.7293,57.0238],[-5.6586,56.9795],[-5.5233,56.9971],[-5.6288,56.9919],[-5.6855,57.0096],[-5.68,57.0362],[-5.702,57.0449],[-5.7423,57.0381],[-5.7911,57.0593],[-5.7156,57.1201],[-5.6459,57.1295],[-5.5583,57.1004],[-5.4004,57.1064],[-5.42,57.1207],[-5.5406,57.1064],[-5.5846,57.1337],[-5.6809,57.1579],[-5.6256,57.2163],[-5.6442,57.2332],[-5.5782,57.2668],[-5.5437,57.2709],[-5.4463,57.223],[-5.4072,57.2299],[-5.4581,57.2466],[-5.5019,57.2777],[-5.4407,57.3193],[-5.465,57.3249],[-5.5062,57.2982],[-5.5784,57.2777],[-5.657,57.2913],[-5.7206,57.2845],[-5.7293,57.2982],[-5.702,57.3323],[-5.6544,57.3539],[-5.6365,57.3398],[-5.6132,57.342],[-5.5013,57.371],[-5.4567,57.3935],[-5.4481,57.4217],[-5.4651,57.4239],[-5.5635,57.3631],[-5.64,57.3739],[-5.6071,57.3891],[-5.6196,57.4167],[-5.7072,57.3598],[-5.8078,57.3549],[-5.8249,57.3944],[-5.8112,57.4012],[-5.8253,57.4289],[-5.8112,57.4422],[-5.859,57.4527],[-5.8727,57.4937],[-5.8471,57.5589],[-5.8317,57.5588],[-5.8392,57.5793],[-5.8036,57.5814],[-5.64,57.5111],[-5.6536,57.5316],[-5.5127,57.5415],[-5.5884,57.561],[-5.6604,57.5446],[-5.6945,57.5663],[-5.6809,57.5793],[-5.7142,57.5827],[-5.7628,57.634],[-5.8059,57.6426],[-5.8054,57.6672],[-5.785,57.6795],[-5.7908,57.696],[-5.7345,57.708],[-5.6925,57.6911],[-5.6741,57.7097],[-5.7205,57.7334],[-5.8038,57.7438],[-5.8112,57.8332],[-5.7765,57.8679],[-5.6986,57.8691],[-5.6741,57.8605],[-5.6604,57.7922],[-5.6374,57.7742],[-5.6058,57.7705],[-5.6256,57.7922],[-5.5846,57.7848],[-5.5853,57.8314],[-5.6504,57.8778],[-5.64,57.8878],[-5.6536,57.8947],[-5.6126,57.9288],[-5.5505,57.9151],[-5.5563,57.8878],[-5.487,57.8559],[-5.455,57.8537],[-5.4612,57.8605],[-5.4371,57.8976],[-5.4149,57.9081],[-5.2216,57.8469],[-5.3207,57.8985],[-5.3929,57.9182],[-5.3929,57.9356],[-5.3717,57.9311],[-5.3662,57.9431],[-5.2974,57.9083],[-5.2563,57.9151],[-5.1988,57.8978],[-5.12,57.868],[-5.0708,57.8332],[-5.0972,57.8709],[-5.2216,57.9213],[-5.194,57.936],[-5.2045,57.9601],[-5.2926,57.9806],[-5.3339,58.0085],[-5.3594,58.0114],[-5.3519,58.0175],[-5.3669,58.0289],[-5.4276,58.0312],[-5.4139,58.0523],[-5.447,58.0844],[-5.4281,58.098],[-5.39,58.0922],[-5.3662,58.066],[-5.3443,58.0755],[-5.3008,58.0701],[-5.2768,58.0864],[-5.2905,58.1206],[-5.2768,58.1274],[-5.2974,58.1348],[-5.2421,58.1479],[-5.2908,58.1563],[-5.3315,58.182],[-5.324,58.2031],[-5.3468,58.2069],[-5.3929,58.2447],[-5.3921,58.2614],[-5.2939,58.2409],[-5.2161,58.2614],[-5.1732,58.2509],[-5.1294,58.2714],[-5.0677,58.2509],[-5.0024,58.2509],[-4.9336,58.223],[-4.982,58.2509],[-4.9267,58.2646],[-5.0099,58.2714],[-5.0501,58.2599],[-5.1362,58.3056],[-5.1732,58.3539],[-5.1533,58.3539],[-5.1629,58.3745],[-5.1431,58.4148],[-5.058,58.3873],[-5.0162,58.3881],[-5.0534,58.4066],[-5.057,58.4222],[-5.0981,58.4148],[-5.085,58.429],[-5.1055,58.4365],[-5.0501,58.4538],[-4.9956,58.4365],[-5.1055,58.4874],[-5.1056,58.5056],[-5.028,58.5441],[-5.005,58.6177],[-4.9882,58.6283],[-4.8359,58.605],[-4.8038,58.5594],[-4.8181,58.5246],[-4.7918,58.5417],[-4.7858,58.5771],[-4.7716,58.5904],[-4.7765,58.6072],[-4.66,58.5559],[-4.6673,58.532],[-4.7145,58.5056],[-4.761,58.448],[-4.6121,58.5246],[-4.585,58.5742],[-4.5175,58.5755],[-4.4265,58.5464],[-4.4265,58.5246],[-4.4954,58.4495],[-4.4612,58.4625],[-4.4339,58.4836],[-4.4342,58.4963],[-4.3439,58.5389],[-4.307,58.5464],[-4.2347,58.5246],[-4.2489,58.532],[-4.221,58.5519],[-4.177,58.5464],[-4.1493,58.5656],[-4.0815,58.5618],[-4.029,58.5952],[-4.0038,58.5706],[-3.8957,58.5656],[-3.8101,58.5731],[-3.6984,58.6112],[-3.5976,58.6271],[-3.5426,58.6208],[-3.5563,58.614],[-3.5321,58.6021],[-3.447,58.614],[-3.3641,58.6008],[-3.3508,58.6208],[-3.4129,58.6556],[-3.3749,58.6771],[-3.3583,58.6755],[-3.3406,58.6481],[-3.2041,58.6611],[-3.1519,58.6413],[-3.0191,58.6403],[-3.0492,58.5867],[-3.1293,58.5126],[-3.1187,58.4844],[-3.0644,58.483],[-3.0533,58.4658],[-3.0771,58.4495],[-3.0863,58.4142],[-3.1298,58.3693],[-3.2205,58.3056],[-3.385,58.2646],[-3.4381,58.236],[-3.4735,58.1934],[-3.5153,58.1684],[-3.735,58.0722],[-3.8092,58.0519],[-3.8517,58.0039],[-3.991,57.9604],[-4.0019,57.9356],[-4.0231,57.9431],[-4.0162,57.9493],[-4.0844,57.9642],[-4.0776,57.9431],[-4.0162,57.9322],[-3.9883,57.9083],[-4.0089,57.8896],[-4.0093,57.8679],[-4.0702,57.8742],[-4.105,57.8537],[-4.2182,57.8742],[-4.2989,57.8628],[-4.3924,57.9083],[-4.3077,57.8515],[-4.2082,57.8592],[-4.1497,57.8298],[-4.1335,57.8301],[-4.1391,57.8469],[-4.0399,57.8182],[-3.9835,57.8424],[-3.9515,57.8383],[-3.9337,57.8257],[-3.9473,57.8127],[-3.9148,57.8077],[-3.8777,57.8167],[-3.7985,57.8665],[-3.7794,57.8557],[-3.79,57.8307],[-3.9883,57.696],[-4.0237,57.6978],[-4.0162,57.7233],[-4.043,57.7373],[-4.1686,57.6894],[-4.2948,57.6802],[-4.3088,57.6549],[-4.4032,57.6095],[-4.4285,57.5775],[-4.3799,57.5893],[-4.3287,57.6263],[-4.2019,57.675],[-4.0968,57.6581],[-4.0093,57.6885],[-4.0045,57.676],[-4.0253,57.6552],[-4.1186,57.593],[-4.105,57.5793],[-4.1706,57.5707],[-4.1849,57.5482],[-4.2626,57.5521],[-4.208,57.5384],[-4.2489,57.4975],[-4.1948,57.4916],[-4.035,57.5569],[-4.0839,57.5861],[-3.8683,57.5879],[-3.7546,57.6263],[-3.7289,57.585],[-3.7089,57.5775],[-3.7117,57.5324],[-3.6814,57.5083],[-3.6847,57.4461],[-3.7192,57.4227],[-3.7184,57.4055],[-3.6664,57.4308],[-3.4981,57.4574],[-3.4386,57.4261],[-3.3978,57.4214],[-3.3845,57.3814],[-3.4867,57.3052],[-3.4453,57.2858],[-3.455,57.2372],[-3.4203,57.223],[-3.4367,57.1886],[-3.5309,57.1638],[-3.6795,57.0955],[-3.745,57.0666],[-3.7459,56.9916],[-3.7814,56.9644],[-3.7964,56.9302],[-3.8781,56.9246],[-3.9406,56.9474],[-3.9761,56.8955],[-4.1778,56.9074],[-4.2022,56.893],[-4.2011,56.8694],[-4.3031,56.845],[-4.3328,56.8241],[-4.3667,56.8266],[-4.4366,56.7784],[-4.5142,56.8036],[-4.5517,56.7636],[-4.5783,56.7549],[-4.5736,56.7274],[-4.5978,56.7085],[-4.5864,56.6925],[-4.7028,56.6702],[-4.7086,56.6415],[-4.9244,56.6594],[-5.0201,56.6409],[-5.0752,56.6072],[-5.1447,56.6164],[-5.1692,56.6309],[-5.3045,56.6402]]],[[[-6.5641,57.3466],[-6.5806,57.3388],[-6.696,57.3644],[-6.7148,57.3766],[-6.7317,57.417],[-6.7732,57.4341],[-6.7838,57.4564],[-6.7224,57.4564],[-6.7471,57.4879],[-6.7159,57.5142],[-6.6381,57.4533],[-6.6068,57.4439],[-6.6125,57.4626],[-6.5995,57.4694],[-6.6306,57.5018],[-6.6114,57.5122],[-6.5641,57.5036],[-6.5994,57.5375],[-6.6548,57.5521],[-6.631,57.5768],[-6.6405,57.6073],[-6.5723,57.5825],[-6.5546,57.5525],[-6.4649,57.5125],[-6.4208,57.5179],[-6.4435,57.4881],[-6.4121,57.5014],[-6.4003,57.521],[-6.3109,57.4626],[-6.3246,57.4968],[-6.3896,57.5525],[-6.3599,57.593],[-6.4003,57.5998],[-6.3959,57.6135],[-6.4157,57.6458],[-6.3599,57.6681],[-6.338,57.6992],[-6.3109,57.7028],[-6.1539,57.5895],[-6.1334,57.4763],[-6.147,57.4251],[-6.188,57.3944],[-6.1265,57.408],[-6.1179,57.3978],[-6.1401,57.3739],[-6.1352,57.3574],[-6.0992,57.3323],[-6.1539,57.3056],[-6.0454,57.3083],[-6.0411,57.3001],[-6.0781,57.2777],[-6.0085,57.2868],[-5.9767,57.2703],[-5.9232,57.2669],[-5.9006,57.2429],[-5.7679,57.2774],[-5.6474,57.2646],[-5.6639,57.2398],[-5.663,57.2127],[-5.6909,57.1895],[-5.7821,57.1662],[-5.8004,57.1237],[-5.8522,57.103],[-5.9349,57.0412],[-6.0067,57.0284],[-6.0304,57.0449],[-6.0273,57.0622],[-6.0002,57.0839],[-6.003,57.0996],[-5.9869,57.1182],[-5.9416,57.1548],[-5.8454,57.1883],[-5.9862,57.1746],[-5.9956,57.1957],[-6.044,57.2299],[-6.0235,57.1957],[-6.0509,57.1684],[-6.044,57.161],[-6.0886,57.1274],[-6.1014,57.1352],[-6.1129,57.1883],[-6.1645,57.2014],[-6.1743,57.1957],[-6.1598,57.1876],[-6.1772,57.1812],[-6.3183,57.161],[-6.2767,57.202],[-6.3456,57.1883],[-6.3798,57.2231],[-6.3456,57.2429],[-6.4082,57.2434],[-6.4822,57.3118],[-6.4164,57.3345],[-6.3109,57.2982],[-6.3239,57.3114],[-6.4062,57.3515],[-6.463,57.3466],[-6.4486,57.3603],[-6.4759,57.3671],[-6.463,57.3739],[-6.4789,57.3819],[-6.4759,57.4012],[-6.5238,57.3808],[-6.5176,57.3989],[-6.5306,57.4155],[-6.5715,57.3876],[-6.5641,57.3466]]],[[[-6.3252,57.0586],[-6.251,57.0266],[-6.2699,57.0102],[-6.2432,57.0102],[-6.276,56.9531],[-6.3419,56.9419],[-6.3761,56.9712],[-6.4555,57.004],[-6.3642,57.0556],[-6.3252,57.0586]]],[[[-6.0644,57.3466],[-6.0771,57.3718],[-6.0691,57.4361],[-6.0616,57.4527],[-6.0167,57.4626],[-6.0371,57.4899],[-5.9956,57.4899],[-6.0098,57.5111],[-5.9933,57.507],[-5.9825,57.4975],[-6.0176,57.4182],[-6.0167,57.3876],[-5.9895,57.3473],[-6.0548,57.3264],[-6.0719,57.3323],[-6.0644,57.3466]]],[[[-5.9586,57.2845],[-6.0078,57.3036],[-6.0139,57.3175],[-5.9557,57.3216],[-5.9294,57.3072],[-5.9254,57.2917],[-5.9586,57.2845]]],[[[-6.6064,57.0517],[-6.5375,57.0728],[-6.4897,57.0586],[-6.6064,57.0517]]],[[[-5.9683,57.5179],[-5.99,57.5329],[-5.9757,57.5588],[-5.9825,57.5663],[-5.9619,57.5773],[-5.9683,57.5179]]]]}},{"type":"Feature","id":"Hillingdon","properties":{"id":"Hillingdon","iso_code":"GB-HIL","name":"Hillingdon","name_full":"Hillingdon","name_ja":"ヒリンドン・ロンドン特別区","center_lonlat":[-0.4362,51.5381]},"geometry":{"type":"Polygon","coordinates":[[[-0.3678,51.5484],[-0.4068,51.5314],[-0.3703,51.5189],[-0.3927,51.4936],[-0.4187,51.4564],[-0.4414,51.4539],[-0.4737,51.4588],[-0.4972,51.4778],[-0.4714,51.55],[-0.4935,51.5909],[-0.4814,51.616],[-0.3998,51.6148],[-0.3678,51.5484]]]}},{"type":"Feature","id":"Hounslow","properties":{"id":"Hounslow","iso_code":"GB-HNS","name":"Hounslow","name_full":"Hounslow","name_ja":"ハウンズロー・ロンドン特別区","center_lonlat":[-0.3613,51.4637]},"geometry":{"type":"Polygon","coordinates":[[[-0.2445,51.4944],[-0.2367,51.4872],[-0.3102,51.4726],[-0.3232,51.4647],[-0.316,51.4556],[-0.368,51.4494],[-0.3763,51.4398],[-0.3559,51.4353],[-0.3844,51.4137],[-0.4317,51.4302],[-0.4414,51.4539],[-0.4187,51.4564],[-0.3927,51.4936],[-0.2445,51.4944]]]}},{"type":"Feature","id":"Inverclyde","properties":{"id":"Inverclyde","iso_code":"GB-IVC","name":"Inverclyde","name_full":"Inverclyde","name_ja":"インヴァークライド","center_lonlat":[-4.7393,55.8991]},"geometry":{"type":"Polygon","coordinates":[[[-4.8888,55.8653],[-4.8865,55.9197],[-4.8494,55.9482],[-4.7858,55.957],[-4.6268,55.9298],[-4.5905,55.8813],[-4.5884,55.8508],[-4.6526,55.8424],[-4.7517,55.8572],[-4.7758,55.8698],[-4.8888,55.8653]]]}},{"type":"Feature","id":"Isle of Wight","properties":{"id":"Isle of Wight","iso_code":"GB-IOW","name":"Isle of Wight","name_full":"Isle of Wight","name_ja":"ワイト島","center_lonlat":[-1.2887,50.6809]},"geometry":{"type":"Polygon","coordinates":[[[-1.0828,50.7133],[-1.0623,50.6853],[-1.1564,50.6508],[-1.1684,50.6035],[-1.2792,50.5825],[-1.4974,50.6723],[-1.5695,50.658],[-1.5059,50.7077],[-1.4187,50.7338],[-1.4254,50.7201],[-1.4009,50.722],[-1.3185,50.7722],[-1.1091,50.7329],[-1.097,50.7133],[-1.0828,50.7133]]]}},{"type":"Feature","id":"Isles of Scilly","properties":{"id":"Isles of Scilly","iso_code":"GB-IOS","name":"Isles of Scilly","name_full":"Isles of Scilly","name_ja":"シリー諸島","center_lonlat":[-6.2972,49.9212]},"geometry":{"type":"MultiPolygon","coordinates":[[[[-6.2988,49.9355],[-6.2842,49.9228],[-6.2973,49.9096],[-6.3092,49.9136],[-6.2988,49.9355]]],[[[-6.3336,49.9597],[-6.3325,49.9417],[-6.3489,49.9643],[-6.3336,49.9597]]]]}},{"type":"Feature","id":"Islington","properties":{"id":"Islington","iso_code":"GB-ISL","name":"Islington","name_full":"Islington","name_ja":"イズリントン・ロンドン特別区","center_lonlat":[-0.1009,51.5476]},"geometry":{"type":"Polygon","coordinates":[[[-0.1025,51.5235],[-0.131,51.5641],[-0.1108,51.5709],[-0.0941,51.5601],[-0.0701,51.5455],[-0.0874,51.5269],[-0.1025,51.5235]]]}},{"type":"Feature","id":"Kensington and Chelsea","properties":{"id":"Kensington and Chelsea","iso_code":"GB-KEC","name":"Kensington and Chelsea","name_full":"Kensington and Chelsea","name_ja":"ケンジントン・アンド・チェルシー王室特別区","center_lonlat":[-0.1805,51.4937]},"geometry":{"type":"Polygon","coordinates":[[[-0.2111,51.522],[-0.1429,51.4837],[-0.1712,51.4726],[-0.2023,51.4938],[-0.2111,51.522]]]}},{"type":"Feature","id":"Kent","properties":{"id":"Kent","iso_code":"GB-KEN","name":"Kent","name_full":"Kent","name_ja":"ケント","center_lonlat":[0.7307,51.2156]},"geometry":{"type":"MultiPolygon","coordinates":[[[[0.3845,51.4531],[0.4484,51.4599],[0.4696,51.4804],[0.5116,51.4877],[0.4795,51.4485],[0.512,51.4268],[0.5043,51.402],[0.4562,51.3633],[0.4469,51.3385],[0.5353,51.3431],[0.5927,51.3121],[0.6485,51.3369],[0.6719,51.3911],[0.7129,51.3842],[0.7004,51.4098],[0.7264,51.419],[0.7644,51.3644],[0.9772,51.3492],[1.1009,51.3732],[1.4238,51.3921],[1.4483,51.3829],[1.4251,51.333],[1.3776,51.3262],[1.4131,51.2217],[1.3845,51.1517],[1.3572,51.131],[1.2181,51.101],[1.1921,51.0826],[1.0669,51.0644],[0.9665,50.9827],[0.9798,50.9182],[0.9452,50.9094],[0.8698,50.9251],[0.8666,50.9438],[0.8211,50.9441],[0.7866,50.9883],[0.7633,50.9971],[0.6958,50.9955],[0.6581,51.0138],[0.5697,50.9999],[0.4797,51.0302],[0.4747,51.0477],[0.4166,51.0652],[0.4011,51.0819],[0.3575,51.0863],[0.3592,51.1013],[0.3355,51.1069],[0.3314,51.1199],[0.1405,51.1116],[0.1543,51.1393],[0.0627,51.1358],[0.0603,51.1816],[0.0444,51.2099],[0.0639,51.2422],[0.0544,51.2899],[0.0938,51.2883],[0.0966,51.311],[0.1552,51.3547],[0.1662,51.3985],[0.1608,51.4172],[0.2228,51.4719],[0.2747,51.4599],[0.3223,51.4669],[0.3564,51.4464],[0.3845,51.4531]]],[[[0.9115,51.4122],[0.9421,51.383],[0.9364,51.371],[0.7948,51.3706],[0.7339,51.4122],[0.7468,51.4396],[0.7669,51.4479],[0.9115,51.4122]]]]}},{"type":"Feature","id":"Kingston upon Hull","properties":{"id":"Kingston upon Hull","iso_code":"GB-KHL","name":"Kingston upon Hull","name_full":"Kingston upon Hull","name_ja":"キングストン・アポン・ハル","center_lonlat":[-0.3779,53.7527]},"geometry":{"type":"Polygon","coordinates":[[[-0.2956,53.7388],[-0.4497,53.7143],[-0.4261,53.774],[-0.3864,53.7887],[-0.341,53.7876],[-0.2956,53.7388]]]}},{"type":"Feature","id":"Kingston upon Thames","properties":{"id":"Kingston upon Thames","iso_code":"GB-KTT","name":"Kingston upon Thames","name_full":"Kingston upon Thames","name_ja":"キングストン・アポン・テムズ王室特別区","center_lonlat":[-0.274,51.3884]},"geometry":{"type":"Polygon","coordinates":[[[-0.2443,51.4325],[-0.2248,51.3853],[-0.2431,51.3736],[-0.3122,51.3241],[-0.315,51.3471],[-0.2981,51.3705],[-0.3067,51.3844],[-0.3017,51.4291],[-0.2443,51.4325]]]}},{"type":"Feature","id":"Kirklees","properties":{"id":"Kirklees","iso_code":"GB-KIR","name":"Kirklees","name_full":"Kirklees","name_ja":"カークリーズ","center_lonlat":[-1.7675,53.6292]},"geometry":{"type":"Polygon","coordinates":[[[-1.8161,53.5161],[-1.8972,53.533],[-1.977,53.5938],[-1.9881,53.6147],[-2.017,53.6186],[-2.0239,53.6394],[-1.8227,53.6706],[-1.7389,53.7037],[-1.7564,53.7388],[-1.6472,53.7641],[-1.581,53.7018],[-1.5888,53.6608],[-1.6199,53.6491],[-1.6003,53.5741],[-1.6745,53.55],[-1.7147,53.5547],[-1.8067,53.5319],[-1.8161,53.5161]]]}},{"type":"Feature","id":"Knowsley","properties":{"id":"Knowsley","iso_code":"GB-KWL","name":"Knowsley","name_full":"Knowsley","name_ja":"ノーズリー","center_lonlat":[-2.8444,53.4209]},"geometry":{"type":"Polygon","coordinates":[[[-2.8103,53.3217],[-2.8759,53.3312],[-2.8736,53.3973],[-2.8986,53.4065],[-2.9052,53.4196],[-2.8868,53.4315],[-2.8986,53.4656],[-2.9328,53.4933],[-2.8961,53.5224],[-2.8389,53.5094],[-2.8156,53.4911],[-2.7934,53.4025],[-2.7547,53.3781],[-2.787,53.3366],[-2.8034,53.3438],[-2.8103,53.3217]]]}},{"type":"Feature","id":"Lambeth","properties":{"id":"Lambeth","iso_code":"GB-LBH","name":"Lambeth","name_full":"Lambeth","name_ja":"ランベス・ロンドン特別区","center_lonlat":[-0.1101,51.4496]},"geometry":{"type":"Polygon","coordinates":[[[-0.1269,51.408],[-0.1372,51.4107],[-0.1317,51.4177],[-0.1428,51.4575],[-0.1223,51.476],[-0.1279,51.4921],[-0.1122,51.5024],[-0.1079,51.5053],[-0.0805,51.4615],[-0.092,51.4448],[-0.0746,51.4192],[-0.0764,51.4143],[-0.1269,51.408]]]}},{"type":"Feature","id":"Lancashire","properties":{"id":"Lancashire","iso_code":"GB-LAN","name":"Lancashire","name_full":"Lancashire","name_ja":"ランカシャー","center_lonlat":[-2.5992,53.8481]},"geometry":{"type":"Polygon","coordinates":[[[-2.9485,53.7094],[-2.899,53.7354],[-3.0215,53.7458],[-2.9541,53.8078],[-2.9453,53.8476],[-2.9674,53.8962],[-3.0176,53.932],[-2.9257,53.9527],[-2.8885,53.946],[-2.858,53.9676],[-2.8693,53.9788],[-2.8345,53.9998],[-2.8301,54.016],[-2.8955,54.0023],[-2.9182,54.0343],[-2.8589,54.081],[-2.8268,54.0888],[-2.796,54.1252],[-2.8364,54.1676],[-2.7923,54.1908],[-2.6711,54.1586],[-2.6281,54.1991],[-2.5767,54.1961],[-2.4578,54.2383],[-2.4475,54.2302],[-2.5189,54.1602],[-2.5476,54.1511],[-2.545,54.1135],[-2.4678,54.0797],[-2.4486,54.0399],[-2.3547,54.0424],[-2.3351,53.991],[-2.3,53.9891],[-2.2872,53.9711],[-2.2275,53.9827],[-2.2222,53.968],[-2.1906,53.9657],[-2.1742,53.936],[-2.105,53.9146],[-2.0975,53.8885],[-2.0326,53.8476],[-2.0473,53.8244],[-2.1206,53.7913],[-2.1214,53.7552],[-2.1598,53.7255],[-2.1514,53.6965],[-2.2459,53.6613],[-2.2581,53.6141],[-2.275,53.6266],[-2.28,53.6652],[-2.3566,53.6646],[-2.4181,53.7655],[-2.4688,53.769],[-2.5256,53.738],[-2.5265,53.6535],[-2.5044,53.627],[-2.5589,53.5991],[-2.59,53.613],[-2.6161,53.5955],[-2.635,53.6069],[-2.6867,53.5997],[-2.6925,53.5608],[-2.713,53.53],[-2.752,53.5111],[-2.7761,53.5288],[-2.8017,53.5169],[-2.805,53.4935],[-2.8156,53.4911],[-2.8389,53.5094],[-2.8961,53.5224],[-2.9653,53.5446],[-2.9586,53.5158],[-3.0317,53.5419],[-3.0117,53.5775],[-3.0189,53.5936],[-2.9953,53.6269],[-2.9636,53.6261],[-2.9328,53.6605],[-2.9485,53.7094]]]}},{"type":"Feature","id":"Larne","properties":{"id":"Larne","iso_code":"GB-LRN","name":"Larne","name_full":"Larne","name_ja":"ラーン区","center_lonlat":[-5.9114,54.8744]},"geometry":{"type":"Polygon","coordinates":[[[-5.981,55.0557],[-5.9683,55.0438],[-5.9862,54.9818],[-5.9066,54.958],[-5.8693,54.9104],[-5.821,54.8751],[-5.8005,54.8207],[-5.7156,54.7838],[-5.7976,54.8445],[-5.7817,54.8617],[-5.7206,54.841],[-5.702,54.8247],[-5.6921,54.7705],[-5.7548,54.7527],[-5.7695,54.7722],[-5.7911,54.7766],[-5.8892,54.7694],[-5.9903,54.773],[-6.007,54.7986],[-6.0195,54.8186],[-5.9592,54.8208],[-5.9448,54.8327],[-5.9651,54.8549],[-6.0284,54.8591],[-6.0389,54.8966],[-6.0236,54.9347],[-6.1019,54.9869],[-5.981,55.0557]]]}},{"type":"Feature","id":"Leeds","properties":{"id":"Leeds","iso_code":"GB-LDS","name":"Leeds","name_full":"Leeds","name_ja":"シティ・オブ・リーズ","center_lonlat":[-1.4802,53.818]},"geometry":{"type":"Polygon","coordinates":[[[-1.6472,53.7641],[-1.6258,53.7895],[-1.6765,53.7934],[-1.6765,53.8538],[-1.7286,53.9027],[-1.5549,53.9054],[-1.5345,53.9352],[-1.5072,53.9107],[-1.4547,53.9061],[-1.3867,53.9394],[-1.3337,53.9449],[-1.2914,53.915],[-1.3078,53.8947],[-1.3056,53.8608],[-1.3445,53.8588],[-1.3053,53.8197],[-1.3075,53.7902],[-1.2887,53.7702],[-1.3069,53.738],[-1.3314,53.7174],[-1.4152,53.694],[-1.5283,53.7115],[-1.581,53.7018],[-1.6472,53.7641]]]}},{"type":"Feature","id":"Leicester","properties":{"id":"Leicester","iso_code":"GB-LCE","name":"Leicester","name_full":"Leicester","name_ja":"レスター","center_lonlat":[-1.1212,52.6145]},"geometry":{"type":"Polygon","coordinates":[[[-1.1196,52.6559],[-1.0718,52.6483],[-1.0567,52.6231],[-1.0642,52.5955],[-1.1221,52.5653],[-1.1674,52.5753],[-1.1799,52.6382],[-1.1598,52.6559],[-1.1196,52.6559]]]}},{"type":"Feature","id":"Leicestershire","properties":{"id":"Leicestershire","iso_code":"GB-LEC","name":"Leicestershire","name_full":"Leicestershire","name_ja":"レスターシャー","center_lonlat":[-1.1043,52.6548]},"geometry":{"type":"Polygon","coordinates":[[[-0.7667,52.9612],[-0.7445,52.9283],[-0.7631,52.8947],[-0.7537,52.8708],[-0.7236,52.8658],[-0.7086,52.8483],[-0.6511,52.7475],[-0.7271,52.7162],[-0.8051,52.7087],[-0.8001,52.5955],[-0.7649,52.5326],[-0.7299,52.5067],[-0.8622,52.5088],[-0.8925,52.4738],[-0.8703,52.4622],[-0.8845,52.4469],[-0.9628,52.4636],[-1.0336,52.4447],[-1.0223,52.4327],[-1.0452,52.4024],[-1.1006,52.4241],[-1.1567,52.3783],[-1.1866,52.3813],[-1.2117,52.4158],[-1.2411,52.4261],[-1.2934,52.4794],[-1.5458,52.5808],[-1.5423,52.6008],[-1.5589,52.6216],[-1.5339,52.6416],[-1.58,52.6769],[-1.5831,52.685],[-1.535,52.7061],[-1.5414,52.7458],[-1.4542,52.7533],[-1.4272,52.7838],[-1.3953,52.79],[-1.3706,52.8313],[-1.3392,52.8491],[-1.2628,52.8616],[-1.2598,52.7991],[-1.2256,52.778],[-1.1882,52.7723],[-1.0703,52.8116],[-0.9795,52.8077],[-0.9245,52.8494],[-0.925,52.8622],[-0.8498,52.893],[-0.8195,52.9413],[-0.7667,52.9612]],[[-1.1221,52.5653],[-1.0642,52.5955],[-1.0567,52.6231],[-1.0718,52.6483],[-1.1598,52.6559],[-1.1799,52.6382],[-1.1674,52.5753],[-1.1221,52.5653]]]}},{"type":"Feature","id":"Lewisham","properties":{"id":"Lewisham","iso_code":"GB-LEW","name":"Lewisham","name_full":"Lewisham","name_ja":"ルイシャム・ロンドン特別区","center_lonlat":[-0.0128,51.4421]},"geometry":{"type":"Polygon","coordinates":[[[-0.0231,51.4887],[-0.0085,51.4649],[0.0155,51.4645],[0.0255,51.438],[0.0432,51.4207],[0.0001,51.4112],[-0.0667,51.421],[-0.0344,51.4513],[-0.0474,51.4817],[-0.0231,51.4887]]]}},{"type":"Feature","id":"Limavady","properties":{"id":"Limavady","iso_code":"GB-LMV","name":"Limavady","name_full":"Limavady","name_ja":"リマヴァディ区","center_lonlat":[-6.9392,54.9882]},"geometry":{"type":"Polygon","coordinates":[[[-7.1499,55.0487],[-7.0651,55.0438],[-7.0172,55.0711],[-7.0099,55.1022],[-6.9749,55.1354],[-6.9626,55.1946],[-6.8838,55.1741],[-6.8384,55.1754],[-6.8623,55.1255],[-6.8214,55.1019],[-6.807,55.0705],[-6.8098,55.0085],[-6.7801,54.9908],[-6.8086,54.9688],[-6.7811,54.9111],[-6.7686,54.9013],[-6.777,54.8652],[-6.8114,54.8466],[-6.89,54.8516],[-6.889,54.8308],[-6.9175,54.8158],[-6.9423,54.8277],[-7.0103,54.8155],[-7.0395,54.8388],[-7.0339,54.8808],[-7.0531,54.9113],[-7.0934,54.941],[-7.087,54.9835],[-7.1311,54.9833],[-7.1742,55.0316],[-7.1499,55.0487]]]}},{"type":"Feature","id":"Lincolnshire","properties":{"id":"Lincolnshire","iso_code":"GB-LIN","name":"Lincolnshire","name_full":"Lincolnshire","name_ja":"リンカンシャー","center_lonlat":[-0.2445,53.1068]},"geometry":{"type":"Polygon","coordinates":[[[0.0218,53.5247],[0.1519,53.4758],[0.1758,53.4377],[0.2195,53.4195],[0.2119,53.4127],[0.2449,53.3909],[0.3421,53.2263],[0.3566,53.1457],[0.3298,53.0865],[0.2825,53.0749],[0.1608,53.009],[0.0821,52.9387],[0.0221,52.9126],[0.0103,52.8865],[0.1056,52.8894],[0.1709,52.8621],[0.2468,52.7957],[0.2788,52.805],[0.2625,52.7758],[0.2763,52.7563],[0.1997,52.7216],[0.1724,52.7243],[0.0603,52.7055],[0.0572,52.6705],[0.0322,52.648],[-0.0495,52.6579],[-0.1375,52.6385],[-0.1831,52.6419],[-0.1995,52.6562],[-0.262,52.6474],[-0.315,52.6636],[-0.402,52.6369],[-0.4907,52.6365],[-0.5131,52.6527],[-0.4497,52.6616],[-0.4153,52.6866],[-0.5156,52.7097],[-0.5637,52.7405],[-0.6511,52.7475],[-0.7086,52.8483],[-0.7236,52.8658],[-0.7537,52.8708],[-0.7631,52.8947],[-0.7445,52.9283],[-0.7667,52.9612],[-0.7864,52.9866],[-0.7814,53.0061],[-0.7389,53.0363],[-0.6886,53.0497],[-0.712,53.083],[-0.7062,53.1602],[-0.745,53.1708],[-0.7308,53.1916],[-0.6645,53.2033],[-0.6367,53.2347],[-0.6448,53.2433],[-0.657,53.2313],[-0.6792,53.2416],[-0.7239,53.2294],[-0.7765,53.2342],[-0.745,53.3227],[-0.7795,53.373],[-0.7755,53.4013],[-0.7987,53.4291],[-0.7972,53.4523],[-0.7472,53.4866],[-0.7397,53.5138],[-0.6159,53.5052],[-0.6095,53.488],[-0.6214,53.465],[-0.6034,53.4527],[-0.467,53.4724],[-0.4589,53.5038],[-0.3992,53.5099],[-0.3883,53.5246],[-0.477,53.5383],[-0.4167,53.5661],[-0.3275,53.558],[-0.2909,53.583],[-0.2821,53.6063],[-0.2086,53.5661],[-0.1708,53.5647],[-0.1978,53.5355],[-0.1842,53.5013],[-0.1906,53.4774],[-0.1136,53.4269],[-0.0728,53.4424],[-0.0925,53.4619],[-0.0581,53.5102],[0.0218,53.5247]]]}},{"type":"Feature","id":"Lisburn","properties":{"id":"Lisburn","iso_code":"GB-LSB","name":"Lisburn","name_full":"Lisburn","name_ja":"リスバーン区","center_lonlat":[-6.0811,54.5045]},"geometry":{"type":"Polygon","coordinates":[[[-5.8681,54.4791],[-5.9156,54.4496],[-5.91,54.4333],[-5.9383,54.4166],[-5.9325,54.3905],[-5.9504,54.3797],[-6.0642,54.3883],[-6.06,54.4074],[-6.137,54.4371],[-6.1656,54.4341],[-6.1664,54.4441],[-6.2105,54.4332],[-6.2125,54.4496],[-6.2526,54.4855],[-6.2392,54.5022],[-6.2736,54.5222],[-6.2753,54.5496],[-6.2964,54.5691],[-6.2641,54.5925],[-6.0659,54.6227],[-6.0428,54.6083],[-6.0317,54.5808],[-5.9881,54.5622],[-5.98,54.5421],[-5.9547,54.5544],[-5.9239,54.5397],[-5.8681,54.4791]]]}},{"type":"Feature","id":"Liverpool","properties":{"id":"Liverpool","iso_code":"GB-LIV","name":"Liverpool","name_full":"Liverpool","name_ja":"リヴァプール","center_lonlat":[-2.9451,53.4255]},"geometry":{"type":"Polygon","coordinates":[[[-2.8759,53.3312],[-2.9569,53.3706],[-3.0482,53.481],[-2.9328,53.4933],[-2.8986,53.4656],[-2.8868,53.4315],[-2.9052,53.4196],[-2.8986,53.4065],[-2.8736,53.3973],[-2.8759,53.3312]]]}},{"type":"Feature","id":"London","properties":{"id":"London","iso_code":"GB-LND","name":"London","name_full":"London","name_ja":"シティ・オブ・ロンドン","center_lonlat":[-0.0864,51.5164]},"geometry":{"type":"Polygon","coordinates":[[[-0.072,51.516],[-0.0669,51.5079],[-0.0973,51.5097],[-0.1025,51.5235],[-0.0874,51.5269],[-0.072,51.516]]]}},{"type":"Feature","id":"Luton","properties":{"id":"Luton","iso_code":"GB-LUT","name":"Luton","name_full":"Luton","name_ja":"ルートン","center_lonlat":[-0.4075,51.8746]},"geometry":{"type":"Polygon","coordinates":[[[-0.3852,51.9211],[-0.3487,51.881],[-0.3401,51.8438],[-0.38,51.8244],[-0.4527,51.8474],[-0.4772,51.8776],[-0.4645,51.9136],[-0.3852,51.9211]]]}},{"type":"Feature","id":"Magherafelt","properties":{"id":"Magherafelt","iso_code":"GB-MFT","name":"Magherafelt","name_full":"Magherafelt","name_ja":"マラフェルト区","center_lonlat":[-6.6747,54.8112]},"geometry":{"type":"Polygon","coordinates":[[[-6.9298,54.7677],[-6.8964,54.7824],[-6.9189,54.8016],[-6.9175,54.8158],[-6.889,54.8308],[-6.89,54.8516],[-6.8114,54.8466],[-6.777,54.8652],[-6.7686,54.9013],[-6.7811,54.9111],[-6.7369,54.9288],[-6.6948,54.916],[-6.6406,54.9344],[-6.5581,54.9249],[-6.5204,54.9451],[-6.5069,54.916],[-6.4711,54.8275],[-6.4807,54.7827],[-6.4701,54.7678],[-6.4986,54.7062],[-6.5595,54.7272],[-6.5737,54.7119],[-6.6836,54.6958],[-6.7214,54.7061],[-6.7611,54.736],[-6.9453,54.7294],[-6.9698,54.7416],[-6.9367,54.7519],[-6.9298,54.7677]]]}},{"type":"Feature","id":"Manchester","properties":{"id":"Manchester","iso_code":"GB-MAN","name":"Manchester","name_full":"Manchester","name_ja":"マンチェスター","center_lonlat":[-2.2629,53.4522]},"geometry":{"type":"Polygon","coordinates":[[[-2.3167,53.3599],[-2.3312,53.3876],[-2.3031,53.4265],[-2.3204,53.4524],[-2.2988,53.4718],[-2.3053,53.5041],[-2.2513,53.5494],[-2.1823,53.5257],[-2.2039,53.4761],[-2.2254,53.4588],[-2.2254,53.4373],[-2.2341,53.4006],[-2.2664,53.3704],[-2.2603,53.3449],[-2.2834,53.3422],[-2.3167,53.3599]]]}},{"type":"Feature","id":"Medway","properties":{"id":"Medway","iso_code":"GB-MDW","name":"Medway","name_full":"Medway","name_ja":"メドウェイ","center_lonlat":[0.5351,51.4052]},"geometry":{"type":"Polygon","coordinates":[[[0.5116,51.4877],[0.7095,51.4705],[0.7232,51.4467],[0.7131,51.4412],[0.641,51.4442],[0.5545,51.4122],[0.5859,51.3911],[0.6719,51.3911],[0.6485,51.3369],[0.5927,51.3121],[0.5353,51.3431],[0.4469,51.3385],[0.4562,51.3633],[0.5043,51.402],[0.512,51.4268],[0.4795,51.4485],[0.5116,51.4877]]]}},{"type":"Feature","id":"Merseyside","properties":{"id":"Merseyside","iso_code":"GB-SHN","name":"Merseyside","name_full":"Merseyside","name_ja":"マージ―サイド","center_lonlat":[-2.7208,53.4467]},"geometry":{"type":"Polygon","coordinates":[[[-2.6806,53.3788],[-2.7411,53.3883],[-2.7547,53.3781],[-2.7934,53.4025],[-2.8156,53.4911],[-2.805,53.4935],[-2.8017,53.5169],[-2.7761,53.5288],[-2.752,53.5111],[-2.69,53.4716],[-2.6751,53.4808],[-2.6039,53.4724],[-2.5664,53.4356],[-2.6662,53.441],[-2.662,53.4102],[-2.645,53.4016],[-2.6806,53.3788]]]}},{"type":"Feature","id":"Merthyr Tydfil","properties":{"id":"Merthyr Tydfil","iso_code":"GB-MTY","name":"Merthyr Tydfil","name_full":"Merthyr Tydfil","name_ja":"マーサー・ティドビル","center_lonlat":[-3.3563,51.7414]},"geometry":{"type":"Polygon","coordinates":[[[-3.3338,51.7899],[-3.2753,51.6768],[-3.2771,51.6587],[-3.3017,51.6486],[-3.4383,51.7547],[-3.4129,51.7656],[-3.4352,51.8166],[-3.405,51.8277],[-3.3338,51.7899]]]}},{"type":"Feature","id":"Merton","properties":{"id":"Merton","iso_code":"GB-MRT","name":"Merton","name_full":"Merton","name_ja":"マートン・ロンドン特別区","center_lonlat":[-0.185,51.4091]},"geometry":{"type":"Polygon","coordinates":[[[-0.1317,51.4177],[-0.1372,51.4107],[-0.1269,51.408],[-0.1188,51.394],[-0.1313,51.3872],[-0.2248,51.3853],[-0.2443,51.4325],[-0.1877,51.4363],[-0.1317,51.4177]]]}},{"type":"Feature","id":"Mid Ulster","properties":{"id":"Mid Ulster","iso_code":"GB-CKT","name":"Mid Ulster","name_full":"Mid Ulster","name_ja":"ミッド・アルスター","center_lonlat":[-6.7111,54.6407]},"geometry":{"type":"Polygon","coordinates":[[[-6.9614,54.5766],[-6.95,54.6061],[-6.9831,54.6524],[-6.9689,54.663],[-7.0003,54.6747],[-6.9878,54.6936],[-6.995,54.7308],[-6.9698,54.7416],[-6.9453,54.7294],[-6.7611,54.736],[-6.7214,54.7061],[-6.6836,54.6958],[-6.5737,54.7119],[-6.5595,54.7272],[-6.4986,54.7062],[-6.4208,54.6547],[-6.437,54.5688],[-6.5278,54.5398],[-6.6378,54.5658],[-6.7042,54.548],[-6.7387,54.5722],[-6.8961,54.5644],[-6.9614,54.5766]]]}},{"type":"Feature","id":"Middlesbrough","properties":{"id":"Middlesbrough","iso_code":"GB-MDB","name":"Middlesbrough","name_full":"Middlesbrough","name_ja":"ミドルズブラ","center_lonlat":[-1.2458,54.5313]},"geometry":{"type":"Polygon","coordinates":[[[-1.2187,54.5754],[-1.2101,54.5398],[-1.1795,54.5038],[-1.235,54.4997],[-1.2508,54.4866],[-1.2923,54.5021],[-1.293,54.5446],[-1.2595,54.5775],[-1.2187,54.5754]]]}},{"type":"Feature","id":"Midlothian","properties":{"id":"Midlothian","iso_code":"GB-MLN","name":"Midlothian","name_full":"Midlothian","name_ja":"ミッドロージアン","center_lonlat":[-3.0902,55.827]},"geometry":{"type":"Polygon","coordinates":[[[-3.0782,55.9468],[-3.0612,55.9478],[-3.0556,55.9273],[-3.0285,55.9113],[-2.8209,55.8217],[-2.907,55.7822],[-2.9325,55.7861],[-2.9275,55.8055],[-2.9428,55.8152],[-3.0737,55.7513],[-3.0956,55.7361],[-3.0933,55.7186],[-3.1209,55.7119],[-3.145,55.7222],[-3.1434,55.7388],[-3.1842,55.8016],[-3.23,55.7763],[-3.2697,55.7739],[-3.3602,55.8117],[-3.1896,55.8826],[-3.0875,55.8906],[-3.0782,55.9468]]]}},{"type":"Feature","id":"Milton Keynes","properties":{"id":"Milton Keynes","iso_code":"GB-MIK","name":"Milton Keynes","name_full":"Milton Keynes","name_ja":"ミルトンキーンズ","center_lonlat":[-0.7236,52.0702]},"geometry":{"type":"Polygon","coordinates":[[[-0.8674,52.0338],[-0.8559,52.0585],[-0.8278,52.0722],[-0.8784,52.116],[-0.8259,52.1274],[-0.8067,52.1522],[-0.7761,52.1469],[-0.762,52.1624],[-0.7289,52.1616],[-0.6545,52.1925],[-0.6212,52.1749],[-0.6316,52.1465],[-0.5737,52.0966],[-0.6584,52.0388],[-0.63,52.0283],[-0.6345,52.0044],[-0.6542,51.988],[-0.6417,51.9619],[-0.6572,51.9479],[-0.7225,51.9497],[-0.8674,52.0338]]]}},{"type":"Feature","id":"Monmouthshire","properties":{"id":"Monmouthshire","iso_code":"GB-MON","name":"Monmouthshire","name_full":"Monmouthshire","name_ja":"モンマスシャー","center_lonlat":[-2.8678,51.7665]},"geometry":{"type":"Polygon","coordinates":[[[-3.0513,51.9835],[-2.9608,51.9111],[-2.8736,51.9292],[-2.735,51.8399],[-2.6485,51.8214],[-2.681,51.7723],[-2.6702,51.7495],[-2.6844,51.7219],[-2.6616,51.6722],[-2.684,51.6621],[-2.6654,51.6173],[-2.7131,51.5866],[-2.7981,51.5635],[-2.8532,51.5844],[-2.7897,51.6315],[-2.8006,51.6442],[-2.835,51.6496],[-2.8966,51.6261],[-2.9613,51.6274],[-2.9763,51.7094],[-3.0216,51.7275],[-3.0488,51.7837],[-3.1285,51.7945],[-3.1569,51.8107],[-3.0887,51.8291],[-3.0645,51.8674],[-3.035,51.886],[-3.0639,51.9383],[-3.0513,51.9835]]]}},{"type":"Feature","id":"Moray","properties":{"id":"Moray","iso_code":"GB-MRY","name":"Moray","name_full":"Moray","name_ja":"マレー","center_lonlat":[-3.2694,57.4718]},"geometry":{"type":"Polygon","coordinates":[[[-3.7546,57.6263],[-3.6848,57.6544],[-3.6252,57.6619],[-3.6456,57.6414],[-3.591,57.6414],[-3.6116,57.6681],[-3.5358,57.6619],[-3.5054,57.6787],[-3.4919,57.7131],[-3.4092,57.7233],[-3.2847,57.7204],[-3.0787,57.6694],[-2.9945,57.6755],[-2.9161,57.7028],[-2.8212,57.7028],[-2.8231,57.6337],[-2.7805,57.5853],[-2.7204,57.5472],[-2.7071,57.5134],[-2.7321,57.5061],[-2.892,57.5208],[-2.9918,57.4768],[-3.0109,57.4488],[-3.0124,57.418],[-2.9698,57.3637],[-2.9668,57.3271],[-3.0094,57.2757],[-3.0446,57.2669],[-3.1224,57.2772],[-3.1899,57.2566],[-3.2809,57.1891],[-3.3322,57.1759],[-3.3454,57.148],[-3.3234,57.0996],[-3.3454,57.0893],[-3.6199,57.082],[-3.6795,57.0955],[-3.5309,57.1638],[-3.4367,57.1886],[-3.4203,57.223],[-3.455,57.2372],[-3.4453,57.2858],[-3.4867,57.3052],[-3.3845,57.3814],[-3.3978,57.4214],[-3.4386,57.4261],[-3.4981,57.4574],[-3.6664,57.4308],[-3.7184,57.4055],[-3.7192,57.4227],[-3.6847,57.4461],[-3.6814,57.5083],[-3.7117,57.5324],[-3.7089,57.5775],[-3.7289,57.585],[-3.7546,57.6263]]]}},{"type":"Feature","id":"Moyle","properties":{"id":"Moyle","iso_code":"GB-MYL","name":"Moyle","name_full":"Moyle","name_ja":"モイル区","center_lonlat":[-6.2404,55.1403]},"geometry":{"type":"MultiPolygon","coordinates":[[[[-6.5461,55.2252],[-6.4981,55.2471],[-6.4159,55.2319],[-6.3782,55.2462],[-6.2398,55.2083],[-6.16,55.2219],[-6.101,55.2124],[-6.0371,55.1679],[-6.0406,55.112],[-6.0621,55.0741],[-5.981,55.0557],[-6.1019,54.9869],[-6.1403,54.9863],[-6.1689,55.0219],[-6.1925,55.0283],[-6.2297,55.0686],[-6.2281,55.1205],[-6.3242,55.1041],[-6.3795,55.1377],[-6.4253,55.126],[-6.4364,55.1424],[-6.5153,55.1491],[-6.5314,55.2116],[-6.5461,55.2252]]],[[[-6.2364,55.3113],[-6.1743,55.3039],[-6.1719,55.2932],[-6.1948,55.2629],[-6.188,55.284],[-6.2111,55.2953],[-6.2836,55.2971],[-6.2364,55.3113]]]]}},{"type":"Feature","id":"Neath Port Talbot","properties":{"id":"Neath Port Talbot","iso_code":"GB-NTL","name":"Neath Port Talbot","name_full":"Neath Port Talbot","name_ja":"ニース・ポート・タルボット","center_lonlat":[-3.7324,51.6778]},"geometry":{"type":"Polygon","coordinates":[[[-3.7519,51.5331],[-3.7822,51.5766],[-3.8416,51.6215],[-3.8868,51.6214],[-3.8299,51.6876],[-3.9331,51.7622],[-3.8847,51.765],[-3.8842,51.793],[-3.8673,51.8002],[-3.8195,51.7999],[-3.8,51.7853],[-3.7634,51.7577],[-3.6484,51.7794],[-3.5837,51.7513],[-3.5922,51.7424],[-3.5717,51.7321],[-3.5695,51.6725],[-3.5492,51.6418],[-3.6536,51.6399],[-3.6825,51.5874],[-3.652,51.5699],[-3.6403,51.5424],[-3.6911,51.5258],[-3.7519,51.5331]]]}},{"type":"Feature","id":"Newcastle upon Tyne","properties":{"id":"Newcastle upon Tyne","iso_code":"GB-NET","name":"Newcastle upon Tyne","name_full":"Newcastle upon Tyne","name_ja":"ニューカッスル・アポン・タイン","center_lonlat":[-1.6247,55.0076]},"geometry":{"type":"Polygon","coordinates":[[[-1.6493,55.0677],[-1.6265,55.0449],[-1.49,54.9831],[-1.5322,54.9539],[-1.7495,55.0027],[-1.7284,55.028],[-1.6803,55.0413],[-1.7,55.0563],[-1.6889,55.0721],[-1.6493,55.0677]]]}},{"type":"Feature","id":"Newham","properties":{"id":"Newham","iso_code":"GB-NWM","name":"Newham","name_full":"Newham","name_ja":"ニューハム・ロンドン特別区","center_lonlat":[0.046,51.5256]},"geometry":{"type":"Polygon","coordinates":[[[0.0194,51.5026],[-0.011,51.5435],[-0.0106,51.5524],[0.0239,51.5543],[0.0533,51.5628],[0.0746,51.5421],[0.0992,51.5182],[0.0969,51.4977],[0.0483,51.4911],[0.0194,51.5026]]]}},{"type":"Feature","id":"Newport","properties":{"id":"Newport","iso_code":"GB-NWP","name":"Newport","name_full":"Newport","name_ja":"ニューポート","center_lonlat":[-2.9485,51.5831]},"geometry":{"type":"Polygon","coordinates":[[[-2.7981,51.5635],[-2.8587,51.5461],[-2.9433,51.5425],[-2.9747,51.563],[-3.0157,51.5316],[-3.0765,51.5078],[-3.0675,51.5261],[-3.1024,51.5431],[-3.0836,51.5627],[-3.1092,51.5872],[-3.0319,51.6057],[-2.9613,51.6274],[-2.8966,51.6261],[-2.835,51.6496],[-2.8006,51.6442],[-2.7897,51.6315],[-2.8532,51.5844],[-2.7981,51.5635]]]}},{"type":"Feature","id":"Newry and Mourne","properties":{"id":"Newry and Mourne","iso_code":"GB-NYM","name":"Newry and Mourne","name_full":"Newry and Mourne","name_ja":"ニューリー・アンド・モーン区","center_lonlat":[-6.2906,54.1528]},"geometry":{"type":"Polygon","coordinates":[[[-6.6484,54.1737],[-6.6381,54.1986],[-6.6053,54.2183],[-6.577,54.2169],[-6.5378,54.2347],[-6.512,54.2258],[-6.4856,54.2536],[-6.445,54.2683],[-6.4009,54.2763],[-6.3739,54.2672],[-6.36,54.2769],[-6.3439,54.2652],[-6.1923,54.246],[-6.0453,54.2466],[-6.0784,54.2338],[-6.0628,54.2307],[-6.0322,54.1711],[-5.9661,54.1935],[-5.925,54.1788],[-5.866,54.1841],[-5.8832,54.1208],[-5.912,54.0913],[-6.0273,54.0402],[-6.0796,54.0346],[-6.1129,54.0439],[-6.085,54.057],[-6.1743,54.0743],[-6.1859,54.0927],[-6.2637,54.1047],[-6.3271,54.0979],[-6.3548,54.1107],[-6.3775,54.0633],[-6.4339,54.0553],[-6.4509,54.0684],[-6.4785,54.0677],[-6.5951,54.0524],[-6.6165,54.0373],[-6.6725,54.0684],[-6.6571,54.0919],[-6.6664,54.1148],[-6.6346,54.1501],[-6.6484,54.1737]]]}},{"type":"Feature","id":"Newtownabbey","properties":{"id":"Newtownabbey","iso_code":"GB-NTA","name":"Newtownabbey","name_full":"Newtownabbey","name_ja":"ニュータウンアベイ区","center_lonlat":[-5.9752,54.7203]},"geometry":{"type":"Polygon","coordinates":[[[-5.8779,54.6823],[-5.9143,54.6468],[-5.9406,54.6597],[-5.9651,54.6469],[-5.9839,54.663],[-6.0225,54.6625],[-6.0514,54.671],[-6.0397,54.7141],[-6.0637,54.748],[-6.0484,54.7546],[-6.0456,54.7744],[-6.0842,54.7919],[-6.007,54.7986],[-5.9903,54.773],[-5.8892,54.7694],[-5.9045,54.7597],[-5.8922,54.7427],[-5.9059,54.7122],[-5.8779,54.6823]]]}},{"type":"Feature","id":"Norfolk","properties":{"id":"Norfolk","iso_code":"GB-NFK","name":"Norfolk","name_full":"Norfolk","name_ja":"ノーフォーク","center_lonlat":[0.963,52.6642]},"geometry":{"type":"Polygon","coordinates":[[[0.2788,52.805],[0.3255,52.8032],[0.3845,52.7684],[0.3792,52.7908],[0.4386,52.8407],[0.4857,52.9335],[0.5696,52.9693],[0.6719,52.9744],[0.6644,52.9819],[0.6847,52.9864],[0.8357,52.9744],[0.9684,52.9475],[1.0139,52.9601],[0.9661,52.9744],[1.2747,52.9292],[1.396,52.8914],[1.6733,52.7557],[1.697,52.731],[1.7472,52.6252],[1.7476,52.5328],[1.6908,52.5422],[1.6633,52.5319],[1.6531,52.5108],[1.7025,52.4772],[1.6605,52.4591],[1.6406,52.4535],[1.5844,52.4699],[1.5708,52.4497],[1.43,52.4613],[1.4406,52.4397],[1.363,52.4224],[1.3236,52.3836],[1.2744,52.3819],[1.2024,52.3538],[1.035,52.3741],[0.9733,52.3599],[0.9313,52.3822],[0.8377,52.3952],[0.7514,52.3794],[0.6933,52.3891],[0.67,52.3988],[0.6663,52.4127],[0.7097,52.4374],[0.6764,52.4469],[0.4472,52.4322],[0.3285,52.5033],[0.253,52.4874],[0.2339,52.5069],[0.2175,52.5725],[0.2459,52.6013],[0.1847,52.63],[0.1974,52.6611],[0.157,52.6702],[0.1724,52.7243],[0.1997,52.7216],[0.2763,52.7563],[0.2625,52.7758],[0.2788,52.805]]]}},{"type":"Feature","id":"North Ayrshire","properties":{"id":"North Ayrshire","iso_code":"GB-NAY","name":"North Ayrshire","name_full":"North Ayrshire","name_ja":"ノース・エアシャー","center_lonlat":[-4.7219,55.7174]},"geometry":{"type":"Polygon","coordinates":[[[-4.6662,55.5622],[-4.6927,55.6052],[-4.8181,55.6372],[-4.8106,55.654],[-4.9205,55.7086],[-4.8611,55.7567],[-4.8888,55.8653],[-4.7758,55.8698],[-4.7517,55.8572],[-4.7158,55.8119],[-4.6348,55.7666],[-4.5164,55.7628],[-4.5179,55.7593],[-4.6258,55.665],[-4.5011,55.6454],[-4.51,55.6214],[-4.5821,55.5913],[-4.6662,55.5622]]]}},{"type":"Feature","id":"North Down","properties":{"id":"North Down","iso_code":"GB-NDN","name":"North Down","name_full":"North Down","name_ja":"ノース・ダウン区","center_lonlat":[-5.717,54.6469]},"geometry":{"type":"Polygon","coordinates":[[[-5.8705,54.6228],[-5.839,54.6497],[-5.748,54.6804],[-5.6947,54.6687],[-5.5747,54.6801],[-5.565,54.6723],[-5.5789,54.6666],[-5.5773,54.6536],[-5.65,54.6188],[-5.7289,54.6288],[-5.757,54.6158],[-5.8078,54.6144],[-5.8705,54.6228]]]}},{"type":"Feature","id":"North East Lincolnshire","properties":{"id":"North East Lincolnshire","iso_code":"GB-NEL","name":"North East Lincolnshire","name_full":"North East Lincolnshire","name_ja":"ノース・イースト・リンカンシャー","center_lonlat":[-0.1329,53.5366]},"geometry":{"type":"Polygon","coordinates":[[[-0.1985,53.6296],[-0.0959,53.5771],[-0.0466,53.5704],[0.0218,53.5247],[-0.0581,53.5102],[-0.0925,53.4619],[-0.0728,53.4424],[-0.1136,53.4269],[-0.1906,53.4774],[-0.1842,53.5013],[-0.1978,53.5355],[-0.1708,53.5647],[-0.2086,53.5661],[-0.2821,53.6063],[-0.2748,53.6167],[-0.1985,53.6296]]]}},{"type":"Feature","id":"North Lanarkshire","properties":{"id":"North Lanarkshire","iso_code":"GB-NLK","name":"North Lanarkshire","name_full":"North Lanarkshire","name_ja":"ノース・ラナークシャー","center_lonlat":[-3.9404,55.8721]},"geometry":{"type":"Polygon","coordinates":[[[-4.0113,56.0122],[-3.9728,56.0063],[-3.9747,55.9852],[-3.9372,55.9844],[-3.9225,55.9575],[-3.865,55.9561],[-3.8939,55.9333],[-3.8089,55.8952],[-3.8206,55.8891],[-3.7934,55.8719],[-3.7064,55.8769],[-3.745,55.858],[-3.7184,55.8124],[-3.7334,55.7835],[-3.8977,55.7343],[-4.0843,55.8272],[-4.0699,55.8619],[-4.1193,55.8683],[-4.1619,55.8917],[-4.172,55.905],[-4.0699,55.9082],[-4.0444,55.9241],[-4.0476,55.9576],[-4.1098,55.9528],[-4.1209,55.9624],[-4.1257,56.0055],[-4.082,56.0258],[-4.0178,56.0258],[-4.0113,56.0122]]]}},{"type":"Feature","id":"North Lincolnshire","properties":{"id":"North Lincolnshire","iso_code":"GB-NLN","name":"North Lincolnshire","name_full":"North Lincolnshire","name_ja":"ノース・リンカンシャー","center_lonlat":[-0.5834,53.5892]},"geometry":{"type":"Polygon","coordinates":[[[-0.6993,53.6913],[-0.6195,53.7119],[-0.5299,53.6777],[-0.4863,53.6945],[-0.3072,53.7143],[-0.2794,53.7071],[-0.1985,53.6296],[-0.2748,53.6167],[-0.2821,53.6063],[-0.2909,53.583],[-0.3275,53.558],[-0.4167,53.5661],[-0.477,53.5383],[-0.3883,53.5246],[-0.3992,53.5099],[-0.4589,53.5038],[-0.467,53.4724],[-0.6034,53.4527],[-0.6214,53.465],[-0.6095,53.488],[-0.6159,53.5052],[-0.7397,53.5138],[-0.7472,53.4866],[-0.7972,53.4523],[-0.905,53.4577],[-0.8909,53.4713],[-0.9194,53.4874],[-0.9433,53.518],[-0.9148,53.533],[-0.872,53.5308],[-0.8728,53.5458],[-0.9045,53.5716],[-0.8609,53.5816],[-0.8607,53.6124],[-0.6993,53.6913]]]}},{"type":"Feature","id":"North Somerset","properties":{"id":"North Somerset","iso_code":"GB-NSM","name":"North Somerset","name_full":"North Somerset","name_ja":"ノース・サマセット","center_lonlat":[-2.8008,51.3855]},"geometry":{"type":"Polygon","coordinates":[[[-2.9922,51.3219],[-2.9878,51.3467],[-2.9596,51.3743],[-2.9747,51.3842],[-2.953,51.3985],[-2.921,51.3944],[-2.7986,51.4826],[-2.7294,51.4962],[-2.6306,51.443],[-2.6335,51.3821],[-2.6546,51.344],[-2.7095,51.3534],[-2.7127,51.3198],[-2.812,51.3275],[-2.7889,51.2972],[-2.8795,51.3016],[-2.8895,51.2863],[-2.9297,51.2991],[-2.9759,51.2933],[-2.9922,51.3219]]]}},{"type":"Feature","id":"North Tyneside","properties":{"id":"North Tyneside","iso_code":"GB-NTY","name":"North Tyneside","name_full":"North Tyneside","name_ja":"ノース・タインサイド","center_lonlat":[-1.5113,55.0284]},"geometry":{"type":"Polygon","coordinates":[[[-1.4556,55.0697],[-1.4129,55.0003],[-1.49,54.9831],[-1.6265,55.0449],[-1.6493,55.0677],[-1.5142,55.048],[-1.4556,55.0697]]]}},{"type":"Feature","id":"North Yorkshire","properties":{"id":"North Yorkshire","iso_code":"GB-NYK","name":"North Yorkshire","name_full":"North Yorkshire","name_ja":"ノース・ヨークシャー","center_lonlat":[-1.4127,54.19]},"geometry":{"type":"Polygon","coordinates":[[[-0.7788,54.5574],[-0.5347,54.461],[-0.5204,54.4201],[-0.4628,54.389],[-0.4306,54.3493],[-0.4145,54.2973],[-0.3907,54.2835],[-0.3976,54.2692],[-0.3628,54.2425],[-0.2771,54.2178],[-0.2604,54.177],[-0.1999,54.1525],[-0.2228,54.133],[-0.2945,54.136],[-0.3981,54.1699],[-0.4159,54.1627],[-0.4203,54.1386],[-0.4486,54.1235],[-0.4467,54.1072],[-0.5133,54.0833],[-0.5709,54.0847],[-0.6412,54.0588],[-0.6409,54.0322],[-0.6656,54.0249],[-0.6684,54.0071],[-0.7339,54.0222],[-0.8893,54.0071],[-0.928,53.9718],[-0.9875,53.9747],[-1.0042,53.99],[-1.007,54.0278],[-1.0266,54.0389],[-1.0923,54.0403],[-1.1468,54.0278],[-1.1775,53.9803],[-1.232,53.9691],[-1.2348,53.9453],[-1.218,53.9146],[-1.1412,53.8601],[-0.9405,53.868],[-0.9411,53.8355],[-0.9203,53.8077],[-0.9342,53.7683],[-0.9637,53.743],[-0.9256,53.7227],[-1.0206,53.6947],[-1.0939,53.7136],[-1.1097,53.6755],[-1.0739,53.6477],[-1.1264,53.6338],[-1.1995,53.6385],[-1.2148,53.6199],[-1.23,53.6207],[-1.247,53.6355],[-1.2473,53.6633],[-1.2111,53.7102],[-1.3069,53.738],[-1.2887,53.7702],[-1.3075,53.7902],[-1.3053,53.8197],[-1.3445,53.8588],[-1.3056,53.8608],[-1.3078,53.8947],[-1.2914,53.915],[-1.3337,53.9449],[-1.3867,53.9394],[-1.4547,53.9061],[-1.5072,53.9107],[-1.5345,53.9352],[-1.5549,53.9054],[-1.7286,53.9027],[-1.7978,53.943],[-1.8461,53.9314],[-1.8718,53.9404],[-1.8771,53.9626],[-1.9436,53.9577],[-1.9553,53.9505],[-1.9509,53.9319],[-1.9736,53.9172],[-1.9639,53.8972],[-1.9778,53.8694],[-2.0028,53.8699],[-2.0326,53.8476],[-2.0975,53.8885],[-2.105,53.9146],[-2.1742,53.936],[-2.1906,53.9657],[-2.2222,53.968],[-2.2275,53.9827],[-2.2872,53.9711],[-2.3,53.9891],[-2.3351,53.991],[-2.3547,54.0424],[-2.4486,54.0399],[-2.4678,54.0797],[-2.545,54.1135],[-2.5476,54.1511],[-2.5189,54.1602],[-2.4475,54.2302],[-2.4006,54.2283],[-2.3525,54.2505],[-2.3098,54.2433],[-2.3003,54.2652],[-2.3114,54.2813],[-2.3061,54.3205],[-2.3472,54.3502],[-2.2834,54.3827],[-2.2956,54.4177],[-2.2767,54.4355],[-2.1552,54.4556],[-2.1389,54.4496],[-2.0456,54.4797],[-1.9306,54.4547],[-1.8509,54.4805],[-1.8359,54.5044],[-1.7873,54.4816],[-1.767,54.5286],[-1.6818,54.5311],[-1.6423,54.5233],[-1.63,54.5083],[-1.5909,54.5086],[-1.5325,54.4652],[-1.5203,54.4666],[-1.5256,54.4808],[-1.495,54.4788],[-1.4603,54.4416],[-1.4461,54.451],[-1.467,54.4941],[-1.447,54.4977],[-1.432,54.4811],[-1.3821,54.4935],[-1.362,54.4675],[-1.3267,54.4622],[-1.2508,54.4866],[-1.235,54.4997],[-1.1795,54.5038],[-0.8383,54.4872],[-0.8295,54.53],[-0.7788,54.5574]]]}},{"type":"Feature","id":"Northamptonshire","properties":{"id":"Northamptonshire","iso_code":"GB-NTH","name":"Northamptonshire","name_full":"Northamptonshire","name_ja":"ノーサンプトンシャー","center_lonlat":[-0.8529,52.3004]},"geometry":{"type":"Polygon","coordinates":[[[-0.6545,52.1925],[-0.7289,52.1616],[-0.762,52.1624],[-0.7761,52.1469],[-0.8067,52.1522],[-0.8259,52.1274],[-0.8784,52.116],[-0.8278,52.0722],[-0.8559,52.0585],[-0.8674,52.0338],[-0.9014,52.0186],[-0.95,52.0738],[-1.0967,52.0438],[-1.1418,52.0177],[-1.1082,52.0092],[-1.1837,51.9783],[-1.265,51.9797],[-1.2967,52.0388],[-1.2939,52.0713],[-1.3067,52.0774],[-1.2372,52.096],[-1.3212,52.1615],[-1.3031,52.1811],[-1.2487,52.1952],[-1.2659,52.2277],[-1.2081,52.2499],[-1.2089,52.2724],[-1.2242,52.2824],[-1.2026,52.3013],[-1.2495,52.3196],[-1.1653,52.348],[-1.1866,52.3813],[-1.1567,52.3783],[-1.1006,52.4241],[-1.0452,52.4024],[-1.0223,52.4327],[-1.0336,52.4447],[-0.9628,52.4636],[-0.8845,52.4469],[-0.8703,52.4622],[-0.8925,52.4738],[-0.8622,52.5088],[-0.7299,52.5067],[-0.6817,52.543],[-0.5481,52.5905],[-0.5212,52.6238],[-0.4907,52.6365],[-0.4662,52.6091],[-0.4739,52.568],[-0.4144,52.5596],[-0.3984,52.5374],[-0.4072,52.5118],[-0.3481,52.4899],[-0.3356,52.4555],[-0.4259,52.3824],[-0.4845,52.3655],[-0.4588,52.3088],[-0.5031,52.303],[-0.5412,52.2458],[-0.5906,52.2661],[-0.6414,52.2591],[-0.6345,52.216],[-0.6545,52.1925]]]}},{"type":"Feature","id":"Northumberland","properties":{"id":"Northumberland","iso_code":"GB-NBL","name":"Northumberland","name_full":"Northumberland","name_ja":"ノーサンバーランド","center_lonlat":[-2.0618,55.2394]},"geometry":{"type":"Polygon","coordinates":[[[-2.685,55.1908],[-2.6255,55.227],[-2.6231,55.2664],[-2.5515,55.3144],[-2.4519,55.3633],[-2.3595,55.3625],[-2.3252,55.3981],[-2.1887,55.449],[-2.1845,55.4658],[-2.328,55.6382],[-2.2428,55.6499],[-2.1675,55.7199],[-2.092,55.7572],[-2.0785,55.7904],[-2.0229,55.8055],[-1.8778,55.6949],[-1.8165,55.6329],[-1.7814,55.6457],[-1.7477,55.6192],[-1.768,55.613],[-1.6991,55.613],[-1.6308,55.5851],[-1.6347,55.5644],[-1.6172,55.5503],[-1.6308,55.5373],[-1.6029,55.5236],[-1.6113,55.508],[-1.585,55.4837],[-1.5893,55.3765],[-1.5558,55.3113],[-1.5682,55.2796],[-1.5565,55.255],[-1.521,55.2294],[-1.5292,55.2163],[-1.508,55.1946],[-1.5179,55.1571],[-1.496,55.1346],[-1.4801,55.0854],[-1.4556,55.0697],[-1.5142,55.048],[-1.6493,55.0677],[-1.6889,55.0721],[-1.7,55.0563],[-1.6803,55.0413],[-1.7284,55.028],[-1.7495,55.0027],[-1.8001,54.9722],[-1.8217,54.9294],[-1.8506,54.9197],[-1.8201,54.9047],[-1.8667,54.8483],[-1.9042,54.8341],[-1.9931,54.8647],[-2.0822,54.8305],[-2.1297,54.8369],[-2.1331,54.8219],[-2.1914,54.8002],[-2.2114,54.7786],[-2.2725,54.7922],[-2.305,54.7832],[-2.362,54.8108],[-2.4,54.8472],[-2.5,54.8052],[-2.5636,54.8236],[-2.5664,54.8583],[-2.5936,54.8827],[-2.5417,54.923],[-2.565,54.9577],[-2.592,54.9666],[-2.5678,54.986],[-2.56,55.0119],[-2.482,55.0391],[-2.4948,55.058],[-2.4853,55.0794],[-2.5473,55.0799],[-2.5875,55.103],[-2.5978,55.1236],[-2.6409,55.1321],[-2.685,55.1908]]]}},{"type":"Feature","id":"Nottingham","properties":{"id":"Nottingham","iso_code":"GB-NGM","name":"Nottingham","name_full":"Nottingham","name_ja":"ノッティンガム","center_lonlat":[-1.1697,52.9348]},"geometry":{"type":"Polygon","coordinates":[[[-1.1609,52.995],[-1.1162,52.9615],[-1.1041,52.9189],[-1.171,52.8723],[-1.2126,52.8926],[-1.2288,52.9159],[-1.2278,52.9443],[-1.1923,52.992],[-1.1609,52.995]]]}},{"type":"Feature","id":"Nottinghamshire","properties":{"id":"Nottinghamshire","iso_code":"GB-NTT","name":"Nottinghamshire","name_full":"Nottinghamshire","name_ja":"ノッティンガムシャー","center_lonlat":[-1.0009,53.1136]},"geometry":{"type":"Polygon","coordinates":[[[-0.9194,53.4874],[-0.8909,53.4713],[-0.905,53.4577],[-0.7972,53.4523],[-0.7987,53.4291],[-0.7755,53.4013],[-0.7795,53.373],[-0.745,53.3227],[-0.7765,53.2342],[-0.7239,53.2294],[-0.6792,53.2416],[-0.657,53.2313],[-0.6448,53.2433],[-0.6367,53.2347],[-0.6645,53.2033],[-0.7308,53.1916],[-0.745,53.1708],[-0.7062,53.1602],[-0.712,53.083],[-0.6886,53.0497],[-0.7389,53.0363],[-0.7814,53.0061],[-0.7864,52.9866],[-0.7667,52.9612],[-0.8195,52.9413],[-0.8498,52.893],[-0.925,52.8622],[-0.9245,52.8494],[-0.9795,52.8077],[-1.0703,52.8116],[-1.1882,52.7723],[-1.2256,52.778],[-1.2598,52.7991],[-1.2628,52.8616],[-1.2326,52.8807],[-1.2711,52.8988],[-1.2839,52.9858],[-1.3214,53.013],[-1.3297,53.0502],[-1.292,53.0838],[-1.3098,53.1428],[-1.1909,53.1677],[-1.1959,53.2325],[-1.1603,53.2622],[-1.1603,53.2858],[-1.176,53.2929],[-1.135,53.3258],[-1.1447,53.3377],[-1.1139,53.3561],[-1.1181,53.3786],[-1.0664,53.413],[-1.0047,53.4122],[-0.9775,53.4344],[-0.9698,53.463],[-0.9194,53.4874]],[[-1.171,52.8723],[-1.1041,52.9189],[-1.1162,52.9615],[-1.1609,52.995],[-1.1923,52.992],[-1.2278,52.9443],[-1.2288,52.9159],[-1.2126,52.8926],[-1.171,52.8723]]]}},{"type":"Feature","id":"Oldham","properties":{"id":"Oldham","iso_code":"GB-OLD","name":"Oldham","name_full":"Oldham","name_ja":"メトロポリタン・バラ・オブ・オールダム","center_lonlat":[-2.0419,53.5376]},"geometry":{"type":"Polygon","coordinates":[[[-2.1823,53.5257],[-2.1521,53.5667],[-1.9881,53.6147],[-1.977,53.5938],[-1.8972,53.533],[-1.9189,53.5008],[-1.9636,53.4947],[-1.9778,53.4688],[-2.1046,53.5085],[-2.2039,53.4761],[-2.1823,53.5257]]]}},{"type":"Feature","id":"Omagh","properties":{"id":"Omagh","iso_code":"GB-OMH","name":"Omagh","name_full":"Omagh","name_ja":"オマー区","center_lonlat":[-7.2741,54.5879]},"geometry":{"type":"Polygon","coordinates":[[[-7.6934,54.6007],[-7.6531,54.6255],[-7.612,54.6241],[-7.5597,54.6421],[-7.442,54.6435],[-7.3903,54.6924],[-7.3297,54.7091],[-7.3081,54.7316],[-7.2683,54.7288],[-7.2056,54.7527],[-7.1097,54.7489],[-7.0001,54.7772],[-6.9298,54.7677],[-6.9367,54.7519],[-6.9698,54.7416],[-6.995,54.7308],[-6.9878,54.6936],[-7.0003,54.6747],[-6.9689,54.663],[-6.9831,54.6524],[-6.95,54.6061],[-6.9614,54.5766],[-6.9753,54.558],[-6.9728,54.538],[-7.0267,54.5194],[-7.0378,54.503],[-7.0906,54.4936],[-7.1128,54.471],[-7.17,54.4705],[-7.2309,54.4483],[-7.3645,54.4302],[-7.4206,54.4361],[-7.5081,54.4049],[-7.5353,54.4147],[-7.5592,54.4291],[-7.5787,54.5055],[-7.5611,54.543],[-7.5339,54.553],[-7.5489,54.5652],[-7.5975,54.5613],[-7.6387,54.5797],[-7.67,54.5786],[-7.6934,54.6007]]]}},{"type":"Feature","id":"Orkney Islands","properties":{"id":"Orkney Islands","iso_code":"GB-ORK","name":"Orkney Islands","name_full":"Orkney Islands","name_ja":"オークニー諸島","center_lonlat":[-3.3032,59.0123]},"geometry":{"type":"MultiPolygon","coordinates":[[[[-2.7277,58.9709],[-2.7076,58.959],[-2.7065,58.9324],[-2.785,58.9107],[-2.8238,58.8815],[-2.9268,58.9049],[-2.9812,58.9601],[-3.0238,58.9405],[-3.0845,58.943],[-3.0703,58.9287],[-3.1012,58.9301],[-3.118,58.9157],[-3.2028,58.9159],[-3.2279,58.9287],[-3.2385,58.9509],[-3.2353,58.9726],[-3.2074,59.0051],[-3.2279,59.0386],[-3.2458,59.0305],[-3.241,59.0113],[-3.2758,59.0113],[-3.257,58.9783],[-3.2894,58.9504],[-3.3232,58.9572],[-3.3533,58.9828],[-3.3667,59.0161],[-3.344,59.0528],[-3.3502,59.098],[-3.3238,59.1274],[-3.2793,59.1435],[-3.1827,59.1472],[-3.1216,59.124],[-3.0845,59.128],[-3.0492,59.1081],[-3.0703,59.1013],[-2.9945,59.0733],[-3.0082,59.0666],[-2.9945,59.0597],[-3.0628,59.0495],[-3.0909,59.0187],[-3.1317,59.0051],[-3.1167,58.9982],[-3.0597,58.9914],[-3.012,59.0174],[-2.9744,58.9991],[-2.9331,59.0113],[-2.8954,58.991],[-2.8784,58.9982],[-2.8854,58.9771],[-2.7806,58.9903],[-2.7819,58.9739],[-2.8376,58.9504],[-2.7948,58.9261],[-2.7754,58.9287],[-2.796,58.9567],[-2.7277,58.9709]]],[[[-3.2484,58.7922],[-3.1317,58.8065],[-3.1563,58.7868],[-3.2993,58.7791],[-3.3278,58.8183],[-3.3788,58.8536],[-3.3788,58.8741],[-3.4302,58.8748],[-3.4333,58.885],[-3.4163,58.9083],[-3.3494,58.9285],[-3.2461,58.8962],[-3.1932,58.8536],[-3.2074,58.84],[-3.1727,58.8201],[-3.2155,58.8143],[-3.2484,58.7922]]],[[[-2.4464,59.293],[-2.411,59.319],[-2.3925,59.2855],[-2.459,59.2791],[-2.5148,59.2304],[-2.5163,59.2521],[-2.5768,59.2242],[-2.5694,59.2446],[-2.6042,59.2446],[-2.6619,59.2071],[-2.6793,59.2099],[-2.6926,59.1923],[-2.688,59.218],[-2.5956,59.2648],[-2.5911,59.2788],[-2.6116,59.293],[-2.5221,59.3067],[-2.5768,59.2713],[-2.5632,59.2651],[-2.4464,59.293]]],[[[-3.0492,59.3198],[-3.0771,59.3341],[-3.0082,59.3341],[-2.9652,59.3609],[-2.9464,59.3496],[-2.9639,59.3402],[-2.9604,59.3266],[-2.9878,59.3198],[-2.8955,59.303],[-2.871,59.2713],[-2.8301,59.2521],[-2.8854,59.2304],[-2.871,59.2583],[-2.9474,59.2912],[-2.9747,59.293],[-2.9604,59.2713],[-3.0082,59.2713],[-3.0492,59.3198]]],[[[-2.953,58.84],[-2.8837,58.8322],[-2.8854,58.8201],[-2.9194,58.8065],[-2.914,58.7849],[-2.9263,58.7791],[-2.911,58.7487],[-2.9399,58.7307],[-2.9878,58.7574],[-2.9744,58.772],[-3.0157,58.8126],[-2.9789,58.8082],[-2.9672,58.8201],[-3.0356,58.8201],[-2.953,58.84]]],[[[-3.0048,59.128],[-3.0918,59.1428],[-3.1204,59.1766],[-3.0742,59.1975],[-3.0291,59.1824],[-2.953,59.1832],[-2.9772,59.1634],[-2.9752,59.1338],[-3.0048,59.128]]],[[[-2.542,59.1206],[-2.5485,59.109],[-2.5148,59.0938],[-2.5973,59.0733],[-2.5995,59.0959],[-2.6144,59.1072],[-2.6518,59.1013],[-2.6492,59.0855],[-2.6861,59.0892],[-2.6178,59.128],[-2.6655,59.1552],[-2.6116,59.1614],[-2.6178,59.1484],[-2.5694,59.1422],[-2.5929,59.1386],[-2.5836,59.1206],[-2.5353,59.128],[-2.542,59.1206]]],[[[-2.8301,59.1968],[-2.786,59.1968],[-2.7879,59.2472],[-2.7611,59.2521],[-2.7686,59.2379],[-2.7436,59.2381],[-2.7277,59.2242],[-2.7611,59.1931],[-2.7589,59.1642],[-2.7345,59.1484],[-2.7814,59.1414],[-2.8016,59.1682],[-2.8301,59.1758],[-2.8301,59.1968]]]]}},{"type":"Feature","id":"Outer Hebrides","properties":{"id":"Outer Hebrides","iso_code":"GB-ELS","name":"Outer Hebrides","name_full":"Outer Hebrides","name_ja":"アウター・ヘブリディーズ","center_lonlat":[-6.6601,58.1352]},"geometry":{"type":"MultiPolygon","coordinates":[[[[-6.9551,57.7438],[-6.9808,57.7351],[-7.1128,57.8159],[-7.1251,57.8369],[-7.097,57.838],[-7.0793,57.8127],[-6.9849,57.8649],[-6.9142,57.8679],[-6.9626,57.8947],[-6.8817,57.9143],[-6.8323,57.9021],[-6.8658,57.9213],[-6.8391,57.9356],[-6.8971,57.9356],[-6.9521,57.9567],[-7.0098,57.9553],[-7.0363,57.9606],[-7.0446,57.9765],[-7.0658,57.971],[-7.1128,57.9902],[-7.0519,58.0114],[-7.0582,58.025],[-6.9346,58.0523],[-7.0582,58.0386],[-7.0458,58.0526],[-7.024,58.0523],[-7.0519,58.0585],[-7.024,58.0796],[-7.0756,58.0622],[-7.1128,58.1001],[-7.1075,58.112],[-7.1265,58.124],[-7.1234,58.1367],[-7.093,58.1684],[-7.1128,58.182],[-7.0172,58.1894],[-7.0539,58.2014],[-7.0582,58.2134],[-7.0309,58.2447],[-6.9073,58.2168],[-6.9371,58.211],[-6.8971,58.1721],[-6.8881,58.1359],[-6.8596,58.1069],[-6.8596,58.1348],[-6.8875,58.1684],[-6.8695,58.1894],[-6.7985,58.2024],[-6.7367,58.1684],[-6.7094,58.1894],[-6.7429,58.2031],[-6.7572,58.2304],[-6.7838,58.2304],[-6.8118,58.2646],[-6.7912,58.2714],[-6.8186,58.2851],[-6.7156,58.3397],[-6.5575,58.3686],[-6.3456,58.4632],[-6.2674,58.512],[-6.2231,58.4992],[-6.1669,58.4195],[-6.1924,58.4091],[-6.2153,58.3676],[-6.1675,58.3465],[-6.2337,58.3228],[-6.25,58.313],[-6.2464,58.2976],[-6.3179,58.2683],[-6.3183,58.2447],[-6.3661,58.2373],[-6.3477,58.2211],[-6.2709,58.2165],[-6.1507,58.2584],[-6.1675,58.2304],[-6.16,58.2168],[-6.2336,58.1843],[-6.4003,58.2099],[-6.3661,58.1621],[-6.378,58.1536],[-6.373,58.1411],[-6.4412,58.1274],[-6.4897,58.1001],[-6.5238,58.1069],[-6.6194,58.0864],[-6.5813,58.079],[-6.4071,58.1069],[-6.3661,58.0585],[-6.4003,58.0455],[-6.3524,58.0386],[-6.4245,58.0039],[-6.5449,58.0175],[-6.5422,58.0057],[-6.4555,57.9765],[-6.5076,57.936],[-6.5511,57.9431],[-6.5375,57.9213],[-6.5784,57.9172],[-6.6299,57.9567],[-6.6125,57.9213],[-6.6194,57.9151],[-6.661,57.9288],[-6.7094,58.0039],[-6.6947,58.0301],[-6.6658,58.0447],[-6.592,58.0585],[-6.6883,58.0585],[-6.6927,58.041],[-6.764,58.0039],[-6.7301,57.963],[-6.674,57.9288],[-6.6957,57.9213],[-6.6678,57.9083],[-6.661,57.8803],[-6.787,57.8988],[-6.8056,57.8803],[-6.764,57.8679],[-6.7367,57.8394],[-6.7419,57.8315],[-6.7912,57.8258],[-6.7838,57.8127],[-6.8527,57.8332],[-6.8596,57.8258],[-6.8391,57.8127],[-6.8875,57.7848],[-6.8733,57.778],[-6.9551,57.7438]]],[[[-7.1294,57.6529],[-7.0926,57.6521],[-7.0651,57.634],[-7.0992,57.6073],[-7.1711,57.6414],[-7.2159,57.634],[-7.1973,57.6313],[-7.2021,57.6135],[-7.1644,57.6099],[-7.1543,57.5873],[-7.106,57.593],[-7.1256,57.5711],[-7.2363,57.5521],[-7.2567,57.5725],[-7.3121,57.5521],[-7.1442,57.5485],[-7.1339,57.5384],[-7.1575,57.5111],[-7.3053,57.5111],[-7.3462,57.5446],[-7.3183,57.5521],[-7.4424,57.5793],[-7.4709,57.5672],[-7.5448,57.593],[-7.4766,57.6619],[-7.3871,57.6619],[-7.4144,57.6483],[-7.3966,57.6353],[-7.3121,57.6885],[-7.3325,57.6619],[-7.2567,57.6483],[-7.2773,57.6619],[-7.1817,57.6885],[-7.1654,57.6699],[-7.1891,57.6551],[-7.1294,57.6529]]],[[[-7.2438,57.3255],[-7.1954,57.3056],[-7.2567,57.2367],[-7.353,57.2429],[-7.2711,57.2163],[-7.2599,57.1598],[-7.2711,57.1479],[-7.3462,57.1479],[-7.2773,57.1479],[-7.2159,57.1138],[-7.2391,57.1005],[-7.3217,57.1099],[-7.353,57.0996],[-7.3907,57.1291],[-7.4167,57.1816],[-7.4144,57.2163],[-7.4554,57.2367],[-7.3897,57.312],[-7.4281,57.3876],[-7.353,57.408],[-7.2636,57.3739],[-7.2984,57.3671],[-7.2226,57.3398],[-7.2504,57.3319],[-7.3711,57.3876],[-7.394,57.3808],[-7.3705,57.3551],[-7.2438,57.3255]]],[[[-7.2636,57.4831],[-7.2711,57.4763],[-7.2021,57.4626],[-7.2636,57.449],[-7.2497,57.4352],[-7.212,57.4322],[-7.2054,57.4186],[-7.3183,57.408],[-7.4076,57.4456],[-7.3893,57.4799],[-7.3696,57.4893],[-7.2636,57.4831]]],[[[-7.394,57.0102],[-7.3735,56.9829],[-7.411,56.9797],[-7.4424,56.963],[-7.4453,56.9471],[-7.5568,56.9531],[-7.5449,56.9723],[-7.5165,56.9812],[-7.514,57.0029],[-7.5243,57.0102],[-7.4571,57.0316],[-7.4492,57.0586],[-7.4144,57.0449],[-7.435,57.0238],[-7.394,57.0102]]],[[[-6.8733,58.2168],[-6.8596,58.223],[-6.8823,58.2363],[-6.88,58.2578],[-6.8186,58.2373],[-6.7912,58.2099],[-6.8733,58.2168]]],[[[-7.0446,57.9021],[-7.0552,57.8842],[-7.0793,57.8803],[-7.0793,57.8947],[-7.0377,57.9163],[-6.9974,57.9151],[-6.9971,57.8935],[-7.0092,57.8896],[-7.0446,57.9021]]],[[[-7.2226,57.7097],[-7.1802,57.7347],[-7.152,57.7263],[-7.2226,57.7097]]],[[[-8.621,57.8332],[-8.5522,57.8189],[-8.5909,57.8048],[-8.621,57.8332]]]]}},{"type":"Feature","id":"Oxfordshire","properties":{"id":"Oxfordshire","iso_code":"GB-OXF","name":"Oxfordshire","name_full":"Oxfordshire","name_ja":"オックスフォードシャー","center_lonlat":[-1.3135,51.7608]},"geometry":{"type":"Polygon","coordinates":[[[-1.6525,51.9839],[-1.604,51.9549],[-1.5498,51.9691],[-1.5456,51.9847],[-1.5097,51.9983],[-1.4953,52.0607],[-1.4703,52.0886],[-1.4406,52.0908],[-1.4375,52.1075],[-1.4262,52.1088],[-1.3578,52.0952],[-1.3511,52.1044],[-1.3736,52.1183],[-1.3414,52.1344],[-1.3212,52.1615],[-1.2372,52.096],[-1.3067,52.0774],[-1.2939,52.0713],[-1.2967,52.0388],[-1.265,51.9797],[-1.1837,51.9783],[-1.1082,52.0092],[-1.0531,51.9927],[-1.0825,51.9524],[-1.0472,51.9397],[-1.0758,51.9194],[-1.0817,51.8977],[-1.0472,51.833],[-1.0695,51.8238],[-1.1253,51.8341],[-1.1087,51.7797],[-1.0403,51.7433],[-0.9656,51.7561],[-0.912,51.7405],[-0.8845,51.7163],[-0.8742,51.668],[-0.9214,51.6672],[-0.9264,51.6486],[-0.9423,51.645],[-0.9306,51.6347],[-0.9445,51.6191],[-0.9331,51.6002],[-0.9108,51.5972],[-0.932,51.5705],[-0.8871,51.5481],[-0.8732,51.5075],[-0.8805,51.4975],[-0.9645,51.4547],[-1.0811,51.4891],[-1.1232,51.5031],[-1.1466,51.5305],[-1.1842,51.523],[-1.2644,51.5324],[-1.3073,51.5533],[-1.3389,51.5372],[-1.3656,51.5449],[-1.4489,51.5327],[-1.5342,51.5505],[-1.5675,51.5458],[-1.5845,51.5174],[-1.6028,51.5202],[-1.6467,51.5685],[-1.6753,51.5727],[-1.6778,51.5997],[-1.6545,51.6319],[-1.6839,51.6505],[-1.6833,51.6786],[-1.6442,51.6797],[-1.6761,51.7047],[-1.6925,51.7624],[-1.7092,51.7749],[-1.6792,51.7971],[-1.6759,51.8552],[-1.6375,51.8938],[-1.6461,51.91],[-1.6128,51.9316],[-1.6189,51.9449],[-1.6569,51.9591],[-1.6525,51.9839]]]}},{"type":"Feature","id":"Pembrokeshire","properties":{"id":"Pembrokeshire","iso_code":"GB-PEM","name":"Pembrokeshire","name_full":"Pembrokeshire","name_ja":"ペンブルックシャー","center_lonlat":[-4.8846,51.8573]},"geometry":{"type":"Polygon","coordinates":[[[-4.6393,51.7332],[-4.6782,51.7174],[-4.6803,51.6927],[-4.7123,51.6501],[-4.7349,51.6592],[-4.7592,51.645],[-4.8635,51.6441],[-4.941,51.5965],[-5.0458,51.6269],[-5.0366,51.6374],[-5.0512,51.6569],[-5.1197,51.6784],[-5.0366,51.6784],[-5.0434,51.6927],[-4.9882,51.6859],[-4.8448,51.7138],[-4.8734,51.7377],[-4.879,51.762],[-4.8625,51.7824],[-4.8243,51.7957],[-4.9336,51.7753],[-4.9005,51.7621],[-4.9062,51.7473],[-4.8921,51.7394],[-4.9106,51.7182],[-5.0099,51.7064],[-5.1492,51.7181],[-5.1669,51.7138],[-5.157,51.6976],[-5.1829,51.6893],[-5.1807,51.7064],[-5.2495,51.7337],[-5.2139,51.7357],[-5.1768,51.7597],[-5.1103,51.7785],[-5.1259,51.856],[-5.2216,51.8777],[-5.3109,51.864],[-5.2905,51.892],[-5.2983,51.911],[-5.1195,51.9589],[-5.088,51.976],[-5.085,52.0019],[-5.0708,52.0019],[-5.0812,52.0212],[-5.0702,52.0264],[-5.0266,52.0274],[-4.9617,52.0075],[-4.9137,52.0148],[-4.9205,52.0285],[-4.8414,52.0148],[-4.8323,52.019],[-4.838,52.049],[-4.7776,52.0649],[-4.7203,52.1133],[-4.6938,52.1073],[-4.6968,52.0683],[-4.5587,52.0377],[-4.4947,51.9602],[-4.6312,51.9106],[-4.6933,51.9088],[-4.7411,51.8742],[-4.7243,51.8459],[-4.7677,51.8308],[-4.7509,51.8201],[-4.6764,51.8263],[-4.6498,51.8175],[-4.6374,51.7935],[-4.6393,51.7332]]]}},{"type":"Feature","id":"Perth and Kinross","properties":{"id":"Perth and Kinross","iso_code":"GB-PKN","name":"Perth and Kinross","name_full":"Perth and Kinross","name_ja":"パース・アンド・キンロス","center_lonlat":[-3.8132,56.566]},"geometry":{"type":"Polygon","coordinates":[[[-3.0557,56.4521],[-3.1339,56.4269],[-3.2382,56.3677],[-3.2802,56.3579],[-3.3235,56.3659],[-3.2624,56.3528],[-3.2528,56.3347],[-3.2658,56.3235],[-3.2434,56.3061],[-3.2906,56.303],[-3.2997,56.2816],[-3.3345,56.2819],[-3.3628,56.2647],[-3.3475,56.2544],[-3.3484,56.2366],[-3.2889,56.233],[-3.2642,56.2191],[-3.2611,56.1963],[-3.3034,56.1797],[-3.2747,56.1658],[-3.3495,56.1649],[-3.387,56.1371],[-3.5292,56.1416],[-3.5509,56.1524],[-3.6306,56.1282],[-3.6428,56.1552],[-3.5542,56.1819],[-3.6117,56.198],[-3.7231,56.1897],[-3.7589,56.2158],[-3.8244,56.1925],[-3.8428,56.2183],[-3.8781,56.2138],[-3.9964,56.2691],[-4.0447,56.2727],[-4.0614,56.2858],[-4.075,56.2744],[-4.0992,56.2785],[-4.2195,56.3291],[-4.217,56.3483],[-4.2345,56.3729],[-4.1864,56.3913],[-4.187,56.4572],[-4.1481,56.4527],[-4.0953,56.4683],[-4.1448,56.5122],[-4.2847,56.4813],[-4.3228,56.5333],[-4.3517,56.5408],[-4.4706,56.5119],[-4.5128,56.5191],[-4.5297,56.501],[-4.6003,56.4924],[-4.6394,56.4718],[-4.6759,56.4836],[-4.6497,56.5268],[-4.6928,56.548],[-4.5953,56.5744],[-4.5584,56.5702],[-4.5956,56.6074],[-4.6281,56.6122],[-4.6206,56.6466],[-4.7086,56.6415],[-4.7028,56.6702],[-4.5864,56.6925],[-4.5978,56.7085],[-4.5736,56.7274],[-4.5783,56.7549],[-4.5517,56.7636],[-4.5142,56.8036],[-4.4366,56.7784],[-4.3667,56.8266],[-4.3328,56.8241],[-4.3031,56.845],[-4.2011,56.8694],[-4.2022,56.893],[-4.1778,56.9074],[-3.9761,56.8955],[-3.9406,56.9474],[-3.8781,56.9246],[-3.7964,56.9302],[-3.7436,56.9327],[-3.7083,56.9188],[-3.5881,56.9299],[-3.5695,56.9213],[-3.5625,56.8888],[-3.5031,56.8905],[-3.4614,56.8755],[-3.3951,56.8815],[-3.335,56.7238],[-3.2782,56.6771],[-3.1819,56.6582],[-3.1557,56.648],[-3.1294,56.6159],[-3.0842,56.6071],[-3.1425,56.5692],[-3.1703,56.5167],[-3.1469,56.4905],[-3.0793,56.4749],[-3.0557,56.4521]]]}},{"type":"Feature","id":"Peterborough","properties":{"id":"Peterborough","iso_code":"GB-PTE","name":"Peterborough","name_full":"Peterborough","name_ja":"ピーターバラ","center_lonlat":[-0.2739,52.5952]},"geometry":{"type":"Polygon","coordinates":[[[-0.0495,52.6579],[-0.0545,52.5888],[-0.2154,52.5522],[-0.2868,52.5041],[-0.3265,52.5074],[-0.4144,52.5596],[-0.4739,52.568],[-0.4662,52.6091],[-0.4907,52.6365],[-0.402,52.6369],[-0.315,52.6636],[-0.262,52.6474],[-0.1995,52.6562],[-0.1831,52.6419],[-0.1375,52.6385],[-0.0495,52.6579]]]}},{"type":"Feature","id":"Plymouth","properties":{"id":"Plymouth","iso_code":"GB-PLY","name":"Plymouth","name_full":"Plymouth","name_ja":"プリマス","center_lonlat":[-4.1136,50.3969]},"geometry":{"type":"Polygon","coordinates":[[[-4.116,50.3479],[-4.105,50.3707],[-4.1655,50.3764],[-4.187,50.426],[-4.1245,50.4355],[-4.0418,50.3993],[-4.0387,50.3786],[-4.116,50.3479]]]}},{"type":"Feature","id":"Poole","properties":{"id":"Poole","iso_code":"GB-POL","name":"Poole","name_full":"Poole","name_ja":"プール","center_lonlat":[-1.962,50.7358]},"geometry":{"type":"Polygon","coordinates":[[[-1.8969,50.716],[-1.94,50.6908],[-1.9493,50.7133],[-2.0262,50.7251],[-1.9947,50.7699],[-1.9418,50.7655],[-1.9204,50.75],[-1.9277,50.7267],[-1.8969,50.716]]]}},{"type":"Feature","id":"Portsmouth","properties":{"id":"Portsmouth","iso_code":"GB-POR","name":"Portsmouth","name_full":"Portsmouth","name_ja":"ポーツマス","center_lonlat":[-1.0597,50.8209]},"geometry":{"type":"MultiPolygon","coordinates":[[[[-0.9949,50.8471],[-1.0207,50.8437],[-1.0562,50.783],[-1.0828,50.781],[-1.103,50.7955],[-1.0692,50.8437],[-1.0881,50.8498],[-1.0563,50.8578],[-0.9949,50.8471]]],[[[-0.9599,50.8083],[-0.9388,50.781],[-1.0207,50.7884],[-0.9726,50.8298],[-0.9503,50.8238],[-0.9599,50.8083]]]]}},{"type":"Feature","id":"Powys","properties":{"id":"Powys","iso_code":"GB-POW","name":"Powys","name_full":"Powys","name_ja":"ポーイス","center_lonlat":[-3.4043,52.3084]},"geometry":{"type":"Polygon","coordinates":[[[-3.1404,52.7963],[-2.9999,52.757],[-2.9599,52.7311],[-2.9737,52.7164],[-3.0133,52.7084],[-3.0358,52.6494],[-3.0629,52.6375],[-3.0806,52.6011],[-3.123,52.581],[-3.1084,52.5448],[-3.1151,52.529],[-3.0866,52.5291],[-3.0152,52.5682],[-2.9755,52.5418],[-3.0308,52.4969],[-3.1077,52.4939],[-3.1946,52.4669],[-3.2131,52.4501],[-3.2115,52.4262],[-3.0706,52.3466],[-2.9574,52.3412],[-2.9573,52.3279],[-2.9995,52.2962],[-2.9933,52.2796],[-2.9564,52.2641],[-3.0119,52.2548],[-3.051,52.2328],[-3.1077,52.1727],[-3.0782,52.1473],[-3.1247,52.129],[-3.1008,52.112],[-3.1231,52.0733],[-3.0876,52.0517],[-3.0799,52.0168],[-3.0513,51.9835],[-3.0639,51.9383],[-3.035,51.886],[-3.0645,51.8674],[-3.0887,51.8291],[-3.1569,51.8107],[-3.2742,51.8147],[-3.2906,51.8066],[-3.289,51.7933],[-3.3338,51.7899],[-3.405,51.8277],[-3.4352,51.8166],[-3.4645,51.8211],[-3.4786,51.7902],[-3.547,51.7736],[-3.5837,51.7513],[-3.6484,51.7794],[-3.7634,51.7577],[-3.8,51.7853],[-3.7113,51.8818],[-3.7099,51.9323],[-3.6867,51.9483],[-3.6956,51.9888],[-3.6436,52.0313],[-3.6609,52.0697],[-3.7136,52.0902],[-3.7067,52.1146],[-3.7412,52.1216],[-3.7558,52.1246],[-3.7395,52.2469],[-3.7011,52.2738],[-3.7312,52.3188],[-3.652,52.3475],[-3.6906,52.3641],[-3.7201,52.4202],[-3.7609,52.4374],[-3.7578,52.4586],[-3.737,52.4672],[-3.7247,52.4988],[-3.8131,52.4813],[-3.8339,52.5041],[-3.8292,52.5327],[-3.8395,52.5486],[-3.9275,52.5532],[-3.8378,52.5991],[-3.8336,52.6408],[-3.797,52.6747],[-3.6986,52.6761],[-3.6015,52.6955],[-3.5717,52.7305],[-3.5972,52.7844],[-3.5872,52.8116],[-3.4908,52.8347],[-3.47,52.8619],[-3.3907,52.8674],[-3.2889,52.8197],[-3.2617,52.7805],[-3.1404,52.7963]]]}},{"type":"Feature","id":"Reading","properties":{"id":"Reading","iso_code":"GB-RDG","name":"Reading","name_full":"Reading","name_ja":"レディング","center_lonlat":[-1.0335,51.4472]},"geometry":{"type":"Polygon","coordinates":[[[-1.0811,51.4891],[-0.9645,51.4547],[-0.9848,51.4229],[-1.0535,51.4119],[-1.0838,51.4339],[-1.0811,51.4891]]]}},{"type":"Feature","id":"Redbridge","properties":{"id":"Redbridge","iso_code":"GB-RDB","name":"Redbridge","name_full":"Redbridge","name_ja":"レッドブリッジ・ロンドン特別区","center_lonlat":[0.0792,51.5836]},"geometry":{"type":"Polygon","coordinates":[[[0.1485,51.6174],[0.1524,51.5989],[0.1379,51.5917],[0.1253,51.5522],[0.0746,51.5421],[0.0533,51.5628],[0.0239,51.5543],[0.0181,51.6187],[0.0276,51.6265],[0.0839,51.601],[0.1485,51.6174]]]}},{"type":"Feature","id":"Redcar and Cleveland","properties":{"id":"Redcar and Cleveland","iso_code":"GB-RCC","name":"Redcar and Cleveland","name_full":"Redcar and Cleveland","name_ja":"レッドカー・アンド・クリーヴランド","center_lonlat":[-1.028,54.5529]},"geometry":{"type":"Polygon","coordinates":[[[-1.1926,54.62],[-1.1722,54.6261],[-1.1527,54.6132],[-1.1381,54.6466],[-1.1036,54.6247],[-0.7788,54.5574],[-0.8295,54.53],[-0.8383,54.4872],[-1.1795,54.5038],[-1.2101,54.5398],[-1.2187,54.5754],[-1.2117,54.6066],[-1.1926,54.62]]]}},{"type":"Feature","id":"Renfrewshire","properties":{"id":"Renfrewshire","iso_code":"GB-RFW","name":"Renfrewshire","name_full":"Renfrewshire","name_ja":"レンフルーシャー","center_lonlat":[-4.5317,55.8404]},"geometry":{"type":"Polygon","coordinates":[[[-4.6268,55.9298],[-4.4886,55.9257],[-4.3558,55.864],[-4.3568,55.8191],[-4.5164,55.7628],[-4.6348,55.7666],[-4.7158,55.8119],[-4.7517,55.8572],[-4.6526,55.8424],[-4.5884,55.8508],[-4.5905,55.8813],[-4.6268,55.9298]]]}},{"type":"Feature","id":"Rhondda Cynon Taf","properties":{"id":"Rhondda Cynon Taf","iso_code":"GB-RCT","name":"Rhondda Cynon Taf","name_full":"Rhondda Cynon Taf","name_ja":"ロンザ・カノン・タフ","center_lonlat":[-3.4167,51.6403]},"geometry":{"type":"Polygon","coordinates":[[[-3.3017,51.6486],[-3.2275,51.5451],[-3.2914,51.5004],[-3.3222,51.5138],[-3.3306,51.5002],[-3.3722,51.5069],[-3.3922,51.4961],[-3.4425,51.5158],[-3.4752,51.5104],[-3.4618,51.5898],[-3.4908,51.617],[-3.5492,51.6418],[-3.5695,51.6725],[-3.5717,51.7321],[-3.5922,51.7424],[-3.5837,51.7513],[-3.547,51.7736],[-3.4786,51.7902],[-3.4645,51.8211],[-3.4352,51.8166],[-3.4129,51.7656],[-3.4383,51.7547],[-3.3017,51.6486]]]}},{"type":"Feature","id":"Richmond upon Thames","properties":{"id":"Richmond upon Thames","iso_code":"GB-RIC","name":"Richmond upon Thames","name_full":"Richmond upon Thames","name_ja":"リッチモンド・アポン・テムズ・ロンドン特別区","center_lonlat":[-0.3032,51.4408]},"geometry":{"type":"Polygon","coordinates":[[[-0.2127,51.4729],[-0.2438,51.4595],[-0.2443,51.4325],[-0.3017,51.4291],[-0.3067,51.3844],[-0.3844,51.4137],[-0.3559,51.4353],[-0.3763,51.4398],[-0.368,51.4494],[-0.316,51.4556],[-0.3232,51.4647],[-0.3102,51.4726],[-0.2367,51.4872],[-0.2127,51.4729]]]}},{"type":"Feature","id":"Rochdale","properties":{"id":"Rochdale","iso_code":"GB-RCH","name":"Rochdale","name_full":"Rochdale","name_ja":"メトロポリタン・バラ・オブ・ロッチデール","center_lonlat":[-2.1505,53.6192]},"geometry":{"type":"Polygon","coordinates":[[[-1.9881,53.6147],[-2.1521,53.5667],[-2.1823,53.5257],[-2.2513,53.5494],[-2.2581,53.6141],[-2.2459,53.6613],[-2.1514,53.6965],[-2.0986,53.6719],[-2.0464,53.6841],[-2.0239,53.6394],[-2.017,53.6186],[-1.9881,53.6147]]]}},{"type":"Feature","id":"Rotherham","properties":{"id":"Rotherham","iso_code":"GB-ROT","name":"Rotherham","name_full":"Rotherham","name_ja":"メトロポリタン・バラ・オブ・ロザラム","center_lonlat":[-1.2782,53.3776]},"geometry":{"type":"Polygon","coordinates":[[[-1.3937,53.3252],[-1.4061,53.411],[-1.4061,53.4444],[-1.3699,53.4694],[-1.3254,53.4778],[-1.2586,53.4694],[-1.2419,53.4333],[-1.1181,53.3786],[-1.1139,53.3561],[-1.1447,53.3377],[-1.135,53.3258],[-1.176,53.2929],[-1.2425,53.2908],[-1.282,53.2994],[-1.2773,53.3133],[-1.2867,53.3169],[-1.3592,53.3002],[-1.3937,53.3252]]]}},{"type":"Feature","id":"Rutland","properties":{"id":"Rutland","iso_code":"GB-RUT","name":"Rutland","name_full":"Rutland","name_ja":"ラトランド","center_lonlat":[-0.6519,52.6446]},"geometry":{"type":"Polygon","coordinates":[[[-0.6511,52.7475],[-0.5637,52.7405],[-0.5156,52.7097],[-0.4153,52.6866],[-0.4497,52.6616],[-0.5131,52.6527],[-0.4907,52.6365],[-0.5212,52.6238],[-0.5481,52.5905],[-0.6817,52.543],[-0.7299,52.5067],[-0.7649,52.5326],[-0.8001,52.5955],[-0.8051,52.7087],[-0.7271,52.7162],[-0.6511,52.7475]]]}},{"type":"Feature","id":"Salford","properties":{"id":"Salford","iso_code":"GB-SLF","name":"Salford","name_full":"Salford","name_ja":"シティ・オブ・サルフォード","center_lonlat":[-2.4087,53.4952]},"geometry":{"type":"Polygon","coordinates":[[[-2.485,53.4622],[-2.5114,53.5382],[-2.4412,53.5538],[-2.3355,53.5343],[-2.3053,53.5041],[-2.2988,53.4718],[-2.3204,53.4524],[-2.4088,53.4524],[-2.4467,53.4188],[-2.485,53.4622]]]}},{"type":"Feature","id":"Sandwell","properties":{"id":"Sandwell","iso_code":"GB-SAW","name":"Sandwell","name_full":"Sandwell","name_ja":"サンドウェル","center_lonlat":[-2.0024,52.518]},"geometry":{"type":"Polygon","coordinates":[[[-2.0782,52.5574],[-2.0557,52.5681],[-2.0415,52.5539],[-1.9893,52.5657],[-1.9218,52.5598],[-1.9028,52.5468],[-1.9644,52.4946],[-1.9455,52.4828],[-1.9633,52.4626],[-2.0261,52.4638],[-2.0391,52.4804],[-2.0758,52.478],[-2.0901,52.4887],[-2.0664,52.5171],[-2.0782,52.5574]]]}},{"type":"Feature","id":"Scottish Borders","properties":{"id":"Scottish Borders","iso_code":"GB-SCB","name":"Scottish Borders","name_full":"Scottish Borders","name_ja":"スコティッシュ・ボーダーズ","center_lonlat":[-2.7861,55.5735]},"geometry":{"type":"Polygon","coordinates":[[[-2.0229,55.8055],[-2.0785,55.7904],[-2.092,55.7572],[-2.1675,55.7199],[-2.2428,55.6499],[-2.328,55.6382],[-2.1845,55.4658],[-2.1887,55.449],[-2.3252,55.3981],[-2.3595,55.3625],[-2.4519,55.3633],[-2.5515,55.3144],[-2.6231,55.2664],[-2.6255,55.227],[-2.685,55.1908],[-2.7189,55.1672],[-2.8225,55.1352],[-2.8503,55.1113],[-2.8595,55.1363],[-2.8895,55.1552],[-2.8842,55.2019],[-2.8637,55.231],[-2.9056,55.243],[-2.8726,55.2619],[-2.8912,55.278],[-2.945,55.288],[-2.9975,55.2683],[-3.0345,55.273],[-3.057,55.3072],[-3.0984,55.3296],[-3.1045,55.3522],[-3.1642,55.3497],[-3.2075,55.3722],[-3.3039,55.3427],[-3.3034,55.3849],[-3.2414,55.4188],[-3.2525,55.4288],[-3.3164,55.4383],[-3.345,55.4119],[-3.5003,55.4097],[-3.5348,55.438],[-3.5122,55.4922],[-3.485,55.515],[-3.4837,55.553],[-3.527,55.6002],[-3.4781,55.6122],[-3.4689,55.6258],[-3.4795,55.6485],[-3.3945,55.7077],[-3.4359,55.7183],[-3.4579,55.7696],[-3.4223,55.8074],[-3.3953,55.8173],[-3.3602,55.8117],[-3.2697,55.7739],[-3.23,55.7763],[-3.1842,55.8016],[-3.1434,55.7388],[-3.145,55.7222],[-3.1209,55.7119],[-3.0933,55.7186],[-3.0956,55.7361],[-3.0737,55.7513],[-2.9428,55.8152],[-2.9275,55.8055],[-2.9325,55.7861],[-2.907,55.7822],[-2.8209,55.8217],[-2.7806,55.8383],[-2.7358,55.828],[-2.6545,55.8483],[-2.6403,55.8335],[-2.595,55.8277],[-2.5331,55.8563],[-2.4898,55.8511],[-2.3964,55.8722],[-2.4006,55.8863],[-2.4359,55.8952],[-2.3604,55.9527],[-2.3078,55.935],[-2.138,55.9146],[-2.1288,55.8898],[-2.0802,55.8694],[-2.0229,55.8055]]]}},{"type":"Feature","id":"Sefton","properties":{"id":"Sefton","iso_code":"GB-SFT","name":"Sefton","name_full":"Sefton","name_ja":"メトロポリタン・バラ・オブ・セフトン","center_lonlat":[-3.0577,53.5697]},"geometry":{"type":"Polygon","coordinates":[[[-3.0482,53.481],[-3.0966,53.5443],[-3.0995,53.572],[-2.9485,53.7094],[-2.9328,53.6605],[-2.9636,53.6261],[-2.9953,53.6269],[-3.0189,53.5936],[-3.0117,53.5775],[-3.0317,53.5419],[-2.9586,53.5158],[-2.9653,53.5446],[-2.8961,53.5224],[-2.9328,53.4933],[-3.0482,53.481]]]}},{"type":"Feature","id":"Sheffield","properties":{"id":"Sheffield","iso_code":"GB-SHF","name":"Sheffield","name_full":"Sheffield","name_ja":"シェフィールド","center_lonlat":[-1.5794,53.4093]},"geometry":{"type":"Polygon","coordinates":[[[-1.3937,53.3252],[-1.432,53.3236],[-1.5314,53.2897],[-1.6101,53.3058],[-1.5819,53.3302],[-1.6503,53.3519],[-1.6464,53.3766],[-1.7342,53.4108],[-1.7312,53.441],[-1.7873,53.4686],[-1.8161,53.5161],[-1.5897,53.4973],[-1.5591,53.4694],[-1.4645,53.4694],[-1.4283,53.411],[-1.4061,53.411],[-1.3937,53.3252]]]}},{"type":"Feature","id":"Shetland Islands","properties":{"id":"Shetland Islands","iso_code":"GB-ZET","name":"Shetland Islands","name_full":"Shetland Islands","name_ja":"シェトランド諸島","center_lonlat":[-1.332,60.2914]},"geometry":{"type":"MultiPolygon","coordinates":[[[[-1.097,60.4165],[-1.0727,60.4445],[-1.0344,60.4506],[-1.1251,60.3837],[-1.1175,60.3739],[-1.0683,60.3963],[-1.0704,60.3595],[-1.1722,60.3476],[-1.0753,60.321],[-1.1379,60.2907],[-1.1343,60.2756],[-1.0898,60.2725],[-1.1479,60.2488],[-1.1926,60.2725],[-1.1981,60.2606],[-1.1852,60.2452],[-1.2194,60.2383],[-1.179,60.2322],[-1.1995,60.2043],[-1.1579,60.2247],[-1.1926,60.1763],[-1.1551,60.1926],[-1.144,60.1876],[-1.1579,60.1701],[-1.1238,60.1496],[-1.1517,60.1496],[-1.1443,60.1353],[-1.1995,60.1291],[-1.1852,60.1216],[-1.1898,60.1133],[-1.2132,60.1074],[-1.1852,60.0944],[-1.2023,60.0831],[-1.1929,60.0698],[-1.1647,60.0602],[-1.1852,60.0383],[-1.2194,60.0397],[-1.1926,59.9975],[-1.2012,59.9864],[-1.2473,59.9975],[-1.2452,59.9558],[-1.2677,59.923],[-1.2746,59.9299],[-1.2634,59.9072],[-1.2746,59.8821],[-1.261,59.8664],[-1.2746,59.8542],[-1.295,59.8747],[-1.3111,59.8655],[-1.3014,59.8889],[-1.3479,59.892],[-1.376,59.9086],[-1.358,59.9216],[-1.3557,59.9455],[-1.323,59.951],[-1.3497,59.9777],[-1.323,59.9777],[-1.3287,59.9955],[-1.2626,60.1151],[-1.2677,60.1422],[-1.2889,60.1558],[-1.2694,60.1855],[-1.3124,60.1806],[-1.2677,60.2452],[-1.2869,60.2463],[-1.3293,60.2043],[-1.3577,60.2443],[-1.4111,60.2589],[-1.3497,60.2111],[-1.3566,60.1968],[-1.3981,60.2111],[-1.4046,60.1795],[-1.4187,60.1906],[-1.4554,60.1562],[-1.5273,60.1929],[-1.5095,60.2099],[-1.4664,60.2172],[-1.5037,60.2434],[-1.5251,60.2123],[-1.5368,60.2109],[-1.5482,60.2297],[-1.6247,60.2172],[-1.6328,60.2303],[-1.6697,60.2396],[-1.6902,60.2851],[-1.6387,60.3115],[-1.6029,60.3135],[-1.5484,60.293],[-1.5558,60.3066],[-1.521,60.2998],[-1.5284,60.3135],[-1.4814,60.3165],[-1.4676,60.3085],[-1.4664,60.2787],[-1.446,60.2862],[-1.4596,60.3066],[-1.439,60.3066],[-1.446,60.321],[-1.4228,60.3261],[-1.3743,60.3084],[-1.364,60.2862],[-1.3361,60.3066],[-1.364,60.321],[-1.3435,60.3476],[-1.3155,60.3414],[-1.3281,60.3527],[-1.2604,60.355],[-1.3376,60.3745],[-1.3435,60.396],[-1.3734,60.3811],[-1.395,60.39],[-1.3844,60.4233],[-1.439,60.4308],[-1.446,60.4923],[-1.4801,60.4575],[-1.4991,60.4691],[-1.4801,60.4854],[-1.5484,60.4923],[-1.572,60.4768],[-1.6094,60.4833],[-1.5862,60.5121],[-1.5558,60.5121],[-1.5484,60.5394],[-1.527,60.5568],[-1.514,60.5578],[-1.4882,60.5258],[-1.4551,60.5089],[-1.4175,60.5022],[-1.3844,60.5121],[-1.4801,60.5394],[-1.4528,60.5673],[-1.4111,60.5804],[-1.4254,60.5878],[-1.4187,60.6083],[-1.3669,60.6123],[-1.3155,60.5941],[-1.3087,60.6015],[-1.324,60.6213],[-1.3014,60.6431],[-1.2935,60.5932],[-1.3087,60.5878],[-1.3014,60.5648],[-1.3361,60.5332],[-1.3155,60.5332],[-1.3361,60.5258],[-1.3155,60.5189],[-1.3361,60.4854],[-1.295,60.4923],[-1.3087,60.4575],[-1.328,60.4532],[-1.3702,60.4022],[-1.323,60.4097],[-1.3243,60.4277],[-1.297,60.438],[-1.2336,60.4438],[-1.295,60.4711],[-1.272,60.4843],[-1.2604,60.4649],[-1.2175,60.498],[-1.1863,60.4822],[-1.1926,60.4711],[-1.1699,60.4631],[-1.1647,60.437],[-1.1517,60.4308],[-1.1859,60.4316],[-1.2208,60.4091],[-1.1852,60.4165],[-1.1995,60.4022],[-1.1654,60.4121],[-1.1443,60.3886],[-1.1034,60.4308],[-1.097,60.4165]]],[[[-0.9872,60.6977],[-0.9971,60.6761],[-0.9797,60.6567],[-0.9935,60.6356],[-1.0623,60.6629],[-1.0139,60.6151],[-1.0692,60.6151],[-1.0521,60.5976],[-1.0207,60.5941],[-1.0282,60.5878],[-1.0111,60.5777],[-1.0225,60.5556],[-1.0419,60.553],[-1.0225,60.5272],[-1.0238,60.503],[-1.1007,60.515],[-1.1077,60.5051],[-1.097,60.4923],[-1.1539,60.5084],[-1.1678,60.5305],[-1.18,60.6247],[-1.1714,60.646],[-1.1381,60.6492],[-1.1301,60.6193],[-1.1034,60.6151],[-1.1238,60.6598],[-1.1115,60.6811],[-1.1139,60.7147],[-1.0921,60.7353],[-1.0692,60.7182],[-1.0576,60.7297],[-0.9935,60.7311],[-1.0009,60.7039],[-0.9872,60.6977]]],[[[-0.9047,60.684],[-0.9662,60.6902],[-0.9662,60.725],[-0.9432,60.726],[-0.9525,60.7523],[-0.9261,60.7696],[-0.9388,60.8001],[-0.9042,60.814],[-0.8815,60.845],[-0.8562,60.824],[-0.8883,60.7897],[-0.8531,60.8035],[-0.8221,60.8479],[-0.7718,60.8334],[-0.7607,60.8131],[-0.788,60.807],[-0.7607,60.8001],[-0.8085,60.7786],[-0.8017,60.7591],[-0.8214,60.7585],[-0.8017,60.7448],[-0.85,60.7182],[-0.8219,60.685],[-0.8462,60.676],[-0.9047,60.684]]],[[[-0.7846,60.6151],[-0.7584,60.6076],[-0.7607,60.5878],[-0.7852,60.5763],[-0.8705,60.5878],[-0.8562,60.5673],[-0.8835,60.5705],[-0.9388,60.6287],[-0.8221,60.6287],[-0.8091,60.6083],[-0.7846,60.6151]]],[[[-1.0629,60.164],[-1.0505,60.1696],[-1.0527,60.1484],[-1.0839,60.1052],[-1.1222,60.1231],[-1.1193,60.1556],[-1.1349,60.1787],[-1.0975,60.1757],[-1.0795,60.1883],[-1.0629,60.164]]],[[[-0.9188,60.3862],[-0.9112,60.3823],[-0.976,60.3403],[-1.0341,60.3402],[-1.0064,60.369],[-0.9188,60.3862]]],[[[-1.3151,60.0937],[-1.3048,60.0866],[-1.3336,60.0436],[-1.3346,60.0763],[-1.3679,60.0448],[-1.338,60.0935],[-1.3457,60.109],[-1.3158,60.1155],[-1.3234,60.0882],[-1.3151,60.0937]]],[[[-2.0532,60.1555],[-2.0481,60.1292],[-2.063,60.118],[-2.1123,60.138],[-2.0879,60.1555],[-2.0532,60.1555]]],[[[-1.6513,59.529],[-1.6252,59.5558],[-1.5831,59.56],[-1.6081,59.5473],[-1.5967,59.532],[-1.6455,59.5141],[-1.6513,59.529]]]]}},{"type":"Feature","id":"Shropshire","properties":{"id":"Shropshire","iso_code":"GB-SHR","name":"Shropshire","name_full":"Shropshire","name_ja":"シュロップシャー","center_lonlat":[-2.7234,52.6286]},"geometry":{"type":"Polygon","coordinates":[[[-3.1404,52.7963],[-3.1522,52.8298],[-3.1219,52.8549],[-3.1269,52.8846],[-3.0039,52.9498],[-2.963,52.952],[-2.9259,52.9335],[-2.8532,52.9391],[-2.7795,52.9006],[-2.7177,52.9216],[-2.7277,52.9665],[-2.6228,52.9858],[-2.5895,52.9769],[-2.5778,52.9536],[-2.5272,52.9472],[-2.5128,52.9616],[-2.4495,52.9569],[-2.4236,52.9786],[-2.3788,52.9896],[-2.3642,52.9802],[-2.3753,52.9497],[-2.4192,52.9364],[-2.4503,52.8966],[-2.4345,52.868],[-2.3659,52.8841],[-2.3781,52.838],[-2.3966,52.8216],[-2.6462,52.7585],[-2.6632,52.7427],[-2.4608,52.6172],[-2.4246,52.607],[-2.324,52.7477],[-2.3056,52.7338],[-2.3048,52.6866],[-2.2437,52.6761],[-2.2284,52.6588],[-2.237,52.6124],[-2.3034,52.6088],[-2.3114,52.5991],[-2.2511,52.5624],[-2.2672,52.5483],[-2.2525,52.5344],[-2.255,52.5183],[-2.2984,52.4838],[-2.2862,52.4446],[-2.3505,52.4237],[-2.3195,52.3846],[-2.3906,52.3836],[-2.4103,52.3633],[-2.4698,52.3572],[-2.4745,52.3271],[-2.5253,52.3397],[-2.547,52.3302],[-2.5556,52.3085],[-2.5978,52.3052],[-2.6409,52.3322],[-2.6653,52.3297],[-2.6751,52.3063],[-2.695,52.3036],[-2.7461,52.3244],[-2.7278,52.341],[-2.732,52.3513],[-2.7814,52.3527],[-2.8034,52.3802],[-2.8389,52.3913],[-2.872,52.3752],[-2.9022,52.3808],[-2.895,52.3622],[-2.9574,52.3412],[-3.0706,52.3466],[-3.2115,52.4262],[-3.2131,52.4501],[-3.1946,52.4669],[-3.1077,52.4939],[-3.0308,52.4969],[-2.9755,52.5418],[-3.0152,52.5682],[-3.0866,52.5291],[-3.1151,52.529],[-3.1084,52.5448],[-3.123,52.581],[-3.0806,52.6011],[-3.0629,52.6375],[-3.0358,52.6494],[-3.0133,52.7084],[-2.9737,52.7164],[-2.9599,52.7311],[-2.9999,52.757],[-3.1404,52.7963]]]}},{"type":"Feature","id":"Slough","properties":{"id":"Slough","iso_code":"GB-SLG","name":"Slough","name_full":"Slough","name_ja":"スラウ","center_lonlat":[-0.57,51.4876]},"geometry":{"type":"Polygon","coordinates":[[[-0.5128,51.4758],[-0.5184,51.4394],[-0.5757,51.4456],[-0.5905,51.4873],[-0.6362,51.4937],[-0.6445,51.5263],[-0.5686,51.5271],[-0.5576,51.5041],[-0.5236,51.5063],[-0.5128,51.4758]]]}},{"type":"Feature","id":"Solihull","properties":{"id":"Solihull","iso_code":"GB-SOL","name":"Solihull","name_full":"Solihull","name_ja":"ソリフル首都区","center_lonlat":[-1.7237,52.4062]},"geometry":{"type":"Polygon","coordinates":[[[-1.6195,52.4444],[-1.64,52.3508],[-1.6825,52.3424],[-1.7147,52.3552],[-1.7592,52.3372],[-1.8354,52.3806],[-1.808,52.4117],[-1.7713,52.4176],[-1.7665,52.4626],[-1.789,52.4768],[-1.7902,52.4934],[-1.7411,52.4975],[-1.6617,52.4247],[-1.6195,52.4444]]]}},{"type":"Feature","id":"Somerset","properties":{"id":"Somerset","iso_code":"GB-SOM","name":"Somerset","name_full":"Somerset","name_ja":"サマセット","center_lonlat":[-2.9307,51.0996]},"geometry":{"type":"Polygon","coordinates":[[[-3.7122,51.2383],[-3.4342,51.2098],[-3.385,51.1862],[-3.0575,51.2082],[-3.0293,51.2204],[-3.0218,51.2136],[-3.0356,51.1993],[-3.0218,51.1925],[-2.9996,51.2332],[-3.0106,51.311],[-3.0218,51.3228],[-2.9922,51.3219],[-2.9759,51.2933],[-2.9297,51.2991],[-2.8895,51.2863],[-2.8795,51.3016],[-2.7889,51.2972],[-2.812,51.3275],[-2.7127,51.3198],[-2.6684,51.3119],[-2.6209,51.283],[-2.5395,51.2999],[-2.4581,51.273],[-2.405,51.2994],[-2.3458,51.2999],[-2.2901,51.3249],[-2.267,51.3163],[-2.2711,51.2958],[-2.2428,51.2852],[-2.2362,51.2641],[-2.2662,51.2088],[-2.3489,51.1177],[-2.3475,51.0949],[-2.3217,51.0833],[-2.3353,51.0647],[-2.3242,51.0422],[-2.3714,51.0066],[-2.3378,50.983],[-2.4006,50.9652],[-2.4325,50.9705],[-2.4517,50.9513],[-2.4959,50.9952],[-2.542,51.0019],[-2.55,50.9785],[-2.5989,50.9763],[-2.6145,50.8855],[-2.9203,50.841],[-2.9485,50.8225],[-2.9772,50.8599],[-3.0303,50.8516],[-3.0273,50.8686],[-3.0484,50.8777],[-3.0475,50.9058],[-3.1475,50.8969],[-3.1781,50.9147],[-3.1572,50.9486],[-3.2684,50.9474],[-3.3214,50.9788],[-3.3706,50.9808],[-3.3803,51.0175],[-3.4223,51.0294],[-3.475,51.0361],[-3.5081,51.0305],[-3.5289,51.0072],[-3.5997,51.0119],[-3.6078,51.0244],[-3.5881,51.0547],[-3.5961,51.063],[-3.7156,51.083],[-3.8259,51.1419],[-3.8211,51.1772],[-3.7242,51.1785],[-3.7122,51.2383]]]}},{"type":"Feature","id":"South Ayrshire","properties":{"id":"South Ayrshire","iso_code":"GB-SAY","name":"South Ayrshire","name_full":"South Ayrshire","name_ja":"サウス・エアシャー","center_lonlat":[-4.6967,55.2579]},"geometry":{"type":"Polygon","coordinates":[[[-5.0325,54.9937],[-5.0497,55.049],[-5.0078,55.1412],[-4.8673,55.2225],[-4.838,55.284],[-4.838,55.325],[-4.7731,55.3694],[-4.7493,55.4138],[-4.6505,55.4485],[-4.6263,55.4684],[-4.6178,55.4956],[-4.6268,55.5197],[-4.6872,55.5441],[-4.6662,55.5622],[-4.5821,55.5913],[-4.4431,55.5448],[-4.4266,55.5178],[-4.4325,55.4832],[-4.4836,55.4457],[-4.4611,55.4111],[-4.4656,55.3856],[-4.5783,55.3886],[-4.5482,55.3495],[-4.4446,55.2819],[-4.4446,55.2008],[-4.4675,55.1578],[-4.5511,55.1591],[-4.6475,55.1197],[-4.6448,55.0858],[-4.6167,55.0697],[-4.6306,55.0538],[-4.7753,55.0347],[-4.8006,55.0441],[-4.8706,55.0366],[-4.9139,55.0],[-4.987,55.0077],[-5.0325,54.9937]]]}},{"type":"Feature","id":"South Gloucestershire","properties":{"id":"South Gloucestershire","iso_code":"GB-SGC","name":"South Gloucestershire","name_full":"South Gloucestershire","name_ja":"サウス・グロスターシャー","center_lonlat":[-2.4435,51.5319]},"geometry":{"type":"Polygon","coordinates":[[[-2.6788,51.5313],[-2.5355,51.673],[-2.4872,51.6597],[-2.4789,51.6391],[-2.445,51.6483],[-2.3792,51.6358],[-2.3773,51.5939],[-2.3439,51.6086],[-2.3003,51.6066],[-2.3081,51.6236],[-2.2862,51.6227],[-2.2731,51.6125],[-2.2872,51.5883],[-2.2716,51.5772],[-2.2453,51.5186],[-2.3206,51.4838],[-2.2822,51.4749],[-2.2807,51.4203],[-2.3977,51.4029],[-2.5034,51.4055],[-2.5227,51.4188],[-2.5181,51.4724],[-2.5288,51.4805],[-2.6788,51.5313]]]}},{"type":"Feature","id":"South Lanarkshire","properties":{"id":"South Lanarkshire","iso_code":"GB-SLK","name":"South Lanarkshire","name_full":"South Lanarkshire","name_ja":"サウス・ラナークシャー","center_lonlat":[-3.8042,55.611]},"geometry":{"type":"Polygon","coordinates":[[[-3.9832,55.461],[-3.9608,55.5223],[-3.9713,55.5553],[-4.0104,55.5734],[-4.0645,55.5538],[-4.1967,55.5523],[-4.2117,55.5598],[-4.2072,55.5719],[-4.1726,55.6064],[-4.251,55.686],[-4.2253,55.6908],[-4.2189,55.7203],[-4.2579,55.7614],[-4.2404,55.7934],[-4.2021,55.7845],[-4.1895,55.795],[-4.1969,55.8203],[-4.1769,55.8308],[-4.0843,55.8272],[-3.8977,55.7343],[-3.7334,55.7835],[-3.6112,55.8038],[-3.4579,55.7696],[-3.4359,55.7183],[-3.3945,55.7077],[-3.4795,55.6485],[-3.4689,55.6258],[-3.4781,55.6122],[-3.527,55.6002],[-3.4837,55.553],[-3.485,55.515],[-3.5122,55.4922],[-3.5348,55.438],[-3.5003,55.4097],[-3.5675,55.3839],[-3.572,55.3296],[-3.6073,55.3188],[-3.6167,55.2927],[-3.6423,55.2896],[-3.7014,55.3208],[-3.7083,55.3627],[-3.7431,55.371],[-3.7695,55.4091],[-3.8259,55.4463],[-3.9832,55.461]]]}},{"type":"Feature","id":"South Tyneside","properties":{"id":"South Tyneside","iso_code":"GB-STY","name":"South Tyneside","name_full":"South Tyneside","name_ja":"サウス・タインサイド","center_lonlat":[-1.4407,54.9501]},"geometry":{"type":"Polygon","coordinates":[[[-1.4129,55.0003],[-1.3627,54.9648],[-1.3603,54.9171],[-1.4575,54.9095],[-1.5257,54.9214],[-1.5192,54.9398],[-1.5322,54.9539],[-1.49,54.9831],[-1.4129,55.0003]]]}},{"type":"Feature","id":"Southampton","properties":{"id":"Southampton","iso_code":"GB-STH","name":"Southampton","name_full":"Southampton","name_ja":"サウサンプトン","center_lonlat":[-1.3685,50.9076]},"geometry":{"type":"Polygon","coordinates":[[[-1.3186,50.8569],[-1.4493,50.9121],[-1.4257,50.941],[-1.3383,50.9368],[-1.3087,50.9213],[-1.3186,50.8569]]]}},{"type":"Feature","id":"Southend-on-Sea","properties":{"id":"Southend-on-Sea","iso_code":"GB-SOS","name":"Southend-on-Sea","name_full":"Southend-on-Sea","name_ja":"サウスエンド・オン・シー","center_lonlat":[0.7159,51.5493]},"geometry":{"type":"Polygon","coordinates":[[[0.8283,51.5418],[0.7713,51.5283],[0.6467,51.5353],[0.6346,51.5431],[0.6486,51.5695],[0.6858,51.5772],[0.8283,51.5418]]]}},{"type":"Feature","id":"Southwark","properties":{"id":"Southwark","iso_code":"GB-SWK","name":"Southwark","name_full":"Southwark","name_ja":"サザーク・ロンドン特別区","center_lonlat":[-0.0673,51.4702]},"geometry":{"type":"Polygon","coordinates":[[[-0.0669,51.5079],[-0.0231,51.4887],[-0.0474,51.4817],[-0.0344,51.4513],[-0.0667,51.421],[-0.0746,51.4192],[-0.092,51.4448],[-0.0805,51.4615],[-0.1079,51.5053],[-0.0973,51.5097],[-0.0669,51.5079]]]}},{"type":"Feature","id":"Staffordshire","properties":{"id":"Staffordshire","iso_code":"GB-STS","name":"Staffordshire","name_full":"Staffordshire","name_ja":"スタッフォードシャー","center_lonlat":[-2.0226,52.8455]},"geometry":{"type":"Polygon","coordinates":[[[-2.324,52.7477],[-2.3689,52.7819],[-2.3603,52.7938],[-2.3684,52.8069],[-2.3966,52.8216],[-2.3781,52.838],[-2.3659,52.8841],[-2.4345,52.868],[-2.4503,52.8966],[-2.4192,52.9364],[-2.3753,52.9497],[-2.3642,52.9802],[-2.3788,52.9896],[-2.3664,53.0002],[-2.3659,53.0522],[-2.3356,53.056],[-2.3056,53.0791],[-2.2437,53.0859],[-2.2015,52.9637],[-2.1441,52.9384],[-2.0952,52.9491],[-2.0982,52.9891],[-2.1918,53.0837],[-2.2049,53.1136],[-2.1578,53.1475],[-2.1348,53.1502],[-2.1381,53.1738],[-2.0683,53.1657],[-1.9769,53.2073],[-1.9525,53.2138],[-1.9323,53.1949],[-1.8567,53.1763],[-1.8037,53.1485],[-1.7995,53.1186],[-1.7717,53.0902],[-1.7692,53.0416],[-1.7475,53.0222],[-1.7456,52.9999],[-1.7578,52.9825],[-1.8122,52.9613],[-1.817,52.9299],[-1.8403,52.9244],[-1.8409,52.9047],[-1.8239,52.8755],[-1.755,52.866],[-1.7208,52.8452],[-1.6084,52.8305],[-1.5909,52.8108],[-1.615,52.798],[-1.6292,52.7722],[-1.6725,52.7583],[-1.7004,52.7261],[-1.6459,52.7066],[-1.64,52.685],[-1.6078,52.6938],[-1.5831,52.685],[-1.58,52.6769],[-1.6312,52.6427],[-1.6239,52.626],[-1.6434,52.5799],[-1.7777,52.5753],[-1.8151,52.5908],[-1.8556,52.5755],[-1.8964,52.6174],[-1.8972,52.6494],[-1.9345,52.6652],[-1.9525,52.6375],[-2.0509,52.6174],[-2.0664,52.608],[-2.0975,52.6341],[-2.1311,52.6294],[-2.2006,52.5794],[-2.1575,52.5464],[-2.1261,52.5444],[-2.1345,52.5152],[-2.1775,52.5011],[-2.1589,52.4774],[-2.1539,52.423],[-2.2862,52.4446],[-2.2984,52.4838],[-2.255,52.5183],[-2.2525,52.5344],[-2.2672,52.5483],[-2.2511,52.5624],[-2.3114,52.5991],[-2.3034,52.6088],[-2.237,52.6124],[-2.2284,52.6588],[-2.2437,52.6761],[-2.3048,52.6866],[-2.3056,52.7338],[-2.324,52.7477]]]}},{"type":"Feature","id":"Stirling","properties":{"id":"Stirling","iso_code":"GB-STG","name":"Stirling","name_full":"Stirling","name_ja":"スターリング","center_lonlat":[-4.3251,56.2415]},"geometry":{"type":"Polygon","coordinates":[[[-3.8375,56.1074],[-3.7777,56.0828],[-3.7391,56.0507],[-3.9216,56.0373],[-4.0113,56.0122],[-4.0178,56.0258],[-4.082,56.0258],[-4.1257,56.0055],[-4.1409,56.0086],[-4.1422,56.0286],[-4.1745,56.0105],[-4.2773,56.0252],[-4.2875,56.0166],[-4.2678,55.988],[-4.2745,55.9588],[-4.3648,55.9756],[-4.4086,55.9758],[-4.432,55.9985],[-4.4584,56.003],[-4.4706,56.0286],[-4.4284,56.0455],[-4.4467,56.0538],[-4.5981,56.0778],[-4.6805,56.1984],[-4.6852,56.2484],[-4.6574,56.2811],[-4.6717,56.3002],[-4.6492,56.3208],[-4.7192,56.3282],[-4.779,56.3183],[-4.7758,56.343],[-4.837,56.3699],[-4.8033,56.4083],[-4.7259,56.4374],[-4.7222,56.4539],[-4.6394,56.4718],[-4.6003,56.4924],[-4.5297,56.501],[-4.5128,56.5191],[-4.4706,56.5119],[-4.3517,56.5408],[-4.3228,56.5333],[-4.2847,56.4813],[-4.1448,56.5122],[-4.0953,56.4683],[-4.1481,56.4527],[-4.187,56.4572],[-4.1864,56.3913],[-4.2345,56.3729],[-4.217,56.3483],[-4.2195,56.3291],[-4.0992,56.2785],[-4.075,56.2744],[-4.0614,56.2858],[-4.0447,56.2727],[-3.9964,56.2691],[-3.8781,56.2138],[-3.8428,56.2183],[-3.8244,56.1925],[-3.8614,56.1293],[-3.8375,56.1074]]]}},{"type":"Feature","id":"Stockport","properties":{"id":"Stockport","iso_code":"GB-SKP","name":"Stockport","name_full":"Stockport","name_ja":"ストックポート・メトロポリタン特別区","center_lonlat":[-2.1382,53.3823]},"geometry":{"type":"Polygon","coordinates":[[[-2.0117,53.4125],[-1.9814,53.3983],[-2.0168,53.3704],[-2.0495,53.3522],[-2.12,53.3594],[-2.1403,53.3277],[-2.1595,53.3213],[-2.1761,53.3455],[-2.2036,53.3538],[-2.2603,53.3449],[-2.2664,53.3704],[-2.2341,53.4006],[-2.2254,53.4373],[-2.124,53.4092],[-2.0117,53.4125]]]}},{"type":"Feature","id":"Stockton-on-Tees","properties":{"id":"Stockton-on-Tees","iso_code":"GB-STT","name":"Stockton-on-Tees","name_full":"Stockton-on-Tees","name_ja":"ストックトン-オン-ティーズ","center_lonlat":[-1.3365,54.5502]},"geometry":{"type":"Polygon","coordinates":[[[-1.432,54.4811],[-1.412,54.5124],[-1.4345,54.535],[-1.3984,54.5719],[-1.4126,54.6],[-1.3885,54.6267],[-1.2117,54.6066],[-1.2187,54.5754],[-1.2595,54.5775],[-1.293,54.5446],[-1.2923,54.5021],[-1.2508,54.4866],[-1.3267,54.4622],[-1.362,54.4675],[-1.3821,54.4935],[-1.432,54.4811]]]}},{"type":"Feature","id":"Stoke-on-Trent","properties":{"id":"Stoke-on-Trent","iso_code":"GB-STE","name":"Stoke-on-Trent","name_full":"Stoke-on-Trent","name_ja":"ストーク・オン・トレント","center_lonlat":[-2.172,53.0131]},"geometry":{"type":"Polygon","coordinates":[[[-2.2437,53.0859],[-2.2049,53.1136],[-2.1918,53.0837],[-2.0982,52.9891],[-2.0952,52.9491],[-2.1441,52.9384],[-2.2015,52.9637],[-2.2437,53.0859]]]}},{"type":"Feature","id":"Strabane","properties":{"id":"Strabane","iso_code":"GB-STB","name":"Strabane","name_full":"Strabane","name_ja":"ストラバン区","center_lonlat":[-7.4342,54.7581]},"geometry":{"type":"Polygon","coordinates":[[[-7.4158,54.9444],[-7.3739,54.918],[-7.2622,54.9139],[-7.2764,54.8871],[-7.2095,54.8836],[-7.2089,54.8647],[-7.1955,54.8566],[-7.2059,54.848],[-7.1622,54.851],[-7.1095,54.8138],[-7.0695,54.8058],[-7.0103,54.8155],[-6.9423,54.8277],[-6.9175,54.8158],[-6.9189,54.8016],[-6.8964,54.7824],[-6.9298,54.7677],[-7.0001,54.7772],[-7.1097,54.7489],[-7.2056,54.7527],[-7.2683,54.7288],[-7.3081,54.7316],[-7.3297,54.7091],[-7.3903,54.6924],[-7.442,54.6435],[-7.5597,54.6421],[-7.612,54.6241],[-7.6531,54.6255],[-7.6934,54.6007],[-7.708,54.6048],[-7.7106,54.6243],[-7.7536,54.6145],[-7.815,54.6395],[-7.8464,54.6314],[-7.9066,54.6613],[-7.9071,54.6867],[-7.9297,54.6967],[-7.8459,54.731],[-7.7705,54.706],[-7.7366,54.7075],[-7.6497,54.7449],[-7.5431,54.7417],[-7.5517,54.7547],[-7.5434,54.7931],[-7.4551,54.863],[-7.4453,54.9322],[-7.4158,54.9444]]]}},{"type":"Feature","id":"Suffolk","properties":{"id":"Suffolk","iso_code":"GB-SFK","name":"Suffolk","name_full":"Suffolk","name_ja":"サフォーク","center_lonlat":[1.0661,52.2142]},"geometry":{"type":"Polygon","coordinates":[[[1.7476,52.5328],[1.7712,52.4859],[1.6836,52.3245],[1.6305,52.2705],[1.6309,52.1998],[1.5823,52.0815],[1.4868,52.049],[1.472,52.0562],[1.4639,52.0351],[1.3435,51.9429],[1.3323,51.9401],[1.2644,51.9944],[1.1579,52.0285],[1.2144,51.9914],[1.2708,51.9815],[1.2744,51.9609],[1.2057,51.9534],[1.1431,51.9661],[1.0691,51.9534],[1.0785,51.9507],[0.9144,51.9683],[0.7878,51.9547],[0.7378,52.0163],[0.7186,52.0147],[0.7011,52.0674],[0.6783,52.0772],[0.525,52.0483],[0.4891,52.0691],[0.4089,52.0593],[0.398,52.1044],[0.453,52.1599],[0.4986,52.1608],[0.5172,52.2105],[0.5047,52.2283],[0.4622,52.2397],[0.3925,52.225],[0.3497,52.2577],[0.3675,52.2899],[0.4305,52.2538],[0.5103,52.2746],[0.4725,52.3083],[0.4341,52.3097],[0.4466,52.34],[0.3897,52.3902],[0.3927,52.408],[0.4472,52.4322],[0.6764,52.4469],[0.7097,52.4374],[0.6663,52.4127],[0.67,52.3988],[0.6933,52.3891],[0.7514,52.3794],[0.8377,52.3952],[0.9313,52.3822],[0.9733,52.3599],[1.035,52.3741],[1.2024,52.3538],[1.2744,52.3819],[1.3236,52.3836],[1.363,52.4224],[1.4406,52.4397],[1.43,52.4613],[1.5708,52.4497],[1.5844,52.4699],[1.6406,52.4535],[1.6605,52.4591],[1.7025,52.4772],[1.6531,52.5108],[1.6633,52.5319],[1.6908,52.5422],[1.7476,52.5328]]]}},{"type":"Feature","id":"Sunderland","properties":{"id":"Sunderland","iso_code":"GB-SND","name":"Sunderland","name_full":"Sunderland","name_ja":"シティ・オブ・サンダーランド","center_lonlat":[-1.4629,54.866]},"geometry":{"type":"Polygon","coordinates":[[[-1.3603,54.9171],[-1.3408,54.8727],[-1.3899,54.8607],[-1.4113,54.8013],[-1.4742,54.797],[-1.5156,54.8042],[-1.5232,54.8317],[-1.5773,54.886],[-1.5571,54.9192],[-1.5257,54.9214],[-1.4575,54.9095],[-1.3603,54.9171]]]}},{"type":"Feature","id":"Surrey","properties":{"id":"Surrey","iso_code":"GB-SRY","name":"Surrey","name_full":"Surrey","name_ja":"サリー","center_lonlat":[-0.4123,51.2436]},"geometry":{"type":"Polygon","coordinates":[[[-0.4414,51.4539],[-0.4317,51.4302],[-0.3844,51.4137],[-0.3067,51.3844],[-0.2981,51.3705],[-0.315,51.3471],[-0.3122,51.3241],[-0.2431,51.3736],[-0.2181,51.353],[-0.2195,51.3283],[-0.1784,51.3391],[-0.1637,51.3196],[-0.1281,51.2891],[-0.0267,51.3308],[0.0131,51.3207],[0.0225,51.2897],[0.0544,51.2899],[0.0639,51.2422],[0.0444,51.2099],[0.0603,51.1816],[0.0627,51.1358],[0.0213,51.1358],[-0.1192,51.1344],[-0.182,51.1613],[-0.3025,51.1166],[-0.5414,51.0791],[-0.6267,51.0844],[-0.6881,51.0708],[-0.7537,51.0887],[-0.747,51.1113],[-0.78,51.1235],[-0.7909,51.1469],[-0.8236,51.1516],[-0.8245,51.1827],[-0.84,51.2039],[-0.8164,51.2369],[-0.7484,51.2316],[-0.7311,51.2438],[-0.7297,51.2916],[-0.7653,51.3313],[-0.6987,51.3669],[-0.6198,51.3877],[-0.5757,51.4456],[-0.5184,51.4394],[-0.5128,51.4758],[-0.4972,51.4778],[-0.4737,51.4588],[-0.4414,51.4539]]]}},{"type":"Feature","id":"Sutton","properties":{"id":"Sutton","iso_code":"GB-STN","name":"Sutton","name_full":"Sutton","name_ja":"サットン・ロンドン特別区","center_lonlat":[-0.1734,51.3586]},"geometry":{"type":"Polygon","coordinates":[[[-0.1313,51.3872],[-0.1102,51.3483],[-0.1337,51.341],[-0.1395,51.3214],[-0.1637,51.3196],[-0.1784,51.3391],[-0.2195,51.3283],[-0.2181,51.353],[-0.2431,51.3736],[-0.2248,51.3853],[-0.1313,51.3872]]]}},{"type":"Feature","id":"Swansea","properties":{"id":"Swansea","iso_code":"GB-SWA","name":"Swansea","name_full":"Swansea","name_ja":"スウォンジ","center_lonlat":[-4.044,51.6406]},"geometry":{"type":"Polygon","coordinates":[[[-3.8868,51.6214],[-3.99,51.6065],[-3.9999,51.5909],[-3.9746,51.563],[-4.0265,51.554],[-4.0465,51.5684],[-4.0702,51.5556],[-4.1217,51.566],[-4.1664,51.5425],[-4.1968,51.5494],[-4.2134,51.5391],[-4.2952,51.562],[-4.2783,51.5782],[-4.2899,51.617],[-4.2558,51.6238],[-4.2347,51.645],[-4.221,51.6238],[-4.0913,51.6399],[-4.0705,51.676],[-4.0098,51.755],[-3.9781,51.7666],[-3.9331,51.7622],[-3.8299,51.6876],[-3.8868,51.6214]]]}},{"type":"Feature","id":"Swindon","properties":{"id":"Swindon","iso_code":"GB-SWD","name":"Swindon","name_full":"Swindon","name_ja":"バラ・オブ・スウィンドン","center_lonlat":[-1.7241,51.5502]},"geometry":{"type":"Polygon","coordinates":[[[-1.6833,51.6786],[-1.6839,51.6505],[-1.6545,51.6319],[-1.6778,51.5997],[-1.6753,51.5727],[-1.6467,51.5685],[-1.6028,51.5202],[-1.5845,51.5174],[-1.5804,51.503],[-1.6977,51.4601],[-1.761,51.4627],[-1.8104,51.48],[-1.8347,51.5078],[-1.8391,51.5468],[-1.7497,51.6588],[-1.6833,51.6786]]]}},{"type":"Feature","id":"Tameside","properties":{"id":"Tameside","iso_code":"GB-TAM","name":"Tameside","name_full":"Tameside","name_ja":"テイムサイド","center_lonlat":[-2.1004,53.4541]},"geometry":{"type":"Polygon","coordinates":[[[-1.9778,53.4688],[-1.9825,53.4438],[-2.0092,53.4274],[-2.0117,53.4125],[-2.124,53.4092],[-2.2254,53.4373],[-2.2254,53.4588],[-2.2039,53.4761],[-2.1046,53.5085],[-1.9778,53.4688]]]}},{"type":"Feature","id":"Telford and Wrekin","properties":{"id":"Telford and Wrekin","iso_code":"GB-TFW","name":"Telford and Wrekin","name_full":"Telford and Wrekin","name_ja":"テルフォード・アンド・レキン","center_lonlat":[-2.4726,52.7241]},"geometry":{"type":"Polygon","coordinates":[[[-2.3966,52.8216],[-2.3684,52.8069],[-2.3603,52.7938],[-2.3689,52.7819],[-2.324,52.7477],[-2.4246,52.607],[-2.4608,52.6172],[-2.6632,52.7427],[-2.6462,52.7585],[-2.3966,52.8216]]]}},{"type":"Feature","id":"Thurrock","properties":{"id":"Thurrock","iso_code":"GB-THR","name":"Thurrock","name_full":"Thurrock","name_ja":"サーロック","center_lonlat":[0.3698,51.5044]},"geometry":{"type":"Polygon","coordinates":[[[0.5472,51.5177],[0.4561,51.5056],[0.4285,51.4671],[0.3845,51.4531],[0.3564,51.4464],[0.3223,51.4669],[0.2747,51.4599],[0.2228,51.4719],[0.2246,51.489],[0.2422,51.4988],[0.2477,51.52],[0.2728,51.5166],[0.3361,51.54],[0.3199,51.5579],[0.4811,51.5431],[0.5447,51.5292],[0.5472,51.5177]]]}},{"type":"Feature","id":"Torbay","properties":{"id":"Torbay","iso_code":"GB-TOB","name":"Torbay","name_full":"Torbay","name_ja":"トーベイ","center_lonlat":[-3.5675,50.4492]},"geometry":{"type":"Polygon","coordinates":[[[-3.5054,50.5082],[-3.4875,50.4594],[-3.5321,50.4548],[-3.5563,50.4321],[-3.532,50.4102],[-3.4875,50.4116],[-3.4983,50.3837],[-3.5187,50.3762],[-3.62,50.4065],[-3.6487,50.4332],[-3.6425,50.4639],[-3.6097,50.4988],[-3.5872,50.509],[-3.5054,50.5082]]]}},{"type":"Feature","id":"Torfaen","properties":{"id":"Torfaen","iso_code":"GB-TOF","name":"Torfaen","name_full":"Torfaen","name_ja":"トルヴァエン","center_lonlat":[-3.0431,51.6962]},"geometry":{"type":"Polygon","coordinates":[[[-3.0319,51.6057],[-3.076,51.6297],[-3.0706,51.6804],[-3.1147,51.7008],[-3.1068,51.7474],[-3.1285,51.7945],[-3.0488,51.7837],[-3.0216,51.7275],[-2.9763,51.7094],[-2.9613,51.6274],[-3.0319,51.6057]]]}},{"type":"Feature","id":"Tower Hamlets","properties":{"id":"Tower Hamlets","iso_code":"GB-TWH","name":"Tower Hamlets","name_full":"Tower Hamlets","name_ja":"タワーハムレッツ・ロンドン特別区","center_lonlat":[-0.0228,51.5119]},"geometry":{"type":"Polygon","coordinates":[[[-0.0669,51.5079],[-0.072,51.516],[-0.011,51.5435],[0.0194,51.5026],[0.0054,51.4989],[0.0002,51.4806],[-0.0231,51.4887],[-0.0669,51.5079]]]}},{"type":"Feature","id":"Trafford","properties":{"id":"Trafford","iso_code":"GB-TRF","name":"Trafford","name_full":"Trafford","name_ja":"トラフォード","center_lonlat":[-2.3769,53.4109]},"geometry":{"type":"Polygon","coordinates":[[[-2.3204,53.4524],[-2.3031,53.4265],[-2.3312,53.3876],[-2.3167,53.3599],[-2.4288,53.3803],[-2.4606,53.3883],[-2.4467,53.4188],[-2.4088,53.4524],[-2.3204,53.4524]]]}},{"type":"Feature","id":"Vale of Glamorgan","properties":{"id":"Vale of Glamorgan","iso_code":"GB-VGL","name":"Vale of Glamorgan","name_full":"Vale of Glamorgan","name_ja":"ヴェール・オブ・グラモーガン","center_lonlat":[-3.3681,51.4437]},"geometry":{"type":"Polygon","coordinates":[[[-3.1727,51.4531],[-3.1601,51.4318],[-3.1848,51.3976],[-3.2189,51.4028],[-3.2894,51.3842],[-3.5392,51.3985],[-3.5753,51.4204],[-3.5256,51.4358],[-3.5434,51.448],[-3.5173,51.4499],[-3.5231,51.4935],[-3.4752,51.5104],[-3.4425,51.5158],[-3.3922,51.4961],[-3.3722,51.5069],[-3.3306,51.5002],[-3.3222,51.5138],[-3.2914,51.5004],[-3.2608,51.4693],[-3.2007,51.4677],[-3.1727,51.4531]]]}},{"type":"Feature","id":"Wakefield","properties":{"id":"Wakefield","iso_code":"GB-WKF","name":"Wakefield","name_full":"Wakefield","name_ja":"シティ・オブ・ウェイクフィールド","center_lonlat":[-1.4084,53.6515]},"geometry":{"type":"Polygon","coordinates":[[[-1.6003,53.5741],[-1.6199,53.6491],[-1.5888,53.6608],[-1.581,53.7018],[-1.5283,53.7115],[-1.4152,53.694],[-1.3314,53.7174],[-1.3069,53.738],[-1.2111,53.7102],[-1.2473,53.6633],[-1.247,53.6355],[-1.23,53.6207],[-1.2434,53.5969],[-1.3053,53.5761],[-1.3445,53.5808],[-1.3678,53.5988],[-1.5353,53.5936],[-1.5606,53.6066],[-1.5842,53.5977],[-1.6003,53.5741]]]}},{"type":"Feature","id":"Walsall","properties":{"id":"Walsall","iso_code":"GB-WLL","name":"Walsall","name_full":"Walsall","name_ja":"ワルサル","center_lonlat":[-1.9544,52.5981]},"geometry":{"type":"Polygon","coordinates":[[[-2.0557,52.5681],[-2.0344,52.5859],[-2.0509,52.6174],[-1.9525,52.6375],[-1.9345,52.6652],[-1.8972,52.6494],[-1.8964,52.6174],[-1.8556,52.5755],[-1.9028,52.5468],[-1.9218,52.5598],[-1.9893,52.5657],[-2.0415,52.5539],[-2.0557,52.5681]]]}},{"type":"Feature","id":"Waltham Forest","properties":{"id":"Waltham Forest","iso_code":"GB-WFT","name":"Waltham Forest","name_full":"Waltham Forest","name_ja":"ウォルサム・フォレスト・ロンドン特別区","center_lonlat":[-0.0057,51.592]},"geometry":{"type":"Polygon","coordinates":[[[-0.03,51.6011],[-0.0026,51.6466],[0.0276,51.6265],[0.0181,51.6187],[0.0239,51.5543],[-0.0106,51.5524],[-0.0527,51.5736],[-0.03,51.6011]]]}},{"type":"Feature","id":"Wandsworth","properties":{"id":"Wandsworth","iso_code":"GB-WND","name":"Wandsworth","name_full":"Wandsworth","name_ja":"ワンズワース・ロンドン特別区","center_lonlat":[-0.181,51.4535]},"geometry":{"type":"Polygon","coordinates":[[[-0.1317,51.4177],[-0.1877,51.4363],[-0.2443,51.4325],[-0.2438,51.4595],[-0.2127,51.4729],[-0.1712,51.4726],[-0.1429,51.4837],[-0.1279,51.4921],[-0.1223,51.476],[-0.1428,51.4575],[-0.1317,51.4177]]]}},{"type":"Feature","id":"Warrington","properties":{"id":"Warrington","iso_code":"GB-WRT","name":"Warrington","name_full":"Warrington","name_ja":"ウォリントン","center_lonlat":[-2.5534,53.3886]},"geometry":{"type":"Polygon","coordinates":[[[-2.5664,53.4356],[-2.5222,53.4624],[-2.485,53.4622],[-2.4467,53.4188],[-2.4606,53.3883],[-2.4288,53.3803],[-2.4471,53.355],[-2.509,53.3309],[-2.5694,53.3123],[-2.6629,53.3574],[-2.6806,53.3788],[-2.645,53.4016],[-2.662,53.4102],[-2.6662,53.441],[-2.5664,53.4356]]]}},{"type":"Feature","id":"Warwickshire","properties":{"id":"Warwickshire","iso_code":"GB-WAR","name":"Warwickshire","name_full":"Warwickshire","name_ja":"ウォリックシャー","center_lonlat":[-1.5483,52.2942]},"geometry":{"type":"Polygon","coordinates":[[[-1.7578,52.1058],[-1.7873,52.1294],[-1.8753,52.1494],[-1.8909,52.1336],[-1.9445,52.1647],[-1.9023,52.2105],[-1.9201,52.2661],[-1.8828,52.2741],[-1.8475,52.3099],[-1.877,52.3447],[-1.8445,52.3836],[-1.8354,52.3806],[-1.7592,52.3372],[-1.7147,52.3552],[-1.6825,52.3424],[-1.64,52.3508],[-1.5895,52.3744],[-1.537,52.3558],[-1.5109,52.3674],[-1.4628,52.3658],[-1.4317,52.3836],[-1.4428,52.4352],[-1.6195,52.4444],[-1.6617,52.4247],[-1.7411,52.4975],[-1.7334,52.5116],[-1.7777,52.5753],[-1.6434,52.5799],[-1.6239,52.626],[-1.6312,52.6427],[-1.58,52.6769],[-1.5339,52.6416],[-1.5589,52.6216],[-1.5423,52.6008],[-1.5458,52.5808],[-1.2934,52.4794],[-1.2411,52.4261],[-1.2117,52.4158],[-1.1866,52.3813],[-1.1653,52.348],[-1.2495,52.3196],[-1.2026,52.3013],[-1.2242,52.2824],[-1.2089,52.2724],[-1.2081,52.2499],[-1.2659,52.2277],[-1.2487,52.1952],[-1.3031,52.1811],[-1.3212,52.1615],[-1.3414,52.1344],[-1.3736,52.1183],[-1.3511,52.1044],[-1.3578,52.0952],[-1.4262,52.1088],[-1.4375,52.1075],[-1.4406,52.0908],[-1.4703,52.0886],[-1.4953,52.0607],[-1.5097,51.9983],[-1.5456,51.9847],[-1.5498,51.9691],[-1.604,51.9549],[-1.6525,51.9839],[-1.6123,52.0266],[-1.6745,52.0311],[-1.7159,52.0849],[-1.7578,52.1058]]]}},{"type":"Feature","id":"West Berkshire","properties":{"id":"West Berkshire","iso_code":"GB-WBK","name":"West Berkshire","name_full":"West Berkshire","name_ja":"ウェスト・バークシャー","center_lonlat":[-1.3231,51.4473]},"geometry":{"type":"Polygon","coordinates":[[[-1.032,51.3547],[-1.0775,51.3763],[-1.1111,51.3713],[-1.12,51.3547],[-1.3995,51.3705],[-1.4367,51.3524],[-1.4331,51.3347],[-1.487,51.3324],[-1.4981,51.3661],[-1.5334,51.3774],[-1.5634,51.4122],[-1.5211,51.4341],[-1.5804,51.503],[-1.5845,51.5174],[-1.5675,51.5458],[-1.5342,51.5505],[-1.4489,51.5327],[-1.3656,51.5449],[-1.3389,51.5372],[-1.3073,51.5533],[-1.2644,51.5324],[-1.1842,51.523],[-1.1466,51.5305],[-1.1232,51.5031],[-1.0811,51.4891],[-1.0838,51.4339],[-1.0535,51.4119],[-1.032,51.3547]]]}},{"type":"Feature","id":"West Dunbartonshire","properties":{"id":"West Dunbartonshire","iso_code":"GB-WDU","name":"West Dunbartonshire","name_full":"West Dunbartonshire","name_ja":"ウェスト・ダンバートンシャー","center_lonlat":[-4.484,55.9773]},"geometry":{"type":"Polygon","coordinates":[[[-4.4886,55.9257],[-4.5906,55.9415],[-4.5981,56.0778],[-4.4467,56.0538],[-4.4284,56.0455],[-4.4706,56.0286],[-4.4584,56.003],[-4.432,55.9985],[-4.4086,55.9758],[-4.3648,55.9756],[-4.3517,55.9052],[-4.3558,55.864],[-4.4886,55.9257]]]}},{"type":"Feature","id":"West Lothian","properties":{"id":"West Lothian","iso_code":"GB-WLN","name":"West Lothian","name_full":"West Lothian","name_ja":"ウェスト・ロージアン","center_lonlat":[-3.5712,55.8815]},"geometry":{"type":"Polygon","coordinates":[[[-3.5053,56.0056],[-3.4498,55.9968],[-3.4495,55.9161],[-3.3905,55.8842],[-3.3953,55.8173],[-3.4223,55.8074],[-3.4579,55.7696],[-3.6112,55.8038],[-3.7334,55.7835],[-3.7184,55.8124],[-3.745,55.858],[-3.7064,55.8769],[-3.7934,55.8719],[-3.8206,55.8891],[-3.8089,55.8952],[-3.6673,55.9422],[-3.6642,55.9544],[-3.5986,55.9911],[-3.5395,55.9866],[-3.5053,56.0056]]]}},{"type":"Feature","id":"West Sussex","properties":{"id":"West Sussex","iso_code":"GB-WSX","name":"West Sussex","name_full":"West Sussex","name_ja":"ウェスト・サセックス","center_lonlat":[-0.4855,50.9554]},"geometry":{"type":"Polygon","coordinates":[[[-0.2089,50.8301],[-0.2331,50.8219],[-0.2697,50.8313],[-0.3976,50.8021],[-0.569,50.8021],[-0.7327,50.7673],[-0.7582,50.7771],[-0.7731,50.766],[-0.771,50.7369],[-0.7899,50.73],[-0.9041,50.7719],[-0.9059,50.788],[-0.8636,50.8083],[-0.9047,50.8293],[-0.9289,50.8228],[-0.919,50.8362],[-0.9298,50.84],[-0.9233,50.8652],[-0.9525,50.8919],[-0.9217,50.9205],[-0.9308,50.9438],[-0.8909,51.0099],[-0.8375,51.0605],[-0.7881,51.0605],[-0.7537,51.0887],[-0.6881,51.0708],[-0.6267,51.0844],[-0.5414,51.0791],[-0.3025,51.1166],[-0.182,51.1613],[-0.1192,51.1344],[0.0213,51.1358],[0.0366,51.1113],[-0.0212,51.0905],[-0.0289,51.0775],[0.0191,51.0505],[-0.0067,51.0224],[-0.0159,50.9819],[-0.0675,50.9933],[-0.1056,50.9702],[-0.0939,50.9494],[-0.117,50.9269],[-0.1286,50.8826],[-0.1598,50.8911],[-0.1817,50.8725],[-0.2306,50.8674],[-0.2089,50.8301]]]}},{"type":"Feature","id":"Westminster","properties":{"id":"Westminster","iso_code":"GB-WSM","name":"Westminster","name_full":"Westminster","name_ja":"シティ・オブ・ウェストミンスター","center_lonlat":[-0.1566,51.5103]},"geometry":{"type":"Polygon","coordinates":[[[-0.1279,51.4921],[-0.1429,51.4837],[-0.2111,51.522],[-0.179,51.5283],[-0.1471,51.5304],[-0.1122,51.5024],[-0.1279,51.4921]]]}},{"type":"Feature","id":"Wigan","properties":{"id":"Wigan","iso_code":"GB-WGN","name":"Wigan","name_full":"Wigan","name_ja":"メトロポリタン・バラ・オブ・ウィガン","center_lonlat":[-2.6074,53.5265]},"geometry":{"type":"Polygon","coordinates":[[[-2.752,53.5111],[-2.713,53.53],[-2.6925,53.5608],[-2.6867,53.5997],[-2.635,53.6069],[-2.6161,53.5955],[-2.59,53.613],[-2.5589,53.5991],[-2.5114,53.5382],[-2.485,53.4622],[-2.5222,53.4624],[-2.5664,53.4356],[-2.6039,53.4724],[-2.6751,53.4808],[-2.69,53.4716],[-2.752,53.5111]]]}},{"type":"Feature","id":"Wiltshire","properties":{"id":"Wiltshire","iso_code":"GB-WIL","name":"Wiltshire","name_full":"Wiltshire","name_ja":"ウィルトシャー","center_lonlat":[-1.9422,51.2978]},"geometry":{"type":"Polygon","coordinates":[[[-1.7497,51.6588],[-1.8391,51.5468],[-1.8347,51.5078],[-1.8104,51.48],[-1.761,51.4627],[-1.6977,51.4601],[-1.5804,51.503],[-1.5211,51.4341],[-1.5634,51.4122],[-1.5334,51.3774],[-1.4981,51.3661],[-1.487,51.3324],[-1.5267,51.3297],[-1.52,51.3025],[-1.5392,51.2755],[-1.5278,51.2524],[-1.5384,51.2449],[-1.5797,51.2577],[-1.6281,51.2341],[-1.6965,51.2366],[-1.655,51.1713],[-1.6528,51.1263],[-1.622,51.1082],[-1.6314,51.0861],[-1.622,51.0341],[-1.5967,51.0175],[-1.6214,50.9947],[-1.5997,50.9769],[-1.6106,50.9597],[-1.655,50.9502],[-1.6981,50.975],[-1.8108,50.9927],[-1.8376,51.0091],[-1.8578,50.9947],[-1.8689,51.0058],[-1.9501,50.9883],[-1.9703,50.9927],[-2.0992,50.9558],[-2.2242,51.0655],[-2.3217,51.0833],[-2.3475,51.0949],[-2.3489,51.1177],[-2.2662,51.2088],[-2.2362,51.2641],[-2.2428,51.2852],[-2.2711,51.2958],[-2.267,51.3163],[-2.2901,51.3249],[-2.2967,51.3402],[-2.3337,51.3469],[-2.28,51.3724],[-2.2807,51.4203],[-2.2822,51.4749],[-2.3206,51.4838],[-2.2453,51.5186],[-2.2716,51.5772],[-2.1917,51.5983],[-2.1489,51.5894],[-2.0573,51.6641],[-1.9684,51.6344],[-1.9487,51.6399],[-1.94,51.663],[-1.8748,51.6408],[-1.8881,51.6725],[-1.8328,51.6566],[-1.8061,51.698],[-1.7774,51.6604],[-1.7497,51.6588]]]}},{"type":"Feature","id":"Windsor and Maidenhead","properties":{"id":"Windsor and Maidenhead","iso_code":"GB-WNM","name":"Windsor and Maidenhead","name_full":"Windsor and Maidenhead","name_ja":"ウィンザー・アンド・メイデンヘッド","center_lonlat":[-0.7064,51.4746]},"geometry":{"type":"Polygon","coordinates":[[[-0.6362,51.4937],[-0.5905,51.4873],[-0.5757,51.4456],[-0.6198,51.3877],[-0.6987,51.3669],[-0.7152,51.3927],[-0.6795,51.4037],[-0.6822,51.4312],[-0.7125,51.4532],[-0.828,51.4697],[-0.8463,51.5425],[-0.6968,51.5592],[-0.6856,51.5493],[-0.7013,51.5071],[-0.6787,51.4941],[-0.6362,51.4937]]]}},{"type":"Feature","id":"Wokingham","properties":{"id":"Wokingham","iso_code":"GB-WOK","name":"Wokingham","name_full":"Wokingham","name_ja":"ウォーキンハム","center_lonlat":[-0.9096,51.4226]},"geometry":{"type":"Polygon","coordinates":[[[-1.032,51.3547],[-1.0535,51.4119],[-0.9848,51.4229],[-0.9645,51.4547],[-0.8805,51.4975],[-0.8732,51.5075],[-0.8871,51.5481],[-0.8463,51.5425],[-0.828,51.4697],[-0.8115,51.4367],[-0.8142,51.3982],[-0.8529,51.3501],[-0.9964,51.3622],[-1.032,51.3547]]]}},{"type":"Feature","id":"Wolverhampton","properties":{"id":"Wolverhampton","iso_code":"GB-WLV","name":"Wolverhampton","name_full":"Wolverhampton","name_ja":"ウォルヴァーハンプトン","center_lonlat":[-2.1157,52.5878]},"geometry":{"type":"Polygon","coordinates":[[[-2.0509,52.6174],[-2.0344,52.5859],[-2.0557,52.5681],[-2.0782,52.5574],[-2.1173,52.5598],[-2.1261,52.5444],[-2.1575,52.5464],[-2.2006,52.5794],[-2.1311,52.6294],[-2.0975,52.6341],[-2.0664,52.608],[-2.0509,52.6174]]]}},{"type":"Feature","id":"Worcestershire","properties":{"id":"Worcestershire","iso_code":"GB-WOR","name":"Worcestershire","name_full":"Worcestershire","name_ja":"ウスターシャー","center_lonlat":[-2.1629,52.2169]},"geometry":{"type":"Polygon","coordinates":[[[-1.7578,52.1058],[-1.8139,52.0688],[-1.8633,52.0627],[-1.8278,52.0344],[-1.832,52.008],[-1.8789,52.028],[-1.9423,52.0302],[-2.0309,51.9999],[-2.1059,52.0077],[-2.13,51.9952],[-2.1433,52.0063],[-2.1149,52.0421],[-2.1648,52.0405],[-2.1763,52.0073],[-2.16,51.9949],[-2.2081,51.9908],[-2.2342,51.9641],[-2.2517,51.9627],[-2.3078,51.9736],[-2.3516,52.0139],[-2.3498,52.1067],[-2.4051,52.1427],[-2.4064,52.2058],[-2.4154,52.2199],[-2.4578,52.2302],[-2.4475,52.2585],[-2.4887,52.2649],[-2.5273,52.243],[-2.607,52.2417],[-2.6409,52.3322],[-2.5978,52.3052],[-2.5556,52.3085],[-2.547,52.3302],[-2.5253,52.3397],[-2.4745,52.3271],[-2.4698,52.3572],[-2.4103,52.3633],[-2.3906,52.3836],[-2.3195,52.3846],[-2.3505,52.4237],[-2.2862,52.4446],[-2.1539,52.423],[-2.0828,52.436],[-2.0584,52.4224],[-2.0306,52.4369],[-2.0217,52.4244],[-1.9831,52.4177],[-2.002,52.3927],[-1.9958,52.3788],[-1.9006,52.3927],[-1.8445,52.3836],[-1.877,52.3447],[-1.8475,52.3099],[-1.8828,52.2741],[-1.9201,52.2661],[-1.9023,52.2105],[-1.9445,52.1647],[-1.8909,52.1336],[-1.8753,52.1494],[-1.7873,52.1294],[-1.7578,52.1058]]]}},{"type":"Feature","id":"Wrexham","properties":{"id":"Wrexham","iso_code":"GB-WRX","name":"Wrexham","name_full":"Wrexham","name_ja":"レクサム","center_lonlat":[-3.0569,52.9608]},"geometry":{"type":"Polygon","coordinates":[[[-2.9568,53.1446],[-2.8974,53.1022],[-2.8551,53.0229],[-2.8184,52.9895],[-2.7277,52.9665],[-2.7177,52.9216],[-2.7795,52.9006],[-2.8532,52.9391],[-2.9259,52.9335],[-2.963,52.952],[-3.0039,52.9498],[-3.1269,52.8846],[-3.1219,52.8549],[-3.1522,52.8298],[-3.1404,52.7963],[-3.2617,52.7805],[-3.2889,52.8197],[-3.3907,52.8674],[-3.3113,52.9328],[-3.2005,52.938],[-3.0948,52.9637],[-3.1412,52.9972],[-3.1227,53.0664],[-2.9918,53.1389],[-2.9568,53.1446]]]}},{"type":"Feature","id":"York","properties":{"id":"York","iso_code":"GB-YOR","name":"York","name_full":"York","name_ja":"ヨーク","center_lonlat":[-1.0738,53.9424]},"geometry":{"type":"Polygon","coordinates":[[[-0.928,53.9718],[-0.9209,53.9438],[-0.9405,53.868],[-1.1412,53.8601],[-1.218,53.9146],[-1.2348,53.9453],[-1.232,53.9691],[-1.1775,53.9803],[-1.1468,54.0278],[-1.0923,54.0403],[-1.0266,54.0389],[-1.007,54.0278],[-1.0042,53.99],[-0.9875,53.9747],[-0.928,53.9718]]]}}]}
