{"type":"FeatureCollection","features":[{"type":"Feature","id":"Chuo","properties":{"id":"Chuo","code":1101,"name":"Chuo","name_full":"札幌市中央区","name_ja":"札幌市中央区","name_short_ja":"中央","center_lonlat":[141.3022,43.0384]},"geometry":{"type":"Polygon","coordinates":[[[141.3552,43.0686],[141.3433,43.0668],[141.3324,43.076],[141.3283,43.0861],[141.3143,43.0646],[141.3063,43.0688],[141.2927,43.058],[141.2841,43.0544],[141.2848,43.038],[141.2799,43.0363],[141.2638,43.0422],[141.2582,43.042],[141.2496,43.0372],[141.2449,43.0268],[141.2297,43.0152],[141.2127,43.0156],[141.2024,43.0192],[141.2019,43.0167],[141.2205,43.0088],[141.2374,43.0068],[141.2514,43.0035],[141.2542,42.9978],[141.2599,42.9977],[141.2667,43.0044],[141.2722,43.0043],[141.2904,43.0139],[141.2934,43.0201],[141.3041,43.0264],[141.3103,43.0358],[141.3193,43.0355],[141.3237,43.0297],[141.3363,43.0281],[141.346,43.0171],[141.3524,43.0229],[141.3631,43.0545],[141.3664,43.058],[141.369,43.0615],[141.3896,43.0686],[141.3552,43.0686]]]}},{"type":"Feature","id":"Kita","properties":{"id":"Kita","code":1102,"name":"Kita","name_full":"札幌市北区","name_ja":"札幌市北区","name_short_ja":"北区","center_lonlat":[141.354,43.1349]},"geometry":{"type":"Polygon","coordinates":[[[141.3552,43.0686],[141.3453,43.1015],[141.344,43.1222],[141.3527,43.1247],[141.3725,43.1264],[141.3851,43.1257],[141.3871,43.1288],[141.4047,43.1381],[141.4141,43.1388],[141.4149,43.1446],[141.4215,43.1471],[141.4288,43.1438],[141.4388,43.1618],[141.4338,43.1691],[141.4254,43.1682],[141.4192,43.1718],[141.4039,43.1699],[141.3993,43.1769],[141.4089,43.1861],[141.4054,43.1894],[141.3948,43.1825],[141.3877,43.1734],[141.3798,43.1717],[141.3623,43.1764],[141.358,43.1758],[141.3509,43.167],[141.3488,43.1595],[141.3352,43.1523],[141.3327,43.1487],[141.3231,43.1488],[141.3121,43.1463],[141.2828,43.1336],[141.2665,43.131],[141.286,43.117],[141.3283,43.0861],[141.3324,43.076],[141.3433,43.0668],[141.3552,43.0686]]]}},{"type":"Feature","id":"Higashi","properties":{"id":"Higashi","code":1103,"name":"Higashi","name_full":"札幌市東区","name_ja":"札幌市東区","name_short_ja":"東区","center_lonlat":[141.4011,43.1085]},"geometry":{"type":"Polygon","coordinates":[[[141.3896,43.0686],[141.4019,43.0716],[141.4064,43.0773],[141.4172,43.0807],[141.4229,43.0872],[141.4306,43.0879],[141.4416,43.0952],[141.4516,43.0915],[141.4573,43.0934],[141.4444,43.101],[141.4537,43.12],[141.455,43.1347],[141.4469,43.1559],[141.4494,43.1626],[141.4388,43.1618],[141.4288,43.1438],[141.4215,43.1471],[141.4149,43.1446],[141.4141,43.1388],[141.4047,43.1381],[141.3871,43.1288],[141.3851,43.1257],[141.3725,43.1264],[141.3527,43.1247],[141.344,43.1222],[141.3453,43.1015],[141.3552,43.0686],[141.3896,43.0686]]]}},{"type":"Feature","id":"Shiroishi","properties":{"id":"Shiroishi","code":1104,"name":"Shiroishi","name_full":"札幌市白石区","name_ja":"札幌市白石区","name_short_ja":"白石","center_lonlat":[141.4253,43.0605]},"geometry":{"type":"Polygon","coordinates":[[[141.3664,43.058],[141.3947,43.0416],[141.4341,43.0261],[141.4439,43.0223],[141.4448,43.0276],[141.4535,43.0345],[141.4573,43.0403],[141.4486,43.0561],[141.4505,43.0647],[141.4735,43.0961],[141.465,43.1001],[141.4591,43.0994],[141.4573,43.0934],[141.4516,43.0915],[141.4416,43.0952],[141.4306,43.0879],[141.4229,43.0872],[141.4172,43.0807],[141.4064,43.0773],[141.4019,43.0716],[141.3896,43.0686],[141.369,43.0615],[141.3664,43.058]]]}},{"type":"Feature","id":"Toyohira","properties":{"id":"Toyohira","code":1105,"name":"Toyohira","name_full":"札幌市豊平区","name_ja":"札幌市豊平区","name_short_ja":"豊平","center_lonlat":[141.3891,43.0]},"geometry":{"type":"Polygon","coordinates":[[[141.3524,43.0229],[141.3527,43.0123],[141.3587,43.0137],[141.3603,43.0199],[141.3707,43.019],[141.378,43.0144],[141.3743,43.0042],[141.3733,42.9922],[141.3679,42.9885],[141.3696,42.9791],[141.365,42.961],[141.3657,42.9465],[141.363,42.9395],[141.3682,42.935],[141.3671,42.9293],[141.3865,42.9336],[141.3894,42.9534],[141.3988,42.9664],[141.4164,42.9747],[141.4123,42.9805],[141.4195,42.9966],[141.428,43.0068],[141.43,43.0231],[141.4341,43.0261],[141.3947,43.0416],[141.3664,43.058],[141.3631,43.0545],[141.3524,43.0229]]]}},{"type":"Feature","id":"Minami","properties":{"id":"Minami","code":1106,"name":"Minami","name_full":"札幌市南区","name_ja":"札幌市南区","name_short_ja":"南区","center_lonlat":[141.1818,42.947]},"geometry":{"type":"Polygon","coordinates":[[[141.2024,43.0192],[141.1885,43.0282],[141.1869,43.0428],[141.1748,43.0516],[141.1746,43.0552],[141.1614,43.0608],[141.1529,43.0685],[141.1655,43.0825],[141.1642,43.0851],[141.1543,43.0863],[141.1523,43.0895],[141.1427,43.0948],[141.1349,43.0938],[141.1324,43.1026],[141.12,43.1115],[141.1119,43.1139],[141.1085,43.1193],[141.1022,43.1154],[141.0918,43.1199],[141.0871,43.1177],[141.0761,43.1183],[141.0717,43.109],[141.0629,43.1094],[141.0622,43.1033],[141.0698,43.0921],[141.0594,43.0893],[141.0652,43.0836],[141.0585,43.0686],[141.0494,43.0669],[141.045,43.0608],[141.0449,43.0514],[141.033,43.043],[141.0261,43.0361],[141.0182,43.0322],[141.011,43.0334],[140.9991,43.0255],[140.9912,43.0236],[140.9933,43.0172],[141.0,43.0127],[140.9991,43.0007],[140.9929,42.9946],[140.9982,42.9861],[141.0064,42.9786],[141.0081,42.9715],[141.0136,42.9654],[141.0255,42.9613],[141.0405,42.958],[141.0527,42.9526],[141.0481,42.9402],[141.0428,42.9364],[141.0336,42.9176],[141.0269,42.9127],[141.0339,42.9063],[141.0395,42.8854],[141.048,42.8837],[141.0794,42.8853],[141.0869,42.8792],[141.0993,42.8837],[141.1071,42.8727],[141.1017,42.8695],[141.0975,42.8554],[141.1036,42.8474],[141.0944,42.8428],[141.1007,42.8279],[141.0932,42.823],[141.1189,42.8097],[141.1261,42.8042],[141.1331,42.8039],[141.1402,42.7892],[141.1556,42.7858],[141.1607,42.7808],[141.1695,42.7817],[141.1869,42.7863],[141.1991,42.7844],[141.2226,42.7877],[141.2312,42.7916],[141.2304,42.7973],[141.2245,42.7995],[141.2191,42.8072],[141.2225,42.8118],[141.232,42.8146],[141.2356,42.8211],[141.2429,42.8398],[141.2523,42.843],[141.2564,42.8483],[141.255,42.8581],[141.2568,42.8644],[141.279,42.8727],[141.2865,42.8736],[141.2929,42.8833],[141.3033,42.8868],[141.3147,42.8824],[141.3206,42.8726],[141.3347,42.8702],[141.3577,42.8763],[141.3602,42.8814],[141.368,42.8854],[141.3702,42.8913],[141.3947,42.8904],[141.3974,42.8934],[141.3973,42.904],[141.3922,42.9219],[141.3941,42.9273],[141.3865,42.9336],[141.3671,42.9293],[141.3682,42.935],[141.363,42.9395],[141.3657,42.9465],[141.365,42.961],[141.3696,42.9791],[141.3679,42.9885],[141.3733,42.9922],[141.3743,43.0042],[141.378,43.0144],[141.3707,43.019],[141.3603,43.0199],[141.3587,43.0137],[141.3527,43.0123],[141.3524,43.0229],[141.346,43.0171],[141.3363,43.0281],[141.3237,43.0297],[141.3193,43.0355],[141.3103,43.0358],[141.3041,43.0264],[141.2934,43.0201],[141.2904,43.0139],[141.2722,43.0043],[141.2667,43.0044],[141.2599,42.9977],[141.2542,42.9978],[141.2514,43.0035],[141.2374,43.0068],[141.2205,43.0088],[141.2019,43.0167],[141.2024,43.0192]]]}},{"type":"Feature","id":"Nishi","properties":{"id":"Nishi","code":1107,"name":"Nishi","name_full":"札幌市西区","name_ja":"札幌市西区","name_short_ja":"西区","center_lonlat":[141.2432,43.064]},"geometry":{"type":"Polygon","coordinates":[[[141.3283,43.0861],[141.286,43.117],[141.2621,43.0949],[141.2606,43.091],[141.251,43.0889],[141.2396,43.0956],[141.2291,43.0888],[141.2258,43.0812],[141.2139,43.0798],[141.2042,43.0764],[141.1761,43.0773],[141.1642,43.0851],[141.1655,43.0825],[141.1529,43.0685],[141.1614,43.0608],[141.1746,43.0552],[141.1748,43.0516],[141.1869,43.0428],[141.1885,43.0282],[141.2024,43.0192],[141.2127,43.0156],[141.2297,43.0152],[141.2449,43.0268],[141.2496,43.0372],[141.2582,43.042],[141.2638,43.0422],[141.2799,43.0363],[141.2848,43.038],[141.2841,43.0544],[141.2927,43.058],[141.3063,43.0688],[141.3143,43.0646],[141.3283,43.0861]]]}},{"type":"Feature","id":"Atsubetsu","properties":{"id":"Atsubetsu","code":1108,"name":"Atsubetsu","name_full":"札幌市厚別区","name_ja":"札幌市厚別区","name_short_ja":"厚別","center_lonlat":[141.4739,43.0429]},"geometry":{"type":"Polygon","coordinates":[[[141.4439,43.0223],[141.4824,43.0071],[141.4882,43.0137],[141.4871,43.0233],[141.5054,43.0209],[141.5012,43.051],[141.4974,43.0578],[141.4907,43.057],[141.4835,43.0604],[141.4715,43.0695],[141.4738,43.0737],[141.4707,43.0819],[141.4756,43.0881],[141.4735,43.0961],[141.4505,43.0647],[141.4486,43.0561],[141.4573,43.0403],[141.4535,43.0345],[141.4448,43.0276],[141.4439,43.0223]]]}},{"type":"Feature","id":"Teine","properties":{"id":"Teine","code":1109,"name":"Teine","name_full":"札幌市手稲区","name_ja":"札幌市手稲区","name_short_ja":"手稲","center_lonlat":[141.2242,43.1159]},"geometry":{"type":"Polygon","coordinates":[[[141.2828,43.1336],[141.2475,43.1589],[141.238,43.1519],[141.2299,43.1573],[141.2212,43.1581],[141.2081,43.152],[141.1876,43.1403],[141.1897,43.1332],[141.1983,43.1278],[141.1953,43.1228],[141.1867,43.1197],[141.1812,43.1098],[141.1736,43.1045],[141.1722,43.099],[141.1578,43.0887],[141.1523,43.0895],[141.1543,43.0863],[141.1642,43.0851],[141.1761,43.0773],[141.2042,43.0764],[141.2139,43.0798],[141.2258,43.0812],[141.2291,43.0888],[141.2396,43.0956],[141.251,43.0889],[141.2606,43.091],[141.2621,43.0949],[141.286,43.117],[141.2665,43.131],[141.2828,43.1336]]]}},{"type":"Feature","id":"Kiyota","properties":{"id":"Kiyota","code":1110,"name":"Kiyota","name_full":"札幌市清田区","name_ja":"札幌市清田区","name_short_ja":"清田","center_lonlat":[141.4313,42.9618]},"geometry":{"type":"Polygon","coordinates":[[[141.4341,43.0261],[141.43,43.0231],[141.428,43.0068],[141.4195,42.9966],[141.4123,42.9805],[141.4164,42.9747],[141.3988,42.9664],[141.3894,42.9534],[141.3865,42.9336],[141.3941,42.9273],[141.3922,42.9219],[141.3973,42.904],[141.3974,42.8934],[141.3947,42.8904],[141.4166,42.8884],[141.4213,42.8915],[141.4136,42.8957],[141.4167,42.9077],[141.4213,42.9142],[141.4278,42.9161],[141.4337,42.9238],[141.4411,42.9281],[141.4546,42.9409],[141.4623,42.9512],[141.4621,42.9587],[141.4668,42.9738],[141.4807,42.9936],[141.4776,42.9986],[141.4824,43.0071],[141.4439,43.0223],[141.4341,43.0261]]]}},{"type":"Feature","id":"Hakodate","properties":{"id":"Hakodate","code":1202,"name":"Hakodate","name_full":"函館市","name_ja":"函館市","name_short_ja":"函館","center_lonlat":[140.926,41.8376]},"geometry":{"type":"Polygon","coordinates":[[[140.7096,41.8085],[140.7114,41.8018],[140.7193,41.799],[140.7266,41.7908],[140.7242,41.7737],[140.7147,41.7666],[140.706,41.774],[140.7052,41.7803],[140.6926,41.7645],[140.6935,41.7539],[140.6993,41.743],[140.704,41.74],[140.7113,41.7435],[140.7222,41.7455],[140.7181,41.7512],[140.7266,41.7613],[140.7381,41.7685],[140.7632,41.7738],[140.7748,41.7747],[140.79,41.7732],[140.8232,41.7638],[140.836,41.759],[140.8532,41.7599],[140.8647,41.7578],[140.8723,41.7533],[140.8831,41.7523],[140.9272,41.7384],[140.9413,41.7305],[140.9498,41.7218],[140.9508,41.7154],[140.9683,41.7101],[140.9919,41.7172],[140.9976,41.7145],[141.0066,41.7154],[141.0169,41.7225],[141.0223,41.7192],[141.0301,41.7223],[141.036,41.7277],[141.0474,41.7251],[141.0524,41.7344],[141.0657,41.7378],[141.0748,41.7429],[141.0799,41.7573],[141.0885,41.7616],[141.0954,41.7716],[141.108,41.784],[141.1145,41.7875],[141.1267,41.789],[141.1419,41.7851],[141.156,41.7846],[141.1645,41.7932],[141.1744,41.796],[141.186,41.8024],[141.1874,41.8089],[141.1844,41.8155],[141.1779,41.8208],[141.171,41.8198],[141.1463,41.8322],[141.1435,41.8477],[141.1502,41.8527],[141.1438,41.8571],[141.134,41.8582],[141.1069,41.875],[141.1028,41.8752],[141.0826,41.8822],[141.0778,41.886],[141.0566,41.8897],[141.0463,41.8934],[141.033,41.8954],[141.0199,41.8916],[140.9838,41.9045],[140.9612,41.9152],[140.9541,41.9221],[140.9494,41.9329],[140.9407,41.9347],[140.9334,41.9431],[140.9326,41.952],[140.9282,41.9589],[140.9143,41.9691],[140.9096,41.9751],[140.9086,41.9832],[140.8861,42.0002],[140.882,42.0003],[140.8755,42.007],[140.8646,42.0094],[140.8423,41.9938],[140.8394,41.987],[140.8397,41.9699],[140.8425,41.9627],[140.8379,41.9604],[140.8315,41.9508],[140.8265,41.9539],[140.8191,41.9449],[140.8018,41.9333],[140.7976,41.9265],[140.7872,41.9314],[140.7826,41.9165],[140.7834,41.9111],[140.7751,41.9011],[140.7671,41.8775],[140.7627,41.8744],[140.752,41.8723],[140.7434,41.8683],[140.7358,41.8612],[140.7328,41.8534],[140.7173,41.8486],[140.7,41.8461],[140.7061,41.8301],[140.7196,41.8168],[140.7096,41.8085]]]}},{"type":"Feature","id":"Otaru","properties":{"id":"Otaru","code":1203,"name":"Otaru","name_full":"小樽市","name_ja":"小樽市","name_short_ja":"小樽","center_lonlat":[141.0266,43.1563]},"geometry":{"type":"Polygon","coordinates":[[[141.1523,43.0895],[141.1578,43.0887],[141.1722,43.099],[141.1736,43.1045],[141.1812,43.1098],[141.1867,43.1197],[141.1953,43.1228],[141.1983,43.1278],[141.1897,43.1332],[141.1876,43.1403],[141.2081,43.152],[141.2212,43.1581],[141.2299,43.1573],[141.238,43.1519],[141.2475,43.1589],[141.2668,43.1732],[141.2704,43.1706],[141.2829,43.1801],[141.2918,43.1851],[141.2863,43.1963],[141.2796,43.2006],[141.2643,43.1905],[141.2622,43.1837],[141.2441,43.174],[141.2065,43.158],[141.1883,43.1516],[141.1621,43.1439],[141.1403,43.1524],[141.1259,43.155],[141.1128,43.1626],[141.0888,43.1713],[141.0784,43.1719],[141.0577,43.1794],[141.0385,43.1796],[141.023,43.1848],[141.025,43.1879],[141.0156,43.1932],[141.0117,43.1997],[141.0019,43.2066],[141.0148,43.2128],[141.0164,43.2252],[141.013,43.2324],[141.0158,43.239],[140.9785,43.2393],[140.9683,43.2362],[140.9548,43.2292],[140.9376,43.2257],[140.9269,43.2264],[140.9185,43.2227],[140.9213,43.2163],[140.9135,43.2108],[140.8988,43.2114],[140.8764,43.2053],[140.8675,43.2074],[140.8641,43.2171],[140.8557,43.2074],[140.8572,43.2033],[140.8496,43.1987],[140.8448,43.2004],[140.8476,43.1933],[140.8462,43.188],[140.8539,43.1777],[140.8598,43.1729],[140.8587,43.168],[140.8665,43.1652],[140.8833,43.1677],[140.9,43.16],[140.9133,43.1571],[140.9235,43.1515],[140.9238,43.1394],[140.9204,43.1303],[140.9318,43.1274],[140.9384,43.1305],[140.9521,43.1314],[140.967,43.1258],[140.9745,43.1251],[140.9759,43.1297],[140.9988,43.1268],[140.9952,43.1167],[141.0034,43.1087],[141.0005,43.0965],[141.0077,43.091],[141.0091,43.0858],[141.0169,43.0743],[141.025,43.071],[141.0271,43.0662],[141.045,43.0608],[141.0494,43.0669],[141.0585,43.0686],[141.0652,43.0836],[141.0594,43.0893],[141.0698,43.0921],[141.0622,43.1033],[141.0629,43.1094],[141.0717,43.109],[141.0761,43.1183],[141.0871,43.1177],[141.0918,43.1199],[141.1022,43.1154],[141.1085,43.1193],[141.1119,43.1139],[141.12,43.1115],[141.1324,43.1026],[141.1349,43.0938],[141.1427,43.0948],[141.1523,43.0895]]]}},{"type":"Feature","id":"Asahikawa","properties":{"id":"Asahikawa","code":1204,"name":"Asahikawa","name_full":"旭川市","name_ja":"旭川市","name_short_ja":"旭川","center_lonlat":[142.3701,43.7579]},"geometry":{"type":"Polygon","coordinates":[[[142.2826,43.9396],[142.2742,43.94],[142.2492,43.9501],[142.2448,43.9562],[142.2369,43.9488],[142.2204,43.9477],[142.2078,43.9491],[142.1986,43.9453],[142.188,43.9349],[142.1867,43.93],[142.1803,43.9254],[142.1713,43.9229],[142.1643,43.9151],[142.1585,43.9141],[142.1494,43.9054],[142.149,43.8989],[142.162,43.8924],[142.1585,43.8852],[142.1592,43.8751],[142.1721,43.8691],[142.1789,43.8709],[142.1879,43.8669],[142.2109,43.8669],[142.2156,43.8644],[142.2204,43.8561],[142.2167,43.8471],[142.2087,43.8378],[142.2167,43.8344],[142.2139,43.83],[142.2301,43.8117],[142.2381,43.8082],[142.24,43.7991],[142.2279,43.7957],[142.222,43.7879],[142.2268,43.7764],[142.2196,43.7743],[142.2112,43.7657],[142.2054,43.7632],[142.1972,43.755],[142.1958,43.7464],[142.1996,43.7347],[142.1954,43.7314],[142.1758,43.7308],[142.1713,43.7282],[142.1734,43.721],[142.1825,43.7157],[142.1788,43.6985],[142.1789,43.6866],[142.1753,43.6811],[142.1781,43.6731],[142.1861,43.6655],[142.1951,43.6541],[142.1953,43.6458],[142.2001,43.6411],[142.209,43.6462],[142.2207,43.6495],[142.2385,43.6523],[142.2425,43.6522],[142.2571,43.6607],[142.2673,43.6604],[142.279,43.6521],[142.2771,43.6471],[142.2859,43.6435],[142.293,43.6321],[142.2882,43.6205],[142.2912,43.6121],[142.2832,43.6048],[142.2864,43.5943],[142.2853,43.5856],[142.2892,43.5788],[142.2877,43.5744],[142.2989,43.5639],[142.3012,43.552],[142.3218,43.5443],[142.3281,43.5561],[142.329,43.5638],[142.3227,43.5735],[142.324,43.5763],[142.3414,43.587],[142.3417,43.5987],[142.3518,43.6124],[142.3659,43.6195],[142.3752,43.6161],[142.3897,43.6257],[142.3883,43.6382],[142.3987,43.6454],[142.3999,43.6497],[142.3941,43.6534],[142.3951,43.6612],[142.4023,43.6649],[142.4282,43.6618],[142.445,43.6482],[142.4479,43.6364],[142.4572,43.6313],[142.4714,43.6208],[142.4852,43.6204],[142.4936,43.6241],[142.5008,43.6225],[142.5126,43.6244],[142.5335,43.6255],[142.5395,43.6293],[142.5609,43.6308],[142.5573,43.6464],[142.503,43.6404],[142.4964,43.6377],[142.4346,43.6796],[142.4304,43.6758],[142.41,43.6898],[142.3914,43.7226],[142.403,43.7315],[142.4203,43.7228],[142.4294,43.7209],[142.449,43.7139],[142.4557,43.7072],[142.4732,43.7001],[142.4764,43.7427],[142.4846,43.7422],[142.4939,43.7507],[142.5069,43.7507],[142.5199,43.7447],[142.5257,43.7447],[142.5373,43.7337],[142.5432,43.7344],[142.5491,43.7271],[142.5702,43.7215],[142.5738,43.7259],[142.5817,43.7233],[142.5894,43.7167],[142.5996,43.7197],[142.6066,43.7179],[142.6209,43.7204],[142.6373,43.7076],[142.6395,43.7018],[142.6561,43.6968],[142.6622,43.6984],[142.6763,43.6914],[142.6821,43.6859],[142.6973,43.6828],[142.7052,43.6828],[142.7131,43.6863],[142.7368,43.6853],[142.7401,43.6835],[142.7404,43.6893],[142.7354,43.6984],[142.7359,43.7075],[142.7415,43.7128],[142.7313,43.7202],[142.7344,43.731],[142.7225,43.738],[142.7223,43.7438],[142.7127,43.7486],[142.7049,43.7477],[142.6939,43.7401],[142.6855,43.7424],[142.6807,43.7392],[142.6689,43.7413],[142.6602,43.7469],[142.6551,43.7527],[142.6459,43.7536],[142.6258,43.7504],[142.6149,43.7598],[142.5994,43.7647],[142.596,43.7606],[142.5839,43.762],[142.5786,43.7599],[142.5675,43.7634],[142.5621,43.7803],[142.5476,43.7751],[142.5358,43.7863],[142.5296,43.7844],[142.5204,43.7863],[142.5133,43.792],[142.5131,43.8004],[142.505,43.799],[142.4575,43.8389],[142.4596,43.843],[142.452,43.8551],[142.4543,43.8644],[142.4502,43.8673],[142.4509,43.8784],[142.4434,43.8873],[142.447,43.8915],[142.4464,43.9027],[142.4431,43.9151],[142.4353,43.9251],[142.4389,43.9342],[142.4321,43.9473],[142.4214,43.9436],[142.3992,43.9211],[142.3999,43.9155],[142.3916,43.9008],[142.3877,43.8988],[142.3925,43.8886],[142.3924,43.8774],[142.3832,43.869],[142.3696,43.8603],[142.3922,43.8433],[142.3856,43.8414],[142.3546,43.8283],[142.3281,43.8093],[142.3283,43.8046],[142.3192,43.7973],[142.3081,43.7943],[142.3105,43.7883],[142.2957,43.7867],[142.2944,43.8029],[142.2895,43.8183],[142.2885,43.8286],[142.2949,43.8343],[142.2933,43.8422],[142.2884,43.8477],[142.2803,43.8494],[142.2786,43.8581],[142.2858,43.8605],[142.2904,43.8733],[142.2818,43.8747],[142.2758,43.8895],[142.2713,43.8948],[142.2757,43.9084],[142.2727,43.9181],[142.2847,43.9273],[142.2826,43.9396]]]}},{"type":"Feature","id":"Muroran","properties":{"id":"Muroran","code":1205,"name":"Muroran","name_full":"室蘭市","name_ja":"室蘭市","name_short_ja":"室蘭","center_lonlat":[140.9885,42.3669]},"geometry":{"type":"Polygon","coordinates":[[[141.0544,42.3521],[141.0442,42.3564],[141.0386,42.3656],[141.0378,42.3768],[141.0301,42.3974],[141.0265,42.4039],[141.0178,42.4072],[141.0115,42.4159],[141.0166,42.4237],[141.0151,42.4311],[141.0042,42.4355],[140.9904,42.4373],[140.9834,42.4318],[140.9792,42.4199],[140.9851,42.4154],[140.9834,42.4103],[140.9745,42.4073],[140.966,42.3987],[140.956,42.3945],[140.9485,42.3872],[140.933,42.3881],[140.9174,42.384],[140.9083,42.3797],[140.9171,42.3692],[140.9216,42.3693],[140.9364,42.3633],[140.9448,42.3641],[140.9488,42.3612],[140.9823,42.3562],[140.9803,42.3481],[141.0017,42.3508],[141.0077,42.3476],[140.9811,42.3437],[140.9842,42.3268],[140.976,42.3236],[140.9693,42.3279],[140.9685,42.3363],[140.9581,42.3396],[140.9506,42.3452],[140.9319,42.3383],[140.9338,42.3314],[140.941,42.3254],[140.9435,42.3192],[140.9581,42.3173],[140.9636,42.3144],[140.9684,42.3075],[140.9752,42.3088],[140.9882,42.3051],[140.9923,42.3021],[141.002,42.301],[141.0088,42.3063],[141.0094,42.3143],[141.0128,42.3218],[141.0235,42.3327],[141.045,42.3505],[141.0544,42.3521]]]}},{"type":"Feature","id":"Kushiro","properties":{"id":"Kushiro","code":1206,"name":"Kushiro","name_full":"釧路市","name_ja":"釧路市","name_short_ja":"釧路","center_lonlat":[144.1601,43.2325]},"geometry":{"type":"MultiPolygon","coordinates":[[[[144.222,43.5211],[144.2068,43.5207],[144.2012,43.5252],[144.1904,43.522],[144.181,43.5108],[144.1753,43.5171],[144.1638,43.5253],[144.148,43.5281],[144.1424,43.5312],[144.1347,43.5269],[144.1328,43.5173],[144.121,43.5119],[144.1082,43.5125],[144.0963,43.5164],[144.0822,43.515],[144.0714,43.5016],[144.0736,43.4933],[144.0779,43.4909],[144.0724,43.4828],[144.0712,43.4746],[144.0658,43.4749],[144.0514,43.4697],[144.0436,43.4691],[144.0402,43.4643],[144.0203,43.461],[143.9988,43.4649],[144.0051,43.4489],[144.0005,43.4429],[144.0043,43.4351],[144.0167,43.4275],[144.0259,43.4285],[144.0298,43.4198],[144.0293,43.4119],[144.0222,43.3958],[144.027,43.3919],[144.0103,43.3815],[144.0081,43.3752],[144.016,43.3743],[144.0316,43.3597],[144.0336,43.3513],[144.0238,43.3446],[144.026,43.3372],[144.0174,43.3329],[144.0206,43.3265],[144.0099,43.322],[144.0068,43.3123],[144.0083,43.3078],[143.9922,43.3065],[143.986,43.2908],[143.9778,43.2853],[143.969,43.2826],[143.9661,43.2706],[143.9608,43.2622],[143.966,43.2596],[143.9621,43.2499],[143.964,43.2457],[143.9749,43.2422],[143.9843,43.2274],[143.9824,43.2253],[143.986,43.2128],[143.9908,43.2067],[143.988,43.199],[143.9949,43.1806],[144.0022,43.1779],[144.0156,43.1765],[144.0251,43.1678],[144.0348,43.162],[144.0348,43.1534],[144.0316,43.1432],[144.0403,43.1335],[144.051,43.1281],[144.0645,43.1255],[144.0791,43.1175],[144.0787,43.1066],[144.0822,43.1008],[144.0797,43.0969],[144.0834,43.0865],[144.0887,43.0811],[144.0875,43.0749],[144.0937,43.0693],[144.0972,43.0623],[144.1029,43.0616],[144.1152,43.0555],[144.1201,43.0604],[144.1354,43.0576],[144.1405,43.0549],[144.1521,43.0566],[144.1558,43.0598],[144.167,43.0423],[144.2231,43.0283],[144.2137,43.0066],[144.2222,43.0059],[144.2286,42.9973],[144.2743,43.0038],[144.2864,43.0041],[144.3045,43.0015],[144.3143,43.0024],[144.3144,42.9977],[144.3346,42.9957],[144.3406,42.9939],[144.3498,42.998],[144.3598,42.9953],[144.3717,42.9856],[144.3727,42.9759],[144.3658,42.9717],[144.3746,42.9675],[144.3894,42.9691],[144.3984,42.9602],[144.4144,42.9566],[144.423,42.9525],[144.4394,42.9521],[144.4504,42.9438],[144.4608,42.9449],[144.4857,42.9394],[144.4851,42.9499],[144.4803,42.9559],[144.4807,42.9628],[144.4704,42.9713],[144.4546,42.9802],[144.4476,42.9826],[144.4388,42.99],[144.441,42.995],[144.4232,42.9968],[144.4163,43.0016],[144.4043,42.9968],[144.3986,43.0027],[144.3976,43.0089],[144.4199,43.0233],[144.4227,43.0365],[144.4195,43.0443],[144.4265,43.0467],[144.4177,43.0523],[144.415,43.0613],[144.404,43.0668],[144.3992,43.0726],[144.3271,43.0848],[144.3211,43.0766],[144.3026,43.0778],[144.3003,43.0805],[144.2886,43.083],[144.2878,43.0875],[144.2776,43.0949],[144.2794,43.1005],[144.2718,43.1044],[144.263,43.1209],[144.2653,43.127],[144.251,43.1432],[144.2489,43.1508],[144.2535,43.1605],[144.2426,43.1642],[144.2438,43.1723],[144.2375,43.1744],[144.2404,43.1802],[144.2343,43.1841],[144.2279,43.1963],[144.2184,43.2182],[144.2199,43.2252],[144.2141,43.2314],[144.2063,43.235],[144.2066,43.2423],[144.1992,43.2492],[144.1788,43.261],[144.1713,43.2627],[144.1615,43.2696],[144.1512,43.2818],[144.1477,43.2913],[144.1305,43.3016],[144.128,43.3104],[144.1295,43.3204],[144.138,43.3235],[144.145,43.3232],[144.1424,43.3321],[144.1496,43.3383],[144.1549,43.3536],[144.1519,43.3587],[144.1592,43.3635],[144.1593,43.3676],[144.1755,43.3767],[144.1802,43.3826],[144.1806,43.3914],[144.1968,43.4002],[144.2063,43.4083],[144.2132,43.4192],[144.2272,43.4276],[144.2315,43.4342],[144.2383,43.4362],[144.2298,43.4449],[144.2377,43.4538],[144.2363,43.4589],[144.2286,43.4661],[144.2372,43.4727],[144.2309,43.4806],[144.2351,43.4871],[144.2362,43.4966],[144.2403,43.5062],[144.2468,43.512],[144.222,43.5211]]],[[[144.0047,42.9207],[143.9999,42.9244],[143.9917,42.9251],[143.9878,42.9327],[143.9913,42.9382],[143.9827,42.9449],[143.9747,42.954],[143.962,42.9604],[143.9498,42.9692],[143.9328,42.9679],[143.925,42.9716],[143.9144,42.981],[143.9106,42.9909],[143.9027,42.9954],[143.8988,43.0107],[143.9061,43.0137],[143.9081,43.0226],[143.9187,43.0249],[143.9144,43.0409],[143.9168,43.046],[143.9245,43.0462],[143.928,43.0521],[143.9191,43.0568],[143.9181,43.0634],[143.9098,43.0693],[143.9037,43.0704],[143.8998,43.0775],[143.8912,43.0863],[143.8839,43.0892],[143.873,43.0897],[143.8676,43.0874],[143.8552,43.0915],[143.8429,43.0893],[143.834,43.0968],[143.8201,43.0987],[143.8134,43.106],[143.8108,43.1186],[143.8032,43.1232],[143.7937,43.1213],[143.7745,43.1218],[143.7621,43.1194],[143.7547,43.1204],[143.7543,43.1106],[143.7558,43.0831],[143.7502,43.0759],[143.7427,43.0732],[143.7442,43.0671],[143.7403,43.0593],[143.7256,43.057],[143.72,43.0534],[143.7105,43.0429],[143.7105,43.0325],[143.7065,43.0266],[143.707,43.0201],[143.7036,43.0117],[143.7031,43.0035],[143.7162,42.9901],[143.724,42.9959],[143.7337,42.9915],[143.7448,42.981],[143.7509,42.9776],[143.7506,42.9708],[143.7666,42.9601],[143.7664,42.9492],[143.762,42.9428],[143.7665,42.9372],[143.7645,42.9292],[143.7711,42.9223],[143.7713,42.9131],[143.7825,42.9027],[143.7772,42.8962],[143.7885,42.8916],[143.8075,42.8789],[143.8196,42.8754],[143.8272,42.8689],[143.8384,42.8633],[143.8491,42.8521],[143.8551,42.8509],[143.8693,42.8423],[143.8951,42.8599],[143.9287,42.8802],[143.9617,42.8984],[144.0047,42.9207]]]]}},{"type":"Feature","id":"Obihiro","properties":{"id":"Obihiro","code":1207,"name":"Obihiro","name_full":"帯広市","name_ja":"帯広市","name_short_ja":"帯広","center_lonlat":[143.0307,42.7573]},"geometry":{"type":"Polygon","coordinates":[[[143.1473,42.9507],[143.1304,42.9528],[143.1272,42.9475],[143.1145,42.943],[143.1162,42.9379],[143.1088,42.9295],[143.1132,42.8953],[143.1466,42.8976],[143.1475,42.8926],[143.12,42.8561],[143.092,42.8306],[143.0864,42.8216],[143.0747,42.8103],[143.0596,42.8005],[143.0383,42.7922],[143.0353,42.7878],[143.022,42.7863],[143.0078,42.7805],[142.9963,42.7793],[142.9908,42.7707],[142.9361,42.7221],[142.9217,42.7246],[142.8971,42.7402],[142.8979,42.7504],[142.8943,42.7543],[142.8867,42.7523],[142.8535,42.7569],[142.8379,42.7563],[142.8314,42.7599],[142.8169,42.7612],[142.8141,42.7652],[142.7804,42.7639],[142.767,42.776],[142.7575,42.7721],[142.7442,42.7708],[142.727,42.7731],[142.7198,42.7757],[142.7066,42.7721],[142.6978,42.7676],[142.6871,42.7504],[142.688,42.7435],[142.6951,42.7387],[142.7046,42.7366],[142.7152,42.7382],[142.7248,42.7329],[142.7282,42.7236],[142.7342,42.7214],[142.7492,42.7248],[142.7557,42.722],[142.7583,42.7023],[142.756,42.6908],[142.7641,42.6839],[142.7793,42.6902],[142.7927,42.694],[142.8111,42.691],[142.8196,42.6918],[142.8279,42.687],[142.8395,42.6912],[142.8488,42.6911],[142.8576,42.6952],[142.8705,42.6835],[142.8637,42.6746],[142.8659,42.6686],[142.8625,42.6578],[142.8646,42.6543],[142.8595,42.6411],[142.8679,42.6365],[142.8704,42.6323],[142.8788,42.6318],[142.889,42.6259],[142.8905,42.6215],[142.9008,42.6149],[142.9194,42.6269],[142.9327,42.6222],[142.9537,42.6227],[142.9621,42.6191],[142.9748,42.6245],[142.9912,42.6255],[143.0,42.6307],[143.0073,42.6308],[143.0115,42.6356],[143.0207,42.6338],[143.0312,42.6373],[143.0314,42.6465],[143.0397,42.6463],[143.0452,42.6554],[143.0553,42.6602],[143.082,42.6935],[143.0736,42.6973],[143.0726,42.7019],[143.0786,42.7053],[143.0822,42.7112],[143.0981,42.7217],[143.1024,42.7313],[143.1158,42.7256],[143.1193,42.73],[143.1397,42.721],[143.1496,42.7312],[143.1587,42.7326],[143.1969,42.7245],[143.1894,42.7047],[143.191,42.6995],[143.2076,42.7023],[143.2076,42.7078],[143.2401,42.7018],[143.2484,42.7256],[143.2518,42.7352],[143.2581,42.7339],[143.2683,42.7632],[143.2334,42.7698],[143.2461,42.7917],[143.2215,42.7996],[143.2286,42.8117],[143.2033,42.8199],[143.2185,42.8421],[143.2128,42.8445],[143.2195,42.8549],[143.2257,42.8717],[143.2241,42.8842],[143.2258,42.8899],[143.2141,42.8957],[143.2297,42.9135],[143.2304,42.9246],[143.2392,42.9323],[143.247,42.9343],[143.2416,42.9394],[143.231,42.9371],[143.1995,42.9363],[143.1938,42.9465],[143.1811,42.9489],[143.1751,42.9441],[143.1613,42.9467],[143.1505,42.9447],[143.1473,42.9507]]]}},{"type":"Feature","id":"Kitami","properties":{"id":"Kitami","code":1208,"name":"Kitami","name_full":"北見市","name_ja":"北見市","name_short_ja":"北見","center_lonlat":[143.7148,43.8515]},"geometry":{"type":"Polygon","coordinates":[[[144.1223,44.1157],[144.1102,44.1194],[144.0993,44.1262],[144.0853,44.1264],[144.0822,44.1243],[144.0677,44.1243],[143.9999,44.1337],[143.9628,44.1402],[143.9126,44.1505],[143.8392,44.1674],[143.7892,44.1802],[143.783,44.1843],[143.7765,44.1847],[143.7757,44.1443],[143.911,44.1259],[143.9505,44.0909],[143.9667,44.0849],[143.9531,44.0659],[143.9464,44.06],[143.9475,44.0528],[143.9537,44.0428],[143.9524,44.0363],[143.944,44.0348],[143.9387,44.0307],[143.9338,44.0182],[143.9284,44.0123],[143.9159,44.01],[143.9066,44.0037],[143.9081,44.0],[143.8994,43.9956],[143.8935,43.9975],[143.889,43.9899],[143.8778,43.9813],[143.8632,43.9769],[143.844,43.9804],[143.8404,43.986],[143.8329,43.9834],[143.8127,43.9876],[143.8032,43.9778],[143.7934,43.9838],[143.7806,43.9753],[143.7851,43.9708],[143.781,43.9626],[143.7715,43.9527],[143.7637,43.9519],[143.7541,43.9568],[143.7467,43.956],[143.7478,43.9456],[143.7507,43.9439],[143.7497,43.9313],[143.7569,43.9292],[143.7579,43.9202],[143.7382,43.9048],[143.7277,43.9006],[143.7265,43.8943],[143.7208,43.8884],[143.72,43.8787],[143.7007,43.8754],[143.69,43.8862],[143.6901,43.8916],[143.6814,43.8942],[143.678,43.9046],[143.6699,43.9087],[143.6738,43.9121],[143.6758,43.92],[143.6864,43.922],[143.6806,43.927],[143.6728,43.9237],[143.6663,43.9252],[143.6517,43.9208],[143.646,43.9253],[143.6502,43.9302],[143.6416,43.9328],[143.6378,43.942],[143.6297,43.9366],[143.6164,43.9337],[143.6061,43.9395],[143.6036,43.9479],[143.5878,43.9469],[143.5905,43.9399],[143.5845,43.9228],[143.5838,43.9153],[143.5864,43.9092],[143.5873,43.8964],[143.5835,43.8872],[143.5775,43.8816],[143.5699,43.8792],[143.5656,43.858],[143.5726,43.8454],[143.5596,43.8401],[143.5537,43.8452],[143.5464,43.8396],[143.5366,43.8385],[143.529,43.8352],[143.5257,43.8262],[143.5135,43.8143],[143.5057,43.8143],[143.4882,43.8094],[143.4777,43.8147],[143.4716,43.8119],[143.4526,43.8128],[143.4331,43.799],[143.4173,43.7985],[143.409,43.7958],[143.3989,43.7953],[143.3769,43.7979],[143.3757,43.7909],[143.367,43.7913],[143.3617,43.7884],[143.3642,43.7823],[143.3508,43.7737],[143.3394,43.7713],[143.3369,43.7656],[143.3263,43.7642],[143.3185,43.7697],[143.307,43.7595],[143.2891,43.7635],[143.2789,43.7546],[143.2732,43.7541],[143.2697,43.7468],[143.2506,43.7387],[143.2491,43.7329],[143.2557,43.7222],[143.253,43.71],[143.2363,43.7007],[143.226,43.6968],[143.2091,43.7023],[143.1955,43.7003],[143.1817,43.7068],[143.1718,43.7069],[143.1613,43.7063],[143.1467,43.6906],[143.1463,43.6814],[143.1397,43.6777],[143.1417,43.6684],[143.1612,43.6598],[143.1625,43.6526],[143.1704,43.649],[143.1734,43.6376],[143.1557,43.6288],[143.1481,43.6159],[143.1365,43.6079],[143.1363,43.5997],[143.1425,43.5951],[143.1548,43.5915],[143.159,43.5938],[143.173,43.5949],[143.1745,43.6009],[143.1872,43.6079],[143.1826,43.6148],[143.1881,43.6244],[143.2088,43.6302],[143.2225,43.638],[143.2318,43.6413],[143.2551,43.6402],[143.2576,43.6461],[143.2732,43.6463],[143.2818,43.6516],[143.3005,43.6522],[143.3178,43.6447],[143.3302,43.6439],[143.3381,43.6407],[143.3519,43.6384],[143.3554,43.6431],[143.3679,43.6451],[143.3741,43.648],[143.3777,43.6556],[143.39,43.6554],[143.3937,43.6611],[143.4022,43.6662],[143.4113,43.6673],[143.4208,43.6641],[143.4309,43.6765],[143.4296,43.6878],[143.4366,43.6938],[143.4524,43.6928],[143.4595,43.6993],[143.4748,43.7008],[143.492,43.6988],[143.5081,43.7051],[143.525,43.7059],[143.5221,43.7117],[143.5275,43.7214],[143.5294,43.7371],[143.5347,43.7445],[143.5463,43.741],[143.5868,43.7621],[143.6254,43.7577],[143.6595,43.7759],[143.6652,43.7754],[143.6735,43.7702],[143.6827,43.7699],[143.6911,43.7754],[143.6984,43.7775],[143.7962,43.7838],[143.8034,43.7278],[143.7899,43.6996],[143.7909,43.6926],[143.8026,43.6865],[143.807,43.6814],[143.8068,43.6759],[143.8165,43.6719],[143.8199,43.6826],[143.8346,43.6944],[143.8419,43.6955],[143.8448,43.7027],[143.8531,43.7039],[143.8572,43.7093],[143.8771,43.7072],[143.8904,43.7016],[143.8982,43.7047],[143.9037,43.7146],[143.9017,43.7186],[143.9073,43.7285],[143.9133,43.7337],[143.9115,43.7396],[143.9192,43.7461],[143.9413,43.7558],[143.9446,43.7604],[143.9396,43.7669],[143.9511,43.7758],[143.9601,43.7659],[143.9726,43.7693],[143.9732,43.7826],[143.9826,43.794],[143.9935,43.8033],[143.9889,43.8114],[143.9927,43.8166],[144.0026,43.8184],[144.004,43.8263],[144.0128,43.838],[144.0116,43.8509],[144.0187,43.8532],[144.0283,43.8596],[144.0252,43.8653],[144.057,43.8804],[144.0524,43.8878],[144.0465,43.8939],[144.0628,43.9098],[144.0635,43.9217],[144.0474,43.9201],[144.0406,43.9175],[144.0329,43.9248],[144.034,43.9288],[144.0293,43.9357],[144.0308,43.9433],[144.0207,43.948],[144.0228,43.9637],[144.0296,43.9647],[144.0484,43.9734],[144.0457,43.9834],[144.0534,43.9855],[144.0544,43.9894],[144.0467,44.01],[144.0314,44.0154],[144.0366,44.0242],[144.0429,44.025],[144.0496,44.0394],[144.0476,44.0451],[144.0502,44.0547],[144.0459,44.0613],[144.0582,44.0703],[144.0586,44.0763],[144.0666,44.0802],[144.0652,44.0837],[144.0743,44.0927],[144.0828,44.0983],[144.0878,44.1096],[144.1019,44.1129],[144.1111,44.1098],[144.1207,44.1097],[144.1223,44.1157]]]}},{"type":"Feature","id":"Yubari","properties":{"id":"Yubari","code":1209,"name":"Yubari","name_full":"夕張市","name_ja":"夕張市","name_short_ja":"夕張","center_lonlat":[142.1107,43.0433]},"geometry":{"type":"Polygon","coordinates":[[[142.3129,43.0489],[142.2943,43.051],[142.268,43.0672],[142.2683,43.0711],[142.263,43.0842],[142.2496,43.0927],[142.251,43.0996],[142.2436,43.1057],[142.2451,43.1175],[142.2534,43.1218],[142.2548,43.1321],[142.2627,43.1358],[142.2534,43.1512],[142.2556,43.1601],[142.263,43.1668],[142.2695,43.1795],[142.2705,43.1885],[142.284,43.1977],[142.2816,43.202],[142.2838,43.2133],[142.2787,43.2253],[142.2565,43.2214],[142.2475,43.2228],[142.2429,43.2125],[142.23,43.211],[142.2248,43.2082],[142.2162,43.2115],[142.2055,43.2083],[142.1882,43.2067],[142.1823,43.2135],[142.1643,43.2205],[142.161,43.2237],[142.1555,43.2165],[142.152,43.2046],[142.1565,43.1967],[142.1517,43.1939],[142.129,43.1904],[142.117,43.1739],[142.1086,43.1721],[142.0971,43.1651],[142.0862,43.1678],[142.0727,43.1646],[142.0702,43.161],[142.0589,43.1547],[142.0601,43.1479],[142.0499,43.1433],[142.0413,43.1435],[142.0362,43.144],[142.0302,43.1381],[142.0372,43.1168],[142.0439,43.1085],[142.0358,43.1002],[142.0281,43.097],[142.0176,43.0976],[142.0,43.1061],[141.9966,43.0984],[141.9845,43.0944],[141.9767,43.1023],[141.9549,43.1018],[141.948,43.0996],[141.9376,43.1017],[141.9386,43.0979],[141.9261,43.0986],[141.9159,43.0944],[141.9128,43.0904],[141.9178,43.0757],[141.9133,43.0702],[141.9147,43.0558],[141.9121,43.0475],[141.9054,43.043],[141.9063,43.0352],[141.9126,43.0293],[141.9135,43.0211],[141.9077,43.0144],[141.9099,43.0083],[141.9192,42.9939],[141.9406,42.997],[141.9505,42.9917],[141.9512,42.9777],[141.9463,42.9709],[141.9523,42.9667],[141.9528,42.9537],[141.9556,42.9496],[141.9694,42.9455],[141.9719,42.935],[141.9715,42.9205],[141.9626,42.9134],[141.9779,42.9062],[141.9898,42.9037],[141.9953,42.8893],[142.0014,42.8802],[142.0095,42.8631],[142.0288,42.8668],[142.0367,42.8621],[142.0436,42.8624],[142.0534,42.8598],[142.064,42.8695],[142.0708,42.8731],[142.0806,42.8687],[142.0812,42.8711],[142.0955,42.8841],[142.1001,42.8855],[142.1071,42.8939],[142.1068,42.901],[142.1122,42.9039],[142.1105,42.9148],[142.1378,42.9272],[142.1454,42.928],[142.1443,42.9488],[142.1557,42.9545],[142.1622,42.9506],[142.1773,42.9593],[142.1834,42.9577],[142.1865,42.9514],[142.2049,42.9534],[142.2111,42.9601],[142.2237,42.9629],[142.2231,42.9681],[142.2386,42.9742],[142.2469,42.9687],[142.2553,42.9666],[142.2625,42.9823],[142.272,42.9871],[142.2798,42.9811],[142.2854,42.9884],[142.2912,43.0025],[142.2897,43.0091],[142.2958,43.0152],[142.3022,43.0167],[142.3232,43.0256],[142.3302,43.0317],[142.3205,43.0467],[142.3129,43.0489]]]}},{"type":"Feature","id":"Iwamizawa","properties":{"id":"Iwamizawa","code":1210,"name":"Iwamizawa","name_full":"岩見沢市","name_ja":"岩見沢市","name_short_ja":"岩見沢","center_lonlat":[141.7973,43.1809]},"geometry":{"type":"Polygon","coordinates":[[[142.0413,43.1435],[142.0393,43.1504],[142.026,43.1731],[142.0068,43.172],[141.9931,43.1789],[141.9872,43.1851],[141.9717,43.1869],[141.9576,43.1943],[141.9417,43.1919],[141.9372,43.1996],[141.9306,43.2034],[141.918,43.2071],[141.9085,43.207],[141.9069,43.2012],[141.8978,43.1939],[141.8891,43.1946],[141.8705,43.2026],[141.8404,43.2007],[141.8242,43.2058],[141.8253,43.2103],[141.8229,43.2273],[141.8174,43.2311],[141.81,43.2281],[141.8007,43.2303],[141.8047,43.2531],[141.8076,43.2561],[141.8084,43.2586],[141.796,43.2708],[141.7913,43.2786],[141.7526,43.3093],[141.6944,43.3315],[141.6768,43.3377],[141.6776,43.3329],[141.6884,43.3242],[141.6663,43.3087],[141.6715,43.3007],[141.6751,43.2873],[141.6676,43.2877],[141.6571,43.2924],[141.6543,43.2861],[141.6575,43.2784],[141.6561,43.2739],[141.6461,43.2713],[141.6489,43.267],[141.6648,43.2567],[141.6591,43.2506],[141.6595,43.245],[141.673,43.2285],[141.666,43.2235],[141.6546,43.2212],[141.6595,43.2134],[141.6498,43.2095],[141.6465,43.205],[141.6492,43.2004],[141.6465,43.1952],[141.6496,43.1906],[141.6429,43.1878],[141.6336,43.1902],[141.6213,43.1795],[141.6111,43.1665],[141.623,43.1612],[141.6366,43.1556],[141.6406,43.1457],[141.6495,43.1411],[141.6688,43.1207],[141.7044,43.0831],[141.7139,43.0817],[141.737,43.0813],[141.7423,43.0754],[141.7485,43.0797],[141.7552,43.0757],[141.7825,43.0869],[141.7911,43.0937],[141.8128,43.1027],[141.8218,43.1029],[141.8315,43.1118],[141.8515,43.124],[141.8669,43.1302],[141.8854,43.1293],[141.8851,43.1238],[141.9042,43.1111],[141.9142,43.1145],[141.9208,43.106],[141.9282,43.1056],[141.9376,43.1017],[141.948,43.0996],[141.9549,43.1018],[141.9767,43.1023],[141.9845,43.0944],[141.9966,43.0984],[142.0,43.1061],[142.0176,43.0976],[142.0281,43.097],[142.0358,43.1002],[142.0439,43.1085],[142.0372,43.1168],[142.0302,43.1381],[142.0362,43.144],[142.0413,43.1435]]]}},{"type":"Feature","id":"Abashiri","properties":{"id":"Abashiri","code":1211,"name":"Abashiri","name_full":"網走市","name_ja":"網走市","name_short_ja":"網走","center_lonlat":[144.2103,43.9859]},"geometry":{"type":"Polygon","coordinates":[[[144.0635,43.9217],[144.0751,43.9355],[144.082,43.9393],[144.1034,43.939],[144.126,43.9329],[144.1266,43.9372],[144.1731,43.968],[144.2,43.9599],[144.2052,43.9535],[144.2083,43.943],[144.2132,43.9375],[144.2234,43.9341],[144.2229,43.93],[144.2304,43.9243],[144.2375,43.9131],[144.239,43.9032],[144.2442,43.9015],[144.2559,43.8832],[144.2626,43.8691],[144.2873,43.8746],[144.2919,43.8704],[144.3048,43.8734],[144.2999,43.884],[144.2962,43.8852],[144.3013,43.8941],[144.3778,43.8712],[144.3748,43.8611],[144.3823,43.8444],[144.3667,43.8407],[144.3645,43.8304],[144.3661,43.8216],[144.3836,43.791],[144.3803,43.7853],[144.388,43.7829],[144.3882,43.7945],[144.3916,43.8006],[144.3885,43.8099],[144.3824,43.8184],[144.3899,43.8374],[144.394,43.8405],[144.392,43.8527],[144.41,43.856],[144.4075,43.8661],[144.4194,43.8756],[144.4229,43.8864],[144.4272,43.8906],[144.4272,43.9041],[144.4333,43.9193],[144.4252,43.9319],[144.3919,43.937],[144.3605,43.9505],[144.3631,43.9558],[144.3447,43.9617],[144.3243,43.9695],[144.3002,43.9815],[144.2961,43.9886],[144.2977,43.9928],[144.2868,44.004],[144.2889,44.018],[144.2713,44.0247],[144.261,44.0321],[144.2549,44.0393],[144.2566,44.0473],[144.2607,44.0498],[144.2614,44.0571],[144.2521,44.0611],[144.2554,44.0692],[144.2525,44.073],[144.2572,44.0851],[144.2544,44.099],[144.2501,44.1094],[144.2433,44.1135],[144.2364,44.1068],[144.2178,44.1021],[144.2047,44.102],[144.1921,44.1045],[144.1785,44.1053],[144.1547,44.1092],[144.1223,44.1157],[144.1207,44.1097],[144.1111,44.1098],[144.1019,44.1129],[144.0878,44.1096],[144.0828,44.0983],[144.0743,44.0927],[144.0652,44.0837],[144.0666,44.0802],[144.0586,44.0763],[144.0582,44.0703],[144.0459,44.0613],[144.0502,44.0547],[144.0476,44.0451],[144.0496,44.0394],[144.0429,44.025],[144.0366,44.0242],[144.0314,44.0154],[144.0467,44.01],[144.0544,43.9894],[144.0534,43.9855],[144.0457,43.9834],[144.0484,43.9734],[144.0296,43.9647],[144.0228,43.9637],[144.0207,43.948],[144.0308,43.9433],[144.0293,43.9357],[144.034,43.9288],[144.0329,43.9248],[144.0406,43.9175],[144.0474,43.9201],[144.0635,43.9217]]]}},{"type":"Feature","id":"Rumoi","properties":{"id":"Rumoi","code":1212,"name":"Rumoi","name_full":"留萌市","name_ja":"留萌市","name_short_ja":"留萌","center_lonlat":[141.7556,43.8856]},"geometry":{"type":"Polygon","coordinates":[[[141.8851,43.9433],[141.8753,43.9536],[141.8661,43.9573],[141.8595,43.9647],[141.8416,43.9671],[141.8345,43.9602],[141.8211,43.9632],[141.8089,43.9585],[141.7978,43.9584],[141.7953,43.9513],[141.7824,43.9368],[141.7716,43.9313],[141.7613,43.9329],[141.743,43.9309],[141.7368,43.9349],[141.7343,43.941],[141.7214,43.9436],[141.7195,43.9507],[141.7103,43.9536],[141.7044,43.9582],[141.694,43.9579],[141.6894,43.9638],[141.6789,43.9649],[141.6705,43.972],[141.6678,43.9776],[141.6542,43.9854],[141.651,43.9939],[141.6459,43.9812],[141.6463,43.976],[141.6359,43.9745],[141.6381,43.9701],[141.6455,43.9711],[141.6414,43.9612],[141.6424,43.9558],[141.6384,43.9507],[141.6321,43.9517],[141.6294,43.9447],[141.6334,43.9429],[141.6268,43.921],[141.621,43.9184],[141.6079,43.9031],[141.6247,43.8992],[141.6358,43.8901],[141.6396,43.8902],[141.6473,43.8814],[141.6624,43.8742],[141.6643,43.8645],[141.6618,43.8547],[141.6694,43.8527],[141.6755,43.8416],[141.6864,43.8332],[141.6866,43.8284],[141.6953,43.8248],[141.6931,43.816],[141.6985,43.8059],[141.6989,43.7962],[141.7109,43.7924],[141.7195,43.7955],[141.728,43.7934],[141.7415,43.7856],[141.7484,43.7719],[141.754,43.7677],[141.7612,43.7581],[141.7674,43.7563],[141.7745,43.7701],[141.7756,43.7764],[141.7709,43.7846],[141.7869,43.7905],[141.8044,43.8013],[141.804,43.812],[141.8066,43.8157],[141.7973,43.8267],[141.8137,43.8345],[141.8229,43.8307],[141.8306,43.8323],[141.8299,43.8426],[141.8455,43.8448],[141.8516,43.8479],[141.8584,43.8466],[141.8606,43.8558],[141.8584,43.8588],[141.8661,43.8695],[141.8665,43.8793],[141.878,43.8894],[141.8961,43.8943],[141.9002,43.9014],[141.8909,43.9143],[141.885,43.917],[141.8816,43.9261],[141.8894,43.9355],[141.8851,43.9433]]]}},{"type":"Feature","id":"Tomakomai","properties":{"id":"Tomakomai","code":1213,"name":"Tomakomai","name_full":"苫小牧市","name_ja":"苫小牧市","name_short_ja":"苫小牧","center_lonlat":[141.5799,42.6822]},"geometry":{"type":"Polygon","coordinates":[[[141.8258,42.6991],[141.7954,42.6968],[141.7765,42.7109],[141.7554,42.7252],[141.7488,42.7286],[141.7366,42.7459],[141.7446,42.7544],[141.7419,42.7687],[141.7475,42.7799],[141.7426,42.7877],[141.7223,42.7801],[141.7162,42.7743],[141.7065,42.7704],[141.6916,42.7712],[141.6689,42.7754],[141.6532,42.7749],[141.6489,42.7766],[141.6297,42.7752],[141.6213,42.7723],[141.6046,42.7722],[141.5926,42.7593],[141.5723,42.7438],[141.5614,42.7431],[141.5429,42.7508],[141.5285,42.7468],[141.5108,42.7495],[141.5038,42.7476],[141.4876,42.7493],[141.461,42.7552],[141.4513,42.7633],[141.4385,42.7601],[141.4192,42.7631],[141.4104,42.7629],[141.4127,42.7433],[141.411,42.7338],[141.4124,42.7217],[141.4032,42.7165],[141.3868,42.6921],[141.383,42.6945],[141.373,42.6919],[141.3719,42.6856],[141.3603,42.6816],[141.3463,42.6793],[141.342,42.6713],[141.3424,42.6624],[141.3393,42.6489],[141.3461,42.6403],[141.3451,42.6327],[141.3641,42.6187],[141.3773,42.614],[141.3783,42.6106],[141.3917,42.6051],[141.4009,42.5904],[141.4203,42.5826],[141.4183,42.5749],[141.4618,42.5925],[141.5001,42.6047],[141.5292,42.6128],[141.5832,42.6238],[141.6109,42.6272],[141.6116,42.6204],[141.6176,42.6207],[141.6168,42.6281],[141.6242,42.6304],[141.621,42.6413],[141.6298,42.6367],[141.6424,42.6396],[141.6954,42.6574],[141.6984,42.6525],[141.6868,42.6509],[141.6484,42.6379],[141.6311,42.6281],[141.6595,42.6305],[141.672,42.6304],[141.6738,42.6279],[141.6909,42.6287],[141.7165,42.6274],[141.7366,42.6236],[141.7595,42.6208],[141.7837,42.6131],[141.7812,42.6069],[141.7989,42.6022],[141.8038,42.6145],[141.8149,42.6251],[141.8167,42.6595],[141.8155,42.6669],[141.8228,42.6681],[141.8294,42.6739],[141.8298,42.6875],[141.8258,42.6991]]]}},{"type":"Feature","id":"Wakkanai","properties":{"id":"Wakkanai","code":1214,"name":"Wakkanai","name_full":"稚内市","name_ja":"稚内市","name_short_ja":"稚内","center_lonlat":[141.8284,45.3327]},"geometry":{"type":"Polygon","coordinates":[[[142.0502,45.4023],[142.042,45.4089],[142.0335,45.4199],[142.0351,45.4296],[142.0243,45.4368],[142.0234,45.4474],[142.0188,45.4536],[142.008,45.4563],[142.0036,45.4602],[141.9928,45.4627],[141.9698,45.4826],[141.9671,45.4976],[141.9614,45.5105],[141.9543,45.5163],[141.9425,45.5186],[141.9365,45.523],[141.9282,45.5178],[141.9126,45.5175],[141.903,45.5145],[141.8935,45.5089],[141.8924,45.5022],[141.8791,45.4946],[141.8797,45.4824],[141.8747,45.4771],[141.8736,45.4697],[141.8783,45.4609],[141.8722,45.4503],[141.8635,45.4395],[141.8544,45.432],[141.8384,45.4221],[141.8201,45.4142],[141.7956,45.4065],[141.7708,45.4039],[141.7591,45.4057],[141.7458,45.4133],[141.7452,45.4052],[141.7403,45.401],[141.7161,45.3963],[141.7065,45.3967],[141.7027,45.4053],[141.6943,45.4051],[141.6771,45.4106],[141.6819,45.4197],[141.6758,45.4211],[141.6699,45.4311],[141.6477,45.449],[141.6401,45.4387],[141.6342,45.4206],[141.6343,45.4056],[141.638,45.3913],[141.6453,45.3815],[141.6569,45.37],[141.657,45.3593],[141.6519,45.345],[141.6439,45.334],[141.6226,45.3137],[141.6155,45.3107],[141.6199,45.2952],[141.6147,45.2812],[141.609,45.2722],[141.574,45.2387],[141.5705,45.2295],[141.5718,45.2231],[141.5684,45.2051],[141.569,45.1982],[141.5782,45.1761],[141.5819,45.1777],[141.5927,45.1725],[141.6001,45.1754],[141.5986,45.1899],[141.593,45.1943],[141.5965,45.201],[141.6167,45.2053],[141.6251,45.2104],[141.6329,45.2099],[141.6434,45.219],[141.6558,45.223],[141.6575,45.2344],[141.6694,45.2387],[141.6813,45.2404],[141.691,45.238],[141.696,45.2405],[141.713,45.2313],[141.718,45.235],[141.7312,45.2389],[141.7299,45.2469],[141.7379,45.2553],[141.7345,45.2651],[141.747,45.2669],[141.7503,45.27],[141.7632,45.274],[141.7674,45.27],[141.7672,45.259],[141.7798,45.2437],[141.7838,45.2351],[141.7699,45.2281],[141.7988,45.1999],[141.822,45.2116],[141.8215,45.2059],[141.8366,45.2007],[141.8228,45.1937],[141.8324,45.1878],[141.8465,45.1934],[141.8553,45.1933],[141.8633,45.1896],[141.863,45.1763],[141.902,45.1768],[141.9017,45.1907],[141.9138,45.2032],[141.9244,45.2097],[141.9441,45.2261],[141.9645,45.225],[141.979,45.2321],[141.9912,45.2311],[141.9967,45.2358],[141.9967,45.2414],[142.0058,45.2502],[141.9933,45.2577],[141.9889,45.2664],[141.9949,45.2735],[141.991,45.2784],[141.9911,45.2862],[141.981,45.2872],[141.9676,45.2935],[141.9608,45.2936],[141.9668,45.3045],[141.9737,45.309],[141.9751,45.3185],[141.9689,45.3281],[141.9596,45.3361],[141.9621,45.3442],[141.9768,45.3541],[141.9826,45.3534],[142.0007,45.3606],[142.0172,45.3619],[142.0251,45.365],[142.0281,45.3738],[142.0439,45.3764],[142.049,45.3859],[142.0502,45.4023]]]}},{"type":"Feature","id":"Bibai","properties":{"id":"Bibai","code":1215,"name":"Bibai","name_full":"美唄市","name_ja":"美唄市","name_short_ja":"美唄","center_lonlat":[141.8818,43.3381]},"geometry":{"type":"Polygon","coordinates":[[[141.8076,43.2561],[141.8211,43.2484],[141.8258,43.2485],[141.8368,43.2585],[141.8603,43.2593],[141.8765,43.269],[141.877,43.2749],[141.8876,43.2783],[141.89,43.2847],[141.9083,43.2923],[141.9187,43.2932],[141.9285,43.2887],[141.9408,43.2876],[141.9537,43.298],[141.9589,43.2979],[141.9777,43.3055],[141.9912,43.3066],[141.9957,43.3135],[142.0007,43.3139],[142.0071,43.3254],[142.0102,43.3267],[142.0095,43.338],[142.0181,43.3471],[142.0188,43.3553],[142.0242,43.3588],[142.0352,43.3567],[142.0518,43.3509],[142.0613,43.3568],[142.0552,43.363],[142.0622,43.3702],[142.0608,43.3767],[142.0526,43.3793],[142.0502,43.4014],[142.0446,43.4112],[142.0347,43.4135],[142.0323,43.4186],[142.0198,43.4181],[142.0084,43.4051],[142.001,43.4013],[141.9962,43.3949],[141.9828,43.3916],[141.9787,43.383],[141.967,43.372],[141.9548,43.3773],[141.9433,43.3792],[141.9333,43.3766],[141.9279,43.3839],[141.9144,43.3932],[141.9048,43.392],[141.8586,43.4005],[141.8571,43.3952],[141.823,43.4006],[141.8206,43.3888],[141.8113,43.3856],[141.7987,43.3787],[141.7799,43.3779],[141.7707,43.3731],[141.7664,43.3603],[141.763,43.3565],[141.7589,43.3506],[141.7497,43.3551],[141.7283,43.3509],[141.7142,43.3504],[141.7023,43.3456],[141.6944,43.3315],[141.7526,43.3093],[141.7913,43.2786],[141.796,43.2708],[141.8084,43.2586],[141.8076,43.2561]]]}},{"type":"Feature","id":"Ashibetsu","properties":{"id":"Ashibetsu","code":1216,"name":"Ashibetsu","name_full":"芦別市","name_ja":"芦別市","name_short_ja":"芦別","center_lonlat":[142.2016,43.4254]},"geometry":{"type":"Polygon","coordinates":[[[142.2385,43.6523],[142.2362,43.641],[142.2243,43.6398],[142.2126,43.6329],[142.2039,43.6337],[142.1941,43.6415],[142.1902,43.6371],[142.1732,43.6386],[142.1651,43.6362],[142.1504,43.6368],[142.1315,43.6412],[142.1137,43.636],[142.1091,43.6266],[142.1149,43.6151],[142.1208,43.6099],[142.1188,43.5999],[142.1198,43.5759],[142.1229,43.5654],[142.1099,43.5536],[142.1021,43.5519],[142.1015,43.5463],[142.094,43.543],[142.098,43.5364],[142.1055,43.5425],[142.1138,43.5452],[142.1293,43.5451],[142.1407,43.5433],[142.1489,43.5349],[142.1422,43.5283],[142.1438,43.5226],[142.1333,43.5146],[142.1175,43.5075],[142.1126,43.5037],[142.1092,43.4958],[142.1096,43.4888],[142.0982,43.4819],[142.0913,43.4888],[142.0801,43.4895],[142.0668,43.476],[142.0649,43.4661],[142.0665,43.4524],[142.0724,43.4365],[142.06,43.4299],[142.0593,43.4248],[142.0532,43.4226],[142.0512,43.4149],[142.0538,43.4056],[142.0502,43.4014],[142.0526,43.3793],[142.0608,43.3767],[142.0622,43.3702],[142.0552,43.363],[142.0613,43.3568],[142.0518,43.3509],[142.0495,43.3482],[142.0639,43.3358],[142.0596,43.3267],[142.0505,43.3197],[142.0463,43.3082],[142.0536,43.3036],[142.0628,43.2924],[142.0792,43.2872],[142.077,43.2741],[142.0891,43.2694],[142.0891,43.2598],[142.0942,43.2575],[142.0956,43.2498],[142.1007,43.2455],[142.1139,43.2223],[142.1243,43.2197],[142.1398,43.2231],[142.145,43.2283],[142.1539,43.2285],[142.161,43.2237],[142.1643,43.2205],[142.1823,43.2135],[142.1882,43.2067],[142.2055,43.2083],[142.2162,43.2115],[142.2248,43.2082],[142.23,43.211],[142.2429,43.2125],[142.2475,43.2228],[142.2565,43.2214],[142.2787,43.2253],[142.2764,43.2335],[142.2801,43.2352],[142.2783,43.2531],[142.2888,43.2795],[142.286,43.2889],[142.2726,43.2977],[142.2717,43.3026],[142.2784,43.3103],[142.2811,43.3222],[142.2969,43.3302],[142.2953,43.3372],[142.2899,43.3433],[142.2927,43.351],[142.3052,43.3598],[142.3129,43.3604],[142.331,43.3709],[142.3507,43.3781],[142.342,43.385],[142.3413,43.3924],[142.3476,43.4005],[142.3514,43.4017],[142.3575,43.4196],[142.3668,43.4242],[142.3681,43.4358],[142.3617,43.4408],[142.3606,43.4579],[142.357,43.4662],[142.3554,43.4742],[142.3681,43.4864],[142.3644,43.4947],[142.3526,43.4997],[142.3455,43.5065],[142.337,43.5061],[142.3317,43.5213],[142.3249,43.5251],[142.3261,43.5297],[142.3205,43.5333],[142.3218,43.5443],[142.3012,43.552],[142.2989,43.5639],[142.2877,43.5744],[142.2892,43.5788],[142.2853,43.5856],[142.2864,43.5943],[142.2832,43.6048],[142.2912,43.6121],[142.2882,43.6205],[142.293,43.6321],[142.2859,43.6435],[142.2771,43.6471],[142.279,43.6521],[142.2673,43.6604],[142.2571,43.6607],[142.2425,43.6522],[142.2385,43.6523]]]}},{"type":"Feature","id":"Ebetsu","properties":{"id":"Ebetsu","code":1217,"name":"Ebetsu","name_full":"江別市","name_ja":"江別市","name_short_ja":"江別","center_lonlat":[141.5439,43.1075]},"geometry":{"type":"Polygon","coordinates":[[[141.4573,43.0934],[141.4591,43.0994],[141.465,43.1001],[141.4735,43.0961],[141.4756,43.0881],[141.4707,43.0819],[141.4738,43.0737],[141.4715,43.0695],[141.4835,43.0604],[141.4907,43.057],[141.4974,43.0578],[141.5012,43.051],[141.5054,43.0209],[141.5241,43.0161],[141.5295,43.0187],[141.5395,43.0187],[141.5488,43.0221],[141.5687,43.0248],[141.5643,43.0355],[141.574,43.0435],[141.5748,43.05],[141.5893,43.0553],[141.5879,43.0694],[141.5908,43.0748],[141.5833,43.077],[141.6688,43.1207],[141.6495,43.1411],[141.6406,43.1457],[141.6366,43.1556],[141.623,43.1612],[141.5787,43.1576],[141.5763,43.1727],[141.4494,43.1626],[141.4469,43.1559],[141.455,43.1347],[141.4537,43.12],[141.4444,43.101],[141.4573,43.0934]]]}},{"type":"Feature","id":"Akabira","properties":{"id":"Akabira","code":1218,"name":"Akabira","name_full":"赤平市","name_ja":"赤平市","name_short_ja":"赤平","center_lonlat":[142.0627,43.5678]},"geometry":{"type":"Polygon","coordinates":[[[142.1137,43.636],[142.1065,43.6406],[142.1034,43.6462],[142.0946,43.6447],[142.0907,43.6479],[142.0841,43.6422],[142.0801,43.6295],[142.0675,43.6283],[142.0619,43.6248],[142.0597,43.6167],[142.0546,43.6175],[142.0476,43.6246],[142.0437,43.6244],[142.0267,43.6166],[142.0172,43.6145],[141.9942,43.5981],[141.9952,43.5832],[141.9867,43.5759],[141.9839,43.565],[141.9781,43.5584],[141.9746,43.541],[141.9756,43.5337],[141.9944,43.5213],[142.0,43.5232],[142.0057,43.519],[142.0107,43.5244],[142.029,43.5313],[142.0489,43.5349],[142.0549,43.5301],[142.0743,43.5236],[142.0871,43.5244],[142.0823,43.5105],[142.0867,43.5081],[142.0911,43.4989],[142.0913,43.4888],[142.0982,43.4819],[142.1096,43.4888],[142.1092,43.4958],[142.1126,43.5037],[142.1175,43.5075],[142.1333,43.5146],[142.1438,43.5226],[142.1422,43.5283],[142.1489,43.5349],[142.1407,43.5433],[142.1293,43.5451],[142.1138,43.5452],[142.1055,43.5425],[142.098,43.5364],[142.094,43.543],[142.1015,43.5463],[142.1021,43.5519],[142.1099,43.5536],[142.1229,43.5654],[142.1198,43.5759],[142.1188,43.5999],[142.1208,43.6099],[142.1149,43.6151],[142.1091,43.6266],[142.1137,43.636]]]}},{"type":"Feature","id":"Monbetsu","properties":{"id":"Monbetsu","code":1219,"name":"Monbetsu","name_full":"紋別市","name_ja":"紋別市","name_short_ja":"紋別","center_lonlat":[143.2925,44.2031]},"geometry":{"type":"Polygon","coordinates":[[[143.559,44.2525],[143.5159,44.2677],[143.4657,44.2868],[143.4115,44.3095],[143.3825,44.3251],[143.3741,44.3311],[143.3715,44.3395],[143.3651,44.3375],[143.3601,44.3455],[143.3567,44.3597],[143.3489,44.3704],[143.3404,44.372],[143.3092,44.3854],[143.2761,44.4008],[143.2724,44.3928],[143.2751,44.3837],[143.2594,44.3739],[143.2554,44.368],[143.2472,44.3652],[143.2437,44.3514],[143.2265,44.3499],[143.2184,44.3469],[143.2085,44.3484],[143.2046,44.334],[143.1914,44.3272],[143.1861,44.333],[143.1762,44.3338],[143.1563,44.3305],[143.1556,44.3239],[143.1452,44.3215],[143.1394,44.3148],[143.1265,44.3128],[143.1206,44.314],[143.1138,44.2914],[143.0953,44.2869],[143.1035,44.276],[143.1066,44.2666],[143.1117,44.2669],[143.1215,44.2597],[143.1277,44.26],[143.1394,44.2477],[143.1583,44.2337],[143.1747,44.2315],[143.194,44.2222],[143.1941,44.2153],[143.1979,44.203],[143.1954,44.1983],[143.1746,44.186],[143.1671,44.1739],[143.1673,44.1656],[143.1576,44.1541],[143.157,44.1481],[143.1416,44.1455],[143.1333,44.1339],[143.1378,44.1221],[143.1486,44.1049],[143.1516,44.1037],[143.1522,44.0909],[143.1499,44.0857],[143.1437,44.0836],[143.1338,44.0736],[143.1382,44.0686],[143.1236,44.0584],[143.1292,44.0552],[143.1338,44.0397],[143.1266,44.0329],[143.1336,44.0285],[143.1347,44.0211],[143.1258,44.0093],[143.1256,44.0033],[143.1288,44.0006],[143.1422,44.0006],[143.1509,43.9951],[143.1644,43.9921],[143.1734,44.0005],[143.1725,44.0037],[143.1778,44.0134],[143.1943,44.0168],[143.2098,44.0165],[143.2213,44.0234],[143.2237,44.0317],[143.2364,44.0318],[143.2557,44.0414],[143.2659,44.036],[143.2846,44.0344],[143.2899,44.0281],[143.3028,44.0311],[143.2993,44.0366],[143.3109,44.0451],[143.3153,44.0516],[143.3261,44.0514],[143.3347,44.0601],[143.3364,44.0676],[143.346,44.073],[143.3573,44.0844],[143.3702,44.0942],[143.3707,44.1016],[143.3779,44.1095],[143.3914,44.1122],[143.4108,44.102],[143.4167,44.1053],[143.4146,44.129],[143.4105,44.1389],[143.4162,44.1482],[143.422,44.1504],[143.4329,44.1657],[143.4452,44.1736],[143.4518,44.1738],[143.4694,44.1835],[143.4872,44.2025],[143.4886,44.2056],[143.5051,44.2182],[143.5105,44.2266],[143.5161,44.2279],[143.5262,44.2369],[143.5416,44.2423],[143.5446,44.2414],[143.559,44.2525]]]}},{"type":"Feature","id":"Shibetsu","properties":{"id":"Shibetsu","code":1220,"name":"Shibetsu","name_full":"士別市","name_ja":"士別市","name_short_ja":"士別","center_lonlat":[142.5402,44.1153]},"geometry":{"type":"Polygon","coordinates":[[[142.3107,44.2732],[142.3119,44.2669],[142.295,44.2622],[142.2908,44.2664],[142.2924,44.2714],[142.281,44.2763],[142.2803,44.2814],[142.2733,44.2836],[142.2672,44.2805],[142.2569,44.286],[142.2492,44.286],[142.2401,44.2954],[142.2318,44.2972],[142.2137,44.2953],[142.2124,44.2838],[142.2074,44.2779],[142.1951,44.2856],[142.1922,44.2794],[142.183,44.2723],[142.1745,44.261],[142.1733,44.2542],[142.1852,44.2479],[142.1944,44.2545],[142.2007,44.2562],[142.2113,44.2495],[142.2133,44.2409],[142.2067,44.24],[142.2042,44.227],[142.2052,44.2227],[142.199,44.2077],[142.1849,44.2009],[142.1833,44.1975],[142.1721,44.1929],[142.1774,44.1865],[142.1858,44.1852],[142.188,44.1764],[142.186,44.1689],[142.1893,44.1667],[142.1793,44.1576],[142.1852,44.1524],[142.1881,44.1388],[142.204,44.1231],[142.1956,44.109],[142.181,44.0951],[142.1784,44.0886],[142.1821,44.0813],[142.1804,44.0712],[142.1742,44.0619],[142.1769,44.0493],[142.2064,44.0325],[142.21,44.0352],[142.2362,44.0205],[142.2493,44.0269],[142.259,44.0363],[142.2747,44.0403],[142.2816,44.0435],[142.2808,44.0531],[142.276,44.0563],[142.2747,44.0643],[142.2681,44.075],[142.2692,44.0848],[142.2808,44.0893],[142.28,44.1072],[142.274,44.1176],[142.2781,44.1249],[142.2777,44.133],[142.2848,44.1441],[142.2854,44.1589],[142.2926,44.1625],[142.3016,44.1763],[142.3111,44.1771],[142.3103,44.1864],[142.3214,44.1803],[142.3216,44.1693],[142.3246,44.1659],[142.3338,44.1645],[142.3421,44.1602],[142.346,44.1475],[142.3538,44.1398],[142.3696,44.1407],[142.3879,44.1437],[142.3933,44.1461],[142.4114,44.1476],[142.4127,44.1373],[142.4084,44.1241],[142.4243,44.1169],[142.4311,44.1154],[142.4408,44.1181],[142.4476,44.1133],[142.4572,44.1091],[142.4629,44.1023],[142.4584,44.0949],[142.4667,44.0857],[142.465,44.0819],[142.4756,44.0734],[142.4819,44.0569],[142.4825,44.0408],[142.4787,44.0361],[142.4806,44.0274],[142.4771,44.0196],[142.4803,44.0127],[142.4787,44.0028],[142.4735,43.9933],[142.4815,43.9873],[142.4829,43.9818],[142.4916,43.9759],[142.4975,43.9812],[142.514,43.9863],[142.5202,43.9933],[142.5342,43.9933],[142.5435,44.0007],[142.5478,44.0074],[142.5631,44.0077],[142.5756,44.013],[142.5885,44.0158],[142.587,44.0219],[142.6001,44.0249],[142.611,44.0293],[142.6207,44.0244],[142.6282,44.0181],[142.6373,44.0168],[142.6442,44.0103],[142.6595,44.016],[142.6816,44.0198],[142.6879,44.0182],[142.6884,44.013],[142.7075,44.0003],[142.7218,43.9938],[142.7267,43.9785],[142.7342,43.9759],[142.7387,43.9607],[142.7469,43.9494],[142.755,43.9469],[142.7563,43.9419],[142.767,43.9387],[142.7743,43.93],[142.7834,43.925],[142.7959,43.9223],[142.7983,43.9162],[142.8161,43.915],[142.8303,43.9219],[142.8304,43.93],[142.8406,43.9351],[142.8423,43.9407],[142.8506,43.9446],[142.8625,43.9425],[142.8691,43.9506],[142.8819,43.9531],[142.8909,43.971],[142.8889,43.9766],[142.8997,43.9818],[142.9026,43.9897],[142.8943,44.0035],[142.8982,44.0099],[142.8896,44.0208],[142.8741,44.0197],[142.8766,44.0326],[142.8665,44.0403],[142.8734,44.0473],[142.879,44.049],[142.8743,44.0595],[142.8643,44.0637],[142.8606,44.0701],[142.8681,44.0777],[142.8705,44.0849],[142.8569,44.0904],[142.8563,44.1043],[142.8605,44.1075],[142.8526,44.1173],[142.8513,44.1226],[142.8417,44.1277],[142.8398,44.1357],[142.8431,44.1457],[142.8383,44.1503],[142.8383,44.1568],[142.8215,44.154],[142.8115,44.1447],[142.8022,44.1418],[142.7902,44.1485],[142.7882,44.1521],[142.7927,44.1577],[142.7855,44.1604],[142.7783,44.1707],[142.7692,44.1789],[142.7562,44.1813],[142.7414,44.1922],[142.7267,44.1885],[142.7173,44.1881],[142.7113,44.1818],[142.7012,44.1783],[142.6992,44.17],[142.6936,44.1721],[142.6902,44.1858],[142.6861,44.1876],[142.6774,44.1831],[142.6627,44.1823],[142.658,44.1762],[142.6593,44.1724],[142.6427,44.1689],[142.6335,44.1656],[142.6171,44.1725],[142.6091,44.176],[142.5869,44.1737],[142.5627,44.1793],[142.5588,44.1873],[142.5357,44.1931],[142.5265,44.1887],[142.5168,44.1885],[142.512,44.2005],[142.511,44.2086],[142.502,44.2142],[142.4961,44.2211],[142.4892,44.2225],[142.4841,44.2314],[142.4826,44.2413],[142.4731,44.2474],[142.472,44.2559],[142.4413,44.2561],[142.4348,44.2618],[142.4345,44.2735],[142.3107,44.2732]]]}},{"type":"Feature","id":"Nayoro","properties":{"id":"Nayoro","code":1221,"name":"Nayoro","name_full":"名寄市","name_ja":"名寄市","name_short_ja":"名寄","center_lonlat":[142.4593,44.3394]},"geometry":{"type":"Polygon","coordinates":[[[142.6171,44.1725],[142.6219,44.1791],[142.6283,44.1792],[142.628,44.1916],[142.6395,44.1969],[142.6404,44.1997],[142.6255,44.2069],[142.6284,44.2155],[142.6153,44.2287],[142.6095,44.2372],[142.6085,44.246],[142.5996,44.2473],[142.6029,44.2593],[142.5988,44.2646],[142.5915,44.267],[142.5889,44.2755],[142.5932,44.2816],[142.5896,44.2861],[142.5718,44.2891],[142.5573,44.2884],[142.55,44.2906],[142.5381,44.2885],[142.5307,44.2911],[142.5514,44.3222],[142.5694,44.3268],[142.5741,44.3328],[142.5785,44.3556],[142.5828,44.3597],[142.5718,44.3677],[142.5676,44.3839],[142.5626,44.3969],[142.5658,44.3994],[142.559,44.4099],[142.566,44.4203],[142.5807,44.4326],[142.5841,44.4337],[142.5863,44.4453],[142.5793,44.448],[142.5663,44.4495],[142.547,44.449],[142.5426,44.4462],[142.5204,44.4445],[142.5036,44.4478],[142.4998,44.4518],[142.4909,44.4523],[142.4842,44.4584],[142.4726,44.4739],[142.4636,44.4757],[142.4567,44.4708],[142.443,44.4734],[142.4337,44.4697],[142.4182,44.4714],[142.4164,44.4816],[142.409,44.4831],[142.399,44.4808],[142.391,44.4753],[142.3884,44.4684],[142.3781,44.4676],[142.368,44.4583],[142.3607,44.454],[142.3561,44.4573],[142.3449,44.4539],[142.3375,44.458],[142.3334,44.4535],[142.3175,44.4433],[142.3067,44.4396],[142.3041,44.4364],[142.3092,44.427],[142.3151,44.4088],[142.3141,44.4038],[142.317,44.4001],[142.3207,44.387],[142.3202,44.3799],[142.3231,44.3544],[142.3146,44.3472],[142.3078,44.3458],[142.3073,44.3285],[142.2881,44.3164],[142.2793,44.3154],[142.278,44.3083],[142.2884,44.3043],[142.2872,44.2983],[142.292,44.2915],[142.3107,44.2732],[142.4345,44.2735],[142.4348,44.2618],[142.4413,44.2561],[142.472,44.2559],[142.4731,44.2474],[142.4826,44.2413],[142.4841,44.2314],[142.4892,44.2225],[142.4961,44.2211],[142.502,44.2142],[142.511,44.2086],[142.512,44.2005],[142.5168,44.1885],[142.5265,44.1887],[142.5357,44.1931],[142.5588,44.1873],[142.5627,44.1793],[142.5869,44.1737],[142.6091,44.176],[142.6171,44.1725]]]}},{"type":"Feature","id":"Mikasa","properties":{"id":"Mikasa","code":1222,"name":"Mikasa","name_full":"三笠市","name_ja":"三笠市","name_short_ja":"三笠","center_lonlat":[141.9925,43.2398]},"geometry":{"type":"Polygon","coordinates":[[[142.161,43.2237],[142.1539,43.2285],[142.145,43.2283],[142.1398,43.2231],[142.1243,43.2197],[142.1139,43.2223],[142.1007,43.2455],[142.0956,43.2498],[142.0942,43.2575],[142.0891,43.2598],[142.0891,43.2694],[142.077,43.2741],[142.0792,43.2872],[142.0628,43.2924],[142.0536,43.3036],[142.0463,43.3082],[142.0505,43.3197],[142.0596,43.3267],[142.0639,43.3358],[142.0495,43.3482],[142.0518,43.3509],[142.0352,43.3567],[142.0242,43.3588],[142.0188,43.3553],[142.0181,43.3471],[142.0095,43.338],[142.0102,43.3267],[142.0071,43.3254],[142.0007,43.3139],[141.9957,43.3135],[141.9912,43.3066],[141.9777,43.3055],[141.9589,43.2979],[141.9537,43.298],[141.9408,43.2876],[141.9285,43.2887],[141.9187,43.2932],[141.9083,43.2923],[141.89,43.2847],[141.8876,43.2783],[141.877,43.2749],[141.8765,43.269],[141.8603,43.2593],[141.8368,43.2585],[141.8258,43.2485],[141.8211,43.2484],[141.8076,43.2561],[141.8047,43.2531],[141.8007,43.2303],[141.81,43.2281],[141.8174,43.2311],[141.8229,43.2273],[141.8253,43.2103],[141.8242,43.2058],[141.8404,43.2007],[141.8705,43.2026],[141.8891,43.1946],[141.8978,43.1939],[141.9069,43.2012],[141.9085,43.207],[141.918,43.2071],[141.9306,43.2034],[141.9372,43.1996],[141.9417,43.1919],[141.9576,43.1943],[141.9717,43.1869],[141.9872,43.1851],[141.9931,43.1789],[142.0068,43.172],[142.026,43.1731],[142.0393,43.1504],[142.0413,43.1435],[142.0499,43.1433],[142.0601,43.1479],[142.0589,43.1547],[142.0702,43.161],[142.0727,43.1646],[142.0862,43.1678],[142.0971,43.1651],[142.1086,43.1721],[142.117,43.1739],[142.129,43.1904],[142.1517,43.1939],[142.1565,43.1967],[142.152,43.2046],[142.1555,43.2165],[142.161,43.2237]]]}},{"type":"Feature","id":"Nemuro","properties":{"id":"Nemuro","code":1223,"name":"Nemuro","name_full":"根室市","name_ja":"根室市","name_short_ja":"根室","center_lonlat":[145.4648,43.2741]},"geometry":{"type":"MultiPolygon","coordinates":[[[[145.3262,43.1735],[145.3367,43.1734],[145.3412,43.1786],[145.3517,43.1778],[145.3711,43.1826],[145.3777,43.1823],[145.4254,43.1874],[145.4512,43.1887],[145.4767,43.1884],[145.4893,43.1856],[145.4961,43.1818],[145.5026,43.1743],[145.5035,43.1691],[145.4936,43.1666],[145.4957,43.1588],[145.5101,43.1618],[145.5234,43.1672],[145.5146,43.1782],[145.5075,43.1832],[145.5116,43.1896],[145.5193,43.1861],[145.5287,43.1861],[145.5347,43.191],[145.5343,43.1982],[145.5289,43.1995],[145.5321,43.2101],[145.545,43.2125],[145.5565,43.2188],[145.5499,43.2227],[145.5491,43.2302],[145.5532,43.2343],[145.5585,43.2609],[145.5678,43.278],[145.5658,43.2809],[145.5805,43.2854],[145.585,43.2788],[145.5964,43.2838],[145.6055,43.2972],[145.6096,43.3104],[145.6177,43.315],[145.6384,43.321],[145.6594,43.321],[145.669,43.318],[145.6765,43.3196],[145.6888,43.3276],[145.7009,43.3281],[145.7055,43.3339],[145.7159,43.3367],[145.7252,43.3352],[145.7346,43.3309],[145.7367,43.3381],[145.7549,43.3388],[145.7847,43.3547],[145.7886,43.3603],[145.8006,43.3621],[145.807,43.37],[145.8064,43.3768],[145.8158,43.3858],[145.8082,43.388],[145.7857,43.3863],[145.78,43.3892],[145.761,43.3923],[145.7561,43.3988],[145.7513,43.3969],[145.7459,43.3896],[145.7418,43.3915],[145.7319,43.3895],[145.7213,43.3831],[145.6978,43.3837],[145.677,43.3886],[145.6717,43.387],[145.6624,43.3927],[145.6507,43.3915],[145.6469,43.3855],[145.6386,43.3785],[145.6389,43.3745],[145.6287,43.3697],[145.6233,43.3631],[145.6165,43.3618],[145.6104,43.357],[145.5989,43.3552],[145.5875,43.3476],[145.5871,43.3413],[145.5793,43.3401],[145.5744,43.3322],[145.5654,43.326],[145.5511,43.3246],[145.5533,43.3185],[145.5409,43.3122],[145.5324,43.3123],[145.5223,43.307],[145.5248,43.3025],[145.5194,43.2968],[145.5139,43.2961],[145.5052,43.2853],[145.5044,43.2786],[145.4985,43.2751],[145.4928,43.2666],[145.4806,43.2737],[145.4724,43.2731],[145.4399,43.2821],[145.4355,43.2851],[145.4088,43.2923],[145.3969,43.291],[145.3909,43.2945],[145.3799,43.2901],[145.3709,43.2906],[145.3426,43.3109],[145.3071,43.3267],[145.2873,43.3303],[145.2532,43.3303],[145.252,43.3177],[145.2563,43.3107],[145.2561,43.3003],[145.259,43.293],[145.2531,43.2908],[145.2514,43.284],[145.2396,43.277],[145.2258,43.278],[145.2168,43.2696],[145.2192,43.2567],[145.2099,43.2508],[145.1956,43.2577],[145.2256,43.206],[145.2464,43.2214],[145.2677,43.2273],[145.2747,43.2182],[145.2831,43.2119],[145.3137,43.2028],[145.3168,43.1874],[145.3262,43.1735]]],[[[146.135,43.5489],[146.1195,43.5407],[146.1092,43.5406],[146.0948,43.5344],[146.0836,43.5338],[146.0612,43.5246],[146.0731,43.5212],[146.0855,43.5086],[146.0895,43.5006],[146.0978,43.499],[146.1069,43.4884],[146.1079,43.4792],[146.1174,43.4726],[146.1164,43.4664],[146.1245,43.462],[146.1472,43.472],[146.1634,43.4743],[146.18,43.4796],[146.1877,43.4835],[146.1905,43.4916],[146.1784,43.5018],[146.1807,43.5108],[146.1973,43.5278],[146.2004,43.5342],[146.1789,43.5323],[146.1615,43.5348],[146.1503,43.5392],[146.135,43.5489]]],[[[145.8877,43.4622],[145.8868,43.4584],[145.8788,43.456],[145.8635,43.4568],[145.8701,43.4513],[145.8823,43.4525],[145.8961,43.4471],[145.9001,43.4367],[145.8966,43.4278],[145.9006,43.4235],[145.9195,43.4268],[145.9329,43.4229],[145.9495,43.4234],[145.9438,43.4347],[145.9361,43.4373],[145.934,43.4416],[145.9387,43.4499],[145.9485,43.4514],[145.9429,43.457],[145.9351,43.4573],[145.928,43.4489],[145.9169,43.4466],[145.8979,43.4486],[145.8877,43.4622]]],[[[146.3122,43.6515],[146.3084,43.6492],[146.3103,43.6395],[146.2938,43.629],[146.2949,43.6247],[146.3083,43.6207],[146.3191,43.6233],[146.3322,43.6185],[146.3407,43.6193],[146.3568,43.6176],[146.3558,43.624],[146.3499,43.628],[146.3521,43.6383],[146.3354,43.6375],[146.3279,43.6391],[146.3169,43.65],[146.3122,43.6515]]],[[[146.0986,43.4481],[146.0823,43.437],[146.0876,43.4345],[146.0866,43.4277],[146.069,43.4264],[146.069,43.4324],[146.0609,43.4326],[146.0628,43.4238],[146.0559,43.4229],[146.0523,43.4296],[146.0394,43.4244],[146.0396,43.4198],[146.0277,43.4153],[146.0242,43.4115],[146.0461,43.403],[146.054,43.4126],[146.0605,43.4163],[146.0852,43.4197],[146.0919,43.4228],[146.0935,43.4308],[146.1066,43.4317],[146.1063,43.4373],[146.1005,43.4416],[146.0986,43.4481]]],[[[145.5976,43.2217],[145.5874,43.2149],[145.5875,43.2074],[145.5962,43.2047],[145.609,43.2113],[145.6031,43.2145],[145.5976,43.2217]]],[[[146.0166,43.3784],[146.0048,43.371],[145.99,43.3732],[145.998,43.3639],[146.0049,43.3604],[146.0107,43.3649],[146.0166,43.3784]]],[[[146.1671,43.423],[146.156,43.4157],[146.1637,43.4127],[146.1671,43.423]]]]}},{"type":"Feature","id":"Chitose","properties":{"id":"Chitose","code":1224,"name":"Chitose","name_full":"千歳市","name_ja":"千歳市","name_short_ja":"千歳","center_lonlat":[141.5096,42.8005]},"geometry":{"type":"Polygon","coordinates":[[[141.1991,42.7844],[141.194,42.7781],[141.1915,42.7687],[141.1816,42.7608],[141.1733,42.7511],[141.1723,42.7439],[141.1748,42.7317],[141.1811,42.7235],[141.1822,42.7174],[141.1886,42.7109],[141.1888,42.6949],[141.1915,42.6858],[141.197,42.6871],[141.2072,42.6959],[141.2097,42.7006],[141.2186,42.6986],[141.2334,42.6999],[141.2439,42.6981],[141.2512,42.7107],[141.2588,42.7138],[141.2779,42.7036],[141.2838,42.7034],[141.2881,42.6986],[141.3004,42.6933],[141.3114,42.6842],[141.3229,42.6826],[141.3403,42.6849],[141.3509,42.6845],[141.3603,42.6816],[141.3719,42.6856],[141.373,42.6919],[141.383,42.6945],[141.3868,42.6921],[141.4032,42.7165],[141.4124,42.7217],[141.411,42.7338],[141.4127,42.7433],[141.4104,42.7629],[141.4192,42.7631],[141.4385,42.7601],[141.4513,42.7633],[141.461,42.7552],[141.4876,42.7493],[141.5038,42.7476],[141.5108,42.7495],[141.5285,42.7468],[141.5429,42.7508],[141.5614,42.7431],[141.5723,42.7438],[141.5926,42.7593],[141.6046,42.7722],[141.6213,42.7723],[141.6297,42.7752],[141.6489,42.7766],[141.6532,42.7749],[141.6689,42.7754],[141.6916,42.7712],[141.7065,42.7704],[141.7162,42.7743],[141.7223,42.7801],[141.7426,42.7877],[141.7569,42.792],[141.7543,42.7984],[141.7611,42.8031],[141.7648,42.8092],[141.7702,42.8075],[141.7758,42.8134],[141.7761,42.8232],[141.7669,42.827],[141.7644,42.8327],[141.7755,42.8353],[141.7895,42.8414],[141.785,42.8492],[141.7952,42.8566],[141.7917,42.8585],[141.7938,42.8671],[141.7909,42.8761],[141.7952,42.8785],[141.8064,42.8927],[141.8157,42.8943],[141.8175,42.8981],[141.837,42.9078],[141.8447,42.909],[141.8674,42.9177],[141.87,42.922],[141.8593,42.9309],[141.8524,42.933],[141.8411,42.9292],[141.8286,42.9274],[141.8222,42.9298],[141.8074,42.9293],[141.8042,42.9312],[141.7914,42.929],[141.7814,42.9323],[141.7765,42.9402],[141.7625,42.9509],[141.7558,42.9532],[141.7566,42.9446],[141.7532,42.9381],[141.7469,42.9347],[141.7407,42.9233],[141.731,42.9224],[141.7176,42.9157],[141.7098,42.915],[141.7053,42.9065],[141.7073,42.8998],[141.7006,42.8956],[141.6926,42.8995],[141.6887,42.9083],[141.6819,42.9109],[141.6732,42.8984],[141.6696,42.8891],[141.6641,42.885],[141.6529,42.8889],[141.6507,42.8955],[141.6547,42.9016],[141.652,42.9065],[141.6599,42.9123],[141.6591,42.9172],[141.6515,42.9261],[141.6074,42.8614],[141.604,42.8577],[141.5937,42.8566],[141.5779,42.8414],[141.5804,42.8332],[141.5677,42.8333],[141.5507,42.8264],[141.5436,42.8301],[141.5367,42.8286],[141.5297,42.8314],[141.4954,42.829],[141.4863,42.8242],[141.4774,42.8235],[141.4672,42.8188],[141.4573,42.8193],[141.4505,42.8225],[141.4439,42.8214],[141.4448,42.8145],[141.4398,42.8127],[141.4319,42.815],[141.4067,42.8172],[141.392,42.816],[141.3779,42.8094],[141.3796,42.8024],[141.3764,42.7957],[141.3689,42.8021],[141.3625,42.8026],[141.336,42.8117],[141.3253,42.813],[141.3176,42.811],[141.3112,42.8133],[141.2957,42.8145],[141.2777,42.8041],[141.2714,42.8097],[141.2597,42.8105],[141.2555,42.8146],[141.243,42.8156],[141.2356,42.8211],[141.232,42.8146],[141.2225,42.8118],[141.2191,42.8072],[141.2245,42.7995],[141.2304,42.7973],[141.2312,42.7916],[141.2226,42.7877],[141.1991,42.7844]]]}},{"type":"Feature","id":"Takikawa","properties":{"id":"Takikawa","code":1225,"name":"Takikawa","name_full":"滝川市","name_ja":"滝川市","name_short_ja":"滝川","center_lonlat":[141.9498,43.6085]},"geometry":{"type":"Polygon","coordinates":[[[142.0841,43.6422],[142.0653,43.6313],[142.0538,43.6308],[142.0452,43.6355],[142.0235,43.6349],[142.0086,43.6412],[142.0044,43.6484],[141.9791,43.6586],[141.9744,43.6668],[141.9619,43.6691],[141.9469,43.6724],[141.9313,43.6688],[141.9236,43.662],[141.915,43.6621],[141.9156,43.6566],[141.907,43.6447],[141.9154,43.639],[141.9166,43.6336],[141.9128,43.6289],[141.9048,43.6283],[141.8926,43.6313],[141.8825,43.6232],[141.8804,43.617],[141.8818,43.6069],[141.8851,43.6038],[141.8793,43.5935],[141.8829,43.5888],[141.8835,43.5811],[141.8783,43.5698],[141.8791,43.5657],[141.8891,43.5556],[141.8921,43.55],[141.8896,43.5394],[141.9024,43.5325],[141.9102,43.546],[141.9257,43.5504],[141.9338,43.5505],[141.9473,43.5606],[141.9631,43.5635],[141.9635,43.5577],[141.9743,43.5603],[141.9781,43.5584],[141.9839,43.565],[141.9867,43.5759],[141.9952,43.5832],[141.9942,43.5981],[142.0172,43.6145],[142.0267,43.6166],[142.0437,43.6244],[142.0476,43.6246],[142.0546,43.6175],[142.0597,43.6167],[142.0619,43.6248],[142.0675,43.6283],[142.0801,43.6295],[142.0841,43.6422]]]}},{"type":"Feature","id":"Sunagawa","properties":{"id":"Sunagawa","code":1226,"name":"Sunagawa","name_full":"砂川市","name_ja":"砂川市","name_short_ja":"砂川","center_lonlat":[141.9331,43.5033]},"geometry":{"type":"Polygon","coordinates":[[[141.9781,43.5584],[141.9743,43.5603],[141.9635,43.5577],[141.9631,43.5635],[141.9473,43.5606],[141.9338,43.5505],[141.9257,43.5504],[141.9102,43.546],[141.9024,43.5325],[141.8896,43.5394],[141.8894,43.5348],[141.8967,43.5246],[141.9044,43.5219],[141.902,43.5164],[141.8776,43.5175],[141.8741,43.5142],[141.8808,43.5075],[141.8991,43.5125],[141.8973,43.4998],[141.8895,43.4919],[141.8753,43.4863],[141.8691,43.4773],[141.8716,43.4606],[141.9453,43.4493],[141.9523,43.4534],[141.9544,43.458],[141.9636,43.4603],[141.9759,43.4717],[141.9458,43.4763],[141.9493,43.4849],[141.9692,43.4844],[141.9699,43.4931],[141.9793,43.4964],[141.987,43.5022],[141.9962,43.5167],[141.9944,43.5213],[141.9756,43.5337],[141.9746,43.541],[141.9781,43.5584]]]}},{"type":"Feature","id":"Utashinai","properties":{"id":"Utashinai","code":1227,"name":"Utashinai","name_full":"歌志内市","name_ja":"歌志内市","name_short_ja":"歌志内","center_lonlat":[142.0388,43.4934]},"geometry":{"type":"Polygon","coordinates":[[[142.0913,43.4888],[142.0911,43.4989],[142.0867,43.5081],[142.0823,43.5105],[142.0871,43.5244],[142.0743,43.5236],[142.0549,43.5301],[142.0489,43.5349],[142.029,43.5313],[142.0107,43.5244],[142.0057,43.519],[142.0,43.5232],[141.9944,43.5213],[141.9962,43.5167],[141.987,43.5022],[141.9793,43.4964],[141.9699,43.4931],[141.9692,43.4844],[141.9821,43.4849],[141.9918,43.4827],[142.0023,43.4832],[142.0083,43.4784],[142.018,43.4805],[142.0193,43.4708],[142.0296,43.4577],[142.0512,43.4407],[142.0601,43.4376],[142.0724,43.4365],[142.0665,43.4524],[142.0649,43.4661],[142.0668,43.476],[142.0801,43.4895],[142.0913,43.4888]]]}},{"type":"Feature","id":"Fukagawa","properties":{"id":"Fukagawa","code":1228,"name":"Fukagawa","name_full":"深川市","name_ja":"深川市","name_short_ja":"深川","center_lonlat":[142.0993,43.7935]},"geometry":{"type":"Polygon","coordinates":[[[142.1494,43.9054],[142.1398,43.9189],[142.1227,43.9338],[142.12,43.9464],[142.1139,43.9486],[142.1151,43.9559],[142.1053,43.9653],[142.112,43.9715],[142.1127,43.9773],[142.1046,43.9861],[142.1021,43.9974],[142.0956,44.0006],[142.0971,44.0071],[142.091,44.0147],[142.0886,44.0293],[142.0933,44.0295],[142.0981,44.0394],[142.095,44.0446],[142.0856,44.0469],[142.0661,44.0483],[142.0598,44.0449],[142.058,44.0373],[142.0614,44.031],[142.0538,44.0187],[142.043,44.0093],[142.0406,43.9995],[142.0327,43.9984],[142.0339,43.9941],[142.0278,43.9861],[142.0277,43.9756],[142.0316,43.9701],[142.0262,43.9644],[142.0266,43.9564],[142.0227,43.9448],[142.0233,43.9339],[142.0278,43.9214],[142.0426,43.9153],[142.045,43.9083],[142.0631,43.8967],[142.0627,43.8937],[142.0728,43.8828],[142.078,43.8721],[142.085,43.8682],[142.0731,43.8454],[142.0598,43.8411],[142.0392,43.832],[142.035,43.8224],[142.028,43.8198],[142.0132,43.8195],[142.0133,43.8039],[142.0098,43.7978],[142.0108,43.7976],[142.001,43.75],[141.9668,43.7489],[141.9826,43.7216],[141.9766,43.7198],[141.9806,43.713],[141.9743,43.711],[141.9839,43.695],[141.9898,43.6968],[141.9947,43.6883],[141.9842,43.6794],[141.9714,43.6751],[141.9619,43.6691],[141.9744,43.6668],[141.9791,43.6586],[142.0044,43.6484],[142.0086,43.6412],[142.0235,43.6349],[142.0452,43.6355],[142.0538,43.6308],[142.0653,43.6313],[142.0841,43.6422],[142.0907,43.6479],[142.0946,43.6447],[142.1034,43.6462],[142.1065,43.6406],[142.1137,43.636],[142.1315,43.6412],[142.1504,43.6368],[142.1651,43.6362],[142.1732,43.6386],[142.1902,43.6371],[142.1941,43.6415],[142.2039,43.6337],[142.2126,43.6329],[142.2243,43.6398],[142.2362,43.641],[142.2385,43.6523],[142.2207,43.6495],[142.209,43.6462],[142.2001,43.6411],[142.1953,43.6458],[142.1951,43.6541],[142.1861,43.6655],[142.1781,43.6731],[142.1753,43.6811],[142.1789,43.6866],[142.1788,43.6985],[142.1825,43.7157],[142.1734,43.721],[142.1713,43.7282],[142.1758,43.7308],[142.1954,43.7314],[142.1996,43.7347],[142.1958,43.7464],[142.1972,43.755],[142.2054,43.7632],[142.2112,43.7657],[142.2196,43.7743],[142.2268,43.7764],[142.222,43.7879],[142.2279,43.7957],[142.24,43.7991],[142.2381,43.8082],[142.2301,43.8117],[142.2139,43.83],[142.2167,43.8344],[142.2087,43.8378],[142.2167,43.8471],[142.2204,43.8561],[142.2156,43.8644],[142.2109,43.8669],[142.1879,43.8669],[142.1789,43.8709],[142.1721,43.8691],[142.1592,43.8751],[142.1585,43.8852],[142.162,43.8924],[142.149,43.8989],[142.1494,43.9054]]]}},{"type":"Feature","id":"Furano","properties":{"id":"Furano","code":1229,"name":"Furano","name_full":"富良野市","name_ja":"富良野市","name_short_ja":"富良野","center_lonlat":[142.4736,43.2819]},"geometry":{"type":"Polygon","coordinates":[[[142.2801,43.2352],[142.2898,43.2376],[142.2976,43.236],[142.2953,43.2286],[142.3043,43.2225],[142.32,43.2068],[142.3259,43.1898],[142.3228,43.1745],[142.3236,43.1662],[142.3294,43.1602],[142.3381,43.1619],[142.3478,43.1594],[142.3567,43.1596],[142.3578,43.1661],[142.3755,43.1662],[142.3714,43.1766],[142.3729,43.1811],[142.3861,43.1829],[142.3915,43.1896],[142.3957,43.2002],[142.3949,43.2089],[142.4161,43.2091],[142.4337,43.2041],[142.4422,43.1919],[142.4403,43.186],[142.4519,43.1767],[142.4737,43.1768],[142.4775,43.1735],[142.4888,43.1783],[142.5005,43.1778],[142.5024,43.1823],[142.5266,43.1961],[142.533,43.1923],[142.5566,43.1891],[142.5655,43.1891],[142.5771,43.1963],[142.5898,43.1961],[142.5991,43.2031],[142.6084,43.2133],[142.6204,43.2141],[142.6276,43.2192],[142.638,43.2191],[142.6483,43.2334],[142.66,43.2357],[142.6626,43.241],[142.6693,43.2433],[142.6712,43.2518],[142.6626,43.2585],[142.6681,43.2621],[142.6775,43.2731],[142.6764,43.2842],[142.6692,43.2882],[142.6776,43.2958],[142.6721,43.2983],[142.658,43.3099],[142.6545,43.3208],[142.6449,43.323],[142.6361,43.333],[142.6346,43.3392],[142.6296,43.3424],[142.6328,43.3498],[142.6455,43.353],[142.6524,43.3567],[142.6509,43.364],[142.6607,43.3737],[142.6698,43.3851],[142.668,43.4014],[142.6554,43.3962],[142.6498,43.3969],[142.6397,43.3936],[142.6318,43.3935],[142.6173,43.3839],[142.6084,43.3816],[142.6009,43.3889],[142.5887,43.3913],[142.5661,43.3825],[142.5609,43.3825],[142.5617,43.3722],[142.5364,43.3676],[142.5282,43.3613],[142.5154,43.3667],[142.4852,43.363],[142.4593,43.3633],[142.4539,43.3619],[142.4404,43.3683],[142.4256,43.3515],[142.3915,43.3674],[142.3784,43.3754],[142.3751,43.3721],[142.3543,43.3793],[142.3491,43.383],[142.3456,43.3907],[142.3502,43.3976],[142.3476,43.4005],[142.3413,43.3924],[142.342,43.385],[142.3507,43.3781],[142.331,43.3709],[142.3129,43.3604],[142.3052,43.3598],[142.2927,43.351],[142.2899,43.3433],[142.2953,43.3372],[142.2969,43.3302],[142.2811,43.3222],[142.2784,43.3103],[142.2717,43.3026],[142.2726,43.2977],[142.286,43.2889],[142.2888,43.2795],[142.2783,43.2531],[142.2801,43.2352]]]}},{"type":"Feature","id":"Noboribetsu","properties":{"id":"Noboribetsu","code":1230,"name":"Noboribetsu","name_full":"登別市","name_ja":"登別市","name_short_ja":"登別","center_lonlat":[141.076,42.4656]},"geometry":{"type":"Polygon","coordinates":[[[141.0544,42.3521],[141.0529,42.3579],[141.0765,42.3818],[141.0975,42.4],[141.1021,42.4021],[141.1392,42.4294],[141.1556,42.4403],[141.1655,42.4395],[141.1891,42.4526],[141.1823,42.4566],[141.1793,42.4702],[141.1731,42.473],[141.1681,42.486],[141.1617,42.497],[141.1628,42.5096],[141.1708,42.5145],[141.1641,42.522],[141.1495,42.525],[141.1464,42.5229],[141.1337,42.524],[141.1231,42.523],[141.1235,42.5374],[141.1112,42.5482],[141.0996,42.5539],[141.0853,42.5542],[141.0783,42.5544],[141.0747,42.5495],[141.0651,42.5445],[141.0689,42.5294],[141.0531,42.5288],[141.0463,42.5252],[141.0404,42.5179],[141.0349,42.5181],[141.0231,42.5114],[141.0155,42.5147],[141.0077,42.5126],[140.995,42.5122],[140.9928,42.5071],[140.9854,42.5073],[140.977,42.5035],[140.9706,42.505],[140.9686,42.4994],[140.9729,42.4938],[140.9726,42.472],[140.9874,42.4661],[140.9871,42.4596],[140.9817,42.456],[140.9809,42.4443],[140.9904,42.4373],[141.0042,42.4355],[141.0151,42.4311],[141.0166,42.4237],[141.0115,42.4159],[141.0178,42.4072],[141.0265,42.4039],[141.0301,42.3974],[141.0378,42.3768],[141.0386,42.3656],[141.0442,42.3564],[141.0544,42.3521]]]}},{"type":"Feature","id":"Eniwa","properties":{"id":"Eniwa","code":1231,"name":"Eniwa","name_full":"恵庭市","name_ja":"恵庭市","name_short_ja":"恵庭","center_lonlat":[141.4642,42.8713]},"geometry":{"type":"Polygon","coordinates":[[[141.2356,42.8211],[141.243,42.8156],[141.2555,42.8146],[141.2597,42.8105],[141.2714,42.8097],[141.2777,42.8041],[141.2957,42.8145],[141.3112,42.8133],[141.3176,42.811],[141.3253,42.813],[141.336,42.8117],[141.3625,42.8026],[141.3689,42.8021],[141.3764,42.7957],[141.3796,42.8024],[141.3779,42.8094],[141.392,42.816],[141.4067,42.8172],[141.4319,42.815],[141.4398,42.8127],[141.4448,42.8145],[141.4439,42.8214],[141.4505,42.8225],[141.4573,42.8193],[141.4672,42.8188],[141.4774,42.8235],[141.4863,42.8242],[141.4954,42.829],[141.5297,42.8314],[141.5367,42.8286],[141.5436,42.8301],[141.5507,42.8264],[141.5677,42.8333],[141.5804,42.8332],[141.5779,42.8414],[141.5937,42.8566],[141.604,42.8577],[141.6074,42.8614],[141.6515,42.9261],[141.6496,42.9325],[141.6527,42.9414],[141.6453,42.9487],[141.6373,42.9502],[141.6339,42.957],[141.6332,42.9689],[141.6207,42.9747],[141.6251,42.9804],[141.6215,42.9835],[141.6049,42.987],[141.5958,42.9847],[141.5972,42.9777],[141.5818,42.948],[141.5633,42.9379],[141.5594,42.9292],[141.5383,42.9231],[141.5314,42.9177],[141.5045,42.918],[141.4967,42.9139],[141.4719,42.8972],[141.4572,42.9014],[141.4352,42.8967],[141.4289,42.898],[141.4213,42.8915],[141.4166,42.8884],[141.3947,42.8904],[141.3702,42.8913],[141.368,42.8854],[141.3602,42.8814],[141.3577,42.8763],[141.3347,42.8702],[141.3206,42.8726],[141.3147,42.8824],[141.3033,42.8868],[141.2929,42.8833],[141.2865,42.8736],[141.279,42.8727],[141.2568,42.8644],[141.255,42.8581],[141.2564,42.8483],[141.2523,42.843],[141.2429,42.8398],[141.2356,42.8211]]]}},{"type":"Feature","id":"Date","properties":{"id":"Date","code":1233,"name":"Date","name_full":"伊達市","name_ja":"伊達市","name_short_ja":"伊達","center_lonlat":[141.0897,42.6926]},"geometry":{"type":"MultiPolygon","coordinates":[[[[141.0932,42.823],[141.0803,42.8239],[141.071,42.8273],[141.0652,42.8231],[141.0643,42.8116],[141.0778,42.8059],[141.0859,42.7974],[141.0896,42.7848],[141.0804,42.7707],[141.0817,42.7566],[141.0788,42.7481],[141.072,42.7416],[141.0582,42.7365],[141.0427,42.733],[141.0399,42.7157],[141.0341,42.7173],[141.0104,42.7164],[141.0107,42.7102],[140.9999,42.7052],[140.9907,42.6928],[140.9894,42.6836],[140.9675,42.6709],[140.9703,42.6692],[140.9664,42.653],[140.9607,42.6446],[141.0246,42.6112],[141.0288,42.5918],[141.0454,42.5944],[141.0636,42.5924],[141.0717,42.5902],[141.0741,42.5825],[141.0852,42.579],[141.086,42.5842],[141.0935,42.5947],[141.1116,42.6047],[141.1138,42.6125],[141.1259,42.6116],[141.1469,42.6224],[141.1495,42.6287],[141.1425,42.6335],[141.1446,42.6381],[141.1556,42.6428],[141.1565,42.6563],[141.1628,42.6654],[141.1833,42.6782],[141.1839,42.6832],[141.1915,42.6858],[141.1888,42.6949],[141.1886,42.7109],[141.1822,42.7174],[141.1811,42.7235],[141.1748,42.7317],[141.1723,42.7439],[141.1733,42.7511],[141.1816,42.7608],[141.1915,42.7687],[141.194,42.7781],[141.1991,42.7844],[141.1869,42.7863],[141.1695,42.7817],[141.1607,42.7808],[141.1556,42.7858],[141.1402,42.7892],[141.1331,42.8039],[141.1261,42.8042],[141.1189,42.8097],[141.0932,42.823]]],[[[140.9904,42.4373],[140.9809,42.4443],[140.9817,42.456],[140.9871,42.4596],[140.9874,42.4661],[140.9726,42.472],[140.9729,42.4938],[140.9686,42.4994],[140.9706,42.505],[140.9674,42.5104],[140.9697,42.5195],[140.9632,42.5287],[140.9571,42.5314],[140.9577,42.5366],[140.9397,42.5431],[140.9359,42.5417],[140.926,42.5449],[140.9174,42.5413],[140.9134,42.5434],[140.9024,42.5368],[140.8809,42.5334],[140.8775,42.5315],[140.8256,42.5425],[140.8175,42.5434],[140.7981,42.5334],[140.7887,42.5315],[140.7731,42.5204],[140.7798,42.5178],[140.7833,42.5009],[140.7985,42.4999],[140.8077,42.4946],[140.8069,42.4918],[140.8193,42.4864],[140.8279,42.4783],[140.8405,42.4703],[140.8625,42.4655],[140.87,42.4616],[140.8806,42.4498],[140.8958,42.4271],[140.9016,42.4152],[140.9052,42.4011],[140.9083,42.3797],[140.9174,42.384],[140.933,42.3881],[140.9485,42.3872],[140.956,42.3945],[140.966,42.3987],[140.9745,42.4073],[140.9834,42.4103],[140.9851,42.4154],[140.9792,42.4199],[140.9834,42.4318],[140.9904,42.4373]]]]}},{"type":"Feature","id":"Kitahiroshima","properties":{"id":"Kitahiroshima","code":1234,"name":"Kitahiroshima","name_full":"北広島市","name_ja":"北広島市","name_short_ja":"北広島","center_lonlat":[141.5151,42.9617]},"geometry":{"type":"Polygon","coordinates":[[[141.4824,43.0071],[141.4776,42.9986],[141.4807,42.9936],[141.4668,42.9738],[141.4621,42.9587],[141.4623,42.9512],[141.4546,42.9409],[141.4411,42.9281],[141.4337,42.9238],[141.4278,42.9161],[141.4213,42.9142],[141.4167,42.9077],[141.4136,42.8957],[141.4213,42.8915],[141.4289,42.898],[141.4352,42.8967],[141.4572,42.9014],[141.4719,42.8972],[141.4967,42.9139],[141.5045,42.918],[141.5314,42.9177],[141.5383,42.9231],[141.5594,42.9292],[141.5633,42.9379],[141.5818,42.948],[141.5972,42.9777],[141.5958,42.9847],[141.5949,42.9921],[141.5871,42.996],[141.5797,43.0091],[141.5808,43.0166],[141.5687,43.0248],[141.5488,43.0221],[141.5395,43.0187],[141.5295,43.0187],[141.5241,43.0161],[141.5054,43.0209],[141.4871,43.0233],[141.4882,43.0137],[141.4824,43.0071]]]}},{"type":"Feature","id":"Ishikari","properties":{"id":"Ishikari","code":1235,"name":"Ishikari","name_full":"石狩市","name_ja":"石狩市","name_short_ja":"石狩","center_lonlat":[141.4429,43.4657]},"geometry":{"type":"Polygon","coordinates":[[[141.4054,43.1894],[141.4074,43.198],[141.4171,43.2025],[141.4225,43.1997],[141.4187,43.2248],[141.4202,43.2337],[141.4131,43.2359],[141.4341,43.2507],[141.4379,43.2449],[141.4511,43.2436],[141.467,43.2543],[141.4688,43.2592],[141.4769,43.2589],[141.4859,43.2702],[141.5013,43.2954],[141.5035,43.3015],[141.5116,43.3021],[141.5141,43.3063],[141.5246,43.3117],[141.5258,43.318],[141.5315,43.3269],[141.5361,43.3424],[141.5373,43.3644],[141.5361,43.3717],[141.5401,43.3764],[141.5382,43.3824],[141.545,43.403],[141.5518,43.4131],[141.559,43.4191],[141.5598,43.4324],[141.5567,43.4357],[141.5626,43.4527],[141.5627,43.458],[141.5542,43.4635],[141.5569,43.4725],[141.5546,43.4853],[141.5583,43.4909],[141.5527,43.4965],[141.5515,43.5025],[141.5314,43.5085],[141.5307,43.5152],[141.5211,43.521],[141.523,43.5384],[141.5194,43.5467],[141.5041,43.5616],[141.5008,43.5691],[141.5103,43.5719],[141.5346,43.5718],[141.5462,43.5695],[141.5556,43.5625],[141.5646,43.5647],[141.5714,43.5635],[141.5839,43.566],[141.5926,43.5766],[141.5949,43.5838],[141.5977,43.5869],[141.588,43.5953],[141.5847,43.6075],[141.5794,43.6133],[141.5684,43.6198],[141.5628,43.6202],[141.5596,43.6289],[141.5455,43.6368],[141.5313,43.6463],[141.5265,43.6476],[141.5172,43.6663],[141.5102,43.6687],[141.5076,43.6769],[141.4984,43.6827],[141.4906,43.6844],[141.48,43.688],[141.4687,43.7008],[141.4531,43.7009],[141.4388,43.7038],[141.4317,43.7107],[141.4173,43.7112],[141.4117,43.719],[141.4139,43.7266],[141.405,43.7378],[141.3932,43.7376],[141.3791,43.7296],[141.3713,43.7276],[141.347,43.7339],[141.3374,43.7375],[141.3381,43.7347],[141.3301,43.7255],[141.3311,43.7076],[141.339,43.6931],[141.3401,43.684],[141.3495,43.6675],[141.35,43.654],[141.3522,43.6412],[141.3592,43.6343],[141.3655,43.6174],[141.3828,43.6045],[141.3856,43.5913],[141.3848,43.5827],[141.3761,43.5577],[141.3705,43.5532],[141.3602,43.5366],[141.3587,43.5193],[141.3625,43.5111],[141.3723,43.5004],[141.3744,43.4915],[141.3922,43.4769],[141.3985,43.4624],[141.4067,43.454],[141.4131,43.4421],[141.4287,43.4169],[141.4317,43.3891],[141.4278,43.3823],[141.4248,43.3703],[141.4285,43.3609],[141.4213,43.3418],[141.4234,43.3281],[141.4142,43.3162],[141.4066,43.31],[141.3968,43.2964],[141.3748,43.2769],[141.3678,43.2675],[141.3303,43.2313],[141.3154,43.2206],[141.3069,43.2218],[141.3036,43.2153],[141.3046,43.2099],[141.294,43.2076],[141.29,43.1994],[141.2942,43.1859],[141.2918,43.1851],[141.2829,43.1801],[141.2704,43.1706],[141.2668,43.1732],[141.2475,43.1589],[141.2828,43.1336],[141.3121,43.1463],[141.3231,43.1488],[141.3327,43.1487],[141.3352,43.1523],[141.3488,43.1595],[141.3509,43.167],[141.358,43.1758],[141.3623,43.1764],[141.3798,43.1717],[141.3877,43.1734],[141.3948,43.1825],[141.4054,43.1894]]]}},{"type":"Feature","id":"Hokuto","properties":{"id":"Hokuto","code":1236,"name":"Hokuto","name_full":"北斗市","name_ja":"北斗市","name_short_ja":"北斗","center_lonlat":[140.5544,41.8639]},"geometry":{"type":"Polygon","coordinates":[[[140.7,41.8461],[140.7023,41.8556],[140.6945,41.8541],[140.6931,41.8489],[140.6863,41.8474],[140.6818,41.8563],[140.6834,41.867],[140.6808,41.8731],[140.6705,41.8712],[140.6688,41.8854],[140.6757,41.8885],[140.6689,41.8979],[140.6669,41.9118],[140.6486,41.9144],[140.6334,41.923],[140.6189,41.9252],[140.6144,41.9286],[140.6167,41.9441],[140.6103,41.9545],[140.6015,41.9542],[140.6014,41.9603],[140.5961,41.9628],[140.5897,41.959],[140.5845,41.9615],[140.5804,41.9607],[140.5761,41.9675],[140.5703,41.9683],[140.5674,41.9746],[140.5597,41.9793],[140.5448,41.9767],[140.5462,41.9843],[140.5435,41.9908],[140.5261,41.9957],[140.5172,41.9955],[140.5147,41.9875],[140.5101,41.9851],[140.4994,41.9885],[140.4927,41.9863],[140.4841,41.9877],[140.4709,41.9935],[140.4644,41.9861],[140.4644,41.9758],[140.4692,41.9652],[140.4677,41.9594],[140.4707,41.9539],[140.4604,41.9519],[140.4571,41.9449],[140.4432,41.9373],[140.4529,41.9298],[140.4503,41.9213],[140.459,41.9108],[140.4736,41.9009],[140.4685,41.8826],[140.4642,41.8786],[140.4606,41.8637],[140.448,41.8617],[140.4506,41.8576],[140.4609,41.8511],[140.4604,41.8447],[140.4408,41.8384],[140.4282,41.8316],[140.4275,41.8249],[140.4346,41.8151],[140.4305,41.808],[140.4352,41.8038],[140.4352,41.7963],[140.4505,41.7879],[140.4643,41.7892],[140.4699,41.7848],[140.488,41.7791],[140.495,41.7732],[140.5069,41.7714],[140.5094,41.7674],[140.5212,41.7597],[140.5283,41.7526],[140.5397,41.7476],[140.5504,41.7449],[140.5459,41.7352],[140.5557,41.7228],[140.562,41.7281],[140.5778,41.7314],[140.5812,41.7372],[140.6018,41.7427],[140.605,41.7562],[140.6044,41.7625],[140.612,41.7685],[140.6135,41.7776],[140.6206,41.7875],[140.618,41.7951],[140.6227,41.8051],[140.6352,41.8146],[140.6551,41.821],[140.6652,41.8222],[140.6825,41.8212],[140.7018,41.8154],[140.7096,41.8085],[140.7196,41.8168],[140.7061,41.8301],[140.7,41.8461]]]}},{"type":"Feature","id":"Tobetsu","properties":{"id":"Tobetsu","code":1303,"name":"Tobetsu","name_full":"当別町","name_ja":"当別町","name_short_ja":"当別","center_lonlat":[141.5629,43.3636]},"geometry":{"type":"Polygon","coordinates":[[[141.4388,43.1618],[141.4494,43.1626],[141.5763,43.1727],[141.5666,43.2384],[141.5833,43.2531],[141.592,43.2659],[141.6049,43.2666],[141.6069,43.2728],[141.6041,43.277],[141.62,43.2835],[141.6268,43.2896],[141.6112,43.2898],[141.6086,43.3082],[141.6012,43.3185],[141.6057,43.3235],[141.6044,43.3313],[141.5969,43.3417],[141.5921,43.3423],[141.5825,43.3511],[141.5958,43.3607],[141.5974,43.365],[141.596,43.3808],[141.6005,43.3853],[141.6094,43.3857],[141.6199,43.3912],[141.6332,43.4025],[141.6415,43.4063],[141.6451,43.4139],[141.6521,43.4142],[141.6524,43.4219],[141.6597,43.4261],[141.6618,43.4327],[141.6669,43.4355],[141.6762,43.4359],[141.681,43.4418],[141.6916,43.4462],[141.7026,43.4569],[141.7129,43.4539],[141.7223,43.4596],[141.7278,43.4714],[141.7166,43.4868],[141.6973,43.4958],[141.6837,43.5005],[141.6729,43.4985],[141.6697,43.5067],[141.6607,43.5152],[141.6523,43.5135],[141.6471,43.5226],[141.6399,43.5256],[141.6282,43.5398],[141.6235,43.5419],[141.6269,43.5555],[141.619,43.5653],[141.6148,43.574],[141.6182,43.5779],[141.5995,43.5849],[141.5949,43.5838],[141.5926,43.5766],[141.5839,43.566],[141.5714,43.5635],[141.5646,43.5647],[141.5556,43.5625],[141.5462,43.5695],[141.5346,43.5718],[141.5103,43.5719],[141.5008,43.5691],[141.5041,43.5616],[141.5194,43.5467],[141.523,43.5384],[141.5211,43.521],[141.5307,43.5152],[141.5314,43.5085],[141.5515,43.5025],[141.5527,43.4965],[141.5583,43.4909],[141.5546,43.4853],[141.5569,43.4725],[141.5542,43.4635],[141.5627,43.458],[141.5626,43.4527],[141.5567,43.4357],[141.5598,43.4324],[141.559,43.4191],[141.5518,43.4131],[141.545,43.403],[141.5382,43.3824],[141.5401,43.3764],[141.5361,43.3717],[141.5373,43.3644],[141.5361,43.3424],[141.5315,43.3269],[141.5258,43.318],[141.5246,43.3117],[141.5141,43.3063],[141.5116,43.3021],[141.5035,43.3015],[141.5013,43.2954],[141.4859,43.2702],[141.4769,43.2589],[141.4688,43.2592],[141.467,43.2543],[141.4511,43.2436],[141.4379,43.2449],[141.4341,43.2507],[141.4131,43.2359],[141.4202,43.2337],[141.4187,43.2248],[141.4225,43.1997],[141.4171,43.2025],[141.4074,43.198],[141.4054,43.1894],[141.4089,43.1861],[141.3993,43.1769],[141.4039,43.1699],[141.4192,43.1718],[141.4254,43.1682],[141.4338,43.1691],[141.4388,43.1618]]]}},{"type":"Feature","id":"Shinshinotsu","properties":{"id":"Shinshinotsu","code":1304,"name":"Shinshinotsu","name_full":"新篠津村","name_ja":"新篠津村","name_short_ja":"新篠津","center_lonlat":[141.6148,43.2242]},"geometry":{"type":"Polygon","coordinates":[[[141.6543,43.2861],[141.62,43.2835],[141.6041,43.277],[141.6069,43.2728],[141.6049,43.2666],[141.592,43.2659],[141.5833,43.2531],[141.5666,43.2384],[141.5763,43.1727],[141.5787,43.1576],[141.623,43.1612],[141.6111,43.1665],[141.6213,43.1795],[141.6336,43.1902],[141.6429,43.1878],[141.6496,43.1906],[141.6465,43.1952],[141.6492,43.2004],[141.6465,43.205],[141.6498,43.2095],[141.6595,43.2134],[141.6546,43.2212],[141.666,43.2235],[141.673,43.2285],[141.6595,43.245],[141.6591,43.2506],[141.6648,43.2567],[141.6489,43.267],[141.6461,43.2713],[141.6561,43.2739],[141.6575,43.2784],[141.6543,43.2861]]]}},{"type":"Feature","id":"Matsumae","properties":{"id":"Matsumae","code":1331,"name":"Matsumae","name_full":"松前町","name_ja":"松前町","name_short_ja":"松前","center_lonlat":[140.0911,41.516]},"geometry":{"type":"MultiPolygon","coordinates":[[[[140.1645,41.5775],[140.1503,41.5843],[140.1386,41.5819],[140.1304,41.5832],[140.118,41.576],[140.1106,41.5853],[140.0994,41.5924],[140.0914,41.5903],[140.0628,41.5925],[140.0623,41.6018],[140.0592,41.6063],[140.0491,41.6097],[140.04,41.6182],[140.035,41.6275],[140.026,41.6319],[140.0124,41.6289],[139.9987,41.6321],[139.9935,41.6302],[139.9881,41.6161],[139.9834,41.6095],[139.9821,41.6004],[139.9867,41.5643],[139.9846,41.5609],[139.9915,41.5434],[139.9978,41.54],[140.002,41.5313],[140.0019,41.5246],[140.0072,41.5193],[140.0094,41.5095],[140.0169,41.4992],[140.015,41.4926],[140.0224,41.4842],[140.0288,41.4731],[140.0273,41.4624],[140.0345,41.4561],[140.0405,41.4473],[140.0475,41.4461],[140.0726,41.4286],[140.0749,41.4244],[140.09,41.4207],[140.0925,41.4248],[140.1137,41.4269],[140.1279,41.4308],[140.1351,41.4273],[140.1432,41.4285],[140.1594,41.422],[140.1809,41.404],[140.194,41.3984],[140.1999,41.3983],[140.2048,41.4047],[140.2017,41.4092],[140.2084,41.414],[140.2045,41.4253],[140.2068,41.4305],[140.1992,41.4331],[140.1981,41.4394],[140.1922,41.4454],[140.1984,41.4522],[140.1997,41.4607],[140.1897,41.4703],[140.1804,41.474],[140.1838,41.4812],[140.1837,41.4884],[140.1779,41.4942],[140.1736,41.504],[140.168,41.509],[140.1701,41.5134],[140.1687,41.5252],[140.1755,41.5272],[140.1818,41.5395],[140.172,41.5458],[140.1759,41.5616],[140.1661,41.5719],[140.1645,41.5775]]],[[[139.3408,41.5251],[139.3363,41.5218],[139.3347,41.5145],[139.3387,41.507],[139.3405,41.4951],[139.3595,41.5006],[139.3722,41.5014],[139.3831,41.5076],[139.3835,41.5122],[139.3759,41.5225],[139.3701,41.524],[139.353,41.5231],[139.3408,41.5251]]],[[[139.8037,41.3657],[139.7989,41.3584],[139.8075,41.3537],[139.8156,41.3593],[139.813,41.3628],[139.8037,41.3657]]]]}},{"type":"Feature","id":"Fukushima","properties":{"id":"Fukushima","code":1332,"name":"Fukushima","name_full":"福島町","name_ja":"福島町","name_short_ja":"福島","center_lonlat":[140.2494,41.5256]},"geometry":{"type":"Polygon","coordinates":[[[140.2048,41.4047],[140.2161,41.4101],[140.2166,41.4166],[140.2208,41.4253],[140.237,41.4413],[140.2385,41.4498],[140.2435,41.4527],[140.2465,41.4625],[140.256,41.4657],[140.2581,41.4802],[140.2714,41.4858],[140.2931,41.4913],[140.3008,41.4914],[140.3236,41.4999],[140.3366,41.507],[140.3451,41.5049],[140.3529,41.5121],[140.3636,41.5155],[140.3744,41.5165],[140.3849,41.515],[140.4042,41.5191],[140.4086,41.5167],[140.4088,41.5249],[140.3972,41.5281],[140.3956,41.5323],[140.3851,41.5448],[140.3733,41.5432],[140.3626,41.5382],[140.3624,41.5289],[140.3559,41.5274],[140.348,41.5302],[140.3262,41.5272],[140.3164,41.5301],[140.3249,41.5426],[140.3252,41.5517],[140.3078,41.5785],[140.3052,41.5859],[140.3072,41.5903],[140.2963,41.5943],[140.2919,41.5921],[140.2869,41.5823],[140.265,41.5739],[140.2511,41.5771],[140.2423,41.5815],[140.2382,41.588],[140.2317,41.5927],[140.2225,41.593],[140.212,41.6031],[140.2111,41.613],[140.2173,41.6192],[140.214,41.6243],[140.2009,41.6268],[140.1944,41.6197],[140.196,41.6084],[140.1942,41.6],[140.188,41.5975],[140.1839,41.5901],[140.1761,41.5881],[140.1645,41.5775],[140.1661,41.5719],[140.1759,41.5616],[140.172,41.5458],[140.1818,41.5395],[140.1755,41.5272],[140.1687,41.5252],[140.1701,41.5134],[140.168,41.509],[140.1736,41.504],[140.1779,41.4942],[140.1837,41.4884],[140.1838,41.4812],[140.1804,41.474],[140.1897,41.4703],[140.1997,41.4607],[140.1984,41.4522],[140.1922,41.4454],[140.1981,41.4394],[140.1992,41.4331],[140.2068,41.4305],[140.2045,41.4253],[140.2084,41.414],[140.2017,41.4092],[140.2048,41.4047]]]}},{"type":"Feature","id":"Shiriuchi","properties":{"id":"Shiriuchi","code":1333,"name":"Shiriuchi","name_full":"知内町","name_ja":"知内町","name_short_ja":"知内","center_lonlat":[140.3422,41.6031]},"geometry":{"type":"Polygon","coordinates":[[[140.4086,41.5167],[140.4331,41.5417],[140.437,41.5481],[140.4366,41.5587],[140.431,41.5626],[140.4291,41.5748],[140.4289,41.6066],[140.4346,41.6589],[140.4243,41.6537],[140.4041,41.6594],[140.3874,41.669],[140.3691,41.6642],[140.3583,41.6642],[140.3422,41.6593],[140.3328,41.6524],[140.318,41.6531],[140.3078,41.6611],[140.3,41.6631],[140.2821,41.6627],[140.2817,41.6598],[140.2576,41.6525],[140.2489,41.6414],[140.2357,41.6334],[140.2257,41.6339],[140.214,41.6243],[140.2173,41.6192],[140.2111,41.613],[140.212,41.6031],[140.2225,41.593],[140.2317,41.5927],[140.2382,41.588],[140.2423,41.5815],[140.2511,41.5771],[140.265,41.5739],[140.2869,41.5823],[140.2919,41.5921],[140.2963,41.5943],[140.3072,41.5903],[140.3052,41.5859],[140.3078,41.5785],[140.3252,41.5517],[140.3249,41.5426],[140.3164,41.5301],[140.3262,41.5272],[140.348,41.5302],[140.3559,41.5274],[140.3624,41.5289],[140.3626,41.5382],[140.3733,41.5432],[140.3851,41.5448],[140.3956,41.5323],[140.3972,41.5281],[140.4088,41.5249],[140.4086,41.5167]]]}},{"type":"Feature","id":"Kikonai","properties":{"id":"Kikonai","code":1334,"name":"Kikonai","name_full":"木古内町","name_ja":"木古内町","name_short_ja":"木古内","center_lonlat":[140.4154,41.7278]},"geometry":{"type":"Polygon","coordinates":[[[140.4305,41.808],[140.4216,41.8132],[140.4088,41.813],[140.398,41.8056],[140.388,41.8079],[140.3781,41.8055],[140.3718,41.7942],[140.3581,41.7869],[140.3531,41.7855],[140.3492,41.7753],[140.3521,41.767],[140.3499,41.7566],[140.3414,41.7511],[140.3504,41.7437],[140.3499,41.7381],[140.3435,41.7329],[140.3397,41.7222],[140.3246,41.72],[140.3225,41.7155],[140.309,41.7179],[140.3046,41.7119],[140.2988,41.6931],[140.3029,41.6888],[140.2968,41.6856],[140.2963,41.6806],[140.2896,41.6739],[140.2819,41.6708],[140.2821,41.6627],[140.3,41.6631],[140.3078,41.6611],[140.318,41.6531],[140.3328,41.6524],[140.3422,41.6593],[140.3583,41.6642],[140.3691,41.6642],[140.3874,41.669],[140.4041,41.6594],[140.4243,41.6537],[140.4346,41.6589],[140.4362,41.668],[140.4418,41.6811],[140.4552,41.6945],[140.4621,41.6974],[140.472,41.6974],[140.4779,41.7006],[140.484,41.6979],[140.504,41.6993],[140.519,41.7016],[140.527,41.7005],[140.5325,41.7078],[140.5492,41.7209],[140.5557,41.7228],[140.5459,41.7352],[140.5504,41.7449],[140.5397,41.7476],[140.5283,41.7526],[140.5212,41.7597],[140.5094,41.7674],[140.5069,41.7714],[140.495,41.7732],[140.488,41.7791],[140.4699,41.7848],[140.4643,41.7892],[140.4505,41.7879],[140.4352,41.7963],[140.4352,41.8038],[140.4305,41.808]]]}},{"type":"Feature","id":"Nanae","properties":{"id":"Nanae","code":1337,"name":"Nanae","name_full":"七飯町","name_ja":"七飯町","name_short_ja":"七飯","center_lonlat":[140.7003,41.9483]},"geometry":{"type":"Polygon","coordinates":[[[140.7872,41.9314],[140.7845,41.9361],[140.7832,41.9516],[140.787,41.9614],[140.7875,41.9728],[140.7843,41.9772],[140.7849,41.9842],[140.7669,42.0023],[140.7553,42.0023],[140.7515,42.0049],[140.7395,42.0053],[140.7332,42.0081],[140.7415,42.0152],[140.7348,42.0211],[140.729,42.0424],[140.7252,42.0403],[140.7045,42.0495],[140.6773,42.063],[140.6994,42.0077],[140.6861,42.0019],[140.6691,42.0002],[140.6573,42.0034],[140.6456,42.0001],[140.6333,41.9989],[140.6324,41.9942],[140.6197,42.0007],[140.6158,42.0057],[140.5963,41.9974],[140.5898,41.9961],[140.5862,41.9912],[140.5883,41.9861],[140.5799,41.9768],[140.5758,41.9757],[140.5784,41.9654],[140.5845,41.9615],[140.5897,41.959],[140.5961,41.9628],[140.6014,41.9603],[140.6015,41.9542],[140.6103,41.9545],[140.6167,41.9441],[140.6144,41.9286],[140.6189,41.9252],[140.6334,41.923],[140.6486,41.9144],[140.6669,41.9118],[140.6689,41.8979],[140.6757,41.8885],[140.6688,41.8854],[140.6705,41.8712],[140.6808,41.8731],[140.6834,41.867],[140.6818,41.8563],[140.6863,41.8474],[140.6931,41.8489],[140.6945,41.8541],[140.7023,41.8556],[140.7,41.8461],[140.7173,41.8486],[140.7328,41.8534],[140.7358,41.8612],[140.7434,41.8683],[140.752,41.8723],[140.7627,41.8744],[140.7671,41.8775],[140.7751,41.9011],[140.7834,41.9111],[140.7826,41.9165],[140.7872,41.9314]]]}},{"type":"Feature","id":"Shikabe","properties":{"id":"Shikabe","code":1343,"name":"Shikabe","name_full":"鹿部町","name_ja":"鹿部町","name_short_ja":"鹿部","center_lonlat":[140.7821,42.0216]},"geometry":{"type":"Polygon","coordinates":[[[140.8646,42.0094],[140.8531,42.0136],[140.8431,42.0223],[140.8214,42.0342],[140.8145,42.0422],[140.8117,42.051],[140.8032,42.0579],[140.8042,42.0683],[140.8023,42.077],[140.7878,42.0771],[140.7756,42.0841],[140.7672,42.0973],[140.7533,42.0934],[140.7356,42.0772],[140.7229,42.0732],[140.6884,42.0706],[140.6773,42.063],[140.7045,42.0495],[140.7252,42.0403],[140.729,42.0424],[140.7348,42.0211],[140.7415,42.0152],[140.7332,42.0081],[140.7395,42.0053],[140.7515,42.0049],[140.7553,42.0023],[140.7669,42.0023],[140.7849,41.9842],[140.7843,41.9772],[140.7875,41.9728],[140.787,41.9614],[140.7832,41.9516],[140.7845,41.9361],[140.7872,41.9314],[140.7976,41.9265],[140.8018,41.9333],[140.8191,41.9449],[140.8265,41.9539],[140.8315,41.9508],[140.8379,41.9604],[140.8425,41.9627],[140.8397,41.9699],[140.8394,41.987],[140.8423,41.9938],[140.8646,42.0094]]]}},{"type":"Feature","id":"Mori","properties":{"id":"Mori","code":1345,"name":"Mori","name_full":"森町","name_ja":"森町","name_short_ja":"森町","center_lonlat":[140.5622,42.0699]},"geometry":{"type":"Polygon","coordinates":[[[140.5845,41.9615],[140.5784,41.9654],[140.5758,41.9757],[140.5799,41.9768],[140.5883,41.9861],[140.5862,41.9912],[140.5898,41.9961],[140.5963,41.9974],[140.6158,42.0057],[140.6197,42.0007],[140.6324,41.9942],[140.6333,41.9989],[140.6456,42.0001],[140.6573,42.0034],[140.6691,42.0002],[140.6861,42.0019],[140.6994,42.0077],[140.6773,42.063],[140.6884,42.0706],[140.7229,42.0732],[140.7356,42.0772],[140.7533,42.0934],[140.7672,42.0973],[140.762,42.1141],[140.7588,42.1171],[140.7438,42.1202],[140.7258,42.1281],[140.7152,42.1367],[140.7047,42.1374],[140.6946,42.1288],[140.6885,42.126],[140.6749,42.1265],[140.6648,42.1287],[140.6544,42.1282],[140.6153,42.1149],[140.5794,42.1082],[140.5511,42.113],[140.5353,42.1214],[140.5294,42.1219],[140.5144,42.1294],[140.507,42.1362],[140.4979,42.1475],[140.4836,42.1558],[140.4758,42.1579],[140.463,42.1661],[140.457,42.1767],[140.4512,42.1696],[140.439,42.1684],[140.434,42.1627],[140.4268,42.1625],[140.4127,42.1503],[140.3981,42.1337],[140.3937,42.123],[140.414,42.1138],[140.4151,42.1088],[140.4213,42.1022],[140.4203,42.0957],[140.4289,42.0852],[140.4253,42.083],[140.4235,42.0731],[140.4317,42.0625],[140.4344,42.0468],[140.4312,42.0336],[140.4334,42.0279],[140.4293,42.0232],[140.4538,42.0119],[140.4658,41.9975],[140.4709,41.9935],[140.4841,41.9877],[140.4927,41.9863],[140.4994,41.9885],[140.5101,41.9851],[140.5147,41.9875],[140.5172,41.9955],[140.5261,41.9957],[140.5435,41.9908],[140.5462,41.9843],[140.5448,41.9767],[140.5597,41.9793],[140.5674,41.9746],[140.5703,41.9683],[140.5761,41.9675],[140.5804,41.9607],[140.5845,41.9615]]]}},{"type":"Feature","id":"Yakumo","properties":{"id":"Yakumo","code":1346,"name":"Yakumo","name_full":"八雲町","name_ja":"八雲町","name_short_ja":"八雲","center_lonlat":[140.2003,42.1901]},"geometry":{"type":"Polygon","coordinates":[[[139.9216,42.1354],[139.948,42.1293],[139.9595,42.1286],[139.9641,42.1306],[139.9735,42.1281],[139.9916,42.1278],[139.9986,42.1221],[140.011,42.1207],[140.0236,42.1146],[140.0414,42.0988],[140.0573,42.0826],[140.0596,42.0758],[140.0668,42.0699],[140.0706,42.0601],[140.0779,42.0617],[140.087,42.0679],[140.1036,42.073],[140.1082,42.0712],[140.1363,42.0691],[140.1464,42.0725],[140.1546,42.0642],[140.175,42.0698],[140.1931,42.0682],[140.1935,42.0794],[140.1986,42.0873],[140.2124,42.088],[140.2215,42.093],[140.2287,42.0851],[140.2202,42.0786],[140.2346,42.0711],[140.2384,42.0666],[140.2459,42.0654],[140.248,42.0604],[140.2574,42.0593],[140.2731,42.0539],[140.28,42.0482],[140.2876,42.0511],[140.2982,42.0505],[140.3032,42.0538],[140.3118,42.0529],[140.3217,42.0417],[140.3319,42.0451],[140.3437,42.0425],[140.3516,42.0359],[140.3602,42.0385],[140.3611,42.0434],[140.3789,42.0431],[140.3884,42.0298],[140.4009,42.025],[140.4242,42.0253],[140.4293,42.0232],[140.4334,42.0279],[140.4312,42.0336],[140.4344,42.0468],[140.4317,42.0625],[140.4235,42.0731],[140.4253,42.083],[140.4289,42.0852],[140.4203,42.0957],[140.4213,42.1022],[140.4151,42.1088],[140.414,42.1138],[140.3937,42.123],[140.3981,42.1337],[140.4127,42.1503],[140.4268,42.1625],[140.434,42.1627],[140.439,42.1684],[140.4512,42.1696],[140.457,42.1767],[140.4429,42.1801],[140.4339,42.191],[140.4246,42.1935],[140.4184,42.1987],[140.4105,42.2011],[140.399,42.2156],[140.3877,42.2222],[140.3775,42.2246],[140.3707,42.223],[140.3482,42.2248],[140.3331,42.2291],[140.3208,42.2348],[140.307,42.2375],[140.2956,42.244],[140.2845,42.2563],[140.2762,42.2794],[140.2751,42.2949],[140.2772,42.3205],[140.2846,42.3493],[140.2942,42.3749],[140.2825,42.3837],[140.2715,42.3869],[140.2564,42.3798],[140.2327,42.3799],[140.2238,42.3851],[140.2241,42.3926],[140.2306,42.3949],[140.2164,42.3926],[140.212,42.3875],[140.2056,42.3873],[140.1866,42.3789],[140.1695,42.3734],[140.1597,42.3722],[140.1523,42.36],[140.147,42.3563],[140.133,42.3577],[140.131,42.3509],[140.1245,42.343],[140.1176,42.3442],[140.0977,42.342],[140.0936,42.3375],[140.0856,42.3347],[140.0923,42.3294],[140.09,42.324],[140.0942,42.3156],[140.0868,42.3145],[140.0825,42.3074],[140.0857,42.3013],[140.068,42.2911],[140.0581,42.2793],[140.0506,42.2773],[140.0406,42.2838],[140.0268,42.2823],[140.0223,42.2733],[140.0146,42.2724],[140.021,42.2617],[140.0301,42.2563],[140.0266,42.2477],[140.0345,42.2368],[140.0382,42.223],[140.0304,42.2203],[140.0162,42.2216],[140.0097,42.2188],[140.003,42.2109],[140.0037,42.2032],[139.9918,42.1977],[139.9789,42.2009],[139.9694,42.2058],[139.963,42.2043],[139.9514,42.1915],[139.9434,42.1898],[139.9371,42.1836],[139.9367,42.1679],[139.9278,42.1534],[139.9295,42.1398],[139.9216,42.1354]]]}},{"type":"Feature","id":"Oshamanbe","properties":{"id":"Oshamanbe","code":1347,"name":"Oshamanbe","name_full":"長万部町","name_ja":"長万部町","name_short_ja":"長万部","center_lonlat":[140.312,42.5212]},"geometry":{"type":"Polygon","coordinates":[[[140.2942,42.3749],[140.3091,42.4072],[140.3287,42.4423],[140.3574,42.4845],[140.3727,42.5036],[140.3988,42.5318],[140.4145,42.546],[140.4414,42.5675],[140.4668,42.5852],[140.4759,42.5891],[140.4933,42.5838],[140.511,42.5842],[140.5161,42.5893],[140.5371,42.5874],[140.5444,42.5946],[140.5448,42.603],[140.5295,42.593],[140.49,42.5905],[140.4824,42.5939],[140.4642,42.6074],[140.4527,42.6052],[140.4459,42.6087],[140.4331,42.6093],[140.4254,42.6065],[140.4259,42.5994],[140.4179,42.5962],[140.4105,42.59],[140.3988,42.5906],[140.3934,42.5931],[140.3855,42.5908],[140.3796,42.5984],[140.3711,42.6017],[140.3604,42.6138],[140.3444,42.6216],[140.3291,42.6218],[140.3177,42.6276],[140.2997,42.6222],[140.2917,42.6235],[140.2765,42.6041],[140.2483,42.6041],[140.2381,42.5976],[140.222,42.6023],[140.2155,42.608],[140.2132,42.6104],[140.1935,42.6078],[140.1886,42.6032],[140.191,42.5957],[140.1892,42.5866],[140.1929,42.5826],[140.2011,42.5811],[140.2115,42.5726],[140.2286,42.5729],[140.232,42.566],[140.245,42.5689],[140.2492,42.5657],[140.2479,42.5559],[140.2547,42.5519],[140.2621,42.5528],[140.2661,42.5486],[140.2629,42.5404],[140.2555,42.5292],[140.2395,42.5152],[140.2358,42.5008],[140.2255,42.4864],[140.2109,42.4769],[140.2148,42.4666],[140.2157,42.4572],[140.213,42.4481],[140.2164,42.4468],[140.2262,42.4335],[140.2309,42.4307],[140.2254,42.4239],[140.231,42.4096],[140.2367,42.4033],[140.2296,42.4],[140.2306,42.3949],[140.2241,42.3926],[140.2238,42.3851],[140.2327,42.3799],[140.2564,42.3798],[140.2715,42.3869],[140.2825,42.3837],[140.2942,42.3749]]]}},{"type":"Feature","id":"Esashi","properties":{"id":"Esashi","code":1361,"name":"Esashi","name_full":"江差町","name_ja":"江差町","name_short_ja":"江差","center_lonlat":[140.1773,41.8857]},"geometry":{"type":"Polygon","coordinates":[[[140.261,41.9762],[140.2531,41.9771],[140.2328,41.967],[140.2225,41.9674],[140.1958,41.9589],[140.1833,41.9564],[140.1698,41.9625],[140.1547,41.9608],[140.1498,41.9627],[140.1406,41.9597],[140.1326,41.9526],[140.1397,41.9289],[140.141,41.9144],[140.136,41.9057],[140.1389,41.894],[140.1338,41.887],[140.1313,41.8722],[140.1201,41.8666],[140.1264,41.8553],[140.1255,41.839],[140.123,41.8253],[140.1345,41.8153],[140.1555,41.8141],[140.1717,41.8107],[140.1751,41.8125],[140.1882,41.8122],[140.1966,41.8099],[140.2127,41.812],[140.2233,41.82],[140.2217,41.8272],[140.2237,41.8344],[140.218,41.8402],[140.2072,41.8461],[140.2111,41.857],[140.2092,41.8669],[140.2228,41.8741],[140.2313,41.8836],[140.2307,41.8883],[140.2137,41.8916],[140.2024,41.8922],[140.1961,41.8961],[140.1798,41.8987],[140.1644,41.9084],[140.1513,41.9091],[140.1556,41.9171],[140.1527,41.9239],[140.1628,41.9264],[140.1737,41.9269],[140.1923,41.9221],[140.2079,41.9276],[140.2157,41.927],[140.2236,41.9396],[140.2357,41.9401],[140.2368,41.9484],[140.2432,41.9516],[140.2439,41.9619],[140.2526,41.964],[140.2541,41.9697],[140.261,41.9762]]]}},{"type":"Feature","id":"Kaminokuni","properties":{"id":"Kaminokuni","code":1362,"name":"Kaminokuni","name_full":"上ノ国町","name_ja":"上ノ国町","name_short_ja":"上ノ国","center_lonlat":[140.1735,41.714]},"geometry":{"type":"Polygon","coordinates":[[[140.1645,41.5775],[140.1761,41.5881],[140.1839,41.5901],[140.188,41.5975],[140.1942,41.6],[140.196,41.6084],[140.1944,41.6197],[140.2009,41.6268],[140.214,41.6243],[140.2257,41.6339],[140.2357,41.6334],[140.2489,41.6414],[140.2576,41.6525],[140.2817,41.6598],[140.2821,41.6627],[140.2819,41.6708],[140.2896,41.6739],[140.2963,41.6806],[140.2968,41.6856],[140.3029,41.6888],[140.2988,41.6931],[140.3046,41.7119],[140.309,41.7179],[140.3225,41.7155],[140.3246,41.72],[140.3397,41.7222],[140.3435,41.7329],[140.3499,41.7381],[140.3504,41.7437],[140.3414,41.7511],[140.3499,41.7566],[140.3521,41.767],[140.3492,41.7753],[140.3531,41.7855],[140.3581,41.7869],[140.3452,41.8004],[140.333,41.8032],[140.3249,41.8008],[140.3146,41.81],[140.3018,41.815],[140.2993,41.8206],[140.2903,41.8296],[140.2815,41.8293],[140.2678,41.8392],[140.2563,41.8419],[140.2488,41.8474],[140.2445,41.8443],[140.2306,41.8508],[140.2262,41.8545],[140.2111,41.857],[140.2072,41.8461],[140.218,41.8402],[140.2237,41.8344],[140.2217,41.8272],[140.2233,41.82],[140.2127,41.812],[140.1966,41.8099],[140.1882,41.8122],[140.1751,41.8125],[140.1717,41.8107],[140.1555,41.8141],[140.1345,41.8153],[140.123,41.8253],[140.1152,41.8104],[140.1088,41.8049],[140.098,41.8082],[140.0839,41.8095],[140.07,41.8045],[140.0732,41.7988],[140.0728,41.7757],[140.0673,41.76],[140.065,41.7589],[140.0554,41.7429],[140.05,41.7394],[140.0399,41.7244],[140.0301,41.7174],[140.0237,41.7062],[140.0085,41.6911],[140.0086,41.6827],[140.0044,41.6753],[140.0026,41.6519],[139.9969,41.6471],[139.9987,41.6417],[139.9935,41.6302],[139.9987,41.6321],[140.0124,41.6289],[140.026,41.6319],[140.035,41.6275],[140.04,41.6182],[140.0491,41.6097],[140.0592,41.6063],[140.0623,41.6018],[140.0628,41.5925],[140.0914,41.5903],[140.0994,41.5924],[140.1106,41.5853],[140.118,41.576],[140.1304,41.5832],[140.1386,41.5819],[140.1503,41.5843],[140.1645,41.5775]]]}},{"type":"Feature","id":"Assabu","properties":{"id":"Assabu","code":1363,"name":"Assabu","name_full":"厚沢部町","name_ja":"厚沢部町","name_short_ja":"厚沢部","center_lonlat":[140.3431,41.922]},"geometry":{"type":"Polygon","coordinates":[[[140.4709,41.9935],[140.4658,41.9975],[140.4538,42.0119],[140.4293,42.0232],[140.4242,42.0253],[140.4009,42.025],[140.3884,42.0298],[140.3789,42.0431],[140.3611,42.0434],[140.3602,42.0385],[140.3516,42.0359],[140.3437,42.0425],[140.3319,42.0451],[140.3217,42.0417],[140.3118,42.0529],[140.3032,42.0538],[140.2982,42.0505],[140.2876,42.0511],[140.28,42.0482],[140.2707,42.0311],[140.2719,42.0277],[140.2624,42.0223],[140.2663,42.0044],[140.2714,41.9909],[140.2638,41.9869],[140.2663,41.9813],[140.261,41.9762],[140.2541,41.9697],[140.2526,41.964],[140.2439,41.9619],[140.2432,41.9516],[140.2368,41.9484],[140.2357,41.9401],[140.2236,41.9396],[140.2157,41.927],[140.2079,41.9276],[140.1923,41.9221],[140.1737,41.9269],[140.1628,41.9264],[140.1527,41.9239],[140.1556,41.9171],[140.1513,41.9091],[140.1644,41.9084],[140.1798,41.8987],[140.1961,41.8961],[140.2024,41.8922],[140.2137,41.8916],[140.2307,41.8883],[140.2313,41.8836],[140.2228,41.8741],[140.2092,41.8669],[140.2111,41.857],[140.2262,41.8545],[140.2306,41.8508],[140.2445,41.8443],[140.2488,41.8474],[140.2563,41.8419],[140.2678,41.8392],[140.2815,41.8293],[140.2903,41.8296],[140.2993,41.8206],[140.3018,41.815],[140.3146,41.81],[140.3249,41.8008],[140.333,41.8032],[140.3452,41.8004],[140.3581,41.7869],[140.3718,41.7942],[140.3781,41.8055],[140.388,41.8079],[140.398,41.8056],[140.4088,41.813],[140.4216,41.8132],[140.4305,41.808],[140.4346,41.8151],[140.4275,41.8249],[140.4282,41.8316],[140.4408,41.8384],[140.4604,41.8447],[140.4609,41.8511],[140.4506,41.8576],[140.448,41.8617],[140.4606,41.8637],[140.4642,41.8786],[140.4685,41.8826],[140.4736,41.9009],[140.459,41.9108],[140.4503,41.9213],[140.4529,41.9298],[140.4432,41.9373],[140.4571,41.9449],[140.4604,41.9519],[140.4707,41.9539],[140.4677,41.9594],[140.4692,41.9652],[140.4644,41.9758],[140.4644,41.9861],[140.4709,41.9935]]]}},{"type":"Feature","id":"Otobe","properties":{"id":"Otobe","code":1364,"name":"Otobe","name_full":"乙部町","name_ja":"乙部町","name_short_ja":"乙部","center_lonlat":[140.1833,42.022]},"geometry":{"type":"Polygon","coordinates":[[[140.0706,42.0601],[140.072,42.0544],[140.084,42.0458],[140.0863,42.0395],[140.0962,42.0329],[140.1002,42.0208],[140.1059,42.0131],[140.1033,42.0077],[140.1192,42.004],[140.1217,41.9999],[140.1273,41.9797],[140.1328,41.9749],[140.1267,41.9616],[140.1326,41.9526],[140.1406,41.9597],[140.1498,41.9627],[140.1547,41.9608],[140.1698,41.9625],[140.1833,41.9564],[140.1958,41.9589],[140.2225,41.9674],[140.2328,41.967],[140.2531,41.9771],[140.261,41.9762],[140.2663,41.9813],[140.2638,41.9869],[140.2714,41.9909],[140.2663,42.0044],[140.2624,42.0223],[140.2719,42.0277],[140.2707,42.0311],[140.28,42.0482],[140.2731,42.0539],[140.2574,42.0593],[140.248,42.0604],[140.2459,42.0654],[140.2384,42.0666],[140.2346,42.0711],[140.2202,42.0786],[140.2287,42.0851],[140.2215,42.093],[140.2124,42.088],[140.1986,42.0873],[140.1935,42.0794],[140.1931,42.0682],[140.175,42.0698],[140.1546,42.0642],[140.1464,42.0725],[140.1363,42.0691],[140.1082,42.0712],[140.1036,42.073],[140.087,42.0679],[140.0779,42.0617],[140.0706,42.0601]]]}},{"type":"Feature","id":"Okushiri","properties":{"id":"Okushiri","code":1367,"name":"Okushiri","name_full":"奥尻町","name_ja":"奥尻町","name_short_ja":"奥尻","center_lonlat":[139.4733,42.1554]},"geometry":{"type":"Polygon","coordinates":[[[139.5597,42.2494],[139.5499,42.2387],[139.537,42.2331],[139.4958,42.2262],[139.4809,42.2224],[139.4727,42.222],[139.4629,42.2158],[139.4421,42.2174],[139.4357,42.216],[139.4254,42.2048],[139.4255,42.1975],[139.4099,42.1803],[139.4066,42.1782],[139.4113,42.17],[139.4053,42.1643],[139.4128,42.1562],[139.416,42.1471],[139.4231,42.1362],[139.4229,42.1292],[139.4178,42.1146],[139.4229,42.1082],[139.4253,42.1006],[139.4232,42.0948],[139.4254,42.0872],[139.4212,42.0712],[139.4264,42.0714],[139.4347,42.0668],[139.4504,42.0609],[139.4576,42.0684],[139.4717,42.0717],[139.4772,42.0708],[139.4853,42.0742],[139.4961,42.0831],[139.4966,42.0881],[139.5049,42.0978],[139.5059,42.1078],[139.5119,42.1184],[139.5151,42.1305],[139.5195,42.138],[139.5177,42.143],[139.5226,42.154],[139.5166,42.1594],[139.5171,42.1764],[139.5215,42.1857],[139.5337,42.1974],[139.5456,42.2036],[139.5511,42.2105],[139.5513,42.2188],[139.5609,42.229],[139.5616,42.2421],[139.5597,42.2494]]]}},{"type":"Feature","id":"Imakane","properties":{"id":"Imakane","code":1370,"name":"Imakane","name_full":"今金町","name_ja":"今金町","name_short_ja":"今金","center_lonlat":[140.0937,42.4439]},"geometry":{"type":"Polygon","coordinates":[[[140.0146,42.2724],[140.0223,42.2733],[140.0268,42.2823],[140.0406,42.2838],[140.0506,42.2773],[140.0581,42.2793],[140.068,42.2911],[140.0857,42.3013],[140.0825,42.3074],[140.0868,42.3145],[140.0942,42.3156],[140.09,42.324],[140.0923,42.3294],[140.0856,42.3347],[140.0936,42.3375],[140.0977,42.342],[140.1176,42.3442],[140.1245,42.343],[140.131,42.3509],[140.133,42.3577],[140.147,42.3563],[140.1523,42.36],[140.1597,42.3722],[140.1695,42.3734],[140.1866,42.3789],[140.2056,42.3873],[140.212,42.3875],[140.2164,42.3926],[140.2306,42.3949],[140.2296,42.4],[140.2367,42.4033],[140.231,42.4096],[140.2254,42.4239],[140.2309,42.4307],[140.2262,42.4335],[140.2164,42.4468],[140.213,42.4481],[140.2157,42.4572],[140.2148,42.4666],[140.2109,42.4769],[140.2255,42.4864],[140.2358,42.5008],[140.2395,42.5152],[140.2555,42.5292],[140.2629,42.5404],[140.2661,42.5486],[140.2621,42.5528],[140.2547,42.5519],[140.2479,42.5559],[140.2492,42.5657],[140.245,42.5689],[140.232,42.566],[140.2286,42.5729],[140.2115,42.5726],[140.2011,42.5811],[140.1929,42.5826],[140.1892,42.5866],[140.191,42.5957],[140.1886,42.6032],[140.1851,42.612],[140.1768,42.6132],[140.1725,42.6177],[140.1515,42.6157],[140.1483,42.6004],[140.1579,42.5927],[140.1524,42.5798],[140.1434,42.5793],[140.1405,42.5692],[140.1415,42.5651],[140.1281,42.5606],[140.1229,42.5488],[140.117,42.5451],[140.1091,42.5457],[140.0981,42.5539],[140.0751,42.5594],[140.0623,42.5574],[140.0512,42.5537],[140.0372,42.5602],[140.0299,42.5558],[140.0288,42.545],[140.0133,42.5361],[140.0093,42.5314],[139.9892,42.5241],[139.9809,42.5156],[139.9696,42.5092],[139.9714,42.4989],[139.9834,42.4923],[139.9897,42.4828],[139.9903,42.4758],[139.9808,42.4622],[139.9761,42.4601],[139.9753,42.4524],[139.9691,42.4506],[139.967,42.4425],[139.9591,42.435],[139.958,42.4216],[139.9469,42.4173],[139.9376,42.4115],[139.9279,42.4143],[139.9223,42.4125],[139.9421,42.3992],[139.9522,42.3972],[139.9594,42.3913],[139.9524,42.3798],[139.952,42.3698],[139.9575,42.3635],[139.964,42.3445],[139.9618,42.3372],[139.9673,42.3314],[139.9714,42.3181],[139.9813,42.3105],[139.986,42.3019],[139.9891,42.2864],[139.9983,42.277],[140.0048,42.2729],[140.0146,42.2724]]]}},{"type":"Feature","id":"Setana","properties":{"id":"Setana","code":1371,"name":"Setana","name_full":"せたな町","name_ja":"せたな町","name_short_ja":"せたな","center_lonlat":[139.9019,42.3833]},"geometry":{"type":"Polygon","coordinates":[[[140.0299,42.5558],[140.0248,42.5585],[140.0218,42.5718],[140.0109,42.5798],[140.0013,42.5816],[139.9943,42.5778],[139.9711,42.583],[139.9666,42.5874],[139.9365,42.5889],[139.9317,42.596],[139.943,42.6076],[139.9391,42.6137],[139.9178,42.6125],[139.911,42.6167],[139.8872,42.6141],[139.8557,42.6089],[139.8457,42.6132],[139.8306,42.6144],[139.8232,42.6131],[139.8251,42.5997],[139.8233,42.5949],[139.8271,42.588],[139.8287,42.5775],[139.8331,42.574],[139.8361,42.5632],[139.8362,42.553],[139.84,42.5399],[139.8466,42.5256],[139.8426,42.5117],[139.8455,42.5019],[139.8435,42.4971],[139.8488,42.4933],[139.8464,42.4794],[139.8529,42.4657],[139.8477,42.4562],[139.8445,42.4437],[139.8461,42.4324],[139.836,42.4055],[139.8289,42.3934],[139.8163,42.3811],[139.8147,42.3744],[139.8024,42.3661],[139.7961,42.3563],[139.781,42.3529],[139.7723,42.3294],[139.7749,42.3262],[139.7693,42.3183],[139.7671,42.3025],[139.7718,42.3009],[139.7857,42.275],[139.7849,42.2701],[139.7749,42.262],[139.7793,42.2509],[139.7887,42.2441],[139.7934,42.2335],[139.7998,42.2289],[139.8121,42.2291],[139.814,42.2228],[139.8256,42.2241],[139.8372,42.2203],[139.848,42.2199],[139.8534,42.2164],[139.8638,42.219],[139.8806,42.2078],[139.8799,42.1983],[139.8823,42.1909],[139.8878,42.1859],[139.8949,42.1838],[139.8962,42.175],[139.9048,42.1658],[139.9123,42.1537],[139.9137,42.1477],[139.9216,42.1354],[139.9295,42.1398],[139.9278,42.1534],[139.9367,42.1679],[139.9371,42.1836],[139.9434,42.1898],[139.9514,42.1915],[139.963,42.2043],[139.9694,42.2058],[139.9789,42.2009],[139.9918,42.1977],[140.0037,42.2032],[140.003,42.2109],[140.0097,42.2188],[140.0162,42.2216],[140.0304,42.2203],[140.0382,42.223],[140.0345,42.2368],[140.0266,42.2477],[140.0301,42.2563],[140.021,42.2617],[140.0146,42.2724],[140.0048,42.2729],[139.9983,42.277],[139.9891,42.2864],[139.986,42.3019],[139.9813,42.3105],[139.9714,42.3181],[139.9673,42.3314],[139.9618,42.3372],[139.964,42.3445],[139.9575,42.3635],[139.952,42.3698],[139.9524,42.3798],[139.9594,42.3913],[139.9522,42.3972],[139.9421,42.3992],[139.9223,42.4125],[139.9279,42.4143],[139.9376,42.4115],[139.9469,42.4173],[139.958,42.4216],[139.9591,42.435],[139.967,42.4425],[139.9691,42.4506],[139.9753,42.4524],[139.9761,42.4601],[139.9808,42.4622],[139.9903,42.4758],[139.9897,42.4828],[139.9834,42.4923],[139.9714,42.4989],[139.9696,42.5092],[139.9809,42.5156],[139.9892,42.5241],[140.0093,42.5314],[140.0133,42.5361],[140.0288,42.545],[140.0299,42.5558]]]}},{"type":"Feature","id":"Shimamaki","properties":{"id":"Shimamaki","code":1391,"name":"Shimamaki","name_full":"島牧村","name_ja":"島牧村","name_short_ja":"島牧","center_lonlat":[140.0705,42.6555]},"geometry":{"type":"Polygon","coordinates":[[[140.0299,42.5558],[140.0372,42.5602],[140.0512,42.5537],[140.0623,42.5574],[140.0751,42.5594],[140.0981,42.5539],[140.1091,42.5457],[140.117,42.5451],[140.1229,42.5488],[140.1281,42.5606],[140.1415,42.5651],[140.1405,42.5692],[140.1434,42.5793],[140.1524,42.5798],[140.1579,42.5927],[140.1483,42.6004],[140.1515,42.6157],[140.1725,42.6177],[140.1768,42.6132],[140.1851,42.612],[140.1886,42.6032],[140.1935,42.6078],[140.2132,42.6104],[140.2155,42.608],[140.231,42.6151],[140.2304,42.6202],[140.2244,42.6232],[140.2316,42.6363],[140.2221,42.6512],[140.2155,42.6531],[140.2092,42.6682],[140.2114,42.6729],[140.2099,42.6816],[140.2156,42.6882],[140.2057,42.6978],[140.2076,42.706],[140.2011,42.7154],[140.1954,42.7179],[140.2149,42.7317],[140.2148,42.7362],[140.2232,42.7422],[140.2189,42.751],[140.2226,42.7606],[140.2149,42.7698],[140.2085,42.7723],[140.2101,42.7817],[140.2064,42.7889],[140.1988,42.7953],[140.1928,42.794],[140.1795,42.8013],[140.1732,42.8064],[140.1694,42.8044],[140.1644,42.7956],[140.1608,42.7946],[140.147,42.7712],[140.1503,42.767],[140.1443,42.7546],[140.1301,42.7465],[140.1188,42.7463],[140.1057,42.7362],[140.0955,42.736],[140.0781,42.7263],[140.0688,42.7234],[140.069,42.7182],[140.0645,42.713],[140.063,42.7045],[140.0403,42.6913],[140.0296,42.6878],[140.017,42.6892],[140.0019,42.6866],[139.9891,42.6921],[139.9824,42.6881],[139.9721,42.6911],[139.9566,42.688],[139.9407,42.6898],[139.9253,42.6882],[139.918,42.684],[139.8984,42.6798],[139.8796,42.6698],[139.8685,42.6656],[139.8618,42.6538],[139.856,42.6501],[139.8546,42.6411],[139.8421,42.6318],[139.8426,42.6267],[139.8263,42.6187],[139.8232,42.6131],[139.8306,42.6144],[139.8457,42.6132],[139.8557,42.6089],[139.8872,42.6141],[139.911,42.6167],[139.9178,42.6125],[139.9391,42.6137],[139.943,42.6076],[139.9317,42.596],[139.9365,42.5889],[139.9666,42.5874],[139.9711,42.583],[139.9943,42.5778],[140.0013,42.5816],[140.0109,42.5798],[140.0218,42.5718],[140.0248,42.5585],[140.0299,42.5558]]]}},{"type":"Feature","id":"Suttsu","properties":{"id":"Suttsu","code":1392,"name":"Suttsu","name_full":"寿都町","name_ja":"寿都町","name_short_ja":"寿都","center_lonlat":[140.344,42.7908]},"geometry":{"type":"Polygon","coordinates":[[[140.2232,42.7422],[140.252,42.7208],[140.2595,42.7229],[140.2571,42.7297],[140.2635,42.736],[140.2782,42.7304],[140.2984,42.725],[140.2961,42.7432],[140.2899,42.7455],[140.2909,42.7576],[140.2797,42.7608],[140.2823,42.7665],[140.2961,42.7706],[140.3157,42.7629],[140.3344,42.7654],[140.3406,42.7635],[140.3519,42.7658],[140.3634,42.7627],[140.3714,42.7692],[140.3716,42.7751],[140.3766,42.7854],[140.3805,42.7871],[140.3769,42.795],[140.38,42.8124],[140.3746,42.8182],[140.3779,42.824],[140.3716,42.8325],[140.3718,42.8384],[140.3676,42.8456],[140.3737,42.8504],[140.3659,42.8576],[140.3678,42.8658],[140.3586,42.8776],[140.3587,42.8736],[140.3466,42.8577],[140.3337,42.8476],[140.3265,42.8449],[140.3088,42.831],[140.305,42.8253],[140.3037,42.8127],[140.3101,42.7951],[140.3083,42.7857],[140.3044,42.7775],[140.2893,42.7715],[140.2663,42.7675],[140.2459,42.7682],[140.2399,42.7758],[140.2369,42.7849],[140.2381,42.7923],[140.2287,42.798],[140.2218,42.8058],[140.2047,42.8095],[140.187,42.8267],[140.1817,42.8172],[140.1732,42.8064],[140.1795,42.8013],[140.1928,42.794],[140.1988,42.7953],[140.2064,42.7889],[140.2101,42.7817],[140.2085,42.7723],[140.2149,42.7698],[140.2226,42.7606],[140.2189,42.751],[140.2232,42.7422]]]}},{"type":"Feature","id":"Kuromatsunai","properties":{"id":"Kuromatsunai","code":1393,"name":"Kuromatsunai","name_full":"黒松内町","name_ja":"黒松内町","name_short_ja":"黒松内","center_lonlat":[140.3639,42.6672]},"geometry":{"type":"Polygon","coordinates":[[[140.5448,42.603],[140.5454,42.6065],[140.5339,42.6129],[140.5332,42.6161],[140.5432,42.6211],[140.5567,42.6354],[140.5508,42.6414],[140.5413,42.6461],[140.5412,42.6522],[140.529,42.6569],[140.5206,42.6579],[140.5207,42.6645],[140.5145,42.6748],[140.5171,42.6796],[140.5091,42.6842],[140.5146,42.6898],[140.5136,42.6979],[140.5076,42.7004],[140.494,42.6994],[140.4663,42.6899],[140.4499,42.6962],[140.4412,42.6965],[140.4315,42.7049],[140.4101,42.7073],[140.405,42.7033],[140.396,42.7078],[140.3927,42.714],[140.3777,42.7262],[140.3635,42.7398],[140.3587,42.7489],[140.3634,42.7627],[140.3519,42.7658],[140.3406,42.7635],[140.3344,42.7654],[140.3157,42.7629],[140.2961,42.7706],[140.2823,42.7665],[140.2797,42.7608],[140.2909,42.7576],[140.2899,42.7455],[140.2961,42.7432],[140.2984,42.725],[140.2782,42.7304],[140.2635,42.736],[140.2571,42.7297],[140.2595,42.7229],[140.252,42.7208],[140.2232,42.7422],[140.2148,42.7362],[140.2149,42.7317],[140.1954,42.7179],[140.2011,42.7154],[140.2076,42.706],[140.2057,42.6978],[140.2156,42.6882],[140.2099,42.6816],[140.2114,42.6729],[140.2092,42.6682],[140.2155,42.6531],[140.2221,42.6512],[140.2316,42.6363],[140.2244,42.6232],[140.2304,42.6202],[140.231,42.6151],[140.2155,42.608],[140.222,42.6023],[140.2381,42.5976],[140.2483,42.6041],[140.2765,42.6041],[140.2917,42.6235],[140.2997,42.6222],[140.3177,42.6276],[140.3291,42.6218],[140.3444,42.6216],[140.3604,42.6138],[140.3711,42.6017],[140.3796,42.5984],[140.3855,42.5908],[140.3934,42.5931],[140.3988,42.5906],[140.4105,42.59],[140.4179,42.5962],[140.4259,42.5994],[140.4254,42.6065],[140.4331,42.6093],[140.4459,42.6087],[140.4527,42.6052],[140.4642,42.6074],[140.4824,42.5939],[140.49,42.5905],[140.5295,42.593],[140.5448,42.603]]]}},{"type":"Feature","id":"Rankoshi","properties":{"id":"Rankoshi","code":1394,"name":"Rankoshi","name_full":"蘭越町","name_ja":"蘭越町","name_short_ja":"蘭越","center_lonlat":[140.4911,42.8003]},"geometry":{"type":"Polygon","coordinates":[[[140.3634,42.7627],[140.3587,42.7489],[140.3635,42.7398],[140.3777,42.7262],[140.3927,42.714],[140.396,42.7078],[140.405,42.7033],[140.4101,42.7073],[140.4315,42.7049],[140.4412,42.6965],[140.4499,42.6962],[140.4663,42.6899],[140.494,42.6994],[140.5076,42.7004],[140.5136,42.6979],[140.5146,42.6898],[140.5091,42.6842],[140.5171,42.6796],[140.5145,42.6748],[140.5207,42.6645],[140.5206,42.6579],[140.529,42.6569],[140.5412,42.6522],[140.5413,42.6461],[140.5508,42.6414],[140.5567,42.6354],[140.5568,42.6435],[140.5664,42.6513],[140.5607,42.6552],[140.5685,42.6628],[140.5773,42.6647],[140.5742,42.6751],[140.5758,42.6794],[140.5696,42.683],[140.5654,42.7019],[140.5655,42.7123],[140.5623,42.7172],[140.5679,42.7275],[140.5749,42.7323],[140.5819,42.7425],[140.5815,42.7532],[140.5918,42.7704],[140.6012,42.781],[140.6042,42.7899],[140.6008,42.7963],[140.613,42.8053],[140.622,42.8016],[140.6322,42.8038],[140.6274,42.8253],[140.6233,42.8284],[140.62,42.8458],[140.6228,42.8541],[140.6206,42.8575],[140.6253,42.8647],[140.6365,42.8693],[140.6421,42.8772],[140.6372,42.8861],[140.6214,42.883],[140.618,42.8876],[140.6097,42.8892],[140.5896,42.8879],[140.5809,42.8907],[140.575,42.8989],[140.5656,42.9014],[140.5557,42.8964],[140.5349,42.9015],[140.5199,42.8992],[140.5117,42.9044],[140.5109,42.9107],[140.5037,42.9132],[140.4947,42.9121],[140.4817,42.9014],[140.4696,42.9036],[140.4569,42.9109],[140.4502,42.9078],[140.4351,42.9053],[140.4268,42.9075],[140.4149,42.9068],[140.3983,42.9112],[140.3809,42.9058],[140.3776,42.8975],[140.3634,42.8795],[140.3586,42.8776],[140.3678,42.8658],[140.3659,42.8576],[140.3737,42.8504],[140.3676,42.8456],[140.3718,42.8384],[140.3716,42.8325],[140.3779,42.824],[140.3746,42.8182],[140.38,42.8124],[140.3769,42.795],[140.3805,42.7871],[140.3766,42.7854],[140.3716,42.7751],[140.3714,42.7692],[140.3634,42.7627]]]}},{"type":"Feature","id":"Niseko","properties":{"id":"Niseko","code":1395,"name":"Niseko","name_full":"ニセコ町","name_ja":"ニセコ町","name_short_ja":"ニセコ","center_lonlat":[140.6742,42.7799]},"geometry":{"type":"Polygon","coordinates":[[[140.5623,42.7172],[140.5742,42.7157],[140.5911,42.7076],[140.6023,42.7072],[140.6126,42.7114],[140.6269,42.7103],[140.6349,42.7072],[140.6554,42.7103],[140.6694,42.7084],[140.6768,42.7101],[140.6912,42.7173],[140.7044,42.7178],[140.7187,42.7157],[140.7375,42.7155],[140.7457,42.7136],[140.7529,42.709],[140.7608,42.7109],[140.7646,42.7205],[140.7796,42.7224],[140.7682,42.7303],[140.7582,42.7308],[140.7587,42.7359],[140.7278,42.7373],[140.7201,42.7439],[140.7198,42.7573],[140.7267,42.7572],[140.7284,42.7771],[140.735,42.7768],[140.7357,42.7837],[140.7543,42.7834],[140.7573,42.7934],[140.8006,42.8217],[140.8068,42.8269],[140.7192,42.8439],[140.7149,42.8327],[140.7178,42.8291],[140.7023,42.8217],[140.6858,42.8457],[140.6718,42.8623],[140.6715,42.8653],[140.6513,42.878],[140.6421,42.8772],[140.6365,42.8693],[140.6253,42.8647],[140.6206,42.8575],[140.6228,42.8541],[140.62,42.8458],[140.6233,42.8284],[140.6274,42.8253],[140.6322,42.8038],[140.622,42.8016],[140.613,42.8053],[140.6008,42.7963],[140.6042,42.7899],[140.6012,42.781],[140.5918,42.7704],[140.5815,42.7532],[140.5819,42.7425],[140.5749,42.7323],[140.5679,42.7275],[140.5623,42.7172]]]}},{"type":"Feature","id":"Makkari","properties":{"id":"Makkari","code":1396,"name":"Makkari","name_full":"真狩村","name_ja":"真狩村","name_short_ja":"真狩","center_lonlat":[140.7983,42.7575]},"geometry":{"type":"Polygon","coordinates":[[[140.7529,42.709],[140.7606,42.702],[140.7624,42.6936],[140.7552,42.6796],[140.7569,42.6689],[140.7519,42.665],[140.7552,42.6595],[140.7775,42.6608],[140.778,42.6685],[140.7805,42.6756],[140.7793,42.6857],[140.7838,42.6959],[140.8026,42.6996],[140.8117,42.6978],[140.8203,42.7],[140.8162,42.7261],[140.8646,42.7671],[140.8821,42.7697],[140.9104,42.7725],[140.8068,42.8269],[140.8006,42.8217],[140.7573,42.7934],[140.7543,42.7834],[140.7357,42.7837],[140.735,42.7768],[140.7284,42.7771],[140.7267,42.7572],[140.7198,42.7573],[140.7201,42.7439],[140.7278,42.7373],[140.7587,42.7359],[140.7582,42.7308],[140.7682,42.7303],[140.7796,42.7224],[140.7646,42.7205],[140.7608,42.7109],[140.7529,42.709]]]}},{"type":"Feature","id":"Rusutsu","properties":{"id":"Rusutsu","code":1397,"name":"Rusutsu","name_full":"留寿都村","name_ja":"留寿都村","name_short_ja":"留寿都","center_lonlat":[140.9001,42.7184]},"geometry":{"type":"Polygon","coordinates":[[[141.0104,42.7164],[140.9387,42.7556],[140.9104,42.7725],[140.8821,42.7697],[140.8646,42.7671],[140.8162,42.7261],[140.8203,42.7],[140.8117,42.6978],[140.8026,42.6996],[140.7838,42.6959],[140.7793,42.6857],[140.7805,42.6756],[140.778,42.6685],[140.784,42.6705],[140.7986,42.6698],[140.8117,42.6781],[140.8422,42.6858],[140.8489,42.6966],[140.8575,42.6995],[140.883,42.6925],[140.8906,42.6877],[140.9084,42.6861],[140.9195,42.6885],[140.9279,42.6849],[140.9438,42.6841],[140.9533,42.6801],[140.9562,42.6754],[140.9675,42.6709],[140.9894,42.6836],[140.9907,42.6928],[140.9999,42.7052],[141.0107,42.7102],[141.0104,42.7164]]]}},{"type":"Feature","id":"Kimobetsu","properties":{"id":"Kimobetsu","code":1398,"name":"Kimobetsu","name_full":"喜茂別町","name_ja":"喜茂別町","name_short_ja":"喜茂別","center_lonlat":[141.0053,42.7983]},"geometry":{"type":"Polygon","coordinates":[[[141.0395,42.8854],[141.0343,42.8859],[140.9964,42.8447],[140.9917,42.8385],[140.9973,42.8266],[140.9951,42.8222],[140.9969,42.814],[140.9843,42.8071],[140.9659,42.8082],[140.9509,42.8047],[140.9319,42.8048],[140.9182,42.8086],[140.9076,42.8093],[140.8974,42.8153],[140.8739,42.8194],[140.8442,42.8219],[140.8068,42.8269],[140.9104,42.7725],[140.9387,42.7556],[141.0104,42.7164],[141.0341,42.7173],[141.0399,42.7157],[141.0427,42.733],[141.0582,42.7365],[141.072,42.7416],[141.0788,42.7481],[141.0817,42.7566],[141.0804,42.7707],[141.0896,42.7848],[141.0859,42.7974],[141.0778,42.8059],[141.0643,42.8116],[141.0652,42.8231],[141.071,42.8273],[141.0803,42.8239],[141.0932,42.823],[141.1007,42.8279],[141.0944,42.8428],[141.1036,42.8474],[141.0975,42.8554],[141.1017,42.8695],[141.1071,42.8727],[141.0993,42.8837],[141.0869,42.8792],[141.0794,42.8853],[141.048,42.8837],[141.0395,42.8854]]]}},{"type":"Feature","id":"Kyogoku","properties":{"id":"Kyogoku","code":1399,"name":"Kyogoku","name_full":"京極町","name_ja":"京極町","name_short_ja":"京極","center_lonlat":[140.9428,42.8877]},"geometry":{"type":"Polygon","coordinates":[[[140.9982,42.9861],[140.9831,42.9809],[140.9736,42.9812],[140.9677,42.9786],[140.9466,42.9782],[140.9372,42.9673],[140.9157,42.9546],[140.916,42.9496],[140.9236,42.9413],[140.9175,42.93],[140.8981,42.9239],[140.8907,42.9292],[140.8791,42.9292],[140.8731,42.9228],[140.8663,42.9212],[140.8633,42.9089],[140.8535,42.9003],[140.8507,42.8939],[140.8441,42.8884],[140.8445,42.8843],[140.8529,42.8727],[140.8519,42.8621],[140.8446,42.863],[140.8068,42.8269],[140.8442,42.8219],[140.8739,42.8194],[140.8974,42.8153],[140.9076,42.8093],[140.9182,42.8086],[140.9319,42.8048],[140.9509,42.8047],[140.9659,42.8082],[140.9843,42.8071],[140.9969,42.814],[140.9951,42.8222],[140.9973,42.8266],[140.9917,42.8385],[140.9964,42.8447],[141.0343,42.8859],[141.0395,42.8854],[141.0339,42.9063],[141.0269,42.9127],[141.0336,42.9176],[141.0428,42.9364],[141.0481,42.9402],[141.0527,42.9526],[141.0405,42.958],[141.0255,42.9613],[141.0136,42.9654],[141.0081,42.9715],[141.0064,42.9786],[140.9982,42.9861]]]}},{"type":"Feature","id":"Kutchan","properties":{"id":"Kutchan","code":1400,"name":"Kutchan","name_full":"倶知安町","name_ja":"倶知安町","name_short_ja":"倶知安","center_lonlat":[140.7795,42.9137]},"geometry":{"type":"Polygon","coordinates":[[[140.6421,42.8772],[140.6513,42.878],[140.6715,42.8653],[140.6718,42.8623],[140.6858,42.8457],[140.7023,42.8217],[140.7178,42.8291],[140.7149,42.8327],[140.7192,42.8439],[140.8068,42.8269],[140.8446,42.863],[140.8519,42.8621],[140.8529,42.8727],[140.8445,42.8843],[140.8441,42.8884],[140.8507,42.8939],[140.8535,42.9003],[140.8633,42.9089],[140.8663,42.9212],[140.8731,42.9228],[140.8791,42.9292],[140.8907,42.9292],[140.8981,42.9239],[140.9175,42.93],[140.9236,42.9413],[140.916,42.9496],[140.9157,42.9546],[140.9158,42.9603],[140.9104,42.9627],[140.9042,42.9755],[140.8875,42.9738],[140.8727,42.9752],[140.8649,42.9726],[140.8539,42.9817],[140.849,42.994],[140.8374,42.9949],[140.8333,43.0043],[140.822,43.0078],[140.8108,43.0017],[140.8007,43.0037],[140.7967,43.0109],[140.7904,43.0095],[140.7845,43.0138],[140.776,43.0151],[140.7714,43.0127],[140.7669,43.0088],[140.7632,42.9959],[140.76,42.991],[140.7603,42.9832],[140.757,42.9776],[140.7479,42.9756],[140.7362,42.9612],[140.7374,42.9469],[140.7363,42.9386],[140.7279,42.9383],[140.7291,42.9324],[140.7213,42.9252],[140.7082,42.9204],[140.6866,42.9211],[140.6718,42.913],[140.6463,42.9123],[140.6335,42.9081],[140.6249,42.8999],[140.618,42.8876],[140.6214,42.883],[140.6372,42.8861],[140.6421,42.8772]]]}},{"type":"Feature","id":"Kyowa","properties":{"id":"Kyowa","code":1401,"name":"Kyowa","name_full":"共和町","name_ja":"共和町","name_short_ja":"共和","center_lonlat":[140.6273,42.9883]},"geometry":{"type":"Polygon","coordinates":[[[140.618,42.8876],[140.6249,42.8999],[140.6335,42.9081],[140.6463,42.9123],[140.6718,42.913],[140.6866,42.9211],[140.7082,42.9204],[140.7213,42.9252],[140.7291,42.9324],[140.7279,42.9383],[140.7363,42.9386],[140.7374,42.9469],[140.7362,42.9612],[140.7479,42.9756],[140.757,42.9776],[140.7603,42.9832],[140.76,42.991],[140.7632,42.9959],[140.7669,43.0088],[140.7714,43.0127],[140.7641,43.0134],[140.7528,43.0107],[140.7446,43.0115],[140.7358,43.0188],[140.7293,43.0162],[140.7218,43.024],[140.7161,43.0256],[140.7117,43.0328],[140.7006,43.0345],[140.7011,43.042],[140.6883,43.05],[140.6858,43.0571],[140.681,43.0573],[140.6643,43.0735],[140.6513,43.0753],[140.6434,43.0738],[140.6335,43.0798],[140.6192,43.0801],[140.6136,43.0782],[140.6009,43.0903],[140.5906,43.0956],[140.5704,43.0915],[140.5673,43.0868],[140.5558,43.0809],[140.5512,43.0745],[140.5418,43.0683],[140.5419,43.0579],[140.5302,43.0432],[140.5364,43.0335],[140.5291,43.0283],[140.5303,43.0208],[140.529,43.006],[140.523,42.9989],[140.523,42.9906],[140.531,42.9888],[140.5349,42.9015],[140.5557,42.8964],[140.5656,42.9014],[140.575,42.8989],[140.5809,42.8907],[140.5896,42.8879],[140.6097,42.8892],[140.618,42.8876]]]}},{"type":"Feature","id":"Iwanai","properties":{"id":"Iwanai","code":1402,"name":"Iwanai","name_full":"岩内町","name_ja":"岩内町","name_short_ja":"岩内","center_lonlat":[140.4784,42.9372]},"geometry":{"type":"Polygon","coordinates":[[[140.5349,42.9015],[140.531,42.9888],[140.523,42.9906],[140.523,42.9989],[140.519,42.9886],[140.5133,42.9838],[140.5068,42.9857],[140.5022,42.9808],[140.491,42.9772],[140.4871,42.9735],[140.473,42.9679],[140.4426,42.9516],[140.4293,42.9477],[140.4159,42.9415],[140.4122,42.9337],[140.3958,42.9219],[140.3809,42.9058],[140.3983,42.9112],[140.4149,42.9068],[140.4268,42.9075],[140.4351,42.9053],[140.4502,42.9078],[140.4569,42.9109],[140.4696,42.9036],[140.4817,42.9014],[140.4947,42.9121],[140.5037,42.9132],[140.5109,42.9107],[140.5117,42.9044],[140.5199,42.8992],[140.5349,42.9015]]]}},{"type":"Feature","id":"Tomari","properties":{"id":"Tomari","code":1403,"name":"Tomari","name_full":"泊村","name_ja":"泊村","name_short_ja":"泊村","center_lonlat":[140.5155,43.1007]},"geometry":{"type":"Polygon","coordinates":[[[140.5906,43.0956],[140.581,43.1018],[140.5846,43.1083],[140.5719,43.1158],[140.5581,43.1137],[140.5475,43.1241],[140.5541,43.1293],[140.5559,43.1412],[140.55,43.1443],[140.5466,43.1577],[140.5406,43.1599],[140.5239,43.1501],[140.5156,43.1495],[140.5061,43.1379],[140.4997,43.1401],[140.4898,43.1383],[140.4854,43.142],[140.4692,43.1471],[140.4593,43.1255],[140.4453,43.1186],[140.4504,43.1083],[140.4592,43.1049],[140.4651,43.0888],[140.4644,43.0849],[140.4756,43.0818],[140.4858,43.076],[140.4952,43.0646],[140.4947,43.0592],[140.5002,43.0551],[140.5062,43.0396],[140.5127,43.0311],[140.5227,43.0314],[140.5291,43.0283],[140.5364,43.0335],[140.5302,43.0432],[140.5419,43.0579],[140.5418,43.0683],[140.5512,43.0745],[140.5558,43.0809],[140.5673,43.0868],[140.5704,43.0915],[140.5906,43.0956]]]}},{"type":"Feature","id":"Kamoenai","properties":{"id":"Kamoenai","code":1404,"name":"Kamoenai","name_full":"神恵内村","name_ja":"神恵内村","name_short_ja":"神恵内","center_lonlat":[140.4331,43.1938]},"geometry":{"type":"Polygon","coordinates":[[[140.5406,43.1599],[140.5331,43.1648],[140.5345,43.1706],[140.5316,43.18],[140.5275,43.1851],[140.5292,43.1903],[140.5382,43.2003],[140.5314,43.2061],[140.532,43.2118],[140.5263,43.2139],[140.5222,43.2117],[140.498,43.2161],[140.4845,43.2172],[140.4723,43.2275],[140.4722,43.2357],[140.4661,43.2455],[140.4589,43.2433],[140.4526,43.2367],[140.4365,43.2339],[140.4358,43.2295],[140.4263,43.2251],[140.4186,43.2288],[140.4145,43.2344],[140.4081,43.2319],[140.3973,43.2337],[140.3892,43.238],[140.3744,43.2396],[140.3674,43.2501],[140.3574,43.2511],[140.3622,43.2639],[140.3514,43.2772],[140.3364,43.2818],[140.3438,43.276],[140.341,43.2664],[140.3324,43.2595],[140.3341,43.2461],[140.3269,43.2332],[140.3247,43.221],[140.3382,43.2115],[140.3465,43.1996],[140.3483,43.1932],[140.359,43.1804],[140.3687,43.1768],[140.3761,43.1702],[140.3896,43.1626],[140.4004,43.1591],[140.422,43.1455],[140.4295,43.1424],[140.4281,43.1371],[140.4339,43.1304],[140.4416,43.1274],[140.4453,43.1186],[140.4593,43.1255],[140.4692,43.1471],[140.4854,43.142],[140.4898,43.1383],[140.4997,43.1401],[140.5061,43.1379],[140.5156,43.1495],[140.5239,43.1501],[140.5406,43.1599]]]}},{"type":"Feature","id":"Shakotan","properties":{"id":"Shakotan","code":1405,"name":"Shakotan","name_full":"積丹町","name_ja":"積丹町","name_short_ja":"積丹","center_lonlat":[140.4779,43.2879]},"geometry":{"type":"Polygon","coordinates":[[[140.5263,43.2139],[140.5264,43.2244],[140.5413,43.234],[140.5601,43.2387],[140.567,43.238],[140.577,43.2431],[140.5832,43.2506],[140.5922,43.2543],[140.5977,43.2631],[140.5985,43.2719],[140.6076,43.2803],[140.6172,43.2829],[140.6209,43.2888],[140.63,43.2948],[140.6167,43.2968],[140.6068,43.2957],[140.5935,43.3029],[140.5898,43.3082],[140.5789,43.3105],[140.5702,43.3226],[140.5623,43.3244],[140.5403,43.3434],[140.5336,43.3457],[140.5267,43.3532],[140.5255,43.3588],[140.5115,43.3573],[140.5034,43.3702],[140.4927,43.3717],[140.4828,43.3757],[140.4777,43.3733],[140.4614,43.3712],[140.4681,43.3653],[140.4642,43.3546],[140.4587,43.3496],[140.4595,43.3443],[140.4462,43.3357],[140.424,43.3289],[140.409,43.3328],[140.4007,43.3306],[140.3885,43.3321],[140.3816,43.3294],[140.3599,43.3316],[140.3561,43.3251],[140.3569,43.3144],[140.3552,43.3017],[140.3504,43.2952],[140.3473,43.2855],[140.3364,43.2818],[140.3514,43.2772],[140.3622,43.2639],[140.3574,43.2511],[140.3674,43.2501],[140.3744,43.2396],[140.3892,43.238],[140.3973,43.2337],[140.4081,43.2319],[140.4145,43.2344],[140.4186,43.2288],[140.4263,43.2251],[140.4358,43.2295],[140.4365,43.2339],[140.4526,43.2367],[140.4589,43.2433],[140.4661,43.2455],[140.4722,43.2357],[140.4723,43.2275],[140.4845,43.2172],[140.498,43.2161],[140.5222,43.2117],[140.5263,43.2139]]]}},{"type":"Feature","id":"Furubira","properties":{"id":"Furubira","code":1406,"name":"Furubira","name_full":"古平町","name_ja":"古平町","name_short_ja":"古平","center_lonlat":[140.6098,43.188]},"geometry":{"type":"Polygon","coordinates":[[[140.6335,43.0798],[140.6332,43.0922],[140.6378,43.0943],[140.6386,43.1028],[140.6569,43.1131],[140.6494,43.124],[140.656,43.1327],[140.65,43.148],[140.649,43.1587],[140.6531,43.1723],[140.6535,43.182],[140.6583,43.1834],[140.6722,43.1812],[140.6845,43.1862],[140.6938,43.1934],[140.6869,43.204],[140.6817,43.2081],[140.6837,43.2121],[140.6745,43.2204],[140.6785,43.2252],[140.6987,43.236],[140.6974,43.2439],[140.7003,43.2507],[140.6724,43.2579],[140.6593,43.2594],[140.6462,43.2629],[140.6398,43.267],[140.6364,43.2749],[140.6445,43.2807],[140.6428,43.2869],[140.6345,43.2859],[140.63,43.2948],[140.6209,43.2888],[140.6172,43.2829],[140.6076,43.2803],[140.5985,43.2719],[140.5977,43.2631],[140.5922,43.2543],[140.5832,43.2506],[140.577,43.2431],[140.567,43.238],[140.5601,43.2387],[140.5413,43.234],[140.5264,43.2244],[140.5263,43.2139],[140.532,43.2118],[140.5314,43.2061],[140.5382,43.2003],[140.5292,43.1903],[140.5275,43.1851],[140.5316,43.18],[140.5345,43.1706],[140.5331,43.1648],[140.5406,43.1599],[140.5466,43.1577],[140.55,43.1443],[140.5559,43.1412],[140.5541,43.1293],[140.5475,43.1241],[140.5581,43.1137],[140.5719,43.1158],[140.5846,43.1083],[140.581,43.1018],[140.5906,43.0956],[140.6009,43.0903],[140.6136,43.0782],[140.6192,43.0801],[140.6335,43.0798]]]}},{"type":"Feature","id":"Niki","properties":{"id":"Niki","code":1407,"name":"Niki","name_full":"仁木町","name_ja":"仁木町","name_short_ja":"仁木","center_lonlat":[140.7351,43.0909]},"geometry":{"type":"Polygon","coordinates":[[[140.8333,43.0043],[140.8262,43.0101],[140.8255,43.0194],[140.8225,43.0214],[140.8192,43.0328],[140.8047,43.0451],[140.7992,43.0469],[140.7982,43.0529],[140.7891,43.0575],[140.7831,43.0552],[140.7703,43.0613],[140.7631,43.0708],[140.7631,43.0863],[140.7648,43.0967],[140.7806,43.1073],[140.7912,43.1089],[140.7997,43.1078],[140.8079,43.1121],[140.8072,43.1167],[140.8161,43.1204],[140.8279,43.1165],[140.8303,43.1213],[140.8275,43.128],[140.8138,43.139],[140.8028,43.1429],[140.7994,43.1471],[140.8019,43.1523],[140.7874,43.1717],[140.7826,43.175],[140.7752,43.1663],[140.7641,43.1663],[140.728,43.1574],[140.7221,43.1513],[140.7069,43.1448],[140.6974,43.145],[140.6891,43.1419],[140.6812,43.1484],[140.6696,43.151],[140.6624,43.1478],[140.65,43.148],[140.656,43.1327],[140.6494,43.124],[140.6569,43.1131],[140.6386,43.1028],[140.6378,43.0943],[140.6332,43.0922],[140.6335,43.0798],[140.6434,43.0738],[140.6513,43.0753],[140.6643,43.0735],[140.681,43.0573],[140.6858,43.0571],[140.6883,43.05],[140.7011,43.042],[140.7006,43.0345],[140.7117,43.0328],[140.7161,43.0256],[140.7218,43.024],[140.7293,43.0162],[140.7358,43.0188],[140.7446,43.0115],[140.7528,43.0107],[140.7641,43.0134],[140.7714,43.0127],[140.776,43.0151],[140.7845,43.0138],[140.7904,43.0095],[140.7967,43.0109],[140.8007,43.0037],[140.8108,43.0017],[140.822,43.0078],[140.8333,43.0043]]]}},{"type":"Feature","id":"Yoichi","properties":{"id":"Yoichi","code":1408,"name":"Yoichi","name_full":"余市町","name_ja":"余市町","name_short_ja":"余市","center_lonlat":[140.7747,43.1763]},"geometry":{"type":"Polygon","coordinates":[[[140.8448,43.2004],[140.8439,43.1978],[140.8152,43.1939],[140.791,43.1947],[140.776,43.2025],[140.7756,43.2133],[140.7786,43.2165],[140.7772,43.2245],[140.7626,43.2272],[140.7587,43.2263],[140.7397,43.2336],[140.7175,43.249],[140.7003,43.2507],[140.6974,43.2439],[140.6987,43.236],[140.6785,43.2252],[140.6745,43.2204],[140.6837,43.2121],[140.6817,43.2081],[140.6869,43.204],[140.6938,43.1934],[140.6845,43.1862],[140.6722,43.1812],[140.6583,43.1834],[140.6535,43.182],[140.6531,43.1723],[140.649,43.1587],[140.65,43.148],[140.6624,43.1478],[140.6696,43.151],[140.6812,43.1484],[140.6891,43.1419],[140.6974,43.145],[140.7069,43.1448],[140.7221,43.1513],[140.728,43.1574],[140.7641,43.1663],[140.7752,43.1663],[140.7826,43.175],[140.7874,43.1717],[140.8019,43.1523],[140.7994,43.1471],[140.8028,43.1429],[140.8138,43.139],[140.8275,43.128],[140.8303,43.1213],[140.8279,43.1165],[140.8388,43.1146],[140.8443,43.1111],[140.8611,43.1223],[140.8685,43.1255],[140.8733,43.1233],[140.8931,43.1287],[140.9079,43.1268],[140.9131,43.1323],[140.9204,43.1303],[140.9238,43.1394],[140.9235,43.1515],[140.9133,43.1571],[140.9,43.16],[140.8833,43.1677],[140.8665,43.1652],[140.8587,43.168],[140.8598,43.1729],[140.8539,43.1777],[140.8462,43.188],[140.8476,43.1933],[140.8448,43.2004]]]}},{"type":"Feature","id":"Akaigawa","properties":{"id":"Akaigawa","code":1409,"name":"Akaigawa","name_full":"赤井川村","name_ja":"赤井川村","name_short_ja":"赤井川","center_lonlat":[140.9065,43.0551]},"geometry":{"type":"Polygon","coordinates":[[[141.045,43.0608],[141.0271,43.0662],[141.025,43.071],[141.0169,43.0743],[141.0091,43.0858],[141.0077,43.091],[141.0005,43.0965],[141.0034,43.1087],[140.9952,43.1167],[140.9988,43.1268],[140.9759,43.1297],[140.9745,43.1251],[140.967,43.1258],[140.9521,43.1314],[140.9384,43.1305],[140.9318,43.1274],[140.9204,43.1303],[140.9131,43.1323],[140.9079,43.1268],[140.8931,43.1287],[140.8733,43.1233],[140.8685,43.1255],[140.8611,43.1223],[140.8443,43.1111],[140.8388,43.1146],[140.8279,43.1165],[140.8161,43.1204],[140.8072,43.1167],[140.8079,43.1121],[140.7997,43.1078],[140.7912,43.1089],[140.7806,43.1073],[140.7648,43.0967],[140.7631,43.0863],[140.7631,43.0708],[140.7703,43.0613],[140.7831,43.0552],[140.7891,43.0575],[140.7982,43.0529],[140.7992,43.0469],[140.8047,43.0451],[140.8192,43.0328],[140.8225,43.0214],[140.8255,43.0194],[140.8262,43.0101],[140.8333,43.0043],[140.8374,42.9949],[140.849,42.994],[140.8539,42.9817],[140.8649,42.9726],[140.8727,42.9752],[140.8875,42.9738],[140.9042,42.9755],[140.9104,42.9627],[140.9158,42.9603],[140.9157,42.9546],[140.9372,42.9673],[140.9466,42.9782],[140.9677,42.9786],[140.9736,42.9812],[140.9831,42.9809],[140.9982,42.9861],[140.9929,42.9946],[140.9991,43.0007],[141.0,43.0127],[140.9933,43.0172],[140.9912,43.0236],[140.9991,43.0255],[141.011,43.0334],[141.0182,43.0322],[141.0261,43.0361],[141.033,43.043],[141.0449,43.0514],[141.045,43.0608]]]}},{"type":"Feature","id":"Nanporo","properties":{"id":"Nanporo","code":1423,"name":"Nanporo","name_full":"南幌町","name_ja":"南幌町","name_short_ja":"南幌","center_lonlat":[141.6334,43.0597]},"geometry":{"type":"Polygon","coordinates":[[[141.6688,43.1207],[141.5833,43.077],[141.5908,43.0748],[141.5879,43.0694],[141.5893,43.0553],[141.5748,43.05],[141.574,43.0435],[141.5643,43.0355],[141.5687,43.0248],[141.5808,43.0166],[141.5797,43.0091],[141.5946,42.9973],[141.6002,42.996],[141.6098,42.9995],[141.6102,43.0035],[141.6238,43.0132],[141.6302,43.0227],[141.6371,43.0212],[141.649,43.0297],[141.6631,43.0311],[141.6619,43.0369],[141.6657,43.0446],[141.6757,43.044],[141.6837,43.0515],[141.6793,43.0574],[141.6905,43.0672],[141.7022,43.0688],[141.703,43.0753],[141.7098,43.0783],[141.7044,43.0831],[141.6688,43.1207]]]}},{"type":"Feature","id":"Naie","properties":{"id":"Naie","code":1424,"name":"Naie","name_full":"奈井江町","name_ja":"奈井江町","name_short_ja":"奈井江","center_lonlat":[141.925,43.4183]},"geometry":{"type":"Polygon","coordinates":[[[142.0502,43.4014],[142.0538,43.4056],[142.0512,43.4149],[142.0532,43.4226],[142.0477,43.4251],[142.0324,43.4251],[142.0301,43.4218],[142.0143,43.4217],[142.0134,43.4178],[141.9721,43.409],[141.9715,43.4162],[141.9831,43.43],[141.9817,43.4399],[141.9828,43.4506],[141.9681,43.4563],[141.9453,43.4493],[141.8716,43.4606],[141.8701,43.4563],[141.8739,43.4505],[141.8657,43.443],[141.8587,43.438],[141.8496,43.4374],[141.8446,43.428],[141.8378,43.4207],[141.8334,43.4112],[141.8262,43.4093],[141.823,43.4006],[141.8571,43.3952],[141.8586,43.4005],[141.9048,43.392],[141.9144,43.3932],[141.9279,43.3839],[141.9333,43.3766],[141.9433,43.3792],[141.9548,43.3773],[141.967,43.372],[141.9787,43.383],[141.9828,43.3916],[141.9962,43.3949],[142.001,43.4013],[142.0084,43.4051],[142.0198,43.4181],[142.0323,43.4186],[142.0347,43.4135],[142.0446,43.4112],[142.0502,43.4014]]]}},{"type":"Feature","id":"Kamisunagawa","properties":{"id":"Kamisunagawa","code":1425,"name":"Kamisunagawa","name_full":"上砂川町","name_ja":"上砂川町","name_short_ja":"上砂川","center_lonlat":[142.0037,43.4486]},"geometry":{"type":"Polygon","coordinates":[[[142.0724,43.4365],[142.0601,43.4376],[142.0512,43.4407],[142.0296,43.4577],[142.0193,43.4708],[142.018,43.4805],[142.0083,43.4784],[142.0023,43.4832],[141.9918,43.4827],[141.9821,43.4849],[141.9692,43.4844],[141.9493,43.4849],[141.9458,43.4763],[141.9759,43.4717],[141.9636,43.4603],[141.9544,43.458],[141.9523,43.4534],[141.9453,43.4493],[141.9681,43.4563],[141.9828,43.4506],[141.9817,43.4399],[141.9831,43.43],[141.9715,43.4162],[141.9721,43.409],[142.0134,43.4178],[142.0143,43.4217],[142.0301,43.4218],[142.0324,43.4251],[142.0477,43.4251],[142.0532,43.4226],[142.0593,43.4248],[142.06,43.4299],[142.0724,43.4365]]]}},{"type":"Feature","id":"Yuni","properties":{"id":"Yuni","code":1427,"name":"Yuni","name_full":"由仁町","name_ja":"由仁町","name_short_ja":"由仁","center_lonlat":[141.8623,42.9412]},"geometry":{"type":"Polygon","coordinates":[[[141.9626,42.9134],[141.9528,42.9165],[141.9335,42.9026],[141.9217,42.9049],[141.9125,42.9166],[141.9041,42.922],[141.8948,42.925],[141.8909,42.9372],[141.8767,42.9433],[141.8711,42.9496],[141.8741,42.9582],[141.8695,42.9667],[141.8576,42.9672],[141.8618,42.9746],[141.8594,42.9838],[141.8553,42.9893],[141.8461,42.984],[141.8403,42.9886],[141.8401,42.9971],[141.8317,42.9982],[141.8254,43.0063],[141.812,43.0148],[141.8116,43.0215],[141.8013,43.0276],[141.7916,43.0258],[141.7896,43.0206],[141.7668,43.0319],[141.7674,43.04],[141.7616,43.043],[141.7638,43.0476],[141.7579,43.0484],[141.7552,43.0376],[141.7564,43.032],[141.7477,43.0262],[141.7556,43.0139],[141.7544,42.9961],[141.747,42.9912],[141.7461,42.9788],[141.7547,42.9708],[141.7558,42.9532],[141.7625,42.9509],[141.7765,42.9402],[141.7814,42.9323],[141.7914,42.929],[141.8042,42.9312],[141.8074,42.9293],[141.8222,42.9298],[141.8286,42.9274],[141.8411,42.9292],[141.8524,42.933],[141.8593,42.9309],[141.87,42.922],[141.8811,42.9128],[141.8966,42.9055],[141.9168,42.898],[141.9175,42.8901],[141.9287,42.888],[141.9371,42.8829],[141.9439,42.8711],[141.951,42.8627],[141.9544,42.8544],[141.9623,42.8433],[141.9754,42.8417],[141.9803,42.8374],[141.9879,42.8417],[141.9957,42.8494],[142.0064,42.8449],[142.0149,42.8486],[142.0233,42.8494],[142.0334,42.858],[142.0436,42.8624],[142.0367,42.8621],[142.0288,42.8668],[142.0095,42.8631],[142.0014,42.8802],[141.9953,42.8893],[141.9898,42.9037],[141.9779,42.9062],[141.9626,42.9134]]]}},{"type":"Feature","id":"Naganuma","properties":{"id":"Naganuma","code":1428,"name":"Naganuma","name_full":"長沼町","name_ja":"長沼町","name_short_ja":"長沼","center_lonlat":[141.695,42.9894]},"geometry":{"type":"Polygon","coordinates":[[[141.7044,43.0831],[141.7098,43.0783],[141.703,43.0753],[141.7022,43.0688],[141.6905,43.0672],[141.6793,43.0574],[141.6837,43.0515],[141.6757,43.044],[141.6657,43.0446],[141.6619,43.0369],[141.6631,43.0311],[141.649,43.0297],[141.6371,43.0212],[141.6302,43.0227],[141.6238,43.0132],[141.6102,43.0035],[141.6098,42.9995],[141.6002,42.996],[141.5946,42.9973],[141.5797,43.0091],[141.5871,42.996],[141.5949,42.9921],[141.5958,42.9847],[141.6049,42.987],[141.6215,42.9835],[141.6251,42.9804],[141.6207,42.9747],[141.6332,42.9689],[141.6339,42.957],[141.6373,42.9502],[141.6453,42.9487],[141.6527,42.9414],[141.6496,42.9325],[141.6515,42.9261],[141.6591,42.9172],[141.6599,42.9123],[141.652,42.9065],[141.6547,42.9016],[141.6507,42.8955],[141.6529,42.8889],[141.6641,42.885],[141.6696,42.8891],[141.6732,42.8984],[141.6819,42.9109],[141.6887,42.9083],[141.6926,42.8995],[141.7006,42.8956],[141.7073,42.8998],[141.7053,42.9065],[141.7098,42.915],[141.7176,42.9157],[141.731,42.9224],[141.7407,42.9233],[141.7469,42.9347],[141.7532,42.9381],[141.7566,42.9446],[141.7558,42.9532],[141.7547,42.9708],[141.7461,42.9788],[141.747,42.9912],[141.7544,42.9961],[141.7556,43.0139],[141.7477,43.0262],[141.7564,43.032],[141.7552,43.0376],[141.7579,43.0484],[141.7638,43.0476],[141.7694,43.0511],[141.7669,43.0629],[141.7598,43.0736],[141.7552,43.0757],[141.7485,43.0797],[141.7423,43.0754],[141.737,43.0813],[141.7139,43.0817],[141.7044,43.0831]]]}},{"type":"Feature","id":"Kuriyama","properties":{"id":"Kuriyama","code":1429,"name":"Kuriyama","name_full":"栗山町","name_ja":"栗山町","name_short_ja":"栗山","center_lonlat":[141.8709,43.0269]},"geometry":{"type":"Polygon","coordinates":[[[141.9376,43.1017],[141.9282,43.1056],[141.9208,43.106],[141.9142,43.1145],[141.9042,43.1111],[141.8851,43.1238],[141.8854,43.1293],[141.8669,43.1302],[141.8515,43.124],[141.8315,43.1118],[141.8218,43.1029],[141.8128,43.1027],[141.7911,43.0937],[141.7825,43.0869],[141.7552,43.0757],[141.7598,43.0736],[141.7669,43.0629],[141.7694,43.0511],[141.7638,43.0476],[141.7616,43.043],[141.7674,43.04],[141.7668,43.0319],[141.7896,43.0206],[141.7916,43.0258],[141.8013,43.0276],[141.8116,43.0215],[141.812,43.0148],[141.8254,43.0063],[141.8317,42.9982],[141.8401,42.9971],[141.8403,42.9886],[141.8461,42.984],[141.8553,42.9893],[141.8594,42.9838],[141.8618,42.9746],[141.8576,42.9672],[141.8695,42.9667],[141.8741,42.9582],[141.8711,42.9496],[141.8767,42.9433],[141.8909,42.9372],[141.8948,42.925],[141.9041,42.922],[141.9125,42.9166],[141.9217,42.9049],[141.9335,42.9026],[141.9528,42.9165],[141.9626,42.9134],[141.9715,42.9205],[141.9719,42.935],[141.9694,42.9455],[141.9556,42.9496],[141.9528,42.9537],[141.9523,42.9667],[141.9463,42.9709],[141.9512,42.9777],[141.9505,42.9917],[141.9406,42.997],[141.9192,42.9939],[141.9099,43.0083],[141.9077,43.0144],[141.9135,43.0211],[141.9126,43.0293],[141.9063,43.0352],[141.9054,43.043],[141.9121,43.0475],[141.9147,43.0558],[141.9133,43.0702],[141.9178,43.0757],[141.9128,43.0904],[141.9159,43.0944],[141.9261,43.0986],[141.9386,43.0979],[141.9376,43.1017]]]}},{"type":"Feature","id":"Tsukigata","properties":{"id":"Tsukigata","code":1430,"name":"Tsukigata","name_full":"月形町","name_ja":"月形町","name_short_ja":"月形","center_lonlat":[141.6731,43.3698]},"geometry":{"type":"Polygon","coordinates":[[[141.6944,43.3315],[141.7023,43.3456],[141.7142,43.3504],[141.7283,43.3509],[141.7497,43.3551],[141.7589,43.3506],[141.763,43.3565],[141.7607,43.3616],[141.7733,43.3794],[141.7667,43.3828],[141.7577,43.3928],[141.7444,43.3957],[141.7384,43.3997],[141.7396,43.4042],[141.7341,43.4108],[141.7364,43.4237],[141.7295,43.432],[141.7208,43.4382],[141.7331,43.4468],[141.7285,43.4553],[141.7223,43.4596],[141.7129,43.4539],[141.7026,43.4569],[141.6916,43.4462],[141.681,43.4418],[141.6762,43.4359],[141.6669,43.4355],[141.6618,43.4327],[141.6597,43.4261],[141.6524,43.4219],[141.6521,43.4142],[141.6451,43.4139],[141.6415,43.4063],[141.6332,43.4025],[141.6199,43.3912],[141.6094,43.3857],[141.6005,43.3853],[141.596,43.3808],[141.5974,43.365],[141.5958,43.3607],[141.5825,43.3511],[141.5921,43.3423],[141.5969,43.3417],[141.6044,43.3313],[141.6057,43.3235],[141.6012,43.3185],[141.6086,43.3082],[141.6112,43.2898],[141.6268,43.2896],[141.62,43.2835],[141.6543,43.2861],[141.6571,43.2924],[141.6676,43.2877],[141.6751,43.2873],[141.6715,43.3007],[141.6663,43.3087],[141.6884,43.3242],[141.6776,43.3329],[141.6768,43.3377],[141.6944,43.3315]]]}},{"type":"Feature","id":"Urausu","properties":{"id":"Urausu","code":1431,"name":"Urausu","name_full":"浦臼町","name_ja":"浦臼町","name_short_ja":"浦臼","center_lonlat":[141.7892,43.4386]},"geometry":{"type":"Polygon","coordinates":[[[141.823,43.4006],[141.8262,43.4093],[141.8334,43.4112],[141.8378,43.4207],[141.8446,43.428],[141.8496,43.4374],[141.8587,43.438],[141.8657,43.443],[141.8628,43.4521],[141.8629,43.4601],[141.8662,43.4687],[141.8529,43.4704],[141.849,43.4771],[141.8328,43.4847],[141.8248,43.4814],[141.8,43.4764],[141.7842,43.4853],[141.7793,43.4925],[141.7723,43.4939],[141.7657,43.501],[141.7615,43.5011],[141.7537,43.4921],[141.7527,43.4864],[141.7445,43.4831],[141.7382,43.4756],[141.7278,43.4714],[141.7223,43.4596],[141.7285,43.4553],[141.7331,43.4468],[141.7208,43.4382],[141.7295,43.432],[141.7364,43.4237],[141.7341,43.4108],[141.7396,43.4042],[141.7384,43.3997],[141.7444,43.3957],[141.7577,43.3928],[141.7667,43.3828],[141.7733,43.3794],[141.7607,43.3616],[141.763,43.3565],[141.7664,43.3603],[141.7707,43.3731],[141.7799,43.3779],[141.7987,43.3787],[141.8113,43.3856],[141.8206,43.3888],[141.823,43.4006]]]}},{"type":"Feature","id":"Shintotsukawa","properties":{"id":"Shintotsukawa","code":1432,"name":"Shintotsukawa","name_full":"新十津川町","name_ja":"新十津川町","name_short_ja":"新十津川","center_lonlat":[141.728,43.5903]},"geometry":{"type":"Polygon","coordinates":[[[141.8818,43.6069],[141.8762,43.6111],[141.8722,43.6194],[141.8681,43.6192],[141.8599,43.6271],[141.8586,43.6374],[141.8596,43.6478],[141.8547,43.6558],[141.8463,43.6605],[141.8457,43.6657],[141.8371,43.6646],[141.825,43.6662],[141.8186,43.6636],[141.8049,43.6647],[141.7974,43.667],[141.7754,43.6697],[141.7489,43.6826],[141.7395,43.6843],[141.7343,43.6879],[141.7303,43.6965],[141.7209,43.6986],[141.7089,43.6969],[141.6997,43.6891],[141.6859,43.6833],[141.6838,43.6761],[141.6596,43.6669],[141.6526,43.6677],[141.641,43.6615],[141.6285,43.6636],[141.6173,43.6694],[141.6015,43.6729],[141.5998,43.6807],[141.5871,43.6866],[141.5848,43.6922],[141.5701,43.6961],[141.5525,43.6966],[141.5363,43.6987],[141.525,43.7084],[141.511,43.6985],[141.5054,43.6994],[141.4933,43.6915],[141.4906,43.6844],[141.4984,43.6827],[141.5076,43.6769],[141.5102,43.6687],[141.5172,43.6663],[141.5265,43.6476],[141.5313,43.6463],[141.5455,43.6368],[141.5596,43.6289],[141.5628,43.6202],[141.5684,43.6198],[141.5794,43.6133],[141.5847,43.6075],[141.588,43.5953],[141.5977,43.5869],[141.5949,43.5838],[141.5995,43.5849],[141.6182,43.5779],[141.6148,43.574],[141.619,43.5653],[141.6269,43.5555],[141.6235,43.5419],[141.6282,43.5398],[141.6399,43.5256],[141.6471,43.5226],[141.6523,43.5135],[141.6607,43.5152],[141.6697,43.5067],[141.6729,43.4985],[141.6837,43.5005],[141.6973,43.4958],[141.7166,43.4868],[141.7278,43.4714],[141.7382,43.4756],[141.7445,43.4831],[141.7527,43.4864],[141.7537,43.4921],[141.7615,43.5011],[141.7657,43.501],[141.7723,43.4939],[141.7793,43.4925],[141.7842,43.4853],[141.8,43.4764],[141.8248,43.4814],[141.8328,43.4847],[141.849,43.4771],[141.8529,43.4704],[141.8662,43.4687],[141.8629,43.4601],[141.8628,43.4521],[141.8657,43.443],[141.8739,43.4505],[141.8701,43.4563],[141.8716,43.4606],[141.8691,43.4773],[141.8753,43.4863],[141.8895,43.4919],[141.8973,43.4998],[141.8991,43.5125],[141.8808,43.5075],[141.8741,43.5142],[141.8776,43.5175],[141.902,43.5164],[141.9044,43.5219],[141.8967,43.5246],[141.8894,43.5348],[141.8896,43.5394],[141.8921,43.55],[141.8891,43.5556],[141.8791,43.5657],[141.8783,43.5698],[141.8835,43.5811],[141.8829,43.5888],[141.8793,43.5935],[141.8851,43.6038],[141.8818,43.6069]]]}},{"type":"Feature","id":"Moseushi","properties":{"id":"Moseushi","code":1433,"name":"Moseushi","name_full":"妹背牛町","name_ja":"妹背牛町","name_short_ja":"妹背牛","center_lonlat":[141.9447,43.7076]},"geometry":{"type":"Polygon","coordinates":[[[141.9619,43.6691],[141.9714,43.6751],[141.9842,43.6794],[141.9947,43.6883],[141.9898,43.6968],[141.9839,43.695],[141.9743,43.711],[141.9806,43.713],[141.9766,43.7198],[141.9826,43.7216],[141.9668,43.7489],[141.9053,43.7462],[141.9042,43.7454],[141.907,43.7438],[141.9119,43.729],[141.9059,43.7199],[141.9077,43.7124],[141.9177,43.7013],[141.9166,43.6915],[141.9021,43.6878],[141.9021,43.6808],[141.9135,43.6773],[141.9176,43.668],[141.915,43.6621],[141.9236,43.662],[141.9313,43.6688],[141.9469,43.6724],[141.9619,43.6691]]]}},{"type":"Feature","id":"Chippubetsu","properties":{"id":"Chippubetsu","code":1434,"name":"Chippubetsu","name_full":"秩父別町","name_ja":"秩父別町","name_short_ja":"秩父別","center_lonlat":[141.9592,43.7747]},"geometry":{"type":"Polygon","coordinates":[[[142.0098,43.7978],[141.9926,43.814],[141.9802,43.8086],[141.9652,43.809],[141.9554,43.804],[141.9368,43.7986],[141.9381,43.791],[141.9367,43.7792],[141.9303,43.7797],[141.9244,43.7866],[141.9158,43.7825],[141.9087,43.7738],[141.8978,43.7675],[141.8949,43.7524],[141.899,43.7452],[141.9042,43.7454],[141.9053,43.7462],[141.9668,43.7489],[142.001,43.75],[142.0108,43.7976],[142.0098,43.7978]]]}},{"type":"Feature","id":"Uryu","properties":{"id":"Uryu","code":1436,"name":"Uryu","name_full":"雨竜町","name_ja":"雨竜町","name_short_ja":"雨竜","center_lonlat":[141.7506,43.6947]},"geometry":{"type":"Polygon","coordinates":[[[141.915,43.6621],[141.9176,43.668],[141.9135,43.6773],[141.9021,43.6808],[141.9021,43.6878],[141.9166,43.6915],[141.9177,43.7013],[141.9077,43.7124],[141.9059,43.7199],[141.9,43.7213],[141.8913,43.7186],[141.8793,43.719],[141.8766,43.7218],[141.8583,43.7197],[141.8497,43.7203],[141.8206,43.7096],[141.7973,43.7176],[141.7884,43.7237],[141.7778,43.7255],[141.7728,43.7291],[141.7625,43.7287],[141.7446,43.7353],[141.7303,43.7373],[141.7219,43.7359],[141.7021,43.7398],[141.7009,43.7463],[141.6792,43.7381],[141.6687,43.737],[141.6594,43.7391],[141.6434,43.7403],[141.6321,43.7395],[141.6068,43.7307],[141.5923,43.7267],[141.5767,43.7252],[141.5731,43.7191],[141.563,43.7105],[141.5482,43.7052],[141.5396,43.7087],[141.5304,43.7078],[141.5251,43.711],[141.525,43.7084],[141.5363,43.6987],[141.5525,43.6966],[141.5701,43.6961],[141.5848,43.6922],[141.5871,43.6866],[141.5998,43.6807],[141.6015,43.6729],[141.6173,43.6694],[141.6285,43.6636],[141.641,43.6615],[141.6526,43.6677],[141.6596,43.6669],[141.6838,43.6761],[141.6859,43.6833],[141.6997,43.6891],[141.7089,43.6969],[141.7209,43.6986],[141.7303,43.6965],[141.7343,43.6879],[141.7395,43.6843],[141.7489,43.6826],[141.7754,43.6697],[141.7974,43.667],[141.8049,43.6647],[141.8186,43.6636],[141.825,43.6662],[141.8371,43.6646],[141.8457,43.6657],[141.8463,43.6605],[141.8547,43.6558],[141.8596,43.6478],[141.8586,43.6374],[141.8599,43.6271],[141.8681,43.6192],[141.8722,43.6194],[141.8762,43.6111],[141.8818,43.6069],[141.8804,43.617],[141.8825,43.6232],[141.8926,43.6313],[141.9048,43.6283],[141.9128,43.6289],[141.9166,43.6336],[141.9154,43.639],[141.907,43.6447],[141.9156,43.6566],[141.915,43.6621]]]}},{"type":"Feature","id":"Hokuryu","properties":{"id":"Hokuryu","code":1437,"name":"Hokuryu","name_full":"北竜町","name_ja":"北竜町","name_short_ja":"北竜","center_lonlat":[141.7907,43.7641]},"geometry":{"type":"Polygon","coordinates":[[[141.6989,43.7962],[141.695,43.7858],[141.6997,43.7814],[141.6982,43.7739],[141.7047,43.7568],[141.7015,43.7513],[141.6935,43.7464],[141.6641,43.7598],[141.6472,43.7563],[141.6403,43.7608],[141.6325,43.7599],[141.6175,43.7524],[141.6151,43.7428],[141.6065,43.7451],[141.5957,43.7388],[141.5733,43.7286],[141.5589,43.7181],[141.5383,43.7122],[141.5251,43.711],[141.5304,43.7078],[141.5396,43.7087],[141.5482,43.7052],[141.563,43.7105],[141.5731,43.7191],[141.5767,43.7252],[141.5923,43.7267],[141.6068,43.7307],[141.6321,43.7395],[141.6434,43.7403],[141.6594,43.7391],[141.6687,43.737],[141.6792,43.7381],[141.7009,43.7463],[141.7021,43.7398],[141.7219,43.7359],[141.7303,43.7373],[141.7446,43.7353],[141.7625,43.7287],[141.7728,43.7291],[141.7778,43.7255],[141.7884,43.7237],[141.7973,43.7176],[141.8206,43.7096],[141.8497,43.7203],[141.8583,43.7197],[141.8766,43.7218],[141.8793,43.719],[141.8913,43.7186],[141.9,43.7213],[141.9059,43.7199],[141.9119,43.729],[141.907,43.7438],[141.9042,43.7454],[141.899,43.7452],[141.8949,43.7524],[141.8978,43.7675],[141.8985,43.7716],[141.8859,43.7714],[141.8712,43.7737],[141.8747,43.7854],[141.8758,43.8013],[141.8704,43.8042],[141.8703,43.8165],[141.8733,43.8259],[141.8584,43.8466],[141.8516,43.8479],[141.8455,43.8448],[141.8299,43.8426],[141.8306,43.8323],[141.8229,43.8307],[141.8137,43.8345],[141.7973,43.8267],[141.8066,43.8157],[141.804,43.812],[141.8044,43.8013],[141.7869,43.7905],[141.7709,43.7846],[141.7756,43.7764],[141.7745,43.7701],[141.7674,43.7563],[141.7612,43.7581],[141.754,43.7677],[141.7484,43.7719],[141.7415,43.7856],[141.728,43.7934],[141.7195,43.7955],[141.7109,43.7924],[141.6989,43.7962]]]}},{"type":"Feature","id":"Numata","properties":{"id":"Numata","code":1438,"name":"Numata","name_full":"沼田町","name_ja":"沼田町","name_short_ja":"沼田","center_lonlat":[141.9625,43.8855]},"geometry":{"type":"Polygon","coordinates":[[[141.8584,43.8466],[141.8733,43.8259],[141.8703,43.8165],[141.8704,43.8042],[141.8758,43.8013],[141.8747,43.7854],[141.8712,43.7737],[141.8859,43.7714],[141.8985,43.7716],[141.8978,43.7675],[141.9087,43.7738],[141.9158,43.7825],[141.9244,43.7866],[141.9303,43.7797],[141.9367,43.7792],[141.9381,43.791],[141.9368,43.7986],[141.9554,43.804],[141.9652,43.809],[141.9802,43.8086],[141.9926,43.814],[142.0098,43.7978],[142.0133,43.8039],[142.0132,43.8195],[142.028,43.8198],[142.035,43.8224],[142.0392,43.832],[142.0598,43.8411],[142.0731,43.8454],[142.085,43.8682],[142.078,43.8721],[142.0728,43.8828],[142.0627,43.8937],[142.0631,43.8967],[142.045,43.9083],[142.0426,43.9153],[142.0278,43.9214],[142.0233,43.9339],[142.0227,43.9448],[142.0266,43.9564],[142.0262,43.9644],[142.0316,43.9701],[142.0277,43.9756],[142.0278,43.9861],[142.0339,43.9941],[142.0327,43.9984],[142.02,44.0057],[142.0109,44.0038],[141.9957,44.0059],[141.9919,43.9967],[141.9859,43.9934],[141.9675,43.9977],[141.9488,43.9992],[141.931,43.9831],[141.9291,43.9718],[141.9313,43.9634],[141.9196,43.9585],[141.9013,43.9567],[141.8951,43.9454],[141.8851,43.9433],[141.8894,43.9355],[141.8816,43.9261],[141.885,43.917],[141.8909,43.9143],[141.9002,43.9014],[141.8961,43.8943],[141.878,43.8894],[141.8665,43.8793],[141.8661,43.8695],[141.8584,43.8588],[141.8606,43.8558],[141.8584,43.8466]]]}},{"type":"Feature","id":"Takasu","properties":{"id":"Takasu","code":1452,"name":"Takasu","name_full":"鷹栖町","name_ja":"鷹栖町","name_short_ja":"鷹栖","center_lonlat":[142.3366,43.8893]},"geometry":{"type":"Polygon","coordinates":[[[142.4214,43.9436],[142.4126,43.9534],[142.3875,43.9549],[142.3674,43.9584],[142.3619,43.9628],[142.3324,43.9583],[142.3263,43.9546],[142.3113,43.9592],[142.3059,43.9548],[142.3044,43.9454],[142.288,43.9452],[142.2826,43.9396],[142.2847,43.9273],[142.2727,43.9181],[142.2757,43.9084],[142.2713,43.8948],[142.2758,43.8895],[142.2818,43.8747],[142.2904,43.8733],[142.2858,43.8605],[142.2786,43.8581],[142.2803,43.8494],[142.2884,43.8477],[142.2933,43.8422],[142.2949,43.8343],[142.2885,43.8286],[142.2895,43.8183],[142.2944,43.8029],[142.2957,43.7867],[142.3105,43.7883],[142.3081,43.7943],[142.3192,43.7973],[142.3283,43.8046],[142.3281,43.8093],[142.3546,43.8283],[142.3856,43.8414],[142.3922,43.8433],[142.3696,43.8603],[142.3832,43.869],[142.3924,43.8774],[142.3925,43.8886],[142.3877,43.8988],[142.3916,43.9008],[142.3999,43.9155],[142.3992,43.9211],[142.4214,43.9436]]]}},{"type":"Feature","id":"Higashikagura","properties":{"id":"Higashikagura","code":1453,"name":"Higashikagura","name_full":"東神楽町","name_ja":"東神楽町","name_short_ja":"東神楽","center_lonlat":[142.491,43.6743]},"geometry":{"type":"Polygon","coordinates":[[[142.5609,43.6308],[142.5761,43.6319],[142.5762,43.6349],[142.603,43.6248],[142.6298,43.6258],[142.5909,43.6473],[142.5732,43.6533],[142.5605,43.6547],[142.5432,43.6738],[142.5189,43.687],[142.4995,43.694],[142.4732,43.7001],[142.4557,43.7072],[142.449,43.7139],[142.4294,43.7209],[142.4203,43.7228],[142.403,43.7315],[142.3914,43.7226],[142.41,43.6898],[142.4304,43.6758],[142.4346,43.6796],[142.4964,43.6377],[142.503,43.6404],[142.5573,43.6464],[142.5609,43.6308]]]}},{"type":"Feature","id":"Toma","properties":{"id":"Toma","code":1454,"name":"Toma","name_full":"当麻町","name_ja":"当麻町","name_short_ja":"当麻","center_lonlat":[142.5942,43.8192]},"geometry":{"type":"Polygon","coordinates":[[[142.7127,43.7486],[142.7092,43.7619],[142.7013,43.7746],[142.6999,43.7881],[142.6923,43.7983],[142.6893,43.8077],[142.6815,43.8175],[142.6826,43.8287],[142.6807,43.8349],[142.6722,43.8377],[142.6697,43.843],[142.662,43.8491],[142.6595,43.8586],[142.6504,43.8837],[142.6373,43.8841],[142.6338,43.8757],[142.6196,43.8769],[142.6144,43.8799],[142.5989,43.8804],[142.5751,43.8826],[142.5655,43.8888],[142.5605,43.8866],[142.5505,43.8884],[142.5322,43.897],[142.5245,43.8945],[142.518,43.8882],[142.5138,43.8795],[142.5073,43.8751],[142.5025,43.8633],[142.4963,43.8615],[142.4945,43.8562],[142.4843,43.8526],[142.4708,43.8448],[142.4673,43.8397],[142.4575,43.8389],[142.505,43.799],[142.5131,43.8004],[142.5133,43.792],[142.5204,43.7863],[142.5296,43.7844],[142.5358,43.7863],[142.5476,43.7751],[142.5621,43.7803],[142.5675,43.7634],[142.5786,43.7599],[142.5839,43.762],[142.596,43.7606],[142.5994,43.7647],[142.6149,43.7598],[142.6258,43.7504],[142.6459,43.7536],[142.6551,43.7527],[142.6602,43.7469],[142.6689,43.7413],[142.6807,43.7392],[142.6855,43.7424],[142.6939,43.7401],[142.7049,43.7477],[142.7127,43.7486]]]}},{"type":"Feature","id":"Pippu","properties":{"id":"Pippu","code":1455,"name":"Pippu","name_full":"比布町","name_ja":"比布町","name_short_ja":"比布","center_lonlat":[142.485,43.9186]},"geometry":{"type":"Polygon","coordinates":[[[142.4575,43.8389],[142.4673,43.8397],[142.4708,43.8448],[142.4843,43.8526],[142.4945,43.8562],[142.4963,43.8615],[142.5025,43.8633],[142.5073,43.8751],[142.5138,43.8795],[142.518,43.8882],[142.5245,43.8945],[142.5322,43.897],[142.5369,43.9047],[142.544,43.9091],[142.544,43.913],[142.5308,43.9267],[142.5228,43.9292],[142.5114,43.9429],[142.5143,43.9476],[142.5103,43.9554],[142.5315,43.9634],[142.5292,43.9731],[142.541,43.9794],[142.5342,43.9933],[142.5202,43.9933],[142.514,43.9863],[142.4975,43.9812],[142.4916,43.9759],[142.4899,43.9616],[142.4876,43.9564],[142.4729,43.9603],[142.4657,43.9655],[142.4588,43.9649],[142.4482,43.9675],[142.445,43.9735],[142.4339,43.9647],[142.4374,43.9611],[142.4321,43.9473],[142.4389,43.9342],[142.4353,43.9251],[142.4431,43.9151],[142.4464,43.9027],[142.447,43.8915],[142.4434,43.8873],[142.4509,43.8784],[142.4502,43.8673],[142.4543,43.8644],[142.452,43.8551],[142.4596,43.843],[142.4575,43.8389]]]}},{"type":"Feature","id":"Aibetsu","properties":{"id":"Aibetsu","code":1456,"name":"Aibetsu","name_full":"愛別町","name_ja":"愛別町","name_short_ja":"愛別","center_lonlat":[142.6354,43.943]},"geometry":{"type":"Polygon","coordinates":[[[142.5342,43.9933],[142.541,43.9794],[142.5292,43.9731],[142.5315,43.9634],[142.5103,43.9554],[142.5143,43.9476],[142.5114,43.9429],[142.5228,43.9292],[142.5308,43.9267],[142.544,43.913],[142.544,43.9091],[142.5369,43.9047],[142.5322,43.897],[142.5505,43.8884],[142.5605,43.8866],[142.5655,43.8888],[142.5751,43.8826],[142.5989,43.8804],[142.6144,43.8799],[142.6196,43.8769],[142.6338,43.8757],[142.6373,43.8841],[142.6504,43.8837],[142.6595,43.8586],[142.662,43.8491],[142.6697,43.843],[142.6722,43.8377],[142.6807,43.8349],[142.6826,43.8287],[142.7041,43.8441],[142.6975,43.8522],[142.7018,43.8547],[142.6999,43.8611],[142.7051,43.884],[142.7086,43.8883],[142.7104,43.8978],[142.7022,43.905],[142.7053,43.91],[142.7049,43.9176],[142.711,43.9215],[142.7256,43.9245],[142.7338,43.9231],[142.7418,43.9185],[142.7516,43.9198],[142.7583,43.9157],[142.7743,43.93],[142.767,43.9387],[142.7563,43.9419],[142.755,43.9469],[142.7469,43.9494],[142.7387,43.9607],[142.7342,43.9759],[142.7267,43.9785],[142.7218,43.9938],[142.7075,44.0003],[142.6884,44.013],[142.6879,44.0182],[142.6816,44.0198],[142.6595,44.016],[142.6442,44.0103],[142.6373,44.0168],[142.6282,44.0181],[142.6207,44.0244],[142.611,44.0293],[142.6001,44.0249],[142.587,44.0219],[142.5885,44.0158],[142.5756,44.013],[142.5631,44.0077],[142.5478,44.0074],[142.5435,44.0007],[142.5342,43.9933]]]}},{"type":"Feature","id":"Kamikawa","properties":{"id":"Kamikawa","code":1457,"name":"Kamikawa","name_full":"上川町","name_ja":"上川町","name_short_ja":"上川","center_lonlat":[142.9278,43.7509]},"geometry":{"type":"Polygon","coordinates":[[[142.7401,43.6835],[142.754,43.6931],[142.7673,43.6982],[142.7729,43.6973],[142.7874,43.6999],[142.8031,43.7],[142.8137,43.6982],[142.8194,43.6884],[142.8287,43.6883],[142.8467,43.6944],[142.8535,43.6945],[142.8622,43.6992],[142.8701,43.6971],[142.8801,43.6976],[142.8811,43.6899],[142.8717,43.6793],[142.8728,43.6718],[142.8791,43.6702],[142.8984,43.6743],[142.9074,43.6689],[142.9061,43.6617],[142.912,43.6539],[142.8991,43.6231],[142.897,43.6062],[142.8981,43.5994],[142.8945,43.591],[142.8968,43.5875],[142.8906,43.5822],[142.8943,43.5664],[142.9095,43.5633],[142.9237,43.5525],[142.9385,43.5452],[142.9436,43.5361],[142.9577,43.5263],[142.9738,43.5345],[142.9759,43.5393],[142.9854,43.5342],[143.0052,43.5287],[143.0136,43.5285],[143.0236,43.5346],[143.0202,43.5424],[143.023,43.5486],[143.0304,43.5501],[143.0412,43.5631],[143.0528,43.5595],[143.0599,43.5552],[143.0687,43.5586],[143.0698,43.5635],[143.0798,43.5637],[143.0906,43.5673],[143.1018,43.5732],[143.1028,43.5764],[143.1135,43.5796],[143.1158,43.5834],[143.1342,43.5879],[143.1425,43.5951],[143.1363,43.5997],[143.1365,43.6079],[143.1481,43.6159],[143.1557,43.6288],[143.1734,43.6376],[143.1704,43.649],[143.1625,43.6526],[143.1612,43.6598],[143.1417,43.6684],[143.1397,43.6777],[143.1463,43.6814],[143.1467,43.6906],[143.1613,43.7063],[143.1718,43.7069],[143.1681,43.7163],[143.1734,43.7241],[143.1745,43.7309],[143.1797,43.735],[143.1747,43.7422],[143.1685,43.7558],[143.1605,43.7616],[143.1535,43.7634],[143.1425,43.7618],[143.1363,43.7542],[143.1184,43.754],[143.0959,43.743],[143.09,43.7451],[143.084,43.7389],[143.0744,43.7379],[143.069,43.7464],[143.051,43.744],[143.0468,43.7465],[143.0326,43.7489],[143.0244,43.7472],[143.0113,43.7579],[143.0069,43.7684],[143.0072,43.7753],[143.0141,43.7806],[143.0161,43.7891],[143.0123,43.7944],[143.0194,43.8023],[143.0374,43.8091],[143.0223,43.8171],[143.0102,43.8266],[143.0091,43.837],[143.014,43.8443],[143.0112,43.8615],[143.0202,43.8636],[143.017,43.8743],[143.023,43.8763],[143.0191,43.8855],[143.0339,43.8951],[143.0375,43.9027],[143.0484,43.9067],[143.0553,43.9141],[143.0539,43.9179],[143.0371,43.9281],[143.0138,43.9216],[142.9998,43.928],[142.9862,43.939],[142.9831,43.9431],[142.9734,43.9417],[142.9563,43.9331],[142.9353,43.9266],[142.9111,43.9269],[142.9002,43.9218],[142.8885,43.9264],[142.8912,43.9302],[142.8856,43.9344],[142.8923,43.9383],[142.8918,43.9432],[142.8831,43.9444],[142.8819,43.9531],[142.8691,43.9506],[142.8625,43.9425],[142.8506,43.9446],[142.8423,43.9407],[142.8406,43.9351],[142.8304,43.93],[142.8303,43.9219],[142.8161,43.915],[142.7983,43.9162],[142.7959,43.9223],[142.7834,43.925],[142.7743,43.93],[142.7583,43.9157],[142.7516,43.9198],[142.7418,43.9185],[142.7338,43.9231],[142.7256,43.9245],[142.711,43.9215],[142.7049,43.9176],[142.7053,43.91],[142.7022,43.905],[142.7104,43.8978],[142.7086,43.8883],[142.7051,43.884],[142.6999,43.8611],[142.7018,43.8547],[142.6975,43.8522],[142.7041,43.8441],[142.6826,43.8287],[142.6815,43.8175],[142.6893,43.8077],[142.6923,43.7983],[142.6999,43.7881],[142.7013,43.7746],[142.7092,43.7619],[142.7127,43.7486],[142.7223,43.7438],[142.7225,43.738],[142.7344,43.731],[142.7313,43.7202],[142.7415,43.7128],[142.7359,43.7075],[142.7354,43.6984],[142.7404,43.6893],[142.7401,43.6835]]]}},{"type":"Feature","id":"Higashikawa","properties":{"id":"Higashikawa","code":1458,"name":"Higashikawa","name_full":"東川町","name_ja":"東川町","name_short_ja":"東川","center_lonlat":[142.6852,43.6729]},"geometry":{"type":"Polygon","coordinates":[[[142.4732,43.7001],[142.4995,43.694],[142.5189,43.687],[142.5432,43.6738],[142.5605,43.6547],[142.5732,43.6533],[142.5909,43.6473],[142.6298,43.6258],[142.6531,43.6263],[142.6638,43.6284],[142.6743,43.6268],[142.6893,43.6299],[142.7063,43.6286],[142.7275,43.6236],[142.7358,43.6244],[142.7474,43.621],[142.763,43.6202],[142.7724,43.6171],[142.783,43.6224],[142.8117,43.6232],[142.8217,43.6283],[142.839,43.6155],[142.8445,43.6187],[142.8448,43.6263],[142.8537,43.6279],[142.8636,43.6258],[142.8699,43.6336],[142.8796,43.6382],[142.8786,43.642],[142.886,43.6471],[142.8983,43.6619],[142.9005,43.6671],[142.9074,43.6689],[142.8984,43.6743],[142.8791,43.6702],[142.8728,43.6718],[142.8717,43.6793],[142.8811,43.6899],[142.8801,43.6976],[142.8701,43.6971],[142.8622,43.6992],[142.8535,43.6945],[142.8467,43.6944],[142.8287,43.6883],[142.8194,43.6884],[142.8137,43.6982],[142.8031,43.7],[142.7874,43.6999],[142.7729,43.6973],[142.7673,43.6982],[142.754,43.6931],[142.7401,43.6835],[142.7368,43.6853],[142.7131,43.6863],[142.7052,43.6828],[142.6973,43.6828],[142.6821,43.6859],[142.6763,43.6914],[142.6622,43.6984],[142.6561,43.6968],[142.6395,43.7018],[142.6373,43.7076],[142.6209,43.7204],[142.6066,43.7179],[142.5996,43.7197],[142.5894,43.7167],[142.5817,43.7233],[142.5738,43.7259],[142.5702,43.7215],[142.5491,43.7271],[142.5432,43.7344],[142.5373,43.7337],[142.5257,43.7447],[142.5199,43.7447],[142.5069,43.7507],[142.4939,43.7507],[142.4846,43.7422],[142.4764,43.7427],[142.4732,43.7001]]]}},{"type":"Feature","id":"Biei","properties":{"id":"Biei","code":1459,"name":"Biei","name_full":"美瑛町","name_ja":"美瑛町","name_short_ja":"美瑛","center_lonlat":[142.6119,43.5579]},"geometry":{"type":"Polygon","coordinates":[[[142.3218,43.5443],[142.3205,43.5333],[142.3261,43.5297],[142.3249,43.5251],[142.3317,43.5213],[142.337,43.5061],[142.3455,43.5065],[142.3526,43.4997],[142.3644,43.4947],[142.3681,43.4864],[142.3554,43.4742],[142.357,43.4662],[142.3674,43.4675],[142.3765,43.4714],[142.382,43.4689],[142.3987,43.4738],[142.3969,43.4814],[142.398,43.4994],[142.4022,43.5036],[142.4008,43.5177],[142.4025,43.538],[142.4099,43.5403],[142.4168,43.5336],[142.4248,43.5347],[142.4312,43.544],[142.4371,43.5485],[142.4419,43.5387],[142.4497,43.5339],[142.4597,43.5247],[142.4702,43.5122],[142.4817,43.5068],[142.5089,43.5026],[142.5242,43.5119],[142.5384,43.5096],[142.5458,43.5041],[142.5527,43.5094],[142.5608,43.5079],[142.5705,43.5138],[142.5787,43.511],[142.597,43.4979],[142.5904,43.4941],[142.5944,43.4837],[142.6068,43.4705],[142.6124,43.4665],[142.6302,43.4621],[142.6374,43.4585],[142.6489,43.448],[142.6502,43.4444],[142.661,43.4356],[142.6767,43.4265],[142.6753,43.4222],[142.6863,43.4178],[142.7013,43.4256],[142.7106,43.4328],[142.7104,43.4401],[142.7146,43.4518],[142.724,43.452],[142.7321,43.4617],[142.7768,43.4871],[142.7797,43.4952],[142.7871,43.4959],[142.7913,43.5006],[142.798,43.5009],[142.8055,43.511],[142.8133,43.5139],[142.8142,43.5226],[142.8069,43.528],[142.8148,43.5307],[142.8301,43.5234],[142.8393,43.5221],[142.8523,43.5301],[142.8539,43.5362],[142.8502,43.5489],[142.8607,43.5585],[142.8606,43.564],[142.8717,43.5647],[142.8754,43.57],[142.8909,43.5657],[142.8943,43.5664],[142.8906,43.5822],[142.8968,43.5875],[142.8945,43.591],[142.8981,43.5994],[142.897,43.6062],[142.8991,43.6231],[142.912,43.6539],[142.9061,43.6617],[142.9074,43.6689],[142.9005,43.6671],[142.8983,43.6619],[142.886,43.6471],[142.8786,43.642],[142.8796,43.6382],[142.8699,43.6336],[142.8636,43.6258],[142.8537,43.6279],[142.8448,43.6263],[142.8445,43.6187],[142.839,43.6155],[142.8217,43.6283],[142.8117,43.6232],[142.783,43.6224],[142.7724,43.6171],[142.763,43.6202],[142.7474,43.621],[142.7358,43.6244],[142.7275,43.6236],[142.7063,43.6286],[142.6893,43.6299],[142.6743,43.6268],[142.6638,43.6284],[142.6531,43.6263],[142.6298,43.6258],[142.603,43.6248],[142.5762,43.6349],[142.5761,43.6319],[142.5609,43.6308],[142.5395,43.6293],[142.5335,43.6255],[142.5126,43.6244],[142.5008,43.6225],[142.4936,43.6241],[142.4852,43.6204],[142.4714,43.6208],[142.4572,43.6313],[142.4479,43.6364],[142.445,43.6482],[142.4282,43.6618],[142.4023,43.6649],[142.3951,43.6612],[142.3941,43.6534],[142.3999,43.6497],[142.3987,43.6454],[142.3883,43.6382],[142.3897,43.6257],[142.3752,43.6161],[142.3659,43.6195],[142.3518,43.6124],[142.3417,43.5987],[142.3414,43.587],[142.324,43.5763],[142.3227,43.5735],[142.329,43.5638],[142.3281,43.5561],[142.3218,43.5443]]]}},{"type":"Feature","id":"Kamifurano","properties":{"id":"Kamifurano","code":1460,"name":"Kamifurano","name_full":"上富良野町","name_ja":"上富良野町","name_short_ja":"上富良野","center_lonlat":[142.5269,43.4539]},"geometry":{"type":"Polygon","coordinates":[[[142.668,43.4014],[142.6718,43.4051],[142.6789,43.4147],[142.6863,43.4178],[142.6753,43.4222],[142.6767,43.4265],[142.661,43.4356],[142.6502,43.4444],[142.6489,43.448],[142.6374,43.4585],[142.6302,43.4621],[142.6124,43.4665],[142.6068,43.4705],[142.5944,43.4837],[142.5904,43.4941],[142.597,43.4979],[142.5787,43.511],[142.5705,43.5138],[142.5608,43.5079],[142.5527,43.5094],[142.5458,43.5041],[142.5384,43.5096],[142.5242,43.5119],[142.5089,43.5026],[142.4817,43.5068],[142.4702,43.5122],[142.4597,43.5247],[142.4497,43.5339],[142.4419,43.5387],[142.4371,43.5485],[142.4312,43.544],[142.4248,43.5347],[142.4168,43.5336],[142.4099,43.5403],[142.4025,43.538],[142.4008,43.5177],[142.4022,43.5036],[142.398,43.4994],[142.3969,43.4814],[142.3987,43.4738],[142.382,43.4689],[142.4705,43.4275],[142.4532,43.4078],[142.4851,43.3927],[142.5268,43.3948],[142.5609,43.3825],[142.5661,43.3825],[142.5887,43.3913],[142.6009,43.3889],[142.6084,43.3816],[142.6173,43.3839],[142.6318,43.3935],[142.6397,43.3936],[142.6498,43.3969],[142.6554,43.3962],[142.668,43.4014]]]}},{"type":"Feature","id":"Nakafurano","properties":{"id":"Nakafurano","code":1461,"name":"Nakafurano","name_full":"中富良野町","name_ja":"中富良野町","name_short_ja":"中富良野","center_lonlat":[142.4292,43.4026]},"geometry":{"type":"Polygon","coordinates":[[[142.3476,43.4005],[142.3502,43.3976],[142.3456,43.3907],[142.3491,43.383],[142.3543,43.3793],[142.3751,43.3721],[142.3784,43.3754],[142.3915,43.3674],[142.4256,43.3515],[142.4404,43.3683],[142.4539,43.3619],[142.4593,43.3633],[142.4852,43.363],[142.5154,43.3667],[142.5282,43.3613],[142.5364,43.3676],[142.5617,43.3722],[142.5609,43.3825],[142.5268,43.3948],[142.4851,43.3927],[142.4532,43.4078],[142.4705,43.4275],[142.382,43.4689],[142.3765,43.4714],[142.3674,43.4675],[142.357,43.4662],[142.3606,43.4579],[142.3617,43.4408],[142.3681,43.4358],[142.3668,43.4242],[142.3575,43.4196],[142.3514,43.4017],[142.3476,43.4005]]]}},{"type":"Feature","id":"Minamifurano","properties":{"id":"Minamifurano","code":1462,"name":"Minamifurano","name_full":"南富良野町","name_ja":"南富良野町","name_short_ja":"南富良野","center_lonlat":[142.561,43.1669]},"geometry":{"type":"Polygon","coordinates":[[[142.3129,43.0489],[142.3214,43.0581],[142.335,43.0619],[142.3381,43.0681],[142.338,43.085],[142.3414,43.0888],[142.3529,43.0907],[142.3552,43.1019],[142.3633,43.1038],[142.3641,43.0983],[142.3748,43.0962],[142.377,43.0991],[142.3891,43.0999],[142.3969,43.0926],[142.4064,43.0885],[142.4223,43.0901],[142.4266,43.0931],[142.4434,43.0828],[142.4592,43.0864],[142.467,43.0953],[142.4818,43.0962],[142.4917,43.1037],[142.4889,43.1132],[142.5026,43.1168],[142.5157,43.1325],[142.5356,43.132],[142.5533,43.1268],[142.5568,43.1219],[142.5688,43.1136],[142.5812,43.111],[142.5841,43.1064],[142.5968,43.1037],[142.5909,43.0896],[142.596,43.0787],[142.6245,43.0794],[142.6305,43.0751],[142.6441,43.0706],[142.648,43.062],[142.6543,43.0595],[142.656,43.0535],[142.6614,43.052],[142.6731,43.0426],[142.6951,43.0283],[142.6996,43.0216],[142.7093,43.025],[142.7215,43.0167],[142.7278,43.0098],[142.7409,43.005],[142.7544,43.0131],[142.7537,43.0261],[142.7507,43.0297],[142.7534,43.0363],[142.7481,43.0419],[142.7491,43.0517],[142.7468,43.0583],[142.7397,43.0664],[142.7281,43.0728],[142.7277,43.0777],[142.7372,43.0818],[142.7439,43.0878],[142.7369,43.0955],[142.7511,43.1098],[142.7453,43.115],[142.753,43.1231],[142.7604,43.1212],[142.7672,43.1304],[142.7644,43.1377],[142.7673,43.1445],[142.7671,43.1591],[142.7647,43.1619],[142.7791,43.1736],[142.7676,43.1803],[142.7693,43.1888],[142.7621,43.1941],[142.7633,43.2005],[142.7487,43.211],[142.7403,43.2127],[142.7364,43.2194],[142.7337,43.2343],[142.7421,43.2406],[142.7339,43.249],[142.74,43.2525],[142.7415,43.2579],[142.747,43.26],[142.7471,43.2655],[142.7368,43.2848],[142.735,43.2976],[142.7393,43.3131],[142.7363,43.3186],[142.7448,43.3243],[142.7486,43.3401],[142.7553,43.3454],[142.769,43.3466],[142.7613,43.3573],[142.7499,43.3534],[142.7205,43.3599],[142.7154,43.3683],[142.7061,43.3785],[142.6945,43.3849],[142.689,43.3938],[142.6836,43.3954],[142.6774,43.4036],[142.6718,43.4051],[142.668,43.4014],[142.6698,43.3851],[142.6607,43.3737],[142.6509,43.364],[142.6524,43.3567],[142.6455,43.353],[142.6328,43.3498],[142.6296,43.3424],[142.6346,43.3392],[142.6361,43.333],[142.6449,43.323],[142.6545,43.3208],[142.658,43.3099],[142.6721,43.2983],[142.6776,43.2958],[142.6692,43.2882],[142.6764,43.2842],[142.6775,43.2731],[142.6681,43.2621],[142.6626,43.2585],[142.6712,43.2518],[142.6693,43.2433],[142.6626,43.241],[142.66,43.2357],[142.6483,43.2334],[142.638,43.2191],[142.6276,43.2192],[142.6204,43.2141],[142.6084,43.2133],[142.5991,43.2031],[142.5898,43.1961],[142.5771,43.1963],[142.5655,43.1891],[142.5566,43.1891],[142.533,43.1923],[142.5266,43.1961],[142.5024,43.1823],[142.5005,43.1778],[142.4888,43.1783],[142.4775,43.1735],[142.4737,43.1768],[142.4519,43.1767],[142.4403,43.186],[142.4422,43.1919],[142.4337,43.2041],[142.4161,43.2091],[142.3949,43.2089],[142.3957,43.2002],[142.3915,43.1896],[142.3861,43.1829],[142.3729,43.1811],[142.3714,43.1766],[142.3755,43.1662],[142.3578,43.1661],[142.3567,43.1596],[142.3478,43.1594],[142.3381,43.1619],[142.3294,43.1602],[142.3236,43.1662],[142.3228,43.1745],[142.3259,43.1898],[142.32,43.2068],[142.3043,43.2225],[142.2953,43.2286],[142.2976,43.236],[142.2898,43.2376],[142.2801,43.2352],[142.2764,43.2335],[142.2787,43.2253],[142.2838,43.2133],[142.2816,43.202],[142.284,43.1977],[142.2705,43.1885],[142.2695,43.1795],[142.263,43.1668],[142.2556,43.1601],[142.2534,43.1512],[142.2627,43.1358],[142.2548,43.1321],[142.2534,43.1218],[142.2451,43.1175],[142.2436,43.1057],[142.251,43.0996],[142.2496,43.0927],[142.263,43.0842],[142.2683,43.0711],[142.268,43.0672],[142.2943,43.051],[142.3129,43.0489]]]}},{"type":"Feature","id":"Shimukappu","properties":{"id":"Shimukappu","code":1463,"name":"Shimukappu","name_full":"占冠村","name_ja":"占冠村","name_short_ja":"占冠","center_lonlat":[142.4756,43.0082]},"geometry":{"type":"Polygon","coordinates":[[[142.2798,42.9811],[142.2842,42.9731],[142.2831,42.9659],[142.2736,42.9562],[142.2728,42.9502],[142.2787,42.9439],[142.3018,42.9409],[142.3013,42.9334],[142.3105,42.927],[142.3123,42.9183],[142.3204,42.9133],[142.3327,42.9088],[142.3331,42.8998],[142.3246,42.8908],[142.3394,42.8838],[142.344,42.884],[142.3606,42.8915],[142.3704,42.8901],[142.3782,42.8865],[142.3862,42.8916],[142.3917,42.8987],[142.3964,42.9002],[142.3979,42.9077],[142.4043,42.9143],[142.3989,42.9315],[142.409,42.9336],[142.4245,42.9288],[142.4278,42.9222],[142.4436,42.9115],[142.4658,42.9172],[142.4749,42.9148],[142.4865,42.9235],[142.4923,42.9189],[142.4979,42.9197],[142.5031,42.914],[142.5111,42.92],[142.5214,42.9233],[142.5253,42.9189],[142.5327,42.9173],[142.5362,42.9107],[142.546,42.9109],[142.5513,42.9165],[142.56,42.9171],[142.573,42.9316],[142.5711,42.942],[142.5776,42.9478],[142.5871,42.9659],[142.6066,42.9734],[142.6138,42.9731],[142.6271,42.981],[142.6319,42.9863],[142.6523,42.9859],[142.6662,42.982],[142.6781,42.9908],[142.6895,42.9878],[142.7026,42.9902],[142.7104,42.9937],[142.7199,43.0047],[142.7278,43.0098],[142.7215,43.0167],[142.7093,43.025],[142.6996,43.0216],[142.6951,43.0283],[142.6731,43.0426],[142.6614,43.052],[142.656,43.0535],[142.6543,43.0595],[142.648,43.062],[142.6441,43.0706],[142.6305,43.0751],[142.6245,43.0794],[142.596,43.0787],[142.5909,43.0896],[142.5968,43.1037],[142.5841,43.1064],[142.5812,43.111],[142.5688,43.1136],[142.5568,43.1219],[142.5533,43.1268],[142.5356,43.132],[142.5157,43.1325],[142.5026,43.1168],[142.4889,43.1132],[142.4917,43.1037],[142.4818,43.0962],[142.467,43.0953],[142.4592,43.0864],[142.4434,43.0828],[142.4266,43.0931],[142.4223,43.0901],[142.4064,43.0885],[142.3969,43.0926],[142.3891,43.0999],[142.377,43.0991],[142.3748,43.0962],[142.3641,43.0983],[142.3633,43.1038],[142.3552,43.1019],[142.3529,43.0907],[142.3414,43.0888],[142.338,43.085],[142.3381,43.0681],[142.335,43.0619],[142.3214,43.0581],[142.3129,43.0489],[142.3205,43.0467],[142.3302,43.0317],[142.3232,43.0256],[142.3022,43.0167],[142.2958,43.0152],[142.2897,43.0091],[142.2912,43.0025],[142.2854,42.9884],[142.2798,42.9811]]]}},{"type":"Feature","id":"Wassamu","properties":{"id":"Wassamu","code":1464,"name":"Wassamu","name_full":"和寒町","name_ja":"和寒町","name_short_ja":"和寒","center_lonlat":[142.3744,44.0104]},"geometry":{"type":"Polygon","coordinates":[[[142.4321,43.9473],[142.4374,43.9611],[142.4339,43.9647],[142.445,43.9735],[142.4482,43.9675],[142.4588,43.9649],[142.4657,43.9655],[142.4729,43.9603],[142.4876,43.9564],[142.4899,43.9616],[142.4916,43.9759],[142.4829,43.9818],[142.4815,43.9873],[142.4735,43.9933],[142.4787,44.0028],[142.4803,44.0127],[142.4771,44.0196],[142.4806,44.0274],[142.4787,44.0361],[142.4825,44.0408],[142.4819,44.0569],[142.4756,44.0734],[142.465,44.0819],[142.4667,44.0857],[142.4584,44.0949],[142.4629,44.1023],[142.4572,44.1091],[142.4476,44.1133],[142.4378,44.1055],[142.4336,44.0954],[142.4284,44.0951],[142.4264,44.0886],[142.4171,44.0774],[142.4096,44.0713],[142.3935,44.0669],[142.3855,44.0621],[142.3792,44.0644],[142.371,44.0737],[142.3629,44.0566],[142.3577,44.052],[142.3449,44.0527],[142.3338,44.0456],[142.3178,44.0378],[142.3082,44.0406],[142.2864,44.0382],[142.2747,44.0403],[142.259,44.0363],[142.2493,44.0269],[142.2362,44.0205],[142.2414,44.0129],[142.2472,43.9931],[142.2427,43.9847],[142.2531,43.9816],[142.2546,43.9745],[142.2528,43.9667],[142.2453,43.9626],[142.2448,43.9562],[142.2492,43.9501],[142.2742,43.94],[142.2826,43.9396],[142.288,43.9452],[142.3044,43.9454],[142.3059,43.9548],[142.3113,43.9592],[142.3263,43.9546],[142.3324,43.9583],[142.3619,43.9628],[142.3674,43.9584],[142.3875,43.9549],[142.4126,43.9534],[142.4214,43.9436],[142.4321,43.9473]]]}},{"type":"Feature","id":"Kenbuchi","properties":{"id":"Kenbuchi","code":1465,"name":"Kenbuchi","name_full":"剣淵町","name_ja":"剣淵町","name_short_ja":"剣淵","center_lonlat":[142.3416,44.1036]},"geometry":{"type":"Polygon","coordinates":[[[142.2747,44.0403],[142.2864,44.0382],[142.3082,44.0406],[142.3178,44.0378],[142.3338,44.0456],[142.3449,44.0527],[142.3577,44.052],[142.3629,44.0566],[142.371,44.0737],[142.3792,44.0644],[142.3855,44.0621],[142.3935,44.0669],[142.4096,44.0713],[142.4171,44.0774],[142.4264,44.0886],[142.4284,44.0951],[142.4336,44.0954],[142.4378,44.1055],[142.4476,44.1133],[142.4408,44.1181],[142.4311,44.1154],[142.4243,44.1169],[142.4084,44.1241],[142.4127,44.1373],[142.4114,44.1476],[142.3933,44.1461],[142.3879,44.1437],[142.3696,44.1407],[142.3538,44.1398],[142.346,44.1475],[142.3421,44.1602],[142.3338,44.1645],[142.3246,44.1659],[142.3216,44.1693],[142.3214,44.1803],[142.3103,44.1864],[142.3111,44.1771],[142.3016,44.1763],[142.2926,44.1625],[142.2854,44.1589],[142.2848,44.1441],[142.2777,44.133],[142.2781,44.1249],[142.274,44.1176],[142.28,44.1072],[142.2808,44.0893],[142.2692,44.0848],[142.2681,44.075],[142.2747,44.0643],[142.276,44.0563],[142.2808,44.0531],[142.2816,44.0435],[142.2747,44.0403]]]}},{"type":"Feature","id":"Shimokawa","properties":{"id":"Shimokawa","code":1468,"name":"Shimokawa","name_full":"下川町","name_ja":"下川町","name_short_ja":"下川","center_lonlat":[142.7167,44.3136]},"geometry":{"type":"Polygon","coordinates":[[[142.8383,44.1568],[142.8524,44.1583],[142.8628,44.1548],[142.8769,44.1597],[142.8824,44.1687],[142.8775,44.1749],[142.8766,44.1852],[142.8684,44.1883],[142.8728,44.1942],[142.8689,44.1982],[142.8725,44.2035],[142.8657,44.2115],[142.8648,44.2186],[142.8756,44.2288],[142.8698,44.2323],[142.8658,44.2406],[142.8667,44.2484],[142.8593,44.2573],[142.8522,44.2589],[142.8456,44.2673],[142.8264,44.2724],[142.8242,44.2792],[142.8272,44.2829],[142.8292,44.2934],[142.8238,44.305],[142.8227,44.3136],[142.8242,44.3288],[142.8173,44.3321],[142.8026,44.3315],[142.8025,44.3426],[142.8088,44.349],[142.8156,44.3503],[142.8152,44.3563],[142.8257,44.3694],[142.8287,44.3794],[142.8239,44.3885],[142.8294,44.392],[142.8304,44.3973],[142.8184,44.4139],[142.8188,44.4189],[142.8245,44.4237],[142.8357,44.4261],[142.8404,44.4324],[142.8513,44.4383],[142.8403,44.4465],[142.8445,44.4538],[142.8436,44.4594],[142.8218,44.4548],[142.8117,44.4588],[142.795,44.4563],[142.7654,44.4645],[142.758,44.461],[142.7565,44.4565],[142.7492,44.455],[142.7392,44.4632],[142.7336,44.46],[142.7212,44.4608],[142.7207,44.4685],[142.7127,44.4812],[142.695,44.4819],[142.6919,44.4766],[142.6834,44.4735],[142.6676,44.4539],[142.6548,44.4477],[142.6507,44.4378],[142.6199,44.4347],[142.6065,44.4367],[142.5939,44.4323],[142.5841,44.4337],[142.5807,44.4326],[142.566,44.4203],[142.559,44.4099],[142.5658,44.3994],[142.5626,44.3969],[142.5676,44.3839],[142.5718,44.3677],[142.5828,44.3597],[142.5785,44.3556],[142.5741,44.3328],[142.5694,44.3268],[142.5514,44.3222],[142.5307,44.2911],[142.5381,44.2885],[142.55,44.2906],[142.5573,44.2884],[142.5718,44.2891],[142.5896,44.2861],[142.5932,44.2816],[142.5889,44.2755],[142.5915,44.267],[142.5988,44.2646],[142.6029,44.2593],[142.5996,44.2473],[142.6085,44.246],[142.6095,44.2372],[142.6153,44.2287],[142.6284,44.2155],[142.6255,44.2069],[142.6404,44.1997],[142.6395,44.1969],[142.628,44.1916],[142.6283,44.1792],[142.6219,44.1791],[142.6171,44.1725],[142.6335,44.1656],[142.6427,44.1689],[142.6593,44.1724],[142.658,44.1762],[142.6627,44.1823],[142.6774,44.1831],[142.6861,44.1876],[142.6902,44.1858],[142.6936,44.1721],[142.6992,44.17],[142.7012,44.1783],[142.7113,44.1818],[142.7173,44.1881],[142.7267,44.1885],[142.7414,44.1922],[142.7562,44.1813],[142.7692,44.1789],[142.7783,44.1707],[142.7855,44.1604],[142.7927,44.1577],[142.7882,44.1521],[142.7902,44.1485],[142.8022,44.1418],[142.8115,44.1447],[142.8215,44.154],[142.8383,44.1568]]]}},{"type":"Feature","id":"Bifuka","properties":{"id":"Bifuka","code":1469,"name":"Bifuka","name_full":"美深町","name_ja":"美深町","name_short_ja":"美深","center_lonlat":[142.3961,44.5403]},"geometry":{"type":"Polygon","coordinates":[[[142.5863,44.4453],[142.5933,44.4552],[142.5979,44.4663],[142.5967,44.4747],[142.6015,44.4865],[142.6133,44.494],[142.6183,44.5001],[142.6205,44.5145],[142.6279,44.523],[142.6348,44.5237],[142.6461,44.5306],[142.6362,44.5361],[142.6347,44.5459],[142.6362,44.5535],[142.6529,44.5676],[142.6557,44.5781],[142.6453,44.5806],[142.647,44.59],[142.6418,44.5972],[142.6223,44.5948],[142.6091,44.598],[142.5939,44.5938],[142.5757,44.6002],[142.5647,44.6004],[142.561,44.6075],[142.5632,44.6122],[142.5577,44.6152],[142.5476,44.6131],[142.5367,44.6147],[142.5243,44.6091],[142.5193,44.5959],[142.5148,44.5922],[142.5106,44.5833],[142.4954,44.5784],[142.4931,44.5893],[142.484,44.5899],[142.4777,44.5964],[142.479,44.6059],[142.4727,44.6118],[142.4686,44.6199],[142.4583,44.6162],[142.4358,44.6204],[142.4316,44.6279],[142.4179,44.6368],[142.4134,44.6367],[142.4055,44.6487],[142.4121,44.6658],[142.3918,44.6605],[142.3854,44.6622],[142.3727,44.6708],[142.3653,44.668],[142.3491,44.6677],[142.3297,44.6577],[142.313,44.6551],[142.2942,44.658],[142.2765,44.6543],[142.2644,44.6418],[142.2628,44.6365],[142.2513,44.6309],[142.2255,44.6312],[142.2208,44.6225],[142.2109,44.6171],[142.2141,44.606],[142.19,44.6029],[142.1889,44.5962],[142.1801,44.59],[142.1801,44.5832],[142.1946,44.571],[142.2063,44.5642],[142.206,44.5542],[142.2012,44.5516],[142.2033,44.5413],[142.2111,44.5377],[142.2122,44.5284],[142.2216,44.5237],[142.219,44.5086],[142.2219,44.4996],[142.2073,44.4956],[142.2097,44.4899],[142.2051,44.4768],[142.196,44.4686],[142.1927,44.4598],[142.1964,44.4523],[142.2093,44.454],[142.2184,44.4505],[142.2217,44.4412],[142.2345,44.4312],[142.234,44.4264],[142.247,44.4176],[142.2503,44.4099],[142.2603,44.4102],[142.2713,44.4024],[142.2775,44.4019],[142.2818,44.3961],[142.2903,44.3933],[142.3043,44.4017],[142.3141,44.4038],[142.3151,44.4088],[142.3092,44.427],[142.3041,44.4364],[142.3067,44.4396],[142.3175,44.4433],[142.3334,44.4535],[142.3375,44.458],[142.3449,44.4539],[142.3561,44.4573],[142.3607,44.454],[142.368,44.4583],[142.3781,44.4676],[142.3884,44.4684],[142.391,44.4753],[142.399,44.4808],[142.409,44.4831],[142.4164,44.4816],[142.4182,44.4714],[142.4337,44.4697],[142.443,44.4734],[142.4567,44.4708],[142.4636,44.4757],[142.4726,44.4739],[142.4842,44.4584],[142.4909,44.4523],[142.4998,44.4518],[142.5036,44.4478],[142.5204,44.4445],[142.5426,44.4462],[142.547,44.449],[142.5663,44.4495],[142.5793,44.448],[142.5863,44.4453]]]}},{"type":"Feature","id":"Otoineppu","properties":{"id":"Otoineppu","code":1470,"name":"Otoineppu","name_full":"音威子府村","name_ja":"音威子府村","name_short_ja":"音威子府","center_lonlat":[142.2473,44.7146]},"geometry":{"type":"Polygon","coordinates":[[[142.4121,44.6658],[142.4184,44.6737],[142.4093,44.6871],[142.3969,44.695],[142.3952,44.7007],[142.3839,44.7034],[142.3763,44.7018],[142.3627,44.7053],[142.3589,44.7101],[142.3427,44.7061],[142.3378,44.7094],[142.3275,44.7102],[142.3244,44.7268],[142.3114,44.7382],[142.3086,44.7462],[142.3027,44.7479],[142.3049,44.7623],[142.3094,44.7683],[142.312,44.7779],[142.3005,44.7837],[142.2956,44.7883],[142.2835,44.7885],[142.2803,44.8027],[142.2827,44.813],[142.2811,44.8223],[142.2731,44.8217],[142.2633,44.8174],[142.2402,44.8215],[142.2357,44.827],[142.2269,44.8231],[142.209,44.8212],[142.2051,44.8082],[142.191,44.7992],[142.1735,44.7981],[142.1699,44.7873],[142.1616,44.7803],[142.164,44.764],[142.1587,44.7594],[142.1504,44.7472],[142.1448,44.7356],[142.1526,44.7353],[142.1638,44.7313],[142.1657,44.7276],[142.1529,44.7229],[142.1475,44.7187],[142.1398,44.6995],[142.1428,44.6944],[142.1595,44.6927],[142.1555,44.6805],[142.148,44.666],[142.1568,44.6555],[142.1653,44.6499],[142.1674,44.6405],[142.1655,44.6363],[142.1698,44.63],[142.1846,44.6249],[142.1898,44.6167],[142.1862,44.6096],[142.19,44.6029],[142.2141,44.606],[142.2109,44.6171],[142.2208,44.6225],[142.2255,44.6312],[142.2513,44.6309],[142.2628,44.6365],[142.2644,44.6418],[142.2765,44.6543],[142.2942,44.658],[142.313,44.6551],[142.3297,44.6577],[142.3491,44.6677],[142.3653,44.668],[142.3727,44.6708],[142.3854,44.6622],[142.3918,44.6605],[142.4121,44.6658]]]}},{"type":"Feature","id":"Nakagawa","properties":{"id":"Nakagawa","code":1471,"name":"Nakagawa","name_full":"中川町","name_ja":"中川町","name_short_ja":"中川","center_lonlat":[142.0933,44.6904]},"geometry":{"type":"Polygon","coordinates":[[[142.19,44.6029],[142.1862,44.6096],[142.1898,44.6167],[142.1846,44.6249],[142.1698,44.63],[142.1655,44.6363],[142.1674,44.6405],[142.1653,44.6499],[142.1568,44.6555],[142.148,44.666],[142.1555,44.6805],[142.1595,44.6927],[142.1428,44.6944],[142.1398,44.6995],[142.1475,44.7187],[142.1529,44.7229],[142.1657,44.7276],[142.1638,44.7313],[142.1526,44.7353],[142.1448,44.7356],[142.1504,44.7472],[142.1587,44.7594],[142.164,44.764],[142.1616,44.7803],[142.1699,44.7873],[142.1735,44.7981],[142.1689,44.803],[142.1612,44.8044],[142.1587,44.8126],[142.1659,44.8233],[142.167,44.8351],[142.162,44.8367],[142.1666,44.8465],[142.1657,44.8524],[142.1521,44.8549],[142.1506,44.8601],[142.1596,44.8655],[142.1602,44.8701],[142.1522,44.8858],[142.1333,44.9022],[142.121,44.8979],[142.1109,44.8984],[142.1024,44.9024],[142.0963,44.9012],[142.0697,44.9014],[142.0531,44.8983],[142.0296,44.8986],[142.0282,44.9052],[142.0204,44.9026],[142.0194,44.8963],[142.0032,44.8941],[141.9995,44.8897],[141.9994,44.8802],[141.9908,44.8763],[141.9894,44.8707],[141.9966,44.8627],[142.0032,44.8611],[142.0075,44.8528],[142.0039,44.841],[141.9979,44.8335],[142.005,44.8187],[141.9971,44.8051],[142.0011,44.8008],[141.9908,44.7797],[141.9925,44.7764],[141.9871,44.7682],[141.9897,44.761],[141.9854,44.7578],[141.9764,44.7456],[141.9812,44.7405],[141.9845,44.7285],[141.9952,44.7196],[141.9938,44.7057],[142.0013,44.7008],[141.9959,44.6901],[141.9887,44.6858],[141.9973,44.675],[141.9946,44.6712],[141.9984,44.659],[142.0098,44.654],[142.0031,44.6459],[142.0033,44.641],[142.0092,44.6368],[142.0044,44.6333],[142.0033,44.6244],[142.0141,44.6196],[142.0143,44.6101],[142.0076,44.6059],[142.0092,44.5989],[142.0155,44.5928],[142.0237,44.5892],[142.0293,44.5903],[142.0403,44.5859],[142.0439,44.571],[142.0481,44.5659],[142.0472,44.5601],[142.0553,44.552],[142.0509,44.5481],[142.0504,44.5408],[142.0407,44.5305],[142.0544,44.5136],[142.0673,44.5045],[142.0729,44.4962],[142.0798,44.4969],[142.0861,44.489],[142.0962,44.4904],[142.1085,44.4887],[142.1154,44.4746],[142.1345,44.4752],[142.145,44.4786],[142.1545,44.4779],[142.1593,44.4737],[142.1678,44.4735],[142.1766,44.4695],[142.1839,44.4633],[142.1927,44.4598],[142.196,44.4686],[142.2051,44.4768],[142.2097,44.4899],[142.2073,44.4956],[142.2219,44.4996],[142.219,44.5086],[142.2216,44.5237],[142.2122,44.5284],[142.2111,44.5377],[142.2033,44.5413],[142.2012,44.5516],[142.206,44.5542],[142.2063,44.5642],[142.1946,44.571],[142.1801,44.5832],[142.1801,44.59],[142.1889,44.5962],[142.19,44.6029]]]}},{"type":"Feature","id":"Horokanai","properties":{"id":"Horokanai","code":1472,"name":"Horokanai","name_full":"幌加内町","name_ja":"幌加内町","name_short_ja":"幌加内","center_lonlat":[142.1544,44.2308]},"geometry":{"type":"Polygon","coordinates":[[[142.2448,43.9562],[142.2453,43.9626],[142.2528,43.9667],[142.2546,43.9745],[142.2531,43.9816],[142.2427,43.9847],[142.2472,43.9931],[142.2414,44.0129],[142.2362,44.0205],[142.21,44.0352],[142.2064,44.0325],[142.1769,44.0493],[142.1742,44.0619],[142.1804,44.0712],[142.1821,44.0813],[142.1784,44.0886],[142.181,44.0951],[142.1956,44.109],[142.204,44.1231],[142.1881,44.1388],[142.1852,44.1524],[142.1793,44.1576],[142.1893,44.1667],[142.186,44.1689],[142.188,44.1764],[142.1858,44.1852],[142.1774,44.1865],[142.1721,44.1929],[142.1833,44.1975],[142.1849,44.2009],[142.199,44.2077],[142.2052,44.2227],[142.2042,44.227],[142.2067,44.24],[142.2133,44.2409],[142.2113,44.2495],[142.2007,44.2562],[142.1944,44.2545],[142.1852,44.2479],[142.1733,44.2542],[142.1745,44.261],[142.183,44.2723],[142.1922,44.2794],[142.1951,44.2856],[142.2074,44.2779],[142.2124,44.2838],[142.2137,44.2953],[142.2318,44.2972],[142.2401,44.2954],[142.2492,44.286],[142.2569,44.286],[142.2672,44.2805],[142.2733,44.2836],[142.2803,44.2814],[142.281,44.2763],[142.2924,44.2714],[142.2908,44.2664],[142.295,44.2622],[142.3119,44.2669],[142.3107,44.2732],[142.292,44.2915],[142.2872,44.2983],[142.2884,44.3043],[142.278,44.3083],[142.2793,44.3154],[142.2881,44.3164],[142.3073,44.3285],[142.3078,44.3458],[142.3146,44.3472],[142.3231,44.3544],[142.3202,44.3799],[142.3207,44.387],[142.317,44.4001],[142.3141,44.4038],[142.3043,44.4017],[142.2903,44.3933],[142.2818,44.3961],[142.2775,44.4019],[142.2713,44.4024],[142.2603,44.4102],[142.2503,44.4099],[142.247,44.4176],[142.234,44.4264],[142.2345,44.4312],[142.2217,44.4412],[142.2184,44.4505],[142.2093,44.454],[142.1964,44.4523],[142.1927,44.4598],[142.1839,44.4633],[142.1766,44.4695],[142.1678,44.4735],[142.1593,44.4737],[142.1545,44.4779],[142.145,44.4786],[142.1345,44.4752],[142.1154,44.4746],[142.1156,44.4652],[142.1115,44.4601],[142.1122,44.4529],[142.1055,44.4388],[142.0945,44.4365],[142.0883,44.4387],[142.08,44.4335],[142.0773,44.4243],[142.0713,44.4231],[142.0646,44.4167],[142.0572,44.414],[142.0543,44.4088],[142.0353,44.4056],[142.0357,44.4007],[142.0213,44.3902],[142.0264,44.3817],[142.0316,44.3775],[142.0288,44.3708],[142.0319,44.3654],[142.0321,44.3556],[142.0367,44.3459],[142.0483,44.3445],[142.061,44.3361],[142.0538,44.3265],[142.0541,44.321],[142.0589,44.3146],[142.0533,44.3086],[142.0605,44.2981],[142.0459,44.2901],[142.0309,44.2846],[142.0391,44.2697],[142.0347,44.2651],[142.0387,44.2586],[142.0459,44.263],[142.0577,44.2558],[142.0616,44.2501],[142.0664,44.2354],[142.0505,44.2321],[142.0435,44.228],[142.0499,44.2173],[142.0435,44.2125],[142.0496,44.204],[142.0574,44.2027],[142.0599,44.1975],[142.0737,44.1942],[142.0819,44.1957],[142.0882,44.1884],[142.0881,44.1822],[142.0789,44.1723],[142.0756,44.1649],[142.0713,44.1578],[142.0714,44.1514],[142.0755,44.1461],[142.072,44.1395],[142.0729,44.1322],[142.0782,44.1292],[142.0714,44.1241],[142.0709,44.1194],[142.0638,44.1123],[142.0525,44.1044],[142.0624,44.0785],[142.07,44.0695],[142.0647,44.062],[142.057,44.056],[142.0583,44.0508],[142.0661,44.0483],[142.0856,44.0469],[142.095,44.0446],[142.0981,44.0394],[142.0933,44.0295],[142.0886,44.0293],[142.091,44.0147],[142.0971,44.0071],[142.0956,44.0006],[142.1021,43.9974],[142.1046,43.9861],[142.1127,43.9773],[142.112,43.9715],[142.1053,43.9653],[142.1151,43.9559],[142.1139,43.9486],[142.12,43.9464],[142.1227,43.9338],[142.1398,43.9189],[142.1494,43.9054],[142.1585,43.9141],[142.1643,43.9151],[142.1713,43.9229],[142.1803,43.9254],[142.1867,43.93],[142.188,43.9349],[142.1986,43.9453],[142.2078,43.9491],[142.2204,43.9477],[142.2369,43.9488],[142.2448,43.9562]]]}},{"type":"Feature","id":"Mashike","properties":{"id":"Mashike","code":1481,"name":"Mashike","name_full":"増毛町","name_ja":"増毛町","name_short_ja":"増毛","center_lonlat":[141.5359,43.7881]},"geometry":{"type":"Polygon","coordinates":[[[141.6079,43.9031],[141.5974,43.8843],[141.5881,43.8819],[141.5822,43.8726],[141.5752,43.8681],[141.565,43.8667],[141.5621,43.8598],[141.5547,43.8585],[141.5465,43.8605],[141.544,43.8547],[141.5373,43.8518],[141.5293,43.8573],[141.5193,43.8589],[141.5098,43.8552],[141.4974,43.8389],[141.4936,43.8362],[141.4819,43.8358],[141.4664,43.833],[141.4575,43.8357],[141.4462,43.8287],[141.4336,43.8259],[141.4104,43.814],[141.3987,43.8117],[141.3932,43.8068],[141.3819,43.802],[141.3719,43.7915],[141.3703,43.7775],[141.3617,43.7615],[141.351,43.7548],[141.3447,43.7443],[141.3374,43.7375],[141.347,43.7339],[141.3713,43.7276],[141.3791,43.7296],[141.3932,43.7376],[141.405,43.7378],[141.4139,43.7266],[141.4117,43.719],[141.4173,43.7112],[141.4317,43.7107],[141.4388,43.7038],[141.4531,43.7009],[141.4687,43.7008],[141.48,43.688],[141.4906,43.6844],[141.4933,43.6915],[141.5054,43.6994],[141.511,43.6985],[141.525,43.7084],[141.5251,43.711],[141.5383,43.7122],[141.5589,43.7181],[141.5733,43.7286],[141.5957,43.7388],[141.6065,43.7451],[141.6151,43.7428],[141.6175,43.7524],[141.6325,43.7599],[141.6403,43.7608],[141.6472,43.7563],[141.6641,43.7598],[141.6935,43.7464],[141.7015,43.7513],[141.7047,43.7568],[141.6982,43.7739],[141.6997,43.7814],[141.695,43.7858],[141.6989,43.7962],[141.6985,43.8059],[141.6931,43.816],[141.6953,43.8248],[141.6866,43.8284],[141.6864,43.8332],[141.6755,43.8416],[141.6694,43.8527],[141.6618,43.8547],[141.6643,43.8645],[141.6624,43.8742],[141.6473,43.8814],[141.6396,43.8902],[141.6358,43.8901],[141.6247,43.8992],[141.6079,43.9031]]]}},{"type":"Feature","id":"Obira","properties":{"id":"Obira","code":1482,"name":"Obira","name_full":"小平町","name_ja":"小平町","name_short_ja":"小平","center_lonlat":[141.8395,44.0585]},"geometry":{"type":"Polygon","coordinates":[[[141.8851,43.9433],[141.8951,43.9454],[141.9013,43.9567],[141.9196,43.9585],[141.9313,43.9634],[141.9291,43.9718],[141.931,43.9831],[141.9488,43.9992],[141.9675,43.9977],[141.9859,43.9934],[141.9919,43.9967],[141.9957,44.0059],[142.0109,44.0038],[142.02,44.0057],[142.0327,43.9984],[142.0406,43.9995],[142.043,44.0093],[142.0538,44.0187],[142.0614,44.031],[142.058,44.0373],[142.0598,44.0449],[142.0661,44.0483],[142.0583,44.0508],[142.057,44.056],[142.0647,44.062],[142.07,44.0695],[142.0624,44.0785],[142.0525,44.1044],[142.0638,44.1123],[142.0709,44.1194],[142.0714,44.1241],[142.0782,44.1292],[142.0729,44.1322],[142.072,44.1395],[142.0755,44.1461],[142.0714,44.1514],[142.0713,44.1578],[142.0756,44.1649],[142.0552,44.1693],[142.0476,44.1565],[142.0335,44.1466],[142.0217,44.1513],[142.016,44.1468],[142.0024,44.1445],[141.9872,44.1486],[141.9684,44.1417],[141.9558,44.1468],[141.9474,44.146],[141.9468,44.1409],[141.9511,44.1328],[141.9471,44.1282],[141.9515,44.1246],[141.9462,44.1157],[141.9319,44.1187],[141.9303,44.1234],[141.9155,44.1212],[141.9113,44.113],[141.9004,44.1103],[141.8894,44.1052],[141.8713,44.1069],[141.8662,44.1108],[141.8484,44.1163],[141.8396,44.1173],[141.8359,44.1121],[141.8242,44.108],[141.8248,44.0993],[141.8208,44.0941],[141.8126,44.0908],[141.8008,44.0956],[141.7852,44.0983],[141.7756,44.1053],[141.7704,44.1121],[141.7778,44.1213],[141.7723,44.1337],[141.7717,44.1419],[141.7656,44.1488],[141.7481,44.1636],[141.7298,44.1679],[141.7221,44.1727],[141.7288,44.1823],[141.7281,44.1872],[141.7116,44.2008],[141.7078,44.2061],[141.6981,44.2058],[141.6861,44.2149],[141.6673,44.2134],[141.6562,44.209],[141.658,44.1881],[141.6583,44.1618],[141.6539,44.1545],[141.6532,44.1425],[141.6599,44.1006],[141.6621,44.0784],[141.6624,44.0387],[141.6605,44.0285],[141.6623,44.0234],[141.6599,44.0084],[141.651,43.9939],[141.6542,43.9854],[141.6678,43.9776],[141.6705,43.972],[141.6789,43.9649],[141.6894,43.9638],[141.694,43.9579],[141.7044,43.9582],[141.7103,43.9536],[141.7195,43.9507],[141.7214,43.9436],[141.7343,43.941],[141.7368,43.9349],[141.743,43.9309],[141.7613,43.9329],[141.7716,43.9313],[141.7824,43.9368],[141.7953,43.9513],[141.7978,43.9584],[141.8089,43.9585],[141.8211,43.9632],[141.8345,43.9602],[141.8416,43.9671],[141.8595,43.9647],[141.8661,43.9573],[141.8753,43.9536],[141.8851,43.9433]]]}},{"type":"Feature","id":"Tomamae","properties":{"id":"Tomamae","code":1483,"name":"Tomamae","name_full":"苫前町","name_ja":"苫前町","name_short_ja":"苫前","center_lonlat":[141.8366,44.2064]},"geometry":{"type":"Polygon","coordinates":[[[142.0435,44.228],[142.0355,44.2342],[142.0263,44.229],[142.0252,44.2183],[142.0204,44.2142],[142.0062,44.2137],[141.9953,44.2071],[141.9892,44.2076],[141.9808,44.2146],[141.9758,44.2154],[141.9762,44.2224],[141.9609,44.2244],[141.952,44.2237],[141.9458,44.2265],[141.9456,44.2327],[141.9339,44.2381],[141.9244,44.2487],[141.9106,44.252],[141.9034,44.2568],[141.8916,44.255],[141.8781,44.2609],[141.8774,44.2647],[141.8654,44.2685],[141.8518,44.269],[141.8398,44.2715],[141.8256,44.2696],[141.7997,44.2773],[141.7691,44.2844],[141.7681,44.296],[141.7624,44.2985],[141.7485,44.2992],[141.7385,44.3114],[141.7272,44.312],[141.7238,44.3176],[141.7245,44.325],[141.6978,44.342],[141.6837,44.3472],[141.6788,44.3327],[141.6721,44.3239],[141.6617,44.3156],[141.647,44.3121],[141.6489,44.2974],[141.6476,44.2921],[141.6543,44.2643],[141.654,44.26],[141.658,44.2422],[141.6544,44.22],[141.6562,44.209],[141.6673,44.2134],[141.6861,44.2149],[141.6981,44.2058],[141.7078,44.2061],[141.7116,44.2008],[141.7281,44.1872],[141.7288,44.1823],[141.7221,44.1727],[141.7298,44.1679],[141.7481,44.1636],[141.7656,44.1488],[141.7717,44.1419],[141.7723,44.1337],[141.7778,44.1213],[141.7704,44.1121],[141.7756,44.1053],[141.7852,44.0983],[141.8008,44.0956],[141.8126,44.0908],[141.8208,44.0941],[141.8248,44.0993],[141.8242,44.108],[141.8359,44.1121],[141.8396,44.1173],[141.8484,44.1163],[141.8662,44.1108],[141.8713,44.1069],[141.8894,44.1052],[141.9004,44.1103],[141.9113,44.113],[141.9155,44.1212],[141.9303,44.1234],[141.9319,44.1187],[141.9462,44.1157],[141.9515,44.1246],[141.9471,44.1282],[141.9511,44.1328],[141.9468,44.1409],[141.9474,44.146],[141.9558,44.1468],[141.9684,44.1417],[141.9872,44.1486],[142.0024,44.1445],[142.016,44.1468],[142.0217,44.1513],[142.0335,44.1466],[142.0476,44.1565],[142.0552,44.1693],[142.0756,44.1649],[142.0789,44.1723],[142.0881,44.1822],[142.0882,44.1884],[142.0819,44.1957],[142.0737,44.1942],[142.0599,44.1975],[142.0574,44.2027],[142.0496,44.204],[142.0435,44.2125],[142.0499,44.2173],[142.0435,44.228]]]}},{"type":"Feature","id":"Haboro","properties":{"id":"Haboro","code":1484,"name":"Haboro","name_full":"羽幌町","name_ja":"羽幌町","name_short_ja":"羽幌","center_lonlat":[141.8955,44.3333]},"geometry":{"type":"MultiPolygon","coordinates":[[[[142.0321,44.3556],[142.0193,44.3556],[142.013,44.3618],[142.0099,44.372],[142.0083,44.3876],[142.0,44.4043],[142.0006,44.4112],[141.9903,44.4182],[141.9835,44.4281],[141.9763,44.4329],[141.9739,44.4429],[141.9559,44.4482],[141.9479,44.4547],[141.9391,44.4511],[141.9307,44.4447],[141.9063,44.4359],[141.9035,44.433],[141.8894,44.4312],[141.8801,44.4247],[141.8851,44.417],[141.8761,44.4036],[141.8748,44.3961],[141.8657,44.3921],[141.8472,44.3875],[141.8424,44.3906],[141.8135,44.3949],[141.8064,44.3943],[141.8011,44.398],[141.7935,44.397],[141.7876,44.3996],[141.7819,44.4102],[141.7748,44.4171],[141.7727,44.4235],[141.7587,44.4271],[141.7471,44.4328],[141.7361,44.4154],[141.7253,44.4046],[141.7095,44.3914],[141.707,44.378],[141.6987,44.3694],[141.6921,44.3662],[141.6837,44.3472],[141.6978,44.342],[141.7245,44.325],[141.7238,44.3176],[141.7272,44.312],[141.7385,44.3114],[141.7485,44.2992],[141.7624,44.2985],[141.7681,44.296],[141.7691,44.2844],[141.7997,44.2773],[141.8256,44.2696],[141.8398,44.2715],[141.8518,44.269],[141.8654,44.2685],[141.8774,44.2647],[141.8781,44.2609],[141.8916,44.255],[141.9034,44.2568],[141.9106,44.252],[141.9244,44.2487],[141.9339,44.2381],[141.9456,44.2327],[141.9458,44.2265],[141.952,44.2237],[141.9609,44.2244],[141.9762,44.2224],[141.9758,44.2154],[141.9808,44.2146],[141.9892,44.2076],[141.9953,44.2071],[142.0062,44.2137],[142.0204,44.2142],[142.0252,44.2183],[142.0263,44.229],[142.0355,44.2342],[142.0435,44.228],[142.0505,44.2321],[142.0664,44.2354],[142.0616,44.2501],[142.0577,44.2558],[142.0459,44.263],[142.0387,44.2586],[142.0347,44.2651],[142.0391,44.2697],[142.0309,44.2846],[142.0459,44.2901],[142.0605,44.2981],[142.0533,44.3086],[142.0589,44.3146],[142.0541,44.321],[142.0538,44.3265],[142.061,44.3361],[142.0483,44.3445],[142.0367,44.3459],[142.0321,44.3556]]],[[[141.3267,44.4424],[141.3144,44.4345],[141.3074,44.4274],[141.2963,44.4232],[141.293,44.4196],[141.2944,44.4127],[141.3196,44.4156],[141.3356,44.4323],[141.3275,44.4379],[141.3267,44.4424]]],[[[141.4257,44.4466],[141.4089,44.4441],[141.3864,44.438],[141.3843,44.4304],[141.3939,44.431],[141.4158,44.4277],[141.426,44.4282],[141.4291,44.4335],[141.4257,44.4466]]]]}},{"type":"Feature","id":"Shosanbetsu","properties":{"id":"Shosanbetsu","code":1485,"name":"Shosanbetsu","name_full":"初山別村","name_ja":"初山別村","name_short_ja":"初山別","center_lonlat":[141.8406,44.5066]},"geometry":{"type":"Polygon","coordinates":[[[141.9391,44.4511],[141.9316,44.4552],[141.9323,44.4595],[141.9206,44.4629],[141.9207,44.4676],[141.9097,44.4682],[141.9066,44.4718],[141.9102,44.4778],[141.9074,44.4831],[141.9134,44.49],[141.9058,44.4946],[141.8982,44.4959],[141.897,44.5021],[141.9069,44.5071],[141.9141,44.5164],[141.9299,44.5216],[141.9268,44.5448],[141.9317,44.5534],[141.9328,44.5632],[141.9311,44.5719],[141.9234,44.5785],[141.9244,44.5875],[141.9293,44.5943],[141.9211,44.5999],[141.9034,44.6015],[141.8972,44.6036],[141.8893,44.6012],[141.8826,44.6034],[141.8725,44.5999],[141.8574,44.6048],[141.8563,44.6092],[141.8481,44.6113],[141.8335,44.6108],[141.8214,44.6224],[141.8203,44.6302],[141.8132,44.6322],[141.8109,44.638],[141.7968,44.6368],[141.7923,44.6429],[141.7899,44.6051],[141.7874,44.5867],[141.7824,44.5717],[141.7781,44.5654],[141.7731,44.5645],[141.7675,44.5557],[141.7656,44.5375],[141.7632,44.5308],[141.7643,44.5107],[141.7606,44.4724],[141.755,44.4512],[141.7471,44.4328],[141.7587,44.4271],[141.7727,44.4235],[141.7748,44.4171],[141.7819,44.4102],[141.7876,44.3996],[141.7935,44.397],[141.8011,44.398],[141.8064,44.3943],[141.8135,44.3949],[141.8424,44.3906],[141.8472,44.3875],[141.8657,44.3921],[141.8748,44.3961],[141.8761,44.4036],[141.8851,44.417],[141.8801,44.4247],[141.8894,44.4312],[141.9035,44.433],[141.9063,44.4359],[141.9307,44.4447],[141.9391,44.4511]]]}},{"type":"Feature","id":"Enbetsu","properties":{"id":"Enbetsu","code":1486,"name":"Enbetsu","name_full":"遠別町","name_ja":"遠別町","name_short_ja":"遠別","center_lonlat":[141.9334,44.6202]},"geometry":{"type":"Polygon","coordinates":[[[141.9908,44.7797],[141.9732,44.7791],[141.9661,44.7764],[141.9485,44.7754],[141.9397,44.7676],[141.9257,44.7639],[141.9174,44.767],[141.907,44.7633],[141.8953,44.7705],[141.8956,44.7753],[141.89,44.7851],[141.8839,44.8022],[141.8879,44.8105],[141.8758,44.8109],[141.8684,44.8223],[141.8663,44.832],[141.8581,44.8452],[141.8527,44.8413],[141.8548,44.8332],[141.8537,44.8244],[141.8316,44.8191],[141.7634,44.8078],[141.7752,44.7657],[141.7828,44.7282],[141.7805,44.7216],[141.7834,44.7162],[141.7877,44.6949],[141.7919,44.6616],[141.7923,44.6429],[141.7968,44.6368],[141.8109,44.638],[141.8132,44.6322],[141.8203,44.6302],[141.8214,44.6224],[141.8335,44.6108],[141.8481,44.6113],[141.8563,44.6092],[141.8574,44.6048],[141.8725,44.5999],[141.8826,44.6034],[141.8893,44.6012],[141.8972,44.6036],[141.9034,44.6015],[141.9211,44.5999],[141.9293,44.5943],[141.9244,44.5875],[141.9234,44.5785],[141.9311,44.5719],[141.9328,44.5632],[141.9317,44.5534],[141.9268,44.5448],[141.9299,44.5216],[141.9141,44.5164],[141.9069,44.5071],[141.897,44.5021],[141.8982,44.4959],[141.9058,44.4946],[141.9134,44.49],[141.9074,44.4831],[141.9102,44.4778],[141.9066,44.4718],[141.9097,44.4682],[141.9207,44.4676],[141.9206,44.4629],[141.9323,44.4595],[141.9316,44.4552],[141.9391,44.4511],[141.9479,44.4547],[141.9559,44.4482],[141.9739,44.4429],[141.9763,44.4329],[141.9835,44.4281],[141.9903,44.4182],[142.0006,44.4112],[142.0,44.4043],[142.0083,44.3876],[142.0099,44.372],[142.013,44.3618],[142.0193,44.3556],[142.0321,44.3556],[142.0319,44.3654],[142.0288,44.3708],[142.0316,44.3775],[142.0264,44.3817],[142.0213,44.3902],[142.0357,44.4007],[142.0353,44.4056],[142.0543,44.4088],[142.0572,44.414],[142.0646,44.4167],[142.0713,44.4231],[142.0773,44.4243],[142.08,44.4335],[142.0883,44.4387],[142.0945,44.4365],[142.1055,44.4388],[142.1122,44.4529],[142.1115,44.4601],[142.1156,44.4652],[142.1154,44.4746],[142.1085,44.4887],[142.0962,44.4904],[142.0861,44.489],[142.0798,44.4969],[142.0729,44.4962],[142.0673,44.5045],[142.0544,44.5136],[142.0407,44.5305],[142.0504,44.5408],[142.0509,44.5481],[142.0553,44.552],[142.0472,44.5601],[142.0481,44.5659],[142.0439,44.571],[142.0403,44.5859],[142.0293,44.5903],[142.0237,44.5892],[142.0155,44.5928],[142.0092,44.5989],[142.0076,44.6059],[142.0143,44.6101],[142.0141,44.6196],[142.0033,44.6244],[142.0044,44.6333],[142.0092,44.6368],[142.0033,44.641],[142.0031,44.6459],[142.0098,44.654],[141.9984,44.659],[141.9946,44.6712],[141.9973,44.675],[141.9887,44.6858],[141.9959,44.6901],[142.0013,44.7008],[141.9938,44.7057],[141.9952,44.7196],[141.9845,44.7285],[141.9812,44.7405],[141.9764,44.7456],[141.9854,44.7578],[141.9897,44.761],[141.9871,44.7682],[141.9925,44.7764],[141.9908,44.7797]]]}},{"type":"Feature","id":"Teshio","properties":{"id":"Teshio","code":1487,"name":"Teshio","name_full":"天塩町","name_ja":"天塩町","name_short_ja":"天塩","center_lonlat":[141.8615,44.8797]},"geometry":{"type":"Polygon","coordinates":[[[142.0282,44.9052],[142.0211,44.9109],[142.0124,44.9069],[142.0044,44.8979],[141.9932,44.9035],[141.9896,44.9162],[141.9832,44.916],[141.9748,44.9112],[141.9665,44.9026],[141.953,44.8981],[141.949,44.9108],[141.9302,44.9081],[141.929,44.9004],[141.9097,44.9092],[141.9186,44.9156],[141.9095,44.9216],[141.8987,44.9228],[141.8766,44.9294],[141.8744,44.9323],[141.8771,44.9475],[141.8762,44.9563],[141.8715,44.9709],[141.8637,44.98],[141.863,44.9877],[141.8555,44.9932],[141.8381,44.9919],[141.8331,44.9897],[141.8204,44.9928],[141.7962,44.9917],[141.7779,44.985],[141.7665,44.985],[141.7616,44.9825],[141.7445,44.9686],[141.733,44.966],[141.7152,44.9526],[141.7161,44.9462],[141.7208,44.942],[141.7266,44.9272],[141.7295,44.9143],[141.7373,44.8941],[141.7404,44.8819],[141.7366,44.8782],[141.7472,44.8571],[141.7547,44.836],[141.7634,44.8078],[141.8316,44.8191],[141.8537,44.8244],[141.8548,44.8332],[141.8527,44.8413],[141.8581,44.8452],[141.8663,44.832],[141.8684,44.8223],[141.8758,44.8109],[141.8879,44.8105],[141.8839,44.8022],[141.89,44.7851],[141.8956,44.7753],[141.8953,44.7705],[141.907,44.7633],[141.9174,44.767],[141.9257,44.7639],[141.9397,44.7676],[141.9485,44.7754],[141.9661,44.7764],[141.9732,44.7791],[141.9908,44.7797],[142.0011,44.8008],[141.9971,44.8051],[142.005,44.8187],[141.9979,44.8335],[142.0039,44.841],[142.0075,44.8528],[142.0032,44.8611],[141.9966,44.8627],[141.9894,44.8707],[141.9908,44.8763],[141.9994,44.8802],[141.9995,44.8897],[142.0032,44.8941],[142.0194,44.8963],[142.0204,44.9026],[142.0282,44.9052]]]}},{"type":"Feature","id":"Sarufutsu","properties":{"id":"Sarufutsu","code":1511,"name":"Sarufutsu","name_full":"猿払村","name_ja":"猿払村","name_short_ja":"猿払","center_lonlat":[142.1127,45.2253]},"geometry":{"type":"Polygon","coordinates":[[[141.9967,45.2358],[142.0023,45.2236],[141.9961,45.2188],[141.9927,45.2112],[141.9799,45.2067],[141.9783,45.2039],[141.9928,45.1918],[141.9922,45.184],[142.0053,45.1809],[142.005,45.1736],[142.0096,45.1647],[142.0115,45.1543],[142.0172,45.1502],[142.0186,45.1435],[142.0143,45.1389],[142.0062,45.1364],[142.0023,45.1303],[141.9962,45.13],[141.9875,45.1238],[141.989,45.1169],[141.9865,45.1083],[141.9922,45.1012],[142.0042,45.1005],[142.0052,45.0934],[142.0151,45.0931],[142.0248,45.0859],[142.0368,45.0838],[142.0513,45.0645],[142.0634,45.069],[142.0656,45.0738],[142.0778,45.0863],[142.0846,45.0897],[142.1009,45.0939],[142.1068,45.0879],[142.1156,45.0876],[142.1313,45.0817],[142.1289,45.0786],[142.1328,45.0699],[142.1436,45.0647],[142.1465,45.0607],[142.1643,45.0512],[142.1827,45.0545],[142.1799,45.0646],[142.1859,45.0784],[142.1975,45.0822],[142.1989,45.0912],[142.1931,45.0983],[142.1898,45.1183],[142.1822,45.1189],[142.1816,45.1277],[142.1724,45.1307],[142.1691,45.1408],[142.1861,45.1455],[142.1856,45.1605],[142.192,45.1686],[142.2047,45.1787],[142.2109,45.1794],[142.2182,45.1752],[142.2312,45.1796],[142.2389,45.18],[142.2434,45.1845],[142.2445,45.1913],[142.2513,45.1921],[142.2571,45.1875],[142.2644,45.1864],[142.2813,45.1783],[142.2963,45.173],[142.3127,45.162],[142.3194,45.1605],[142.3449,45.1748],[142.3123,45.203],[142.2845,45.2257],[142.2633,45.2454],[142.227,45.2825],[142.1923,45.315],[142.1797,45.33],[142.1661,45.3421],[142.1162,45.3664],[142.0853,45.3834],[142.0632,45.3936],[142.0502,45.4023],[142.049,45.3859],[142.0439,45.3764],[142.0281,45.3738],[142.0251,45.365],[142.0172,45.3619],[142.0007,45.3606],[141.9826,45.3534],[141.9768,45.3541],[141.9621,45.3442],[141.9596,45.3361],[141.9689,45.3281],[141.9751,45.3185],[141.9737,45.309],[141.9668,45.3045],[141.9608,45.2936],[141.9676,45.2935],[141.981,45.2872],[141.9911,45.2862],[141.991,45.2784],[141.9949,45.2735],[141.9889,45.2664],[141.9933,45.2577],[142.0058,45.2502],[141.9967,45.2414],[141.9967,45.2358]]]}},{"type":"Feature","id":"Hamatonbetsu","properties":{"id":"Hamatonbetsu","code":1512,"name":"Hamatonbetsu","name_full":"浜頓別町","name_ja":"浜頓別町","name_short_ja":"浜頓別","center_lonlat":[142.3084,45.0757]},"geometry":{"type":"Polygon","coordinates":[[[142.1643,45.0512],[142.1574,45.0436],[142.1564,45.0378],[142.1705,45.0376],[142.1699,45.0301],[142.1648,45.0214],[142.1555,45.017],[142.1536,45.0109],[142.1587,44.9991],[142.1594,44.9918],[142.1695,44.9819],[142.1658,44.9708],[142.1713,44.968],[142.1841,44.9709],[142.1975,44.9688],[142.2049,44.9704],[142.2088,44.9763],[142.2212,44.9846],[142.2122,44.9922],[142.2348,44.9929],[142.2356,44.9973],[142.2521,44.999],[142.2518,45.0053],[142.2575,45.0112],[142.2696,45.012],[142.2821,45.0215],[142.306,45.0247],[142.3119,45.0194],[142.3265,45.0179],[142.3453,45.0125],[142.361,45.0148],[142.3732,45.0073],[142.3883,45.01],[142.3977,44.9959],[142.3974,44.9825],[142.4053,44.9775],[142.4153,44.9769],[142.4254,44.9813],[142.4289,44.9912],[142.4432,44.9982],[142.4479,44.9936],[142.46,44.989],[142.4664,44.9917],[142.4715,45.0039],[142.4837,45.0053],[142.4785,45.0152],[142.4914,45.0222],[142.4855,45.027],[142.4852,45.032],[142.4756,45.0394],[142.4709,45.0481],[142.4771,45.0531],[142.4931,45.0548],[142.5044,45.0601],[142.4871,45.0596],[142.4822,45.0614],[142.4469,45.0913],[142.4292,45.1035],[142.4067,45.1207],[142.3896,45.1371],[142.3852,45.1393],[142.3449,45.1748],[142.3194,45.1605],[142.3127,45.162],[142.2963,45.173],[142.2813,45.1783],[142.2644,45.1864],[142.2571,45.1875],[142.2513,45.1921],[142.2445,45.1913],[142.2434,45.1845],[142.2389,45.18],[142.2312,45.1796],[142.2182,45.1752],[142.2109,45.1794],[142.2047,45.1787],[142.192,45.1686],[142.1856,45.1605],[142.1861,45.1455],[142.1691,45.1408],[142.1724,45.1307],[142.1816,45.1277],[142.1822,45.1189],[142.1898,45.1183],[142.1931,45.0983],[142.1989,45.0912],[142.1975,45.0822],[142.1859,45.0784],[142.1799,45.0646],[142.1827,45.0545],[142.1643,45.0512]]]}},{"type":"Feature","id":"Nakatonbetsu","properties":{"id":"Nakatonbetsu","code":1513,"name":"Nakatonbetsu","name_full":"中頓別町","name_ja":"中頓別町","name_short_ja":"中頓別","center_lonlat":[142.2779,44.9135]},"geometry":{"type":"Polygon","coordinates":[[[142.312,44.7779],[142.3148,44.7887],[142.3222,44.7945],[142.3214,44.8022],[142.3134,44.8061],[142.3154,44.8257],[142.3191,44.8314],[142.331,44.835],[142.3305,44.8446],[142.3396,44.8545],[142.352,44.8614],[142.3535,44.8659],[142.3623,44.8706],[142.367,44.8655],[142.376,44.865],[142.3832,44.8727],[142.3913,44.8712],[142.3996,44.8759],[142.3979,44.8849],[142.4062,44.8927],[142.4052,44.899],[142.4128,44.9057],[142.4111,44.9106],[142.4154,44.92],[142.4231,44.9245],[142.4286,44.9415],[142.423,44.9484],[142.4237,44.9563],[142.4201,44.9607],[142.4261,44.9678],[142.4183,44.9698],[142.4153,44.9769],[142.4053,44.9775],[142.3974,44.9825],[142.3977,44.9959],[142.3883,45.01],[142.3732,45.0073],[142.361,45.0148],[142.3453,45.0125],[142.3265,45.0179],[142.3119,45.0194],[142.306,45.0247],[142.2821,45.0215],[142.2696,45.012],[142.2575,45.0112],[142.2518,45.0053],[142.2521,44.999],[142.2356,44.9973],[142.2348,44.9929],[142.2122,44.9922],[142.2212,44.9846],[142.2088,44.9763],[142.2049,44.9704],[142.1975,44.9688],[142.1841,44.9709],[142.1713,44.968],[142.1658,44.9708],[142.1543,44.9651],[142.1501,44.9582],[142.1413,44.9525],[142.1452,44.943],[142.141,44.929],[142.1309,44.9249],[142.127,44.9107],[142.1338,44.9059],[142.1333,44.9022],[142.1522,44.8858],[142.1602,44.8701],[142.1596,44.8655],[142.1506,44.8601],[142.1521,44.8549],[142.1657,44.8524],[142.1666,44.8465],[142.162,44.8367],[142.167,44.8351],[142.1659,44.8233],[142.1587,44.8126],[142.1612,44.8044],[142.1689,44.803],[142.1735,44.7981],[142.191,44.7992],[142.2051,44.8082],[142.209,44.8212],[142.2269,44.8231],[142.2357,44.827],[142.2402,44.8215],[142.2633,44.8174],[142.2731,44.8217],[142.2811,44.8223],[142.2827,44.813],[142.2803,44.8027],[142.2835,44.7885],[142.2956,44.7883],[142.3005,44.7837],[142.312,44.7779]]]}},{"type":"Feature","id":"Esashi (01514)","properties":{"id":"Esashi (01514)","code":1514,"name":"Esashi (01514)","name_full":"枝幸町","name_ja":"枝幸町","name_short_ja":"枝幸","center_lonlat":[142.5429,44.7745]},"geometry":{"type":"Polygon","coordinates":[[[142.647,44.59],[142.6567,44.597],[142.671,44.5977],[142.6872,44.6029],[142.6894,44.6099],[142.6856,44.6169],[142.6963,44.6215],[142.7023,44.63],[142.7207,44.6325],[142.7307,44.6388],[142.7398,44.6413],[142.7508,44.6401],[142.7616,44.6346],[142.7663,44.6392],[142.7913,44.6402],[142.7923,44.6429],[142.8104,44.6568],[142.8238,44.6642],[142.8307,44.6704],[142.8347,44.6811],[142.8421,44.6872],[142.8328,44.6908],[142.8156,44.7034],[142.8148,44.7067],[142.8047,44.709],[142.793,44.717],[142.7842,44.727],[142.7776,44.7291],[142.7727,44.7378],[142.7633,44.7424],[142.7553,44.7506],[142.7378,44.7609],[142.7281,44.7708],[142.7194,44.7861],[142.702,44.797],[142.7024,44.8059],[142.6833,44.8218],[142.6826,44.8262],[142.6749,44.8356],[142.6598,44.8404],[142.6564,44.8491],[142.6511,44.8547],[142.6461,44.8664],[142.6354,44.8766],[142.636,44.8829],[142.6326,44.8877],[142.6236,44.8893],[142.608,44.8996],[142.5864,44.9215],[142.5866,44.9338],[142.5899,44.9396],[142.5795,44.9476],[142.578,44.9616],[142.5658,44.9692],[142.5609,44.9775],[142.551,44.9847],[142.5449,44.986],[142.5365,44.9997],[142.5411,45.0037],[142.5317,45.0123],[142.5322,45.0271],[142.5191,45.0322],[142.5187,45.0364],[142.5078,45.04],[142.5003,45.0506],[142.5044,45.0601],[142.4931,45.0548],[142.4771,45.0531],[142.4709,45.0481],[142.4756,45.0394],[142.4852,45.032],[142.4855,45.027],[142.4914,45.0222],[142.4785,45.0152],[142.4837,45.0053],[142.4715,45.0039],[142.4664,44.9917],[142.46,44.989],[142.4479,44.9936],[142.4432,44.9982],[142.4289,44.9912],[142.4254,44.9813],[142.4153,44.9769],[142.4183,44.9698],[142.4261,44.9678],[142.4201,44.9607],[142.4237,44.9563],[142.423,44.9484],[142.4286,44.9415],[142.4231,44.9245],[142.4154,44.92],[142.4111,44.9106],[142.4128,44.9057],[142.4052,44.899],[142.4062,44.8927],[142.3979,44.8849],[142.3996,44.8759],[142.3913,44.8712],[142.3832,44.8727],[142.376,44.865],[142.367,44.8655],[142.3623,44.8706],[142.3535,44.8659],[142.352,44.8614],[142.3396,44.8545],[142.3305,44.8446],[142.331,44.835],[142.3191,44.8314],[142.3154,44.8257],[142.3134,44.8061],[142.3214,44.8022],[142.3222,44.7945],[142.3148,44.7887],[142.312,44.7779],[142.3094,44.7683],[142.3049,44.7623],[142.3027,44.7479],[142.3086,44.7462],[142.3114,44.7382],[142.3244,44.7268],[142.3275,44.7102],[142.3378,44.7094],[142.3427,44.7061],[142.3589,44.7101],[142.3627,44.7053],[142.3763,44.7018],[142.3839,44.7034],[142.3952,44.7007],[142.3969,44.695],[142.4093,44.6871],[142.4184,44.6737],[142.4121,44.6658],[142.4055,44.6487],[142.4134,44.6367],[142.4179,44.6368],[142.4316,44.6279],[142.4358,44.6204],[142.4583,44.6162],[142.4686,44.6199],[142.4727,44.6118],[142.479,44.6059],[142.4777,44.5964],[142.484,44.5899],[142.4931,44.5893],[142.4954,44.5784],[142.5106,44.5833],[142.5148,44.5922],[142.5193,44.5959],[142.5243,44.6091],[142.5367,44.6147],[142.5476,44.6131],[142.5577,44.6152],[142.5632,44.6122],[142.561,44.6075],[142.5647,44.6004],[142.5757,44.6002],[142.5939,44.5938],[142.6091,44.598],[142.6223,44.5948],[142.6418,44.5972],[142.647,44.59]]]}},{"type":"Feature","id":"Toyotomi","properties":{"id":"Toyotomi","code":1516,"name":"Toyotomi","name_full":"豊富町","name_ja":"豊富町","name_short_ja":"豊富","center_lonlat":[141.7916,45.146]},"geometry":{"type":"Polygon","coordinates":[[[141.5782,45.1761],[141.5843,45.16],[141.5911,45.1468],[141.6492,45.0555],[141.6635,45.0313],[141.6752,45.049],[141.7342,45.0796],[141.7485,45.0807],[141.7651,45.074],[141.7681,45.0692],[141.7687,45.0575],[141.7753,45.0577],[141.7806,45.0522],[141.7864,45.0529],[141.8044,45.0486],[141.8095,45.0518],[141.8211,45.0491],[141.8362,45.0513],[141.8681,45.0851],[141.8818,45.0787],[141.8973,45.0776],[141.9157,45.081],[141.9229,45.0802],[141.9324,45.0842],[141.9482,45.0758],[141.9567,45.0787],[141.9698,45.0726],[141.9758,45.0747],[141.9818,45.0832],[141.9881,45.0863],[141.9946,45.0826],[142.0035,45.0888],[142.0052,45.0934],[142.0042,45.1005],[141.9922,45.1012],[141.9865,45.1083],[141.989,45.1169],[141.9875,45.1238],[141.9962,45.13],[142.0023,45.1303],[142.0062,45.1364],[142.0143,45.1389],[142.0186,45.1435],[142.0172,45.1502],[142.0115,45.1543],[142.0096,45.1647],[142.005,45.1736],[142.0053,45.1809],[141.9922,45.184],[141.9928,45.1918],[141.9783,45.2039],[141.9799,45.2067],[141.9927,45.2112],[141.9961,45.2188],[142.0023,45.2236],[141.9967,45.2358],[141.9912,45.2311],[141.979,45.2321],[141.9645,45.225],[141.9441,45.2261],[141.9244,45.2097],[141.9138,45.2032],[141.9017,45.1907],[141.902,45.1768],[141.863,45.1763],[141.8633,45.1896],[141.8553,45.1933],[141.8465,45.1934],[141.8324,45.1878],[141.8228,45.1937],[141.8366,45.2007],[141.8215,45.2059],[141.822,45.2116],[141.7988,45.1999],[141.7699,45.2281],[141.7838,45.2351],[141.7798,45.2437],[141.7672,45.259],[141.7674,45.27],[141.7632,45.274],[141.7503,45.27],[141.747,45.2669],[141.7345,45.2651],[141.7379,45.2553],[141.7299,45.2469],[141.7312,45.2389],[141.718,45.235],[141.713,45.2313],[141.696,45.2405],[141.691,45.238],[141.6813,45.2404],[141.6694,45.2387],[141.6575,45.2344],[141.6558,45.223],[141.6434,45.219],[141.6329,45.2099],[141.6251,45.2104],[141.6167,45.2053],[141.5965,45.201],[141.593,45.1943],[141.5986,45.1899],[141.6001,45.1754],[141.5927,45.1725],[141.5819,45.1777],[141.5782,45.1761]]]}},{"type":"Feature","id":"Rebun","properties":{"id":"Rebun","code":1517,"name":"Rebun","name_full":"礼文町","name_ja":"礼文町","name_short_ja":"礼文","center_lonlat":[141.0258,45.3755]},"geometry":{"type":"Polygon","coordinates":[[[140.9673,45.4642],[140.9676,45.453],[140.9768,45.4476],[140.975,45.4435],[140.9664,45.4386],[140.9821,45.4356],[140.9913,45.4293],[140.994,45.4203],[140.9869,45.4124],[140.9915,45.407],[140.9866,45.4028],[140.9852,45.3962],[140.9907,45.3861],[140.9827,45.3831],[140.9894,45.368],[140.9946,45.3629],[140.9995,45.3514],[140.9999,45.3437],[141.0042,45.3349],[141.002,45.3309],[141.0064,45.3243],[141.0203,45.3128],[141.0267,45.2962],[141.0249,45.29],[141.0168,45.2835],[141.0254,45.274],[141.0465,45.2782],[141.0473,45.2883],[141.045,45.2952],[141.0566,45.3193],[141.0493,45.3406],[141.0547,45.3431],[141.0589,45.3515],[141.06,45.3632],[141.0589,45.3783],[141.0565,45.386],[141.0585,45.3959],[141.0566,45.4085],[141.0618,45.4211],[141.067,45.4225],[141.0553,45.4393],[141.0495,45.4507],[141.0332,45.4611],[141.0364,45.4432],[141.0327,45.4385],[141.0133,45.433],[140.9985,45.435],[140.9851,45.4438],[140.9796,45.4526],[140.9673,45.4642]]]}},{"type":"Feature","id":"Rishiri","properties":{"id":"Rishiri","code":1518,"name":"Rishiri","name_full":"利尻町","name_ja":"利尻町","name_short_ja":"利尻","center_lonlat":[141.196,45.162]},"geometry":{"type":"Polygon","coordinates":[[[141.2461,45.1007],[141.2439,45.1059],[141.2507,45.113],[141.2512,45.1254],[141.2564,45.1472],[141.2503,45.15],[141.2509,45.1591],[141.2468,45.1627],[141.2411,45.1806],[141.2277,45.1868],[141.2151,45.1895],[141.2027,45.2035],[141.1969,45.2067],[141.1664,45.2107],[141.1572,45.2151],[141.1491,45.2245],[141.1423,45.2239],[141.1324,45.2135],[141.1359,45.2064],[141.1355,45.1997],[141.1425,45.1939],[141.1406,45.1892],[141.1292,45.1844],[141.1399,45.1813],[141.1356,45.1772],[141.141,45.1622],[141.149,45.1591],[141.1523,45.1514],[141.1614,45.1467],[141.1657,45.1375],[141.18,45.128],[141.1934,45.1246],[141.2046,45.1139],[141.2275,45.1049],[141.2269,45.1],[141.2375,45.097],[141.2461,45.1007]]]}},{"type":"Feature","id":"Rishirifuji","properties":{"id":"Rishirifuji","code":1519,"name":"Rishirifuji","name_full":"利尻富士町","name_ja":"利尻富士町","name_short_ja":"利尻富士","center_lonlat":[141.2546,45.1887]},"geometry":{"type":"Polygon","coordinates":[[[141.2461,45.1007],[141.2484,45.1032],[141.2755,45.1106],[141.2801,45.1069],[141.287,45.1102],[141.2863,45.1146],[141.2929,45.1192],[141.295,45.125],[141.3009,45.1251],[141.3087,45.1301],[141.3072,45.1339],[141.3227,45.1461],[141.3295,45.1491],[141.3293,45.1601],[141.3246,45.1837],[141.3035,45.2146],[141.2961,45.22],[141.2823,45.2233],[141.2796,45.2313],[141.269,45.2359],[141.2647,45.2301],[141.2539,45.2352],[141.2341,45.2339],[141.2272,45.2372],[141.2276,45.2443],[141.2182,45.2502],[141.2009,45.2562],[141.1892,45.2568],[141.1791,45.25],[141.1761,45.2431],[141.1705,45.2385],[141.1561,45.2351],[141.1491,45.2245],[141.1572,45.2151],[141.1664,45.2107],[141.1969,45.2067],[141.2027,45.2035],[141.2151,45.1895],[141.2277,45.1868],[141.2411,45.1806],[141.2468,45.1627],[141.2509,45.1591],[141.2503,45.15],[141.2564,45.1472],[141.2512,45.1254],[141.2507,45.113],[141.2439,45.1059],[141.2461,45.1007]]]}},{"type":"Feature","id":"Horonobe","properties":{"id":"Horonobe","code":1520,"name":"Horonobe","name_full":"幌延町","name_ja":"幌延町","name_short_ja":"幌延","center_lonlat":[141.9518,45.0014]},"geometry":{"type":"Polygon","coordinates":[[[142.1333,44.9022],[142.1338,44.9059],[142.127,44.9107],[142.1309,44.9249],[142.141,44.929],[142.1452,44.943],[142.1413,44.9525],[142.1501,44.9582],[142.1543,44.9651],[142.1658,44.9708],[142.1695,44.9819],[142.1594,44.9918],[142.1587,44.9991],[142.1536,45.0109],[142.1555,45.017],[142.1648,45.0214],[142.1699,45.0301],[142.1705,45.0376],[142.1564,45.0378],[142.1574,45.0436],[142.1643,45.0512],[142.1465,45.0607],[142.1436,45.0647],[142.1328,45.0699],[142.1289,45.0786],[142.1313,45.0817],[142.1156,45.0876],[142.1068,45.0879],[142.1009,45.0939],[142.0846,45.0897],[142.0778,45.0863],[142.0656,45.0738],[142.0634,45.069],[142.0513,45.0645],[142.0368,45.0838],[142.0248,45.0859],[142.0151,45.0931],[142.0052,45.0934],[142.0035,45.0888],[141.9946,45.0826],[141.9881,45.0863],[141.9818,45.0832],[141.9758,45.0747],[141.9698,45.0726],[141.9567,45.0787],[141.9482,45.0758],[141.9324,45.0842],[141.9229,45.0802],[141.9157,45.081],[141.8973,45.0776],[141.8818,45.0787],[141.8681,45.0851],[141.8362,45.0513],[141.8211,45.0491],[141.8095,45.0518],[141.8044,45.0486],[141.7864,45.0529],[141.7806,45.0522],[141.7753,45.0577],[141.7687,45.0575],[141.7681,45.0692],[141.7651,45.074],[141.7485,45.0807],[141.7342,45.0796],[141.6752,45.049],[141.6635,45.0313],[141.6977,44.9701],[141.718,44.9297],[141.7319,44.8999],[141.7372,44.8857],[141.7366,44.8782],[141.7404,44.8819],[141.7373,44.8941],[141.7295,44.9143],[141.7266,44.9272],[141.7208,44.942],[141.7161,44.9462],[141.7152,44.9526],[141.733,44.966],[141.7445,44.9686],[141.7616,44.9825],[141.7665,44.985],[141.7779,44.985],[141.7962,44.9917],[141.8204,44.9928],[141.8331,44.9897],[141.8381,44.9919],[141.8555,44.9932],[141.863,44.9877],[141.8637,44.98],[141.8715,44.9709],[141.8762,44.9563],[141.8771,44.9475],[141.8744,44.9323],[141.8766,44.9294],[141.8987,44.9228],[141.9095,44.9216],[141.9186,44.9156],[141.9097,44.9092],[141.929,44.9004],[141.9302,44.9081],[141.949,44.9108],[141.953,44.8981],[141.9665,44.9026],[141.9748,44.9112],[141.9832,44.916],[141.9896,44.9162],[141.9932,44.9035],[142.0044,44.8979],[142.0124,44.9069],[142.0211,44.9109],[142.0282,44.9052],[142.0296,44.8986],[142.0531,44.8983],[142.0697,44.9014],[142.0963,44.9012],[142.1024,44.9024],[142.1109,44.8984],[142.121,44.8979],[142.1333,44.9022]]]}},{"type":"Feature","id":"Bihoro","properties":{"id":"Bihoro","code":1543,"name":"Bihoro","name_full":"美幌町","name_ja":"美幌町","name_short_ja":"美幌","center_lonlat":[144.1327,43.7545]},"geometry":{"type":"Polygon","coordinates":[[[143.9133,43.7337],[143.924,43.7333],[143.9427,43.7235],[143.9529,43.7304],[143.9646,43.7268],[143.9716,43.7312],[143.9823,43.7286],[143.994,43.7291],[143.9977,43.7316],[144.0115,43.73],[144.0343,43.7486],[144.0392,43.7504],[144.0557,43.7678],[144.0699,43.763],[144.083,43.7535],[144.0961,43.7383],[144.0908,43.7357],[144.0996,43.7245],[144.0991,43.7206],[144.1088,43.7079],[144.1153,43.7032],[144.114,43.6965],[144.1205,43.6936],[144.1293,43.6851],[144.1231,43.6698],[144.1248,43.6554],[144.1213,43.6489],[144.1323,43.6358],[144.1372,43.6329],[144.1384,43.6266],[144.1565,43.6248],[144.1686,43.6252],[144.1827,43.6153],[144.188,43.6071],[144.1995,43.6074],[144.214,43.5979],[144.2177,43.599],[144.2233,43.6051],[144.2224,43.6117],[144.227,43.629],[144.231,43.634],[144.2431,43.64],[144.2483,43.6486],[144.2591,43.6536],[144.2709,43.6665],[144.2779,43.6693],[144.2732,43.6751],[144.2744,43.6815],[144.2796,43.6856],[144.2973,43.6887],[144.305,43.6916],[144.3233,43.7033],[144.3319,43.7049],[144.3317,43.7066],[144.3284,43.709],[144.3153,43.7081],[144.3117,43.7054],[144.3002,43.7053],[144.2732,43.7086],[144.2629,43.7154],[144.2615,43.72],[144.253,43.7309],[144.246,43.7526],[144.2487,43.7661],[144.2457,43.7747],[144.234,43.7868],[144.2363,43.7911],[144.2335,43.8016],[144.2197,43.801],[144.2142,43.8144],[144.2166,43.8225],[144.2063,43.8266],[144.1971,43.8338],[144.1948,43.8397],[144.1863,43.8429],[144.1847,43.8477],[144.1913,43.8555],[144.1311,43.8741],[144.1299,43.8711],[144.1128,43.8585],[144.1056,43.856],[144.0926,43.8594],[144.0939,43.8653],[144.0859,43.8748],[144.0826,43.8855],[144.0657,43.8893],[144.0524,43.8878],[144.057,43.8804],[144.0252,43.8653],[144.0283,43.8596],[144.0187,43.8532],[144.0116,43.8509],[144.0128,43.838],[144.004,43.8263],[144.0026,43.8184],[143.9927,43.8166],[143.9889,43.8114],[143.9935,43.8033],[143.9826,43.794],[143.9732,43.7826],[143.9726,43.7693],[143.9601,43.7659],[143.9511,43.7758],[143.9396,43.7669],[143.9446,43.7604],[143.9413,43.7558],[143.9192,43.7461],[143.9115,43.7396],[143.9133,43.7337]]]}},{"type":"Feature","id":"Tsubetsu","properties":{"id":"Tsubetsu","code":1544,"name":"Tsubetsu","name_full":"津別町","name_ja":"津別町","name_short_ja":"津別","center_lonlat":[144.0027,43.6077]},"geometry":{"type":"Polygon","coordinates":[[[144.222,43.5211],[144.2334,43.5333],[144.2353,43.5456],[144.2325,43.5556],[144.2352,43.5603],[144.2273,43.5641],[144.2262,43.571],[144.2175,43.5899],[144.2177,43.599],[144.214,43.5979],[144.1995,43.6074],[144.188,43.6071],[144.1827,43.6153],[144.1686,43.6252],[144.1565,43.6248],[144.1384,43.6266],[144.1372,43.6329],[144.1323,43.6358],[144.1213,43.6489],[144.1248,43.6554],[144.1231,43.6698],[144.1293,43.6851],[144.1205,43.6936],[144.114,43.6965],[144.1153,43.7032],[144.1088,43.7079],[144.0991,43.7206],[144.0996,43.7245],[144.0908,43.7357],[144.0961,43.7383],[144.083,43.7535],[144.0699,43.763],[144.0557,43.7678],[144.0392,43.7504],[144.0343,43.7486],[144.0115,43.73],[143.9977,43.7316],[143.994,43.7291],[143.9823,43.7286],[143.9716,43.7312],[143.9646,43.7268],[143.9529,43.7304],[143.9427,43.7235],[143.924,43.7333],[143.9133,43.7337],[143.9073,43.7285],[143.9017,43.7186],[143.9037,43.7146],[143.8982,43.7047],[143.8904,43.7016],[143.8771,43.7072],[143.8572,43.7093],[143.8531,43.7039],[143.8448,43.7027],[143.8419,43.6955],[143.8346,43.6944],[143.8199,43.6826],[143.8165,43.6719],[143.826,43.6694],[143.8342,43.6631],[143.829,43.6528],[143.8239,43.6519],[143.8205,43.6457],[143.8049,43.6477],[143.7924,43.6403],[143.7851,43.6441],[143.7789,43.6427],[143.7786,43.626],[143.7746,43.6229],[143.7748,43.6162],[143.7879,43.606],[143.7927,43.5905],[143.7991,43.5898],[143.8044,43.5833],[143.8209,43.5787],[143.8219,43.5716],[143.8329,43.5538],[143.837,43.5497],[143.8453,43.5474],[143.856,43.5381],[143.8767,43.5277],[143.8768,43.5233],[143.8849,43.5221],[143.8971,43.5314],[143.9091,43.5269],[143.9152,43.5221],[143.9277,43.5195],[143.9307,43.5113],[143.9294,43.5034],[143.9402,43.5026],[143.9439,43.4993],[143.9403,43.4899],[143.9496,43.4859],[143.9577,43.4827],[143.9553,43.476],[143.9597,43.4728],[143.9772,43.4717],[143.9988,43.4649],[144.0203,43.461],[144.0402,43.4643],[144.0436,43.4691],[144.0514,43.4697],[144.0658,43.4749],[144.0712,43.4746],[144.0724,43.4828],[144.0779,43.4909],[144.0736,43.4933],[144.0714,43.5016],[144.0822,43.515],[144.0963,43.5164],[144.1082,43.5125],[144.121,43.5119],[144.1328,43.5173],[144.1347,43.5269],[144.1424,43.5312],[144.148,43.5281],[144.1638,43.5253],[144.1753,43.5171],[144.181,43.5108],[144.1904,43.522],[144.2012,43.5252],[144.2068,43.5207],[144.222,43.5211]]]}},{"type":"Feature","id":"Shari","properties":{"id":"Shari","code":1545,"name":"Shari","name_full":"斜里町","name_ja":"斜里町","name_short_ja":"斜里","center_lonlat":[144.921,43.9772]},"geometry":{"type":"Polygon","coordinates":[[[145.3376,44.3413],[145.329,44.3451],[145.3137,44.3332],[145.3102,44.3194],[145.3063,44.3124],[145.2865,44.3029],[145.281,44.2902],[145.2686,44.2834],[145.2588,44.2749],[145.2591,44.2706],[145.252,44.2672],[145.2332,44.2545],[145.2254,44.2479],[145.2262,44.2429],[145.218,44.2326],[145.2089,44.2155],[145.1998,44.2033],[145.1915,44.195],[145.1758,44.1893],[145.1658,44.1837],[145.1548,44.1805],[145.1446,44.1728],[145.1267,44.1656],[145.1188,44.1558],[145.1098,44.1504],[145.0992,44.1488],[145.0924,44.1415],[145.0708,44.1273],[145.0553,44.1197],[145.0424,44.1108],[145.042,44.1083],[145.0285,44.1061],[145.0193,44.1023],[145.0091,44.0945],[145.01,44.0862],[145.0068,44.0809],[144.9898,44.0677],[144.9778,44.0655],[144.969,44.0569],[144.9609,44.0551],[144.9579,44.0482],[144.946,44.0399],[144.9336,44.0409],[144.9244,44.0194],[144.9168,44.0129],[144.9147,44.0081],[144.8925,43.9935],[144.8855,43.9913],[144.8804,43.9854],[144.8605,43.9763],[144.8487,43.9737],[144.8348,43.9603],[144.8353,43.9525],[144.8302,43.9494],[144.8057,43.9425],[144.796,43.9319],[144.7685,43.9263],[144.7454,43.9228],[144.6964,43.9182],[144.6759,43.9178],[144.6634,43.9194],[144.6616,43.9168],[144.6038,43.9176],[144.5542,43.9213],[144.5573,43.8806],[144.6164,43.8834],[144.619,43.8549],[144.6222,43.8554],[144.6242,43.8336],[144.6546,43.8217],[144.7225,43.7618],[144.7468,43.7605],[144.7552,43.7573],[144.7643,43.7574],[144.7965,43.763],[144.802,43.7659],[144.8102,43.7748],[144.8114,43.7816],[144.8076,43.7873],[144.8148,43.7904],[144.8158,43.7958],[144.8275,43.7943],[144.8304,43.7993],[144.838,43.7972],[144.8438,43.7867],[144.8529,43.789],[144.8589,43.7859],[144.8675,43.7979],[144.8639,43.8034],[144.8631,43.8118],[144.8718,43.821],[144.8796,43.8224],[144.877,43.8319],[144.8846,43.8327],[144.8959,43.8395],[144.8968,43.8452],[144.9051,43.8503],[144.9019,43.8623],[144.9045,43.8665],[144.8877,43.8703],[144.8768,43.8768],[144.8934,43.8838],[144.9056,43.8986],[144.9049,43.9055],[144.9142,43.9061],[144.9161,43.912],[144.9231,43.9163],[144.941,43.9203],[144.9568,43.9205],[144.965,43.9222],[144.9821,43.9329],[144.9854,43.9391],[145.0032,43.9471],[144.9967,43.9562],[144.9952,43.968],[145.0039,43.9755],[145.0053,43.9838],[145.0103,43.9883],[145.0155,43.9976],[145.026,44.0063],[145.0387,44.0053],[145.0494,44.0081],[145.0495,44.0169],[145.055,44.0231],[145.0577,44.0368],[145.0652,44.0431],[145.0873,44.0443],[145.1011,44.0489],[145.1058,44.0554],[145.1133,44.0579],[145.121,44.075],[145.1394,44.0909],[145.1408,44.0989],[145.15,44.1123],[145.1607,44.1119],[145.169,44.1245],[145.1785,44.1273],[145.1824,44.1374],[145.1995,44.1407],[145.2178,44.1467],[145.2247,44.1563],[145.2344,44.1574],[145.2447,44.1642],[145.2593,44.1677],[145.272,44.1675],[145.2733,44.1793],[145.2869,44.1866],[145.2805,44.1905],[145.2854,44.1996],[145.2769,44.206],[145.2802,44.2253],[145.2877,44.2286],[145.2942,44.2401],[145.3027,44.2466],[145.3015,44.2518],[145.3141,44.2576],[145.3213,44.2785],[145.3173,44.2873],[145.3223,44.2974],[145.3224,44.3037],[145.3285,44.3093],[145.3258,44.3254],[145.3309,44.335],[145.3376,44.3413]]]}},{"type":"Feature","id":"Kiyosato","properties":{"id":"Kiyosato","code":1546,"name":"Kiyosato","name_full":"清里町","name_ja":"清里町","name_short_ja":"清里","center_lonlat":[144.5997,43.7331]},"geometry":{"type":"Polygon","coordinates":[[[144.5573,43.8806],[144.5613,43.8363],[144.5201,43.8338],[144.5208,43.8239],[144.5072,43.8232],[144.5129,43.7586],[144.4983,43.7577],[144.4942,43.7512],[144.4936,43.7412],[144.491,43.7388],[144.4923,43.7242],[144.4851,43.7048],[144.4876,43.6905],[144.4902,43.6859],[144.4817,43.6781],[144.4865,43.6657],[144.4863,43.6602],[144.5021,43.6554],[144.5127,43.6547],[144.5209,43.6385],[144.5185,43.6303],[144.525,43.622],[144.5301,43.6118],[144.5398,43.6078],[144.5483,43.6129],[144.563,43.6081],[144.5706,43.6007],[144.593,43.6094],[144.5917,43.619],[144.6009,43.6199],[144.614,43.6345],[144.6269,43.6337],[144.6339,43.6249],[144.6416,43.6251],[144.6485,43.6352],[144.6604,43.6383],[144.6667,43.645],[144.6876,43.6563],[144.7063,43.6599],[144.7047,43.6678],[144.7179,43.6788],[144.7327,43.684],[144.7302,43.7015],[144.7236,43.7095],[144.7255,43.7193],[144.7217,43.7275],[144.7233,43.7314],[144.7202,43.7418],[144.7201,43.755],[144.7225,43.7618],[144.6546,43.8217],[144.6242,43.8336],[144.6222,43.8554],[144.619,43.8549],[144.6164,43.8834],[144.5573,43.8806]]]}},{"type":"Feature","id":"Koshimizu","properties":{"id":"Koshimizu","code":1547,"name":"Koshimizu","name_full":"小清水町","name_ja":"小清水町","name_short_ja":"小清水","center_lonlat":[144.457,43.8145]},"geometry":{"type":"Polygon","coordinates":[[[144.388,43.7829],[144.3863,43.7722],[144.3794,43.7615],[144.3757,43.7489],[144.372,43.7451],[144.3725,43.7369],[144.3699,43.7268],[144.3652,43.7221],[144.3317,43.7066],[144.3319,43.7049],[144.338,43.7026],[144.3469,43.7044],[144.3696,43.6989],[144.379,43.6887],[144.3907,43.6878],[144.4084,43.693],[144.4289,43.6971],[144.4572,43.6924],[144.4655,43.6866],[144.4748,43.6857],[144.4817,43.6781],[144.4902,43.6859],[144.4876,43.6905],[144.4851,43.7048],[144.4923,43.7242],[144.491,43.7388],[144.4936,43.7412],[144.4942,43.7512],[144.4983,43.7577],[144.5129,43.7586],[144.5072,43.8232],[144.5208,43.8239],[144.5201,43.8338],[144.5613,43.8363],[144.5573,43.8806],[144.5542,43.9213],[144.4805,43.9302],[144.3984,43.9461],[144.3631,43.9558],[144.3605,43.9505],[144.3919,43.937],[144.4252,43.9319],[144.4333,43.9193],[144.4272,43.9041],[144.4272,43.8906],[144.4229,43.8864],[144.4194,43.8756],[144.4075,43.8661],[144.41,43.856],[144.392,43.8527],[144.394,43.8405],[144.3899,43.8374],[144.3824,43.8184],[144.3885,43.8099],[144.3916,43.8006],[144.3882,43.7945],[144.388,43.7829]]]}},{"type":"Feature","id":"Kunneppu","properties":{"id":"Kunneppu","code":1549,"name":"Kunneppu","name_full":"訓子府町","name_ja":"訓子府町","name_short_ja":"訓子府","center_lonlat":[143.7323,43.7009]},"geometry":{"type":"Polygon","coordinates":[[[143.6595,43.7759],[143.6584,43.775],[143.665,43.7245],[143.6718,43.7249],[143.6739,43.7079],[143.6657,43.7065],[143.667,43.6945],[143.6768,43.6844],[143.6696,43.6771],[143.6745,43.6714],[143.6626,43.6669],[143.6549,43.6618],[143.6378,43.6601],[143.6173,43.6437],[143.6257,43.6377],[143.6395,43.6398],[143.6556,43.6337],[143.6583,43.6269],[143.674,43.6283],[143.6804,43.6259],[143.6859,43.6317],[143.6927,43.6341],[143.6964,43.6395],[143.711,43.6353],[143.7228,43.6405],[143.7296,43.6364],[143.7377,43.6354],[143.7403,43.6192],[143.7593,43.6165],[143.7746,43.6229],[143.7786,43.626],[143.7789,43.6427],[143.7851,43.6441],[143.7924,43.6403],[143.8049,43.6477],[143.8205,43.6457],[143.8239,43.6519],[143.829,43.6528],[143.8342,43.6631],[143.826,43.6694],[143.8165,43.6719],[143.8068,43.6759],[143.807,43.6814],[143.8026,43.6865],[143.7909,43.6926],[143.7899,43.6996],[143.8034,43.7278],[143.7962,43.7838],[143.6984,43.7775],[143.6911,43.7754],[143.6827,43.7699],[143.6735,43.7702],[143.6652,43.7754],[143.6595,43.7759]]]}},{"type":"Feature","id":"Oketo","properties":{"id":"Oketo","code":1550,"name":"Oketo","name_full":"置戸町","name_ja":"置戸町","name_short_ja":"置戸","center_lonlat":[143.4553,43.632]},"geometry":{"type":"Polygon","coordinates":[[[143.173,43.5949],[143.1855,43.5858],[143.2003,43.583],[143.209,43.5841],[143.213,43.5755],[143.2257,43.575],[143.2239,43.5686],[143.2253,43.555],[143.2355,43.5512],[143.2538,43.5558],[143.2616,43.5593],[143.2693,43.554],[143.2878,43.551],[143.298,43.5469],[143.3144,43.5469],[143.3343,43.5572],[143.3392,43.5501],[143.3439,43.5517],[143.3569,43.5465],[143.3625,43.5501],[143.374,43.5522],[143.3853,43.5488],[143.3907,43.5444],[143.3994,43.5467],[143.409,43.5411],[143.415,43.5341],[143.4194,43.5333],[143.4243,43.5256],[143.4355,43.5218],[143.443,43.5155],[143.4637,43.5082],[143.471,43.5214],[143.4723,43.5293],[143.4826,43.5327],[143.4893,43.5408],[143.5027,43.5474],[143.5155,43.5465],[143.5195,43.554],[143.5291,43.5645],[143.5276,43.572],[143.5334,43.5881],[143.5442,43.5985],[143.5708,43.5948],[143.5744,43.5975],[143.5917,43.6038],[143.6033,43.603],[143.6173,43.606],[143.6186,43.6123],[143.632,43.6225],[143.6257,43.6377],[143.6173,43.6437],[143.6378,43.6601],[143.6549,43.6618],[143.6626,43.6669],[143.6745,43.6714],[143.6696,43.6771],[143.6768,43.6844],[143.667,43.6945],[143.6657,43.7065],[143.6739,43.7079],[143.6718,43.7249],[143.665,43.7245],[143.6584,43.775],[143.6595,43.7759],[143.6254,43.7577],[143.5868,43.7621],[143.5463,43.741],[143.5347,43.7445],[143.5294,43.7371],[143.5275,43.7214],[143.5221,43.7117],[143.525,43.7059],[143.5081,43.7051],[143.492,43.6988],[143.4748,43.7008],[143.4595,43.6993],[143.4524,43.6928],[143.4366,43.6938],[143.4296,43.6878],[143.4309,43.6765],[143.4208,43.6641],[143.4113,43.6673],[143.4022,43.6662],[143.3937,43.6611],[143.39,43.6554],[143.3777,43.6556],[143.3741,43.648],[143.3679,43.6451],[143.3554,43.6431],[143.3519,43.6384],[143.3381,43.6407],[143.3302,43.6439],[143.3178,43.6447],[143.3005,43.6522],[143.2818,43.6516],[143.2732,43.6463],[143.2576,43.6461],[143.2551,43.6402],[143.2318,43.6413],[143.2225,43.638],[143.2088,43.6302],[143.1881,43.6244],[143.1826,43.6148],[143.1872,43.6079],[143.1745,43.6009],[143.173,43.5949]]]}},{"type":"Feature","id":"Saroma","properties":{"id":"Saroma","code":1552,"name":"Saroma","name_full":"佐呂間町","name_ja":"佐呂間町","name_short_ja":"佐呂間","center_lonlat":[143.7843,44.0243]},"geometry":{"type":"Polygon","coordinates":[[[143.7757,44.1443],[143.7419,44.1207],[143.744,44.1139],[143.7415,44.1043],[143.7469,44.102],[143.7468,44.0931],[143.7407,44.0893],[143.7411,44.0807],[143.7386,44.0626],[143.7351,44.0552],[143.7181,44.03],[143.7133,44.0194],[143.716,44.0149],[143.7142,44.0087],[143.6984,44.0111],[143.691,44.0167],[143.6818,44.0169],[143.6743,44.0124],[143.664,44.011],[143.6619,44.0057],[143.6512,43.9979],[143.6547,43.9917],[143.6435,43.987],[143.6378,43.9934],[143.6087,43.9954],[143.5968,43.9902],[143.5873,43.9893],[143.5896,43.9843],[143.5853,43.9755],[143.5889,43.9698],[143.5734,43.9641],[143.571,43.9568],[143.5744,43.9496],[143.5878,43.9469],[143.6036,43.9479],[143.6061,43.9395],[143.6164,43.9337],[143.6297,43.9366],[143.6378,43.942],[143.6416,43.9328],[143.6502,43.9302],[143.646,43.9253],[143.6517,43.9208],[143.6663,43.9252],[143.6728,43.9237],[143.6806,43.927],[143.6864,43.922],[143.6758,43.92],[143.6738,43.9121],[143.6699,43.9087],[143.678,43.9046],[143.6814,43.8942],[143.6901,43.8916],[143.69,43.8862],[143.7007,43.8754],[143.72,43.8787],[143.7208,43.8884],[143.7265,43.8943],[143.7277,43.9006],[143.7382,43.9048],[143.7579,43.9202],[143.7569,43.9292],[143.7497,43.9313],[143.7507,43.9439],[143.7478,43.9456],[143.7467,43.956],[143.7541,43.9568],[143.7637,43.9519],[143.7715,43.9527],[143.781,43.9626],[143.7851,43.9708],[143.7806,43.9753],[143.7934,43.9838],[143.8032,43.9778],[143.8127,43.9876],[143.8329,43.9834],[143.8404,43.986],[143.844,43.9804],[143.8632,43.9769],[143.8778,43.9813],[143.889,43.9899],[143.8935,43.9975],[143.8994,43.9956],[143.9081,44.0],[143.9066,44.0037],[143.9159,44.01],[143.9284,44.0123],[143.9338,44.0182],[143.9387,44.0307],[143.944,44.0348],[143.9524,44.0363],[143.9537,44.0428],[143.9475,44.0528],[143.9464,44.06],[143.9531,44.0659],[143.9667,44.0849],[143.9505,44.0909],[143.911,44.1259],[143.7757,44.1443]]]}},{"type":"Feature","id":"Engaru","properties":{"id":"Engaru","code":1555,"name":"Engaru","name_full":"遠軽町","name_ja":"遠軽町","name_short_ja":"遠軽","center_lonlat":[143.3106,43.9067]},"geometry":{"type":"Polygon","coordinates":[[[143.5878,43.9469],[143.5744,43.9496],[143.571,43.9568],[143.5734,43.9641],[143.5889,43.9698],[143.5853,43.9755],[143.5896,43.9843],[143.5873,43.9893],[143.5797,43.9948],[143.574,43.9937],[143.5643,43.9982],[143.5678,44.0043],[143.5667,44.0137],[143.5603,44.025],[143.5617,44.0289],[143.5727,44.0375],[143.5704,44.0405],[143.5751,44.0525],[143.5735,44.0568],[143.5759,44.0684],[143.5738,44.0735],[143.583,44.0873],[143.5757,44.0893],[143.5706,44.0962],[143.5635,44.094],[143.54,44.0966],[143.5227,44.0897],[143.5215,44.0848],[143.5072,44.0794],[143.5068,44.0888],[143.4972,44.0896],[143.497,44.0775],[143.4927,44.0769],[143.4108,44.102],[143.3914,44.1122],[143.3779,44.1095],[143.3707,44.1016],[143.3702,44.0942],[143.3573,44.0844],[143.346,44.073],[143.3364,44.0676],[143.3347,44.0601],[143.3261,44.0514],[143.3153,44.0516],[143.3109,44.0451],[143.2993,44.0366],[143.3028,44.0311],[143.2899,44.0281],[143.2846,44.0344],[143.2659,44.036],[143.2557,44.0414],[143.2364,44.0318],[143.2237,44.0317],[143.2213,44.0234],[143.2098,44.0165],[143.1943,44.0168],[143.1778,44.0134],[143.1725,44.0037],[143.1734,44.0005],[143.1644,43.9921],[143.1509,43.9951],[143.1422,44.0006],[143.1288,44.0006],[143.1256,44.0033],[143.1182,43.9989],[143.1121,43.999],[143.096,43.9955],[143.0965,43.9902],[143.0916,43.9826],[143.1019,43.9779],[143.1079,43.9601],[143.0965,43.9531],[143.0951,43.9461],[143.0784,43.9345],[143.0634,43.9255],[143.0638,43.9149],[143.0553,43.9141],[143.0484,43.9067],[143.0375,43.9027],[143.0339,43.8951],[143.0191,43.8855],[143.023,43.8763],[143.017,43.8743],[143.0202,43.8636],[143.0112,43.8615],[143.014,43.8443],[143.0091,43.837],[143.0102,43.8266],[143.0223,43.8171],[143.0374,43.8091],[143.0194,43.8023],[143.0123,43.7944],[143.0161,43.7891],[143.0141,43.7806],[143.0072,43.7753],[143.0069,43.7684],[143.0113,43.7579],[143.0244,43.7472],[143.0326,43.7489],[143.0468,43.7465],[143.051,43.744],[143.069,43.7464],[143.0744,43.7379],[143.084,43.7389],[143.09,43.7451],[143.0959,43.743],[143.1184,43.754],[143.1363,43.7542],[143.1425,43.7618],[143.1535,43.7634],[143.1605,43.7616],[143.1685,43.7558],[143.1747,43.7422],[143.1797,43.735],[143.1745,43.7309],[143.1734,43.7241],[143.1681,43.7163],[143.1718,43.7069],[143.1817,43.7068],[143.1955,43.7003],[143.2091,43.7023],[143.226,43.6968],[143.2363,43.7007],[143.253,43.71],[143.2557,43.7222],[143.2491,43.7329],[143.2506,43.7387],[143.2697,43.7468],[143.2732,43.7541],[143.2789,43.7546],[143.2891,43.7635],[143.307,43.7595],[143.3185,43.7697],[143.3263,43.7642],[143.3369,43.7656],[143.3394,43.7713],[143.3508,43.7737],[143.3642,43.7823],[143.3617,43.7884],[143.367,43.7913],[143.3757,43.7909],[143.3769,43.7979],[143.3989,43.7953],[143.409,43.7958],[143.4173,43.7985],[143.4331,43.799],[143.4526,43.8128],[143.4716,43.8119],[143.4777,43.8147],[143.4882,43.8094],[143.5057,43.8143],[143.5135,43.8143],[143.5257,43.8262],[143.529,43.8352],[143.5366,43.8385],[143.5464,43.8396],[143.5537,43.8452],[143.5596,43.8401],[143.5726,43.8454],[143.5656,43.858],[143.5699,43.8792],[143.5775,43.8816],[143.5835,43.8872],[143.5873,43.8964],[143.5864,43.9092],[143.5838,43.9153],[143.5845,43.9228],[143.5905,43.9399],[143.5878,43.9469]]]}},{"type":"Feature","id":"Yubetsu","properties":{"id":"Yubetsu","code":1559,"name":"Yubetsu","name_full":"湧別町","name_ja":"湧別町","name_short_ja":"湧別","center_lonlat":[143.6064,44.1275]},"geometry":{"type":"Polygon","coordinates":[[[143.7765,44.1847],[143.7383,44.1946],[143.6913,44.2082],[143.6295,44.2281],[143.627,44.2305],[143.559,44.2525],[143.5446,44.2414],[143.5416,44.2423],[143.5262,44.2369],[143.5161,44.2279],[143.5105,44.2266],[143.5051,44.2182],[143.4886,44.2056],[143.4872,44.2025],[143.4694,44.1835],[143.4518,44.1738],[143.4452,44.1736],[143.4329,44.1657],[143.422,44.1504],[143.4162,44.1482],[143.4105,44.1389],[143.4146,44.129],[143.4167,44.1053],[143.4108,44.102],[143.4927,44.0769],[143.497,44.0775],[143.4972,44.0896],[143.5068,44.0888],[143.5072,44.0794],[143.5215,44.0848],[143.5227,44.0897],[143.54,44.0966],[143.5635,44.094],[143.5706,44.0962],[143.5757,44.0893],[143.583,44.0873],[143.5738,44.0735],[143.5759,44.0684],[143.5735,44.0568],[143.5751,44.0525],[143.5704,44.0405],[143.5727,44.0375],[143.5617,44.0289],[143.5603,44.025],[143.5667,44.0137],[143.5678,44.0043],[143.5643,43.9982],[143.574,43.9937],[143.5797,43.9948],[143.5873,43.9893],[143.5968,43.9902],[143.6087,43.9954],[143.6378,43.9934],[143.6435,43.987],[143.6547,43.9917],[143.6512,43.9979],[143.6619,44.0057],[143.664,44.011],[143.6743,44.0124],[143.6818,44.0169],[143.691,44.0167],[143.6984,44.0111],[143.7142,44.0087],[143.716,44.0149],[143.7133,44.0194],[143.7181,44.03],[143.7351,44.0552],[143.7386,44.0626],[143.7411,44.0807],[143.7407,44.0893],[143.7468,44.0931],[143.7469,44.102],[143.7415,44.1043],[143.744,44.1139],[143.7419,44.1207],[143.7757,44.1443],[143.7765,44.1847]]]}},{"type":"Feature","id":"Takinoe","properties":{"id":"Takinoe","code":1560,"name":"Takinoe","name_full":"滝上町","name_ja":"滝上町","name_short_ja":"滝上","center_lonlat":[143.0126,44.1034]},"geometry":{"type":"Polygon","coordinates":[[[143.0953,44.2869],[143.085,44.2876],[143.0825,44.2917],[143.0638,44.2891],[143.0519,44.2825],[143.0261,44.2746],[143.012,44.2669],[142.9937,44.2591],[142.9935,44.2472],[142.9896,44.2339],[142.9818,44.2335],[142.9678,44.2213],[142.9507,44.2159],[142.942,44.2159],[142.937,44.2195],[142.9178,44.2155],[142.9124,44.2258],[142.9068,44.2292],[142.8926,44.2238],[142.8797,44.2258],[142.8756,44.2288],[142.8648,44.2186],[142.8657,44.2115],[142.8725,44.2035],[142.8689,44.1982],[142.8728,44.1942],[142.8684,44.1883],[142.8766,44.1852],[142.8775,44.1749],[142.8824,44.1687],[142.8769,44.1597],[142.8628,44.1548],[142.8524,44.1583],[142.8383,44.1568],[142.8383,44.1503],[142.8431,44.1457],[142.8398,44.1357],[142.8417,44.1277],[142.8513,44.1226],[142.8526,44.1173],[142.8605,44.1075],[142.8563,44.1043],[142.8569,44.0904],[142.8705,44.0849],[142.8681,44.0777],[142.8606,44.0701],[142.8643,44.0637],[142.8743,44.0595],[142.879,44.049],[142.8734,44.0473],[142.8665,44.0403],[142.8766,44.0326],[142.8741,44.0197],[142.8896,44.0208],[142.8982,44.0099],[142.8943,44.0035],[142.9026,43.9897],[142.8997,43.9818],[142.8889,43.9766],[142.8909,43.971],[142.8819,43.9531],[142.8831,43.9444],[142.8918,43.9432],[142.8923,43.9383],[142.8856,43.9344],[142.8912,43.9302],[142.8885,43.9264],[142.9002,43.9218],[142.9111,43.9269],[142.9353,43.9266],[142.9563,43.9331],[142.9734,43.9417],[142.9831,43.9431],[142.9862,43.939],[142.9998,43.928],[143.0138,43.9216],[143.0371,43.9281],[143.0539,43.9179],[143.0553,43.9141],[143.0638,43.9149],[143.0634,43.9255],[143.0784,43.9345],[143.0951,43.9461],[143.0965,43.9531],[143.1079,43.9601],[143.1019,43.9779],[143.0916,43.9826],[143.0965,43.9902],[143.096,43.9955],[143.1121,43.999],[143.1182,43.9989],[143.1256,44.0033],[143.1258,44.0093],[143.1347,44.0211],[143.1336,44.0285],[143.1266,44.0329],[143.1338,44.0397],[143.1292,44.0552],[143.1236,44.0584],[143.1382,44.0686],[143.1338,44.0736],[143.1437,44.0836],[143.1499,44.0857],[143.1522,44.0909],[143.1516,44.1037],[143.1486,44.1049],[143.1378,44.1221],[143.1333,44.1339],[143.1416,44.1455],[143.157,44.1481],[143.1576,44.1541],[143.1673,44.1656],[143.1671,44.1739],[143.1746,44.186],[143.1954,44.1983],[143.1979,44.203],[143.1941,44.2153],[143.194,44.2222],[143.1747,44.2315],[143.1583,44.2337],[143.1394,44.2477],[143.1277,44.26],[143.1215,44.2597],[143.1117,44.2669],[143.1066,44.2666],[143.1035,44.276],[143.0953,44.2869]]]}},{"type":"Feature","id":"Okoppe","properties":{"id":"Okoppe","code":1561,"name":"Okoppe","name_full":"興部町","name_ja":"興部町","name_short_ja":"興部","center_lonlat":[143.0911,44.3968]},"geometry":{"type":"Polygon","coordinates":[[[143.2761,44.4008],[143.2661,44.4052],[143.2336,44.4219],[143.2281,44.4292],[143.2269,44.4387],[143.2141,44.4406],[143.152,44.4709],[143.1005,44.4979],[143.0964,44.4845],[143.0853,44.4732],[143.0703,44.4674],[143.0662,44.4633],[143.0524,44.4608],[143.0513,44.4549],[143.0447,44.4508],[143.0317,44.4528],[143.0233,44.4605],[143.0066,44.4543],[143.0026,44.4482],[142.9916,44.4426],[142.9841,44.445],[142.9682,44.4427],[142.9639,44.446],[142.9535,44.4455],[142.9455,44.4513],[142.9296,44.4469],[142.9224,44.4543],[142.9217,44.4609],[142.9119,44.4671],[142.9072,44.458],[142.8918,44.4493],[142.8863,44.443],[142.8758,44.4368],[142.8677,44.4417],[142.8614,44.4379],[142.8576,44.4287],[142.8713,44.425],[142.872,44.4213],[142.8873,44.4011],[142.8945,44.3971],[142.8998,44.4001],[142.9182,44.3957],[142.9208,44.3909],[142.9329,44.3852],[142.9486,44.389],[142.9556,44.393],[142.9673,44.3944],[142.9744,44.3913],[142.9856,44.3907],[143.0023,44.3965],[143.011,44.3979],[143.0323,44.3727],[143.0325,44.3657],[143.0276,44.3605],[143.0332,44.3513],[143.0256,44.3411],[143.0268,44.3303],[143.0331,44.3267],[143.0358,44.3154],[143.0469,44.3124],[143.0511,44.3087],[143.0507,44.3006],[143.0612,44.2965],[143.0638,44.2891],[143.0825,44.2917],[143.085,44.2876],[143.0953,44.2869],[143.1138,44.2914],[143.1206,44.314],[143.1265,44.3128],[143.1394,44.3148],[143.1452,44.3215],[143.1556,44.3239],[143.1563,44.3305],[143.1762,44.3338],[143.1861,44.333],[143.1914,44.3272],[143.2046,44.334],[143.2085,44.3484],[143.2184,44.3469],[143.2265,44.3499],[143.2437,44.3514],[143.2472,44.3652],[143.2554,44.368],[143.2594,44.3739],[143.2751,44.3837],[143.2724,44.3928],[143.2761,44.4008]]]}},{"type":"Feature","id":"Nishiokoppe","properties":{"id":"Nishiokoppe","code":1562,"name":"Nishiokoppe","name_full":"西興部村","name_ja":"西興部村","name_short_ja":"西興部","center_lonlat":[142.9242,44.3205]},"geometry":{"type":"Polygon","coordinates":[[[142.8756,44.2288],[142.8797,44.2258],[142.8926,44.2238],[142.9068,44.2292],[142.9124,44.2258],[142.9178,44.2155],[142.937,44.2195],[142.942,44.2159],[142.9507,44.2159],[142.9678,44.2213],[142.9818,44.2335],[142.9896,44.2339],[142.9935,44.2472],[142.9937,44.2591],[143.012,44.2669],[143.0261,44.2746],[143.0519,44.2825],[143.0638,44.2891],[143.0612,44.2965],[143.0507,44.3006],[143.0511,44.3087],[143.0469,44.3124],[143.0358,44.3154],[143.0331,44.3267],[143.0268,44.3303],[143.0256,44.3411],[143.0332,44.3513],[143.0276,44.3605],[143.0325,44.3657],[143.0323,44.3727],[143.011,44.3979],[143.0023,44.3965],[142.9856,44.3907],[142.9744,44.3913],[142.9673,44.3944],[142.9556,44.393],[142.9486,44.389],[142.9329,44.3852],[142.9208,44.3909],[142.9182,44.3957],[142.8998,44.4001],[142.8945,44.3971],[142.8873,44.4011],[142.872,44.4213],[142.8713,44.425],[142.8576,44.4287],[142.8614,44.4379],[142.8513,44.4383],[142.8404,44.4324],[142.8357,44.4261],[142.8245,44.4237],[142.8188,44.4189],[142.8184,44.4139],[142.8304,44.3973],[142.8294,44.392],[142.8239,44.3885],[142.8287,44.3794],[142.8257,44.3694],[142.8152,44.3563],[142.8156,44.3503],[142.8088,44.349],[142.8025,44.3426],[142.8026,44.3315],[142.8173,44.3321],[142.8242,44.3288],[142.8227,44.3136],[142.8238,44.305],[142.8292,44.2934],[142.8272,44.2829],[142.8242,44.2792],[142.8264,44.2724],[142.8456,44.2673],[142.8522,44.2589],[142.8593,44.2573],[142.8667,44.2484],[142.8658,44.2406],[142.8698,44.2323],[142.8756,44.2288]]]}},{"type":"Feature","id":"Omu","properties":{"id":"Omu","code":1563,"name":"Omu","name_full":"雄武町","name_ja":"雄武町","name_short_ja":"雄武","center_lonlat":[142.8321,44.5365]},"geometry":{"type":"Polygon","coordinates":[[[142.5841,44.4337],[142.5939,44.4323],[142.6065,44.4367],[142.6199,44.4347],[142.6507,44.4378],[142.6548,44.4477],[142.6676,44.4539],[142.6834,44.4735],[142.6919,44.4766],[142.695,44.4819],[142.7127,44.4812],[142.7207,44.4685],[142.7212,44.4608],[142.7336,44.46],[142.7392,44.4632],[142.7492,44.455],[142.7565,44.4565],[142.758,44.461],[142.7654,44.4645],[142.795,44.4563],[142.8117,44.4588],[142.8218,44.4548],[142.8436,44.4594],[142.8445,44.4538],[142.8403,44.4465],[142.8513,44.4383],[142.8614,44.4379],[142.8677,44.4417],[142.8758,44.4368],[142.8863,44.443],[142.8918,44.4493],[142.9072,44.458],[142.9119,44.4671],[142.9217,44.4609],[142.9224,44.4543],[142.9296,44.4469],[142.9455,44.4513],[142.9535,44.4455],[142.9639,44.446],[142.9682,44.4427],[142.9841,44.445],[142.9916,44.4426],[143.0026,44.4482],[143.0066,44.4543],[143.0233,44.4605],[143.0317,44.4528],[143.0447,44.4508],[143.0513,44.4549],[143.0524,44.4608],[143.0662,44.4633],[143.0703,44.4674],[143.0853,44.4732],[143.0964,44.4845],[143.1005,44.4979],[143.0825,44.5075],[143.0642,44.5186],[143.0585,44.5283],[143.0481,44.5287],[143.0363,44.5343],[142.9942,44.5577],[142.976,44.5718],[142.9576,44.593],[142.9553,44.5983],[142.9447,44.6012],[142.943,44.608],[142.9332,44.6137],[142.9328,44.6218],[142.9275,44.6289],[142.9181,44.6287],[142.8964,44.6461],[142.8931,44.652],[142.8711,44.6621],[142.8626,44.6723],[142.8523,44.6779],[142.8421,44.6872],[142.8347,44.6811],[142.8307,44.6704],[142.8238,44.6642],[142.8104,44.6568],[142.7923,44.6429],[142.7913,44.6402],[142.7663,44.6392],[142.7616,44.6346],[142.7508,44.6401],[142.7398,44.6413],[142.7307,44.6388],[142.7207,44.6325],[142.7023,44.63],[142.6963,44.6215],[142.6856,44.6169],[142.6894,44.6099],[142.6872,44.6029],[142.671,44.5977],[142.6567,44.597],[142.647,44.59],[142.6453,44.5806],[142.6557,44.5781],[142.6529,44.5676],[142.6362,44.5535],[142.6347,44.5459],[142.6362,44.5361],[142.6461,44.5306],[142.6348,44.5237],[142.6279,44.523],[142.6205,44.5145],[142.6183,44.5001],[142.6133,44.494],[142.6015,44.4865],[142.5967,44.4747],[142.5979,44.4663],[142.5933,44.4552],[142.5863,44.4453],[142.5841,44.4337]]]}},{"type":"Feature","id":"Ozora","properties":{"id":"Ozora","code":1564,"name":"Ozora","name_full":"大空町","name_ja":"大空町","name_short_ja":"大空","center_lonlat":[144.2479,43.8393]},"geometry":{"type":"Polygon","coordinates":[[[144.0524,43.8878],[144.0657,43.8893],[144.0826,43.8855],[144.0859,43.8748],[144.0939,43.8653],[144.0926,43.8594],[144.1056,43.856],[144.1128,43.8585],[144.1299,43.8711],[144.1311,43.8741],[144.1913,43.8555],[144.1847,43.8477],[144.1863,43.8429],[144.1948,43.8397],[144.1971,43.8338],[144.2063,43.8266],[144.2166,43.8225],[144.2142,43.8144],[144.2197,43.801],[144.2335,43.8016],[144.2363,43.7911],[144.234,43.7868],[144.2457,43.7747],[144.2487,43.7661],[144.246,43.7526],[144.253,43.7309],[144.2615,43.72],[144.2629,43.7154],[144.2732,43.7086],[144.3002,43.7053],[144.3117,43.7054],[144.3153,43.7081],[144.3284,43.709],[144.3317,43.7066],[144.3652,43.7221],[144.3699,43.7268],[144.3725,43.7369],[144.372,43.7451],[144.3757,43.7489],[144.3794,43.7615],[144.3863,43.7722],[144.388,43.7829],[144.3803,43.7853],[144.3836,43.791],[144.3661,43.8216],[144.3645,43.8304],[144.3667,43.8407],[144.3823,43.8444],[144.3748,43.8611],[144.3778,43.8712],[144.3013,43.8941],[144.2962,43.8852],[144.2999,43.884],[144.3048,43.8734],[144.2919,43.8704],[144.2873,43.8746],[144.2626,43.8691],[144.2559,43.8832],[144.2442,43.9015],[144.239,43.9032],[144.2375,43.9131],[144.2304,43.9243],[144.2229,43.93],[144.2234,43.9341],[144.2132,43.9375],[144.2083,43.943],[144.2052,43.9535],[144.2,43.9599],[144.1731,43.968],[144.1266,43.9372],[144.126,43.9329],[144.1034,43.939],[144.082,43.9393],[144.0751,43.9355],[144.0635,43.9217],[144.0628,43.9098],[144.0465,43.8939],[144.0524,43.8878]]]}},{"type":"Feature","id":"Toyora","properties":{"id":"Toyora","code":1571,"name":"Toyora","name_full":"豊浦町","name_ja":"豊浦町","name_short_ja":"豊浦","center_lonlat":[140.653,42.6444]},"geometry":{"type":"Polygon","coordinates":[[[140.5371,42.5874],[140.5522,42.5779],[140.5645,42.575],[140.569,42.5706],[140.5818,42.567],[140.5905,42.5726],[140.6122,42.5771],[140.6385,42.5852],[140.6483,42.5848],[140.6622,42.5875],[140.6694,42.5861],[140.6864,42.5873],[140.6954,42.5865],[140.7086,42.5826],[140.7104,42.5751],[140.7216,42.5748],[140.7257,42.5718],[140.7339,42.5786],[140.7397,42.5784],[140.7481,42.5847],[140.7483,42.5946],[140.7585,42.594],[140.7622,42.6014],[140.7518,42.6018],[140.7484,42.6084],[140.7425,42.6124],[140.737,42.6233],[140.7369,42.6326],[140.7333,42.6365],[140.7424,42.6408],[140.7426,42.6441],[140.7541,42.6509],[140.7552,42.6595],[140.7519,42.665],[140.7569,42.6689],[140.7552,42.6796],[140.7624,42.6936],[140.7606,42.702],[140.7529,42.709],[140.7457,42.7136],[140.7375,42.7155],[140.7187,42.7157],[140.7044,42.7178],[140.6912,42.7173],[140.6768,42.7101],[140.6694,42.7084],[140.6554,42.7103],[140.6349,42.7072],[140.6269,42.7103],[140.6126,42.7114],[140.6023,42.7072],[140.5911,42.7076],[140.5742,42.7157],[140.5623,42.7172],[140.5655,42.7123],[140.5654,42.7019],[140.5696,42.683],[140.5758,42.6794],[140.5742,42.6751],[140.5773,42.6647],[140.5685,42.6628],[140.5607,42.6552],[140.5664,42.6513],[140.5568,42.6435],[140.5567,42.6354],[140.5432,42.6211],[140.5332,42.6161],[140.5339,42.6129],[140.5454,42.6065],[140.5448,42.603],[140.5444,42.5946],[140.5371,42.5874]]]}},{"type":"Feature","id":"Sobetsu","properties":{"id":"Sobetsu","code":1575,"name":"Sobetsu","name_full":"壮瞥町","name_ja":"壮瞥町","name_short_ja":"壮瞥","center_lonlat":[140.9567,42.5745]},"geometry":{"type":"Polygon","coordinates":[[[141.0853,42.5542],[141.0874,42.5612],[141.0852,42.579],[141.0741,42.5825],[141.0717,42.5902],[141.0636,42.5924],[141.0454,42.5944],[141.0288,42.5918],[141.0246,42.6112],[140.9607,42.6446],[140.9579,42.6414],[140.9296,42.6457],[140.9187,42.6452],[140.9105,42.6384],[140.9122,42.6307],[140.9071,42.6231],[140.8432,42.6036],[140.8301,42.5653],[140.8256,42.5425],[140.8775,42.5315],[140.8809,42.5334],[140.9024,42.5368],[140.9134,42.5434],[140.9174,42.5413],[140.926,42.5449],[140.9359,42.5417],[140.9397,42.5431],[140.9577,42.5366],[140.9571,42.5314],[140.9632,42.5287],[140.9697,42.5195],[140.9674,42.5104],[140.9706,42.505],[140.977,42.5035],[140.9854,42.5073],[140.9928,42.5071],[140.995,42.5122],[141.0077,42.5126],[141.0155,42.5147],[141.0231,42.5114],[141.0349,42.5181],[141.0404,42.5179],[141.0463,42.5252],[141.0531,42.5288],[141.0689,42.5294],[141.0651,42.5445],[141.0747,42.5495],[141.0783,42.5544],[141.0853,42.5542]]]}},{"type":"Feature","id":"Shiraoi","properties":{"id":"Shiraoi","code":1578,"name":"Shiraoi","name_full":"白老町","name_ja":"白老町","name_short_ja":"白老","center_lonlat":[141.2427,42.5879]},"geometry":{"type":"Polygon","coordinates":[[[141.3603,42.6816],[141.3509,42.6845],[141.3403,42.6849],[141.3229,42.6826],[141.3114,42.6842],[141.3004,42.6933],[141.2881,42.6986],[141.2838,42.7034],[141.2779,42.7036],[141.2588,42.7138],[141.2512,42.7107],[141.2439,42.6981],[141.2334,42.6999],[141.2186,42.6986],[141.2097,42.7006],[141.2072,42.6959],[141.197,42.6871],[141.1915,42.6858],[141.1839,42.6832],[141.1833,42.6782],[141.1628,42.6654],[141.1565,42.6563],[141.1556,42.6428],[141.1446,42.6381],[141.1425,42.6335],[141.1495,42.6287],[141.1469,42.6224],[141.1259,42.6116],[141.1138,42.6125],[141.1116,42.6047],[141.0935,42.5947],[141.086,42.5842],[141.0852,42.579],[141.0874,42.5612],[141.0853,42.5542],[141.0996,42.5539],[141.1112,42.5482],[141.1235,42.5374],[141.1231,42.523],[141.1337,42.524],[141.1464,42.5229],[141.1495,42.525],[141.1641,42.522],[141.1708,42.5145],[141.1628,42.5096],[141.1617,42.497],[141.1681,42.486],[141.1731,42.473],[141.1793,42.4702],[141.1823,42.4566],[141.1891,42.4526],[141.206,42.4534],[141.2803,42.5024],[141.3074,42.5179],[141.3165,42.5204],[141.3257,42.5287],[141.3398,42.5371],[141.379,42.5568],[141.4183,42.5749],[141.4203,42.5826],[141.4009,42.5904],[141.3917,42.6051],[141.3783,42.6106],[141.3773,42.614],[141.3641,42.6187],[141.3451,42.6327],[141.3461,42.6403],[141.3393,42.6489],[141.3424,42.6624],[141.342,42.6713],[141.3463,42.6793],[141.3603,42.6816]]]}},{"type":"Feature","id":"Atsuma","properties":{"id":"Atsuma","code":1581,"name":"Atsuma","name_full":"厚真町","name_ja":"厚真町","name_short_ja":"厚真","center_lonlat":[141.9519,42.7355]},"geometry":{"type":"Polygon","coordinates":[[[142.0436,42.8624],[142.0334,42.858],[142.0233,42.8494],[142.0149,42.8486],[142.0064,42.8449],[141.9957,42.8494],[141.9879,42.8417],[141.9803,42.8374],[141.9754,42.8417],[141.9623,42.8433],[141.9544,42.8544],[141.9395,42.8391],[141.9317,42.8391],[141.9245,42.8291],[141.9228,42.8181],[141.9165,42.8106],[141.907,42.8057],[141.8959,42.7968],[141.894,42.7908],[141.882,42.7762],[141.874,42.7694],[141.8625,42.7671],[141.8589,42.7618],[141.8601,42.7525],[141.8522,42.748],[141.8491,42.7426],[141.8483,42.7311],[141.8405,42.7235],[141.8322,42.7184],[141.8236,42.717],[141.8262,42.7123],[141.8258,42.6991],[141.8298,42.6875],[141.8294,42.6739],[141.8228,42.6681],[141.8155,42.6669],[141.8167,42.6595],[141.8149,42.6251],[141.8038,42.6145],[141.7989,42.6022],[141.81,42.6107],[141.8205,42.6119],[141.8218,42.6057],[141.8768,42.5865],[141.8783,42.5954],[141.8899,42.6004],[141.8921,42.6064],[141.9022,42.6118],[141.9093,42.6122],[141.9243,42.6179],[141.9232,42.6281],[141.9311,42.6406],[141.9394,42.6436],[141.9506,42.6423],[141.9692,42.6381],[141.9808,42.6426],[141.9895,42.6391],[141.9977,42.6422],[142.0031,42.6525],[141.9961,42.6661],[141.9966,42.6831],[141.9934,42.6902],[142.0038,42.7041],[142.0129,42.7104],[142.0213,42.7132],[142.0331,42.7217],[142.0434,42.7237],[142.0467,42.7378],[142.0531,42.7444],[142.062,42.7462],[142.0657,42.7556],[142.0725,42.7578],[142.074,42.7669],[142.089,42.7766],[142.092,42.7867],[142.0968,42.7931],[142.0935,42.7996],[142.1011,42.8026],[142.1123,42.8124],[142.1086,42.8168],[142.1087,42.8257],[142.1026,42.8359],[142.1052,42.8518],[142.0988,42.8507],[142.0922,42.855],[142.0899,42.8636],[142.0806,42.8687],[142.0708,42.8731],[142.064,42.8695],[142.0534,42.8598],[142.0436,42.8624]]]}},{"type":"Feature","id":"Toyako","properties":{"id":"Toyako","code":1584,"name":"Toyako","name_full":"洞爺湖町","name_ja":"洞爺湖町","name_short_ja":"洞爺湖","center_lonlat":[140.8308,42.6256]},"geometry":{"type":"Polygon","coordinates":[[[140.8256,42.5425],[140.8301,42.5653],[140.8432,42.6036],[140.9071,42.6231],[140.9122,42.6307],[140.9105,42.6384],[140.9187,42.6452],[140.9296,42.6457],[140.9579,42.6414],[140.9607,42.6446],[140.9664,42.653],[140.9703,42.6692],[140.9675,42.6709],[140.9562,42.6754],[140.9533,42.6801],[140.9438,42.6841],[140.9279,42.6849],[140.9195,42.6885],[140.9084,42.6861],[140.8906,42.6877],[140.883,42.6925],[140.8575,42.6995],[140.8489,42.6966],[140.8422,42.6858],[140.8117,42.6781],[140.7986,42.6698],[140.784,42.6705],[140.778,42.6685],[140.7775,42.6608],[140.7552,42.6595],[140.7541,42.6509],[140.7426,42.6441],[140.7424,42.6408],[140.7333,42.6365],[140.7369,42.6326],[140.737,42.6233],[140.7425,42.6124],[140.7484,42.6084],[140.7518,42.6018],[140.7622,42.6014],[140.7585,42.594],[140.7483,42.5946],[140.7481,42.5847],[140.7397,42.5784],[140.7339,42.5786],[140.7257,42.5718],[140.7452,42.5571],[140.7586,42.5512],[140.7699,42.541],[140.7775,42.5289],[140.7731,42.5204],[140.7887,42.5315],[140.7981,42.5334],[140.8175,42.5434],[140.8256,42.5425]]]}},{"type":"Feature","id":"Abira","properties":{"id":"Abira","code":1585,"name":"Abira","name_full":"安平町","name_ja":"安平町","name_short_ja":"安平","center_lonlat":[141.8379,42.8135]},"geometry":{"type":"Polygon","coordinates":[[[141.8258,42.6991],[141.8262,42.7123],[141.8236,42.717],[141.8322,42.7184],[141.8405,42.7235],[141.8483,42.7311],[141.8491,42.7426],[141.8522,42.748],[141.8601,42.7525],[141.8589,42.7618],[141.8625,42.7671],[141.874,42.7694],[141.882,42.7762],[141.894,42.7908],[141.8959,42.7968],[141.907,42.8057],[141.9165,42.8106],[141.9228,42.8181],[141.9245,42.8291],[141.9317,42.8391],[141.9395,42.8391],[141.9544,42.8544],[141.951,42.8627],[141.9439,42.8711],[141.9371,42.8829],[141.9287,42.888],[141.9175,42.8901],[141.9168,42.898],[141.8966,42.9055],[141.8811,42.9128],[141.87,42.922],[141.8674,42.9177],[141.8447,42.909],[141.837,42.9078],[141.8175,42.8981],[141.8157,42.8943],[141.8064,42.8927],[141.7952,42.8785],[141.7909,42.8761],[141.7938,42.8671],[141.7917,42.8585],[141.7952,42.8566],[141.785,42.8492],[141.7895,42.8414],[141.7755,42.8353],[141.7644,42.8327],[141.7669,42.827],[141.7761,42.8232],[141.7758,42.8134],[141.7702,42.8075],[141.7648,42.8092],[141.7611,42.8031],[141.7543,42.7984],[141.7569,42.792],[141.7426,42.7877],[141.7475,42.7799],[141.7419,42.7687],[141.7446,42.7544],[141.7366,42.7459],[141.7488,42.7286],[141.7554,42.7252],[141.7765,42.7109],[141.7954,42.6968],[141.8258,42.6991]]]}},{"type":"Feature","id":"Mukawa","properties":{"id":"Mukawa","code":1586,"name":"Mukawa","name_full":"むかわ町","name_ja":"むかわ町","name_short_ja":"むかわ","center_lonlat":[142.1347,42.7585]},"geometry":{"type":"Polygon","coordinates":[[[142.0806,42.8687],[142.0899,42.8636],[142.0922,42.855],[142.0988,42.8507],[142.1052,42.8518],[142.1026,42.8359],[142.1087,42.8257],[142.1086,42.8168],[142.1123,42.8124],[142.1011,42.8026],[142.0935,42.7996],[142.0968,42.7931],[142.092,42.7867],[142.089,42.7766],[142.074,42.7669],[142.0725,42.7578],[142.0657,42.7556],[142.062,42.7462],[142.0531,42.7444],[142.0467,42.7378],[142.0434,42.7237],[142.0331,42.7217],[142.0213,42.7132],[142.0129,42.7104],[142.0038,42.7041],[141.9934,42.6902],[141.9966,42.6831],[141.9961,42.6661],[142.0031,42.6525],[141.9977,42.6422],[141.9895,42.6391],[141.9808,42.6426],[141.9692,42.6381],[141.9506,42.6423],[141.9394,42.6436],[141.9311,42.6406],[141.9232,42.6281],[141.9243,42.6179],[141.9093,42.6122],[141.9022,42.6118],[141.8921,42.6064],[141.8899,42.6004],[141.8783,42.5954],[141.8768,42.5865],[141.9038,42.5774],[141.9186,42.56],[141.9241,42.5592],[141.9359,42.5522],[141.9416,42.545],[141.956,42.5389],[141.9675,42.5312],[141.9669,42.5285],[141.9791,42.5355],[141.9825,42.5453],[141.9957,42.5449],[142.0114,42.5399],[142.0125,42.5461],[142.0213,42.5505],[142.0346,42.5521],[142.0471,42.5604],[142.0606,42.5732],[142.0666,42.5713],[142.0842,42.5747],[142.0907,42.582],[142.1094,42.591],[142.1192,42.5932],[142.123,42.619],[142.1303,42.6353],[142.1382,42.6438],[142.1392,42.656],[142.1486,42.661],[142.1484,42.6719],[142.1581,42.6744],[142.1621,42.6799],[142.1602,42.6838],[142.1671,42.6924],[142.1856,42.7007],[142.1848,42.706],[142.1896,42.7202],[142.2121,42.7239],[142.2101,42.7281],[142.2199,42.7342],[142.2197,42.7445],[142.2301,42.7441],[142.2367,42.747],[142.2526,42.7472],[142.2619,42.753],[142.2651,42.7589],[142.2713,42.7595],[142.2777,42.7649],[142.2987,42.773],[142.299,42.787],[142.3052,42.7907],[142.3053,42.8012],[142.308,42.8032],[142.3072,42.8189],[142.3118,42.8249],[142.3094,42.8347],[142.3045,42.8424],[142.311,42.8474],[142.3077,42.8525],[142.318,42.8654],[142.3131,42.8814],[142.3246,42.8908],[142.3331,42.8998],[142.3327,42.9088],[142.3204,42.9133],[142.3123,42.9183],[142.3105,42.927],[142.3013,42.9334],[142.3018,42.9409],[142.2787,42.9439],[142.2728,42.9502],[142.2736,42.9562],[142.2831,42.9659],[142.2842,42.9731],[142.2798,42.9811],[142.272,42.9871],[142.2625,42.9823],[142.2553,42.9666],[142.2469,42.9687],[142.2386,42.9742],[142.2231,42.9681],[142.2237,42.9629],[142.2111,42.9601],[142.2049,42.9534],[142.1865,42.9514],[142.1834,42.9577],[142.1773,42.9593],[142.1622,42.9506],[142.1557,42.9545],[142.1443,42.9488],[142.1454,42.928],[142.1378,42.9272],[142.1105,42.9148],[142.1122,42.9039],[142.1068,42.901],[142.1071,42.8939],[142.1001,42.8855],[142.0955,42.8841],[142.0812,42.8711],[142.0806,42.8687]]]}},{"type":"Feature","id":"Hidaka","properties":{"id":"Hidaka","code":1601,"name":"Hidaka","name_full":"日高町","name_ja":"日高町","name_short_ja":"日高","center_lonlat":[142.5949,42.8718]},"geometry":{"type":"MultiPolygon","coordinates":[[[[142.7198,42.7757],[142.7164,42.7836],[142.7216,42.7918],[142.7202,42.8043],[142.7293,42.8194],[142.7321,42.8357],[142.7437,42.8471],[142.7567,42.8517],[142.7722,42.851],[142.7805,42.8593],[142.7878,42.8632],[142.7854,42.8688],[142.7713,42.8722],[142.7629,42.8927],[142.7561,42.8978],[142.7709,42.9188],[142.778,42.9256],[142.7724,42.9364],[142.7672,42.9363],[142.7595,42.9424],[142.7601,42.9516],[142.7567,42.9529],[142.7496,42.9648],[142.7549,42.9751],[142.762,42.9776],[142.7634,42.9894],[142.7502,42.9967],[142.7449,42.9978],[142.7409,43.005],[142.7278,43.0098],[142.7199,43.0047],[142.7104,42.9937],[142.7026,42.9902],[142.6895,42.9878],[142.6781,42.9908],[142.6662,42.982],[142.6523,42.9859],[142.6319,42.9863],[142.6271,42.981],[142.6138,42.9731],[142.6066,42.9734],[142.5871,42.9659],[142.5776,42.9478],[142.5711,42.942],[142.573,42.9316],[142.56,42.9171],[142.5513,42.9165],[142.546,42.9109],[142.5362,42.9107],[142.5327,42.9173],[142.5253,42.9189],[142.5214,42.9233],[142.5111,42.92],[142.5031,42.914],[142.4979,42.9197],[142.4923,42.9189],[142.4865,42.9235],[142.4749,42.9148],[142.4658,42.9172],[142.4436,42.9115],[142.4278,42.9222],[142.4245,42.9288],[142.409,42.9336],[142.3989,42.9315],[142.4043,42.9143],[142.3979,42.9077],[142.3964,42.9002],[142.3917,42.8987],[142.3862,42.8916],[142.3782,42.8865],[142.3736,42.8768],[142.3784,42.8703],[142.3776,42.8618],[142.3822,42.8551],[142.3921,42.8561],[142.399,42.8527],[142.4017,42.8426],[142.4004,42.8363],[142.3941,42.8331],[142.3953,42.8206],[142.3882,42.8125],[142.3811,42.7974],[142.3843,42.7896],[142.3918,42.7875],[142.4043,42.7908],[142.4143,42.7867],[142.4314,42.7828],[142.4467,42.7815],[142.4553,42.7719],[142.4791,42.7751],[142.4846,42.7734],[142.4972,42.7764],[142.5018,42.782],[142.5076,42.7827],[142.5111,42.7885],[142.5094,42.7962],[142.5128,42.7985],[142.5323,42.8043],[142.5362,42.8094],[142.5493,42.8138],[142.5683,42.8164],[142.5754,42.8095],[142.5817,42.7929],[142.6005,42.7837],[142.609,42.782],[142.6289,42.7723],[142.6353,42.7729],[142.6432,42.7614],[142.6431,42.7562],[142.6591,42.7511],[142.6871,42.7504],[142.6978,42.7676],[142.7066,42.7721],[142.7198,42.7757]]],[[[141.9669,42.5285],[141.982,42.516],[142.0007,42.5088],[142.0155,42.4992],[142.0188,42.4915],[142.0273,42.4851],[142.0438,42.4829],[142.0711,42.4774],[142.0791,42.4698],[142.0892,42.4702],[142.1171,42.4687],[142.1415,42.4658],[142.1606,42.4613],[142.1943,42.4478],[142.2071,42.438],[142.2082,42.4314],[142.217,42.4275],[142.2222,42.4226],[142.2285,42.4212],[142.2352,42.4267],[142.2452,42.4264],[142.2544,42.4315],[142.2584,42.4302],[142.2742,42.4357],[142.2748,42.4408],[142.2844,42.4444],[142.2839,42.449],[142.2955,42.4551],[142.2995,42.4602],[142.3002,42.4676],[142.3054,42.4699],[142.3049,42.4772],[142.3091,42.4827],[142.3053,42.5006],[142.3212,42.5194],[142.3324,42.5205],[142.3375,42.5301],[142.3364,42.5379],[142.3316,42.5428],[142.3352,42.5467],[142.3426,42.5439],[142.3561,42.5463],[142.3713,42.5424],[142.3768,42.5448],[142.386,42.5423],[142.3883,42.5485],[142.3978,42.5559],[142.4019,42.5558],[142.4093,42.5649],[142.435,42.5649],[142.4556,42.5748],[142.4658,42.5839],[142.471,42.5958],[142.4782,42.5948],[142.5044,42.6014],[142.4953,42.6044],[142.4935,42.6129],[142.4845,42.6211],[142.4723,42.6136],[142.4615,42.6147],[142.4473,42.6194],[142.4391,42.6241],[142.4284,42.6242],[142.4205,42.6209],[142.4123,42.6241],[142.4073,42.6211],[142.3821,42.6195],[142.375,42.614],[142.3694,42.6135],[142.3552,42.6189],[142.345,42.6149],[142.3376,42.6146],[142.3257,42.6206],[142.3116,42.6226],[142.3033,42.6287],[142.2979,42.6355],[142.2894,42.6353],[142.2852,42.6281],[142.2767,42.6219],[142.2655,42.6211],[142.2602,42.6297],[142.2541,42.6231],[142.2395,42.6223],[142.2254,42.6166],[142.2243,42.6094],[142.2143,42.6035],[142.2124,42.5986],[142.1978,42.5931],[142.1873,42.582],[142.184,42.5743],[142.1799,42.5736],[142.1747,42.5613],[142.1685,42.5567],[142.1573,42.5565],[142.1514,42.5523],[142.1452,42.5437],[142.1304,42.5372],[142.1287,42.5309],[142.1163,42.5286],[142.107,42.5215],[142.0921,42.5314],[142.087,42.5324],[142.0758,42.5399],[142.0656,42.5358],[142.0506,42.5422],[142.0587,42.5505],[142.0471,42.5604],[142.0346,42.5521],[142.0213,42.5505],[142.0125,42.5461],[142.0114,42.5399],[141.9957,42.5449],[141.9825,42.5453],[141.9791,42.5355],[141.9669,42.5285]]]]}},{"type":"Feature","id":"Biratori","properties":{"id":"Biratori","code":1602,"name":"Biratori","name_full":"平取町","name_ja":"平取町","name_short_ja":"平取","center_lonlat":[142.3611,42.7031]},"geometry":{"type":"Polygon","coordinates":[[[142.6871,42.7504],[142.6591,42.7511],[142.6431,42.7562],[142.6432,42.7614],[142.6353,42.7729],[142.6289,42.7723],[142.609,42.782],[142.6005,42.7837],[142.5817,42.7929],[142.5754,42.8095],[142.5683,42.8164],[142.5493,42.8138],[142.5362,42.8094],[142.5323,42.8043],[142.5128,42.7985],[142.5094,42.7962],[142.5111,42.7885],[142.5076,42.7827],[142.5018,42.782],[142.4972,42.7764],[142.4846,42.7734],[142.4791,42.7751],[142.4553,42.7719],[142.4467,42.7815],[142.4314,42.7828],[142.4143,42.7867],[142.4043,42.7908],[142.3918,42.7875],[142.3843,42.7896],[142.3811,42.7974],[142.3882,42.8125],[142.3953,42.8206],[142.3941,42.8331],[142.4004,42.8363],[142.4017,42.8426],[142.399,42.8527],[142.3921,42.8561],[142.3822,42.8551],[142.3776,42.8618],[142.3784,42.8703],[142.3736,42.8768],[142.3782,42.8865],[142.3704,42.8901],[142.3606,42.8915],[142.344,42.884],[142.3394,42.8838],[142.3246,42.8908],[142.3131,42.8814],[142.318,42.8654],[142.3077,42.8525],[142.311,42.8474],[142.3045,42.8424],[142.3094,42.8347],[142.3118,42.8249],[142.3072,42.8189],[142.308,42.8032],[142.3053,42.8012],[142.3052,42.7907],[142.299,42.787],[142.2987,42.773],[142.2777,42.7649],[142.2713,42.7595],[142.2651,42.7589],[142.2619,42.753],[142.2526,42.7472],[142.2367,42.747],[142.2301,42.7441],[142.2197,42.7445],[142.2199,42.7342],[142.2101,42.7281],[142.2121,42.7239],[142.1896,42.7202],[142.1848,42.706],[142.1856,42.7007],[142.1671,42.6924],[142.1602,42.6838],[142.1621,42.6799],[142.1581,42.6744],[142.1484,42.6719],[142.1486,42.661],[142.1392,42.656],[142.1382,42.6438],[142.1303,42.6353],[142.123,42.619],[142.1192,42.5932],[142.1094,42.591],[142.0907,42.582],[142.0842,42.5747],[142.0666,42.5713],[142.0606,42.5732],[142.0471,42.5604],[142.0587,42.5505],[142.0506,42.5422],[142.0656,42.5358],[142.0758,42.5399],[142.087,42.5324],[142.0921,42.5314],[142.107,42.5215],[142.1163,42.5286],[142.1287,42.5309],[142.1304,42.5372],[142.1452,42.5437],[142.1514,42.5523],[142.1573,42.5565],[142.1685,42.5567],[142.1747,42.5613],[142.1799,42.5736],[142.184,42.5743],[142.1873,42.582],[142.1978,42.5931],[142.2124,42.5986],[142.2143,42.6035],[142.2243,42.6094],[142.2254,42.6166],[142.2395,42.6223],[142.2541,42.6231],[142.2602,42.6297],[142.2655,42.6211],[142.2767,42.6219],[142.2852,42.6281],[142.2894,42.6353],[142.2979,42.6355],[142.3033,42.6287],[142.3116,42.6226],[142.3257,42.6206],[142.3376,42.6146],[142.345,42.6149],[142.3552,42.6189],[142.3694,42.6135],[142.375,42.614],[142.3821,42.6195],[142.4073,42.6211],[142.4123,42.6241],[142.4205,42.6209],[142.4284,42.6242],[142.4391,42.6241],[142.4473,42.6194],[142.4615,42.6147],[142.4723,42.6136],[142.4845,42.6211],[142.4905,42.6288],[142.4995,42.6348],[142.5125,42.633],[142.524,42.6353],[142.5308,42.6324],[142.5454,42.6396],[142.5424,42.652],[142.5501,42.6588],[142.542,42.6668],[142.5498,42.6744],[142.5452,42.6794],[142.5479,42.6833],[142.5451,42.691],[142.5521,42.6942],[142.5507,42.7047],[142.562,42.7066],[142.5661,42.7212],[142.5717,42.7278],[142.5821,42.7278],[142.5876,42.736],[142.5945,42.7379],[142.6021,42.7356],[142.6084,42.7372],[142.6156,42.728],[142.6221,42.7251],[142.6286,42.7278],[142.6461,42.7255],[142.6588,42.7278],[142.674,42.7244],[142.6777,42.7183],[142.6921,42.726],[142.6915,42.7323],[142.6951,42.7387],[142.688,42.7435],[142.6871,42.7504]]]}},{"type":"Feature","id":"Niikappu","properties":{"id":"Niikappu","code":1604,"name":"Niikappu","name_full":"新冠町","name_ja":"新冠町","name_short_ja":"新冠","center_lonlat":[142.4831,42.5448]},"geometry":{"type":"Polygon","coordinates":[[[142.6951,42.7387],[142.6915,42.7323],[142.6921,42.726],[142.6777,42.7183],[142.674,42.7244],[142.6588,42.7278],[142.6461,42.7255],[142.6286,42.7278],[142.6221,42.7251],[142.6156,42.728],[142.6084,42.7372],[142.6021,42.7356],[142.5945,42.7379],[142.5876,42.736],[142.5821,42.7278],[142.5717,42.7278],[142.5661,42.7212],[142.562,42.7066],[142.5507,42.7047],[142.5521,42.6942],[142.5451,42.691],[142.5479,42.6833],[142.5452,42.6794],[142.5498,42.6744],[142.542,42.6668],[142.5501,42.6588],[142.5424,42.652],[142.5454,42.6396],[142.5308,42.6324],[142.524,42.6353],[142.5125,42.633],[142.4995,42.6348],[142.4905,42.6288],[142.4845,42.6211],[142.4935,42.6129],[142.4953,42.6044],[142.5044,42.6014],[142.4782,42.5948],[142.471,42.5958],[142.4658,42.5839],[142.4556,42.5748],[142.435,42.5649],[142.4093,42.5649],[142.4019,42.5558],[142.3978,42.5559],[142.3883,42.5485],[142.386,42.5423],[142.3768,42.5448],[142.3713,42.5424],[142.3561,42.5463],[142.3426,42.5439],[142.3352,42.5467],[142.3316,42.5428],[142.3364,42.5379],[142.3375,42.5301],[142.3324,42.5205],[142.3212,42.5194],[142.3053,42.5006],[142.3091,42.4827],[142.3049,42.4772],[142.3054,42.4699],[142.3002,42.4676],[142.2995,42.4602],[142.2955,42.4551],[142.2839,42.449],[142.2844,42.4444],[142.2748,42.4408],[142.2742,42.4357],[142.2584,42.4302],[142.2544,42.4315],[142.2452,42.4264],[142.2352,42.4267],[142.2285,42.4212],[142.2222,42.4226],[142.225,42.4174],[142.2418,42.4085],[142.266,42.3906],[142.2754,42.381],[142.2768,42.3762],[142.294,42.3678],[142.3005,42.3624],[142.3203,42.3548],[142.3345,42.345],[142.3456,42.3568],[142.3586,42.362],[142.3648,42.3675],[142.3737,42.3696],[142.4095,42.3918],[142.4187,42.3955],[142.4211,42.4012],[142.4283,42.4084],[142.4376,42.414],[142.4413,42.4193],[142.4523,42.4281],[142.4643,42.4347],[142.4756,42.438],[142.4742,42.445],[142.4791,42.4475],[142.4914,42.468],[142.4997,42.4713],[142.506,42.4798],[142.5215,42.4827],[142.528,42.4902],[142.5374,42.4884],[142.5455,42.4923],[142.5511,42.4981],[142.5529,42.5107],[142.5665,42.5201],[142.5671,42.5279],[142.5604,42.5351],[142.5659,42.5426],[142.5555,42.5545],[142.5587,42.5635],[142.5643,42.5714],[142.5645,42.5796],[142.5724,42.5885],[142.567,42.5957],[142.5718,42.6001],[142.589,42.6022],[142.5903,42.6054],[142.6028,42.6072],[142.62,42.6063],[142.626,42.6147],[142.6418,42.6243],[142.6506,42.6324],[142.6608,42.6372],[142.6639,42.6435],[142.674,42.6533],[142.6973,42.6611],[142.705,42.6581],[142.7167,42.6593],[142.7373,42.6675],[142.7518,42.6638],[142.7544,42.6708],[142.7641,42.6839],[142.756,42.6908],[142.7583,42.7023],[142.7557,42.722],[142.7492,42.7248],[142.7342,42.7214],[142.7282,42.7236],[142.7248,42.7329],[142.7152,42.7382],[142.7046,42.7366],[142.6951,42.7387]]]}},{"type":"Feature","id":"Urakawa","properties":{"id":"Urakawa","code":1607,"name":"Urakawa","name_full":"浦河町","name_ja":"浦河町","name_short_ja":"浦河","center_lonlat":[142.8797,42.29]},"geometry":{"type":"Polygon","coordinates":[[[142.9998,42.3715],[142.9899,42.3736],[142.9813,42.3837],[142.9702,42.3916],[142.9668,42.4022],[142.9572,42.411],[142.9501,42.4147],[142.9469,42.4275],[142.9312,42.4296],[142.9247,42.4343],[142.9115,42.4314],[142.9041,42.4318],[142.8987,42.4492],[142.8885,42.4543],[142.8821,42.4663],[142.8686,42.4638],[142.8696,42.4584],[142.8664,42.4525],[142.8509,42.4523],[142.8404,42.4469],[142.832,42.4494],[142.8218,42.4455],[142.817,42.4403],[142.8042,42.436],[142.7952,42.436],[142.7786,42.4321],[142.777,42.4119],[142.7817,42.4032],[142.7885,42.3996],[142.7837,42.3903],[142.7933,42.3792],[142.7861,42.372],[142.7859,42.367],[142.7782,42.3566],[142.7689,42.349],[142.7702,42.3438],[142.7652,42.339],[142.7684,42.3202],[142.7672,42.3126],[142.7596,42.3113],[142.7506,42.3019],[142.7508,42.2928],[142.7457,42.2892],[142.7425,42.2805],[142.7355,42.276],[142.7391,42.2681],[142.7341,42.266],[142.7212,42.2557],[142.7138,42.2479],[142.6992,42.2396],[142.6833,42.2388],[142.6693,42.2314],[142.6716,42.2233],[142.6605,42.2213],[142.6532,42.2178],[142.6491,42.2089],[142.6704,42.1917],[142.6928,42.191],[142.6992,42.1858],[142.7112,42.1863],[142.724,42.1841],[142.7369,42.1766],[142.7484,42.1771],[142.7609,42.1744],[142.768,42.1653],[142.7753,42.1601],[142.8013,42.1504],[142.8144,42.1417],[142.8268,42.14],[142.841,42.1405],[142.8638,42.1361],[142.8683,42.1472],[142.8847,42.1587],[142.8806,42.165],[142.8839,42.1728],[142.8913,42.1772],[142.8934,42.1837],[142.9134,42.1908],[142.9164,42.1958],[142.9229,42.1983],[142.9261,42.2032],[142.9337,42.2075],[142.9373,42.205],[142.9545,42.2071],[142.9605,42.2137],[142.9677,42.2105],[142.9778,42.2154],[142.9901,42.2141],[142.9952,42.2192],[143.0091,42.2238],[143.0186,42.2227],[143.0201,42.2274],[143.0279,42.2306],[143.0533,42.2266],[143.068,42.2294],[143.0754,42.2434],[143.0816,42.2423],[143.0906,42.2469],[143.0999,42.2477],[143.117,42.2602],[143.1112,42.2726],[143.1124,42.2798],[143.1065,42.2856],[143.0887,42.2878],[143.0774,42.2908],[143.0752,42.3014],[143.0656,42.3052],[143.0546,42.3137],[143.0476,42.3292],[143.039,42.3293],[143.0277,42.339],[143.025,42.3473],[143.0101,42.353],[143.0062,42.3624],[142.9998,42.3715]]]}},{"type":"Feature","id":"Samani","properties":{"id":"Samani","code":1608,"name":"Samani","name_full":"様似町","name_ja":"様似町","name_short_ja":"様似","center_lonlat":[143.0568,42.1579]},"geometry":{"type":"Polygon","coordinates":[[[142.8638,42.1361],[142.8759,42.1323],[142.8865,42.1334],[142.9029,42.1314],[142.909,42.1322],[142.9195,42.126],[142.9339,42.1258],[142.9556,42.1215],[142.9661,42.1178],[142.9676,42.1137],[142.9783,42.1017],[142.9889,42.0996],[142.9982,42.094],[143.0,42.0873],[143.0088,42.0831],[143.0617,42.0652],[143.0679,42.061],[143.074,42.065],[143.0802,42.0732],[143.0937,42.0778],[143.1028,42.0754],[143.1274,42.0735],[143.1598,42.077],[143.1714,42.0838],[143.1766,42.0962],[143.1909,42.0993],[143.1951,42.0958],[143.2031,42.1047],[143.1896,42.1119],[143.177,42.1133],[143.1712,42.1211],[143.1791,42.13],[143.1878,42.1321],[143.1895,42.138],[143.1772,42.1561],[143.1781,42.1628],[143.1716,42.1708],[143.176,42.1754],[143.1775,42.184],[143.193,42.1901],[143.1992,42.191],[143.1919,42.1994],[143.1867,42.211],[143.1861,42.219],[143.1787,42.2236],[143.1656,42.2232],[143.1607,42.2262],[143.1476,42.2406],[143.1488,42.2521],[143.1325,42.2584],[143.117,42.2602],[143.0999,42.2477],[143.0906,42.2469],[143.0816,42.2423],[143.0754,42.2434],[143.068,42.2294],[143.0533,42.2266],[143.0279,42.2306],[143.0201,42.2274],[143.0186,42.2227],[143.0091,42.2238],[142.9952,42.2192],[142.9901,42.2141],[142.9778,42.2154],[142.9677,42.2105],[142.9605,42.2137],[142.9545,42.2071],[142.9373,42.205],[142.9337,42.2075],[142.9261,42.2032],[142.9229,42.1983],[142.9164,42.1958],[142.9134,42.1908],[142.8934,42.1837],[142.8913,42.1772],[142.8839,42.1728],[142.8806,42.165],[142.8847,42.1587],[142.8683,42.1472],[142.8638,42.1361]]]}},{"type":"Feature","id":"Erimo","properties":{"id":"Erimo","code":1609,"name":"Erimo","name_full":"えりも町","name_ja":"えりも町","name_short_ja":"えりも","center_lonlat":[143.2217,42.0721]},"geometry":{"type":"Polygon","coordinates":[[[143.0679,42.061],[143.0955,42.05],[143.1035,42.0434],[143.112,42.0407],[143.1185,42.035],[143.1343,42.0278],[143.1462,42.0172],[143.1494,42.0097],[143.1609,41.9968],[143.1636,41.9827],[143.1791,41.9734],[143.1831,41.9669],[143.1933,41.964],[143.1953,41.9585],[143.2154,41.9513],[143.223,41.9416],[143.2294,41.9386],[143.2418,41.9269],[143.2466,41.9277],[143.2453,41.9349],[143.2407,41.9419],[143.2443,41.9663],[143.2491,41.9807],[143.2595,42.0039],[143.2709,42.0183],[143.276,42.0227],[143.289,42.0279],[143.2879,42.0333],[143.2941,42.043],[143.31,42.0475],[143.3122,42.0544],[143.3078,42.0702],[143.3081,42.0801],[143.3166,42.1047],[143.3212,42.1132],[143.3168,42.1228],[143.319,42.1358],[143.3237,42.1507],[143.3241,42.16],[143.3047,42.1625],[143.2985,42.1674],[143.2665,42.1628],[143.266,42.1688],[143.2535,42.1685],[143.2497,42.176],[143.2402,42.1815],[143.2301,42.1826],[143.2204,42.1784],[143.2061,42.1888],[143.1992,42.191],[143.193,42.1901],[143.1775,42.184],[143.176,42.1754],[143.1716,42.1708],[143.1781,42.1628],[143.1772,42.1561],[143.1895,42.138],[143.1878,42.1321],[143.1791,42.13],[143.1712,42.1211],[143.177,42.1133],[143.1896,42.1119],[143.2031,42.1047],[143.1951,42.0958],[143.1909,42.0993],[143.1766,42.0962],[143.1714,42.0838],[143.1598,42.077],[143.1274,42.0735],[143.1028,42.0754],[143.0937,42.0778],[143.0802,42.0732],[143.074,42.065],[143.0679,42.061]]]}},{"type":"Feature","id":"Shinhidaka","properties":{"id":"Shinhidaka","code":1610,"name":"Shinhidaka","name_full":"新ひだか町","name_ja":"新ひだか町","name_short_ja":"新ひだか","center_lonlat":[142.6402,42.4295]},"geometry":{"type":"Polygon","coordinates":[[[142.3345,42.345],[142.3623,42.3338],[142.3705,42.3243],[142.395,42.3159],[142.4065,42.3085],[142.4179,42.3096],[142.4386,42.3063],[142.4514,42.2997],[142.4522,42.2949],[142.476,42.2743],[142.4954,42.2656],[142.5074,42.2671],[142.5438,42.2509],[142.5638,42.247],[142.5699,42.2445],[142.5852,42.2432],[142.5904,42.2393],[142.6075,42.2313],[142.6154,42.2252],[142.6284,42.2226],[142.6383,42.2144],[142.6491,42.2089],[142.6532,42.2178],[142.6605,42.2213],[142.6716,42.2233],[142.6693,42.2314],[142.6833,42.2388],[142.6992,42.2396],[142.7138,42.2479],[142.7212,42.2557],[142.7341,42.266],[142.7391,42.2681],[142.7355,42.276],[142.7425,42.2805],[142.7457,42.2892],[142.7508,42.2928],[142.7506,42.3019],[142.7596,42.3113],[142.7672,42.3126],[142.7684,42.3202],[142.7652,42.339],[142.7702,42.3438],[142.7689,42.349],[142.7782,42.3566],[142.7859,42.367],[142.7861,42.372],[142.7933,42.3792],[142.7837,42.3903],[142.7885,42.3996],[142.7817,42.4032],[142.777,42.4119],[142.7786,42.4321],[142.7952,42.436],[142.8042,42.436],[142.817,42.4403],[142.8218,42.4455],[142.832,42.4494],[142.8404,42.4469],[142.8509,42.4523],[142.8664,42.4525],[142.8696,42.4584],[142.8686,42.4638],[142.8821,42.4663],[142.8853,42.4764],[142.8898,42.4814],[142.891,42.4886],[142.8853,42.4975],[142.8712,42.4991],[142.8648,42.5075],[142.8561,42.5134],[142.8568,42.5201],[142.8617,42.5233],[142.8638,42.5416],[142.8532,42.5452],[142.845,42.5447],[142.8282,42.5488],[142.8275,42.5635],[142.8251,42.5704],[142.817,42.5728],[142.8117,42.5776],[142.8102,42.5882],[142.8006,42.5963],[142.796,42.6129],[142.7887,42.6199],[142.7711,42.6216],[142.7679,42.6367],[142.7622,42.6385],[142.755,42.6449],[142.756,42.6573],[142.7518,42.6638],[142.7373,42.6675],[142.7167,42.6593],[142.705,42.6581],[142.6973,42.6611],[142.674,42.6533],[142.6639,42.6435],[142.6608,42.6372],[142.6506,42.6324],[142.6418,42.6243],[142.626,42.6147],[142.62,42.6063],[142.6028,42.6072],[142.5903,42.6054],[142.589,42.6022],[142.5718,42.6001],[142.567,42.5957],[142.5724,42.5885],[142.5645,42.5796],[142.5643,42.5714],[142.5587,42.5635],[142.5555,42.5545],[142.5659,42.5426],[142.5604,42.5351],[142.5671,42.5279],[142.5665,42.5201],[142.5529,42.5107],[142.5511,42.4981],[142.5455,42.4923],[142.5374,42.4884],[142.528,42.4902],[142.5215,42.4827],[142.506,42.4798],[142.4997,42.4713],[142.4914,42.468],[142.4791,42.4475],[142.4742,42.445],[142.4756,42.438],[142.4643,42.4347],[142.4523,42.4281],[142.4413,42.4193],[142.4376,42.414],[142.4283,42.4084],[142.4211,42.4012],[142.4187,42.3955],[142.4095,42.3918],[142.3737,42.3696],[142.3648,42.3675],[142.3586,42.362],[142.3456,42.3568],[142.3345,42.345]]]}},{"type":"Feature","id":"Otofuke","properties":{"id":"Otofuke","code":1631,"name":"Otofuke","name_full":"音更町","name_ja":"音更町","name_short_ja":"音更","center_lonlat":[143.2054,43.0425]},"geometry":{"type":"Polygon","coordinates":[[[143.247,42.9343],[143.2523,42.9324],[143.2729,42.9339],[143.2832,42.9358],[143.2931,42.9325],[143.3058,42.9249],[143.3142,42.9267],[143.3144,42.9323],[143.3209,42.9363],[143.3232,42.9438],[143.32,42.9488],[143.3254,42.9536],[143.3256,42.9633],[143.3366,42.968],[143.342,42.965],[143.3671,42.9699],[143.3705,42.9775],[143.3678,42.9814],[143.3753,42.9914],[143.3596,43.0229],[143.3537,43.0262],[143.3573,43.0343],[143.3457,43.0565],[143.3419,43.0575],[143.3409,43.0702],[143.3442,43.0793],[143.3335,43.0807],[143.3242,43.0869],[143.3289,43.0925],[143.3274,43.1059],[143.3235,43.1145],[143.2497,43.1235],[143.241,43.0842],[143.2029,43.0887],[143.2048,43.1012],[143.211,43.1088],[143.2169,43.1259],[143.2119,43.134],[143.2124,43.1409],[143.1505,43.1524],[143.0748,43.1665],[143.0407,43.0706],[143.0635,43.0623],[143.0702,43.011],[143.0861,43.0045],[143.0949,43.0047],[143.1009,43.0001],[143.1212,42.9793],[143.13,42.9671],[143.1313,42.9621],[143.1473,42.9507],[143.1505,42.9447],[143.1613,42.9467],[143.1751,42.9441],[143.1811,42.9489],[143.1938,42.9465],[143.1995,42.9363],[143.231,42.9371],[143.2416,42.9394],[143.247,42.9343]]]}},{"type":"Feature","id":"Shihoro","properties":{"id":"Shihoro","code":1632,"name":"Shihoro","name_full":"士幌町","name_ja":"士幌町","name_short_ja":"士幌","center_lonlat":[143.2615,43.1654]},"geometry":{"type":"Polygon","coordinates":[[[143.3442,43.0793],[143.3501,43.0778],[143.3566,43.0814],[143.3869,43.0858],[143.4158,43.1154],[143.4056,43.1194],[143.4027,43.1295],[143.3902,43.1418],[143.3886,43.178],[143.3919,43.1876],[143.3731,43.1896],[143.3757,43.1985],[143.364,43.201],[143.2558,43.214],[143.2602,43.2201],[143.1029,43.2495],[143.0996,43.241],[143.1083,43.2287],[143.108,43.2241],[143.1173,43.2125],[143.1158,43.2046],[143.1218,43.1982],[143.1176,43.1816],[143.1228,43.1733],[143.1304,43.1663],[143.1465,43.1568],[143.1505,43.1524],[143.2124,43.1409],[143.2119,43.134],[143.2169,43.1259],[143.211,43.1088],[143.2048,43.1012],[143.2029,43.0887],[143.241,43.0842],[143.2497,43.1235],[143.3235,43.1145],[143.3274,43.1059],[143.3289,43.0925],[143.3242,43.0869],[143.3335,43.0807],[143.3442,43.0793]]]}},{"type":"Feature","id":"Kamishihoro","properties":{"id":"Kamishihoro","code":1633,"name":"Kamishihoro","name_full":"上士幌町","name_ja":"上士幌町","name_short_ja":"上士幌","center_lonlat":[143.1933,43.3851]},"geometry":{"type":"Polygon","coordinates":[[[143.1425,43.5951],[143.1342,43.5879],[143.1158,43.5834],[143.1135,43.5796],[143.1028,43.5764],[143.1018,43.5732],[143.0906,43.5673],[143.0798,43.5637],[143.0698,43.5635],[143.0687,43.5586],[143.0599,43.5552],[143.0528,43.5595],[143.0412,43.5631],[143.0304,43.5501],[143.023,43.5486],[143.0202,43.5424],[143.0236,43.5346],[143.0136,43.5285],[143.0085,43.5201],[143.0105,43.5146],[143.0233,43.5083],[143.0318,43.4878],[143.0427,43.4786],[143.0455,43.4732],[143.0406,43.4642],[143.0318,43.4535],[143.0353,43.4448],[143.0308,43.4391],[143.0259,43.4253],[143.031,43.4177],[143.0273,43.4109],[143.0321,43.407],[143.0319,43.3964],[143.0462,43.3907],[143.0543,43.3855],[143.0698,43.3845],[143.0756,43.3899],[143.0889,43.3884],[143.0967,43.3828],[143.1127,43.3651],[143.1117,43.3579],[143.1188,43.3559],[143.13,43.3462],[143.1369,43.3327],[143.1421,43.3304],[143.1436,43.3189],[143.1306,43.3132],[143.1197,43.3015],[143.1165,43.2772],[143.1029,43.2495],[143.2602,43.2201],[143.2558,43.214],[143.364,43.201],[143.3757,43.1985],[143.3731,43.1896],[143.3919,43.1876],[143.3987,43.1991],[143.3948,43.2075],[143.4059,43.2127],[143.4004,43.2197],[143.4031,43.2331],[143.411,43.2446],[143.4022,43.2451],[143.4121,43.2881],[143.3999,43.2944],[143.3969,43.2993],[143.3819,43.3061],[143.3128,43.314],[143.3112,43.3207],[143.3184,43.324],[143.3188,43.3316],[143.308,43.3435],[143.2915,43.3511],[143.2868,43.3574],[143.2854,43.3664],[143.2806,43.3726],[143.2695,43.3724],[143.2593,43.3767],[143.2509,43.3768],[143.247,43.3865],[143.2395,43.3855],[143.2383,43.3923],[143.2436,43.3973],[143.2441,43.409],[143.2314,43.4231],[143.2366,43.4288],[143.2224,43.442],[143.2112,43.4492],[143.2187,43.4596],[143.2157,43.4685],[143.2244,43.4887],[143.2284,43.4944],[143.2387,43.5003],[143.2315,43.5134],[143.2325,43.5186],[143.2267,43.5337],[143.2355,43.5512],[143.2253,43.555],[143.2239,43.5686],[143.2257,43.575],[143.213,43.5755],[143.209,43.5841],[143.2003,43.583],[143.1855,43.5858],[143.173,43.5949],[143.159,43.5938],[143.1548,43.5915],[143.1425,43.5951]]]}},{"type":"Feature","id":"Shikaoi","properties":{"id":"Shikaoi","code":1634,"name":"Shikaoi","name_full":"鹿追町","name_ja":"鹿追町","name_short_ja":"鹿追","center_lonlat":[143.0347,43.2146]},"geometry":{"type":"Polygon","coordinates":[[[143.1505,43.1524],[143.1465,43.1568],[143.1304,43.1663],[143.1228,43.1733],[143.1176,43.1816],[143.1218,43.1982],[143.1158,43.2046],[143.1173,43.2125],[143.108,43.2241],[143.1083,43.2287],[143.0996,43.241],[143.1029,43.2495],[143.1165,43.2772],[143.1197,43.3015],[143.1306,43.3132],[143.1436,43.3189],[143.1421,43.3304],[143.1369,43.3327],[143.13,43.3462],[143.1188,43.3559],[143.1117,43.3579],[143.1127,43.3651],[143.0967,43.3828],[143.0889,43.3884],[143.0756,43.3899],[143.0698,43.3845],[143.0543,43.3855],[143.0462,43.3907],[143.0319,43.3964],[143.0267,43.392],[143.026,43.3853],[143.0185,43.3782],[143.0068,43.3758],[143.0088,43.367],[143.0056,43.3569],[143.0004,43.3539],[143.0011,43.3485],[143.0067,43.3455],[143.0135,43.3342],[143.0098,43.3222],[142.9926,43.3173],[142.9859,43.3012],[142.9799,43.295],[142.9745,43.2853],[142.9802,43.2815],[142.9801,43.2733],[142.9746,43.2679],[142.9803,43.2601],[142.973,43.2498],[142.9788,43.2464],[142.9776,43.2406],[142.9884,43.2343],[142.982,43.2304],[142.9805,43.2252],[142.9658,43.2193],[142.9738,43.2125],[142.9701,43.1998],[142.9616,43.1976],[142.9531,43.1996],[142.9534,43.1863],[142.9481,43.1783],[142.9392,43.1781],[142.9258,43.162],[142.928,43.1566],[142.9225,43.1528],[142.927,43.148],[142.9249,43.1408],[142.9286,43.1312],[142.9294,43.1204],[142.9285,43.1164],[142.9333,43.103],[142.9438,43.0955],[142.9468,43.0875],[142.9682,43.0681],[142.9784,43.0613],[142.9878,43.0578],[143.0007,43.0481],[143.0213,43.0348],[143.0621,43.0162],[143.0702,43.011],[143.0635,43.0623],[143.0407,43.0706],[143.0748,43.1665],[143.1505,43.1524]]]}},{"type":"Feature","id":"Shintoku","properties":{"id":"Shintoku","code":1635,"name":"Shintoku","name_full":"新得町","name_ja":"新得町","name_short_ja":"新得","center_lonlat":[142.8638,43.3174]},"geometry":{"type":"Polygon","coordinates":[[[142.8943,43.5664],[142.8909,43.5657],[142.8754,43.57],[142.8717,43.5647],[142.8606,43.564],[142.8607,43.5585],[142.8502,43.5489],[142.8539,43.5362],[142.8523,43.5301],[142.8393,43.5221],[142.8301,43.5234],[142.8148,43.5307],[142.8069,43.528],[142.8142,43.5226],[142.8133,43.5139],[142.8055,43.511],[142.798,43.5009],[142.7913,43.5006],[142.7871,43.4959],[142.7797,43.4952],[142.7768,43.4871],[142.7321,43.4617],[142.724,43.452],[142.7146,43.4518],[142.7104,43.4401],[142.7106,43.4328],[142.7013,43.4256],[142.6863,43.4178],[142.6789,43.4147],[142.6718,43.4051],[142.6774,43.4036],[142.6836,43.3954],[142.689,43.3938],[142.6945,43.3849],[142.7061,43.3785],[142.7154,43.3683],[142.7205,43.3599],[142.7499,43.3534],[142.7613,43.3573],[142.769,43.3466],[142.7553,43.3454],[142.7486,43.3401],[142.7448,43.3243],[142.7363,43.3186],[142.7393,43.3131],[142.735,43.2976],[142.7368,43.2848],[142.7471,43.2655],[142.747,43.26],[142.7415,43.2579],[142.74,43.2525],[142.7339,43.249],[142.7421,43.2406],[142.7337,43.2343],[142.7364,43.2194],[142.7403,43.2127],[142.7487,43.211],[142.7633,43.2005],[142.7621,43.1941],[142.7693,43.1888],[142.7676,43.1803],[142.7791,43.1736],[142.7647,43.1619],[142.7671,43.1591],[142.7673,43.1445],[142.7644,43.1377],[142.7672,43.1304],[142.7604,43.1212],[142.753,43.1231],[142.7453,43.115],[142.7511,43.1098],[142.7369,43.0955],[142.7439,43.0878],[142.7372,43.0818],[142.7277,43.0777],[142.7281,43.0728],[142.7397,43.0664],[142.7468,43.0583],[142.7491,43.0517],[142.7481,43.0419],[142.7534,43.0363],[142.7507,43.0297],[142.7537,43.0261],[142.7544,43.0131],[142.7758,43.0151],[142.7884,43.02],[142.7959,43.0269],[142.8057,43.0301],[142.8139,43.0352],[142.8234,43.0342],[142.8394,43.0375],[142.8522,43.0361],[142.8523,43.0436],[142.8591,43.0468],[142.8612,43.0536],[142.8559,43.0616],[142.8957,43.0702],[142.8865,43.0878],[142.9198,43.0931],[142.9167,43.0989],[142.92,43.1052],[142.9155,43.1099],[142.9171,43.1183],[142.9294,43.1204],[142.9286,43.1312],[142.9249,43.1408],[142.927,43.148],[142.9225,43.1528],[142.928,43.1566],[142.9258,43.162],[142.9392,43.1781],[142.9481,43.1783],[142.9534,43.1863],[142.9531,43.1996],[142.9616,43.1976],[142.9701,43.1998],[142.9738,43.2125],[142.9658,43.2193],[142.9805,43.2252],[142.982,43.2304],[142.9884,43.2343],[142.9776,43.2406],[142.9788,43.2464],[142.973,43.2498],[142.9803,43.2601],[142.9746,43.2679],[142.9801,43.2733],[142.9802,43.2815],[142.9745,43.2853],[142.9799,43.295],[142.9859,43.3012],[142.9926,43.3173],[143.0098,43.3222],[143.0135,43.3342],[143.0067,43.3455],[143.0011,43.3485],[143.0004,43.3539],[143.0056,43.3569],[143.0088,43.367],[143.0068,43.3758],[143.0185,43.3782],[143.026,43.3853],[143.0267,43.392],[143.0319,43.3964],[143.0321,43.407],[143.0273,43.4109],[143.031,43.4177],[143.0259,43.4253],[143.0308,43.4391],[143.0353,43.4448],[143.0318,43.4535],[143.0406,43.4642],[143.0455,43.4732],[143.0427,43.4786],[143.0318,43.4878],[143.0233,43.5083],[143.0105,43.5146],[143.0085,43.5201],[143.0136,43.5285],[143.0052,43.5287],[142.9854,43.5342],[142.9759,43.5393],[142.9738,43.5345],[142.9577,43.5263],[142.9436,43.5361],[142.9385,43.5452],[142.9237,43.5525],[142.9095,43.5633],[142.8943,43.5664]]]}},{"type":"Feature","id":"Shimizu","properties":{"id":"Shimizu","code":1636,"name":"Shimizu","name_full":"清水町","name_ja":"清水町","name_short_ja":"清水","center_lonlat":[142.8827,42.9676]},"geometry":{"type":"Polygon","coordinates":[[[142.7409,43.005],[142.7449,42.9978],[142.7502,42.9967],[142.7634,42.9894],[142.762,42.9776],[142.7549,42.9751],[142.7496,42.9648],[142.7567,42.9529],[142.7601,42.9516],[142.7595,42.9424],[142.7672,42.9363],[142.7724,42.9364],[142.778,42.9256],[142.7709,42.9188],[142.7561,42.8978],[142.7629,42.8927],[142.7713,42.8722],[142.7854,42.8688],[142.8074,42.8744],[142.8141,42.8673],[142.8289,42.865],[142.8355,42.8568],[142.8519,42.8505],[142.8717,42.8497],[142.8948,42.8444],[142.9058,42.85],[142.9184,42.8415],[142.9289,42.839],[142.945,42.8599],[142.9332,42.8648],[142.9388,42.8722],[142.9238,42.8766],[142.9242,42.8817],[142.9376,42.8849],[142.9489,42.8926],[142.9563,42.9],[142.9509,42.9119],[142.9635,42.9229],[142.9562,42.9232],[142.9521,42.918],[142.9452,42.9219],[142.9682,42.9274],[142.9864,42.9224],[142.9854,42.9267],[142.9955,42.9307],[142.9909,42.9413],[142.9795,42.9495],[142.9753,42.9473],[142.9609,42.9573],[142.9639,42.9599],[143.0012,42.9626],[142.995,43.0105],[143.0242,43.0127],[143.0213,43.0348],[143.0007,43.0481],[142.9878,43.0578],[142.9784,43.0613],[142.9682,43.0681],[142.9468,43.0875],[142.9438,43.0955],[142.9333,43.103],[142.9285,43.1164],[142.9294,43.1204],[142.9171,43.1183],[142.9155,43.1099],[142.92,43.1052],[142.9167,43.0989],[142.9198,43.0931],[142.8865,43.0878],[142.8957,43.0702],[142.8559,43.0616],[142.8612,43.0536],[142.8591,43.0468],[142.8523,43.0436],[142.8522,43.0361],[142.8394,43.0375],[142.8234,43.0342],[142.8139,43.0352],[142.8057,43.0301],[142.7959,43.0269],[142.7884,43.02],[142.7758,43.0151],[142.7544,43.0131],[142.7409,43.005]]]}},{"type":"Feature","id":"Memuro","properties":{"id":"Memuro","code":1637,"name":"Memuro","name_full":"芽室町","name_ja":"芽室町","name_short_ja":"芽室","center_lonlat":[142.9602,42.8576]},"geometry":{"type":"Polygon","coordinates":[[[143.1473,42.9507],[143.1313,42.9621],[143.13,42.9671],[143.1212,42.9793],[143.1009,43.0001],[143.0949,43.0047],[143.0861,43.0045],[143.0702,43.011],[143.0621,43.0162],[143.0213,43.0348],[143.0242,43.0127],[142.995,43.0105],[143.0012,42.9626],[142.9639,42.9599],[142.9609,42.9573],[142.9753,42.9473],[142.9795,42.9495],[142.9909,42.9413],[142.9955,42.9307],[142.9854,42.9267],[142.9864,42.9224],[142.9682,42.9274],[142.9452,42.9219],[142.9521,42.918],[142.9562,42.9232],[142.9635,42.9229],[142.9509,42.9119],[142.9563,42.9],[142.9489,42.8926],[142.9376,42.8849],[142.9242,42.8817],[142.9238,42.8766],[142.9388,42.8722],[142.9332,42.8648],[142.945,42.8599],[142.9289,42.839],[142.9184,42.8415],[142.9058,42.85],[142.8948,42.8444],[142.8717,42.8497],[142.8519,42.8505],[142.8355,42.8568],[142.8289,42.865],[142.8141,42.8673],[142.8074,42.8744],[142.7854,42.8688],[142.7878,42.8632],[142.7805,42.8593],[142.7722,42.851],[142.7567,42.8517],[142.7437,42.8471],[142.7321,42.8357],[142.7293,42.8194],[142.7202,42.8043],[142.7216,42.7918],[142.7164,42.7836],[142.7198,42.7757],[142.727,42.7731],[142.7442,42.7708],[142.7575,42.7721],[142.767,42.776],[142.7804,42.7639],[142.8141,42.7652],[142.8169,42.7612],[142.8314,42.7599],[142.8379,42.7563],[142.8535,42.7569],[142.8867,42.7523],[142.8943,42.7543],[142.8979,42.7504],[142.8971,42.7402],[142.9217,42.7246],[142.9361,42.7221],[142.9908,42.7707],[142.9963,42.7793],[143.0078,42.7805],[143.022,42.7863],[143.0353,42.7878],[143.0383,42.7922],[143.0596,42.8005],[143.0747,42.8103],[143.0864,42.8216],[143.092,42.8306],[143.12,42.8561],[143.1475,42.8926],[143.1466,42.8976],[143.1132,42.8953],[143.1088,42.9295],[143.1162,42.9379],[143.1145,42.943],[143.1272,42.9475],[143.1304,42.9528],[143.1473,42.9507]]]}},{"type":"Feature","id":"Nakasatsunai","properties":{"id":"Nakasatsunai","code":1638,"name":"Nakasatsunai","name_full":"中札内村","name_ja":"中札内村","name_short_ja":"中札内","center_lonlat":[143.0862,42.6394]},"geometry":{"type":"Polygon","coordinates":[[[142.7641,42.6839],[142.7544,42.6708],[142.7518,42.6638],[142.756,42.6573],[142.755,42.6449],[142.7622,42.6385],[142.7679,42.6367],[142.7711,42.6216],[142.7887,42.6199],[142.796,42.6129],[142.8006,42.5963],[142.8102,42.5882],[142.8117,42.5776],[142.817,42.5728],[142.8251,42.5704],[142.8423,42.5739],[142.849,42.5781],[142.8659,42.5769],[142.879,42.5693],[142.8934,42.5673],[142.9102,42.5686],[142.9171,42.5618],[142.927,42.5606],[142.9375,42.5695],[142.9421,42.5758],[142.9515,42.5791],[142.959,42.575],[142.9709,42.5778],[142.978,42.5823],[142.9845,42.5802],[143.0036,42.5782],[143.0079,42.5842],[143.0227,42.5908],[143.027,42.5872],[143.0405,42.5883],[143.0558,42.5941],[143.0703,42.5944],[143.0911,42.5998],[143.0986,42.5931],[143.1111,42.6008],[143.1058,42.607],[143.1289,42.621],[143.1227,42.6267],[143.1385,42.6362],[143.1632,42.6652],[143.1833,42.6963],[143.191,42.6995],[143.1894,42.7047],[143.1969,42.7245],[143.1587,42.7326],[143.1496,42.7312],[143.1397,42.721],[143.1193,42.73],[143.1158,42.7256],[143.1024,42.7313],[143.0981,42.7217],[143.0822,42.7112],[143.0786,42.7053],[143.0726,42.7019],[143.0736,42.6973],[143.082,42.6935],[143.0553,42.6602],[143.0452,42.6554],[143.0397,42.6463],[143.0314,42.6465],[143.0312,42.6373],[143.0207,42.6338],[143.0115,42.6356],[143.0073,42.6308],[143.0,42.6307],[142.9912,42.6255],[142.9748,42.6245],[142.9621,42.6191],[142.9537,42.6227],[142.9327,42.6222],[142.9194,42.6269],[142.9008,42.6149],[142.8905,42.6215],[142.889,42.6259],[142.8788,42.6318],[142.8704,42.6323],[142.8679,42.6365],[142.8595,42.6411],[142.8646,42.6543],[142.8625,42.6578],[142.8659,42.6686],[142.8637,42.6746],[142.8705,42.6835],[142.8576,42.6952],[142.8488,42.6911],[142.8395,42.6912],[142.8279,42.687],[142.8196,42.6918],[142.8111,42.691],[142.7927,42.694],[142.7793,42.6902],[142.7641,42.6839]]]}},{"type":"Feature","id":"Sarabetsu","properties":{"id":"Sarabetsu","code":1639,"name":"Sarabetsu","name_full":"更別村","name_ja":"更別村","name_short_ja":"更別","center_lonlat":[143.2041,42.6315]},"geometry":{"type":"Polygon","coordinates":[[[143.191,42.6995],[143.1833,42.6963],[143.1632,42.6652],[143.1385,42.6362],[143.1227,42.6267],[143.1289,42.621],[143.1058,42.607],[143.1111,42.6008],[143.0986,42.5931],[143.0911,42.5998],[143.0703,42.5944],[143.0558,42.5941],[143.0405,42.5883],[143.0561,42.5787],[143.0612,42.5802],[143.0861,42.5784],[143.0978,42.5812],[143.1165,42.5744],[143.1249,42.5765],[143.1432,42.5774],[143.1542,42.575],[143.2055,42.5738],[143.2224,42.5707],[143.2295,42.5701],[143.2562,42.5796],[143.2736,42.5886],[143.2883,42.5934],[143.2953,42.5926],[143.3042,42.6258],[143.3023,42.6309],[143.2693,42.6342],[143.2614,42.642],[143.2772,42.6881],[143.2796,42.7083],[143.2847,42.7186],[143.2484,42.7256],[143.2401,42.7018],[143.2076,42.7078],[143.2076,42.7023],[143.191,42.6995]]]}},{"type":"Feature","id":"Taiki","properties":{"id":"Taiki","code":1641,"name":"Taiki","name_full":"大樹町","name_ja":"大樹町","name_short_ja":"大樹","center_lonlat":[143.1675,42.5114]},"geometry":{"type":"Polygon","coordinates":[[[142.9998,42.3715],[143.0165,42.3893],[143.0325,42.3982],[143.0313,42.4111],[143.0367,42.4182],[143.0431,42.4176],[143.0511,42.4231],[143.064,42.428],[143.0714,42.4281],[143.0765,42.423],[143.0853,42.4244],[143.1006,42.4206],[143.1061,42.4237],[143.1144,42.4231],[143.123,42.419],[143.1349,42.4198],[143.1416,42.4236],[143.1477,42.4227],[143.1539,42.429],[143.1671,42.4293],[143.1715,42.4317],[143.193,42.4316],[143.1974,42.4388],[143.2068,42.4424],[143.2241,42.4413],[143.2473,42.4461],[143.2548,42.4433],[143.2627,42.4461],[143.2708,42.4429],[143.2832,42.4467],[143.3071,42.4459],[143.3094,42.4423],[143.3198,42.4392],[143.3271,42.4411],[143.3303,42.4368],[143.3495,42.4307],[143.3567,42.4337],[143.3675,42.4306],[143.3693,42.4251],[143.3858,42.4198],[143.3887,42.4152],[143.3994,42.4315],[143.4328,42.4737],[143.4325,42.4759],[143.4441,42.4895],[143.4944,42.5413],[143.5242,42.5735],[143.5181,42.5765],[143.5221,42.5825],[143.5154,42.5912],[143.5206,42.5999],[143.5109,42.5979],[143.504,42.6013],[143.4943,42.6111],[143.4979,42.615],[143.4794,42.6218],[143.4796,42.6284],[143.4841,42.6346],[143.4746,42.6394],[143.4678,42.6325],[143.4525,42.6443],[143.4446,42.6476],[143.4388,42.6573],[143.439,42.6661],[143.4333,42.6647],[143.4256,42.6714],[143.4136,42.677],[143.4059,42.6722],[143.3969,42.6613],[143.3885,42.6583],[143.3908,42.6491],[143.373,42.6501],[143.3693,42.6452],[143.3641,42.6376],[143.3701,42.6312],[143.3712,42.6252],[143.3633,42.6101],[143.371,42.6015],[143.3703,42.594],[143.3869,42.5889],[143.3949,42.5933],[143.4033,42.5899],[143.4122,42.5765],[143.4098,42.5707],[143.412,42.5617],[143.4173,42.5561],[143.4282,42.551],[143.4287,42.5482],[143.4438,42.5343],[143.4495,42.5331],[143.4526,42.5276],[143.406,42.5172],[143.4058,42.5153],[143.378,42.5093],[143.3694,42.5303],[143.3632,42.529],[143.3569,42.5339],[143.3387,42.541],[143.2991,42.5284],[143.2635,42.5423],[143.262,42.5402],[143.2439,42.5474],[143.2423,42.5449],[143.2238,42.5522],[143.2302,42.561],[143.2186,42.5656],[143.2224,42.5707],[143.2055,42.5738],[143.1542,42.575],[143.1432,42.5774],[143.1249,42.5765],[143.1165,42.5744],[143.0978,42.5812],[143.0861,42.5784],[143.0612,42.5802],[143.0561,42.5787],[143.0405,42.5883],[143.027,42.5872],[143.0227,42.5908],[143.0079,42.5842],[143.0036,42.5782],[142.9845,42.5802],[142.978,42.5823],[142.9709,42.5778],[142.959,42.575],[142.9515,42.5791],[142.9421,42.5758],[142.9375,42.5695],[142.927,42.5606],[142.9171,42.5618],[142.9102,42.5686],[142.8934,42.5673],[142.879,42.5693],[142.8659,42.5769],[142.849,42.5781],[142.8423,42.5739],[142.8251,42.5704],[142.8275,42.5635],[142.8282,42.5488],[142.845,42.5447],[142.8532,42.5452],[142.8638,42.5416],[142.8617,42.5233],[142.8568,42.5201],[142.8561,42.5134],[142.8648,42.5075],[142.8712,42.4991],[142.8853,42.4975],[142.891,42.4886],[142.8898,42.4814],[142.8853,42.4764],[142.8821,42.4663],[142.8885,42.4543],[142.8987,42.4492],[142.9041,42.4318],[142.9115,42.4314],[142.9247,42.4343],[142.9312,42.4296],[142.9469,42.4275],[142.9501,42.4147],[142.9572,42.411],[142.9668,42.4022],[142.9702,42.3916],[142.9813,42.3837],[142.9899,42.3736],[142.9998,42.3715]]]}},{"type":"Feature","id":"Hiro","properties":{"id":"Hiro","code":1642,"name":"Hiro","name_full":"広尾町","name_ja":"広尾町","name_short_ja":"広尾","center_lonlat":[143.2101,42.3278]},"geometry":{"type":"Polygon","coordinates":[[[143.117,42.2602],[143.1325,42.2584],[143.1488,42.2521],[143.1476,42.2406],[143.1607,42.2262],[143.1656,42.2232],[143.1787,42.2236],[143.1861,42.219],[143.1867,42.211],[143.1919,42.1994],[143.1992,42.191],[143.2061,42.1888],[143.2204,42.1784],[143.2301,42.1826],[143.2402,42.1815],[143.2497,42.176],[143.2535,42.1685],[143.266,42.1688],[143.2665,42.1628],[143.2985,42.1674],[143.3047,42.1625],[143.3241,42.16],[143.3331,42.1746],[143.3358,42.1896],[143.333,42.1919],[143.3359,42.2018],[143.3241,42.2067],[143.319,42.2126],[143.3208,42.2234],[143.3157,42.2272],[143.3147,42.236],[143.3082,42.2435],[143.3101,42.2611],[143.3213,42.2841],[143.3208,42.2976],[143.327,42.2954],[143.3326,42.3026],[143.3264,42.305],[143.3265,42.3134],[143.3442,42.3447],[143.351,42.353],[143.3563,42.3661],[143.3887,42.4152],[143.3858,42.4198],[143.3693,42.4251],[143.3675,42.4306],[143.3567,42.4337],[143.3495,42.4307],[143.3303,42.4368],[143.3271,42.4411],[143.3198,42.4392],[143.3094,42.4423],[143.3071,42.4459],[143.2832,42.4467],[143.2708,42.4429],[143.2627,42.4461],[143.2548,42.4433],[143.2473,42.4461],[143.2241,42.4413],[143.2068,42.4424],[143.1974,42.4388],[143.193,42.4316],[143.1715,42.4317],[143.1671,42.4293],[143.1539,42.429],[143.1477,42.4227],[143.1416,42.4236],[143.1349,42.4198],[143.123,42.419],[143.1144,42.4231],[143.1061,42.4237],[143.1006,42.4206],[143.0853,42.4244],[143.0765,42.423],[143.0714,42.4281],[143.064,42.428],[143.0511,42.4231],[143.0431,42.4176],[143.0367,42.4182],[143.0313,42.4111],[143.0325,42.3982],[143.0165,42.3893],[142.9998,42.3715],[143.0062,42.3624],[143.0101,42.353],[143.025,42.3473],[143.0277,42.339],[143.039,42.3293],[143.0476,42.3292],[143.0546,42.3137],[143.0656,42.3052],[143.0752,42.3014],[143.0774,42.2908],[143.0887,42.2878],[143.1065,42.2856],[143.1124,42.2798],[143.1112,42.2726],[143.117,42.2602]]]}},{"type":"Feature","id":"Makubetsu","properties":{"id":"Makubetsu","code":1643,"name":"Makubetsu","name_full":"幕別町","name_ja":"幕別町","name_short_ja":"幕別","center_lonlat":[143.3176,42.7493]},"geometry":{"type":"Polygon","coordinates":[[[143.2484,42.7256],[143.2847,42.7186],[143.2796,42.7083],[143.2772,42.6881],[143.2614,42.642],[143.2693,42.6342],[143.3023,42.6309],[143.3042,42.6258],[143.2953,42.5926],[143.2883,42.5934],[143.2736,42.5886],[143.2562,42.5796],[143.2295,42.5701],[143.2224,42.5707],[143.2186,42.5656],[143.2302,42.561],[143.2238,42.5522],[143.2423,42.5449],[143.2439,42.5474],[143.262,42.5402],[143.2635,42.5423],[143.2991,42.5284],[143.3387,42.541],[143.3569,42.5339],[143.3632,42.529],[143.3694,42.5303],[143.378,42.5093],[143.4058,42.5153],[143.406,42.5172],[143.4526,42.5276],[143.4495,42.5331],[143.4438,42.5343],[143.4287,42.5482],[143.4282,42.551],[143.4173,42.5561],[143.412,42.5617],[143.4098,42.5707],[143.4122,42.5765],[143.4033,42.5899],[143.3949,42.5933],[143.3869,42.5889],[143.3703,42.594],[143.371,42.6015],[143.3633,42.6101],[143.3712,42.6252],[143.3701,42.6312],[143.3641,42.6376],[143.3693,42.6452],[143.3613,42.6525],[143.352,42.6571],[143.3377,42.6569],[143.3386,42.6658],[143.3307,42.678],[143.3317,42.6837],[143.3281,42.6915],[143.334,42.7018],[143.3309,42.7066],[143.3367,42.7212],[143.3497,42.737],[143.351,42.7817],[143.3965,42.8173],[143.3895,42.8702],[143.4434,42.8738],[143.4259,42.8978],[143.4095,42.9115],[143.39,42.9205],[143.3791,42.9302],[143.3807,42.9379],[143.3744,42.9429],[143.3638,42.9408],[143.3404,42.9412],[143.3209,42.9363],[143.3144,42.9323],[143.3142,42.9267],[143.3058,42.9249],[143.2931,42.9325],[143.2832,42.9358],[143.2729,42.9339],[143.2523,42.9324],[143.247,42.9343],[143.2392,42.9323],[143.2304,42.9246],[143.2297,42.9135],[143.2141,42.8957],[143.2258,42.8899],[143.2241,42.8842],[143.2257,42.8717],[143.2195,42.8549],[143.2128,42.8445],[143.2185,42.8421],[143.2033,42.8199],[143.2286,42.8117],[143.2215,42.7996],[143.2461,42.7917],[143.2334,42.7698],[143.2683,42.7632],[143.2581,42.7339],[143.2518,42.7352],[143.2484,42.7256]]]}},{"type":"Feature","id":"Ikeda","properties":{"id":"Ikeda","code":1644,"name":"Ikeda","name_full":"池田町","name_ja":"池田町","name_short_ja":"池田","center_lonlat":[143.4639,42.9892]},"geometry":{"type":"Polygon","coordinates":[[[143.3209,42.9363],[143.3404,42.9412],[143.3638,42.9408],[143.3744,42.9429],[143.3807,42.9379],[143.3791,42.9302],[143.39,42.9205],[143.4095,42.9115],[143.4259,42.8978],[143.4434,42.8738],[143.4803,42.8764],[143.49,42.8762],[143.5134,42.8813],[143.551,42.894],[143.5502,42.9002],[143.56,42.9091],[143.5682,42.9114],[143.5729,42.9244],[143.5783,42.9276],[143.5771,42.9457],[143.5699,42.948],[143.5649,42.9618],[143.5761,42.972],[143.5829,42.9754],[143.5821,42.9824],[143.5765,42.9879],[143.5752,42.9988],[143.5791,43.0088],[143.5854,43.0167],[143.591,43.0275],[143.5905,43.0325],[143.5822,43.0357],[143.5813,43.0401],[143.5651,43.0493],[143.5625,43.0634],[143.5582,43.0676],[143.5599,43.0741],[143.5575,43.076],[143.5107,43.0567],[143.4808,43.0738],[143.4696,43.0782],[143.4548,43.0925],[143.4486,43.1008],[143.4438,43.1],[143.4158,43.1154],[143.3869,43.0858],[143.3566,43.0814],[143.3501,43.0778],[143.3442,43.0793],[143.3409,43.0702],[143.3419,43.0575],[143.3457,43.0565],[143.3573,43.0343],[143.3537,43.0262],[143.3596,43.0229],[143.3753,42.9914],[143.3678,42.9814],[143.3705,42.9775],[143.3671,42.9699],[143.342,42.965],[143.3366,42.968],[143.3256,42.9633],[143.3254,42.9536],[143.32,42.9488],[143.3232,42.9438],[143.3209,42.9363]]]}},{"type":"Feature","id":"Toyokoro","properties":{"id":"Toyokoro","code":1645,"name":"Toyokoro","name_full":"豊頃町","name_ja":"豊頃町","name_short_ja":"豊頃","center_lonlat":[143.4864,42.7417]},"geometry":{"type":"Polygon","coordinates":[[[143.5242,42.5735],[143.5776,42.6242],[143.6002,42.6438],[143.6317,42.6699],[143.6417,42.6757],[143.6506,42.6836],[143.6721,42.6985],[143.6908,42.713],[143.6723,42.7046],[143.6676,42.7069],[143.6563,42.7071],[143.6475,42.7023],[143.6426,42.7046],[143.6282,42.7033],[143.6243,42.6983],[143.6099,42.6988],[143.6061,42.701],[143.5974,42.7151],[143.6047,42.723],[143.593,42.7277],[143.5941,42.74],[143.5883,42.7492],[143.5957,42.8028],[143.5838,42.8061],[143.577,42.8131],[143.5804,42.82],[143.5701,42.8255],[143.5694,42.8313],[143.5589,42.8472],[143.5647,42.8567],[143.572,42.8566],[143.5854,42.8686],[143.5755,42.8719],[143.5721,42.8778],[143.5643,42.8836],[143.5508,42.8895],[143.551,42.894],[143.5134,42.8813],[143.49,42.8762],[143.4803,42.8764],[143.4434,42.8738],[143.3895,42.8702],[143.3965,42.8173],[143.351,42.7817],[143.3497,42.737],[143.3367,42.7212],[143.3309,42.7066],[143.334,42.7018],[143.3281,42.6915],[143.3317,42.6837],[143.3307,42.678],[143.3386,42.6658],[143.3377,42.6569],[143.352,42.6571],[143.3613,42.6525],[143.3693,42.6452],[143.373,42.6501],[143.3908,42.6491],[143.3885,42.6583],[143.3969,42.6613],[143.4059,42.6722],[143.4136,42.677],[143.4256,42.6714],[143.4333,42.6647],[143.439,42.6661],[143.4388,42.6573],[143.4446,42.6476],[143.4525,42.6443],[143.4678,42.6325],[143.4746,42.6394],[143.4841,42.6346],[143.4796,42.6284],[143.4794,42.6218],[143.4979,42.615],[143.4943,42.6111],[143.504,42.6013],[143.5109,42.5979],[143.5206,42.5999],[143.5154,42.5912],[143.5221,42.5825],[143.5181,42.5765],[143.5242,42.5735]]]}},{"type":"Feature","id":"Honbetsu","properties":{"id":"Honbetsu","code":1646,"name":"Honbetsu","name_full":"本別町","name_ja":"本別町","name_short_ja":"本別","center_lonlat":[143.5532,43.1631]},"geometry":{"type":"Polygon","coordinates":[[[143.4158,43.1154],[143.4438,43.1],[143.4486,43.1008],[143.4548,43.0925],[143.4696,43.0782],[143.4808,43.0738],[143.5107,43.0567],[143.5575,43.076],[143.5599,43.0741],[143.5684,43.081],[143.566,43.0854],[143.5733,43.0899],[143.5894,43.0906],[143.5995,43.0951],[143.6021,43.1033],[143.6101,43.1038],[143.6153,43.1104],[143.6221,43.1135],[143.6337,43.1151],[143.6509,43.1246],[143.6619,43.133],[143.6754,43.1347],[143.6771,43.139],[143.7015,43.1521],[143.7193,43.1529],[143.7271,43.1591],[143.7433,43.1644],[143.7539,43.1615],[143.7678,43.1631],[143.7726,43.1678],[143.782,43.1676],[143.7828,43.1728],[143.7771,43.1775],[143.777,43.1866],[143.7899,43.1931],[143.7927,43.2036],[143.7821,43.2043],[143.7735,43.2113],[143.7551,43.2093],[143.7404,43.2091],[143.7344,43.2039],[143.7251,43.1999],[143.7034,43.2085],[143.6965,43.2191],[143.6862,43.2205],[143.6665,43.2311],[143.6596,43.2396],[143.5808,43.2026],[143.5807,43.1937],[143.5712,43.1907],[143.5644,43.2018],[143.5632,43.2074],[143.5574,43.2113],[143.5465,43.2252],[143.5342,43.2327],[143.5166,43.2295],[143.5024,43.236],[143.4896,43.2355],[143.477,43.2401],[143.411,43.2446],[143.4031,43.2331],[143.4004,43.2197],[143.4059,43.2127],[143.3948,43.2075],[143.3987,43.1991],[143.3919,43.1876],[143.3886,43.178],[143.3902,43.1418],[143.4027,43.1295],[143.4056,43.1194],[143.4158,43.1154]]]}},{"type":"Feature","id":"Ashoro","properties":{"id":"Ashoro","code":1647,"name":"Ashoro","name_full":"足寄町","name_ja":"足寄町","name_short_ja":"足寄","center_lonlat":[143.587,43.3748]},"geometry":{"type":"Polygon","coordinates":[[[143.9988,43.4649],[143.9772,43.4717],[143.9597,43.4728],[143.9553,43.476],[143.9577,43.4827],[143.9496,43.4859],[143.9383,43.4846],[143.9352,43.4819],[143.9241,43.4817],[143.9136,43.4786],[143.8871,43.4755],[143.8809,43.4786],[143.8621,43.4803],[143.8597,43.4853],[143.8488,43.4912],[143.8319,43.4957],[143.825,43.4915],[143.8349,43.4785],[143.8168,43.4704],[143.8263,43.4604],[143.8241,43.4531],[143.8115,43.446],[143.8096,43.4367],[143.8015,43.426],[143.8089,43.4177],[143.8009,43.4066],[143.7941,43.4015],[143.7886,43.4027],[143.7875,43.3926],[143.7727,43.3849],[143.7655,43.385],[143.7591,43.3805],[143.7559,43.3741],[143.7478,43.3748],[143.7476,43.3642],[143.7265,43.3615],[143.7138,43.3487],[143.6965,43.3457],[143.6804,43.3488],[143.6756,43.3624],[143.6622,43.3612],[143.6577,43.3683],[143.6611,43.3766],[143.6659,43.3779],[143.6699,43.3865],[143.6794,43.3856],[143.6851,43.3922],[143.6969,43.3962],[143.7024,43.3934],[143.7088,43.4096],[143.7073,43.4158],[143.7184,43.4173],[143.7244,43.4243],[143.7234,43.4297],[143.7348,43.4396],[143.7284,43.4438],[143.724,43.4403],[143.7141,43.4469],[143.7091,43.4429],[143.7024,43.4447],[143.6921,43.4384],[143.6822,43.4369],[143.6722,43.4391],[143.6557,43.4542],[143.6458,43.4595],[143.6267,43.4654],[143.6088,43.4682],[143.5989,43.4601],[143.593,43.4609],[143.5807,43.4496],[143.5458,43.4602],[143.4563,43.4477],[143.4637,43.5082],[143.443,43.5155],[143.4355,43.5218],[143.4243,43.5256],[143.4194,43.5333],[143.415,43.5341],[143.409,43.5411],[143.3994,43.5467],[143.3907,43.5444],[143.3853,43.5488],[143.374,43.5522],[143.3625,43.5501],[143.3569,43.5465],[143.3439,43.5517],[143.3392,43.5501],[143.3343,43.5572],[143.3144,43.5469],[143.298,43.5469],[143.2878,43.551],[143.2693,43.554],[143.2616,43.5593],[143.2538,43.5558],[143.2355,43.5512],[143.2267,43.5337],[143.2325,43.5186],[143.2315,43.5134],[143.2387,43.5003],[143.2284,43.4944],[143.2244,43.4887],[143.2157,43.4685],[143.2187,43.4596],[143.2112,43.4492],[143.2224,43.442],[143.2366,43.4288],[143.2314,43.4231],[143.2441,43.409],[143.2436,43.3973],[143.2383,43.3923],[143.2395,43.3855],[143.247,43.3865],[143.2509,43.3768],[143.2593,43.3767],[143.2695,43.3724],[143.2806,43.3726],[143.2854,43.3664],[143.2868,43.3574],[143.2915,43.3511],[143.308,43.3435],[143.3188,43.3316],[143.3184,43.324],[143.3112,43.3207],[143.3128,43.314],[143.3819,43.3061],[143.3969,43.2993],[143.3999,43.2944],[143.4121,43.2881],[143.4022,43.2451],[143.411,43.2446],[143.477,43.2401],[143.4896,43.2355],[143.5024,43.236],[143.5166,43.2295],[143.5342,43.2327],[143.5465,43.2252],[143.5574,43.2113],[143.5632,43.2074],[143.5644,43.2018],[143.5712,43.1907],[143.5807,43.1937],[143.5808,43.2026],[143.6596,43.2396],[143.6665,43.2311],[143.6862,43.2205],[143.6965,43.2191],[143.7034,43.2085],[143.7251,43.1999],[143.7344,43.2039],[143.7404,43.2091],[143.7551,43.2093],[143.7735,43.2113],[143.7821,43.2043],[143.7927,43.2036],[143.7972,43.2074],[143.7966,43.2126],[143.7899,43.2167],[143.7937,43.2299],[143.7997,43.231],[143.8023,43.2488],[143.8115,43.247],[143.8122,43.2536],[143.8201,43.2606],[143.8273,43.2623],[143.8246,43.2852],[143.8259,43.2912],[143.8459,43.2848],[143.8634,43.3022],[143.8718,43.3075],[143.8805,43.3064],[143.8897,43.3153],[143.8979,43.3178],[143.896,43.3244],[143.9064,43.3289],[143.9121,43.3357],[143.9182,43.3343],[143.921,43.3404],[143.9331,43.3376],[143.9376,43.344],[143.9514,43.3505],[143.9524,43.3581],[143.9605,43.3564],[143.9661,43.3617],[143.9768,43.365],[143.9838,43.3649],[143.9888,43.3694],[143.9959,43.3703],[144.0081,43.3752],[144.0103,43.3815],[144.027,43.3919],[144.0222,43.3958],[144.0293,43.4119],[144.0298,43.4198],[144.0259,43.4285],[144.0167,43.4275],[144.0043,43.4351],[144.0005,43.4429],[144.0051,43.4489],[143.9988,43.4649]]]}},{"type":"Feature","id":"Rikubetsu","properties":{"id":"Rikubetsu","code":1648,"name":"Rikubetsu","name_full":"陸別町","name_ja":"陸別町","name_short_ja":"陸別","center_lonlat":[143.6875,43.5122]},"geometry":{"type":"Polygon","coordinates":[[[143.7746,43.6229],[143.7593,43.6165],[143.7403,43.6192],[143.7377,43.6354],[143.7296,43.6364],[143.7228,43.6405],[143.711,43.6353],[143.6964,43.6395],[143.6927,43.6341],[143.6859,43.6317],[143.6804,43.6259],[143.674,43.6283],[143.6583,43.6269],[143.6556,43.6337],[143.6395,43.6398],[143.6257,43.6377],[143.632,43.6225],[143.6186,43.6123],[143.6173,43.606],[143.6033,43.603],[143.5917,43.6038],[143.5744,43.5975],[143.5708,43.5948],[143.5442,43.5985],[143.5334,43.5881],[143.5276,43.572],[143.5291,43.5645],[143.5195,43.554],[143.5155,43.5465],[143.5027,43.5474],[143.4893,43.5408],[143.4826,43.5327],[143.4723,43.5293],[143.471,43.5214],[143.4637,43.5082],[143.4563,43.4477],[143.5458,43.4602],[143.5807,43.4496],[143.593,43.4609],[143.5989,43.4601],[143.6088,43.4682],[143.6267,43.4654],[143.6458,43.4595],[143.6557,43.4542],[143.6722,43.4391],[143.6822,43.4369],[143.6921,43.4384],[143.7024,43.4447],[143.7091,43.4429],[143.7141,43.4469],[143.724,43.4403],[143.7284,43.4438],[143.7348,43.4396],[143.7234,43.4297],[143.7244,43.4243],[143.7184,43.4173],[143.7073,43.4158],[143.7088,43.4096],[143.7024,43.3934],[143.6969,43.3962],[143.6851,43.3922],[143.6794,43.3856],[143.6699,43.3865],[143.6659,43.3779],[143.6611,43.3766],[143.6577,43.3683],[143.6622,43.3612],[143.6756,43.3624],[143.6804,43.3488],[143.6965,43.3457],[143.7138,43.3487],[143.7265,43.3615],[143.7476,43.3642],[143.7478,43.3748],[143.7559,43.3741],[143.7591,43.3805],[143.7655,43.385],[143.7727,43.3849],[143.7875,43.3926],[143.7886,43.4027],[143.7941,43.4015],[143.8009,43.4066],[143.8089,43.4177],[143.8015,43.426],[143.8096,43.4367],[143.8115,43.446],[143.8241,43.4531],[143.8263,43.4604],[143.8168,43.4704],[143.8349,43.4785],[143.825,43.4915],[143.8319,43.4957],[143.8488,43.4912],[143.8597,43.4853],[143.8621,43.4803],[143.8809,43.4786],[143.8871,43.4755],[143.9136,43.4786],[143.9241,43.4817],[143.9352,43.4819],[143.9383,43.4846],[143.9496,43.4859],[143.9403,43.4899],[143.9439,43.4993],[143.9402,43.5026],[143.9294,43.5034],[143.9307,43.5113],[143.9277,43.5195],[143.9152,43.5221],[143.9091,43.5269],[143.8971,43.5314],[143.8849,43.5221],[143.8768,43.5233],[143.8767,43.5277],[143.856,43.5381],[143.8453,43.5474],[143.837,43.5497],[143.8329,43.5538],[143.8219,43.5716],[143.8209,43.5787],[143.8044,43.5833],[143.7991,43.5898],[143.7927,43.5905],[143.7879,43.606],[143.7748,43.6162],[143.7746,43.6229]]]}},{"type":"Feature","id":"Urahoro","properties":{"id":"Urahoro","code":1649,"name":"Urahoro","name_full":"浦幌町","name_ja":"浦幌町","name_short_ja":"浦幌","center_lonlat":[143.6793,42.9153]},"geometry":{"type":"Polygon","coordinates":[[[143.7547,43.1204],[143.7604,43.1281],[143.7681,43.1319],[143.7705,43.1442],[143.7746,43.1543],[143.7673,43.1591],[143.7678,43.1631],[143.7539,43.1615],[143.7433,43.1644],[143.7271,43.1591],[143.7193,43.1529],[143.7015,43.1521],[143.6771,43.139],[143.6754,43.1347],[143.6619,43.133],[143.6509,43.1246],[143.6337,43.1151],[143.6221,43.1135],[143.6153,43.1104],[143.6101,43.1038],[143.6021,43.1033],[143.5995,43.0951],[143.5894,43.0906],[143.5733,43.0899],[143.566,43.0854],[143.5684,43.081],[143.5599,43.0741],[143.5582,43.0676],[143.5625,43.0634],[143.5651,43.0493],[143.5813,43.0401],[143.5822,43.0357],[143.5905,43.0325],[143.591,43.0275],[143.5854,43.0167],[143.5791,43.0088],[143.5752,42.9988],[143.5765,42.9879],[143.5821,42.9824],[143.5829,42.9754],[143.5761,42.972],[143.5649,42.9618],[143.5699,42.948],[143.5771,42.9457],[143.5783,42.9276],[143.5729,42.9244],[143.5682,42.9114],[143.56,42.9091],[143.5502,42.9002],[143.551,42.894],[143.5508,42.8895],[143.5643,42.8836],[143.5721,42.8778],[143.5755,42.8719],[143.5854,42.8686],[143.572,42.8566],[143.5647,42.8567],[143.5589,42.8472],[143.5694,42.8313],[143.5701,42.8255],[143.5804,42.82],[143.577,42.8131],[143.5838,42.8061],[143.5957,42.8028],[143.5883,42.7492],[143.5941,42.74],[143.593,42.7277],[143.6047,42.723],[143.5974,42.7151],[143.6061,42.701],[143.6099,42.6988],[143.6243,42.6983],[143.6282,42.7033],[143.6426,42.7046],[143.6475,42.7023],[143.6563,42.7071],[143.6676,42.7069],[143.6723,42.7046],[143.6908,42.713],[143.7149,42.7299],[143.7368,42.7465],[143.7604,42.7626],[143.7644,42.7632],[143.7752,42.7737],[143.796,42.7886],[143.803,42.7921],[143.8198,42.804],[143.8231,42.8082],[143.849,42.8285],[143.8693,42.8423],[143.8551,42.8509],[143.8491,42.8521],[143.8384,42.8633],[143.8272,42.8689],[143.8196,42.8754],[143.8075,42.8789],[143.7885,42.8916],[143.7772,42.8962],[143.7825,42.9027],[143.7713,42.9131],[143.7711,42.9223],[143.7645,42.9292],[143.7665,42.9372],[143.762,42.9428],[143.7664,42.9492],[143.7666,42.9601],[143.7506,42.9708],[143.7509,42.9776],[143.7448,42.981],[143.7337,42.9915],[143.724,42.9959],[143.7162,42.9901],[143.7031,43.0035],[143.7036,43.0117],[143.707,43.0201],[143.7065,43.0266],[143.7105,43.0325],[143.7105,43.0429],[143.72,43.0534],[143.7256,43.057],[143.7403,43.0593],[143.7442,43.0671],[143.7427,43.0732],[143.7502,43.0759],[143.7558,43.0831],[143.7543,43.1106],[143.7547,43.1204]]]}},{"type":"Feature","id":"Kushiro (01661)","properties":{"id":"Kushiro (01661)","code":1661,"name":"Kushiro (01661)","name_full":"釧路町","name_ja":"釧路町","name_short_ja":"釧路","center_lonlat":[144.5346,43.0166]},"geometry":{"type":"Polygon","coordinates":[[[144.4857,42.9394],[144.499,42.9416],[144.514,42.9482],[144.5293,42.9512],[144.5515,42.9468],[144.5641,42.9499],[144.5748,42.9505],[144.5947,42.949],[144.608,42.9509],[144.6296,42.9513],[144.6403,42.9458],[144.6547,42.9466],[144.6652,42.9448],[144.675,42.9389],[144.6942,42.9382],[144.7284,42.9341],[144.7574,42.9333],[144.7815,42.9341],[144.7857,42.9364],[144.7566,42.9541],[144.7478,42.9556],[144.7375,42.9685],[144.7281,42.9714],[144.722,42.9786],[144.7232,42.987],[144.7304,43.0011],[144.7147,42.9984],[144.7162,42.9907],[144.6905,42.9869],[144.647,42.9765],[144.621,42.9783],[144.5822,42.9828],[144.5718,42.9936],[144.5698,42.9986],[144.5749,43.0013],[144.5768,43.0189],[144.5704,43.0251],[144.5657,43.0261],[144.5568,43.0221],[144.5501,43.0337],[144.5586,43.043],[144.5582,43.0543],[144.5506,43.059],[144.5496,43.0705],[144.5446,43.0792],[144.5442,43.09],[144.5403,43.0948],[144.5424,43.1022],[144.5333,43.1005],[144.5245,43.1135],[144.5164,43.1112],[144.4975,43.1177],[144.4679,43.1159],[144.4649,43.117],[144.4024,43.1092],[144.398,43.1018],[144.4037,43.0921],[144.3975,43.0825],[144.3992,43.0726],[144.404,43.0668],[144.415,43.0613],[144.4177,43.0523],[144.4265,43.0467],[144.4195,43.0443],[144.4227,43.0365],[144.4199,43.0233],[144.3976,43.0089],[144.3986,43.0027],[144.4043,42.9968],[144.4163,43.0016],[144.4232,42.9968],[144.441,42.995],[144.4388,42.99],[144.4476,42.9826],[144.4546,42.9802],[144.4704,42.9713],[144.4807,42.9628],[144.4803,42.9559],[144.4851,42.9499],[144.4857,42.9394]]]}},{"type":"Feature","id":"Akkeshi","properties":{"id":"Akkeshi","code":1662,"name":"Akkeshi","name_full":"厚岸町","name_ja":"厚岸町","name_short_ja":"厚岸","center_lonlat":[144.8081,43.1238]},"geometry":{"type":"MultiPolygon","coordinates":[[[[144.7304,43.0011],[144.746,43.0239],[144.7626,43.0366],[144.7771,43.0511],[144.7852,43.0555],[144.8027,43.0589],[144.8177,43.0591],[144.829,43.0576],[144.8543,43.0487],[144.8361,43.0339],[144.8384,43.0241],[144.8336,43.0155],[144.8486,43.0146],[144.8591,43.0056],[144.8563,43.0004],[144.8689,42.9969],[144.8747,42.9928],[144.8758,42.9863],[144.8812,42.9846],[144.8991,42.9893],[144.9099,42.9862],[144.9182,42.9862],[144.9264,42.9898],[144.9382,42.9881],[144.9496,42.9826],[144.9553,42.9854],[144.9619,42.9809],[144.9736,42.9815],[144.9817,42.9879],[144.9955,42.9937],[144.9959,43.0096],[144.9921,43.017],[144.9937,43.0237],[144.988,43.0271],[144.9891,43.034],[144.9784,43.04],[144.9742,43.0459],[144.9736,43.0538],[144.9657,43.0597],[144.9732,43.0647],[144.9772,43.0749],[144.9916,43.0784],[144.9925,43.0844],[144.985,43.0951],[144.9845,43.1033],[144.9989,43.1204],[145.0078,43.1243],[144.9926,43.1308],[144.989,43.1348],[144.9781,43.1378],[144.968,43.1435],[144.9504,43.1476],[144.9469,43.1563],[144.9244,43.1697],[144.9461,43.1894],[144.9354,43.1957],[144.9525,43.2111],[144.9259,43.227],[144.9302,43.2308],[144.9124,43.2413],[144.916,43.2447],[144.9108,43.2571],[144.8954,43.2655],[144.8792,43.278],[144.8716,43.2819],[144.8622,43.2771],[144.8468,43.2828],[144.8407,43.2922],[144.8227,43.2984],[144.8121,43.3],[144.7881,43.301],[144.7851,43.3036],[144.768,43.3045],[144.7662,43.3092],[144.7583,43.308],[144.7378,43.3176],[144.7261,43.3174],[144.7222,43.3255],[144.7029,43.3412],[144.696,43.3447],[144.6882,43.3399],[144.681,43.3433],[144.6779,43.3496],[144.6698,43.3515],[144.6671,43.3453],[144.672,43.3318],[144.6714,43.3196],[144.6831,43.3145],[144.6836,43.3049],[144.6927,43.2972],[144.6949,43.2879],[144.7038,43.2881],[144.7279,43.2769],[144.7395,43.2739],[144.7468,43.2687],[144.7508,43.2617],[144.7601,43.2311],[144.7556,43.2225],[144.7506,43.2193],[144.7559,43.2139],[144.7647,43.2132],[144.7697,43.2086],[144.7849,43.2057],[144.802,43.1964],[144.8054,43.1895],[144.8127,43.184],[144.8168,43.1718],[144.8062,43.1702],[144.8038,43.1744],[144.7918,43.1769],[144.7783,43.1857],[144.7523,43.1883],[144.7314,43.177],[144.7322,43.1657],[144.7156,43.1598],[144.7091,43.1604],[144.7058,43.1556],[144.6908,43.1488],[144.6892,43.142],[144.6764,43.1397],[144.6739,43.1456],[144.6779,43.1488],[144.6726,43.1547],[144.6604,43.1506],[144.6648,43.1354],[144.6672,43.1328],[144.6679,43.1207],[144.6713,43.12],[144.6798,43.1095],[144.6795,43.1045],[144.6606,43.1015],[144.642,43.0786],[144.6425,43.0724],[144.6322,43.0587],[144.623,43.0581],[144.6083,43.0515],[144.6008,43.0548],[144.5932,43.0492],[144.5827,43.0368],[144.5704,43.0251],[144.5768,43.0189],[144.5749,43.0013],[144.5698,42.9986],[144.5718,42.9936],[144.5822,42.9828],[144.621,42.9783],[144.647,42.9765],[144.6905,42.9869],[144.7162,42.9907],[144.7147,42.9984],[144.7304,43.0011]]],[[[144.8745,42.9611],[144.8654,42.9522],[144.8731,42.9496],[144.8801,42.9579],[144.8745,42.9611]]]]}},{"type":"Feature","id":"Hamanaka","properties":{"id":"Hamanaka","code":1663,"name":"Hamanaka","name_full":"浜中町","name_ja":"浜中町","name_short_ja":"浜中","center_lonlat":[145.0903,43.1574]},"geometry":{"type":"Polygon","coordinates":[[[145.1956,43.2577],[145.185,43.2566],[145.1796,43.2593],[145.1676,43.2585],[145.1569,43.2521],[145.1497,43.2436],[145.1419,43.2446],[145.1333,43.2373],[145.1231,43.2338],[145.1131,43.2367],[145.1017,43.2357],[145.0991,43.2383],[145.0742,43.2398],[145.066,43.2425],[145.0543,43.2357],[145.0438,43.2322],[145.0348,43.2246],[145.0351,43.2201],[145.0237,43.215],[145.0128,43.2159],[144.996,43.2245],[144.985,43.2338],[144.9722,43.2354],[144.9623,43.2385],[144.9469,43.2485],[144.9371,43.2493],[144.916,43.2447],[144.9124,43.2413],[144.9302,43.2308],[144.9259,43.227],[144.9525,43.2111],[144.9354,43.1957],[144.9461,43.1894],[144.9244,43.1697],[144.9469,43.1563],[144.9504,43.1476],[144.968,43.1435],[144.9781,43.1378],[144.989,43.1348],[144.9926,43.1308],[145.0078,43.1243],[144.9989,43.1204],[144.9845,43.1033],[144.985,43.0951],[144.9925,43.0844],[144.9916,43.0784],[144.9772,43.0749],[144.9732,43.0647],[144.9657,43.0597],[144.9736,43.0538],[144.9742,43.0459],[144.9784,43.04],[144.9891,43.034],[144.988,43.0271],[144.9937,43.0237],[144.9921,43.017],[144.9959,43.0096],[144.9955,42.9937],[145.0005,42.9912],[145.011,42.994],[145.0244,43.0005],[145.0301,43.0104],[145.0236,43.0197],[145.0296,43.0227],[145.0299,43.0281],[145.0387,43.0308],[145.0503,43.0309],[145.06,43.0398],[145.0858,43.0449],[145.0845,43.0536],[145.0893,43.0578],[145.0868,43.0642],[145.0941,43.0741],[145.1049,43.0793],[145.1223,43.0781],[145.1327,43.0689],[145.1492,43.0698],[145.1567,43.0777],[145.159,43.0847],[145.1379,43.0806],[145.134,43.0828],[145.1215,43.0822],[145.1155,43.0843],[145.1111,43.0954],[145.1099,43.1035],[145.1126,43.1189],[145.1222,43.1324],[145.1313,43.1338],[145.1457,43.1447],[145.1692,43.1503],[145.1782,43.1481],[145.1835,43.1396],[145.2017,43.136],[145.2253,43.1419],[145.2311,43.1491],[145.2488,43.1588],[145.2702,43.1648],[145.2841,43.1702],[145.2971,43.1727],[145.3058,43.1716],[145.3163,43.1675],[145.3262,43.1735],[145.3168,43.1874],[145.3137,43.2028],[145.2831,43.2119],[145.2747,43.2182],[145.2677,43.2273],[145.2464,43.2214],[145.2256,43.206],[145.1956,43.2577]]]}},{"type":"Feature","id":"Shibecha","properties":{"id":"Shibecha","code":1664,"name":"Shibecha","name_full":"標茶町","name_ja":"標茶町","name_short_ja":"標茶","center_lonlat":[144.5605,43.2935]},"geometry":{"type":"Polygon","coordinates":[[[144.5704,43.0251],[144.5827,43.0368],[144.5932,43.0492],[144.6008,43.0548],[144.6083,43.0515],[144.623,43.0581],[144.6322,43.0587],[144.6425,43.0724],[144.642,43.0786],[144.6606,43.1015],[144.6795,43.1045],[144.6798,43.1095],[144.6713,43.12],[144.6679,43.1207],[144.6672,43.1328],[144.6648,43.1354],[144.6604,43.1506],[144.6726,43.1547],[144.6779,43.1488],[144.6739,43.1456],[144.6764,43.1397],[144.6892,43.142],[144.6908,43.1488],[144.7058,43.1556],[144.7091,43.1604],[144.7156,43.1598],[144.7322,43.1657],[144.7314,43.177],[144.7523,43.1883],[144.7783,43.1857],[144.7918,43.1769],[144.8038,43.1744],[144.8062,43.1702],[144.8168,43.1718],[144.8127,43.184],[144.8054,43.1895],[144.802,43.1964],[144.7849,43.2057],[144.7697,43.2086],[144.7647,43.2132],[144.7559,43.2139],[144.7506,43.2193],[144.7556,43.2225],[144.7601,43.2311],[144.7508,43.2617],[144.7468,43.2687],[144.7395,43.2739],[144.7279,43.2769],[144.7038,43.2881],[144.6949,43.2879],[144.6927,43.2972],[144.6836,43.3049],[144.6831,43.3145],[144.6714,43.3196],[144.672,43.3318],[144.6671,43.3453],[144.6698,43.3515],[144.6685,43.3634],[144.6649,43.3655],[144.6621,43.3747],[144.6638,43.381],[144.6562,43.3954],[144.6443,43.4074],[144.6455,43.4128],[144.6385,43.4187],[144.6384,43.4265],[144.6465,43.4293],[144.6416,43.4364],[144.6464,43.4386],[144.6523,43.4467],[144.6626,43.4459],[144.6789,43.442],[144.7451,43.4859],[144.6687,43.5471],[144.6144,43.5706],[144.6003,43.5734],[144.5905,43.5772],[144.579,43.5769],[144.5723,43.5683],[144.559,43.5592],[144.5543,43.554],[144.5662,43.5383],[144.5736,43.5323],[144.5798,43.52],[144.5949,43.5005],[144.5745,43.4997],[144.5745,43.4932],[144.5805,43.4875],[144.5759,43.4804],[144.5753,43.4699],[144.5789,43.4632],[144.5683,43.4563],[144.5622,43.4502],[144.5597,43.4328],[144.5557,43.4256],[144.5593,43.4209],[144.5318,43.4092],[144.5375,43.4016],[144.5415,43.3889],[144.5267,43.3884],[144.5186,43.3918],[144.5193,43.3987],[144.5079,43.4067],[144.4961,43.4054],[144.4839,43.4123],[144.4734,43.4134],[144.4705,43.4163],[144.4514,43.4198],[144.4475,43.4251],[144.4402,43.4249],[144.4301,43.4166],[144.4307,43.4076],[144.3982,43.3921],[144.3924,43.3973],[144.3753,43.397],[144.3516,43.4276],[144.3445,43.4244],[144.3397,43.4266],[144.327,43.4254],[144.3127,43.4314],[144.3101,43.4384],[144.299,43.435],[144.2775,43.4401],[144.2723,43.4379],[144.2598,43.4422],[144.2526,43.4475],[144.2488,43.454],[144.2377,43.4538],[144.2474,43.4487],[144.2559,43.4394],[144.2672,43.4325],[144.2746,43.4314],[144.2884,43.4231],[144.2913,43.4101],[144.3026,43.3964],[144.3052,43.3912],[144.2921,43.372],[144.2989,43.3657],[144.319,43.3638],[144.3312,43.3612],[144.3395,43.3502],[144.3569,43.336],[144.3586,43.3311],[144.3672,43.325],[144.3687,43.311],[144.3661,43.3037],[144.3703,43.2998],[144.3693,43.2824],[144.3735,43.2749],[144.3833,43.27],[144.3911,43.2618],[144.397,43.2602],[144.4007,43.2529],[144.4063,43.2485],[144.4186,43.2467],[144.4303,43.2375],[144.4277,43.2313],[144.4341,43.229],[144.4397,43.2225],[144.4419,43.2128],[144.447,43.2071],[144.4464,43.2009],[144.4412,43.1926],[144.4319,43.1831],[144.441,43.1662],[144.4472,43.1661],[144.4512,43.1542],[144.4462,43.1474],[144.4474,43.1431],[144.4361,43.1293],[144.4241,43.1272],[144.4215,43.124],[144.4082,43.1178],[144.4073,43.1118],[144.4024,43.1092],[144.4649,43.117],[144.4679,43.1159],[144.4975,43.1177],[144.5164,43.1112],[144.5245,43.1135],[144.5333,43.1005],[144.5424,43.1022],[144.5403,43.0948],[144.5442,43.09],[144.5446,43.0792],[144.5496,43.0705],[144.5506,43.059],[144.5582,43.0543],[144.5586,43.043],[144.5501,43.0337],[144.5568,43.0221],[144.5657,43.0261],[144.5704,43.0251]]]}},{"type":"Feature","id":"Teshikaga","properties":{"id":"Teshikaga","code":1665,"name":"Teshikaga","name_full":"弟子屈町","name_ja":"弟子屈町","name_short_ja":"弟子屈","center_lonlat":[144.3999,43.5472]},"geometry":{"type":"Polygon","coordinates":[[[144.2377,43.4538],[144.2488,43.454],[144.2526,43.4475],[144.2598,43.4422],[144.2723,43.4379],[144.2775,43.4401],[144.299,43.435],[144.3101,43.4384],[144.3127,43.4314],[144.327,43.4254],[144.3397,43.4266],[144.3445,43.4244],[144.3516,43.4276],[144.3753,43.397],[144.3924,43.3973],[144.3982,43.3921],[144.4307,43.4076],[144.4301,43.4166],[144.4402,43.4249],[144.4475,43.4251],[144.4514,43.4198],[144.4705,43.4163],[144.4734,43.4134],[144.4839,43.4123],[144.4961,43.4054],[144.5079,43.4067],[144.5193,43.3987],[144.5186,43.3918],[144.5267,43.3884],[144.5415,43.3889],[144.5375,43.4016],[144.5318,43.4092],[144.5593,43.4209],[144.5557,43.4256],[144.5597,43.4328],[144.5622,43.4502],[144.5683,43.4563],[144.5789,43.4632],[144.5753,43.4699],[144.5759,43.4804],[144.5805,43.4875],[144.5745,43.4932],[144.5745,43.4997],[144.5949,43.5005],[144.5798,43.52],[144.5736,43.5323],[144.5662,43.5383],[144.5543,43.554],[144.559,43.5592],[144.5723,43.5683],[144.579,43.5769],[144.5739,43.5873],[144.5749,43.5921],[144.5706,43.6007],[144.563,43.6081],[144.5483,43.6129],[144.5398,43.6078],[144.5301,43.6118],[144.525,43.622],[144.5185,43.6303],[144.5209,43.6385],[144.5127,43.6547],[144.5021,43.6554],[144.4863,43.6602],[144.4865,43.6657],[144.4817,43.6781],[144.4748,43.6857],[144.4655,43.6866],[144.4572,43.6924],[144.4289,43.6971],[144.4084,43.693],[144.3907,43.6878],[144.379,43.6887],[144.3696,43.6989],[144.3469,43.7044],[144.338,43.7026],[144.3319,43.7049],[144.3233,43.7033],[144.305,43.6916],[144.2973,43.6887],[144.2796,43.6856],[144.2744,43.6815],[144.2732,43.6751],[144.2779,43.6693],[144.2709,43.6665],[144.2591,43.6536],[144.2483,43.6486],[144.2431,43.64],[144.231,43.634],[144.227,43.629],[144.2224,43.6117],[144.2233,43.6051],[144.2177,43.599],[144.2175,43.5899],[144.2262,43.571],[144.2273,43.5641],[144.2352,43.5603],[144.2325,43.5556],[144.2353,43.5456],[144.2334,43.5333],[144.222,43.5211],[144.2468,43.512],[144.2403,43.5062],[144.2362,43.4966],[144.2351,43.4871],[144.2309,43.4806],[144.2372,43.4727],[144.2286,43.4661],[144.2363,43.4589],[144.2377,43.4538]]]}},{"type":"Feature","id":"Tsurui","properties":{"id":"Tsurui","code":1667,"name":"Tsurui","name_full":"鶴居村","name_ja":"鶴居村","name_short_ja":"鶴居","center_lonlat":[144.2955,43.2502]},"geometry":{"type":"Polygon","coordinates":[[[144.3992,43.0726],[144.3975,43.0825],[144.4037,43.0921],[144.398,43.1018],[144.4024,43.1092],[144.4073,43.1118],[144.4082,43.1178],[144.4215,43.124],[144.4241,43.1272],[144.4361,43.1293],[144.4474,43.1431],[144.4462,43.1474],[144.4512,43.1542],[144.4472,43.1661],[144.441,43.1662],[144.4319,43.1831],[144.4412,43.1926],[144.4464,43.2009],[144.447,43.2071],[144.4419,43.2128],[144.4397,43.2225],[144.4341,43.229],[144.4277,43.2313],[144.4303,43.2375],[144.4186,43.2467],[144.4063,43.2485],[144.4007,43.2529],[144.397,43.2602],[144.3911,43.2618],[144.3833,43.27],[144.3735,43.2749],[144.3693,43.2824],[144.3703,43.2998],[144.3661,43.3037],[144.3687,43.311],[144.3672,43.325],[144.3586,43.3311],[144.3569,43.336],[144.3395,43.3502],[144.3312,43.3612],[144.319,43.3638],[144.2989,43.3657],[144.2921,43.372],[144.3052,43.3912],[144.3026,43.3964],[144.2913,43.4101],[144.2884,43.4231],[144.2746,43.4314],[144.2672,43.4325],[144.2559,43.4394],[144.2474,43.4487],[144.2377,43.4538],[144.2298,43.4449],[144.2383,43.4362],[144.2315,43.4342],[144.2272,43.4276],[144.2132,43.4192],[144.2063,43.4083],[144.1968,43.4002],[144.1806,43.3914],[144.1802,43.3826],[144.1755,43.3767],[144.1593,43.3676],[144.1592,43.3635],[144.1519,43.3587],[144.1549,43.3536],[144.1496,43.3383],[144.1424,43.3321],[144.145,43.3232],[144.138,43.3235],[144.1295,43.3204],[144.128,43.3104],[144.1305,43.3016],[144.1477,43.2913],[144.1512,43.2818],[144.1615,43.2696],[144.1713,43.2627],[144.1788,43.261],[144.1992,43.2492],[144.2066,43.2423],[144.2063,43.235],[144.2141,43.2314],[144.2199,43.2252],[144.2184,43.2182],[144.2279,43.1963],[144.2343,43.1841],[144.2404,43.1802],[144.2375,43.1744],[144.2438,43.1723],[144.2426,43.1642],[144.2535,43.1605],[144.2489,43.1508],[144.251,43.1432],[144.2653,43.127],[144.263,43.1209],[144.2718,43.1044],[144.2794,43.1005],[144.2776,43.0949],[144.2878,43.0875],[144.2886,43.083],[144.3003,43.0805],[144.3026,43.0778],[144.3211,43.0766],[144.3271,43.0848],[144.3992,43.0726]]]}},{"type":"Feature","id":"Shiranuka","properties":{"id":"Shiranuka","code":1668,"name":"Shiranuka","name_full":"白糠町","name_ja":"白糠町","name_short_ja":"白糠","center_lonlat":[143.9655,43.1265]},"geometry":{"type":"Polygon","coordinates":[[[144.0047,42.9207],[144.0388,42.9375],[144.0803,42.9533],[144.0889,42.9525],[144.1112,42.9609],[144.1246,42.969],[144.1629,42.9826],[144.1815,42.9878],[144.2056,42.9933],[144.2286,42.9973],[144.2222,43.0059],[144.2137,43.0066],[144.2231,43.0283],[144.167,43.0423],[144.1558,43.0598],[144.1521,43.0566],[144.1405,43.0549],[144.1354,43.0576],[144.1201,43.0604],[144.1152,43.0555],[144.1029,43.0616],[144.0972,43.0623],[144.0937,43.0693],[144.0875,43.0749],[144.0887,43.0811],[144.0834,43.0865],[144.0797,43.0969],[144.0822,43.1008],[144.0787,43.1066],[144.0791,43.1175],[144.0645,43.1255],[144.051,43.1281],[144.0403,43.1335],[144.0316,43.1432],[144.0348,43.1534],[144.0348,43.162],[144.0251,43.1678],[144.0156,43.1765],[144.0022,43.1779],[143.9949,43.1806],[143.988,43.199],[143.9908,43.2067],[143.986,43.2128],[143.9824,43.2253],[143.9843,43.2274],[143.9749,43.2422],[143.964,43.2457],[143.9621,43.2499],[143.966,43.2596],[143.9608,43.2622],[143.9661,43.2706],[143.969,43.2826],[143.9778,43.2853],[143.986,43.2908],[143.9922,43.3065],[144.0083,43.3078],[144.0068,43.3123],[144.0099,43.322],[144.0206,43.3265],[144.0174,43.3329],[144.026,43.3372],[144.0238,43.3446],[144.0336,43.3513],[144.0316,43.3597],[144.016,43.3743],[144.0081,43.3752],[143.9959,43.3703],[143.9888,43.3694],[143.9838,43.3649],[143.9768,43.365],[143.9661,43.3617],[143.9605,43.3564],[143.9524,43.3581],[143.9514,43.3505],[143.9376,43.344],[143.9331,43.3376],[143.921,43.3404],[143.9182,43.3343],[143.9121,43.3357],[143.9064,43.3289],[143.896,43.3244],[143.8979,43.3178],[143.8897,43.3153],[143.8805,43.3064],[143.8718,43.3075],[143.8634,43.3022],[143.8459,43.2848],[143.8259,43.2912],[143.8246,43.2852],[143.8273,43.2623],[143.8201,43.2606],[143.8122,43.2536],[143.8115,43.247],[143.8023,43.2488],[143.7997,43.231],[143.7937,43.2299],[143.7899,43.2167],[143.7966,43.2126],[143.7972,43.2074],[143.7927,43.2036],[143.7899,43.1931],[143.777,43.1866],[143.7771,43.1775],[143.7828,43.1728],[143.782,43.1676],[143.7726,43.1678],[143.7678,43.1631],[143.7673,43.1591],[143.7746,43.1543],[143.7705,43.1442],[143.7681,43.1319],[143.7604,43.1281],[143.7547,43.1204],[143.7621,43.1194],[143.7745,43.1218],[143.7937,43.1213],[143.8032,43.1232],[143.8108,43.1186],[143.8134,43.106],[143.8201,43.0987],[143.834,43.0968],[143.8429,43.0893],[143.8552,43.0915],[143.8676,43.0874],[143.873,43.0897],[143.8839,43.0892],[143.8912,43.0863],[143.8998,43.0775],[143.9037,43.0704],[143.9098,43.0693],[143.9181,43.0634],[143.9191,43.0568],[143.928,43.0521],[143.9245,43.0462],[143.9168,43.046],[143.9144,43.0409],[143.9187,43.0249],[143.9081,43.0226],[143.9061,43.0137],[143.8988,43.0107],[143.9027,42.9954],[143.9106,42.9909],[143.9144,42.981],[143.925,42.9716],[143.9328,42.9679],[143.9498,42.9692],[143.962,42.9604],[143.9747,42.954],[143.9827,42.9449],[143.9913,42.9382],[143.9878,42.9327],[143.9917,42.9251],[143.9999,42.9244],[144.0047,42.9207]]]}},{"type":"Feature","id":"Betsukai","properties":{"id":"Betsukai","code":1691,"name":"Betsukai","name_full":"別海町","name_ja":"別海町","name_short_ja":"別海","center_lonlat":[145.0144,43.3902]},"geometry":{"type":"MultiPolygon","coordinates":[[[[145.3909,43.2945],[145.3859,43.2974],[145.3791,43.3065],[145.3607,43.3163],[145.3446,43.3269],[145.3229,43.3442],[145.3078,43.3591],[145.2969,43.3726],[145.2779,43.4019],[145.271,43.4159],[145.2624,43.4383],[145.2613,43.455],[145.2554,43.4745],[145.251,43.4839],[145.246,43.5064],[145.2457,43.521],[145.2415,43.5326],[145.2371,43.5354],[145.235,43.5427],[145.2221,43.5579],[145.2238,43.5671],[145.2143,43.5774],[145.2177,43.5887],[145.211,43.5894],[145.1952,43.6008],[145.1989,43.6078],[145.194,43.6131],[145.1801,43.6074],[145.1756,43.6034],[145.1758,43.5936],[145.1694,43.5846],[145.1577,43.5813],[145.1514,43.5724],[145.1467,43.5736],[145.1342,43.5639],[145.13,43.5662],[145.1134,43.5638],[145.0917,43.5535],[145.0678,43.5493],[145.0641,43.5457],[145.0546,43.5447],[145.0372,43.5454],[145.0232,43.5368],[145.0095,43.5347],[145.0352,43.514],[145.0289,43.5042],[144.9756,43.4687],[144.9601,43.4703],[144.9531,43.4694],[144.9437,43.4629],[144.9339,43.4617],[144.9005,43.4879],[144.8882,43.4813],[144.8638,43.4795],[144.8457,43.483],[144.8417,43.4805],[144.8209,43.4785],[144.8043,43.4787],[144.7835,43.4832],[144.7744,43.4807],[144.7662,43.484],[144.7556,43.4924],[144.7451,43.4859],[144.6789,43.442],[144.6626,43.4459],[144.6523,43.4467],[144.6464,43.4386],[144.6416,43.4364],[144.6465,43.4293],[144.6384,43.4265],[144.6385,43.4187],[144.6455,43.4128],[144.6443,43.4074],[144.6562,43.3954],[144.6638,43.381],[144.6621,43.3747],[144.6649,43.3655],[144.6685,43.3634],[144.6698,43.3515],[144.6779,43.3496],[144.681,43.3433],[144.6882,43.3399],[144.696,43.3447],[144.7029,43.3412],[144.7222,43.3255],[144.7261,43.3174],[144.7378,43.3176],[144.7583,43.308],[144.7662,43.3092],[144.768,43.3045],[144.7851,43.3036],[144.7881,43.301],[144.8121,43.3],[144.8227,43.2984],[144.8407,43.2922],[144.8468,43.2828],[144.8622,43.2771],[144.8716,43.2819],[144.8792,43.278],[144.8954,43.2655],[144.9108,43.2571],[144.916,43.2447],[144.9371,43.2493],[144.9469,43.2485],[144.9623,43.2385],[144.9722,43.2354],[144.985,43.2338],[144.996,43.2245],[145.0128,43.2159],[145.0237,43.215],[145.0351,43.2201],[145.0348,43.2246],[145.0438,43.2322],[145.0543,43.2357],[145.066,43.2425],[145.0742,43.2398],[145.0991,43.2383],[145.1017,43.2357],[145.1131,43.2367],[145.1231,43.2338],[145.1333,43.2373],[145.1419,43.2446],[145.1497,43.2436],[145.1569,43.2521],[145.1676,43.2585],[145.1796,43.2593],[145.185,43.2566],[145.1956,43.2577],[145.2099,43.2508],[145.2192,43.2567],[145.2168,43.2696],[145.2258,43.278],[145.2396,43.277],[145.2514,43.284],[145.2531,43.2908],[145.259,43.293],[145.2561,43.3003],[145.2563,43.3107],[145.252,43.3177],[145.2532,43.3303],[145.2873,43.3303],[145.3071,43.3267],[145.3426,43.3109],[145.3709,43.2906],[145.3799,43.2901],[145.3909,43.2945]]],[[[145.2456,43.6137],[145.2669,43.6104],[145.2667,43.6043],[145.2722,43.5991],[145.2821,43.6002],[145.2827,43.592],[145.3072,43.6006],[145.3185,43.5947],[145.3278,43.5936],[145.335,43.5899],[145.3346,43.5848],[145.3409,43.5793],[145.3408,43.5715],[145.3326,43.5629],[145.3171,43.5632],[145.3054,43.5651],[145.3068,43.5582],[145.3027,43.5516],[145.323,43.5501],[145.3344,43.5522],[145.3448,43.5579],[145.3498,43.5665],[145.3456,43.58],[145.3377,43.5895],[145.3277,43.5958],[145.3022,43.6041],[145.2699,43.6109],[145.2456,43.6151],[145.2456,43.6137]]]]}},{"type":"Feature","id":"Nakashibetsu","properties":{"id":"Nakashibetsu","code":1692,"name":"Nakashibetsu","name_full":"中標津町","name_ja":"中標津町","name_short_ja":"中標津","center_lonlat":[144.845,43.5814]},"geometry":{"type":"Polygon","coordinates":[[[144.5706,43.6007],[144.5749,43.5921],[144.5739,43.5873],[144.579,43.5769],[144.5905,43.5772],[144.6003,43.5734],[144.6144,43.5706],[144.6687,43.5471],[144.7451,43.4859],[144.7556,43.4924],[144.7662,43.484],[144.7744,43.4807],[144.7835,43.4832],[144.8043,43.4787],[144.8209,43.4785],[144.8417,43.4805],[144.8457,43.483],[144.8638,43.4795],[144.8882,43.4813],[144.9005,43.4879],[144.9339,43.4617],[144.9437,43.4629],[144.9531,43.4694],[144.9601,43.4703],[144.9756,43.4687],[145.0289,43.5042],[145.0352,43.514],[145.0095,43.5347],[145.0232,43.5368],[145.0372,43.5454],[145.0546,43.5447],[145.0641,43.5457],[145.0678,43.5493],[145.0917,43.5535],[145.1134,43.5638],[145.0607,43.6056],[145.07,43.6143],[145.0713,43.6185],[145.0808,43.6274],[145.0796,43.6363],[145.0737,43.6354],[145.0632,43.64],[145.0544,43.6387],[145.0495,43.6334],[145.0264,43.6306],[145.0203,43.6259],[144.8863,43.6726],[144.8796,43.679],[144.8767,43.6893],[144.8673,43.6908],[144.8405,43.6987],[144.831,43.699],[144.8278,43.7021],[144.814,43.7009],[144.8099,43.6938],[144.8025,43.6942],[144.7939,43.6982],[144.7779,43.7007],[144.7713,43.6964],[144.7525,43.6927],[144.7438,43.6824],[144.7327,43.684],[144.7179,43.6788],[144.7047,43.6678],[144.7063,43.6599],[144.6876,43.6563],[144.6667,43.645],[144.6604,43.6383],[144.6485,43.6352],[144.6416,43.6251],[144.6339,43.6249],[144.6269,43.6337],[144.614,43.6345],[144.6009,43.6199],[144.5917,43.619],[144.593,43.6094],[144.5706,43.6007]]]}},{"type":"Feature","id":"Shibetsu (01693)","properties":{"id":"Shibetsu (01693)","code":1693,"name":"Shibetsu (01693)","name_full":"標津町","name_ja":"標津町","name_short_ja":"標津","center_lonlat":[144.971,43.7379]},"geometry":{"type":"Polygon","coordinates":[[[144.7225,43.7618],[144.7201,43.755],[144.7202,43.7418],[144.7233,43.7314],[144.7217,43.7275],[144.7255,43.7193],[144.7236,43.7095],[144.7302,43.7015],[144.7327,43.684],[144.7438,43.6824],[144.7525,43.6927],[144.7713,43.6964],[144.7779,43.7007],[144.7939,43.6982],[144.8025,43.6942],[144.8099,43.6938],[144.814,43.7009],[144.8278,43.7021],[144.831,43.699],[144.8405,43.6987],[144.8673,43.6908],[144.8767,43.6893],[144.8796,43.679],[144.8863,43.6726],[145.0203,43.6259],[145.0264,43.6306],[145.0495,43.6334],[145.0544,43.6387],[145.0632,43.64],[145.0737,43.6354],[145.0796,43.6363],[145.0808,43.6274],[145.0713,43.6185],[145.07,43.6143],[145.0607,43.6056],[145.1134,43.5638],[145.13,43.5662],[145.1342,43.5639],[145.1467,43.5736],[145.1514,43.5724],[145.1577,43.5813],[145.1694,43.5846],[145.1758,43.5936],[145.1756,43.6034],[145.1801,43.6074],[145.194,43.6131],[145.1989,43.6078],[145.2011,43.616],[145.1968,43.6228],[145.2096,43.6232],[145.2215,43.6209],[145.2304,43.6143],[145.2456,43.6137],[145.2456,43.6151],[145.2247,43.6219],[145.2093,43.6252],[145.1575,43.641],[145.1442,43.6463],[145.1362,43.6534],[145.137,43.6585],[145.132,43.6696],[145.1252,43.6758],[145.1209,43.6859],[145.1084,43.7007],[145.0965,43.718],[145.0942,43.7256],[145.085,43.7315],[145.069,43.7482],[145.0647,43.7585],[145.0638,43.7717],[145.0591,43.7859],[145.0636,43.792],[145.0611,43.8059],[145.0696,43.8134],[145.0813,43.8189],[145.0923,43.8395],[145.0985,43.8609],[145.0826,43.8597],[145.0772,43.8618],[145.066,43.8601],[145.0594,43.8639],[145.0335,43.8646],[145.0236,43.8676],[145.0131,43.8789],[144.9886,43.8917],[144.9677,43.896],[144.9525,43.9017],[144.9352,43.901],[144.9215,43.8959],[144.9212,43.8918],[144.8982,43.8859],[144.8904,43.8799],[144.8768,43.8768],[144.8877,43.8703],[144.9045,43.8665],[144.9019,43.8623],[144.9051,43.8503],[144.8968,43.8452],[144.8959,43.8395],[144.8846,43.8327],[144.877,43.8319],[144.8796,43.8224],[144.8718,43.821],[144.8631,43.8118],[144.8639,43.8034],[144.8675,43.7979],[144.8589,43.7859],[144.8529,43.789],[144.8438,43.7867],[144.838,43.7972],[144.8304,43.7993],[144.8275,43.7943],[144.8158,43.7958],[144.8148,43.7904],[144.8076,43.7873],[144.8114,43.7816],[144.8102,43.7748],[144.802,43.7659],[144.7965,43.763],[144.7643,43.7574],[144.7552,43.7573],[144.7468,43.7605],[144.7225,43.7618]]]}},{"type":"Feature","id":"Rausu","properties":{"id":"Rausu","code":1694,"name":"Rausu","name_full":"羅臼町","name_ja":"羅臼町","name_short_ja":"羅臼","center_lonlat":[145.1441,44.0393]},"geometry":{"type":"Polygon","coordinates":[[[144.8768,43.8768],[144.8904,43.8799],[144.8982,43.8859],[144.9212,43.8918],[144.9215,43.8959],[144.9352,43.901],[144.9525,43.9017],[144.9677,43.896],[144.9886,43.8917],[145.0131,43.8789],[145.0236,43.8676],[145.0335,43.8646],[145.0594,43.8639],[145.066,43.8601],[145.0772,43.8618],[145.0826,43.8597],[145.0985,43.8609],[145.0933,43.8726],[145.0968,43.8803],[145.0939,43.89],[145.096,43.895],[145.1066,43.9049],[145.1121,43.918],[145.1188,43.9235],[145.1209,43.9324],[145.1265,43.9387],[145.1299,43.9501],[145.136,43.9564],[145.1422,43.9685],[145.1495,43.9715],[145.1551,43.9825],[145.1632,43.9876],[145.178,43.9997],[145.1816,44.0082],[145.1994,44.0213],[145.2049,44.0294],[145.2226,44.0371],[145.2389,44.0583],[145.2384,44.0624],[145.245,44.0683],[145.24,44.0892],[145.2453,44.1031],[145.2502,44.1091],[145.2556,44.1259],[145.2639,44.1382],[145.2828,44.1486],[145.2924,44.156],[145.2971,44.1644],[145.3033,44.1659],[145.3085,44.1743],[145.3171,44.1816],[145.3193,44.1879],[145.3288,44.1913],[145.3329,44.1973],[145.3327,44.2053],[145.3375,44.2136],[145.3482,44.223],[145.3464,44.2296],[145.3496,44.2329],[145.3474,44.2413],[145.3523,44.2466],[145.3617,44.2511],[145.3664,44.2644],[145.3564,44.2833],[145.3488,44.2946],[145.35,44.2986],[145.3462,44.3109],[145.3516,44.3151],[145.3503,44.321],[145.3419,44.3249],[145.3406,44.3314],[145.3443,44.3394],[145.3376,44.3413],[145.3309,44.335],[145.3258,44.3254],[145.3285,44.3093],[145.3224,44.3037],[145.3223,44.2974],[145.3173,44.2873],[145.3213,44.2785],[145.3141,44.2576],[145.3015,44.2518],[145.3027,44.2466],[145.2942,44.2401],[145.2877,44.2286],[145.2802,44.2253],[145.2769,44.206],[145.2854,44.1996],[145.2805,44.1905],[145.2869,44.1866],[145.2733,44.1793],[145.272,44.1675],[145.2593,44.1677],[145.2447,44.1642],[145.2344,44.1574],[145.2247,44.1563],[145.2178,44.1467],[145.1995,44.1407],[145.1824,44.1374],[145.1785,44.1273],[145.169,44.1245],[145.1607,44.1119],[145.15,44.1123],[145.1408,44.0989],[145.1394,44.0909],[145.121,44.075],[145.1133,44.0579],[145.1058,44.0554],[145.1011,44.0489],[145.0873,44.0443],[145.0652,44.0431],[145.0577,44.0368],[145.055,44.0231],[145.0495,44.0169],[145.0494,44.0081],[145.0387,44.0053],[145.026,44.0063],[145.0155,43.9976],[145.0103,43.9883],[145.0053,43.9838],[145.0039,43.9755],[144.9952,43.968],[144.9967,43.9562],[145.0032,43.9471],[144.9854,43.9391],[144.9821,43.9329],[144.965,43.9222],[144.9568,43.9205],[144.941,43.9203],[144.9231,43.9163],[144.9161,43.912],[144.9142,43.9061],[144.9049,43.9055],[144.9056,43.8986],[144.8934,43.8838],[144.8768,43.8768]]]}},{"type":"Feature","id":"01695","properties":{"id":"01695","code":1695,"name":"01695","name_full":"色丹村","name_ja":"色丹村","name_short_ja":"色丹","center_lonlat":[146.7386,43.8011]},"geometry":{"type":"MultiPolygon","coordinates":[[[[146.832,43.8869],[146.8258,43.8886],[146.8184,43.8861],[146.8192,43.876],[146.8271,43.8733],[146.8224,43.8667],[146.8053,43.8705],[146.7929,43.8799],[146.7879,43.878],[146.7933,43.8691],[146.803,43.8605],[146.7963,43.8586],[146.7867,43.8724],[146.7735,43.876],[146.7673,43.8692],[146.7541,43.8627],[146.7498,43.8582],[146.7207,43.8449],[146.7224,43.8375],[146.7309,43.8333],[146.7371,43.8339],[146.7482,43.8284],[146.7426,43.8253],[146.7209,43.8323],[146.7091,43.8298],[146.6989,43.8305],[146.6817,43.8257],[146.6623,43.8284],[146.6498,43.8231],[146.6275,43.8186],[146.6098,43.8203],[146.5968,43.8091],[146.5885,43.8085],[146.585,43.8027],[146.5945,43.7842],[146.606,43.7786],[146.6076,43.7679],[146.5921,43.7586],[146.5893,43.7489],[146.5978,43.7453],[146.5921,43.7387],[146.6104,43.7391],[146.6139,43.7444],[146.6069,43.7479],[146.6121,43.7571],[146.621,43.7574],[146.619,43.7434],[146.6303,43.7207],[146.6379,43.7189],[146.6486,43.7106],[146.6397,43.7067],[146.6439,43.7012],[146.6533,43.7028],[146.6616,43.7075],[146.6762,43.7074],[146.6762,43.7145],[146.6868,43.7187],[146.6828,43.7266],[146.6831,43.7333],[146.6918,43.7379],[146.6913,43.7434],[146.7017,43.7468],[146.7119,43.7418],[146.7214,43.7336],[146.7332,43.7372],[146.7336,43.7479],[146.7429,43.7498],[146.7601,43.7497],[146.7732,43.7591],[146.7821,43.7568],[146.7934,43.7687],[146.7895,43.7711],[146.7888,43.7791],[146.7981,43.7866],[146.8021,43.7799],[146.8095,43.7838],[146.807,43.7888],[146.8223,43.7904],[146.8261,43.7854],[146.8349,43.7819],[146.848,43.7881],[146.8345,43.7912],[146.8266,43.7966],[146.8261,43.8011],[146.8317,43.8053],[146.8471,43.8121],[146.8507,43.8074],[146.8617,43.8064],[146.8657,43.81],[146.8789,43.8146],[146.8924,43.811],[146.8983,43.8058],[146.9056,43.819],[146.9011,43.827],[146.9054,43.831],[146.9142,43.831],[146.9198,43.8374],[146.9092,43.8424],[146.8952,43.8467],[146.8738,43.8655],[146.8661,43.8696],[146.8637,43.8748],[146.8496,43.8769],[146.852,43.8826],[146.8401,43.8889],[146.832,43.8869]]],[[[146.8019,43.7597],[146.7946,43.7602],[146.7916,43.7529],[146.7941,43.7471],[146.8008,43.7485],[146.8065,43.754],[146.8019,43.7597]]]]}},{"type":"Feature","id":"01696","properties":{"id":"01696","code":1696,"name":"01696","name_full":"泊村","name_ja":"泊村","name_short_ja":"泊村","center_lonlat":[145.6236,43.9099]},"geometry":{"type":"Polygon","coordinates":[[[145.8907,44.0945],[145.8843,44.1071],[145.8516,44.113],[145.846,44.1107],[145.838,44.116],[145.8141,44.1167],[145.7997,44.1142],[145.7944,44.1072],[145.7956,44.1023],[145.7859,44.097],[145.7822,44.0834],[145.7768,44.0747],[145.7758,44.0663],[145.7471,44.0638],[145.7412,44.0563],[145.7424,44.0522],[145.736,44.0469],[145.717,44.0375],[145.7023,44.0326],[145.698,44.0329],[145.6875,44.0273],[145.6779,44.0256],[145.6806,44.0166],[145.6764,44.0117],[145.655,44.004],[145.6534,44.0],[145.6408,43.989],[145.6301,43.9877],[145.6183,43.9823],[145.6123,43.9765],[145.6008,43.9731],[145.5942,43.9678],[145.5901,43.9578],[145.5903,43.9521],[145.5827,43.9473],[145.5568,43.9411],[145.5524,43.9358],[145.5333,43.9289],[145.5339,43.9216],[145.5001,43.9076],[145.4856,43.9048],[145.4731,43.8986],[145.4634,43.8893],[145.4558,43.8751],[145.4475,43.8629],[145.4478,43.8567],[145.4409,43.8505],[145.4226,43.8455],[145.4069,43.8425],[145.3993,43.8326],[145.3987,43.828],[145.4083,43.8206],[145.416,43.8071],[145.4221,43.7869],[145.4261,43.7802],[145.4255,43.7673],[145.4182,43.7518],[145.4214,43.738],[145.4275,43.7273],[145.4334,43.7209],[145.4476,43.7254],[145.47,43.7288],[145.4783,43.7289],[145.4915,43.733],[145.5119,43.735],[145.5268,43.7349],[145.5506,43.7308],[145.5474,43.7223],[145.5433,43.7022],[145.5377,43.6905],[145.535,43.6707],[145.5383,43.6538],[145.5482,43.6561],[145.5543,43.6703],[145.5546,43.6853],[145.5594,43.7015],[145.5604,43.7242],[145.5653,43.7475],[145.5692,43.7594],[145.5719,43.7781],[145.5693,43.794],[145.5709,43.8115],[145.5749,43.8265],[145.5754,43.8412],[145.5849,43.8621],[145.5909,43.8692],[145.5973,43.8715],[145.6041,43.868],[145.6089,43.877],[145.6159,43.8843],[145.6241,43.8834],[145.6296,43.8932],[145.6383,43.9024],[145.6474,43.9077],[145.6592,43.9108],[145.6652,43.9103],[145.6734,43.9055],[145.6881,43.9101],[145.7028,43.9089],[145.7213,43.9136],[145.74,43.9223],[145.7534,43.9257],[145.7652,43.932],[145.7786,43.9317],[145.7813,43.9416],[145.7892,43.9486],[145.788,43.9687],[145.791,43.9793],[145.7975,43.9913],[145.8028,43.9969],[145.8106,44.0128],[145.8232,44.026],[145.8324,44.0306],[145.8464,44.0319],[145.855,44.0294],[145.853,44.0212],[145.8628,44.0198],[145.8663,44.0224],[145.8634,44.0473],[145.8645,44.0559],[145.871,44.07],[145.8791,44.0755],[145.8807,44.0858],[145.8892,44.0886],[145.8907,44.0945]]]}},{"type":"Feature","id":"01697","properties":{"id":"01697","code":1697,"name":"01697","name_full":"留夜別村","name_ja":"留夜別村","name_short_ja":"留夜別","center_lonlat":[146.1275,44.3198]},"geometry":{"type":"Polygon","coordinates":[[[145.8907,44.0945],[145.9051,44.0997],[145.8993,44.1033],[145.8993,44.1082],[145.9061,44.1209],[145.9221,44.1361],[145.9291,44.1391],[145.9367,44.147],[145.9453,44.1529],[145.9574,44.1562],[145.966,44.1528],[145.9713,44.1607],[145.98,44.1687],[145.9956,44.1734],[146.0005,44.1714],[146.0244,44.1771],[146.0281,44.184],[146.0339,44.1861],[146.0416,44.1836],[146.0494,44.1966],[146.0568,44.2193],[146.0686,44.234],[146.0831,44.2456],[146.1046,44.2594],[146.1142,44.2639],[146.1261,44.2664],[146.1434,44.2645],[146.1583,44.2673],[146.1689,44.2714],[146.1777,44.2689],[146.1958,44.2689],[146.2007,44.2712],[146.2248,44.2728],[146.2368,44.2706],[146.2447,44.2729],[146.2636,44.2731],[146.2728,44.2758],[146.2782,44.2741],[146.2865,44.2766],[146.2961,44.2757],[146.3021,44.2856],[146.3157,44.2952],[146.3288,44.2973],[146.3275,44.3014],[146.3356,44.3084],[146.343,44.3091],[146.3439,44.3169],[146.3496,44.3204],[146.3612,44.3201],[146.3623,44.3271],[146.3675,44.3304],[146.3661,44.3382],[146.3731,44.3463],[146.3885,44.3594],[146.4267,44.3747],[146.4383,44.3772],[146.4535,44.3771],[146.4632,44.3726],[146.4805,44.3586],[146.4907,44.354],[146.5015,44.3657],[146.5164,44.3687],[146.5198,44.3753],[146.5337,44.3803],[146.5346,44.3944],[146.5386,44.4025],[146.5446,44.4075],[146.5514,44.4271],[146.5709,44.4513],[146.552,44.4458],[146.5456,44.437],[146.5343,44.4328],[146.5087,44.4264],[146.4767,44.4211],[146.4578,44.4193],[146.4377,44.4189],[146.4023,44.4209],[146.3975,44.422],[146.381,44.4195],[146.3519,44.417],[146.3377,44.4174],[146.3319,44.4222],[146.3128,44.4286],[146.2833,44.4345],[146.279,44.4431],[146.2649,44.4428],[146.2581,44.4459],[146.2558,44.4518],[146.2441,44.4528],[146.2395,44.4554],[146.2338,44.4646],[146.226,44.4821],[146.2154,44.4849],[146.2097,44.4889],[146.1986,44.4913],[146.1897,44.4976],[146.1837,44.505],[146.1694,44.5089],[146.1656,44.5166],[146.1591,44.5117],[146.1421,44.5112],[146.1293,44.5079],[146.1084,44.4902],[146.0999,44.4876],[146.0817,44.4741],[146.0718,44.4505],[146.0509,44.4176],[146.0412,44.4078],[146.0281,44.3983],[146.0234,44.3905],[146.0059,44.3803],[146.0099,44.3716],[146.0009,44.3476],[146.0002,44.3363],[145.9879,44.3188],[145.9787,44.3095],[145.9694,44.3028],[145.9642,44.2956],[145.9541,44.2918],[145.9465,44.2792],[145.9357,44.2788],[145.9234,44.2703],[145.911,44.2642],[145.8858,44.2477],[145.8836,44.2428],[145.8711,44.2278],[145.861,44.2194],[145.8552,44.2018],[145.8448,44.1926],[145.8375,44.1824],[145.8313,44.1787],[145.8178,44.1658],[145.8002,44.1575],[145.7877,44.1488],[145.7869,44.1438],[145.7778,44.1339],[145.7697,44.1296],[145.765,44.1213],[145.7575,44.117],[145.7539,44.1094],[145.744,44.1042],[145.7425,44.092],[145.7456,44.0849],[145.7449,44.0766],[145.7483,44.0714],[145.7471,44.0638],[145.7758,44.0663],[145.7768,44.0747],[145.7822,44.0834],[145.7859,44.097],[145.7956,44.1023],[145.7944,44.1072],[145.7997,44.1142],[145.8141,44.1167],[145.838,44.116],[145.846,44.1107],[145.8516,44.113],[145.8843,44.1071],[145.8907,44.0945]]]}},{"type":"Feature","id":"01698","properties":{"id":"01698","code":1698,"name":"01698","name_full":"留別村","name_ja":"留別村","name_short_ja":"留別","center_lonlat":[147.4077,44.8307]},"geometry":{"type":"Polygon","coordinates":[[[147.9155,44.9717],[147.917,45.0286],[147.7292,45.1718],[147.7213,45.1734],[147.707,45.1658],[147.7067,45.1562],[147.7013,45.1456],[147.6929,45.1419],[147.6919,45.1331],[147.6989,45.1234],[147.6955,45.1182],[147.6977,45.1041],[147.6895,45.0947],[147.6641,45.086],[147.6509,45.0787],[147.6382,45.0753],[147.6265,45.0765],[147.6225,45.0817],[147.5907,45.0832],[147.5783,45.0874],[147.5693,45.0966],[147.571,45.1042],[147.5596,45.1057],[147.5514,45.1095],[147.5367,45.1058],[147.5274,45.1099],[147.5066,45.115],[147.4954,45.1099],[147.506,45.1072],[147.5166,45.1015],[147.5268,45.0989],[147.532,45.0852],[147.5302,45.0743],[147.5236,45.0601],[147.5241,45.0476],[147.5204,45.0432],[147.5234,45.0358],[147.5167,45.034],[147.5119,45.0247],[147.5155,45.0202],[147.5137,45.0072],[147.5172,44.9974],[147.5066,44.9893],[147.4887,44.9901],[147.4664,44.9796],[147.4638,44.976],[147.4534,44.9717],[147.4437,44.9597],[147.4389,44.9583],[147.4269,44.9476],[147.4191,44.9383],[147.4086,44.933],[147.3959,44.9193],[147.3864,44.9157],[147.3831,44.9115],[147.3339,44.8892],[147.3255,44.8901],[147.3181,44.8854],[147.3057,44.8813],[147.2979,44.8839],[147.2955,44.8781],[147.2877,44.8778],[147.273,44.8727],[147.2633,44.8642],[147.2635,44.8487],[147.2589,44.8443],[147.2528,44.8333],[147.2451,44.81],[147.2281,44.8026],[147.2074,44.7976],[147.1929,44.7972],[147.1876,44.8042],[147.1696,44.8188],[147.1591,44.8185],[147.1545,44.8246],[147.1452,44.8237],[147.1326,44.8298],[147.1072,44.8221],[147.0999,44.815],[147.1022,44.8074],[147.1009,44.8014],[147.1068,44.7891],[147.1135,44.7793],[147.1233,44.7734],[147.1397,44.7681],[147.1436,44.77],[147.1606,44.7694],[147.1698,44.7636],[147.1901,44.7652],[147.199,44.7524],[147.2002,44.7421],[147.1988,44.7315],[147.1943,44.7146],[147.1859,44.6972],[147.1789,44.6881],[147.1644,44.6828],[147.1502,44.6698],[147.1452,44.6675],[147.1298,44.6523],[147.1079,44.6416],[147.0931,44.638],[147.0893,44.6399],[147.0739,44.6371],[147.0704,44.6456],[147.0612,44.6467],[147.0613,44.6539],[147.0473,44.6594],[147.039,44.6577],[147.0284,44.6622],[147.0204,44.6596],[147.0087,44.6606],[147.0039,44.6555],[147.0158,44.6449],[147.0332,44.6386],[147.0308,44.6269],[147.0338,44.619],[147.0317,44.609],[147.0264,44.5986],[147.0046,44.581],[146.9916,44.5751],[146.9775,44.578],[146.9697,44.5871],[146.9595,44.5945],[146.9565,44.6105],[146.9513,44.6175],[146.953,44.6261],[146.9459,44.6279],[146.9351,44.6057],[146.9356,44.5953],[146.9309,44.5894],[146.932,44.5801],[146.9389,44.5757],[146.954,44.556],[146.9518,44.5488],[146.9366,44.5339],[146.9212,44.5241],[146.9048,44.5203],[146.897,44.5203],[146.8901,44.5111],[146.8764,44.4998],[146.8665,44.4715],[146.8622,44.4658],[146.8591,44.4549],[146.8647,44.4432],[146.8717,44.4393],[146.8851,44.4369],[146.8906,44.4333],[146.9079,44.4286],[146.9301,44.4294],[146.9471,44.4258],[146.9597,44.4296],[146.966,44.4359],[146.9832,44.4448],[146.9903,44.4524],[146.9878,44.4583],[147.0044,44.4828],[147.0052,44.4899],[147.0103,44.4948],[147.0186,44.5081],[147.0278,44.5185],[147.0418,44.5313],[147.0502,44.5374],[147.0582,44.5389],[147.0585,44.5435],[147.0747,44.5557],[147.0903,44.5636],[147.1091,44.5689],[147.1323,44.5607],[147.1544,44.5601],[147.1646,44.5649],[147.1714,44.5657],[147.1915,44.572],[147.1982,44.5705],[147.2081,44.573],[147.2236,44.5844],[147.2332,44.5931],[147.251,44.5999],[147.2541,44.6092],[147.2591,44.6126],[147.2608,44.6256],[147.2653,44.6367],[147.2829,44.6589],[147.2936,44.6665],[147.3007,44.6682],[147.3075,44.6827],[147.3204,44.6982],[147.3267,44.701],[147.3275,44.7064],[147.3361,44.7149],[147.3461,44.7165],[147.348,44.7203],[147.3596,44.722],[147.3741,44.7328],[147.3753,44.7379],[147.3849,44.7457],[147.3974,44.7493],[147.4116,44.7599],[147.4245,44.7656],[147.4335,44.7655],[147.4399,44.7725],[147.4625,44.7799],[147.474,44.7818],[147.4862,44.7812],[147.4948,44.787],[147.4962,44.7998],[147.5021,44.8051],[147.516,44.8127],[147.5342,44.8165],[147.5406,44.8143],[147.5503,44.8161],[147.552,44.8196],[147.5619,44.824],[147.5649,44.8294],[147.5844,44.8424],[147.5969,44.8533],[147.5982,44.865],[147.605,44.8743],[147.6122,44.8799],[147.6153,44.8886],[147.6228,44.8942],[147.6404,44.9143],[147.65,44.9175],[147.6509,44.9244],[147.6359,44.9262],[147.618,44.9337],[147.611,44.9397],[147.612,44.9489],[147.6169,44.9608],[147.6255,44.9715],[147.6384,44.9837],[147.6544,44.9942],[147.6751,45.0026],[147.6857,45.0052],[147.7062,45.0064],[147.7262,45.0028],[147.7294,44.9952],[147.7275,44.981],[147.7302,44.9768],[147.7435,44.9661],[147.7632,44.9574],[147.7754,44.9504],[147.7848,44.9477],[147.7955,44.9482],[147.8123,44.9519],[147.8381,44.9621],[147.8507,44.9654],[147.8706,44.9655],[147.8781,44.9621],[147.8901,44.9687],[147.8954,44.962],[147.9042,44.961],[147.9113,44.9653],[147.9155,44.9717]]]}},{"type":"Feature","id":"01699","properties":{"id":"01699","code":1699,"name":"01699","name_full":"紗那村","name_ja":"紗那村","name_short_ja":"紗那","center_lonlat":[148.0001,45.1991]},"geometry":{"type":"Polygon","coordinates":[[[147.9155,44.9717],[147.9187,44.9698],[147.9261,44.9819],[147.9347,44.9882],[147.9459,44.99],[147.9519,44.9962],[147.9668,45.0008],[147.9808,45.0022],[147.9884,45.0124],[147.9949,45.0167],[147.9984,45.0244],[148.0067,45.0292],[148.0083,45.0355],[148.0411,45.0653],[148.055,45.067],[148.0618,45.0735],[148.0605,45.0772],[148.0669,45.0863],[148.0754,45.0889],[148.0753,45.0935],[148.0841,45.0991],[148.0996,45.1126],[148.1222,45.1243],[148.1321,45.1265],[148.1442,45.1354],[148.1675,45.1469],[148.1742,45.1465],[148.1825,45.1499],[148.1927,45.1491],[148.1994,45.158],[148.2137,45.1628],[148.2148,45.1691],[148.2402,45.1839],[148.251,45.1877],[148.2638,45.1885],[148.274,45.1952],[148.2783,45.2015],[148.2953,45.2118],[148.3107,45.2185],[148.3241,45.2222],[148.337,45.2226],[148.3469,45.2254],[148.3584,45.2251],[148.366,45.2273],[148.3507,45.2308],[148.35,45.2333],[148.3482,45.2863],[148.3427,45.2911],[148.332,45.2863],[148.2921,45.2761],[148.2718,45.272],[148.2302,45.2654],[148.1664,45.2586],[148.1374,45.2568],[148.1036,45.2567],[148.07,45.2594],[148.0387,45.2663],[148.0295,45.271],[148.0272,45.2794],[148.021,45.2833],[148.0179,45.2893],[148.0087,45.2903],[148.0039,45.3011],[148.0067,45.3085],[148.0025,45.319],[147.9968,45.3237],[147.9952,45.3296],[148.0009,45.3374],[147.984,45.3509],[147.9781,45.3609],[147.9748,45.3726],[147.9691,45.3836],[147.9748,45.3865],[147.9652,45.3954],[147.9618,45.4125],[147.964,45.4203],[147.9568,45.4207],[147.9461,45.4251],[147.942,45.4302],[147.9255,45.438],[147.9043,45.4302],[147.8958,45.4232],[147.8882,45.4133],[147.8773,45.4068],[147.8722,45.3972],[147.8631,45.3869],[147.8585,45.3772],[147.8492,45.367],[147.8554,45.3542],[147.8522,45.3457],[147.8534,45.3382],[147.8588,45.3292],[147.8568,45.3207],[147.8615,45.3159],[147.8657,45.3044],[147.8723,45.2957],[147.867,45.2814],[147.8704,45.2757],[147.8664,45.2645],[147.8796,45.2597],[147.8816,45.2508],[147.8764,45.2418],[147.8678,45.2331],[147.8723,45.2292],[147.8697,45.2241],[147.8614,45.2202],[147.8542,45.2114],[147.8379,45.208],[147.8353,45.2124],[147.8269,45.2174],[147.8155,45.2165],[147.8043,45.2101],[147.7967,45.2081],[147.7794,45.209],[147.7658,45.195],[147.7578,45.1975],[147.7349,45.1937],[147.7307,45.1888],[147.7322,45.1819],[147.7286,45.1767],[147.7213,45.1734],[147.7292,45.1718],[147.917,45.0286],[147.9155,44.9717]]]}},{"type":"Feature","id":"01700","properties":{"id":"01700","code":1700,"name":"01700","name_full":"蘂取村","name_ja":"蘂取村","name_short_ja":"蘂取","center_lonlat":[148.6445,45.4025]},"geometry":{"type":"Polygon","coordinates":[[[148.366,45.2273],[148.3844,45.2295],[148.3911,45.2336],[148.4019,45.2321],[148.4188,45.2445],[148.4342,45.2521],[148.4424,45.2535],[148.4536,45.2493],[148.4611,45.2507],[148.4694,45.2582],[148.4851,45.2611],[148.492,45.2567],[148.5012,45.261],[148.4988,45.2683],[148.5054,45.2789],[148.5176,45.2802],[148.5314,45.2928],[148.5431,45.2964],[148.552,45.304],[148.5573,45.3054],[148.5634,45.312],[148.5737,45.3165],[148.5953,45.3183],[148.596,45.3205],[148.6132,45.3248],[148.6219,45.3309],[148.6431,45.3347],[148.6497,45.3311],[148.6598,45.3334],[148.6789,45.3349],[148.6926,45.3338],[148.7117,45.3362],[148.7257,45.3344],[148.74,45.3376],[148.7555,45.3337],[148.7713,45.3269],[148.7767,45.3226],[148.783,45.3271],[148.7997,45.3349],[148.8177,45.3381],[148.8425,45.3367],[148.8483,45.3457],[148.8419,45.3502],[148.8432,45.3548],[148.8517,45.3574],[148.8565,45.3675],[148.8687,45.3791],[148.8689,45.3845],[148.8755,45.3878],[148.8747,45.3973],[148.8602,45.4088],[148.8523,45.4195],[148.8436,45.4196],[148.8407,45.4238],[148.8286,45.4283],[148.8262,45.441],[148.8271,45.4488],[148.8318,45.4595],[148.8379,45.4633],[148.855,45.4695],[148.8745,45.4746],[148.8905,45.4869],[148.8928,45.5096],[148.8896,45.5178],[148.8773,45.526],[148.8724,45.5318],[148.8566,45.5405],[148.8413,45.5438],[148.8383,45.5507],[148.8293,45.5484],[148.8108,45.5527],[148.7985,45.5523],[148.7845,45.5556],[148.7817,45.5533],[148.7654,45.5546],[148.7549,45.5535],[148.7445,45.5499],[148.7101,45.5416],[148.67,45.5367],[148.66,45.5392],[148.6517,45.5373],[148.6391,45.5226],[148.6415,45.517],[148.6391,45.5088],[148.6236,45.4987],[148.6143,45.498],[148.6068,45.4914],[148.5872,45.4912],[148.5782,45.4894],[148.5655,45.4695],[148.5584,45.4663],[148.5569,45.458],[148.5458,45.4515],[148.5295,45.4497],[148.5207,45.4473],[148.5122,45.4321],[148.4946,45.4213],[148.4862,45.4205],[148.4811,45.4101],[148.4703,45.4],[148.48,45.3862],[148.4754,45.3792],[148.4665,45.3746],[148.4603,45.3766],[148.4551,45.3658],[148.4589,45.3595],[148.448,45.3593],[148.4447,45.3532],[148.4298,45.345],[148.4255,45.3459],[148.4166,45.3366],[148.42,45.3293],[148.4029,45.3275],[148.3931,45.3205],[148.3826,45.3196],[148.3605,45.3094],[148.3518,45.3066],[148.3517,45.3024],[148.3425,45.2963],[148.3427,45.2911],[148.3482,45.2863],[148.35,45.2333],[148.3507,45.2308],[148.366,45.2273]]]}}]}
